:020000040800F2
:100000006854002059010008DD1E0008031500088F
:10001000D91E0008FD040008814D00080000000002
:10002000000000000000000000000000692E000831
:100030008109000800000000FD240008B933000811
:1000400073010008730100087301000873010008C0
:100050007301000873010008D90B00087301000840
:1000600073010008730100087301000873010008A0
:100070007301000873010008730100087301000890
:100080007301000873010008730100087301000880
:100090007301000873010008730100087301000870
:1000A0007301000873010008730100087301000860
:1000B00073010008F1430008730100087301000890
:1000C0007301000873010008730100087301000840
:1000D00073010008854900087301000873010008D6
:1000E0007301000873010008730100087301000820
:1000F0007301000873010008730100087301000810
:1001000073010008730100087301000873010008FF
:1001100073010008730100087301000873010008EF
:1001200073010008730100087301000873010008DF
:1001300073010008730100087301000873010008CF
:10014000DFF810D000F01AF80048004749530008C3
:10015000AFF30080685400200648804706480047F7
:10016000FEE7FEE7FEE7FEE7FEE7FEE7FEE7FEE767
:10017000FEE7FEE7D533000841010008064C074DB5
:1001800006E0E06840F0010394E807009847103467
:10019000AC42F6D3FFF7D8FF001F0308201F030867
:1001A00070B58C1810F8015B15F0070301D110F839
:1001B000013B2A1106D110F8012B03E010F8016B66
:1001C00001F8016B5B1EF9D12B0705D40023521EE9
:1001D0000DD401F8013BFAE710F8013BCB1A921C51
:1001E00003E013F8015B01F8015B521EF9D5A1424F
:1001F000D8D3002070BD000070B50E4805780E48B9
:10020000057003200C4948700020887003210A48BB
:1002100000F076F904460849CC70201208710520D8
:1002200081F83200084690F83220002004F046FDA4
:1002300070BD0000D60F0020EA0F00202DE9F05F0E
:100240002C4807782C4890ED010AF2EE040A20EEC3
:10025000200ABCEEC00A10EE100A84B22046E11754
:1002600004EB1161C1F30728E11704EB11610912D6
:10027000A4EB012101F0FF091F4890ED000AF2EE06
:10028000040A20EE200ABCEEC00A10EE100A85B265
:100290002846E91705EB1161C1F3072AE91705EBB9
:1002A00011610912A5EB012101F0FF0B1348077042
:1002B00003201249487004208870084680F80380A3
:1002C00080F8049080F805A080F806B0072100F0BF
:1002D00017F906460949CE7130120872092081F8D3
:1002E0003200084690F83220002004F0E7FCBDE818
:1002F000F09F0000D60F002080110020EA0F0020A0
:1003000010B5044890F8332000F13401002004F0C7
:10031000D5FC10BDEA0F00202DE9F0418046B8F170
:10032000000F05D14FF6FF7542F2041637460DE077
:10033000B8F1010F05D142F204154FF6FF762F46B2
:1003400004E042F204152E464FF6FF774FF49B73FC
:10035000E0223C21084603F0EFFE002404E028469A
:1003600003F074FF601CC4B2552CF8DBE0231A467E
:1003700094213C2003F0E0FE002404E0284603F032
:1003800065FF601CC4B2582CF8DB4FF49B73E0226D
:100390009421084603F0D0FE002404E0284603F030
:1003A00055FF601CC4B2552CF8DB4FF49B731A4602
:1003B00094213C2003F0C0FE002404E0284603F012
:1003C00045FF601CC4B2582CF8DBCC2375223C21BD
:1003D000084603F0B1FE002404E0304603F036FF87
:1003E000601CC4B2572CF8DB75231A4694213C20BC
:1003F00003F0A2FE002404E0304603F027FF601C57
:10040000C4B2582CF8DBCC2375229421084603F0A3
:1004100093FE002404E0304603F018FF601CC4B2D1
:10042000572CF8DBCC231A4694213C2003F084FEA1
:10043000002404E0304603F009FF601CC4B2582CCD
:10044000F8DB61230A223C21084603F075FE0024F4
:1004500004E0384603F0FAFE601CC4B2572CF8DB07
:100460000A231A4694213C2003F066FE002404E08F
:10047000384603F0EBFE601CC4B2582CF8DB612355
:100480000A229421084603F057FE002404E038466F
:1004900003F0DCFE601CC4B2572CF8DB61231A4663
:1004A00094213C2003F048FE002404E0384603F089
:1004B000CDFE601CC4B2582CF8DBBDE8F08170475B
:1004C00010B502F0EDF803F0DBFE01F04DFCFFF794
:1004D000F6FF01F067FA04F0E8FC02F071FC02F0AC
:1004E00013FA04F049FA03F045FF01F0F8FC00F0BC
:1004F0004BFB01F0D9F901F0D1FC10BD00BFFEE7C4
:1005000070B502460C46FF25FF2309E012F8010BE7
:1005100080EA03010648405C80EA05030548455C23
:10052000201EA4F10106B4B2F0D143EA052070BD4B
:10053000E61C0308E61D030810B501460F4BD878EA
:100540001A7941B1431CDBB218460D4CA45CA3429E
:100550000ADB002008E0031EA0F10104E0B203D191
:10056000074B9B5C5B1ED8B2044BD8700A23034C2C
:10057000E3710123034C637010BD00007011002073
:10058000E11C03086411002070B505460D4804798C
:10059000601CC0B20446052800DB002401200A4983
:1005A0000870084804710A200649C8710749085DA7
:1005B00002F0ECFC01200649887000200549887093
:1005C00070BD0000701100201B010020DC1C03081E
:1005D00064110020250100202DE9F14F86B0AC48C0
:1005E0000079AC4911F80090A9F10400052878D2EF
:1005F000DFE800F0035678A0C9000925A648007876
:1006000006460290642096FBF0F0C0B28DF806001A
:10061000642096FBF0F100FB1160C0B20646039027
:100620000A2096FBF0F0C0B28DF805000A2096FB78
:10063000F0F100FB1160C0B2064604908DF8046032
:100640009348C078022802DD02209149C870904882
:10065000C078022804D102250398C830029013E024
:100660009DF8060002280FDB8948C078012804D1D4
:1006700004250498F030029006E09DF80500042857
:1006800002DB0725F72002904FF0000B0298F728B5
:1006900001DD681EC5B27E48C07801A947188FE009
:1006A00009257D484478A04644460A2098FBF0F18D
:1006B00000FB1140C0B28DF804000A2098FBF0F056
:1006C000C0B28DF805007248C078012802DD012013
:1006D0006F49C8704FF0000B6D48C07801A94718EA
:1006E0006EE06CE009256C488478A04644460A20F8
:1006F00098FBF0F100FB1140C0B28DF804000A2015
:1007000098FBF0F0C0B28DF805006148C078012870
:1007100002DD01205E49C8705D48C078012800D123
:1007200001254FF0000B5A48C07801A9471804F082
:1007300007FC45E009255848C47805940A20059C23
:1007400094FBF0F100FB1140C0B28DF804000A20C8
:10075000059C94FBF0F0C0B28DF805004C48C078C1
:10076000012802DD01204A49C8704948C0780128A3
:1007700000D101254FF0000B4548C07801A947186A
:1007800004F0DEFB1CE00125434804790594007960
:100790008DF804003E48C078012802DD01203C4964
:1007A000C8703B48C078012800D101254FF0000BEC
:1007B0003748C07801A9471804F0C2FB00E000BF29
:1007C00000BF97F800A0069820B10AF1010000F0E0
:1007D000FF0A03E0AAF1010000F0FF0AAA4505DDC7
:1007E000069810B14FF0000A00E0AA4687F800A072
:1007F000B9F1040F13D19DF80600642110FB01F03C
:100800009DF8051001EB810100EB41009DF80410FB
:100810000844C6B2F72E00DDF7261F480670B9F16E
:10082000050F09D19DF804009DF8051001EB810129
:1008300000EB410018494870B9F1060F09D19DF845
:1008400004009DF8051001EB810100EB4100124905
:100850008870B9F1070F09D19DF804009DF80510C3
:1008600001EB810100EB41000B49C870B9F1080FA1
:1008700003D19DF8040008490871002004498870DC
:100880000A20C87101200549487007B0BDE8F08F03
:1008900070110020DC1C0308E00F00206411002010
:1008A000002019E01649095C164A125C914203DDEA
:1008B0001549095C124A11541149095C124A125C2B
:1008C000914203DA1049095C0D4A11540C49095C44
:1008D0000E4A1154411CC8B20528E3DB0849497986
:1008E00001F00F01072905DD0549497901F0F00103
:1008F000034A517102494979044A51717047000015
:10090000D60F0020E61E0308EB1E0308E00F0020B0
:1009100070B5002413E04FF6FF7000EA44260A4940
:10092000701800F0DFFA054642F22830854203DBFA
:100930004FF6FF70854200D103E0601C84B20A2CA0
:10094000E9DB00BF304670BD00F8030810B5094868
:100950000078012803D00848C07A012800D110BDD2
:10096000064890F83300062800DAF8E700F022F88D
:1009700000BFF4E71B01002022110020EA0F002035
:10098000704700B5034603E04FF47A7000F005F8B5
:10099000181EA3F10103F7D100BD07E0002101E01B
:1009A0004A1C91B21529FBDB421E90B20028F5DCEF
:1009B0007047000070B54B4804784B4890F83300FE
:1009C000801E81B248483430FFF79AFD06464648FB
:1009D00090F83300801E444934310D5C424890F851
:1009E0003300401E085C05EB002085B23E4890F8BD
:1009F000340050BB3C4890F83500062825D13A48D1
:100A000090F83300082820D1374890F8370010B903
:100A100001F06CFF65E0344890F83700012860D1A0
:100A20003248007A02285CD00120304908722E48F2
:100A300090F839002E49087001202C4988722D4900
:100A40000871042002F0A2FA4BE0274890F8340025
:100A5000A04246D1F4B3244890F83500032802D0D0
:100A600006283ED112E0204890F8380030B91E48E0
:100A700090F83900012801D1FFF7BEFB1A4890F821
:100A800039000E2801D1FFF7D9FB00BF164890F8B6
:100A90003700C12825D1FFF733FC134890F83910EF
:100AA00090F8380001EB002000EE100AB8EEC00A02
:100AB000F2EE040A80EE201ABCEEC10A10EE100A13
:100AC0000B4948700846407863280ADA084640789F
:100AD000044900E005E0487002F0C8F9052002F082
:100AE00055FA70BDD60F0020EA0F0020CA0F002073
:100AF000E00F00202501002070B506460D488089D2
:100B000000F23F1083B20B488289EF21002003F0EE
:100B100013FB00240AE0002504E0304603F096FBB6
:100B2000681C85B2F02DF8DB601C84B2B4F5A07FA0
:100B3000F1DB70BD4A4C002010B500200849C87296
:100B400008490870C870487088700549C8710872F3
:100B50000449087102F01AFA01F04CF910BD0000C6
:100B6000221100201B01002008B506208DF800008E
:100B700000208DF801008DF8020001208DF803009F
:100B8000684601F0B9F908BD0EB50120ADF80800BE
:100B900002208DF80A0028208DF80B0002A90D48CC
:100BA00000F01EFA0121084601F06AFD0021084606
:100BB00000F0F6F90120009000208DF804001020CC
:100BC0008DF8050001208DF80600684600F02EF82B
:100BD0000EBD00000008014010B5012000F012F821
:100BE00030B1012000F008F804F022FB0149087040
:100BF00010BD00001A010020014908607047000084
:100C000014040140014600200022074B1B6803EA40
:100C10000102054B14331B680B4013B10AB10120CC
:100C200000E000207047000000040140002123493B
:100C30008279002A3AD00A46126803689A430B4622
:100C40001A600A1D126803689A430B1D1A60027924
:100C500011440A6803681A430A60184A0832126885
:100C600003689A43154B08331A601A1D126803680B
:100C70009A43124B0C331A604279102A0ED11A1F74
:100C8000126803681A430D4B08331A601A1D126864
:100C900003681A43094B0C331A600DE00749427987
:100CA00011440A6803681A430A6005E00279114496
:100CB0000A6803689A430A60704700000004014014
:100CC00010B501200D498870C87000200871FFF729
:100CD00033FF00200A4988720A48C07900B910BD64
:100CE000002405E00848005D08490855601CC4B2AE
:100CF000052CF7DB02F0BAF800BFF0E72501002071
:100D0000CA0F002070110020E00F0020D60F002035
:100D100030B504460425B4F1046F24D3681F00F0F5
:100D200004F90546042D1CD12448006840F0020057
:100D300022499039C1F890000846C0F89440D0F894
:100D4000900040F040001D490860681F00F0EDF879
:100D500005461A489038D0F8900020F00200174954
:100D60000860284630BD164800684FF0006101EB6E
:100D70008020401EA0421FD3480000F0C3F8054663
:100D8000042D19D10D489038006940F002000B493C
:100D90009039086108464461006940F040000861EC
:100DA000C80300F0AFF8054604489038006920F009
:100DB00002000249903908612846D3E7902002409A
:100DC000E0F7FF1F04200B49C96801F0010109B1D8
:100DD00001200EE00749C96801F0040109B10220B1
:100DE00007E00449C96801F0100109B1032000E0DF
:100DF000042070470020024004200B49096801F0DC
:100E0000010109B101200EE00749096801F0040160
:100E100009B1022007E00449096801F0100109B195
:100E2000032000E0042070478C2002400348006942
:100E300040F0800001490861704700000020024036
:100E400070B504460D460426B4F1046F1ED34FF46A
:100E5000704000F06AF80646042E15D11F4800685D
:100E600040F001001D49086025804FF4704000F0FB
:100E70005CF8064619489038D0F8900020F0010040
:100E800016499039C1F89000304670BD144800688A
:100E90004FF0006101EB8020401EA0421CD34FF4B4
:100EA000704000F02FF80646042E15D10B489038FC
:100EB000006940F0010009499039086125804FF42C
:100EC000704000F01FF8064604489038006920F092
:100ED00001000249903908613046D6E7902002406F
:100EE000E0F7FF1F014608887047000002480349E9
:100EF000486003484860704723016745002002406E
:100F0000AB89EFCD00B502460423FFF75BFF034634
:100F100003E0FFF757FF0346521E012B01D1002AC1
:100F2000F7D102B90523184600BD00B502460423D7
:100F3000FFF762FF034603E0FFF75EFF0346521E22
:100F4000012B01D1002AF7D102B90523184600BDB3
:100F500030B50346A12921DBA12B0DDBA92B0BDC2E
:100F6000A1F1A100A3F1A104C4EB041505EB441405
:100F700000EB4400504330BDB02B0FDBF72B0DDCF2
:100F8000A1F1A100A3F1B004C4EB041505EB4414D6
:100F900000EB440000F24E305043ECE70020EAE75B
:100FA00030B500228B071C0F0F2303FA04F20B4B02
:100FB0008C1053F824309343084C8D1044F825309E
:100FC00023468C1053F824308C07240F00FA04F4C5
:100FD0002343024C8D1044F8253030BD08000140F9
:100FE0002DE9F041024600250026002000230024C0
:100FF000002791F803C00CF00F0591F803C00CF026
:10100000100CBCF1000F03D091F802C04CEA0505AA
:1010100091F800C0BCF1000F31D0146800202BE023
:101020004FF0010C0CFA00F3B1F800C00CEA030613
:101030009E4220D183004FF00F0C0CFA03F7BC4303
:1010400005FA03FC4CEA040491F803C0BCF1280F34
:1010500006D14FF0010C0CFA00FCC2F814C00AE0F3
:1010600091F803C0BCF1480F05D14FF0010C0CFA08
:1010700000FCC2F810C0401C0828D1D31460B1F89D
:1010800000C0BCF1FF0F34DD546800202EE000F1F9
:10109000080C4FF0010808FA0CF3B1F800C00CEA94
:1010A00003069E4221D183004FF00F0C0CFA03F788
:1010B000BC4305FA03FC4CEA040491F803C0BCF1FC
:1010C000280F05D100F1080C08FA0CF8C2F81480BA
:1010D00091F803C0BCF1480F07D100F1080C4FF0A4
:1010E000010808FA0CF8C2F81080401C0828CED37A
:1010F0005460BDE8F081000010B5B0F5003F7AD033
:1011000037DCB0F5807F77D015DC082875D009DC96
:10111000B0F1004F72D0012871D0022875D0042898
:101120006FD173E010286DD030286CD040286BD080
:10113000C028F5D1D5E0B0F5805F6DD00CDCB0F5FE
:10114000007F77D0B0F5407F75D0B0F5006F73D0D9
:10115000B0F5406FE4D10AE1B0F5804F6DD0B0F545
:10116000C04F6BD0B0F5004F51D0B0F5803FD7D114
:101170004EE0D44BC21A98426FD01DDCB0F1007F14
:101180006CD00CDCB0F5802F44D0B0F5002F44D0EB
:10119000B0F5801F42D0B0F1807FC1D111E1B0F134
:1011A000806F78D06FF080420244002A74D01F2AEA
:1011B00073D03F2AB4D12FE1C34C131BA2426DD090
:1011C0000CDC802A6BD0B2F5C07F69D0B2F5607FAD
:1011D00067D0BE4B1A44002AA2D133E1B3F5802F69
:1011E0007CD0B3F5402F7AD0B3F5A01F78D0B3F5FB
:1011F000E01F95D128E10CE081E00CE02FE01EE03B
:1012000003E05CE139E04DE05AE000BF00BF00BF01
:1012100000BF00BF00BF00BF00BF00BFAC4A5268A4
:101220008243AB4B5A60012903D11A4652680243EC
:101230005A6045E171E07EE08BE0A6E0B3E0A44AAD
:101240005268A44B1A40A24B5A60012904D11A4695
:10125000526842F001025A6032E1DEE0BFE09C4A8F
:1012600052689C4B1A409A4B5A60012904D11A4685
:10127000526842F000425A6022E1954A526822F0D8
:101280003002934B5A60012904D11A46526842F049
:1012900010025A6014E1B0E0BDE0D1E0D3E0BDE05F
:1012A000BDE0CEE08A4A526822F03002884B5A6094
:1012B000012904D11A46526842F030025A60FFE018
:1012C000834A526822F0C002814B5A60012904D13E
:1012D0001A46526842F040025A60F1E0C5E0D2E09E
:1012E000DFE07B4A526822F0C002794B5A60012944
:1012F00004D11A46526842F0C0025A60E0E0744AD3
:10130000526822F44072724B5A60012904D11A4685
:10131000526842F480725A60D2E06D4A526822F4F8
:1013200040726B4B5A60012904D11A46526842F44C
:1013300000725A60C4E0664A526822F44072644BFC
:101340005A60012904D11A46526842F440725A6028
:10135000B6E05F4A526822F440625D4B5A60012950
:1013600004D11A46526842F400625A60A8E0584A12
:10137000526822F44062564B5A60012904D11A4641
:10138000526842F440625A609AE0514A526822F42C
:10139000C0424F4B5A60012904D11A46526842F4A8
:1013A00080425A608CE04A4A526822F4C042484B5C
:1013B0005A60012904D11A46526842F4C0425A6068
:1013C0007EE0434A526822F0E062414B5A600129B4
:1013D00004D11A46526842F080725A6070E03C4A6A
:1013E000526822F0E0623A4B5A60012904D11A4651
:1013F000526842F000725A6062E0354A526822F048
:10140000E062334B5A60012904D11A46526842F017
:1014100080625A6054E000BF00BF00BF00BF2C4A8A
:10142000D269C0F315039A43294BDA61012906D129
:101430001A46D269C0F315031A43254BDA613FE01F
:1014400000BF00BF00BF00BF214AD269C0F315032F
:101450009A431F4BDA61012906D11A46D269C0F3BB
:1014600015031A431A4BDA612AE0194AD26922F4A9
:10147000C012174BDA61012904D11A46D26942F42D
:101480000022DA611CE0124AD26922F4C012104B29
:10149000DA61012904D11A46D26942F48012DA6174
:1014A0000EE00B4AD26922F4C012094BDA6101291D
:1014B00004D11A46D26942F4C012DA6100E000BFDA
:1014C00000BF10BD8000004080FF03008000FEFFD1
:1014D00000000140FEFFFF7F0246002093680B40A2
:1014E0000BB1012000E000207047416170470161AD
:1014F00070474FF6FF710180022181700421C17095
:10150000704700BFFEE700002DE9F04104460E469B
:1015100017464FF00008002020704FF480712748D4
:10152000FFF7E5FF80251FE04FF400712348FFF728
:10153000DEFF0120FFF731FA3846FFF72EFA0320CD
:10154000FFF72BFA4FF480711C48FFF7C5FF10B16D
:101550002078284320704FF400711848FFF7C5FF2A
:101560000120FFF71AFA6D10002DDDDC2EB94FF4C3
:1015700080711248FFF7B9FF04E04FF480710F4803
:10158000FFF7B5FF0120FFF708FA4FF400710B4891
:10159000FFF7ADFF0520FFF700FA4FF40071074891
:1015A000FFF7A3FF4FF480710448FFF7A0FF14205A
:1015B000FFF7F3F94046BDE8F0810000000C014060
:1015C00010B54FF480710F48FFF791FF0120FFF72E
:1015D000E4F94FF400710B48FFF789FF0120FFF792
:1015E000DCF94FF480710748FFF77FFF0A20FFF70F
:1015F000D4F94FF400710348FFF777FF0A20FFF793
:10160000CCF910BD000C014010B54FF400710F482B
:10161000FFF76BFF0120FFF7C0F94FF480710B4813
:10162000FFF763FF0120FFF7B8F94FF40071074897
:10163000FFF75DFF0A20FFF7B0F94FF48071034810
:10164000FFF755FF0A20FFF7A8F910BD000C014075
:1016500070B505460026802421E004EA050028B97B
:101660004FF480711E48FFF740FF04E04FF4807193
:101670001B48FFF73CFF0120FFF78FF94FF4007183
:101680001748FFF734FF0520FFF787F94FF4007183
:101690001348FFF72AFF0120FFF77FF96410002CA1
:1016A000DBDC4FF480710E48FFF721FF4FF400712F
:1016B0000B48FFF71CFF0120FFF76FF94FF4807113
:1016C0000748FFF709FF00B101264FF400710448F5
:1016D000FFF70BFF1420FFF760F9304670BD0000E4
:1016E000000C01402DE9F04104460E4617464FF02C
:1016F00000080020207002212248FFF7F8FE802514
:101700001CE004211F48FFF7F2FE0120FFF745F916
:101710003846FFF742F90320FFF73FF90221194845
:10172000FFF7DAFE10B12078284320700421154815
:10173000FFF7DBFE0120FFF730F96D10002DE0DC34
:1017400026B902210F48FFF7D0FE03E002210D4821
:10175000FFF7CDFE0120FFF720F904210948FFF72C
:10176000C6FE0520FFF719F904210648FFF7BDFE64
:1017700002210448FFF7BBFE1420FFF70EF9404694
:10178000BDE8F0810008014010B502210D48FFF7C7
:10179000AEFE0120FFF701F904210A48FFF7A7FE7A
:1017A0000120FFF7FAF802210648FFF79EFE0A2003
:1017B000FFF7F3F804210348FFF797FE0A20FFF72D
:1017C000ECF810BD0008014070B5054600268024E5
:1017D0001DE004EA050020B902211B48FFF785FE41
:1017E00003E002211848FFF782FE0120FFF7D5F839
:1017F00004211548FFF77BFE0520FFF7CEF80421F2
:101800001148FFF772FE0120FFF7C7F86410002CA3
:10181000DFDC02210C48FFF76AFE04210A48FFF7CB
:1018200066FE0120FFF7B9F802210748FFF754FED2
:1018300000B1012604210448FFF757FE1420FFF7EA
:10184000ACF8304670BD00000008014030B50246DB
:101850000B46FF20002113E0555C684008240BE094
:1018600000F0800525B1312585EA4005E8B201E0A8
:101870004506280E651EECB2002CF1DC4D1CE9B2C9
:101880009942E9DB30BD2DE9F04105460E4614468C
:1018900031462846FFF7DAFF0746A74202D002206A
:1018A000BDE8F0810020FBE708B50620ADF8000098
:1018B00001208DF8020014208DF8030069460248CB
:1018C000FFF78EFB08BD0000000801402DE9FC4138
:1018D00005460E4617463A46002101A8FFF702FFCB
:1018E000044634B9002211460DF10500FFF7FAFE57
:1018F00004462CB9002231466846FFF7F3FE044641
:1019000034B99DF80020022101A8FFF7BCFF04466E
:101910009DF805009DF8041040EA0120288020462B
:10192000BDE8FC81014908707047000052010020A9
:1019300010B5FFF729FF05490978012202EB4101A3
:10194000C8B2FFF741FF0446204610BD52010020F7
:1019500010B50446202C10D006DC012C19D0042C24
:101960001AD0102C1BD104E0402C0ED0802C16D1A4
:1019700007E00120FEF708FE12E00020FEF72CFE33
:101980000EE00120FEF728FE0AE00120FEF7D4FD5C
:1019900006E0FFF795F903E000F03AFE00BF00BF54
:1019A00000BF10BD7047000010B504460848007A1B
:1019B000012808D1074800780749087001F056FA55
:1019C0000220034908722046FFF7C2FF10BD000045
:1019D000CA0F0020E00F0020D60F002070B53C4851
:1019E000407A012800D170BD3A48007900B9FAE781
:1019F00000203849087101F093FA04462046E117A7
:101A000004EB1161C1F30725E6B23148407A0228A0
:101A100037D030488079012833D12E48407CA84205
:101A20002DD125BB2B48407801281AD12948007CAC
:101A300018B92848007C012813D02648007C1028BB
:101A400007D10120244908712249087CFFF7ACFF27
:101A500007E021480079012803D11E49087CFFF7DF
:101A6000A3FF00201B4948700846057407E0194889
:101A7000407820B901201749487008460574154878
:101A800045741348407A03281BD012484079012836
:101A900017D11048C07BB04211D11EB900200D49AA
:101AA00008700CE00B48007848B90B480079012811
:101AB00005D13046FFF778FF012006490870054838
:101AC000C673002003494871887100BF8BE700008E
:101AD000CA0F0020221100202501002000B54B482C
:101AE000037A052B00DB05234948408949F226315A
:101AF000884205D04648408947F2937188423DD1DB
:101B0000C3EBC300434901EB40021078424908701F
:101B1000507848705088488090888880D088C880E5
:101B2000108908815089488190898881032002F0BA
:101B300089FB3949488802F089FB4FF4047002F0B0
:101B400081FB3549888802F081FB40F2112002F0C8
:101B500079FB3149C88802F079FB40F2122002F08B
:101B600071FB2D49088902F071FB40F2132002F04D
:101B700069FB2949488902F069FB46E0C3EBC300D1
:101B8000264901EB400210782349087050784870CC
:101B90005088488090888880D088C88010890881C3
:101BA0005089488190898881362002F04BFB1A4980
:101BB000488802F04BFB2A2002F044FB1649898832
:101BC000081202F043FB1449087902F03FFB124966
:101BD000C988081202F03AFB0F49887902F036FBF7
:101BE0002B2002F02FFB0C490989081202F02EFB72
:101BF0000949087A02F02AFB07494989081202F0CC
:101C000025FB0549887A02F021FB00BDD60F002094
:101C100064110020945400084A4C0020E854000845
:101C200010B549484078C0B94848C07928B94848F3
:101C30000078012801D1FFF743F84448407860B1AB
:101C40004248808948B9002040494870414840785E
:101C500040490870012001F099F93B48407800B9EB
:101C600010BD002201213C4802F008FE0220364946
:101C7000487008460079487101221146364802F042
:101C8000FDFD3148007920B14FF400513348FFF792
:101C90002CFC334804682C4840790A281BD2DFE822
:101CA00000F01A081A1A0B0E1114170500F074FB35
:101CB00014E000F0E1F911E000F060F90EE001F04D
:101CC000B9FA0BE001F054FA08E001F013FB05E06B
:101CD00001F010FA02E000F0CFF900BF00BF204889
:101CE0000068001B1849088108464078022812D174
:101CF000002048708870C8701A484078062802DBB7
:101D00000020184948701048018916484278083068
:101D100020F8121016E01348407818B9062011492F
:101D2000487006E00F484078062802DB01200D4984
:101D30004870054802890B484078401E094908311F
:101D400021F8102000BF8BE76411002070110020E3
:101D50001B0100201201002000040040000C014083
:101D6000584C00203811002008B58020ADF8000044
:101D700002208DF8020010208DF8030069461A48F1
:101D8000FFF72EF92020ADF8000069461748FFF74D
:101D900027F91020ADF8000069461448FFF720F934
:101DA0002020ADF8000069461148FFF719F9082016
:101DB000ADF8000069460C48FFF712F980210A4887
:101DC000FFF793FB20210948FFF78FFB10210748FD
:101DD000FFF78BFB20210648FFF789FB082102480B
:101DE000FFF783FB08BD0000000801400010014020
:101DF0000018014010B500200249087003F02CFAC9
:101E000010BD00001201002010B500F029FD0948A6
:101E1000007858B9002405E00748005D05490855D9
:101E2000601CC4B2052CF7DB01F020F8FEF738FD8A
:101E300010BD0000D60F0020EB1E030838B5044685
:101E4000102C00DD00241048807801281AD10F489A
:101E5000007868B90C48047000780D4901EBC005A2
:101E60000C4800680090D5E9001201F045FB09E03C
:101E700006480478102C00DD0024074931F81400CE
:101E8000FEF73AFE38BD0000641100200200002079
:101E9000B8550008F85600080600002008B5702064
:101EA000ADF8000001208DF8020010208DF803002D
:101EB00069460848FFF794F840210648FFF717FBEA
:101EC00020210448FFF713FB10210248FFF70FFB06
:101ED00008BD00000008014000BFFEE7704710B5D4
:101EE0004FF4A06000F040F802F070FAFEF73CFEFC
:101EF00002F08AFD10BD000070B5002100230F2202
:101F0000C47804B3154C246804F4E064C4F5E064B8
:101F1000210AC1F10403CA40447804FA03F1847829
:101F20001440214309010E4C0678A155047804F0B1
:101F30001F050124AC4005786D11AD0005F1E025C9
:101F4000C5F8004109E0047804F01F050124AC4005
:101F5000044D0678761145F8264070BD0CED00E082
:101F600000E400E080E100E002490143024A116020
:101F7000704700000000FA050CED00E03EB538485F
:101F800004780020029000250A2094FBF0F100FB69
:101F900011403030C0B28DF80800642094FBF0F19D
:101FA00000FB11400A2190FBF1F03030C0B28DF8F7
:101FB0000900642094FBF0F03030C0B28DF80A00C4
:101FC0002748007908B9022500E00A25254800784D
:101FD000A84204D0E8B2FFF731FF22490D70224930
:101FE000C878FEF799F921482149097830F811009D
:101FF00020491F4A127831F81210CDE900109DF8DF
:1020000008200523F321482001F046FE174818490F
:10201000097830F811001749154A127831F8121072
:10202000CDE900109DF8092005238921482001F001
:1020300033FE0E480E49097830F811000D490C4A5C
:10204000127831F81210CDE900109DF80A2005230E
:102050001E21482001F020FE0220024948703EBDAA
:10206000E00F002025010020701100200600002054
:10207000020000202600002070B52DED028B86B0F6
:102080006A4890ED010AB0EE408AB2EE040A28EEEA
:10209000000ABCEEC00A10EE104A90ED000AF2EE03
:1020A000040A20EE200ABCEEC00A10EE105ABCEE64
:1020B000C80A10EE100A86B2002003905C484078EF
:1020C0000A2190FBF1F03030C0B28DF80C00584876
:1020D000407890FBF1F201FB12003030C0B28DF875
:1020E0000D0000F0B1F804A9204602F026FC05A975
:1020F000284602F022FC9DF81000302819D14D48E6
:102100004D49097830F811004C494B4A127831F8A2
:102110001210CDE900109DF81120052384215C20C8
:1021200001F0BAFD84235C22AC21104601F05AFA7A
:1021300016E09DF8100098B13E483F49097830F804
:1021400011003E493C4A127831F812100522022350
:10215000CDE90021029004AA5C21084601F0B0FFFD
:1021600034483549097830F811003449324A127838
:1021700031F81210CDE900109DF813200523B62187
:102180005C2001F089FD4FF6FF70032306226821D1
:102190000090A82002F0DEFF26482749097830F891
:1021A00011002649244A127831F812100022042323
:1021B000CDE90021029005AA0A21B42001F080FF98
:1021C0001C481D49097830F811004FF44071CDE9E1
:1021D00000109DF80C2003230E21762001F05CFDF9
:1021E00014481549097830F811004FF44071CDE9D1
:1021F00000109DF80D2003231E21762001F04CFDD8
:102200000F48C089012803D00E48C078012809D1A1
:102210000C48C178304602F0CFFE00200849C88142
:102220000849C87006B0BDEC028B70BD801100205B
:10223000D60F00200600002002000020260000200B
:10224000584C00202501002038B500244A48D0ED24
:10225000010A4A484078401C00EE100AB8EEC00A55
:10226000F4EEC00AF1EE10FA03D8012044490870D8
:1022700011E04148D0ED010A40484078401C00EE92
:10228000100AB8EEC00AF4EEC00AF1EE10FA02DD50
:1022900000203B4908703B48007898B138480078E6
:1022A00080B93948007908B9002400E00824E0B278
:1022B000FFF7C4FD0121002002F07EFE002031491D
:1022C000087022E02F48007801281ED02C480078A2
:1022D00001281AD12848807A012806D120212B48CC
:1022E000FFF705F90020244988722748007908B9CA
:1022F000012400E00924E0B2FFF7A0FD0121002045
:1023000002F05AFE01201F4908701D48407801283C
:1023100017D11C484078012813D01B48007908B910
:10232000052400E00D241A4800EBC4031948406856
:102330000090D3E9001201F0DFF801201149487044
:1023400018E00F484078A8B90E48407890B10E4880
:10235000007908B9042400E00C240D4800EBC40304
:102360000C4840680090D3E9001201F0C5F8002045
:102370000449487038BD000080110020D60F0020AD
:102380001001002025010020E00F00200010014076
:10239000B8550008F85600082DE9FE414A48008863
:1023A000FEF7AAFB494890F80080012047490870D1
:1023B0004748408947F29371884228D145480078C0
:1023C00020B191245A25C4261E2703E07824AA258B
:1023D00055266E273C4800884FF6FF7101220623E0
:1023E000CDE9002102903CA22946204601F068FE7A
:1023F000354800884DF6DB6100221E23CDE900211F
:10240000029039A23946304601F05AFE56E0304873
:10241000408949F22631884228D12E48007820B1DF
:1024200091245A25C4261E2703E07824AA25552680
:102430006E27254800884FF6FF7101220623CDE95B
:102440000021029024A22946204601F039FE1E48B0
:1024500000884DF6DB6100221E23CDE900210290A9
:1024600021A23946304601F02BFE27E019480078BA
:1024700020B1EB245A25C8261E2703E07824AA257C
:1024800055266E27104800884FF6FF71012206235B
:10249000CDE90021029010A22946204601F010FE4D
:1024A000094800884DF6DB6100221E23CDE900219A
:1024B00002900DA23946304601F002FE034880F832
:1024C0000080BDE8FE810000040000200200002022
:1024D000641100204A4C002048535F436162696EDA
:1024E000657420202020200056312E3030202020FE
:1024F00020323032332D30352D3038007047F0B572
:10250000074627B94FF6FF7542F2041603E042F280
:1025100004154FF6FF7640F22B13B4222C21084607
:1025200001F00AFE002404E0284601F08FFE601C42
:10253000C4B2782CF8DBB4231A46A4212D2001F074
:10254000FBFD002404E0284601F080FE601CC4B2BC
:10255000762CF8DB40F22B13B422A421084601F0BC
:10256000EBFD002404E0284601F070FE601CC4B2BC
:10257000782CF8DB40F22B131A46A4212D2001F011
:10258000DBFD002404E0284601F060FE601CC4B2BC
:10259000762CF8DB8B2314222C21084601F0CCFD8D
:1025A000002404E0304601F051FE601CC4B2782CD7
:1025B000F8DB14231A46A4212D2001F0BDFD0024D0
:1025C00004E0304601F042FE601CC4B2762CF8DB19
:1025D0008B231422A421084601F0AEFD002404E060
:1025E000304601F033FE601CC4B2782CF8DB8B233C
:1025F0001A46A4212D2001F09FFD002404E030465E
:1026000001F024FE601CC4B2762CF8DBF0BD0000A3
:1026100010B5012007498870C87000200871FEF7C6
:102620008BFA0020044988720448C07900B910BDB3
:1026300000BFFCE725010020CA0F00207011002018
:1026400029B1064A52690243044B5A6104E0034A25
:1026500052698243014B5A617047000000100240EA
:1026600029B1064AD2690243044BDA6104E0034A05
:10267000D2698243014BDA617047000000100240CA
:1026800029B1064A92690243044B9A6104E0034A65
:1026900092698243014B9A6170470000001002402A
:1026A00010B54FF4803000F0B5F801210802FFF7B3
:1026B000C7FF01210448FFF7D3FF012144F67D0045
:1026C000FFF7DEFF10BD000003000018F0B5002288
:1026D000002100240023484D6D6805F00C0222B152
:1026E000042A05D0082A3ED105E0444D05603DE0AE
:1026F000424D05603AE0404D6D6805F480343E4D32
:102700006D683F4E05EA060101F0C04535B901F498
:102710007015B5F5701F01D0022500E0012501F00C
:10272000C046C1F3834747EA5666A9191CB9354D1F
:102730004D4305600BE0304D6D6805F400351DB16B
:10274000304D4D43056002E02C4D4D4305602A4D50
:102750006D6805F000452DB92B4E0568B54201D9CD
:102760003546056002E0254D056000BF00BF224DE3
:102770006D68C5F30212204D6D6805F0800515B136
:10278000224DAD5C00E000252B460568DD4045602C
:10279000194D6D68C5F30122174D6D6805F480650C
:1027A00015B11A4DAD5C00E000252B464568DD40B3
:1027B0008560114D6D68C5F3C1220F4D6D6805F43C
:1027C000005515B1114DAD5C00E000252B46456864
:1027D000DD40C560084D6D68C5F38132064D6D68FA
:1027E00005F080550DB142F00402094DAB5CC5689F
:1027F000B5FBF3F50561F0BD0010024000127A0050
:1028000000003C6000093D0000A24A04F01E0308DD
:10281000F81E03081149096821F480310F4A11603C
:102820001146096821F480211160B0F5803F03D082
:10283000B0F5802F0ED106E00849096841F48031D7
:10284000064A116007E00549096841F4A021034ADE
:10285000116000E000BF00BF7047000000100240A0
:102860002DE9F04700250026A846FEF73FFBFEF7BE
:102870004FF88146484602F097FCFEF7D7FA00244D
:1028800011E01849A01C31F81000454004F1220065
:1028900031F81000464004F1420031F8100080EA9F
:1028A0000808601C84B2062CEBDB002415E025B977
:1028B0000C49A01C31F810700BE02EB9094904F145
:1028C000220031F8107004E0064904F1420031F8AA
:1028D000107005490F55601C84B2062CE7DBBDE87B
:1028E000F0870000684C0020D60F002010B5FEF7DE
:1028F00023F902F063FD00200249087000F0B6FAE7
:1029000010BD0000D60F002008B54FF44070ADF8A0
:10291000000001208DF8020014208DF803006946A4
:102920000148FEF75DFB08BD000C014038B50446C8
:10293000204600F077F9684600F03AFA0546012192
:10294000002000F075F938BD10B54420FFF7EEFF08
:1029500010BD30B502460B46FF20002113E0555C48
:10296000684008240BE000F0800525B1312585EA98
:102970004005E8B201E04506280E651EECB2002CC9
:10298000F1DC4D1CE9B29942E9DB30BD2B49897875
:102990000A2918DB00EE100AB8EE400ADFED280A1B
:1029A00020EE200A9FED271AC0EE010A23498978FC
:1029B00000EE101AB8EE400A30EE800AF2EE040A79
:1029C00030EE600A70471D498978002934DB1B49C5
:1029D00089780A2930DA00EE100AB8EE400ADFEDF5
:1029E000180A20EE200A9FED171AC0EE010A1349BB
:1029F000897800EE101AB8EE400A30EEC00AB5EE43
:102A0000C00AF1EE10FA02D89FED0F0ADAE700EEE5
:102A1000100AB8EE400ADFED0A0A20EE200A9FED08
:102A2000091AC0EE010A0549897800EE101AB8EEBD
:102A3000400A30EEC00AC5E700BFC3E7E00F002040
:102A40000000C84200FF7F47000000003149C978FC
:102A50000A291CDB00EE100AB8EE400ADFED2E0A50
:102A600020EE200A9FED2D1AC0EE010A9FED2C0AE0
:102A700070EEC00A2749C97800EE101AB8EE400A75
:102A800030EE800AF2EE040A30EE600A7047214907
:102A9000C97800293CDB1F49C9780A2938DA00EED9
:102AA000100AB8EE400ADFED1C0A20EE200ADFED26
:102AB0001B0A80EE201A9FED1A0A71EE400A154992
:102AC000C97800EE101AB8EE400A30EEC00AB5EE32
:102AD000C00AF1EE10FA02D89FED120AD6E700EE16
:102AE000100AB8EE400ADFED0C0A20EE200ADFEDF6
:102AF0000B0A80EE201A9FED0A0A71EE400A054982
:102B0000C97800EE101AB8EE400A30EEC00ABDE7F0
:102B100000BFBBE7E00F002000002F4300FF7F470E
:102B200000003442000000002DE9F04105460E4649
:102B3000144631462846FFF70CFF0746A74202D04D
:102B40000220BDE8F0810020FBE72DE9FC410546AD
:102B50000E4617463A46002101A8FEF7D5FC04466A
:102B600034B9002211460DF10500FEF7CDFC0446F4
:102B70002CB9002231466846FEF7C6FC044634B93B
:102B80009DF80020022101A8FFF7CEFF04469DF822
:102B900005009DF8041040EA012028802046BDE889
:102BA000FC8100007CB505460E4600F0E7F80446BF
:102BB00024B94FF4604000F0EFF8044614B900F077
:102BC000CDF804462CB90022114601A8FFF7BDFF3D
:102BD00004462CB9002201216846FFF7B6FF0446DF
:102BE0009CB9BDF80400FFF731FF85ED000A95EDB3
:102BF000000AF2EE040A30EE600A85ED000ABDF824
:102C00000000FFF7C3FE86ED000AFEF7FDFC044856
:102C1000807A012802D0012000F0B8F920467CBD5E
:102C2000CA0F002001490870704700004F010020C2
:102C300070B506460D4600F0A1F80446002C72D18E
:102C4000002E57D0012E2BD0022E7FD1052D22D25F
:102C5000DFE805F003090F151B0042F22F0000F01A
:102C60009BF804431AE042F22D1000F095F804435B
:102C700014E042F22B2000F08FF804430EE042F201
:102C8000293000F089F8044308E042F22A7000F08D
:102C900083F8044302E044F0800400BF00BF58E022
:102CA000052D22D2DFE805F003090F151B0042F2C3
:102CB000240000F071F804431AE042F2261000F0FC
:102CC0006BF8044314E042F2202000F065F804435E
:102CD0000EE042F2223000F05FF8044308E042F2D6
:102CE000217000F059F8044302E044F0800400BF72
:102CF00000BF2EE0052D24D2DFE805F003090F17F1
:102D00001D0042F2320000F047F804431CE042F29A
:102D1000301000F041F8044316E042F2362000F093
:102D20003BF8044310E015E010E042F2343000F0CC
:102D300033F8044308E042F2377000F02DF8044302
:102D400002E044F0800400BF00BF02E044F08004D1
:102D500000BF00BFFEF758FC204670BD10B5FEF75F
:102D60002FFC05490978012202EB4101C8B2FEF7A8
:102D70006FFC0446204610BD4F01002010B5FEF741
:102D80001FFC044909784906080EFEF761FC044659
:102D9000204610BD4F01002070B504462012FEF7FA
:102DA00057FC0546E0B2FEF753FC0543284670BDCC
:102DB00070B50546FFF7E2FF0446204670BD0000EF
:102DC00008B501210D20FFF75BFC6846FEF791FB7B
:102DD0004FF4C850ADF8000002208DF80200182012
:102DE0008DF8030069461948FEF7FAF8C220ADF8DD
:102DF000000069461648FEF7F3F801211548FEF772
:102E00007BF901211448FEF777F902201349086085
:102E100000BF1248001D006800F001000028F8D132
:102E20000F480E49091F08600E480C498839C1F83F
:102E3000840000BF09480830006800F080000028C6
:102E4000F8D106491031086008BD000000080140B3
:102E5000000C014000002040000400408820024097
:102E600023016745AB89EFCD704700002DE9F041A4
:102E70000026FDF715FD00240EE02648055D6E4096
:102E80002549A01C21F81050203021F81050203086
:102E900021F81050601C84B2052CEEDB1E48C68160
:102EA000A0F84E60A0F88E60FDF732FD0746384668
:102EB00002F07AF900241DE01749A01C31F8101027
:102EC000164A32F81000814211D1134904F1220050
:102ED00031F8101032F81000814208D10E4904F187
:102EE000420031F8101032F81000814200D003E0A7
:102EF000601C84B2062CDFDB00BF062C07DA074813
:102F00000088401C04490880384602F063F9BDE897
:102F1000F0810000D60F0020684E0020684C002091
:102F20001848C27B417C4079012805D1002216480F
:102F30000078082800D101221248807901281DD18B
:102F4000002111480078102801D1102116E00E4808
:102F50000078022801D1202110E00B4800780128D8
:102F600001D180210AE008480078202801D14021C1
:102F700004E005480078042800D1042102EB012078
:102F800080B27047221100201A01002017494978A9
:102F9000022903D10321154A517002E00121134A8D
:102FA00051700121114A91700021114A5170117024
:102FB000D17091700F494A784978491C0D4B59706E
:102FC000052A02DB00211A46517000F07F01074AF2
:102FD000117108494A78891C885407490A680549CB
:102FE0004B78143141F82320704700006411002011
:102FF0008C11002038110020584C002010B500F032
:1030000001F810BD1CB50020019000903648006802
:1030100040F480303449086000BF3348006800F451
:10302000003000900198401C0190009818B9019858
:10303000B0F5405FF1D141F2883001F0A3FE2A489B
:10304000006800F4003010B10120009001E0002081
:1030500000900098012845D12348406822494860E3
:103060000846406820F4605048600846406840F4D4
:10307000005048600846406820F4E0604860084618
:10308000406840F48060486008464068174908403E
:103090001549486008464068154908431249486088
:1030A0000846006840F08070086000BF0E48006865
:1030B00000F000700028F9D00B48406820F00300B1
:1030C000094948600846406840F00200486000BF77
:1030D0000548406800F00C000828F9D14FF4FA7058
:1030E00001F050FE1CBD000000100240FFFFC01F99
:1030F000000021A03EB51848057900200290102458
:103100000A2095FBF0F100FB11503030C0B2029064
:1031100012480078A04204D0E0B2FEF78FFE0F49BB
:103120000C700F49C878FFF7EAF90E480E49097884
:1031300030F811000D490C4A127831F81210CDE91F
:1031400000109DF808200523DC21482000F0A4FD94
:103150000220024948703EBDE00F002025010020FA
:103160007011002006000020020000202600002030
:103170003EB52A488578002002900A2D03DA2D20DA
:103180008DF8090002E02B208DF809000A2095FB3C
:10319000F0F100FB11503030C0B28DF8080000246F
:1031A0001E48007908B9062400E00E241C48007867
:1031B000A04204D0E0B2FEF741FE19490C70194953
:1031C000C878FFF79CF918481849097830F81100B9
:1031D0001749164A127831F81210CDE900109DF8FF
:1031E00008200523DC21482000F056FD0E480F4939
:1031F000097830F811000E490C4A127831F8121093
:10320000CDE900109DF8092005233C21482000F05D
:1032100043FD0220024948703EBD0000E00F00203F
:10322000250100207011002006000020020000206F
:10323000260000203EB529484578002002900A204B
:1032400095FBF0F03030C0B28DF809000A2095FBF4
:10325000F0F100FB11503030C0B28DF808000024AE
:103260001E48007908B9032400E00B241C480078AC
:10327000A04204D0E0B2FEF7E1FD19490C701949F3
:10328000C878FFF73CF918481849097830F8110058
:103290001749164A127831F81210CDE900109DF83E
:1032A00008200523DC21482000F0F6FC0E480F49D9
:1032B000097830F811000E490C4A127831F81210D2
:1032C000CDE900109DF8092005233C21482000F09D
:1032D000E3FC0220024948703EBD0000E00F0020E0
:1032E00025010020701100200600002002000020AF
:1032F000260000203EB52A48C578002002900A2DFD
:1033000003DA2D208DF8090002E02B208DF809004A
:103310000A2095FBF0F100FB11503030C0B28DF85F
:10332000080000241E48007908B9072400E00F2493
:103330001C480078A04204D0E0B2FEF77FFD194996
:103340000C701949C878FFF7DAF818481849097855
:1033500030F811001749164A127831F81210CDE9E9
:1033600000109DF808200523DC21482000F094FC83
:103370000E480F49097830F811000E490C4A1278AE
:1033800031F81210CDE900109DF8092005233C21E9
:10339000482000F081FC0220024948703EBD000038
:1033A000E00F002025010020701100200600002001
:1033B000020000202600002005480079012803D1E2
:1033C00000200349087102E001200149087170479B
:1033D0002001002010B51A48006840F47000184918
:1033E00008601848006840F0010016490860084667
:1033F0004068154908401349486008460068134969
:103400000840104908600846006820F480200860E1
:10341000084640680E4908400A4948600846006B63
:103420000C490840074908634FF41F008860FFF704
:10343000E5FD4FF0006002498039086010BD0000D2
:1034400088ED00E0001002400C00FFE8FFFFF6FEF0
:10345000FFFF001700FFFEFE10B501202149487252
:10346000FEF7D2FC00F0F8FE80211F48FEF73FF87F
:103470004FF47A70FDF785FA80211B48FEF735F886
:1034800020211A48FEF733F84FF47A70FDF779FAE5
:1034900020211648FEF729F810211448FEF727F8D6
:1034A0004FF47A70FDF76DFA10211048FEF71DF801
:1034B00008210D48FEF71BF84FF47A70FDF761FA0A
:1034C00008210948FEF711F800200649C871487222
:1034D000074908704FF47A7006498880FDF72CFB85
:1034E00010BD0000CA0F002000080140001001407C
:1034F0000A0D0020584C00202DE9F74F82B03848C3
:10350000007818B3BDF80A0035498989084485B2A6
:10351000BDF80A00324989890844BDF80E100844F4
:1035200086B2BDF80870BDF80800BDF80C1008445C
:103530001FFA80F8BDF80CA0701E83B2A8F101003C
:1035400081B22A46384600F0F7FD1BE0BDF808506E
:10355000BDF80800BDF80C10084486B2BDF80A702A
:10356000BDF80A00BDF80E1008441FFA80F8BDF837
:103570000CA0A8F1010083B2701E81B23A46284621
:1035800000F0DAFD049800F1036000904FF00009AC
:103590001FE009FB0AF00190002413E0204604EB31
:1035A000D0714910A4EB410121B901982044009940
:1035B00051F810B01FFA8BF000F048FE4FEA1B4B99
:1035C000601C84B2701BA042E8DC09F101001FFA04
:1035D00080F9A8EB07004845DBDC05B0BDE8F08FBB
:1035E0004A4C00202DE9F84F05460E4690461F46EE
:1035F0002A4800782A4901EBC000406800F10360C6
:103600000090B54201DAB84501DBBDE8F88F2548E6
:10361000007840B1701E83B2781E81B22A464046BF
:1036200000F08AFD07E0781E83B2701E81B2424628
:10363000284600F081FDC1462CE000BFC9EB09100F
:1036400005EB001B00241EE01748007890B92046C7
:1036500004EBD0714910A4EB410121B90BEB04003C
:10366000009951F810A01FFA8AF000F0EFFD4FEA20
:103670001A4A06E00D490C4A127831F8120000F09F
:10368000E5FD601C84B2701BA042DDDC09F1010085
:103690001FFA80F9B945D0DB00BFB6E764110020FE
:1036A000B85500084A4C0020020000200600002007
:1036B00010B54FF48051FE48FDF719FF0A20FDF7C1
:1036C00060F94FF48051FA48FDF70FFF6420FDF7D1
:1036D00058F94FF48051F648FDF709FF4FF4FA709E
:1036E000FDF74FF9F348408947F2937188427CD146
:1036F000012000F0A7FD4FF4807000F0A7FDFEF759
:10370000EDF9902000F09EFD4FF4004000F09EFD8A
:103710004FF4806000F096FD4FF4C44000F096FD39
:1037200040F2014000F08EFD002000F08FFD40F2DD
:10373000044000F087FD002000F088FDFF2000F02D
:1037400081FD012000F082FD4FF4817000F07AFDD0
:103750004FF4D87000F07AFD4FF4E26000F072FD93
:10376000102000F073FD40F2127000F06BFD0F208E
:1037700000F06CFD40F2527000F064FD2F2000F06C
:1037800065FD0220FDF7FDF84FF4607000F05AFD72
:1037900040F2031000F05AFD40F2813000F052FD7B
:1037A00045F61B4000F052FD40F2823000F04AFD29
:1037B00040F6013000F04AFD40F2833000F042FD57
:1037C00040F2156000F042FD4FF4617000F03AFDE8
:1037D00040F2111000F03AFD40F2853000F032FD69
:1037E00040F2031000F032FD00E045E040F2863088
:1037F00000F028FD49F6174000F028FD40F2873020
:1038000000F020FD40F2076000F020FD4FF46270F0
:1038100000F018FD40F2146000F018FD40F289300D
:1038200000F010FD40F2111000F010FD40F20270A7
:1038300000F008FD572000F009FDFF2000F002FD18
:10384000002000F003FD072000F0FCFC4FF4807026
:1038500000F0FCFC0620FDF794F84FF4007000F037
:10386000F1FC002000F0F2FC40F2012000F0EAFC44
:10387000002000F0EBFC0DE28E48408949F2263131
:1038800088427CD140F2027000F0DCFC43F2080078
:1038900000F0DCFC40F2057000F0D4FC362000F0B3
:1038A000D5FC40F20B7000F0CDFC41F2132000F08B
:1038B000CDFC012000F0C6FC4FF4807000F0C6FC87
:1038C000022000F0BFFC4FF4807000F0BFFCFEF758
:1038D00005F9902000F0B6FC4FF4004000F0B6FC73
:1038E000082000F0AFFC40F2022000F0AFFC0920FD
:1038F00000F0A8FC002000F0A9FC0C2000F0A2FCC5
:10390000002000F0A3FC0F2000F09CFC002000F041
:103910009DFC4FF4807000F095FC002000F096FCB8
:103920004FF4817000F08EFC002000F08FFC40F21C
:10393000031000F087FC002000F088FC1420FDF745
:1039400020F84FF4807000F07DFC41F2901000F000
:103950007DFC40F2011000F075FC40F2272000F0E1
:1039600075FC0520FDF70DF84FF4817000F06AFC3E
:103970009F2000F06BFC0520FDF703F800E0C9E094
:1039800040F2031000F05EFC4FF4345000F05EFC97
:1039900040F2812000F056FC0E2000F057FC05207C
:1039A000FCF7EFFF4FF4007000F04CFC002000F03B
:1039B0004DFC40F2012000F045FC002000F046FCE8
:1039C0004FF4407000F03EFC002000F03FFC40F25D
:1039D000013000F037FC40F2077000F037FC40F295
:1039E000023000F02FFC40F2066000F02FFC40F2A5
:1039F000053000F027FC002000F028FC40F20630E3
:103A000000F020FC4FF4506000F020FC40F2073042
:103A100000F018FC40F2067000F018FC4FF4427001
:103A200000F010FC052000F011FC40F2093000F01D
:103A300009FC072000F00AFC4FF4437000F002FC80
:103A4000002000F003FC40F20D3000F0FBFB0A20E8
:103A500000F0FCFB4FF4806000F0F4FB4FF44450A6
:103A600000F0F4FB40F2014000F0ECFB012000F01C
:103A7000EDFB40F2044000F0E5FB002000F0E6FB27
:103A80004FF4A06000F0DEFB002000F0DFFB40F20E
:103A9000015000F0D7FB002000F0D8FB40F20250AC
:103AA00000F0D0FB002000F0D1FB40F2035003E017
:103AB000000C01406411002000F0C4FB002000F065
:103AC000C5FB40F2045000F0BDFB002000F0BEFB3F
:103AD00040F2055000F0B6FB002000F0B7FB1020CC
:103AE00000F0B0FB102000F0B1FB112000F0AAFBA9
:103AF0004FF4C06000F0AAFB202000F0A3FB0220DE
:103B000000F0A4FB072000F09DFB40F2731000F0D2
:103B10009DFBBFE0112000F095FB7820FCF731FF02
:103B2000362000F08FFBC02000F090FB3A2000F020
:103B300089FB552000F08AFBB22000F083FB0C20AB
:103B400000F084FB0C2000F081FB002000F07EFBE5
:103B5000332000F07BFB332000F078FBB72000F02F
:103B600071FB462000F072FBBB2000F06BFB1B20BA
:103B700000F06CFBC02000F065FB2C2000F066FB21
:103B8000C22000F05FFB012000F060FBC32000F0CA
:103B900059FB0F2000F05AFBC42000F053FB2020FB
:103BA00000F054FBC62000F04DFB0F2000F04EFB50
:103BB000D02000F047FBA42000F048FBA12000F03B
:103BC00045FBD62000F03EFBA12000F03FFBE020AB
:103BD00000F038FBF02000F039FB002000F036FB4D
:103BE000062000F033FB042000F030FB052000F03D
:103BF0002DFB052000F02AFB312000F027FB44209C
:103C000000F024FB482000F021FB362000F01EFBD2
:103C1000122000F01BFB122000F018FB2B2000F0FC
:103C200015FB342000F012FBE12000F00BFBF0202C
:103C300000F00CFB0B2000F009FB0F2000F006FB4E
:103C40000F2000F003FB0D2000F000FB262000F009
:103C5000FDFA312000F0FAFA432000F0F7FA47208D
:103C600000F0F4FA382000F0F1FA142000F0EEFA37
:103C7000142000F0EBFA2C2000F0E8FA322000F0DB
:103C8000E5FA212000F0DEFA292000F0DBFA2C20F2
:103C900000F0D8FA10BD00002DE9FF4F89B0894629
:103CA00014469B460020029084480078844901EB2A
:103CB000C000406800F103600090824800EBCB0038
:103CC000407806907F4800EBCB0040680490202CA1
:103CD00000DA2024A4F12000C4B2BBF1080F37D2CF
:103CE000DFE80BF0050C131A0421282F00BF7648DB
:103CF00010F8345000EBC400466830E0734810F808
:103D0000345000EBC400466829E0714810F8345084
:103D100000EBC400466822E06E4810F8345000EB17
:103D2000C40046681BE06C4810F8345000EBC40037
:103D3000466814E0694810F8345000EBC400466847
:103D40000DE0674810F8345000EBC400466806E008
:103D50005D4810F8345000EBC400466800BF00BF57
:103D60000698C11700EB5171C1F3CF0805FB08F0AD
:103D700080B20790049806FB08000490002712E028
:103D800097FBF5F005FB107000FB088197FBF5F041
:103D9000401C081A80B203900498C15D514A0398F0
:103DA0001154781C87B207988742E9DB0699099875
:103DB000084480B2059009EB05001FFA80FA4A48D2
:103DC0000078E0B14848808900F5A07005998842E4
:103DD00005DC4548808900F5A07080B20590BAF1F5
:103DE000F00F01DB4FF0F00A0598401E83B2AAF1F4
:103DF000010081B24846099A00F09EF913E0059847
:103E0000F02801DBF0200590BAF5A07F01DB4FF42C
:103E1000A07AAAF1010083B20598401E81B24A46F9
:103E2000099800F089F9002008903EE0089800FB0E
:103E300008F080B2039008984844C0EB001109983C
:103E400000EB011600272AE0039838442549085C56
:103E50000290002007901DE007990298084100F0A9
:103E6000010018B1169800F0F1F90EE01F48007833
:103E700018B1179800F0EAF907E0009850F816100A
:103E80000191019988B200F0E1F9761C0798401C75
:103E900080B2079007980828DEDB781C87B2474578
:103EA000D2DB0898401C80B20890AAEB0901089860
:103EB0008142BBDC28460DB0BDE8F08F64110020C4
:103EC000B85500089C4C01086C0301084C280108F7
:103ED000BC300108A44901082CCC000840F40008BB
:103EE000B0550008740100204A4C00200200002058
:103EF0002DE9FF4F87B00E466B4800786B4901EB08
:103F0000C000406800F10360009069490A9831F8E8
:103F100030900A9801EBC000408804900A9801EBA9
:103F2000C000406803900498C11700EB51714FEA3C
:103F3000E10A09FB0AF085B2099A517810782A46FD
:103F4000FDF706F8039908440390039800F1036015
:103F5000039000241FE0E11704EB91718910A4EB9A
:103F6000810111B903980059019094FBF9F009FB04
:103F7000104000FB0AA194FBF9F0401C081A80B223
:103F800006900198C1B24B4A069811540198000A54
:103F90000190601C84B2AC42DDDB049907980844B0
:103FA0001FFA80FB06EB090087B243480078C0B1D6
:103FB0004148808900F5A070584505DC3E4880895D
:103FC00000F5A0701FFA80FBF02F00DBF027ABF1AB
:103FD000010083B2781E81B23046079A00F0ACF837
:103FE00012E0BBF1F00F01DB4FF0F00BB7F5A07F53
:103FF00001DB4FF4A077781E83B2ABF1010081B2F0
:104000003246079800F098F84FF0000845E008FBAA
:104010000AF080B2069006EB0800C0EB001107988A
:1040200000EB01100290002431E006982044214961
:10403000085C0590002526E00598284100F0010065
:1040400018B1149800F002F915E01C48007818B176
:10405000159800F0FBF80EE00099029851F8100056
:10406000019005F0010010B10198000C0190019938
:1040700088B200F0EBF805F0010010B10298401C86
:104080000290681C85B2082DD6DB601C84B25445B2
:10409000CBDB08F101001FFA80F8B81B4045B6DC05
:1040A00048460BB0BDE8F08F64110020B8550008F9
:1040B0001C570008740100204A4C00200200002018
:1040C0002DE9FE4F06460F4614469846DDE90D9A47
:1040D0003D4602964FF0000B27E0207800B926E01D
:1040E000207880280DDACDE9009A227829460C9BA9
:1040F0000298FFF7D1FD284485B2B5F5A07F0FDB0C
:1041000015E0CDE9009A224629460C9B0298FFF75C
:10411000EFFE284485B2B5F5A07F00DB07E0641C04
:10412000641C0BF101001FFA80FBC345D5DB00BF07
:104130002846BDE8FE8F000030B505460C463F48D6
:10414000408949F22631884205D03C48408947F2EF
:10415000937188422ED14FF4047000F073F8284612
:1041600000F074F840F2112000F06CF8204600F0E6
:104170006DF840F2122000F065F8104600F066F885
:1041800040F2132000F05EF8184600F05FF84FF49C
:10419000007000F057F8002000F058F840F20120BD
:1041A00000F050F8002000F051F840F2022000F03A
:1041B00049F842E022480078F0B12A2000F042F8A5
:1041C000101200F043F8D0B200F040F8181200F0DE
:1041D0003DF8D8B200F03AF82B2000F033F828125E
:1041E00000F034F8E8B200F031F8201200F02EF8B8
:1041F000E0B200F02BF81DE02A2000F023F828128E
:1042000000F024F8E8B200F021F8201200F01EF8C7
:10421000E0B200F01BF82B2000F014F8101200F0B0
:1042200015F8D0B200F012F8181200F00FF8D8B25A
:1042300000F00CF82C2000F005F830BD64110020CF
:104240004A4C00204FF0C041088070470149088067
:10425000704700000000026010B53220FCF791FBAF
:10426000FFF726FA0020FCF747FCA020FCF789FBAB
:104270004FF400510148FDF738F910BD000C014022
:1042800008B54FF40050ADF8000010208DF8030081
:1042900002208DF8020069463348FCF7A1FE4FF674
:1042A0008070ADF8000018208DF8030002208DF812
:1042B000020069462D48FCF793FE4CF20370ADF8FE
:1042C000000018208DF8030002208DF802006946D6
:1042D0002748FCF785FE4FF48050ADF80000102011
:1042E0008DF8030002208DF8020069461E48FCF795
:1042F00077FE4FF40060ADF8000018208DF8030041
:1043000002208DF8020069461948FCF769FE8020FA
:10431000ADF8000018208DF8030002208DF802008F
:1043200069461348FCF75CFE2020ADF80000182019
:104330008DF8030002208DF8020069460C48FCF756
:104340004FFE1020ADF8000018208DF80300022069
:104350008DF8020069460648FCF742FE4FF4005112
:104360000148FDF7C4F808BD000C014000180140E9
:10437000001401401FB5124800681249B0FBF1F06B
:10438000401E84B2684600F0CFFA4FF47A70029073
:10439000ADF800400020ADF80C00019069460A48D5
:1043A00000F076FA0121084800F048FA012211468F
:1043B000054800F063FA0121034800F042FA1FBDEE
:1043C0006001002040420F000004004008B51D209D
:1043D0008DF8000001208DF8010000208DF802000A
:1043E00001208DF803006846FDF786FD08BD00003A
:1043F00010B50121F44800F030FA00287ED0F348CF
:104400000068401CF14908600121EF4800F016FAED
:10441000EF480068401CEE49086008468068401C70
:10442000886008468068B0F57A7F0ED3E9488078C6
:10443000012803D1E849081FFEF7B4FB0020E44936
:10444000886008468089401C8881E14880893C2832
:1044500004DB0020DE4988810120C881DF4890F814
:104460003300A8B1DD4890F8341190F83401401EB3
:10447000DA4A82F8340159B90120114681F8350130
:10448000FCF764FA0020D54981F8350181F8330042
:10449000D348407BA8B1D248407B401ED0494873E6
:1044A000D0484078022816D00846407B052190FB72
:1044B000F1F201FB120070B90120C949087148717D
:1044C00009E0C8484078022805D01F20C449487335
:1044D000012008718871FDF781FAC348C08820B1B6
:1044E000C148C088401EC049C880C048408920B12A
:1044F000BE484089401EBD49488100E0B4E0BC4848
:10450000C08820B1BA48C088401EB949C880B049A7
:104510008888411EAE4A918018BB4FF47A701146CC
:1045200088802021B348FCF7E0FF8021B248FCF7E7
:10453000DCFF0821B048FCF7D8FF1021AD48FCF79C
:10454000D4FFAA48C07920B1A848C079401EA74925
:10455000C871A648808920B1A4488089401EA3491B
:104560008881A648007800287ED09B48001F90EDE7
:10457000010AB5EEC00AF1EE10FAF5D0A0480078B5
:1045800020B1012829D0022826D196E09248001FA8
:10459000D0ED010A9B484078C01C00EE100AB8EE2E
:1045A000C00AF4EEC00AF1EE10FA12DB012000F0AE
:1045B0002FFE864800684EF6602188420CD300200A
:1045C00000F026FE01208E49087000207F49086017
:1045D00002E001208A490870F4E08B480078012845
:1045E0000BD17D48001F90ED010ABDEEC00A87483F
:1045F00080ED000A0020844908707748001FD0ED44
:10460000010A80484078401E00EE100AB8EEC00A49
:10461000F4EEC00AF1EE10FA06D2002000F0F8FD28
:1046200000206A49086047E06B48001FD0ED010A8E
:1046300074484078801C00EE100AB8EEC00AF4EE10
:10464000C00AF1EE10FA37DD6348001F90ED010A51
:10465000BDEEC00A10EE100A6C49096888421FDBE3
:104660006B480068401C00E0ADE0694908600846FE
:104670000068684988421FD900206549086000F039
:10468000C7FD012000F07AFE00205049086002209A
:104690005B49087001205C4908705F4908700BE0B5
:1046A0004D48001F90ED010ABDEEC00A574880ED4D
:1046B000000A00205649086084E020214E48FCF79B
:1046C0000BFF10B9002000F0A3FD01204249091F93
:1046D00088723E480068514988420BD350480078A0
:1046E000012807D100F05AFE00204D4908703749D3
:1046F000086066E0354800684EF6602188420ED3B7
:104700004748007858B947480078012807D100F099
:1047100035FE0020434908702C49086051E02B48C1
:1047200000684149884212D33D48007878B93D4835
:10473000007860B93D480078012808D1002000F0D9
:104740001DFE0020394908702049086039E01F48E3
:1047500000684EF66021884215D33148007890B940
:104760003048007878B93148007860B9304800782E
:10477000012808D1002000F011FE00202C4908700B
:10478000124908601DE0114800682A49884218D380
:1047900027480078A8B92548007890B921480078C2
:1047A00078B90020094908600120154908701C49A2
:1047B00008701C4908701D4908701D4908701E4981
:1047C000087000BF00BF10BD00040040340100208D
:1047D000584C00202501002084110020EA0F002001
:1047E000221100206411002012010020701100200D
:1047F0008C11002000100140000801402C01002015
:1048000055010020D60F002048010020440100205F
:104810003C010020603D08004E010020E0930400B0
:10482000490100204A010020804F12004B01002066
:104830004C01002060900F004D010020CA4302820D
:10484000704721B1028842F00102028004E0028830
:104850004FF6FE731A400280704730B502460020C2
:1048600000230024158A05EA0103958905EA01045D
:1048700013B10CB1012000E0002030BD1AB18389D2
:104880000B43838102E083898B438381704700005F
:10489000002202881C4B984211D0B0F1804F0ED0FC
:1048A0001A4B98420BD01A4B984208D0194B984299
:1048B00005D0194B984202D0184B984205D14FF6BB
:1048C0008F731A408B8813439AB2154B984207D0C6
:1048D000144B984204D04FF6FF431A408B891A4379
:1048E00002808B68C3620B880385074B984205D012
:1048F000064B984202D0064B984201D18B7B03862F
:104900000123838270470000002C014000340140E5
:10491000004001400004004000080040000C00403E
:1049200000100040001400404FF6FF71816000212C
:10493000018081814160817370474FF47A72B0FBCE
:10494000F2F302FB13026423B2FBF3F230320A707B
:104950006422B0FBF2F302FB13020A23B2FBF3F270
:1049600030324A700A22B0FBF2F302FB13023032FB
:10497000CA702E228A70704710B500F0FBF800F064
:1049800069F810BD10B540F225511D4800F0A3F89C
:1049900018B31B4800F08CF9C4B240F225511848F6
:1049A00000F042F8174890F83300FF281CDC154847
:1049B00090F83501012817D0124890F8331090F87C
:1049C0003300401C0F4A82F8330002F13400445493
:1049D0000420114681F8340106E00A48B0F8360197
:1049E000401C0849A1F8360140F22771044800F044
:1049F00072F820B140F22771014800F015F810BD9F
:104A000000380140EA0F002008B525208DF800008D
:104A100000208DF801008DF8020001208DF80300C0
:104A20006846FDF769FA08BD01F40072B2F5007F2F
:104A300000D100BFCA430280704721B1828942F48D
:104A40000052828104E082894DF6FF731A40828110
:104A5000704700001FB501210420FDF711FE012160
:104A60008803FDF70DFE684600F07EF94FF416400E
:104A700000904FF48050ADF804000020ADF806001F
:104A8000ADF80800ADF80C000C20ADF80A0069463E
:104A9000094800F0A1F8012240F22551064800F033
:104AA00044F8002240F22771034800F03EF801214B
:104AB0000148FFF7C2FF1FBD003801400246002039
:104AC000B1F5007F00D100BF13880B400BB101206E
:104AD00000E00020704770B5024600240023002546
:104AE000002040F66A16B14200D100BFC1F3421562
:104AF00001F01F03012606FA03F3012D02D1968966
:104B0000334006E0022D02D1168A334001E0968A36
:104B100033400C12012606FA04F41688344013B10F
:104B20000CB1012000E0002070BDF0B50346002468
:104B300000260025002040F66A17B94200D100BFC8
:104B40001846C1F3421401F01F06012707FA06F5C3
:104B5000012C01D10C3004E0022C01D1103000E016
:104B600014301AB107682F43076002E00768AF43AB
:104B70000760F0BD08B54FF40070ADF800000220EA
:104B80008DF8020010208DF8030069461048FCF7EC
:104B900027FA4FF40070ADF8000002208DF80200F3
:104BA00018208DF8030069460A48FCF719FA4FF4FB
:104BB0008060ADF8000004208DF8030069460548C8
:104BC000FCF70EFA4FF400710148FCF78EFC08BDAB
:104BD00000100140000801402DE9F04786B005466D
:104BE0000E460024A24600BFA1460027B08900B1AE
:104BF00000BF2F462C8A4CF6FF700440F088044317
:104C00002C82AC894EF6F3100440B08831890843F9
:104C1000718908430443AC81AC8A4FF6FF400440DD
:104C2000B0890443AC8201A8FDF750FD1F488742BC
:104C300002D1DDF810A001E0DDF80CA0A88900F495
:104C4000004040B10AEBCA0000EB0A10316849008D
:104C5000B0FBF1F807E00AEBCA0000EB0A1031687C
:104C60008900B0FBF1F86420B8FBF0F004012009E2
:104C7000642101FB1089A88900F4004040B1322072
:104C800000EBC900B0FBF1F000F00700044308E0BE
:104C9000322000EB09106421B0FBF1F000F00F00AE
:104CA00004432C8106B0BDE8F087000000380140C5
:104CB00001468888C0F30800704700002DE9F041E4
:104CC00005460E46174625B94FF400710A48FCF711
:104CD0000EFC002405E0315D284600F00FF8601C52
:104CE000C4B2BC42F7DB25B94FF400710248FCF7AF
:104CF000FCFBBDE8F08100000010014070B50446E7
:104D00000D465CB92946134800F02AF800BF40213F
:104D10001048FFF7D3FE0028F9D01AE0012C0BD180
:104D200029460D4800F01CF800BF40210A48FFF753
:104D3000C5FE0028F9D00CE0022C0AD1294607480C
:104D400000F00EF800BF40210448FFF7B7FE00282E
:104D5000F9D070BD003801400044004000480040D8
:104D6000C1F30802828070474FF4165101600021A0
:104D70008180C18001810C214181002181817047A6
:104D800000BFFEE7002100E0491C8142FCD37047D0
:104D900051B18200A2F1C042126842F001038200C8
:104DA000A2F1C042136009E08200A2F1C042126881
:104DB000034B1A408300A3F1C0431A607047000000
:104DC000FEFF0F00D0E901121143C26811430269CE
:104DD00011434269114382691143C2691143026A56
:104DE0001143426A1143826A1143C26A1143026B42
:104DF000114302689200A2F1C04211608168082943
:104E00000BD101688900A1F1C041096841F040025D
:104E100001688900A1F1C0410A60416B0968426BD9
:104E2000526841EA0211426B926841EA0221426BE8
:104E3000928941EA0241426B128A41EA0251426B75
:104E4000127D41EA0261426B926911430268521C71
:104E50009200A2F1C0421160C16AB1F5804F1BD12E
:104E6000816B0968826B526841EA0211826B926819
:104E700041EA0221826B128A41EA0251826B127D61
:104E800041EA0261826B9269114302689200A2F1C9
:104E9000C042C2F8041107E06FF070420168890057
:104EA000A1F1C041C1F80421704700B59DB00121B6
:104EB0000802FDF7C5FB02200090002001901E2093
:104EC0000290002003900490059006900220079025
:104ED000002008900320099000200A900B900C906D
:104EE0000D900E901020119000200F9010901390B4
:104EF0001290159018904FF48050179080001990E0
:104F00000020169014901A9007A81C90CDF86CD031
:104F10000EA8FFF757FF01210020FFF739FF1DB052
:104F200000BD02E008C8121F08C1002AFAD170476C
:104F30007047002001E001C1121F002AFBD1704719
:104F400010B519480078012816D11848D0ED010A8B
:104F500017484078C01C00EE100AB8EEC00AF4EE04
:104F6000C00AF1EE10FA07DD80211248FCF7BFFA03
:104F700000200D49087015E00C48D0ED010A0C48DE
:104F80004078401C00EE100AB8EEC00AF4EEC00AE9
:104F9000F1EE10FA06D280210648FCF7A6FA0120AD
:104FA0000149087010BD0000580100208011002048
:104FB000D60F0020000801402DE9F8430746884637
:104FC00000260F25B8F1000F17D13548354909885B
:104FD00020F8117033480088401C1E2190FBF1F22C
:104FE00001FB12002F4908802F4800681E2804DAB0
:104FF0002D480068401C2C4908602A480688002477
:1050000047E0294800681E2816DA254830F81400C1
:1050100026494978884202DC4FF4FC6901E04FF6EA
:10502000E0791F48CDF8009030F8143005221721A0
:10503000284600F08FF824E0194830F816001B4984
:105040004978884202DC4FF4FC6901E04FF6E079D0
:10505000A81D83B22A4654211720FEF7C3FA104830
:10506000CDF8009030F8163005221721284600F0C0
:1050700071F8701C86B21E2096FBF0F100FB1160E7
:1050800086B2B5F5967F02DA05F1090085B2601C9B
:10509000C4B2054800688442B3DBBDE8F883000071
:1050A0008E0900200C01002008010020D60F0020EE
:1050B00010B52348007820B1012806D002283DD140
:1050C00023E001201F49487038E001201D49487045
:1050D0001D48D0ED010A1D484078401C00EE100A22
:1050E000B8EEC00AF4EEC00AF1EE10FA0ADB0120B5
:1050F00000F08EF820211648FCF7EEF910B90020D8
:1051000000F086F8FFF71CFF18E000200D494870FA
:105110000D48D0ED010A0D484078401C00EE100A01
:10512000B8EEC00AF4EEC00AF1EE10FA05D800207D
:1051300000F034F901200249087000BF00BF10BD23
:10514000550100201001002080110020D60F002002
:10515000000801402DE9F04305460E4617461C465F
:10516000DDF81C904FF000081E2C00DD1E24E8190D
:1051700083B206EB440081B22A463046FEF7DCFFDC
:105180004FF0000806E04846FFF760F808F101001C
:105190001FFA80F8012000EB4400791C4843404589
:1051A000F1DCBDE8F083000070B5054607482E1815
:1051B000002408E03046FBF795FE054921F814006D
:1051C000B61C601C84B2FF2CF4DD70BD00F803082F
:1051D000684C002070B505460B482E18FBF786FE7C
:1051E0003046FBF795FD002408E0084830F814101D
:1051F0003046FBF725FEB61C601C84B2FF2CF4DDA4
:10520000FBF714FE70BD000000F80308684E002094
:1052100010B50446012C04D140210448FCF765F97F
:1052200003E040210148FCF762F910BD000801408D
:1052300038B500245020FCF775FB14B9FCF778FB57
:1052400004462CB9002201216846FCF73FFB0446C6
:10525000BDF80000001238BD10B50446082C60D21D
:10526000DFE804F05F04111E2B384552202134483A
:10527000FCF73BF910213248FCF737F9802131481F
:10528000FCF735F95AE080212E48FCF72EF9102161
:105290002B48FCF72AF920212948FCF728F94DE092
:1052A00080212848FCF721F920212548FCF71DF929
:1052B00010212348FCF71BF940E010212048FCF79F
:1052C00014F980211F48FCF712F920211C48FCF733
:1052D0000EF933E020211A48FCF707F9802119481C
:1052E000FCF705F910211648FCF701F926E08021AA
:1052F0001448FCF7FAF820211148FCF7F8F81021BF
:105300000F48FCF7F4F819E080210E48FCF7EFF89D
:1053100020210B48FCF7EBF810210948FCF7E7F8CF
:105320000CE080210748FCF7E0F820210448FCF756
:10533000DCF810210248FCF7D8F800BF00BF10BD10
:105340000010014000080140FBF7BAF8FEF784F8AE
:10535000FDF7FAFA0120074988700020C870012083
:1053600005490870FCF75CFC03E0FCF759FCFFF70B
:105370009FFEFAE7250100202C01002010B504460D
:10538000012C04D110210448FCF7AFF803E01021F0
:105390000148FCF7ACF810BD0008014010B5044608
:1053A000012C04D120210448FCF79FF803E02021C0
:1053B0000148FCF79CF810BD000801400021234A79
:1053C0001170D170224A1170204A51709170214A97
:1053D000117291711D4A117100202FE00022C0EB63
:1053E000C00101EB81031949891D01EB83018A7119
:1053F000C0EBC00101EB81031449891D01EB83015E
:105400008A80C0EBC00101EB81031149891D01EBCA
:1054100083018A71C0EBC00101EB81030C49891D36
:1054200001EB83018A80C0EBC00101EB81030849D5
:10543000891D01EB8301CA71411CC8B20228CDDB72
:105440000021054A5170034AD1717047EA0A0020D1
:10545000CC090020CA0F002070110020C500980060
:105460006B003E00110072012C01E600A0005A0002
:10547000C50098006B003E0011004F010901C300F8
:105480007D0037000C000C00E1000C004001F00032
:10549000E100F0000000B0100000EF0000008F01FC
:1054A0000000010098100000EF0000008F010000D4
:1054B0000001B0100000EF0000008F0100000101AA
:1054C00098100000EF0000008F0100000002B010F3
:1054D0000000EF0000008F010000010298100000A2
:1054E000EF0000008F010000000048000000EF0006
:1054F00000008F0100000100E8002000AF01000063
:10550000EF002000000148000000EF0000008F01C4
:1055100000000101E8002000AF010000EF002000C2
:10552000000248000000EF0000008F0100000102AF
:10553000E8002000AF010000EF002000FFFFDBDEED
:10554000B6B592946D6B494A24210000020408010B
:10555000020408108601C3008601C300A60089006A
:105560006C00A60089006C0097007A005D0097002F
:105570007A005D0023010601E90023010601E9002C
:10558000640147012A01A10084006700650048000A
:105590002B00BF00A20085000000000000000000FA
:1055A00000000000000000000000000000000000FB
:1055B0000000000000000000F000400100001000AA
:1055C000F000400100001300F00040010000160050
:1055D000F0004001000019002D00250000001C0013
:1055E0002D00250000101C00F000400100001D00EF
:1055F000F000400100002000F00040010000230006
:10560000F000400100002600F000400100002900E9
:10561000F000400100002C002D00250000002F00AC
:105620002D00250000102F00F00040010000300088
:10563000F000400100003300F0004001000036009F
:105640002F002400006251002F002400008451002C
:105650002F00240000A651002F00240000C8510094
:105660002F00240000EA51002F002400000C5200FB
:105670002F002400002E52002F0024000050520062
:105680002F002400007252002F00240000945200CA
:105690002F00240000B652002F00240000D8520032
:1056A0002F00240000FA52002F002400001C530099
:1056B0002F002400003E53002F0024000060530000
:1056C0002F002400008253002F00240000A4530068
:1056D0002F00240000C653002F00240000E85300D0
:1056E0002F002400000A54002F002400002C540036
:1056F0002F002400004E540000000000B4000E01F2
:10570000B20062008A006200620062003A00620039
:105710001C006200960018001800270118001800ED
:1057200000001F0028002800006027001000100063
:1057300000A03E0020002000006042001800180079
:10574000003B5500000000000000000000000000C9
:105750000000000000000000000000000000000049
:105760000000000000000000000000000000000039
:105770000000000000000000000000000000000029
:105780000000000000000000000000000000000019
:105790000000000000000000000000000000000009
:1057A00000000000000000000000000000000000F9
:1057B00000000000000000000000000000000000E9
:1057C00000000000000000000000000000000000D9
:1057D00000000000000000000000000000000000C9
:1057E00000000000000000000000000000000000B9
:1057F00000000000000000000000000000000000A9
:105800000000000000000000000000000000000098
:105810000000000000000000000000000000000088
:105820000000000000000000000000000000000078
:105830000000000000000000000000000000000068
:105840000000000000000000000000000000000058
:105850000000000000000000000000000000000048
:105860000000000000000000000000000000000038
:105870000000000000000000000000000000000028
:105880000000000000000000000000000000000018
:105890000000000000000000000000000000000008
:1058A00000000000000000030303000000000000EF
:1058B00000000000000000000000000000000000E8
:1058C000000000000000000000FFFFFFFFFF0000DD
:1058D00000000000000000000000000000000000C8
:1058E000000000000000000000000000FFFFFFFFBC
:1058F000FF000000000000000000000000000000A9
:10590000000000000000000000000000000000E0B7
:10591000FFFFFF800000000000000000000000000A
:105920000000000000000000000000000000000077
:10593000000000F0F8F0000000000000000000008F
:105940000000000000000000000000000000000057
:1059500000000000000F3F3F3F0F0000000000006C
:105960000000000000000000000000000000000037
:10597000000000000000000080E0E0E08000000087
:105980000000000000000000000000000000000017
:105990000000000000000000000000000000000007
:1059A00000000000000000000000000000000000F7
:1059B00000000000000000000000000000000000E7
:1059C00000000000000000000000000000000000D7
:1059D00000000000000000000000000000000001C6
:1059E00001010101010000010101010101000000AC
:1059F00000000000000000000000000000000000A7
:105A00000000FFFFFFFFFFFF0000FFFFFFFFFFFFA2
:105A10000000000000000000000000000000000086
:105A20000000000000C0FCFCFCFCC00000C0FCFC4E
:105A3000FCFCC000000000000000000000000000AE
:105A40000000000000000000000000000000000056
:105A50000000000000000000000000000000000046
:105A60000000000000000000000000000000000036
:105A70000000000000000000000000000000000026
:105A80000000000000000000000000000000000016
:105A90000000000000000000000000000000000006
:105AA00000000000000000000000000000000000F6
:105AB00000000000000000000000000000000000E6
:105AC00000000000000000000000000000000000D6
:105AD00000000000000000000000000000000000C6
:105AE00000000000000000000000000000000000B6
:105AF00000000000000000000000000000000000A6
:105B00000000000000000000000000000000000095
:105B10000000000000000000000000000000000184
:105B20000303010000000003030300000000000065
:105B30000000000000000000000000000000000065
:105B40000007FFFFFFF00000001FFFFFFF00000045
:105B50000000000000000000000000000000001E27
:105B60003F3F3F3FFFFFFFFF3F3F3F3FFFFFFFFF45
:105B70003F1E0000000000000000000000000000C8
:105B8000000000000001FFFFFFF80000000FFFFF12
:105B9000FFE0000000000000000000000000000026
:105BA00000000000001E3F3FFFFFFFFF3F3F3F3F61
:105BB000FFFFFFFF3F3F3F1E00000000000000000E
:105BC00000000000000000000000FFFFFFFC0000DC
:105BD0000007FFFFFFF000000000000000000000D1
:105BE00000000000000000000000000080E0E0E095
:105BF00000000000C0E0E0C0000000000000000065
:105C00000000000000000000000000000000000094
:105C10000000000000000000000000000000000084
:105C20000000000000000000000000000000000074
:105C30000000000000000000000000000000000064
:105C40000000000000000000000000000000000054
:105C500000000000000000000001030303FFFF0339
:105C6000030101000000000000000000000000002F
:105C70000000000000000000071F7FFFFEFCF8F09E
:105C8000FFFFF0F8FEFFFF3F0F00000000000000E4
:105C90000000000000000000000000FEFFFFFF0702
:105CA000030100FFFF000000E0F0F0E00000000052
:105CB000000000000000000000000000000000C024
:105CC000E0F0F8FCFCFEFFFF7F7F3F1F1F0F03008B
:105CD00000000000000000000000000000000000C4
:105CE000071F1F1F0300000000FFFF80C0E0F0FF40
:105CF000FFFF7F0000000000000000000000000027
:105D000000000080F8FEFFFF7F1F0F07FFFF030763
:105D10000F3FFFFFFCE0000000000000000000005B
:105D200000000000000000000080C0C0E0E0F0FFC4
:105D3000FFF0F0E0C0800000000000000000000064
:105D40000000000000000000000000000000000053
:105D50000000FEFE00000000000000000000000047
:105D60000000000000000000000000000000000033
:105D70000000000000000000000000000000000023
:105D80000000000000000000000000000000000013
:105D900000000001010101000000000000000000FF
:105DA00000000000000101000000000000000000F1
:105DB0000000073FFFFFF8E0E0F8FFFF3F070000AB
:105DC0000000000000031F7FF8E00000000000005A
:105DD0000000000000FFFFFFFF00000000FFFFFFCA
:105DE000FF00000000031F7FF8E00000000000003B
:105DF000000000000000000000E0F0F8F83C38F877
:105E0000F8F0C00000031F7FF8E000010307070F50
:105E10000707070301000000000000000000000069
:105E20000000000000031F7FFCE00000003FFFFFB8
:105E3000FFC00000C0FFFFFF3F00000000000000A7
:105E40000000000000031F7FFCE0000000000000D5
:105E5000F8FFFFFF07010107FFFFFFF80000000048
:105E60000000000000000070F0E0000000000000F2
:105E7000000000000080C0E0E0E0E0C08000000022
:105E80000000000000000000000000000000000012
:105E90000000000000000000000000000000000002
:105EA00000000000000000000000000000000000F2
:105EB00000000000000000000000000000000000E2
:105EC00000000000000000000000000000000000D2
:105ED00000000101030303030301010000000000AF
:105EE00000000000000000000000000000000000B2
:105EF00000001F7FFFFFFCF8F0F0F0FCFFFFFF3F0A
:105F00000F00000000000000000000000000000082
:105F10000000000000FCFFFFFF3F0701070F1FFF0D
:105F2000FFFEFCF000000000000000000000000088
:105F300000000000000003071F1FFFFFFEFFFFFF20
:105F4000FFCFC301000000030F0F0F03000000008C
:105F5000000000000000003FFFFFFFFFE0800000A6
:105F600000C0F0FCFEFFFF7F3F3FFFFFFFF8800017
:105F700000000000000000000000E0F8FEFFFF7FCE
:105F80001F0F070707070F1FFFFFFFFEFCFEFFFFA6
:105F90007F1F0F0300000000000000000000000051
:105FA0000080C0C0E0E0E0E0E0E0C0C080000000B1
:105FB0000000C0E0E0E08000000000000000000001
:105FC00000000000000000000000000000000000D1
:105FD00000000000000000000000000000000000C1
:105FE00000000000000000000000000000000000B1
:105FF00000000000000000000000000000000000A1
:10600000000000000001010101010100000000008A
:106010000000000000000000000000000000000080
:106020000000000000000000FFFFFFFFFFFF000076
:106030000000000000000000000000000000000060
:106040000000000000000000000000C0FCFCFCFCA0
:10605000C000000000000000000000000000000080
:106060000000000000000000000000000000000030
:106070000000000000000000000000000000000020
:106080000000000000000000000000000000000010
:106090000000000000000000000000000000000000
:1060A00000000000000000000000000000000000F0
:1060B00000000000000000000000000000000000E0
:1060C00000000000000000000000000000000000D0
:1060D00000000000000000000000000000000000C0
:1060E00000000000000000000000000000000000B0
:1060F00000000000000000000000000000000000A0
:10610000000000000000000000000000000000008F
:10611000000000000000000000000000000000007F
:10612000000000000000000000000000000000006F
:10613000000000000000000000000000000000005F
:106140000000000000000001030300000000000048
:10615000000000000000000000000000000000003F
:1061600000000000000000031F7FFFFCC0000000D3
:10617000000000000000000000000000000000001F
:106180000000000000000000077FFFFFFFE00000AC
:1061900000000000000000000000000000000000FF
:1061A000000000000000000000001FFFFFFFFFC014
:1061B00000000000000000000000000000000000DF
:1061C00000000000000000000000000000FFFFFFD2
:1061D000FFFF0000000000000000000000000000C1
:1061E00000000000000000000000000000000000AF
:1061F000E0FFFFFFFF0F00000000000000000000B4
:10620000000000000000000000000000000000008E
:106210000000000080F8FFFFFF1F000000000000EA
:10622000000000000000000000000000000000006E
:1062300000000000000000000000E0F8FEFF0F007A
:10624000000000000000000000000000000000004E
:10625000000000000000000000000000000000003E
:10626000000000000000000000000000000000002E
:106270000000000000000000000000000303010017
:10628000000000000000000000000000000000000E
:10629000000000000000000000000000000000C03E
:1062A000FCFF7F1F03000000000000000000000052
:1062B00000000000000000000000000000000000DE
:1062C00000000000E0FFFFFF7F070000000000006B
:1062D00000000000000000000000000000000000BE
:1062E0000000000000000000C0FFFFFFFF1F0000D3
:1062F000000000000000000000000000000000009E
:10630000000000000000000000000000FFFFFFFF91
:10631000FF0000000000000000000000000000007E
:10632000000000000000000000000000000007FF67
:10633000FFFFFFE000000000000000000000000080
:10634000000000000000000000000000000000004D
:106350001FFFFFFFF88000000000000000000000A9
:10636000000000000000000000000000000000002D
:10637000000FFFFEF8E00000000000000000000039
:10638000000000000000000000000000000000000D
:1063900000000000000000000000000000000000FD
:1063A00000000000000000000000000000000000ED
:1063B000000000000000000000000000070F0700C0
:1063C00000000000000000000000000000000000CD
:1063D0000000000000000000001E3E1F0F0F07FF1E
:1063E000FFFF070F0F1F3E1E00000000000000000F
:1063F0000000000000000000000000000000010795
:106400009FBFFCE0FCBF9F070100000000000000F0
:10641000000000000000000000000000000000007C
:1064200000C0E0E08000000080E0E0C0000000006C
:10643000000000000000000000000000000000005C
:10644000000000000000000000000000000000004C
:10645000000000000000000000000000000000003C
:10646000000000000000000000000000000000002C
:10647000000000000000000000000000000000001C
:10648000000000000000000000000000000000000C
:1064900000000000000000000000000000000000FC
:1064A00000000000000000000000000000000000EC
:1064B00000000000000000000000000000000000DC
:1064C00000000000000000000000000000000000CC
:1064D00000000000000000000000000000000000BC
:1064E00000000000000000000000000000000000AC
:1064F000000000000000000000000000000000009C
:10650000000000000000000000000000000000008B
:10651000000000000000000000000003030303036C
:10652000000000000000000000000000000000006B
:106530000000000000000000000000000000FFFF5D
:10654000FFFFFF000000000000000000000000004E
:10655000000000000000000000007F7F7F7F7F7F41
:106560007FFFFFFFFFFF7F7F7F7F7F7F7F00000038
:10657000000000000000000000000000008080809B
:1065800080808080FFFFFFFFFF8080808080808090
:1065900000000000000000000000000000000000FB
:1065A00000000000000000F8F8F8F8F80000000013
:1065B00000000000000000000000000000000000DB
:1065C00000000000000000000000000000000000CB
:1065D00000000000000000000000000000000000BB
:1065E00000000000000000000000000000000000AB
:1065F000000000000000000000000000000000009B
:10660000000000000000000000000000000000008A
:10661000000000000000000000000000000000007A
:10662000000000000000000000000000000000006A
:10663000000000000000000000000000000000005A
:10664000000000000000000000000000000000004A
:10665000000000000000000000000000000000003A
:10666000000000000000000000000000000000002A
:10667000000000000000000000000000000000001A
:10668000000000000000000000000000000000000A
:1066900000000000000000000000000000000000FA
:1066A00000000000000000000000000000000000EA
:1066B00000000000000000000000000000000000DA
:1066C00000000000000000000000000000000000CA
:1066D00000000000000000000000000000071F1F75
:1066E0000F07000000000000000000000000000094
:1066F000000000000000000000000000000000009A
:10670000C0F0FFFFFE0000000000000000000000DD
:106710000000000000000000000000000000000079
:1067200000000078F8F0C000000000000000000049
:106730000000000000000000000000000000000059
:106740000000000000000000000000000000000049
:106750000000000000000000000000000000000039
:106760000000000000000000000000000000000029
:106770000000000000000000000000000000000019
:106780000000000000000000000000000000000009
:1067900000000000000000000000000000000000F9
:1067A00000000000000000000000000000000000E9
:1067B00000000000000000000000000000000000D9
:1067C00000000000000000000000000000000000C9
:1067D00000000E1F1F3F3F3F3F3F3F3F3F3F3F3FB8
:1067E0003F3F3F3F3F3F3F3F3F3F1F1F0E000000E7
:1067F0000000000000000000808080808080808099
:106800008080808080808080808080808000000008
:106810000000000000000000000000000000000078
:106820000000000000000000000000000000000068
:106830000000000000000000000000000000000058
:106840000000000000000000000000000000000048
:106850000000000000000000000000000000000038
:106860000000000000000000000000000000000028
:106870000000000000000000000000000000000018
:106880000000000000000000000000000000000008
:1068900000000000000000000000000000000000F8
:1068A00000000000000000000000000000000000E8
:1068B00000000000000000000000000000000000D8
:1068C00000000000000000000000000000000000C8
:1068D00000000000000000000000000000000000B8
:1068E00000000000000000000000000000000000A8
:1068F0000000000000000000000000000000000098
:106900000000000000000000000000000000000087
:106910000000000000000000000000000000000077
:106920000000000000000000000000000000000067
:106930000000000000000000000000000000000057
:106940000000000000000000000000000000000047
:106950000000000F3F3F3F0F00000000000000005C
:106960000000000000000000000000000000000027
:1069700000000000000080E0E0E080000000000077
:106980000000000000000000000000000000000007
:1069900000000000000000000000000000000000F7
:1069A00000000000000000000000000000000000E7
:1069B00000000000000000000000000000000000D7
:1069C00000000000000000000000000000000000C7
:1069D00000000000000000000000000000000000B7
:1069E00000000003030100000000000000000000A0
:1069F0000000000000000000000000000000000097
:106A000000000000017FFFFFF80000000000000010
:106A10000000000000000000000000000000000076
:106A200000000000000001FFFFFFF0000000000078
:106A30000000000000000000000000000000000056
:106A4000000000000000000003FFFFFFE000000066
:106A50000000000000000000000000000000000036
:106A60000000000000000000000007FFFFFFC00062
:106A70000000000000000000000000000000000016
:106A80000000000000000000000000000FFFFFFFFA
:106A90008000000000000000000000000000000076
:106AA000000000000000000000000000000000C026
:106AB000E0E0000000000000000000000000000016
:106AC00000000000000000000000000000000000C6
:106AD00000000000000000000000000000000000B6
:106AE00000000000000000000000000000000000A6
:106AF0000000000000000000000000000000000096
:106B00000000000000000000000000000000000085
:106B10000000000000000000000000000000000075
:106B2000000000000101010101010100000000005E
:106B30000000000000000000000000000000000352
:106B40000F1F3F7FFFFFFEFCF8F8F8F8F8FCFEFF90
:106B50007F7F3F1F070300000000000000000000CF
:106B600007FFFFFFFFFFFFF88000000000000000AC
:106B7000000080F0FFFFFFFFFF7F07000000000024
:106B8000000000FFFFFFFFFFFFFF0000000000000C
:106B900000000000000000FFFFFFFFFFFFFF0000FC
:106BA000000000000000F8FFFFFFFFFFFF070000EC
:106BB00000000000000000000007FFFFFFFFFFFFD4
:106BC000F800000000000000000080F0F8FEFFFF69
:106BD000FF7F1F0F07070707070F1F7FFFFFFFFE3E
:106BE000FCF0C000000000000000000000000000F9
:106BF00000008080C0C0E0E0E0E0E0E0E0C0C080F5
:106C00008000000000000000000000000000000004
:106C10000000000000000000000000000000000074
:106C20000000000000000000000000000000000064
:106C30000000000000000000000000000000000054
:106C40000000000000000000000000000000000044
:106C50000000000000000000000000000000000034
:106C60000000000001010101000000000000000020
:106C70000000000000000000000000000000000014
:106C8000000103070F3F7FFFFFFFFF7F00000000B1
:106C90000000000000000000000000000F1F3F3F48
:106CA0007F7FFEFEFCF8F0E0FFFFFFFFFFFFFF002D
:106CB00000000000000000000000000000000000D4
:106CC0008080800000000000000000FFFFFFFFFF49
:106CD000FFFF0000000000000000000000000000B6
:106CE0000000000000000000000000000000FFFFA6
:106CF000FFFFFFFFFF000000000000000000000099
:106D00000000000000000000000000000000000083
:106D100000FFFFFFFFFFFFFF00000000000000007A
:106D20000000000000000000000000000000000063
:106D30000000000080C0E0E0E0C080000000000033
:106D40000000000000000000000000000000000043
:106D50000000000000000000000000000000000033
:106D60000000000000000000000000000000000023
:106D70000000000000000000000000000000000013
:106D80000000000000000000000000000000000003
:106D900000000000000000000000010101010101ED
:106DA00001010000000000000000000000000000E1
:106DB00000000000030F1F3F7F7FFFFFFEFCF8F87D
:106DC000F8F8F8FCFCFEFFFF7F7F3F0F0700000094
:106DD00000000000000078FCFEFEFEFCF8C0000091
:106DE00000000000000000000083FFFFFFFFFFFF26
:106DF000FE00000000000000000000000000000095
:106E000000000000000103070F1F3F7FFFFFFEFC93
:106E1000F8F0C000000000000000000000000000CA
:106E20000103070F1F3F7FFFFFFEFCF8F0E0C0806B
:106E3000000000000000000000000000000000074B
:106E40001F7FFFFFFFFFFFFFEFCF8F0F0F0F0F0F12
:106E50000F0F0F0F0F0F0F0F0F07030000000000A1
:106E6000000080C0E0E0E0E0E0E0E0E0E0E0E0E062
:106E7000E0E0E0E0E0E0E0E0E0E0E0E0C080000052
:106E80000000000000000000000000000000000002
:106E900000000000000000000000000000000000F2
:106EA00000000000000000000000000000000000E2
:106EB00000000000000000000000000000000000D2
:106EC00000000000000000000000000000000000C2
:106ED00000000000010101010101010101000000A9
:106EE000000000000000000000000000000000079B
:106EF0000F1F3F7F7FFFFEFCF8F8F8F8F8FCFCFE60
:106F0000FFFF7F7F3F0F0300000000000000000034
:106F10000000E0F0F0F0F0C0000000000000000011
:106F2000010307FFFFFFFFFFFEFC00000000000061
:106F30000000000000000000000000387CFCFCFCA9
:106F4000FCFCFCFCFEFEFFFFFFDF8F0703010000DF
:106F500000000000000001070F1F1F0F07000000C6
:106F600000000000000000000000C0FFFFFFFFFF66
:106F7000FF7F0000000000000000E0F8FCFEFFFFC3
:106F8000FF3F1F0F0707070707070F1F3FFFFFFF01
:106F9000FFFEF8F08000000000000000000000008C
:106FA00000008080C0C0E0E0E0E0E0E0E0E0C0C0E1
:106FB000C080000000000000000000000000000091
:106FC00000000000000000000000000000000000C1
:106FD00000000000000000000000000000000000B1
:106FE00000000000000000000000000000000000A1
:106FF0000000000000000000000000000000000091
:107000000000000000000000000000000000000080
:107010000000000000000001030303030100000062
:107020000000000000000000000000000000000060
:10703000000000000003071F3FFFFFFFFFFFFFFFEF
:10704000FF00000000000000000000000000000041
:10705000000001030F1F7FFFFFFCF8E0C0FFFFFFF0
:10706000FFFFFFFF00000000000000000000000024
:1070700001070F3F7FFFFFFCF0E0800000000000F1
:10708000FFFFFFFFFFFFFF00000000000000000007
:107090001E3FFFFFFFFFFFFF9F1F1F1F1F1F1F1F21
:1070A0001F1F1FFFFFFFFFFFFFFF1F1F1F1F0F07F8
:1070B000000000008080C0C0C0C0C0C0C0C0C0C050
:1070C000C0C0C0C0C0C0FFFFFFFFFFFFFFC0C0C007
:1070D000C080000000000000000000000000000070
:1070E00000000000000000000080C0E0E0E0C08080
:1070F0000000000000000000000000000000000090
:10710000000000000000000000000000000000007F
:10711000000000000000000000000000000000006F
:10712000000000000000000000000000000000005F
:10713000000000000000000000000000000000004F
:107140000000000000000001010101010101010136
:107150000101010101010101010100000000000025
:1071600000000000000000033FFFFFFFFFFFFCFCEA
:10717000FCFCFCFCFCFCFCFCFCFCFCFCFCF87000DB
:1071800000000000000000000007FFFFFFFFFFFFFE
:10719000C001010103030303030301010100000017
:1071A00000000000000000000000001CFFFFFFFFC7
:1071B000FFFEFCFCF8F0F0F0F0F0F0F8FCFEFFFF52
:1071C000FF7F3F1F070000000000000000010307D1
:1071D000070703010000000000000000000000009D
:1071E0000080FFFFFFFFFFFFFF0000000000000026
:1071F000C0F0FCFEFFFFFF7F3F1F0F0707070707D9
:10720000070F1F3FFFFFFFFEFCF8E000000000003B
:1072100000000000000000008080C0C0E0E0E0E06E
:10722000E0E0E0E0E0C0C0C080000000000000003E
:10723000000000000000000000000000000000004E
:10724000000000000000000000000000000000003E
:10725000000000000000000000000000000000002E
:10726000000000000000000000000000000000001E
:10727000000000000000000000000000000000000E
:1072800000000000000000010101010101010100F6
:1072900000000000000000000000000000000000EE
:1072A0000000030F1F3F7F7FFFFEFCFCF8F8F8F89B
:1072B000FCFCFEFF7F7F3F1F070000000000000076
:1072C0000000013FFFFFFFFFFFFFE080000101031F
:1072D00003030303030181C1E0E0E0C000000000FC
:1072E0000000000000FFFFFFFFFFFFFF9F3F7EFC4D
:1072F000F8F0F0F0F0F0F8F8FEFFFFFF7F3F1F0717
:107300000000000000000000F8FFFFFFFFFFFFFF8C
:1073100080000000000000000000000080FFFFFF70
:10732000FFFFFFFF000000000000000080E0F8FC0D
:10733000FFFFFFFF3F1F0F07070707070F1F3FFF55
:10734000FFFFFFFCF8E0000000000000000000006C
:10735000000000000080C0C0C0E0E0E0E0E0E0E04D
:10736000C0C0C0800000000000000000000000005D
:10737000000000000000000000000000000000000D
:1073800000000000000000000000000000000000FD
:1073900000000000000000000000000000000000ED
:1073A00000000000000000000000000000000000DD
:1073B00000000000000000000000010101010101C7
:1073C00001010101010101010101010101010101AD
:1073D000010100000000000000000000F0F8FCFCCB
:1073E000FCFCFCFCFCFCFCFCFCFCFCFCFCFCFFFFD7
:1073F000FFFFFFFFFFFC780000000000000000001E
:1074000000000000000000000000000003071F7FD4
:10741000FFFFFFFCF0E08000000000000000000023
:10742000000000000000000000000001073FFFFF17
:10743000FFFFFEF0C00000000000000000000000A0
:10744000000000000000000000000000073FFFFFF8
:10745000FFFFFFFFE0000000000000000000000050
:1074600000000000000000000000000000007FFF9E
:10747000FFFFFFFFFFFC0000000000000000000015
:1074800000000000000000000000000000000000FC
:107490000080C0E0E0E0C0800000000000000000CC
:1074A00000000000000000000000000000000000DC
:1074B00000000000000000000000000000000000CC
:1074C00000000000000000000000000000000000BC
:1074D00000000000000000000000000000000000AC
:1074E000000000000000000000000000000000009C
:1074F0000000000000000000000000000101010188
:107500000101010100000000000000000000000077
:1075100000000000000000071F3F3F7FFFFFFEFC50
:10752000F8F8F8F8F8F8FCFEFFFF7F3F3F0F070080
:10753000000000000000000000F0FEFFFFFFFFFF62
:10754000070301000000000000010307FFFFFFFF29
:10755000FFFEF00000000000000000000103078FA4
:10756000DFFFFFFFFEFEFCFCFCFCFCFCFEFFFFFF60
:10757000FFDF8F07030100000000000000003FFF55
:10758000FFFFFFFFFFC00000000000000000000040
:107590000080C0FFFFFFFFFFFF3F00000000000072
:1075A00000C0F0FCFEFFFFFFFF3F1F0F07070707AC
:1075B00007070F1F3FFFFFFFFFFEFCF0C0000000AA
:1075C0000000000000000000008080C0C0C0E0E0BB
:1075D000E0E0E0E0E0E0C0C0C0808000000000002B
:1075E000000000000000000000000000000000009B
:1075F000000000000000000000000000000000008B
:10760000000000000000000000000000000000007A
:10761000000000000000000000000000000000006A
:10762000000000000000000000000000000000005A
:107630000000000000000101010101010100000043
:10764000000000000000000000000000000000003A
:1076500001070F3F3F7FFFFFFEFCF8F8F8F8F8FC4A
:10766000FEFFFF7F3F3F0F0701000000000000000A
:1076700000003FFFFFFFFFFFFFC000000000000011
:107680000000000000C0FFFFFFFFFFFF7F070000BA
:107690000000000000C0F8FEFFFFFFFF7F1F0F0784
:1076A0000303030303070F1F7FFEFFFFFFFFFFFF1F
:1076B000FF000000000000000000000181C1E0E0C8
:1076C000E0F0F0F0F0F0F0E0E0C080017FFFFFFFBD
:1076D000FFFFFFE0000000000000000020FCFEFFB4
:1076E000FFFF7F1F0F0F070707070F0F1F3FFFFF4A
:1076F000FFFEFCF0C00000000000000000000000E1
:107700000000008080C0C0E0E0E0E0E0E0E0E0C039
:10771000C0808000000000000000000000000000A9
:107720000000000000000000000000000000000059
:107730000000000000000000000000000000000049
:107740000000000000000000000000000000000039
:107750000000000000000000000000000000000029
:107760000000000000000000000000000000000019
:107770000000000000000000000000000000000009
:1077800000000000000000000000000000000000F9
:1077900000000000000000000000000000000000E9
:1077A00000000000000000000000000000000F3F8B
:1077B0003F3F0F000000000000000000000000003C
:1077C00000000000000000000000000000000000B9
:1077D0000080E0E0E0800000000000000000000009
:1077E0000000000000000000000000000000000099
:1077F0000000000000000000000000000000000089
:107800000000000000000000000000000000000078
:10781000000000000000000F3F3F3F0F000000008D
:107820000000000000000000000000000000000058
:107830000000000000000000000080E0E0E08000A8
:107840000000000000000000000000000000000038
:107850000000000000000000000000000000000028
:107860000000000000000000000000000000000018
:107870000000000000000000000000000000000008
:1078800000000000000000000000000000000000F8
:1078900000000000000000000000000000000000E8
:1078A00000000000000000000000000000000000D8
:1078B00000000000000000000000000000000000C8
:1078C00000000000000000000000000000000000B8
:1078D00000000000000000000000000000000000A8
:1078E0000000000000000000000F3F3F3F0F0000BD
:1078F0000000000000000000000000000000000088
:1079000000000000000000000000000080E0E0E057
:1079100080000000000000000000000000000000E7
:107920000000000000000000000000000000000057
:107930000000000000000000000000000000000047
:107940000000000000000000000000000000000037
:1079500000000F1F1F0F07000000000000000000C4
:107960000000000000000000000000000000000017
:107970000000000000E0F1FFFFFE0000000000003A
:1079800000000000000000000000000000000000F7
:10799000000000000000000078F8F0C000000000C7
:1079A00000000000000000000000000000000000D7
:1079B00000000000000000000000000000000000C7
:1079C00000000000000000000000000000000000B7
:1079D00000000000000000000000000000000000A7
:1079E0000000000000000000000000000000000097
:1079F0000000000000000000000000000000000087
:107A00000000000000000000000000000001010371
:107A1000070F000000000000000000000000000050
:107A2000000000000001010307070F1F3F3F7FFF19
:107A3000FFFEFCFCF8000000000000000000000059
:107A40000000000000007FFFFFFFFFFFF3F3E1C035
:107A5000C0800000000000000000000000000000E6
:107A600000000000000000000080C0E0E0F0F8F836
:107A7000FCFEFFFF7F3F3F1F0F0F070000000000CD
:107A800000000000000000000000000000000000F6
:107A90000000000000000080C0E0E0F0F8FC000002
:107AA00000000000000000000000000000000000D6
:107AB00000000000000000000000000000000000C6
:107AC00000000000000000000000000000000000B6
:107AD00000000000000000000000000000000000A6
:107AE0000000000000000000000000000000000096
:107AF0000000000000000000000000000000000086
:107B00000000000000000000000000000000000075
:107B10000000000000000000000000000000000065
:107B20000000000000000000000000000000000055
:107B30000000000000000000000000000000000045
:107B40000000000000000000000000000000000035
:107B500000000000000000000000000000001F1FE7
:107B60001F1F1F1F1F1F1F1F1F1F1F1F1F1F1F1F25
:107B70000000000000000000000000000000000005
:107B800000E0E0E0E0E0E0E0E0E0E0E0E0E0E0E0D5
:107B9000E0E0E00000000000000000000000000045
:107BA00000000000FFFFFFFFFFFFFFFFFFFFFFFFE1
:107BB000FFFFFFFFFFFF00000000000000000000CB
:107BC00000000000000000000000000000000000B5
:107BD00000000000000000000000000000000000A5
:107BE0000000000000000000000000000000000095
:107BF0000000000000000000000000000000000085
:107C00000000000000000000000000000000000074
:107C10000000000000000000000000000000000064
:107C20000000000000000000000000000000000054
:107C30000000000000000000000000000000000044
:107C40000000000000000000000000000000000034
:107C50000000000000000000000000000000000024
:107C60000000000000000000000000000000000014
:107C70000000000000000F070301010000000000E9
:107C800000000000000000000000000000000000F4
:107C9000000000000000000000F8FCFCFEFFFF7F79
:107CA0003F3F1F0F0F07030101000000000000000D
:107CB00000000000000000000000000000000000C4
:107CC000000080C0C0E1F3F3FFFFFFFFFF7F000073
:107CD000000000000000000000000000000000079D
:107CE0000F0F1F3F3F7FFFFFFEFCF8F8F0E0C0C022
:107CF0008000000000000000000000000000000004
:107D00000000FCF8F0E0E0C080000000000000008F
:107D10000000000000000000000000000000000063
:107D20000000000000000000000000000000000053
:107D30000000000000000000000000000000000043
:107D40000000000000000000000000000000000033
:107D50000000000000000000000000000000000023
:107D60000000000000000000000000000000000013
:107D70000000000000000000000000000000000003
:107D800000000000000000000000000000000000F3
:107D900000000001010303030303010100000000D0
:107DA00000000000000000000000000000000000D3
:107DB00000010F3F7FFFFFF8F0F0F0F0F8FEFFFF4B
:107DC0007F1F030000000000000000000000000012
:107DD00000000000F8FCFCF8F000000000000003C8
:107DE0000FFFFFFFFFFC000000000000000000008C
:107DF0000000000000000000000000000000071F5D
:107E00007FFFFFFCF8E0C000000000000000000061
:107E10000000000000000000000000000000000062
:107E2000F8FEFEFEE0000000000000000000000080
:107E30000000000000000000000000000000000042
:107E40000000000F3F3F3F0F000000000000000057
:107E50000000000000000000000000000000000022
:107E600000000000000080E0E0E080000000000072
:107E70000000000000000000000000000000000002
:107E800000000000000000000000000000000000F2
:107E900000000000000000000000000000000000E2
:107EA00000000000000000000000000000000000D2
:107EB00000000000000000000000000000000000C2
:107EC00000000000000000000000000000000000B2
:107ED0000000000001010103030303030303010188
:107EE0000100000000000000000000000000000091
:107EF000030F1F3F7F7EFCFCF8F8F0F0F0F0F0F08D
:107F0000F8F8F8FCFE7F3F1F0F03000000000000A0
:107F10000F3FFFFFF8E0800001070F1F3F3F3F3F8B
:107F20003F1F07071F1F1F1F00C0F0FFFFFF3F017C
:107F30000007FFFFFFF80000001F7FFFFFFFF0C0FA
:107F400080000000C0FFFFFFFFFF8000000000FF77
:107F5000FFFFFF00FFFFFFFF000000FFFFFFFFFF2D
:107F60000000000000000001FFFFFFFF8000000094
:107F7000031FFFFFFFE000F0FFFFFF1F0100E0FE17
:107F8000FFFFFF1F070303070F3FFFFFFFFFCF07A1
:107F90000F1F7FFFFCF8E00000000080F0FCFFFFF7
:107FA0003F0F0703C1C0E0E0E0E0C08000C0E0E0B8
:107FB000E0E0E0C08081030F3F3F3F3C0000000055
:107FC000000080C0F0F0F8FCFC7E7E3E3F3F3F3F6B
:107FD0003F3F3F3F7E7EFEFCFCF8F0E0C00000002B
:107FE0000000000000000000000000000000000091
:107FF0000000000000000000000000000000000081
:108000000000000000000000000000000000000070
:10801000010303030303010000000000000000004F
:108020000000000000000000000000000000000050
:10803000073FFFFFFFFFFFFFFFFFFF1F03000000E1
:108040000000000000000000000000000000000030
:10805000031FFFFFFFFFFFFCC000E0FEFFFFFFFF6D
:108060007F0F010000000000000000000000000081
:1080700000073FFFFFFFFFFFF8800000000000C087
:10808000FCFFFFFFFFFF3F070000000000000000B3
:1080900000031FFFFFFFFFFFFFFF3F3F3F3F3F3F4B
:1080A0003F3F3F3FBFFFFFFFFFFFFFFF1F030000FA
:1080B00000000F7FFFFFFFFFFFF8C000000000007F
:1080C00000000000000000000000E0FCFFFFFFFFD8
:1080D000FF7F0F000080C0E0E0E0C0000000000073
:1080E0000000000000000000000000000000008010
:1080F000C0E0E0E0C08000000000000000000000E0
:10810000000000000000000000000000000000006F
:10811000000000000000000000000000000000005F
:10812000000000000000000000000000000000004F
:10813000000000000000000000000000000000003F
:108140000000000101010101010101010101010122
:108150000101010101010000000000000000000019
:10816000000000007FFFFFFFFFFFFFF8F8F8F8F8BE
:10817000F8F8F8F8F8FCFCFEFFFFFF7F3F1F070050
:1081800000000000000000FFFFFFFFFFFFFF0000F6
:108190000000000000000000000001CFFFFFFFFF13
:1081A000FFFE0000000000000000FFFFFFFFFFFFD8
:1081B000FF7E7E7E7E7E7E7E7E7E7EFEFFFFFFFFDA
:1081C000EFEFC787030000000000000000FFFFFF83
:1081D000FFFFFFFF000000000000000000000000A3
:1081E0000080E0FFFFFFFFFFFF3F000000000000F6
:1081F000FFFFFFFFFFFFFF07070707070707070747
:1082000007070F0F1F7FFFFFFFFFFEF8E0000000D2
:1082100000000080C0E0E0E0E0E0E0E0E0E0E0E07E
:10822000E0E0E0E0E0E0E0E0C0C0C080000000008E
:10823000000000000000000000000000000000003E
:10824000000000000000000000000000000000002E
:10825000000000000000000000000000000000001E
:10826000000000000000000000000000000000000E
:1082700000000000000000000000000000000000FE
:1082800000000000010101030303030303030101D4
:1082900001000000000000000000000000000000DD
:1082A000030F1F3F7FFFFFFFFEFCFCF8F8F8F8F814
:1082B000FCFCFEFFFF7F7F3F1F0701000000000066
:1082C000033FFFFFFFFFFFFEE08000000000000013
:1082D00000000000000000C0F0FCFEFEFEFC0000FC
:1082E000000000FFFFFFFFFFFFFF00000000000095
:1082F000000000000000000000000000000000007E
:10830000000000000000E0FEFFFFFFFFFF1F030072
:1083100000000000000000000000000000010F3F0E
:108320007F7F7F3F0C000000000000C0F0F8FCFEE3
:10833000FFFFFF3F3F1F0F0F0F0F0F0F1F1F3F7F4D
:10834000FFFFFFFEF8F0C00000000000000000008A
:108350000000000080C0C0C0E0E0E0E0E0E0E0E05D
:10836000C0C0C0800000000000000000000000004D
:1083700000000000000000000000000000000000FD
:1083800000000000000000000000000000000000ED
:1083900000000000000000000000000000000000DD
:1083A00000000000000000000000000000000000CD
:1083B00000000000000000000001010101010101B6
:1083C00001010101010101010101000000000000A3
:1083D000000000000000000000007FFFFFFFFFFF23
:1083E000FFFCFCFCFCFCFCFCFCFCFEFEFEFFFFFFBB
:1083F0007F3F1F0F070100000000000000FFFFFF8C
:10840000FFFFFFFF00000000000000000000000070
:108410000080E0FEFFFFFFFFFF3F030000000000C1
:10842000FFFFFFFFFFFFFF00000000000000000053
:1084300000000000000000FFFFFFFFFFFFFF000043
:10844000000000FFFFFFFFFFFFFF00000000000033
:108450000000000000000000031FFFFFFFFFFFFF00
:10846000F00000000000FFFFFFFFFFFFFF0F0F0FF6
:108470000F0F0F0F0F0F0F1F1F3FFFFFFFFFFEFC20
:10848000F8E00000000000000080C0E0E0E0E0E074
:10849000E0E0E0E0E0E0E0E0E0E0E0E0C0C08080DC
:1084A00000000000000000000000000000000000CC
:1084B00000000000000000000000000000000000BC
:1084C00000000000000000000000000000000000AC
:1084D000000000000000000000000000000000009C
:1084E000000000000000000000000000000000008C
:1084F0000000000001010101010101010101010170
:108500000101010101010101010101000000000060
:1085100000000000007FFFFFFFFFFFFFFCFCFCFCF2
:10852000FCFCFCFCFCFCFCFCFCFCFCFCFCFCF8701B
:108530000000000000000000FFFFFFFFFFFFFF0042
:10854000000000000000000000000000000000002B
:108550000000000000000000000000FFFFFFFFFF20
:10856000FFFFFEFEFEFEFEFEFEFEFEFEFEFEFEFE29
:10857000FEFEFE7C00000000000000000000FFFF87
:10858000FFFFFFFFFF0000000000000000000000F0
:1085900000000000000000000000000000000000DB
:1085A00000FFFFFFFFFFFFFF0F0F0F0F0F0F0F0F5A
:1085B0000F0F0F0F0F0F0F0F0F0F0F07000000000F
:1085C0000000000080C0E0E0E0E0E0E0E0E0E0E0AB
:1085D000E0E0E0E0E0E0E0E0E0E0E0E0E0E0C0009B
:1085E000000000000000000000000000000000008B
:1085F000000000000000000000000000000000007B
:10860000000000000000000000000000000000006A
:10861000000000000000000000000000000000005A
:108620000000000000000000000000000000000149
:10863000010101010101010101010101010101012A
:108640000101010100000000000000000000000026
:108650007FFFFFFFFFFFFFFCFCFCFCFCFCFCFCFCC5
:10866000FCFCFCFCFCFCFCF87000000000000000BE
:10867000000000FFFFFFFFFFFFFF00000000000001
:1086800000000000000000000000000000000000EA
:10869000000000000000FFFFFFFFFFFFFF7E7E7E67
:1086A0007E7E7E7E7E7E7E7E7E7E7E3C0000000024
:1086B000000000000000000000FFFFFFFFFFFFFFC1
:1086C00000000000000000000000000000000000AA
:1086D000000000000000000000000000FFFFFFFF9E
:1086E000FFFFFF000000000000000000000000008D
:1086F00000000000000000000000000000000080FA
:10870000C0E0E0E0C08000000000000000000000C9
:108710000000000000000000000000000000000059
:108720000000000000000000000000000000000049
:108730000000000000000000000000000000000039
:108740000000000000000000000000000000000029
:108750000000000000000000000000000000000019
:108760000000000000000000000000000000000009
:1087700001010103030303030303030301010000D9
:10878000000000000000000000000000030F1F3F79
:108790007FFFFFFFFEFCFCF8F8F8F8F8F8FCFCFEA1
:1087A000FFFFFF7F3F1F070100000000033FFFFFA7
:1087B000FFFFFFFEE080000000000000000000005E
:1087C00000000080C0F0F8FCFCF8F000000000FFA2
:1087D000FFFFFFFFFFFF000000000000000000009F
:1087E000070F0F0F0F0F0F0F0F0F0F0F0F070300C4
:1087F0000000E0FEFFFFFFFFFF3F0300000000005E
:1088000000000080C0C0C0C0C0C0C0C0FFFFFFFFEC
:10881000FFFF000000000080E0F8FCFEFFFFFF7F8C
:108820003F1F1F0F0F0F0F0F0F0F1F1F3F3F7FFF28
:10883000FFFEFEFCF0000000000000000000000051
:108840008080C0C0C0E0E0E0E0E0E0E0E0E0C0C088
:10885000C080800000000000000000000000000058
:108860000000000000000000000000000000000008
:1088700000000000000000000000000000000000F8
:1088800000000000000000000000000000000000E8
:1088900000000000000000000000000000000000D8
:1088A00000000000030303010000000000000000BE
:1088B00000000000000000000001030301000000B0
:1088C000000000000000FFFFFFFFFFFF00000000AE
:1088D0000000000000000000000000FFFFFFFFFF9D
:1088E000FF0000000000000000FFFFFFFFFFFF008F
:1088F0000000000000000000000000000000FFFF7A
:10890000FFFFFFFF0000000000000000FFFFFFFF6F
:10891000FFFFFEFEFEFEFEFEFEFEFEFEFEFEFEFE75
:10892000FEFFFFFFFFFFFF0000000000000000FF50
:10893000FFFFFFFFFF00000000000000000000003C
:1089400000000000FFFFFFFFFFFF0000000000002D
:108950000000FFFFFFFFFFFF00000000000000001D
:1089600000000000000000FFFFFFFFFFFF0000000D
:10897000000000000080C0E0E0C0800000000000B7
:108980000000000000000000000080C0E0E0C080A7
:1089900000000000000000000000000000000000D7
:1089A00000000000000000000000000000000000C7
:1089B00000000000000000000000000000000000B7
:1089C00000000000000000000000000000000000A7
:1089D0000000000000000000000000000000000196
:1089E0000303010000000000000000000000000080
:1089F0000000000000000000000000000000000077
:108A000000FFFFFFFFFFFF0000000000000000006C
:108A10000000000000000000000000000000000056
:108A200000000000FFFFFFFFFFFF0000000000004C
:108A30000000000000000000000000000000000036
:108A400000000000000000FFFFFFFFFFFF0000002C
:108A50000000000000000000000000000000000016
:108A600000000000000000000000FFFFFFFFFFFF0C
:108A700000000000000000000000000000000000F6
:108A800000000000000000000000000000FFFFFFE9
:108A9000FFFFFF00000000000000000000000000D9
:108AA00000000000000000000000000000000000C6
:108AB00080C0E0E0C0800000000000000000000076
:108AC00000000000000000000000000000000000A6
:108AD0000000000000000000000000000000000096
:108AE0000000000000000000000000000000000086
:108AF0000000000000000000000000000000000076
:108B00000000000000000000000000000000000065
:108B10000000000000000000000000000000000055
:108B2000000000000000030303010000000000003B
:108B30000000000000000000000000000000000035
:108B40000000000000000000FFFFFFFFFFFF00002B
:108B50000000000000000000000000000000000015
:108B60000000000000000000000000FFFFFFFFFF0A
:108B7000FF000000000000000000000000000000F6
:108B80000000000000000000000000000000FFFFE7
:108B9000FFFFFFFF000000000000000000000000D9
:108BA00000003F7F7F7F3F1F0000000000000000AB
:108BB00000FFFFFFFFFFFF000000000000000000BB
:108BC0000000000000C0F8FEFFFFFFFF3F1F0F0F77
:108BD0000F1F1FFFFFFFFFFEF8C000000000000096
:108BE00000000000000000000000000080C0C0E0A5
:108BF000E0E0E0E0E0E0C0C0800000000000000035
:108C00000000000000000000000000000000000064
:108C10000000000000000000000000000000000054
:108C20000000000000000000000000000000000044
:108C30000000000000000000000000000000000034
:108C40000000000000000000000000000000000024
:108C5000000000000003030301000000000000000A
:108C600000000000000000000103030301000000F9
:108C700000000000000000FFFFFFFFFFFF000000FA
:108C8000000000000001030F1F7FFFFFFFFFFCF843
:108C9000E0000000000000000000FFFFFFFFFFFFFA
:108CA00000000103071F3FFFFFFFFEFCF8F0C0803C
:108CB00000000000000000000000000000FFFFFFB7
:108CC000FFFFFF3F7FFFFFFEFCFFFFFFFF7F1F0F48
:108CD0000300000000000000000000000000000091
:108CE000FFFFFFFFFFFFF0E0C000000000C0F0FC4E
:108CF000FFFFFFFFFF3F0F03000000000000000028
:108D0000000000FFFFFFFFFFFF0000000000000069
:108D100000000000C0F0FCFFFFFFFFFF3F0F00005E
:108D200000000000000080C0E0E0C0800000000003
:108D30000000000000000000000000C0E0E0E0E0F3
:108D4000C000000000000000000000000000000063
:108D50000000000000000000000000000000000013
:108D60000000000000000000000000000000000003
:108D700000000000000000000000000000000000F3
:108D800000000000000000000000000000000000E3
:108D900001030301000000000000000000000000CB
:108DA00000000000000000000000000000000000C3
:108DB0000000FFFFFFFFFFFF0000000000000000B9
:108DC00000000000000000000000000000000000A3
:108DD0000000000000FFFFFFFFFFFF000000000099
:108DE0000000000000000000000000000000000083
:108DF0000000000000000000FFFFFFFFFFFF000079
:108E00000000000000000000000000000000000062
:108E10000000000000000000000000FFFFFFFFFF57
:108E2000FF00000000000000000000000000000043
:108E30000000000000000000000000000000FFFF34
:108E4000FFFFFFFF0F0F0F0F0F0F0F0F0F0F0F0F72
:108E50000F0F0F07030000000000000000000000DB
:108E60000080C0E0E0E0E0E0E0E0E0E0E0E0E0E062
:108E7000E0E0E0E0E0E0C080000000000000000072
:108E800000000000000000000000000000000000E2
:108E900000000000000000000000000000000000D2
:108EA00000000000000000000000000000000000C2
:108EB00000000000000000000000000000000000B2
:108EC000000000000000000000000001010101019D
:108ED0000101000000000000000000000000000090
:108EE0000101010101010100000000007FFFFFFFFF
:108EF000FFFFFFFFFFFF3F01000000000000000038
:108F0000013FFFFFFFFFFFFFFFFFFF7F000000FFAC
:108F1000FFFFFFFFFFE0FFFFFFFFFF0F000000006C
:108F200000000FFFFFFFFFFFE0FFFFFFFFFFFF005D
:108F30000000FFFFFFFFFFFF0000F8FFFFFFFF7FC4
:108F4000030000037FFFFFFFFFF80000FFFFFFFFAC
:108F5000FFFF000000FFFFFFFFFFFF000000C0FE5B
:108F6000FFFFFFFF1F1FFFFFFFFFFEC0000000FF0E
:108F7000FFFFFFFFFF000000FFFFFFFFFFFF0000FC
:108F8000000000F0FFFFFFFFFFFFFFFFF000000009
:108F90000000FFFFFFFFFFFF00000080C0E0E0E0F7
:108FA0008000000000000000C0E0E0E0E0C0000041
:108FB000000000000080C0E0E0E080000000000051
:108FC00000000000000000000000000000000000A1
:108FD0000000000000000000000000000000000091
:108FE0000000000000000000000000000000000081
:108FF0000000000000000000000000000000000071
:109000000000000000000103030301000000000055
:109010000000000000000000000000030303030044
:1090200000000000000000007FFFFFFFFFFFFF7F48
:109030000F030000000000000000000000FFFFFF21
:10904000FFFFFF0000000000000000FFFFFFFFFF28
:10905000FFFCFFFFFFFF3F0F0300000000000000C8
:10906000FFFFFFFFFFFF0000000000000000FFFF08
:10907000FFFFFFFF0000C0F0FCFFFFFFFF3F0F03FB
:10908000000000FFFFFFFFFFFF00000000000000E6
:1090900000FFFFFFFFFFFF000000000000C0F0FC2A
:1090A000FFFFFFFF3F0FFFFFFFFFFFFF000000007C
:1090B00000000000FFFFFFFFFFFF000000000000B6
:1090C00000000000C0F0FCFFFFFFFFFFFFFFFF00FC
:1090D0000000000000000080C0E0E0C08000000050
:1090E0000000000000000000000000C0C0E0E0E060
:1090F000C080000000000000000000000000000030
:10910000000000000000000000000000000000005F
:10911000000000000000000000000000000000004F
:10912000000000000000000000000000000000003F
:10913000000000000000000000000000000000002F
:10914000000000000000000101010303030303030A
:109150000303010101000000000000000000000006
:1091600000000001070F3F7F7FFFFFFFFEFCF8F8C4
:10917000F8F8F8F8FCFEFFFFFF7F7F3F0F070100C4
:1091800000000000033FFFFFFFFFFFFEE080000044
:109190000000000000000000000080E0FEFFFFFF74
:1091A000FFFF3F03000000FFFFFFFFFFFFFF000086
:1091B00000000000000000000000000000000000AF
:1091C000FFFFFFFFFFFFFF000000E0FEFFFFFFFFCC
:1091D000FF3F03000000000000000000000000004E
:1091E00000033FFFFFFFFFFFFEE00000000000C0A4
:1091F000F0F8FCFEFFFFFF7F3F1F0F0F0F0F0F0F59
:109200001F3F7FFFFFFFFFFEF8F0C00000000000DF
:10921000000000000000000080C0C0C0E0E0E0E00E
:10922000E0E0E0E0C0C0C0800000000000000000FE
:10923000000000000000000000000000000000002E
:10924000000000000000000000000000000000001E
:10925000000000000000000000000000000000000E
:1092600000000000000000000000000000000000FE
:1092700000000000000000000000000000010101EB
:1092800001010101010101010101010101000000D1
:1092900000000000000000000000000000007FFF50
:1092A000FFFFFFFFF8F8F8F8F8F8F8F8FCFCFEFF0D
:1092B000FFFF7F3F1F0700000000000000000000CC
:1092C00000FFFFFFFFFFFF000000000000000000A4
:1092D000000081FFFFFFFFFFFFFF00000000000014
:1092E00000000000FFFFFFFFFFFF1F1F1F1F1F1FCA
:1092F0001F1F3F3F7FFFFFFFFFFEFCF080000000CD
:1093000000000000000000FFFFFFFFFFFFC0C0C023
:10931000C0C0C0C0C0C0C0C080800000000000004D
:1093200000000000000000000000FFFFFFFFFFFF43
:10933000000000000000000000000000000000002D
:109340000000000000000000000000000080C0E0FD
:10935000E0C08000000000000000000000000000ED
:1093600000000000000000000000000000000000FD
:1093700000000000000000000000000000000000ED
:1093800000000000000000000000000000000000DD
:1093900000000000000000000000000000000000CD
:1093A00000000000000000000000000000000000BD
:1093B00000000000000000000000000000010101AA
:1093C0000303030303030303010101000000000082
:1093D00000000000000000000001070F3F7F7FFF3A
:1093E000FFFFFEFCF8F8F8F8F8F8FCFEFFFFFF7F3F
:1093F0007F3F0F07010000000000033FFFFFFFFF5A
:10940000FFFEE080000000000000000000000000FF
:1094100080E0FEFFFFFFFFFF3F03000000FFFFFFB4
:10942000FFFFFFFF00000000000000000000000040
:10943000000000000000FFFFFFFFFFFFFF00000033
:10944000E0FEFFFFFFFFFF3F0300000000000E0FE4
:109450000F0F0707030100033FFFFFFFFFFFFEE0C1
:109460000000000000C0F0F8FEFFFFFFFF7F3F1F7D
:109470000F0F0F8FCFDFFFFFFFFFFFFFFFFFFFF398
:10948000C30100000000000000000000000080C0D8
:10949000C0C0E0E0E0E0E0E0E0E0C0C0C080C0C00C
:1094A000E0F0F8FCFCFC7C00000000000000000084
:1094B00000000000000000000000000000000000AC
:1094C000000000000000000000000000000000009C
:1094D000000000000000000000000000000000008C
:1094E000000000000000000000000000000000007C
:1094F000000000010101010101010101010101015F
:109500000101010100000000000000000000000057
:10951000000000007FFFFFFFFFFFF8F8F8F8F8F801
:10952000F8F8F8F8FCFEFFFFFF7F3F1F0F01000077
:1095300000000000000000FFFFFFFFFFFF00000031
:1095400000000000000000000001FFFFFFFFFFFF20
:10955000FE000000000000000000FFFFFFFFFFFF13
:109560003F3F3F3F3F3F3F3F3F7F7FFFFEFCFCF8D9
:10957000F0E0C000000000000000000000FFFFFF5E
:10958000FFFFFF000000000080C0E0F8FEFFFFFFCB
:109590007F3F0F07010000000000000000000000F6
:1095A000FFFFFFFFFFFF00000000000000000000C1
:1095B00080E0F8FEFFFFFFFF7F0F010000000000CA
:1095C00000000080C0E0E0C080000000000000005B
:1095D0000000000000000080C0E0E0E0C0000000EB
:1095E000000000000000000000000000000000007B
:1095F000000000000000000000000000000000006B
:10960000000000000000000000000000000000005A
:10961000000000000000000000000000000000004A
:10962000000000000000000000000000000000003A
:10963000000101030303030303030301010000000E
:109640000000000000000000000000000000030F08
:109650003F7FFFFFFEFCF8F0F0F0F0F0F0F8FCFFC9
:10966000FFFF7F3F0F01000000000000000000002E
:1096700000FCFFFFFFFFFF1F0707030301010000BE
:10968000000000E0F0F8F8F0C0000000000000006A
:10969000000000000080C0E0F0F8F8FCFCFEFEFED8
:1096A000FFFFFFFF7F7F3F3F1F0F0703000000000A
:1096B000000000000000071F1F1F1F0F0100000017
:1096C0000000000000008080C0F0FFFFFFFFFF7F70
:1096D00000000000000000000000F0FCFEFFFFFFA3
:1096E0007F1F0F0707070707070F0F1F7FFFFFFEEB
:1096F000FCF0C000000000000000000000000000BE
:109700000080C0C0C0E0E0E0E0E0E0E0E0C0C0C059
:1097100080000000000000000000000000000000C9
:109720000000000000000000000000000000000039
:109730000000000000000000000000000000000029
:109740000000000000000000000000000000000019
:109750000000000000000000000000000000000009
:1097600000000000000101010101010101010101EE
:1097700001010101010101010101010101000000DC
:1097800000000000000070F8FCFCFCFCFCFCFCFC91
:10979000FCFFFFFFFFFFFFFCFCFCFCFCFCFCFCFCF7
:1097A000F870000000000000000000000000000051
:1097B00000000000FFFFFFFFFFFF000000000000AF
:1097C0000000000000000000000000000000000099
:1097D00000000000000000FFFFFFFFFFFF0000008F
:1097E0000000000000000000000000000000000079
:1097F00000000000000000000000FFFFFFFFFFFF6F
:109800000000000000000000000000000000000058
:1098100000000000000000000000000000FFFFFF4B
:10982000FFFFFF000000000000000000000000003B
:109830000000000000000000000000000000000028
:1098400080C0E0E0C08000000000000000000000D8
:109850000000000000000000000000000000000008
:1098600000000000000000000000000000000000F8
:1098700000000000000000000000000000000000E8
:1098800000000000000000000000000000000000D8
:1098900000000000000000000000000000000000C8
:1098A00000000001030301000000000000000000B0
:1098B00000000000000000000103030100000000A0
:1098C0000000000000FFFFFFFFFFFF00000000009E
:1098D00000000000000000000000FFFFFFFFFFFF8E
:1098E0000000000000000000FFFFFFFFFFFF00007E
:1098F00000000000000000000000000000FFFFFF6B
:10990000FFFFFF0000000000000000FFFFFFFFFF5F
:10991000FF00000000000000000000000000000048
:10992000FFFFFFFFFFFF0000000000000000FEFF40
:10993000FFFFFFFF03000000000000000000000028
:10994000000003FFFFFFFFFFFF000000000000001A
:109950000000E0F8FEFFFFFF7F3F1F0F0F0F0F0F0C
:109960000F0F1F3F7FFFFFFFFEFCF0000000000015
:109970000000000000000000008080C0C0C0E0E0E7
:10998000E0E0E0E0E0E0C0C0C080000000000000D7
:1099900000000000000000000000000000000000C7
:1099A00000000000000000000000000000000000B7
:1099B00000000000000000000000000000000000A7
:1099C0000000000000000000000000000000000097
:1099D000000000000000000000000000010303037D
:1099E0000100000000000000000000000000000076
:1099F0000000030303010000000000000000F8FF66
:109A0000FFFFFFFF3F030000000000000000000018
:109A10000000011FFFFFFFFFFFF800000000000033
:109A2000000080F8FFFFFFFFFF1F010000000000A3
:109A3000000000000FFFFFFFFFFFF08000000000AC
:109A40000000000000000000F0FFFFFFFFFF1F010B
:109A500000000000000FFFFFFFFFFEF0000000000D
:109A600000000000000000000000000000E0FEFF19
:109A7000FFFFFF1F01000FFFFFFFFFFEE0000000E0
:109A800000000000000000000000000000000000D6
:109A90000000E0FCFFFFFFFFFFFFFFFFFCC0000036
:109AA00000000000000000000000000000000000B6
:109AB0000000000000000080C0E0E0E0E0C08000A6
:109AC0000000000000000000000000000000000096
:109AD0000000000000000000000000000000000086
:109AE0000000000000000000000000000000000076
:109AF0000000000000000000000000000000000066
:109B00000000000000000000000000000000000055
:109B1000000000000000030303000000000000003C
:109B2000000000010303030100000000000000002A
:109B30000000030303000000FEFFFFFFFF0300001F
:109B400000000000037FFFFFFFFFFF7F0300000016
:109B500000000003FFFFFFFFFE000000F8FFFFFF13
:109B6000FF070000000007FFFFFFFE80FEFFFFFF72
:109B7000070000000007FFFFFFFFF80000000000E3
:109B8000F0FFFFFFFF0700001FFFFFFFF8000000CE
:109B9000F8FFFFFF1F000007FFFFFFFFF0000000BE
:109BA00000000000E0FFFFFFFF0F7FFFFFFFF0005E
:109BB00000000000F0FFFFFF7F0FFFFFFFFFE0004E
:109BC0000000000000000000C0FFFFFFFFFFFFFEDD
:109BD000C000000000000000C0FEFFFFFFFFFFFF0D
:109BE000C0000000000000000000000000C0E0E035
:109BF000E0C00000000000000000000000C0E0E045
:109C0000E0C00000000000000000000000000000B4
:109C10000000000000000000000000000000000044
:109C20000000000000000000000000000000000034
:109C30000000000000000000000000000000000024
:109C40000000000000000000000000000000000014
:109C500000000103030301000000000000000000F9
:109C600000000000000001030303010000000000E9
:109C700000000000F0FCFFFFFFFF7F3F0F0100002E
:109C80000000000000030F3FFFFFFFFFFEF8000091
:109C900000000000000000000000C0F0FCFFFFFF1B
:109CA000FF7F1F07071F3FFFFFFFFFFEF8E0800059
:109CB00000000000000000000000000000000000A4
:109CC00000C3FFFFFFFFFFFFFFFFFFFFC300000018
:109CD0000000000000000000000000000000000183
:109CE000071F3FFFFFFFFFFFFCF0F0FCFEFFFFFF41
:109CF000FF3F1F07010000000000000000000007F8
:109D00001F7FFFFFFFFFFEF8E08000000000000063
:109D100080E0F8FEFFFFFFFF7F1F0700000000004C
:109D20000000C0E0E0E0E0C08000000000000000B3
:109D30000000000000000080C0E0E0E0C080000003
:109D40000000000000000000000000000000000013
:109D50000000000000000000000000000000000003
:109D600000000000000000000000000000000000F3
:109D700000000000000000000000000000000000E3
:109D800000000000000000000000000001030303C9
:109D900001000000000000000000000000000000C2
:109DA0000000010303030100000000000000E0FCCC
:109DB000FFFFFFFFFF3F0F03000000000000000057
:109DC0000001071F7FFFFFFFFFFCF0000000000005
:109DD00000000000C0F0F8FEFFFFFFFF3F0701009A
:109DE00001071F7FFFFFFFFEFCF0C0000000000026
:109DF000000000000000000000000080E0F8FEFF0E
:109E0000FFFF7FFFFFFFFEF8E08000000000000082
:109E10000000000000000000000000000000000042
:109E20000000FFFFFFFFFFFFFF0000000000000039
:109E30000000000000000000000000000000000022
:109E40000000000000FFFFFFFFFFFFFF0000000019
:109E50000000000000000000000000000000000002
:109E6000000000000000000080C0E0E0E0C08000D2
:109E700000000000000000000000000000000000E2
:109E800000000000000000000000000000000000D2
:109E900000000000000000000000000000000000C2
:109EA00000000000000000000000000000000000B2
:109EB00000000000000000000000000000000000A2
:109EC000000000000000000001010101010101018A
:109ED0000101010101010101010101010101010172
:109EE00001000000000000000000F0F8F8F8F8F8A9
:109EF000F8F8F8F8F8F8F8F8F8F8F8F9FFFFFFFFC5
:109F0000FFFFFFFFFE000000000000000000000057
:109F100000000000000000000001070F3F7FFFFF6E
:109F2000FFFFFEF8F0C0800000000000000000000D
:109F30000000000000000001071F3FFFFFFFFFFFC0
:109F4000FCF8E0C00000000000000000000000007D
:109F5000000000000003071F3FFFFFFFFFFFFCF8AA
:109F6000E080000000000000000000000000000091
:109F7000000000000F1F7FFFFFFFFFFFFFF7E787D5
:109F80000707070707070707070707070707070761
:109F90000707030000000080C0E0E0E0E0E0E0E050
:109FA000E0E0E0E0E0E0E0E0E0E0E0E0E0E0E0E0B1
:109FB000E0E0E0E0E0C00000000000000000000081
:109FC0000000000000000000000000000000000091
:109FD0000000000000000000000000000000000081
:109FE0000000000000000000000000000000000071
:109FF0000000000000000000000000000000000061
:10A000000000000103030303030303030000000037
:10A010000000000000000000000000000000000040
:10A020000000000000FFFFFFFFFFF0F0F0F0F00085
:10A030000000000000000000000000000000000020
:10A040000000000000000000FFFFFFFFFF00000015
:10A050000000000000000000000000000000000000
:10A060000000000000000000000000FFFFFFFFFFF5
:10A0700000000000000000000000000000000000E0
:10A080000000000000000000000000000000FFFFD2
:10A09000FFFFFF00000000000000000000000000C3
:10A0A00000000000000000000000000000000000B0
:10A0B00000FFFFFFFFFF00000000000000000000A5
:10A0C0000000000000000000000000000000000090
:10A0D00000000000FFFFFFFFFF0000000000000085
:10A0E0000000000000000000000000000000000070
:10A0F00000000000000000F0F8FCFCFCFCFCFCFC94
:10A10000FC00000000000000000000000000000053
:10A11000000000000000000000000000000000003F
:10A12000000000000000000000000000000000002F
:10A130000000000000000000000000000303010018
:10A14000000000000000000000000000000000000F
:10A15000000000000000000000000000000080FF80
:10A16000FFFF1F00000000000000000000000000D2
:10A1700000000000000000000000000000000000DF
:10A18000000000FEFFFF3F00000000000000000094
:10A1900000000000000000000000000000000000BF
:10A1A00000000000000000FCFFFFFF0100000000B5
:10A1B000000000000000000000000000000000009F
:10A1C0000000000000000000000000F8FFFFFF0397
:10A1D000000000000000000000000000000000007F
:10A1E000000000000000000000000000000000F07F
:10A1F000FFFFFF070000000000000000000000005B
:10A20000000000000000000000000000000000004E
:10A21000000000C0E0E0C0000000000000000000FE
:10A22000000000000000000000000000000000002E
:10A23000000000000000000000000000000000001E
:10A24000000000000000000000000000000000000E
:10A2500000000000000000000000000000000000FE
:10A2600000000000000000000000000000000000EE
:10A2700000000000000000010303030303030301C7
:10A2800000000000000000000000000000000000CE
:10A2900000000000000000000000E0F0F0F0F0FF1F
:10A2A000FFFFFFFF000000000000000000000000B2
:10A2B000000000000000000000000000000000009E
:10A2C0000000FFFFFFFFFF00000000000000000093
:10A2D000000000000000000000000000000000007E
:10A2E0000000000000FFFFFFFFFF00000000000073
:10A2F000000000000000000000000000000000005E
:10A300000000000000000000FFFFFFFFFF00000052
:10A31000000000000000000000000000000000003D
:10A320000000000000000000000000FFFFFFFFFF32
:10A33000000000000000000000000000000000001D
:10A340000000000000000000000000000000FFFF0F
:10A35000FFFFFF0000000000000000000000000000
:10A3600000000000000000000000000078FCFCFC81
:10A37000FCFCFCFCF8F00000000000000000000005
:10A3800000000000000000000000000000000000CD
:10A3900000000000000000000000000000000000BD
:10A3A00000000000000000000000000000000000AD
:10A3B0000000000000000000000103030303000090
:10A3C000000000000000000000000000000000008D
:10A3D00000000000000000000000031FFFFFFFFF5F
:10A3E000FFFF0F0000000000000000000000000060
:10A3F0000000000000000000000000073FFFFFFF1A
:10A40000F880C0FCFFFFFF1F0100000000000000FB
:10A41000000000000000000000000000047CFCFCC4
:10A42000FCF88000000000C0FCFCFCFC3C040000C8
:10A43000000000000000000000000000000000001C
:10A44000000000000000000000000000000000000C
:10A4500000000000000000000000000000000000FC
:10A4600000000000000000000000000000000000EC
:10A4700000000000000000000000000000000000DC
:10A4800000000000000000000000000000000000CC
:10A4900000000000000000000000000000000000BC
:10A4A00000000000000000000000000000000000AC
:10A4B000000000000000000000000000000000009C
:10A4C000000000000000000000000000000000008C
:10A4D000000000000000000000000000000000007C
:10A4E000000000000000000000000000000000006C
:10A4F000000000000000000000000000000000005C
:10A50000000000000000000000000000000000004B
:10A51000000000000000000000000000000000003B
:10A52000000000000000000000000000000000002B
:10A53000000000000000000000000000000000001B
:10A54000000000000000000000000000000000000B
:10A5500000000000000000000000000000000000FB
:10A5600000000000000000000000000000000000EB
:10A5700000000000000000000000000000000000DB
:10A5800000000000000000000000000000000000CB
:10A5900000000000000000000000000000000000BB
:10A5A00000000000000000000000000000000000AB
:10A5B000000000000000000000000000000000009B
:10A5C000000000000000000000000000000000008B
:10A5D000000000000000000000000000000000007B
:10A5E00000E0E0E0E0E0E0E0E0E0E0E0E0E0E0E04B
:10A5F000E0E0E0E0000000000000000000000000DB
:10A60000000000000000000000000000000000004A
:10A61000000000000000000000000000000000003A
:10A620000000000000000000010101010100000025
:10A63000000000000000000000000000000000001A
:10A6400000000000000000000000000080E0F0FCBE
:10A65000FE3E0600000000000000000000000000B8
:10A6600000000000000000000000000000000000EA
:10A6700000000000000000000000000000000000DA
:10A6800000000000000000000000000000000000CA
:10A6900000000000000000000000000000000000BA
:10A6A00000000000000000000000000000000000AA
:10A6B000000000000000000000000000000000009A
:10A6C000000000000000000000000000000000008A
:10A6D000000000000000000000000000000000007A
:10A6E000000000000000000000000000000000006A
:10A6F000000000000000000000000000000000005A
:10A700000000000000000000000000000000000049
:10A710000000000000000000000000000000000039
:10A720000000000000000000000000000000000029
:10A730000000000000000000000000000000000019
:10A740000000000000000000000000000000000009
:10A7500000000000000000000000000000000000F9
:10A7600000000000000000000000000000000000E9
:10A7700000000000000000000000000000000000D9
:10A7800000000000000000000000000000000000C9
:10A7900000000000000000000000000000000000B9
:10A7A0000000000000000000000000030F0F1F1F4A
:10A7B0003F3F3F3F3F3F3F1F1F0F0700000000008C
:10A7C00000000000000000000000000000F8FCFC99
:10A7D000F8E080800000010181C3FFFFFFFFFF0060
:10A7E0000000000000000000000000000000000366
:10A7F0000F1F3F7F7E7CF8F8F8F0F0F0E0FFFFFFDE
:10A80000FFFF00000000000000000000000000004A
:10A810000000FCFFFFFFFF1F0F070707070F1F7E4A
:10A82000FCFFFFFFFF070000000000000000000029
:10A830000000000000000080C0E0E0E0E0E0C0C0F8
:10A840008000000080C0E0E0800000000000000008
:10A8500000000000000000000000000000000000F8
:10A8600000000000000000000000000000000000E8
:10A8700000000000000000000000000000000000D8
:10A8800000000000000000000000000000000000C8
:10A8900000000000000000000000000000000000B8
:10A8A000030303000000000000000000000000009F
:10A8B0000000000000000000000000000000000098
:10A8C0000000FFFFFFFFFF0000000000000000008D
:10A8D0000000000000000000000000000000000078
:10A8E0000000000000FFFFFFFFFF03070F1F3F3FB7
:10A8F0003F3F3F1F1F0F030000000000000000004B
:10A900000000000000000000FFFFFFFFFFFEE0C0AE
:10A910008000000080C0F8FFFFFFFF0F0000000074
:10A920000000000000000000000000FFFFFFFFFF2C
:10A9300001000000000000000000FFFFFFFFFF001B
:10A940000000000000000000000000000000FFFF09
:10A95000FFFFFFFE3F0F070707070F1FFFFFFFFE69
:10A96000F0000000000000000000000000000000F7
:10A970000080E0E0E080000080C0E0E0E0E0E0C0D7
:10A980008000000000000000000000000000000047
:10A9900000000000000000000000000000000000B7
:10A9A00000000000000000000000000000000000A7
:10A9B0000000000000000000000000000000000097
:10A9C0000000000000000000000000000000000087
:10A9D0000000000000000000000000000000000077
:10A9E0000000000000000000000000000000000067
:10A9F0000000000000000000000000000000000057
:10AA00000000000000000000000000000000000046
:10AA10000000000000000000000000000000000036
:10AA2000000001070F1F1F3F3F3F3F3F3F1F0F0722
:10AA30000301000000000000000000000000000012
:10AA4000000000077FFFFFFFF8E0800000000080AB
:10AA5000E0F8FEFEFC000000000000000000000026
:10AA6000000000000000FFFFFFFFFF0000000000EB
:10AA700000000000000307030000000000000000C9
:10AA800000000000000000000080F0FCFFFFFF1F3E
:10AA90000F070707070F3FFFFFFEFCE00000000065
:10AAA00000000000000000000000000000000000A6
:10AAB00080C0C0E0E0E0E0E0E0C080800000000096
:10AAC0000000000000000000000000000000000086
:10AAD0000000000000000000000000000000000076
:10AAE0000000000000000000000000000000000066
:10AAF0000000000000000000000000000000000056
:10AB00000000000000000000000000000000000045
:10AB10000000000000000000000000000000000035
:10AB2000000000000303030100000000000000001B
:10AB30000000000000000000000000000000000015
:10AB4000000000000000FFFFFFFFFF00000000000A
:10AB5000000000000000000000000000030F1F1FA5
:10AB60003F3F3F3F3F1F0F0703FFFFFFFFFF000077
:10AB7000000000000000000000000000000FFFFFC8
:10AB8000FFFFF8E08000000080C0E0FEFFFFFFFF55
:10AB9000FF000000000000000000000000000000B6
:10ABA000FFFFFFFFFF00000000000000000003FFA8
:10ABB000FFFFFFFF00000000000000000000000099
:10ABC00000000000F0FEFFFFFF1F0F070707070F41
:10ABD0003FFEFFFFFFFFFF0000000000000000003D
:10ABE0000000000000000000000080C0E0E0E0E0A5
:10ABF000E0C080000080E0E0E08000000000000095
:10AC00000000000000000000000000000000000044
:10AC10000000000000000000000000000000000034
:10AC20000000000000000000000000000000000024
:10AC30000000000000000000000000000000000014
:10AC40000000000000000000000000000000000004
:10AC500000000000000000000000000000000000F4
:10AC600000000000000000000000000000000000E4
:10AC700000000000000000000000000000000000D4
:10AC800000000000000000000000000000000000C4
:10AC9000000000000000000001070F1F1F3F3F3FA2
:10ACA0003F3F1F1F0F0701000000000000000000D1
:10ACB000000000000000000000077FFFFFFFF0C061
:10ACC0008000000080C0F0FFFFFF7F070000000051
:10ACD000000000000000000000000000FFFFFFFF78
:10ACE000FFF8F8F8F8F8F8F8F8F8F8F8F8F0C00015
:10ACF00000000000000000000000000000000080D4
:10AD0000F0FCFFFF7F1F0F070707070F1F3F7FFFA5
:10AD1000FC00000000000000000000000000000037
:10AD200000000000000080C0C0E0E0E0E0E0E0C023
:10AD3000C0800000000000000000000000000000D3
:10AD40000000000000000000000000000000000003
:10AD500000000000000000000000000000000000F3
:10AD600000000000000000000000000000000000E3
:10AD700000000000000000000000000000000000D3
:10AD800000000000000000000000000000000101C1
:10AD900003030303030100000000000000000000A3
:10ADA0000000000000000000000000000000001F84
:10ADB000FFFFFFFFF8F0F0F0F0E0000000000000FF
:10ADC0000000000000000000000000000000001F64
:10ADD0001F1FFFFFFFFFFF1F1F1F0F0000000000CE
:10ADE0000000000000000000000000000000000063
:10ADF0000000808080FFFFFFFFFF80808000000058
:10AE00000000000000000000000000000000000042
:10AE10000000000000000000FFFFFFFFFF00000037
:10AE20000000000000000000000000000000000022
:10AE30000000000000000000000000FFFFFFFFFF17
:10AE40000000000000000000000000000000000002
:10AE5000000000000000000000000000000080E092
:10AE6000E0E08000000000000000000000000000A2
:10AE700000000000000000000000000000000000D2
:10AE800000000000000000000000000000000000C2
:10AE900000000000000000000000000000000000B2
:10AEA00000000000000000000000000000000000A2
:10AEB0000000000000000000000000000000000092
:10AEC0000000000000000000000000000000000082
:10AED0000000000000000000000000000000000072
:10AEE0000000000000000000000000000000000062
:10AEF0000000000000000000000000000000000052
:10AF00000000000000000000000000000003070F28
:10AF10001F3F3F3F3F3F1F0F07030F3F3F3F1F00B4
:10AF200000000000000000000000000000000FFF13
:10AF3000FFFFFFF8C0800000000080E0FCFFFFFF83
:10AF4000FFFF000000000000000000000000000003
:10AF500000FFFFFFFFFF00000000000000000000F6
:10AF6000FFFFFFFFFF0000000000000000000000E6
:10AF70000000000000F0FEFFFFFF1F0F070707079C
:10AF80000F3FFEFFFFFFFFFF00000000000000007A
:10AF90000000000000000000070F0F83C1E0E0E0A8
:10AFA000E0E0C0800003FFFFFFFFFE0000000000A4
:10AFB0000000000000000000000000E0F8FCFCFEC3
:10AFC0007E3F3F3F3F3F7FFEFEFEFCF0E000000083
:10AFD0000000000000000000000000000000000071
:10AFE0000000000000000000000000000000000061
:10AFF0000000000000000000000000000000000051
:10B000000000030303000000000000000000000037
:10B010000000000000000000000000000000000030
:10B0200000000000FFFFFFFFFF0000000000000025
:10B030000000000000000000000000000000000010
:10B0400000000000000000FFFFFFFFFF030F1F1FB5
:10B050003F3F3F3F3F1F0F03000000000000000084
:10B0600000000000000000000000FFFFFFFFFFF0F5
:10B07000C08000000080E0FFFFFFFFFF0000000035
:10B0800000000000000000000000000000FFFFFFC3
:10B09000FFFF0000000000000000FFFFFFFFFF00B7
:10B0A00000000000000000000000000000000000A0
:10B0B000FFFFFFFFFF0000000000000000FFFFFF98
:10B0C000FFFF000000000000000000000000000082
:10B0D000000000C0E0E0E080000000000000000090
:10B0E00080E0E0E0800000000000000000000000C0
:10B0F0000000000000000000000000000000000050
:10B10000000000000000000000000000000000003F
:10B11000000000000000000000000000000000002F
:10B12000000000000000000000000000000000001F
:10B130000000000000000000000000000000030309
:10B1400003010000000000000000000000000000FB
:10B1500000000000000000000000000000000000EF
:10B16000F8FCFCFCF80000000000000000000000FB
:10B1700000000000000000000000000000000000CF
:10B180000000000F3F3F3F0F0000000000000000E4
:10B1900000000000000000000000000000000000AF
:10B1A000000000000000FFFFFFFFFF0000000000A4
:10B1B000000000000000000000000000000000008F
:10B1C000000000000000000000FFFFFFFFFF000084
:10B1D000000000000000000000000000000000006F
:10B1E000000000000000000000000000FFFFFFFF63
:10B1F000FF00000000000000000000000000000050
:10B2000000000000000000000000000000000080BE
:10B21000E0E0E0800000000000000000000000000E
:10B22000000000000000000000000000000000001E
:10B23000000000000000000000000000000000000E
:10B2400000000000000000000000000000000000FE
:10B2500000000000000000000000000000000000EE
:10B2600000000000000000000000000000000000DE
:10B2700000000000000000000003030301000000C4
:10B2800000000000000000000000000000000000BE
:10B290000000000000000000000000F8FCFCFCF8CA
:10B2A000000000000000000000000000000000009E
:10B2B00000000000000000000000000000000F3F40
:10B2C0003F3F0F00000000000000000000000000F1
:10B2D000000000000000000000000000000000006E
:10B2E00000FFFFFFFFFF0000000000000000000063
:10B2F000000000000000000000000000000000004E
:10B3000000000000FFFFFFFFFF0000000000000042
:10B31000000000000000000000000000000000002D
:10B3200000000000000000FFFFFFFFFF0000000022
:10B33000000000000000000000000000000000000D
:10B3400000000000000000000000FFFFFFFFFF0002
:10B3500000000000000000000000000000000000ED
:10B36000000000000000000000007F7FFFFFFFFEE4
:10B37000FCE00000000000000000000000000000F1
:10B3800000000000000000000000000000000000BD
:10B3900000000000000000000000000000000000AD
:10B3A000000000000000000000000000000000009D
:10B3B0000000000003030300000000000000000084
:10B3C000000000000000000000000000000000007D
:10B3D000000000000000FFFFFFFFFF000000000072
:10B3E000000000000000000000000000000000005D
:10B3F000000000000000000000FFFFFFFFFF000052
:10B40000000001070F3F3F3F0C000000000000005C
:10B41000000000000000000000000000FFFFFFFF30
:10B42000FF030F1F7FFFFFF8F0C080000000000047
:10B43000000000000000000000000000000000FF0D
:10B44000FFFFFFFFFEFCF0FCFFFFFF3F07010000D6
:10B4500000000000000000000000000000000000EC
:10B460000000FFFFFFFFFF0000000080E0FCFFFF87
:10B47000FF3F0F000000000000000000000000007F
:10B48000000000000080E0E0E0800000000000001C
:10B490000080C0E0E0C000000000000000000000EC
:10B4A000000000000000000000000000000000009C
:10B4B000000000000000000000000000000000008C
:10B4C000000000000000000000000000000000007C
:10B4D000000000000000000000000000000000006C
:10B4E0000000000000000000000000000000000359
:10B4F0000303000000000000000000000000000046
:10B50000000000000000000000000000000000003B
:10B5100000FFFFFFFFFF0000000000000000000030
:10B52000000000000000000000000000000000001B
:10B5300000000000FFFFFFFFFF0000000000000010
:10B5400000000000000000000000000000000000FB
:10B5500000000000000000FFFFFFFFFF00000000F0
:10B5600000000000000000000000000000000000DB
:10B5700000000000000000000000FFFFFFFFFF00D0
:10B5800000000000000000000000000000000000BB
:10B5900000000000000000000000000000FFFFFFAE
:10B5A000FFFF00000000000000000000000000009D
:10B5B000000000000000000000000000000000008B
:10B5C00080E0E0E0800000000000000000000000DB
:10B5D000000000000000000000000000000000006B
:10B5E000000000000000000000000000000000005B
:10B5F000000000000000000000000000000000004B
:10B60000000000000000000000000000000000003A
:10B61000000000000000000000000000000000002A
:10B62000000000000000000000000000000000001A
:10B63000000000000000000000000000000000000A
:10B6400000000000000000000000000000000000FA
:10B6500000000000000000000000000000000000EA
:10B6600000000000000000000000000000001F3F7C
:10B670003F3F0F070F1F1F3F3F3F3F1F1F070107A0
:10B680000F1F3F3F3F3F1F1F07010000000000004A
:10B6900000FFFFFFFFFFF08000000000C0FFFFFF82
:10B6A000FFFFF080000000C0FFFFFFFFFF00000071
:10B6B00000000000FFFFFFFFFF000000000000008F
:10B6C000FFFFFFFFFF000000000000FFFFFFFFFF84
:10B6D00000000000000000FFFFFFFFFF000000006F
:10B6E000000000FFFFFFFFFF000000000000FFFF61
:10B6F000FFFFFF0000000000000080E0E0E08000AD
:10B7000000000000000080E0E0E080000000000099
:10B710000080E0E0E0800000000000000000000089
:10B720000000000000000000000000000000000019
:10B730000000000000000000000000000000000009
:10B7400000000000000000000000000000000000F9
:10B7500000000000000000000000000000000000E9
:10B7600000000000000000000000000000000000D9
:10B7700000000000000000000000000000000000C9
:10B7800000000000000000000000000000000000B9
:10B7900000000000000000000000000000000000A9
:10B7A0000000000000000000001F3F3F3F0F030F9C
:10B7B0001F1F3F3F3F3F3F1F0F07000000000000DB
:10B7C000000000000000000000000000FFFFFFFF7D
:10B7D000FFF0C08000000080E0FFFFFFFFFF0000DF
:10B7E000000000000000000000000000000000FF5A
:10B7F000FFFFFFFF0000000000000000FFFFFFFF51
:10B80000FF00000000000000000000000000000039
:10B810000000FFFFFFFFFF0000000000000000FF2E
:10B82000FFFFFFFF0000000000000000000000001C
:10B83000000000000080E0E0E08000000000000068
:10B84000000080E0E0E08000000000000000000058
:10B8500000000000000000000000000000000000E8
:10B8600000000000000000000000000000000000D8
:10B8700000000000000000000000000000000000C8
:10B8800000000000000000000000000000000000B8
:10B8900000000000000000000000000000000000A8
:10B8A0000000000000000000000000000000000098
:10B8B0000000000000000000000000000000000088
:10B8C0000000000000000000000000000000000078
:10B8D0000000000000000000000000000000000068
:10B8E000000000000001070F1F1F3F3F3F3F3F3F89
:10B8F0001F1F0F07010000000000000000000000F3
:10B90000000000000000077FFFFFFFF8C08000007C
:10B91000000080C0F8FFFFFF7F070000000000006C
:10B92000000000000000000000FFFFFFFFFF00001C
:10B930000000000000000000FFFFFFFFFF0000000C
:10B9400000000000000000000000000000F0FCFF0C
:10B95000FFFF1F0F070707070F3FFFFFFFFCF00068
:10B9600000000000000000000000000000000000D7
:10B9700000000080C0C0E0E0E0E0E0E0C0C0800087
:10B9800000000000000000000000000000000000B7
:10B9900000000000000000000000000000000000A7
:10B9A0000000000000000000000000000000000097
:10B9B0000000000000000000000000000000000087
:10B9C0000000000000000000000000000000000077
:10B9D0000000000000000000000000000000000067
:10B9E0000000000000000000000000000000000057
:10B9F0000000000000000000000000000000000047
:10BA00000000000000000000000000000000000036
:10BA10000000000000000000000000000000001F07
:10BA20003F3F3F0F01070F1F3F3F3F3F3F1F0F07A4
:10BA30000300000000000000000000000000000003
:10BA40000000FFFFFFFFFFFEE0808000000080C0DD
:10BA5000F8FFFFFF7F0F0000000000000000000063
:10BA60000000000000FFFFFFFFFF030000000000D8
:10BA700000000000FFFFFFFFFF00000000000000CB
:10BA80000000000000000000FFFFFFFFFFFE3F0F6F
:10BA90000F0707070F3FFFFFFFFEF0000000000049
:10BAA0000000000000000000000000FFFFFFFFFF9B
:10BAB000000080C0E0E0E0E0E0C0800000000000A6
:10BAC0000000000000000000000000000000FEFF79
:10BAD000FFFFFC000000000000000000000000006C
:10BAE0000000000000000000000000000000000056
:10BAF0000000000000000000000000000000000046
:10BB00000000000000000000000000000000000035
:10BB10000000000000000000000000000000000025
:10BB20000000000000000000000000000000000015
:10BB30000000000000000000000000000000000005
:10BB400000000000000000000000000000000000F5
:10BB5000000000000000000000000003070F1F3F6E
:10BB60003F3F3F3F1F0F07031F3F3F3F1F000000A6
:10BB70000000000000000000000000000FFFFFFFB9
:10BB8000FFF8E0800000008080E0FEFFFFFFFFFF85
:10BB9000000000000000000000000000000000FFA6
:10BBA000FFFFFFFF00000000000000000003FFFF98
:10BBB000FFFFFF0000000000000000000000000088
:10BBC000000080F0FEFFFFFF3F0F0707070F0F3F4A
:10BBD000FEFFFFFFFFFF000000000000000000006C
:10BBE00000000000000000000080C0E0E0E0E0E0B5
:10BBF000C0800000FFFFFFFFFF000000000000000A
:10BC00000000000000000000000000000000000034
:10BC100000000000000000FEFFFFFFFC000000002D
:10BC20000000000000000000000000000000000014
:10BC30000000000000000000000000000000000004
:10BC400000000000000000000000000000000000F4
:10BC500000000000000000000000000000000000E4
:10BC600000000000000000000000000000000000D4
:10BC700000000000000000000000000000000000C4
:10BC800000000000000000000000000000000000B4
:10BC900000000000000F3F3F3F0F070F3F3F3F3FB7
:10BCA0001F0F030000000000000000000000000063
:10BCB0000000000000000000FFFFFFFFFFFCC0804D
:10BCC0008080C0C0C0000000000000000000000034
:10BCD0000000000000000000000000FFFFFFFFFF69
:10BCE0000000000000000000000000000000000054
:10BCF0000000000000000000000000000000FFFF46
:10BD0000FFFFFF0000000000000000000000000036
:10BD10000000000000000000000000000000000023
:10BD20000080E0E0E0800000000000000000000073
:10BD30000000000000000000000000000000000003
:10BD400000000000000000000000000000000000F3
:10BD500000000000000000000000000000000000E3
:10BD600000000000000000000000000000000000D3
:10BD700000000000000000000000000000000000C3
:10BD800000000000000000000000000000000000B3
:10BD900000000000000000000000000000000000A3
:10BDA0000000000000000000000000000000000093
:10BDB0000000000000000000000000000000000083
:10BDC0000000000000000000000000000000000073
:10BDD00000070F1F1F3F3E3E3E3E3F1F1F0F070144
:10BDE0000000000000000000000000000000000053
:10BDF000000000FCFFFFFFFF0F0703030101C1F07C
:10BE0000F8F0F0000000000000000000000000005A
:10BE10000000000000000103C1C1E0F0F0F0F8F8FC
:10BE2000FCFEFF7F7F1F07000000000000000000F5
:10BE3000000000000000000000FCFFFFFF3F1F0F9C
:10BE40000707070F1FFFFFFFFEF0000000000000C4
:10BE5000000000000000000000000000000080C0A2
:10BE6000C0E0E0E0E0E0E0C0C080000000000000D2
:10BE700000000000000000000000000000000000C2
:10BE800000000000000000000000000000000000B2
:10BE900000000000000000000000000000000000A2
:10BEA0000000000000000000000000000000000092
:10BEB0000000000000000000000000000000000082
:10BEC000000000000000000101010000000000006F
:10BED0000000000000000000000000000000000062
:10BEE0000000000000000000007FFFFFFF7F000057
:10BEF0000000000000000000000000000000000042
:10BF00000000000000000000000F1F1FFFFFFFFFE8
:10BF1000FF1F1F1F0F0000000000000000000000B6
:10BF2000000000000000000000000000008080FF12
:10BF3000FFFFFFFF80808000000000000000000085
:10BF400000000000000000000000000000000000F1
:10BF50000000FFFFFFFFFF000000000000000000E6
:10BF600000000000000000000000000000000000D1
:10BF70000000000000FEFFFFFFFF0F07070F070391
:10BF800000000000000000000000000000000000B1
:10BF900000000000000000000080C0E0E0E0E0E001
:10BFA000C0C0000000000000000000000000000011
:10BFB0000000000000000000000000000000000081
:10BFC0000000000000000000000000000000000071
:10BFD0000000000000000000000000000000000061
:10BFE0000000000000000000000000000000000051
:10BFF0000000000000000000000000000000000041
:10C000000000000000000000000000000000000030
:10C010000000000000000000000000000000000020
:10C020000000000000000000000000000000000010
:10C030000000000000000000000000000000000000
:10C040000000000000000F3F3F3F0F000000000015
:10C050000000000F3F3F3F0F000000000000000005
:10C06000000000000000000000FFFFFFFFFF0000D5
:10C07000000000000000FFFFFFFFFF0000000000C5
:10C08000000000000000000000000000FFFFFFFFB4
:10C09000FF0000000000000000FFFFFFFFFF0000A6
:10C0A000000000000000000000000000000000F898
:10C0B000FFFFFFFF3F0F0707070F1F7EFFFFFFFF79
:10C0C000FF00000000000000000000000000000071
:10C0D0000000000080C0E0E0E0E0E0C0C080008040
:10C0E000E0E0E0C0000000000000000000000000F0
:10C0F0000000000000000000000000000000000040
:10C10000000000000000000000000000000000002F
:10C11000000000000000000000000000000000001F
:10C12000000000000000000000000000000000000F
:10C1300000000000000000000000000000000000FF
:10C1400000000000000000000000000000000000EF
:10C1500000000000000000000000000000000000DF
:10C1600000000000000000000000000000000000CF
:10C1700000000000000000000000000000000000BF
:10C180001F3F3F1F0300000000000000011F3F3F52
:10C190001F00000000000000000000000000000080
:10C1A00000000080F8FFFFFF1F00000000001FFFDD
:10C1B000FFFFF88000000000000000000000000009
:10C1C000000000000000000080FCFFFFFF070007E8
:10C1D000FFFFFFFC800000000000000000000000E6
:10C1E00000000000000000000000000000C0FCFF94
:10C1F000FF3FFFFFFCC00000000000000000000047
:10C20000000000000000000000000000000000002E
:10C210000000C0E0E0E0C0000000000000000000FE
:10C22000000000000000000000000000000000000E
:10C2300000000000000000000000000000000000FE
:10C2400000000000000000000000000000000000EE
:10C2500000000000000000000000000000000000DE
:10C2600000000000000000000000000000000000CE
:10C2700000000000000000000000000000000000BE
:10C2800000000000000000000000000000000000AE
:10C29000000000000000000000000000000000009E
:10C2A000000000000000000000000000000000008E
:10C2B00000000000000000000000001F3F3F1F03BF
:10C2C000000000000000071F3F3F1F0700000000A4
:10C2D0000000031F3F3F1F0000000000000080FC23
:10C2E000FFFFFF0F000000003FFFFFFFFFFFFF3FCA
:10C2F000000000000FFFFFFFFC80000000000000B6
:10C30000000000E0FFFFFF3F0003FFFFFFF8000019
:10C31000FCFFFFFF03003FFFFFFFE0000000000005
:10C320000000000000000000F0FFFFFFFFFFFFE043
:10C3300000000000E0FFFFFFFFFFFFF00000000033
:10C3400000000000000000000000000080C0E0E0ED
:10C35000C00000000000000000C0E0E0C08000005D
:10C3600000000000000000000000000000000000CD
:10C3700000000000000000000000000000000000BD
:10C3800000000000000000000000000000000000AD
:10C39000000000000000000000000000000000009D
:10C3A000000000000000000000000000000000008D
:10C3B000000000000000000000000000000000007D
:10C3C000000000000000000000000000000000006D
:10C3D000000000000000000000000000000000005D
:10C3E000000000000000000000000000000000004D
:10C3F000000000000000043F3F3F0F03000000006A
:10C4000000031F3F3F3F0400000000000000000049
:10C410000000000000000000000080F0FCFFFFFFB3
:10C420001F071FFFFFFFFCE080000000000000006E
:10C4300000000000000000000000000000000001FB
:10C440000FFFFFFFFFFFFFFF0F01000000000000D4
:10C4500000000000000000000000000000000003D9
:10C460001F7FFFFFFEF0C000C0F0FEFFFF7F1F0335
:10C4700000000000000000000000000000000000BC
:10C480000000C0E0E0C0800000000000000080C0AC
:10C49000E0E0C0000000000000000000000000001C
:10C4A000000000000000000000000000000000008C
:10C4B000000000000000000000000000000000007C
:10C4C000000000000000000000000000000000006C
:10C4D000000000000000000000000000000000005C
:10C4E000000000000000000000000000000000004C
:10C4F000000000000000000000000000000000003C
:10C50000000000000000000000000000000000002B
:10C51000000000000000000000000000000000001B
:10C52000000000000000000000000000000000000B
:10C53000000F3F3F3F070000000000000000031F06
:10C540003F3F1F000000000000000000000000004E
:10C550000000000080F8FFFFFF7F030000000001E3
:10C560003FFFFFFFF8800000000000000000000017
:10C57000000000000000000000C0FCFFFFFF1F00E3
:10C58000000FFFFFFFFCC0000000000000000000E3
:10C590000000000000000000000000000000C0FCDF
:10C5A000FFFFFF7FFFFFFEE0000000000000000033
:10C5B000000000000000000000000000000000007B
:10C5C000000001EFFFFFFFFFE0000000000000009F
:10C5D0000000000000000000000000000000000853
:10C5E0003E3F3F3F7FFFFEFEF8E0000000000000FE
:10C5F000000000000000000000000000000000003B
:10C60000000000000000000000000000000000002A
:10C61000000000000000000000000000000000001A
:10C62000000000000000000000000000000000000A
:10C6300000000000000000000000000000000000FA
:10C6400000000000000000000000000000000000EA
:10C6500000000000000000000000000000000000DA
:10C66000000000000000000000000000001F1F1F6D
:10C670001F1F1F1F1F1F1F1F1F1F1F1F0F00000037
:10C6800000000000000000000000000000000000AA
:10C6900080808080808080838FFFFFFFFEF8E080B5
:10C6A000000000000000000000000000000000008A
:10C6B000000000000001070F3FFFFFFEF8E08000D0
:10C6C000000000000000000000000000000000006A
:10C6D0000000000000071F7FFFFFFFFFE78707073D
:10C6E000070707070707030000000000000000001D
:10C6F0000000000000000000C0E0E0E0E0E0E0E05A
:10C70000E0E0E0E0E0E0E0E0E0C000000000000089
:10C710000000000000000000000000000000000019
:10C720000000000000000000000000000000000009
:10C7300000000000000000000000000000000000F9
:10C7400000000000000000000000000000000000E9
:10C7500000000000000000000000000000000000D9
:10C7600000000000000000000103030303000000BC
:10C7700000000000000000000000000000000000B9
:10C7800000000000000000001F7FFFFFFFFCF8F822
:10C79000F0000000000000000000000000000000A9
:10C7A0000000000000000000000000FFFFFFFFFF8E
:10C7B0000000000000000000000000000000000079
:10C7C000000000000000000000000001030FFFFF58
:10C7D000FFFFF80000000000000000000000000063
:10C7E00000000000000000000000000000FCFEFF50
:10C7F000FFFFFFCF0300000000000000000000006A
:10C800000000000000000000000000000000000028
:10C81000000000C0FFFFFFFF7F00000000000000DD
:10C820000000000000000000000000000000000008
:10C8300000000000000000FFFFFFFFFF00000000FD
:10C8400000000000000000000000000000000000E8
:10C8500000000000000000000000E0F8FCFEFFFF08
:10C86000FF7F3C000000000000000000000000000E
:10C8700000000000000000000000000000000000B8
:10C8800000000000000000000000000000000000A8
:10C890000000000000000000000000000000010394
:10C8A0000301000000000000000000000000000084
:10C8B0000000000000000000000000000000000078
:10C8C00000FFFFFFFF00000000000000000000006C
:10C8D0000000000000000000000000000000000058
:10C8E00000000000FFFFFFFF00000000000000004C
:10C8F0000000000000000000000000000000000038
:10C9000000000000000000FFFFFFFF00000000002B
:10C910000000000000000000000000000000000017
:10C9200000000000000000000000FFFFFFFF00000B
:10C9300000000000000000000000000000000000F7
:10C9400000000000000000000000000000FFFFFFEA
:10C95000FF000000000000000000000000000000D8
:10C9600000000000000000000000000000000000C7
:10C97000FFFFFFFF000000000000000000000000BB
:10C9800000000000000000000000000000000000A7
:10C99000000000FEFFFFFE0000000000000000009D
:10C9A0000000000000000000000000000000000087
:10C9B0000000000000000000000000000000000077
:10C9C0000000000000000000000000000000000067
:10C9D000000000000000000303030301000000004A
:10C9E0000000000000000000000000000000000047
:10C9F000000000000000000000F0F8F8FCFFFFFF5E
:10CA00007F1F000000000000000000000000000088
:10CA10000000000000000000000000000000000016
:10CA2000FFFFFFFFFF00000000000000000000000B
:10CA300000000000000000000000000000000000F6
:10CA4000000000F8FFFFFFFF1F03010000000000CF
:10CA500000000000000000000000000000000000D6
:10CA60000000000000000003CFFFFFFFFFFEFC00FE
:10CA700000000000000000000000000000000000B6
:10CA80000000000000000000007FFFFFFFFFC0006B
:10CA90000000000000000000000000000000000096
:10CAA000000000000000000000000000FFFFFFFF8A
:10CAB000FF00000000000000000000000000000077
:10CAC00000000000000000000000003C7F7FFFFF2E
:10CAD000FEFCF8E000000000000000000000000084
:10CAE0000000000000000000000000000000000046
:10CAF0000000000000000000000000000000000036
:10CB00000000000000000000000000000000000025
:10CB10000000000000000000000000000000000015
:10CB20000000000000000000000000000000000005
:10CB300000000000000000000000000000000000F5
:10CB400000000000000000000000000000000000E5
:10CB500000000000000000000000000101010101D0
:10CB600000000000000000000000010000000000C4
:10CB700000000000000000000000003F7FFFFEFEFC
:10CB8000FEFEFFFF7F7F3F1F1F1F1F3F7FFF000035
:10CB90000000000000000000000000000000E08035
:10CBA0000000000000000080C0C0E0E0E0E0C080C5
:10CBB0000000000000000000000000000000000075
:10CBC0000000000000000000000000000000000065
:10CBD0000000000000000000000000000000000055
:10CBE0000000000000000000000000000000000045
:10CBF0000000000000000000000000000000000035
:10CC00000000000000000000000000000000000024
:10CC10000000000000000000000000000000000014
:10CC200000000000000000000000000023000000E1
:10CC3000000000002300000023000000230000008B
:10CC400046000000230000006900000023000000EF
:10CC50008C00000023000000AF0000002300000053
:10CC6000D200000023000000F500000023000000B7
:10CC700018010000230000003B0100002300000019
:10CC80005E0100002300000081010000230000007D
:10CC9000A401000023000000C701000023000000E1
:10CCA000EA010000230000000D0200002300000044
:10CCB00030020000230000005302000023000000A7
:10CCC000760200002300000099020000230000000B
:10CCD000BC02000023000000DF020000230000006F
:10CCE00002030000230000002503000023000000D1
:10CCF00048030000230000006B0300002300000035
:10CD00008E03000023000000B10300002300000098
:10CD1000D403000023000000F703000023000000FC
:10CD20001A040000230000003D040000230000005E
:10CD300060040000230000008304000023000000C2
:10CD4000A604000023000000C90400002300000026
:10CD5000EC040000230000000F0500002300000089
:10CD600032050000230000005505000023000000EC
:10CD700078050000230000009B0500002300000050
:10CD8000BE05000023000000E105000023000000B4
:10CD90000406000023000000270600002300000016
:10CDA0004A060000230000006D060000230000007A
:10CDB0009006000023000000B306000023000000DE
:10CDC000D606000023000000F90600002300000042
:10CDD0001C070000230000003F07000023000000A4
:10CDE0006207000023000000850700002300000008
:10CDF000A807000023000000CB070000230000006C
:10CE0000EE070000230000001108000023000000CE
:10CE10003408000023000000570800002300000031
:10CE20007A080000230000009D0800002300000095
:10CE3000C008000023000000E308000023000000F9
:10CE4000060900002300000029090000230000005B
:10CE50004C090000230000006F09000023000000BF
:10CE60009209000023000000B50900002300000023
:10CE7000D809000023000000FB0900002300000087
:10CE80001E0A000023000000410A000023000000E9
:10CE9000640A000023000000870A0000230000004D
:10CEA000AA0A000023000000CD0A000023000000B1
:10CEB000F00A000023000000130B00002300000014
:10CEC000360B000023000000590B00002300000077
:10CED0007C0B0000230000009F0B000023000000DB
:10CEE000C20B000023000000E50B0000230000003F
:10CEF000080C0000230000002B0C000023000000A1
:10CF00004E0C000023000000710C00002300000004
:10CF1000940C000023000000B70C00002300000068
:10CF2000DA0C00000000000000000000000000001B
:10CF300000000000000000000000000000000000F1
:10CF400000000000000000000000000000000000E1
:10CF500000000000000000000000000000000000D1
:10CF600000000000000000000000000000000000C1
:10CF700000000000000000000000000000000000B1
:10CF800000000000000000000000000000000000A1
:10CF900000000000000000000000000000007FFF13
:10CFA000FF00000000000000000000000000000082
:10CFB0000000FEFFFC000000000000000000000078
:10CFC000000000000000078F0700000000000000C4
:10CFD00000000000000000000000008000000000D1
:10CFE0000000000000000000000000000000000041
:10CFF0000000000000000000000000000000000031
:10D0000000FFFFFF0000FFFFFF0000000000000026
:10D010000000000000808080000080808000000010
:10D020000000000000000000000000000000000000
:10D0300000000000000000000000000000000000F0
:10D0400000000000000000000000000000000000E0
:10D0500000000000000000000000000000000000D0
:10D06000000000000303037FFF630307FFFF0300CB
:10D070000000000000000000C1C1FFFFE1C1C7FFC8
:10D08000FFC1C1000000000000000000E0FFFFF051
:10D09000E0E3FFFFE0E0E00000000000000000002F
:10D0A0000080800000008000000000000000000000
:10D0B0000000000000000000010F0F000000000051
:10D0C0000000000000000000001F7FFFF0FFFFE0F5
:10D0D000FC7F3F00000000000000000000C0F0F8EE
:10D0E000FCFFFF3E1F0F07010000000000000000D2
:10D0F00000FCFF7F07FFFF0307FFFEF800000000B2
:10D100000000000000000080C0FFFFC08080000021
:10D11000000000000000000000000000000000000F
:10D120000000000000000000000000003F7FE0C0A1
:10D13000E07F1F000000010F78E000000000000009
:10D14000C0F0381838F0C0030F78E003070C0C0764
:10D150000300000000000000030F7CE0000000FE60
:10D16000FF0101FFFE00000000000000C000000001
:10D1700000000000008080000000000000000000AF
:10D18000000000000000000000000000000000009F
:10D190000000001F7F7FE0E0F1FF7F1F0000000024
:10D1A000000000000001070FFFFCFE7FFFE7C10049
:10D1B000070F07000000000000F8FEFF0F03030345
:10D1C000C7FFFFFEFEFF0703000000000000000095
:10D1D000808080808000000000008000000000004F
:10D1E000000000000000000000000000000000003F
:10D1F0000000000000FFFFFF000000000000000032
:10D20000000000000000000000808080000000009E
:10D21000000000000000000000000000000000000E
:10D2200000000000000000000000000000000000FE
:10D2300000000000000000000000000000000000EE
:10D2400000000000000000000000000000000000DE
:10D2500000000000000000000000031F7FF000003D
:10D26000000000000000000000000000003FFFFF81
:10D27000800000000000000000000000000000002E
:10D2800000FCFFFF010000000000000000000000A3
:10D29000000000000000C0F8FE0F000000000000C9
:10D2A000000000000000000000000000000000007E
:10D2B00000000000000000000000000000F07F1FE0
:10D2C000030000000000000000000000000000005B
:10D2D000000080FFFF3F0000000000000000000091
:10D2E00000000000000001FFFFFC00000000000043
:10D2F0000000000000000000000FFEF8C000000069
:10D30000000000000000000000000000000000001D
:10D310000303000000000000000000000000000007
:10D320000038181DFFFF1D18380000000000000025
:10D3300000000000000070E00080E07000000000CD
:10D3400000000000000000000000000000000000DD
:10D3500000000000000000000000000000000000CD
:10D3600000000000000000000000000000000000BD
:10D3700000000000000000000000000000000000AD
:10D380000000000000000000000F0F0F0000000070
:10D390000000000000000000001E1E1E1EFFFFFF18
:10D3A0001E1E1E1E00000000000000000000000005
:10D3B00000F8F8F800000000000000000000000085
:10D3C000000000000000000000000000000000005D
:10D3D000000000000000000000000000000000004D
:10D3E000000000000000000000000000000000003D
:10D3F000000000000000000000000000000000002D
:10D40000000000000000000000000000000000001C
:10D4100000070F0F070000000000000000000000E0
:10D4200000000000000C9CF8E0000000000000007C
:10D4300000000000000000000000000000000000EC
:10D4400000000000000000000000000000000000DC
:10D4500000000000000000000000000000000000CC
:10D4600000003C3C3C3C3C3C3C3C3C3C3C3C3C3C74
:10D470003C3C000000000000000000000000000034
:10D48000000000000000000000000000000000009C
:10D49000000000000000000000000000000000008C
:10D4A000000000000000000000000000000000007C
:10D4B000000000000000000000000000000000006C
:10D4C000000000000000000000000000000000005C
:10D4D00000000000000000000000070F070000002F
:10D4E00000000000000000000000000000000080BC
:10D4F000000000000000000000000000000000002C
:10D50000000000000000000000000000000000001B
:10D5100000000000000007FFF8000000000000000D
:10D520000000000000000000000FFFF800000000F5
:10D530000000000000000000000000001FFFF000DD
:10D5400000000000000000000000000000000000DB
:10D5500080800000000000000000000000000000CB
:10D5600000000000000000000000000000000000BB
:10D5700000000000000000000000031F3F7F7CF05F
:10D58000E0E0E0F07C7F3F0F010000000000FFFFC3
:10D59000FFFF00000000000000FFFFFFFF00000091
:10D5A0000000C0F8FEFF1F07030303071FFFFEF87C
:10D5B000E00000000000000000000080808080800B
:10D5C000000000000000000000000000000000005B
:10D5D0000000000000000000000000000000010347
:10D5E0000307070F1E7FFFFF7F0000000000000001
:10D5F000000080C0C080800000FFFFFFFF0000002F
:10D6000000000000000000000000000000FFFFFF1D
:10D61000FF0000000000000000000000000000000B
:10D6200000008080000000000000000000000000FA
:10D6300000000000000000000000000000000000EA
:10D6400000000F1F3F7F78F0E0E0E0F0F87F7F3FC1
:10D650000F000000000000808000000103070F1F82
:10D660007EFCF8F0C00000000000071F3F7FFFF7BE
:10D67000E7C78707070707070700000000000080CB
:10D68000808080808080808080808080800000001A
:10D69000000000000000000000000000000000008A
:10D6A000000000000000061F3F7E70E0E0E0E0F0B8
:10D6B0007F7F3F0F000000000000000000003838AE
:10D6C000383878FCFEFFCF87010000000000F8FC2E
:10D6D000FE1F0703030303070FFFFEFCF00000001B
:10D6E000000000000000808080808080000000003A
:10D6F000000000000000000000000000000000002A
:10D700000000000000000000000000000000010315
:10D710000F1F7EFFFFFF7F00000000000001030FCE
:10D720001F7CF8E0C00000FFFFFFFF0000000000CA
:10D7300000E0F0F0F0F0F0F0F0F0F0FFFFFFFFF0AD
:10D74000F0F00000000000000000000000000000F9
:10D7500080800000000000000000000000000000C9
:10D760000000000000000000000000000000001F9A
:10D77000FFFFFFF0F0F0F0F0F0F0F0F0000000003C
:10D7800000003CFEFCFC3830707070787C3F1F0F4E
:10D790000300000000003C7E3F0F07030303030764
:10D7A0000FFFFEFCF0000000000000000000808081
:10D7B0008080808000000000000000000000000069
:10D7C0000000000000000000000000000000000059
:10D7D000000000071F3F7CF0E0E0E0F0F87E3E1E16
:10D7E000000000000000FFFFFFFF1C387070707821
:10D7F0007C3F1F0F030000000000C0F8FEFF1F0762
:10D80000030303070FFFFEFCF00000000000000010
:10D810000000008080808080000000000000000088
:10D8200000000000000000000000000000000000F8
:10D83000000000000000E0F0F0F0F0F0F0F0F1F790
:10D84000FFFFFEF87000000000000000000000076D
:10D850001F7FFFF8C0000000000000000000000073
:10D86000000FFFFFFFFC00000000000000000000B0
:10D870000000000000008080800000000000000028
:10D880000000000000000000000000000000000098
:10D89000000000000000000000000F3F7F7FF0E06C
:10D8A000E0E0E0F07F7F3F1F000000000001C7EFD5
:10D8B000FFFE7C383838387CFEFFEF87010000001F
:10D8C00000F0FCFEFF0F0703030303070FFFFEFC3E
:10D8D000F000000000000000000080808080808058
:10D8E0000000000000000000000000000000000038
:10D8F00000000000000000000000000000071F3FC3
:10D900007F78F0E0E0E0E0F07C3F1F0F01000000D6
:10D9100000E0F8FCFE1F0F070707070E1CFFFFFFC4
:10D92000FF00000000003C3E3F1F07030303070702
:10D930001FFEFCF08000000000000000000080805E
:10D940008080800000000000000000000000000057
:10D9500000000000000000000000000000000000C7
:10D9600000000001000000000000000000000000B6
:10D97000000000000000E0F0E000000000000000F7
:10D9800000000000000000000000070F070000007A
:10D990000000000000000000000000000000008007
:10D9A0000000000000000000000000000000000077
:10D9B0000000000000000000000000000000000067
:10D9C0000000000000000001000000000000000056
:10D9D00000000000000000000000E0F0E000000097
:10D9E00000000000000000000000000000000F0F19
:10D9F0000700000000000000000000000000000020
:10DA000000009CF8E00000000000000000000000A2
:10DA10000000000000000000000000000000000006
:10DA200000000000000000000000000000010303EF
:10DA3000070F1F000000000000000000003E7F7F75
:10DA4000F7E7E3C1C1800000000000000000000013
:10DA50000000000080C0E0E0F0F87C000000000062
:10DA600000000000000000000000000000000000B6
:10DA700000000000000000000000000000000000A6
:10DA80000000000000000000000000000001010193
:10DA9000010101010101010100000000000000007E
:10DAA00000E3E3E3E3E3E3E3E3E3E3E300000000B5
:10DAB0000000000000C0C0C0C0C0C0C0C0C0C0C026
:10DAC0000000000000000000000000000000000056
:10DAD0000000000000000000000000000000000046
:10DAE0000000000000000000000000000000000036
:10DAF000001F0F07030301000000000000000000EA
:10DB00000000000000008081C1E3E7F77F7F3E0056
:10DB10000000000000000000007CF8F0E0E0C080A1
:10DB200000000000000000000000000000000000F5
:10DB300000000000000000000000000000000000E5
:10DB400000000000000000000000000000000000D5
:10DB500000000000001F3F7CF0E0E0F07F3F0F007E
:10DB6000000000000000000000800000071F3FFCD4
:10DB7000F0E0800000000000000000000000000055
:10DB8000C7CF870000000000000000000000000078
:10DB90000000000000800000000000000000000005
:10DBA0000000000000000000000000000000000075
:10DBB0000000000000000000000000070E1C38708C
:10DBC00061E1E1E0E0F171793C1F0700001FFFC057
:10DBD000031F7FFCE0C0C0E07FFFFF000080FFFF6D
:10DBE00000FCFF03FCFFFF070303071FFFFF030702
:10DBF0000E7CF080000080E0783C9E8E87870707CF
:10DC000087878F0E1E3C7860000000000000000037
:10DC10000000000000000000000000000000000004
:10DC200000031F7FFEFE7F1F0300000000000000B6
:10DC3000000000073FFFFDE10101E1FFFF3F07009A
:10DC400000000000000F7FFFFCE0E0E0E0E0E0E02B
:10DC5000E0FEFF7F0F000000000080800000000059
:10DC600000000000000080800000000000000000B4
:10DC700000000000000000000000000000000000A4
:10DC800000007FFFFFFFF0F0F0F0F0F8FF7F3F0FA4
:10DC9000000000000000FFFFFFFF1C1C1C1C1C3CC0
:10DCA000FEFFE7C3010000000000FFFFFFFF0707C2
:10DCB000070707070FFFFFFEF800000000000080C5
:10DCC00080808080808080808000000000000000D4
:10DCD0000000000000000000000000000000000044
:10DCE000000000000000070F3F7F7CF8F0F0F0F02C
:10DCF000787E3F1F0F00000000FFFFFFFF000000C5
:10DD00000000000000008081810000000080F0FC25
:10DD1000FE7F1F0F070707070F3FFEFCF000000004
:10DD200000000000000000808080808080000000F3
:10DD300000000000000000000000000000000000E3
:10DD4000000000000000000000007FFFFFFFF0F077
:10DD5000F0F0F0F87E3F1F07010000000000FFFF19
:10DD6000FFFF00000000000000FFFFFFFF000000B9
:10DD70000000FFFFFFFF07070707070F7FFEFCF00C
:10DD8000C000000000000080808080808080808053
:10DD90000000000000000000000000000000000083
:10DDA00000000000000000000000000000007FFFF5
:10DDB000FFFFF0F0F0F0F0F0F0F0F0600000000095
:10DDC0000000FFFFFFFF3C3C3C3C3C3C3C3C3C003B
:10DDD000000000000000FFFFFFFF0707070707071D
:10DDE0000707070700000000000000808080808097
:10DDF0008080808080808080000000000000000023
:10DE00000000000000000000000000000000000012
:10DE100000007FFFFFFFF0F0F0F0F0F0F0F06000A6
:10DE2000000000000000FFFFFFFF3C3C3C3C3C3C8E
:10DE30003C180000000000000000FFFFFFFF000092
:10DE40000000000000000000000000000000008052
:10DE50008000000000000000000000000000000042
:10DE600000000000000000000000000000000000B2
:10DE7000000000000000071F3F3F7C78F0F0F0F04A
:10DE8000F8FC7E7F3F0F000000FFFFFFFF00000057
:10DE90000000060F0F0F0F0F8F0F07000080F0FC20
:10DEA000FE7F1F0F07070707070F0FFFFEFCF80095
:10DEB00000000000000000808080808080800000E2
:10DEC0000000000000000000000000000000000052
:10DED000000000000000000000007FFFFF7F000046
:10DEE00000000000007FFFFF7F0000000000FFFF38
:10DEF000FFFF3C3C3C3C3C3C3CFFFFFFFF00000084
:10DF00000000FFFFFFFF00000000000000FFFFFF18
:10DF1000FF00000000000080800000000000000002
:10DF200000008080000000000000000000000000F1
:10DF300000000000000000000000000000007FFF63
:10DF4000FF7F000000000000000000000000000053
:10DF50000000FFFFFFFF00000000000000000000C5
:10DF6000000000000000FFFFFFFF000000000000B5
:10DF700000000000000000000000008080000000A1
:10DF80000000000000000000000000000000000091
:10DF90000000000000000000000000000000000081
:10DFA0000000000000000000007FFFFF7F00000075
:10DFB00000000000000101000000000000FFFFFF62
:10DFC000FF0000000000000000F8FEFF1F07070729
:10DFD0000FFFFFFEF0000000000000000000000046
:10DFE00080808080800000000000000000000000B1
:10DFF0000000000000000000000000000000000021
:10E000000000000000007FFFFF7F00000003070FFB
:10E010003F7EFCF8600000000000FFFFFFFF3F7E36
:10E02000FCFCFFFF8F030000000000000000FFFF6A
:10E03000FFFF0000000000C0F0FEFF3F0F030000E4
:10E040000000008080000000000000000000008050
:10E050008000000000000000000000000000000040
:10E06000000000000000000000007FFFFF7F0000B4
:10E070000000000000000000000000000000FFFFA2
:10E08000FFFF000000000000000000000000000092
:10E090000000FFFFFFFF0707070707070707070045
:10E0A00000000000000000808080808080808080F0
:10E0B00080808000000000000000000000000000E0
:10E0C000000000000000000000000000007FFFFFD3
:10E0D000FFFFFF1F000000000F7FFFFFFFFF7F001B
:10E0E00000FFFFFFFF00FCFF7F03037FFFFC00FF3B
:10E0F000FFFFFF0000FFFFFFFF0000F0FFFFFFFF3B
:10E10000F00000FFFFFFFF00000080800000000023
:10E1100000808000000000008080000000000000FF
:10E1200000000000000000000000000000000000EF
:10E1300000007FFFFFFF3F0F03000000007FFFFF95
:10E140007F0000000000FFFFFFFF80F0FC7F1F0743
:10E1500000FFFFFFFF0000000000FFFFFFFF0000C7
:10E160000080E0F8FEFFFFFFFF00000000000080DD
:10E17000800000000000000000808080000000009F
:10E18000000000000000000000000000000000008F
:10E19000000000000000071F3F7F7CF8F0F0F0F067
:10E1A000F87C7F3F1F07000000FFFFFFFF0000001B
:10E1B00000000000000000FFFFFFFF000080F0FCF7
:10E1C000FE7F1F0F070707070F1F7FFEFCF0800071
:10E1D000000000000000008080808080800000003F
:10E1E000000000000000000000000000000000002F
:10E1F000000000000000000000007FFFFFFFF0F0C3
:10E20000F0F0F0F87F7F3F0F000000000000FFFFFC
:10E21000FFFF1E1E1E1E1E3EFCFCF8E0000000005C
:10E220000000FFFFFFFF00000000000000000000F2
:10E2300000000000000000808000000000000000DE
:10E2400000000000000000000000000000000000CE
:10E250000000000000000000000000000000071F98
:10E260003F7F7CF8F0F0F0F0F87C7F3F1F07000064
:10E2700000FFFFFFFF00000000000000000000FFA3
:10E28000FFFFFF000080F0FCFE7F1F0F07E7E7772E
:10E290003F1F7FFFFFF381000000000000000080AF
:10E2A0008080808080000080C0C0E0C0000000004E
:10E2B000000000000000000000000000000000005E
:10E2C00000007FFFFFFFF0F0F0F0F0F0F87F7F3FFD
:10E2D0000F0000000000FFFFFFFF1C1C1C1E1F1F83
:10E2E0003BF9F0F0C00000000000FFFFFFFF00005E
:10E2F000000080E0F8FEFF3F0F00000000000080FB
:10E30000800000000000000000008080800000000D
:10E3100000000000000000000000000000000000FD
:10E3200000000000000F3F7F7FF0E0E0E0E0F07CC5
:10E330007F3F1E000000000000C0E0F0F8F87C7C89
:10E340007C3E3E1F1F0F07030000000000F8FEFF89
:10E350003F0703030303070FFFFEFCF80000000064
:10E36000000000000080808080808080000000002D
:10E37000000000000000000000000000000000009D
:10E38000000000000000000060F0F0F0F0F0FFFF7F
:10E39000FFFFF0F0F0F0F06000000000000000006F
:10E3A0000000FFFFFFFF0000000000000000000071
:10E3B000000000000000FFFFFFFF00000000000061
:10E3C000000000000000000000000080800000004D
:10E3D000000000000000000000000000000000003D
:10E3E00000000000000000000000000000007FFFAF
:10E3F000FF7F000000000000007FFFFF7F000000A3
:10E400000000FFFFFFFF00000000000000FFFFFF13
:10E41000FF0000000000F0FCFEFF1F0F0707070FC2
:10E420001FFFFEFCE00000000000000000008080F4
:10E4300080808080000000000000000000000000DC
:10E4400000000000000000000000000000000000CC
:10E450000078FFFF3F03000000000000033FFFFFC4
:10E4600078000000000000F0FFFF3F030000033FC2
:10E47000FFFEF000000000000000000000E0FEFFD2
:10E480003F3FFFFEE0000000000000000000000031
:10E49000000000008080000000000000000000007C
:10E4A000000000000000000000000000000000006C
:10E4B000000000007CFF7F010000001FFFFCFF1F29
:10E4C000000000017FFFFC0000F8FFFF03017FFF59
:10E4D000F000F0FF7F0103FFFFF800000000E0FF05
:10E4E000FFFFFEC0000000C0FEFFFFFFE0000000D5
:10E4F000000000008080000000000000008080001C
:10E50000000000000000000000000000000000000B
:10E51000000000000000000000F8FE7F1F07000060
:10E52000030F3FFFFC6000000000000000000081BE
:10E53000F7FFFFFFFFF7C100000000000000000030
:10E54000071F7FFEF8E08080E0F8FE7F1F070000D5
:10E5500000000000808080000000000000000080BB
:10E56000800000000000000000000000000000002B
:10E5700000000000000000000000000000F8FE7F26
:10E580001F0701000001071F7FFEF82000000000A8
:10E5900000000080E0F8FF7F7FFFF8E080000000CF
:10E5A00000000000000000000000FFFFFFFF00006F
:10E5B00000000000000000000000000000000080DB
:10E5C00080000000000000000000000000000000CB
:10E5D000000000000000000000000000000000003B
:10E5E00000F0F0F0F0F0F0F0F0F3FFFFFFFE780045
:10E5F0000000000000000000030F1F7FFEF8F0C0C5
:10E6000000000000000000000F1F7FFFFFF7C7079A
:10E610000707070707070707000000000080808042
:10E6200080808080808080808080808000000000EA
:10E6300000000000000000000000000000000000DA
:10E6400000000000007FFFFFE0E0E00000000000AD
:10E65000000000000000000000FFFFFF00000000BD
:10E6600000000000000000000000000000FFFFFFAD
:10E67000000000000000000000000000000000009A
:10E6800000FCFEFE0E0E0E00000000000000000068
:10E69000000000000000000000000000000000007A
:10E6A0000000000000000000E0FF3F00000000004C
:10E6B00000000000000000000000000000C0FF7F1C
:10E6C000000000000000000000000000000000004A
:10E6D000000080FEFF0300000000000000000000BA
:10E6E00000000000000000008000000000000000AA
:10E6F000000000000000000000000000000000001A
:10E70000000000000000000000000000E0E0E0FF6A
:10E71000FF7F00000000000000000000000000007B
:10E72000000000FFFFFF00000000000000000000EC
:10E7300000000000000000FFFFFF000000000000DC
:10E7400000000000000000000E0E0EFEFEFC0000A7
:10E7500000000000000000000000000000000000B9
:10E7600000000000000000000000000000000000A9
:10E77000000000073FFFFC7F0F00000000000000CA
:10E7800000000000000878F8E00000C0F8F8180069
:10E790000000000000000000000000000000000079
:10E7A0000000000000000000000000000000000069
:10E7B0000000000000000000000000000000000059
:10E7C0000000000000000000000000000000000049
:10E7D0000000000000000000000000000000000039
:10E7E0000000000000000000000000000000000029
:10E7F0000000000000000000000000000000000019
:10E800000000000000000000000000000000000008
:10E810000C0C0C0C0C0C0C0C0C0C0C000000000074
:10E8200000000000000000000000000000000000E8
:10E83000000000000000000000C0E0F81800000028
:10E8400000000000000000000000000000000000C8
:10E8500000000000000000000000000000000000B8
:10E8600000000000000000000000000000000000A8
:10E870000000000000000000000000000000000098
:10E880000000000000000000000000000000000088
:10E890000000000000000000000000000000000078
:10E8A0000001010101010100000000000000000062
:10E8B000000078F8F1E1C3C3C3E7FFFFFF3F0000AA
:10E8C00000000000003CFFFFFFC78383870EFEFFB0
:10E8D000FFFF0300000000000000008080808080B7
:10E8E0000000000080800000000000000000000028
:10E8F0000000000000000000000000000000000018
:10E90000007FFFFF7F000001010101010000000006
:10E910000000000000FFFFFFFF78E0C0C0E0F0FF54
:10E92000FF7F0F000000000000FFFFFFFF1E070336
:10E9300003070FFFFFFCF0000000000000008080D4
:10E9400000000080808080000000000000000000C7
:10E9500000000000000000000000000000000000B7
:10E9600000000000000000000000010101010100A2
:10E97000000000000000000000073F7FFFF8E0C03B
:10E98000C0C0E0F87C3800000000000000F0FCFE91
:10E99000FF1F07030303071F3E3C000000000000A9
:10E9A00000000000000080808080800000000000E7
:10E9B0000000000000000000000000000000000057
:10E9C0000000000000000000000000000101010143
:10E9D00000007FFFFF7F000000000000001F7FFF9E
:10E9E000FFF0C0C0E078FFFFFFFF00000000000064
:10E9F00000F0FEFFFF0F0303071EFFFFFFFF0000F5
:10EA00000000000000000000808080800000008086
:10EA10008000000000000000000000000000000076
:10EA200000000000000000000000000000000000E6
:10EA300000000101010101000000000000000000D1
:10EA4000000F3F7FFFF3C3C3C3C3F3FF7F1F00006B
:10EA50000000000000F0FCFEFF8F87838383878F18
:10EA60009E9C00000000000000000000000080806C
:10EA70008080800000000000000000000000000016
:10EA80000000000000000000000000000000000086
:10EA900001013F7FFFFFE1E1E060000000000000B6
:10EAA00000000000C0C0FFFFFFFFC0C080000000EA
:10EAB00000000000000000000000FFFFFFFF00005A
:10EAC00000000000000000000000000000000080C6
:10EAD00080000000000000000000000000000000B6
:10EAE0000000000000000000000000000000000026
:10EAF0000000000000000000010101010000000111
:10EB00000100000000000000000F7FFFFFF0C0C008
:10EB1000C070FFFFFFFF00000000000000F0FEFFDC
:10EB2000FF0F0303030EFFFFFFFF000000000000C4
:10EB300000003C3EBE8F8787070FFEFEFCF0000002
:10EB400000000000000000000000000000000000C5
:10EB50000000000000000000007FFFFF7F000001B8
:10EB600001010100000000000000000000FFFFFFA5
:10EB7000FF70C0C0C0E0FFFFFF3F000000000000CA
:10EB800000FFFFFFFF0000000000FFFFFFFF00008D
:10EB900000000000000080800000000000000080F5
:10EBA00080000000000000000000000000000000E5
:10EBB0000000000000000000000000000060F1F113
:10EBC00060000000000000000000000000000000E5
:10EBD00000FFFFFFFF000000000000000000000039
:10EBE0000000000000FFFFFFFF0000000000000029
:10EBF0000000000000000000000080800000000015
:10EC00000000000000000000000000000000000004
:10EC100000000000000000000000000000000000F4
:10EC20000060F1F160000000000000000000000042
:10EC30000000000000FFFFFFFF00000000000000D8
:10EC4000000000000000000000FFFFFFFF000000C8
:10EC50000000000000000000000000000FFFFFFEA9
:10EC6000F8000000000000000000000000000000AC
:10EC70000000000000000000000000000000000094
:10EC80000000000000007FFFFF7F00000000000187
:10EC900001000000000000000000FFFFFFFF070F61
:10ECA0003F7FF9F0E0000000000000000000FFFFDF
:10ECB000FFFFE080C0F8FE7F1F070000000000009B
:10ECC0000000008080000000000000008080000044
:10ECD0000000000000000000000000000000000034
:10ECE0000000000000000000007FFFFF7F00000028
:10ECF00000000000000000000000000000FFFFFF17
:10ED0000FF00000000000000000000000000000004
:10ED100000FFFFFFFF0000000000000000000000F7
:10ED200000000000000080800000000000000000E3
:10ED300000000000000000000000000000000000D3
:10ED400000000000000000000000000000000101C1
:10ED500000000001010101000000000101010100AB
:10ED600000FFFFFFFFE0C0C0E0FFFFFF7FF0C0C07B
:10ED7000E0FFFFFF00FFFFFFFF00000000FFFFFFBD
:10ED8000FF00000000FFFFFF000080800000000087
:10ED90000000808000000000000080800000000073
:10EDA0000000000000000000000000000000000063
:10EDB000000001010000000101010100000000004D
:10EDC0000000000000FFFFFFFF70E0C0C0E0FFFF99
:10EDD000FF3F00000000000000FFFFFFFF000000F9
:10EDE0000000FFFFFFFF0000000000000000808027
:10EDF0000000000000000080800000000000000013
:10EE00000000000000000000000000000000000002
:10EE100000000000000000000001010101010100EC
:10EE20000000000000000000000F3F7FFFF0E0C086
:10EE3000C0E0F0FF7F3F0F000000000000F0FCFE8C
:10EE4000FF0F070303070FFFFEFCF00000000000A8
:10EE500000000000008080808080800000000000B2
:10EE600000000000000000000000000000000000A2
:10EE7000000000000000000000000101000000018F
:10EE800001010100000000000000000000FFFFFF82
:10EE9000FF78E0C0C0E0F0FFFF3F0F00000000007F
:10EEA00000FFFFFFFF1E070303070FFFFFFCF0003B
:10EEB0000000000000FEFFFFFE0000808080800058
:10EEC0000000000000000000000000000000000042
:10EED0000000000000000000000000000000000032
:10EEE000010101010000000101000000000000001C
:10EEF000000F7FFFFFF0C0C0E078FFFFFFFF0000C2
:10EF00000000000000F0FEFFFF0F0303071EFFFFDD
:10EF1000FFFF0000000000000000000080808080F3
:10EF20000000FEFFFFFE00000000000000000000E7
:10EF300000000000000000000000000000000000D1
:10EF400000000101000001010100000000000000BC
:10EF50000000000000FFFFFFFF78E0E0E0F0E000CD
:10EF6000000000000000000000FFFFFFFF000000A5
:10EF70000000000000000000000000000000808091
:10EF80000000000000000000000000000000000081
:10EF90000000000000000000000000000000000071
:10EFA000000000000000000001010101010000005C
:10EFB0000000000000000000003CFFFFFFC7C3C3CB
:10EFC000E3F9F9780000000000000000001C3F1F7A
:10EFD0008F8383C3C7FFFFFE7C000000000000009A
:10EFE0000000000080808080808000000000000021
:10EFF0000000000000000000000000000000000011
:10F00000000000000000000001017FFFFF7F010100
:10F01000000000000000000000000000C0C0FFFF72
:10F02000FFFFC0C0800000000000000000000000E2
:10F030000000FEFFFFFF03030303000000000000C9
:10F040000000000000000000808080808000000040
:10F0500000000000000000000000000000000000B0
:10F06000000000000000000000000000000001019E
:10F07000000000000000000101000000000000008E
:10F0800000FFFFFFFF0000000000FFFFFFFF000088
:10F090000000000000FCFFFFFF070303070EFFFF57
:10F0A000FFFF0000000000000000008080808080E2
:10F0B0000000008080000000000000000000000050
:10F0C0000000000000000000000000000000000040
:10F0D000000001010000000000000001010000002C
:10F0E0000000000000E0FEFF3F030000031FFFFCE4
:10F0F000E000000000000000000000C0F8FF3F3FFB
:10F10000FFF8C00000000000000000000000000048
:10F1100000008080000000000000000000000000EF
:10F1200000000000000000000000000000000000DF
:10F1300000000000000101010000000000010101C9
:10F14000000000000000010100E0FEFF1F000003BE
:10F150003FFFF0FF3F0300001FFFFEE0000000E064
:10F16000FEFF1FFFFC800080FCFF1FFFFEE0000091
:10F17000000000000080808000000000008080808F
:10F18000000000000000000000000000000000007F
:10F19000000000000000000000000101000000006D
:10F1A00000010100000000000000000000C0F0FCB1
:10F1B0007F1F071F7FFCF0C0000000000000000060
:10F1C00000030F3FFEF8E0F8FE3F0F0300000000D1
:10F1D000000000000080800000000000000080802F
:10F1E000000000000000000000000000000000001F
:10F1F000000000000000000000000000000001010D
:10F2000000000000000000010100000000000000FC
:10F2100000E0FEFF3F030000011FFFFEE0000000D2
:10F2200000000000000000E0FCFF3F3FFFFCE000AA
:10F230000000000000000000000707070FFFFEF8B5
:10F24000C0000000000000000000000000000000FE
:10F2500000000000000000000000000000000000AE
:10F260000001010101010101010101010000000093
:10F270000000000080C0C0C0C1C3CFFFFFFCF0E0B1
:10F280000000000000000000030F1F7FFFF3E38376
:10F2900003030303030000000000000000808080DF
:10F2A00080808080808080808000000000000000DE
:10F2B000000000000000000000000000000000004E
:10F2C000000000000000003F7FFFF0F000000000A1
:10F2D0000000000000000000000307FFFEF800002F
:10F2E00000000000000000000000000000C0E0FF7F
:10F2F0007F3F000000000000000000000000000050
:10F30000000000FCFEFF0F0F0000000000000000E6
:10F3100000000000000000000000000000000000ED
:10F32000000000000000000000FFFFFF00000000E0
:10F3300000000000000000000000000000FFFFFFD0
:10F3400000000000000000000000000000000000BD
:10F3500000FFFFFF000000000000000000000000B0
:10F360000000000000FEFFFF0000000000000000A1
:10F37000000000000000000000000000000000008D
:10F38000000000000000000000000000F0F0FF7F1F
:10F390003F0000000000000000000000000000002E
:10F3A0000000F8FEFF07030000000000000000005E
:10F3B0000000000000001F7FFFE0C0000000000010
:10F3C00000000000000000000F0FFFFEFC00000026
:10F3D000000000000000000000000000000000002D
:10F3E000000000000000000000000000000000001D
:10F3F000000000000000000000000000000000000D
:10F4000000000000001F3C3C3C3C1E1F0F0F0E3E46
:10F4100000000000000000000000000000000000EC
:10F4200000000000000000000000000000000000DC
:10F4300000000000000000000000000000000000CC
:10F440001400000000000000140000001400000080
:10F450001400000028000000140000003C00000020
:10F4600014000000500000001400000064000000C0
:10F470001400000078000000140000008C00000060
:10F4800014000000A000000014000000B400000000
:10F4900014000000C800000014000000DC000000A0
:10F4A00014000000F000000014000000040100003F
:10F4B0001400000018010000140000002C010000DE
:10F4C000140000004001000014000000540100007E
:10F4D0001400000068010000140000007C0100001E
:10F4E000140000009001000014000000A4010000BE
:10F4F00014000000B801000014000000CC0100005E
:10F5000014000000E001000014000000F4010000FD
:10F510001400000008020000140000001C0200009B
:10F52000140000003002000014000000440200003B
:10F530001400000058020000140000006C020000DB
:10F54000140000008002000014000000940200007B
:10F5500014000000A802000014000000BC0200001B
:10F5600014000000D002000014000000E4020000BB
:10F5700014000000F8020000140000000C0300005A
:10F5800014000000200300001400000034030000F9
:10F590001400000048030000140000005C03000099
:10F5A0001400000070030000140000008403000039
:10F5B000140000009803000014000000AC030000D9
:10F5C00014000000C003000014000000D403000079
:10F5D00014000000E803000014000000FC03000019
:10F5E00014000000100400001400000024040000B7
:10F5F0001400000038040000140000004C04000057
:10F6000014000000600400001400000074040000F6
:10F610001400000088040000140000009C04000096
:10F6200014000000B004000014000000C404000036
:10F6300014000000D804000014000000EC040000D6
:10F640001400000000050000140000001405000074
:10F650001400000028050000140000003C05000014
:10F6600014000000500500001400000064050000B4
:10F670001400000078050000140000008C05000054
:10F6800014000000A005000014000000B4050000F4
:10F6900014000000C805000014000000DC05000094
:10F6A00014000000F0050000140000000406000033
:10F6B0001400000018060000140000002C060000D2
:10F6C0001400000040060000140000005406000072
:10F6D0001400000068060000140000007C06000012
:10F6E000140000009006000014000000A4060000B2
:10F6F00014000000B806000014000000CC06000052
:10F7000014000000E006000014000000F4060000F1
:10F710001400000008070000140000001C0700008F
:10F72000140000003007000014000000440700002F
:10F730001400000058070000000000000000000056
:10F740000000000000000000000000000F0F00009B
:10F750000000FEFE0000000060600000000F0F00CF
:10F76000000F0F008080000080800000000000007B
:10F7700000000000010F0E0000030F0E00C6C6DFE0
:10F78000FFE6C6C6DFFFE6C6C600E0E0800000E098
:10F79000E0000000000003070E0C1F0C0E07030022
:10F7A0000000C1E16030FF30181F0F00000080C072
:10F7B000E060F860E0C08000000003070C080C0760
:10F7C0000300000001070E080000000000C0E03048
:10F7D0001030E0C30F3C70C78F1810180F070000DF
:10F7E0000000000060E08000000080C0602060C079
:10F7F000800000000003070C0C0C0C070300000045
:10F8000000070F98F070387CCE87030E0C00008044
:10F81000C0E060606060C0C080C06000000F0F008A
:10F8200000808000000000000000000306080000C7
:10F830003FFFC00000000080E0780C0200000806D6
:10F8400003000000000000C0FF3F0000020C78E051
:10F8500080000202020F0F0202020040C08080C03E
:10F860004000000000000000000000000000000157
:10F870000100000000000018181818FFFF181818E1
:10F880001800000000000080800000000000000060
:10F89000000000000000000000000000647800008C
:10F8A000000000000000000C0C0C0C0C0C00000010
:10F8B0000000000000000000000000000000000048
:10F8C00000000060600000000000030F0C00073F14
:10F8D000F8C00060E0800000000001070E0C0C0C76
:10F8E0000C0607010000FFFF000000000000FFFF02
:10F8F000000000C0C060606060E0C0000000000068
:10F900000103030F0F00000000000080800000FFD3
:10F91000FF00000000000000000000E0E000000028
:10F92000000003070E0C0C0C0C0E07030000000077
:10F93000010306060C38F0C0000060E0E060606083
:10F9400060606060000003070E0C0C0C0E070300E3
:10F95000000001010000303070D89F0F000080C00F
:10F96000E060606060C0C0000000000000000103B3
:10F97000070F000000000E1E36E6C606FFFF060653
:10F980000000000000000000E0E0000000000003B4
:10F990000F0C0C0C0C0C0C00000031F1E02060602E
:10F9A00060703F1F000080C0E060606060C0C00009
:10F9B00000000003070C0C0C0C0E07030000FFFFF7
:10F9C0003020606060703F1F00000080C060606099
:10F9D00060C0C00000000C0C0C0C0C0C0D0F0E0CC9
:10F9E0000000000000071F78E08000000000000019
:10F9F000E0E000000000000000000003070C0C0C19
:10FA00000C070300000007CFF830303030F8CF0784
:10FA1000000080C0E060606060E0C080000001071E
:10FA2000060C0C0C0C0603010000E1F91C0C0C0C7C
:10FA30000819FFFE000080C0E060606060C08000C8
:10FA4000000000000000000000C0C00000000060D6
:10FA50006000000000000000000000C0C0000000C6
:10FA600000647800000000000000000000010103B5
:10FA700000001038286C44C6C683830100000000D3
:10FA800000000000000000800000000000000000F6
:10FA9000000000000000C6C6C6C6C6C6C6C6C6C6AA
:10FAA0000000000000000000000000000000030152
:10FAB00001000000000000000000018383C6C6446E
:10FAC0006C283810000080000000000000000000DA
:10FAD000000003070E0C0C0C0C0E070300000000C6
:10FAE00000000E1E3870E080000000000000606022
:10FAF000000000000000000001030706060C0C0CCB
:10FB00000C0C0C0E060703010000001F7FE0800FA5
:10FB10003F7060C0C0C0613FFCC000C3FF7E0000FA
:10FB200080E070389CCCEE666666C6E6E6666CCC15
:10FB30009830200000000000030F0C0F03000000AD
:10FB40000000030F7CFC8C0C8CFC7C0F030060E03D
:10FB5000800000000000000080E06000000F0F0C3B
:10FB60000C0C0C0C0E070300000000FFFF303030BF
:10FB7000303070F8CF07000000E0E0606060606047
:10FB800060E0C0800000000107060E0C0C0C0C0E9B
:10FB90000703010000FEFF830000000000000001D9
:10FBA000838200000080C0C0E060606060E0C080D0
:10FBB000000000000F0F0C0C0C0C0C0C06070300CF
:10FBC000000000FFFF0000000000000001FFFE0039
:10FBD0000000E0E0606060606060C0C08000000025
:10FBE000000F0F0C0C0C0C0C0C0C0C0C000000FF8C
:10FBF000FF303030303030303000000000E0E06066
:10FC000060606060606060600000000F0F0C0C0CB2
:10FC10000C0C0C0C0C000000FFFF3030303030308A
:10FC20003000000000E0E0000000000000000000E4
:10FC300000000103060E0C0C0C0C0C0E0703010057
:10FC4000007CFF830000000018181818189F1F0080
:10FC500000000080C0C06060606060E0C0C08000E4
:10FC6000000F0F00000000000000000F0F0000FF59
:10FC7000FF3030303030303030FFFF0000E0E00047
:10FC800000000000000000E0E00000000F0F000096
:10FC90000000FFFF00000000E0E0000000000000A6
:10FCA0000000000F0F000000030300000000FFFF32
:10FCB00000000080C0E06060E0C080000000000F35
:10FCC0000F0000000103070E0C08000000FFFF18E2
:10FCD00070F8FC8E07030000000000E0E000000068
:10FCE000000080C0E0602000000F0F000000000056
:10FCF0000000000000FFFF00000000000000000006
:10FD000000E0E06060606060606000000F0F0E0760
:10FD100000000000000000070E0F0F0000FFFF00B2
:10FD2000C0F81F0300031FF8C000FFFF0000E0E061
:10FD300000000000E060E000000000E0E000000FD4
:10FD40000F07030000000000000F0F0000FFFF007E
:10FD500080E0701C0E0301FFFF0000E0E0000000E7
:10FD600000000080C0E0E00000000103060E0C0C63
:10FD70000C0C0E060301000000FEFF8300000000D3
:10FD80000000000083FFFE0000000080C0E0606013
:10FD90006060E0C08000000000000F0F0C0C0C0C35
:10FDA0000C0C0E0703000000FFFF18181818181895
:10FDB00038F0E0000000E0E000000000000000007B
:10FDC000000000000103060E0C0C0C0C0E060703CD
:10FDD000000000FEFF83000000000101010083FF1E
:10FDE000FC0000000080C0E060606060E0C0E06097
:10FDF000300000000F0F0C0C0C0C0C0C0E07030055
:10FE0000000000FFFF303030303C3F77E1C00000A1
:10FE10000000E0E000000000000080E0E0200000C2
:10FE2000000307060C0C0C0C0C060703000003C3B0
:10FE3000E1603030303018180F0700000080C0E05B
:10FE40006060606060C0C080000C0C0C0C0C0F0F78
:10FE50000C0C0C0C0C0000000000FFFF0000000068
:10FE6000000000000000E0E00000000000000F0FB4
:10FE700000000000000000000F0F0000FFFF010065
:10FE8000000000000001FFFF00000080C0E0606093
:10FE90006060E0C08000000C0F0700000000000060
:10FEA00000070F0C0080F0FE1F0300031FFEF08010
:10FEB0000000000000C0E060E0C0000000000C0F87
:10FEC000030000000000030F0C0F030000000000FF
:10FED000030F0C00C0F87F0700073FF8C00080F850
:10FEE0003F0700077FF8C00000000080E060E0806E
:10FEF000000000000080E060E08000000000080CCE
:10FF00000E0701000001070E0C0800000000038727
:10FF1000DE787CDE87030000002060E0C000000087
:10FF2000000000C0E06020080C0F0301000000008A
:10FF300001030F0C0800000080C0F03F3FF0C080BC
:10FF4000000000000000000000E0E00000000000F1
:10FF500000000C0C0C0C0C0C0C0D0F0E0C00000017
:10FF600001070E1830E0C00000000060E0E06060B3
:10FF70006060606060606000000F0F0C0C0000FFAC
:10FF8000FF00000000FEFE0606000C0F030000004C
:10FF900000C0F83F070000000080E060000C0C0F7C
:10FFA0000F00000000FFFF00000606FEFE0000003C
:10FFB000070F0F07000010F0E00000E0F010000055
:10FFC0000000000000000000000000000000000031
:10FFD0000000000000000000000000000000060615
:10FFE0000606060606060606060600080C060000BB
:10FFF0000000000000000000000000000000000001
:020000040801F1
:100000000000000000000000000000006367C6C69A
:10001000CCCCCCFF7F000000C0E060606060C0C05E
:10002000E02000000F0F000000000000000000FFB3
:10003000FF60C0C0C0E07F1F0000E0E0C060606003
:10004000E0C0000000000000000000000000000010
:100050001F7F60C0C0C0E07131000000C0E0606080
:1000600060E0C0800000000000000000000F0F00F2
:10007000001F7FE0C0C0C060FFFF000000C0E06064
:100080006060C0E0E0000000000000000000000030
:100090000000001F7F6CCCCCCCCC6C7C1C00000022
:1000A000C0C060606060E0C080000000070F0C0C02
:1000B000C0C0FFFFC0C00000E0E000000000000082
:1000C00000000000000000001F7FE0C0C0C060FF13
:1000D000FF00000CCCE6666666CEFCF800000F0F51
:1000E000000000000000000000FFFF60C0C0C0E092
:1000F0007F3F0000E0E00000000000E0E000000CB6
:100100000C000000FFFF000000E0E00000000C0C0D
:100110000000FFFF0006FEFC00000F0F00000000C3
:1001200000000000FFFF0C1C3E77E1C08000E0E013
:1001300000000080E0E020000F0F0000FFFF000043
:10014000E0E00000000000000000000000000000EF
:1001500000000000FFFF60C0C0C0FF3F60C0C0C023
:10016000FF7F0000E0E000000000E0E00000000091
:10017000E0E000000000000000000000000000FFC0
:10018000FF60C0C0C0E07F3F0000E0E00000000072
:1001900000E0E0000000000000000000000000009F
:1001A000001F7F60C0C0C0C0607F1F000000C0C0D3
:1001B00060606060C0C0000000000000000000003F
:1001C00000000000FFFF60C0C0C0E07F1F0000FE15
:1001D000FEC0606060E0C0000000000000000000A1
:1001E00000000000001F7FE0C0C0C060FFFF0000F3
:1001F00000C0E0606060C0FEFE0000000000000083
:100200000000FFFF60C0C0C000E0E0000000000090
:100210000000000000000000000000387CCCCCCCC6
:10022000C6C66723000080C06060606060C0800058
:1002300000070F000000C0FFFFC0C00000C0E0606A
:100240006000000000000000000000000000FFFF50
:100250000000000000FFFF000080C0E0606060C0A0
:10026000E0E0000000000000000000000000C0F01E
:100270003C0F0300030F3CF0C000000000C0E0C0D2
:10028000000000000000000000000000000000006E
:10029000000000C0F81E07000F7EE07E0F00071E62
:1002A000F8C0000000C0E0E0000000E0E0C0000096
:1002B000000000000000000000000080C0F13B0EC4
:1002C0000E3BF1C0802060E080000080E0602000F4
:1002D0000000000000000000000000C0F83E0F0118
:1002E000033FFCC000000606068EFCF08000000004
:1002F00000000000000000000000C1C3C7CEDCF811
:10030000F0E0E0E0E06060606060600000070F0C1B
:100310000C000C1EFFF10000000000FCFE060600B1
:1003200000000F0F00000000FFFF00000000FFFFB3
:100330000000000C0C0F070000000000F3FF1E0C73
:10034000000606FEFC0000000000000000000000A7
:10035000000000001830303018180C0C0C18000089
:100360000000000000000000000000000600000087
:10037000000000000600000006000000070000006A
:100380000C0000000C000000130000000C00000036
:100390001F000000130000002B0000000E000000F2
:1003A0003E000000040000004C00000007000000B8
:1003B0005000000007000000570000000800000087
:1003C0005E0000000C000000660000000600000057
:1003D0007200000007000000780000000600000026
:1003E0007F00000006000000850000000C000000F7
:1003F0008B0000000C000000970000000C000000C3
:10040000A30000000C000000AF0000000C00000082
:10041000BB0000000C000000C70000000C00000042
:10042000D30000000C000000DF0000000C00000002
:10043000EB0000000C000000F700000006000000C8
:100440000301000006000000090100000C0000008C
:100450000F0100000C0000001B0100000C00000058
:10046000270100000C00000033010000150000000F
:100470003F0100000D000000540100000E000000CC
:10048000610100000F0000006F0100000F0000007C
:100490007E0100000E0000008D0100000D00000034
:1004A0009B01000010000000A80100000E000000E9
:1004B000B801000006000000C60100000B000000AB
:1004C000CC0100000E000000D70100000C0000006D
:1004D000E501000011000000F10100000E00000025
:1004E0000202000010000000100200000E000000D8
:1004F00020020000100000002E0200000F0000008B
:100500003E0200000E0000004D0200000C00000042
:100510005B0200000E000000670200000D000000FA
:100520007502000015000000820200000E000000AD
:10053000970200000E000000A50200000D00000060
:10054000B302000006000000C00200000600000028
:10055000C602000006000000CC02000008000000F7
:10056000D20200000C000000DA02000007000000C8
:10057000E60200000C000000ED0200000B0000008D
:10058000F90200000B000000040300000B00000053
:100590000F0300000C0000001A030000060000001A
:1005A000260300000B0000002C0300000B000000DD
:1005B00037030000050000004203000004000000B3
:1005C000470300000A0000004B0300000400000085
:1005D0005503000010000000590300000B0000004C
:1005E000690300000C000000740300000B00000011
:1005F000800300000B0000008B03000007000000D8
:10060000960300000B0000009D03000006000000A0
:10061000A80300000B000000AE0300000B00000068
:10062000B90300000F000000C40300000A0000002E
:10063000D30300000B000000DD03000009000000F0
:10064000E803000007000000F103000006000000BE
:10065000F803000007000000FE0300000C0000008B
:100660000504000000000000000000000000000081
:10067000000000000000000000000000000000007A
:10068000000000000000000000000000000000006A
:100690000000000000000000000001010100000057
:1006A0000000000000FFFFFF00000000000000004D
:1006B000E0FFE0000000000000000007C7070000A6
:1006C0000000000000000000000000000000010128
:1006D00001000000010101000000FEFFFE0000001B
:1006E000FEFFFE000000000000000000000000000F
:1006F00000000000000000000000000000000000FA
:1007000000000000000000000000000000000000E9
:1007100001010100000000010101000000030303CA
:1007200003037FFFFFC30303037FFFFF8303000077
:100730008383839FFFFFF38383839FFFFFF3838381
:100740008300008083FFFFFC80808087FFFFFC80A8
:100750008080808000000000000000000000000099
:100760000000000000000000000000000000010187
:10077000030301010000000000000000001F7FFFD4
:10078000E1C0C0FFFFC0C0E0F87818000000000022
:1007900000C0C0E0E070FFFF3838381C1F0F0300B6
:1007A000000060787C1E0E0707FFFF07070E1EFC87
:1007B000F8E000000000000000000000E0E00000A1
:1007C0000000000000000000000000000101010125
:1007D0000100000000000000000000000101010015
:1007E00000000000000000001F7FFFE0808080E02C
:1007F000FF7F1F00000000030F3FFCF0C00000005F
:100800000000000000000080E0F07818181838F0B0
:10081000E081071F7EF8E0830F1F3C3030303C1F23
:100820000F0300000000000000000000030F1F7C09
:10083000F0E080000000F0FCFE0F03030307FEFC65
:10084000F0000000000000000000000000000000B8
:100850000000000000000000000000000000000098
:100860000000000000000000000001010101010083
:1008700000000000000000000000000000003E7FBB
:10088000FFE3C0C0C1E3FF7F3E00000000000000A6
:10089000000003070F1E38F8F0F0F8FEDF870301B1
:1008A000010307070600000000E0F8FC3E0E070702
:1008B0000707070F8EDEFCF8FCFE0F0604000000A1
:1008C0000000000000000000000000000000000028
:1008D0000000000000000001010100000000FEFF18
:1008E000FE0000000000000000000000000000000A
:1008F00000000000000000000000000000000000F8
:100900000101000000000001071F7CF0C000000092
:1009100000003FFFFFC00000000000000000F0FEEC
:10092000FF0F0000000000000000000080E0F83C25
:100930000E020000000001010000000000000000A5
:10094000000000C0F07C1F07010000000000000054
:100950000000C0FFFF3F00000000000000000FFF8C
:10096000FEF000000000020E3CF8E08000000000F5
:100970000000000000000101010000000000001064
:1009800030393B1FFFFCFF1F3B3930100000008057
:10099000C08000000080C080000000000000000057
:1009A0000000000000000000000000000000000047
:1009B0000000000000000000000000000000000037
:1009C0000000000000000000000000000000000027
:1009D0000000001F1F1F00000000000000000000BA
:1009E00038383838383838FFFFFF38383838383832
:1009F0003800000000000000000000F0F0F00000EF
:100A000000000000000000000000000000000000E6
:100A100000000000000000000000000000000000D6
:100A200000000000000000000000000000000000C6
:100A300000000000000000000000000707070000A1
:100A4000000000000008F8E00000000000000000C6
:100A50000000000000000000000000000000000096
:100A60000000000000070707070707070707070040
:100A70000000000000000000000000000000000076
:100A80000000000000000000000000000000000066
:100A90000000000000000000000000000000000056
:100AA0000000000000000000000707070000000031
:100AB0000000000000000000000000000000000036
:100AC0000001010100000000000F7FFFF080000026
:100AD000011FFFFEF0000000031FFFFCE00000000C
:100AE0000000000000000000000000000000000006
:100AF00000000101010101010100000000000000EF
:100B0000031F7FFCF0E0C0C0C0C0C0E0F0FC7F1F4E
:100B1000030000FFFFFF00000000000000000000D5
:100B200000FFFFFF000080F0FC7E1E0F0707070795
:100B3000070F1E7EFCF08000000000000000000097
:100B400000000000000000000000000000000000A5
:100B50000000000000010100000000000000000093
:100B600000070F0E1C3C78FFFFFF00000000000094
:100B700000000000000000000000FFFFFF00000078
:100B800000000000000000000000000000FFFFFF68
:100B90000000000000000000000000000000000055
:100BA0000000000000000000000000000000000045
:100BB00001010101010101000000000000000C3CE6
:100BC0007CF0E0E0C0C0C0C0C0E0E0F07F3F1F00AC
:100BD00000000000000000010103070F1E3CF8F0B8
:100BE000C0800000030F1F3F77F7E7C7870707079D
:100BF00007070707070000000000000000000000D2
:100C000000000000000000000000000000000001E3
:100C1000010101010100000000000000000C3C7C0B
:100C2000F8E0E0C0C0C0C0C0E0F17F7F1E0000005F
:100C300000000000000030707070F0F0F8FC9F0FB2
:100C400007000060787C3E0E0707070707070F0EB6
:100C50003EFCF8E000000000000000000000000082
:100C60000000000000000000000000000000000084
:100C70000000000000010100000000000000000072
:100C8000000003070F3E7CFFFFFF00000000000391
:100C9000070F3F7DF1E1C1010101FFFFFF010101EC
:100CA0000000C0C0C0C0C0C0C0C0C0C0C0FFFFFF07
:100CB000C0C0C000000000000000000000000000F4
:100CC000000000000000000000000001010101011F
:100CD000010101010101010100000000077FFFF88F
:100CE000C0C1C1C1C1C1C1C0C0C0C000000030F09E
:100CF000F0E0E0C0C0C0C0C0C0E0E0F87F3F0F003F
:100D00000060787C1E0E0707070707070E0E3CFCE5
:100D1000F0C0000000000000000000000000000023
:100D200000000000000000000000000000010101C0
:100D300001010100000000000000010F3F7EF8E00B
:100D4000E0C0C0C0C0C0E0F87C3C0C0000FFFFFF6A
:100D50001C307060E0E0E0E0F070783F1F070000BA
:100D600080F0F83C1E0E07070707070F0E3EFCF841
:100D7000E000000000000000000000000000000093
:100D80000000000000000101010101010101010159
:100D9000010101010101010000C0C0C0C0C0C0C00C
:100DA000C0C0C0C3C7CEDCF0E0C00000000000003F
:100DB0000000071F7FF8E080000000000000000036
:100DC0000000000FFFFFF000000000000000000026
:100DD0000000000000000000000000000000000013
:100DE00000000000000000000000010101010101FD
:100DF0000100000000000000001F7FFFF1E0C0C004
:100E0000C0C0C0E0F17F7F1F000000030F9FDCF82F
:100E1000F07070707070F8F8DC9F0F030000E0F85D
:100E2000FC1E0E0F0707070707070E1EFCF8E00061
:100E300000000000000000000000000000000000B2
:100E4000000000000000000000010101010101019B
:100E5000000000000000000F3F7FF8E0E0C0C0C0CD
:100E6000C0C0E0E0F87F1F030000C0F0F83C1C1E8B
:100E70000E0E0E0E0C1C1870FFFFFF000060787C39
:100E80001E0E07070707070F0E1EFCF8E000000004
:100E90000000000000000000000000000000000052
:100EA000000000000000000000000000000000033F
:100EB00003030000000000000080808000000000AC
:100EC000000000070707000000000000000000000D
:100ED0000000000000000000000000000000000012
:100EE0000003030300000000000000808080000079
:100EF00000000000000707070000000000000008D5
:100F0000F8E0000000000000000000000000000009
:100F100000000000000000000000000000000000D1
:100F20000000010103030707060E0E1C000000006D
:100F3000387C7CEEEEC6C7C7838301010000000049
:100F40000000000000000000000000008080C0C021
:100F5000C0E0E070000000000000000000000000A1
:100F60000000000000000000000000000000000081
:100F70000000000000000000000000000000000071
:100F80000303030303030303030303030303030331
:100F9000000000008383838383838383838383832D
:100FA0008383838300000000808080808080808035
:100FB0008080808080808080000000000000000031
:100FC0000000000000000000000000000000000021
:100FD0000000000000000000000000000000000011
:100FE000000000001C0E0E060707030301010000AD
:100FF00000000000000000000000000001018383E9
:10100000C7C7C6EEEE7C7C380000000070E0E0C090
:10101000C0C0808000000000000000000000000050
:1010200000000000000000000000000000000000C0
:1010300000000000000000000101010101010100A9
:10104000000000000000000C3C7CF0E0C0C0C0C00C
:10105000C0E0F17F7F1F00000000000000000003DF
:101060000F1F3E78F0E0C08000000000000000008C
:101070000000C7C7C700000000000000000000001B
:101080000000000000000000000000000000000060
:10109000000000000000000000000000000000014F
:1010A0000101010101010101000000000000000038
:1010B00000000000000000000001070F1E3C7870D7
:1010C000F0E0E1E3C3C3C3C3C1C1C0E0E3E3F3782D
:1010D0007C3E1F0F030000000000000F7FFFF08028
:1010E00000071F3FFCF0E0C080808080C0E0FFFF71
:1010F000FFF80000000081FFFFFF0000000000F08B
:10110000FEFF0F0301E0F8FE1E0F070707070E1E84
:101110003CFEFFFF87070F0E1E7CF8F0C1010100A7
:10112000000000000080C0E0F07078383C1C1C1EFD
:101130000E0E0E0E0E0E0E0E0E1C1C1C387870E0DD
:10114000C08000000000000000000000000001015D
:10115000010101000000000000000000000000008C
:101160000000010F3FFEF8C0F8FE3F0F0100000035
:10117000000000000000010F7FFFF7C70707070707
:1011800007C7F7FF7F0F01000000030F7FFEF0C0CD
:101190000000000000000000000000C0F0FE7F0F13
:1011A000030000000000000000000000000000003C
:1011B000000000000000000000000001010101012A
:1011C0000101010101010101000000000000000017
:1011D0000000FFFFFFC0C0C0C0C0C0C0C0C0E0F181
:1011E000FF7F1E000000000000FFFFFF70707070A6
:1011F0007070707070F0F8FC9F0F0300000000002A
:10120000FFFFFF070707070707070707070E1EFC73
:10121000F8E00000000000000000000000000000F6
:1012200000000000000000000000000000000000BE
:1012300000000000010101010101010000000000A7
:10124000000000000000010F1F3F78F0E0E0C0C088
:10125000C0C0C0E0E0F07C3E1E040000000000FEC4
:10126000FFFF01000000000000000000000000007F
:10127000000101000000000000C0F0F83C1E0E0F4D
:101280000707070707070F1E3E7CF8F080000000E5
:10129000000000000000000000000000000000004E
:1012A0000000000000000000000000010101010139
:1012B0000101010101010101000000000000000026
:1012C00000000000FFFFFFC0C0C0C0C0C0C0C0C061
:1012D000C0E0F0787E1F0F010000000000FFFFFF5C
:1012E0000000000000000000000000000000FFFF00
:1012F000FF0000000000FFFFFF07070707070707C1
:1013000007070F0E1E3CFCF0E0000000000000008C
:1013100000000000000000000000000000000000CD
:1013200000000000000000000101010101010101B5
:10133000010101010101010101000000000000FFA5
:10134000FFFFC0C0C0C0C0C0C0C0C0C0C0C0C0C01F
:10135000000000000000FFFFFF3838383838383808
:1013600038383838383800000000000000FFFFFF30
:101370000707070707070707070707070707070004
:10138000000000000000000000000000000000005D
:101390000000000000000000000000010101010148
:1013A0000101010101010101010101000000000032
:1013B000FFFFFFC0C0C0C0C0C0C0C0C0C0C0C0C070
:1013C0000000000000FFFFFF383838383838383860
:1013D00038383800000000000000FFFFFF00000068
:1013E00000000000000000000000000000000000FD
:1013F00000000000000000000000000000000000ED
:1014000000000000000000000000000101010101D7
:1014100001010100000000000000000000000007C2
:101420001F3F7C70F0E0E0C0C0C0C0C0C0C0E0E0C2
:10143000F07C3E1E0000000000FEFFFF01000000E7
:1014400000000000001C1C1C1C1C1C1C1C1F1F1F5F
:101450000000000000C0F0F87C1C1E0E0E070707FD
:10146000070707070F0E1E1CFCF8F800000000001D
:10147000000000000000000000000000000000006C
:101480000000000000000000000000010101000059
:101490000000000000000000000000010101000049
:1014A00000000000FFFFFF0000000000000000003F
:1014B00000000000FFFFFF000000000000FFFFFF32
:1014C00070707070707070707070707070FFFFFF6F
:1014D000000000000000FFFFFF000000000000000F
:1014E000000000000000FFFFFF00000000000000FF
:1014F00000000000000000000000000000000000EC
:1015000000000000000000000101010000000000D8
:1015100000FFFFFF000000000000FFFFFF000000D1
:10152000000000FFFFFF00000000000000000000BE
:1015300000000000000000000000000000000101A9
:10154000010000000000000000000000000000009A
:10155000FFFFFF000000000000000000000000008E
:101560000000FFFFFF00000000F0FCFE1E0F070759
:1015700007070F1EFEFCF000000000000000000046
:10158000000000000000000000000000000000015A
:101590000101000000000000000000000000010147
:1015A000010100000000FFFFFF0000000001030731
:1015B0000F1E3C78F0E0C0800000000000FFFFFF3D
:1015C0001E3C78F0E0F8FC1E0F070300000000004E
:1015D00000000000FFFFFF0000000000000000000E
:1015E000C0E0F07C3E0F0703000000000000000098
:1015F00000000000000000000000000000000000EB
:1016000000000101010000000000000000000000D7
:101610000000000000FFFFFF0000000000000000CD
:101620000000000000000000FFFFFF0000000000BD
:101630000000000000000000000000FFFFFF07079F
:101640000707070707070707070700000000000054
:10165000000000000000000000000000000000008A
:101660000001010101010000000000000000000075
:101670000000000101010101000000000000FFFF67
:10168000FFF0FEFF0F0100000000000000010F7FCF
:10169000FEF0FFFFFF000000000000FFFFFF000062
:1016A000C0F8FF3F03000000031FFFF8C00000FF69
:1016B000FFFF000000000000FFFFFF0000000080AF
:1016C000F0FE7F0F7FFEF00000000000FFFFFF0034
:1016D000000000000000000000000000000000000A
:1016E00000000000000000000000000000000000FA
:1016F00000000101010100000000000000000000E6
:101700000000010101000000000000FFFFFFF87C65
:101710001F0F030100000000000000FFFFFF00009A
:1017200000000000FFFFFF00000080E0F87C3F0F9A
:1017300003010000FFFFFF000000000000FFFFFFAB
:10174000000000000000000080E0F07C3FFFFFFF91
:101750000000000000000000000000000000000089
:101760000000000000000000000000000000000079
:101770000000000000000101010101010100000062
:1017800000000000000000000001071F3F7870E02B
:10179000E0C0C0C0C0C0C0C0E0F0707C3F1F070107
:1017A00000000000FFFFFF0100000000000000003B
:1017B0000000000000000001FFFFFF00000000002B
:1017C000C0F0F87C1C1E0E070707070707070E1E50
:1017D0001C7CF8F0C00000000000000000000000C9
:1017E00000000000000000000000000000000000F9
:1017F00000000000000001010101010101010101DF
:1018000001010101000000000000000000FFFFFFD7
:10181000C0C0C0C0C0C0C0C0C0C0E0F07F3F1F009B
:1018200000000000FFFFFF1C1C1C1C1C1C1C1C1CBF
:101830001C3878F0E0800000000000FFFFFF00008F
:101840000000000000000000000000000000000098
:101850000000000000000000000000000000000088
:101860000000000000000000000000000000000078
:101870000101010101010000000000000000000062
:1018800000000001071F3F78F0E0E0C0C0C0C0C00A
:10189000C0E0E0F0783F1F07010000000000FFFFFC
:1018A000FF01000000000000000000000000000038
:1018B00001FFFFFF000000000000C0F0F83C1E0E1A
:1018C0000E0707072777773F3E1E3EFFF7C301014C
:1018D0000000000000000000000000000000000008
:1018E000000000000000008080C000000000000038
:1018F00001010101010101010101010101010100D9
:10190000000000000000000000FFFFFFC0C0C0C0DA
:10191000C0C0C0C0C0C0C0E0F0FF7F1F000000001A
:101920000000FFFFFF3838383838383C3E3F3F7BF7
:1019300071F0E0C080000000000000FFFFFF000029
:1019400000000000000000C0E0F8FC3F1F0701009D
:101950000000000000000000000000000000000087
:101960000000000000000000000000000000000077
:101970000000010101010101010000000000000060
:10198000000000001F3F7FF1E0C0C0C0C0C0C0E049
:10199000E0F07C3C0C00000000000101C1C0E0E070
:1019A000707070783838383C1C1E0F070300000038
:1019B00000C0F0F87C1E0E0F0707070707070F0E81
:1019C0001EFCF8E000000000000000000000000025
:1019D0000000000000000000000000000000010105
:1019E00001010101010101010101010101010101E7
:1019F000010000C0C0C0C0C0C0C0C0FFFFFFC0C069
:101A0000C0C0C0C0C0C00000000000000000000056
:101A1000FFFFFF00000000000000000000000000C9
:101A20000000000000FFFFFF0000000000000000B9
:101A300000000000000000000000000000000000A6
:101A40000000000000000000000101010000000093
:101A50000000000000000000000101010000000083
:101A60000000FFFFFF000000000000000000000079
:101A70000000FFFFFF000000000000FFFFFF00006C
:101A80000000000000000000000000FFFFFF000059
:101A900000000000C0F0FC3E1E0E07070707070706
:101AA000070E1E7CFCF0C0000000000000000000DB
:101AB0000000000000000000000000000000000026
:101AC0000000000101010000000000000000000013
:101AD0000000000000000001010180E0FCFF1F0782
:101AE0000000000000000000000000071FFFFCE0F5
:101AF0008000000080E0FCFF1F07000000000007DE
:101B00001FFFFCE08000000000000000000080E0FB
:101B1000FCFF3F073FFFFCE08000000000000000EA
:101B200000000000000000000000000000000000B5
:101B300000000000000001010100000000000000A2
:101B40000000000000010101010100000000000090
:101B50000000000000000101010080F8FF7F070085
:101B600000000000000000073FFFF8C0F8FF3F073B
:101B70000000000000000000077FFFF88000000068
:101B800080F8FF7F07000000031FFFFCE00000005B
:101B90000000E0FCFF1F03000000077FFFF880004B
:101BA00000000000000080F8FF7F0F7FFFF8C000FA
:101BB000000000000000000080F8FF7F0F7FFFF8AA
:101BC0008000000000000000000000000000000095
:101BD0000000000000000000000000000000000005
:101BE00000000000000000000000000101010100F1
:101BF00000000000000000000000000001010101E1
:101C000000000080C0F0F83C1F0F03010001030F2B
:101C10001F3CF8F0C080000000000000000001033D
:101C200087DFFEF8FEFF87030100000000000001CF
:101C300003071F3E78F0E080000000000080E0F025
:101C4000783E1F07030100000000000000000000B4
:101C50000000000000000000000000000001010181
:101C60000100000000000000000000000000000073
:101C7000010101010080E0F0783E1F070300000031
:101C8000000003071F3E78F0E08000000000000025
:101C90000000C0E0F87F1F7FF8E0C00000000000F7
:101CA000000000000000000000000000FFFFFF0037
:101CB0000000000000000000000000000000000024
:101CC0000000000000000000000000000000000014
:101CD00000000001010101010101010101010101F7
:101CE0000101010000000000C0C0C0C0C0C0C0C0F1
:101CF000C1C3CFDFFEF8F0E00000000000000001EB
:101D0000030F1F3CF8F0E08000000000000000001E
:101D10000F1F3FFFF7C787070707070707070707D3
:101D2000070707000000000000000000000000009E
:101D3000000000000000000000000001010101019E
:101D40000101000000FFFFFFC0C0C0C0000000FF95
:101D5000FFFF00000000000000FFFFFF0000000088
:101D6000000000FEFEFE0E0E0E0E0001010100003E
:101D7000000000000080F0FF7F0F00000000000066
:101D80000000F0FEFF1F0100000000000000E0FC6A
:101D9000FF1F030000000000000000000000010120
:101DA0000101010101000000C0C0C0C0FFFFFF0031
:101DB000000000000000FFFFFF0000000000000026
:101DC000FFFFFF0000000E0E0E0EFEFEFE000000E4
:101DD0000000000000000101010000000000000000
:101DE00000000001073FFEF0C0F0FE3F07010000C9
:101DF00000000878F8F080000000000080F0F8781B
:101E000008000000000000000000000000000000CA
:101E100000000000000000000000000000000000C2
:101E200000000000000000000000000000000000B2
:101E300000000000000000000000000000000000A2
:101E40000000000000000000000000000000000092
:101E50000000000000000000000000000000000082
:101E60000000000000000000000000000000000072
:101E70000E0E0E0E0E0E0E0E0E0E0E0E0E0E0E0E82
:101E80000E0E0E0001010101000000000000000024
:101E90000080C0E0F0100000000000000000000022
:101EA0000000000000000000000000000000000032
:101EB0000000000000000000000000000000000022
:101EC0000000000000000000000000000000000012
:101ED00000000000010101030303030303030100E9
:101EE0000000000030F0F1E1C38383838387C7C71C
:101EF000FFFF7F00000078FEFECF87878787878EF1
:101F00000E1CFEFFFF0100000000000000000000AA
:101F100000000000000000000000000101010000BE
:101F20000000000000000000000000000000FFFFB3
:101F3000FF0001010303030303010100000000008F
:101F400000FFFFFFF0E0C080808080C0C0F0FF7F16
:101F50001F000000FFFFFF3C0E0E070707070F1EC4
:101F60003EFCF8C00000000000000000000000007F
:101F70000000000000000000000000000000000061
:101F8000000000000000000000000000000001014F
:101F9000030303030303010100000000001F7FFF90
:101FA000F0C0C08080808080C0E0F070300000E031
:101FB000F8FC3E0E0F07070707070E1E7C7860002F
:101FC0000000000000000000000000000000000011
:101FD0000000000000000000000000000000000001
:101FE00001010100000000000001010303030303DD
:101FF000010100FFFFFF0000000F7FFFF0C0C08065
:10200000808080C0C0F0FFFFFF000000C0F8FC3EF1
:102010001E0F070707070E0E3CFFFFFF0000000022
:1020200000000000000000000000000000000000B0
:1020300000000000000000000000000000000000A0
:10204000000000000000000101030303030303017B
:102050000100000000001F7FFFE7C7C78787878751
:1020600087C7E7FF7F1F0000E0F8FC3E0E0F070761
:102070000707070E1E3C382000000000000000008B
:102080000000000000000000000000000000000050
:1020900001010101010303037FFFFFE3C3C3C38009
:1020A0008080FFFFFF80808080000000FFFFFF0036
:1020B0000000000000000000000000000000000020
:1020C0000000000000000000000000000000000010
:1020D00000000000010103030303030101000303E7
:1020E000030000000F7FFFF0C0C080808080C0C070
:1020F000F0FFFFFF000000C0F8FC3E0E0F070707CF
:10210000070F0E3CFFFFFF00000070787C3C1E0EA6
:102110000E0E0E0E0E1C3CF8F0C000000000010177
:1021200001000000000000000000000000000000AE
:1021300000FFFFFF0001010303030303030100008D
:1021400000000000FFFFFFF0C0C080808080C0E082
:10215000FFFF7F00000000FFFFFF00000000000005
:10216000000000FFFFFF0000000000000000000072
:10217000000000000000000000000000000101015C
:1021800000000000C3C3C300000000FFFFFF000009
:102190000000FFFFFF000000000000000000000042
:1021A00000010101000000000000C3C3C3000000E3
:1021B000000000FFFFFF000000000000FFFFFF0025
:1021C00000000E0E1EFEFCF00000000000000101E9
:1021D00001000000000000000000000000000000FE
:1021E000FFFFFF00000000000001030303020000E6
:1021F0000000FFFFFF0F1E1F3F7BF1E0C0800000CB
:1022000000000000FFFFFF000000C0E0F07C3E1F68
:1022100007030100000000000000000000000000B3
:102220000000000000000001010100000000FFFFAD
:10223000FF00000000FFFFFF00000000FFFFFF00A5
:10224000000000000000000000000000000000008E
:10225000000000000000000000000000000000007E
:10226000000000000000000303030001010303035A
:102270000303010000000101030303030301010044
:1022800000000000FFFFFF70C08080808080C0FFE2
:10229000FF7FE0C08080808080C0FFFF7F00000063
:1022A00000FFFFFF0000000000000000FFFFFF0034
:1022B00000000000000000FFFFFF00000000000021
:1022C000000000000000000000000000000000000E
:1022D00000000000000000000000000000000000FE
:1022E00000000000000000000000000000000303E8
:1022F00003000101030303030303010000000000C6
:1023000000FFFFFFF0C0C080808080C0E0FFFF7F43
:1023100000000000FFFFFF000000000000000000C0
:10232000FFFFFF00000000000000000000000000B0
:10233000000000000000000000000000000000009D
:10234000000000000000000000000000000001018B
:10235000030303030303010100000000001F7FFFCC
:10236000F0C0C080808080C0C0F0FF7F1F0000E010
:10237000F8FC3E0E0F070707070F0E3EFCF8E000C3
:10238000000000000000000000000000000000004D
:10239000000000000000000000000000000000003D
:1023A0000000000000000003030300010103030319
:1023B00003030101000000000000FFFFFF70E0C008
:1023C00080808080C0C0F0FF7F1F000000FFFFFF03
:1023D0003C0E0E070707070F0E3EFCF0C000000082
:1023E000FEFEFE00000000000000000000000000F3
:1023F00000000000000000000000000000000000DD
:1024000000000000000000000101030303030301BA
:1024100001000303030000001F7FFFF0C0C08080A5
:102420008080C0E070FFFFFF000000C0F0FC3E1E97
:102430000F070707070E0E3CFFFFFF00000000001C
:102440000000000000000000000000FEFEFE000092
:102450000000000000000000000000000000030376
:1024600003000103030303030000FFFFFFE0C0803C
:10247000808080000000FFFFFF00000000000000DF
:10248000000000000000000000000000000000004C
:10249000000000000000000000000000000000003C
:1024A0000001010303030303030301010000000013
:1024B0000078FCFECE8F8F8787878783C3E3E36135
:1024C00000000030383C1E0E0707878787878FCEB5
:1024D000FEFCF00000000000000000000000000012
:1024E00000000000000000000000000000000000EC
:1024F0000303037F7FFF03030303808080FFFFFF4D
:1025000080808080000000FCFEFF070707070000B6
:1025100000000000000000000000000000000000BB
:1025200000000000000000000000000000030303A2
:102530000000000000000000000303030000000092
:10254000FFFFFF000000000000000000FFFFFF0091
:10255000000000F8FCFE1F0F070707070E0C38FFEE
:10256000FFFF00000000000000000000000000006D
:10257000000000000000000000000000000000005B
:102580000000000000000000020303010000000042
:1025900000000000000103030200C0F0FE7F0F01F5
:1025A000000000010F3FFEF0C0000000000080F0BE
:1025B000FC7F0F7FFCF080000000000000000000A6
:1025C000000000000000000000000000000000000B
:1025D00000000000000000000000000000000000FB
:1025E00000000000000303030000000000000000E2
:1025F000030303000000000000000003030380E069
:10260000FCFF1F030000000FFFFCC0F8FF0F0000DD
:1026100000031FFFFCE08000000000E0FC7F0FFFD4
:10262000FCC000000080FCFF0F7FFCE00000000009
:10263000000000000000000000000000000000009A
:10264000000000000000000000000000000000008A
:10265000000000000000000000020303030100006E
:102660000000000000010303020000C0E0F07C3F16
:102670000F0F1F7CF8F0C080000103071F3EF8F029
:10268000C0C0F0F83E1F0F03010000000000000072
:10269000000000000000000000000000000000003A
:1026A0000000000000000000000000020303010021
:1026B00000000000000001030303000000C0F8FF59
:1026C0003F07000000073FFFFCE0000000000000A3
:1026D00000E0FCFF1FFFFEF0800000000000000E85
:1026E0000E0E1E7CF8F0C00000000000000000008C
:1026F00000000000000000000000000000000000DA
:10270000000303030303030303030303030303009F
:102710000000808080808183878FBEF8F0E0C080D9
:102720000000071F3F7FF7E7C7870707070707076F
:102730000700000000000000000000000000000092
:102740000000000000000000000000010101010085
:10275000000000007FFFFFE0C0C0C00007070F1DA2
:10276000FDF8E00000000000000080C0FFFF3F0017
:102770000000000000000000F0FCFC1E0E0E0E0029
:102780000000010101000000000000FFFFFF000049
:1027900000000000FFFFFF000000000000FFFFFF3F
:1027A000000000000000FFFFFF0000000101010128
:1027B0000000000000000000C0C0C0E0FFFF3F00BC
:1027C0000000000000000000E0F8FD1D0F070700FA
:1027D000000000007FFFFFC0800000000E0E0E1EF4
:1027E000FCFCF00000000000000000000000000001
:1027F00000000000000000000000000000000000D9
:1028000000000000000000000000000000000000C8
:10281000001C387870707078383C1C1E0E0E0E1C30
:102820001C38000000000000000000000000000054
:102830000000000000000000000000000000000098
:102840000000000000000000000000000A0000007E
:10285000000000000B0000000A0000000C00000057
:10286000150000001300000021000000130000000C
:10287000340000001F0000004700000017000000A7
:1028800066000000070000007D0000000C00000052
:10289000840000000C000000900000000E0000000A
:1028A0009C00000014000000AA0000000A000000C4
:1028B000BE0000000C000000C80000000A0000007C
:1028C000D40000000A000000DE0000001300000039
:1028D000E800000013000000FB00000013000000EF
:1028E0000E01000013000000210100001300000091
:1028F0003401000013000000470100001300000035
:102900005A010000130000006D01000013000000D8
:102910008001000013000000930100000A00000085
:10292000A60100000A000000B00100001400000031
:10293000BA01000014000000CE01000014000000E5
:10294000E201000013000000F60100002400000076
:1029500009020000170000002D020000170000000F
:1029600044020000190000005B0200001900000092
:1029700074020000170000008D0200001500000026
:10298000A40200001B000000B902000019000000B2
:10299000D402000009000000ED0200001200000057
:1029A000F6020000170000000803000013000000FA
:1029B0001F0300001D00000032030000190000008A
:1029C0004F0300001B000000680300001700000018
:1029D000830300001B0000009A03000019000000A0
:1029E000B503000017000000CE0300001500000032
:1029F000E503000019000000FA03000017000000C2
:102A000013040000240000002A0400001700000046
:102A10004E040000170000006504000015000000CF
:102A20007C0400000A000000910400000A0000007D
:102A30009B0400000A000000A50400001100000033
:102A4000AF04000013000000C00400000C000000F0
:102A5000D304000012000000DF0400001300000097
:102A6000F104000012000000040500001300000043
:102A70001605000012000000290500000A000000F1
:102A80003B05000013000000450500001300000096
:102A900058050000070000006B0500000900000059
:102AA00072050000120000007B0500000700000016
:102AB0008D0500001D0000009405000013000000BB
:102AC000B105000012000000C40500001300000062
:102AD000D605000013000000E90500000C0000000E
:102AE000FC05000012000000080600000A000000BB
:102AF0001A06000013000000240600001100000068
:102B00003706000019000000480600001000000011
:102B100061060000110000007106000011000000B5
:102B2000820600000C00000093060000090000006F
:102B30009F0600000C000000A80600001400000022
:102B4000B40600000000000000000000001F0000AC
:102B5000E800001C001C0000000000000202071A30
:102B600002031E02004078C04078C0404000000FC1
:102B7000111F100800003008FC88F000000E111131
:102B80000E00030C100000000000000830C00070B0
:102B90008888700000000E11110E00000000007007
:102BA0008888483010680800001C000000000003FE
:102BB0000C100000F806010000100C0300000106D4
:102BC000F800080A1C0A08000000000000000000CD
:102BD0000000070000000000808080F080808000FE
:102BE0000000000000000E00000000000000404057
:102BF000400000000000000800000000000718006E
:102C00000018E0000000000F101010100F0000F07E
:102C100008080808F0000004081F00000000000079
:102C2000F80000000008101010100F00000818280D
:102C3000488808000008101111110E000010080843
:102C40000808F000000000030C1F00000020E02036
:102C500020F8200000031D11111110000090080839
:102C60000808F000000F10111111080000F088088A
:102C70000808F00000101010131C1000000038C0ED
:102C800000000000000E111111110E0000F00808E4
:102C90000808F000000F101010110F0000108888B5
:102CA0008810E000000200000008000000020000A0
:102CB000000E0000000001010202040000804040FC
:102CC0002020100000020202020202020000404026
:102CD000404040404000000402020101000000109A
:102CE000202040408000000C1010110E00000068F1
:102CF00080000000000106080912121211130804D6
:102D0000030000F804F20909091179890A32C400A4
:102D1000000000010E100E01000000001860C0400D
:102D20004040C0601800001F11111111110E000069
:102D3000F80808080808F000000708101010080438
:102D40000000E010080808102000001F10101010EC
:102D500008070000F80808080810E000001F11111B
:102D6000111111110000F808080808080800001FD8
:102D700011111111100000F8000000000000000700
:102D8000081010101008040000E01008088888904F
:102D9000E000001F01010101011F0000F800000018
:102DA0000000F800001F0000F80000000000001FF5
:102DB000000030080808F000001F000001020408AD
:102DC000100000F84080804020100800001F000024
:102DD0000000000000F8080808080800001F0C03A5
:102DE000000000030C1F0000F80000E018E00000E5
:102DF000F800001F08060100001F0000F800008016
:102E00006010F8000007081010101008070000E01C
:102E1000100808080810E000001F10101010100F14
:102E20000000F880808080800000000708101010EB
:102E30001008070000E0100808282810E800001F0C
:102E400010101010100F0000F8808080C0B0080033
:102E5000000E11111110100C0000300808088888AD
:102E60007000001010101F1010100000000000F87B
:102E700000000000001F00000000001F0000E01024
:102E800008080810E00000180601000000010618FC
:102E9000000000008060186080000000001807003B
:102EA00000000F100F000000071800000000E018DD
:102EB000E0000000E018E000000000100C02010239
:102EC0000C100000083040804030080000100C0357
:102ED00000030C100000000000F8000000000000DB
:102EE000101011161810000008186888080808004B
:102EF000001F100000FF0100001807000000000084
:102F000000E0180000101F000001FF00000007088B
:102F100007000000800000008000000000000000AA
:102F20000000000001010101010101000010080082
:102F30000000000000010202020100003048485079
:102F4000F800001F010202010000F8080808F00064
:102F50000001020202010000F00808081000000150
:102F60000202011F0000F0080808F8000001020238
:102F700002010000F0484848D00000020F12000093
:102F800000F800000001020201030000F20909112B
:102F9000FE00001F010202010000F8000000F8001E
:102FA00000130000F800000013000001FE00001FE5
:102FB000000001020000F840C0300800001F0000BF
:102FC000F800000301020201010202010000F80002
:102FD0000000F8000000F8000003010202010000F8
:102FE000F8000000F8000001020202010000F008F1
:102FF0000808F0000003010202010000FF100808A9
:10300000F0000001020201030000F0080810FF00B8
:10301000000301020000F8000000000102020201AA
:10302000000090484848300000020F02000000F8FD
:1030300008000003000000030000F0080808F80082
:10304000000300000003000000E018E0000000039F
:103050000000000300000003000000E018E000E0B2
:1030600018E00000000201000102000008B040B0BA
:103070000800000300000003000001E11EE0000062
:10308000000202020302000008384888080000001D
:103090000F10000040BE0100001F0000FE000010E5
:1030A0000F00000001BE400000000101010000010E
:1030B000000080000080808080000000040000008C
:1030C00000000000030000000400000005000000F4
:1030D00007000000090000000C00000007000000CD
:1030E000150000000C0000001C0000000A00000099
:1030F000280000000300000032000000050000006E
:1031000035000000050000003A0000000600000045
:103110003F0000000900000045000000040000001E
:103120004E000000050000005200000004000000F6
:1031300057000000060000005B00000008000000CF
:1031400061000000070000006900000008000000A6
:103150007000000008000000780000000800000077
:103160008000000008000000880000000800000047
:103170009000000008000000980000000800000017
:10318000A000000008000000A800000004000000EB
:10319000B000000004000000B400000008000000BF
:1031A000B800000009000000C00000000800000096
:1031B000C900000007000000D10000000E00000060
:1031C000D80000000B000000E6000000090000002D
:1031D000F100000009000000FA00000009000000F2
:1031E00003010000090000000C01000008000000BD
:1031F000150100000A0000001D0100000900000088
:10320000270100000300000030010000070000005B
:10321000330100000A0000003A010000080000002D
:10322000440100000B0000004C01000009000000F8
:10323000570100000A0000006001000009000000C2
:103240006A0100000A00000073010000090000008C
:103250007D01000009000000860100000900000057
:103260008F01000009000000980100000B00000021
:10327000A10100000F000000AC01000009000000E7
:10328000BB01000009000000C401000009000000AB
:10329000CD01000004000000D6010000060000007F
:1032A000DA01000004000000E00100000700000057
:1032B000E401000009000000EB0100000400000030
:1032C000F401000007000000F80100000700000002
:1032D000FF010000070000000602000007000000D8
:1032E0000D020000070000001402000005000000AD
:1032F0001B02000007000000200200000700000081
:1033000027020000030000002E020000040000005D
:103310003102000007000000350200000300000039
:103320003C0200000B0000003F020000070000000C
:103330004A020000070000005102000007000000E0
:1033400058020000070000005F02000005000000B6
:1033500066020000070000006B020000050000008C
:103360007202000007000000770200000700000062
:103370007E0200000B000000850200000700000034
:103380009002000007000000970200000700000004
:103390009E02000005000000A502000003000000DE
:1033A000AA02000005000000AD02000009000000B4
:1033B000B202000000000000000000000000000059
:1033C00000000000000000000000000000000000FD
:1033D000000000000000000303000000000000FFE8
:1033E000FF000000000000FCFC000000000000C026
:1033F000C00000000003030000000003030000F809
:10340000F800000000F8F8000000000000000000D4
:1034100000000000000000000000000000000000AC
:103420000003030000000000030300000C0C0C0F5D
:10343000FFFC8C0C0C0C0FFFFC0C0C0018191FFF70
:10344000F8181818191FFFF81818180000C0C00045
:1034500000000000C0C000000000000000000001EB
:103460000303030703030100000000000078FEC609
:10347000830303FF0181C1E060000000000C0F0323
:10348000010000FF808081C37F3E000000000080BB
:1034900080C0C0F0C0C080800000000000000001BB
:1034A0000303030301000000000000000103020009
:1034B000000000000000007CFF83010183FF7C000E
:1034C0000003071E78E081010101000000000000F8
:1034D000000080808081030F3CF0C000003EFFC1EF
:1034E0008080C1FF3E000000000000000040C0805E
:1034F0000000000000000080C0C0C0C080000000CC
:1035000000000000010103030303030100000000A9
:10351000000000000000F0F98D070307068CFCF0A6
:10352000000000000000003E7FE3C1800000C0E119
:10353000713B0F1F3F7B6100000000008080C0C016
:10354000C0C0C08080000080C0C0800000030300B5
:103550000000F8F80000000000000000000000007B
:103560000000000000010302000000031F7CE08057
:1035700000000000FFFF0000000000000000E0F875
:103580001E0701000002030100000000000000808F
:10359000E07C1F0300000000000000FFFF000000AF
:1035A00001071EF8E0000000000000000003030017
:1035B0000000000040C46E7CF8F87C6EC44000003F
:1035C00000000000000000000000000000000000FB
:1035D00000000000000000000000000000000000EB
:1035E00000000000000000000000003F3F0000005D
:1035F0000000000000C0C0C0C0C0C0FFFFC0C0C00D
:10360000C0C0C0000000000000000000000000007A
:1036100000000000000000000000000000000000AA
:103620000000000000000000000000000000C6FCD8
:10363000000000000000000000000000000000008A
:10364000000000000000003030303030303000002A
:10365000000000000000000000000000000000006A
:10366000000000000000000000000000000000005A
:103670000000C0C0000000000000000000000303C4
:10368000000000031FFEE00000073FF8C00000003C
:10369000C0C080000000000000000001010303031F
:1036A0000303010100000000001FFFE08000000094
:1036B000000080E0FF1F000000F8FF07010000008D
:1036C00000000107FFF800000000008080C0C0C0BB
:1036D000C0C080800000000000000000000000006A
:1036E0000303000000000000000018383070E0E024
:1036F000FFFF0000000000000000000000000000CC
:10370000FFFF0000000000000000000000000000BB
:10371000C0C000000000000000000001010303031E
:1037200003030301000000000030F0C0800000002F
:10373000000081C3FF7C000000000103060C0C1890
:103740003060C0800000000000C0C0C0C0C0C0C069
:10375000C0C0C0C0C0C000000000000103030303DC
:1037600003030100000000000060E0C080000303CC
:10377000038787FD78000000000C0F0301000000A4
:10378000000081C3FF7C00000000008080C0C0C03A
:10379000C0C08080000000000000000000000000A9
:1037A00000000103030000000000000003070E1CDE
:1037B00070E0C0FFFF000000003878F89818181873
:1037C000181818FFFF181800000000000000000083
:1037D000000000C0C000000000000003030303035A
:1037E00003030303030000000007FFF6060C0C0CA4
:1037F0000C0C060703000000000C0F030100000082
:1038000000000103FEFC00000000008080C0C0C07A
:10381000C0C0808000000000000000000101030320
:103820000303030100000000000F7FF1C3820606BE
:10383000060683C3E160000000F8FE870100000077
:1038400000000183FF7C00000000000080C0C0C0B9
:10385000C0C08080000000000003030303030303D3
:103860000303030303030000000000000000000343
:10387000071C30608000000000000000031FFCE017
:10388000000000000000000000000000C0C00000B8
:10389000000000000000000000000001010303031D
:1038A0000303010100000000000078FD870303030B
:1038B000030387FD78000000003CFFC38100000087
:1038C000000081C3FF3C00000000008080C0C0C039
:1038D000C0C080800000000000000001010303035D
:1038E0000303010100000000003EFFC18000000052
:1038F000000080C1FF1F0000000687C3C160606038
:103900006041C18FFEF0000000000080C0C0C0C058
:10391000C0808000000000000000000000000000E7
:103920000000001818000000000000000000000067
:10393000000000C0C0000000000000000000000007
:103940000000001818000000000000000000000047
:10395000000000C6FC0000000000000000000000A5
:103960000000000000000000000001030303060641
:103970000C0C1C18183000000000C0E060603030F3
:1039800018181C0C0C0600000000000000000000CD
:103990000000000000000000000000000000000027
:1039A0000000000000000000000C0C0C0C0C0C0CC3
:1039B0000C0C0C0C0C0C000000303030303030306F
:1039C00030303030303000000000000000000000D7
:1039D00000000000000000000000000000000000E7
:1039E000000000000000000000003018181C0C0C43
:1039F00006060303030100000000060C0C1C181847
:103A000030306060E0C000000000000000000000F6
:103A1000000000000000000000000001010303039B
:103A200003030301010000000030F0C080800000AB
:103A300000000183C7FE7C00000000000000003C85
:103A40007CE0C0800000000000000000000000C01A
:103A5000C0000000000000000000000000000000A6
:103A60000001010303030303030303010101000039
:103A700000000000000000071F3C70E0C1878E8C32
:103A8000181818180C0E079F9CC0E0703C1F070008
:103A90000000FFFF0100007CFF8301000000010126
:103AA000030FFFF0000101071EFCF000000000C042
:103AB000E078180C0E86C6C7C3C3C3830383C3C391
:103AC000C6C6860C0C183020000000000000000064
:103AD00003030300000000000000000000000000DD
:103AE000073FFCE000E0FC3F070000000000000092
:103AF000071FFCF030303030303030F0FC1F070052
:103B00000000C0C000000000000000000000000035
:103B100000C0C00000000303030303030303030307
:103B2000030301000000000000FFFF01010101018B
:103B30000101010183C7FE7C00000000FFFF8080BF
:103B40008080808080808080C1E37F3E000000C054
:103B5000C0C0C0C0C0C0C0C0C0C0C0808000000025
:103B6000000000000001010303030303030301013C
:103B700000000000000F3F78E0C0808000000000DF
:103B8000000080C0E070300000E0FC1E0703010070
:103B900000000000000101030F1E180000000000DB
:103BA000008080C0C0C0C0C0C0C0808000000000D5
:103BB00000000303030303030303030303030100E0
:103BC000000000000000FFFF0000000000000000F7
:103BD000008080C0F03F0F000000FFFF00000000E9
:103BE00000000000000101030FFCF0000000C0C055
:103BF000C0C0C0C0C0C0C0C0C08080000000000005
:103C0000000003030303030303030303030303038A
:103C10000300000000FFFF0101010101010101019A
:103C20000101010000000000FFFF80808080808093
:103C30008080808080800000000000C0C0C0C0C0C4
:103C4000C0C0C0C0C0C0C0C0C0C0000000000303EE
:103C5000030303030303030303030303000000FF41
:103C6000FF0101010101010101010100000000004B
:103C7000FFFF808080808080808080800000000046
:103C800000C0C000000000000000000000000000B4
:103C9000000000000001010103030303030303010B
:103CA00001000000000000073F78E0C080800000B5
:103CB000000000008080C0E07010000000E0FC1EEA
:103CC0000703010100000000C0C0C0C1C1C3FFFE66
:103CD00000000000000000808080C0C0C0C0C0C0E4
:103CE000C08080800000000000000303000000008E
:103CF0000000000000000000030300000000FFFFC0
:103D0000010101010101010101010101FFFF0000A9
:103D10000000FFFF808080808080808080808080A5
:103D2000FFFF00000000C0C0000000000000000015
:103D300000000000C0C000000000000303000000FD
:103D4000000000FFFF000000000000FFFF00000077
:103D5000000000C0C00000000000000000000000E3
:103D6000000003030000000000000000000000004D
:103D7000FFFF0000000E0F03000000000001FFFE27
:103D8000000000008080C0C0C0C0C0808000000073
:103D90000000030300000000000000000001030316
:103DA0000200000000FFFF000103070F1F3970E051
:103DB000C080000000000000FFFFE0C0800080C065
:103DC000E0783C1F07030000000000C0C0000000B6
:103DD0000000000000000080C0C04000000003039D
:103DE0000000000000000000000000000000FFFFD5
:103DF0000000000000000000000000000000FFFFC5
:103E00000000000000000000000000000000C0C032
:103E1000C0C0C0C0C0C0C0C0C0C0C000000000035F
:103E20000303010000000000000000000103030381
:103E3000000000000000FFFFC0F83F070000000086
:103E400000073FF8C0FFFF000000000000FFFF0078
:103E50000080F07E0F010F7EF0800000FFFF000069
:103E600000000000C0C00000000000C0C0C0000092
:103E7000000000C0C00000000000030303000000B9
:103E80000000000000000000030300000000FFFF2E
:103E9000C0E0701C0E03010000000000FFFF0000E6
:103EA0000000FFFF000000000080C070380E070314
:103EB000FFFF00000000C0C0000000000000000084
:103EC000000000C0C0C000000000000000010101AF
:103ED00003030303030301010100000000000007C6
:103EE0003F78E0C080800000000000008080C0E0DB
:103EF000783F070000E0FC1E0703010100000000FE
:103F00000000010103071EFCE0000000000000802B
:103F10008080C0C0C0C0C0C08080800000000000A1
:103F2000000003030303030303030303030301016B
:103F30000000000000FFFF00000000000000000083
:103F40000081C3FF7C000000FFFFC0C0C0C0C0C034
:103F5000C0C0C0C080800000000000C0C0000000E1
:103F60000000000000000000000000000000000051
:103F70000001010103030303030301010100000029
:103F8000000000073F78E0C08080000000000000D3
:103F90008080C0E0783F070000E0FC1E07030101BD
:103FA000000000040606070303071FFCF0000000E2
:103FB000000000008080C0C0C0C0C0C0C080808041
:103FC000C0E06000000003030303030303030303D3
:103FD00003030301000000000000FFFF01010101D5
:103FE00001010101010183C7FE7C00000000FFFF09
:103FF000808080808080C0E0F89C0E070100000077
:104000000000C0C0000000000000000000000080B0
:10401000C0C000000000000001010303030303030C
:1040200003010100000000000078FECF87070303B2
:104030000303018181C0F0300000001C1E07030152
:10404000000080808080C0C1E3FF3C0000000000D1
:10405000008080C0C0C0C0C0C0C080800000000020
:104060000303030303030303030303030303030320
:1040700000000000000000FFFF0000000000000042
:1040800000000000000000FFFF0000000000000032
:1040900000000000000000C0C000000000000000A0
:1040A000000003030000000000000000000000000A
:1040B000030300000000FFFF0000000000000000FC
:1040C00000000000FFFF00000000FCFF07010100EE
:1040D0000000000000010107FEFC000000000000DD
:1040E0000080C0C0C0C0C0C0C0C0800000000000D0
:1040F00000030301000000000000000000000001B8
:104100000303000000C0F83F0701000000000001A9
:10411000073FF8C000000000000000C0F83F0701A2
:104120000F3FF8C000000000000000000000000089
:1041300000C0C0C000000000000000000303000039
:104140000000000000000000030303000000000066
:10415000000000000003030000F0FF0F010000005A
:1041600000031FFEE000E0FC1F0300000000010F41
:10417000FFF00000000000F0FE1F010F7FF8C000FC
:1041800000000000C0F87F0F011FFEE000000000EB
:104190000000000000C0C0C00000000000000000DF
:1041A000000000C0C0C000000000000000020303C7
:1041B00001000000000000000000010303020000F5
:1041C000000080C0F0381C0F030F1C38F0C08000C6
:1041D0000000000001030F1C3870C080C0F0381CC4
:1041E0000F0301000040C0C080000000000000007C
:1041F0000000000080C0C040020301000000000079
:10420000000000000000010303020000C0E0703C59
:104210000E070101071E3C70E0C000000000000016
:1042200000000080FFFF8000000000000000000090
:10423000000000000000C0C00000000000000000FE
:104240000003030303030303030303030303030044
:10425000000000000000000003070E3870E080003E
:1042600000000001070E1C70E0C00000000000000C
:10427000000000C0C0C0C0C0C0C0C0C0C0C0C0C07E
:10428000C0C0C00000000303030303000000FFFFE1
:10429000000000000000FFFF000000000000FFFF22
:1042A00003030300030300000000000000E0FE1F02
:1042B00003000000000000C0F83F070000000000FD
:1042C0000080C0C0000303030303000000000000DF
:1042D000FFFF000000000000FFFF000000030303D9
:1042E000FFFF0000000000000001030301000000C8
:1042F00000000000031F7CE08080E07C1F030000C2
:1043000000808000000000000000008080000000AD
:10431000000000000000000000000000000000009D
:10432000000000000000000000000000000000008D
:10433000000000000000000000000000000000007D
:104340000000000000000000000000000303030361
:104350000303030303030303030303030002030331
:10436000010000000000000080C0400000000000CC
:10437000000000000000000000000000000000003D
:10438000000000000000000000000000000000002D
:10439000020E0C1C18181818181C0F070000000F2C
:1043A0003F3160606060E1C1C3FFFF00000000803A
:1043B000C0C0C0C0C0C0800080C040000000030377
:1043C0000000000000000000000000000000FFFFEF
:1043D000060C18181818180C0F0701000000FFFF32
:1043E000030100000000010107FEFC000000C0C046
:1043F0000080C0C0C0C0C0800000000000000000FD
:10440000000000000000000000000001070E0C1872
:104410001818181C0E07030000FCFF030100000021
:104420000001030F0C000000008080C0C0C0C0C0AD
:1044300080000000000000000000000000000000FC
:10444000030300000001070F0C18181818180C06B9
:10445000FFFF000000FCFE07010100000000010357
:10446000FFFF00000000008080C0C0C0C0C080000E
:10447000C0C00000000000000000000000000000BC
:104480000000000001070E0C18181818180C0E0771
:10449000010000FCFF676161606060606161E3E2F0
:1044A000000000008080C0C0C0C0C0C0800000000C
:1044B000000001030303031818FFFF181818000079
:1044C000FFFF0000000000C0C0000000000000006E
:1044D0000000000000000000000000000001070FC5
:1044E0000C18181818180C0E1F1F000000FCFE07EF
:1044F0000100000000000103FFFF000000181E86FD
:1045000087C3C3C3C3C3868EFCF00000000003034F
:104510000000000000000000000000000000FFFF9D
:104520000E0C18181818180C0F0300000000FFFFDD
:104530000000000000000000FFFF00000000C0C0FD
:104540000000000000000000C0C0000000000303E5
:10455000000000001F1F00000000FFFF000000001F
:10456000C0C0000000000303000000001F1F000087
:104570000000FFFF00000303FEFC00000000030337
:10458000000000000000000000000000FFFF00002D
:10459000000103070E1C18100000FFFF7060E0F020
:1045A000FC1E0F0300000000C0C00000000000005F
:1045B00080C0C0400000030300000000FFFF0000B7
:1045C0000000FFFF00000000C0C00000000000006D
:1045D00000000000000000000000000000000000DB
:1045E0000000000000001F1F060C181818181C0FF0
:1045F000070E0C181818181C0F0700000000FFFF0A
:1046000000000000000000FFFF00000000000000AC
:10461000FFFF00000000C0C000000000000000C05C
:10462000C000000000000000C0C00000000000004A
:1046300000000000000000000000000000001F1F3C
:10464000060C18181818180C0F0700000000FFFFC0
:104650000000000000000000FFFF00000000C0C0DC
:104660000000000000000000C0C0000000000000CA
:1046700000000000000000000000000001070F0C17
:1046800018181818180C0F07010000FCFF0701008C
:10469000000000000107FFFC000000008080C0C097
:1046A000C0C0C080800000000000000000000000CA
:1046B000000000000000000000001F1F060C18187A
:1046C0001818180C0F0701000000FFFF030100007D
:1046D0000000000107FEF8000000FFFF0080C0C0DE
:1046E000C0C0C0800000000000000000000000000A
:1046F00000000000000000000001070F0C1818184F
:1047000018180C061F1F000000FCFE070101000026
:1047100000000103FFFF00000000000080C0C0C0D7
:10472000C0C08000FFFF000000000000000000008B
:104730000000001F1F0E181818180000FFFF0000CF
:104740000000000000C0C0000000000000000000E9
:104750000000000000000000000000070F0C181807
:104760001818180C0E0600000086C7E3E160707090
:104770007030393F0E0000000080C0C0C0C0C0C013
:104780008080000000000103000000001818FFFFF7
:10479000181818000000FFFF00000000000080C093
:1047A000C0C0C000000000000000000000000000C9
:1047B0000000000000001F1F0000000000000000BB
:1047C0001F1F00000000FEFF0100000000000103A9
:1047D000FFFF00000000008080C0C0C0C0C080009B
:1047E000C0C0000000000000000000000000000049
:1047F00000181F0701000000000001071F1800003B
:10480000C0F87E0F010F3EF0C00000000000000065
:1048100080C08000000000000000000000000000D8
:1048200000000000000000000000001C1F0300004A
:104830000000010F1C0F0100000000031F1C00807E
:10484000F07C1F011FFCC000C0FC1F011FFCF0809A
:10485000000000000080C080000000000080C080D8
:104860000000000000000000000000000000000048
:104870000010181E070300000003070E1C100000A4
:104880000307DEFC70F8DE0703000040C0C0000034
:104890000000000000C0C040000000000000000058
:1048A0000000000000181F07000000000000010FBA
:1048B0001E100000E0FC1F03030F7EF080000000CC
:1048C0000003038FFEF080000000000000000000E5
:1048D0000000000000000000000000181818181860
:1048E0001818191B1F1E18000003070E1C3870E053
:1048F000C08000000000C0C0C0C0C0C0C0C0C0C0F8
:10490000C0C0C0000000000000010303030000005D
:1049100000FFFF80000000303078CF8700000000EB
:10492000000000FCFE03030300000303000000007E
:10493000FFFF00000000FFFF00000000FFFF00007D
:10494000030303010000000000000000FFFF00005F
:10495000000000000087CF78303000030307FEFC22
:104960000000000000000000000000000000000047
:104970000000000000010103030303010101000026
:104980000001010000C080000000008080C0C0C0A5
:10499000C080800000000000000000000000000057
:1049A00000000000080000000000000008000000F7
:1049B000080000000A0000001000000010000000C5
:1049C0001A000000100000002A000000190000007A
:1049D0003A00000013000000530000000500000032
:1049E00066000000090000006B00000009000000E4
:1049F000740000000B0000007D00000010000000AB
:104A00008800000008000000980000000900000075
:104A1000A000000008000000A9000000080000003D
:104A2000B100000010000000B900000010000000FC
:104A3000C900000010000000D900000010000000B4
:104A4000E900000010000000F90000001000000064
:104A50000901000010000000190100001000000012
:104A600029010000100000003901000010000000C2
:104A70004901000008000000590100000800000082
:104A8000610100001000000069010000100000003A
:104A900079010000100000008901000010000000F2
:104AA000990100001C000000A90100001300000093
:104AB000C501000013000000D80100001400000030
:104AC000EB01000014000000FF01000013000000D3
:104AD0001302000011000000260200001600000072
:104AE00037020000140000004D0200000800000022
:104AF000610200000E0000006902000013000000C7
:104B000077020000100000008A0200001700000079
:104B10009A02000014000000B1020000160000001C
:104B2000C502000013000000DB02000016000000B8
:104B3000EE02000014000000040300001300000057
:104B400018030000100000002B03000014000000F8
:104B50003B030000130000004F0300001C00000096
:104B600062030000130000007E030000120000003A
:104B70009103000011000000A303000008000000E2
:104B8000B403000008000000BC030000080000009F
:104B9000C40300000E000000CC0300001000000061
:104BA000DA03000009000000EA0300000F00000023
:104BB000F303000010000000020400000E000000DB
:104BC0001204000010000000200400000F0000008C
:104BD00030040000070000003F0400001000000047
:104BE000460400001000000056040000060000000B
:104BF00066040000060000006C0400000E000000C7
:104C0000720400000600000080040000180000008C
:104C100086040000100000009E0400000F00000049
:104C2000AE04000010000000BD04000010000000F1
:104C3000CD04000009000000DD0400000E000000AB
:104C4000E604000008000000F4040000100000006A
:104C5000FC0400000D0000000C0500001300000023
:104C6000190500000D0000002C0500000D000000DB
:104C7000390500000E000000460500000900000094
:104C800054050000060000005D050000090000005A
:104C900063050000100000006C0500000C18000007
:104CA00038F7000813280000640601080A10000005
:104CB000442B010810200000B43301080C18000038
:104CC00038F7000823480000445700081428000063
:104CD00024CF000820400000AC550008FFFFFFFF74
:104CE000FFFFFFFFFFFFFFFFFFFFFFFFFFFFFFFFD4
:104CF000FFFFFFFFFFFFDBDBB6B692929292B6B6E4
:104D0000DBDBFFFFFFFFFFFFFFFFFFFFFFFFFFFFFB
:104D1000FFFFFFFFFFFFFFFFFFFFFFFFFFFFFFFFA3
:104D2000FFFFFFFFFFFFFFFFFFFFFFFFFFFFFFFF93
:104D3000FFFFDB9249242424000000000000000053
:104D40002424244992DBFFFFFFFFFFFFFFFFFFFF4B
:104D5000FFFFFFFFFFFFFFFFFFFFFFFFFFFFFFFF63
:104D6000FFFFFFFFFFFFFFFFFFFFFFFFFFFFFFDB77
:104D7000B649000000000000242424242424242414
:104D800000000000000049B6DBFFFFFFFFFFFFFF50
:104D9000FFFFFFFFFFFFFFFFFFFFFFFFFFFFFFFF23
:104DA000FFFFFFFFFFFFFFFFFFFFFFFFFFDB6D24A4
:104DB00000000000244992B6DBDBDBDBDBDBDBDB66
:104DC000B692492400000000246DDBFFFFFFFFFFC7
:104DD000FFFFFFFFFFFFFFFFFFFFFFFFFFFFFFFFE3
:104DE000FFFFFFFFFFFFFFFFFFFFFFDB6D24000062
:104DF000002449B6FFFFFFFFFFFFFFFFFFFFFFFF9C
:104E0000FFFFFFFFB66D24000000246DDBFFFFFFF6
:104E1000FFFFFFFFFFFFFFFFFFFFFFFFFFFFFFFFA2
:104E2000FFFFFFFFFFFFFFFFFFFF9224000000498D
:104E3000B6FFFFFFFFFFFFFFFFFFFFFFFFFFFFFFCB
:104E4000FFFFFFFFFFFFFFB6490000002492FFFFB6
:104E5000FFFFFFFFFFFFFFFFFFFFFFFFFFFFFFFF62
:104E6000FFFFFFFFFFFFFFFFDB4900000049B6FF28
:104E7000FFFFFFFFFFFFFFFFFFFFFFFFFFFFFFFF42
:104E8000FFFFFFFFFFFFFFFFFFB64900000049DB08
:104E9000FFFFFFFFFFFFFFFFFFFFFFFFFFFFFFFF22
:104EA000FFFFFFFFFFFFFFB62400002492FFFFFF7C
:104EB000FFFFFFFFFFFFFFFFFFFFFFFFFFFFFFFF02
:104EC000FFFFFFFFFFFFFFFFFFFFFF922400002413
:104ED000B6FFFFFFFFFFFFFFFFFFFFFFFFFFFFFF2B
:104EE000FFFFFFFFFFFFB624000049DBFFFFFFFFCE
:104EF000FFFFFFFFFFFFFFFFFFFFFFFFFFFFFFFFC2
:104F0000FFFFFFFFFFFFFFFFFFFFFFFFDB49000089
:104F100024B6FFFFFFFFFFFFFFFFFFFFFFFFFFFFC5
:104F2000FFFFFFFFFF9224002492FFFFFFFFFFFF20
:104F3000FFFFFFFFFFFFFFFFFFFFFFFFFFFFFFFF81
:104F4000FFFFFFFFFFFFFFFFFFFFFFFFFFFF9224B9
:104F5000002492FFFFFFFFFFFFFFFFFFFFFFFFFFA8
:104F6000FFFFFFFFB624002492FFFFFFFFFFFFFFBC
:104F7000FFFFFFFFFFFFFFFFFFFFFFFFFFFFFFFF41
:104F8000FFFFFFFFFFFFFFFFFFFFFFFFFFFFFF929E
:104F9000240024B6FFFFFFFFFFFFFFFFFFFFFFFF1F
:104FA000FFFFFFB6240024B6FFFFFFFFFFFFFFFF58
:104FB000FFFFFFFFFFFFFFFFFFFFFFFFFFFFFFFF01
:104FC000FFFFFFFFFFFFFFFFFFFFFFFFFFFFFFFFF1
:104FD000B6240024B6FFFFFFFFFFFFFFFFFFFFFF28
:104FE000FFFFDB24002492FFFFFFFFFFFFFFFFFF17
:104FF000FFFFFFFFFFFFFFFFFFFFFFFFFFFFFFFFC1
:10500000FFFFFFFFFFFFFFFFFFFFFFFFFFFFFFFFB0
:10501000FF92240024DBFFFFFFFFFFFFFFFFFFFFE6
:10502000FFFF49000092FFFFFFFFFFFFFFFFFFFFB1
:10503000FFFFFFFFFFFFFFFFFFFFFFFFFFFFFFFF80
:10504000FFFFFFFFFFFFFFFFFFFFFFFFFFFFFFFF70
:10505000FFFF92000049FFFFFFFFFFFFFFFFFFFF81
:10506000FF6D00006DFFFFFFFFFFFFFFFFFFFFFF72
:10507000FFFFFFFFFFFFFFFFFFFFFFFFFFFFFFFF40
:10508000FFFFFFFFFFFFFFFFFFFFFFFFFFFFFFFF30
:10509000FFFFFF6D00006DFFFFFFFFFFFFFFFFFF42
:1050A000DB240024FFFFFFFFFFFFFFFFFFFFFFFFE9
:1050B000FFFFFFFFFFFFFFFFFFFFFFFFFFFFFFFF00
:1050C000FFFFFFFFFFFFFFFFFFFFFFFFFFFFFFFFF0
:1050D000FFFFFFFF240024DBFFFFFFFFFFFFFFFFB9
:1050E000490024DBFFFFFFFFFFFFFFFFFFFFFFFF84
:1050F000FFFFFFFFFFFFFFFFFFFFFFFFFFFFFFFFC0
:10510000FFFFFFFFFFFFFFFFFFFFFFFFFFFFFFFFAF
:10511000FFFFFFFFB6240049FFFFFFFFFFFFFF92E5
:1051200000006DFFFFFFFFFFFFFFFFFFFFFFFFFF1F
:10513000FFFFFFFFFFFFFFFFFFFFFFFFFFFFFFFF7F
:10514000FFFFFFFFFFFFFFFFFFFFFFFFFFFFFFFF6F
:10515000FFFFFFFFFF6D000092FFFFFFFFFFFF4912
:105160000024DBFFFFFFFFFFFFFFFFFFFFFFFFFF4D
:10517000FFFFFFFFFFFFFFFFFFFFFFFFFFFFFFFF3F
:10518000FFFFFFFFFFFFFFFFFFFFFFFFFFFFFFFF2F
:10519000FFFFFFFFFFDB240049FFFFFFFFFFB624F7
:1051A000006DFFFFFFFFFFFFFFFFFFFFFFFFFFFFA0
:1051B000FFFFFFFFFFFFFFFFFFFFFFFFFFFFFFFFFF
:1051C000FFFFFFFFFFFFFFFFFFFFFFFFFFFFFFFFEF
:1051D000FFFFFFFFFFFF6D0024B6FFFFFFFF490049
:1051E00024DBFFFFFFFFFFFFFFFFFFFFFFFFFFFFCE
:1051F000FFFFFFFFFFFFFFFFFFFFFFFFFFFFFFFFBF
:10520000FFFFFFFFFFFFFFFFFFFFFFFFFFFFFFFFAE
:10521000FFFFFFFFFFFFDB240049FFFFFFDB000074
:1052200049FFFFFFFFFFFFFFFFFFFFFFFFFFFFFF44
:10523000FFFFFFFFFFFFFFFFFFFFFFFFFFFFFFFF7E
:10524000FFFFFFFFFFFFFFFFFFFFFFFFFFFFFFFF6E
:10525000FFFFFFFFFFFFFF490000DBFFFF920000A1
:10526000B6FFFFFFFFFFFFFFFFFFFFFFFFFFFFFF97
:10527000FFFFFFFFFFFFFFFFFFFFFFFFFFFFFFFF3E
:10528000FFFFFFFFFFFFFFFFFFFFFFFFFFFFFFFF2E
:10529000FFFFFFFFFFFFFFB6000092FFFF49002462
:1052A000FFFFFFFFFFFFFFFFFFFFFFFFFFFFFFFF0E
:1052B000FFFFFFFFFFFFFFFFFFFFFFFFFFFFFFFFFE
:1052C000FFFFFFFFFFFFFFFFFFFFFFFFFFFFFFFFEE
:1052D000FFFFFFFFFFFFFFFF240049FFFF24006DDA
:1052E000FFFFFFFFFFFFFFFFFFFFFFFFFFFFFFFFCE
:1052F000FFFFFFFFFFFFFFFFFFFFFFFFFFFFFFFFBE
:10530000FFFFFFFFFFFFFFFFFFFFFFFFFFFFFFFFAD
:10531000FFFFFFFFFFFFFFFF6D0024FFDB2400B650
:10532000FFFFFFFFFFFFFFFFFFFFFFFFFFFFFFFF8D
:10533000FFFFFFFFFFFFFFFFFFFFFFFFFFFFFFFF7D
:10534000FFFFFFFFFFFFFFFFFFFFFFFFFFFFFFFF6D
:10535000FFFFFFFFFFFFFFFFB60024DB920024DB0F
:10536000FFFFFFFFFFFFFFFFFFFFDBFFFFFFFFFF71
:10537000FFFFFFFFFFFFFFFFFFFFFFFFFFFFFFFF3D
:10538000FFFFFFFFFFFFFFFFFFFFFFFFFFFFFFFF2D
:10539000FFFFFFFFFFFFFFFFDB2400B66D0024DBF4
:1053A000FFFFFFFFFFFFFFFFFF92246DFFFFFFFFE7
:1053B000FFFFFFFFFFFFFFFFFFFFFFFFFFFFDB49D7
:1053C00049DBFFFFFFFFFFFFFFFFFFFFFFFFFFFFC7
:1053D000FFFFFFFFFFFFFFFFDB24006D490024FFFD
:1053E000FFFFFFFFFFFFFFFFFF490000FFFFFFFF81
:1053F000FFFFFFFFFFFFFFFFFFFFFFFFFFFFDB00E0
:1054000000DBFFFFFFFFFFFFB649002492FFFFFF15
:10541000FFFFFFFFFFFFFFFFFF240049240049FFBC
:10542000FFFFFFFFFFFFFFFFFF490000FFFFFFFF40
:10543000FFFFFFFFFFFFFFFFFFFFFFFFFFFFDB009F
:1054400000DBFFFFFFFFFF92240000000049FFFF89
:10545000FFFFFFFFFFFFFFFFFF490024240049FF7C
:10546000FFFFFFFFFFFFFFFFFF490000DBDBDBDB90
:10547000DBDBDBDBDBDBDBDBDBDBDBDBDBDB9200A0
:1054800000DBFFFFFFFFFF24002449240000B6FFDC
:10549000FFFFFFFFFFFFFFFFFF490024000049FF60
:1054A000FFFFFFFFFFFFFFFFFF49000000000000BC
:1054B00000000000000000000000000000000000EC
:1054C00000DBFFFFFFFFDB240092FFDB00006DFF2E
:1054D000FFFFFFFFFFFFFFFFFF490024000049FF20
:1054E000FFFFFFFFFFFFFFFFFF490000000000007C
:1054F00000000000000000000000000000000000AC
:1055000024DBFFFFFFFFDB240092FFDB00006DFFC9
:10551000FFFFFFFFFFFFFFFFFF490000240049FFDF
:10552000FFFFFFFFFFFFFFFFFF490000DBDBDBDBCF
:10553000DBDBDBDBDBDBDBDBDBDBDBDBDBDBDBB6E0
:10554000B6FFFFFFFFFFFF24002449240000B6FF41
:10555000FFFFFFFFFFFFFFFFFF490024240049FF7B
:10556000FFFFFFFFFFFFFFFFFF490000FFFFFFFFFF
:10557000FFFFFFFFFFFFFFFFFFFFFFFFFFFFFFFF3B
:10558000FFFFFFFFFFFFFF9224000000006DFFFF01
:10559000FFFFFFFFFFFFFFFFFF490024490049FF16
:1055A000FFFFFFFFFFFFFFFFFF490000FFFFFFFFBF
:1055B000FFFFFFFFFFFFFFFFFFFFFFFFFFFFFFFFFB
:1055C000FFFFFFFFFFFFFFFFDB6D2449B6FFFFFF7B
:1055D000FFFFFFFFFFFFFFFFFF4900496D0024FFB2
:1055E000FFFFFFFFFFFFFFFFFF6D0024FFFFFFFF37
:1055F000FFFFFFFFFFFFFFFFFFFFFFFFFFFFFFFFBB
:10560000FFFFFFFFFFFFFFFFFFFFFFFFFFFFFFFFAA
:10561000FFFFFFFFFFFFFFFFFF24006D920024DB71
:10562000FFFFFFFFFFFFFFFFFFFFB6DBFFFFFFFFF7
:10563000FFFFFFFFFFFFFFFFFFFFFFFFFFFFFFFF7A
:10564000FFFFFFFFFFFFFFFFFFFFFFFFFFFFFFFF6A
:10565000FFFFFFFFFFFFFFFFDB240092B60000B655
:10566000FFFFFFFFFFFFFFFFFFFFFFFFFFFFFFFF4A
:10567000FFFFFFFFFFFFFFFFFFFFFFFFFFFFFFFF3A
:10568000FFFFFFFFFFFFFFFFFFFFFFFFFFFFFFFF2A
:10569000FFFFFFFFFFFFFFFFB60000B6DB24009215
:1056A000FFFFFFFFFFFFFFFFFFFFFFFFFFFFFFFF0A
:1056B000FFFFFFFFFFFFFFFFFFFFFFFFFFFFFFFFFA
:1056C000FFFFFFFFFFFFFFFFFFFFFFFFFFFFFFFFEA
:1056D000FFFFFFFFFFFFFFFF920024DBFF490024D5
:1056E000FFFFFFFFFFFFFFFFFFFFFFFFFFFFFFFFCA
:1056F000FFFFFFFFFFFFFFFFFFFFFFFFFFFFFFFFBA
:10570000FFFFFFFFFFFFFFFFFFFFFFFFFFFFFFFFA9
:10571000FFFFFFFFFFFFFFFF240049FFFF6D0000B9
:10572000DBFFFFFFFFFFFFFFFFFFFFFFFFFFFFFFAD
:10573000FFFFFFFFFFFFFFFFFFFFFFFFFFFFFFFF79
:10574000FFFFFFFFFFFFFFFFFFFFFFFFFFFFFFFF69
:10575000FFFFFFFFFFFFFFDB00006DFFFFB6000054
:105760006DFFFFFFFFFFFFFFFFFFFFFFFFFFFFFFDB
:10577000FFFFFFFFFFFFFFFFFFFFFFFFFFFFFFFF39
:10578000FFFFFFFFFFFFFFFFFFFFFFFFFFFFFFFF29
:10579000FFFFFFFFFFFFFF6D0000B6FFFFFF2400CC
:1057A00024FFFFFFFFFFFFFFFFFFFFFFFFFFFFFFE4
:1057B000FFFFFFFFFFFFFFFFFFFFFFFFFFFFFFFFF9
:1057C000FFFFFFFFFFFFFFFFFFFFFFFFFFFFFFFFE9
:1057D000FFFFFFFFFFFFFF240024FFFFFFFF9200FA
:1057E00000B6FFFFFFFFFFFFFFFFFFFFFFFFFFFF11
:1057F000FFFFFFFFFFFFFFFFFFFFFFFFFFFFFFFFB9
:10580000FFFFFFFFFFFFFFFFFFFFFFFFFFFFFFFFA8
:10581000FFFFFFFFFFFFB6000092FFFFFFFFDB244B
:105820000024FFFFFFFFFFFFFFFFFFFFFFFFFFFF62
:10583000FFFFFFFFFFFFFFFFFFFFFFFFFFFFFFFF78
:10584000FFFFFFFFFFFFFFFFFFFFFFFFFFFFFFFF68
:10585000FFFFFFFFFFFF240024DBFFFFFFFFFF6DC3
:10586000000092FFFFFFFFFFFFFFFFFFFFFFFFFFB3
:10587000FFFFFFFFFFFFFFFFFFFFFFFFFFFFFFFF38
:10588000FFFFFFFFFFFFFFFFFFFFFFFFFFFFFFFF28
:10589000FFFFFFFFFF9200006DFFFFFFFFFFFFFF15
:1058A000240024DBFFFFFFFFFFFFFFFFFFFFFFFFE1
:1058B000FFFFFFFFFFFFFFFFFFFFFFFFFFFFFFFFF8
:1058C000FFFFFFFFFFFFFFFFFFFFFFFFFFFFFFFFE8
:1058D000FFFFFFFFDB240024FFFFFFFFFFFFFFFFB1
:1058E0009200006DFFFFFFFFFFFFFFFFFFFFFFFFC5
:1058F000FFFFFFFFFFFFFFFFFFFFFFFFFFFFFFFFB8
:10590000FFFFFFFFFFFFFFFFFFFFFFFFFFFFFFFFA7
:10591000FFFFFFFF6D000092FFFFFFFFFFFFFFFF94
:10592000FF49000092FFFFFFFFFFFFFFFFFFFFFFA8
:10593000FFFFFFFFFFFFFFFFFFFFFFFFFFFFFFFF77
:10594000FFFFFFFFFFFFFFFFFFFFFFFFFFFFFFFF67
:10595000FFFFFF92000049FFFFFFFFFFFFFFFFFF78
:10596000FFDB240024DBFFFFFFFFFFFFFFFFFFFF44
:10597000FFFFFFFFFFFFFFFFFFFFFFFFFFFFFFFF37
:10598000FFFFFFFFFFFFFFFFFFFFFFFFFFFFFFFF27
:10599000FFFFDB240024DBFFFFFFFFFFFFFFFFFF14
:1059A000FFFFB6240024DBFFFFFFFFFFFFFFFFFF29
:1059B000FFFFFFFFFFFFFFFFFFFFFFFFFFFFFFFFF7
:1059C000FFFFFFFFFFFFFFFFFFFFFFFFFFFFFFFFE7
:1059D000FFDB240024B6FFFFFFFFFFFFFFFFFFFFF9
:1059E000FFFFFF6D000049DBFFFFFFFFFFFFFFFF31
:1059F000FFFFFFFFFFFFFFFFFFFFFFFFFFFFFFFFB7
:105A0000FFFFFFFFFFFFFFFFFFFFFFFFFFFFFFFFA6
:105A1000DB4900006DFFFFFFFFFFFFFFFFFFFFFF00
:105A2000FFFFFFFF6D000049DBFFFFFFFFFFFFFFF0
:105A3000FFFFFFFFFFFFFFFFFFFFFFFFFFFFFFFF76
:105A4000FFFFFFFFFFFFFFFFFFFFFFFFFFFFFFDB8A
:105A50004900006DFFFFFFFFFFFFFFFFFFFFFFFF9C
:105A6000FFFFFFFFFF49000024DBFFFFFFFFFFFFF9
:105A7000FFFFFFFFFFFFFFFFFFFFFFFFFFFFFFFF36
:105A8000FFFFFFFFFFFFFFFFFFFFFFFFFFFFDB2425
:105A9000000049FFFFFFFFFFFFFFFFFFFFFFFFFFCA
:105AA000FFFFFFFFFFFF6D00002492FFFFFFFFFFDE
:105AB000FFFFFFFFFFFFFFFFFFFFFFFFFFFFFFFFF6
:105AC000FFFFFFFFFFFFFFFFFFFFFFFFFF9224002D
:105AD000006DFFFFFFFFFFFFFFFFFFFFFFFFFFFF67
:105AE000FFFFFFFFFFFFFF6D2400006DDBFFFFFFE7
:105AF000FFFFFFFFFFFFFFFFFFFFFFFFFFFFFFFFB6
:105B0000FFFFFFFFFFFFFFFFFFFFFFDB6D00002434
:105B10006DFFFFFFFFFFFFFFFFFFFFFFFFFFFFFF27
:105B2000FFFFFFFFFFFFFFFFB62400002492FFFFEF
:105B3000FFFFFFFFFFFFFFFFFFFFFFFFFFFFFFFF75
:105B4000FFFFFFFFFFFFFFFFFFFF9224000024B6CF
:105B5000FFFFFFFFFFFFFFFFFFFFFFFFFFFFFFFF55
:105B6000FFFFFFFFFFFFFFFFFFDB4924000024B61C
:105B7000FFFFFFFFFFFFFFFFFFFFFFFFFFFFFFFF35
:105B8000FFFFFFFFFFFFFFFFB62400000049DBFF20
:105B9000FFFFFFFFFFFFFFFFFFFFFFFFFFFFFFFF15
:105BA000FFFFFFFFFFFFFFFFFFFFFFB62400000026
:105BB000246DDBFFFFFFFFFFFFFFFFFFFFFFFFFF86
:105BC000FFFFFFFFFFDB6D2400000024B6FFFFFF97
:105BD000FFFFFFFFFFFFFFFFFFFFFFFFFFFFFFFFD5
:105BE000FFFFFFFFFFFFFFFFFFFFFFFFFF6D240031
:105BF000000000246DB6DBFFFFFFFFFFFFFFFFFF8C
:105C0000FFDBB66D2400000000246DFFFFFFFFFFE7
:105C1000FFFFFFFFFFFFFFFFFFFFFFFFFFFFFFFF94
:105C2000FFFFFFFFFFFFFFFFFFFFFFFFFFFFDB9215
:105C300024000000000024244949494949494949B0
:105C4000242400000000002492DBFFFFFFFFFFFF81
:105C5000FFFFFFFFFFFFFFFFFFFFFFFFFFFFFFFF54
:105C6000FFFFFFFFFFFFFFFFFFFFFFFFFFFFFFFF44
:105C7000FFDB6D4924000000000000000000000070
:105C800000000024496DDBFFFFFFFFFFFFFFFFFF68
:105C9000FFFFFFFFFFFFFFFFFFFFFFFFFFFFFFFF14
:105CA000FFFFFFFFFFFFFFFFFFFFFFFFFFFFFFFF04
:105CB000FFFFFFFFDBDB926D492424000024244911
:105CC0006D92DBDBFFFFFFFFFFFFFFFFFFFFFFFF2B
:105CD000FFFFFFFFFFFFFFFFFFFFFFFFFFFFFFFFD4
:105CE000FFFFFFFFB6922424000000000000000028
:105CF00000000000000000000000000000000000A4
:105D00000000000000000024DBFFFFFFFFFFFFFF9B
:105D1000FFFFFFFFFFFFFFFFFFFFFFFFFFFFFFFF93
:105D2000FFFF926D2424000000000000000000002E
:105D30000000000000000000000000000000000063
:105D400000000000000000006DDBFFFFFFFFFFFF11
:105D5000FFFFFFFFFFFFFFFFFFFFFFFFFFFFFFFF53
:105D6000B64900000000494949494949494949495A
:105D70004949494949494949494949494949494993
:105D800049494949494949240092FFFFFFFFFFFF64
:105D9000FFFFFFFFFFFFFFFFFFFFFFFFFFFFFFDB37
:105DA000492400009292DBDBDBDBDBDBDBDBDBDBD4
:105DB000DBDBDBDBDBDBDBDBDBDBDBDBDBDBDBDB33
:105DC000DBDBDBDBDBDBB6490092FFFFFFFFFFFF26
:105DD000FFFFFFFFFFFFFFFFFFFFFFFFFFFFB649D2
:105DE000000092FFFFFFFFFFFFFFFFFFFFFFFFFF2E
:105DF000FFFFFFFFFFFFFFFFFFFFFFFFFFFFFFFFB3
:105E0000FFFFFFFFFFFFDB490092FFFFFFFFFFFFE8
:105E1000FFFFFFFFFFFFFFFFFFFFFFFFFFFF492423
:105E20000049FFFFFFFFFFFFFFFFFFFFFFFFFFFF37
:105E3000FFFFFFFFFFFFFFFFFFFFFFFFFFFFFFFF72
:105E4000FFFFFFFFFFFFDB490092FFFFFFFFFFFFA8
:105E5000FFFFFFFFFFFFFFFFFFFFFFFFFF920000BD
:105E600092FFFFFFFFFFFFFFFFFFFFFFFFFFFFFFAF
:105E7000FFFFFFFFFFFFFFFFFFFFFFFFFFFFFFFF32
:105E8000FFFFFFFFFFFFDB490092FFFFFFFFFFFF68
:105E9000FFFFFFFFFFFFFFFFFFFFFFFFFF6D0000A2
:105EA000FFFFFFFFFFFFFFFFFFFFFFFFFFFFFFFF02
:105EB000FFFFFFFFFFFFFFFFFFFFFFFFFFFFFFFFF2
:105EC000FFFFFFFFFFFFDB490092FFFFFFFFFFFF28
:105ED000FFFFFFFFFFFFFFFFFFFFFFFFB624009262
:105EE000FFFFFFFFFFFFFFFFFFFFFFFFFFFFFFFFC2
:105EF000FFFFFFFFFFFFFFFFFFFFFFFFFFFFFFFFB2
:105F0000FFFFFFFFFFFFDB490092FFFFFFFFFFFFE7
:105F1000FFFFFFFFFFFFFFFFFFFFFFFF9224009245
:105F2000FFFFFFFFFFFFFFFFFFFFFFFFFFFFFFFF81
:105F3000FFFFFFFFFFFFFFFFFFFFFFFFFFFFFFFF71
:105F4000FFFFFFFFFFFFDB490092FFFFFFFFFFFFA7
:105F5000FFFFFFFFFFFFFFFFFFFFFFFF240049DB05
:105F6000FFFFFFFFFFFFFFFFFFFFFFFFFFFFFFFF41
:105F7000FFFFFFFFFFFFFFFFFFFFFFFFFFFFFFFF31
:105F8000FFFFFFFFFFFFDB490092FFFFFFFFFFFF67
:105F9000DBDBDBDBDBDBDBDBDBDBDBFF240049DB51
:105FA000FFFFFFFFFFFFFFFFFFFFFFFFFFFFFFFF01
:105FB000FFFFFFFFFFFFFFFFFFFFFFFFFFFFFFFFF1
:105FC000FFFFFFFFFFFFDB490092FFFFFFFFFF9294
:105FD00049494949494949494949496D000049DB0D
:105FE000FFFFFFFFFFFFFFFFFFFFFFFFFFFFFFFFC1
:105FF000FFFFFFFFFFFFFFFFFFFFFFFFFFFFFFFFB1
:10600000FFFFFFFFFFFFDB490092FFFFFFFFDB49C0
:10601000000000000000000000000024000049DB38
:10602000FFFFFFFFFFFFFFFFFFFFFFFFFFFFFFFF80
:10603000FFFFFFFFFFFFFFFFFFFFFFFFFFFFFFFF70
:10604000FFFFFFFFFFFFDB490092FFFFFFFFFFB6EF
:106050009292929292929292929292B6000049DB20
:10606000FFFFFFFFFFFFFFFFFFFFFFFFFFFFFFFF40
:10607000FFFFFFFFFFFFFFFFFFFFFFFFFFFFFFFF30
:10608000FFFFFFFFFFFFDB490092FFFFFFFFFFFF66
:10609000FFFFFFFFFFFFFFFFFFFFFFFF000049DBE8
:1060A000FFFFFFFFFFFFFFFFFFFFFFFFFFFFFFFF00
:1060B000FFFFFFFFFFFFFFFFFFFFFFFFFFFFFFFFF0
:1060C000FFFFFFFFFFFFDB490092FFFFFFFFFFFF26
:1060D000FFFFFFFFFFFFFFFFFFFFFFFF000049DBA8
:1060E000FFFFFFFFFFFFFFFFFFFFFFFFFFFFFFFFC0
:1060F000FFFFFFFFFFFFFFFFFFFFFFFFFFFFFFFFB0
:10610000FFFFFFFFFFFFDB490092FFFFFFFFFFFFE5
:10611000FFFFFFFFFFFFFFFFFFFFFFFF000049DB67
:10612000FFFFFFFFFFFFFFFFFFFFFFFFFFFFFFFF7F
:10613000FFFFFFFFFFFFFFFFFFFFFFFFFFFFFFFF6F
:10614000FFFFFFFFFFFFDB490092FFFFFFFFFFFFA5
:10615000FFFFFFFFFFFFFFFFFFFFFFFF000049DB27
:10616000FFFFFFFFFFFFFFFFFFFFFFFFFFFFFFFF3F
:10617000FFFFFFFFFFFFFFFFFFFFFFFFFFFFFFFF2F
:10618000FFFFFFFFFFFFDB490092FFFFFFFFFFFF65
:10619000FFFFFFFFFFFFFFFFFFFFFFFF000049DBE7
:1061A000FFFFFFFFFFFFFFFFFFFFFFFFFFFFFFFFFF
:1061B000FFFFFFFFFFFFFFFFFFFFFFFFFFFFFFFFEF
:1061C000FFFFFFFFFFFFDB490092FFFFFFFFFFFF25
:1061D000FFFFFFFFFFFFFFFFFFFFFFFF000049DBA7
:1061E000FFFFFFFFFFFFFFFFFFFFFFFFFFFFFFFFBF
:1061F000FFFFFFFFFFFFFFFFFFFFFFFFFFFFFFFFAF
:10620000FFFFFFFFFFFFDB490092FFFFFFFFFFFFE4
:10621000FFFFFFFFFFFFFFFFFFFFFFFF000049DB66
:10622000FFFFFFFFFFFFFFFFFFFFFFFFFFFFFFFF7E
:10623000FFFFFFFFFFFFFFFFFFFFFFFFFFFFFFFF6E
:10624000FFFFFFFFFFFFDB490092FFFFFFFFFFFFA4
:10625000FFFFFFFFFFFFFFFFFFFFFFFF000049DB26
:10626000FFFFFFFFFFFFFFFFFFFFFFFFFFFFFFFF3E
:10627000FFFFFFFFFFFFFFFFFFFFFFFFFFFFFFFF2E
:10628000FFFFFFFFFFFFDB490092FFFFFFFFFFFF64
:10629000DBDBDBDBDBDBDBDBDBDBDBFF000049DB72
:1062A000FFFFFFFFFFFFFFFFFFFFFFFFFFFFFFFFFE
:1062B000FFFFFFFFFFFFFFFFFFFFFFFFFFFFFFFFEE
:1062C000FFFFFFFFFFFFDB490092FFFFFFFFFF9291
:1062D00049494949494949494949496D000049DB0A
:1062E000FFFFFFFFFFFFFFFFFFFFFFFFFFFFFFFFBE
:1062F000FFFFFFFFFFFFFFFFFFFFFFFFFFFFFFFFAE
:10630000FFFFFFFFFFFFDB490092FFFFFFFFDB49BD
:10631000000000000000000000000024000049DB35
:10632000FFFFFFFFFFFFFFFFFFFFFFFFFFFFFFFF7D
:10633000FFFFFFFFFFFFFFFFFFFFFFFFFFFFFFFF6D
:10634000FFFFFFFFFFFFDB490092FFFFFFFFFFB6EC
:106350009292929292929292929292B6000049DB1D
:10636000FFFFFFFFFFFFFFFFFFFFFFFFFFFFFFFF3D
:10637000FFFFFFFFFFFFFFFFFFFFFFFFFFFFFFFF2D
:10638000FFFFFFFFFFFFDB490092FFFFFFFFFFFF63
:10639000FFFFFFFFFFFFFFFFFFFFFFFF000049DBE5
:1063A000FFFFFFFFFFFFFFFFFFFFFFFFFFFFFFFFFD
:1063B000FFFFFFFFFFFFFFFFFFFFFFFFFFFFFFFFED
:1063C000FFFFFFFFFFFFDB490092FFFFFFFFFFFF23
:1063D000FFFFFFFFFFFFFFFFFFFFFFFF000049DBA5
:1063E000FFFFFFFFFFFFFFFFFFFFFFFFFFFFFFFFBD
:1063F000FFFFFFFFFFFFFFFFFFFFFFFFFFFFFFFFAD
:10640000FFFFFFFFFFFFDB490092FFFFFFFFFFFFE2
:10641000FFFFFFFFFFFFFFFFFFFFFFFF000049DB64
:10642000FFFFFFFFFFFFFFFFFFFFFFFFFFFFFFFF7C
:10643000FFFFFFFFFFFFFFFFFFFFFFFFFFFFFFFF6C
:10644000FFFFFFFFFFFFDB490092FFFFFFFFFFFFA2
:10645000FFFFFFFFFFFFFFFFFFFFFFFF000049DB24
:10646000FFFFFFFFFFFFFFFFFFFFFFFFFFFFFFFF3C
:10647000FFFFFFFFFFFFFFFFFFFFFFFFFFFFFFFF2C
:10648000FFFFFFFFFFFFDB490092FFFFFFFFFFFF62
:10649000FFFFFFFFFFFFFFFFFFFFFFFF000049DBE4
:1064A000FFFFFFFFFFFFFFFFFFFFFFFFFFFFFFFFFC
:1064B000FFFFFFFFFFFFFFFFFFFFFFFFFFFFFFFFEC
:1064C000FFFFFFFFFFFFDB490092FFFFFFFFFFFF22
:1064D000FFFFFFFFFFFFFFFFFFFFFFFF000049DBA4
:1064E000FFFFFFFFFFFFFFFFFFFFFFFFFFFFFFFFBC
:1064F000FFFFFFFFFFFFFFFFFFFFFFFFFFFFFFFFAC
:10650000FFFFFFFFFFFFDB490092FFFFFFFFFFFFE1
:10651000FFFFFFFFFFFFFFFFFFFFFFFF000049DB63
:10652000FFFFFFFFFFFFFFFFFFFFFFFFFFFFFFFF7B
:10653000FFFFFFFFFFFFFFFFFFFFFFFFFFFFFFFF6B
:10654000FFFFFFFFFFFFDB490092FFFFFFFFFFFFA1
:10655000FFFFFFFFFFFFFFFFFFFFFFFF000049DB23
:10656000FFFFFFFFFFFFFFFFFFFFFFFFFFFFFFFF3B
:10657000FFFFFFFFFFFFFFFFFFFFFFFFFFFFFFFF2B
:10658000FFFFFFFFFFFFDB490092FFFFFFFFFFFF61
:10659000DBDBDBDBDBDBDBDBDBDBDBFF000049DB6F
:1065A000FFFFFFFFFFFFFFFFFFFFFFFFFFFFFFFFFB
:1065B000FFFFFFFFFFFFFFFFFFFFFFFFFFFFFFFFEB
:1065C000FFFFFFFFFFFFDB490092FFFFFFFFFF928E
:1065D00049494949494949494949496D000049DB07
:1065E000FFFFFFFFFFFFFFFFFFFFFFFFFFFFFFFFBB
:1065F000FFFFFFFFFFFFFFFFFFFFFFFFFFFFFFFFAB
:10660000FFFFFFFFFFFFDB490092FFFFFFFFDB49BA
:10661000000000000000000000000024240049DB0E
:10662000FFFFFFFFFFFFFFFFFFFFFFFFFFFFFFFF7A
:10663000FFFFFFFFFFFFFFFFFFFFFFFFFFFFFFFF6A
:10664000FFFFFFFFFFFFDB490092FFFFFFFFFFB6E9
:106650009292929292929292929292B66D2424B6D3
:10666000FFFFFFFFFFFFFFFFFFFFFFFFFFFFFFFF3A
:10667000FFFFFFFFFFFFFFFFFFFFFFFFFFFFFFFF2A
:10668000FFFFFFFFFFFFDB490092FFFFFFFFFFFF60
:10669000FFFFFFFFFFFFFFFFFFFFFFFF92240092BE
:1066A000FFFFFFFFFFFFFFFFFFFFFFFFFFFFFFFFFA
:1066B000FFFFFFFFFFFFFFFFFFFFFFFFFFFFFFFFEA
:1066C000FFFFFFFFFFFFDB490092FFFFFFFFFFFF20
:1066D000FFFFFFFFFFFFFFFFFFFFFFFFFF6D002436
:1066E000FFFFFFFFFFFFFFFFFFFFFFFFFFFFFFFFBA
:1066F000FFFFFFFFFFFFFFFFFFFFFFFFFFFFFFFFAA
:10670000FFFFFFFFFFFFDB490092FFFFFFFFFFFFDF
:10671000FFFFFFFFFFFFFFFFFFFFFFFFFF6D000019
:10672000B6FFFFFFFFFFFFFFFFFFFFFFFFFFFFFFC2
:10673000FFFFFFFFFFFFFFFFFFFFFFFFFFFFFFFF69
:10674000FFFFFFFFFFFFDB490092FFFFFFFFFFFF9F
:10675000FFFFFFFFFFFFFFFFFFFFFFFFFFFF000047
:10676000006DFFFFFFFFFFFFFFFFFFFFFFFFFFFFCA
:10677000FFFFFFFFFFFFFFFFFFFFFFFFFFFFFFFF29
:10678000FFFFFFFFFFFFDB490092FFFFFFFFFFFF5F
:10679000FFFFFFFFFFFFFFFFFFFFFFFFFFFF6D2476
:1067A0000024B6FFFFFFFFFFFFFFFFFFFFFFFFFF1C
:1067B000FFFFFFFFFFFFFFFFFFFFFFFFFFFFFFFFE9
:1067C000FFFFFFFFFFFFDB490092FFFFFFFFFFFF1F
:1067D000FFFFFFFFFFFFFFFFFFFFFFFFFFFFFFDBED
:1067E00000000000DBDBFFFFFFFFFFFFFFFFFFFFFD
:1067F000FFFFFFFFFFFFFFFFFFFFFFFFFFFFFFFFA9
:10680000FFFFFFFFFFFFDB490092FFFFFFFFFFFFDE
:10681000FFFFFFFFFFFFFFFFFFFFFFFFFFFFFFFF88
:106820006D24000049499292929292929292929291
:106830009292929292929292929292929292929238
:106840009292929292926D240092FFFFFFFFFFFFBF
:10685000FFFFFFFFFFFFFFFFFFFFFFFFFFFFFFFF48
:10686000FFFF4924000000000000000000000000BD
:106870000000000000000000000000000000000018
:10688000000000000000000024B6FFFFFFFFFFFF34
:10689000FFFFFFFFFFFFFFFFFFFFFFFFFFFFFFFF08
:1068A000FFFFDBB66D4900000000000000000000A3
:1068B00000000000000000000000000000000000D8
:1068C000000000000000000092DBFFFFFFFFFFFF61
:1068D000FFFFFFFFFFFFFFFFFFFFFFFFFFFFFFFFC8
:1068E000FFFFFFFFFFFFFFFF000049FFFFFFFFFF6C
:1068F000FFFFFFFFFFFFFFFFFFFFFFFFFF92000013
:10690000FFFFFFFFFFFFFFFFFFFFFFFFFFFFFFFF97
:10691000FFFFFFFFFFFFFFFFFFFFFFFFFFFFFFFF87
:10692000FFFFFFFFFFFFFFFF000049DBFFFFFFFF4F
:10693000FFFFFFFFFFFFFFFFFFFFFFFFFF920000D2
:10694000FFFFFFFFFFFFFFFFFFFFFFFFFFFFFFFF57
:10695000FFFFFFFFFFFFFFFFFFFFFFFFFFFFFFFF47
:10696000FFFFFFFFFFFFFFFF000049DBFFFFFFFF0F
:10697000FFFFFFFFFFFFFFFFFFFFFFFFFF92000092
:10698000FFFFFFFFFFFFFFFFFFFFFFFFFFFFFFFF17
:10699000FFFFFFFFFFFFFFFFFFFFFFFFFFFFFFFF07
:1069A000FFFFFFFFFFFFFFFF000049DBFFFFFFFFCF
:1069B000FFFFFFFFFFFFFFFFFFFFFFFFFF92000052
:1069C000FFFFFFFFFFFFFFFFFFFFFFFFFFFFFFFFD7
:1069D000FFFFFFFFFFFFFFFFFFFFFFFFFFFFFFFFC7
:1069E000FFFFFFFFFFFFFFFF000049DBFFFFFFFF8F
:1069F000FFFFFFFFFFFFFFFFFFFFFFFFFF92000012
:106A0000FFFFFFFFFFFFFFFFFFFFFFFFFFFFFFFF96
:106A1000FFFFFFFFFFFFFFFFFFFFFFFFFFFFFFFF86
:106A2000FFFFFFFFFFFFFFFF000049DBFFFFFFFF4E
:106A3000FFFFFFFFFFFFFFFFFFFFFFFFFF920000D1
:106A4000FFFFFFFFFFFFFFFFFFFFFFFFFFFFFFFF56
:106A5000FFFFFFFFFFFFFFFFFFFFFFFFFFFFFFFF46
:106A6000FFFFFFFFFFFFFFFF492424B6FFFFFFFFEB
:106A7000FFFFFFFFFFFFFFFFFFFFFFFFFF6D002492
:106A8000FFFFFFFFFFFFFFFFFFFFFFFFFFFFFFFF16
:106A9000FFFFFFFFFFFFFFFFFFFFFFFFFFFFFFFF06
:106AA000FFFFFFFFFFFFFFFF92240092FFFFFFFFAA
:106AB000FFFFFFFFFFFFFFFFFFFFFFFFDB49004975
:106AC000FFFFFFFFFFFFFFFFFFFFFFFFFFFFFFFFD6
:106AD000FFFFFFFFFFFFFFFFFFFFFFFFFFFFFFFFC6
:106AE000FFFFFFFFFFFFFFFFFF6D0024FFFFFFFF22
:106AF000FFFFFFFFFFFFFFFFFFFFFFFF242400B6A4
:106B0000FFFFFFFFFFFFFFFFFFFFFFFFFFFFFFFF95
:106B1000FFFFFFFFFFFFFFFFFFFFFFFFFFFFFFFF85
:106B2000FFFFFFFFFFFFFFFFFF6D0000B6FFFFFF4E
:106B3000FFFFFFFFFFFFFFFFFFFFFFDB000024B6AB
:106B4000FFFFFFFFFFFFFFFFFFFFFFFFFFFFFFFF55
:106B5000FFFFFFFFFFFFFFFFFFFFFFFFFFFFFFFF45
:106B6000FFFFFFFFFFFFFFFFFFFF0000006DFFFFC4
:106B7000FFFFFFFFFFFFFFFFFFFFB6490000FFFF22
:106B8000FFFFFFFFFFFFFFFFFFFFFFFFFFFFFFFF15
:106B9000FFFFFFFFFFFFFFFFFFFFFFFFFFFFFFFF05
:106BA000FFFFFFFFFFFFFFFFFFFF6D240024B6FF85
:106BB000FFFFFFFFFFFFFFFFFFDB49240049FFFF4F
:106BC000FFFFFFFFFFFFFFFFFFFFFFFFFFFFFFFFD5
:106BD000FFFFFFFFFFFFFFFFFFFFFFFFFFFFFFFFC5
:106BE000FFFFFFFFFFFFFFFFFFFFFFDB00000000D5
:106BF000DBDBFFFFFFFFFFDB2400000092FFFFFF56
:106C0000FFFFFFFFFFFFFFFFFFFFFFFFFFFFFFFF94
:106C1000FFFFFFFFFFFFFFFFFFFFFFFFFFFFFFFF84
:106C2000FFFFFFFFFFFFFFFFFFFFFFFF6D240000DF
:106C30004949929292926D4924000049FFFFFFFF5B
:106C4000FFFFFFFFFFFFFFFFFFFFFFFFFFFFFFFF54
:106C5000FFFFFFFFFFFFFFFFFFFFFFFFFFFFFFFF44
:106C6000FFFFFFFFFFFFFFFFFFFFFFFFFFFF4924C5
:106C700000000000000000000024FFFFFFFFFFFFF6
:106C8000FFFFFFFFFFFFFFFFFFFFFFFFFFFFFFFF14
:106C9000FFFFFFFFFFFFFFFFFFFFFFFFFFFFFFFF04
:106CA000FFFFFFFFFFFFFFFFFFFFFFFFFFFFDBB661
:106CB0006D6D24240024496DB6DBFFFFFFFFFFFF4D
:106CC000FFFFFFFFFFFFFFFFFFFFFFFFFFFFFFFFD4
:106CD000FFFFFFFFFFFFFFFFFFFFFFFFFF6D240030
:106CE00000000000000000000000000000000000A4
:106CF0000000000000000000000000000000000094
:106D00000000000000000000000000000000000083
:106D100000246DFFFFFFFFFFFFFFFFFF6D0000007E
:106D20000000000000000000000000000000000063
:106D30000000000000000000000000000000000053
:106D40000000000000000000000000000000000043
:106D50000000006DFFFFFFFFFFFFFFFF240024493D
:106D60004949494949494949494949494949494993
:106D70004949494949494949494949494949494983
:106D80004949494949494949494949494949494973
:106D900049240024FFFFFFFFFFFFFFFF000049FF22
:106DA000FFFFFFFFFFFFFFFFFFFFFFFFFFFFFFFFF3
:106DB000FFFFFFFFFFFFFFFFFFFFFFFFFFFFFFFFE3
:106DC000FFFFFFFFFFFFFFFFFFFFFFFFFFFFFFFFD3
:106DD000FF490024FFFFFFFFFFFFFFFF000049FF07
:106DE000FFFFFFFFFFFFFFFFFFFFFFFFFFFFFFFFB3
:106DF000FFFFFFFFFFFFFFFFFFFFFFFFFFFFFFFFA3
:106E0000FFFFFFFFFFFFFFFFFFFFFFFFFFFFFFFF92
:106E1000FF490024FFFFFFFFFFFFFFFF000049FFC6
:106E2000FFFFFFFFFFFFFFFFFFFFFFFFFFFFFFFF72
:106E3000FFFFFFFFFFFFFFFFFFFFFFFFFFFFFFFF62
:106E4000FFFFFFFFFFFFFFFFFFFFFFFFFFFFFFFF52
:106E5000FF490024FFFFFFFFFFFFFFFF000049FF86
:106E6000FFFFFFFFFFFFFFFFFFFFFFFFFFFFFFFF32
:106E7000FFFFFFFFFFFFFFFFFFFFFFFFFFFFFFFF22
:106E8000FFFFFFFFFFFFFFFFFFFFFFFFFFFFFFFF12
:106E9000FF490024FFFFFFFFFFFFFFFF000049FF46
:106EA000FFFFFFFFFFFFFFFFFFFFFFFFFFFFFFFFF2
:106EB000FFFFFFFFFFFFFFFFFFFFFFFFFFFFFFFFE2
:106EC000FFFFFFFFFFFFFFFFFFFFFFFFFFFFFFFFD2
:106ED000FF490024FFFFFFFFFFFFFFFF000049FF06
:106EE000FFFFFFFFFFFFFFFFFFFFFFFFFFFFFFFFB2
:106EF000FFFFFFFFFFFFFFFFFFFFFFFFFFFFFFFFA2
:106F0000FFFFFFFFFFFFFFFFFFFFFFFFFFFFFFFF91
:106F1000FF490024FFFFFFFFFFFFFFFF000049FFC5
:106F2000FFFFFFFFFFFFFFFFFFFFFFFFFFFFFFFF71
:106F3000FFFFFFFFFFFFFFFFFFFFFFFFFFFFFFFF61
:106F4000FFFFFFFFFFFFFFFFFFFFFFFFFFFFFFFF51
:106F5000FF490024FFFFFFFFFFFFFFFF000049FF85
:106F6000FFFFFFFFFFFFFFFFFFFFFFFFFFFFFFFF31
:106F7000FFFFFFFFFFFFFFFFFFFFFFFFFFFFFFFF21
:106F8000FFFFFFFFFFFFFFFFFFFFFFFFFFFFFFFF11
:106F9000FF490024FFFFFFFFFFFFFFFF000049FF45
:106FA000FFFFFFFFFFFFFFFFFFFFFFFFFFFFFFFFF1
:106FB000FFFFFFFFFFFFFFFFFFFFFFFFFFFFFFFFE1
:106FC000FFFFFFFFFFFFFFFFFFFFFFFFFFFFFFFFD1
:106FD000FF490024FFFFFFFFFFFFFFFF000049FF05
:106FE000FFFFFFFFFFFFFFFFFFFFFFFFFFFFFFFFB1
:106FF000FFFFFFFFFFFFFFFFFFFFFFFFFFFFFFFFA1
:10700000FFFFFFFFFFFFFFFFFFFFFFFFFFFFFFFF90
:10701000FF490024FFFFFFFFFFFFFFFF000049FFC4
:10702000FFFFFFFFFFFFFFFFFFFFFFFFFFFFFFFF70
:10703000FFFFFFFFFFFFFFFFFFFFFFFFFFFFFFFF60
:10704000FFFFFFFFFFFFFFFFFFFFFFFFFFFFFFFF50
:10705000FF490024FFFFFFFFFFFFFFFF000049FF84
:10706000FFFFFFFFFFFFFFFFFFFFFFFFFFFFFFFF30
:10707000FFFFFFFFFFFFFFFFFFFFFFFFFFFFFFFF20
:10708000FFFFFFFFFFFFFFFFFFFFFFFFFFFFFFFF10
:10709000FF490024FFFFFFFFFFFFFFFF000049FF44
:1070A000FFFFFFFFFFFFFFFFFFFFFFFFFFFFFFFFF0
:1070B000FFFFFFFFFFFFFFFFFFFFFFFFFFFFFFFFE0
:1070C000FFFFFFFFFFFFFFFFFFFFFFFFFFFFFFFFD0
:1070D000FF490024FFFFFFFFFFFFFFFF000049FF04
:1070E000FFFFFFFFFFFFFFFFFFFFFFFFFFFFFFFFB0
:1070F000FFFFFFFFFFFFFFFFFFFFFFFFFFFFFFFFA0
:10710000FFFFFFFFFFFFFFFFFFFFFFFFFFFFFFFF8F
:10711000FF490024FFFFFFFFFFFFFFFF000049FFC3
:10712000FFFFFFFFFFFFFFFFFFFFFFFFFFFFFFFF6F
:10713000FFFFFFFFFFFFFFFFFFFFFFFFFFFFFFFF5F
:10714000FFFFFFFFFFFFFFFFFFFFFFFFFFFFFFFF4F
:10715000FF490024FFFFFFFFFFFFFFFF000049FF83
:10716000FFFFFFFFFFFFFFFFFFFFFFFFFFFFFFFF2F
:10717000FFFFFFFFFFFFFFFFFFFFFFFFFFFFFFFF1F
:10718000FFFFFFFFFFFFFFFFFFFFFFFFFFFFFFFF0F
:10719000FF490024FFFFFFFFFFFFFFFF000049FF43
:1071A000FFFFFFFFFFFFFFFFFFFFFFFFFFFFFFFFEF
:1071B000FFFFFFFFFFFFFFFFFFFFFFFFFFFFFFFFDF
:1071C000FFFFFFFFFFFFFFFFFFFFFFFFFFFFFFFFCF
:1071D000FF490024FFFFFFFFFFFFFFFF000049FF03
:1071E000FFFFFFFFFFFFFFFFFFFFFFFFFFFFFFFFAF
:1071F000FFFFFFFFFFFFFFFFFFFFFFFFFFFFFFFF9F
:10720000FFFFFFFFFFFFFFFFFFFFFFFFFFFFFFFF8E
:10721000FF490024FFFFFFFFFFFFFFFF000049FFC2
:10722000FFFFFFFFFFFFFFFFFFFFFFFFFFFFFFFF6E
:10723000FFFFFFFFFFFFFFFFFFFFFFFFFFFFFFFF5E
:10724000FFFFFFFFFFFFFFFFFFFFFFFFFFFFFFFF4E
:10725000FF490024FFFFFFFFB6496DFF000049FF13
:10726000FFFFFFFFFFFFFFFFFFFFFFFFFFFFFFFF2E
:10727000FFFFFFFFFFFFFFFFFFFFFFFFFFFFFFFF1E
:10728000FFFFFFFFFFFFFFFFFFFFFFFFFFFFFFFF0E
:10729000FF490024FFFFFFFF00000092000049FFAC
:1072A000FFFFFFFFFFFFFFFFFFFFFFFFFFFFFFFFEE
:1072B000FFFFFFFFFFFFFFFFFFFFFFFFFFFFFFFFDE
:1072C000FFFFFFFFFFFFFFFFFFFFFFFFFFFFFFFFCE
:1072D000FF490024FFFFFFFF6D000024000049FF6D
:1072E000FFFFFFFFFFFFFFFFFFFFFFFFFFFFFFFFAE
:1072F000FFFFFFFFFFFFFFFFFFFFFFFFFFFFFFFF9E
:10730000FFB62400000000000000000000000000A4
:1073100000000024FFFFFFFFFF490000000049FFBD
:10732000FFFFFFFFFFFFFFFFFFFFFFFFFFFFFFFF6D
:10733000FFFFFFFFFFFFFFFFFFFFFFFFFFFFFFFF5D
:10734000FF490000000000000000000000000000F5
:1073500000000024FFFFFFFFFF490000000049FF7D
:10736000FFFFFFFFFFFFFFFFFFFFFFFFFFFFFFFF2D
:10737000FFFFFFFFFFFFFFFFFFFFFFFFFFFFFFFF1D
:10738000FF4900004949494949494949494949246E
:10739000000024B6FFFFFFFFFF490000000049FF87
:1073A000FFFFFFFFFFFFFFFFFFFFFFFFFFFFFFFFED
:1073B000FFFFFFFFFFFFFFFFFFFFFFFFFFFFFFFFDD
:1073C000FF490024FFFFFFFFFFFFFFFFFFFF9224A5
:1073D0000024B6FFFFFFFFFFFF490000000049FF48
:1073E000FFFFFFFFFFFFFFFFFFFFFFFFFFFFFFFFAD
:1073F000FFFFFFFFFFFFFFFFFFFFFFFFFFFFFFFF9D
:10740000FF490024FFFFFFFFFFFFFFFFFF92000087
:1074100024B6FFFFFFFFFFFFFF490000000049FF08
:10742000FFFFFFFFFFFFFFFFFFFFFFFFFFFFFFFF6C
:10743000FFFFFFFFFFFFFFFFFFFFFFFFFFFFFFFF5C
:10744000FF490024FFFFFFFFFFFFFFFF92240024FE
:10745000B6FFFFFFFFFFFFFFFF490000000049FFED
:10746000FFFFFFFFFFFFFFFFFFFFFFFFFFFFFFFF2C
:10747000FFFFFFFFFFFFFFFFFFFFFFFFFFFFFFFF1C
:10748000FF490024FFFFFFFFFFFFFF92000024B62B
:10749000FFFFFFFFFFFFFFFFFF490000000049FF64
:1074A000FFFFFFFFFFFFFFFFFFFFFFFFFFFFFFFFEC
:1074B000FFFFFFFFFFFFFFFFFFFFFFFFFFFFFFFFDC
:1074C000FF490024FFFFFFFFFFFF92240024B6FFC7
:1074D000FFFFFFFFFFFFFFFFFF490000000049FF24
:1074E000FFFFFFFFFFFFFFFFFFFFFFFFFFFFFFFFAC
:1074F000FFFFFFFFFFFFFFFFFFFFFFFFFFFFFFFF9C
:10750000FF490024FFFFFFFFFF92000024B6FFFFAA
:10751000FFFFFFFFFFFFFFFFFF490000000049FFE3
:10752000FFFFFFFFFFFFFFFFFFFFFFFFFFFFFFFF6B
:10753000FFFFFFFFFFFFFFFFFFFFFFFFFFFFFFFF5B
:10754000FF490024FFFFFFFF92240024B6FFFFFF46
:10755000FFFFFFFFFFFFFFFFFF490000000049FFA3
:10756000FFFFFFFFFFFFFFFFFFFFFFFFFFFFFFFF2B
:10757000FFFFFFFFFFFFFFFFFFFFFFFFFFFFFFFF1B
:10758000FF490024FFFFFF92000024B6FFFFFFFF2A
:10759000FFFFFFFFFFFFFFFFFF490000000049FF63
:1075A000FFFFFFFFFFFFFFFFFFFFFFFFFFFFFFFFEB
:1075B000FFFFFFFFFFFFFFFFFFFFFFFFFFFFFFFFDB
:1075C000FF490024FFFF92240024B6FFFFFFFFFFC6
:1075D000FFFFFFFFFFFFFFFFFF490000000049FF23
:1075E000FFFFFFFFFFFFFFFFFFFFFFFFFFFFFFFFAB
:1075F000FFFFFFFFFFFFFFFFFFFFFFFFFFFFFFFF9B
:10760000FF490024FF92000024B6FFFFFFFFFFFFA9
:10761000FFFFFFFFFFFFFFFFFF490000000049FFE2
:10762000FFFFFFFFFFFFFFFFFFFFFFFFFFFFFFFF6A
:10763000FFFFFFFFFFFFFFFFFFFFFFFFFFFFFFFF5A
:10764000FF49002492240024B6FFFFFFFFFFFFFF45
:10765000FFFFFFFFFFFFFFFFFF490000000049FFA2
:10766000FFFFFFFFFFFFFFFFFFFFFFFFFFFFFFFF2A
:10767000FFFFFFFFFFFFFFFFFFFFFFFFFFFFFFFF1A
:10768000FF490000000024B6FFFFFFFFFFFFFFFFE0
:10769000FFFFFFFFFFFFFFFFFF490000000049FF62
:1076A000FFFFFFFFFFFFFFFFFFFFFFFFFFFFFFFFEA
:1076B000FFFFFFFFFFFFFFFFFFFFFFFFFFFFFFFFDA
:1076C000FF4900000024B6FFFFFFFFFFFFFFFFFFA1
:1076D000FFFFFFFFFFFFFFFFFF4900002400000046
:1076E000000000000000000000000000000000009A
:1076F000000000000000000000000000000000008A
:107700000000000024B6FFFFFFFFFFFFFFFFFFFFA9
:10771000FFFFFFFFFFFFFFFFFF4900009200000097
:107720000000000000000000000000000000000059
:107730000000000000000000000000000000000049
:1077400000000024B6FFFFFFFFFFFFFFFFFFFFFF6A
:10775000FFFFFFFFFFFFFFFFFF490000FFB64949A2
:107760004949494949494949494949494949494989
:107770004949494949494949494949494949494979
:10778000494949B6FFFFFFFFFFFFFFFFFFFFFFFF74
:10779000FFFFFFFFFFFFFFFFFF490000FFFFFFFFAD
:1077A000FFFFFFFFFFFFFFFFFFFFFFFFFFFFFFFFE9
:1077B000FFFFFFFFFFFFFFFFFFFFFFFFFFFFFFFFD9
:1077C000FFFFFFFFFFFFFFFFFFFFFFFFFFFFFFFFC9
:1077D000FFFFFFFFFFFFFFFFFF490000FFFFFFFF6D
:1077E000FFFFFFFFFFFFFFFFFFFFFFFFFFFFFFFFA9
:1077F000FFFFFFFFFFFFFFFFFFFFFFFFFFFFFFFF99
:10780000FFFFFFFFFFFFFFFFFFFFFFFFFFFFFFFF88
:10781000FFFFFFFFFFFFFFFFFF490000FFFFFFFF2C
:10782000FFFFFFFFFFFFFFFFFFFFFFFFFFFFFFFF68
:10783000FFFFFFFFFFFFFFFFFFFFFFFFFFFFFFFF58
:10784000FFFFFFFFFFFFFFFFFFDB494949494949B0
:10785000494949494949494949240000FFFFFFFF77
:10786000FFFFFFFFFFDBFFFFFFFFFFFFFFFFFFFF4C
:10787000FFFFFFFFFFFFFFFFFFFFFFFFFFFFFFFF18
:10788000FFFFFFFFFFFFFFFFFF49000000000000B8
:10789000000000000000000000000024FFFFFFFFC8
:1078A000FFFFFFFF492492FFFFFFFFFFFFFFFFFFE6
:1078B000FFFFFFFFFFFFFFFFFFFFFFFFFFFFFFFFD8
:1078C000FFFFFFFFFFFFFFFFFF4900000000000078
:1078D000000000000000000000000092FFFFFFFF1A
:1078E000FFFFFFFF000049FFFFFFFFFFFFFFFFFF5C
:1078F000FFFFFFFFFFFFFFFFFFFFFFFFFFFFFFFF98
:10790000FFFFFFFFFFFFFFFFFF490024FFFFFFFF17
:10791000FFFFFFFFFFFFDB2400006DFFFFFFFFFF06
:10792000FFFFFFFF000049FFFFFFFFFFFFFFFFFF1B
:10793000FFFFFFFFFFFFFFFFFFFFFFFFFFFFFFFF57
:10794000FFFFFFFFFFFFFFFFFF490024FFFFFFFFD7
:10795000FFFFFFFFFFB624000092FFFFFFFFFFFFC6
:10796000FFFFFFFF000049FFFFFFFFFFFFFFFFFFDB
:10797000FFFFFFFFFFFFFFFFFFFFFFFFFFFFFFFF17
:10798000FFFFFFFFFFFFFFFFFF490024FFFFFFFF97
:10799000FFFFFFFFDB2400006DFFFFFFFFFFFFFF86
:1079A000FFFFFFFF000049FFFFFFFFFFFFFFFFFF9B
:1079B000FFFFFFFFFFFFFFFFFFFFFFFFFFFFFFFFD7
:1079C000FFFFFFFFFFFFFFFFFF490024FFFFFFFF57
:1079D000FFFFFFDB24000092FFFFFFFFFFFFFFFF21
:1079E000FFFFFFFF000049FFFFFFFFFFFFFFFFFF5B
:1079F000FFFFFFFFFFFFFFFFFFFFFFFFFFFFFFFF97
:107A0000FFFFFFFFFFFFFFFFFF490024FFFFFFFF16
:107A1000FFFFDB2400006DFFFFFFFFFFFFFFFFFF05
:107A2000FFFFFFFF000049FFFFFFFFFFFFFFFFFF1A
:107A3000FFFFFFFFFFFFFFFFFFFFFFFFFFFFFFFF56
:107A4000FFFFFFFFFFFFFFFFFF490024FFFFFFFFD6
:107A5000FFDB24000092FFFFFFFFFFFFFFFFFFFFA0
:107A6000FFFFFFFF000049FFFFFFFFFFFFFFFFFFDA
:107A7000FFFFFFFFFFFFFFFFFFFFFFFFFFFFFFFF16
:107A8000FFFFFFFFFFFFFFFFFF490024FFFFFFFF96
:107A9000DB2400006DFFFFFFFFFFFFFFFFFFFFFF85
:107AA000FFFFFFFF000049FFFFFFFFFFFFFFFFFF9A
:107AB000FFFFFFFFFFFFFFFFFFFFFFFFFFFFFFFFD6
:107AC000FFFFFFFFFFFFFFFFFF490024FFFFFFDB7A
:107AD00024000092FFFFFFFFFFFFFFFFFFFFFFFFFC
:107AE000FFFFFFFF000049FFFFFFFFFFFFFFFFFF5A
:107AF000FFFFFFFFFFFFFFFFFFFFFFFFFFFFFFFF96
:107B0000FFFFFFFFFFFFFFFFFF490024FFFFDB2414
:107B100000006DFFFFFFFFFFFFFFFFFFFFFFFFFF05
:107B2000FFFFFFFF000049FFFFFFFFFFFFFFFFFF19
:107B3000FFFFFFFFFFFFFFFFFFFFFFFFFFFFFFFF55
:107B4000FFFFFFFFFFFFFFFFFF490024FFDB2400D3
:107B50000092FFFFFFFFFFFFFFFFFFFFFFFFFFFFA1
:107B6000FFFFFFFF000049FFFFFFFFFFFFFFFFFFD9
:107B7000FFFFFFFFFFFFFFFFFFFFFFFFFFFFFFFF15
:107B8000FFFFFFFFFFFFFFFFFF490024DB24000092
:107B90006DFFFFFFFFFFFFFFFFFFFFFFFFFFFFFF87
:107BA000FFFFFFFF000049FFFFFFFFFFFFFFFFFF99
:107BB000FFFFFFFFFFFFFFFFFFFFFFFFFFFFFFFFD5
:107BC000FFFFFFFFFFFFFFFFFF490024240000929B
:107BD000FFFFFFFFFFFFFFFFFFFFFFFFFFFFFFFFB5
:107BE000FFFFFFFF000049FFFFFFFFFFFFFFFFFF59
:107BF000FFFFFFFFFFFFFFFFFFFFFFFFFFFFFFFF95
:107C0000FFFFFFFFFFFFFFFFFF49000000006DFFC8
:107C1000FFFFFFFFFFFFFFFFFFFFFFFFFFFFFFFF74
:107C2000FFFFFFFF2400244949494949494949497F
:107C300049494949494949494949494949494949B4
:107C40004949494949494949492400000092FFFFEF
:107C5000FFFFFFFFFFFFFFFFFFFFFFFFFFFFFFFF34
:107C6000FFFFFFFF6D0000000000000000000000AB
:107C70000000000000000000000000000000000004
:107C80000000000000000000000000006DFFFFFF8A
:107C9000FFFFFFFFFFFFFFFFFFFFFFFFFFFFFFFFF4
:107CA000FFFFFFFFFF6D2424242424242424242404
:107CB0002424242424242424242424242424242484
:107CC000242424242424242424242492FFFFFFFF9A
:107CD000FFFFFFFFFFFFFFFFFFFFFFFFFFB64900B2
:107CE0000000000092FFFFFFFFFFFFFFFFFFFFFF0D
:107CF000FFFFFFFFFFFFFFFFFFFFFFFFFFFFFFFF94
:107D0000FFFFFFFFFFFFFFFFFFFFFFFFFFFFFFFF83
:107D1000FFFFFFFFFFFFFFFFFFFFFFFFB624000095
:107D20000000000024DBFFFFFFFFFFFFFFFFFFFF5E
:107D3000FFFFFFFFFFFFFFFFFFFFFFFFFFFFFFFF53
:107D4000FFFFFFFFFFFFFFFFFFFFFFFFFFFFFFFF43
:107D5000FFFFFFFFFFFFFFFFFFFFFFFF4900244979
:107D600049494924006DFFFFFFFFFFFFFFFFFFFFB1
:107D7000FFFFFFFFFFFFFFFFFFFFFFFFFFFFFFFF13
:107D8000FFFFFFFFFFFFFFFFFFFFFFFFFFFFFFFF03
:107D9000FFFFFFFFFFFFFFFFFFFFFFFF000049FFA7
:107DA000FFFFFF490000B6FFFFFFFFFFFFFFFFFFE0
:107DB000FFFFFFFFFFFFFFFFFFFFFFFFFFFFFFFFD3
:107DC000FFFFFFFFFFFFFFFFFFFFFFFFFFFFFFFFC3
:107DD000FFFFFFFFFFFFFFFFFFFFFFFF000049FF67
:107DE000FFFFFFDB000049FFFFFFFFFFFFFFFFFF7B
:107DF000FFFFFFFFFFFFFFFFFFFFFFFFFFFFFFFF93
:107E0000FFFFFFFFFFFFFFFFFFFFFFFFFFFFFFFF82
:107E1000FFFFFFFFFFFFFFFFFFFFFFFF000049FF26
:107E2000FFFFFFFF6D0024B6FFFFFFFFFFFFFFFF17
:107E3000FFFFFFFFFFFFFFFFFFFFFFFFFFFFFFFF52
:107E4000FFFFFFFFFFFFFFFFFFFFFFFFFFFFFFFF42
:107E5000FFFFFFFFFFFFFFFFFFFFFFFF000049FFE6
:107E6000FFFFFFFFDB240024FFFFFFFFFFFFFFFFFB
:107E7000FFFFFFFFFFFFFFFFFFFFFFFFFFFFFFFF12
:107E8000FFFFFFFFFFFFFFFFFFFFFFFFFFFFFFFF02
:107E9000FFFFFFFFFFFFFFFFFFFFFFFF000049FFA6
:107EA000FFFFFFFFFF6D000092FFFFFFFFFFFFFFDF
:107EB000FFFFFFFFFFFFFFFFFFFFFFFFFFFFFFFFD2
:107EC000FFFFFFFFFFFFFFFFFFFFFFFFFFFFFFFFC2
:107ED000FFFFFFFFFFFFFFFFFFFFFFFF000049FF66
:107EE000FFFFFFFFFFFF240024FFFFFFFFFFFFFF57
:107EF000FFFFFFFFFFFFFFFFFFFFFFFFFFFFFFFF92
:107F0000FFFFFFFFFFFFFFFFFFFFFFFFFFFFFFFF81
:107F1000FFFFFFFFFFFFFFFFFFFFFFFF000049FF25
:107F2000FFFFFFFFFFFF92000092FFFFFFFFFFFF39
:107F3000FFFFFFFFFFFFFFFFFFFFFFFFFFFFFFFF51
:107F4000FFFFFFFFFFFFFFFFFFFFFFFFFFFFFFFF41
:107F5000FFFFFFFFFFFFFFFFFFFFFFFF000049FFE5
:107F6000FFFFFFFFFFFFFF240024DBFFFFFFFFFFFA
:107F7000FFFFFFFFFFFFFFFFFFFFFFFFFFFFFFFF11
:107F8000FFFFFFFFFFFFFFFFFFFFFFFFFFFFFFFF01
:107F9000FFFFFFFFFFFFFFFFFFFFFFFF000049FFA5
:107FA000FFFFFFFFFFFFFF9200006DFFFFFFFFFFDE
:107FB000FFFFFFFFFFFFFFFFFFFFFFFFFFFFFFFFD1
:107FC000FFFFFFFFFFFFFFFFFFFFFFFFFFFFFFFFC1
:107FD000FFFFFFFFFFFFFFFFFFFFFFFF000049FF65
:107FE000FFFFFFFFFFFFFFFF490024DBFFFFFFFF55
:107FF000FFFFFFFFFFFFFFFFFFFFFFFFFFFFFFFF91
:10800000FFFFFFFFFFFFFFFFFFFFFFFFFFFFFFFF80
:10801000FFFFFFFFFFFFFFFFFFFFFFFF000049FF24
:10802000FFFFFFFFFFFFFFFFDB240049FFFFFFFF14
:10803000FFFFFFFFFFFFFFFFFFFFFFFFFFFFFFFF50
:10804000FFFFFFFFFFFFFFFFFFFFFFFFFFFFFFFF40
:10805000FFFFFFFFFFFFFFFFFFFFFFFF000049FFE4
:10806000FFFFFFFFFFFFFFFFFF490000B6FFFFFF1D
:10807000FFFFFFFFFFFFFFFFFFFFFFFFFFFFFFDB34
:10808000DBDBDBDBDBDBDBDBDBDBDBDBDBDBDBDB40
:10809000FFFFFFFFFFFFFFFFFFFFFFFF000049FFA4
:1080A000FFFFFFFFFFFFFFFFFFDB000049FFFFFFB8
:1080B000FFFFFFFFFFFFFFFFFFFFFFB66D49242417
:1080C0002400000000000000000000000000002468
:1080D0004992FFFFFFFFFFFFFFFFFFFF000049FF87
:1080E000FFFFFFFFFFFFFFFFFFFF6D0000B6FFFF79
:1080F000FFFFFFFFFFFFFFFFB64900000000000089
:10810000000000000000000000000000000000006F
:10811000000024B6FFFFFFFFFFFFFFFF000049FF45
:10812000FFFFFFFFFFFFFFFFFFFFDB240024FFFF38
:10813000FFFFFFFFFFFF6D240000000000244992B5
:10814000B6B6DBDBDBDBDBDBDBDBDBDBDBDBB66D5C
:108150002400000049FFFFFFFFFFFFFF000049FF71
:10816000FFFFFFFFFFFFFFFFFFFFFF6D000092FF1C
:10817000FFFFFFFF9224000000244992DBFFFFFF76
:10818000FFFFFFFFFFFFFFFFFFFFFFFFFFFFFFFFFF
:10819000FF9224000024DBFFFFFFFFFF000049FFE8
:1081A000FFFFFFFFFFFFFFFFFFFFFFFF240024DBB8
:1081B000FFFFDB490000002492DBFFFFFFFFFFFF12
:1081C000FFFFFFFFFFFFFFFFFFFFFFFFFFFFFFFFBF
:1081D000FFFFDB49000024DBFFFFFFFF000049FF3A
:1081E000FFFFFFFFFFFFFFFFFFFFFFFFB600009253
:1081F000FFB62400002492FFFFFFFFFFFFFFFFFFF9
:10820000FFFFFFFFFFFFFFFFFFFFFFFFFFFFFFFF7E
:10821000FFFFFFFF6D000049FFFFFFFF000049FF68
:10822000FFFFFFFFFFFFFFFFFFFFFFFFFF490024EE
:108230006D2400006DDBFFFFFFFFFFFFFFFFFFFF6F
:10824000FFFFFFFFFFFFFFFFFFFFFFFFFFFFFFFF3E
:10825000FFFFFFFFFF4900006DFFFFFF000049FF28
:10826000FFFFFFFFFFFFFFFFFFFFFFFFFFB6000065
:1082700000002492FFFFFFFFFFFFFFFFFFFFFFFF54
:10828000FFFFFFFFFFFFFFFFFFFFFFFFFFFFFFFFFE
:10829000FFFFFFFFFFFF240024DBFFFF000049FF7B
:1082A000FFFFFFFFFFFFFFFFFFFFFFFFFFFF490093
:1082B0000024B6FFFFFFFFFFFFFFFFFFFFFFFFFFF1
:1082C000FFFFFFFFFFFFFFFFFFFFFFFFFFFFFFFFBE
:1082D000FFFFFFFFFFFFB6240049FFFF000049FF3B
:1082E000FFFFFFFFFFFFFFFFFFFFFFFFFFFFDB249D
:1082F00024B6FFFFFFFFFFFFFFFFFFFFFFFFFFFFB2
:10830000FFFFFFFFFFFFFFFFFFFFFFFFFFFFFFFF7D
:10831000FFFFFFFFFFFFFF490000B6FF000049FF1E
:10832000FFFFFFFFFFFFFFFFFFFFFFFFFFFFFFDB81
:10833000DBFFFFFFFFFFFFFFFFFFFFFFFFFFFFFF71
:10834000FFFFFFFFFFFFFFFFFFFFFFFFFFFFFFFF3D
:10835000FFFFFFFFFFFFFFDB000049FF000049FFB9
:10836000FFFFFFFFFFFFFFFFFFFFFFFFFFFFFFFF1D
:10837000FFFFFFFFFFFFFFFFFFFFFFFFFFFFFFFF0D
:10838000FFFFFFFFFFFFFFFFFFFFFFFFFFFFFFFFFD
:10839000FFFFFFFFFFFFFFFF490024DB000049FF55
:1083A000FFFFFFFFFFFFFFFFFFFFFFFFFFFFFFFFDD
:1083B000FFFFFFFFFFFFFFFFFFFFFFFFFFFFFFFFCD
:1083C000FFFFFFFFFFFFFFFFFFFFFFFFFFFFFFFFBD
:1083D000FFFFFFFFFFFFFFFFB60000B6000049FFF1
:1083E000FFFFFFFFFFFFFFFFFFFFFFFFFFFFFFFF9D
:1083F000FFFFFFFFFFFFFFFFFFFFFFFFFFFFFFFF8D
:10840000FFFFFFFFFFFFFFFFFFFFFFFFFFFFFFFF7C
:10841000FFFFFFFFFFFFFFFFDB240092000049FF8B
:10842000FFFFFFFFFFFFFFFFFFFFFFFFFFFFFFFF5C
:10843000FFFFFFFFFFFFFFFFFFFFFFFFFFFFFFFF4C
:10844000FFFFFFFFFFFFFFFFFFFFFFFFFFFFFFFF3C
:10845000FFFFFFFFFFFFFFFFFF240049000049FF70
:10846000FFFFFFFFFFFFFFFFFFFFFFFFFFFFFFFF1C
:10847000FFFFFFFFFFFFFFFFFFFFFFFFFFFFFFFF0C
:10848000FFFFFFFFFFFFFFFFFFFFFFFFFFFFFFFFFC
:10849000FFFFFFFFFFFFFFFFFF490024000049FF30
:1084A000FFFFFFFFFFFFFFFFFFFFFFFFFFFFFFFFDC
:1084B000FFFFFFFFFFFFFFFFFFFFFFFFFFFFFFFFCC
:1084C000FFFFFFFFFFFFFFFFFFFFFFFFFFFFFFFFBC
:1084D000FFFFFFFFFFFFFFFFFF490024000049FFF0
:1084E000FFFFFFFFFFFFFFFFFFFFFFFFFFFFFFFF9C
:1084F000FFFFFFFFFFFFFFFFFFFFFFFFFFFFFFFF8C
:10850000FFFFFFFFFFFFFFFFFFFFFFFFFFFFFFFF7B
:10851000FFFFFFFFFFFFFFFFFF490024000049FFAF
:10852000FFFFFFFFFFFFFFFFFFFFFFFFFFFFFFFF5B
:10853000FFFFFFFFFFFFFFFFFFFFFFFFFFFFFFFF4B
:10854000FFFFFFFFFFFFFFFFFFFFFFFFFFFFFFFF3B
:10855000FFFFFFFFFFFFFFFFFF490024000049FF6F
:10856000FFFFFFFFFFFFFFFFFFFFFFFFFFFFFFFF1B
:10857000FFFFFFFFFFFFFFFFFFFFFFFFFFFFFFFF0B
:10858000FFFFFFFFFFFFFFFFFFFFFFFFFFFFFFFFFB
:10859000FFFFFFFFFFFFFFFFFF240049000049FF2F
:1085A000FFFFFFFFFFFFFFFFFFFFFFFFFFFFFFFFDB
:1085B000FFFFFFFFFFFFFFFFFFFFFFFFFFFFFFFFCB
:1085C000FFFFFFFFFFFFFFFFFFFFFFFFFFFFFFFFBB
:1085D000FFFFFFFFFFFFFFFFDB240092000049FFCA
:1085E000FFFFFFFFFFFFFFFFFFFFFFFFFFFFFFFF9B
:1085F000FFFFFFFFFFFFFFFFFFFFFFFFFFFFFFFF8B
:10860000FFFFFFFFFFFFFFFFFFFFFFFFFFFFFFFF7A
:10861000FFFFFFFFFFFFFFFFB60000B6000049FFAE
:10862000FFFFFFFFFFFFFFFFFFFFFFFFFFFFFFFF5A
:10863000FFFFFFFFFFFFFFFFFFFFFFFFFFFFFFFF4A
:10864000FFFFFFFFFFFFFFFFFFFFFFFFFFFFFFFF3A
:10865000FFFFFFFFFFFFFFFF490024DB000049FF92
:10866000FFFFFFFFFFFFFFFFFFFFFFFFFFFFFFDB3E
:10867000DBFFFFFFFFFFFFFFFFFFFFFFFFFFFFFF2E
:10868000FFFFFFFFFFFFFFFFFFFFFFFFFFFFFFFFFA
:10869000FFFFFFFFFFFFFFDB000049FF000049FF76
:1086A000FFFFFFFFFFFFFFFFFFFFFFFFFFFFDB24D9
:1086B00024B6FFFFFFFFFFFFFFFFFFFFFFFFFFFFEE
:1086C000FFFFFFFFFFFFFFFFFFFFFFFFFFFFFFFFBA
:1086D000FFFFFFFFFFFFFF490000B6FF000049FF5B
:1086E000FFFFFFFFFFFFFFFFFFFFFFFFFFFF49004F
:1086F0000024B6FFFFFFFFFFFFFFFFFFFFFFFFFFAD
:10870000FFFFFFFFFFFFFFFFFFFFFFFFFFFFFFFF79
:10871000FFFFFFFFFFFFB6240049FFFF000049FFF6
:10872000FFFFFFFFFFFFFFFFFFFFFFFFFFB60000A0
:1087300000002492FFFFFFFFFFFFFFFFFFFFFFFF8F
:10874000FFFFFFFFFFFFFFFFFFFFFFFFFFFFFFFF39
:10875000FFFFFFFFFFFF240024DBFFFF000049FFB6
:10876000FFFFFFFFFFFFFFFFFFFFFFFFFF490024A9
:108770006D2400006DDBFFFFFFFFFFFFFFFFFFFF2A
:10878000FFFFFFFFFFFFFFFFFFFFFFFFFFFFFFFFF9
:10879000FFFFFFFFFF4900006DFFFFFF000049FFE3
:1087A000FFFFFFFFFFFFFFFFFFFFFFFFB60000928D
:1087B000FFB62400002492FFFFFFFFFFFFFFFFFF33
:1087C000FFFFFFFFFFFFFFFFFFFFFFFFFFFFFFFFB9
:1087D000FFFFFFFF6D000049FFFFFFFF000049FFA3
:1087E000FFFFFFFFFFFFFFFFFFFFFFFF240024DB72
:1087F000FFFFDB490000002492DBFFFFFFFFFFFFCC
:10880000FFFFFFFFFFFFFFFFFFFFFFFFFFFFFFFF78
:10881000FFFFDB49000024DBFFFFFFFF000049FFF3
:10882000FFFFFFFFFFFFFFFFFFFFFF6D000092FF55
:10883000FFFFFFFF9224000000244992DBFFFFFFAF
:10884000FFFFFFFFFFFFFFFFFFFFFFFFFFFFFFFF38
:10885000FF9224000024DBFFFFFFFFFF000049FF21
:10886000FFFFFFFFFFFFFFFFFFFFDB240024FFFFF1
:10887000FFFFFFFFFFFF6D2400000000002449926E
:10888000B6B6DBDBDBDBDBDBDBDBDBDBDBDBB66D15
:108890002400000049FFFFFFFFFFFFFF000049FF2A
:1088A000FFFFFFFFFFFFFFFFFFFF6D0000B6FFFFB1
:1088B000FFFFFFFFFFFFFFFFB649000000000000C1
:1088C00000000000000000000000000000000000A8
:1088D000000024B6FFFFFFFFFFFFFFFF000049FF7E
:1088E000FFFFFFFFFFFFFFFFFFDB000049FFFFFF70
:1088F000FFFFFFFFFFFFFFFFFFFFFFB66D492424CF
:10890000240000000000000000000000000000241F
:108910004992FFFFFFFFFFFFFFFFFFFF000049FF3E
:10892000FFFFFFFFFFFFFFFFFF490000B6FFFFFF54
:10893000FFFFFFFFFFFFFFFFFFFFFFFFFFFFFFDB6B
:10894000DBDBDBDBDBDBDBDBDBDBDBDBDBDBDBDB77
:10895000FFFFFFFFFFFFFFFFFFFFFFFF000049FFDB
:10896000FFFFFFFFFFFFFFFFDB240049FFFFFFFFCB
:10897000FFFFFFFFFFFFFFFFFFFFFFFFFFFFFFFF07
:10898000FFFFFFFFFFFFFFFFFFFFFFFFFFFFFFFFF7
:10899000FFFFFFFFFFFFFFFFFFFFFFFF000049FF9B
:1089A000FFFFFFFFFFFFFFFF490024DBFFFFFFFF8B
:1089B000FFFFFFFFFFFFFFFFFFFFFFFFFFFFFFFFC7
:1089C000FFFFFFFFFFFFFFFFFFFFFFFFFFFFFFFFB7
:1089D000FFFFFFFFFFFFFFFFFFFFFFFF000049FF5B
:1089E000FFFFFFFFFFFFFF9200006DFFFFFFFFFF94
:1089F000FFFFFFFFFFFFFFFFFFFFFFFFFFFFFFFF87
:108A0000FFFFFFFFFFFFFFFFFFFFFFFFFFFFFFFF76
:108A1000FFFFFFFFFFFFFFFFFFFFFFFF000049FF1A
:108A2000FFFFFFFFFFFFFF240024DBFFFFFFFFFF2F
:108A3000FFFFFFFFFFFFFFFFFFFFFFFFFFFFFFFF46
:108A4000FFFFFFFFFFFFFFFFFFFFFFFFFFFFFFFF36
:108A5000FFFFFFFFFFFFFFFFFFFFFFFF000049FFDA
:108A6000FFFFFFFFFFFF92000092FFFFFFFFFFFFEE
:108A7000FFFFFFFFFFFFFFFFFFFFFFFFFFFFFFFF06
:108A8000FFFFFFFFFFFFFFFFFFFFFFFFFFFFFFFFF6
:108A9000FFFFFFFFFFFFFFFFFFFFFFFF000049FF9A
:108AA000FFFFFFFFFFFF240024FFFFFFFFFFFFFF8B
:108AB000FFFFFFFFFFFFFFFFFFFFFFFFFFFFFFFFC6
:108AC000FFFFFFFFFFFFFFFFFFFFFFFFFFFFFFFFB6
:108AD000FFFFFFFFFFFFFFFFFFFFFFFF000049FF5A
:108AE000FFFFFFFFFF6D000092FFFFFFFFFFFFFF93
:108AF000FFFFFFFFFFFFFFFFFFFFFFFFFFFFFFFF86
:108B0000FFFFFFFFFFFFFFFFFFFFFFFFFFFFFFFF75
:108B1000FFFFFFFFFFFFFFFFFFFFFFFF000049FF19
:108B2000FFFFFFFFDB240024FFFFFFFFFFFFFFFF2E
:108B3000FFFFFFFFFFFFFFFFFFFFFFFFFFFFFFFF45
:108B4000FFFFFFFFFFFFFFFFFFFFFFFFFFFFFFFF35
:108B5000FFFFFFFFFFFFFFFFFFFFFFFF000049FFD9
:108B6000FFFFFFFF6D0024B6FFFFFFFFFFFFFFFFCA
:108B7000FFFFFFFFFFFFFFFFFFFFFFFFFFFFFFFF05
:108B8000FFFFFFFFFFFFFFFFFFFFFFFFFFFFFFFFF5
:108B9000FFFFFFFFFFFFFFFFFFFFFFFF000049FF99
:108BA000FFFFFFDB240049FFFFFFFFFFFFFFFFFF89
:108BB000FFFFFFFFFFFFFFFFFFFFFFFFFFFFFFFFC5
:108BC000FFFFFFFFFFFFFFFFFFFFFFFFFFFFFFFFB5
:108BD000FFFFFFFFFFFFFFFFFFFFFFFF000049FF59
:108BE000FFFFFF490000B6FFFFFFFFFFFFFFFFFF92
:108BF000FFFFFFFFFFFFFFFFFFFFFFFFFFFFFFFF85
:108C0000FFFFFFFFFFFFFFFFFFFFFFFFFFFFFFFF74
:108C1000FFFFFFFFFFFFFFFFFFFFFFFF49002449AA
:108C200049494924006DFFFFFFFFFFFFFFFFFFFFE2
:108C3000FFFFFFFFFFFFFFFFFFFFFFFFFFFFFFFF44
:108C4000FFFFFFFFFFFFFFFFFFFFFFFFFFFFFFFF34
:108C5000FFFFFFFFFFFFFFFFFFFFFFFFB624000046
:108C60000000000024DBFFFFFFFFFFFFFFFFFFFF0F
:108C7000FFFFFFFFFFFFFFFFFFFFFFFFFFFFFFFF04
:108C8000FFFFFFFFFFFFFFFFFFFFFFFFFFFFFFFFF4
:108C9000FFFFFFFFFFFFFFFFFFFFFFFFFFB64900E2
:108CA0000000000092FFFFFFFFFFFFFFFFFFFFFF3D
:108CB000FFFFFFFFFFFFFFFFFFFFFFFFFFFFFFFFC4
:108CC000FFFFFFFFFFFFFFFFFFFFFFFFFFFFFFFFB4
:108CD000FFFFFFFFFFFFFFFFFFFFFFFFFFB64900A2
:108CE0000000000092FFFFFFFFFFFFFFFFFFFFFFFD
:108CF000FFFFFFFFFFFFFFFFFFFFFFFFFFFFFFFF84
:108D0000FFFFFFFFFFFFFFFFFFFFFFFFFFFFFFFF73
:108D1000FFFFFFFFFFFFFFFFFFFFFFFFB624000085
:108D20000000000024DBFFFFFFFFFFFFFFFFFFFF4E
:108D3000FFFFFFFFFFFFFFFFFFFFFFFFFFFFFFFF43
:108D4000FFFFFFFFFFFFFFFFFFFFFFFFFFFFFFFF33
:108D5000FFFFFFFFFFFFFFFFFFFFFFFF4900244969
:108D600049494924006DFFFFFFFFFFFFFFFFFFFFA1
:108D7000FFFFFFFFFFFFFFFFFFFFFFFFFFFFFFFF03
:108D8000FFFFFFFFFFFFFFFFFFFFFFFFFFFFFFFFF3
:108D9000FFFFFFFFFFFFFFFFFFFFFFFF000049FF97
:108DA000FFFFFF490000B6FFFFFFFFFFFFFFFFFFD0
:108DB000FFFFFFFFFFFFFFFFFFFFFFFFFFFFFFFFC3
:108DC000FFFFFFFFFFFFFFFFFFFFFFFFFFFFFFFFB3
:108DD000FFFFFFFFFFFFFFFFFFFFFFFF000049FF57
:108DE000FFFFFFDB240049FFFFFFFFFFFFFFFFFF47
:108DF000FFFFFFFFFFFFFFFFFFFFFFFFFFFFFFFF83
:108E0000FFFFFFFFFFFFFFFFFFFFFFFFFFFFFFFF72
:108E1000FFFFFFFFFFFFFFFFFFFFFFFF000049FF16
:108E2000FFFFFFFF6D0024B6FFFFFFFFFFFFFFFF07
:108E3000FFFFFFFFFFFFFFFFFFFFFFFFFFFFFFFF42
:108E4000FFFFFFFFFFFFFFFFFFFFFFFFFFFFFFFF32
:108E5000FFFFFFFFFFFFFFFFFFFFFFFF000049FFD6
:108E6000FFFFFFFFDB240024FFFFFFFFFFFFFFFFEB
:108E7000FFFFFFFFFFFFFFFFFFFFFFFFFFFFFFFF02
:108E8000FFFFFFFFFFFFFFFFFFFFFFFFFFFFFFFFF2
:108E9000FFFFFFFFFFFFFFFFFFFFFFFF000049FF96
:108EA000FFFFFFFFFF6D000092FFFFFFFFFFFFFFCF
:108EB000FFFFFFFFFFFFFFFFFFFFFFFFFFFFFFFFC2
:108EC000FFFFFFFFFFFFFFFFFFFFFFFFFFFFFFFFB2
:108ED000FFFFFFFFFFFFFFFFFFFFFFFF000049FF56
:108EE000FFFFFFFFFFFF240024DBFFFFFFFFFFFF6B
:108EF000FFFFFFFFFFFFFFFFFFFFFFFFFFFFFFFF82
:108F0000FFFFFFFFFFFFFFFFFFFFFFFFFFFFFFFF71
:108F1000FFFFFFFFFFFFFFFFFFFFFFFF000049FF15
:108F2000FFFFFFFFFFFFB600006DFFFFFFFFFFFF2A
:108F3000FFFFFFFFFFFFFFFFFFFFFFFFFFFFFFFF41
:108F4000FFFFFFFFFFFFFFFFFFFFFFFFFFFFFFFF31
:108F5000FFFFFFFFFFFFFFFFFFFFFFFF000049FFD5
:108F6000FFFFFFFFFFFFFF490000DBFFFFFFFFFFE9
:108F7000FFFFFFFFFFFFFFFFFFFFFFFFFFFFFFFF01
:108F8000FFFFFFFFFFFFFFFFFFFFFFFFFFFFFFFFF1
:108F9000FFFFFFFFFFFFFFFFFFFFFFFF000049FF95
:108FA000FFFFFFFFFFFFFFB6000049FFFFFFFFFFCE
:108FB000FFFFFFFFFFFFFFFFFFFFFFFFFFFFFFFFC1
:108FC000FFFFFFFFFFFFFFFFFFFFFFFFFFFFFFFFB1
:108FD000FFFFFFFFFFFFFFFFFFFFFFFF000049FF55
:108FE000FFFFFFFFFFFFFFFF490024DBFFFFFFFF45
:108FF000FFFFFFFFFFFFFFFFFFFFFFFFFFFFFFFF81
:10900000FFFFFFFFFFFFFFFFFFFFFFFFFFFFFFFF70
:10901000FFFFFFFFFFFFFFFFFFFFFFFF000049FF14
:10902000FFFFFFFFFFFFFFFFDB240049FFFFFFFF04
:10903000FFFFFFFFFFFFFFFFFFFFFFFFFFFFFFFF40
:10904000FFFFFFFFFFFFFFFFFFFFFFFFFFFFFFFF30
:10905000FFFFFFFFFFFFFFFFFFFFFFFF000049FFD4
:10906000FFFFFFFFFFFFFFFFFF490000B6FFFFFF0D
:10907000FFFFFFFFFFFFFFFFFFFFFFFFFFFFFFDB24
:10908000DBDBDBDBDBDBDBDBDBDBDBDBDBDBDBDB30
:10909000FFFFFFFFFFFFFFFFFFFFFFFF000049FF94
:1090A000FFFFFFFFFFFFFFFFFFDB240049FFFFFF84
:1090B000FFFFFFFFFFFFFFFFFFFFDB926D4924244F
:1090C000240000000000000000000000000000007C
:1090D0002449DBFFFFFFFFFFFFFFFFFF000049FF09
:1090E000FFFFFFFFFFFFFFFFFFFF920000B6FFFF44
:1090F000FFFFFFFFFFFFFFDBB6490000000000009D
:10910000000000000000000000000000000000005F
:109110000000246DFFFFFFFFFFFFFFFF000049FF7E
:10912000FFFFFFFFFFFFFFFFFFFFDB240024FFFF28
:10913000FFFFFFFFFFDB49240000000000246D92C9
:10914000B6B6DBDBDBDBDBDBDBDBDBDBDBDBDB9202
:109150004900000024DBFFFFFFFFFFFF000049FF85
:10916000FFFFFFFFFFFFFFFFFFFFFF9200006DFF0C
:10917000FFFFFFFF6D24000000244992DBFFFFFF8B
:10918000FFFFFFFFFFFFFFFFFFFFFFFFFFFFFFFFEF
:10919000FFB649000024B6FFFFFFFFFF000049FFB4
:1091A000FFFFFFFFFFFFFFFFFFFFFFFF240024DBA8
:1091B000FFFFB62400000049B6FFFFFFFFFFFFFFDF
:1091C000FFFFFFFFFFFFFFFFFFFFFFFFFFFFFFFFAF
:1091D000FFFFFF6D000024DBFFFFFFFF000049FFE2
:1091E000FFFFFFFFFFFFFFFFFFFFFFFFB624006D44
:1091F000FF9200000049B6FFFFFFFFFFFFFFFFFFE8
:10920000FFFFFFFFFFFFFFFFFFFFFFFFFFFFFFFF6E
:10921000FFFFFFFF92240024FFFFFFFF000049FF34
:10922000FFFFFFFFFFFFFFFFFFFFFFFFFF49000002
:109230004900000092FFFFFFFFFFFFFFFFFFFFFF5E
:10924000FFFFFFFFFFFFFFFFFFFFFFFFFFFFFFFF2E
:10925000FFFFFFFFFF92000049FFFFFF000049FFF3
:10926000FFFFFFFFFFFFFFFFFFFFFFFFFFB6000055
:10927000000024B6FFFFFFFFFFFFFFFFFFFFFFFF20
:10928000FFFFFFFFFFFFFFFFFFFFFFFFFFFFFFFFEE
:10929000FFFFFFFFFFFF490024B6FFFF000049FF6B
:1092A000FFFFFFFFFFFFFFFFFFFFFFFFFFFF6D005F
:1092B0000024DBFFFFFFFFFFFFFFFFFFFFFFFFFFBC
:1092C000FFFFFFFFFFFFFFFFFFFFFFFFFFFFFFFFAE
:1092D000FFFFFFFFFFFFDB240024FFFF000049FF2B
:1092E000FFFFFFFFFFFFFFFFFFFFFFFFFFFFDB248D
:1092F00024DBFFFFFFFFFFFFFFFFFFFFFFFFFFFF7D
:10930000FFFFFFFFFFFFFFFFFFFFFFFFFFFFFFFF6D
:10931000FFFFFFFFFFFFFF6D0000B6FF000049FFEA
:10932000FFFFFFFFFFFFFFFFFFFFFFFFFFFFFFFF4D
:10933000FFFFFFFFFFFFFFFFFFFFFFFFFFFFFFFF3D
:10934000FFFFFFFFFFFFFFFFFFFFFFFFFFFFFFFF2D
:10935000FFFFFFFFFFFFFFFF240049FF000049FF61
:10936000FFFFFFFFFFFFFFFFFFFFFFFFFFFFFFFF0D
:10937000FFFFFFFFFFFFFFFFFFFFFFFFFFFFFFFFFD
:10938000FFFFFFFFFFFFFFFFFFFFFFFFFFFFFFFFED
:10939000FFFFFFFFFFFFFFFF6D0024DB000049FF21
:1093A000FFFFFFFFFFFFFFFFFFFFFFFFFFFFFFFFCD
:1093B000FFFFFFFFFFFFFFFFFFFFFFFFFFFFFFFFBD
:1093C000FFFFFFFFFFFFFFFFFFFFFFFFFFFFFFFFAD
:1093D000FFFFFFFFFFFFFFFFB60000B6000049FFE1
:1093E000FFFFFFFFFFFFFFFFFFFFFFFFFFFFFFFF8D
:1093F000FFFFFFFFFFFFFFFFFFFFFFFFFFFFFFFF7D
:10940000FFFFFFFFFFFFFFFFFFFFFFFFFFFFFFFF6C
:10941000FFFFFFFFFFFFFFFFDB24006D000049FFA0
:10942000FFFFFFFFFFFFFFFFFFFFFFFFFFFFFFFF4C
:10943000FFFFFFFFFFFFFFFFFFFFFFFFFFFFFFFF3C
:10944000FFFFFFFFFFFFFFFFFFFFFFFFFFFFFFFF2C
:10945000FFFFFFFFFFFFFFFFFF490049000049FF3B
:10946000FFFFFFFFFFFFFFFFFFFFFFFFFFFFFFFF0C
:10947000FFFFFFFFFFFFFFFFFFFFFFFFFFFFFFFFFC
:10948000FFFFFFFFFFFFFFFFFFFFFFFFFFFFFFFFEC
:10949000FFFFFFFFFFFFFFFFFF490024000049FF20
:1094A000FFFFFFFFFFFFFFFFFFFFFFFFFFFFFFFFCC
:1094B000FFFFFFFFFFFFFFFFFFFFFFFFFFFFFFFFBC
:1094C000FFFFFFFFFFFFFFFFFFFFFFFFFFFFFFFFAC
:1094D000FFFFFFFFFFFFFFFFFF490000000049FF04
:1094E000FFFFFFFFFFFFFFFFFFFFFFFFFFFFFFFF8C
:1094F000FFFFFFFFFFFFFFFFFFFFFFFFFFFFFFFF7C
:10950000FFFFFFFFFFFFFFFFFFFFFFFFFFFFFFFF6B
:10951000FFFFFFFFFFFFFFFFFF490024000049FF9F
:10952000FFFFFFFFFFFFFFFFFFFFFFFFFFFFFFFF4B
:10953000FFFFFFFFFFFFFFFFFFFFFFFFFFFFFFFF3B
:10954000FFFFFFFFFFFFFFFFFFFFFFFFFFFFFFFF2B
:10955000FFFFFFFFFFFFFFFFFF490024000049FF5F
:10956000FFFFFFFFFFFFFFFFFFFFFFFFFFFFFFFF0B
:10957000FFFFFFFFFFFFFFFFFFFFFFFFFFFFFFFFFB
:10958000FFFFFFFFFFFFFFFFFFFFFFFFFFFFFFFFEB
:10959000FFFFFFFFFFFFFFFFFF240049000049FF1F
:1095A000FFFFFFFFFFFFFFFFFFFFFFFFFFFFFFFFCB
:1095B000FFFFFFFFFFFFFFFFFFFFFFFFFFFFFFFFBB
:1095C000FFFFFFFFFFFFFFFFFFFFFFFFFFFFFFFFAB
:1095D000FFFFFFFFFFFFFFFFDB240092000049FFBA
:1095E000FFFFFFFFFFFFFFFFFFFFFFFFFFFFFFFF8B
:1095F000FFFFFFFFFFFFFFFFFFFFFFFFFFFFFFFF7B
:10960000FFFFFFFFFFFFFFFFFFFFFFFFFFFFFFFF6A
:10961000FFFFFFFFFFFFFFFFB60000DB000049FF79
:10962000FFFFFFFFFFFFFFFFFFFFFFFFFFFFFFFF4A
:10963000FFFFFFFFFFFFFFFFFFFFFFFFFFFFFFFF3A
:10964000FFFFFFFFFFFFFFFFFFFFFFFFFFFFFFFF2A
:10965000FFFFFFFFFFFFFFFF490024FF000049FF5E
:10966000FFFFFFFFFFFFFFFFFFFFFFFFFFFFFFB653
:10967000B6FFFFFFFFFFFFFFFFFFFFFFFFFFFFFF43
:10968000FFFFFFFFFFFFFFFFFFFFFFFFFFFFFFFFEA
:10969000FFFFFFFFFFFFFFDB00006DFF000049FF42
:1096A000FFFFFFFFFFFFFFFFFFFFFFFFFFFFB624EE
:1096B0002492FFFFFFFFFFFFFFFFFFFFFFFFFFFF02
:1096C000FFFFFFFFFFFFFFFFFFFFFFFFFFFFFFFFAA
:1096D000FFFFFFFFFFFFFF6D0000DBFF492492FF4C
:1096E000FFFFFFFFFFFFFFFFFFFFFFFFFFFF49003F
:1096F000000092FFFFFFFFFFFFFFFFFFFFFFFFFFE5
:10970000FFFFFFFFFFFFFFFFFFFFFFFFFFFFFFFF69
:10971000FFFFFFFFFFFFDB24006DFFFFFFDBFFFF0D
:10972000FFFFFFFFFFFFFFFFFFFFFFFFFFB6000090
:109730000000246DFFFFFFFFFFFFFFFFFFFFFFFFA4
:10974000FFFFFFFFFFFFFFFFFFFFFFFFFFFFFFFF29
:10975000FFFFFFFFFFFF490024DBFFFFFFFFFFFFCD
:10976000FFFFFFFFDBB6FFFFFFFFFFFFFF49002406
:109770009224000049DBFFFFFFFFFFFFFFFFFFFF19
:10978000FFFFFFFFFFFFFFFFFFFFFFFFFFFFFFFFE9
:10979000FFFFFFFFFF6D000092FFFFFFFFFFFFFFD6
:1097A000FFFFFFB624006DFFFFFFFFFFB624006D33
:1097B000FFDB240000246DDBFFFFFFFFFFFFFFFF47
:1097C000FFFFFFFFFFFFFFFFFFFFFFFFFFFFFFFFA9
:1097D000FFFFFFFF6D24006DFFFFFFFFFFFFFFFF97
:1097E000FFFFB624000092FFFFFFFFFF490024DBCC
:1097F000FFFFFF6D240000006DDBFFFFFFFFFFFF99
:10980000FFFFFFFFFFFFFFFFFFFFFFFFFFFFFFFF68
:10981000FFFFFF6D000049FFFFFFFFFFFFFFFFFF9E
:10982000FFB624000092FFFFFFFFFFB600006DFFB0
:10983000FFFFFFFFB64900000024496DB6FFFFFFA0
:10984000FFFFFFFFFFFFFFFFFFFFFFFFFFFFFFFF28
:10985000FFB649000049FFFFFFFFFFFFFFFFFFFFCB
:10986000B62400006DFFFFFFFFFFFF490024DBFF70
:10987000FFFFFFFFFFFF9249240000000000496D39
:1098800092B6DBDBDBDBDBDBDBDBDBDBDBDBDB92DF
:10989000490000246DFFFFFFFFFFFFFFFFFFFFB642
:1098A00024000092FFFFFFFFFFFFDB24006DFFFF9E
:1098B000FFFFFFFFFFFFFFFFDB922400000000001F
:1098C0000000000000000000000000000000000098
:1098D000000049B6FFFFFFFFFFFFFFFFFFFFB624B9
:1098E00000006DFFFFFFFFFFFFFFDB2424DBFFFF16
:1098F000FFFFFFFFFFFFFFFFFFFFFFDB9249492450
:1099000024240000000000000000000000002424C7
:1099100049B6FFFFFFFFFFFFFFFFFFFFFFB6240079
:109920000092FFFFFFFFFFFFFFFFFFFFFFFFFFFFB3
:10993000FFFFFFFFFFFFFFFFFFFFFFFFFFFFFFFF37
:10994000DBDBDBDBDBDBDBDBDBDBDBDBDBDBDBFF43
:10995000FFFFFFFFFFFFFFFFFFFFFFFFDB24000014
:109960006DFFFFFFFFFFFFFFFFFFFFFFFFFFFFFF99
:10997000FFFFFFFFFFFFFFFFFFFFFFFFFFFFFFFFF7
:10998000FFFFFFFFFFFFFFFFFFFFFFFFFFFFFFFFE7
:10999000FFFFFFFFFFFFFFFFFFFFFFFF2400006D42
:1099A000FFFFFFFFFFFFFFFFFFFFFFFFFFFFFFFFC7
:1099B000FFFFFFFFFFFFFFFFFFFFFFFFFFFFFFFFB7
:1099C000FFFFFFFFFFFFFFFFFFFFFFFFFFFFFFFFA7
:1099D000FFFFFFFFFFFFFFFFFFFFFFFF490000004A
:1099E00092FFFFFFFFFFFFFFFFFFFFFFFFFFFFFFF4
:1099F000FFFFFFFFFFFFFFFFFFFFFFFFFFFFFFFF77
:109A0000FFFFFFFFFFFFFFFFFFFFFFFFFFFFFFFF66
:109A1000FFFFFFFFFFFFFFFFFFFFFFFFFF6D0000E6
:109A20000049DBFFFFFFFFFFFFFFFFFFFFFFFFFF1F
:109A3000FFFFFFFFFFFFFFFFFFFFFFFFFFFFFFFF36
:109A4000FFFFFFFFFFFFFFFFFFFFFFFFFFFFFFFF26
:109A5000FFFFFFFFFFFFFFFFFFFFFFFFFFFFB6243A
:109A6000000024B6FFFFFFFFFFFFFFFFFFFFFFFF28
:109A7000FFFFFFFFFFFFFFFFFFFFFFFFFFFFFFFFF6
:109A8000FFFFFFFFFFFFFFFFFFFFFFFFFFFFFFFFE6
:109A9000FFFFFFFFFFFFFFFFFFFFFFFFFFFFFFDBFA
:109AA000490000246DFFFFFFFFFFFFFFFFFFFFFFE7
:109AB000FFFFFFFFFFFFFFFFFFFFFFFFFFFFFFFFB6
:109AC000FFFFFFFFFFFFFFFFFFFFFFFFFFFFFFFFA6
:109AD000FFFFFFFFFFFFFFFFFFFFFFFFFFFFFFFF96
:109AE000FF9224000049DBFFFFFFFFFFFFFFFFFFA6
:109AF000FFFFFFFFFFFFFFFFFFFFFFFFFFFFFFFF76
:109B0000FFFFFFFFFFFFFFFFFFFFFFFFFFFFFFFF65
:109B1000FFFFFFFFFFFFFFFFFFFFFFFFFFFFFFFF55
:109B2000FFFFDB2400002492FFFFFFFFFFFFFFFF8A
:109B3000FFFFFFFFFFFFFFFFFFFFFFFFFFFFFFFF35
:109B4000FFFFFFFFFFFFFFFFFFFFFFFFFFFFFFFF25
:109B5000FFFFFFFFFFFFFFFFFFFFFFFFFFFFFFFF15
:109B6000FFFFFFFF6D2400006DFFFFFFFFFFFFFF02
:109B7000FFFFFFFFFFFFFFFFFFFFFFFFFFFFFFFFF5
:109B8000FFFFFFFFFFFFFFFFFFFFFFFFFFFFFFFFE5
:109B9000FFFFFFFFFFFFFFFFFFFFFFFFFFFFFFFFD5
:109BA000FFFFFFFFFFB624000024B6FFFFFFFFFF0B
:109BB000FFFFFFFFFFFFFFFFFFFFFFFFFFFFFFFFB5
:109BC000FFFFFFFFFFFFFFFFFFFFFFFFFFFFFFFFA5
:109BD000FFFFFFFFFFFFFFFFFFFFFFFFFFFFFFFF95
:109BE000FFFFFFFFFFFFDB4900002492FFFFFFFFA5
:109BF000FFFFFFFFFFFFFFFFFFFFFFFFFFFFFFFF75
:109C0000FFFFFFFFFFFFFFFFFFFFFFFFFFFFFFFF64
:109C1000FFFFFFFFFFFFFFFFFFFFFFFFFFFFFFFF54
:109C2000FFFFFFFFFFFFFFFF9224000049FFFFFF40
:109C3000FFFFFFFFFFFFFFFFFFFFFFFFFFFFFFFF34
:109C4000FFFFFFFFFFFFFFFFFFFFFFFFFFFFFFFF24
:109C5000FFFFFFFFFFFFFFFFFFFFFFFFFFFFFFFF14
:109C6000FFFFFFFFFFFFFFFFFFB6240024DBFFFF26
:109C7000FFFFFFFFFFFFFFFFFFFFFFFFFFFFFFFFF4
:109C8000FFFFFFFFFFFFFFFFFFFFFFFFFFFFFFFFE4
:109C9000FFFFFFFFFFFFFFFFFFFFFFFFFFFFFFFFD4
:109CA000FFFFFFFFFFFFFFFFFFFFDB6D6DFFFFFF0C
:109CB000FFFFFFFFFFFFFFFFFFFFFFFFFFFFFFFFB4
:109CC000FFFFFFFFFFFFFFFFFFFFFFFFFFFFFFFFA4
:109CD000FFFFFFFFFFFFFFFFFFFFFFFFFFB6490092
:109CE0000000000092FFFFFFFFFFFFFFFFFFFFFFED
:109CF000FFFFFFFFFFFFFFFFFFFFFFFFFFFFFFFF74
:109D0000FFFFFFFFFFFFFFFFFFFFFFFFFFFFFFFF63
:109D1000FFFFFFFFFFFFFFFFFFFFFFFFB624000075
:109D20000000000024DBFFFFFFFFFFFFFFFFFFFF3E
:109D3000FFFFFFFFFFFFFFFFFFFFFFFFFFFFFFFF33
:109D4000FFFFFFFFFFFFFFFFFFFFFFFFFFFFFFFF23
:109D5000FFFFFFFFFFFFFFFFFFFFFFFF4900244959
:109D600049494924006DFFFFFFFFFFFFFFFFFFFF91
:109D7000FFFFFFFFFFFFFFFFFFFFFFFFFFFFFFFFF3
:109D8000FFFFFFFFFFFFFFFFFFFFFFFFFFFFFFFFE3
:109D9000FFFFFFFFFFFFFFFFFFFFFFFF000049FF87
:109DA000FFFFFF490000B6FFFFFFFFFFFFFFFFFFC0
:109DB000FFFFFFFFFFFFFFFFFFFFFFFFFFFFFFFFB3
:109DC000FFFFFFFFFFFFFFFFFFFFFFFFFFFFFFFFA3
:109DD000FFFFFFFFFFFFFFFFFFFFFFFF000049FF47
:109DE000FFFFFFDB240049FFFFFFFFFFFFFFFFFF37
:109DF000FFFFFFFFFFFFFFFFFFFFFFFFFFFFFFFF73
:109E0000FFFFFFFFFFFFFFFFFFFFFFFFFFFFFFFF62
:109E1000FFFFFFFFFFFFFFFFFFFFFFFF000049FF06
:109E2000FFFFFFFF6D0024B6FFFFFFFFFFFFFFFFF7
:109E3000FFFFFFFFFFFFFFFFFFFFFFFFFFFFFFFF32
:109E4000FFFFFFFFFFFFFFFFFFFFFFFFFFFFFFFF22
:109E5000FFFFFFFFFFFFFFFFFFFFFFFF000049FFC6
:109E6000FFFFFFFFDB240024FFFFFFFFFFFFFFFFDB
:109E7000FFFFFFFFFFFFFFFFFFFFFFFFFFFFFFFFF2
:109E8000FFFFFFFFFFFFFFFFFFFFFFFFFFFFFFFFE2
:109E9000FFFFFFFFFFFFFFFFFFFFFFFF000049FF86
:109EA000FFFFFFFFFF6D000092FFFFFFFFFFFFFFBF
:109EB000FFFFFFFFFFFFFFFFFFFFFFFFFFFFFFFFB2
:109EC000FFFFFFFFFFFFFFFFFFFFFFFFFFFFFFFFA2
:109ED000FFFFFFFFFFFFFFFFFFFFFFFF000049FF46
:109EE000FFFFFFFFFFFF240024DBFFFFFFFFFFFF5B
:109EF000FFFFFFFFFFFFFFFFFFFFFFFFFFFFFFFF72
:109F0000FFFFFFFFFFFFFFFFFFFFFFFFFFFFFFFF61
:109F1000FFFFFFFFFFFFFFFFFFFFFFFF000049FF05
:109F2000FFFFFFFFFFFFB6000092FFFFFFFFFFFFF5
:109F3000FFFFFFFFFFFFFFFFFFFFFFFFFFFFFFFF31
:109F4000FFFFFFFFFFFFFFFFFFFFFFFFFFFFFFFF21
:109F5000FFFFFFFFFFFFFFFFFFFFFFFF000049FFC5
:109F6000FFFFFFFFFFFFFF490024DBFFFFFFFFFFB5
:109F7000FFFFFFFFFFFFFFFFFFFFFFFFFFFFFFFFF1
:109F8000FFFFFFFFFFFFFFFFFFFFFFFFFFFFFFFFE1
:109F9000FFFFFFFFFFFFFFFFFFFFFFFF000049FF85
:109FA000FFFFFFFFFFFFFFB600006DFFFFFFFFFF9A
:109FB000FFFFFFFFFFFFFFFFFFFFFFFFFFFFFFFFB1
:109FC000FFFFFFFFFFFFFFFFFFFFFFFFFFFFFFFFA1
:109FD000FFFFFFFFFFFFFFFFFFFFFFFF000049FF45
:109FE000FFFFFFFFFFFFFFFF490024DBFFFFFFFF35
:109FF000FFFFFFFFFFFFFFFFFFFFFFFFFFFFFFFF71
:10A00000FFFFFFFFFFFFFFFFFFFFFFFFFFFFFFFF60
:10A01000FFFFFFFFFFFFFFFFFFFFFFFF000049FF04
:10A02000FFFFFFFFFFFFFFFFDB240049FFFFFFFFF4
:10A03000FFFFFFFFFFFFFFFFFFFFFFFFFFFFFFFF30
:10A04000FFFFFFFFFFFFFFFFFFFFFFFFFFFFFFFF20
:10A05000FFFFFFFFFFFFFFFFFFFFFFFF000049FFC4
:10A06000FFFFFFFFFFFFFFFFFF490000B6FFFFFFFD
:10A07000FFFFFFFFFFFFFFFFFFFFFFFFFFFFFFDB14
:10A08000DBDBB6B6B6B6B6B6B6B6B6B6B6B6DBDBDC
:10A09000FFFFFFFFFFFFFFFFFFFFFFFF000049FF84
:10A0A000FFFFFFFFFFFFFFFFFFDB000049FFFFFF98
:10A0B000FFFFFFFFFFFFFFFFFFFFFF926D4924241B
:10A0C0002400000000000000000000000000002448
:10A0D000496DFFFFFFFFFFFFFFFFFFFF000049FF8C
:10A0E000FFFFFFFFFFFFFFFFFFFF6D0000B6FFFF59
:10A0F000FFFFFFFFFFFFFFDBB6490000000000008D
:10A10000000000000000000000000000000000004F
:10A1100000002492FFFFFFFFFFFFFFFF000049FF49
:10A12000FFFFFFFFFFFFFFFFFFFFDB240024FFFF18
:10A13000FFFFFFFFFFDB6D240000000000246D9295
:10A14000B6DBDBDBDBDBDBDBDBDBDBDBDBDBB692F2
:10A150002400000049DBFFFFFFFFFFFF000049FF75
:10A16000FFFFFFFFFFFFFFFFFFFFFF6D00006DFF21
:10A17000FFFFFFFF9224000000244992DBFFFFFF56
:10A18000FFFFFFFFFFFFFFFFFFFFFFFFFFFFFFFFDF
:10A19000FF9224000024DBFFFFFFFFFF000049FFC8
:10A1A000FFFFFFFFFFFFFFFFFFFFFFFF240024DB98
:10A1B000FFFFDB4900000049B6DBFFFFFFFFFFFFA9
:10A1C000FFFFFFFFFFFFFFFFFFFFFFFFFFFFFFFF9F
:10A1D000FFFFDB49000024DBFFFFFFFF000049FF1A
:10A1E000FFFFFFFFFFFFFFFFFFFFFFFFB600006D58
:10A1F000FF922400002492FFFFFFFFFFFFFFFFFFFD
:10A20000FFFFFFFFFFFFFFFFFFFFFFFFFFFFFFFF5E
:10A21000FFFFFFFF6D000049FFFFFFFF000049FF48
:10A22000FFFFFFFFFFFFFFFFFFFFFFFFFF490024CE
:10A230006D2400006DFFFFFFFFFFFFFFFFFFFFFF2B
:10A24000FFFFFFFFFFFFFFFFFFFFFFFFFFFFFFFF1E
:10A25000FFFFFFFFFF4900006DFFFFFF000049FF08
:10A26000FFFFFFFFFFFFFFFFFFFFFFFFFFB6000045
:10A27000000024B6FFFFFFFFFFFFFFFFFFFFFFFF10
:10A28000FFFFFFFFFFFFFFFFFFFFFFFFFFFFFFFFDE
:10A29000FFFFFFFFFFFF240024DBFFFF000049FF5B
:10A2A000FFFFFFFFFFFFFFFFFFFFFFFFFFFF490073
:10A2B0000024B6FFFFFFFFFFFFFFFFFFFFFFFFFFD1
:10A2C000FFFFFFFFFFFFFFFFFFFFFFFFFFFFFFFF9E
:10A2D000FFFFFFFFFFFFB6240049FFFF000049FF1B
:10A2E000FFFFFFFFFFFFFFFFFFFFFFFFFFFFDB247D
:10A2F00024B6FFFFFFFFFFFFFFFFFFFFFFFFFFFF92
:10A30000FFFFFFFFFFFFFFFFFFFFFFFFFFFFFFFF5D
:10A31000FFFFFFFFFFFFFF490000B6FF000049FFFE
:10A32000FFFFFFFFFFFFFFFFFFFFFFFFFFFFFFDB61
:10A33000DBFFFFFFFFFFFFFFFFFFFFFFFFFFFFFF51
:10A34000FFFFFFFFFFFFFFFFFFFFFFFFFFFFFFFF1D
:10A35000FFFFFFFFFFFFFFDB000049FF000049FF99
:10A36000FFFFFFFFFFFFFFFFFFFFFFFFFFFFFFFFFD
:10A37000FFFFFFFFFFFFFFFFFFFFFFFFFFFFFFFFED
:10A38000FFFFFFFFFFFFFFFFFFFFFFFFFFFFFFFFDD
:10A39000FFFFFFFFFFFFFFFF490024DB000049FF35
:10A3A000FFFFFFFFFFFFFFFFFFFFFFFFFFFFFFFFBD
:10A3B000FFFFFFFFFFFFFFFFFFFFFFFFFFFFFFFFAD
:10A3C000FFFFFFFFFFFFFFFFFFFFFFFFFFFFFFFF9D
:10A3D000FFFFFFFFFFFFFFFFB60000B6000049FFD1
:10A3E000FFFFFFFFFFFFFFFFFFFFFFFFFFFFFFFF7D
:10A3F000FFFFFFFFFFFFFFFFFFFFFFFFFFFFFFFF6D
:10A40000FFFFFFFFFFFFFFFFFFFFFFFFFFFFFFFF5C
:10A41000FFFFFFFFFFFFFFFFDB24006D000049FF90
:10A42000FFFFFFFFFFFFFFFFFFFFFFFFFFFFFFFF3C
:10A43000FFFFFFFFFFFFFFFFFFFFFFFFFFFFFFFF2C
:10A44000FFFFFFFFFFFFFFFFFFFFFFFFFFFFFFFF1C
:10A45000FFFFFFFFFFFFFFFFFF240049000049FF50
:10A46000FFFFFFFFFFFFFFFFFFFFFFFFFFFFFFFFFC
:10A47000FFFFFFFFFFFFFFFFFFFFFFFFFFFFFFFFEC
:10A48000FFFFFFFFFFFFFFFFFFFFFFFFFFFFFFFFDC
:10A49000FFFFFFFFFFFFFFFFFF490024000049FF10
:10A4A000FFFFFFFFFFFFFFFFFFFFFFFFFFFFFFFFBC
:10A4B000FFFFFFFFFFFFFFFFFFFFFFFFFFFFFFFFAC
:10A4C000FFFFFFFFFFFFFFFFFFFFFFFFFFFFFFFF9C
:10A4D000FFFFFFFFFFFFFFFFFF490024000049FFD0
:10A4E000FFFFFFFFFFFFFFFFFFFFFFFFFFFFFFFF7C
:10A4F000FFFFFFFFFFFFFFFFFFFFFFFFFFFFFFFF6C
:10A50000FFFFFFFFFFFFFFFFFFFFFFFFFFFFFFFF5B
:10A51000FFFFFFFFFFFFFFFFFF490024000049FF8F
:10A52000FFFFFFFFFFFFFFFFFFFFFFFFFFFFFFFF3B
:10A53000FFFFFFFFFFFFFFFFFFFFFFFFFFFFFFFF2B
:10A54000FFFFFFFFFFFFFFFFFFFFFFFFFFFFFFFF1B
:10A55000FFFFFFFFFFFFFFFFFF490024000049FF4F
:10A56000FFFFFFFFFFFFFFFFFFFFFFFFFFFFFFFFFB
:10A57000FFFFFFFFFFFFFFFFFFFFFFFFFFFFFFFFEB
:10A58000FFFFFFFFFFFFFFFFFFFFFFFFFFFFFFFFDB
:10A59000FFFFFFFFFFFFFFFFFF240049000049FF0F
:10A5A000FFFFFFFFFFFFFFFFFFFFFFFFFFFFFFFFBB
:10A5B000FFFFFFFFFFFFFFFFFFFFFFFFFFFFFFFFAB
:10A5C000FFFFFFFFFFFFFFFFFFFFFFFFFFFFFFFF9B
:10A5D000FFFFFFFFFFFFFFFFDB240092000049FFAA
:10A5E000FFFFFFFFFFFFFFFFFFFFFFFFFFFFFFFF7B
:10A5F000FFFFFFFFFFFFFFFFFFFFFFFFFFFFFFFF6B
:10A60000FFFFFFFFFFFFFFFFFFFFFFFFFFFFFFFF5A
:10A61000FFFFFFFFFFFFFFFFB60000B6000049FF8E
:10A62000FFFFFFFFFFFFFFFFFFFFFFFFFFFFFFFF3A
:10A63000FFFFFFFFFFFFFFFFFFFFFFFFFFFFFFFF2A
:10A64000FFFFFFFFFFFFFFFFFFFFFFFFFFFFFFFF1A
:10A65000FFFFFFFFFFFFFFFF490024FF000049FF4E
:10A66000FFFFFFFFFFFFFFFFFFFFFFFFFFFFFFDB1E
:10A67000DBFFFFFFFFFFFFFFFFFFFFFFFFFFFFFF0E
:10A68000FFFFFFFFFFFFFFFFFFFFFFFFFFFFFFFFDA
:10A69000FFFFFFFFFFFFFFDB000049FF000049FF56
:10A6A000FFFFFFFFFFFFFFFFFFFFFFFFFFFF922402
:10A6B00024B6FFFFFFFFFFFFFFFFFFFFFFFFFFFFCE
:10A6C000FFFFFFFFFFFFFFFFFFFFFFFFFFFFFFFF9A
:10A6D000FFFFFFFFFFFFFF6D0000DBFF000049FFF2
:10A6E000FFFFFFFFFFFFFFFFFFFFFFFFFF920000E5
:10A6F0000000B6FFFFFFFFFFFFFFFFFFFFFFFFFFB1
:10A70000FFFFFFFFFFFFFFFFFFFFFFFFFFFFFFFF59
:10A71000FFFFFFFFFFFFDB240049FFFF000049FFB1
:10A72000FFFFFFFFFFFFFFFFFFFFFFFF922400245B
:10A7300000002492FFFFFFFFFFFFFFFFFFFFFFFF6F
:10A74000FFFFFFFFFFFFFFFFFFFFFFFFFFFFFFFF19
:10A75000FFFFFFFFFFFF490024DBFFFF240049FF4D
:10A76000FFFFFFFFFFFFFFFFFFFFFFFF240024B6F7
:10A77000B624000049DBFFFFFFFFFFFFFFFFFFFFE5
:10A78000FFFFFFFFFFFFFFFFFFFFFFFFFFFFFFFFD9
:10A79000FFFFFFFFFF6D00006DFFFFFF9249DBFF32
:10A7A000FFFFFFFFFFFFFFFFFFFFFFFF9249B6FF25
:10A7B000FFB6240000246DFFFFFFFFFFFFFFFFFF38
:10A7C000FFFFFFFFFFFFFFFFFFFFFFFFFFFFFFFF99
:10A7D000FFFFFFFF92240049FFFFFFFFFFFFFFFF86
:10A7E000FFFFFFFFFFFFFFFFFFFFFFFFFFFFFFFF79
:10A7F000FFFFDB490000002492DBFFFFFFFFFFFFAC
:10A80000FFFFFFFFFFFFFFFFFFFFFFFFFFFFFFFF58
:10A81000FFFFFF6D000049FFFFFFFFFFFFFFFFFF8E
:10A82000FFFFFFFFFFFFFFFFFFFFFFFFFFFFFFFF38
:10A83000FFFFFFFFB62400000024496DB6FFFFFFB5
:10A84000FFFFFFFFFFFFFFFFFFFFFFFFFFFFFFFF18
:10A85000FFB649000049FFFFFFFFFFFFFFFFFFFFBB
:10A86000FFFFFFFFFFFFFFFFFFFFFFFFFFFFFFFFF8
:10A87000FFFFFFFFFFFF9249240000000024496D05
:10A8800092B6DBDBDBDBDBDBDBDBDBDBDBDBDB92CF
:10A89000490000246DFFFFFFFFFFFFFFFFFFFFFFE9
:10A8A000FFFFFFFFFFFFFFFFFFFFFFFFFFFFFFFFB8
:10A8B000FFFFFFFFFFFFFFFFDB6D24000000000034
:10A8C0000000000000000000000000000000000088
:10A8D000000024B6FFFFFFFFFFFFFFFF6D0092FFA8
:10A8E000FFFFFFFFFFFFFFFFFF92006DFFFFFFFF76
:10A8F000FFFFFFFFFFFFFFFFFFFFFFB69249492465
:10A900002424242424242424242424242424242407
:10A910004992FFFFFFFFFFFFFFFFFFFF240024928C
:10A92000FFFFFFFFFFFFFFFF92240024FFFFFFFF59
:10A93000FFFFFFFFFFFFFFFFFFFFFFFFFFFFFFFF27
:10A94000DBDBDBDBDBDBDBDBDBDBDBDBDBDBDBFF33
:10A95000FFFFFFFFFFFFFFFFFFFFFFFFB624000029
:10A9600092FFFFFFFFFFFF92000024B6FFFFFFFFF3
:10A97000FFFFFFFFFFFFFFFFFFFFFFFFFFFFFFFFE7
:10A98000FFFFFFFFFFFFFFFFFFFFFFFFFFFFFFFFD7
:10A99000FFFFFFFFFFFFFFFFFFFFFFFFFFB62400EA
:10A9A0002492FFFFFFFF92240024B6FFFFFFFFFF6A
:10A9B000FFFFFFFFFFFFFFFFFFFFFFFFFFFFFFFFA7
:10A9C000FFFFFFFFFFFFFFFFFFFFFFFFFFFFFFFF97
:10A9D000FFFFFFFFFFFFFFFFFFFFFFFFFFFFB624AB
:10A9E000000092FFFF92000024B6FFFFFFFFFFFF71
:10A9F000FFFFFFFFFFFFFFFFFFFFFFFFFFFFFFFF67
:10AA0000FFFFFFFFFFFFFFFFFFFFFFFFFFFFFFFF56
:10AA1000FFFFFFFFFFFFFFFFFFFFFFFFFFFFFFB68F
:10AA20002400249292240024B6FFFFFFFFFFFFFFC3
:10AA3000FFFFFFFFFFFFFFFFFFFFFFFFFFFFFFFF26
:10AA4000FFFFFFFFFFFFFFFFFFFFFFFFFFFFFFFF16
:10AA5000FFFFFFFFFFFFFFFFFFFFFFFFFFFFFFFF06
:10AA6000B6240000000024B6FFFFFFFFFFFFFFFF3A
:10AA7000FFFFFFFFFFFFFFFFFFFFFFFFFFFFFFFFE6
:10AA8000FFFFFFFFFFFFFFFFFFFFFFFFFFFFFFFFD6
:10AA9000FFFFFFFFFFFFFFFFFFFFFFFFFFFFFFFFC6
:10AAA000FFB600000000B6FFFFFFFFFFFFFFFFFF44
:10AAB000FFFFFFFFFFFFFFFFFFFFFFFFFFFFFFFFA6
:10AAC000FFFFFFFFFFFFFFFFFFFFFFFFFFFFFFFF96
:10AAD000FFFFFFFFFFFFFFFFFFFFFFFFFFFFFFFF86
:10AAE000FF920000000092FFFFFFFFFFFFFFFFFF4C
:10AAF000FFFFFFFFFFFFFFFFFFFFFFFFFFFFFFFF66
:10AB0000FFFFFFFFFFFFFFFFFFFFFFFFFFFFFFFF55
:10AB1000FFFFFFFFFFFFFFFFFFFFFFFFFFFFFFFF45
:10AB20009224002424002492FFFFFFFFFFFFFFFF79
:10AB3000FFFFFFFFFFFFFFFFFFFFFFFFFFFFFFFF25
:10AB4000FFFFFFFFFFFFFFFFFFFFFFFFFFFFFFFF15
:10AB5000FFFFFFFFFFFFFFFFFFFFFFFFFFFFFF9272
:10AB6000000024B6B624000092FFFFFFFFFFFFFFA6
:10AB7000FFFFFFFFFFFFFFFFFFFFFFFFFFFFFFFFE5
:10AB8000FFFFFFFFFFFFFFFFFFFFFFFFFFFFFFFFD5
:10AB9000FFFFFFFFFFFFFFFFFFFFFFFFFFFF92240D
:10ABA0000024B6FFFFB624002492FFFFFFFFFFFF43
:10ABB000FFFFFFFFFFFFFFFFFFFFFFFFFFFFFFFFA5
:10ABC000FFFFFFFFFFFFFFFFFFFFFFFFFFFFFFFF95
:10ABD000FFFFFFFFFFFFFFFFFFFFFFFFFF920000F0
:10ABE00024B6FFFFFFFFB624000092FFFFFFFFFF28
:10ABF000FFFFFFFFFFFFFFFFFFFFFFFFFFFFFFFF65
:10AC0000FFFFFFFFFFFFFFFFFFFFFFFFFFFFFFFF54
:10AC1000FFFFFFFFFFFFFFFFFFFFFFFF9224002466
:10AC2000B6FFFFFFFFFFFFB624002492FFFFFFFFE8
:10AC3000FFFFFFFFFFFFFFFFFFFFFFFFFFFFFFFF24
:10AC4000FFFFFFFFFFFFFFFFFFFFFFFFFFFFFFFF14
:10AC5000FFFFFFFFFFFFFFFFFFFFFFFF240024B602
:10AC6000FFFFFFFFFFFFFFFFB6240024FFFFFFFFF2
:10AC7000FFFFFFFFFFFFFFFFFFFFFFFFFFFFFFFFE4
:10AC8000FFFFFFFFFFFFFFFFFFFFFFFFFFFFFFFFD4
:10AC9000FFFFFFFFFFFFFFFFFFFFFFFF9249B6FF30
:10ACA000FFFFFFFFFFFFFFFFFFB64992FFFFFFFF20
:10ACB000FFFFFFFFFFFFFFFFFFFFFFFFFFFFFFFFA4
:10ACC000FFFFFFFFFFFFFFFFFFFFFFFFFFFFFFFF94
:10ACD000FFFFFFFFFFFFFFFFFFFFFFFFFFFFFFFF84
:10ACE000FFFFFFFFFFDB6D240000000000000000FD
:10ACF0000000000000000000000000000000000054
:10AD00000000000000000000000000000000000043
:10AD1000246DDBFFFFFFFFFFFFFFFFFFFFFFFFFFD4
:10AD2000FFFFFFFFDB240000000000000000000028
:10AD30000000000000000000000000000000000013
:10AD40000000000000000000000000000000000003
:10AD5000000024DBFFFFFFFFFFFFFFFFFFFFFFFF00
:10AD6000FFFFFFFF6D00000000000000000000007A
:10AD700000000000000000000000000000000000D3
:10AD800000000000000000000000000000000000C3
:10AD90000000006DFFFFFFFFFFFFFFFFFFFFFFFF52
:10ADA000FFFFFFFF000000000000000000000000A7
:10ADB0000000000000000000000000000000000093
:10ADC0000000000000000000000000000000000083
:10ADD00000000024FFFFFFFFFFFFFFFFFFFFFFFF5B
:10ADE000FFFFFFFF00000000FFFFFFFFFFFFFFFF6F
:10ADF000FFFFFFFFFFFFFFFFFFFFFFFFFFFFFFFF63
:10AE0000FFFFFFFFFFFFFFFFFFFFFFFFFFFFFFFF52
:10AE100000000000FFFFFFFFFFFFFFFFFFFFFFFF3E
:10AE2000FFFFFFFF00000000FFFFFFFFFFFFFFFF2E
:10AE3000FFFFFFFFFFFFFFFFFFFFFFFFFFFFFFFF22
:10AE4000FFFFFFFFFFFFFFFFFFFFFFFFFFFFFFFF12
:10AE500000000000FFFFFFFFFFFFFFFFFFFFFFFFFE
:10AE6000FFFFFFFF00000000FFFFFFFFFFFFFFFFEE
:10AE7000FFFFFFFFFFFFFFFFFFFFFFFFFFFFFFFFE2
:10AE8000FFFFFFFFFFFFFFFFFFFFFFFFFFFFFFFFD2
:10AE900000000000FFFFFFFFFFFFFFFFFFFFFFFFBE
:10AEA000FFFFFFFF00000000FFFFFFFFFFFFFFFFAE
:10AEB000FFFFFFFFFFFFFFFFFFFFFFFFFFFFFFFFA2
:10AEC000FFFFFFFFFFFFFFFFFFFFFFFFFFFFFFFF92
:10AED00000000000FFFFFFFFFFFFFFFFFFFFFFFF7E
:10AEE000FFFFFFFF00000000FFFF00000000000068
:10AEF0000000000000000000000000000000000052
:10AF00000000000000000000000000000000FFFF43
:10AF100000000000FFFFFFFFFFFFFFFFFFFFFFFF3D
:10AF2000FFFFFFFF00000000FFFF00000000000027
:10AF30000000000000000000000000000000000011
:10AF40000000000000000000000000000000FFFF03
:10AF500000000000FFFFFFFFFFFFFFFFFFFFFFFFFD
:10AF6000FFFFFFFF00000000FFFF000000000000E7
:10AF700000000000000000000000000000000000D1
:10AF80000000000000000000000000000000FFFFC3
:10AF900000000000FFFFFFFFFFFFFFFFFFFFFFFFBD
:10AFA000FFFFFFFF00000000FFFF000000000000A7
:10AFB0000000000000000000000000000000000091
:10AFC0000000000000000000000000000000FFFF83
:10AFD00000000000FFFFFFFFFFFFFFFFFFFFFFFF7D
:10AFE000FFFFFFFF00000000FFFFFFFFFFFFFFFF6D
:10AFF000FFFFFFFFFFFFFFFFFFFFFFFFFFFFFFFF61
:10B00000FFFFFFFFFFFFFFFFFFFFFFFFFFFFFFFF50
:10B0100000000000FFFFFFFFFFFFFFFFFFFFFFFF3C
:10B02000FFFFFFFF00000000FFFFFFFFFFFFFFFF2C
:10B03000FFFFFFFFFFFFFFFFFFFFFFFFFFFFFFFF20
:10B04000FFFFFFFFFFFFFFFFFFFFFFFFFFFFFFFF10
:10B0500000000000FFFFFFFFFFFFFFFFFFFFFFFFFC
:10B06000FFFFFFFF00000000FFFF000000000000E6
:10B0700000000000000000000000000000000000D0
:10B080000000000000000000000000000000FFFFC2
:10B0900000000000FFFFFFFFFFFFFFFFFFFFFFFFBC
:10B0A000FFFFFFFF00000000FFFF000000000000A6
:10B0B0000000000000000000000000000000000090
:10B0C0000000000000000000000000000000FFFF82
:10B0D00000000000FFFFFFFFFFFFFFFFFFFFFFFF7C
:10B0E000FFFFFFFF00000000FFFF00000000000066
:10B0F0000000000000000000000000000000000050
:10B100000000000000000000000000000000FFFF41
:10B1100000000000FFFFFFFFFFFFFFFFFFFFFFFF3B
:10B12000FFFFFFFF00000000FFFF00000000000025
:10B13000000000000000000000000000000000000F
:10B140000000000000000000000000000000FFFF01
:10B1500000000000FFFFFFFFFFFFFFFFFFFFFFFFFB
:10B16000FFFFFFFF00000000FFFFFFFFFFFFFFFFEB
:10B17000FFFFFFFFFFFFFFFFFFFFFFFFFFFFFFFFDF
:10B18000FFFFFFFFFFFFFFFFFFFFFFFFFFFFFFFFCF
:10B1900000000000FFFFFFFFFFFFFFFFFFFFFFFFBB
:10B1A000FFFFFFFF00000000FFFFFFFFFFFFFFFFAB
:10B1B000FFFFFFFFFFFFFFFFFFFFFFFFFFFFFFFF9F
:10B1C000FFFFFFFFFFFFFFFFFFFFFFFFFFFFFFFF8F
:10B1D00000000000FFFFFFFFFFFFFFFFFFFFFFFF7B
:10B1E000FFFFFFFF00000000FFFFFFFFFFFFFFFF6B
:10B1F000FFFFFFFFFFFFFFFFFFFFFFFFFFFFFFFF5F
:10B20000FFFFFFFFFFFFFFFFFFFFFFFFFFFFFFFF4E
:10B2100000000000FFFFFFFFFFFFFFFFFFFFFFFF3A
:10B22000FFFFFFFF00000000FFFFFFFFFFFFFFFF2A
:10B23000FFFFFFFFFFFFFFFFFFFFFFFFFFFFFFFF1E
:10B24000FFFFFFFFFFFFFFFFFFFFFFFFFFFFFFFF0E
:10B2500000000000FFFFFFFFFFFFFFFFFFFFFFFFFA
:10B26000FFFFFFFF00000000FFFF000000000000E4
:10B2700000000000000000000000000000000000CE
:10B280000000000000000000000000000000FFFFC0
:10B2900000000000FFFFFFFFFFFFFFFFFFFFFFFFBA
:10B2A000FFFFFFFF00000000FFFF000000000000A4
:10B2B000000000000000000000000000000000008E
:10B2C0000000000000000000000000000000FFFF80
:10B2D00000000000FFFFFFFFFFFFFFFFFFFFFFFF7A
:10B2E000FFFFFFFF00000000FFFF00000000000064
:10B2F000000000000000000000000000000000004E
:10B300000000000000000000000000000000FFFF3F
:10B3100000000000FFFFFFFFFFFFFFFFFFFFFFFF39
:10B32000FFFFFFFF00000000FFFF00000000000023
:10B33000000000000000000000000000000000000D
:10B340000000000000000000000000000000FFFFFF
:10B3500000000000FFFFFFFFFFFFFFFFFFFFFFFFF9
:10B36000FFFFFFFF00000000FFFFFFFFFFFFFFFFE9
:10B37000FFFFFFFFFFFFFFFFFFFFFFFFFFFFFFFFDD
:10B38000FFFFFFFFFFFFFFFFFFFFFFFFFFFFFFFFCD
:10B3900000000000FFFFFFFFFFFFFFFFFFFFFFFFB9
:10B3A000FFFFFFFF00000000FFFFFFFFFFFFFFFFA9
:10B3B000FFFFFFFFFFFFFFFFFFFFFFFFFFFFFFFF9D
:10B3C000FFFFFFFFFFFFFFFFFFFFFFFFFFFFFFFF8D
:10B3D00000000000FFFFFFFFFFFFFFFFFFFFFFFF79
:10B3E000FFFFFFFF00000000FFFFFFFFFFFFFFFF69
:10B3F000FFFFFFFFFFFFFFFFFFFFFFFFFFFFFFFF5D
:10B40000FFFFFFFFFFFFFFFFFFFFFFFFFFFFFFFF4C
:10B4100000000000FFFFFFFFFFFFFFFFFFFFFFFF38
:10B42000FFFFFFFF00000000FFFFFFFFFFFFFFFF28
:10B43000FFFFFFFFFFFFFFFFFFFFFFFFFFFFFFFF1C
:10B44000FFFFFFFFFFFFFFFFFFFFFFFFFFFFFFFF0C
:10B4500000000000FFFFFFFFFFFFFFFFFFFFFFFFF8
:10B46000FFFFFFFF00000000FFFFFFFFFFFFFFFFE8
:10B47000FFFFFFFFFFFFFFFFFFFFFFFFFFFFFFFFDC
:10B48000FFFFFFFFFFFFFFFFFFFFFFFFFFFFFFFFCC
:10B4900000000000FFFFFFFFFFFFFFFFFFFFFFFFB8
:10B4A000FFFFFFFF00000000FFFFFFFFFFFFFFFFA8
:10B4B000FFFFFFFFFFFFFFFFFFFFFFFFFFFFFFFF9C
:10B4C000FFFFFFFFFFFFFFFFFFFFFFFFFFFFFFFF8C
:10B4D00000000000FFFFFFFFFFFFFFFFFFFFFFFF78
:10B4E000FFFFFFFF00000000FFFF00000000000062
:10B4F000000000000000000000000000000000004C
:10B500000000000000000000000000000000FFFF3D
:10B5100000000000FFFFFFFFFFFFFFFFFFFFFFFF37
:10B52000FFFFFFFF00000000FFFF00000000000021
:10B53000000000000000000000000000000000000B
:10B540000000000000000000000000000000FFFFFD
:10B5500000000000FFFFFFFFFFFFFFFFFFFFFFFFF7
:10B56000FFFFFFFF00000000FFFF000000000000E1
:10B5700000000000000000000000000000000000CB
:10B580000000000000000000000000000000FFFFBD
:10B5900000000000FFFFFFFFFFFFFFFFFFFFFFFFB7
:10B5A000FFFFFFFF00000000FFFF000000000000A1
:10B5B000000000000000000000000000000000008B
:10B5C0000000000000000000000000000000FFFF7D
:10B5D00000000000FFFFFFFFFFFFFFFFFFFFFFFF77
:10B5E000FFFFFFFF00000000FFFFFFFFFFFFFFFF67
:10B5F000FFFFFFFFFFFFFFFFFFFFFFFFFFFFFFFF5B
:10B60000FFFFFFFFFFFFFFFFFFFFFFFFFFFFFFFF4A
:10B6100000000000FFFFFFFFFFFFFFFFFFFFFFFF36
:10B62000FFFFFFFF00000000FFFFFFFFFFFFFFFF26
:10B63000FFFFFFFFFFFFFFFFFFFFFFFFFFFFFFFF1A
:10B64000FFFFFFFFFFFFFFFFFFFFFFFFFFFFFFFF0A
:10B6500000000000FFFFFFFFFFFFFFFFFFFFFFFFF6
:10B66000FFFFFFFF00000000FFFF000000000000E0
:10B6700000000000000000000000000000000000CA
:10B680000000000000000000000000000000FFFFBC
:10B6900000000000FFFFFFFFFFFFFFFFFFFFFFFFB6
:10B6A000FFFFFFFF00000000FFFF000000000000A0
:10B6B000000000000000000000000000000000008A
:10B6C0000000000000000000000000000000FFFF7C
:10B6D00000000000FFFFFFFFFFFFFFFFFFFFFFFF76
:10B6E000FFFFFFFF00000000FFFF00000000000060
:10B6F000000000000000000000000000000000004A
:10B700000000000000000000000000000000FFFF3B
:10B7100000000000FFFFFFFFFFFFFFFFFFFFFFFF35
:10B72000FFFFFFFF00000000FFFF0000000000001F
:10B730000000000000000000000000000000000009
:10B740000000000000000000000000000000FFFFFB
:10B7500000000000FFFFFFFFFFFFFFFFFFFFFFFFF5
:10B76000FFFFFFFF00000000FFFFFFFFFFFFFFFFE5
:10B77000FFFFFFFFFFFFFFFFFFFFFFFFFFFFFFFFD9
:10B78000FFFFFFFFFFFFFFFFFFFFFFFFFFFFFFFFC9
:10B7900000000000FFFFFFFFFFFFFFFFFFFFFFFFB5
:10B7A000FFFFFFFF00000000FFFFFFFFFFFFFFFFA5
:10B7B000FFFFFFFFFFFFFFFFFFFFFFFFFFFFFFFF99
:10B7C000FFFFFFFFFFFFFFFFFFFFFFFFFFFFFFFF89
:10B7D00000000000FFFFFFFFFFFFFFFFFFFFFFFF75
:10B7E000FFFFFFFF00000000FFFFFFFFFFFFFFFF65
:10B7F000FFFFFFFFFFFFFFFFFFFFFFFFFFFFFFFF59
:10B80000FFFFFFFFFFFFFFFFFFFFFFFFFFFFFFFF48
:10B8100000000000FFFFFFFFFFFFFFFFFFFFFFFF34
:10B82000FFFFFFFF00000000FFFFFFFFFFFFFFFF24
:10B83000FFFFFFFFFFFFFFFFFFFFFFFFFFFFFFFF18
:10B84000FFFFFFFFFFFFFFFFFFFFFFFFFFFFFFFF08
:10B8500000000000FFFFFFFFFFFFFFFFFFFFFFFFF4
:10B86000FFFFFFFF00000000FFFF000000000000DE
:10B8700000000000000000000000000000000000C8
:10B880000000000000000000000000000000FFFFBA
:10B8900000000000FFFFFFFFFFFFFFFFFFFFFFFFB4
:10B8A000FFFFFFFF00000000FFFF0000000000009E
:10B8B0000000000000000000000000000000000088
:10B8C0000000000000000000000000000000FFFF7A
:10B8D00000000000FFFFFFFFFFFFFFFFFFFFFFFF74
:10B8E000FFFFFFFF00000000FFFF0000000000005E
:10B8F0000000000000000000000000000000000048
:10B900000000000000000000000000000000FFFF39
:10B9100000000000FFFFFFFFFFFFFFFFFFFFFFFF33
:10B92000FFFFFFFF00000000FFFF0000000000001D
:10B930000000000000000000000000000000000007
:10B940000000000000000000000000000000FFFFF9
:10B9500000000000FFFFFFFFFFFFFFFFFFFFFFFFF3
:10B96000FFFFFFFF00000000FFFFFFFFFFFFFFFFE3
:10B97000FFFFFFFFFFFFFFFFFFFFFFFFFFFFFFFFD7
:10B98000FFFFFFFFFFFFFFFFFFFFFFFFFFFFFFFFC7
:10B9900000000000FFFFFFFFFFFFFFFFFFFFFFFFB3
:10B9A000FFFFFFFF00000000FFFFFFFFFFFFFFFFA3
:10B9B000FFFFFFFFFFFFFFFFFFFFFFFFFFFFFFFF97
:10B9C000FFFFFFFFFFFFFFFFFFFFFFFFFFFFFFFF87
:10B9D00000000000FFFFFFFFFFFFFFFFFFFFFFFF73
:10B9E000FFFFFFFF00000000FFFF0000000000005D
:10B9F0000000000000000000000000000000000047
:10BA00000000000000000000000000000000FFFF38
:10BA100000000000FFFFFFFFFFFFFFFFFFFFFFFF32
:10BA2000FFFFFFFF00000000FFFF0000000000001C
:10BA30000000000000000000000000000000000006
:10BA40000000000000000000000000000000FFFFF8
:10BA500000000000FFFFFFFFFFFFFFFFFFFFFFFFF2
:10BA6000FFFFFFFF00000000FFFF000000000000DC
:10BA700000000000000000000000000000000000C6
:10BA80000000000000000000000000000000FFFFB8
:10BA900000000000FFFFFFFFFFFFFFFFFFFFFFFFB2
:10BAA000FFFFFFFF00000000FFFF0000000000009C
:10BAB0000000000000000000000000000000000086
:10BAC0000000000000000000000000000000FFFF78
:10BAD00000000000FFFFFFFFFFFFFFFFFFFFFFFF72
:10BAE000FFFFFFFF00000000FFFFFFFFFFFFFFFF62
:10BAF000FFFFFFFFFFFFFFFFFFFFFFFFFFFFFFFF56
:10BB0000FFFFFFFFFFFFFFFFFFFFFFFFFFFFFFFF45
:10BB100000000000FFFFFFFFFFFFFFFFFFFFFFFF31
:10BB2000FFFFFFFF00000000FFFFFFFFFFFFFFFF21
:10BB3000FFFFFFFFFFFFFFFFFFFFFFFFFFFFFFFF15
:10BB4000FFFFFFFFFFFFFFFFFFFFFFFFFFFFFFFF05
:10BB500000000000FFFFFFFFFFFFFFFFFFFFFFFFF1
:10BB6000FFFFFFFF00000000FFFFFFFFFFFFFFFFE1
:10BB7000FFFFFFFFFFFFFFFFFFFFFFFFFFFFFFFFD5
:10BB8000FFFFFFFFFFFFFFFFFFFFFFFFFFFFFFFFC5
:10BB900000000000FFFFFFFFFFFFFFFFFFFFFFFFB1
:10BBA000FFFFFFFF00000000FFFFFFFFFFFFFFFFA1
:10BBB000FFFFFFFFFFFFFFFFFFFFFFFFFFFFFFFF95
:10BBC000FFFFFFFFFFFFFFFFFFFFFFFFFFFFFFFF85
:10BBD00000000000FFFFFFFFFFFFFFFFFFFFFFFF71
:10BBE000FFFFFFFF00000000000000000000000059
:10BBF0000000000000000000000000000000000045
:10BC00000000000000000000000000000000000034
:10BC100000000024FFFFFFFFFFFFFFFFFFFFFFFF0C
:10BC2000FFFFFFFF6D0000000000000000000000AB
:10BC30000000000000000000000000000000000004
:10BC400000000000000000000000000000000000F4
:10BC50000000006DFFFFFFFFFFFFFFFFFFFFFFFF83
:10BC6000FFFFFFFFDB2400000000000000000000D9
:10BC700000000000000000000000000000000000C4
:10BC800000000000000000000000000000000000B4
:10BC9000000024DBFFFFFFFFFFFFFFFFFFFFFFFFB1
:10BCA000FFFFFFFFFFDB6D00000000000000000051
:10BCB0000000000000000000000000000000000084
:10BCC0000000000000000000000000000000000074
:10BCD000006DDBFFFFFFFFFFFFFFFFFF2400000001
:10BCE00000000000000000000000000000DBFFFF7B
:10BCF000FFFF240049FFDB2400B6FFFF000092FF96
:10BD0000DB2400000024FFFFFFFFDB240000000015
:10BD100000000000000000000000002424000000DB
:10BD200000000000000000000000000000DBFFFF3A
:10BD3000FFFF240049FFDB2400B6FFFF000092FF55
:10BD4000DB2400000024FFFFFFFFDB2400000000D5
:10BD50000000000000000000000000242400246D0A
:10BD60006D6D6D6D6D6D6D6D6D6D490000DBFFFF6F
:10BD7000FFFF240049FFFF926DDBFFFF000092FFF1
:10BD8000FF926D2400249292FFFFDB2400496D6D29
:10BD90006D6D6D6D6D6D6D6D6D240024240049FF1A
:10BDA000FFFFFFFFFFFFFFFFFFFFB60000DBFFFF0E
:10BDB000FFFF240049FFFFFFFFFFFFFF000092FF8E
:10BDC000FFFFFF4900000000DBFFDB2400B6FFFFA0
:10BDD000FFFFFFFFFFFFFFFFFF490024240049FF93
:10BDE000FFFFDBDBDBDBDBDBFFFFB60000DBFFFFA6
:10BDF000DBDB240049FFFFFFFFFFFFFF000092FF96
:10BE0000FFFFDB4900002424DBFFDB2400B6FFFF3B
:10BE1000DBDBDBDBDBDBFFFFFF490024240049FF2A
:10BE2000FF24242424242424DBFFB60000DBFFDBD2
:10BE30002424000049FFFFFFFFFFFFFF000092FFE7
:10BE4000FF2400000024FFFFFFFFDB2400B6FF9269
:10BE500024242424242449FFFF490024240049FFEA
:10BE6000DB24000000000000DBFFB60000DBFFDB8E
:10BE7000000000006DFFFFFFFFFFFFFF000092FFCB
:10BE8000FF2400000049FFFFFFFFDB2400B6FF6D29
:10BE900000000000000024FFFF490024240049FFA7
:10BEA000DB24000000000000DBFFB60000DBFFDB4E
:10BEB000000092DBDBFFFFFFFFFFFFFFDBDBFFFF8D
:10BEC000FFDBDBDBDBB64949DBFFDB2400B6FF6DC4
:10BED00000000000000024FFFF490024240049FF67
:10BEE000DB24000000000000DBFFB60000DBFFDB0E
:10BEF0000000DBFFFFFFFFFFFFFFFFFFFFFFFFFF74
:10BF0000FFFFFFFFFFDB0000DBFFDB2400B6FF6D60
:10BF100000000000000024FFFF490024240049FF26
:10BF2000DB24000000000000DBFFB60000DBFFDBCD
:10BF30006D6DDBFFFFDBDBDBDBDBDBDBDBDBFFFF9D
:10BF4000FFDBDBFFFFDB2424DBFFDB2400B6FF6D20
:10BF500000000000000024FFFF490024240049FFE6
:10BF6000DB24000000000000DBFFB60000DBFFFF69
:10BF7000FFFFFFFFDB00000000000000000092FF59
:10BF8000DB0000DBFFFFFFFFFFFFDB2400B6FF6DE0
:10BF900000000000000024FFFF490024240049FFA6
:10BFA000DB24000000000000DBFFB60000DBFFFF29
:10BFB000FFFFFFFFDB00000000000000000092FF19
:10BFC000DB0000DBFFFFFFFFFFFFDB2400B6FF6DA0
:10BFD00000000000000024FFFF490024240049FF66
:10BFE000FFDBDBDBDBDBDBDBFFFFB60000DBFFFFC8
:10BFF000FFFFB692926D6D6D6D240000DBDBFFFFDD
:10C00000FFDBB69292B6FFFFFFFFDB2400B6FFDB3B
:10C01000DBDBDBDBDBDBDBFFFF490024240049FF4C
:10C02000FFFFFFFFFFFFFFFFFFFFB60000DBFFFF8B
:10C03000FFFF240049FFFFFFFF6D0000FFFFFFFF30
:10C04000FFFFB6000024FFFFFFFFDB2400B6FFFF69
:10C05000FFFFFFFFFFFFFFFFFF49002424002492A2
:10C0600092929292929292929292490000DBFFFFFA
:10C07000DBDB240049DBDBFFFF924924DBDBDBDB7E
:10C08000DBDB92000024DBDBFFFFDB24006D929200
:10C090009292929292929292922400242400000012
:10C0A00000000000000000000000000000DBFFDBDB
:10C0B00000000000000024FFFFFFFF490000000017
:10C0C0000000000000000000DBFFDB240000000097
:10C0D0000000000000000000000000246D24242463
:10C0E00024242424242424242424242449DBFFDBA2
:10C0F00000000000000024FFFFFFFF4900000000D7
:10C100000000000000000000DBFFFF49242424247D
:10C1100024242424242424242424246DFFFFFFFF2A
:10C12000FFFFFFFFFFFFFFFFFFFFFFFFFFFFFFFF1F
:10C13000DBDB240049DBDBFFFFFFFFDBDB920000E2
:10C1400000B6DB240024DBDBFFFFFFFFFFFFFFFF68
:10C15000FFFFFFFFFFFFFFFFFFFFFFFFFFFFFFFFEF
:10C16000FFFFFFFFFFFFFFFFFFFFFFFFFFFFFFFFDF
:10C17000FFFF240049FFFFFFFFFFFFFFFFDB000081
:10C1800024DBFF490024FFFFFFFFFFFFFFFFFFFF4E
:10C19000FFFFFFFFFFFFFFFFFFFFFFFFFFFFFFFFAF
:10C1A000FF9292DBFFFF9292FFFFFF92929292DB4F
:10C1B000FFFF926DB6FFFFB692929292FFDB0000F6
:10C1C00024DBFFB66D6D92929292B6FFFFFFFFFFE8
:10C1D000FFFF92929292B6FFFFFFFFFFFFFFFFFF6C
:10C1E000DB2400B6FFDB0000DBFFDB000000009279
:10C1F000FFFFFFFFFFFFFF2400000000FFDB000048
:10C2000024DBFFFFFFDB0000000049FFFFFFFFFF13
:10C21000FFFF0000000024FFFFFFFFFFFFFFFFFF05
:10C22000DB2400B6FFDB0000DBFFDB000000009238
:10C23000FFFFFFFFFFFFFF2400000000FFDB000007
:10C2400024DBFFFFFFDB0000000049FFFFFFFFFFD3
:10C25000FFFF0000000024FFFFFFFFFFB692929255
:10C2600092FFFFFFFFDB0000DBFFFFFFFFFFFFFF91
:10C27000FFFF6D246DFFFFFFFFFFFFFFFFDB0000EF
:10C2800024DBFFFFFFFFDBDB240049FFFF6D24B64B
:10C29000FFFF000092FFDB000000002424000000EC
:10C2A00024DBFFFFFFDB0000DBFFFFFFFFFFFFFFE3
:10C2B000FFFF240049FFFFFFFFFFFFFFFFDB000040
:10C2C00024DBFFFFFFFFFFFF240049FFFF24009254
:10C2D000FFFF000092FFDB00000000246D242424F7
:10C2E00049B6DBDBDBB624246D92929292FFFFFF0E
:10C2F000FFFF240049FFFFDBDBDBDBFFFFDB000090
:10C3000024DBFFFFFFFFB6B624002492926D499212
:10C31000B6B6000049926D0000000024FFFFFFFF49
:10C32000DB2400000049FFFF2400000024DBFFFFA6
:10C33000FFFF240049FFB600000000B6FFDB00004D
:10C3400024DBFFFFFFDB00000000000000DBFFDB61
:10C35000000000000000000000000024FFFFFFFFBD
:10C36000DB0000000024FFFF2400002449FFFFFF42
:10C37000DBDB492449FF9200000000B6FFB6000055
:10C3800000B6DBDBDBB624242424242424FFFFDBDB
:10C390002424242424242424242424496D242424EF
:10C3A0002400000000002424000049FFFFFFFF924A
:10C3B0002424FFDB4924240000000024242400005E
:10C3C000000000000049DBDBDBDBDBDBFFFFFFFF06
:10C3D000DBDBDBDBDBDBDBDBDBDBDBFF24000000D1
:10C3E000000000000000000000006DFFFFFFFF6D77
:10C3F0000000FFFF2400000000000000000000001B
:10C40000000000000049FFFFFFFFFFFFFFFFFFFFED
:10C41000FFFFFFFFFFFFFFFFFFFFFFFF926D6D6D4F
:10C420006D6D6D6D6D49000092DBB69292FFFFDB82
:10C43000B6B6FFFF2400006D6D240000496D490071
:10C4400000B6DBDBDBDBFFFFFFFFFF9292FFFFB6F7
:10C450009292FFFFFFFFFF92929292B6FFFFFFFFC3
:10C46000FFFFFFFFFFDB0000DBFFB60024DBFFFF69
:10C47000FFFFFFFF240024DBFF490000DBFFB600C5
:10C4800024DBFFFFFFFFFFFFFFFFDB0024DBFF6D6F
:10C490000000FFFFFFFFDB0000000024FFFFFFFFA5
:10C4A000FFFFFFFFFFDB0000DBFFB60024DBFFFF29
:10C4B000FFFFFFFF240024DBFF490000DBFFB60085
:10C4C00024DBFFFFFFFFFFFFFFFFDB0024DBFF6D2F
:10C4D0000000FFFFFFFFDB0000000024240000003D
:10C4E00000000000000000000000000000000092BA
:10C4F000FFDB000049FFDB2400000000DBFFB6008B
:10C5000024DBFFFFFFDB0000DBFFDB00000000009F
:10C510000000FFFF6D000000000000242400000068
:10C520000000000000000000000000000000009279
:10C53000FFDB000049FFDB2400000000DBFFB6004A
:10C5400024DBFFFFFFDB0000DBFFDB00000000005F
:10C550000000FFFF6D000000000000242400000028
:10C56000006D6D6D6D6D6D6D6D6D6D6D6D6D6DDBFA
:10C57000FFDB000049FFFF926D240000DBFFB600E7
:10C58000006D929292926D6DDBFFFF6D6D6D6D6D22
:10C590006D6DFFFF6D00000000496D9224000000EA
:10C5A00024DBFFFFFFFFFFFFFFFFFFFFFFFFFFFF9A
:10C5B000FFDB000049FFFFFFFF490000DBFFB60083
:10C5C000000000000024FFFFFFFFFFFFFFFFFFFF51
:10C5D000FFFFFFFF6D00000000B6FFFF6D24242465
:10C5E00049FFFFFFDBDBDBDBDBDBFFFFFFFFFFDB0D
:10C5F000DB9200246DDBDBDBDB240000DBFFB624F9
:10C6000024242424246DFFFFFFDBDBDBDBDBDBFFEB
:10C61000FFFFDBDB6D24240000B6FFFFFFFFFFFF01
:10C62000FFFFFF6D24242424242449FFFFFFFF493A
:10C63000000049FFDB24000000000000DBFFFFFFDB
:10C64000FFFFFFFFFFFFFFFF49242424242424923F
:10C65000FFFF000092FFB60000B6FFFFFFFFFFFFE5
:10C66000FFFFFF4900000000000024FFFFFFFF491B
:10C67000000049FFFF24000000000000DBFFFFFF77
:10C68000FFFFFFFFFFFFFFFF2400000000000092FC
:10C69000FFFF00006DFFB60000B6FFFF6D4992FF7F
:10C6A000FF6D4992B6B6B6B6B6B6B6FFFFFFFF4904
:10C6B000000049FFFFDBDBDBDBDBDBDB4949B6FFEF
:10C6C000DB6D6DDBFFDB494900002492B6B6B6B6E0
:10C6D00024240000002424000024246D240049FFA9
:10C6E000DB2400B6FFFFFFFFFFFFFFFFFFFFFF4957
:10C6F000000049FFFFFFFFFFFFFFFFFF000092FF69
:10C70000DB0000DBFFDB0000000024FFFFFFFFDB9E
:10C71000000000000000000000000024240049DBAD
:10C72000B64949DBFFFF92929292929292929224A2
:10C73000000049FFFFDBDBFFFFDBDBDB00006DDB25
:10C74000920000DBFFDB0000242449B6DBFFFFDBA7
:10C750000000496D6D6D6D6D6D6D6D922400000072
:10C7600024DBFFFFFFDB00000000000000000000F2
:10C77000000049FFB60024DBFF6D00000000000050
:10C78000000000DBFFDB0000DBFFB60024DBFFDB8B
:10C790000000DBFFFFFFFFFFFFFFFFFF24000000A3
:10C7A00024DBFFFFFFDB00000000000000000000B2
:10C7B000000049FFB60024DBFF6D00000000000010
:10C7C000000000DBFFDB0000DBFFB60024DBFFDB4B
:10C7D0000000DBFFFFFFFFFFFFFFFFFFDBDB92003F
:10C7E00024DBFFFFFFDB0000246D6D6D6D6D6D249C
:10C7F000000049FFFFDBDB490024DBDBDBDBDBDBAD
:10C80000DBDBDBFFFFDB0000DBFFFFDBDBFFFFFF32
:10C81000FFFFFFFFFFFFFFFFFFFFFFFFFFFFB60070
:10C8200024DBFFFFFFDB000092FFFFFFFFFFFF6D38
:10C83000000049FFFFFFFF490024FFFFFFFFFFFF4C
:10C84000FFFFFFFFFFDB0000DBFFFFFFFFFFFFFF3E
:10C85000FFFFFFFFFFFFFFFFFFFFFFFFDBB6924978
:10C860006DFFFFFFFFDB000092FFFFDBDBFFFF6DD3
:10C87000000024929292926D6D92FFFFFFFFFFFFE6
:10C88000FFFFFFDBDBB64949DBFFFFFFFFFFFFFFD9
:10C89000FFFFFFFFFFFFFFFFFFFFFFFF490049FF13
:10C8A000FFFFFFFFFFDB000092FFDB2424DBFF6DB7
:10C8B00000000000000000B6FFFFFFFFFFFFB624EE
:10C8C00049FFFF490049FFFFFFFFFF4924242424BB
:10C8D00024242424242424242424246D49246DFF86
:10C8E000FFDBDBDBDB92000092FFDB2424DBFF6D50
:10C8F00000000024242424DBFFFFFFFFFFFFB6001D
:10C9000024DBFF490024FFFFFFFFDB2400000000C1
:10C91000000000000000000000000024FFDBFFFF1B
:10C92000FF2400000000000092FFFFDBDBFFFF6D33
:10C93000000049FFFFFFFFFFFFFF92929292926D6E
:10C9400092FFFF4900002424DBFFDB240092DBDBA5
:10C95000DBDBDBDBDBDBDBDBDB240024FFFFFFFFE0
:10C96000FF2400000000000092FFFFFFFFFFFF6DAB
:10C97000000049FFFFFFFFFFFFDB0000000049FF51
:10C98000FFFFFF4900000000DBFFDB2400B6FFFFD4
:10C99000FFFFFFFFFFFFFFFFFF490024FFFFFFFF37
:10C9A000FFDBDBDBDB9200004992929292929224B1
:10C9B0000000002449FFFFFFFFDB0000000049FFEB
:10C9C000FFFFFFB66D490000DBFFDB2400B6FFB6BA
:10C9D000929292929292B6FFFF490024240049FF5E
:10C9E000FFFFFFFFFFDB0000000000000000000071
:10C9F0000000000024DBFF490024FFFFFFFFFFFFD2
:10CA0000DB2400B6FFDB0000DBFFDB2400B6FF6D9C
:10CA100000000000000024FFFF490024240049FF1B
:10CA2000FFFFFFFFFFDB6D6D6D6D6D6D6D6D6D6DEE
:10CA30006D6D6D6D92FFFF490024FFFFFFFFFFFF4B
:10CA4000DB2400B6FFDB0000DBFFDB2400B6FF6D5C
:10CA500000000000000024FFFF490024926D6D9249
:10CA6000929292DBFFFFFFFFFFFFFFFFFFFFFFFF41
:10CA7000FFFFFFFFFFFFFF490024929292929292E4
:10CA80006D0000B6FFFFFFFFFFFFDB2400B6FF6D68
:10CA900000000000000024FFFF490024FFFFB60053
:10CAA000000000B6FFFFFFFFFFFFFFFFFFFFFFFFDC
:10CAB000FFFFFFFFFFFFFF49000000000000000034
:10CAC000000000B6FFFFFFFFFFFFDB2400B6FF6D95
:10CAD00000000000000024FFFF490024DBDB92007F
:10CAE000000000B6FFFFDBDBFFFFFFFFFFFFFFFFE4
:10CAF000FFFFFFDBDBDBDB240000242424242400F5
:10CB0000004949B6DBDBDBDBFFFFDB2400B6FF6D52
:10CB100000000000000024FFFF490024490000003D
:10CB2000000000B6FFDB0000DBFFFFFFFFFFFFFFA1
:10CB3000FFFFB600000000000024FFFFFFFF92008F
:10CB400000DBFF4900000000DBFFDB2400B6FF6DC7
:10CB500000000000000024FFFF49002449000000FD
:10CB6000000000B6FFDB0000B6FFFFFFFFFFFFFF86
:10CB7000FFFFB600000000000024FFFFFFFFB6002B
:10CB800024DBFF6D24242424DBFFDB2400B6FF928A
:10CB90002424242424246DFFFF490024DBDB92009D
:10CBA000000000B6FFDB000024246DFFFFFFFFFF45
:10CBB0006D246DDBDBDBDB2400002424DBFFB6000F
:10CBC00024DBFFFFDBDBDBDBFFFFDB2400B6FFFF4B
:10CBD000FFFFFFFFFFFFFFFFFF490024FFFFB6003D
:10CBE000000000B6FFDB0000000049FFFFFFFFFF71
:10CBF000240049FFFFFFFF4900000000DBFFB600F3
:10CC000000DBFFFFFFFFFFFFFFFFDB2400B6FFFF9E
:10CC1000FFFFFFFFFFFFFFFFFF490024B69292B620
:10CC2000B6B6B692926D00000000249292FFFFFF0C
:10CC3000240049FFFF92922400006D6D92924900FA
:10CC4000004949DBFFFF9292FFFFDB2400242424EC
:10CC5000242424242424242424000024240049FF00
:10CC6000FFFFFF49000000000000000000DBFFFFA5
:10CC7000240049FFDB2400000024FFFF2400000003
:10CC8000000000B6FFDB0000DBFFDB24000000003B
:10CC9000000000000000000000000024240049FF04
:10CCA000FFFFFF49000000000000000000DBFFFF65
:10CCB000240049FFDB2400000024FFFF24000000C3
:10CCC000000000B6FFDB0000DBFFDB2400000000FB
:10CCD000000000000000000000000024926D2424E9
:10CCE0002424242424242424242424242424242404
:10CCF00024242424242424242424242424242424F4
:10CD000024242424242424242424242424242424E3
:10CD100049496D92DBDBFFFFFFFFFFFF4924000065
:10CD20000000000000000000000000000000000003
:10CD300000000000000000000000000000000000F3
:10CD400000000000000000000000000000000000E3
:10CD500000002424496DB6DBFFFFFFFF49000000FF
:10CD60002449494949494949494949494949494958
:10CD70004949494949494949494949494949494923
:10CD80004949494949494949494949494949494913
:10CD90004924240000246D92DBFFFFFF490000249A
:10CDA00092DBFFFFFFFFFFFFFFFFFFFFFFFFFFFF24
:10CDB000FFFFFFFFFFFFFFFFFFFFFFFFFFFFFFFF83
:10CDC000FFFFFFFFFFFFFFFFFFFFFFFFFFFFFFFF73
:10CDD000DBB66D4900000049B6DBFFFF49000024C7
:10CDE000B6FFFFFFFFFFFFFFFFFFFFFFFFFFFFFF9C
:10CDF000FFFFFFFFFFFFFFFFFFFFFFFFFFFFFFFF43
:10CE0000FFFFFFFFFFFFFFFFFFFFFFFFFFFFFFFF32
:10CE1000FFFFDBB6492400246D92FFFF4900002488
:10CE2000B6FFFFFFFFFFFFFFFFFFDBB6B6B6DBFF7E
:10CE3000FFFFFFFFFFFFFFFFFFFFFFFFFFFFFFFF02
:10CE4000FFFFFFFFFFFFFFFFFFFFFFFFFFFFFFFFF2
:10CE5000FFFFFFFFB66D0000246DDBFF49000024DB
:10CE6000B6FFFFFFFFFFFFFFFFFF9249242492DB85
:10CE7000FFFFFFFFFFFFFFFFFFFFFFFFFFFFFFFFC2
:10CE8000FFFFFFFFFFFFFFFFFFFFFFFFFFFFFFFFB2
:10CE9000FFFFFFFFDBB624000049DBFF4900002451
:10CEA000B6FFFFFFFFFFFFFFFFFF9249000049B6FB
:10CEB000DBFFFFFFFFFFFFFFFFFFFFFFFFFFFFFFA6
:10CEC000FFFFFFFFFFFFFFFFFFFFFFFFFFFFFFFF72
:10CED000FFFFFFFFFFB624000024DBFF4900002412
:10CEE000B6FFFFFFFFFFFFFFFFFFB66D2400246DBD
:10CEF000B6FFFFFFFFFFFFFFFFFFFFDBB692926D64
:10CF00006D6D6D6D9292DBDBFFFFFFFFFFFFFFFF9B
:10CF1000FFFFFFFFFFB624000024DBFF49000024D1
:10CF2000B6FFFFFFFFFFFFFFFFFFDBB64900002456
:10CF300092DBFFFFFFFFFFFFFFDB929249242400FB
:10CF40000000000024496D92B6DBFFFFFFFFFFFFEA
:10CF5000FFFFFFFFFFB624000024DBFF4900002491
:10CF6000B6FFFFFFFFFFFFFFFFFFFFFF6D24000085
:10CF70006DB6FFFFFFFFFFFFB66D2400000000004D
:10CF80000000000000000000246DDBFFFFFFFFFF3A
:10CF9000FFFFFFFFFFB624000024DBFF4900002451
:10CFA000B6FFFFFFFFFFFFFFFFFFFFFF92492400D7
:10CFB000496DDBFFFFFFDB9249240000244992B654
:10CFC000B6B6B6926D49000000244992FFFFFFFFFC
:10CFD000FFFFFFFFFFB624000024DBFF4900002411
:10CFE000B6FFFFFFFFFFFFFFFFFFFFFFDB924900E0
:10CFF0000024496D929249240000244992B6DBFF37
:10D00000FFFFFFFFDBB66D4900000049DBDBFFFFE0
:10D01000FFFFFFFFFFB624000024DBFF49000024D0
:10D02000B6FFFFFFFFFFFFFFFFFFFFFFFFDB6D24EA
:10D03000000000000000000000246DB6FFFFFFFFAD
:10D04000FFFFFFFFFFFFDBB6492400246DB6FFFFA3
:10D05000FFFFFFFFFFB624000024DBFF4900002490
:10D06000B6FFFFFFFFFFFFFFFFFFFFFFFFFFB66DF4
:10D070002400000000000000246DB6DBFFFFFFFF6E
:10D08000FFFFFFFFFFFFFFDB924900004992FFFF18
:10D09000FFFFFFFFFFB624000024DBFF4900002450
:10D0A000B6FFFFFFFFFFFFFFFFFFFFFFFFFFDBDB21
:10D0B000B6B6B6B66D2400004992FFFFFFFFFFFF32
:10D0C000FFFFFFFFFFFFFFFFDB6D0000006DFFFFB5
:10D0D000FFFFFFFFFFB624000024DBFF4900002410
:10D0E000B6FFFFFFFFFFFFFFFFFFFFFFFFFFFFFF99
:10D0F000FFFFFFFFB649000049B6FFFFFFFFFFFF3C
:10D10000FFFFFFFFFFFFFFFFFF920000006DFFFF2B
:10D11000FFFFFFFFFFB624000024DBFF49000024CF
:10D12000B6FFFFFFFFFFFFFFFFFFFFFFFFFFFFFF58
:10D13000DBDBDBDB924900004992FFFFFFFFFFFFD3
:10D14000FFFFFFFFFFFFFFFFDB920000006DFFFF0F
:10D15000FFFFFFFFFFB624000024DBFF490000248F
:10D16000B6FFFFFFFFFFFFFFFFFFFFFFFFFFB692CE
:10D170004949242424000000246DDBFFFFFFFFFF4A
:10D18000FFFFFFFFFFFFFFDBB66D0000246DFFFF19
:10D19000FFFFFFFFFFB624000024DBFF490000244F
:10D1A000B6FFFFFFFFFFFFFFFFFFFFFFFFDB922444
:10D1B0000000000000000000244992DBFFFFFFFF99
:10D1C000FFFFFFFFFFFFFFB66D2400246D92FFFFFE
:10D1D000FFFFFFFFFFB624000024DBFF490000240F
:10D1E000B6FFFFFFFFFFFFFFFFFFFFFFDBB64900BA
:10D1F000000024242424240000004992DBDBFFFFEC
:10D20000FFFFFFFFFFDBB66D00000049B6DBFFFF4D
:10D21000FFFFFFFFFFB624000024DBFF49000024CE
:10D22000B6FFFFFFFFFFFFFFFFFFFFFFB66D24000C
:10D23000246DB6DBFFFFB66D24000024496DB6DB1C
:10D24000FFFFDBDB926D24240000246DFFFFFFFF56
:10D25000FFFFFFFFFFB624000024DBFF490000248E
:10D26000B6FFFFFFFFFFFFFFFFFFFFFF922400005D
:10D270004992DBFFFFFFFFDB6D49000000244949B5
:10D2800049494949242400002449B6DBFFFFFFFF38
:10D29000FFFFFFFFFFB624000024DBFF490000244E
:10D2A000B6FFFFFFFFFFFFFFFFFFDBDB6D000000AE
:10D2B0006DDBFFFFFFFFFFFFDBB66D49242400009D
:10D2C000000000000024244992B6FFFFFFFFFFFF8B
:10D2D000FFFFFFFFFFB624000024DBFF490000240E
:10D2E000B6FFFFFFFFFFFFFFFFFFB69224002449B8
:10D2F000B6DBFFFFFFFFFFFFFFFFDBB6926D4924A8
:10D3000024242424496DB6DBFFFFFFFFFFFFFFFF4E
:10D31000FFFFFFFFFFB624000024DBFF49000024CD
:10D32000B6FFFFFFFFFFFFFFFFFF9249000049929A
:10D33000DBFFFFFFFFFFFFFFFFFFFFFFFFFFDBDB69
:10D34000DBDBDBDBDBFFFFFFFFFFFFFFFFFFFFFFA1
:10D35000FFFFFFFFFFB624000024DBFF490000248D
:10D36000B6FFFFFFFFFFFFFFFFFF924924246DB6CA
:10D37000FFFFFFFFFFFFFFFFFFFFFFFFFFFFFFFFBD
:10D38000FFFFFFFFFFFFFFFFFFFFFFFFFFFFFFFFAD
:10D39000FFFFFFFFFFB624000024DBFF490000244D
:10D3A000B6FFFFFFFFFFFFFFFFFFB6926D6DB6FFF9
:10D3B000FFFFFFFFFFFFFFFFFFFFFFFFFFFFFFFF7D
:10D3C000FFFFFFFFFFFFFFFFFFFFFFFFFFFFFFFF6D
:10D3D000FFFFFFFFFFB624000024DBFF490000240D
:10D3E000B6FFFFFFFFFFFFFFFFFFFFFFFFFFFFFF96
:10D3F000FFFFFFFFFFFFFFFFFFFFFFFFFFFFFFFF3D
:10D40000FFFFFFFFFFFFFFFFFFFFFFFFFFFFFFFF2C
:10D41000FFFFFFFFFFB624000024DBFF49000024CC
:10D42000B6FFFFFFFFFFFFFFFFFFFFFFFFFFFFFF55
:10D43000FFFFFFFFFFFFFFFFFFFFFFFFFFFFFFFFFC
:10D44000FFFFFFFFFFFFFFFFFFFFFFFFFFFFFFFFEC
:10D45000FFFFFFFFFFB624000024DBFF490000248C
:10D46000B6FFFFFFFFFFFFFFFFFFFFFFFFFFFFFF15
:10D47000FFFFFFFFFFFFFFFFFFFFFFFFFFFFFFFFBC
:10D48000FFFFFFFFFFFFFFFFFFFFFFFFFFFFFFFFAC
:10D49000FFFFFFFFFFB624000024DBFF490000244C
:10D4A000B6FFFFFFFFFFFFFFFFFFFFFFFFFFFFFFD5
:10D4B000FFFFFFFFDBDBFFFFFFFFFFFFDBDBFFFF0C
:10D4C000FFFFFFFFDBDBDBFFFFFFFFFFFFFFFFFFD8
:10D4D000FFFFFFFFFFB624000024DBFF490000240C
:10D4E000B6FFFFFFFFFFFFFFFFFFFFFFFFFFFFFF95
:10D4F000FFFFB692494992DBFFFFDB92494992B6A2
:10D50000FFFFFFB649496DB6FFFFFFFFFFFFFFFFBB
:10D51000FFFFFFFFFFB624000024DBFF49000024CB
:10D52000B6FFFFFFFFFFFFFFFFFFFFFFFFFFFFFF54
:10D53000FFFFB64900006DB6FFFFDB6D00004992AA
:10D54000FFFFDB9200002492FFFFFFFFFFFFFFFFC2
:10D55000FFFFFFFFFFB624000024DBFF490000248B
:10D56000B6FFFFFFFFFFFFFFFFFFFFFFFFFFFFFF14
:10D57000FFFF9224000049B6FFFFB6490000249245
:10D58000FFFFDB6D0000006DFFFFFFFFFFFFFFFFF0
:10D59000FFFFFFFFFFB624000024DBFF490000244B
:10D5A000B6FFFFFFFFFFFFFFFFFFFFFFFFFFFFFFD4
:10D5B000FFFF9224000049B6FFFFB6490000249205
:10D5C000FFFFDB6D0000006DFFFFFFFFFFFFFFFFB0
:10D5D000FFFFFFFFFFB624000024DBFF490000240B
:10D5E000B6FFFFFFFFFFFFFFFFFFFFFFFFFFFFFF94
:10D5F000FFFF9224000049B6FFFFB64900002492C5
:10D60000FFFFDB6D0000006DFFFFFFFFFFFFFFFF6F
:10D61000FFFFFFFFFFB624000024DBFF49000024CA
:10D62000B6FFFFFFFFFFFFFFFFFFFFFFFFFFFFFF53
:10D63000FFFF9224000049B6FFFFB6490000249284
:10D64000FFFFDB6D0000006DFFFFFFFFFFFFFFFF2F
:10D65000FFFFFFFFFFB624000024DBFF490000248A
:10D66000B6FFFFFFFFFFFFFFFFFFFFFFFFFFFFFF13
:10D67000FFFF9224000049B6FFFFB6490000249244
:10D68000FFFFDB6D0000006DFFFFFFFFFFFFFFFFEF
:10D69000FFFFFFFFFFB624000024DBFF490000244A
:10D6A000B6FFFFFFFFFFFFFFFFFFFFFFFFFFFFFFD3
:10D6B000FFFF9224000049B6FFFFB6490000249204
:10D6C000FFFFDB6D0000006DFFFFFFFFFFFFFFFFAF
:10D6D000FFFFFFFFFFB624000024DBFF490000240A
:10D6E000B6FFFFFFFFFFFFFFFFFFFFFFFFFFFFFF93
:10D6F000FFFF9224000049B6FFFFB64900002492C4
:10D70000FFFFDB6D0000006DFFFFFFFFFFFFFFFF6E
:10D71000FFFFFFFFFFB624000024DBFF49000024C9
:10D72000B6FFFFFFFFFFFFFFFFFFFFFFFFFFFFFF52
:10D73000FFFF9224000049B6FFFFB6490000249283
:10D74000FFFFDB920000246DFFFFFFFFFFFFFFFFE5
:10D75000FFFFFFFFFFB624000024DBFF4900002489
:10D76000B6FFFFFFFFFFFFFFFFFFFFFFFFFFFFFF12
:10D77000FFFF9224000049B6FFFFB6490000249243
:10D78000FFFFFFB649494992FFFFFFFFFFFFFFFF81
:10D79000FFFFFFFFFFB624000024DBFF4900002449
:10D7A000B6FFFFFFFFFFFFFFFFFFFFFFFFFFFFFFD2
:10D7B000FFFF9224000049B6FFFFB6490000249203
:10D7C000FFFFFFFFDBDBDBFFFFFFFFFFFFFFFFFFD5
:10D7D000FFFFFFFFFFB624000024DBFF4900002409
:10D7E000B6FFFFFFFFFFFFFFFFFFFFFFFFFFFFFF92
:10D7F000FFFF9224000049B6FFFFB64900002492C3
:10D80000FFFFFFDBB6B6B6DBFFFFFFFFFFFFFFFF4B
:10D81000FFFFFFFFFFB624000024DBFF49000024C8
:10D82000B6FFFFFFFFFFFFFFFFFFFFFFFFFFFFFF51
:10D83000FFFF9224000049B6FFFFB6490000249282
:10D84000FFFFFF9224244992FFFFFFFFFFFFFFFF2E
:10D85000FFFFFFFFFFB624000024DBFF4900002488
:10D86000B6FFFFFFFFFFFFFFFFFFFFFFFFFFFFFF11
:10D87000FFFF9249000049B6FFFFB649000024921D
:10D88000FFFFDB920000006DFFFFFFFFFFFFFFFFC8
:10D89000FFFFFFFFFFB624000024DBFF4900002448
:10D8A000B6FFFFFFFFFFFFFFFFFFFFFFFFFFFFFFD1
:10D8B000FFFFB64924246DB6FFFFB649000024924D
:10D8C000FFFFDB6D0000006DFFFFFFFFFFFFFFFFAD
:10D8D000FFFFFFFFFFB624000024DBFF4900002408
:10D8E000B6FFFFFFFFFFFFFFFFFFFFFFFFFFFFFF91
:10D8F000FFFFDB929292B6DBFFFFB6490000249255
:10D90000FFFFDB920000246DFFFFFFFFFFFFFFFF23
:10D91000FFFFFFFFFFB624000024DBFF49000024C7
:10D92000B6FFFFFFFFFFFFFFFFFFFFFFFFFFFFFF50
:10D93000FFFFFFFFFFFFFFFFFFFFB649000024923C
:10D94000FFFFFFB649496DB6FFFFFFFFFFFFFFFF77
:10D95000FFFFFFFFFFB624000024DBFF4900002487
:10D96000B6FFFFFFFFFFFFFFFFFFFFFFFFFFFFFF10
:10D97000FFFFFFFFFFFFFFFFFFFFB64900002492FC
:10D98000FFFFFFFFDBDBDBFFFFFFFFFFFFFFFFFF13
:10D99000FFFFFFFFFFB624000024DBFF4900002447
:10D9A000B6FFFFFFFFFFFFFFFFFFFFFFFFFFFFFFD0
:10D9B000FFFFFFFFFFFFFFFFFFFFB64900002492BC
:10D9C000FFFFFFFFFFFFFFFFFFFFFFFFFFFFFFFF67
:10D9D000FFFFFFFFFFB624000024DBFF4900002407
:10D9E000B6FFFFFFFFFFFFFFFFFFFFFFFFFFFFFF90
:10D9F000FFFFFFFFFFFFFFFFFFFFB649000024927C
:10DA0000FFFFFFFFFFFFFFFFFFFFFFFFFFFFFFFF26
:10DA1000FFFFFFFFFFB624000024DBFF49000024C6
:10DA2000B6FFFFFFFFFFFFFFFFFFFFFFFFFFFFFF4F
:10DA3000FFFFFFFFFFFFFFFFFFFFB649000024923B
:10DA4000FFFFFFFFFFFFFFFFFFFFFFFFFFFFFFFFE6
:10DA5000FFFFFFFFFFB624000024DBFF4900002486
:10DA6000B6FFFFFFFFFFFFFFFFFFFFFFFFFFFFFF0F
:10DA7000FFFFFFFFFFFFFFFFFFFFB64900002492FB
:10DA8000FFFFFFFFFFFFFFFFFFFFFFFFFFFFFFFFA6
:10DA9000FFFFFFFFFFB624000024DBFF4900002446
:10DAA000B6FFFFFFFFFFFFFFFFFFFFFFFFFFFFFFCF
:10DAB000FFFFFFFFFFFFFFFFFFFFB66D0000499272
:10DAC000FFFFFFFFFFFFFFFFFFFFFFFFFFFFFFFF66
:10DAD000FFFFFFFFFFDB24240049DBFF4924002474
:10DAE00092DBFFFFFFFFFFFFFFFFFFFFFFFFFFFFD7
:10DAF000FFFFFFFFFFFFFFFFFFFFDB9249496DB60E
:10DB0000FFFFFFFFFFFFFFFFFFFFFFFFFFFFFFFF25
:10DB1000FFFFFFFFFFDB6D49496DDBFF6D49000033
:10DB20006D92DBFFFFFFFFFFFFFFFFFFFFFFFFFF28
:10DB3000FFFFFFFFFFFFFFFFFFFFFFFFDBDBFFFF3D
:10DB4000FFFFFFFFFFFFFFFFFFFFFFFFFFFFFFFFE5
:10DB5000FFFFFFFFFFFFFFDBDBFFFFFFB66D2400D2
:10DB60002449B6FFFFFFFFFFFFFFFFFFFFFFFFFF9F
:10DB7000FFFFFFFFFFFFFFFFFFFFFFFFFFFFFFFFB5
:10DB8000FFFFFFFFFFFFFFFFFFFFFFFFFFFFFFFFA5
:10DB9000FFFFFFFFFFFFFFFFFFFFFFFFDBB6492493
:10DBA00000246DB6DBFFFFFFFFFFFFFFFFFFFFFF5E
:10DBB000FFFFFFFFFFFFFFFFFFFFFFFFFFFFFFFF75
:10DBC000FFFFFFFFFFFFFFFFFFFFFFFFFFFFFFFF65
:10DBD000FFFFFFFFFFFFFFFFFFFFFFFFFFDB6D49C1
:10DBE0000000244992B6DBFFFFFFFFFFFFFFFFFFAE
:10DBF000FFFFFFFFFFFFFFFFFFFFFFFFFFFFFFFF35
:10DC0000FFFFFFFFFFFFFFFFFFFFFFFFFFFFFFFF24
:10DC1000FFFFFFFFFFFFFFFFFFFFFFFFFFFFDBB681
:10DC20004924000024244949494949494949494965
:10DC30004949494949494949494949494949494954
:10DC40004949494949494949494949494949494944
:10DC5000494949494949494949496D92FFFFFFFFEF
:10DC6000B6924924000000000000000000000000FF
:10DC700000000000000000000000000000000000A4
:10DC80000000000000000000000000000000000094
:10DC9000000000000000000000002449FFFFFFFF1B
:10DCA000FFFFB6926D492424242424242424242410
:10DCB0002424242424242424242424242424242424
:10DCC0002424242424242424242424242424242414
:10DCD00024242424242424242424496DFFFFFFFF2A
:10DCE000FFFFFFFFFFFFFFFFFFFFFFFFFFFFFFFF44
:10DCF000FFFFFFFFFFFFFFFFFFFFFFFFFFFFFFDB58
:10DD0000B6926D494924242449496D92B6DBFFFF40
:10DD1000FFFFFFFFFFFFFFFFFFFFFFFFFFFFFFFF13
:10DD2000FFFFFFFFFFFFFFFFFFFFFFFFFFFFFFFF03
:10DD3000FFFFFFFFFFFFFFFFFFFFFFFFFFDB926D16
:10DD4000492424000000000000002424496D92B6FC
:10DD5000DBFFFFFFFFFFFFFFFFFFFFFFFFFFFFFFF7
:10DD6000FFFFFFFFFFFFFFFFFFFFFFFFFFFFFFFFC3
:10DD7000FFFFFFFFFFFFFFFFFFFFFFFFB66D240068
:10DD8000000000000000000000000000000000494A
:10DD900092DBFFFFFFFFFFFFFFFFFFFFFFFFFFFF24
:10DDA000FFFFFFFFFFFFFFFFFFFFFFFFFFFFFFFF83
:10DDB000FFFFFFFFFFFFFFFFFFFFDB6D24240000DD
:10DDC00024496D92B6B6B6B6B692926D24000000A4
:10DDD0002449B6FFFFFFFFFFFFFFFFFFFFFFFFFF2D
:10DDE000FFFFFFFFFFFFFFFFFFFFFFFFFFFFFFFF43
:10DDF000FFFFFFFFFFFFFFFFFFB66D240000244978
:10DE000092B6DBDBFFFFFFFFFFFFDBB6926D49241D
:10DE100000004992DBFFFFFFFFFFFFFFFFFFFFFF57
:10DE2000FFFFFFFFFFFFFFFFFFFFFFFFFFFFFFFF02
:10DE3000FFFFFFFFFFFFFFFFB6490000244992DB11
:10DE4000FFFFFFFFFFFFFFFFFFFFFFFFFFDBB66DE1
:10DE50002400002492FFFFFFFFFFFFFFFFFFFFFFF3
:10DE6000FFFFFFFFFFFFFFFFFFFFFFFFFFFFFFFFC2
:10DE7000FFFFFFFFFFFFFFB64900002492B6DBFF64
:10DE8000FFFFFFFFFFFFFFFFFFFFFFFFFFFFFFDBC6
:10DE9000924900002492DBFFFFFFFFFFFFFFFFFF1F
:10DEA000FFFFFFFFFFFFFFFFFFFFFFFFFFFFFFFF82
:10DEB000FFFFFFFFFFFFB64900004992DBFFFFFFB6
:10DEC000FFFFFFFFFFFFFFFFFFFFFFFFFFFFFFFF62
:10DED000FFB64924002492FFFFFFFFFFFFFFFFFF73
:10DEE000FFFFFFFFFFFFFFFFFFFFFFFFFFFFFFFF42
:10DEF000FFFFFFFFFFDB6D000024B6DBFFFFFFFF2E
:10DF0000FFFFFFFFFFFFFFFFFFFFFFFFFFFFFFFF21
:10DF1000FFFFB66D000049B6FFFFFFFFFFFFFFFFE9
:10DF2000FFFFFFB69292FFFFFFFFFFFFFFFFFFFF24
:10DF3000FFFFFFFFDB9224004992DBFFFFFFFFFFA3
:10DF4000FFFFFFFFFFFFFFFFFFFFFFFFFFFFFFFFE1
:10DF5000FFFFFFB66D00006DDBFFFFFFFFFFFFFF60
:10DF6000FFFFFF492449DBFFFFFFFFFFFFFFFFFF2C
:10DF7000FFFFFFFFB649000092DBFFFFFFFFFFFF3F
:10DF8000FFFFFFFFFFDBDBDBDBDBFFFFFFFFFFFF55
:10DF9000FFFFFFFFB624002492FFFFFFFFFFFFFFFC
:10DFA000FFFFFF49002492DBFFFFFFFFFFFFFFFFA2
:10DFB000FFFFFFFF6D00006DDBFFFFFFFFFFFFFFB7
:10DFC000FFFFFFFFDB492424496DB6FFFFFFFFFF82
:10DFD000FFFFFFFFFF92240024DBFFFFFFFFFFFF97
:10DFE000FFFFFF92240049B6FFFFFFFFFFFFFFFF87
:10DFF000FFFFFFB6240024B6FFFFFFFFFFFFFFFF78
:10E00000FFFFFFFFB62400000024496DB6DBFFFFD1
:10E01000FFFFFFFFFFDB49000092DBFFFFFFFFFF79
:10E02000FFFFFFDB6D00006DDBFFFFFFFFFFFFFF6A
:10E03000FFFFDB9224246DFFFFFFFFFFFFFFFFFFC9
:10E04000FFFFFFFFDB4924242400000049B6FFFF47
:10E05000FFFFFFFFFFFF92240049B6FFFFFFFFFF16
:10E06000FFFFFFFF9224004992FFFFFFFFFFFFFF2A
:10E07000FFFFFF922449B6FFFFFFFFFFFFFFFFFFF7
:10E08000FFFFFFFFFFDBB6B692492400004992FF75
:10E09000FFFFFFFFFFFFDB6D000092FFFFFFFFFFB1
:10E0A000FFFFFFFFDB6D00006DDBFFFFFFFFFFFFEA
:10E0B000FFFFFFB692B6FFFFFFFFFFFFFFFFFFFF6F
:10E0C000FFFFFFFFFFFFFFFFDBB66D49000049B612
:10E0D000FFFFFFFFFFFFFF9200006DFFFFFFFFFF4D
:10E0E000FFFFFFFFDBB6240024B6DBFFFFFFFFFFCF
:10E0F000FFFFFFFFFFFFFFFFFFFFFFFFFFFFFFFF30
:10E10000FFFFFFFFFFFFFFFFFFFFFFB64900006DAE
:10E11000DBFFFFFFFFFFFFB6240049DBFFFFFFFF30
:10E12000FFFFFF9249240000002449494949494919
:10E13000494949494949494949494949494949494F
:10E1400049494949496D92DBFFFFFFFF924900248D
:10E1500092FFFFFFFFFFFFDB6D002492FFFFFFFF39
:10E16000FFFFFF6D00000000000000000000000045
:10E17000000000000000000000000000000000009F
:10E180000000000000244992DBFFFFFFDB9200004B
:10E1900049DBFFFFFFFFFFDB92000092FFFFFFFF65
:10E1A000FFFFFF6D240000000000000000000000E1
:10E1B000000000000000000000000000000000005F
:10E1C000000000000000002492DBFFFFFFB62400E7
:10E1D0002492FFFFFFFFFFFFB624006DFFFFFFFF4C
:10E1E000FFFFFFDBB692B6B6B6B6B6B6B6B6B6B6F3
:10E1F000B6B6B6B6B6B6B6B6B6B6B6B6B6B6B6B6BF
:10E20000B6B6B692926D240024B6FFFFFFDB6D24F4
:10E21000006DFFFFFFFFFFFFDB240049FFFFFFFF53
:10E22000FFFFFFFFFFFFFFFFFFFFFFFFFFFFFFFFFE
:10E23000FFFFFFFFFFFFFFFFFFFFFFFFFFFFFFFFEE
:10E24000FFFFFFFFFFB66D00006DFFFFFFFFB6246D
:10E250000049DBFFFFFFFFFFDB240049FFFFFFFF5B
:10E26000FFFFFFFFFFFFFFFFFFFFFFFFFFFFFFFFBE
:10E27000FFFFFFFFFFFFFFFFFFFFFFFFFFFFFFFFAE
:10E28000FFFFFFFFFFFFB6240049B6FFFFFFDB24BF
:10E290000024DBFFFFFFFFFFDB240049FFFFFFFF40
:10E2A000FFFFFFFFFFFFFFFFFFFFFFFFFFFFFFFF7E
:10E2B000FFFFFFFFFFFFFFFFFFFFFFFFFFFFFFFF6E
:10E2C000FFFFFFFFFFFFDB490049B6FFFFFFFF49EC
:10E2D0000024DBFFFFFFFFFFFF240049FFFFFFFFDC
:10E2E000FFFFFFFFFFFFFFFFFFFFFFFFFFFFFFFF3E
:10E2F000FFFFFFFFFFFFFFFFFFFFFFFFFFFFFFFF2E
:10E30000FFFFFFFFFFFFDB490049B6FFFFFFFF49AB
:10E310000024DBFFFFFFFFFFDB240049FFFFFFFFBF
:10E32000FFFFFFFFFFFFFFFFFFFFFFFFFFFFFFFFFD
:10E33000FFFFFFFFFFFFFFFFFFFFFFFFFFFFFFFFED
:10E34000FFFFFFFFFFFFB6240049B6FFFFFFDB24FE
:10E350000024DBFFFFFFFFFFDB240049FFFFFFFF7F
:10E36000FFFFFFFFFFFFFFFFFFFFFFFFFFFFFFFFBD
:10E37000FFFFFFFFFFFFFFFFFFFFFFFFFFFFFFFFAD
:10E38000FFFFFFFFFFDB9200006DDBFFFFFFB62406
:10E390000049DBFFFFFFFFFFDB240049FFDBDBDB86
:10E3A000DBDBDBDBDBDBDBDBDBDBDBDBDBDBDBDBBD
:10E3B000DBDBDBDBDBDBDBDBDBDBDBDBDBDBDBDBAD
:10E3C000DBDBDBDBDB9224000092FFFFFFDB922430
:10E3D0000049DBFFFFFFFFFFB624006D924949496A
:10E3E000494949494949494949494949494949499D
:10E3F000494949494949494949494949494949498D
:10E4000049494949242400006DDBFFFFFFDB490037
:10E410002492FFFFFFFFFFDB920024926D000000BB
:10E4200000000000000000000000000000000000EC
:10E4300000000000000000000000000000000000DC
:10E440000000000000002449B6FFFFFFFFB62400D3
:10E4500049B6FFFFFFFFFFDB490024B66D24000033
:10E4600000000000000000000000000000000000AC
:10E47000000000000000000000000000000000009C
:10E480000000000024496DDBFFFFFFFFB66D0000B8
:10E490006DFFFFFFFFFFFFB6240049DBDBB6B6B61A
:10E4A000B6B6B6B6B6B6B6B692922400004992B6E3
:10E4B000B6B6B6B6B6B6B6B6B6B6B6B6B6B6B6B6FC
:10E4C000B6B6B6B6B6B6DBFFFFFFFFDB6D2400497C
:10E4D000B6FFFFFFFFFFFF9200006DFFFFFFFFFF92
:10E4E000FFFFFFFFFFFFFFFFFFDB6D240049B6FFCB
:10E4F000FFFFFFFFDBB6DBFFFFFFFFFFFFFFFFFFBD
:10E50000FFFFFFFFFFFFFFFFFFDBB66D240024923C
:10E51000FFFFFFFFFFFFB66D000092FFFFFFFFFF51
:10E52000FFFFFFFFFFFFFFFFFFFFDB6D002492FFF8
:10E53000FFFFFFFF6D496DFFFFFFFFFFFFFFFFFFC5
:10E54000FFFFFFFFFFFFFFDBB66D240000246DDB44
:10E55000FFFFFFFFFFFF92240049B6FFFFFFFFFF11
:10E56000FFFFFFFFFFFFFFFFFFFFFF92000092FF93
:10E57000FFFFFFFF490024B6FFFFFFFFFFFFFFFF84
:10E58000FFFFFFDB926D6D49492400002492DBFF01
:10E59000FFFFFFFFFFDB49000092FFFFFFFFFFFFD0
:10E5A000FFFFFFFFFFFFFFFFFFFFFF92000092FF53
:10E5B000FFFFFFFF6D000049B6FFFFFFFFFFFFFFFA
:10E5C000FFFFFFDB490000000000244992DBFFFF52
:10E5D000FFFFFFFFDB6D240049DBFFFFFFFFFFFFB5
:10E5E000FFFFFFFFFFFFFFFFFFFFDB6D000092FF5C
:10E5F000FFFFFFFFB64900006DDBFFFFFFFFFFFFDE
:10E60000FFFFFFDB49000024244992DBFFFFFFFFEF
:10E61000FFFFFFFFB624002492FFFFFFFFFFFFFF75
:10E62000FFFFFFFFFFFFFFFFFFDB92240049B6FF64
:10E63000FFFFFFFFFF9224002492DBFFFFFFFFFF9D
:10E64000FFFFFFFFB6929292B6B6DBFFFFFFFFFF20
:10E65000FFFFFFB64900246DDBFFFFFFFFFFFFFF59
:10E66000DBDBDBDBDBDBDBDBDBB64900006DDBFFB1
:10E67000FFFFFFFFFFDB6D00002492DBFFFFFFFFCA
:10E68000FFFFFFFFFFFFFFFFFFFFFFFFFFFFFFFF9A
:10E69000FFFFB649000049B6FFFFFFFFFFFFDB6D3C
:10E6A00049242424242424242424000049B6FFFFE0
:10E6B000FFFFFFFFFFFFDB4900002492DBFFFFFFAE
:10E6C000FFFFFFFFFFFFFFFFFFFFFFFFFFFFFFFF5A
:10E6D000DB9249000024B6FFFFFFFFFFFFFFDB498D
:10E6E00000000000000000000000000049DBFFFF08
:10E6F000FFFFFFFFFFFFFFB66D2400246DB6DBFFB9
:10E70000FFFFFFFFFFFFFFFFFFFFFFFFFFFFFFB662
:10E71000924900004992DBFFFFFFFFFFFFFFDB6D27
:10E7200024242424242424242400000049DBFFFF83
:10E73000FFFFFFFFFFFFFFFFB6492400004992DB08
:10E74000FFFFFFFFFFFFFFFFFFFFFFFFFFDBB649FC
:10E750002400004992FFFFFFFFFFFFFFFFFFFFDBE9
:10E76000B6B6B6B6B6B6B6B6B69224002492DBFFFD
:10E77000FFFFFFFFFFFFFFFFFFB66D2400002449EE
:10E780006D92B6DBFFFFFFFFFFDBDBB69249240093
:10E7900000006DB6DBFFFFFFFFFFFFFFFFFFFFFF86
:10E7A000FFFFFFFFFFFFFFFFFFDB6D240049B6FF08
:10E7B000FFFFFFFFFFFFFFFFFFFFDB924924000089
:10E7C00024496D6D9292929292926D492400002498
:10E7D000496DB6FFFFFFFFFFFFFFFFFFFFFFFFFFDA
:10E7E000FFFFFFFFFFFFFFFFFFFFDB6D000092FF5A
:10E7F000FFFFFFFFFFFFFFFFFFFFFFFFDB6D2400B9
:10E800000000000000000000000000000000246D77
:10E81000B6FFFFFFFFFFFFFFFFFFFFFFFFFFFFFF51
:10E82000FFFFFFFFFFFFFFFFFFFFFF92000092FFD0
:10E83000FFFFFFFFFFFFFFFFFFFFFFFFFFDBB692C2
:10E840006D49240000000000000024496D92B6DBF1
:10E85000FFFFFFFFFFFFFFFFFFFFFFFFFFFFFFFFC8
:10E86000FFFFFFFFFFFFFFFFFFFFFF92000092FF90
:10E87000FFFFFFFFFFFFFFFFFFFFFFFFFFFFFFFFA8
:10E88000DB92926D49494949496D6D92B6DBFFFFB4
:10E89000FFFFFFFFFFFFFFFFFFFFFFFFFFFFFFFF88
:10E8A000FFFFFFFFFFFFFFFFFFFFDB6D000092FF99
:10E8B000FFFFFFFFFFFFFFFFFFFFFFFFFFFFFFFF68
:10E8C000FFFFFFFFFFFFFFFFFFFFFFFFFFFFFFFF58
:10E8D000FFFFFFFFFFFFFFFFFFFFFFFFFFFFFFFF48
:10E8E000FFFFFFFFFFFFFFFFFFDB92240049B6FFA2
:10E8F000FFFFFFFFFFFFFFFFFFFFFFFFFFFFFFFF28
:10E90000FFFFFFFFFFFFFFFFFFFFFFFFFFFFFFFF17
:10E91000FFFFFFFFFFFFFFFFFFFFFFFFDBDBDBDB97
:10E92000DBDBDBDBDBDBDBDBB6922400006DDBFF5C
:10E93000FFFFFFFFFFFFFFFFFFFFFFFFFFFFFFFFE7
:10E94000FFFFFFFFFFFFFFFFFFFFFFFFFFFFFFFFD7
:10E95000FFFFFFFFFFFFFFFFFFFFFFFF92492424A0
:10E9600024242424242424242424000049B6FFFF42
:10E97000FFFFFFFFFFFFFFFFFFFFFFFFFFFFFFFFA7
:10E98000FFFFFFFFFFFFFFFFFFFFFFFFFFFFFFFF97
:10E99000FFFFFFFFFFFFFFFFFFFFFFFF6D00000016
:10E9A000000000000000000000002449B6FFFFFF47
:10E9B000FFFFFFFFFFFFFFFFFFFFFFFFFFFFFFFF67
:10E9C000FFFFFFFFFFFFFFFFFFFFFFFFFFFFFFFF57
:10E9D000FFFFFFFFFFFFFFFFFFFFFFFF6D2400248E
:10E9E0002424242424000000000049B6FFFFFFFF78
:10E9F000FFFFFFFFFFFFFFFFFFFFFFFFFFFFFFFF27
:10EA0000FFFFFFFFFFFFFFFFFFFFFFFFFFFFFFFF16
:10EA1000FFFFFFFFFFFFFFFFFFFFFFFFDBDBDBDB96
:10EA2000DBDBDBDBDBB69249000049B6FFFFFFFF13
:10EA3000FFFFFFFFFFFFFFFFFFFFFFFFFFFFFFFFE6
:10EA4000FFFFFFFFFFFFFFFFFFFFFFFFFFFFFFFFD6
:10EA5000FFFFFFFFFFFFFFFFFFFFFFFFFFFFFFFFC6
:10EA6000FFFFFFFFFFFFDB9249002492FFFFFFFF44
:10EA7000FFFFFFFFFFFFFFFFFFFFFFFFFFFFFFFFA6
:10EA8000FFFFFFFFFFFFFFFFFFFFFFFFFFFFFFFF96
:10EA9000FFFFFFFFFFFFFFFFFFFFFFFFFFFFFFFF86
:10EAA000FFFFFFFFFFFFFFDB9200006DFFFFFFFF97
:10EAB000FFFFFFFFFFFFFFFFFFFFFFFFFFFFFFFF66
:10EAC000FFFFFFFFFFFFFFFFFFFFFFFFFFFFFFFF56
:10EAD000FFFFFFFFFFFFFFFFFFFFFFFFFFFFFFFF46
:10EAE000FFFFFFFFFFFFFFFFB600006DFFFFFFFF0F
:10EAF000FFFFFFFFFFFFFFFFFFFFFFFFFFFFFFFF26
:10EB0000FFFFFFFFFFFFFFFFFFFFFFFFFFFFFFFF15
:10EB1000FFFFFFFFFFFFFFFFFFFFFFFFFFFFFFFF05
:10EB2000FFFFFFFFFFFFFFFFB600006DFFFFFFFFCE
:10EB3000FFFFFFFFFFFFFFFFFFFFFFFFFFFFFFFFE5
:10EB4000FFFFFFFFFFFFFFFFFFFFFFFFFFFFFFFFD5
:10EB5000FFFFFFFFFFFFFFFFFFFFFFFFFFFFFFFFC5
:10EB6000FFFFFFFFFFFFFFDB9200006DFFFFFFFFD6
:10EB7000FFFFFFFFFFFFFFFFFFFFFFFFFFFFFFFFA5
:10EB8000FFFFFFFFFFFFFFFFFFFFFFFFFFFFFFFF95
:10EB9000FFFFFFFFFFFFFFFFFFFFFFFFFFFFFFFF85
:10EBA000FFFFFFFFFFFFDB9249002492FFFFFFFF03
:10EBB000FFFFFFFFFFFFFFFFFFFFFFFFFFFFFFFF65
:10EBC000FFFFFFFFFFFFFFFFFFFFFFFFFFFFFFFF55
:10EBD000FFFFFFFFFFFFFFFFFFFFFFFFFFFFFFDB69
:10EBE000DBB6B6B6B6B6924900006DDBFFFFFFFF9D
:10EBF000FFFFFFFFFFFFFFFFFFFFFFFFFFFFFFFF25
:10EC0000FFFFFFFFFFFFFFFFFFFFFFFFFFFFFFFF14
:10EC1000FFFFFFFFFFFFFFFFFFFFFFFFFFFFDB49DE
:10EC200024000000000000000024B6FFFFFFFFFFEB
:10EC3000FFFFFFFFFFFFFFFFFFFFFFFFFFFFFFFFE4
:10EC4000FFFFFFFFFFFFFFFFFFFFFFFFFFFFFFFFD4
:10EC5000FFFFFFFFFFFFFFFFFFFFFFFFFFFFDB499E
:10EC600000000000000000244992FFFFFFFFFFFFAB
:10EC7000FFFFFFFFFFFFFFFFFFFFFFFFFFFFFFFFA4
:10EC8000FFFFFFFFFFFFFFFFFFFFFFFFFFFFFFFF94
:10EC9000FFFFFFFFFFFFFFFFFFFFFFFFFFFFDB6D3A
:10ECA000492424242424496DB6FFFFFFFFFFFFFF02
:10ECB000FFFFFFFFFFFFFFFFFFFFFFFFFFFFFFFF64
:10ECC000FFFFFFFFFFFFFFFFFFFFFFFFFFFFFFFF54
:10ECD000FFFFFFFFFFFFFFFFFFFFFFFFFFFFFFFF44
:10ECE000FFFFFFFFFFFFFFFFFFFFFFFFFFFFFFFF34
:10ECF000FFFFFFFFFFFFFFFFFFFFFFFFFFFFFFFF24
:10ED0000FFFFFFFFFFFFFFFFFFFFFFFFFFFFFFFF13
:10ED1000FFFFFFFFFFFFFFFFB66D6DB6FFFFFFFFB9
:10ED2000FFFFFFFFFFFFFFFFFFFFFFFFFFFFFFFFF3
:10ED3000FFFFFFFFFFFFFFFFFFFFFFFFFFFFFFFFE3
:10ED4000FFFFFFFFFFFFFFFFFFFFFFFFFFFFFFFFD3
:10ED5000FFFFFFFFFFFFFFDB6D24246DFFFFFFFFC1
:10ED6000FFFFFFFFFFFFFFFFFFFFFFFFFFFFFFFFB3
:10ED7000FFFFFFFFFFFFFFFFFFFFFFFFFFFFFFFFA3
:10ED8000FFFFFFFFFFFFFFFFFFFFFFFFFFFFFFFF93
:10ED9000FFFFFFFFFFFFFFB64900246DFFFFFFFFEE
:10EDA000FFFFFFFFFFFFFFFFFFFFFFFFFFFFFFFF73
:10EDB000FFFFFFFFFFFFFFFFFFFFFFFFFFFFFFFF63
:10EDC000FFFFFFFFFFFFFFFFFFFFFFFFFFFFFFFF53
:10EDD000FFFFFFFFFFFFFF6D24002492FFFFFFFFF7
:10EDE000FFFFFFFFFFFFFFFFFFFFFFFFFFFFFFFF33
:10EDF000FFFFFFFFFFFFFFFFFFFFFFFFFFFFFFFF23
:10EE0000FFFFFFFFFFFFFFFFFFFFFFFFFFFFFFFF12
:10EE1000FFFFFFFFFFFFDB49000049B6FFFFFFFFD9
:10EE2000FFFFFFFFFFFFFFFFFFFFFFFFFFFFFFFFF2
:10EE3000FFFFFFFFFFFFFFFFFFFFFFFFFFFFFFFFE2
:10EE4000FFFFFFFFFFFFFFFFFFFFFFFFFFFFFFFFD2
:10EE5000FFFFFFFFFFFFB62400006DFFFFFFFFFF76
:10EE6000FFFFFFFFFFFFFFFFFFFFFFFFFFFFFFFFB2
:10EE7000FFFFFFFFFFFFFFFFFFFFFFFFFFFFFFFFA2
:10EE8000FFFFFFFFFFFFFFFFFFFFFFFFFFFFFFFF92
:10EE9000FFFFFFFFFFDB9200002492FFFFFFFFFF59
:10EEA000FFFFFFFFFFFFFFFFDBB6926D6D6D92DB93
:10EEB000FFFFFFFFFFFFFFFFFFFFFFFFFFFFFFFF62
:10EEC000FFFFFFFFFFFFFFFFFFFFFFFFFFFFFFFF52
:10EED000FFFFFFFFFFB66D002449B6FFFFFFFFFFF6
:10EEE000FFFFFFFFFFFFFFDB924924240024496D51
:10EEF000B6DBFFFFFFFFFFFFFFFFFFFFFFFFFFFF8F
:10EF0000FFFFFFFFFFFFFFFFFFFFFFFFDBDBDBDBA1
:10EF1000DBDBDBB6B66D24004992DBFFFFFFFFFFB2
:10EF2000FFFFFFFFFFFFDB6D24000000000000007B
:10EF3000246DDBFFFFFFFFFFFFFFFFFFFFFFFFFF72
:10EF4000FFFFFFFFFFDBDBDBDBB6B6929292926D39
:10EF50006D494949242400006DDBFFFFFFFFFFFFDF
:10EF6000FFFFFFFFFFFF924900246D92926D240086
:10EF7000004992DBFFDBDBDBDBB6B6B6B6929292E2
:10EF80006D6D6D4949494949492424242424242488
:10EF9000240000000000002492FFFFFFFFFFFFDBC2
:10EFA000B6B6B6B6B6B64900006DB6DBFFDB922446
:10EFB00000004992926D6D6D6D494949494924247B
:10EFC00024000000000000000000000000000024F9
:10EFD0002449494949496D92DBFFFFFFFFFFB69283
:10EFE000492400244949000024DBFFFFFFFFDB6DBB
:10EFF0000000000000000000000000000000000011
:10F000000000000000000000244949240000249270
:10F01000B6B6B6DBDBDBFFFFFFFFFFFFFF9224246A
:10F02000000000000000000024DBFFFFFFFFFF6D79
:10F0300000000000002424244949496D6D6D6D9243
:10F0400092B6B6926D0000246DB69249002449DB59
:10F05000FFFFFFFFFFFFFFFFFFFFFFFFB6490000BD
:10F0600024496D492400000024DBFFFFFFFFFF6DF2
:10F070000000006D92929292B6B6B6B6B6DBDBDBBC
:10F08000DBFFFFDB6D002449B6FFB64900246DFFAE
:10F09000FFFFFFFFFFFFFFFFFFFFFFFF6D240024C7
:10F0A0006DDBDBB66D49000024DBFFFFFFFFFF6D6A
:10F0B000000024DBFFFFFFFFFFFFFFFFFFFFFFFF5D
:10F0C000FFFFFFDB6D00246DB6FF9249004992FF00
:10F0D000FFFFFFFFFFFFFFFFFFFFFFFF49000049AA
:10F0E000DBFFFFFFDB92240024DBFFFFFFFFFF6D50
:10F0F000000024DBFFFFFFFFFFFFFFFFFFFFFFFF1D
:10F10000FFFFFFB64900496DDBDB9224004992FF07
:10F11000FFFFFFFFFFFFFFFFFFFFFFFF2400006D6A
:10F12000FFFFFFFFFFB6240024DBFFFFFFFFFF6DA3
:10F13000000024DBFFFFFFFFFFFFFFFFFFFFFFFFDC
:10F14000FFFFFFB649004992DBDB6D242449B6FF7F
:10F15000FFFFFFFFFFFFFFFFFFFFFFFF4900004929
:10F16000DBFFFFFFDBB6240024DBFFFFFFFFFF6DAB
:10F17000000024DBFFFFFFFFFFFFFFFFFFFFFFFF9C
:10F18000FFFFFF9224006DB6DBDB6D00246DDBFF1B
:10F19000FFFFFFFFFFFFFFFFFFFFFFFF6D240024C6
:10F1A0006DDBFFDB6D49000024DBFFFFFFFFFF6D20
:10F1B000000024DBFFFFFFFFFFFFFFFFFFFFFFFF5C
:10F1C000FFFFFF9200006DDBFFDB4900246DFFFFB6
:10F1D000FFFFFFFFFFFFFFFFFFFFFFFFB64900003C
:10F1E00024496D492400000024DBFFFFFFFFFF6D71
:10F1F000000024DBFFFFFFFFFFFFFFFFFFFFFFFF1C
:10F20000FFFFFF92000092DBFFDB24002492FFFF50
:10F21000FFFFFFFFFFFFFFFFFFFFFFFFDB92492420
:10F22000000000000000000024DBFFFFFFFFFF6D77
:10F23000000024DBFFFFFFFFFFFFFFFFFFFFFFFFDB
:10F24000FFFFFF6D000092FFFFB624004992FFFF11
:10F25000FFFFFFFFFFFFFFFFFFFFFFFFFFDBB69298
:10F26000492400244949000024DBFFFFFFFFFF6D14
:10F27000000024DBFFFFFFFFFFFFFFFFFFFFFFFF9B
:10F28000FFFFDB6D002492FFFFB6240049B6FFFFAD
:10F29000FFFFFFFFFFFFFFFFFFFFFFFFFFFFFFDBA2
:10F2A000B6B6B6B6B692240024DBFFFFFFFFFF6DB3
:10F2B000000024DBFFFFFFFFFFFFFFFFFFFFFFFF5B
:10F2C000FFDBB6490024B6FFDB9224246DB6FFFFB6
:10F2D000FFFFFFFFFFFFFFFFFFFFFFFFFFFFFFFF3E
:10F2E000FFFFFFFFFFDB240024DBFFFFFFFFFF6DBD
:10F2F000000024DBFFFFFFFFFFFFFFFFFFFFFFFF1B
:10F30000FFDBB6490049B6FFDB92242492B6FFFF2B
:10F31000FFFFFFFFFFFFFFFFFFFFFFFFFFFFFFFFFD
:10F32000FFFFFFFFFFDB240024DBFFFFFFFFFF6D7C
:10F33000000024DBFFFFFFFFFFFFFFFFFFFFFFFFDA
:10F34000FFB69249006DDBFFDB6D242492DBFFFFEB
:10F35000FFFFFFFFFFFFFFFFFFFFFFFFFFFFFFFFBD
:10F36000FFFFFFFFFFDB240024DBFFFFFFFFFF6D3C
:10F37000000024DBFFFFFFFFFFFFFFFFFFFFFFFF9A
:10F38000FFB692240092DBFFB6490049B6DBFFFFCF
:10F39000FFFFFFFFFFFFFFFFFFFFFFFFFFFFFFFF7D
:10F3A000FFFFFFFFFFDB240024DBFFFFFFFFFF6DFC
:10F3B000000024DBFFFFFFFFFFFFFFFFFFFFFFFF5A
:10F3C000FF926D240092DBFFB6490049B6DBFFFFD8
:10F3D000FFFFFFFFFFFFFFFFFFFFFFFFFFFFFFFF3D
:10F3E000FFFFFFFFFFDB240024DBFFFFFFFFFF6DBC
:10F3F000000024DBFFFFFFFFFFFFFFFFFFFFFFFF1A
:10F40000FF92490024B6FFFFB624006DDBFFFFFF2B
:10F41000FFFFFFFFFFFFFFFFFFFFFFFFFFFFFFFFFC
:10F42000FFFFFFFFFFDB240024DBFFFFFFFFFF6D7B
:10F43000000024DBFFFFFFFFFFFFFFFFFFFFFFFFD9
:10F44000FF6D490024DBFFFF9224006DFFFFFFFFEB
:10F45000FFFFFFFFFFFFFFFFFFFFFFFFFFFFFFFFBC
:10F46000FFFFFFFFFFDB240024DBFFFFFFFFFF6D3B
:10F47000000024DBFFFFFFFFFFFFFFFFFFFFFFFF99
:10F48000FF6D240024DBFFFF92000092FFFFFFFFCF
:10F49000FFFFFFFFFFFFFFFFFFFFFFFFFFFFFFFF7C
:10F4A000FFFFFFFFFFDB240024DBFFFFFFFFFF6DFB
:10F4B000000024DBFFFFFFFFFFFFFFFFFFFFFFFF59
:10F4C000DB6D240049DBFFFF6D000092FFFFFFFFB3
:10F4D000FFFFFFFFFFFFFFFFFFFFFFFFFFFFFFFF3C
:10F4E000FFFFFFFFFFDB240024DBFFFFFFFFFF6DBB
:10F4F000000024DBFFFFFFFFFFFFFFFFFFFFFFFF19
:10F50000DB49240049FFFFDB6D002492FFFFFFFF72
:10F51000FFFFFFFFFFFFFFFFFFFFFFFFFFFFFFFFFB
:10F52000FFFFFFFFFFDB240024DBFFFFFFFFFF6D7A
:10F53000000024DBFFFFFFFFFFFFFFFFFFFFFFFFD8
:10F54000B64924246DFFDBB66D0049B6FFFFFFFF0F
:10F55000FFFFFFFFFFFFFFFFFFFFFFFFFFFFFFFFBB
:10F56000FFFFFFFFFFDB240024DBFFFFFFFFFF6D3A
:10F57000000024DBFFFFFFFFFFFFFFFFFFFFFFFF98
:10F580009224242492FFDBB6490049B6FFFFFFFF17
:10F59000FFFFFFFFFFFFFFFFFFFFFFFFFFFFFFFF7B
:10F5A000FFFFFFFFFFDB240024DBFFFFFFFFFF6DFA
:10F5B000000024DBFFFFFFFFFFFFFFFFFFFFFFDB7C
:10F5C0009224244992FFB69249006DDBFFFFFFFFB2
:10F5D000FFFFFFFFFFFFFFFFFFFFFFFFFFFFFFFF3B
:10F5E000FFFFFFFFFFDB240024DBFFFFFFFFFF6DBA
:10F5F000000024DBFFFFFFFFFFFFFFFFFFFFFFDB3C
:10F600006D240049B6FFB66D24246DDBFFFFFFFFBC
:10F61000FFFFFFFFFFFFFFFFFFFFFFFFFFFFFFFFFA
:10F62000FFFFFFFFFFDB240024DBFFFFFFFFFF6D79
:10F63000000024DBFFFFFFFFFFFFFFFFFFFFFFDBFB
:10F6400049000049DBFF926D242492DBFFFFFFFF9E
:10F65000FFFFFFFFFFFFFFFFFFFFFFFFFFFFFFFFBA
:10F66000FFFFFFFFFFDB240024DBFFFFFFFFFF6D39
:10F67000000024DBFFFFFFFFFFFFFFFFFFFFFFDBBB
:10F680004900006DFFFF92490024B6FFFFFFFFFF16
:10F69000FFFFFFFFFFFFFFFFFFFFFFFFFFFFFFFF7A
:10F6A000FFFFFFFFFFDB240024DBFFFFFFFFFF6DF9
:10F6B000000024DBFFFFFFFFFFFFFFFFFFFFFFDB7B
:10F6C0002400006DFFFF92240024B6FFFFFFFFFF20
:10F6D000FFFFFFFFFFFFFFFFFFFFFFFFFFFFFFFF3A
:10F6E000FFFFFFFFFFDB240024DBFFFFFFFFFF6DB9
:10F6F000000024DBFFFFFFFFFFFFFFFFFFFFFFB660
:10F7000024000092FFFF6D240024DBFFFFFFFFFFBA
:10F71000FFFFFFFFFFFFFFFFFFFFFFFFFFFFFFFFF9
:10F72000FFFFFFFFFFDB240024DBFFFFFFFFFF6D78
:10F73000000024DBFFFFFFFFFFFFFFFFFFFFFFB61F
:10F7400024002492FFFF6D000049DBFFFFFFFFFF55
:10F75000FFFFFFFFFFFFFFFFFFFFFFFFFFFFDBB626
:10F760006D4949496D6D000024DBFFFFFFFFFF6D10
:10F77000000024DBFFFFFFFFFFFFFFFFFFFFDB9227
:10F7800024242492FFDB49000049DBFFFFFFFFFF39
:10F79000FFFFFFFFFFFFFFFFFFFFFFFFFFB66D490A
:10F7A000240000002424000024DBFFFFFFFFFF6D86
:10F7B000000024DBFFFFFFFFFFFFFFFFFFFFDB6D0C
:10F7C000242449B6FFB64900246DDBFFFFFFFFFF8D
:10F7D000FFFFFFFFFFFFFFFFFFFFFFFFDB6D0000ED
:10F7E000000000000000000024DBFFFFFFFFFF6DB2
:10F7F000000024DBFFFFFFFFFFFFFFFFFFFFDB6DCC
:10F8000000496DB6FFB64900246DDBFFFFFFFFFF27
:10F81000FFFFFFFFFFFFFFFFFFFFFFFF922400241A
:10F8200049B6B6924924000024DBFFFFFFFFFF6DBD
:10F83000000024DBFFFFFFFFFFFFFFFFFFFFB649D4
:10F8400000496DDBFF9224002492FFFFFFFFFFFFC2
:10F85000FFFFFFFFFFFFFFFFFFFFFFFF4900004922
:10F86000B6FFFFDBB692240024DBFFFFFFFFFF6D36
:10F87000000024DBFFFFFFFFFFFFFFFFFFFFB64994
:10F88000006D92DBFF6D240049B6FFFFFFFFFFFF15
:10F89000FFFFFFFFFFFFFFFFFFFFFFFF4900006DBE
:10F8A000FFFFFFFFFFB6240024DBFFFFFFFFFF6D1C
:10F8B000000024DBFFFFFFFFFFFFFFFFFFFF92249D
:10F8C000006D92FFFF6D240049B6FFFFFFFFFFFFB1
:10F8D000FFFFFFFFFFFFFFFFFFFFFFFF4900006D7E
:10F8E000FFFFFFFFDBB6240024DBFFFFFFFFFF6D00
:10F8F000000024DBFFFFFFFFFFFFFFFFFFFF920081
:10F900000092B6FFDB49000049DBFFFFFFFFFFFF6E
:10F91000FFFFFFFFFFFFFFFFFFFFFFFF4900004961
:10F9200092DBFFDB926D000024DBFFFFFFFFFF6D2A
:10F93000000024DBFFFFFFFFFFFFFFFFFFFF6D0065
:10F940000092B6FFDB2400006DDBFFFFFFFFFFFF2F
:10F95000FFFFFFFFFFFFFFFFFFFFFFFF92240000FD
:10F960004992B6924924000024DBFFFFFFFFFF6DA0
:10F97000000024DBFFFFFFFFFFFFFFFFFFFF6D0025
:10F980002492DBFFDB2400006DFFFFFFFFFFFFFF82
:10F99000FFFFFFFFFFFFFFFFFFFFFFFFDB6D00002B
:10F9A000000000000000000024DBFFFFFFFFFF6DF0
:10F9B000000024DBFFFFFFFFFFFFFFFFFFDB6D0009
:10F9C00024B6DBFFB624000092FFFFFFFFFFFFFF1E
:10F9D000FFFFFFFFFFFFFFFFFFFFFFFFFFB6926D7F
:10F9E000240000002424000024DBFFFFFFFFFF6D44
:10F9F000000024DBFFFFFFFFFFFFFFFFFFB6490012
:10FA000049B6DBFFB600002492FFFFFFFFFFFFFFB8
:10FA1000FFFFFFFFFFFFFFFFFFFFFFFFFFFFFFDB1A
:10FA2000926D6D6D926D240024DBFFFFFFFFFF6D73
:10FA3000000024DBFFFFFFFFFFFFFFFFFFB64900D1
:10FA40006DB6DBDB92002449B6FFFFFFFFFFFFFF2F
:10FA5000FFFFFFFFFFFFFFFFFFFFFFFFFFFFFFFFB6
:10FA6000FFFFFFFFFFDB240024DBFFFFFFFFFF6D35
:10FA7000000024DBFFFFFFFFFFFFFFFFFF922424B6
:10FA80006DDBDBDB6D002449B6FFFFFFFFFFFFFFEF
:10FA9000FFFFFFFFFFFFFFFFFFFFFFFFFFFFFFFF76
:10FAA000FFFFFFFFFFDB240024DBFFFFFFFFFF6DF5
:10FAB0000000006D92B6DBFFFFFFFFFFFF6D242407
:10FAC00092DBFFB66D00496DB6FFFFFFFFFFFFFF42
:10FAD000FFFFFFFFFFFFFFFFFFFFFFFFFFFFFFFF36
:10FAE000FFFFFFFFFFDB490049FFFFFFFFFFFF9222
:10FAF00000000024496D6D92B6B6DBDBDB490024C3
:10FB000092FFFFB649004992DBFFFFFFFFFFFFFFB7
:10FB1000FFFFFFFFFFFFFFFFFFFFFFFFFFFFFFFFF5
:10FB2000FFFFFFFFFFFF926D92FFFFFFFFFFFFB69A
:10FB3000492400000000000024496D929224002412
:10FB4000B6FFFFB624006DB6DBFFFFFFFFFFFFFF30
:10FB5000FFFFFFFFFFFFFFFFFFFFFFFFFFFFFFFFB5
:10FB6000FFFFFFFFFFFFDBDBDBFFFFFFFFFFFFFF11
:10FB7000DBB6926D492424000000242424000000F8
:10FB80006DB6B66D24006DB6FFFFFFFFFFFFFFFFF0
:10FB9000FFFFFFFFFFFFFFFFFFFFFFFFFFFFFFFF75
:10FBA000FFFFFFFFFFFFFFFFFFFFFFFFFFFFFFFF65
:10FBB000FFFFFFDBB692926D49492424000000004C
:10FBC0002449492400006D92DBFFFFFFFFFFFFFF88
:10FBD000FFFFFFFFFFFFFFFFFFFFFFFFFFFFFFFF35
:10FBE000FFFFFFFFFFFFFFFFFFFFFFFFFFFFFFFF25
:10FBF000FFFFFFFFFFFFFFFFDBB6926D49242400EC
:10FC0000000000000000244992B6DBFFFFFFFFFF69
:10FC1000FFFFFFFFFFFFFFFFFFFFFFFFFFFFFFFFF4
:10FC2000FFFFFFFFFFFFFFFFFFFFFFFFFFFFFFFFE4
:10FC3000FFFFFFFFFFFFFFFFFFFFFFDBDBDBB692F6
:10FC40006D49490000000000242449B6FFFFFFFF72
:10FC5000FFFFFFFFFFFFFFFFFFFFFFFFFFFFFFFFB4
:10FC6000FFFFFFFFFFFFFFFFFFFFFFFFFFFFFFFFA4
:10FC7000FFFFFFFFFFFFFFFFFFFFFFFFFFFFFFDBB8
:10FC8000DBB6B6926D494924242449B6FFFFFFFF35
:10FC9000FFFFFFFFFFFFFFFFFFFFFFFFFFFFFFFF74
:10FCA000FFFFFFFFFFFFFFFFFFFFFFFFFFFFFFFF64
:10FCB000FFFFFFFFFFFFFFFFFFFFFFFFFFFFFFFF54
:10FCC000FFFFFFFFFFDBB6926D6D92DBFFFFFFFFD3
:10FCD000FFFFFFFFFFFFFFFFFFFFFFFFFFFFFFFF34
:10FCE000FFFFFFFFFFFFFFFFFFFFFFFFFFFFFFFF24
:10FCF000FFFFFFFFFFFFFFFFFFFFFFFFFFFFFFFF14
:10FD0000FFFFFFFFFFFFFFFFFFFFFFFFFFFFFFFF03
:10FD1000FFFFFFFFFFFFFFFFB66D6DB6FFFFFFFFA9
:10FD2000FFFFFFFFFFFFFFFFFFFFFFFFFFFFFFFFE3
:10FD3000FFFFFFFFFFFFFFFFFFFFFFFFFFFFFFFFD3
:10FD4000FFFFFFFFFFFFFFFFFFFFFFFFFFFFFFFFC3
:10FD5000FFFFFFFFFFFFFFDB6D24246DFFFFFFFFB1
:10FD6000FFFFFFFFFFFFFFFFFFFFFFFFFFFFFFFFA3
:10FD7000FFFFFFFFFFFFFFFFFFFFFFFFFFFFFFFF93
:10FD8000FFFFFFFFFFFFFFFFFFFFFFFFFFFFFFFF83
:10FD9000FFFFFFFFFFFFFFB64900246DFFFFFFFFDE
:10FDA000FFFFFFFFFFFFFFFFFFFFFFFFFFFFFFFF63
:10FDB000FFFFFFFFFFFFFFFFFFFFFFFFFFFFFFFF53
:10FDC000FFFFFFFFFFFFFFFFFFFFFFFFFFFFFFFF43
:10FDD000FFFFFFFFFFFFFF6D24002492FFFFFFFFE7
:10FDE000FFFFFFFFFFFFFFFFFFFFFFFFFFFFFFFF23
:10FDF000FFFFFFFFFFFFFFFFFFFFFFFFFFFFFFFF13
:10FE0000FFFFFFFFFFFFFFFFFFFFFFFFFFFFFFFF02
:10FE1000FFFFFFFFFFFFDB49000049B6FFFFFFFFC9
:10FE2000FFFFFFFFFFFFFFFFFFFFFFFFFFFFFFFFE2
:10FE3000FFFFFFFFFFFFFFFFFFFFFFFFFFFFFFFFD2
:10FE4000FFFFFFFFFFFFFFFFFFFFFFFFFFFFFFFFC2
:10FE5000FFFFFFFFFFFFB62400006DFFFFFFFFFF66
:10FE6000FFFFFFFFFFFFFFFFFFFFFFFFFFFFFFFFA2
:10FE7000FFFFFFFFFFFFFFFFFFFFFFFFFFFFFFFF92
:10FE8000FFFFFFFFFFFFFFFFFFFFFFFFFFFFFFFF82
:10FE9000FFFFFFFFFFDB9200002492FFFFFFFFFF49
:10FEA000FFFFFFFFFFFFFFFFDBB6926D6D6D92DB83
:10FEB000FFFFFFFFFFFFFFFFFFFFFFFFFFFFFFFF52
:10FEC000FFFFFFFFFFFFFFFFFFFFFFFFFFFFFFFF42
:10FED000FFFFFFFFFFB66D002449B6FFFFFFFFFFE6
:10FEE000FFFFFFFFFFFFFFDB924924240024496D41
:10FEF000B6DBFFFFFFFFFFFFFFFFFFFFFFFFFFFF7F
:10FF0000FFFFFFFFFFFFFFFFFFFFFFFFDBDBDBDB91
:10FF1000DBDBDBB6B66D24004992DBFFFFFFFFFFA2
:10FF2000FFFFFFFFFFFFDB6D24000000000000006B
:10FF3000246DDBFFFFFFFFFFFFFFFFFFFFFFFFFF62
:10FF4000FFFFFFFFFFDBDBDBDBB6B6929292926D29
:10FF50006D494949242400006DDBFFFFFFFFFFFFCF
:10FF6000FFFFFFFFFFFF924900246D92926D240076
:10FF7000004992DBFFDBDBDBDBB6B6B6B6929292D2
:10FF80006D6D6D4949494949492424242424242478
:10FF90002400000000000024B6FFFFFFFFFFFFDB8E
:10FFA000B6B6B6B6B6B64900006DB6DBFFDB922436
:10FFB00000004992926D6D6D6D494949494924246B
:10FFC00024000000000000000000000000000024E9
:10FFD0002449494949496D92DBFFFFFFFFFFB69273
:10FFE000492400244949000024DBFFFFFFFFDB6DAB
:10FFF0000000000000000000000000000000000001
:020000040802F0
:1000000000000000002424242449492400002492F4
:10001000B6B6B6DBDBDBFFFFFFFFFFFFFF9224245A
:10002000000000000000000024DBFFFFFFFFFF6D69
:1000300000000000002424244949496D6D6D6D9233
:1000400092B6B6B6B6DBDBDBDBDB9249002449DBDC
:10005000FFFFFFFFFFFFFFFFFFFFFFFFB6490000AD
:1000600024496D492400000024DBFFFFFFFFFF6DE2
:100070000000006D92929292B6B6B6B6B6DBDBDBAC
:10008000DBFFFFFFFFFFFFFFFFFFB64900246DFF0F
:10009000FFFFFFFFFFFFFFFFFFFFFFFF6D240024B7
:1000A0006DDBDBB66D49000024DBFFFFFFFFFF6D5A
:1000B000000024DBFFFFFFFFFFFFFFFFFFFFFFFF4D
:1000C000FFFFFFFFFFFFFFFFFFFF924900246DFFCF
:1000D000FFFFFFFFFFFFFFFFFFFFFFFF490000499A
:1000E000DBFFFFFFDB92240024DBFFFFFFFFFF6D40
:1000F000000024DBFFFFFFFFFFFFFFFFFFFFFFFF0D
:10010000FFFFFFFFFFFFFFFFFFFF9224002449DBFB
:10011000FFFFFFFFFFFFFFFFFFFFFFFF2400006D5A
:10012000FFFFFFFFFFB6240024DBFFFFFFFFFF6D93
:10013000000024DBFFFFFFFFFFFFFFFFFFFFFFFFCC
:10014000FFFFFFFFFFFFFFFFFFDB6D240000249296
:10015000DBFFFFFFFFFFFFFFFFFFFFFF490000493D
:10016000DBFFFFFFDBB6240024DBFFFFFFFFFF6D9B
:10017000000024DBFFFFFFFFFFFFFFFFFFFFFFFF8C
:10018000FFFFFFFFFFFFFFFFFFDB6D0000000049E7
:10019000B6FFFFFFFFFFFFFFFFFFFFFF6D240024FF
:1001A0006DDBFFDB6D49000024DBFFFFFFFFFF6D10
:1001B000000024DBFFFFFFFFFFFFFFFFFFFFFFFF4C
:1001C000FFFFFFFFFFFFFFFFFFDB49000000000014
:1001D0006DDBFFFFFFFFFFFFFFFFFFFFB6490000E2
:1001E00024496D492400000024DBFFFFFFFFFF6D61
:1001F000000024DBFFFFFFFFFFFFFFFFFFFFFFFF0C
:10020000FFFFFFFFFFFFFFFFFFDB2400002449008B
:10021000246DDBFFFFFFFFFFFFFFFFFFDB924924A1
:10022000000000000000000024DBFFFFFFFFFF6D67
:10023000000024DBFFFFFFFFFFFFFFFFFFFFFFFFCB
:10024000FFFFFFFFFFFFFFFFFFB62400246D922496
:100250000024B6DBFFFFFFFFFFFFFFFFFFDBB692CF
:10026000492400244949000024DBFFFFFFFFFF6D04
:10027000000024DBFFFFFFFFFFFFFFFFFFFFFFFF8B
:10028000FFFFFFFFFFFFFFFFFFB624004992DB6D7A
:100290002400496DDBFFFFFFFFFFFFFFFFFFFFDBD8
:1002A000B6B6B6B6B692240024DBFFFFFFFFFF6DA3
:1002B000000024DBFFFFFFFFFFFFFFFFFFFFFFFF4B
:1002C000FFFFFFFFFFFFFFFFDB9224246DB6FFB6A9
:1002D0004900242492DBFFFFFFFFFFFFFFFFFFFF2A
:1002E000FFFFFFFFFFDB240024DBFFFFFFFFFF6DAD
:1002F000000024DBFFFFFFFFFFFFFFFFFFFFFFFF0B
:10030000FFFFFFFFFFFFFFFFDB92242492B6FFFFFA
:100310009249000049B6FFFFFFFFFFFFFFFFFFFF0D
:10032000FFFFFFFFFFDB240024DBFFFFFFFFFF6D6C
:10033000000024DBFFFFFFFFFFFFFFFFFFFFFFFFCA
:10034000FFFFFFFFFFFFFFFFDB6D242492DBFFFFBA
:10035000DB922400006DDBFFFFFFFFFFFFFFFFFFCD
:10036000FFFFFFFFFFDB240024DBFFFFFFFFFF6D2C
:10037000000024DBFFFFFFFFFFFFFFFFFFFFFFFF8A
:10038000FFFFFFFFFFFFFFFFB6490049B6DBFFFF9E
:10039000FFDB6D2400246DDBFFFFFFFFFFFFFFFF8E
:1003A000FFFFFFFFFFDB240024DBFFFFFFFFFF6DEC
:1003B000000024DBFFFFFFFFFFFFFFFFFFFFFFFF4A
:1003C000FFFFFFFFFFFFFFFFB6490049B6DBFFFF5E
:1003D000FFFFB69224002492DBFFFFFFFFFFFFFF29
:1003E000FFFFFFFFFFDB240024DBFFFFFFFFFF6DAC
:1003F000000024DBFFFFFFFFFFFFFFFFFFFFFFFF0A
:10040000FFFFFFFFFFFFFFFFB624006DDBFFFFFFD5
:10041000FFFFFFDB6D240049B6FFFFFFFFFFFFFF7B
:10042000FFFFFFFFFFDB240024DBFFFFFFFFFF6D6B
:10043000000024DBFFFFFFFFFFFFFFFFFFFFFFFFC9
:10044000FFFFFFFFFFFFFFFF9224006DFFFFFFFF95
:10045000FFFFFFFFDB6D00006DB6DBFFFFFFFFFF5F
:10046000FFFFFFFFFFDB240024DBFFFFFFFFFF6D2B
:10047000000024DBFFFFFFFFFFFFFFFFFFFFFFFF89
:10048000FFFFFFFFFFFFFFFF92000092FFFFFFFF54
:10049000FFFFFFFFFFB649002449B6FFFFFFFFFF44
:1004A000FFFFFFFFFFDB240024DBFFFFFFFFFF6DEB
:1004B000000024DBFFFFFFFFFFFFFFFFFFFFFFFF49
:1004C000FFFFFFFFFFFFFFFF6D000092FFFFFFFF39
:1004D000FFFFFFFFFFDB6D0000006DDBFFFFFFFF95
:1004E000FFFFFFFFFFDB240024DBFFFFFFFFFF6DAB
:1004F000000024DBFFFFFFFFFFFFFFFFFFFFFFFF09
:10050000FFFFFFFFFFFFFFDB6D002492FFFFFFFFF8
:10051000FFFFFFFFFFB66D00000049B6FFFFFFFFC2
:10052000FFFFFFFFFFDB240024DBFFFFFFFFFF6D6A
:10053000000024DBFFFFFFFFFFFFFFFFFFFFFFFFC8
:10054000FFFFFFFFFFFFDBB66D0049B6FFFFFFFFB8
:10055000FFFFFFDBB66D2400242492DBFFFFFFFFCB
:10056000FFFFFFFFFFDB240024DBFFFFFFFFFF6D2A
:10057000000024DBFFFFFFFFFFFFFFFFFFFFFFFF88
:10058000FFFFFFFFFFFFDBB6490049B6FFFFFFFF9C
:10059000FFFFB692490000246D92DBFFFFFFFFFFD3
:1005A000FFFFFFFFFFDB240024DBFFFFFFFFFF6DEA
:1005B000000024DBFFFFFFFFFFFFFFFFFFFFFFFF48
:1005C000FFFFFFFFFFFFB69249006DDBFFFFFFFF5C
:1005D000DB92492400002492DBFFFFFFFFFFFFFFB7
:1005E000FFFFFFFFFFDB240024DBFFFFFFFFFF6DAA
:1005F000000024DBFFFFFFFFFFFFFFFFFFFFFFFF08
:10060000FFFFFFFFFFFFB66D24246DDBFFFFFFB68A
:100610006D2400002449B6DBFFFFFFFFFFFFFFFF53
:10062000FFFFFFFFFFDB240024DBFFFFFFFFFF6D69
:10063000000024DBFFFFFFFFFFFFFFFFFFFFFFFFC7
:10064000FFFFFFFFFFFF926D242492DBFFDBB66DFF
:10065000240024246DB6FFFFFFFFFFFFFFFFFFFF15
:10066000FFFFFFFFFFDB240024DBFFFFFFFFFF6D29
:10067000000024DBFFFFFFFFFFFFFFFFFFFFFFFF87
:10068000FFFFFFFFFFFF9249002492DBB692240098
:1006900000246D92DBFFFFFFFFFFFFFFFFFFFFFF67
:1006A000FFFFFFFFFFDB240024DBFFFFFFFFFF6DE9
:1006B000000024DBFFFFFFFFFFFFFFFFFFFFFFFF47
:1006C000FFFFFFFFFFFF92240024926D49240000EA
:1006D0004992DBFFFFFFFFFFFFFFFFFFFFFFFFFF71
:1006E000FFFFFFFFFFDB240024DBFFFFFFFFFF6DA9
:1006F000000024DBFFFFFFFFFFFFFFFFFFFFFFFF07
:10070000FFFFFFFFFFFF6D240000492400000024CD
:1007100092DBFFFFFFFFFFFFFFFFFFFFFFFFFFFF7A
:10072000FFFFFFFFFFDB240024DBFFFFFFFFFF6D68
:10073000000024DBFFFFFFFFFFFFFFFFFFFFFFFFC6
:10074000FFFFFFFFFFFF6D0000000000000000241E
:10075000B6FFFFFFFFFFFFFFFFFFFFFFFFFFDBB65F
:100760006D4949496D6D000024DBFFFFFFFFFF6D00
:10077000000024DBFFFFFFFFFFFFFFFFFFFFFFFF86
:10078000FFFFFFFFFFDB49000000002449240000B9
:1007900092FFFFFFFFFFFFFFFFFFFFFFFFB66D4967
:1007A000240000002424000024DBFFFFFFFFFF6D76
:1007B000000024DBFFFFFFFFFFFFFFFFFFFFFFFF46
:1007C000FFFFFFFFFFB6490000244992926D000031
:1007D0006DDBFFFFFFFFFFFFFFFFFFFFDB6D000093
:1007E000000000000000000024DBFFFFFFFFFF6DA2
:1007F000000024DBFFFFFFFFFFFFFFFFFFFFFFFF06
:10080000FFFFFFFFFFB649000049B6FFDBB6490016
:100810004992FFFFFFFFFFFFFFFFFFFF922400242D
:1008200049B6B6924924000024DBFFFFFFFFFF6DAD
:10083000000024DBFFFFFFFFFFFFFFFFFFFFFFFFC5
:10084000FFFFFFFFFF9224002492DBFFFFDB9200FB
:10085000246DDBFFFFFFFFFFFFFFFFFF49000049A3
:10086000B6FFFFDBB692240024DBFFFFFFFFFF6D26
:10087000000024DBFFFFFFFFFFFFFFFFFFFFFFFF85
:10088000FFFFFFFFFF6D240049B6FFFFFFFFB62407
:100890000049DBFFFFFFFFFFFFFFFFFF4900006D87
:1008A000FFFFFFFFFFB6240024DBFFFFFFFFFF6D0C
:1008B000000024DBFFFFFFFFFFFFFFFFFFFFFFFF45
:1008C000FFFFFFFFFF6D240049B6FFFFFFFFDB497D
:1008D000002492DBFFFFFFFFFFFFFFFF4900006DD9
:1008E000FFFFFFFFDBB6240024DBFFFFFFFFFF6DF0
:1008F000000024DBFFFFFFFFFFFFFFFFFFFFFFFF05
:10090000FFFFFFFFDB49000049DBFFFFFFFFFF9216
:1009100024006D92DBFFFFFFFFFFFFFF490000494E
:1009200092DBFFDB926D000024DBFFFFFFFFFF6D1A
:10093000000024DBFFFFFFFFFFFFFFFFFFFFFFFFC4
:10094000FFFFFFFFDB2400006DDBFFFFFFFFFF92D7
:100950004900246DDBFFFFFFFFFFFFFF9224000033
:100960004992B6924924000024DBFFFFFFFFFF6D90
:10097000000024DBFFFFFFFFFFFFFFFFFFFFFFFF84
:10098000FFFFFFFFDB2400006DFFFFFFDBDBB69204
:1009900024000049B6FFFFFFFFFFFFFFDB6D0000F3
:1009A000000000000000000024DBFFFFFFFFFF6DE0
:1009B000000024DBFFFFFFFFFFFFFFFFFFFFFFFF44
:1009C000FFFFFFFFB624000092FFDBB66D49240055
:1009D00000000049B6FFFFFFFFFFFFFFFFB6926D6B
:1009E000240000002424000024DBFFFFFFFFFF6D34
:1009F000000024DBFFFFFFFFFFFFFFFFFFFFFFFF04
:100A0000FFFFFFFFB6000000496D6D4924000000A4
:100A1000246D92B6FFFFFFFFFFFFFFFFFFFFFFDB2D
:100A2000926D6D6D926D240024DBFFFFFFFFFF6D63
:100A3000000024DBFFFFFFFFFFFFFFFFFFFFFFFFC3
:100A4000FFFFFFDB92000000242400002424496DF6
:100A500092B6FFFFFFFFFFFFFFFFFFFFFFFFFFFF5C
:100A6000FFFFFFFFFFDB240024DBFFFFFFFFFF6D25
:100A7000000024DBFFFFFFFFFFFFFFFFFFFFFFFF83
:100A8000FFFFFFDB6D000000000000496D92B6DB48
:100A9000FFFFFFFFFFFFFFFFFFFFFFFFFFFFFFFF66
:100AA000FFFFFFFFFFDB240024DBFFFFFFFFFF6DE5
:100AB0000000006D92B6DBFFFFFFFFFFFFFFFFFFAF
:100AC000FFFFFFB66D000000496D92B6DBDBFFFF54
:100AD000FFFFFFFFFFFFFFFFFFFFFFFFFFFFFFFF26
:100AE000FFFFFFFFFFDB490049FFFFFFFFFFFF9212
:100AF00000000024496D6D92B6B6DBDBFFFFFFFFFF
:100B0000FFFFFFB64900244992DBFFFFFFFFFFFF15
:100B1000FFFFFFFFFFFFFFFFFFFFFFFFFFFFFFFFE5
:100B2000FFFFFFFFFFFF926D92FFFFFFFFFFFFB68A
:100B3000492400000000000024496D9292DBDBFF95
:100B4000FFFFFFB624004992DBFFFFFFFFFFFFFF1F
:100B5000FFFFFFFFFFFFFFFFFFFFFFFFFFFFFFFFA5
:100B6000FFFFFFFFFFFFDBDBDBFFFFFFFFFFFFFF01
:100B7000DBB6926D49242400000024242449496DE9
:100B800092B6B66D24006DB6FFFFFFFFFFFFFFFFBB
:100B9000FFFFFFFFFFFFFFFFFFFFFFFFFFFFFFFF65
:100BA000FFFFFFFFFFFFFFFFFFFFFFFFFFFFFFFF55
:100BB000FFFFFFDBB692926D49492424000000003C
:100BC0002449492400006D92DBFFFFFFFFFFFFFF78
:100BD000FFFFFFFFFFFFFFFFFFFFFFFFFFFFFFFF25
:100BE000FFFFFFFFFFFFFFFFFFFFFFFFFFFFFFFF15
:100BF000FFFFFFFFFFFFFFFFDBB6926D49242400DC
:100C0000000000000000244992B6DBFFFFFFFFFF59
:100C1000FFFFFFFFFFFFFFFFFFFFFFFFFFFFFFFFE4
:100C2000FFFFFFFFFFFFFFFFFFFFFFFFFFFFFFFFD4
:100C3000FFFFFFFFFFFFFFFFFFFFFFDBDBDBB692E6
:100C40006D4949000000000024246DB6FFFFFFFF3E
:100C5000FFFFFFFFFFFFFFFFFFFFFFFFFFFFFFFFA4
:100C6000FFFFFFFFFFFFFFFFFFFFFFFFFFFFFFFF94
:100C7000FFFFFFFFFFFFFFFFFFFFFFFFFFFFFFDBA8
:100C8000DBB6B6926D494924242449B6FFFFFFFF25
:100C9000FFFFFFFFFFFFFFFFFFFFFFFFFFFFFFFF64
:100CA000FFFFFFFFFFFFFFFFFFFFFFFFFFFFFFFF54
:100CB000FFFFFFFFFFFFFFFFFFFFFFFFFFFFFFFF44
:100CC000FFFFFFFFFFDBB6926D6D92DBFFFFFFFFC3
:100CD000FFFFFFFFFFFFFFFFFFFFFFFFFFFFFFFF24
:100CE000FFFFFFFFFFFFFFFFFFFFFFFFFFFFFFFF14
:100CF000FFFFFFFFFFFFFFFFFFFFFFFFFFFFFFFF04
:100D0000FFFFFFFFFFFFFFFFFFFFFFFFFFFFFFFFF3
:100D1000FFFFFFFFFFB66D6D92FFFFFFFFFFFFFFBD
:100D2000FFFFFFFFFFFFFFFFFFFFFFFFFFFFFFFFD3
:100D3000FFFFFFFFFFFFFFFFFFFFFFFFFFFFFFFFC3
:100D4000FFFFFFFFFFFFFFFFFFFFFFFFFFFFFFFFB3
:100D5000FFFFFFFFFF92242449DBFFFFFFFFFFFFA0
:100D6000FFFFFFFFFFFFFFFFFFFFFFFFFFFFFFFF93
:100D7000FFFFFFFFFFFFFFFFFFFFFFFFFFFFFFFF83
:100D8000FFFFFFFFFFFFFFFFFFFFFFFFFFFFFFFF73
:100D9000FFFFFFFFDB6D000049DBFFFFFFFFFFFFF1
:100DA000FFFFFFFFFFFFFFFFFFFFFFFFFFFFFFFF53
:100DB000FFFFFFFFFFFFFFFFFFFFFFFFFFFFFFFF43
:100DC000FFFFFFFFFFFFFFFFFFFFFFFFFFFFFFFF33
:100DD000FFFFFFFF924900246DDBFFFFFFFFFFFFD6
:100DE000FFFFFFFFFFFFFFFFFFFFFFFFFFFFFFFF13
:100DF000FFFFFFFFFFFFFFFFFFFFFFFFFFFFFFFF03
:100E0000FFFFFFFFFFFFFFFFFFFFFFFFFFFFFFFFF2
:100E1000FFFFFFFF6D240049B6FFFFFFFFFFFFFF4D
:100E2000FFFFFFFFFFFFFFFFFFFFFFFFFFFFFFFFD2
:100E3000FFFFFFFFFFFFFFFFFFFFFFFFFFFFFFFFC2
:100E4000FFFFFFFFFFFFFFFFFFFFFFFFFFFFFFFFB2
:100E5000FFFFFFDB4900246DDBFFFFFFFFFFFFFF0C
:100E6000FFFFFFFFFFFFFFFFFFFFFFFFFFFFFFFF92
:100E7000FFFFFFFFFFFFFFFFFFFFFFFFFFFFFFFF82
:100E8000FFFFFFFFFFFFFFFFFFFFFFFFFFFFFFFF72
:100E9000FFFFFFB624002492FFFFFFFFFFFFFFFFCD
:100EA000FFFFFFFFFFFFFFFFB692926D6D92B6FF4F
:100EB000FFFFFFFFFFFFFFFFFFFFFFFFFFFFFFFF42
:100EC000FFFFFFFFFFFFFFFFFFFFFFFFFFFFFFFF32
:100ED000FFFFDB9224246DB6FFFFFFFFFFFFFFFF44
:100EE000FFFFFFFFFFFFDBB66D24240000246DB67B
:100EF000DBFFFFFFFFFFFFFFFFFFFFFFFFFFFFFF26
:100F0000FFFFFFFFFFFFFFFFFFFFDBDBDBDBDBDBC9
:100F1000DBB69249004992DBFFFFFFFFFFFFFFFFB7
:100F2000FFFFFFFFFFFFB6240000000000000024C9
:100F3000B6FFFFFFFFFFFFFFFFFFFFFFFFFFFFFF0A
:100F4000FFFFFFDBDBDBDBB6B69292926D6D6D4986
:100F5000494924000049DBFFFFFFFFFFFFFFFFFFC0
:100F6000FFFFFFFFFFB6490024496D929249000040
:100F70006DB6FFFFDBDBDBB6B6B6B69292926D6D57
:100F80006D4949494949492424242424242424001E
:100F9000000000002492FFFFFFFFFFFFFFFFFFDBC9
:100FA000B6B6B6B6B66D240049B6B6FFDBB6490094
:100FB000244992926D6D6D6D494949492424242438
:100FC000000000000000000000000000242424496C
:100FD0004949496D6DB6FFFFFFFFFFFFFFFFB66D8B
:100FE000242400244924000092FFFFFFFFFF920009
:100FF00000000000000000000000000000000000F1
:101000000000000000002449490000006D92B6B6BF
:10101000B6DBDBFFFFFFFFFFFFFFFFFFFF922400B8
:101020000000000000000000B6FFFFFFFFFF92007D
:10103000000000002424244949496D6D6D9292926C
:10104000B6926D00002492DBB6240024B6FFFFFFA9
:10105000FFFFFFFFFFFFFFFFFFFFFFFFB64900009D
:1010600049496D4924000000B6FFFFFFFFFFB600AD
:1010700000249292929292B6B6B6B6DBDBDBDBFF2F
:10108000FFDB6D002449B6FFB6490049DBFFFFFFD7
:10109000FFFFFFFFFFFFFFFFFFFFFFFF6D24004982
:1010A00092DBDBB66D240000B6FFFFFFFFFFB6004A
:1010B000006DFFFFFFFFFFFFFFFFFFFFFFFFFFFFD1
:1010C000FFDB6D00246DB6DB9224006DDBFFFFFFBC
:1010D000FFFFFFFFFFFFFFFFFFFFFFFF490024B6F9
:1010E000DBFFFFFFB6490000B6FFFFFFFFFFB600C2
:1010F000006DFFFFFFFFFFFFFFFFFFFFFFFFFFFF91
:10110000FFB64900496DDBDB9224246DDBFFFFFF56
:10111000FFFFFFFFFFFFFFFFFFFFFFFF240024DBB8
:10112000FFFFFFFFDB490000B6FFFFFFFFFFB60038
:10113000006DFFFFFFFFFFFFFFFFFFFFFFFFFFFF50
:10114000FFB649006D92DBDB6D242492DBFFFFFFCD
:10115000FFFFFFFFFFFFFFFFFFFFFFFF490024B678
:10116000FFFFFFFFDB490000B6FFFFFFFFFFB600F8
:10117000006DFFFFFFFFFFFFFFFFFFFFFFFFFFFF10
:10118000FF9224006DB6DBDB490024B6FFFFFFFFB2
:10119000FFFFFFFFFFFFFFFFFFFFFFFF6D24004981
:1011A000B6DBFFDB6D240000B6FFFFFFFFFFB600DC
:1011B000006DFFFFFFFFFFFFFFFFFFFFFFFFFFFFD0
:1011C000FF92240092DBFFDB490049B6FFFFFFFFDF
:1011D000FFFFFFFFFFFFFFFFFFFFFFFFB6490024F8
:1011E00049496D4924000000B6FFFFFFFFFFB6002C
:1011F000006DFFFFFFFFFFFFFFFFFFFFFFFFFFFF90
:10120000FF6D000092FFFFB6240049DBFFFFFFFFE8
:10121000FFFFFFFFFFFFFFFFFFFFFFFFDB92240049
:101220000000000000000000B6FFFFFFFFFFB60057
:10123000006DFFFFFFFFFFFFFFFFFFFFFFFFFFFF4F
:10124000FF6D0000B6FFFFB6240049FFFFFFFFFF60
:10125000FFFFFFFFFFFFFFFFFFFFFFFFFFDBB649C1
:101260002424002449240000B6FFFFFFFFFFB6003E
:10127000006DFFFFFFFFFFFFFFFFFFFFFFFFFFFF0F
:10128000DB490024B6FFFFB600006DFFFFFFFFFF44
:10129000FFFFFFFFFFFFFFFFFFFFFFFFFFFFFFDB82
:1012A000B6B6B6B6B6490000B6FFFFFFFFFFB60000
:1012B000006DFFFFFFFFFFFFFFFFFFFFFFFFFFFFCF
:1012C000DB490024B6FFFF9200006DFFFFFFFFFF28
:1012D000FFFFFFFFFFFFFFFFFFFFFFFFFFFFFFFF1E
:1012E000FFFFFFFFFF6D0000B6FFFFFFFFFFB6002F
:1012F000006DFFFFFFFFFFFFFFFFFFFFFFFFFFFF8F
:10130000B6490049DBFFDB92002492FFFFFFFFFF9D
:10131000FFFFFFFFFFFFFFFFFFFFFFFFFFFFFFFFDD
:10132000FFFFFFFFFF6D0000B6FFFFFFFFFFB600EE
:10133000006DFFFFFFFFFFFFFFFFFFFFFFFFFFFF4E
:101340009224006DDBFFDB6D002492FFFFFFFFFFA7
:10135000FFFFFFFFFFFFFFFFFFFFFFFFFFFFFFFF9D
:10136000FFFFFFFFFF6D0000B6FFFFFFFFFFB600AE
:10137000006DFFFFFFFFFFFFFFFFFFFFFFFFFFDB32
:1013800092242492DBFFB6490049B6FFFFFFFFFF1E
:10139000FFFFFFFFFFFFFFFFFFFFFFFFFFFFFFFF5D
:1013A000FFFFFFFFFF6D0000B6FFFFFFFFFFB6006E
:1013B000006DFFFFFFFFFFFFFFFFFFFFFFFFFFDBF2
:1013C0006D242492DBFFB66D246DDBFFFFFFFFFF72
:1013D000FFFFFFFFFFFFFFFFFFFFFFFFFFFFFFFF1D
:1013E000FFFFFFFFFF6D0000B6FFFFFFFFFFB6002E
:1013F000006DFFFFFFFFFFFFFFFFFFFFFFFFFFDBB2
:10140000490024B6FFFFDB924992DBFFFFFFFFFF9D
:10141000FFFFFFFFFFFFFFFFFFFFFFFFFFFFFFFFDC
:10142000FFFFFFFFFF6D0000B6FFFFFFFFFFB600ED
:10143000006DFFFFFFFFFFFFFFFFFFFFFFFFFFDB71
:10144000490024DBFFFFFFFFDBFFFFFFB6926D4982
:101450004924496D92DBFFFFFFFFFFFFFFFFFFFF06
:10146000FFFFFFFFFF6D0000B6FFFFFFFFFFB600AD
:10147000006DFFFFFFFFFFFFFFFFFFFFFFFFFFDB31
:10148000240049DBFFFFFFFFFFFFB6924924240041
:1014900000000000246D92B6DBFFFFFFFFFFFFFF9F
:1014A000FFFFFFFFFF6D0000B6FFFFFFFFFFB6006D
:1014B000006DFFFFFFFFFFFFFFFFFFFFFFFFFFB616
:1014C000240049FFFFFFFFFFFFB66D00000024244A
:1014D000242424240000244992DBFFFFFFFFFFFFA8
:1014E000FFFFFFFFFF6D0000B6FFFFFFFFFFB6002D
:1014F000006DFFFFFFFFFFFFFFFFFFFFFFFFFFB6D6
:1015000024006DFFFFFFFFFFB6490000246D6DB69C
:10151000DBDBB692492400002492DBFFFFFFFFFFD4
:10152000FFFFFFFFFF6D0000B6FFFFFFFFFFB600EC
:10153000006DFFFFFFFFFFFFFFFFFFFFFFFFDB92DD
:1015400024246DFFFFFFFFDB6D24004992DBDBFFEE
:10155000FFFFFFDBB66D24240049B6FFFFFFFFFF4E
:10156000FFFFFFFFFF6D0000B6FFFFFFFFFFB600AC
:10157000006DFFFFFFFFFFFFFFFFFFFFFFFFDB6DC2
:10158000242492FFFFFFFF92240049B6FFFFFFFFD4
:10159000DBDBFFFFFFDB924900006DDBFFFFFFFF9E
:1015A000FFFFFFFFFF6D0000B6FFFFFFFFFFB6006C
:1015B000006DFFFFFFFFFFFFFFFFFFFFFFFFB66DA7
:1015C000004992FFFFFFB66D002492FFFFFFFFDB93
:1015D000494992FFFFFFDB9249002492FFFFFFFF82
:1015E000FFFFFFFFFF6D0000B6FFFFFFFFFFB6002C
:1015F000006DFFFFFFFFFFFFFFFFFFFFFFFFB6498B
:101600000049B6FFFFFF92240049B6FFFFFFFFB677
:1016100024006DFFFFFFFFDB9224246DFFFFFFFF1F
:10162000FFFFFFFFFF6D0000B6FFFFFFFFFFB600EB
:10163000006DFFFFFFFFFFFFFFFFFFFFFFFFB6494A
:10164000006DDBFFFFFF92000092DBFFDBB6B66DA3
:10165000000049B6DBDBFFFFB6240049FFFFFFFFB8
:10166000FFFFFFFFFF6D0000B6FFFFFFFFFFB600AB
:10167000006DFFFFFFFFFFFFFFFFFFFFFFFF922453
:10168000006DDBFFFFFF6D000092FFFF922424003E
:101690000000002449B6FFFFDB240049FFFFFFFFE5
:1016A000FFFFFFFFFF6D0000B6FFFFFFFFFFB6006B
:1016B000006DFFFFFFFFFFFFFFFFFFFFFFFF920037
:1016C0000092FFFFFFFF6D000092FFFF6D240000FE
:1016D000000000002492FFFFFF492449FFFFFFFFA5
:1016E000FFFFFFFFFF6D0000B6FFFFFFFFFFB6002B
:1016F000006DFFFFFFFFFFFFFFFFFFFFFFFF6D001C
:101700000092FFFFFFFF6D000092FFFFB66D6D4975
:101710000000246D92B6FFFFFFB69292FFFFFFFF1D
:10172000FFFFFFFFDB490000B6FFFFFFFFFFB60032
:10173000006DFFFFFFFFFFFFFFFFFFFFFFFF6D00DB
:101740002492FFFFFFFF9224006DDBFFFFFFFFB637
:1017500000006DDBFFFFFFFFFFFFFFFFFFFFDB92DE
:101760006D4949496D240000B6FFFFFFFFFFB60039
:10177000006DFFFFFFFFFFFFFFFFFFFFFFDB6D00BF
:1017800024B6FFFFFFFFB649004992FFFFFFFFB6F7
:10179000492492FFFFFFFFFFFFFFFFFFFFB66D240D
:1017A0000000000024000000B6FFFFFFFFFFB600AE
:1017B000006DFFFFFFFFFFFFFFFFFFFFFFB64900C8
:1017C00049B6FFFFFFFFDB92000049DBFFFFFFDBB5
:1017D0009292B6FFFFFFFFFFFFFFFFFFDB6D0000F0
:1017E0000000000000000000B6FFFFFFFFFFB60092
:1017F000006DFFFFFFFFFFFFFFFFFFFFFFB6490088
:101800006DB6FFFFFFFFFFB62400246DDBFFFFFF77
:10181000FFFFFFFFFFFFFFFFFFFFFFFF92240049D5
:1018200092B6B69249000000B6FFFFFFFFFFB60078
:10183000006DFFFFFFFFFFFFFFFFFFFFFF9224246C
:101840006DDBFFFFFFFFFFDB922400244992B6DB34
:10185000FFFFFFFFFFFFFFFFFFFFFFFF4900249295
:10186000DBFFFFDBB6240000B6FFFFFFFFFFB60083
:10187000006DFFFFFFFFFFFFFFFFFFFFFF6D242451
:1018800092DBFFDB9292DBFFDB9224000024496DA8
:101890006D92DBFFFFFFFFFFFFFFFFFF240024DB54
:1018A000FFFFFFFFDB490000B6FFFFFFFFFFB600B1
:1018B000006DFFFFFFFFFFFFFFFFFFFFFF6D002435
:1018C00092FFDB9224006DDBFFDB924924000000D5
:1018D000002492FFFFFFFFFFFFFFFFFF490024DB13
:1018E000FFFFFFFFDB490000B6FFFFFFFFFFB60071
:1018F000006DFFFFFFFFFFFFFFFFFFFFFF49002419
:10190000B6FFDB4900006DDBFFFFFFDB9249492496
:10191000244992FFFFFFFFFFFFFFFFFF49002492D2
:10192000B6DBFFDB92240000B6FFFFFFFFFFB6002F
:10193000006DFFFFFFFFFFFFFFFFFFFFDB24002421
:10194000DBFFDB2400006DDBFFFFFFFFDBB6B692A1
:1019500092B6DBFFFFFFFFFFFFFFFFFF9224002493
:101960006D92B69224000000B6FFFFFFFFFFB600A5
:10197000006DFFFFFFFFFFFFFFFFFFFFDB240049BC
:10198000DBFFB624000092FFFFFFFFFFFFFFFFFF1A
:10199000FFFFFFFFFFFFFFFFFFFFFFFFDB6D00000B
:1019A0000000000000000000B6FFFFFFFFFFB600D0
:1019B000006DFFFFFFFFFFFFFFFFFFDBB6240049C5
:1019C000DBFFB600000092FFFFFFFFFFFFFFFFFFFE
:1019D000FFFFFFFFFFFFFFFFFFFFFFFFFFB66D49A8
:1019E0002400000024000000B6FFFFFFFFFFB60048
:1019F000006DFFFFFFFFFFFFFFFFFFDBB624246D3D
:101A0000DBFF9200002492FFFFFFFFFFFFFFFFFFBD
:101A1000FFFFFFFFFFFFFFFFFFFFFFFFFFFFDB9267
:101A20006D6D6D6D92240000B6FFFFFFFFFFB600E5
:101A3000006DFFFFFFFFFFFFFFFFFFB69200246D69
:101A4000DBDB92002424B6FFFFFFFFFFFFFFFFFF59
:101A5000FFFFFFFFFFFFFFFFFFFFFFFFFFFFFFFF96
:101A6000FFFFFFFFDB490000B6FFFFFFFFFFB600EF
:101A7000006DFFFFFFFFFFFFFFFFFF926D0024924D
:101A8000FFDB6D002449B6FFFFFFFFFFFFFFFFFFF5
:101A9000FFFFFFFFFFFFFFFFFFFFFFFFFFFFFFFF56
:101AA000FFFFFFFFFF6D0000B6FFFFFFFFFFB60067
:101AB00000249292B6DBFFFFFFFFFF6D490049B69D
:101AC000FFB66D00496DDBFFFFFFFFFFFFFFFFFF6C
:101AD000FFFFFFFFFFFFFFFFFFFFFFFFFFFFFFFF16
:101AE000FFFFFFFFFF6D0024B6FFFFFFFFFFB624DF
:101AF00000002424496D92B6DBDBB649490049B6A3
:101B0000FFB649004992DBFFFFFFFFFFFFFFFFFF2A
:101B1000FFFFFFFFFFFFFFFFFFFFFFFFFFFFFFFFD5
:101B2000FFFFFFFFFF926D6DDBFFFFFFFFFFDB6D30
:101B30002400000000000024496D6D24240049B6F3
:101B4000FF9224006DB6DBFFFFFFFFFFFFFFFFFFEB
:101B5000FFFFFFFFFFFFFFFFFFFFFFFFFFFFFFFF95
:101B6000FFFFFFFFFFFFDBDBFFFFFFFFFFFFFFDBF1
:101B7000B6926D6D492400000024240000002492D8
:101B8000B66D24006DB6FFFFFFFFFFFFFFFFFFFFF5
:101B9000FFFFFFFFFFFFFFFFFFFFFFFFFFFFFFFF55
:101BA000FFFFFFFFFFFFFFFFFFFFFFFFFFFFFFFF45
:101BB000FFFFDBB6B6926D49492400000000002407
:101BC000492400006DB6DBFFFFFFFFFFFFFFFFFFB3
:101BD000FFFFFFFFFFFFFFFFFFFFFFFFFFFFFFFF15
:101BE000FFFFFFFFFFFFFFFFFFFFFFFFFFFFFFFF05
:101BF000FFFFFFFFFFFFFFDBB69249242400000038
:101C000000000000246D92B6DBFFFFFFFFFFFFFF27
:101C1000FFFFFFFFFFFFFFFFFFFFFFFFFFFFFFFFD4
:101C2000FFFFFFFFFFFFFFFFFFFFFFFFFFFFFFFFC4
:101C3000FFFFFFFFFFFFFFFFFFFFDBDBDBB6926D68
:101C4000240000000000242449DBFFFFFFFFFFFF0A
:101C5000FFFFFFFFFFFFFFFFFFFFFFFFFFFFFFFF94
:101C6000FFFFFFFFFFFFFFFFFFFFFFFFFFFFFFFF84
:101C7000FFFFFFFFFFFFFFFFFFFFFFFFFFFFDBB6E1
:101C8000B6926D494924242449B6FFFFFFFFFFFFA8
:101C9000FFFFFFFFFFFFFFFFFFFFFFFFFFFFFFFF54
:101CA000FFFFFFFFFFFFFFFFFFFFFFFFFFFFFFFF44
:101CB000FFFFFFFFFFFFFFFFFFFFFFFFFFFFFFFF34
:101CC000FFFFFFDBB6926D6D92DBFFFFFFFFFFFFB3
:101CD000FFFFFFFFFFFFFFFFFFFFFFFFFFFFFFFF14
:101CE000FFFFFFFFFFFFFFFFFFFFFFFFFFFFFFFF04
:101CF000FFFFFFFFFFFFFFFFFFFFDB6D24246DFFF2
:101D0000FFFFFFFFFFFFFFFFFFFFFFFFFFFFFFFFE3
:101D1000FFFFFFFFFFFFFFFFFFFFFFFFFFFFFFFFD3
:101D2000FFFFFFFFFFFFFFFFFFFFFFFFFFFFFFFFC3
:101D3000FFFFFFFFFFFFFFFFFFB624000000006D65
:101D400092FFFFFFFFFFFFFFFFFFFFFFFFFFFFFF10
:101D5000FFFFFFFFFFFFFFFFFFFFFFFFFFFFFFFF93
:101D6000FFFFFFFFFFFFFFFFFFFFFFFFFFFFFFFF83
:101D7000FFFFFFFFFFFFFFFFFF2400002424000000
:101D800024FFFFFFFFFFFFFFFFFFFFFFFFFFFFFF3E
:101D9000FFFFFFFFFFFFFFFFFFFFFFFFFFFFFFFF53
:101DA000FFFFFFFFFFFFFFFFFFFFFFFFFFFFFFFF43
:101DB000FFFFFFFFFFFFFFB692000000B6B6000076
:101DC0000092FFFFFFFFFFFFFFFFFFFFFFFFFFFF8F
:101DD000FFFFFFFFFFFFFFFFFFFFFFFFFFFFFFFF13
:101DE000FFFFFFFFFFFFFFFFFFFFFFFFFFFFFFFF03
:101DF000FFFFFFFFFFFFFF490000246DFFFF6D00A5
:101E00000000B6FFFFFFFFFFFFFFFFFFFFFFFFFF29
:101E1000FFFFFFFFFFFFFFFFFFFFFFFFFFFFFFFFD2
:101E2000FFFFFFFFFFFFFFFFFFFFFFFFFFFFFFFFC2
:101E3000FFFFFFFFFFFF9200000092FFFFFFFF2464
:101E4000000024B6FFFFFFFFFFFFFFFFFFFFFFFFC4
:101E5000FFFFFFFFFFFFFFFFFFFFFFFFFFFFFFFF92
:101E6000FFFFFFFFFFFFFFFFFFFFFFFFFFFFFFFF82
:101E7000FFFFFFFFFFDB2400006DFFFFFFFFFF926E
:101E800049000024FFFFFFFFFFFFFFFFFFFFFFFFF1
:101E9000FFFFFFFFFFFFFFFFFFFFFFFFFFFFFFFF52
:101EA000FFFFFFFFFFFFFFFFFFFFFFFFFFFFFFFF42
:101EB000FFFFFFFF9224000024DBFFFFFFFFFFFF77
:101EC000DB2400006DFFFFFFFFFFFFFFFFFFFFFFB1
:101ED000FFFFFFFFFFFFFFFFFFFFFFFFFFFFFFFF12
:101EE000FFFFFFFFFFFFFFFFFFFFFFFFFFFFFFFF02
:101EF000FFFFFFDB2400006D92FFFFFFFFFFFFFFEE
:101F0000FF6D00002449FFFFFFFFFFFFFFFFFFFF02
:101F1000FFFFFFFFFFFFFFFFFFFFFFFFFFFFFFFFD1
:101F2000FFFFFFFFFFFFFFFFFFFFFFFFFFFFFFFFC1
:101F3000FFFFDB49000024DBFFFFFFFFFFFFFFFF88
:101F4000FFFF4924000092FFFFFFFFFFFFFFFFFF9D
:101F5000FFFFFFFFFFFFFFFFFFFFFFFFFFFFFFFF91
:101F6000FFFFFFFFFFFFFFFFFFFFFFFFFFFFFFFF81
:101F7000FFFF2424000092FFFFFFFFFFFFFFFFFF92
:101F8000FFFFFF6D000024DBFFFFFFFFFFFFFFFFF0
:101F9000FFFFFFFFFFFFFFFFFFFFFFFFFFFFFFFF51
:101FA000FFFFFFFFFFFFFFFFFFFFFFFFFFFFFFFF41
:101FB000FF490000246DFFFFFFFFFFFFFFFFFFFF52
:101FC000FFFFFFFF2400006D92FFFFFFFFFFFFFFF9
:101FD000FFFFFFFFFFFFFFFFFFFFFFFFFFFFFFFF11
:101FE000FFFFFFFFFFFFFFFFFFFFFFFFFFFFFFFF01
:101FF000B624000092FFFFFFFFFFFFFFFFFFFFFF80
:10200000FFFFFFFF9224000024FFFFFFFFFFFFFF01
:10201000FFFFFFFFFFFFFFFFFFFFFFFFFFFFFFFFD0
:10202000FFFFFFFFFFFFFFFFFFFFFFFFFFFFFF6D52
:1020300024000049FFFFFFFFFFFFFFFFFFFFFFFF3F
:10204000FFFFFFFFFFB600000092FFFFFFFFFFFF53
:10205000FFFFFFFFFFFFFFFFFFFFFFFFFFFFFFFF90
:10206000FFFFFFFFFFFFFFFFFFFFFFFFFFFFB624A4
:10207000000049DBFFFFFFFFFFFFFFFFFFFFFFFF48
:10208000FFFFFFFFFFFF6D000000B6FFFFFFFFFF38
:10209000FFFFFFFFFFFFFFFFFFFFFFFFFFFFFFFF50
:1020A000FFFFFFFFFFFFFFFFFFFFFFFFFFFF24001A
:1020B0000049FFFFFFFFFFFFFFFFFFFFFFFFFFFFE5
:1020C000FFFFFFFFFFFFFF24000024B6FFFFFFFF1D
:1020D000FFFFFFFFFFFFFFFFFFFFFFFFFFFFFFFF10
:1020E000FFFFFFFFFFFFFFFFFFFFFFFFDB490000D8
:1020F00024DBFFFFFFFFFFFFFFFFFFFFFFFFFFFFEF
:10210000FFFFFFFFFFFFFF9249000024FFFFFFFFDB
:10211000FFFFFFFFFFFFFFFFFFFFFFFFFFFFFFFFCF
:10212000FFFFFFFFFFFFFFFFFFFFFFFF490000244E
:102130006DFFFFFFFFFFFFFFFFFFFFFFFFFFFFFF41
:10214000FFFFFFFFFFFFFFFFDB2400006DFFFFFF2E
:10215000FFFFFFFFFFFFFFFFFFFFFFFFFFFFFFFF8F
:10216000FFFFFFFFFFFFFFFFFFFFFF92000024B60E
:10217000FFFFFFFFFFFFFFFFFFFFFFFFFFFFFFFF6F
:10218000FFFFFFFFFFFFFFFFFF6D00002449FFFF80
:10219000FFFFFFFFFFFFFFFFFFFFFFFFFFFFFFFF4F
:1021A000FFFFFFFFFFFFFFFFFFFF6D2400006DFF3C
:1021B000FFFFFFFFFFFFFFFFFFFFFFFFFFFFFFFF2F
:1021C000FFFFFFFFFFFFFFFFFFFF4924000092FF1B
:1021D000FFFFFFFFFFFFFFFFFFFFFFFFFFFFFFFF0F
:1021E000FFFFFFFFFFFFFFFFFF9200002424FFFF20
:1021F000FFFFFFFFFFFFFFFFFFFFFFFFFFFFFFFFEF
:10220000FFFFFFFFFFFFFFFFFFFFFF6D000024DB6D
:10221000FFFFFFFFFFFFFFFFFFFFFFFFFFFFFFFFCE
:10222000FFFFFFFFFFFFFFFFDB24000049DBFFFF95
:10223000FFFFFFFFFFFFFFFFFFFFFFFFFFFFFFFFAE
:10224000FFFFFFFFFFFFFFFFFFFFFFFF2400006D09
:1022500092FFFFFFFFFFFFFFFFFFFFFFFFFFFFFFFB
:10226000FFFFFFFFFFFFFF926D000024DBFFFFFF7A
:10227000FFFFFFFFFFFFFFFFFFFFFFFFFFFFFFFF6E
:10228000FFFFFFFFFFFFFFFFFFFFFFFF92240000A4
:1022900024FFFFFFFFFFFFFFFFFFFFFFFFFFFFFF29
:1022A000FFFFFFFFFFFFDB24000024B6FFFFFFFF5F
:1022B000FFFFFFFFFFFFFFFFFFFFFFFFFFFFFFFF2E
:1022C000FFFFFFFFFFFFFFFFFFFFFFFFFFB6000065
:1022D0000092FFFFFFFFFFFFFFFFFFFFFFFFFFFF7A
:1022E000FFFFFFFFFFFF6D000024B6FFFFFFFFFFB2
:1022F000FFFFFFFFFFFFFFFFFFFFFFFFFFFFFFFFEE
:10230000FFFFFFFFFFFFFFFFFFFFFFFFFFFF6D006E
:102310000000B6FFFFFFFFFFFFFFFFFFFFFFFFFF14
:10232000FFFFFFFFFF9200000092FFFFFFFFFFFF94
:10233000FFFFFFFFFFFFFFFFFFFFFFFFFFFFFFFFAD
:10234000FFFFFFFFFFFFFFFFFFFFFFFFFFFFFF2478
:10235000000024B6FFFFFFFFFFFFFFFFFFFFFFFFAF
:10236000FFFFFFFF6D00002449FFFFFFFFFFFFFF9E
:10237000FFFFFFFFFFFFFFFFFFFFFFFFFFFFFFFF6D
:10238000FFFFFFFFFFFFFFFFFFFFFFFFFFFFFF92CA
:1023900049000024FFFFFFFFFFFFFFFFFFFFFFFFDC
:1023A000FFFFFFB624000092DBFFFFFFFFFFFFFFF0
:1023B000FFFFFFFFFFFFFFFFFFFFFFFFFFFFFFFF2D
:1023C000FFFFFFFFFFFFFFFFFFFFFFFFFFFFFFFF1D
:1023D000DB2400006DFFFFFFFFFFFFFFFFFFFFFF9C
:1023E000FFFFB649000049FFFFFFFFFFFFFFFFFFB0
:1023F000FFFFFFFFFFFFFFFFFFFFFFFFFFFFFFFFED
:10240000FFFFFFFFFFFFFFFFFFFFFFFFFFFFFFFFDC
:10241000FF6D00002449FFFFFFFFFFFFFFFFFFFFED
:10242000FFDB24000000B6FFFFFFFFFFFFFFFFFF01
:10243000FFFFFFFFFFFFFFFFFFFFFFFFFFFFFFFFAC
:10244000FFFFFFFFFFFFFFFFFFFFFFFFFFFFFFFF9C
:10245000FFFF4924000092FFFFFFFFFFFFFFFFFF88
:10246000FF4900002492FFFFFFFFFFFFFFFFFFFF78
:10247000FFFFFFFFFFFFFFFFFFFFFFFFFFFFFFFF6C
:10248000FFFFFFFFFFFFFFFFFFFFFFFFFFFFFFFF5C
:10249000FFFFFF6D000024DBFFFFFFFFFFFFFFDBFF
:1024A00092000000B6FFFFFFFFFFFFFFFFFFFFFFEF
:1024B000FFFFFFFFFFFFFFFFFFFFFFFFFFFFFFFF2C
:1024C000FFFFFFFFFFFFFFFFFFFFFFFFFFFFFFFF1C
:1024D000FFFFFFFF2400006D92FFFFFFFFFFFF499A
:1024E0002400006DFFFFFFFFFFFFFFFFFFFFFFFF67
:1024F000FFFFFFFFFFFFFFFFFFFFFFFFFFFFFFFFEC
:10250000FFFFFFFFFFFFFFFFFFFFFFFFFFFFFFFFDB
:10251000FFFFFFFF9224000024FFFFFFFFFFB62410
:1025200000006DDBFFFFFFFFFFFFFFFFFFFFFFFF6F
:10253000FFFFFFFFFFFFFFFFFFFFFFFFFFFFFFFFAB
:10254000FFFFFFFFFFFFFFFFFFFFFFFFFFFFFFFF9B
:10255000FFFFFFFFFFB600000092FFFFFFDB24003C
:102560000049FFFFFFFFFFFFFFFFFFFFFFFFFFFF30
:10257000FFFFFFFFFFFFFFFFFFFFFFFFFFFFFFFF6B
:10258000FFFFFFFFFFFFFFFFFFFFFFFFFFFFFFFF5B
:10259000FFFFFFFFFFFF6D000000B6FFB624000045
:1025A00024DBFFFFFFFFFFFFFFFFFFFFFFFFFFFF3A
:1025B000FFFFFFFFFFFFFFFFFFFFFFFFFFFFFFFF2B
:1025C000FFFFFFFFFFFFFFFFFFFFFFFFFFFFFFFF1B
:1025D000FFFFFFFFFFFFFF24000024B624000000E0
:1025E00000000000000000000000000000000000EB
:1025F0000024DBFFFFFFFFFFFFFFFFFFFFFFFFFFE9
:10260000FFFFFFFFFFDB24000000000000000000D0
:102610000000000000000000000000242400000072
:1026200000000000000000000000000000000000AA
:10263000000092FFFFFFFFFFFFFFFFFFFFFFFFFF15
:10264000FFFFFFFFDB920000000000000000000021
:10265000000000000000000000000024DB92494957
:10266000494949494949494949494949494900006C
:102670000024FFFFFFFFFFFFFFFFFFFFFFFFFFFF44
:10268000FFFFFFFFFFFF2400000049494949494976
:102690004949494949494949494992DBFFFFFFFFF7
:1026A000FFFFFFFFFFFFFFFFFFFFFFFFDB6D0000EE
:1026B00024B6FFFFFFFFFFFFFFFFFFFFFFFFFFFF4E
:1026C000FFFFFFFFFFFFB62400006DDBFFFFFFFFF2
:1026D000FFFFFFFFFFFFFFFFFFFFFFFFFFFFFFFF0A
:1026E000FFFFFFFFFFFFFFFFFFFFFFFF6D00002465
:1026F00049FFFFFFFFFFFFFFFFFFFFFFFFFFFFFFA0
:10270000FFFFFFFFFFFFFF492400006DFFFFFFFFFA
:10271000FFFFFFFFFFFFFFFFFFFFFFFFFFFFFFFFC9
:10272000FFFFFFFFFFFFFFFFFFFFFFB6000000926C
:10273000DBFFFFFFFFFFFFFFFFFFFFFFFFFFFFFFCD
:10274000FFFFFFFFFFFFFFDB92000000B6FFFFFF70
:10275000FFFFFFFFFFFFFFFFFFFFFFFFFFFFFFFF89
:10276000FFFFFFFFFFFFFFFFFFFFB649000049FF2C
:10277000FFFFFFFFFFFFFFFFFFFFFFFFFFFFFFFF69
:10278000FFFFFFFFFFFFFFFFFF49000049B6FFFF0C
:10279000FFFFFFFFFFFFFFFFFFFFFFFFFFFFFFFF49
:1027A000FFFFFFFFFFFFFFFFFFDB24000000B6FF7E
:1027B000FFFFFFFFFFFFFFFFFFFFFFFFFFFFFFFF29
:1027C000FFFFFFFFFFFFFFFFFFB600000024DBFF5E
:1027D000FFFFFFFFFFFFFFFFFFFFFFFFFFFFFFFF09
:1027E000FFFFFFFFFFFFFFFFFF4900002492FFFFF5
:1027F000FFFFFFFFFFFFFFFFFFFFFFFFFFFFFFFFE9
:10280000FFFFFFFFFFFFFFFFFFFF9224000049FFD4
:10281000FFFFFFFFFFFFFFFFFFFFFFFFFFFFFFFFC8
:10282000FFFFFFFFFFFFFFFFB624000092FFFFFF47
:10283000FFFFFFFFFFFFFFFFFFFFFFFFFFFFFFFFA8
:10284000FFFFFFFFFFFFFFFFFFFFFF92000024B627
:10285000FFFFFFFFFFFFFFFFFFFFFFFFFFFFFFFF88
:10286000FFFFFFFFFFFFFF6D24000049FFFFFFFF99
:10287000FFFFFFFFFFFFFFFFFFFFFFFFFFFFFFFF68
:10288000FFFFFFFFFFFFFFFFFFFFFFFF49000024E7
:102890006DFFFFFFFFFFFFFFFFFFFFFFFFFFFFFFDA
:1028A000FFFFFFFFFFFFDB24000049DBFFFFFFFF0F
:1028B000FFFFFFFFFFFFFFFFFFFFFFFFFFFFFFFF28
:1028C000FFFFFFFFFFFFFFFFFFFFFFFFDB490000F0
:1028D00024DBFFFFFFFFFFFFFFFFFFFFFFFFFFFF07
:1028E000FFFFFFFFFFFF49000024FFFFFFFFFFFF87
:1028F000FFFFFFFFFFFFFFFFFFFFFFFFFFFFFFFFE8
:10290000FFFFFFFFFFFFFFFFFFFFFFFFFFFF2400B1
:102910000049FFFFFFFFFFFFFFFFFFFFFFFFFFFF7C
:10292000FFFFFFFFDB6D000024B6FFFFFFFFFFFF8F
:10293000FFFFFFFFFFFFFFFFFFFFFFFFFFFFFFFFA7
:10294000FFFFFFFFFFFFFFFFFFFFFFFFFFFFB624BB
:1029500000006DDBFFFFFFFFFFFFFFFFFFFFFFFF3B
:10296000FFFFFFFF6D00002449FFFFFFFFFFFFFF98
:10297000FFFFFFFFFFFFFFFFFFFFFFFFFFFFFFFF67
:10298000FFFFFFFFFFFFFFFFFFFFFFFFFFFFFF490D
:102990002400006DFFFFFFFFFFFFFFFFFFFFFFFFB2
:1029A000FFFFFFB600000092DBFFFFFFFFFFFFFF0E
:1029B000FFFFFFFFFFFFFFFFFFFFFFFFFFFFFFFF27
:1029C000FFFFFFFFFFFFFFFFFFFFFFFFFFFFFFDB3B
:1029D00092000000B6FFFFFFFFFFFFFFFFFFFFFFBA
:1029E000FFFFB649000049FFFFFFFFFFFFFFFFFFAA
:1029F000FFFFFFFFFFFFFFFFFFFFFFFFFFFFFFFFE7
:102A0000FFFFFFFFFFFFFFFFFFFFFFFFFFFFFFFFD6
:102A1000FF49000049B6FFFFFFFFFFFFFFFFFFFF79
:102A2000FFDB24000000B6FFFFFFFFFFFFFFFFFFFB
:102A3000FFFFFFFFFFFFFFFFFFFFFFFFFFFFFFFFA6
:102A4000FFFFFFFFFFFFFFFFFFFFFFFFFFFFFFFF96
:102A5000FFB600000024DBFFFFFFFFFFFFFFFFFFCB
:102A6000FF4900002492FFFFFFFFFFFFFFFFFFFF72
:102A7000FFFFFFFFFFFFFFFFFFFFFFFFFFFFFFFF66
:102A8000FFFFFFFFFFFFFFFFFFFFFFFFFFFFFFFF56
:102A9000FFFF9224000049FFFFFFFFFFFFFFFFFF42
:102AA000B624000092FFFFFFFFFFFFFFFFFFFFFFC5
:102AB000FFFFFFFFFFFFFFFFFFFFFFFFFFFFFFFF26
:102AC000FFFFFFFFFFFFFFFFFFFFFFFFFFFFFFFF16
:102AD000FFFFFF92000024B6FFFFFFFFFFFFFF6D27
:102AE00024000049FFFFFFFFFFFFFFFFFFFFFFFF85
:102AF000FFFFFFFFFFFFFFFFFFFFFFFFFFFFFFFFE6
:102B0000FFFFFFFFFFFFFFFFFFFFFFFFFFFFFFFFD5
:102B1000FFFFFFFF490000246DFFFFFFFFFFDB24E5
:102B2000000049DBFFFFFFFFFFFFFFFFFFFFFFFF8D
:102B3000FFFFFFFFFFFFFFFFFFFFFFFFFFFFFFFFA5
:102B4000FFFFFFFFFFFFFFFFFFFFFFFFFFFFFFFF95
:102B5000FFFFFFFFDB49000024DBFFFFFFFF490011
:102B60000024FFFFFFFFFFFFFFFFFFFFFFFFFFFF4F
:102B7000FFFFFFFFFFFFFFFFFFFFFFFFFFFFFFFF65
:102B8000FFFFFFFFFFFFFFFFFFFFFFFFFFFFFFFF55
:102B9000FFFFFFFFFFFF24000049FFFFDB6D000088
:102BA00024B6FFFFFFFFFFFFFFFFFFFFFFFFFFFF59
:102BB000FFFFFFFFFFFFFFFFFFFFFFFFFFFFFFFF25
:102BC000FFFFFFFFFFFFFFFFFFFFFFFFFFFFFFFF15
:102BD000FFFFFFFFFFFFB62400006DDB6D00002448
:102BE00049FFFFFFFFFFFFFFFFFFFFFFFFFFFFFFAB
:102BF000FFFFFFFFFFFFFFFFFFFFFFFFFFFFFFFFE5
:102C0000FFFFFFFFFFFFFFFFFFFFFFFFFFFFFFFFD4
:102C1000FFFFFFFFFFFFFF492400006D2400002499
:102C20002449494949494949494949494949494939
:102C30004949494949494949494949494949494904
:102C400049494949494949494949494949494949F4
:102C500049494949494949242400002449000000C0
:102C60000000000000000000000000000000000064
:102C70000000000000000000000000000000000054
:102C80000000000000000000000000000000000044
:102C9000000000000000000000000049DB9224005A
:102CA0000000000000000000000000000000000024
:102CB0000000000000000000000000000000000014
:102CC0000000000000000000000000000000000004
:102CD0000000000000000000002492DBDB922400D2
:102CE00000000000000000000000000000000000E4
:102CF00000000000000000000000000000000000D4
:102D000000000000000000000000000000000000C3
:102D10000000000000000000002492DB49000000D9
:102D200000000000000000000000000000000000A3
:102D30000000000000000000000000000000000093
:102D40000000000000000000000000000000000083
:102D500000000000000000000000004924000024E2
:102D600024494949494949494949494949494949F8
:102D700049494949494949494949494949494949C3
:102D800049494949494949494949494949494949B3
:102D90004949494949494924240000246D00002437
:102DA00049FFFFFFFFFFFFFFFFFFFFFFFFFFFFFFE9
:102DB000FFFFFFFFFFFFFFFFFFFFFFFFFFFFFFFF23
:102DC000FFFFFFFFFFFFFFFFFFFFFFFFFFFFFFFF13
:102DD000FFFFFFFFFFFFFF492400006DDB6D0000D8
:102DE00024B6FFFFFFFFFFFFFFFFFFFFFFFFFFFF17
:102DF000FFFFFFFFFFFFFFFFFFFFFFFFFFFFFFFFE3
:102E0000FFFFFFFFFFFFFFFFFFFFFFFFFFFFFFFFD2
:102E1000FFFFFFFFFFFFB62400006DDBFFFF49004F
:102E20000024FFFFFFFFFFFFFFFFFFFFFFFFFFFF8C
:102E3000FFFFFFFFFFFFFFFFFFFFFFFFFFFFFFFFA2
:102E4000FFFFFFFFFFFFFFFFFFFFFFFFFFFFFFFF92
:102E5000FFFFFFFFFFFF24000049FFFFFFFFDB2410
:102E6000000049DBFFFFFFFFFFFFFFFFFFFFFFFF4A
:102E7000FFFFFFFFFFFFFFFFFFFFFFFFFFFFFFFF62
:102E8000FFFFFFFFFFFFFFFFFFFFFFFFFFFFFFFF52
:102E9000FFFFFFFFDB49000024DBFFFFFFFFFF6DAB
:102EA00024000049FFFFFFFFFFFFFFFFFFFFFFFFC1
:102EB000FFFFFFFFFFFFFFFFFFFFFFFFFFFFFFFF22
:102EC000FFFFFFFFFFFFFFFFFFFFFFFFFFFFFFFF12
:102ED000FFFFFFFF490000246DFFFFFFFFFFFFFF23
:102EE000B624000092FFFFFFFFFFFFFFFFFFFFFF81
:102EF000FFFFFFFFFFFFFFFFFFFFFFFFFFFFFFFFE2
:102F0000FFFFFFFFFFFFFFFFFFFFFFFFFFFFFFFFD1
:102F1000FFFFFF92000024B6FFFFFFFFFFFFFFFF50
:102F2000FF4900002492FFFFFFFFFFFFFFFFFFFFAD
:102F3000FFFFFFFFFFFFFFFFFFFFFFFFFFFFFFFFA1
:102F4000FFFFFFFFFFFFFFFFFFFFFFFFFFFFFFFF91
:102F5000FFFF9224000049FFFFFFFFFFFFFFFFFF7D
:102F6000FFDB24000000B6FFFFFFFFFFFFFFFFFFB6
:102F7000FFFFFFFFFFFFFFFFFFFFFFFFFFFFFFFF61
:102F8000FFFFFFFFFFFFFFFFFFFFFFFFFFFFFFFF51
:102F9000FFB600000024DBFFFFFFFFFFFFFFFFFF86
:102FA000FFFFB649000049FFFFFFFFFFFFFFFFFFE4
:102FB000FFFFFFFFFFFFFFFFFFFFFFFFFFFFFFFF21
:102FC000FFFFFFFFFFFFFFFFFFFFFFFFFFFFFFFF11
:102FD000FF49000049B6FFFFFFFFFFFFFFFFFFFFB4
:102FE000FFFFFFB600000092DBFFFFFFFFFFFFFFC8
:102FF000FFFFFFFFFFFFFFFFFFFFFFFFFFFFFFFFE1
:10300000FFFFFFFFFFFFFFFFFFFFFFFFFFFFFFDBF4
:1030100092000000B6FFFFFFFFFFFFFFFFFFFFFF73
:10302000FFFFFFFF6D00002449FFFFFFFFFFFFFFD1
:10303000FFFFFFFFFFFFFFFFFFFFFFFFFFFFFFFFA0
:10304000FFFFFFFFFFFFFFFFFFFFFFFFFFFFFF4946
:103050002400006DFFFFFFFFFFFFFFFFFFFFFFFFEB
:10306000FFFFFFFFDB6D000024B6FFFFFFFFFFFF48
:10307000FFFFFFFFFFFFFFFFFFFFFFFFFFFFFFFF60
:10308000FFFFFFFFFFFFFFFFFFFFFFFFFFFFB62474
:1030900000006DDBFFFFFFFFFFFFFFFFFFFFFFFFF4
:1030A000FFFFFFFFFFFF49000024FFFFFFFFFFFFBF
:1030B000FFFFFFFFFFFFFFFFFFFFFFFFFFFFFFFF20
:1030C000FFFFFFFFFFFFFFFFFFFFFFFFFFFF2400EA
:1030D0000049FFFFFFFFFFFFFFFFFFFFFFFFFFFFB5
:1030E000FFFFFFFFFFFFDB24000049DBFFFFFFFFC7
:1030F000FFFFFFFFFFFFFFFFFFFFFFFFFFFFFFFFE0
:10310000FFFFFFFFFFFFFFFFFFFFFFFFDB490000A7
:1031100024DBFFFFFFFFFFFFFFFFFFFFFFFFFFFFBE
:10312000FFFFFFFFFFFFFF6D24000049FFFFFFFFD0
:10313000FFFFFFFFFFFFFFFFFFFFFFFFFFFFFFFF9F
:10314000FFFFFFFFFFFFFFFFFFFFFFFF490000241E
:103150006DFFFFFFFFFFFFFFFFFFFFFFFFFFFFFF11
:10316000FFFFFFFFFFFFFFFFB624000092FFFFFFFE
:10317000FFFFFFFFFFFFFFFFFFFFFFFFFFFFFFFF5F
:10318000FFFFFFFFFFFFFFFFFFFFFF92000024B6DE
:10319000FFFFFFFFFFFFFFFFFFFFFFFFFFFFFFFF3F
:1031A000FFFFFFFFFFFFFFFFFF4900002492FFFF2B
:1031B000FFFFFFFFFFFFFFFFFFFFFFFFFFFFFFFF1F
:1031C000FFFFFFFFFFFFFFFFFFFF9224000049FF0B
:1031D000FFFFFFFFFFFFFFFFFFFFFFFFFFFFFFFFFF
:1031E000FFFFFFFFFFFFFFFFFFDB24000000B6FF34
:1031F000FFFFFFFFFFFFFFFFFFFFFFFFFFFFFFFFDF
:10320000FFFFFFFFFFFFFFFFFFB600000024DBFF13
:10321000FFFFFFFFFFFFFFFFFFFFFFFFFFFFFFFFBE
:10322000FFFFFFFFFFFFFFFFFFFFB649000049FF61
:10323000FFFFFFFFFFFFFFFFFFFFFFFFFFFFFFFF9E
:10324000FFFFFFFFFFFFFFFFFF49000049B6FFFF41
:10325000FFFFFFFFFFFFFFFFFFFFFFFFFFFFFFFF7E
:10326000FFFFFFFFFFFFFFFFFFFFFFB60000009221
:10327000DBFFFFFFFFFFFFFFFFFFFFFFFFFFFFFF82
:10328000FFFFFFFFFFFFFFDB92000000B6FFFFFF25
:10329000FFFFFFFFFFFFFFFFFFFFFFFFFFFFFFFF3E
:1032A000FFFFFFFFFFFFFFFFFFFFFFFF6D00002499
:1032B00049FFFFFFFFFFFFFFFFFFFFFFFFFFFFFFD4
:1032C000FFFFFFFFFFFFFF492400006DFFFFFFFF2F
:1032D000FFFFFFFFFFFFFFFFFFFFFFFFFFFFFFFFFE
:1032E000FFFFFFFFFFFFFFFFFFFFFFFFDB6D0000A2
:1032F00024B6FFFFFFFFFFFFFFFFFFFFFFFFFFFF02
:10330000FFFFFFFFFFFFB62400006DDBFFFFFFFFA5
:10331000FFFFFFFFFFFFFFFFFFFFFFFFDB924949BA
:10332000494949494949494949494949494900009F
:103330000024FFFFFFFFFFFFFFFFFFFFFFFFFFFF77
:10334000FFFFFFFFFFFF24000000494949494949A9
:103350004949494949494949494992DB2400000002
:10336000000000000000000000000000000000005D
:10337000000092DBFFFFFFFFFFFFFFFFFFFFFFFFEC
:10338000FFFFFFFFFF9200000000000000000000B0
:1033900000000000000000000000002424000000E5
:1033A000000000000000000000000000000000001D
:1033B0000024DBFFFFFFFFFFFFFFFFFFFFFFFFFF1B
:1033C000FFFFFFFFFFDB2400000000000000000003
:1033D000000000000000000000000024B6240000EF
:1033E00024FFFFFFFFFFFFFFFFFFFFFFFFFFFFFFC8
:1033F000FFFFFFFFFFFFFFFFFFFFFFFFFFFFFFFFDD
:10340000FFFFFFFFFFFFFFFFFFFFFFFFFFFFFFFFCC
:10341000FFFFFFFFFFFFDB24000024B6FFB6000024
:10342000006DFFFFFFFFFFFFFFFFFFFFFFFFFFFF3D
:10343000FFFFFFFFFFFFFFFFFFFFFFFFFFFFFFFF9C
:10344000FFFFFFFFFFFFFFFFFFFFFFFFFFFFFFFF8C
:10345000FFFFFFFFFFFF49000024DBFFFFFF92009B
:103460000000B6FFFFFFFFFFFFFFFFFFFFFFFFFFB3
:10347000FFFFFFFFFFFFFFFFFFFFFFFFFFFFFFFF5C
:10348000FFFFFFFFFFFFFFFFFFFFFFFFFFFFFFFF4C
:10349000FFFFFFFFDB6D000024B6FFFFFFFFFF24EF
:1034A00000002492FFFFFFFFFFFFFFFFFFFFFFFF72
:1034B000FFFFFFFFFFFFFFFFFFFFFFFFFFFFFFFF1C
:1034C000FFFFFFFFFFFFFFFFFFFFFFFFFFFFFFFF0C
:1034D000FFFFFFFF6D00002449FFFFFFFFFFFF928A
:1034E0006D000024FFFFFFFFFFFFFFFFFFFFFFFF57
:1034F000FFFFFFFFFFFFFFFFFFFFFFFFFFFFFFFFDC
:10350000FFFFFFFFFFFFFFFFFFFFFFFFFFFFFFFFCB
:10351000FFFFFFB600000092DBFFFFFFFFFFFFFF92
:10352000DB2400006DFFFFFFFFFFFFFFFFFFFFFF3A
:10353000FFFFFFFFFFFFFFFFFFFFFFFFFFFFFFFF9B
:10354000FFFFFFFFFFFFFFFFFFFFFFFFFFFFFFFF8B
:10355000FFFF9224000049FFFFFFFFFFFFFFFFFF77
:10356000FF9200002449FFFFFFFFFFFFFFFFFFFF67
:10357000FFFFFFFFFFFFFFFFFFFFFFFFFFFFFFFF5B
:10358000FFFFFFFFFFFFFFFFFFFFFFFFFFFFFFFF4B
:10359000FFB600000024DBFFFFFFFFFFFFFFFFFF80
:1035A000FFFF492400006DFFFFFFFFFFFFFFFFFF4C
:1035B000FFFFFFFFFFFFFFFFFFFFFFFFFFFFFFFF1B
:1035C000FFFFFFFFFFFFFFFFFFFFFFFFFFFFFFFF0B
:1035D000FF49000049B6FFFFFFFFFFFFFFFFFFFFAE
:1035E000FFFFFF6D000024DBFFFFFFFFFFFFFFFF7A
:1035F000FFFFFFFFFFFFFFFFFFFFFFFFFFFFFFFFDB
:10360000FFFFFFFFFFFFFFFFFFFFFFFFFFFFFFDBEE
:1036100092000024B6FFFFFFFFFFFFFFFFFFFFFF49
:10362000FFFFFFFF2400004992FFFFFFFFFFFFFFA6
:10363000FFFFFFFFFFFFFFFFFFFFFFFFFFFFFFFF9A
:10364000FFFFFFFFFFFFFFFFFFFFFFFFFFFFFF4940
:103650002400006DFFFFFFFFFFFFFFFFFFFFFFFFE5
:10366000FFFFFFFFB624000024FFFFFFFFFFFFFF67
:10367000FFFFFFFFFFFFFFFFFFFFFFFFFFFFFFFF5A
:10368000FFFFFFFFFFFFFFFFFFFFFFFFFFFF9200B6
:10369000000092FFFFFFFFFFFFFFFFFFFFFFFFFFA5
:1036A000FFFFFFFFFFB60000006DFFFFFFFFFFFF02
:1036B000FFFFFFFFFFFFFFFFFFFFFFFFFFFFFFFF1A
:1036C000FFFFFFFFFFFFFFFFFFFFFFFFFFB624002D
:1036D000006DFFFFFFFFFFFFFFFFFFFFFFFFFFFF8B
:1036E000FFFFFFFFFFFF92000000B6FFFFFFFFFF9D
:1036F000FFFFFFFFFFFFFFFFFFFFFFFFFFFFFFFFDA
:10370000FFFFFFFFFFFFFFFFFFFFFFFFB6240000EB
:1037100024DBFFFFFFFFFFFFFFFFFFFFFFFFFFFFB8
:10372000FFFFFFFFFFFFFF2400002492FFFFFFFFCA
:10373000FFFFFFFFFFFFFFFFFFFFFFFFFFFFFFFF99
:10374000FFFFFFFFFFFFFFFFFFFFFFDB2400006D18
:1037500092FFFFFFFFFFFFFFFFFFFFFFFFFFFFFFE6
:10376000FFFFFFFFFFFFFF926D000024FFFFFFFF41
:10377000FFFFFFFFFFFFFFFFFFFFFFFFFFFFFFFF59
:10378000FFFFFFFFFFFFFFFFFFFFDB49000024DB20
:10379000FFFFFFFFFFFFFFFFFFFFFFFFFFFFFFFF39
:1037A000FFFFFFFFFFFFFFFFDB2400006DFFFFFFB8
:1037B000FFFFFFFFFFFFFFFFFFFFFFFFFFFFFFFF19
:1037C000FFFFFFFFFFFFFFFFFFFF2424000092FF2A
:1037D000FFFFFFFFFFFFFFFFFFFFFFFFFFFFFFFFF9
:1037E000FFFFFFFFFFFFFFFFFF9200002449FFFFE5
:1037F000FFFFFFFFFFFFFFFFFFFFFFFFFFFFFFFFD9
:10380000FFFFFFFFFFFFFFFFFF490000246DFFFFE9
:10381000FFFFFFFFFFFFFFFFFFFFFFFFFFFFFFFFB8
:10382000FFFFFFFFFFFFFFFFFFFF492400006DFFC9
:10383000FFFFFFFFFFFFFFFFFFFFFFFFFFFFFFFF98
:10384000FFFFFFFFFFFFFFFFB624000092FFFFFF17
:10385000FFFFFFFFFFFFFFFFFFFFFFFFFFFFFFFF78
:10386000FFFFFFFFFFFFFFFFFFFFFF6D000024DBF7
:10387000FFFFFFFFFFFFFFFFFFFFFFFFFFFFFFFF58
:10388000FFFFFFFFFFFFFF6D24000049FFFFFFFF69
:10389000FFFFFFFFFFFFFFFFFFFFFFFFFFFFFFFF38
:1038A000FFFFFFFFFFFFFFFFFFFFFFFF24000049B7
:1038B00092FFFFFFFFFFFFFFFFFFFFFFFFFFFFFF85
:1038C000FFFFFFFFFFFFDB24000049DBFFFFFFFFDF
:1038D000FFFFFFFFFFFFFFFFFFFFFFFFFFFFFFFFF8
:1038E000FFFFFFFFFFFFFFFFFFFFFFFFB62400000A
:1038F00024FFFFFFFFFFFFFFFFFFFFFFFFFFFFFFB3
:10390000FFFFFFFFFFFF49000024FFFFFFFFFFFF56
:10391000FFFFFFFFFFFFFFFFFFFFFFFFFFFFFFFFB7
:10392000FFFFFFFFFFFFFFFFFFFFFFFFFFB60000EE
:10393000006DFFFFFFFFFFFFFFFFFFFFFFFFFFFF28
:10394000FFFFFFFFDB49000024B6FFFFFFFFFFFF83
:10395000FFFFFFFFFFFFFFFFFFFFFFFFFFFFFFFF77
:10396000FFFFFFFFFFFFFFFFFFFFFFFFFFFF9200D3
:103970000000B6FFFFFFFFFFFFFFFFFFFFFFFFFF9E
:10398000FFFFFFFF490000246DFFFFFFFFFFFFFF68
:10399000FFFFFFFFFFFFFFFFFFFFFFFFFFFFFFFF37
:1039A000FFFFFFFFFFFFFFFFFFFFFFFFFFFFFF2402
:1039B00000002492FFFFFFFFFFFFFFFFFFFFFFFF5D
:1039C000FFFFFF92000024B6FFFFFFFFFFFFFFFF96
:1039D000FFFFFFFFFFFFFFFFFFFFFFFFFFFFFFFFF7
:1039E000FFFFFFFFFFFFFFFFFFFFFFFFFFFFFF9254
:1039F0006D000024FFFFFFFFFFFFFFFFFFFFFFFF42
:103A0000FFFF6D2400006DFFFFFFFFFFFFFFFFFFC3
:103A1000FFFFFFFFFFFFFFFFFFFFFFFFFFFFFFFFB6
:103A2000FFFFFFFFFFFFFFFFFFFFFFFFFFFFFFFFA6
:103A3000DB2400006DFFFFFFFFFFFFFFFFFFFFFF25
:103A4000FF9200002424FFFFFFFFFFFFFFFFFFFFA7
:103A5000FFFFFFFFFFFFFFFFFFFFFFFFFFFFFFFF76
:103A6000FFFFFFFFFFFFFFFFFFFFFFFFFFFFFFFF66
:103A7000FF9200002449FFFFFFFFFFFFFFFFFFFF52
:103A8000DB24000049DBFFFFFFFFFFFFFFFFFFFF1D
:103A9000FFFFFFFFFFFFFFFFFFFFFFFFFFFFFFFF36
:103AA000FFFFFFFFFFFFFFFFFFFFFFFFFFFFFFFF26
:103AB000FFFF492400006DFFFFFFFFFFFFFFFF92A4
:103AC0006D000024DBFFFFFFFFFFFFFFFFFFFFFF95
:103AD000FFFFFFFFFFFFFFFFFFFFFFFFFFFFFFFFF6
:103AE000FFFFFFFFFFFFFFFFFFFFFFFFFFFFFFFFE6
:103AF000FFFFFF6D000024DBFFFFFFFFFFFFDB2464
:103B000000002492FFFFFFFFFFFFFFFFFFFFFFFF0B
:103B1000FFFFFFFFFFFFFFFFFFFFFFFFFFFFFFFFB5
:103B2000FFFFFFFFFFFFFFFFFFFFFFFFFFFFFFFFA5
:103B3000FFFFFFFF2400004992FFFFFFFFFF6D0022
:103B40000024DBFFFFFFFFFFFFFFFFFFFFFFFFFF83
:103B5000FFFFFFFFFFFFFFFFFFFFFFFFFFFFFFFF75
:103B6000FFFFFFFFFFFFFFFFFFFFFFFFFFFFFFFF65
:103B7000FFFFFFFFB624000024FFFFFFFF920000BD
:103B80000092FFFFFFFFFFFFFFFFFFFFFFFFFFFFB1
:103B9000FFFFFFFFFFFFFFFFFFFFFFFFFFFFFFFF35
:103BA000FFFFFFFFFFFFFFFFFFFFFFFFFFFFFFFF25
:103BB000FFFFFFFFFFB60000006DFFFF6D24000058
:103BC00049FFFFFFFFFFFFFFFFFFFFFFFFFFFFFFBB
:103BD000FFFFFFFFFFFFFFFFFFFFFFFFFFFFFFFFF5
:103BE000FFFFFFFFFFFFFFFFFFFFFFFFFFFFFFFFE5
:103BF000FFFFFFFFFFFF92000000B6B6000000923B
:103C0000B6FFFFFFFFFFFFFFFFFFFFFFFFFFFFFF0D
:103C1000FFFFFFFFFFFFFFFFFFFFFFFFFFFFFFFFB4
:103C2000FFFFFFFFFFFFFFFFFFFFFFFFFFFFFFFFA4
:103C3000FFFFFFFFFFFFFF2400002424000024FFFC
:103C4000FFFFFFFFFFFFFFFFFFFFFFFFFFFFFFFF84
:103C5000FFFFFFFFFFFFFFFFFFFFFFFFFFFFFFFF74
:103C6000FFFFFFFFFFFFFFFFFFFFFFFFFFFFFFFF64
:103C7000FFFFFFFFFFFFFF926D0000000024B6FF73
:103C8000FFFFFFFFFFFFFFFFFFFFFFFFFFFFFFFF44
:103C9000FFFFFFFFFFFFFFFFFFFFFFFFFFFFFFFF34
:103CA000FFFFFFFFFFFFFFFFFFFFFFFFFFFFFFFF24
:103CB000FFFFFFFFFFFFFFFFFF6D24246DDBFFFF12
:103CC000FFFFFFFFFFFFFFFFFFFFFFFFFFFFFFFF04
:103CD000FFFFFFFFFFFFFFFFFFFFFFFFFFFFFFFFF4
:103CE000FFFFFFFFFFFFFF4949DBFFFFFFFFFFFF74
:103CF000FFFFFFFFFFFFFFFFFFFFFFFFFFFFFFFFD4
:103D0000FFFFFFFFFFFFFFFFFFFFFFFFFFFFFFFFC3
:103D1000FFFFFFFFFFFFFFFFFFFFFFFFFFFFFFFFB3
:103D2000FFFFFFFFFFFFDB0000246DDBFFFFFFFF56
:103D3000FFFFFFFFFFFFFFFFFFFFFFFFFFFFFFFF93
:103D4000FFFFFFFFFFFFFFFFFFFFFFFFFFFFFFFF83
:103D5000FFFFFFFFFFFFFFFFFFFFFFFFFFFFFFFF73
:103D6000FFFFFFFFFFFFDB240000002492FFFFFFA7
:103D7000FFFFFFFFFFFFFFFFFFFFFFFFFFFFFFFF53
:103D8000FFFFFFFFFFFFFFFFFFFFFFFFFFFFFFFF43
:103D9000FFFFFFFFFFFFFFFFFFFFFFFFFFFFFFFF33
:103DA000FFFFFFFFFFFFDB24000000000049B6FF1C
:103DB000FFFFFFFFFFFFFFFFFFFFFFFFFFFFFFFF13
:103DC000FFFFFFFFFFFFFFFFFFFFFFFFFFFFFFFF03
:103DD000FFFFFFFFFFFFFFFFFFFFFFFFFFFFFFFFF3
:103DE000FFFFFFFFFFFFFF24006D92240000006D26
:103DF000DBFFFFFFFFFFFFFFFFFFFFFFFFFFFFFFF7
:103E0000FFFFFFFFFFFFFFFFFFFFFFFFFFFFFFFFC2
:103E1000FFFFFFFFFFFFFFFFFFFFFFFFFFFFFFFFB2
:103E2000FFFFFFFFFFFFFF240049FFFF9224000078
:103E3000246DFFFFFFFFFFFFFFFFFFFFFFFFFFFFFF
:103E4000FFFFFFFFFFFFFFFFFFFFFFFFFFFFFFFF82
:103E5000FFFFFFFFFFFFFFFFFFFFFFFFFFFFFFFF72
:103E6000FFFFFFFFFFFFFF490049FFFFFFDB492482
:103E7000000024B6FFFFFFFFFFFFFFFFFFFFFFFF74
:103E8000FFFFFFFFFFFFFFFFFFFFFFFFFFFFFFFF42
:103E9000FFFFFFFFFFFFFFFFFFFFFFFFFFFFFFFF32
:103EA000FFFFFFFFFFFFFF490024FFFFFFFFFFB6FB
:103EB0002400002449DBFFFFFFFFFFFFFFFFFFFFA0
:103EC000FFFFFFFFFFFFFFFFFFFFFFFFFFFFFFFF02
:103ED000FFFFFFFFFFFFFFFFFFFFFFFFFFFFFFFFF2
:103EE000FFFFFFFFFFFFFF490000FFFFFFFFFFFF96
:103EF000FF6D240000006DDBFFFFFFFFFFFFFFFFF2
:103F0000FFFFFFFFFFFFFFFFFFFFFFFFFFFFFFFFC1
:103F1000FFFFFFFFFFFFFFFFFFFFFFFFFFFFFFFFB1
:103F2000FFFFFFFFFFFFFF6D0000DBFFFFFFFFFF55
:103F3000FFFFDB6D0000002492FFFFFFFFFFFFFF8C
:103F4000FFFFFFFFFFFFFFFFFFFFFFFFFFFFFFFF81
:103F5000FFFFFFFFFFFFFFFFFFFFFFFFFFFFFFFF71
:103F6000FFFFFFFFFFFFFF920000B6FFFFFFFFFF15
:103F7000FFFFFFFFB64900000049DBFFFFFFFFFF27
:103F8000FFFFFFDBDBDBDBDBDBDBFFFFFFFFFFFF3D
:103F9000FFFFFFFFFFFFFFFFFFFFFFFFFFFFFFFF31
:103FA000FFFFFFFFFFFFFFB60000B6FFFFFFFFFFB1
:103FB000FFFFFFFFFFFF92240000246DDBFFFFFFE8
:103FC00092494924242424242424244992DBFFFFF9
:103FD000FFFFFFFFFFFFFFFFFFFFFFFFFFFFFFFFF1
:103FE000FFFFFFFFFFFFFFDB000092FFFFFFFFFF70
:103FF000FFFFFFFFFFFFFFFF6D24000024926D24F1
:10400000000000000000000000000000000049B6B1
:10401000FFFFFFFFFFFFFFFFFFFFFFFFFFFFFFFFB0
:10402000FFFFFFFFFFFFFFDB00006DFFFFFFFFFF54
:10403000FFFFFFFFFFFFFFFFFFDB49000000000065
:104040000000496D92B6B6B6B66D49240000002452
:1040500049B6FFFFFFFFFFFFFFFFFFFFFFFFFFFF6F
:10406000FFFFFFFFFFDB6D24000049FFFFFFFFFFA5
:10407000FFFFFFFFFFFFFFFFFFFF92240000244927
:1040800092FFFFFFFFFFFFFFFFFFFFFFB649240086
:1040900000006DFFFFFFFFFFFFFFFFFFFFFFFFFFC0
:1040A000FFFFDB6D242400000024B6FFFFFFFFFFAD
:1040B000FFFFFFFFFFFFFFFFFF4900000049DBFF9D
:1040C000FFFFFFFFFFFFFFFFFFFFFFFFFFFFDB6DB6
:1040D00000000024DBFFFFFFFFFFFFFFFFFFFFDB10
:1040E000922400000000244992FFFFFFFFFFFFFF22
:1040F000FFFFFFFFFFFFFFFF4900002492FFFFFFCC
:10410000FFFFFFFFFFFFFFFFFFFFFFFFFFFFFFFFBF
:10411000DB49000024B6FFFFFFFFFFFFFF924924A9
:10412000000000002492DBFFFFFFFFFFFFFFFFFF07
:10413000FFFFFFFFFFFFFF49000049DBFFFFFFFF1D
:10414000FFFFFFFFFFFFFFFFFFFFFFFFFFFFFFFF7F
:10415000FFFF92000024B6FFFFFFFFFF49000000B1
:1041600000246DDBFFFFFFFFFFFFFFFFFFFFFFFFEF
:10417000FFFFFFFFFFFF49000049FFFFFFFFFFFFB9
:10418000FFFFFFFFFFFFFFFFFFFFFFFFFFFFFFFF3F
:10419000FFFFFF92240024DBFFFFFFFF240000004D
:1041A00024DBFFFFFFFFFFFFFFFFFFFFFFFFFFFF1E
:1041B000FFFFFFFFFF6D000049FFFFFFFFFFFFFF55
:1041C000FFFFFFFFFFFFFFFFFFFFFFFFFFFFFFFFFF
:1041D000FFFFFFFF92000049FFFFFFFFDB492400C4
:1041E000002492FFFFFFFFFFFFFFFFFFFFFFFFFF26
:1041F000FFFFFFFFDB240024FFFFFFFFFFFFFFFFA8
:10420000FFFFFFFFFFFFFFFFFFFFFFFFFFFFFFFFBE
:10421000FFFFFFFFFF6D00006DFFFFFFFFFFDB49AA
:1042200000000024B6FFFFFFFFFFFFFFFFFFFFFFBF
:10423000FFFFFFFF490024B6FFFFFFFFFFFFFFFF67
:10424000FFFFFFFFFFFFFFFFFFFFFFFFFFFFFFFF7E
:10425000FFFFFFFFFFFF240024DBFFFFFFFFFFFF47
:10426000922400000049DBFFFFFFFFFFFFFFFFFF7D
:10427000FFFFFF9200006DFFFFFFFFFFFFFFFFFF4B
:10428000FFFFFFFFFFFFFFFFFFFFFFFFFFFFFFFF3E
:10429000FFFFFFFFFFFFB6240049FFFFFFFFFFFF07
:1042A000FFFF92240000246DFFFFFFFFFFFFFFFFD1
:1042B000FFFFFF490024FFFFFFFFFFFFFFFFFFFF9E
:1042C000FFFFFFFFFFFFFFFFFFFFFFFFFFFFFFFFFE
:1042D000FFFFFFFFFFFFFF490000DBFFFFFFFFFFC6
:1042E000FFFFFFDB4924000024B6FFFFFFFFFFFFB5
:1042F000FFFFDB240092FFFFFFFFFFFFFFFFFFFF39
:10430000FFFFFFFFFFFFFFFFFFFFFFFFFFFFFFFFBD
:10431000FFFFFFFFFFFFFFB600006DFFFFFFFFFF86
:10432000FFFFFFFFFFB64900000049B6FFFFFFFF98
:10433000FFFF6D0024DBFFFFFFFFFFFFFFFFFFFF1D
:10434000FFFFFFFFFFFFFFFFFFFFFFFFFFFFFFFF7D
:10435000FFFFFFFFFFFFFFFF490024FFFFFFFFFFFD
:10436000FFFFFFFFFFFFFF922400000049DBFFFF7C
:10437000FFFF240049FFFFFFFFFFFFFFFFFFFFFFDD
:10438000FFFFFFFFFFFFFFFFFFFFFFFFFFFFFFFF3D
:10439000FFFFFFFFFFFFFFFF920024DBFFFFFFFF98
:1043A000FFFFFFFFFFFFFFFFDB6D000000246DFF3D
:1043B000FFDB00006DFFFFFFFFFFFFFFFFFFFFFFC1
:1043C000FFFFFFFFFFFFFFFFFFFFFFFFFFFFFFFFFD
:1043D000FFFFFFFFFFFFFFFFDB240092FFFFFFFF58
:1043E000FFFFFFFFFFFFFFFFFFFFDB49240000246B
:1043F000B6920000B6FFFFFFFFFFFFFFFFFFFFFFCA
:10440000FFFFFFFFFFFFFFFFFFFFFFFFFFFFFFFFBC
:10441000FFFFFFFFFFFFFFFFFF24006DFFFFFFFF18
:10442000FFFFFFFFFFFFFFFFFFFFFFFFB6240000BE
:1044300000240000DBFFFFFFFFFFFFFFFFFFFFFF88
:10444000FFFFFFFFFFFFFFFFFFFFFFFFFFFFFFFF7C
:10445000FFFFFFFFFFFFFFFFFF490049FFFFFFFFD7
:10446000FFFFFFFFFFFFFFFFFFFFFFFFFFFF9224A4
:1044700000000000FFFFFFFFFFFFFFFFFFFFFFFF48
:10448000FFFFFFFFFFFFFFFFFFFFFFFFFFFFFFFF3C
:10449000FFFFFFFFFFFFFFFFFF490024FFFFFFFFBC
:1044A000FFFFFFFFFFFFFFFFFFFFFFFFFFFFFFDB40
:1044B0006D240000FFFFFFFFFFFFFFFFFFFFFFFF77
:1044C000FFFFFFFFFFFFFFFFFFFFFFFFFFFFFFFFFC
:1044D000FFFFFFFFFFFFFFFFFF490000FFFFFFFFA0
:1044E000FFFFFFFFFFFFFFFFFFFFFFFFFFFFFFDB00
:1044F0006D240000FFFFFFFFFFFFFFFFFFFFFFFF37
:10450000FFFFFFFFFFFFFFFFFFFFFFFFFFFFFFFFBB
:10451000FFFFFFFFFFFFFFFFFF490000FFFFFFFF5F
:10452000FFFFFFFFFFFFFFFFFFFFFFFFFFFF9224E3
:1045300000000000FFFFFFFFFFFFFFFFFFFFFFFF87
:10454000FFFFFFFFFFFFFFFFFFFFFFFFFFFFFFFF7B
:10455000FFFFFFFFFFFFFFFFFF490024FFFFFFFFFB
:10456000FFFFFFFFFFFFFFFFFFFFFFFFB62400007D
:1045700000240000DBFFFFFFFFFFFFFFFFFFFFFF47
:10458000FFFFFFFFFFFFFFFFFFFFFFFFFFFFFFFF3B
:10459000FFFFFFFFFFFFFFFFFF490049FFFFFFFF96
:1045A000FFFFFFFFFFFFFFFFFFFFDB4924000024A9
:1045B000B6920000B6FFFFFFFFFFFFFFFFFFFFFF08
:1045C000FFFFFFFFFFFFFFFFFFFFFFFFFFFFFFFFFB
:1045D000FFFFFFFFFFFFFFFFFF24006DFFFFFFFF57
:1045E000FFFFFFFFFFFFFFFFDB6D000000246DFFFB
:1045F000FFDB00006DFFFFFFFFFFFFFFFFFFFFFF7F
:10460000FFFFFFFFFFFFFFFFFFFFFFFFFFFFFFFFBA
:10461000FFFFFFFFFFFFFFFFDB240092FFFFFFFF15
:10462000FFFFFFFFFFFFFF92240000006DDBFFFF95
:10463000FFFF240049FFFFFFFFFFFFFFFFFFFFFF1A
:10464000FFFFFFFFFFFFFFFFFFFFFFFFFFFFFFFF7A
:10465000FFFFFFFFFFFFFFFF920024DBFFFFFFFFD5
:10466000FFFFFFFFFFB64900000049B6FFFFFFFF55
:10467000FFFF6D0024DBFFFFFFFFFFFFFFFFFFFFDA
:10468000FFFFFFFFFFFFFFFFFFFFFFFFFFFFFFFF3A
:10469000FFFFFFFFFFFFFFFF490024FFFFFFFFFFBA
:1046A000FFFFFFDB4924000024B6FFFFFFFFFFFFF1
:1046B000FFFFDB240092FFFFFFFFFFFFFFFFFFFF75
:1046C000FFFFFFFFFFFFFFFFFFFFFFFFFFFFFFFFFA
:1046D000FFFFFFFFFFFFFFB600006DFFFFFFFFFFC3
:1046E000FFFF92240000246DFFFFFFFFFFFFFFFF8D
:1046F000FFFFFF490024FFFFFFFFFFFFFFFFFFFF5A
:10470000FFFFFFFFFFFFFFFFFFFFFFFFFFFFFFFFB9
:10471000FFFFFFFFFFFFFF490000DBFFFFFFFFFF81
:10472000922400000049DBFFFFFFFFFFFFFFFFFFB8
:10473000FFFFFF9200006DFFFFFFFFFFFFFFFFFF86
:10474000FFFFFFFFFFFFFFFFFFFFFFFFFFFFFFFF79
:10475000FFFFFFFFFFFFB6240049FFFFFFFFDB491C
:1047600000000049B6FFFFFFFFFFFFFFFFFFFFFF55
:10477000FFFFFFFF490024B6FFFFFFFFFFFFFFFF22
:10478000FFFFFFFFFFFFFFFFFFFFFFFFFFFFFFFF39
:10479000FFFFFFFFFFFF240024DBFFFFDB492400B6
:1047A000002492FFFFFFFFFFFFFFFFFFFFFFFFFF60
:1047B000FFFFFFFFDB240024FFFFFFFFFFFFFFFFE2
:1047C000FFFFFFFFFFFFFFFFFFFFFFFFFFFFFFFFF9
:1047D000FFFFFFFFFF6D00006DFFFFFF24000000E3
:1047E00049DBFFFFFFFFFFFFFFFFFFFFFFFFFFFFB3
:1047F000FFFFFFFFFF6D000049FFFFFFFFFFFFFF0F
:10480000FFFFFFFFFFFFFFFFFFFFFFFFFFFFFFFFB8
:10481000FFFFFFFF92000049FFFFFFFF490000007C
:10482000246DDBFFFFFFFFFFFFFFFFFFFFFFFFFF29
:10483000FFFFFFFFFFFF49000049FFFFFFFFFFFFF2
:10484000FFFFFFFFFFFFFFFFFFFFFFFFFFFFFFFF78
:10485000FFFFFF92240024DBFFFFFFFFFF922400F5
:104860000000246DDBFFFFFFFFFFFFFFFFFFFFFFE7
:10487000FFFFFFFFFFFFFF49000049DBFFFFFFFFD6
:10488000FFFFFFFFFFFFFFFFFFFFFFFFFFFFFFFF38
:10489000FFFF92000024B6FFFFFFFFFFFFFFFFB600
:1048A000240000002449DBFFFFFFFFFFFFFFFFFFA5
:1048B000FFFFFFFFFFFFFFFF4900002492FFFFFF04
:1048C000FFFFFFFFFFFFFFFFFFFFFFFFFFFFFFFFF8
:1048D000DB49000024B6FFFFFFFFFFFFFFFFFFFFE4
:1048E000FF9249240000006DDBFFFFFFFFFFFFFF89
:1048F000FFFFFFFFFFFFFFFFFF6D00000049DBFF31
:10490000FFFFFFFFFFFFFFFFFFFFFFFFFFFFDB6D6D
:1049100000000024DBFFFFFFFFFFFFFFFFFFFFFFA3
:10492000FFFFFFB6490000002449DBFFFFFFFFFF48
:10493000FFFFFFFFFFFFFFFFFFFF9224000024495E
:1049400092FFFFFFFFFFFFFFFFFFFFFFB6492400BD
:1049500000006DFFFFFFFFFFFFFFFFFFFFFFFFFFF7
:10496000FFFFFFFFFFB6492400006DFFFFFFFFFFC1
:10497000FFFFFFFFFFFFFFFFFFDB4900000000001C
:104980000000496D92B6B6B6B66D49240000002409
:1049900049B6FFFFFFFFFFFFFFFFFFFFFFFFFFFF26
:1049A000FFFFFFFFFFFFFFB600006DFFFFFFFFFFF0
:1049B000FFFFFFFFFFFFFFFF6D24000024926D2427
:1049C000000000000000000000000000000049B6E8
:1049D000FFFFFFFFFFFFFFFFFFFFFFFFFFFFFFFFE7
:1049E000FFFFFFFFFFFFFFDB000092FFFFFFFFFF66
:1049F000FFFFFFFFFFFF92240000246DDBFFFFFF9E
:104A0000B6494924242424242424244992DBFFFF8A
:104A1000FFFFFFFFFFFFFFFFFFFFFFFFFFFFFFFFA6
:104A2000FFFFFFFFFFFFFFB60000B6FFFFFFFFFF26
:104A3000FFFFFFFFB64900000049DBFFFFFFFFFF5C
:104A4000FFFFFFDBDBDBDBDBDBDBFFFFFFFFFFFF72
:104A5000FFFFFFFFFFFFFFFFFFFFFFFFFFFFFFFF66
:104A6000FFFFFFFFFFFFFF920000DBFFFFFFFFFFE5
:104A7000FFFFDB6D0000002492FFFFFFFFFFFFFF41
:104A8000FFFFFFFFFFFFFFFFFFFFFFFFFFFFFFFF36
:104A9000FFFFFFFFFFFFFFFFFFFFFFFFFFFFFFFF26
:104AA000FFFFFFFFFFFFFF6D0000DBFFFFFFFFFFCA
:104AB000FF6D240000006DDBFFFFFFFFFFFFFFFF26
:104AC000FFFFFFFFFFFFFFFFFFFFFFFFFFFFFFFFF6
:104AD000FFFFFFFFFFFFFFFFFFFFFFFFFFFFFFFFE6
:104AE000FFFFFFFFFFFFFF490000FFFFFFFFFFB6D3
:104AF0002400002449DBFFFFFFFFFFFFFFFFFFFF54
:104B0000FFFFFFFFFFFFFFFFFFFFFFFFFFFFFFFFB5
:104B1000FFFFFFFFFFFFFFFFFFFFFFFFFFFFFFFFA5
:104B2000FFFFFFFFFFFFFF490024FFFFFFDB4924DA
:104B3000000024B6FFFFFFFFFFFFFFFFFFFFFFFFA7
:104B4000FFFFFFFFFFFFFFFFFFFFFFFFFFFFFFFF75
:104B5000FFFFFFFFFFFFFFFFFFFFFFFFFFFFFFFF65
:104B6000FFFFFFFFFFFFFF490049FFFF9224000006
:104B7000246DFFFFFFFFFFFFFFFFFFFFFFFFFFFFB2
:104B8000FFFFFFFFFFFFFFFFFFFFFFFFFFFFFFFF35
:104B9000FFFFFFFFFFFFFFFFFFFFFFFFFFFFFFFF25
:104BA000FFFFFFFFFFFFFF24006D92240000006D58
:104BB000DBFFFFFFFFFFFFFFFFFFFFFFFFFFFFFF29
:104BC000FFFFFFFFFFFFFFFFFFFFFFFFFFFFFFFFF5
:104BD000FFFFFFFFFFFFFFFFFFFFFFFFFFFFFFFFE5
:104BE000FFFFFFFFFFFFDB24000000000049B6FFCE
:104BF000FFFFFFFFFFFFFFFFFFFFFFFFFFFFFFFFC5
:104C0000FFFFFFFFFFFFFFFFFFFFFFFFFFFFFFFFB4
:104C1000FFFFFFFFFFFFFFFFFFFFFFFFFFFFFFFFA4
:104C2000FFFFFFFFFFFFDB240000002492FFFFFFD8
:104C3000FFFFFFFFFFFFFFFFFFFFFFFFFFFFFFFF84
:104C4000FFFFFFFFFFFFFFFFFFFFFFFFFFFFFFFF74
:104C5000FFFFFFFFFFFFFFFFFFFFFFFFFFFFFFFF64
:104C6000FFFFFFFFFFFFDB0000246DDBFFFFFFFF07
:104C7000FFFFFFFFFFFFFFFFFFFFFFFFFFFFFFFF44
:104C8000FFFFFFFFFFFFFFFFFFFFFFFFFFFFFFFF34
:104C9000FFFFFFFFFFFFFFFFFFFFFFFFFFFFFFFF24
:104CA000FFFFFFFFFFFFFF4949DBFFFFFFFFFFFFA4
:104CB000FFFFFFFFFFFFFFFFFFFFFFFFFFFFFFFF04
:104CC000FFFFFFFFFFFFFFFFFFFFFFFFFFFFFFFFF4
:104CD000FFFFFFFFFFFFFFFFFFFFFFFFFFFFFFFFE4
:104CE000FFFFFFFFFFFFFFFFFFFFFFFFFFFFFFFFD4
:104CF000FFDBDB92926D49242400002424496D924D
:104D0000B6DBFFFFFFFFFFFFFFFFFFFFFFFFFFFF20
:104D1000FFFFFFFFFFFFFFFFFFFFFFFFFFFFFFFFA3
:104D2000FFFFFFFFFFFFFFFFFFFFFFFFFFFFDB6D49
:104D30004924000000000000000000000000000006
:104D40000024496D6DDBFFFFFFFFFFFFFFFFFFFF4B
:104D5000FFFFFFFFFFFFFFFFFFFFFFFFFFFFFFFF63
:104D6000FFFFFFFFFFFFFFFFFFFFFFDB92240000BD
:104D700000000024242449494924000049492424EE
:104D800000000000000049B6FFFFFFFFFFFFFFFF2C
:104D9000FFFFFFFFFFFFFFFFFFFFFFFFFFFFFFFF23
:104DA000FFFFFFFFFFFFFFFFFFDB6D2400000000A0
:104DB000246DB6DBDBFFFFFFFF6D0000FFFFFFDBB5
:104DC000B6924900000000002492FFFFFFFFFFFFA2
:104DD000FFFFFFFFFFFFFFFFFFFFFFFFFFFFFFFFE3
:104DE000FFFFFFFFFFFFFFDB6D24000000246DB617
:104DF000FFFFFFFFFFFFFFFFFF6D0000FFFFFFFF53
:104E0000FFFFFFDBB6492400000024B6FFFFFFFFD1
:104E1000FFFFFFFFFFFFFFFFFFFFFFFFFFFFFFFFA2
:104E2000FFFFFFFFFFFF922400000024B6FFFFFFFB
:104E3000FFFFFFFFFFFFFFFFFF6D0000FFFFFFFF12
:104E4000FFFFFFFFFFFFDB922400000049DBFFFFB5
:104E5000FFFFFFFFFFFFFFFFFFFFFFFFFFFFFFFF62
:104E6000FFFFFFFFDB49000000000024FFFFFFFF02
:104E7000FFFFFFFFFFFFFFFFFFDB496DFFFFFFFFAE
:104E8000FFFFFFFFFFFFFFFF490000000024B6FF08
:104E9000FFFFFFFFFFFFFFFFFFFFFFFFFFFFFFFF22
:104EA000FFFFFF4924000000926D00006DFFFFFF2F
:104EB000FFFFFFFFFFFFFFFFFFFFFFFFFFFFFFFF02
:104EC000FFFFFFFFFFFFFF920000496D0000246D10
:104ED000FFFFFFFFFFFFFFFFFFFFFFFFFFFFFFFFE2
:104EE000FFDB4900000049DBFFFF49246DFFFFFFA6
:104EF000FFFFFFFFFFFFFFFFFFFFFFFFFFFFFFFFC2
:104F0000FFFFFFFFFFFFFF922424FFFF922400001A
:104F100049FFFFFFFFFFFFFFFFFFFFFFFFFFFFFF57
:104F2000DB240000006DFFFFFFFFFFDBFFFFFFFF43
:104F3000FFFFFFFFFFFFFFFFFFFFFFFFFFFFFFFF81
:104F4000FFFFFFFFFFFFFFFFDBFFFFFFFFDB240093
:104F50000049FFFFFFFFFFFFFFFFFFFFFFFFFFDB3A
:104F60002400004992FFFFFFFFFFFFFFFFFFFFFF4D
:104F7000FFFFFFFFFFFFFFFFFFFFFFFFFFFFFFFF41
:104F8000FFFFFFFFFFFFFFFFFFFFFFFFFFFFFF49E7
:104F9000000049FFFFFFFFFFFFFFFFFFFFFFFF498B
:104FA00000006DFFFFFFFFFFFFFFFFFFFFFFFFFFA1
:104FB000FFFFFFFFFFFFFFFFFFFFFFFFFFFFFFFF01
:104FC000FFFFFFFFFFFFFFFFFFFFFFFFFFFFFFFFF1
:104FD0004900004992FFFFFFFFFFFFFFFFFF49006D
:104FE000006DFFFFFFFFFFFFFFFFFFFFFFFFFFFF62
:104FF000FFFFFFFFFFFFFFFFFFFFFFFFFFFFFFFFC1
:10500000FFFFFFFFFFFFFFFFFFFFFFFFFFFFFFFFB0
:10501000FF49000024DBFFFFFFFFFFFFFF6D0000E3
:1050200049FFFFFFFFFFFFFFFFFFFFFFFFFFFFFF46
:10503000FFFFFFFFFFFFFFFFFFFFFFFFFFFFFFFF80
:10504000FFFFFFFFFFFFFFFFFFFFFFFFFFFFFFFF70
:10505000FFDB24000024FFFFFFFFFFFFDB24002411
:10506000DBFFFFFFFFFFFFFFFFFFFFFFFFFFFFFF74
:10507000FFFFFFFFFFFFFFFFFFFFFFFFFFFFFFFF40
:10508000FFFFFFFFFFFFFFFFFFFFFFFFFFFFFFFF30
:10509000FFFFB62400006DFFFFFFFFFF490024B6AD
:1050A000FFFFFFFFFFFFFFFFFFFFFFFFFFFFFFFF10
:1050B000FFFFFFFFFFFFFFFFFFFFFFFFFFFFFFFF00
:1050C000FFFFFFFFFFFFFFFFFFFFFFFFFFFFFFFFF0
:1050D000FFFFFF92490024B6FFFFFFFF92246DFF00
:1050E000FFFFFFFFFFFFFFFFFFFFFFFFFFFFFFFFD0
:1050F000FFFFFFFFFFFFFFFFFFFFFFFFFFFFFFFFC0
:10510000FFFFFFFFFFFFFFFFFFFFFFFFFFFFFFFFAF
:10511000FFFFFFDBB6000024FFFFFFFFFFFFFFFFE5
:10512000FFFFFFFFFFFFFFFFFFFFFFFFFFFFFFFF8F
:10513000FFFFFFFFFFFFFFFFFFFFFFFFFFFFFFFF7F
:10514000FFFFFFFFFFFFFFFFFFFFFFFFFFFFFFFF6F
:10515000FFFFB6242400000092FFFFFFFFFFFFFFC8
:10516000FFFFFFFFFFFFFFFFFFFFFFFFFFFFFFFF4F
:10517000FFFFFFFFFFFFFFFFFFFFFFFFFFFFFFFF3F
:10518000FFFFFFFFFFFFFFFFFFFFFFFFFFFFFFFF2F
:10519000FFFF24000024240024FFFFFFFFFFFFFF88
:1051A000FFFFFFFFFFFFFFFFFFFFFFFFFFFFFFFF0F
:1051B000FFFFFFFFFFFFFFFFFFFFFFFFFFFFFFFFFF
:1051C000FFFFFFFFFFFFFFFFFFFFFFFFFFFFFFFFEF
:1051D000FFFF922424B6920000B6FFFFFFFFFFFFFF
:1051E000FFFFFFFFFFFFFFFFFFFFFFFFFFFFFFFFCF
:1051F000FFFFFFFFFFFFFFFFFFFFFFFFFFFFFFFFBF
:10520000FFFFFFFFFFFFFFFFFFFFFFFFFFFFFFFFAE
:10521000FFFFFFFFFFFFDB240049FFFFFFFFFFFF52
:10522000FFFFFFFFFFFFFFFFFFFFFFFFFFFFFFFF8E
:10523000FFFFFFFFFFFFFFFFFFFFFFFFFFFFFFFF7E
:10524000FFFFFFFFFFFFFFFFFFFFFFFFFFFFFFFF6E
:10525000FFFFFFFFFFFFFF490000DBFFFFFFFFFF36
:10526000FFFFFFFFFFFFFFFFFFFFFFFFFFFFFFFF4E
:10527000FFFFFFFFFFFFFFFFFFFFFFFFFFFFFFFF3E
:10528000FFFFFFFFFFFFFFFFFFFFFFFFFFFFFFFF2E
:10529000FFFFFFFFFFFFFFB600006DFFFFFFFFFFF7
:1052A000FFFFFFFFFFFFFFFFFFFFFFFFFFFFFFFF0E
:1052B000FFFFFFFFFFFFFFFFFFFFFFFFFFFFFFFFFE
:1052C000FFFFFFFFFFFFFFFFFFFFFFFFFFFFFFFFEE
:1052D000FFFFFFFFFFFFFFFF240049FFFFFFFFFF6E
:1052E000FFFFFFFFFFFFFFFFFFFFFFFFFFFFFFFFCE
:1052F000FFFFFFFFFFFFFFFFFFFFFFFFFFFFFFFFBE
:10530000FFFFFFFFFFFFFFFFFFFFFFFFFFFFFFFFAD
:10531000FFFFFFFFFFFFFFFF6D0024DBFFFFFFFF2D
:10532000FFFFFFFFFFFFFFFFFFFFFFFFFFFFFFFF8D
:10533000FFFFFFFFFFFFFFFFFFFFFFFFFFFFFFFF7D
:10534000FFFFFFFFFFFFFFFFFFFFFFFFFFFFFFFF6D
:10535000FFFFFFFFFFFFFFFFB60000DBFFFFFFFFC8
:10536000FFFFFFFFFFFFFFFFFFFFFFFFFFFFFFFF4D
:10537000FFFFFFFFFFFFFFFFFFFFFFFFFFFFFFFF3D
:10538000FFFFFFFFFFFFFFFFFFFFFFFFFFFFFFFF2D
:10539000FFFFFFFFFFFFFFFFDB240092FFFFFFFF88
:1053A000FFFFFFFFFFFFFFFFFFFFFFFFFFFFFFFF0D
:1053B000FFFFFFFFFFFFFFFFFFFFFFFFFFFFFFFFFD
:1053C000FFFFFFFFFFFFFFFFFFFFFFFFFFFFFFFFED
:1053D000FFFFFFFFFFFFFFFFFF24006DFFFFFFFF49
:1053E000FFFFFFFFFFFFFFFFFFFFFFFFFFFFFFFFCD
:1053F000FFFFFFFFFFFFFFFFFFDBDBFFFFFFFFFF05
:10540000FFFFFFFFFFFFFFFFFFFFFFFFFFFFFFFFAC
:10541000FFFFFFFFFFFFFFFFFF490049FFFFFFFF07
:10542000FFFFFFFFFFFFFFFFFFFFFFFFFFFFFFFF8C
:10543000FFFFFFFFFFFFFFDB49240024B6FFFFFF54
:10544000FFFFFFFFFFFFFFFFFFFFFFFFFFFFFFFF6C
:10545000FFFFFFFFFFFFFFFFFF490024FFFFFFFFEC
:10546000FFFFFFFFFFFFFFFFFFFFFFFFFFFFFFFF4C
:10547000FFFFFFFFFFFFFF490000000024DBFFFFED
:10548000FFFFFFFFFFFFFFFFFFFFFFFFFFFFFFFF2C
:10549000FFFFFFFFFFFFDBDBDB490024FFFFFFFF18
:1054A000FFFFFFFFFFFFFFFFFFFFFFFFFFFFFFFF0C
:1054B000FFFFFFFFFFFFDB240000000000B6FFFF3F
:1054C000FFFFFFFFFFFFFFFFFFFFFFFFFFFFFFFFEC
:1054D000FFFFFFFFFF92240000000000FFFFFFFF1F
:1054E000FFFFFFFFFFFFFFFFFFFFFFFFFFFFFFFFCC
:1054F000FFFFFFFFFFFFDB240000000000B6FFFFFF
:10550000FFFFFFFFFFFFFFFFFFFFFFFFFFFFFFFFAB
:10551000FFFFFFFFFF92240000000000FFFFFFFFDE
:10552000FFFFFFFFFFFFFFFFFFFFFFFFFFFFFFFF8B
:10553000FFFFFFFFFFFFFF490000000024DBFFFF2C
:10554000FFFFFFFFFFFFFFFFFFFFFFFFFFFFFFFF6B
:10555000FFFFFFFFFFFFDBDBDB490024FFFFFFFF57
:10556000FFFFFFFFFFFFFFFFFFFFFFFFFFFFFFFF4B
:10557000FFFFFFFFFFFFFFDB4924000024DBFFFFED
:10558000FFFFFFFFFFFFFFFFFFFFFFFFFFFFFFFF2B
:10559000FFFFFFFFFFFFFFFFFF490024FFFFFFFFAB
:1055A000FFFFFFFFFFFFFFFFFFFFFFFFFFFFFFFF0B
:1055B000FFFFFFFFFFFFFFFFFFDB9200006DFFFF1C
:1055C000FFFFFFFFFFFFFFFFFFFFFFFFFFFFFFFFEB
:1055D000FFFFFFFFFFFFFFFFFF490049FFFFFFFF46
:1055E000FFFFFFFFFFFFFFFFFFFFFFFFFFFFFFFFCB
:1055F000FFFFFFFFFFFFFFFFFFFFFF490000B6FFB8
:10560000FFFFFFFFFFFFFFFFFFFFFFFFFFFFFFFFAA
:10561000FFFFFFFFFFFFFFFFFF24006DFFFFFFFF06
:10562000FFFFFFFFFFFFFFFFFFFFFFFFFFFFFFFF8A
:10563000FFFFFFFFFFFFFFFFFFFFFFDB000049FF52
:10564000FFFFFFFFFFFFFFFFFFFFFFFFFFFFFFFF6A
:10565000FFFFFFFFFFFFFFFFDB240092FFFFFFFFC5
:10566000FFFFFFFFFFFFFFFFFFFFFFFFFFFFFFFF4A
:10567000FFFFFFFFFFFFFFFFFFFFFFFF6D0000B613
:10568000FFFFFFFFFFFFFFFFFFFFFFFFFFFFFFFF2A
:10569000FFFFFFFFFFFFFFFFB60000DBFFFFFFFF85
:1056A000FFFFFFFFFFFFFFFFFFFFFFFFFFFFFFFF0A
:1056B000FFFFFFFFFFFFFFFFFFFFFFFFDB240024D3
:1056C000FFFFFFFFFFFFFFFFFFFFFFFFFFFFFFFFEA
:1056D000FFFFFFFFFFFFFFFF6D0024DBFFFFFFFF6A
:1056E000FFFFFFFFFFFFFFFFFFFFFFFFFFFFFFFFCA
:1056F000FFFFFFFFFFFFFFFFFFFFFFFFFF92000025
:105700006DFFFFFFFFFFFFFFFFFFFFFFFFFFFFFF3B
:10571000FFFFFFFFFFFFFFFF240049FFFFFFFFFF29
:10572000FFFFFFFFFFFFFFFFFFFFFFFFFFFFFFFF89
:10573000FFFFFFFFFFFFFFFFFFFFFFFFFFFF49002E
:1057400024DBFFFFFFFFFFFFFFFFFFFFFFFFFFFF68
:10575000FFFFFFFFFFFFFFB600006DFFFFFFFFFF32
:10576000FFFFFFFFFFFFFFFFFFFFFFFFFFFFFFFF49
:10577000FFFFFFFFFFFFFFFFFFFFFFFFFFFFDB2438
:105780000049FFFFFFFFFFFFFFFFFFFFFFFFFFFFDE
:10579000FFFFFFFFFFFFFF490000DBFFFFFFFFFFF1
:1057A000FFFFFFFFFFFFFFFFFFFFFFFFFFFFFFFF09
:1057B000FFFFFFFFFFFFFFFFFFFFFFFFFFFFFF6D8B
:1057C000000092FFFFFFFFFFFFFFFFFFFFFFFFFF54
:1057D000FFFFFFFFFFFFDB240049FFFFFFFFFFFF8D
:1057E000FFFFFFFFFFFFFFFFFFFFFFFFFFFFFFFFC9
:1057F000FFFFFFFFFFFFFFFFFFFFFFFFFFFFFFDBDD
:10580000240024FFFFFFFFFFFFFFFFFFFFFFFFFF5D
:10581000FFFF922424B6920000B6FFFFFFFFFFFFB8
:10582000FFFFFFFFFFFFFFFFFFFFFFFFFFFFFFFF88
:10583000FFFFFFFFFFFFFFFFFFFFFFFFFFFFFFFF78
:105840009200006DB6FFFFFFFFFFFFFFFFFFFFFFAE
:10585000FFFF24000024240024FFFFFFFFFFFFFFC1
:10586000FFFFFFFFFFFFFFFFFFFFFFFFFFFFFFFF48
:10587000FFFFFFFFFFFFFFFFFFFFFFFFFFFFFFFF38
:10588000FF49000049FFFFFFFFFFFFFFFFFFFFFF92
:10589000FFFFB6242400000092FFFFFF922492FF36
:1058A000FFFFFFFFFFFFFFFFFFFFFFFFFFFFFFFF08
:1058B000FFFFFFFFFFFFFFFFFFFFFFFFFFFFFFFFF8
:1058C000FFB6246DB6FFFFFFFFFFFFFFFFFFFFFFE7
:1058D000FFFFFFDBB6000024FFFFFFFF490024DBD2
:1058E000FFFFFFFFFFFFFFFFFFFFFFFFFFFFFFFFC8
:1058F000FFFFFFFFFFFFFFFFFFFFFFFFFFFFFFFFB8
:10590000FFFFFFFFFFFFFFFFFFFFFFFFFFFFFFFFA7
:10591000FFFFFF92490024B6FFFFFFFFB6240024DB
:10592000FFFFFFFFFFFFFFFFFFFFFFFFFFFFFFFF87
:10593000FFFFFFFFFFFFFFFFFFFFFFFFFFFFFFFF77
:10594000FFFFFFFFFFFFFFFFFFFFFFFFFFFFFFFF67
:10595000FFFFB62400006DFFFFFFFFFFFF6D00009B
:1059600049FFFFFFFFFFFFFFFFFFFFFFFFFFFFFFFD
:10597000FFFFFFFFFFFFFFFFFFFFFFFFFFFFFFFF37
:10598000FFFFFFFFFFFFFFFFFFFFFFFFFFFFFFFF27
:10599000FFDB24000024FFFFFFFFFFFFFFFF4900A4
:1059A000006DFFFFFFFFFFFFFFFFFFFFFFFFFFFF98
:1059B000FFFFFFFFFFFFFFFFFFFFFFFFFFFFFFFFF7
:1059C000FFFFFFFFFFFFFFFFFFFFFFFFFFFFFFFFE7
:1059D000FF49000024DBFFFFFFFFFFFFFFFFFF4940
:1059E00000006DFFFFFFFFFFFFFFFFFFFFFFFFFF57
:1059F000FFFFFFFFFFFFFFFFFFFFFFFFFFFFFFFFB7
:105A0000FFFFFFFFFFFFFFFFFFFFFFFFFFFFFFFFA6
:105A10004900004992FFFFFFFFFFFFFFFFFFFFDB91
:105A20002400004992FFFFFFFFFFFFFFFFFFFFFF82
:105A3000FFFFFFFFFFFFFFFFFFFFFFFFFFFFFFFF76
:105A4000FFFFFFFFFFFFFFFFFFFFFFFFFFFFFF491C
:105A5000000049FFFFFFFFFFFFFFFFFFFFFFFFFF0A
:105A6000DB240000006DFFFFFFFFFFDBFFFFFFFFF8
:105A7000FFFFFFFFFFFFFFFFFFFFFFFFFFFFFFFF36
:105A8000FFFFFFFFFFFFFFFFDBFFFFFFFFDB240048
:105A90000049FFFFFFFFFFFFFFFFFFFFFFFFFFFFCB
:105AA000FFDB4900000049DBFFFF49246DFFFFFFDA
:105AB000FFFFFFFFFFFFFFFFFFFFFFFFFFFFFFFFF6
:105AC000FFFFFFFFFFFFFF922424FFFF922400004F
:105AD00049FFFFFFFFFFFFFFFFFFFFFFFFFFFFFF8C
:105AE000FFFFFF6D49000000926D00006DFFFFFF9A
:105AF000FFFFFFFFFFFFFFFFFFFFFFFFFFFFFFFFB6
:105B0000FFFFFFFFFFFFFF920000496D0000246DC3
:105B1000FFFFFFFFFFFFFFFFFFFFFFFFFFFFFFFF95
:105B2000FFFFFFFFFF6D000000000024FFFFFFFFED
:105B3000FFFFFFFFFFFFFFFFFFDB496DFFFFFFFFE1
:105B4000FFFFFFFFFFFFFFFF490000000024B6FF3B
:105B5000FFFFFFFFFFFFFFFFFFFFFFFFFFFFFFFF55
:105B6000FFFFFFFFFFFFB62400000024B6FFFFFF8A
:105B7000FFFFFFFFFFFFFFFFFF6D0000FFFFFFFFC5
:105B8000FFFFFFFFFFFFDB922400000049DBFFFF68
:105B9000FFFFFFFFFFFFFFFFFFFFFFFFFFFFFFFF15
:105BA000FFFFFFFFFFFFFFFF9224000000246DB600
:105BB000FFFFFFFFFFFFFFFFFF6D0000FFFFFFFF85
:105BC000FFFFFFDBB66D2400000024B6FFFFFFFFE0
:105BD000FFFFFFFFFFFFFFFFFFFFFFFFFFFFFFFFD5
:105BE000FFFFFFFFFFFFFFFFFFFF6D24000000002E
:105BF000246DB6DBDBFFFFFFFF6D0000FFFFFFDB67
:105C0000B6924900000000002492FFFFFFFFFFFF53
:105C1000FFFFFFFFFFFFFFFFFFFFFFFFFFFFFFFF94
:105C2000FFFFFFFFFFFFFFFFFFFFFFFFB649000081
:105C3000000000242424494949240000494924241F
:105C400000000000000049B6FFFFFFFFFFFFFFFF5D
:105C5000FFFFFFFFFFFFFFFFFFFFFFFFFFFFFFFF54
:105C6000FFFFFFFFFFFFFFFFFFFFFFFFFFFFDB6DFA
:105C70004924240000000000000000000000000093
:105C80000024496D6DDBFFFFFFFFFFFFFFFFFFFFFC
:105C9000FFFFFFFFFFFFFFFFFFFFFFFFFFFFFFFF14
:105CA000FFFFFFFFFFFFFFFFFFFFFFFFFFFFFFFF04
:105CB000FFDBDBB6926D49242400002424496D9259
:105CC000B6DBFFFFFFFFFFFFFFFFFFFFFFFFFFFF51
:105CD000FFFFFFFFFFFFFFFFFFFFFFFF9249B6FF40
:105CE000FFFFFFFFFFFFFFFFFFFFFFFFFFFFFFFFC4
:105CF000FFFFFFFFFFFFFFFFFFFFFFFFFFFFFFFFB4
:105D0000FFFFFFFFFFFFFFFFFFFFFFFFFFFFFFFFA3
:105D1000FFFFFFFFFFFFFFFFFFB649B6240024B6D9
:105D2000FFFFFFFFFFFFFFFFFFFFFFFFFFFFFFFF83
:105D3000FFFFFFFFFFFFFFFFFFFFFFFFFFFFFFFF73
:105D4000FFFFFFFFFFFFFFFFFFFFFFFFFFFFFFFF63
:105D5000FFFFFFFFFFFFFFFFB6240049922400244E
:105D6000B6FFFFFFFFFFFFFFFFFFFFFFFFFFFFFF8C
:105D7000FFFFFFFFFFFFFFFFFFFFFFFFFFFFFFFF33
:105D8000FFFFFFFFFFFFFFFFFFFFFFFFFFFFFFFF23
:105D9000FFFFFFFFFFFFFFB6000024B6FF920000E9
:105DA00024B6FFFFFFFFFFFFFFFFFFFFFFFFFFFF27
:105DB000FFFFFFFFFFFFFFFFFFFFFFFFFFFFFFFFF3
:105DC000FFFFFFFFFFFFFFFFFFFFFFFFFFFFFFFFE3
:105DD000FFFFFFFFFFFFB6240000B6FFFFFF922486
:105DE0000024B6FFFFFFFFFFFFFFFFFFFFFFFFFFE6
:105DF000FFFFFFFFFFFFFFFFFFFFFFFFFFFFFFFFB3
:105E0000FFFFFFFFFFFFFFFFFFFFFFFFFFFFFFFFA2
:105E1000FFFFFFFFFFB6000024B6FFFFFFFFFF926A
:105E2000000024B6FFFFFFFFFFFFFFFFFFFFFFFFA4
:105E3000FFFFFFFFFFFFFFFFFFFFFFFFFFFFFFFF72
:105E4000FFFFFFFFFFFFFFFFFFFFFFFFFFFFFFFF62
:105E5000FFFFFFFFB6240000B6FFFFFFFFFFFFFFBD
:105E600092240024B6FFFFFFFFFFFFFFFFFFFFFFAD
:105E7000FFFFFFFFFFFFFFFFFFFFFFFFFFFFFFFF32
:105E8000FFFFFFFFFFFFFFFFFFFFFFFFFFFFFFFF22
:105E9000FFFFFFB6000024B6FFFFFFFFFFFFFFFF7D
:105EA000FF92000024B6FFFFFFFFFFFFFFFFFFFF91
:105EB000FFFFFFFFFFFFFFFFFFFFFFFFFFFFFFFFF2
:105EC000FFFFFFFFFFFFFFFFFFFFFFFFFFFFFFFFE2
:105ED000FFFFB6240000B6FFFFFFFFFFFFFFFFFF3D
:105EE000FFFF92240024B6FFFFFFFFFFFFFFFFFF2D
:105EF000FFB64992FFFFFFFFFFFFFFFFFFFFFFFF1E
:105F0000FFFFFFFF9249DBFFFFFFFFFFFFFFFFFFE8
:105F1000FF92000024B6FFFFFFFFFFFFFFFFFFFF20
:105F2000FFFFFF92000024B6FFFFFFFFFFFFFFFF10
:105F3000FF490024FFFFFFFFFFFFFFFFFFFFFFFF01
:105F4000FFFFFFFF00006DFFFFFFFFFFFFFFFFFFF1
:105F500092240000B6FFFFFFFFFFFFFFFFFFFFFFE0
:105F6000FFFFFFFF92240024B6FFFFFFFFFFFFFFAC
:105F7000FF490024FFFFFFFFFFFFFFFFFFFFFFFFC1
:105F8000FFFFFFFF00006DFFFFFFFFFFFFFFFF921E
:105F9000000024B6FFFFFFFFFFFFFFFFFFFFFFFF33
:105FA000FFFFFFFFFF92000024B6FFFFFFFFFFFF90
:105FB000FF490024FFFFFFFFFFFFFFFFFFFFFFFF81
:105FC000FFFFFFFF00006DFFFFFFFFFFFFFF9224B9
:105FD0000000B6FFFFFFFFFFFFFFFFFFFFFFFFFF18
:105FE000FFFFFFFFFFFF92240024B6FFFFFFFFFF2C
:105FF000FF490024FFFFFFFFFFFFFFFFFFFFFFFF41
:10600000FFFFFFFF00006DFFFFFFFFFFFF9200009B
:1060100024B6FFFFFFFFFFFFFFFFFFFFFFFFFFFFB4
:10602000FFFFFFFFFFFFFF92000024B6FFFFFFFF0F
:10603000FF490024FFFFFFFFFFFFFFFFFFFFFFFF00
:10604000FFFFFFFF00006DFFFFFFFFFF9224000036
:10605000B6FFFFFFFFFFFFFFFFFFFFFFFFFFFFFF99
:10606000FFFFFFFFFFFFFFFF92240024B6FFFFFFAB
:10607000FF490024FFFFFFFFFFFFFFFFFFFFFFFFC0
:10608000FFFFFFFF00006DFFFFFFFF92000024B63F
:10609000FFFFFFFFFFFFFFFFFFFFFFFFFFFFFFFF10
:1060A000FFFFFFFFFFFFFFFFFF92000024B6FFFF8F
:1060B000FF490024FFFFFFFFFFFFFFFFFFFFFFFF80
:1060C000FFFFFFFF00006DFFFFFF92240000B6FFFF
:1060D000FFFFFFFFFFFFFFFFFFFFFFFFFFFFFFFFD0
:1060E000FFFFFFFFFFFFFFFFFFFF92240024B6FF2B
:1060F000FF490024FFFFFFFFFFFFFFFFFFFFFFFF40
:10610000FFFFFFFF00006DFFFF92000024B6FFFFBE
:10611000FFFFFFFFFFFFFFFFFFFFFFFFFFFFFFFF8F
:10612000FFFFFFFFFFFFFFFFFFFFFF92000024B60E
:10613000FF490024FFFFFFFFFFFFFFFFFFFFFFFFFF
:10614000FFFFFFFF00006DFF92240000B6FFFFFF7E
:10615000FFFFFFFFFFFFFFFFFFFFFFFFFFFFFFFF4F
:10616000FFFFFFFFFFFFFFFFFFFFFFFF9224002461
:10617000B6490024FFFFFFFFFFFFFFFFFFFFFFFF08
:10618000FFFFFFFF00006D92000024B6FFFFFFFF3E
:10619000FFFFFFFFFFFFFFFFFFFFFFFFFFFFFFFF0F
:1061A000FFFFFFFFFFFFFFFFFFFFFFFFFF9200006A
:1061B00024240024FFFFFFFFFFFFFFFFFFFFFFFF7F
:1061C000FFFFFFFF000024240000B6FFFFFFFFFFDA
:1061D000FFFFFFFFFFFFFFFFFFFFFFFFFFFFFFFFCF
:1061E000FFFFFFFFFFFFFFFFFFFFFFFFFFFF922407
:1061F00000000024FFFFFFFFFFFFFFFFFFFFFFFF87
:10620000FFFFFFFF0000000024B6FFFFFFFFFFFFBE
:10621000FFFFFFFFFFFFFFFFFFFFFFFFFFFFFFFF8E
:10622000FFFFFFFFB66D494949494949494949249A
:1062300000000024FFFFFFFFFFFFFFFFFFFFFFFF46
:10624000FFFFFFFF0000000024494949494949492F
:1062500049496DDBFFFFFFFFFFFFFFFFFFFFFFFF70
:10626000FFFFFFFF2400000000000000000000000E
:1062700000000024FFFFFFFFFFFFFFFFFFFFFFFF06
:10628000FFFFFFFF00000000000000000000000012
:1062900000000049FFFFFFFFFFFFFFFFFFFFFFFFC1
:1062A000FFFFFFFF6D000000000000000000000085
:1062B00000000092FFFFFFFFFFFFFFFFFFFFFFFF58
:1062C000FFFFFFFF6D000000000000000000000065
:1062D00000002492FFFFFFFFFFFFFFFFFFFFFFFF14
:1062E000FFFFFFFFFFFFFFFFFFFFFFFFFFFFFFFFBE
:1062F000FFFFFFFFFFFFFFFFFFFFFFFFFFFFFFFFAE
:10630000FFFFFFFFFFFFFFFFFFFFFFFFFFFFFFFF9D
:10631000FFFFFFFFFFFFFFFFFFFFFFFFFFFFFFFF8D
:10632000FFFFFFFFFFFFFFFFFFFFFFFFFFFFFFFF7D
:10633000FFFFFFFFFFFFFFFFFFFFFFFFFFFFFFFF6D
:10634000FFFFFFFFFFFFFFFFFFFFFFFFFFFFFFFF5D
:10635000FFFFFFFFFFFFFFFFFFFFFFFFFFFFFFFF4D
:10636000FFFFFFFFFFFFFFFFFFFFFFFFFFFFFFFF3D
:10637000FFFFFFFFFFFFFFFFFFFFFFFFFFFFFFFF2D
:10638000FFFFFFFFFFFFFFFFFFFFFFFFFFFFFFFF1D
:10639000FFFFFFFFFFFFFFFFFFFFFFFFFFFFFFFF0D
:1063A000FFFFFFFFFFFFFFFFFFFFFFFFFFFFFFFFFD
:1063B000FFFFFFFFFFFFFFFFFFFFFFFFFFFFFFFFED
:1063C000FFFFFFFFFFFFFFFFFFFFFFFFFFFFFFFFDD
:1063D000FFFFFFFFFFFFFFFFFFFFFFFFFFFFFFFFCD
:1063E000FFFFFFFFFFFFFFFFFFFFFFFFFFFFFFFFBD
:1063F000FFFFFFFFFFFFFFFFFFFFFFFFFFFFFFFFAD
:10640000FFFFFFFFFFFFFFFFFFFFFFFFFFFFFFFF9C
:10641000FFFFFFFFFFFFFFFFFFFFFFFFFFFFFFFF8C
:10642000FFFFFFFFFFFFFFFFFFFFFFFFFFFFFFFF7C
:10643000FFFFFFFFFFFFFFFFFFFFFFFFFFFFFFFF6C
:10644000FFFFFFFFFFFFFFFFFFFFFFFFFFFFFFFF5C
:10645000FFFFFFFFFFFFFFFFFFFFFFFFFFFFFFFF4C
:10646000FFFFFFFFFFFFFFFFFFFFFFFFFFFFFFFF3C
:10647000FFFFFFFFFFFFFFFFFFFFFFFFFFFFFFFF2C
:10648000FFFFFFFFFFFFFFFFFFFFFFFFFFFFFFFF1C
:10649000FFFFFFFFFFFFFFFFFFFFFFFFFFFFFFFF0C
:1064A000FFFFFFFFFFFFFFFFFFFFFFFFFFFFFFFFFC
:1064B000FFFFFFFFFFFFFFFFFFFFFFFFFFFFFFFFEC
:1064C000FFFFFFFFFFFFFFFFFFFFFFFFFFFFFFFFDC
:1064D000FFFFFFFFFFFFFFFFFFFFFFFFFFFFFFFFCC
:1064E000FFFFFFFFFFFFFFFFFFFFFFFFFFFFFFFFBC
:1064F000FFFFFFFFFFFFFFFFFFFFFFFFFFFFFFFFAC
:10650000FFFFFFFFFFFFFFFFFFFFFFFFFFFFFFFF9B
:10651000FFFFFFFFFFFFFFFFFFFFFFFFFFFFFFFF8B
:10652000FFFFFFFFFFFFFFFFFFFFFFFFFFFFFFFF7B
:10653000FFFFFFFFFFFFFFFFFFFFFFFFFFFFFFFF6B
:10654000FFFFFFFFFFFFFFFFFFFFFFFFFFFFFFFF5B
:10655000FFFFFFFFFFFFFFFFFFFFFFFFFFFFFFFF4B
:10656000FFFFFFFFFFFFFFFFFFFFFFFFFFFFFFFF3B
:10657000FFFFFFFFFFFFFFFFFFFFFFFFFFFFFFFF2B
:10658000FFFFFFFFFFFFFFFFFFFFFFFFFFFFFFFF1B
:10659000FFFFFFFFFFFFFFFFFFFFFFFFFFFFFFFF0B
:1065A000FFFFFFFFFFFFFFFFFFFFFFFFFFFFFFFFFB
:1065B000FFFFFFFFFFFFFFFFFFFFFFFFFFFFFFFFEB
:1065C000FFFFFFFFFFFFFFFFFFFFFFFFFFFFFFFFDB
:1065D000FFFFFFFFFFFFFFFFFFFFFFFFFFFFFFFFCB
:1065E000FFFFFFFFFFFFFFFFFFFFFFFFFFFFFFFFBB
:1065F000FFFFFFFFFFFFFFFFFFFFFFFFFFFFFFFFAB
:10660000FFFFFFFFFFFFFFFFFFFFFFFFFFFFFFFF9A
:10661000FFFFFFFFFFFFFFFFFFFFFFFFFFFFFFFF8A
:10662000FFFFFFFFFFFFFFFFFFFFFFFFFFFFFFFF7A
:10663000FFFFFFFFFFFFFFFFFFFFFFFFFFFFFFFF6A
:10664000FFFFFFFFFFFFFFFFFFFFFFFFFFFFFFFF5A
:10665000FFFFFFFFFFFFFFFFFFFFFFFFFFFFFFFF4A
:10666000FFFFFFFFFFFFFFFFFFFFFFFFFFFFFFFF3A
:10667000FFFFFFFFFFFFFFFFFFFFFFFFFFFFFFFF2A
:10668000FFFFFFFFFFFFFFFFFFFFFFFFFFFFFFFF1A
:10669000FFFFFFFFFFFFFFFFFFFFFFFFFFFFFFFF0A
:1066A000FFFFFFFFFFFFFFFFFFFFFFFFFFFFFFFFFA
:1066B000FFFFFFFFFFFFFFFFFFFFFFFFFFFFFFFFEA
:1066C000FFFFFFFFFFFFFFFFFFFFFFFFFFFFFFFFDA
:1066D000FFFFFFFFFFFFFFFFFFFFFFFFFFFFFFFFCA
:1066E000FFFFFFFF6D000000000000000000000041
:1066F00000000092FFFFFFFFFFFFFFFFFFFFFFFF14
:10670000FFFFFFFF6D000000000000000000000020
:1067100000000092FFFFFFFFFFFFFFFFFFFFFFFFF3
:10672000FFFFFFFF24000000000000000000000049
:1067300000000024FFFFFFFFFFFFFFFFFFFFFFFF41
:10674000FFFFFFFF0000000000000000000000004D
:1067500000000049FFFFFFFFFFFFFFFFFFFFFFFFFC
:10676000FFFFFFFFB66D4949494949494949492455
:1067700000000024FFFFFFFFFFFFFFFFFFFFFFFF01
:10678000FFFFFFFF000000002449494949494949EA
:1067900049496DDBFFFFFFFFFFFFFFFFFFFFFFFF2B
:1067A000FFFFFFFFFFFFFFFFFFFFFFFFFFFF922441
:1067B00000000024FFFFFFFFFFFFFFFFFFFFFFFFC1
:1067C000FFFFFFFF0000000024B6FFFFFFFFFFFFF9
:1067D000FFFFFFFFFFFFFFFFFFFFFFFFFFFFFFFFC9
:1067E000FFFFFFFFFFFFFFFFFFFFFFFFFF92000024
:1067F00024240024FFFFFFFFFFFFFFFFFFFFFFFF39
:10680000FFFFFFFF000024240000B6FFFFFFFFFF93
:10681000FFFFFFFFFFFFFFFFFFFFFFFFFFFFFFFF88
:10682000FFFFFFFFFFFFFFFFFFFFFFFF922400249A
:10683000B6490024FFFFFFFFFFFFFFFFFFFFFFFF41
:10684000FFFFFFFF00006D92000024B6FFFFFFFF77
:10685000FFFFFFFFFFFFFFFFFFFFFFFFFFFFFFFF48
:10686000FFFFFFFFFFFFFFFFFFFFFF92000024B6C7
:10687000FF490024FFFFFFFFFFFFFFFFFFFFFFFFB8
:10688000FFFFFFFF00006DFF92240000B6FFFFFF37
:10689000FFFFFFFFFFFFFFFFFFFFFFFFFFFFFFFF08
:1068A000FFFFFFFFFFFFFFFFFFFF92240024B6FF63
:1068B000FF490024FFFFFFFFFFFFFFFFFFFFFFFF78
:1068C000FFFFFFFF00006DFFFFB6000024B6FFFFD3
:1068D000FFFFFFFFFFFFFFFFFFFFFFFFFFFFFFFFC8
:1068E000FFFFFFFFFFFFFFFFFF92000024B6FFFF47
:1068F000FF490024FFFFFFFFFFFFFFFFFFFFFFFF38
:10690000FFFFFFFF00006DFFFFFFB6240000B6FF92
:10691000FFFFFFFFFFFFFFFFFFFFFFFFFFFFFFFF87
:10692000FFFFFFFFFFFFFFFF92240024B6FFFFFFE2
:10693000FF490024FFFFFFFFFFFFFFFFFFFFFFFFF7
:10694000FFFFFFFF00006DFFFFFFFFB6000024B652
:10695000FFFFFFFFFFFFFFFFFFFFFFFFFFFFFFFF47
:10696000FFFFFFFFFFFFFF92000024B6FFFFFFFFC6
:10697000FF490024FFFFFFFFFFFFFFFFFFFFFFFFB7
:10698000FFFFFFFF00006DFFFFFFFFFFB6240000C9
:10699000B6FFFFFFFFFFFFFFFFFFFFFFFFFFFFFF50
:1069A000FFFFFFFFFFFF92240024B6FFFFFFFFFF62
:1069B000FF490024FFFFFFFFFFFFFFFFFFFFFFFF77
:1069C000FFFFFFFF00006DFFFFFFFFFFFFB60000AE
:1069D00024B6FFFFFFFFFFFFFFFFFFFFFFFFFFFFEB
:1069E000FFFFFFFFFF92000024B6FFFFFFFFFFFF46
:1069F000FF490024FFFFFFFFFFFFFFFFFFFFFFFF37
:106A0000FFFFFFFF00006DFFFFFFFFFFFFFFB6244A
:106A10000000B6FFFFFFFFFFFFFFFFFFFFFFFFFFCD
:106A2000FFFFFFFF92240024B6FFFFFFFFFFFFFFE1
:106A3000FF490024FFFFFFFFFFFFFFFFFFFFFFFFF6
:106A4000FFFFFFFF00006DFFFFFFFFFFFFFFFFB62F
:106A5000000024B6FFFFFFFFFFFFFFFFFFFFFFFF68
:106A6000FFFFFF92000024B6FFFFFFFFFFFFFFFFC5
:106A7000FF490024FFFFFFFFFFFFFFFFFFFFFFFFB6
:106A8000FFFFFFFF00006DFFFFFFFFFFFFFFFFFFA6
:106A9000B6240000B6FFFFFFFFFFFFFFFFFFFFFF71
:106AA000FFFF92240024B6FFFFFFFFFFFFFFFFFF61
:106AB000FFB64992FFFFFFFFFFFFFFFFFFFFFFFF52
:106AC000FFFFFFFF9249DBFFFFFFFFFFFFFFFFFF1D
:106AD000FFB6000024B6FFFFFFFFFFFFFFFFFFFF31
:106AE000FF92000024B6FFFFFFFFFFFFFFFFFFFF45
:106AF000FFFFFFFFFFFFFFFFFFFFFFFFFFFFFFFFA6
:106B0000FFFFFFFFFFFFFFFFFFFFFFFFFFFFFFFF95
:106B1000FFFFB6240000B6FFFFFFFFFFFFFFFFFFF0
:106B200092240024B6FFFFFFFFFFFFFFFFFFFFFFE0
:106B3000FFFFFFFFFFFFFFFFFFFFFFFFFFFFFFFF65
:106B4000FFFFFFFFFFFFFFFFFFFFFFFFFFFFFFFF55
:106B5000FFFFFFB6000024B6FFFFFFFFFFFFFF921D
:106B6000000024B6FFFFFFFFFFFFFFFFFFFFFFFF57
:106B7000FFFFFFFFFFFFFFFFFFFFFFFFFFFFFFFF25
:106B8000FFFFFFFFFFFFFFFFFFFFFFFFFFFFFFFF15
:106B9000FFFFFFFFB6240000B6FFFFFFFFFF9224B8
:106BA0000024B6FFFFFFFFFFFFFFFFFFFFFFFFFF18
:106BB000FFFFFFFFFFFFFFFFFFFFFFFFFFFFFFFFE5
:106BC000FFFFFFFFFFFFFFFFFFFFFFFFFFFFFFFFD5
:106BD000FFFFFFFFFFB6000024B6FFFFFF9200009B
:106BE00024B6FFFFFFFFFFFFFFFFFFFFFFFFFFFFD9
:106BF000FFFFFFFFFFFFFFFFFFFFFFFFFFFFFFFFA5
:106C0000FFFFFFFFFFFFFFFFFFFFFFFFFFFFFFFF94
:106C1000FFFFFFFFFFFFB6240000B6FF9224002411
:106C2000B6FFFFFFFFFFFFFFFFFFFFFFFFFFFFFFBD
:106C3000FFFFFFFFFFFFFFFFFFFFFFFFFFFFFFFF64
:106C4000FFFFFFFFFFFFFFFFFFFFFFFFFFFFFFFF54
:106C5000FFFFFFFFFFFFFFB6000024B6240024B6AD
:106C6000FFFFFFFFFFFFFFFFFFFFFFFFFFFFFFFF34
:106C7000FFFFFFFFFFFFFFFFFFFFFFFFFFFFFFFF24
:106C8000FFFFFFFFFFFFFFFFFFFFFFFFFFFFFFFF14
:106C9000FFFFFFFFFFFFFFFFB62400499249B6FF49
:106CA000FFFFFFFFFFFFFFFFFFFFFFFFFFFFFFFFF4
:106CB000FFFFFFFFFFFFFFFFFFFFFFFFFFFFFFFFE4
:106CC000FFFFFFFFFFFFFFFFFFFFFFFFFFFFFFFFD4
:106CD000FFFFFFFFFFFFFFFFFFB649B6FFFFFFFF0C
:106CE000FFFFFFFFFFFFFFFFFFFFFFFFFFFFFFFFB4
:106CF000FFFFFFFFFFFFFFFFFFFFFFFFFF49000058
:106D000000000000000000000024B6FFFFFFFFFFAE
:106D1000FFFFFFFFFFFFFFFFFFFFFFFFFFFFFFFF83
:106D2000FFFFFFFFFFFFFFFFFFFFFFFFFFFFFFFF73
:106D3000FFFFFFFFFFFFFFFFFFFFFFFFDB00000084
:106D4000000000000000000000000092FFFFFFFFB5
:106D5000FFFFFFFFFFFFFFFFFFFFFFFFFFFFFFFF43
:106D6000FFFFFFFFFFFFFFFFFFFFFFFFFFFFFFFF33
:106D7000FFFFFFFFFFFFFFFFFFFFFFFFDB00002420
:106D8000494949494949494949240024DBFFFFFF52
:106D9000FFFFFFFFFFFFFFFFFFFFFFFFFFFFFFFF03
:106DA000FFFFFFFFFFFFFFFFFFFFFFFFFFFFFFFFF3
:106DB000FFFFFFFFFFFFFFFFFFFFFFFFDB00009272
:106DC000FFFFFFFFFFFFFFFFFF6D000092FFFFFFD0
:106DD000FFFFFFFFFFFFFFFFFFFFFFFFFFFFFFFFC3
:106DE000FFFFFFFFFFFFFFFFFFFFFFFFFFFFFFFFB3
:106DF000FFFFFFFFFFFFFFFFFFFFFFFFDB00009232
:106E0000FFFFFFFFFFFFFFFFFF6D000092FFFFFF8F
:106E1000FFFFFFFFFFFFFFFFFFFFFFFFFFB66D4913
:106E200049494949494949494949494949494949D2
:106E3000494949494949494949494949490000920B
:106E4000FFFFFFFFFFFFFFFFFF6D000092FFFFFF4F
:106E5000FFFFFFFFFFFFFFFFFFFFFFFFB600000088
:106E60000000000000000000000000000000000022
:106E70000000000000000000000000000000009280
:106E8000FFFFFFFFFFFFFFFFFF6D000092FFFFFF0F
:106E9000FFFFFFFFFFFFFFFFFFFFFFFF24000000DA
:106EA00000000000000000000000000000000000E2
:106EB0000000000000000000000000000000009240
:106EC000FFFFFFFFFFFFFFFFFF6D000092FFFFFFCF
:106ED000FFFFFFFFFFFFFFFFFFFFFFFF000024FF9B
:106EE000FFFFFFFFFFFFFFFFFFFFFFFFFFFFFFFFB2
:106EF000FFFFFFFFFFFFFFFFFFFFFFFFDB00009231
:106F0000FFFFFFFFFFFFFFFFFF6D000092FFFFFF8E
:106F1000FFFFDBDBDBDBDBFFFFFFFFFF000024FF0E
:106F2000FFFFFFFFFFFFFFFFFFFFFFFFFFFFFFFF71
:106F3000FFFFFFFFFFFFFFFFFFFFFFFFDB000092F0
:106F4000FFFFFFFFFFFFFFFFFF6D000092FFFFFF4E
:106F500092492400000024246DFFFFFF000024FF5D
:106F6000FFFFFFFFFFFFFFFFFFFFFFFFFFFFFFFF31
:106F7000FFFFFFFFFFFFFFFFFFFFFFFFDB000092B0
:106F8000FFFFFFFFFFFFFFFFFF6D000092FFDB240D
:106F900000000000000000000024DBFF000024FFD0
:106FA000FFFFFFFFFFFFFFFFFFFFFFFFFFFFFFFFF1
:106FB000FFFFFFFFFFFFFFFFFFFFFFFFDB00009270
:106FC000FFFFFFFFFFFFFFFFFF6D00009292240015
:106FD00000006DB6DBDB9224000024FF000024FFDC
:106FE000FFFFFFFFFFFFFFFFFFFFFFFFFFFFFFFFB1
:106FF000FFFFFFFFFFFFFFFFFFFFFFFFDB00009230
:10700000FFFFFFFFFFFFFFFFFF6D00006D2400008B
:1070100049FFFFFFFFFFFFDB490000B6000024FF30
:10702000FFFFFFFFFFFFFFFFFFFFFFFFFFFFFFFF70
:10703000FFFFFFFFFFFFFFFFFFFFFFFFDB000092EF
:10704000FFFFFFFFFFFFFFFFFF6D0000000000924A
:10705000FFFFFFFFFFFFFFFFB600006D000024FFF2
:10706000FFFFFFFFFFFFFFFFFFFFFFFFFFFFFFFF30
:10707000FFFFFFFFFFFFFFFFFFFFFFFFDB000092AF
:10708000FFFFFFFFFFFFFFFFFF6D000000006DFF30
:10709000FFFFFFFFFFFFFFFFFF240049000024FF69
:1070A000FFFFFFFFFFFFFFFFFFFFFFFFFFFFFFFFF0
:1070B000FFFFFFFFFFFFFFFFFFFFFFFFDB0000926F
:1070C000FFFFFFFFFFFFFFFFFF6D00000024FFFF3A
:1070D000FFFFFFFFFFFFFFFFFF240024000024FF4E
:1070E000FFFFFFFFFFFFFFFFFFFFFFFFFFFFFFFFB0
:1070F000FFFFFFFFFFFFFFFFFFFFFFFFDB0000922F
:10710000FFFFFFFFFFFFFFFFFF6D00000092FFFF8B
:10711000FFFFFFFFFFFFFFFFFF240000000024FF31
:10712000FFFFFFFFFFFFFFFFFFFFFFFFFFFFFFFF6F
:10713000FFFFFFFFFFFFFFFFFFFFFFFFDB000092EE
:10714000FFFFFFFFFFFFFFFFFF6D000024DBFFFFDE
:10715000FFFFFFFFFFFFFFFFDB240024000024FFF1
:10716000FFFFFFFFFFFFFFFFFFFFFFFFFFFFFFFF2F
:10717000FFFFFFFFFFFFFFFFFFFFFFFFDB000092AE
:10718000FFFFFFFFFFFFFFFFFF6D00006DFFFFFF31
:10719000FFFFFFFFFFFFFFFFB6000092000024FF8C
:1071A000FFFFFFFFFFFFFFFFFFFFFFFFFFFFFFFFEF
:1071B000FFFFFFFFFFFFFFFFFFFFFFFFDB0000926E
:1071C000FFFFFFFFFFFFFFFFFF6D000092FFFFFFCC
:1071D000FFFFFFFFFFFFFFFF490000B6000024FF95
:1071E000FFFFFFFFFFFFFFFFFFFFFFFFFFFFFFFFAF
:1071F000FFFFFFFFFFFFFFFFFFFFFFFFDB0000922E
:10720000FFFFFFFFFFFFFFFFFF6D000092FFFFFF8B
:10721000FFFFFFFFFFFFFFB6000024FF000024FF79
:10722000FFFFFFFFFFFFFFFFFFFFFFFFFFFFFFFF6E
:10723000FFFFFFFFFFFFFFFFFFFFFFFFDB000092ED
:10724000FFFFFFFFFFFFFFFFFF6D000092FFFFFF4B
:10725000FFFFFFFFFFFFFF24000092FF000024FF5D
:10726000FFFFFFFFFFFFFFFFFFFFFFFFFFFFFFFF2E
:10727000FFFFFFFFFFFFFFFFFFFFFFFFDB000092AD
:10728000FFFFFFFFFFFFFFFFFF6D000092FFFFFF0B
:10729000FFFFFFFFFFFF6D000049FFFF000024FF1D
:1072A000FFFFFFFFFFFFFFFFFFFFFFFFFFFFFFFFEE
:1072B000FFFFFFFFFFFFFFFFFFFFFFFFDB0000926D
:1072C000FFFFFFFFFFFFFFFFFF6D000092FFFFFFCB
:1072D000FFFFFFFFFF6D000024DBFFFF000024FF26
:1072E000FFFFFFFFFFFFFFFFFFFFFFFFFFFFFFFFAE
:1072F000FFFFFFFFFFFFFFFFFFFFFFFFDB0000922D
:10730000FFFFFFFFFFFFFFFFFF6D000092FFFFFF8A
:10731000FFFFFFFF92000024B6FFFFFF000024FFE5
:10732000FFFFFFFFFFFFFFFFFFFFFFFFFFFFFFFF6D
:10733000FFFFFFFFFFFFFFFFFFFFFFFFDB000092EC
:10734000FFFFFFFFFFFFFFFFFF6D000092FFFFFF4A
:10735000FFFFFF6D00000092FFFFFFFF000024FF12
:10736000FFFFFFFFFFFFFFFFFFFFFFFFFFFFFFFF2D
:10737000FFFFFFFFFFFFFFFFFFFFFFFFDB000092AC
:10738000FFFFFFFFFFFFFFFFFF6D000092FFFFFF0A
:10739000FFFF6D00000092FFFFFFFFFF000024FFD2
:1073A000FFFFFFFFFFFFFFFFFFFFFFFFFFFFFFFFED
:1073B000FFFFFFFFFFFFFFFFFFFFFFFFDB0000926C
:1073C000FFFFFFFFFFFFFFFFFF6D000092FFFFFFCA
:1073D000DB2400000092FFFFFFFFFFFF000024FFFF
:1073E000FFFFFFFFFFFFFFFFFFFFFFFFFFFFFFFFAD
:1073F000FFFFFFFFFFFFFFFFFFFFFFFFDB0000922C
:10740000FFFFFFFFFFFFFFFFFF6D000092FFFF92F6
:1074100000000024B6FFFFFFFFFFFFFF000024FF76
:10742000FFFFFFFFFFFFFFFFFFFFFFFFFFFFFFFF6C
:10743000FFFFFFFFFFFFFFFFFFFFFFFFDB000092EB
:10744000FFFFFFFFFFFFFFFFFF6D000092B6490047
:10745000000049DBFFFFFFFFFFFFFFFF000024B636
:10746000DBDBDBDBDBDBDBDBDBDBDBDBDBDBDBDB6C
:10747000DBDBDBDBDBDBDBDBDBDBDBDB9200006DC9
:10748000DBDBDBDBDBDBDBDBDB6D000024000000B8
:107490002492FFFFFFFFFFFFFFFFFFFF0000000040
:1074A00000000000000000000000000000000000DC
:1074B00000000000000000000000000000000000CC
:1074C0000000000000000000000000000000004973
:1074D000DBFFFFFFFFFFFFFFFFFFFFFF00000000DC
:1074E000000000000000000000000000000000009C
:1074F000000000000000000000000000000000008C
:10750000000000000000000000000000000092FFEA
:10751000FFFFFFFFFFFFFFFFFFFFFFFF000024B69D
:10752000DBDBDBDBDBDBDBDBDBDBDBDBDBDBDBDBAB
:10753000DBDBDBDBDBDBDBDBDBDBDBDB9200006D08
:10754000DBDBDBDBDBDBDBDBDB6D00000000249265
:10755000FFFFFFFFFFFFFFFFFFFFFFFF000024FF14
:10756000FFFFFFFFFFFFFFFFFFFFFFFFFFFFFFFF2B
:10757000FFFFFFFFFFFFFFFFFFFFFFFFDB000092AA
:10758000FFFFFFFFFFFFFFFFFF6D00002400000073
:1075900024DBFFFFFFFFFFFFFFFFFFFF000024FFD3
:1075A000FFFFFFFFFFFFFFFFFFFFFFFFFFFFFFFFEB
:1075B000FFFFFFFFFFFFFFFFFFFFFFFFDB0000926A
:1075C000FFFFFFFFFFFFFFFFFF6D0000929224000F
:1075D00000246DFFFFFFFFFFFFFFFFFF000024FF00
:1075E000FFFFFFFFFFFFFFFFFFFFFFFFFFFFFFFFAB
:1075F000FFFFFFFFFFFFFFFFFFFFFFFFDB0000922A
:10760000FFFFFFFFFFFFFFFFFF6D000092FFDB4961
:1076100000000049DBFFFFFFFFFFFFFF000024FF2A
:10762000FFFFFFFFFFFFFFFFFFFFFFFFFFFFFFFF6A
:10763000FFFFFFFFFFFFFFFFFFFFFFFFDB000092E9
:10764000FFFFFFFFFFFFFFFFFF6D000092FFFFFF47
:10765000B600000024B6FFFFFFFFFFFF000024FF7D
:10766000FFFFFFFFFFFFFFFFFFFFFFFFFFFFFFFF2A
:10767000FFFFFFFFFFFFFFFFFFFFFFFFDB000092A9
:10768000FFFFFFFFFFFFFFFFFF6D000092FFFFFF07
:10769000FFDB24000024B6FFFFFFFFFF000024FFF4
:1076A000FFFFFFFFFFFFFFFFFFFFFFFFFFFFFFFFEA
:1076B000FFFFFFFFFFFFFFFFFFFFFFFFDB00009269
:1076C000FFFFFFFFFFFFFFFFFF6D000092FFFFFFC7
:1076D000FFFFFF49000024B6FFFFFFFF000024FF6B
:1076E000FFFFFFFFFFFFFFFFFFFFFFFFFFFFFFFFAA
:1076F000FFFFFFFFFFFFFFFFFFFFFFFFDB00009229
:10770000FFFFFFFFFFFFFFFFFF6D000092FFFFFF86
:10771000FFFFFFFF49000024DBFFFFFF000024FF05
:10772000FFFFFFFFFFFFFFFFFFFFFFFFFFFFFFFF69
:10773000FFFFFFFFFFFFFFFFFFFFFFFFDB000092E8
:10774000FFFFFFFFFFFFFFFFFF6D000092FFFFFF46
:10775000FFFFFFFFFF6D000049FFFFFF000024FF58
:10776000FFFFFFFFFFFFFFFFFFFFFFFFFFFFFFFF29
:10777000FFFFFFFFFFFFFFFFFFFFFFFFDB000092A8
:10778000FFFFFFFFFFFFFFFFFF6D000092FFFFFF06
:10779000FFFFFFFFFFDB4900006DFFFF000024FF3C
:1077A000FFFFFFFFFFFFFFFFFFFFFFFFFFFFFFFFE9
:1077B000FFFFFFFFFFFFFFFFFFFFFFFFDB00009268
:1077C000FFFFFFFFFFFFFFFFFF6D000092FFFFFFC6
:1077D000FFFFFFFFFFFFDB240000B6FF000024FFD8
:1077E000FFFFFFFFFFFFFFFFFFFFFFFFFFFFFFFFA9
:1077F000FFFFFFFFFFFFFFFFFFFFFFFFDB00009228
:10780000FFFFFFFFFFFFFFFFFF6D000092FFFFFF85
:10781000FFFFFFFFFFFFFF92000049FF000024FF72
:10782000FFFFFFFFFFFFFFFFFFFFFFFFFFFFFFFF68
:10783000FFFFFFFFFFFFFFFFFFFFFFFFDB000092E7
:10784000FFFFFFFFFFFFFFFFFF6D000092FFFFFF45
:10785000FFFFFFFFFFFFFFDB490000DB000024FF0D
:10786000FFFFFFFFFFFFFFFFFFFFFFFFFFFFFFFF28
:10787000FFFFFFFFFFFFFFFFFFFFFFFFDB000092A7
:10788000FFFFFFFFFFFFFFFFFF6D000092FFFFFF05
:10789000FFFFFFFFFFFFFFFF92000092000024FFA9
:1078A000FFFFFFFFFFFFFFFFFFFFFFFFFFFFFFFFE8
:1078B000FFFFFFFFFFFFFFFFFFFFFFFFDB00009267
:1078C000FFFFFFFFFFFFFFFFFF6D000024FFFFFF33
:1078D000FFFFFFFFFFFFFFFFDB240049000024FF45
:1078E000FFFFFFFFFFFFFFFFFFFFFFFFFFFFFFFFA8
:1078F000FFFFFFFFFFFFFFFFFFFFFFFFDB00009227
:10790000FFFFFFFFFFFFFFFFFF6D000024B6FFFF3B
:10791000FFFFFFFFFFFFFFFFFF240024000024FF05
:10792000FFFFFFFFFFFFFFFFFFFFFFFFFFFFFFFF67
:10793000FFFFFFFFFFFFFFFFFFFFFFFFDB000092E6
:10794000FFFFFFFFFFFFFFFFFF6D00000049FFFF8C
:10795000FFFFFFFFFFFFFFFFFF240024000024FFC5
:10796000FFFFFFFFFFFFFFFFFFFFFFFFFFFFFFFF27
:10797000FFFFFFFFFFFFFFFFFFFFFFFFDB000092A6
:10798000FFFFFFFFFFFFFFFFFF6D000000006DFF27
:10799000FFFFFFFFFFFFFFFFFF240024000024FF85
:1079A000FFFFFFFFFFFFFFFFFFFFFFFFFFFFFFFFE7
:1079B000FFFFFFFFFFFFFFFFFFFFFFFFDB00009266
:1079C000FFFFFFFFFFFFFFFFFF6D0000000024B679
:1079D000FFFFFFFFFFFFFFFFB624006D000024FF45
:1079E000FFFFFFFFFFFFFFFFFFFFFFFFFFFFFFFFA7
:1079F000FFFFFFFFFFFFFFFFFFFFFFFFDB00009226
:107A0000FFFFFFFFFFFFFFFFFF6D000024240000CA
:107A100092FFFFFFFFFFFFFF6D0000B6000024FF95
:107A2000FFFFFFFFFFFFFFFFFFFFFFFFFFFFFFFF66
:107A3000FFFFFFFFFFFFFFFFFFFFFFFFDB000092E5
:107A4000FFFFFFFFFFFFFFFFFF6D000092920000AE
:107A5000004992DBFFFFB649000024DB000024FF51
:107A6000FFFFFFFFFFFFFFFFFFFFFFFFFFFFFFFF26
:107A7000FFFFFFFFFFFFFFFFFFFFFFFFDB000092A5
:107A8000FFFFFFFFFFFFFFFFFF6D000092FF92244B
:107A90000000000000000000000092FF000024FF32
:107AA000FFFFFFFFFFFFFFFFFFFFFFFFFFFFFFFFE6
:107AB000FFFFFFFFFFFFFFFFFFFFFFFFDB00009265
:107AC000FFFFFFFFFFFFFFFFFF6D000092FFFFDBE7
:107AD0006D0000000000000024B6FFFF000024FF3E
:107AE000FFFFFFFFFFFFFFFFFFFFFFFFFFFFFFFFA6
:107AF000FFFFFFFFFFFFFFFFFFFFFFFFDB00009225
:107B0000FFFFFFFFFFFFFFFFFF6D000092FFFFFF82
:107B1000FFFFB66D6D6D92B6FFFFFFFF2400244995
:107B200049494949494949494949494949494949C5
:107B300049494949494949494949494949000092FE
:107B4000FFFFFFFFFFFFFFFFFF6D000092FFFFFF42
:107B5000FFFFFFFFFFFFFFFFFFFFFFFF920000009F
:107B60000000000000000000000000000000000015
:107B70000000000000000000000000000000009273
:107B8000FFFFFFFFFFFFFFFFFF6D000092FFFFFF02
:107B9000FFFFFFFFFFFFFFFFFFFFFFFFFF9224003C
:107BA00000000000000000000000000000000000D5
:107BB0000000000000000000000000000000009233
:107BC000FFFFFFFFFFFFFFFFFF6D000092FFFFFFC2
:107BD000FFFFFFFFFFFFFFFFFFFFFFFFFFFFFFFFB5
:107BE000FFFFFFFFFFFFFFFFFFFFFFFFFFFFFFFFA5
:107BF000FFFFFFFFFFFFFFFFFFFFFFFFDB00009224
:107C0000FFFFFFFFFFFFFFFFFF6D000092FFFFFF81
:107C1000FFFFFFFFFFFFFFFFFFFFFFFFFFFFFFFF74
:107C2000FFFFFFFFFFFFFFFFFFFFFFFFFFFFFFFF64
:107C3000FFFFFFFFFFFFFFFFFFFFFFFFDB00002451
:107C400049494949494949494924000092FFFFFFF0
:107C5000FFFFFFFFFFFFFFFFFFFFFFFFFFFFFFFF34
:107C6000FFFFFFFFFFFFFFFFFFFFFFFFFFFFFFFF24
:107C7000FFFFFFFFFFFFFFFFFFFFFFFFDB00000035
:107C8000000000000000000000000024DBFFFFFFF8
:107C9000FFFFFFFFFFFFFFFFFFFFFFFFFFFFFFFFF4
:107CA000FFFFFFFFFFFFFFFFFFFFFFFFFFFFFFFFE4
:107CB000FFFFFFFFFFFFFFFFFFFFFFFFFF49000088
:107CC0000000000000000000002449DBFFFFFFFF70
:107CD000FFFFFFFFFFFFFFFFFFFFFFFFFFFFFFFFB4
:107CE000FFFFFFFFFFFFFFFFFFFFFFFFFFFFFFFFA4
:107CF000FFFFFFFFFFDBB6926D4924242424496D6A
:107D000092DBFFFFFFFFFFFFFFFFFFFFFFFFFFFF14
:107D1000FFFFFFFFFFFFFFFFFFFFFFFFFFFFFFFF73
:107D2000FFFFFFFFFFFFFFFFFFFFFFFFFFFFFFFF63
:107D3000FFFFDBB66D242424240000000000002493
:107D40002424496DB6FFFFFFFFFFFFFFFFFFFFFF8A
:107D5000FFFFFFFFFFFFFFFFFFFFFFFFFFFFFFFF33
:107D6000FFFFFFFFFFFFFFFFFFFFFFFFFFFFFFFF23
:107D7000FF924924000000242424242424242424C1
:107D800000000000246DB6FFFFFFFFFFFFFFFFFFB5
:107D9000FFFFFFFFFFFFFFFFFFFFFFFFFFFFFFFFF3
:107DA000FFFFFFFFFFFFFFFFFFFFFFFFFFFFFFDB07
:107DB000492400000024246D92B6DBDBDBDBB692A5
:107DC0004924240000002449DBFFFFFFFFFFFFFFE1
:107DD000FFFFFFFFFFFFFFFFFFFFFFFFFFFFFFFFB3
:107DE000FFFFFFFFFFFFFFFFFFFFFFFFFFFF9224EB
:107DF000000024246DDBFFFFFFFFFFFFFFFFFFFFFD
:107E0000FFFFB649240000002492FFFFFFFFFFFFA1
:107E1000FFFFFFFFFFFFFFFFFFFFFFFFFFFFFFFF72
:107E2000FFFFFFFFFFFFFFFFFFFFFFFFFF6D2400CE
:107E3000004992DBFFFFFFFFFFFFFFFFFFFFFFFF98
:107E4000FFFFFFFFB66D240000246DDBFFFFFFFF87
:107E5000FFFFFFFFFFFFFFFFFFFFFFFFFFFFFFFF32
:107E6000FFFFFFFFFFFFFFFFFFFFFFDB49000024D5
:107E70006DDBFFFFFFFFFFFFFFFFFFFFFFFFFFFFC8
:107E8000FFFFFFFFFFFFB64900000049DBFFFFFFD8
:107E9000FFFFFFFFFFFFFFFFFFFFFFFFFFFFFFFFF2
:107EA000FFFFFFFFFFFFFFFFFFFFDB49000024B6DE
:107EB000FFFFFFFFFFFFFFFFFFFFFFFFFFFFFFFFD2
:107EC000FFFFFFFFFFFFFFFF9224000049DBFFFFE2
:107ED000FFFFFFFFFFFFFFFFFFFFFFFFFFFFFFFFB2
:107EE000FFFFFFFFFFFFFFFFFFFF49000024B6FF7A
:107EF000FFFFFFFFFFFFFFFFFFFFFFFFFFFFFFFF92
:107F0000FFFFFFFFFFFFFFFFFFB624000049FFFF59
:107F1000FFFFFFFFFFFFFFFFFFFFFFFFFFFFFFFF71
:107F2000FFFFFFFFFFFFFFFFFF6D000024DBFFFFF0
:107F3000FFFFFFFFFFFFFFFFFFFFFFFFFFFFFFFF51
:107F4000FFFFFFFFFFFFFFFFFFFFB624000049FF19
:107F5000FFFFFFFFFFFFFFFFFFFFFFFFFFFFFFFF31
:107F6000FFFFFFFFFFFFFFFFB6000024B6FFFFFF8C
:107F7000FFFFFFFFFFFFFFFFFFFFFFFFFFFFFFFF11
:107F8000FFFFFFFFFFFFFFFFFFFFFFB62400006DB5
:107F9000FFFFFFFFFFFFFFFFFFFFFFFFFFFFFFFFF1
:107FA000FFFFFFFFFFFFFFDB240024B6FFFFFFFF03
:107FB000FFFFFFFFFFFFFFFFFFFFFFFFFFFFFFFFD1
:107FC000FFFFFFFFFFFFFFFFFFFFFFFFB6240024BF
:107FD000B6FFFFFFFFFFFFFFFFFFFFFFFFFFFFFFFA
:107FE000FFFFFFFFFFFFFF6D00006DFFFFFFFFFFC3
:107FF000FFFFFFFFFFFFFFFFFFFFFFFFFFFFFFFF91
:10800000FFFFFFFFFFFFFFFFFFFFFFFFFF920000EB
:1080100049DBFFFFFFFFFFFFFFFFFFFFFFFFFFFF4A
:10802000FFFFFFFFFFFFDB240049FFFFFFFFFFFF14
:10803000FFFFFFFFFFFFFFFFFFFFFFFFFFFFFFFF50
:10804000FFFFFFFFFFFFFFFFFFFFFFFFFFFF6D00D1
:10805000006DFFFFFFFFFFFFFFFFFFFFDB92DBFF76
:10806000FFFFFFFFFFFF490024B6FFFFFFFFFFFFF9
:10807000FFFFFFFFFFFFFFFFFFFFFFFFFFFFFFFF10
:10808000FFFFFFFFFFFFFFFFFFFFFFFFFFFFDB24FF
:108090000000DBFFFFFFFFFFFFFFFFFF49006DFF59
:1080A000FFFFFFFFFFDB000049FFFFFFFFFFFFFFB8
:1080B000FFFFFFFFFFFFFFFFFFFFFFFFFFFFFFFFD0
:1080C000FFFFFFFFFFFFFFFFFFFFFFFFFFFFFF922D
:1080D000000049FFFFFFFFFFFFFFFFFF490024DB18
:1080E000FFFFFFFFFF490024B6FFFFFFFFFFFFFF79
:1080F000FFFFFFFFFFFFFFFFFFFFFFFFFFFFFFFF90
:10810000FFFFFFFFFFFFFFFFFFFFFFFFFFFFFFFF7F
:10811000490024DBFFFFFFFFFFFFFFFFB6000092D7
:10812000FFFFFFFFDB240049FFFFFFFFFFFFFFFF13
:10813000FFFFFFFFFFFFFFFFFFFFFFFFFFFFFFFF4F
:10814000FFFFFFFFFFFFFFFFFFFFFFFFFFFFFFFF3F
:1081500092000092FFFFFFFFFFFFFFFFFF240024BC
:10816000DBFFFFFF920000B6FFFFFFFFFFFFFFFFF7
:10817000FFFFFFFFFFFFFFFFFFFFFFFFFFFFFFFF0F
:10818000FFFFFFFFFFFFFFFFFFFFFFFFFFFFFFFFFF
:10819000FF240024FFFFFFFFFFFFFFFFFF9200000F
:1081A0006DFFFFFF490024DBFFFFFFFF9249DBFF6C
:1081B000FFFFFFFFFFFFFFFFFFFFFFFFFFFFFFFFCF
:1081C000FFFFFFFFFFFFFFFFFFFFFFFFFFFFFFFFBF
:1081D000FF6D0000B6FFFFFFFFFFFFFFFFDB240086
:1081E00024DBFFDB240049FFFFFFDB6D000092FF73
:1081F000FFFFFFFFFFFFFFFFFFFFFFFFFFFFFFFF8F
:10820000FFFFFFFFFFFFFFFFFFFFFFFFFFFFFFFF7E
:10821000FFDB00006DFFFFFFFFFFFFFFFFFF92008E
:108220000092FF92000092FFFFDB49240000B6FF9E
:10823000FFFFFFFFFFFFFFFFFFFFFFFFFFFFFFFF4E
:10824000FFFFFFFFFFFFFFFFFFFFFFFFFFFFFFFF3E
:10825000FFFF240024FFFFFFFFFFFFFFFFFFDB24E2
:108260000024FF6D0000FFFFB64900002492FFFFCD
:10827000FFFFFFFFFFFFFFFFFFFFFFFFFFFFFFFF0E
:10828000FFFFFFFFFFFFFFFFFFFFFFFFFFFFFFFFFE
:10829000FFFF920024DBFFFFFFFFFFFFFFFFFF490F
:1082A00000006D490024FF9224000024B6FFFFFF68
:1082B000FFFFFFFFFFFFFFFFFFFFFFFFFFFFFFFFCE
:1082C000FFFFFFFFFFFFFFFFFFFFFFFFFFFFFFFFBE
:1082D000FFFFDB2449FFFFFFFFFFFFFFFFFFFFDB87
:1082E0002400242400499224000049B6FFFFFFFF28
:1082F000FFFFFFFFFFFFFFFFFFFFFFFFFFFFFFFF8E
:10830000FFFFFFFFFFFFFFFFFFFFFFFFFFFFFFFF7D
:10831000FFFFFFFFFFFFFFFFFFFFFFFFFFFFFFFF6D
:108320006D00000000242400006DDBFFFFFFFFFF55
:10833000FFFFFFFFFFFFFFFFFFFFFFFFFFFFFFFF4D
:10834000FFFFFFFFFFFFFFFFFFFFFFFFFFFFFFFF3D
:10835000FFFFFFFFFFFFFFFFFFFFFFFFFFFFFFFF2D
:10836000DB240000000000246DFFFFFFFFFFFFFF84
:10837000FFFFFFFFFFFFFFFFFFFFFFFFFFFFFFFF0D
:10838000FFFFFFFFFFFFFFFFFFFFFFFFFFFFFFFFFD
:10839000FFFFFFFFFFFFFFFFFFFFFFFFFFFFFFFFED
:1083A000FF6D000000002492FFFFFFFFFFFFFFFFB3
:1083B000FFFFFFFFFFFFFFFFFFFFFFFFFFFFFFFFCD
:1083C000FFFFFFFFFFFFFFFFFFFFFFFFFFFFFFFFBD
:1083D000FFFFFFFFFFFFFFFFFFFFFFFFFFFFFFFFAD
:1083E000FFDB00000024B6FFFFFFFFFFFFFFFFFFE2
:1083F000FFFFFFFFFFFFFFFFFFFFFFFFFFFFFFFF8D
:10840000FFFFFFFFFFFFFFFFFFFFFFFFFFFFFFFF7C
:10841000FFFFFFFFFFFFFFFFFFFFFFFFFFFFFFFF6C
:10842000FFFF6D0049DBFFFFFFFFFFFFFFFFFFFFC7
:10843000FFFFFFFFFFFFFFFFFFFFFFFFFFFFFFFF4C
:10844000FFFFFFFFFFFFFFFFFFFFFFFFFFFFFFFF3C
:10845000FFFFFFFFFFFFFFFFFFFFFFFFFFFFFFFF2C
:10846000FFFFFFB6DBFFFFFFFFFFFFFFFFFFFFFF89
:10847000FFFFFFFFFFFFFFFFFFFFFFFFFFFFFFFF0C
:10848000FFFFFFFFFFFFFFFFFFFFFFFFFFFFFFFFFC
:10849000FFFFFFFFFFFFFFFFFFFFFFFFFFFFFFFFEC
:1084A000FFFFFFFFFFFFFFFFFFFFFFFFFFFFFFFFDC
:1084B000FFFFFFFFFFFFFFFFFFFFFFFFFFFFFFFFCC
:1084C000FFFFFFFFFFFFFFFFFFFFFFFFFFFFFFFFBC
:1084D000FFFFFFFFFFFFFFFFFFFFFFFFFFFFFFFFAC
:1084E000FFFFFFFFFFFFFFFFFFFFFFFFFFFFFFFF9C
:1084F000FFFFFFFFFFFFFFFFFFFFFFFFFFFFFFFF8C
:10850000FFFFFFFFFFFFFFFFFFFFFFFFFFFFFFFF7B
:10851000FFFFFFFFFFFFFFFFFFFFFFFFFFFFFFFF6B
:10852000FFFFFFFFFFFFFFFFFFFFFFFFFFFFFFFF5B
:10853000FFFFFFFFFFFFFFFFFFFFFFFFFFFFFFFF4B
:10854000FFFFFFFFFFFFFFFFFFFFFFFFFFFFFFFF3B
:10855000FFFFFFDBB6FFFFFFFFFFFFFFFFFFFFFF98
:10856000FFFFFFFFFFFFFFFFFFFFFFFFFFFFFFFF1B
:10857000FFFFFFFFFFFFFFFFFFFFFFFFFFFFFFFF0B
:10858000FFFFFFFFFFFFFFFFFFFFFFFFFFFFFFFFFB
:10859000FFFFB6490092FFFFFFFFFFFFFFFFFFFF56
:1085A000FFFFFFFFFFFFFFFFFFFFFFFFFFFFFFFFDB
:1085B000FFFFFFFFFFFFFFFFFFFFFFFFFFFFFFFFCB
:1085C000FFFFFFFFFFFFFFFFFFFFFFFFFFFFFFFFBB
:1085D000FF9224000024FFFFFFFFFFFFFFFFFFFFCC
:1085E000FFFFFFFFFFFFFFFFFFFFFFFFFFFFFFFF9B
:1085F000FFFFFFFFFFFFFFFFFFFFFFFFFFFFFFFF8B
:10860000FFFFFFFFFFFFFFFFFFFFFFFFFFFFFFFF7A
:1086100092240000000092FFFFFFFFFFFFFFFFFF1B
:10862000FFFFFFFFFFFFFFFFFFFFFFFFFFFFFFFF5A
:10863000FFFFFFFFFFFFFFFFFFFFFFFFFFFFFFFF4A
:10864000FFFFFFFFFFFFFFFFFFFFFFFFFFFFDB6DF0
:1086500024000000000049DBFFFFFFFFFFFFFFFFDA
:10866000FFFFFFFFFFFFFFFFFFFFFFFFFFFFFFFF1A
:10867000FFFFFFFFFFFFFFFFFFFFFFFFFFFFFFFF0A
:10868000FFFFFFFFFFFFFFFFFFFFFFFFFFB64900F8
:108690000024240000000092FFFFFFFFFFFFFFFF08
:1086A000FFFFFFFFFFFFFFFFFFFFFFFFFFFFFFFFDA
:1086B000FFFFFFFFFFFFFFFFFFFFFFFFFFFFFFFFCA
:1086C000FFFFFFFFFFFFFFFFFFFFFFFFB6240000DC
:1086D00024B6240024240024FFFFFFFFFFFFFFFF38
:1086E000FFFFDB2449FFFFFFFFFFFFFFFFFFFFFF4F
:1086F000FFFFFFFFFFFFFFFFFFFFFFFFFFFFFFFF8A
:10870000FFFFFFFFFFFFFFFFFFFFFF92240000249A
:10871000B6FF00006D49000092FFFFFFFFFFFFFF63
:10872000FFFFDB0000B6FFFFFFFFFFFFFFFFFFFFC4
:10873000FFFFFFFFFFFFFFFFFFFFFFFFFFFFFFFF49
:10874000FFFFFFFFFFFFFFFFFFDB6D24000049DBA2
:10875000FFB6000092DB240024FFFFFFFFFFFFFFB6
:10876000FFFFDB24006DFFFFFFFFFFFFFFFFFFFFA9
:10877000FFFFFFFFFFFFFFFFFFFFFFFFFFFFFFFF09
:10878000FFFFFFFFFFFFFFFFFF6D0000246DDBFF1A
:10879000FF6D0024DBFF6D0000B6FFFFFFFFFFFF52
:1087A000FFFFFF490000FFFFFFFFFFFFFFFFFFFF8D
:1087B000FFFFFFFFFFFFFFFFFFFFFFFFFFFFFFFFC9
:1087C000FFFFFFFFFFFFFFFFFF49002492FFFFFFB6
:1087D000FF240024FFFFDB240049FFFFFFFFFFFF12
:1087E000FFFFFF6D0000B6FFFFFFFFFFFFFFFFFF72
:1087F000FFFFFFFFFFFFFFFFFFFFFFFFFFFFFFFF89
:10880000FFFFFFFFFFFFFFFFFFB649B6FFFFFFFFC0
:10881000DB24006DFFFFFF490000B6FFFFFFFFFFF5
:10882000FFFFFFDB240049FFFFFFFFFFFFFFFFFF0C
:10883000FFFFFFFFFFFFFFFFFFFFFFFFFFFFFFFF48
:10884000FFFFFFFFFFFFFFFFFFFFFFFFFFFFFFFF38
:108850006D0024B6FFFFFFB6000049FFFFFFFFFFDA
:10886000FFFFFFFF490024B6FFFFFFFFFFFFFFFFF1
:10887000FFFFFFFFFFFFFFFFFFFFFFFFFFFFFFFF08
:10888000FFFFFFFFFFFFFFFFFFFFFFFFFFFFFFDB1C
:10889000240024FFFFFFFFFF490024DBFFFFFFFF51
:1088A000FFFFFFFFB600006DFFFFFFFFFFFFFFFFB1
:1088B000FFFFFFFFFFFFFFFFFFFFFFFFFFFFFFFFC8
:1088C000FFFFFFFFFFFFFFFFFFFFFFFFFFFFFF9225
:1088D000000092FFFFFFFFFFB600006DFFFFFFFFEC
:1088E000FFFFFFFFFF490024B6FFFFFFFFFFFFFF71
:1088F000FFFFFFFFFFFFFFFFFFFFFFFFFFFFFFFF88
:10890000FFFFFFFFFFFFFFFFFFFFFFFFFFFFFF2452
:108910000000FFFFFFFFFFFFFF49006DFFFFFFFFAC
:10892000FFFFFFFFFFB6000049FFFFFFFFFFFFFF54
:10893000FFFFFFFFFFFFFFFFFFFFFFFFFFFFFFFF47
:10894000FFFFFFFFFFFFFFFFFFFFFFFFFFFF9200A3
:10895000006DFFFFFFFFFFFFFFDB92DBFFFFFFFF6D
:10896000FFFFFFFFFFFF49000092FFFFFFFFFFFF38
:10897000FFFFFFFFFFFFFFFFFFFFFFFFFFFFFFFF07
:10898000FFFFFFFFFFFFFFFFFFFFFFFFFFDB2400F5
:1089900024DBFFFFFFFFFFFFFFFFFFFFFFFFFFFFE6
:1089A000FFFFFFFFFFFFDB240000B6FFFFFFFFFF1D
:1089B000FFFFFFFFFFFFFFFFFFFFFFFFFFFFFFFFC7
:1089C000FFFFFFFFFFFFFFFFFFFFFFFFFF4900006B
:1089D00092FFFFFFFFFFFFFFFFFFFFFFFFFFFFFF14
:1089E000FFFFFFFFFFFFFF92000024DBFFFFFFFF01
:1089F000FFFFFFFFFFFFFFFFFFFFFFFFFFFFFFFF87
:108A0000FFFFFFFFFFFFFFFFFFFFFFFF9200004997
:108A1000FFFFFFFFFFFFFFFFFFFFFFFFFFFFFFFF66
:108A2000FFFFFFFFFFFFFFFF6D000049DBFFFFFFC0
:108A3000FFFFFFFFFFFFFFFFFFFFFFFFFFFFFFFF46
:108A4000FFFFFFFFFFFFFFFFFFFFFF92240024DB7C
:108A5000FFFFFFFFFFFFFFFFFFFFFFFFFFFFFFFF26
:108A6000FFFFFFFFFFFFFFFFDB24000049DBFFFFED
:108A7000FFFFFFFFFFFFFFFFFFFFFFFFFFFFFFFF06
:108A8000FFFFFFFFFFFFFFFFFFFFB624002492FF61
:108A9000FFFFFFFFFFFFFFFFFFFFFFFFFFFFFFFFE6
:108AA000FFFFFFFFFFFFFFFFFFDB24000049DBFFAD
:108AB000FFFFFFFFFFFFFFFFFFFFFFFFFFFFFFFFC6
:108AC000FFFFFFFFFFFFFFFFFF922400006DFFFF8E
:108AD000FFFFFFFFFFFFFFFFFFFFFFFFFFFFFFFFA6
:108AE000FFFFFFFFFFFFFFFFFFFFB624000024B6DC
:108AF000FFFFFFFFFFFFFFFFFFFFFFFFFFFFFFFF86
:108B0000FFFFFFFFFFFFFFFF922400006DFFFFFF4D
:108B1000FFFFFFFFFFFFFFFFFFFFFFFFFFFFFFFF65
:108B2000FFFFFFFFFFFFFFFFFFFFFFB6490000242D
:108B30006DDBFFFFFFFFFFFFFFFFFFFFFFFFFFFFFB
:108B4000FFFFFFFFFFFFB66D0000006DFFFFFFFF9F
:108B5000FFFFFFFFFFFFFFFFFFFFFFFFFFFFFFFF25
:108B6000FFFFFFFFFFFFFFFFFFFFFFFFDB492400C9
:108B7000004992DBFFFFFFFFFFFFFFFFFFFFFFFF4B
:108B8000FFFFFFFFDB92240000246DFFFFFFFFFFCC
:108B9000FFFFFFFFFFFFFFFFFFFFFFFFFFFFFFFFE5
:108BA000FFFFFFFFFFFFFFFFFFFFFFFFFFFF6D2442
:108BB000000024246DB6FFFFFFFFFFFFFFFFFFFF54
:108BC000FFFFB66D2400000024B6FFFFFFFFFFFF8C
:108BD000FFFFFFFFFFFFFFFFFFFFFFFFFFFFFFFFA5
:108BE000FFFFFFFFFFFFFFFFFFFFFFFFFFFFFFB6DE
:108BF000492400000024246D92B6DBDBDBDBB69257
:108C00006D24240000002449DBFFFFFFFFFFFFFF6E
:108C1000FFFFFFFFFFFFFFFFFFFFFFFFFFFFFFFF64
:108C2000FFFFFFFFFFFFFFFFFFFFFFFFFFFFFFFF54
:108C3000FF924924000000242424242424242424F2
:108C400024000000246DB6FFFFFFFFFFFFFFFFFFC2
:108C5000FFFFFFFFFFFFFFFFFFFFFFFFFFFFFFFF24
:108C6000FFFFFFFFFFFFFFFFFFFFFFFFFFFFFFFF14
:108C7000FFFFDBB66D242424240000000000002444
:108C80002424496DB6FFFFFFFFFFFFFFFFFFFFFF3B
:108C9000FFFFFFFFFFFFFFFFFFFFFFFFFFFFFFFFE4
:108CA000FFFFFFFFFFFFFFFFFFFFFFFFFFFFFFFFD4
:108CB000FFFFFFFFFFDBDB926D4924242424496D75
:108CC00092DBDBFFFFFFFFFFFFFFFFFFFFFFFFFF69
:108CD000FFFFFFFFFFFFFFFFFFFFFFFFFFDB6D2435
:108CE0002424242424242424242424242424242444
:108CF0002424242424242424242424242424242434
:108D00002424244992FFFFFFFFFFFFFFFFFFFFFF27
:108D1000FFFFFFFFFFFFFFFFFFFFFFFFFF49000017
:108D20000000000000000000000000000000000043
:108D30000000000000000000000000000000000033
:108D4000000000002492FFFFFFFFFFFFFFFFFFFF77
:108D5000FFFFFFFFFFFFFFFFFFFFFFFFB600002445
:108D600024242424242424242424242424242424C3
:108D700024242424242424242424242424242424B3
:108D8000242424240024DBFFFFFFFFFFFFFFFFFF5D
:108D9000FFFFFFFFFFFFFFFFFFFFFFFF490024B6BC
:108DA000DBDBDBDBDBDBDBDBDBDBDBDBDBDBDBDB13
:108DB000DBDBDBDBDBDBDBDBDBDBDBDBDBDBDBDB03
:108DC000DBDBDB6D000092FFFFFFFFFFFFFFFFFF1C
:108DD000FFFFFFFFFFFFFFFFFFFFFFFF240049FF33
:108DE000FFFFFFFFFFFFFFFFFFFFFFFFFFFFFFFF93
:108DF000FFFFFFFFFFFFFFFFFFFFFFFFFFFFFFFF83
:108E0000FFFFFFFF00006DFFFFFFFFFFFFFFFFFF02
:108E1000FFFFFFFFFFFFFFFFFFFFFFFF240049FFF2
:108E2000FFFFFFFFFFFFFFFFFFFFFFFFFFFFFFFF52
:108E3000FFFFFFFFFFFFFFFFFFFFFFFFFFFFFFFF42
:108E4000FFFFFFFF00006DFFFFFFFFFFFFFFFFFFC2
:108E5000FFFFFFFFFFFFFFFFFFFFFFFF240049FFB2
:108E6000FFFFFFFFFFFFFFFFFFFFFFFFFFFFFFFF12
:108E7000FFFFFFFFFFFFFFFFFFFFFFFFFFFFFFFF02
:108E8000FFFFFFFF00006DFFFFFFFFFFFFFFFFFF82
:108E9000FFFFFFFFFFFFFFFFFFFFFFFF240049FF72
:108EA000FFFFFFFFFFFFFFFFFFFFFFFFFFFFFFFFD2
:108EB000FFFFFFFFFFFFFFFFFFFFFFFFFFFFFFFFC2
:108EC000FFFFFFFF00006DFFFFFFFFFFFFFFFFFF42
:108ED000FFFFFFFFFFFFFFFFFFFFFFFF240049FF32
:108EE000FFFFFFFFFFFFFFFFFFFFFFFFFFFFFFFF92
:108EF000FFFFFFFFFFFFFFFFFFFFFFFFFFFFFFFF82
:108F0000FFFFFFFF00006DFFFFFFFFFFFFFFFFFF01
:108F1000FFFFFFFFFFFFFFFFFFFFFFFF240049FFF1
:108F2000FFFFFFFFFFFFFFFFFFFFFFFFFFFFFFFF51
:108F3000FFFFFFFFFFFFFFFFFFFFFFFFFFFFFFFF41
:108F4000FFFFFFFF00006DFFFFFFFFFFFFFFFFFFC1
:108F5000FFFFFFFFFFFFFFFFFFFFFFFF240049FFB1
:108F6000FFFFFFFFFFFFFFFFFFFFFFFFFFFFFFFF11
:108F7000FFFFFFFFFFFFFFFFFFFFFFFFFFFFFFFF01
:108F8000FFFFFFFF00006DFFFFFFFFFFFFFFFFFF81
:108F9000FFFFFFFFFFFFFFFFFFFFFFFF240049FF71
:108FA000FFFFFFFFFFFFFFFFFFFFFFFFFFFFFFFFD1
:108FB000FFFFFFFFFFFFFFFFFFFFFFFFFFFFFFFFC1
:108FC000FFFFFFFF00006DFFFFFFFFFFFFFFFFFF41
:108FD000FFFFFFFFFFFFFFFFFFFFFFFF240049FF31
:108FE000FFFFFFFFFFFFFFFFFFFFFFFFFFFFFFFF91
:108FF000FFFFFFFFFFFFFFFFFFFFFFFFFFFFFFFF81
:10900000FFFFFFFF000049DBDBDBDBDBDBDBFFFF20
:10901000FFFFFFFFFFFFFFFFFFFFFFFF240049FFF0
:10902000FFFFFFFFFFFFFFFFFFFFFFFFFFFFFFFF50
:10903000FFFFFFFFFFFFFFFFFFFFFFFFFFFFFFFF40
:10904000FFFFFFFF00000024242424242424496D72
:1090500092DBFFFFFFFFFFFFFFFFFFFF240049FF41
:10906000FFFFFFFFFFFFFFFFFFFFFFFFFFFFFFFF10
:10907000FFFFFFFFFFFFFFFFFFFFFFFFFFFFFFFF00
:10908000FFFFFFFF000000000000000000000000E4
:10909000244992DBFFFFFFFFFFFFFFFF240049FF92
:1090A000FFFFFFFFFFFFFFFFFFFFFFFFFFFFFFFFD0
:1090B000FFFFFFFFFFFFFFFFFFFFFFFFFFFFFFFFC0
:1090C000FFFFFFFF00000024242424242424240084
:1090D00000000049B6FFFFFFFFFFFFFF240049FF2C
:1090E000FFFFFFFFFFFFFFFFFFFFFFFFFFFFFFFF90
:1090F000FFFFFFFFFFFFFFFFFFFFFFFFFFFFFFFF80
:10910000FFFFFFFF000049FFFFFFFFFFFFDBB66D22
:109110002424000024B6FFFFFFFFFFFF240049FFC7
:10912000FFFFFFFFFFFFFFFFFFFFFFFFFFFFFFFF4F
:10913000FFFFFFFFFFFFFFFFFFFFFFFFFFFFFFFF3F
:10914000FFFFFFFF00006DFFFFFFFFFFFFFFFFFFBF
:10915000DB924900002492FFFFFFFFFF240049FF3C
:10916000FFFFFFFFFFFFFFFFFFFFFFFFFFFFFFFF0F
:10917000FFFFFFFFFFFFFFFFFFFFFFFFFFFFFFFFFF
:10918000FFFFFFFF00006DFFFFFFFFFFFFFFFFFF7F
:10919000FFFFDB6D240024B6FFFFFFFF240049FF23
:1091A000FFFFFFFFFFFFFFFFFFFFFFFFFFFFFFFFCF
:1091B000FFFFFFFFFFFFFFFFFFFFFFFFFFFFFFFFBF
:1091C000FFFFFFFF00006DFFFFFFFFFFFFFFFFFF3F
:1091D000FFFFFFFF6D000024DBFFFFFF240049FFBE
:1091E000FFFFFFFFFFFFFFFFFFFFFFFFFFFFFFFF8F
:1091F000FFFFFFFFFFFFFFFFFFFFFFFFFFFFFFFF7F
:10920000FFFFFFFF00006DFFFFFFFFFFFFFFFFFFFE
:10921000FFFFFFFFFF49000049FFFFFF240049FF58
:10922000FFFFFFFFFFFFFFFFFFFFFFFFFFFFFFFF4E
:10923000FFFFFFFFFFFFFFFFFFFFFFFFFFFFFFFF3E
:10924000FFFFFFFF00006DFFFFFFFFFFFFFFFFFFBE
:10925000FFFFFFFFFFDB490000B6FFFF240049FFCF
:10926000FFFFFFFFFFFFFFFFFFFFFFFFFFFFFFFF0E
:10927000FFFFFFFFFFFFFFFFFFFFFFFFFFFFFFFFFE
:10928000FFFFFFFF00006DFFFFFFFFFFFFFFFFFF7E
:10929000FFFFFFFFFFFFB6240049FFFF240049FF47
:1092A000FFFFFFFFFFFFFFFFFFFFFFFFFFFFFFFFCE
:1092B000FFFFFFFFFFFFFFFFFFFFFFFFFFFFFFFFBE
:1092C000FFFFFFFF00006DFFFFFFFFFFFFFFFFFF3E
:1092D000FFFFFFFFFFFFFF490000B6FF240049FF2B
:1092E000FFFFFFFFFFFFFFFFFFFFFFFFFFFFFFFF8E
:1092F000FFFFFFFFFFFFFFFFFFFFFFFFFFFFFFFF7E
:10930000FFFFFFFF00006DFFFFFFFFFFFFFFFFFFFD
:10931000FFFFFFFFFFFFFFB600006DFF240049FFC6
:10932000FFFFFFFFFFFFFFFFFFFFFFFFFFFFFFFF4D
:10933000FFFFFFFFFFFFFFFFFFFFFFFFFFFFFFFF3D
:10934000FFFFFFFF00006DFFFFFFFFFFFFFFFFFFBD
:10935000FFFFFFFFFFFFFFFF490024DB240049FF61
:10936000FFFFFFFFFFFFFFFFFFFFFFFFFFFFFFFF0D
:10937000FFFFFFFFFFFFFFFFFFFFFFFFFFFFFFFFFD
:10938000FFFFFFFF00006DFFFFFFFFFFFFFFFFFF7D
:10939000FFFFFFFFFFFFFFFFB60000DB240049FFD8
:1093A000FFFFFFFFFFFFFFFFFFFFFFFFFFFFFFFFCD
:1093B000FFFFFFB649496DFFFFFFFFFFFFFFFFFF04
:1093C000FFFFFFFF00006DFFFFFFFFFFFFFFFFFF3D
:1093D000FFFFFFFFFFFFFFFFDB000092240049FFBC
:1093E000FFFFFFFFFFFFFFFFFFFFFFFFFFFFFFFF8D
:1093F000FFFFB62400000049DBFFFFFFFFFFFFFF78
:10940000FFFFFFFF00006DFFFFFFFFFFFFFFFFFFFC
:10941000FFFFFFFFFFFFFFFFDB24006D240049FF7C
:10942000FFFFFFFFFFFFFFFFFFFFFFFFFFFFFFFF4C
:10943000FFDB2400000000006DFFFFFFFFFFFFFFC8
:10944000FFFFFFFF00006DFFFFFFFFFFFFFFFFFFBC
:10945000FFFFFFFFFFFFFFFFFF490049240049FF17
:10946000FFFFFFFFFFFFFFFFFFDB926D6D6D6D6D77
:10947000924900004992240024DBFFFFFFFFFFFF19
:10948000FFFFFFFF00006DFFFFFFFFFFFFFFFFFF7C
:10949000FFFFFFFFFFFFFFFFFF490024240049FFFC
:1094A000FFFFFFFFFFFFFFFFFF6D00000000000058
:1094B00000000000FFFFB60000DBFFFFFFFFFFFF23
:1094C000FFFFFFFF00006DFFFFFFFFFFFFFFFFFF3C
:1094D000FFFFFFFFFFFFFFFFFF490024240049FFBC
:1094E000FFFFFFFFFFFFFFFFFF6D00000000000018
:1094F00000000000DBFFB60000DBFFFFFFFFFFFF07
:10950000FFFFFFFF00006DFFFFFFFFFFFFFFFFFFFB
:10951000FFFFFFFFFFFFFFFFFF490024240049FF7B
:10952000FFFFFFFFFFFFFFFFFFDB926D6D6D6D6DB6
:109530006D4900004992240024DBFFFFFFFFFFFF7D
:10954000FFFFFFFF00006DFFFFFFFFFFFFFFFFFFBB
:10955000FFFFFFFFFFFFFFFFFF490024240049FF3B
:10956000FFFFFFFFFFFFFFFFFFFFFFFFFFFFFFFF0B
:10957000FFDB2400000000006DFFFFFFFFFFFFFF87
:10958000FFFFFFFF00006DFFFFFFFFFFFFFFFFFF7B
:10959000FFFFFFFFFFFFFFFFFF490049240049FFD6
:1095A000FFFFFFFFFFFFFFFFFFFFFFFFFFFFFFFFCB
:1095B000FFFFB62400000049DBFFFFFFFFFFFFFFB6
:1095C000FFFFFFFF00006DFFFFFFFFFFFFFFFFFF3B
:1095D000FFFFFFFFFFFFFFFFDB24006D240049FFBB
:1095E000FFFFFFFFFFFFFFFFFFFFFFFFFFFFFFFF8B
:1095F000FFFFFFB649496DDBFFFFFFFFFFFFFFFFE6
:10960000FFFFFFFF00006DFFFFFFFFFFFFFFFFFFFA
:10961000FFFFFFFFFFFFFFFFDB000092240049FF79
:10962000FFFFFFFFFFFFFFFFFFFFFFFFFFFFFFFF4A
:10963000FFFFFFFFFFFFFFFFFFFFFFFFFFFFFFFF3A
:10964000FFFFFFFF00006DFFFFFFFFFFFFFFFFFFBA
:10965000FFFFFFFFFFFFFFFFB60000DB240049FF15
:10966000FFFFFFFFFFFFFFFFFFFFFFFFFFFFFFFF0A
:10967000FFFFFFFFFFFFFFFFFFFFFFFFFFFFFFFFFA
:10968000FFFFFFFF00006DFFFFFFFFFFFFFFFFFF7A
:10969000FFFFFFFFFFFFFFFF490024DB240049FF1E
:1096A000FFFFFFFFFFFFFFFFFFFFFFFFFFFFFFFFCA
:1096B000FFFFFFFFFFFFFFFFFFFFFFFFFFFFFFFFBA
:1096C000FFFFFFFF00006DFFFFFFFFFFFFFFFFFF3A
:1096D000FFFFFFFFFFFFFFB600006DFF240049FF03
:1096E000FFFFFFFFFFFFFFFFFFFFFFFFFFFFFFFF8A
:1096F000FFFFFFFFFFFFFFFFFFFFFFFFFFFFFFFF7A
:10970000FFFFFFFF00006DFFFFFFFFFFFFFFFFFFF9
:10971000FFFFFFFFFFFFFF490000B6FF240049FFE6
:10972000FFFFFFFFFFFFFFFFFFFFFFFFFFFFFFFF49
:10973000FFFFFFFFFFFFFFFFFFFFFFFFFFFFFFFF39
:10974000FFFFFFFF00006DFFFFFFFFFFFFFFFFFFB9
:10975000FFFFFFFFFFFFB6240049FFFF240049FF82
:10976000FFFFFFFFFFFFFFFFFFFFFFFFFFFFFFFF09
:10977000FFFFFFFFFFFFFFFFFFFFFFFFFFFFFFFFF9
:10978000FFFFFFFF00006DFFFFFFFFFFFFFFFFFF79
:10979000FFFFFFFFFFDB490000B6FFFF240049FF8A
:1097A000FFFFFFFFFFFFFFFFFFFFFFFFFFFFFFFFC9
:1097B000FFFFFFFFFFFFFFFFFFFFFFFFFFFFFFFFB9
:1097C000FFFFFFFF00006DFFFFFFFFFFFFFFFFFF39
:1097D000FFFFFFFFFF49000049FFFFFF240049FF93
:1097E000FFFFFFFFFFFFFFFFFFFFFFFFFFFFFFFF89
:1097F000FFFFFFFFFFFFFFFFFFFFFFFFFFFFFFFF79
:10980000FFFFFFFF00006DFFFFFFFFFFFFFFFFFFF8
:10981000FFFFFFFF6D000024DBFFFFFF240049FF77
:10982000FFFFFFFFFFFFFFFFFFFFFFFFFFFFFFFF48
:10983000FFFFFFFFFFFFFFFFFFFFFFFFFFFFFFFF38
:10984000FFFFFFFF00006DFFFFFFFFFFFFFFFFFFB8
:10985000FFFFDB6D240024B6FFFFFFFF240049FF5C
:10986000FFFFFFFFFFFFFFFFFFFFFFFFFFFFFFFF08
:10987000FFFFFFFFFFFFFFFFFFFFFFFFFFFFFFFFF8
:10988000FFFFFFFF00006DFFFFFFFFFFFFFFFFFF78
:10989000DB924900002492FFFFFFFFFF240049FFF5
:1098A000FFFFFFFFFFFFFFFFFFFFFFFFFFFFFFFFC8
:1098B000FFFFFFFFFFFFFFFFFFFFFFFFFFFFFFFFB8
:1098C000FFFFFFFF000049FFFFFFFFFFFFDBB66D5B
:1098D0002424000024B6FFFFFFFFFFFF240049FF00
:1098E000FFFFFFFFFFFFFFFFFFFFFFFFFFFFFFFF88
:1098F000FFFFFFFFFFFFFFFFFFFFFFFFFFFFFFFF78
:10990000FFFFFFFF0000002424242424242424003B
:1099100000000049B6FFFFFFFFFFFFFF240049FFE3
:10992000FFFFFFFFFFFFFFFFFFFFFFFFFFFFFFFF47
:10993000FFFFFFFFFFFFFFFFFFFFFFFFFFFFFFFF37
:10994000FFFFFFFF0000000000000000000000001B
:10995000244992DBFFFFFFFFFFFFFFFF240049FFC9
:10996000FFFFFFFFFFFFFFFFFFFFFFFFFFFFFFFF07
:10997000FFFFFFFFFFFFFFFFFFFFFFFFFFFFFFFFF7
:10998000FFFFFFFF00000024242424242424496D29
:1099900092DBFFFFFFFFFFFFFFFFFFFF240049FFF8
:1099A000FFFFFFFFFFFFFFFFFFFFFFFFFFFFFFFFC7
:1099B000FFFFFFFFFFFFFFFFFFFFFFFFFFFFFFFFB7
:1099C000FFFFFFFF000049DBDBDBDBDBDBDBFFFF57
:1099D000FFFFFFFFFFFFFFFFFFFFFFFF240049FF27
:1099E000FFFFFFFFFFFFFFFFFFFFFFFFFFFFFFFF87
:1099F000FFFFFFFFFFFFFFFFFFFFFFFFFFFFFFFF77
:109A0000FFFFFFFF00006DFFFFFFFFFFFFFFFFFFF6
:109A1000FFFFFFFFFFFFFFFFFFFFFFFF240049FFE6
:109A2000FFFFFFFFFFFFFFFFFFFFFFFFFFFFFFFF46
:109A3000FFFFFFFFFFFFFFFFFFFFFFFFFFFFFFFF36
:109A4000FFFFFFFF00006DFFFFFFFFFFFFFFFFFFB6
:109A5000FFFFFFFFFFFFFFFFFFFFFFFF240049FFA6
:109A6000FFFFFFFFFFFFFFFFFFFFFFFFFFFFFFFF06
:109A7000FFFFFFFFFFFFFFFFFFFFFFFFFFFFFFFFF6
:109A8000FFFFFFFF00006DFFFFFFFFFFFFFFFFFF76
:109A9000FFFFFFFFFFFFFFFFFFFFFFFF240049FF66
:109AA000FFFFFFFFFFFFFFFFFFFFFFFFFFFFFFFFC6
:109AB000FFFFFFFFFFFFFFFFFFFFFFFFFFFFFFFFB6
:109AC000FFFFFFFF00006DFFFFFFFFFFFFFFFFFF36
:109AD000FFFFFFFFFFFFFFFFFFFFFFFF240049FF26
:109AE000FFFFFFFFFFFFFFFFFFFFFFFFFFFFFFFF86
:109AF000FFFFFFFFFFFFFFFFFFFFFFFFFFFFFFFF76
:109B0000FFFFFFFF00006DFFFFFFFFFFFFFFFFFFF5
:109B1000FFFFFFFFFFFFFFFFFFFFFFFF240049FFE5
:109B2000FFFFFFFFFFFFFFFFFFFFFFFFFFFFFFFF45
:109B3000FFFFFFFFFFFFFFFFFFFFFFFFFFFFFFFF35
:109B4000FFFFFFFF00006DFFFFFFFFFFFFFFFFFFB5
:109B5000FFFFFFFFFFFFFFFFFFFFFFFF240049FFA5
:109B6000FFFFFFFFFFFFFFFFFFFFFFFFFFFFFFFF05
:109B7000FFFFFFFFFFFFFFFFFFFFFFFFFFFFFFFFF5
:109B8000FFFFFFFF00006DFFFFFFFFFFFFFFFFFF75
:109B9000FFFFFFFFFFFFFFFFFFFFFFFF240049FF65
:109BA000FFFFFFFFFFFFFFFFFFFFFFFFFFFFFFFFC5
:109BB000FFFFFFFFFFFFFFFFFFFFFFFFFFFFFFFFB5
:109BC000FFFFFFFF00006DFFFFFFFFFFFFFFFFFF35
:109BD000FFFFFFFFFFFFFFFFFFFFFFFF490024B66E
:109BE000DBDBDBDBDBDBDBDBDBDBDBDBDBDBDBDBC5
:109BF000DBDBDBDBDBDBDBDBDBDBDBDBDBDBDBDBB5
:109C0000DBDBDB6D000092FFFFFFFFFFFFFFFFFFCD
:109C1000FFFFFFFFFFFFFFFFFFFFFFFFB600002476
:109C200024242424242424242424242424242424F4
:109C300024242424242424242424242424242424E4
:109C4000242424240024DBFFFFFFFFFFFFFFFFFF8E
:109C5000FFFFFFFFFFFFFFFFFFFFFFFFFF490000C8
:109C600000000000000000000000000000000000F4
:109C700000000000000000000000000000000000E4
:109C8000000000002492FFFFFFFFFFFFFFFFFFFF28
:109C9000FFFFFFFFFFFFFFFFFFFFFFFFFFDB6D2465
:109CA0002424242424242424242424242424242474
:109CB0002424242424242424242424242424242464
:109CC0002424244992FFFFFFFFFFFFFFFFFFFFFF58
:109CD000FFFFFFFFFFFFFFFFFFFFFFFFFFFF9224DC
:109CE0002424242424242424242424242424242434
:109CF0002424242424242424242424242424242424
:109D000024242449B6FFFFFFFFFFFFFFFFFFFFFFF3
:109D1000FFFFFFFFFFFFFFFFFFFFFFFFFF49000007
:109D20000000000000000000000000000000000033
:109D30000000000000000000000000000000000023
:109D4000000000002492FFFFFFFFFFFFFFFFFFFF67
:109D5000FFFFFFFFFFFFFFFFFFFFFFFFB600002435
:109D600024242424242424242424242424242424B3
:109D700024242424242424242424242424242424A3
:109D8000242424240024DBFFFFFFFFFFFFFFFFFF4D
:109D9000FFFFFFFFFFFFFFFFFFFFFFFF6D0024B688
:109DA000DBDBDBDBDBDBDBDBDBDBDBDBDBDBDBDB03
:109DB000DBDBDBDBDBDBDBDBDBDBDBDBDBDBDBDBF3
:109DC000DBDBDB6D000092FFFFFFFFFFFFFFFFFF0C
:109DD000FFFFFFFFFFFFFFFFFFFFFFFF240049FF23
:109DE000FFFFFFFFFFFFFFFFFFFFFFFFFFFFFFFF83
:109DF000FFFFFFFFFFFFFFFFFFFFFFFFFFFFFFFF73
:109E0000FFFFFFFF00006DFFFFFFFFFFFFFFFFFFF2
:109E1000FFFFFFFFFFFFFFFFFFFFFFFF240049FFE2
:109E2000FFFFFFFFFFFFFFFFFFFFFFFFFFFFFFFF42
:109E3000FFFFFFFFFFFFFFFFFFFFFFFFFFFFFFFF32
:109E4000FFFFFFFF00006DFFFFFFFFFFFFFFFFFFB2
:109E5000FFFFFFFFFFFFFFFFFFFFFFFF240049FFA2
:109E6000FFFFFFFFFFFFFFFFFFFFFFFFFFFFFFFF02
:109E7000FFFFFFFFFFFFFFFFFFFFFFFFFFFFFFFFF2
:109E8000FFFFFFFF00006DFFFFFFFFFFFFFFFFFF72
:109E9000FFFFFFFFFFFFFFFFFFFFFFFF240049FF62
:109EA000FFFFFFFFFFFFFFFFFFFFFFFFFFFFFFFFC2
:109EB000FFFFFFFFFFFFFFFFFFFFFFFFFFFFFFFFB2
:109EC000FFFFFFFF00006DFFFFFFFFFFFFFFFFFF32
:109ED000FFFFFFFFFFFFFFFFFFFFFFFF240049FF22
:109EE000FFFFFFFFFFFFFFFFFFFFFFFFFFFFFFFF82
:109EF000FFFFFFFFFFFFFFFFFFFFFFFFFFFFFFFF72
:109F0000FFFFFFFF00006DFFFFFFFFFFFFFFFFFFF1
:109F1000FFFFFFFFFFFFFFFFFFFFFFFF240049FFE1
:109F2000FFFFFFFFFFFFFFFFFFFFFFFFFFFFFFFF41
:109F3000FFFFFFFFFFFFFFFFFFFFFFFFFFFFFFFF31
:109F4000FFFFFFFF00006DFFFFFFFFFFFFFFFFFFB1
:109F5000FFFFFFFFFFFFFFFFFFFFFFFF240049FFA1
:109F6000FFFFFFFFFFFFFFFFFFFFFFFFFFFFFFFF01
:109F7000FFFFFFFFFFFFFFFFFFFFFFFFFFFFFFFFF1
:109F8000FFFFFFFF00006DFFFFFFFFFFFFFFFFFF71
:109F9000FFFFFFFFFFFFFFFFFFFFFFFF240049FF61
:109FA000FFFFFFFFFFFFFFFFFFFFFFFFFFFFFFFFC1
:109FB000FFFFFFFFFFFFFFFFFFFFFFFFFFFFFFFFB1
:109FC000FFFFFFFF00006DFFFFFFFFFFFFFFFFFF31
:109FD000FFFFFFFFFFFFFFFFFFFFFFFF240049FF21
:109FE000FFFFFFFFFFFFFFFFFFFFFFFFFFFFFFFF81
:109FF000FFFFFFFFFFFFFFFFFFFFFFFFFFFFFFFF71
:10A00000FFFFFFFF00006DFFFFDBDBDBDBDBFFFFA4
:10A01000FFFFFFFFFFFFFFFFFFFFFFFF240049FFE0
:10A02000FFFFFFFFFFFFFFFFFFFFFFFFFFFFFFFF40
:10A03000FFFFFFFFFFFFFFFFFFFFFFFFFFFFFFFF30
:10A04000FFFFFFFF000049926D4924242424496D3D
:10A05000B6FFFFFFFFFFFFFFFFFFFFFF240049FFE9
:10A06000FFFFFFFFFFFFFFFFFFFFFFFFFFFFFFFF00
:10A07000FFFFFFFFFFFFFFFFFFFFFFFFFFFFFFFFF0
:10A08000FFFFFFFF000000000000000000000000D4
:10A090002449B6FFFFFFFFFFFFFFFFFF240049FF3A
:10A0A000FFFFFFFFFFFFFFFFFFFFFFFFFFFFFFFFC0
:10A0B000FFFFFFFFFFFFFFFFFFFFFFFFFFFFFFFFB0
:10A0C000FFFFFFFF00000000242424242424240098
:10A0D0000000246DDBFFFFFFFFFFFFFF240049FFAF
:10A0E000FFFFFFFFFFFFFFFFFFFFFFFFFFFFFFFF80
:10A0F000FFFFFFFFFFFFFFFFFFFFFFFFFFFFFFFF70
:10A10000FFFFFFDB0000244992B6DBFFFFDB924933
:10A110002400000049DBFFFFFFFFFFFF240049FF91
:10A12000FFFFFFFFFFFFFFFFFFFFFFFFFFFFFFFF3F
:10A13000FFFFFFFFFFFFFFFFFFFFFFFFFFFFFFFF2F
:10A14000FFFFFFFF000049FFFFFFFFFFFFFFFFFFD3
:10A15000DB6D24000049DBFFFFFFFFFF240049FF08
:10A16000FFFFFFFFFFFFFFFFFFFFFFFFFFFFFFFFFF
:10A17000FFFFFFFFFFFFFFFFFFFFFFFFFFFFFFFFEF
:10A18000FFFFFFFF00006DFFFFFFFFFFFFFFFFFF6F
:10A19000FFFFB649000049DBFFFFFFFF240049FF36
:10A1A000FFFFFFFFFFFFFFFFFFFFFFFFFFFFFFFFBF
:10A1B000FFFFFFFFFFFFFFFFFFFFFFFFFFFFFFFFAF
:10A1C000FFFFFFFF00006DFFFFFFFFFFFFFFFFFF2F
:10A1D000FFFFFFDB2400006DFFFFFFFF240049FFAE
:10A1E000FFFFFFFFFFFFFFFFFFFFFFFFFFFFFFFF7F
:10A1F000FFFFFFFFFFFFFFFFFFFFFFFFFFFFFFFF6F
:10A20000FFFFFFFF00006DFFFFFFFFFFFFFFFFFFEE
:10A21000FFFFFFFFDB24000092FFFFFF240049FF48
:10A22000FFFFFFFFFFFFFFFFFFFFFFFFFFFFFFFF3E
:10A23000FFFFFFFFFFFFFFFFFFFFFFFFFFFFFFFF2E
:10A24000FFFFFFFF00006DFFFFFFFFFFFFFFFFFFAE
:10A25000FFFFFFFFFFB6240024FFFFFF240049FF9C
:10A26000FFFFFFFFFFFFFFFFFFFFFFFFFFFFFFFFFE
:10A27000FFFFFFFFFFFFFFFFFFFFFFFFFFFFFFFFEE
:10A28000FFFFFFFF00006DFFFFFFFFFFFFFFFFFF6E
:10A29000FFFFFFFFFFFF6D000092FFFF240049FF5B
:10A2A000FFFFFFFFFFFFFFFFFFFFFFFFFFFFFFFFBE
:10A2B000FFFFFFFFFFFFFFFFFFFFFFFFFFFFFFFFAE
:10A2C000FFFFFFFF00006DFFFFFFFFFFFFFFFFFF2E
:10A2D000FFFFFFFFFFFFDB240049FFFF240049FFD2
:10A2E000FFFFFFFFFFFFFFFFFFFFFFFFFFFFFFFF7E
:10A2F000FFFFFFFFFFFFFFFFFFFFFFFFFFFFFFFF6E
:10A30000FFFFFFFF00006DFFFFFFFFFFFFFFFFFFED
:10A31000FFFFFFFFFFFFFF6D0000B6FF240049FFB6
:10A32000FFFFFFFFFFFFFFFFFFFFFFFFFFFFFFFF3D
:10A33000FFFFFFFFFFFFFFFFFFFFFFFFFFFFFFFF2D
:10A34000FFFFFFFF00006DFFFFFFFFFFFFFFFFFFAD
:10A35000FFFFFFFFFFFFFFB600006DFF240049FF76
:10A36000FFFFFFFFFFFFFFFFFFFFFFFFFFFFFFFFFD
:10A37000FFFFFFFFFFFFFFFFFFFFFFFFFFFFFFFFED
:10A38000FFFFFFFF00006DFFFFFFFFFFFFFFFFFF6D
:10A39000FFFFFFFFFFFFFFFF240049FF240049FFED
:10A3A000FFFFFFFFFFFFFFFFFFFFFFFFFFFFFFFFBD
:10A3B000FFFFFFB6494992FFFFFFFFFFFFFFFFFFCF
:10A3C000FFFFFFFF00006DFFFFFFFFFFFFFFFFFF2D
:10A3D000FFFFFFFFFFFFFFFF920024DB240049FF88
:10A3E000FFFFFFFFFFFFFFFFFFFFFFFFFFFFFFFF7D
:10A3F000FFFF922400000049FFFFFFFFFFFFFFFF68
:10A40000FFFFFFFF00006DFFFFFFFFFFFFFFFFFFEC
:10A41000FFFFFFFFFFFFFFFFB60000DB240049FF47
:10A42000FFFFFFFFFFFFFFFFFFFFFFFFFFFFFFFF3C
:10A43000FFDB24000000000092FFFFFFFFFFFFFF93
:10A44000FFFFFFFF00006DFFFFFFFFFFFFFFFFFFAC
:10A45000FFFFFFFFFFFFFFFFDB0000B6240049FF07
:10A46000FFFFFFFFFFFFFFFFFFDB926D6D6D6D6D67
:10A47000924900006D92240049FFFFFFFFFFFFFF9C
:10A48000FFFFFFFF00006DFFFFFFFFFFFFFFFFFF6C
:10A49000FFFFFFFFFFFFFFFFDB240092240049FFC7
:10A4A000FFFFFFFFFFFFFFFFFF6D00000000000048
:10A4B00000000000FFFF920024DBFFFFFFFFFFFF13
:10A4C000FFFFFFFF00006DFFFFFFFFFFFFFFFFFF2C
:10A4D000FFFFFFFFFFFFFFFFDB240092240049FF87
:10A4E000FFFFFFFFFFFFFFFFFF6D00000000000008
:10A4F00000000000FFFF920024DBFFFFFFFFFFFFD3
:10A50000FFFFFFFF00006DFFFFFFFFFFFFFFFFFFEB
:10A51000FFFFFFFFFFFFFFFFDB240092240049FF46
:10A52000FFFFFFFFFFFFFFFFFFDB926D6D6D6D6DA6
:10A530006D4900006D92240049FFFFFFFFFFFFFF00
:10A54000FFFFFFFF00006DFFFFFFFFFFFFFFFFFFAB
:10A55000FFFFFFFFFFFFFFFFDB240092240049FF06
:10A56000FFFFFFFFFFFFFFFFFFFFFFFFFFFFFFFFFB
:10A57000FFDB24000000000092FFFFFFFFFFFFFF52
:10A58000FFFFFFFF00006DFFFFFFFFFFFFFFFFFF6B
:10A59000FFFFFFFFFFFFFFFFDB0000B6240049FFC6
:10A5A000FFFFFFFFFFFFFFFFFFFFFFFFFFFFFFFFBB
:10A5B000FFFF922400000049FFFFFFFFFFFFFFFFA6
:10A5C000FFFFFFFF00006DFFFFFFFFFFFFFFFFFF2B
:10A5D000FFFFFFFFFFFFFFFFB60000DB240049FF86
:10A5E000FFFFFFFFFFFFFFFFFFFFFFFFFFFFFFFF7B
:10A5F000FFFFFFB6494992FFFFFFFFFFFFFFFFFF8D
:10A60000FFFFFFFF00006DFFFFFFFFFFFFFFFFFFEA
:10A61000FFFFFFFFFFFFFFFF920024DB240049FF45
:10A62000FFFFFFFFFFFFFFFFFFFFFFFFFFFFFFFF3A
:10A63000FFFFFFFFFFFFFFFFFFFFFFFFFFFFFFFF2A
:10A64000FFFFFFFF00006DFFFFFFFFFFFFFFFFFFAA
:10A65000FFFFFFFFFFFFFFFF240049FF240049FF2A
:10A66000FFFFFFFFFFFFFFFFFFFFFFFFFFFFFFFFFA
:10A67000FFFFFFFFFFFFFFFFFFFFFFFFFFFFFFFFEA
:10A68000FFFFFFFF00006DFFFFFFFFFFFFFFFFFF6A
:10A69000FFFFFFFFFFFFFFDB00006DFF240049FF0E
:10A6A000FFFFFFFFFFFFFFFFFFFFFFFFFFFFFFFFBA
:10A6B000FFFFFFFFFFFFFFFFFFFFFFFFFFFFFFFFAA
:10A6C000FFFFFFFF00006DFFFFFFFFFFFFFFFFFF2A
:10A6D000FFFFFFFFFFFFFF6D0000B6FF240049FFF3
:10A6E000FFFFFFFFFFFFFFFFFFFFFFFFFFFFFFFF7A
:10A6F000FFFFFFFFFFFFFFFFFFFFFFFFFFFFFFFF6A
:10A70000FFFFFFFF00006DFFFFFFFFFFFFFFFFFFE9
:10A71000FFFFFFFFFFFFDB240049FFFF240049FF8D
:10A72000FFFFFFFFFFFFFFFFFFFFFFFFFFFFFFFF39
:10A73000FFFFFFFFFFFFFFFFFFFFFFFFFFFFFFFF29
:10A74000FFFFFFFF00006DFFFFFFFFFFFFFFFFFFA9
:10A75000FFFFFFFFFFFF6D000092FFFF240049FF96
:10A76000FFFFFFFFFFFFFFFFFFFFFFFFFFFFFFFFF9
:10A77000FFFFFFFFFFFFFFFFFFFFFFFFFFFFFFFFE9
:10A78000FFFFFFFF00006DFFFFFFFFFFFFFFFFFF69
:10A79000FFFFFFFFFFB6240024FFFFFF240049FF57
:10A7A000FFFFFFFFFFFFFFFFFFFFFFFFFFFFFFFFB9
:10A7B000FFFFFFFFFFFFFFFFFFFFFFFFFFFFFFFFA9
:10A7C000FFFFFFFF00006DFFFFFFFFFFFFFFFFFF29
:10A7D000FFFFFFFFDB24000092FFFFFF240049FF83
:10A7E000FFFFFFFFFFFFFFFFFFFFFFFFFFFFFFFF79
:10A7F000FFFFFFFFFFFFFFFFFFFFFFFFFFFFFFFF69
:10A80000FFFFFFFF00006DFFFFFFFFFFFFFFFFFFE8
:10A81000FFFFFFDB49000049FFFFFFFF240049FF66
:10A82000FFFFFFFFFFFFFFFFFFFFFFFFFFFFFFFF38
:10A83000FFFFFFFFFFFFFFFFFFFFFFFFFFFFFFFF28
:10A84000FFFFFFFF00006DFFFFFFFFFFFFFFFFFFA8
:10A85000FFFFB649000049DBFFFFFFFF240049FF6F
:10A86000FFFFFFFFFFFFFFFFFFFFFFFFFFFFFFFFF8
:10A87000FFFFFFFFFFFFFFFFFFFFFFFFFFFFFFFFE8
:10A88000FFFFFFFF00006DFFFFFFFFFFFFFFFFFF68
:10A89000DB6D24000049DBFFFFFFFFFF240049FFC1
:10A8A000FFFFFFFFFFFFFFFFFFFFFFFFFFFFFFFFB8
:10A8B000FFFFFFFFFFFFFFFFFFFFFFFFFFFFFFFFA8
:10A8C000FFFFFFFF00006DFFFFFFFFFFFFFFDB6DDE
:10A8D0002400000024DBFFFFFFFFFFFF240049FFEF
:10A8E000FFFFFFFFFFFFFFFFFFFFFFFFFFFFFFFF78
:10A8F000FFFFFFFFFFFFFFFFFFFFFFFFFFFFFFFF68
:10A90000FFFFFFFF00006DFFFFFFFFFFFF9224002E
:10A910000000246DDBFFFFFFFFFFFFFF240049FF66
:10A92000FFFFFFFFFFFFFFFFFFFFFFFFFFFFFFFF37
:10A93000FFFFFFFFFFFFFFFFFFFFFFFFFFFFFFFF27
:10A94000FFFFFFFF00006DFFFFFFFFFFFF4900005B
:10A950002449B6FFFFFFFFFFFFFFFFFF240049FF71
:10A96000FFFFFFFFFFFFFFFFFFFFFFFFFFFFFFFFF7
:10A97000FFFFFFFFFFFFFFFFFFFFFFFFFFFFFFFFE7
:10A98000FFFFFFFF00006DFFFFFFFFFFFF6D246D66
:10A99000B6DBFFFFFFFFFFFFFFFFFFFF240049FFC4
:10A9A000FFFFFFFFFFFFFFFFFFFFFFFFFFFFFFFFB7
:10A9B000FFFFFFFFFFFFFFFFFFFFFFFFFFFFFFFFA7
:10A9C000FFFFFFFF00006DFFFFFFFFFFFFFFDBFF4B
:10A9D000FFFFFFFFFFFFFFFFFFFFFFFF240049FF17
:10A9E000FFFFFFFFFFFFFFFFFFFFFFFFFFFFFFFF77
:10A9F000FFFFFFFFFFFFFFFFFFFFFFFFFFFFFFFF67
:10AA0000FFFFFFFF00006DFFFFFFFFFFFFFFFFFFE6
:10AA1000FFFFFFFFFFFFFFFFFFFFFFFF240049FFD6
:10AA2000FFFFFFFFFFFFFFFFFFFFFFFFFFFFFFFF36
:10AA3000FFFFFFFFFFFFFFFFFFFFFFFFFFFFFFFF26
:10AA4000FFFFFFFF00006DFFFFFFFFFFFFFFFFFFA6
:10AA5000FFFFFFFFFFFFFFFFFFFFFFFF240049FF96
:10AA6000FFFFFFFFFFFFFFFFFFFFFFFFFFFFFFFFF6
:10AA7000FFFFFFFFFFFFFFFFFFFFFFFFFFFFFFFFE6
:10AA8000FFFFFFFF00006DFFFFFFFFFFFFFFFFFF66
:10AA9000FFFFFFFFFFFFFFFFFFFFFFFF240049FF56
:10AAA000FFFFFFFFFFFFFFFFFFFFFFFFFFFFFFFFB6
:10AAB000FFFFFFFFFFFFFFFFFFFFFFFFFFFFFFFFA6
:10AAC000FFFFFFFF00006DFFFFFFFFFFFFFFFFFF26
:10AAD000FFFFFFFFFFFFFFFFFFFFFFFF240049FF16
:10AAE000FFFFFFFFFFFFFFFFFFFFFFFFFFFFFFFF76
:10AAF000FFFFFFFFFFFFFFFFFFFFFFFFFFFFFFFF66
:10AB0000FFFFFFFF00006DFFFFFFFFFFFFFFFFFFE5
:10AB1000FFFFFFFFFFFFFFFFFFFFFFFF240049FFD5
:10AB2000FFFFFFFFFFFFFFFFFFFFFFFFFFFFFFFF35
:10AB3000FFFFFFFFFFFFFFFFFFFFFFFFFFFFFFFF25
:10AB4000FFFFFFFF00006DFFFFFFFFFFFFFFFFFFA5
:10AB5000FFFFFFFFFFFFFFFFFFFFFFFF240049FF95
:10AB6000FFFFFFFFFFFFFFFFFFFFFFFFFFFFFFFFF5
:10AB7000FFFFFFFFFFFFFFFFFFFFFFFFFFFFFFFFE5
:10AB8000FFFFFFFF00006DFFFFFFFFFFFFFFFFFF65
:10AB9000FFFFFFFFFFFFFFFFFFFFFFFF240049FF55
:10ABA000FFFFFFFFFFFFFFFFFFFFFFFFFFFFFFFFB5
:10ABB000FFFFFFFFFFFFFFFFFFFFFFFFFFFFFFFFA5
:10ABC000FFFFFFFF00006DFFFFFFFFFFFFFFFFFF25
:10ABD000FFFFFFFFFFFFFFFFFFFFFFFF6D0024B63A
:10ABE000DBDBDBDBDBDBDBDBDBDBDBDBDBDBDBDBB5
:10ABF000DBDBDBDBDBDBDBDBDBDBDBDBDBDBDBDBA5
:10AC0000DBDBDB6D000092FFFFFFFFFFFFFFFFFFBD
:10AC1000FFFFFFFFFFFFFFFFFFFFFFFFB600002466
:10AC200024242424242424242424242424242424E4
:10AC300024242424242424242424242424242424D4
:10AC4000242424240024DBFFFFFFFFFFFFFFFFFF7E
:10AC5000FFFFFFFFFFFFFFFFFFFFFFFFFF490000B8
:10AC600000000000000000000000000000000000E4
:10AC700000000000000000000000000000000000D4
:10AC8000000000002492FFFFFFFFFFFFFFFFFFFF18
:10AC9000FFFFFFFFFFFFFFFFFFFFFFFFFFFF92240C
:10ACA0002424242424242424242424242424242464
:10ACB0002424242424242424242424242424242454
:10ACC00024242449B6FFFFFFFFFFFFFFFFFFFFFF24
:10ACD000FFFFFFFFFFFFFFFFFFFFFFFFFFFFFFFF84
:10ACE000FFFFFFFFFFFFFF922400000000000000B5
:10ACF00000000000000000000000000000242449C3
:10AD00006D92DBDBFFFFFFFFFFFFFFFFFFFFFFFF9A
:10AD1000FFFFFFFFFFFFFFFFFFFFFFFFFFFFFFFF43
:10AD2000FFFFFFFFFFDB2400000000000000000029
:10AD30000000000000000000000000000000000013
:10AD400000000024496DDBFFFFFFFFFFFFFFFFFF57
:10AD5000FFFFFFFFFFFFFFFFFFFFFFFFFFFFFFFF03
:10AD6000FFFFFFFFFF2400002449494949494949A1
:10AD70004949494949494924000000494949494943
:10AD80002424000000000049B6FFFFFFFFFFFFFF83
:10AD9000FFFFFFFFFFFFFFFFFFFFFFFFFFFFFFFFC3
:10ADA000FFFFFFFF92000092FFFFFFFFFFFFFFFF8B
:10ADB000FFFFFFFFFFFFFFFF92000092FFFFFFFF7B
:10ADC000FFDBB66D2400000000246DFFFFFFFFFFD6
:10ADD000FFFFFFFFFFFFFFFFFFFFFFFFFFFFFFFF83
:10ADE000FFFFFFFF490024FFFFFFFFFFFFFFFFFF03
:10ADF000FFFFFFFFFFFFFFFFFF240049FFFFFFFFF3
:10AE0000FFFFFFFFFFB66D2400000024B6FFFFFF29
:10AE1000FFFFFFFFFFFFFFFFFFFFFFFFFFFFFFFF42
:10AE2000FFFFFFFF240049FFFFFFFFFFFFFFFFFFC2
:10AE3000FFFFFFFFFFFFFFFFFF490000FFFFFFFFD6
:10AE4000FFFFFFFFFFFFFFFF922400002449DBFF0D
:10AE5000FFFFFFFFFFFFFFFFFFFFFFFFFFFFFFFF02
:10AE6000FFFFFFFF000049FFFFFFFFFFFFFFFFFFA6
:10AE7000FFFFFFFFFFFFFFFFFF490000FFFFFFFF96
:10AE8000FFFFFFFFFFFFFFFFFFFF9224000024B63C
:10AE9000FFFFFFFFFFFFFFFFFFFFFFFFFFFFFFFFC2
:10AEA000FFFFFFFF000049FFFFFFFFFFFFFFFFFF66
:10AEB000FFFFFFFFFFFFFFFFFF490000FFFFFFFF56
:10AEC000FFFFFFFFFFFFFFFFFFFFFFDB4900002445
:10AED0006DFFFFFFFFFFFFFFFFFFFFFFFFFFFFFF14
:10AEE000FFFFFFFF000049FFFFFFFFFFFFFFFFFF26
:10AEF000FFFFFFFFFFFFFFFFFF490000FFFFFFFF16
:10AF0000FFFFFFFFFFFFFFFFFFFFFFFFFF92240098
:10AF1000006DFFFFFFFFFFFFFFFFFFFFFFFFFFFFD2
:10AF2000FFFFFFFF000049FFFFFFFFFFFFFFFFFFE5
:10AF3000FFFFFFFFFFFFFFFFFF490000FFFFFFFFD5
:10AF4000FFFFFFFFFFFFFFFFFFFFFFFFFFFFB62435
:10AF500000006DFFFFFFFFFFFFFFFFFFFFFFFFFF91
:10AF6000FFFFFFFF240049FFFFFFFFFFFFFFFFFF81
:10AF7000FFFFFFFFFFFFFFFFFF490000FFFFFFFF95
:10AF8000FFFFFFFFFFFFFFFFFFFFFFFFFFFFFFDBF5
:10AF90002400006DFFFFFFFFFFFFFFFFFFFFFFFF2C
:10AFA000FFFFFFFF490024FFFFFFFFFFFFFFFFFF41
:10AFB000FFFFFFFFFFFFFFFFFF240049FFFFFFFF31
:10AFC000FFFFFFFFFFFFFFFFFFFFFFFFFFFFFFFF91
:10AFD000DB2400006DFFFFFFFFFFFFFFFFFFFFFF10
:10AFE000FFFFFFFF92000092FFFFFFFFFFFFFFFF49
:10AFF000FFFFFFFFFFFFFFFF92000092FFFFFFFF39
:10B00000FFFFFFFFFFFFFFFFFFFFFFFFFFFFFFFF50
:10B01000FFDB240024B6FFFFFFFFFFFFFFFFFFFF62
:10B02000FFFFFFFFFF2400002449494949494949DE
:10B030004949494949494924000024FFFFFFFFFFCE
:10B04000FFFFFFFFFFFFFFFFFFFFFFFFFFFFFFFF10
:10B05000FFFFB6240024DBFFFFFFFFFFFFFFFFFF22
:10B06000FFFFFFFFFFDB24000000000000000000E6
:10B0700000000000000000000024DBFFFFFFFFFFD6
:10B08000FFFFFFFFFFFFFFFFFFFFFFFFFFFFFFFFD0
:10B09000FFFFFF92000049FFFFFFFFFFFFFFFFFFE1
:10B0A000FFFFFFFFFFFFFF922424000000000000CD
:10B0B000000000000000242492FFFFFFFFFFFFFFBD
:10B0C000FFFFFFFFFFFFFFFFFFFFFFFFFFFFFFFF90
:10B0D000FFFFFFFF490024B6FFFFFFFFFFFFFFFF59
:10B0E000FFFFFFFFFFFFFFFFFFFFFFFFFFFFFFFF70
:10B0F000FFFFFFFFFFFFFFFFFFFFFFFFFFFFFFFF60
:10B10000FFFFFFFFFFFFFFFFFFFFFFFFFFFFFFFF4F
:10B11000FFFFFFFFDB240024FFFFFFFFFFFFFFFF18
:10B12000FFFFFFFFFFFFFFFFFFFFFFFFFFFFFFFF2F
:10B13000FFFFFFFFFFFFFFFFFFFFFFFFFFFFFFFF1F
:10B14000FFFFFFFFFFFFFFFFFFFFFFFFFFFFFFFF0F
:10B15000FFFFFFFFFF6D00006DFFFFFFFFFFFFFF21
:10B16000FFFFFFFFFFFFFFFFFFFFFFFFFFFFFFFFEF
:10B17000FFFFFFFFFFFFFFFFFFFFFFFFFFFFFFFFDF
:10B18000FFFFFFFFFFFFFFFFFFFFFFFFFFFFFFFFCF
:10B19000FFFFFFFFFFFF240024FFFFFFFFFFFFFF74
:10B1A000FFFFFFFFFFFFFFFFFFFFFFFFFFFFFFFFAF
:10B1B000FFFFFFFFFFFFFFFFFFFFFFFFFFFFFFFF9F
:10B1C000FFFFFFFFFFFFFFFFFFFFFFFFFFFFFFFF8F
:10B1D000FFFFFFFFFFFF920000B6FFFFFFFFFFFF33
:10B1E000FFFFFFFFFFFFFFFFFFFFFFFFFFFFFFFF6F
:10B1F000FFFFFFFFFFFFFFFFFFFFFFFFFFFFFFFF5F
:10B20000FFFFFFFFFFFFFFFFFFFFFFFFFFFFFFFF4E
:10B21000FFFFFFFFFFFFDB240049FFFFFFFFFFFFF2
:10B22000FFFFFFFFFFFFFFFFFFFFFFFFFFFFFFFF2E
:10B23000FFFFFFFFFFFFFFFFFFFFFFFFFFFFFFFF1E
:10B24000FFFFFFFFFFFFFFFFFFFFFFFFFFFFFFFF0E
:10B25000FFFFFFFFFFFFFF6D0000DBFFFFFFFFFFB2
:10B26000FFFFFFFFFFFFFFFFFFFFFFFFFFFFFFFFEE
:10B27000FFFFFFFFFFFFFFFFFFFFFFFFFFFFFFFFDE
:10B28000FFFFFFFFFFFFFFFFFFFFFFFFFFFFFFFFCE
:10B29000FFFFFFFFFFFFFFB600006DFFFFFFFFFF97
:10B2A000FFFFFFFFFFFFFFFFFFFFFFFFFFFFFFFFAE
:10B2B000FFFFFFFFFFFFFFFFFFFFFFFFFFFFFFFF9E
:10B2C000FFFFFFFFFFFFFFFFFFFFFFFFFFFFFFFF8E
:10B2D000FFFFFFFFFFFFFFFF240049FFFFFFFFFF0E
:10B2E000FFFFFFFFFFFFFFFFFFFFFFFFFFFFFFFF6E
:10B2F000FFFFFFFFFFFFFFFFFFFFFFFFFFFFFFFF5E
:10B30000FFFFFFFFFFFFFFFFFFFFFFFFFFFFFFFF4D
:10B31000FFFFFFFFFFFFFFFF6D0024DBFFFFFFFFCD
:10B32000FFFFFFFFFFFFFFFFFFFFFFFFFFFFFFFF2D
:10B33000FFFFFFFFFFFFFFFFFFFFFFFFFFFFFFFF1D
:10B34000FFFFFFFFFFFFFFFFFFFFFFFFFFFFFFFF0D
:10B35000FFFFFFFFFFFFFFFFB60000DBFFFFFFFF68
:10B36000FFFFFFFFFFFFFFFFFFFFFFFFFFFFFFFFED
:10B37000FFFFFFFFFFFFFFFFFFFFFFFFFFFFFFFFDD
:10B38000FFFFFFFFFFFFFFFFFFFFFFFFFFFFFFFFCD
:10B39000FFFFFFFFFFFFFFFFDB240092FFFFFFFF28
:10B3A000FFFFFFFFFFFFFFFFFFFFFFFFFFFFFFFFAD
:10B3B000FFFFFFFFFFFFFFFFFFFFFFFFFFFFFFFF9D
:10B3C000FFFFFFFFFFFFFFFFFFFFFFFFFFFFFFFF8D
:10B3D000FFFFFFFFFFFFFFFFFF24006D6D00000078
:10B3E00049FFFFFFFFFFFFFFFFFFFFFFFFFFFFFF23
:10B3F000FFFFFFFFFFFFFFFFFFFFFFFFFFFFFFFF5D
:10B40000FFFFFFFFFFFFFFFFFFFFFFFFFFFFFFFF4C
:10B41000FFFFFFFFFFFFFFFFFF49004900000000A3
:10B4200000DBFFFFFFFFFFFFFFFFFFFFFFFFFFFF4F
:10B43000FFFFFFFFFFFFFFFFFFFFFFFFFFFFFFFF1C
:10B44000FFFFFFFFFFFFFFFFFFFFFFFFFFFFFFFF0C
:10B45000FFFFFFFFFFFFFFFFFF4900240000000088
:10B4600000DBFFFFFFFFFFFFFFFFFFFFFFFFFFFF0F
:10B47000FFFFFFFFFFFFFFFFFFFFFFFFFFFFFFFFDC
:10B48000FFFFFFFFFFFFFFFFFFFFFFFFFFFFFFFFCC
:10B49000FFFFFFFFFFFFFFFFFF4900240000000048
:10B4A00000DBFFFFFFFFFFFFFFFFFFFFFFFFFFFFCF
:10B4B000FFFFFFFFFFFFFFFFFFFFFFFFFFFFFFFF9C
:10B4C000FFFFFFFFFFFFFFFFFFFFFFFFFFFFFFFF8C
:10B4D000FFFFFFFFFFFFFFFFFF490000000000002C
:10B4E00000DBFFFFFFFFFFFFFFFFFFFFFFFFFFFF8F
:10B4F000FFFFFFFFFFFFFFFFFFFFFFFFFFFFFFFF5C
:10B50000FFFFFFFFFFFFFFFFFFFFFFFFFFFFFFFF4B
:10B51000FFFFFFFFFFFFFFFFFF49002400000000C7
:10B5200000DBFFFFFFFFFFFFFFFFFFFFFFFFFFFF4E
:10B53000FFFFFFFFFFFFFFFFFFFFFFFFFFFFFFFF1B
:10B54000FFFFFFFFFFFFFFFFFFFFFFFFFFFFFFFF0B
:10B55000FFFFFFFFFFFFFFFFFF4900240000000087
:10B5600000DBFFFFFFFFFFFFFFFFFFFFFFFFFFFF0E
:10B57000FFFFFFFFFFFFFFFFFFFFFFFFFFFFFFFFDB
:10B58000FFFFFFFFFFFFFFFFFFFFFFFFFFFFFFFFCB
:10B59000FFFFFFFFFFFFFFFFFF4900240000000047
:10B5A00049FFFFFFFFFFFFFFFFFFFFFFFFFFFFFF61
:10B5B000FFFFFFFFFFFFFFFFFFFFFFFFFFFFFFFF9B
:10B5C000FFFFFFFFFFFFFFFFFFFFFFFFFFFFFFFF8B
:10B5D000FFFFFFFFFFFFFFFFFF490049000049FF9A
:10B5E000FFFFFFFFFFFFFFFFFFFFFFFFFFFFFFFF6B
:10B5F000FFFFFFFFFFFFFFFFFFFFFFFFFFFFFFFF5B
:10B60000FFFFFFFFFFFFFFFFFFFFFFFFFFFFFFFF4A
:10B61000FFFFFFFFFFFFFFFFFF24006D000049FF5A
:10B62000FFFFFFFFFFFFFFFFFFFFFFFFFFFFFFFF2A
:10B63000FFFFFFFFFFFFFFFFFFFFFFFFFFFFFFFF1A
:10B64000FFFFFFFFFFFFFFFFFFFFFFFFFFFFFFFF0A
:10B65000FFFFFFFFFFFFFFFFDB240092000049FF19
:10B66000FFFFFFFFFFFFFFFFFFFFFFFFFFFFFFFFEA
:10B67000FFFFFFFFFFFFFFFFFFFFFFFFFFFFFFFFDA
:10B68000FFFFFFFFFFFFFFFFFFFFFFFFFFFFFFFFCA
:10B69000FFFFFFFFFFFFFFFFB60000DB000049FFD9
:10B6A000FFFFFFFFFFFFFFFFFFFFFFFFFFFFFFFFAA
:10B6B000FFFFFFFFFFFFFFFFFFFFFFFFFFFFFFFF9A
:10B6C000FFFFFFFFFFFFFFFFFFFFFFFFFFFFFFFF8A
:10B6D000FFFFFFFFFFFFFFFF6D0024DB000049FFBE
:10B6E000FFFFFFFFFFFFFFFFFFFFFFFFFFFFFFFF6A
:10B6F000FFFFFFFFFFFFFFFFFFFFFFFFFFFFFFFF5A
:10B70000FFFFFFFFFFFFFFFFFFFFFFFFFFFFFFFF49
:10B71000FFFFFFFFFFFFFFFF240049FF000049FF7D
:10B72000FFFFFFFFFFFFFFFFFFFFFFFFFFFFFFFF29
:10B73000FFFFFFFFFFFFFFFFFFFFFFFFFFFFFFFF19
:10B74000FFFFFFFFFFFFFFFFFFFFFFFFFFFFFFFF09
:10B75000FFFFFFFFFFFFFFB600006DFF240049FF62
:10B76000FFFFFFFFFFFFFFFFFFFFFFFFFFFFFFFFE9
:10B77000FFFFFFFFFFFFFFFFFFFFFFFFFFFFFFFFD9
:10B78000FFFFFFFFFFFFFFFFFFFFFFFFFFFFFFFFC9
:10B79000FFFFFFFFFFFFFF6D0000DBFF920024DBD8
:10B7A000FFFFFFFFFFFFFFFFFFFFFFFFFFFFFFFFA9
:10B7B000FFFFFFFFFFFFFFFFFFFFFFFFFFFFFFFF99
:10B7C000FFFFFFFFFFFFFFFFFFFFFFFFFFFFFFFF89
:10B7D000FFFFFFFFFFFFFF240049FFFFDB24006D99
:10B7E000FFFFFFFFFFFFFFFFFFFFFFFFFFFFFFFF69
:10B7F000FFFFFFFFFFFFFFFFFFFFFFFFFFFFFFFF59
:10B80000FFFFFFFFFFFFFFFFFFFFFFFFFFFFFFFF48
:10B81000FFFFFFFFFFFF920000B6FFFFFF4900247C
:10B82000FFFFFFFFFFFFFFFFFFFFFFFFFFFFFFFF28
:10B83000FFFFFFFFFFFFFFFFFFFFFFFFFFFFFFFF18
:10B84000FFFFFFFFFFFFFFFFFFFFFFFFFFFFFFFF08
:10B85000FFFFFFFFFFFF240024FFFFFFFF92000018
:10B8600092FFFFFFFFFFFFFFFFFFFFFFFFFFFFFF55
:10B87000FFFFFFFFFFFFFFFFFFFFFFFFFFFFFFFFD8
:10B88000FFFFFFFFFFFFFFFFFFFFFFFFFFFFFFFFC8
:10B89000FFFFFFFFFF6D00006DFFFFFFFFFF2400B4
:10B8A00049FFFFFFFFFFFFFFFFFFFFFFFFFFFFFF5E
:10B8B000FFFFFFFFFFFFFFFFFFFFFFFFFFFFFFFF98
:10B8C000FFFFFFFFFFFFFFFFFFFFFFFFFFFFFFFF88
:10B8D000FFFFFFFFDB240024FFFFFFFFFFFF9200BD
:10B8E00024DBFFFFFFFFFF922400000000000000A8
:10B8F000000000000000002492FFFFFFFFFFFFFF99
:10B90000FFFFFFFFFFFFFFFFFFFFFFFFFFFFFFFF47
:10B91000FFFFFFFF490024B6FFFFFFFFFFFFDB240F
:10B92000006DFFFFFFDB24000000000000000000AE
:10B9300000000000000000000024DBFFFFFFFFFF0D
:10B94000FFFFFFFFFFFFFFFFFFFFFFFFFFFFFFFF07
:10B95000FFFFFF92000049FFFFFFFFFFFFFFFF49CE
:10B960000024FFFFFF24000024494949494949496F
:10B970004949494949494924000024FFFFFFFFFF85
:10B98000FFFFFFFFFFFFFFFFFFFFFFFFFFFFFFFFC7
:10B99000FFFFB6240024DBFFFFFFFFFFFFFFFF9246
:10B9A000000092FF92000092FFFFFFFFFFFFFFFFEA
:10B9B000FFFFFFFFFFFFFFFF92000092FFFFFFFF6F
:10B9C000FFFFFFFFFFFFFFFFFFFFFFFFFFFFFFFF87
:10B9D000FFDB240024B6FFFFFFFFFFFFFFFFFFFF99
:10B9E000240049FF490024FFFFFFFFFFFFFFFFFF87
:10B9F000FFFFFFFFFFFFFFFFFF240049FFFFFFFFE7
:10BA0000FFFFFFFFFFFFFFFFFFFFFFFFFFFFFFFF46
:10BA1000DB2400006DFFFFFFFFFFFFFFFFFFFFFFC5
:10BA2000920024DB240049FFFFFFFFFFFFFFFFFF21
:10BA3000FFFFFFFFFFFFFFFFFF490000FFFFFFFFCA
:10BA4000FFFFFFFFFFFFFFFFFFFFFFFFFFFFFFDB2A
:10BA50002400006DFFFFFFFFFFFFFFFFFFFFFFFF61
:10BA6000DB24006D000049FFFFFFFFFFFFFFFFFF2A
:10BA7000FFFFFFFFFFFFFFFFFF490000FFFFFFFF8A
:10BA8000FFFFFFFFFFFFFFFFFFFFFFFFFFFFB624EA
:10BA900000006DFFFFFFFFFFFFFFFFFFFFFFFFFF46
:10BAA000FF490024000049FFFFFFFFFFFFFFFFFFEA
:10BAB000FFFFFFFFFFFFFFFFFF490000FFFFFFFF4A
:10BAC000FFFFFFFFFFFFFFFFFFFFFFFFFF922400CD
:10BAD000006DFFFFFFFFFFFFFFFFFFFFFFFFFFFF07
:10BAE000FF920000000049FFFFFFFFFFFFFFFFFF85
:10BAF000FFFFFFFFFFFFFFFFFF490000FFFFFFFF0A
:10BB0000FFFFFFFFFFFFFFFFFFFFFFDB49000024F8
:10BB10006DFFFFFFFFFFFFFFFFFFFFFFFFFFFFFFC7
:10BB2000FFFF2400000049FFFFFFFFFFFFFFFFFFB3
:10BB3000FFFFFFFFFFFFFFFFFF490000FFFFFFFFC9
:10BB4000FFFFFFFFFFFFFFFFFFFF9224000024B66F
:10BB5000FFFFFFFFFFFFFFFFFFFFFFFFFFFFFFFFF5
:10BB6000FFFF9200000049FFFFFFFFFFFFFFFFFF05
:10BB7000FFFFFFFFFFFFFFFFFF490000FFFFFFFF89
:10BB8000FFFFFFFFFFFFFFFF922400002449DBFFC0
:10BB9000FFFFFFFFFFFFFFFFFFFFFFFFFFFFFFFFB5
:10BBA000FFFFDB24000024FFFFFFFFFFFFFFFFFF7D
:10BBB000FFFFFFFFFFFFFFFFFF240049FFFFFFFF25
:10BBC000FFFFFFFFFFB66D2400000024B6FFFFFF5C
:10BBD000FFFFFFFFFFFFFFFFFFFFFFFFFFFFFFFF75
:10BBE000FFFFFF4900000092FFFFFFFFFFFFFFFF85
:10BBF000FFFFFFFFFFFFFFFF92000092FFFFFFFF2D
:10BC0000FFDBB66D2400000000246DFFFFFFFFFF87
:10BC1000FFFFFFFFFFFFFFFFFFFFFFFFFFFFFFFF34
:10BC2000FFFFFF9200000000244949494949494962
:10BC30004949494949494924000000494949494974
:10BC40002424000000000049B6FFFFFFFFFFFFFFB4
:10BC5000FFFFFFFFFFFFFFFFFFFFFFFFFFFFFFFFF4
:10BC6000FFFFFFFF240000000000000000000000B4
:10BC700000000000000000000000000000000000C4
:10BC800000000024496DDBFFFFFFFFFFFFFFFFFF08
:10BC9000FFFFFFFFFFFFFFFFFFFFFFFFFFFFFFFFB4
:10BCA000FFFFFFFFB62400000000000000000000BE
:10BCB00000000000000000000000000000242449F3
:10BCC0006D92DBDBFFFFFFFFFFFFFFFFFFFFFFFFCB
:10BCD000FFFFFFFFFFFFFFFFFFFFFFFFFFFFFFFF74
:10BCE000FFFFFFFFFFFFFFFFFFFFFFFFFFFFFFFF64
:10BCF000FFDB6D24000000000000000000000000D9
:10BD000000000000246DDBFFFFFFFFFFFFFFFFFFD0
:10BD1000FFFFFFFFFFFFFFFFFFFFFFFFFFFFFFFF33
:10BD2000FFFFFFFFFFFFFFFFFFFFFFFFFFFFFFFF23
:10BD30006D00000000000000000000000000000096
:10BD4000000000000000246DFFFFFFFFFFFFFFFF6A
:10BD5000FFFFFFFFFFFFFFFFFFFFFFFFFFFFFFFFF3
:10BD6000FFFFFFFFFFFFFFFFFFFFFFFFFFFFFF6D75
:10BD700000002449494949494949494949494949EA
:10BD800049494949492400006DFFFFFFFFFFFFFFBC
:10BD9000FFFFFFFFFFFFFFFFFFFFFFFFFFFFFFFFB3
:10BDA000FFFFFFFFFFFFFFFFFFFFFFFFFFFFB624C7
:10BDB0000000B6FFFFFFFFFFFFFFFFFFFFFFFFFFDA
:10BDC000FFFFFFFFFFB6000024B6FFFFFFFFFFFFEE
:10BDD000FFFFFFFFFFFFFFFFFFFFFFFFFFFFFFFF73
:10BDE000FFFFFFFFFFFFFFFFFFFFFFFFFFFF490018
:10BDF0000092FFFFFFFFFFFFFFFFFFFFFFFFFFFFBF
:10BE0000FFFFFFFFFFFF9200006DFFFFFFFFFFFF3F
:10BE1000FFFFFFFFFFFFFFFFFFFFFFFFFFFFFFFF32
:10BE2000FFFFFFFFFFFFFFFFFFFFFFFFFFFF4900D7
:10BE300000B6FFFFFFFFFFFFFFFFFFFFFFFFFFFF5A
:10BE4000FFFFFFFFFFFFB6000049FFFFFFFFFFFFFF
:10BE5000FFFFFFFFFFFFFFFFFFFFFFFFFFFFFFFFF2
:10BE6000FFFFFFFFFFFFFFFFFFFFFFFFFFFF490097
:10BE700000B6FFFFFFFFFFFFFFFFFFFFFFFFFFFF1A
:10BE8000FFFFFFFFFFFFB6000049FFFFFFFFFFFFBF
:10BE9000FFFFFFFFFFFFFFFFFFFFFFFFFFFFFFFFB2
:10BEA000FFFFFFFFFFFFFFFFFFFFFFFFFFFF490057
:10BEB00000B6FFFFFFFFFFFFFFFFFFFFFFFFFFFFDA
:10BEC000FFFFFFFFFFFFB6000049FFFFFFFFFFFF7F
:10BED000FFFFFFFFFFFFFFFFFFFFFFFFFFFFFFFF72
:10BEE000FFFFFFFFFFFFFFFFFFFFFFFFFFFF490017
:10BEF00000B6FFFFFFFFFFFFFFFFFFFFFFFFFFFF9A
:10BF0000FFFFFFFFFFFFB6000049FFFFFFFFFFFF3E
:10BF1000FFFFFFFFFFFFFFFFFFFFFFFFFFFFFFFF31
:10BF2000FFFFFFFFFFFFFFFFFFFFFFFFFFFF4900D6
:10BF300000B6FFFFFFFFFFFFFFFFFFFFFFFFFFFF59
:10BF4000FFFFFFFFFFFFB6000049FFFFFFFFFFFFFE
:10BF5000FFFFFFFFFFFFFFFFFFFFFFFFFFFFFFFFF1
:10BF6000FFFFFFFFFFFFFFFFFFFFFFFFFFFF490096
:10BF700000B6FFFFFFFFFFFFFFFFFFFFFFFFFFFF19
:10BF8000FFFFFFFFFFFFB6000049FFFFFFFFFFFFBE
:10BF9000FFFFFFFFFFFFFFFFFFFFFFFFFFFFFFFFB1
:10BFA000FFFFFFFFFFFFFFFFFFFFFFFFFFFF490056
:10BFB00000B6FFFFFFFFFFFFFFFFFFFFFFFFFFFFD9
:10BFC000FFFFFFFFFFFFB6000049FFFFFFFFFFFF7E
:10BFD000FFFFFFFFFFFFFFFFFFFFFFFFFFFFFFFF71
:10BFE000FFFFFFFFFFFFFFFFFFFFFFFFFFFF490016
:10BFF00000B6FFFFFFFFFFFFFFFFFFFFFFFFFFFF99
:10C00000FFFFFFFFFFFFB6000049FFFFFFFFFFFF3D
:10C01000FFFFFFFFFFFFFFFFFFFFFFFFFFFFFFFF30
:10C02000FFFFFFFFFFFFFFFFFFFFFFFFFFFF4900D5
:10C0300000B6FFFFFFFFFFFFFFFFFFFFFFFFFFFF58
:10C04000FFFFFFFFFFFFB6000049FFFFFFFFFFFFFD
:10C05000FFFFFFFFFFFFFFFFFFFFFFFFFFFFFFFFF0
:10C06000FFFFFFFFFFFFFFFFFFFFFFFFFFFF490095
:10C0700000B6FFFFFFFFFFFFFFFFFFFFFFFFFFFF18
:10C08000FFFFFFFFFFFFB6000049FFFFFFFFFFFFBD
:10C09000FFFFFFFFFFFFFFFFFFFFFFFFFFFFFFFFB0
:10C0A000FFFFFFFFFFFFFFFFFFFFFFFFFFFF490055
:10C0B00000B6FFFFFFFFFFFFFFFFFFFFFFFFFFFFD8
:10C0C000FFFFFFFFFFFFB6000049FFFFFFFFFFFF7D
:10C0D000FFFFFFFFFFFFFFFFFFFFFFFFFFFFFFFF70
:10C0E000FFFFFFFFFFFFFFFFFFFFFFFFFF6D0000F0
:10C0F00024DBFFFFFFFFFFFFFFFFFFFFFFFFFFFF4F
:10C10000FFFFFFFFFFFFDB0000006DFFFFFFFFFFF2
:10C11000FFFFFFFFFFFFFFFFFFFFFFFFFFFFFFFF2F
:10C12000FFFFFFFFFFFFFFFFFFFFFFFF6D0000248A
:10C1300092FFFFFFFFFFFFFFFFFFFFFFFFFFFFFF7C
:10C14000FFFFFFFFFFFFFF6D00000092FFFFFFFFFB
:10C15000FFFFFFFFFFFFFFFFFFFFFFFFFFFFFFFFEF
:10C16000FFFFFFFFFFFFFFFFFFFFFF9200000092B6
:10C17000FFFFFFFFFFFFFFFFFFFFFFFFFFFFFFFFCF
:10C18000FFFFFFFFFFFFFFFF6D000000B6FFFFFF97
:10C19000FFFFFFFFFFFFFFFFFFFFFFFFFFFFFFFFAF
:10C1A000FFFFFFFFFFFFFFFFFFFFB600000092FF52
:10C1B000FFFFFFFFFFFFFFFFFFFFFFFFFFFFFFFF8F
:10C1C000FFFFFFFFFFFFFFFFFF6D000024B6FFFF33
:10C1D000FFFFFFFFFFFFFFFFFFFFFFFFFFFFFFFF6F
:10C1E000FFFFFFFFFFFFFFFFFFB624000092FFFFEE
:10C1F000FFFFFFFFFFFFFFFFFFFFFFFFFFFFFFFF4F
:10C20000FFFFFFFFFFFFFFFFFFFF6D000024B6FFF2
:10C21000FFFFFFFFFFFFFFFFFFFFFFFFFFFFFFFF2E
:10C22000FFFFFFFFFFFFFFFFB624000049FFFFFFF6
:10C23000FFFFFFFFFFFFFFFFFFFFFFFFFFFFFFFF0E
:10C24000FFFFFFFFFFFFFFFFFFFFFF49000024DBB1
:10C25000FFFFFFFFFFFFFFFFFFFFFFFFFFFFFFFFEE
:10C26000FFFFFFFFFFFFFFDB24000049FFFFFFFF91
:10C27000FFFFFFFFFFFFFFFFFFFFFFFFFFFFFFFFCE
:10C28000FFFFFFFFFFFFFFFFFFFFFFFF2400002472
:10C29000DBFFFFFFFFFFFFFFFFFFFFFFFFFFFFFFD2
:10C2A000FFFFFFFFFFFFDB24000049FFFFFFFFFF51
:10C2B000FFFFFFFFFFFFFFFFFFFFFFFFFFFFFFFF8E
:10C2C000FFFFFFFFFFFFFFFFFFFFFFFFDB49000056
:10C2D00024DBFFFFFFFFFFFFFFFFFFFFFFFFFFFF6D
:10C2E000FFFFFFFFFFDB49000049DBFFFFFFFFFF10
:10C2F000FFFFFFFFFFFFFFFFFFFFFFFFFFFFFFFF4E
:10C30000FFFFFFFFFFFFFFFFFFFFFFFFFFB6240060
:10C310000049FFFFFFFFFFFFFFFFFFFFFFFFFFFFE2
:10C32000FFFFFFFFFF49000024DBFFFFFFFFFFFFD0
:10C33000FFFFFFFFFFFFFFFFFFFFFFFFFFFFFFFF0D
:10C34000FFFFFFFFFFFFFFFFFFFFFFFFFFFFDB24FC
:10C35000000049FFFFFFFFFFFFFFFFFFFFFFFFFFA1
:10C36000FFFFFFFF6D000024DBFFFFFFFFFFFFFF6C
:10C37000FFFFFFFFFFFFFFFFFFFFFFFFFFFFFFFFCD
:10C38000FFFFFFFFFFFFFFFFFFFFFFFFFFFFFFB606
:10C390002400006DFFFFFFFFFFFFFFFFFFFFFFFF18
:10C3A000FFFFFF6D000024B6FFFFFFFFFFFFFFFF51
:10C3B000FFFFFFFFFFFFFFFFFFFFFFFFFFFFFFFF8D
:10C3C000FFFFFFFFFFFFFFFFFFFFFFFFFFFFFFFF7D
:10C3D000B60000006DFFFFFFFFFFFFFFFFFFFFFF45
:10C3E000FFFF6D00000092FFFFFFFFFFFFFFFFFF59
:10C3F000FFFFFFFFFFFFFFFFFFFFFFFFFFFFFFFF4D
:10C40000FFFFFFFFFFFFFFFFFFFFFFFFFFFFFFFF3C
:10C41000FF9200000092FFFFFFFFFFFFFFFFFFFF03
:10C42000FF6D000000B6FFFFFFFFFFFFFFFFFFFFF4
:10C43000FFFFFFFFFFFFFFFFFFFFFFFFFFFFFFFF0C
:10C44000FFFFFFFFFFFFFFFFFFFFFFFFFFFFFFFFFC
:10C45000FFFF9200000092FFFFFFFFFFFFFFFFFFC3
:10C460009200000092FFFFFFFFFFFFFFFFFFFFFFB3
:10C47000FFFFFFFFFFFFFFFFFFFFFFFFFFFFFFFFCC
:10C48000FFFFFFFFFFFFFFFFFFFFFFFFFFFFFFFFBC
:10C49000FFFFFF6D000000B6FFFFFFFFFFFFFFB6CD
:10C4A0000000006DFFFFFFFFFFFFFFFFFFFFFFFF2B
:10C4B000FFFFFFFFFFFFFFFFFFFFFFFFFFFFFFFF8C
:10C4C000FFFFFFFFFFFFFFFFFFFFFFFFFFFFFFFF7C
:10C4D000FFFFFFFF6D000024B6FFFFFFFFFFB62444
:10C4E00000006DFFFFFFFFFFFFFFFFFFFFFFFFFFEC
:10C4F000FFFFFFFFFFFFFFFFFFFFFFFFFFFFFFFF4C
:10C50000FFFFFFFFFFFFFFFFFFFFFFFFFFFFFFFF3B
:10C51000FFFFFFFFFF49000024DBFFFFFFB6240001
:10C52000006DFFFFFFFFFFFFFFFFFFFFFFFFFFFFAC
:10C53000FFFFFFFFFFFFFFFFFFFFFFFFFFFFFFFF0B
:10C54000FFFFFFFFFFFFFFFFFFFFFFFFFFFFFFFFFB
:10C55000FFFFFFFFFFFF49000024B6FFDB240000C0
:10C5600024B6DBDBDBDBDBDBDBDBDBDBDBDBDBDBF7
:10C57000DBDBDBDBDBDBDBDBDBDBDBDBDBDBDBDB0B
:10C58000DBDBDBDBDBDBDBDBDBDBDBDBDBDBDBDBFB
:10C59000DBDBDBDBDBDBB624000049DB4900000032
:10C5A000000000000000000000000000000000008B
:10C5B000000000000000000000000000000000007B
:10C5C000000000000000000000000000000000006B
:10C5D00000000000000000000000006D49000000A5
:10C5E000000000000000000000000000000000004B
:10C5F000000000000000000000000000000000003B
:10C60000000000000000000000000000000000002A
:10C6100000000000000000000000006DFFDBDBDB1D
:10C62000DBDBDBDBDBDBDBDBDBDBDBDBDBDBDBDB5A
:10C63000DBDBDBDBDBDBDBDBDBDBDBDBDBDBDBDB4A
:10C64000DBDBDBDBDBDBDBDBDBDBDBDBDBDBDBDB3A
:10C65000DBDBDBDBDBDBDBDBDBDBDBFFFFFFFFFF76
:10C66000FFFFFFFFFFFFFFFFFFFFFFFFFFFFFFFFDA
:10C67000FFFFFFFFFFFFFFFFFFFFFFFFFFFFFFFFCA
:10C68000FFFFFFFFFFFFFFFFFFFFFFFFFFFFFFFFBA
:10C69000FFFFFFFFFFFFFFFFFFFFFFFFFFFFFFFFAA
:10C6A000FFFFFFFFFFFFFFFFFFFFFFFFFFFFFFFF9A
:10C6B000FFFFFFFFFFFFFFFFFFFFFFFFFFFFFFFF8A
:10C6C000FFFFFFFFFFFFFFFFFFFFFFFFFFFFFFFF7A
:10C6D000FFFFFFFFFFFFFFFFFFFFFFFFFFFFFFFF6A
:10C6E000FFFFFFFFFFFFFFFFFFFFFFFFFFFFFFFF5A
:10C6F000FFFFFFFFFFFFFFFFFFFFFFFFFFFFFFFF4A
:10C70000FFFFFFFFFFFFFFFFFFFFFFFFFFFFFFFF39
:10C71000FFFFFFFFFFFFFFFFFFFFFFFFFFFFFFFF29
:10C72000FFFFFFFFFFFFFFFFFFFFFFFFFFFFFFFF19
:10C73000FFFFFFFFFFFFFFFFFFFFFFFFFFFFFFFF09
:10C74000FFFFFFFFFFFFFFFFFFFFFFFFFFFFFFFFF9
:10C75000FFFFFFFFFFFFFFFFFFFFFFFFFFFFFFFFE9
:10C76000FFFFFFFFFFFFFFFFFFFFFFFFFFFFFFFFD9
:10C77000FFFFDBDBFFFFFFFFFFFFFFFFFFFFFFFF11
:10C78000FFFFFFFFDBDBFFFFFFFFFFFFFFFFFFFF01
:10C79000FFFFFFFFFFFFFFFFFFFFFFFFFFFFFFFFA9
:10C7A000FFFFFFFFFFFFFFFFFFFFFFFFFFFFFFFF99
:10C7B000FF6D0024B6FFFFFFFFFFFFFFFFFFFFFF3E
:10C7C000FFFFFFB6240092FFFFFFFFFFFFFFFFFF09
:10C7D000FFFFFFFFFFFFFFFFFFFFFFFFFFFFFFFF69
:10C7E000FFFFFFFFFFFFFFFFFFFFFFFFFFFFFFFF59
:10C7F000FF49000092FFFFFFFFFFFFFFFFFFFFFF6A
:10C80000FFFFFF92000049FFFFFFFFFFFFFFFFFF59
:10C81000FFFFFFFFFFFFFFFFFFFFFFFFFFFFFFFF28
:10C82000FFFFFFFFFFFFFFFFFFFFFFFFFFFFFFFF18
:10C83000FF49000092FFFFFFFFFFFFFFFFFFFFFF29
:10C84000FFFFFF6D00006DFFFFFFFFFFFFFFFFFF1A
:10C85000FFFFFFFFFFFFFFFFFFFFFFFFFFFFFFFFE8
:10C86000FFFFFFFFFFFFFFFFFFFFFFFFFFFFFFFFD8
:10C87000FFB6000049DBFFFFFFFFFFFFFFFFFFFFE9
:10C88000FFFFDB240000DBFFFFFFFFFFFFFFFFFFD9
:10C89000FFFFFFFFFFFFFFFFFFFFFFFFFFFFFFFFA8
:10C8A000FFFFFFFFFFFFFFFFFFFFFFFFFFFFFFFF98
:10C8B000FFFF24000092FFFFFFFFFFFFFFFFFFFFCE
:10C8C000FFFF6D000024FFFFFFFFFFFFFFFFFFFFE3
:10C8D000FFFFFFFFFFFFFFFFFFFFFFFFFFFFFFFF68
:10C8E000FFFFFFDB4924B6FFFFFFFFFFFFFFFFFF56
:10C8F000FFFFB600000092FFFFFFFFFFFFFFFFFFFB
:10C90000FF92000024B6FFFFFFFFFFFFFFFFFFFFC6
:10C91000FFB62449DBFFFFFFFFFFFFFFFFFFFFFF25
:10C92000FFFFFF92000024FFFFFFFFFFFFFFFFFF5D
:10C93000FFFFFF6D0000006DFFFFFFFFFFFFFFDB4C
:10C94000490000006DFFFFFFFFFFFFFFFFFFFFFF3C
:10C95000FF240000B6FFFFFFFFFFFFFFFFFFFFFF09
:10C96000FFFFFFDB490000B6FFFFFFFFFFFFFFFFF8
:10C97000FFFFFFFF6D000000246DB6DBDBB6490052
:10C9800000000092FFFFFFFFFFFFFFFFFFFFFFFF21
:10C9900092000049DBFFFFFFFFFFFFFFFFFFFFFFEC
:10C9A000FFFFFFFF92000049DBFFFFFFFFFFFFFFDC
:10C9B000FFFFFFFFFFB624000000000000000000A2
:10C9C0000024B6FFFFFFFFFFFFFFFFFFFFFFFFDBBE
:10C9D00024000092FFFFFFFFFFFFFFFFFFFFFFFFAD
:10C9E000FFFFFFFFFF24000092FFFFFFFFFFFFFF9D
:10C9F000FFFFFFFFFFFFFF6D4924240000242449AF
:10CA000092FFFFFFFFFFFFFFFFFFFFFFFFFFFF6D35
:10CA1000000049FFFFFFFFFFFFFFFFFFFFFFFFFFDA
:10CA2000FFFFFFFFFFB600002492FFFFFFFFFFFFA5
:10CA3000FFFFFFFFFFFFFFFFFFDBDBDBDBDBDBFFDE
:10CA4000FFFFFFFFFFFFFFFFFFFFFFFFFFFF920062
:10CA50000000DBFFFFFFFFFFFFFFFFFFFFFFFFFF08
:10CA6000FFFFFFFFFFFF92000024B6FFFFFFFFFF65
:10CA7000FFFFFFFFFFFFFFFFFFFFFFFFFFFFFFFFC6
:10CA8000FFFFFFFFFFFFFFFFFFFFFFFFFF922400FD
:10CA90000092FFFFFFFFFFFFFFFFFFFFFFFFFFFF12
:10CAA000FFFFFFFFFFFFFF49000024B6FFFFFFFF6E
:10CAB000FFFFFFFFFFFFFFFFFFFFFFFFFFFFFFFF86
:10CAC000FFFFFFFFFFFFFFFFFFFFFFFF92240000BC
:10CAD00049FFFFFFFFFFFFFFFFFFFFFFFFFFFFFF1C
:10CAE000FFFFFFFFFFFFFFFF4900000092FFFFFF76
:10CAF000FFFFFFFFFFFFFFFFFFFFFFFFFFFFFFFF46
:10CB0000FFFFFFFFFFFFFFFFFFFFFF6D0000006D56
:10CB1000FFFFFFFFFFFFFFFFFFFFFFFFFFFFFFFF25
:10CB2000FFFFFFFFFFFFFFFFFF6D00000049DBFF7E
:10CB3000FFFFFFFFFFFFFFFFFFFFFFFFFFFFFFFF05
:10CB4000FFFFFFFFFFFFFFFFFFB64900000092FF5E
:10CB5000FFFFFFFFFFFFFFFFFFFFFFFFFFFFFFFFE5
:10CB6000FFFFFFFFFFFFFFFFFFFF92240000006DAC
:10CB7000DBFFFFFFFFFFFFFFFFFFFFFFFFFFFFFFE9
:10CB8000FFFFFFFFFFFFFFDB6D0000002492FFFFB0
:10CB9000FFFFFFFFFFFFFFFFFFFFFFFFFFFFFFFFA5
:10CBA000FFFFFFFFFFFFFFFFFFFFFFDB490000006C
:10CBB0002449B6FFFFFFFFFFFFFFFFFFFFFFFFFF5F
:10CBC000FFFFFFFFFFB6492400000049DBFFFFFF26
:10CBD000FFFFFFFFFFFFFFFFFFFFFFFFFFFFFFFF65
:10CBE000FFFFFFFFFFFFFFFFFFFFFFFFFF9224009C
:10CBF000000000246DB6DBFFFFFFFFFFFFFFFFFF1C
:10CC0000FFDBB66D24000000002492FFFFFFFFFF52
:10CC1000FFFFFFFFFFFFFFFFFFFFFFFFFFFFFFFF24
:10CC2000FFFFFFFFFFFFFFFFFFFFFFFFFFFFFFB65D
:10CC3000490000000000242449494949494949491B
:10CC40002424000000000049B6FFFFFFFFFFFFFFA4
:10CC5000FFFFFFFFFFFFFFFFFFFFFFFFFFFFFFFFE4
:10CC6000FFFFFFFFFFFFFFFFFFFFFFFFFFFFFFFFD4
:10CC7000FFDB6D4924000000000000000000000000
:10CC800000000024496DDBFFFFFFFFFFFFFFFFFFF8
:10CC9000FFFFFFFFFFFFFFFFFFFFFFFFFFFFFFFFA4
:10CCA000FFFFFFFFFFFFFFFFFFFFFFFFFFFFFFFF94
:10CCB000FFFFFFFFDBDB926D4924240000242449A1
:10CCC0006D92DBDBFFFFFFFFFFFFFFFFFFFFFFFFBB
:10CCD000FFFFFFFFFFFFFFFFFFFFFFFFFFFFFFFF64
:10CCE000FFFFFFFFFFFFFFFFFFFFFFFFFFFFFFFF54
:10CCF000FFDB6D24240000000000000000000000A5
:10CD0000000000244992DBFFFFFFFFFFFFFFFFFF52
:10CD1000FFFFFFFFFFFFFFFFFFFFFFFFFFFFFFFF23
:10CD2000FFFFFFFFFFFFFFFFFFFFFFFFFFFFFFDB37
:10CD30004924000000000000000000000000000086
:10CD4000000000000000246DDBFFFFFFFFFFFFFF7E
:10CD5000FFFFFFFFFFFFFFFFFFFFFFFFFFFFFFFFE3
:10CD6000FFFFFFFFFFFFFFFFFFFFFFFFFFFFFF4989
:10CD700000002424494949494949494949494949FF
:10CD8000494949492424000049FFFFFFFFFFFFFFF5
:10CD9000FFFFFFFFFFFFFFFFFFFFFFFFFFFFFFFFA3
:10CDA000FFFFFFFFFFFFFFFFFFFFFFFFFFFF9224DB
:10CDB000002492FFFFFFFFFFFFFFFFFFFFFFFFFFCA
:10CDC000FFFFFFFFFF92240024B6FFFFFFFFFFFFDE
:10CDD000FFFFFFFFFFFFFFFFFFFFFFFFFFFFFFFF63
:10CDE000FFFFFFFFFFFFFFFFFFFFFFFFFFFF6D00E4
:10CDF000006DFFFFFFFFFFFFFFFFFFFFFFFFFFFFD4
:10CE0000FFFFFFFFFFFF6D00246DFFFFFFFFFFFF30
:10CE1000FFFFFFFFFFFFFFFFFFFFFFFFFFFFFFFF22
:10CE2000FFFFFFFFFFFFFFFFFFFFFFFFFFFF4900C7
:10CE30002492FFFFFFFFFFFFFFFFFFFFFFFFFFFF4A
:10CE4000FFFFFFFFFFFF92000049FFFFFFFFFFFF13
:10CE5000FFFFFFFFFFFFFFFFFFFFFFFFFFFFFFFFE2
:10CE6000FFFFFFFFFFFFFFFFFFFFFFFFFFFF490087
:10CE70002492FFFFFFFFFFFFFFFFFFFFFFFFFFFF0A
:10CE8000FFFFFFFFFFFF92000049FFFFFFFFFFFFD3
:10CE9000FFFFFFFFFFFFFFFFFFFFFFFFFFFFFFFFA2
:10CEA000FFFFFFFFFFFFFFFFFFFFFFFFFFFF490047
:10CEB0002492FFFFFFFFFFFFFFFFFFFFFFFFFFFFCA
:10CEC000FFFFFFFFFFFF92000049FFFFFFFFFFFF93
:10CED000FFFFFFFFFFFFFFFFFFFFFFFFFFFFFFFF62
:10CEE000FFFFFFFFFFFFFFFFFFFFFFFFFFFF490007
:10CEF0002492FFFFFFFFFFFFFFFFFFFFFFFFFFFF8A
:10CF0000FFFFFFFFFFFF92000049FFFFFFFFFFFF52
:10CF1000FFFFFFFFFFFFFFFFFFFFFFFFFFFFFFFF21
:10CF2000FFFFFFFFFFFFFFFFFFFFFFFFFFFF4900C6
:10CF30002492FFFFFFFFFFFFFFFFFFFFFFFFFFFF49
:10CF4000FFFFFFFFFFFF92000049FFFFFFFFFFFF12
:10CF5000FFFFFFFFFFFFFFFFFFFFFFFFFFFFFFFFE1
:10CF6000FFFFFFFFFFFFFFFFFFFFFFFFFFFF490086
:10CF70002492FFFFFFFFFFFFFFFFFFFFFFFFFFFF09
:10CF8000FFFFFFFFFFFF92000049FFFFFFFFFFFFD2
:10CF9000FFFFFFFFFFFFFFFFFFFFFFFFFFFFFFFFA1
:10CFA000FFFFFFFFFFFFFFFFFFFFFFFFFFFF490046
:10CFB0002492FFFFFFFFFFFFFFFFFFFFFFFFFFFFC9
:10CFC000FFFFFFFFFFFF92000049FFFFFFFFFFFF92
:10CFD000FFFFFFFFFFFFFFFFFFFFFFFFFFFFFFFF61
:10CFE000FFFFFFFFFFFFFFFFFFFFFFFFFFFF490006
:10CFF0002492FFFFFFFFFFFFFFFFFFFFFFFFFFFF89
:10D00000FFFFFFFFFFFF92000049FFFFFFFFFFFF51
:10D01000FFFFFFFFFFFFFFFFFFFFFFFFFFFFFFFF20
:10D02000FFFFFFFFFFFFFFFFFFFFFFFFFFFF4900C5
:10D030002492FFFFFFFFFFFFFFFFFFFFFFFFFFFF48
:10D04000FFFFFFFFFFFF92000049FFFFFFFFFFFF11
:10D05000FFFFFFFFFFFFFFFFFFFFFFFFFFFFFFFFE0
:10D06000FFFFFFFFFFFFFFFFFFFFFFFFFFFF490085
:10D070002492FFFFFFFFFFFFFFFFFFFFFFFFFFFF08
:10D08000FFFFFFFFFFFF92000049FFFFFFFFFFFFD1
:10D09000FFFFFFFFFFFFFFFFFFFFFFFFFFFFFFFFA0
:10D0A000FFFFFFFFFFFFFFFFFFFFFFFFFFFF490045
:10D0B0002492FFFFFFFFFFFFFFFFFFFFFFFFFFFFC8
:10D0C000FFFFFFFFFFFF92000049FFFFFFFFFFFF91
:10D0D000FFFFFFFFFFFFFFFFFFFFFFFFFFFFFFFF60
:10D0E000FFFFFFFFFFFFFFFFFFFFFFFFFF92240097
:10D0F00024B6FFFFFFFFFFFFFFFFFFFFFFFFFFFF64
:10D10000FFFFFFFFFFFF92240024B6FFFFFFFFFF9A
:10D11000FFFFFFFFFFFFFFFFFFFFFFFFFFFFFFFF1F
:10D12000FFFFFFFFFFFFFFFFFFFFFFFFB62400240D
:10D1300092DBFFFFFFFFFFFFFFFFFFFFFFFFFFFF90
:10D14000FFFFFFFFFFFFDB92240049DBFFFFFFFF34
:10D15000FFFFFFFFFFFFFFFFFFFFFFFFFFFFFFFFDF
:10D16000FFFFFFFFFFFFFFFFFFFFFFDB49002492F0
:10D17000FFFFFFFFFFFFFFFFFFFFFFFFFFFFFFFFBF
:10D18000FFFFFFFFFFFFFFFF92240049DBFFFFFFD0
:10D19000FFFFFFFFFFFFFFFFFFFFFFFFFFFFFFFF9F
:10D1A000FFFFFFFFFFFFFFFFFFFFB66D00006DFFFA
:10D1B000FFFFFFFFFFFFFFFFFFFFFFFFFFFFFFFF7F
:10D1C000FFFFFFFFFFFFFFFFFF6D00246DDBFFFF91
:10D1D000FFFFFFFFFFFFFFFFFFFFFFFFFFFFFFFF5F
:10D1E000FFFFFFFFFFFFFFFFFFB624240049DBFF27
:10D1F000FFFFFFFFFFFFFFFFFFFFFFFFFFFFFFFF3F
:10D20000FFFFFFFFFFFFFFFFFFDB49002449DBFFBC
:10D21000FFFFFFFFFFFFFFFFFFFFFFFFFFFFFFFF1E
:10D22000FFFFFFFFFFFFFFFFDB49000024DBFFFFE5
:10D23000FFFFFFFFFFFFFFFFFFFFFFFFFFFFFFFFFE
:10D24000FFFFFFFFFFFFFFFFFFFFB624000049DBEA
:10D25000FFFFFFFFFFFFFFFFFFFFFFFFFFFFFFFFDE
:10D26000FFFFFFFFFFFFFFFF6D000024B6FFFFFF82
:10D27000FFFFFFFFFFFFFFFFFFFFFFFFFFFFFFFFBE
:10D28000FFFFFFFFFFFFFFFFFFFFFF922400006D86
:10D29000FFFFFFFFFFFFFFFFFFFFFFFFFFFFFFFF9E
:10D2A000FFFFFFFFFFFFFF6D24002492FFFFFFFF42
:10D2B000FFFFFFFFFFFFFFFFFFFFFFFFFFFFFFFF7E
:10D2C000FFFFFFFFFFFFFFFFFFFFFFFF9224002490
:10D2D00092FFFFFFFFFFFFFFFFFFFFFFFFFFFFFFCB
:10D2E000FFFFFFFFFFFFB6240049B6FFFFFFFFFF70
:10D2F000FFFFFFFFFFFFFFFFFFFFFFFFFFFFFFFF3E
:10D30000FFFFFFFFFFFFFFFFFFFFFFFFFFB6240050
:10D3100024B6FFFFFFFFFFFFFFFFFFFFFFFFFFFF41
:10D32000FFFFFFFFFFB6240024B6FFFFFFFFFFFF54
:10D33000FFFFFFFFFFFFFFFFFFFFFFFFFFFFFFFFFD
:10D34000FFFFFFFFFFFFFFFFFFFFFFFFFFFFB62411
:10D350000024DBFFFFFFFFFFFFFFFFFFFFFFFFFFDB
:10D36000FFFFFFFF9249002492FFFFFFFFFFFFFF37
:10D37000FFFFFFFFFFFFFFFFFFFFFFFFFFFFFFFFBD
:10D38000FFFFFFFFFFFFFFFFFFFFFFFFFFFFFF921A
:10D39000240049B6FFFFFFFFFFFFFFFFFFFFFFFF76
:10D3A000FFFFFF922400006DFFFFFFFFFFFFFFFF65
:10D3B000FFFFFFFFFFFFFFFFFFFFFFFFFFFFFFFF7D
:10D3C000FFFFFFFFFFFFFFFFFFFFFFFFFFFFFFFF6D
:10D3D0006D002424B6FFFFFFFFFFFFFFFFFFFFFFED
:10D3E000FFFFB624000049FFFFFFFFFFFFFFFFFF25
:10D3F000FFFFFFFFFFFFFFFFFFFFFFFFFFFFFFFF3D
:10D40000FFFFFFFFFFFFFFFFFFFFFFFFFFFFFFFF2C
:10D41000DB49000024DBFFFFFFFFFFFFFFFFFFFFF3
:10D42000FFDB24000024DBFFFFFFFFFFFFFFFFFF08
:10D43000FFFFFFFFFFFFFFFFFFFFFFFFFFFFFFFFFC
:10D44000FFFFFFFFFFFFFFFFFFFFFFFFFFFFFFFFEC
:10D45000FFDB24000049FFFFFFFFFFFFFFFFFFFF8F
:10D46000FF49000049B6FFFFFFFFFFFFFFFFFFFF7F
:10D47000FFFFFFFFFFFFFFFFFFFFFFFFFFFFFFFFBC
:10D48000FFFFFFFFFFFFFFFFFFFFFFFFFFFFFFFFAC
:10D49000FFFFB64900006DFFFFFFFFFFFFFFFFFF2B
:10D4A0006D240049FFFFFFFFFFFFFFFFFFFFFFFFAE
:10D4B000FFFFFFFFFFFFFFFFFFFFFFFFFFFFFFFF7C
:10D4C000FFFFFFFFFFFFFFFFFFFFFFFFFFFFFFFF6C
:10D4D000FFFFFFFF49002492FFFFFFFFFFFFFF92C6
:10D4E000240024DBFFFFFFFFFFFFFFFFFFFFFFFF25
:10D4F000FFFFFFFFFFFFFFFFFFFFFFFFFFFFFFFF3C
:10D50000FFFFFFFFFFFFFFFFFFFFFFFFFFFFFFFF2B
:10D51000FFFFFFFFDB240024B6FFFFFFFFFF4924CE
:10D520000024B6FFFFFFFFFFFFFFFFFFFFFFFFFF2E
:10D53000FFFFFFFFFFFFFFFFFFFFFFFFFFFFFFFFFB
:10D54000FFFFFFFFFFFFFFFFFFFFFFFFFFFFFFFFEB
:10D55000FFFFFFFFFFB62400246DFFFFFF6D0000FB
:10D5600024B6FFFFFFFFFFFFFFFFFFFFFFFFFFFFEF
:10D57000FFFFFFFFFFFFFFFFFFFFFFFFFFFFFFFFBB
:10D58000FFFFFFFFFFFFFFFFFFFFFFFFFFFFFFFFAB
:10D59000FFFFFFFFFFFF922400006DFF92240000B9
:10D5A00024496D6D6D6D6D6D6D6D6D6D6D6D6D6D18
:10D5B0006D6D6D6D6D6D6D6D6D6D6D6D6D6D6D6D9B
:10D5C0006D6D6D6D6D6D6D6D6D6D6D6D6D6D6D6D8B
:10D5D0006D6D6D6D6D6D4924000024B62400000052
:10D5E000000000000000000000000000000000003B
:10D5F000000000000000000000000000000000002B
:10D60000000000000000000000000000000000001A
:10D610000000000000000000000000496D242424E8
:10D6200024242424242424242424242424242424BA
:10D6300024242424242424242424242424242424AA
:10D64000242424242424242424242424242424249A
:10D65000242424242424242424242492FFFFFFFFB0
:10D66000FFFFFFFFFFFFFFFFFFFFFFFFFFFFFFFFCA
:10D67000FFFFFFFFFFFFFFFFFFFFFFFFFFFFFFFFBA
:10D68000FFFFFFFFFFFFFFFFFFFFFFFFFFFFFFFFAA
:10D69000FFFFFFFFFFFFFFFFFFFFFFFFFFFFFFFF9A
:10D6A000FFFFFFFFFFFFFFFFFFFFFFFFFFFFFFFF8A
:10D6B000FFFFFFFFFFFFFFFFFFFFFFFFFFFFFFFF7A
:10D6C000FFFFFFFFFFFFFFFFFFFFFFFFFFFFFFFF6A
:10D6D000FFFFFFFFFFFFFFFFFFFFFFFFFFFFFFFF5A
:10D6E000FFFFFFFFFFFFFFFFFFFFFFFFFFFFFFFF4A
:10D6F000FFFFFFFFFFFFFFFFFFFFFFFFFFFFFFFF3A
:10D70000FFFFFFFFFFFFFFFFFFFFFFFFFFFFFFFF29
:10D71000FFFFFFFFFFFFFFFFFFFFFFFFFFFFFFFF19
:10D72000FFFFFFFFFFFFFFFFFFFFFFFFFFFFFFFF09
:10D73000FFFFFFFFFFFFFFFFFFFFFFFFFFFFFFFFF9
:10D74000FFFFFFFFFFFFFFFFFFFFFFFFFFFFFFFFE9
:10D75000FFFFFFFFFFFFFFFFFFFFFFFFFFFFFFFFD9
:10D76000FFFFFFFFFFFFFFFFFFFFFFFFFFFFFFFFC9
:10D77000FFFFFFFFFFFFFFFFFFFFFFFFFFFFFFFFB9
:10D78000FFFFFFFFFFFFFFFFFFFFFFFFFFFFFFFFA9
:10D79000FFFFFFFFFFFFFFFFFFFFFFFFFFFFFFFF99
:10D7A000FFFFFFFFFFFFFFFFFFFFFFFFFFFFFFFF89
:10D7B000FFFFFFFFFFFFFFFFFFFFFFFFFFFFFFFF79
:10D7C000FFFFFFFFFFFFFFFFFFFFFFFFFFFFFFFF69
:10D7D000FFFFFFFFFFFFFFFFFFFFFFFFFFFFFFFF59
:10D7E000FFFFFFFFFFFFFFFFFFFFFFFFFFFFFFFF49
:10D7F000FFFFDBFFFFFFFFFFFFFFFFFFFFFFFFFF5D
:10D80000FFFFFFFFFFFFFFFFFFFFFFFFFFFFFFFF28
:10D81000FFFFFFFFFFFFFFFFFFFFFFFFFFFFFFFF18
:10D82000FFFFFFFFFFFFFFFFFFFFFFFFFFFFFFFF08
:10D83000FFB64949B6FFFFFFFFFFFFFFFFFFFFFFF6
:10D84000FFFFFFB64949DBFFFFFFFFFFFFFFFFFFC1
:10D85000FFFFFFFFFFFFFFFFFFFFFFFFFFFFFFFFD8
:10D86000FFFFFFFFFFFFFFFFFFFFFFFFFFFFFFFFC8
:10D87000FFB6240049DBDBFFFFFFFFFFFFFFFFFFD9
:10D88000FFDBB6490024B6FFFFFFFFFFFFFFFFFFEE
:10D89000FFFFFFFFFFFFFFFFFFFFFFFFFFFFFFFF98
:10D8A000FFFFFFFFFFFFFFFFFFFFFFFFFFFFFFFF88
:10D8B000FFFF6D2400496DFFFFFFFFFFFFFFFFFF2C
:10D8C000DB6D4900246DFFFFFFFFFFFFFFFFFFFF40
:10D8D000FFFFFFFFFFFFFFFFFFFFFFFFFFFFFFFF58
:10D8E000FFFFFFFFFFFFFFFFFFFFFFFFFFFFFFFF48
:10D8F000FFFFFF6D2400246DFFFFFFFFFFFFFFDB35
:10D900006D2400246DFFFFFFFFFFFFFFFFFFFFFF00
:10D91000FFFFFFFFFFFFFFFFFFFFFFFFFFFFFFFF17
:10D92000FFFFFFFFFFFFFFFFFFFFFFFFFFFFFFFF07
:10D93000FFFFFFDB6D2400246DFFFFFFFFFFDB6DAA
:10D940002400246DFFFFFFFFFFFFFFFFFFFFFFFF2E
:10D95000FFFFFFFFFFFFFFFFFFFFFFFFFFFFFFFFD7
:10D96000FFFFFFFFFFFFFFFFFFFFFFFFFFFFFFFFC7
:10D97000FFFFFFFFDB6D4900246DFFFFFFDB6D2420
:10D9800000496DFFFFFFFFFFFFFFFFFFFFFFFFFFEE
:10D99000FFFFFFFFFFFFFFFFFFFFFFFFFFFFFFFF97
:10D9A000FFFFFFFFFFFFFFFFFFFFFFFFFFFFFFFF87
:10D9B000FFFFFFFFFFDBB64900246DDBDB6D2400BA
:10D9C00049DBFFFFFFFFFFFFFFFFFFFFFFFFFFFF41
:10D9D000FFFFFFFFFFFFFFFFFFFFFFFFFFFFFFFF57
:10D9E000FFFFFFFFFFFFFFFFFFFFFFFFFFFFFFFF47
:10D9F000FFFFFFFFFFFFFFB649002449492400490C
:10DA0000DBFFFFFFFFFFFFFFFFFFFFFFFFFFFFFF4A
:10DA1000FFFFFFFFFFFFFFFFFFFFFFFFFFFFFFFF16
:10DA2000FFFFFFFFFFFFFFFFFFFFFFFFFFFFFFFF06
:10DA3000FFFFFFFFFFFFFFFFB6490000000049DBCB
:10DA4000FFFFFFFFFFFFFFFFFFFFFFFFFFFFFFFFE6
:10DA5000FFFFFFFFFFFFFFFFFFFFFFFFFFFFFFFFD6
:10DA6000FFFFFFFFFFFFFFFFFFFFFFFFFFFFFFFFC6
:10DA7000FFFFFFFFFFFFFFFFFF6D0000000092FFB1
:10DA8000FFFFFFFFFFFFFFFFFFFFFFFFFFFFFFFFA6
:10DA9000FFFFFFFFFFFFFFFFFFFFFFFFFFFFFFFF96
:10DAA000FFFFFFFFFFFFFFFFFFFFFFFFFFFFFFFF86
:10DAB000FFFFFFFFFFFFFFFF92240000000024B6DE
:10DAC000FFFFFFFFFFFFFFFFFFFFFFFFFFFFFFFF66
:10DAD000FFFFFFFFFFFFFFFFFFFFFFFFFFFFFFFF56
:10DAE000FFFFFFFFFFFFFFFFFFFFFFFFFFFFFFFF46
:10DAF000FFFFFFFFFFFFFF922400246D6D24002431
:10DB0000B6FFFFFFFFFFFFFFFFFFFFFFFFFFFFFF6E
:10DB1000FFFFFFFFFFFFFFFFFFFFFFFFFFFFFFFF15
:10DB2000FFFFFFFFFFFFFFFFFFFFFFFFFFFFFFFF05
:10DB3000FFFFFFFFFFDB9224002492FFFF922400EF
:10DB400024B6DBFFFFFFFFFFFFFFFFFFFFFFFFFF2D
:10DB5000FFFFFFFFFFFFFFFFFFFFFFFFFFFFFFFFD5
:10DB6000FFFFFFFFFFFFFFFFFFFFFFFFFFFFFFFFC5
:10DB7000FFFFFFFFDB4924002492FFFFFFFF9224F9
:10DB8000002449DBFFFFFFFFFFFFFFFFFFFFFFFF59
:10DB9000FFFFFFFFFFFFFFFFFFFFFFFFFFFFFFFF95
:10DBA000FFFFFFFFFFFFFFFFFFFFFFFFFFFFFFFF85
:10DBB000FFFFFFDB4900002492FFFFFFFFFFFF9202
:10DBC00024000049DBFFFFFFFFFFFFFFFFFFFFFF18
:10DBD000FFFFFFFFFFFFFFFFFFFFFFFFFFFFFFFF55
:10DBE000FFFFFFFFFFFFFFFFFFFFFFFFFFFFFFFF45
:10DBF000FFFFDB4900242492FFFFFFFFFFFFFFFF31
:10DC00009224000049DBFFFFFFFFFFFFFFFFFFFF44
:10DC1000FFFFFFFFFFFFFFFFFFFFFFFFFFFFFFFF14
:10DC2000FFFFFFFFFFFFFFFFFFFFFFFFFFFFFFFF04
:10DC3000FFDB4900006D92FFFFFFFFFFFFFFFFFFCB
:10DC4000FF9249000049DBFFFFFFFFFFFFFFFFFFDF
:10DC5000FFFFFFFFFFFFFFFFFFFFFFFFFFFFFFFFD4
:10DC6000FFFFFFFFFFFFFFFFFFFFFFFFFFFFFFFFC4
:10DC7000FF9200006DFFFFFFFFFFFFFFFFFFFFFFB1
:10DC8000FFFFDB490024B6FFFFFFFFFFFFFFFFFFA1
:10DC9000FFFFFFFFFFFFFFFFFFFFFFFFFFFFFFFF94
:10DCA000FFFFFFFFFFFFFFFFFFFFFFFFFFFFFFFF84
:10DCB000FFDB6D6DFFFFFFFFFFFFFFFFFFFFFFFFBC
:10DCC000FFFFFFDB6D6DDBFFFFFFFFFFFFFFFFFFD0
:10DCD000FFFFFFFFFFFFFFFFFFFFFFFFFFFFFFFF54
:10DCE000FFFFFFFFFFFFFFFFFFFFFFFFFFFFFFFF44
:10DCF000FFFFFFFFFFFFFFFFFFFFFF4949FFFFFFA0
:10DD0000FFFFFFFFFFFFFFFFFFFFFFFFFFFFFFFF23
:10DD1000FFFFFFFFFFFFFFFFFFFFFFFFFFFFFFFF13
:10DD2000FFFFFFFFFFFFFFFFFFFFFFFFFFFFFFFF03
:10DD3000FFFFFFFFFFFFFFFFFFFFDB0000DBFFFF39
:10DD4000FFFFFFFFFFFFFFFFFFFFFFFFFFFFFFFFE3
:10DD5000FFFFFFFFFFFFFFFFFFFFFFFFFFFFFFFFD3
:10DD6000FFFFFFFFFFFFFFFFFFFFFFFFFFFFFFFFC3
:10DD7000FFFFFFFFFFFFFFFFFFFFDB0000DBFFFFF9
:10DD8000FFFFFFFFFFFFFFFFFFFFFFFFFFFFFFFFA3
:10DD9000FFFFFFFFFFFFFFFFFFFFFFFFFFFFFFFF93
:10DDA000FFFFFFFFFFFFFFFFFFFFFFFFFFFFFFFF83
:10DDB000FFFFFFFFFFFFFFFFFFFFDB0000DBFFFFB9
:10DDC000FFFFFFFFFFFFFFFFFFFFFFFFFFFFFFFF63
:10DDD000FFFFFFFFFFFFFFFFFFFFFFFFFFFFFFFF53
:10DDE000FFFFFFFFFFFFFFFFFFFFFFFFFFFFFFFF43
:10DDF000FFFFFFFFFFFFFFFFFFFFDB0000DBFFFF79
:10DE0000FFFFFFFFFFFFFFFFFFFFFFFFFFFFFFFF22
:10DE1000FFFFFFFFFFFFFFFFFFFFFFFFFFFFFFFF12
:10DE2000FFFFFFFFFFFFFFFFFFFFFFFFFFFFFFFF02
:10DE3000FFFFFFFFFFFFFFFFFFFFDB0000DBFFFF38
:10DE4000FFFFFFFFFFFFFFFFFFFFFFFFFFFFFFFFE2
:10DE5000FFFFFFFFFFFFFFFFFFFFFFFFFFFFFFFFD2
:10DE6000FFFFFFFFFFFFFFFFFFFFFFFFFFFFFFFFC2
:10DE7000FFFFFFFFFFFFFFFFFFFFDB0000DBFFFFF8
:10DE8000FFFFFFFFFFFFFFFFFFFFFFFFFFFFFFFFA2
:10DE9000FFFFFFFFFFFFFFFFFFFFFFFFFFFFFFFF92
:10DEA000FFFFFFFFFFFFFFFFFFFFFFFFFFFFFFFF82
:10DEB000FFFFFFFFFFFFFFFFFFFFDB0000DBFFFFB8
:10DEC000FFFFFFFFFFFFFFFFFFFFFFFFFFFFFFFF62
:10DED000FFFFFFFFFFFFFFFFFFFFFFFFFFFFFFFF52
:10DEE000FFFFFFFFFFFFFFFFFFFFFFFFFFFFFFFF42
:10DEF000FFFFFFFFFFFFFFFFFFFFDB0000DBFFFF78
:10DF0000FFFFFFFFFFFFFFFFFFFFFFFFFFFFFFFF21
:10DF1000FFFFFFFFFFFFFFFFFFFFFFFFFFFFFFFF11
:10DF2000FFFFFFFFFFFFFFFFFFFFFFFFFFFFFFFF01
:10DF3000FFFFFFFFFFFFFFFFFFFFDB0000DBFFFF37
:10DF4000FFFFFFFFFFFFFFFFFFFFFFFFFFFFFFFFE1
:10DF5000FFFFFFFFFFFFFFFFFFFFFFFFFFFFFFFFD1
:10DF6000FFFFFFFFFFFFFFFFFFFFFFFFFFFFFFFFC1
:10DF7000FFFFFFFFFFFFFFFFFFFFDB0000DBFFFFF7
:10DF8000FFFFFFFFFFFFFFFFFFFFFFFFFFFFFFFFA1
:10DF9000FFFFFFFFFFFFFFFFFFFFFFFFFFFFFFFF91
:10DFA000FFFFFFFFFFFFFFFFFFFFFFFFFFFFFFFF81
:10DFB000FFFFFFFFFFFFFFFFFFFFDB0000DBFFFFB7
:10DFC000FFFFFFFFFFFFFFFFFFFFFFFFFFFFFFFF61
:10DFD000FFFFFFFFFFFFFFFFFFFFFFFFFFFFFFFF51
:10DFE000FFFFFFFFFFFFFFFFFFFFFFFFFFFFFFFF41
:10DFF000FFFFFFFFFFFFFFFFFFFFDB0000DBFFFF77
:10E00000FFFFFFFFFFFFFFFFFFFFFFFFFFFFFFFF20
:10E01000FFFFFFFFFFFFFFFFFFFFFFFFFFFFFFFF10
:10E02000FFFFFFFFFFFFFFFFFFFFFFFFFFFFFFFF00
:10E03000FFFFFFFFFFFFFFFFFFFFDB0000DBFFFF36
:10E04000FFFFFFFFFFFFFFFFFFFFFFFFFFFFFFFFE0
:10E05000FFFFFFFFFFFFFFFFFFFFFFFFFFFFFFFFD0
:10E06000FFFFFFFFFFFFFFFFFFFFFFFFFFFFFFFFC0
:10E07000FFFFFFFFFFFFFFFFFFFFDB0000DBFFFFF6
:10E08000FFFFFFFFFFFFFFFFFFFFFFFFFFFFFFFFA0
:10E09000FFFFFFFFFFFFFFFFFFFFFFFFFFFFFFFF90
:10E0A000FFFFFFFFFFFFFFFFFFFFFFFFFFFFFFFF80
:10E0B000FFFFFFFFFFFFFFFFFFFFDB0000DBFFFFB6
:10E0C000FFFFFFFFFFFFFFFFFFFFFFFFFFFFFFFF60
:10E0D000FFFFFFFFFFFFFFFFFFFFFFFFFFFFFFFF50
:10E0E000FFFFFFFFFFFFFFFFFFFFFFFFFFFFFFFF40
:10E0F000FFFFFFFFFFFFFFFFFFFFDB0000DBFFFF76
:10E10000FFFFFFFFFFFFFFFFFFFFFFFFFFFFFFFF1F
:10E11000FFFFFFFFFFFFFFFFFFFFFFFFFFFFFFFF0F
:10E12000FFFFFFFFFFFFFFFFFFFFFFFFFFFFFFFFFF
:10E13000FFFFFFFFFFFFFFFFFFFFDB0000DBFFFF35
:10E14000FFFFFFFFFFFFFFFFFFFFFFFFFFFFFFFFDF
:10E15000FFFFFFFFFFFFFFFFFFFFFFFFFFFFFFFFCF
:10E16000FFFFFFFFFFFFFFFFFFFFFFFFFFFFFFFFBF
:10E17000FFFFFFFFFFFFFFFFFFFFDB0000DBFFFFF5
:10E18000FFFFFFFFFFFFFFFFFFFFFFFFFFFFFFFF9F
:10E19000FFFFFFFFFFFFFFFFFFFFFFFFFFFFFFFF8F
:10E1A000FFFFFFFFFFFFFFFFFFFFFFFFFFFFFFFF7F
:10E1B000FFFFFFFFFFFFFFFFFFFFDB0000DBFFFFB5
:10E1C000FFFFFFFFFFFFFFFFFFFFFFFFFFFFFFFF5F
:10E1D000FFFFFFFFFFFFFFFFFFFFFFFFFFFFFFFF4F
:10E1E000FFFFFFFFFFFFFFFFFFFFFFFFFFFFFFFF3F
:10E1F000FFFFFFFFFFFFFFFFFFFFDB0000DBFFFF75
:10E20000FFFFFFFFFFFFFFFFFFFFFFFFFFFFFFFF1E
:10E21000FFFFFFFFFFFFFFFFFFFFFFFFFFB64949C3
:10E22000494949494949494949494949494949495E
:10E23000496DDBFFFFFFFFFFFFFFDB0000DBFFFFA0
:10E24000FFFFFFFFFFDB6D494949494949494949FA
:10E2500049494949494949494949B6FF920000009D
:10E2600000000000000000000000000000000000AE
:10E2700000006DFFFFFFFFFFFFFFDB0000DBFFFF84
:10E28000FFFFFFFFFF6D0000000000000000000026
:10E2900000000000000000000000009224000000C8
:10E2A000000000000000000000000000000000006E
:10E2B0000024B6FFFFFFFFFFFFFFDB0000DBFFFFD7
:10E2C000FFFFFFFFFFB62400000000000000000079
:10E2D000000000000000000000000024000049FFD2
:10E2E000FFFFFFFFFFFFFFFFFFFFFFFFFFFFFFFF3E
:10E2F000FFFFFFFFFFFFFFFFFFFFDB0000DBFFFF74
:10E30000FFFFFFFFFFFFFFFFFFFFFFFFFFFFFFFF1D
:10E31000FFFFFFFFFFFFFFFFFF490000000049FF75
:10E32000FFFFFFFFFFFFFFFFFFFFFFFFFFFFFFFFFD
:10E33000FFFFFFFFFFFFFFFFFFFFDB0000DBFFFF33
:10E34000FFFFFFFFFFFFFFFFFFFFFFFFFFFFFFFFDD
:10E35000FFFFFFFFFFFFFFFFFF490000000049FF35
:10E36000FFFFFFFFFFFFFFFFFFFFFFFFFFFFFFFFBD
:10E37000FFFFFFFFFFFFFFFFFFFFDB0000DBFFFFF3
:10E38000FFFFFFFFFFFFFFFFFFFFFFFFFFFFFFFF9D
:10E39000FFFFFFFFFFFFFFFFFF490000000049FFF5
:10E3A000FFFFFFFFFFFFFFFFFFFFFFFFFFFFFFFF7D
:10E3B000FFFFFFFFFFFFFFFFFFFFDB0000DBFFFFB3
:10E3C000FFFFFFFFFFFFFFFFFFFFFFFFFFFFFFFF5D
:10E3D000FFFFFFFFFFFFFFFFFF490000000049FFB5
:10E3E000FFFFFFFFFFFFFFFFFFFFFFFFFFFFFFFF3D
:10E3F000FFFFFFFFFFFFFFFFFFFFDB0000DBFFFF73
:10E40000FFFFFFFFFFFFFFFFFFFFFFFFFFFFFFFF1C
:10E41000FFFFFFFFFFFFFFFFFF490000000049FF74
:10E42000FFFFFFFFFFFFFFFFFFFFFFFFFFFFFFFFFC
:10E43000FFFFFFFFFFFFFFFFFFFFDB0000DBFFFF32
:10E44000FFFFFFFFFFFFFFFFFFFFFFFFFFFFFFFFDC
:10E45000FFFFFFFFFFFFFFFFFF490000000049FF34
:10E46000FFFFFFFFFFFFFFFFFFFFFFFFFFFFFFFFBC
:10E47000FFFFFFFFFFFFFFFFFFFFDB0000DBFFFFF2
:10E48000FFFFFFFFFFFFFFFFFFFFFFFFFFFFFFFF9C
:10E49000FFFFFFFFFFFFFFFFFF490000000049FFF4
:10E4A000FFFFFFFFFFFFFFFFFFFFFFFFFFFFFFFF7C
:10E4B000FFFFFFFFFFFFFFFFFFFFDB0000DBFFFFB2
:10E4C000FFFFFFFFFFFFFFFFFFFFFFFFFFFFFFFF5C
:10E4D000FFFFFFFFFFFFFFFFFF490000000049FFB4
:10E4E000FFFFFFFFFFFFFFFFFFFFFFFFFFFFFF49F2
:10E4F00049DBFFFFFFFFFFFFFFFFDB0000DBFFFF4C
:10E50000FFFFFFFFFFFFDB4949FFFFFFFFFFFFFFAB
:10E51000FFFFFFFFFFFFFFFFFF490000000049FF73
:10E52000FFFFFFFFFFFFFFFFFFFFFFFFFFFFDB24FA
:10E530000049FFFFFFFFFFFFFFFFDB0000DBFFFFE6
:10E54000FFFFFFFFFFFF490024DBFFFFFFFFFFFF8F
:10E55000FFFFFFFFFFFFFFFFFF490000000049FF33
:10E56000FFFFFFFFFFFFFFFFFFFFFFFFFFFFFF4971
:10E57000000049FFFFFFFFFFFFFFDB0000DBFFFFA5
:10E58000FFFFFFFFFF49000049FFFFFFFFFFFFFF05
:10E59000FFFFFFFFFFFFFFFFFF490000000049FFF3
:10E5A000FFFFFFFFFFFFFFFFFFFFFFFFFFFFFFFF7B
:10E5B00049000049FFFFFFFFFFFFDB0000DBFFFF1B
:10E5C000FFFFFFFF49000049FFFFFFFFFFFFFFFFC5
:10E5D000FFFFFFFFFFFFFFFFFF490000000049FFB3
:10E5E000FFFFFFFFFFFFFFFFFFFFFFFFFFFFFFFF3B
:10E5F000FF4900006DFFFFFFFFFFDB0000DBFFFFB7
:10E60000FFFFFF6D000049FFFFFFFFFFFFFFFFFF60
:10E61000FFFFFFFFFFFFFFFFFF490000000049FF72
:10E62000FFFFFFFFFFFFFFFFFFFFFFFFFFFFFFFFFA
:10E63000FFDB24002492FFFFFFFFDB0000DBFFFF76
:10E64000FFFF92240024DBFFFFFFFFFFFFFFFFFF20
:10E65000FFFFFFFFFFFFFFFFFF490000000049FF32
:10E66000FFFFFFFFFFFFFFFFFFFFFFFFFFFFFFFFBA
:10E67000FFFFDB24000092FFFFFFDB0000DBFFFF5A
:10E68000FF92000024DBFFFFFFFFFFFFFFFFFFFF04
:10E69000FFFFFFFFFFFFFFFFFF490000000049FFF2
:10E6A000FFFFFFFFFFFFFFFFFFFFFFFFFFFFFFFF7A
:10E6B000FFFFFFB6240024B6FFFFDB0000DBFFFFF7
:10E6C000B6240024B6FFFFFFFFFFFFFFFFFFFFFFA1
:10E6D000FFFFFFFFFFFFFFFFFF490000000049FFB2
:10E6E000FFFFFFFFFFFFFFFFFFFFFFFFFFFFFFFF3A
:10E6F000FFFFFFFFB6240024B6FFDB0000DBFFB600
:10E70000240024B6FFFFFFFFFFFFFFFFFFFFFFFF17
:10E71000FFFFFFFFFFFFFFFFFF490000000049FF71
:10E72000FFFFFFFFFFFFFFFFFFFFFFFFFFFFFFFFF9
:10E73000FFFFFFFFFF92000024DBDB0000DBDB2498
:10E74000000092FFFFFFFFFFFFFFFFFFFFFFFFFF44
:10E75000FFFFFFFFFFFFFFFFFF490000000049FF31
:10E76000FFFFFFFFFFFFFFFFFFFFFFFFFFFFFFFFB9
:10E77000FFFFFFFFFFFF92240024B60000B6240035
:10E780002492FFFFFFFFFFFFFFFFFFFFFFFFFFFFE1
:10E79000FFFFFFFFFFFFFFFFFF490000000049FFF1
:10E7A000FFFFFFFFFFFFFFFFFFFFFFFFFFFFFFFF79
:10E7B000FFFFFFFFFFFFFF6D0000240000240000AB
:10E7C0006DFFFFFFFFFFFFFFFFFFFFFFFFFFFFFFEB
:10E7D000FFFFFFFFFFFFFFFFFF490000000049FFB1
:10E7E000FFFFFFFFFFFFFFFFFFFFFFFFFFFFFFFF39
:10E7F000FFFFFFFFFFFFFFFF49000000000000498F
:10E80000FFFFFFFFFFFFFFFFFFFFFFFFFFFFFFFF18
:10E81000FFFFFFFFFFFFFFFFFF490000000049FF70
:10E82000FFFFFFFFFFFFFFFFFFFFFFFFFFFFFFFFF8
:10E83000FFFFFFFFFFFFFFFFFF490000000049FF50
:10E84000FFFFFFFFFFFFFFFFFFFFFFFFFFFFFFFFD8
:10E85000FFFFFFFFFFFFFFFFFF490000000049FF30
:10E86000FFFFFFFFFFFFFFFFFFFFFFFFFFFFFFFFB8
:10E87000FFFFFFFFFFFFFFFFFFFF49000049FFFF12
:10E88000FFFFFFFFFFFFFFFFFFFFFFFFFFFFFFFF98
:10E89000FFFFFFFFFFFFFFFFFF490000000049FFF0
:10E8A000FFFFFFFFFFFFFFFFFFFFFFFFFFFFFFFF78
:10E8B000FFFFFFFFFFFFFFFFFFFFDB4949DBFFFF1C
:10E8C000FFFFFFFFFFFFFFFFFFFFFFFFFFFFFFFF58
:10E8D000FFFFFFFFFFFFFFFFFF490000000049FFB0
:10E8E000FFFFFFFFFFFFFFFFFFFFFFFFFFFFFFFF38
:10E8F000FFFFFFFFFFFFFFFFFFFFFFFFFFFFFFFF28
:10E90000FFFFFFFFFFFFFFFFFFFFFFFFFFFFFFFF17
:10E91000FFFFFFFFFFFFFFFFFF490000000049FF6F
:10E92000FFFFFFFFFFFFFFFFFFFFFFFFFFFFFFFFF7
:10E93000FFFFFFFFFFFFFFFFFFFFFFFFFFFFFFFFE7
:10E94000FFFFFFFFFFFFFFFFFFFFFFFFFFFFFFFFD7
:10E95000FFFFFFFFFFFFFFFFFF490000000049FF2F
:10E96000FFFFFFFFFFFFFFFFFFFFFFFFFFFFFFFFB7
:10E97000FFFFFFFFFFFFFFFFFFFFFFFFFFFFFFFFA7
:10E98000FFFFFFFFFFFFFFFFFFFFFFFFFFFFFFFF97
:10E99000FFFFFFFFFFFFFFFFFF490000000049FFEF
:10E9A000FFFFFFFFFFFFFFFFFFFFFFFFFFFFFFFF77
:10E9B000FFFFFFFFFFFFFFFFFFFFFFFFFFFFFFFF67
:10E9C000FFFFFFFFFFFFFFFFFFFFFFFFFFFFFFFF57
:10E9D000FFFFFFFFFFFFFFFFFF490000000049FFAF
:10E9E000FFFFFFFFFFFFFFFFFFFFFFFFFFFFFFFF37
:10E9F000FFFFFFFFFFFFFFFFFFFFFFFFFFFFFFFF27
:10EA0000FFFFFFFFFFFFFFFFFFFFFFFFFFFFFFFF16
:10EA1000FFFFFFFFFFFFFFFFFF490000000049FF6E
:10EA2000FFFFFFFFFFFFFFFFFFFFFFFFFFFFFFFFF6
:10EA3000FFFFFFFFFFFFFFFFFFFFFFFFFFFFFFFFE6
:10EA4000FFFFFFFFFFFFFFFFFFFFFFFFFFFFFFFFD6
:10EA5000FFFFFFFFFFFFFFFFFF490000000049FF2E
:10EA6000FFFFFFFFFFFFFFFFFFFFFFFFFFFFFFFFB6
:10EA7000FFFFFFFFFFFFFFFFFFFFFFFFFFFFFFFFA6
:10EA8000FFFFFFFFFFFFFFFFFFFFFFFFFFFFFFFF96
:10EA9000FFFFFFFFFFFFFFFFFF490000000049FFEE
:10EAA000FFFFFFFFFFFFFFFFFFFFFFFFFFFFFFFF76
:10EAB000FFFFFFFFFFFFFFFFFFFFFFFFFFFFFFFF66
:10EAC000FFFFFFFFFFFFFFFFFFFFFFFFFFFFFFFF56
:10EAD000FFFFFFFFFFFFFFFFFF490000000049FFAE
:10EAE000FFFFFFFFFFFFFFFFFFFFFFFFFFFFFFFF36
:10EAF000FFFFFFFFFFFFFFFFFFFFFFFFFFFFFFFF26
:10EB0000FFFFFFFFFFFFFFFFFFFFFFFFFFFFFFFF15
:10EB1000FFFFFFFFFFFFFFFFFF490000000049FF6D
:10EB2000FFFFFFFFFFFFFFFFFFFFFFFFFFFFFFFFF5
:10EB3000FFFFFFFFFFFFFFFFFFFFFFFFFFFFFFFFE5
:10EB4000FFFFFFFFFFFFFFFFFFFFFFFFFFFFFFFFD5
:10EB5000FFFFFFFFFFFFFFFFFF490000000049FF2D
:10EB6000FFFFFFFFFFFFFFFFFFFFFFFFFFFFFFFFB5
:10EB7000FFFFFFFFFFFFFFFFFFFFFFFFFFFFFFFFA5
:10EB8000FFFFFFFFFFFFFFFFFFFFFFFFFFFFFFFF95
:10EB9000FFFFFFFFFFFFFFFFFF490000000049FFED
:10EBA000FFFFFFFFFFFFFFFFFFFFFFFFFFFFFFFF75
:10EBB000FFFFFFFFFFFFFFFFFFFFFFFFFFFFFFFF65
:10EBC000FFFFFFFFFFFFFFFFFFFFFFFFFFFFFFFF55
:10EBD000FFFFFFFFFFFFFFFFFF490000000049FFAD
:10EBE000FFFFFFFFFFFFFFFFFFFFFFFFFFFFFFFF35
:10EBF000FFFFFFFFFFFFFFFFFFFFFFFFFFFFFFFF25
:10EC0000FFFFFFFFFFFFFFFFFFFFFFFFFFFFFFFF14
:10EC1000FFFFFFFFFFFFFFFFFF4900002400244923
:10EC20004949494949494949494949494949494954
:10EC30004949494949494949494949494949494944
:10EC40004949494949494949494949494949494934
:10EC50004949494949494949492400246D0000006E
:10EC600000000000000000000000000000000000A4
:10EC70000000000000000000000000000000000094
:10EC80000000000000000000000000000000000084
:10EC900000000000000000000000006DFF6D240077
:10ECA0000000000000000000000000000000000064
:10ECB0000000000000000000000000000000000054
:10ECC0000000000000000000000000000000000044
:10ECD000000000000000000000246DFFFFFFFFFFA8
:10ECE000FFFFFFFFFFFFFFFFFFFFFFFFFFFFFFFF34
:10ECF000FFFFFFFFFFFFFFFFFFFFDB4949DBFFFFD8
:10ED0000FFFFFFFFFFFFFFFFFFFFFFFFFFFFFFFF13
:10ED1000FFFFFFFFFFFFFFFFFFFFFFFFFFFFFFFF03
:10ED2000FFFFFFFFFFFFFFFFFFFFFFFFFFFFFFFFF3
:10ED3000FFFFFFFFFFFFFFFFFFFF49000049FFFF4D
:10ED4000FFFFFFFFFFFFFFFFFFFFFFFFFFFFFFFFD3
:10ED5000FFFFFFFFFFFFFFFFFFFFFFFFFFFFFFFFC3
:10ED6000FFFFFFFFFFFFFFFFFFFFFFFFFFFFFFFFB3
:10ED7000FFFFFFFFFFFFFFFFFF490000000049FF0B
:10ED8000FFFFFFFFFFFFFFFFFFFFFFFFFFFFFFFF93
:10ED9000FFFFFFFFFFFFFFFFFFFFFFFFFFFFFFFF83
:10EDA000FFFFFFFFFFFFFFFFFFFFFFFFFFFFFFFF73
:10EDB000FFFFFFFFFFFFFFFF4900000000000049C9
:10EDC000FFFFFFFFFFFFFFFFFFFFFFFFFFFFFFFF53
:10EDD000FFFFFFFFFFFFFFFFFFFFFFFFFFFFFFFF43
:10EDE000FFFFFFFFFFFFFFFFFFFFFFFFFFFFFFFF33
:10EDF000FFFFFFFFFFFFFF6D000024000024000065
:10EE00006DFFFFFFFFFFFFFFFFFFFFFFFFFFFFFFA4
:10EE1000FFFFFFFFFFFFFFFFFFFFFFFFFFFFFFFF02
:10EE2000FFFFFFFFFFFFFFFFFFFFFFFFFFFFFFFFF2
:10EE3000FFFFFFFFFFFF92240024B60000B624006E
:10EE40002492FFFFFFFFFFFFFFFFFFFFFFFFFFFF1A
:10EE5000FFFFFFFFFFFFFFFFFFFFFFFFFFFFFFFFC2
:10EE6000FFFFFFFFFFFFFFFFFFFFFFFFFFFFFFFFB2
:10EE7000FFFFFFFFFF92000024DBDB0000DBDB2451
:10EE8000000092FFFFFFFFFFFFFFFFFFFFFFFFFFFD
:10EE9000FFFFFFFFFFFFFFFFFFFFFFFFFFFFFFFF82
:10EEA000FFFFFFFFFFFFFFFFFFFFFFFFFFFFFFFF72
:10EEB000FFFFFFFFB6240024B6FFDB0000DBFFB638
:10EEC000240024B6FFFFFFFFFFFFFFFFFFFFFFFF50
:10EED000FFFFFFFFFFFFFFFFFFFFFFFFFFFFFFFF42
:10EEE000FFFFFFFFFFFFFFFFFFFFFFFFFFFFFFFF32
:10EEF000FFFFFFB6240024B6FFFFDB0000DBFFFFAF
:10EF0000B6240024B6FFFFFFFFFFFFFFFFFFFFFF58
:10EF1000FFFFFFFFFFFFFFFFFFFFFFFFFFFFFFFF01
:10EF2000FFFFFFFFFFFFFFFFFFFFFFFFFFFFFFFFF1
:10EF3000FFFFDB24000092FFFFFFDB0000DBFFFF91
:10EF4000FF92000024DBFFFFFFFFFFFFFFFFFFFF3B
:10EF5000FFFFFFFFFFFFFFFFFFFFFFFFFFFFFFFFC1
:10EF6000FFFFFFFFFFFFFFFFFFFFFFFFFFFFFFFFB1
:10EF7000FFDB24002492FFFFFFFFDB0000DBFFFF2D
:10EF8000FFFF92240024DBFFFFFFFFFFFFFFFFFFD7
:10EF9000FFFFFFFFFFFFFFFFFFFFFFFFFFFFFFFF81
:10EFA000FFFFFFFFFFFFFFFFFFFFFFFFFFFFFFFF71
:10EFB000FF4900006DFFFFFFFFFFDB0000DBFFFFED
:10EFC000FFFFFF6D000049FFFFFFFFFFFFFFFFFF97
:10EFD000FFFFFFFFFFFFFFFFFFFFFFFFFFFFFFFF41
:10EFE000FFFFFFFFFFFFFFFFFFFFFFFFFFFFFFFF31
:10EFF00049000049FFFFFFFFFFFFDB0000DBFFFFD1
:10F00000FFFFFFFF49000049FFFFFFFFFFFFFFFF7A
:10F01000FFFFFFFFFFFFFFFFFFFFFFFFFFFFFFFF00
:10F02000FFFFFFFFFFFFFFFFFFFFFFFFFFFFFF49A6
:10F03000000049FFFFFFFFFFFFFFDB0000DBFFFFDA
:10F04000FFFFFFFFFF49000049FFFFFFFFFFFFFF3A
:10F05000FFFFFFFFFFFFFFFFFFFFFFFFFFFFFFFFC0
:10F06000FFFFFFFFFFFFFFFFFFFFFFFFFFFFDB24AF
:10F070000049FFFFFFFFFFFFFFFFDB0000DBFFFF9B
:10F08000FFFFFFFFFFFF490024DBFFFFFFFFFFFF44
:10F09000FFFFFFFFFFFFFFFFFFFFFFFFFFFFFFFF80
:10F0A000FFFFFFFFFFFFFFFFFFFFFFFFFFFFFF4926
:10F0B00049DBFFFFFFFFFFFFFFFFDB0000DBFFFF80
:10F0C000FFFFFFFFFFFFDB4949FFFFFFFFFFFFFFE0
:10F0D000FFFFFFFFFFFFFFFFFFFFFFFFFFFFFFFF40
:10F0E000FFFFFFFFFFFFFFFFFFFFFFFFFFFFFFFF30
:10F0F000FFFFFFFFFFFFFFFFFFFFDB0000DBFFFF66
:10F10000FFFFFFFFFFFFFFFFFFFFFFFFFFFFFFFF0F
:10F11000FFFFFFFFFFFFFFFFFFFFFFFFFFFFFFFFFF
:10F12000FFFFFFFFFFFFFFFFFFFFFFFFFFFFFFFFEF
:10F13000FFFFFFFFFFFFFFFFFFFFDB0000DBFFFF25
:10F14000FFFFFFFFFFFFFFFFFFFFFFFFFFFFFFFFCF
:10F15000FFFFFFFFFFFFFFFFFFFFFFFFFFFFFFFFBF
:10F16000FFFFFFFFFFFFFFFFFFFFFFFFFFFFFFFFAF
:10F17000FFFFFFFFFFFFFFFFFFFFDB0000DBFFFFE5
:10F18000FFFFFFFFFFFFFFFFFFFFFFFFFFFFFFFF8F
:10F19000FFFFFFFFFFFFFFFFFFFFFFFFFFFFFFFF7F
:10F1A000FFFFFFFFFFFFFFFFFFFFFFFFFFFFFFFF6F
:10F1B000FFFFFFFFFFFFFFFFFFFFDB0000DBFFFFA5
:10F1C000FFFFFFFFFFFFFFFFFFFFFFFFFFFFFFFF4F
:10F1D000FFFFFFFFFFFFFFFFFFFFFFFFFFFFFFFF3F
:10F1E000FFFFFFFFFFFFFFFFFFFFFFFFFFFFFFFF2F
:10F1F000FFFFFFFFFFFFFFFFFFFFDB0000DBFFFF65
:10F20000FFFFFFFFFFFFFFFFFFFFFFFFFFFFFFFF0E
:10F21000FFFFFFFFFFFFFFFFFFFFFFFFFFB64949B3
:10F22000494949494949494949494949494949494E
:10F23000496DDBFFFFFFFFFFFFFFDB0000DBFFFF90
:10F24000FFFFFFFFFFDB6D494949494949494949EA
:10F2500049494949494949494949B6FF920000008D
:10F26000000000000000000000000000000000009E
:10F2700000006DFFFFFFFFFFFFFFDB0000DBFFFF74
:10F28000FFFFFFFFFF6D0000000000000000000016
:10F2900000000000000000000000009224000000B8
:10F2A000000000000000000000000000000000005E
:10F2B0000024B6FFFFFFFFFFFFFFDB0000DBFFFFC7
:10F2C000FFFFFFFFFFB62400000000000000000069
:10F2D000000000000000000000000024000049FFC2
:10F2E000FFFFFFFFFFFFFFFFFFFFFFFFFFFFFFFF2E
:10F2F000FFFFFFFFFFFFFFFFFFFFDB0000DBFFFF64
:10F30000FFFFFFFFFFFFFFFFFFFFFFFFFFFFFFFF0D
:10F31000FFFFFFFFFFFFFFFFFF490000000049FF65
:10F32000FFFFFFFFFFFFFFFFFFFFFFFFFFFFFFFFED
:10F33000FFFFFFFFFFFFFFFFFFFFDB0000DBFFFF23
:10F34000FFFFFFFFFFFFFFFFFFFFFFFFFFFFFFFFCD
:10F35000FFFFFFFFFFFFFFFFFF490000000049FF25
:10F36000FFFFFFFFFFFFFFFFFFFFFFFFFFFFFFFFAD
:10F37000FFFFFFFFFFFFFFFFFFFFDB0000DBFFFFE3
:10F38000FFFFFFFFFFFFFFFFFFFFFFFFFFFFFFFF8D
:10F39000FFFFFFFFFFFFFFFFFF490000000049FFE5
:10F3A000FFFFFFFFFFFFFFFFFFFFFFFFFFFFFFFF6D
:10F3B000FFFFFFFFFFFFFFFFFFFFDB0000DBFFFFA3
:10F3C000FFFFFFFFFFFFFFFFFFFFFFFFFFFFFFFF4D
:10F3D000FFFFFFFFFFFFFFFFFF490000000049FFA5
:10F3E000FFFFFFFFFFFFFFFFFFFFFFFFFFFFFFFF2D
:10F3F000FFFFFFFFFFFFFFFFFFFFDB0000DBFFFF63
:10F40000FFFFFFFFFFFFFFFFFFFFFFFFFFFFFFFF0C
:10F41000FFFFFFFFFFFFFFFFFF490000000049FF64
:10F42000FFFFFFFFFFFFFFFFFFFFFFFFFFFFFFFFEC
:10F43000FFFFFFFFFFFFFFFFFFFFDB0000DBFFFF22
:10F44000FFFFFFFFFFFFFFFFFFFFFFFFFFFFFFFFCC
:10F45000FFFFFFFFFFFFFFFFFF490000000049FF24
:10F46000FFFFFFFFFFFFFFFFFFFFFFFFFFFFFFFFAC
:10F47000FFFFFFFFFFFFFFFFFFFFDB0000DBFFFFE2
:10F48000FFFFFFFFFFFFFFFFFFFFFFFFFFFFFFFF8C
:10F49000FFFFFFFFFFFFFFFFFF490000000049FFE4
:10F4A000FFFFFFFFFFFFFFFFFFFFFFFFFFFFFFFF6C
:10F4B000FFFFFFFFFFFFFFFFFFFFDB0000DBFFFFA2
:10F4C000FFFFFFFFFFFFFFFFFFFFFFFFFFFFFFFF4C
:10F4D000FFFFFFFFFFFFFFFFFF490000000049FFA4
:10F4E000FFFFFFFFFFFFFFFFFFFFFFFFFFFFFFFF2C
:10F4F000FFFFFFFFFFFFFFFFFFFFDB0000DBFFFF62
:10F50000FFFFFFFFFFFFFFFFFFFFFFFFFFFFFFFF0B
:10F51000FFFFFFFFFFFFFFFFFF490000000049FF63
:10F52000FFFFFFFFFFFFFFFFFFFFFFFFFFFFFFFFEB
:10F53000FFFFFFFFFFFFFFFFFFFFDB0000DBFFFF21
:10F54000FFFFFFFFFFFFFFFFFFFFFFFFFFFFFFFFCB
:10F55000FFFFFFFFFFFFFFFFFF490000000049FF23
:10F56000FFFFFFFFFFFFFFFFFFFFFFFFFFFFFFFFAB
:10F57000FFFFFFFFFFFFFFFFFFFFDB0000DBFFFFE1
:10F58000FFFFFFFFFFFFFFFFFFFFFFFFFFFFFFFF8B
:10F59000FFFFFFFFFFFFFFFFFF490000000049FFE3
:10F5A000FFFFFFFFFFFFFFFFFFFFFFFFFFFFFFFF6B
:10F5B000FFFFFFFFFFFFFFFFFFFFDB0000DBFFFFA1
:10F5C000FFFFFFFFFFFFFFFFFFFFFFFFFFFFFFFF4B
:10F5D000FFFFFFFFFFFFFFFFFF490000000049FFA3
:10F5E000FFFFFFFFFFFFFFFFFFFFFFFFFFFFFFFF2B
:10F5F000FFFFFFFFFFFFFFFFFFFFDB0000DBFFFF61
:10F60000FFFFFFFFFFFFFFFFFFFFFFFFFFFFFFFF0A
:10F61000FFFFFFFFFFFFFFFFFF490000000049FF62
:10F62000FFFFFFFFFFFFFFFFFFFFFFFFFFFFFFFFEA
:10F63000FFFFFFFFFFFFFFFFFFFFDB0000DBFFFF20
:10F64000FFFFFFFFFFFFFFFFFFFFFFFFFFFFFFFFCA
:10F65000FFFFFFFFFFFFFFFFFF490000000049FF22
:10F66000FFFFFFFFFFFFFFFFFFFFFFFFFFFFFFFFAA
:10F67000FFFFFFFFFFFFFFFFFFFFDB0000DBFFFFE0
:10F68000FFFFFFFFFFFFFFFFFFFFFFFFFFFFFFFF8A
:10F69000FFFFFFFFFFFFFFFFFF490000000049FFE2
:10F6A000FFFFFFFFFFFFFFFFFFFFFFFFFFFFFFFF6A
:10F6B000FFFFFFFFFFFFFFFFFFFFDB0000DBFFFFA0
:10F6C000FFFFFFFFFFFFFFFFFFFFFFFFFFFFFFFF4A
:10F6D000FFFFFFFFFFFFFFFFFF490000000049FFA2
:10F6E000FFFFFFFFFFFFFFFFFFFFFFFFFFFFFFFF2A
:10F6F000FFFFFFFFFFFFFFFFFFFFDB0000DBFFFF60
:10F70000FFFFFFFFFFFFFFFFFFFFFFFFFFFFFFFF09
:10F71000FFFFFFFFFFFFFFFFFF490000000049FF61
:10F72000FFFFFFFFFFFFFFFFFFFFFFFFFFFFFFFFE9
:10F73000FFFFFFFFFFFFFFFFFFFFDB0000DBFFFF1F
:10F74000FFFFFFFFFFFFFFFFFFFFFFFFFFFFFFFFC9
:10F75000FFFFFFFFFFFFFFFFFF490000000049FF21
:10F76000FFFFFFFFFFFFFFFFFFFFFFFFFFFFFFFFA9
:10F77000FFFFFFFFFFFFFFFFFFFFDB0000DBFFFFDF
:10F78000FFFFFFFFFFFFFFFFFFFFFFFFFFFFFFFF89
:10F79000FFFFFFFFFFFFFFFFFF490000000049FFE1
:10F7A000FFFFFFFFFFFFFFFFFFFFFFFFFFFFFFFF69
:10F7B000FFFFFFFFFFFFFFFFFFFFDB0000DBFFFF9F
:10F7C000FFFFFFFFFFFFFFFFFFFFFFFFFFFFFFFF49
:10F7D000FFFFFFFFFFFFFFFFFF490000000049FFA1
:10F7E000FFFFFFFFFFFFFFFFFFFFFFFFFFFFFFFF29
:10F7F000FFFFFFFFFFFFFFFFFFFFDB0000DBFFFF5F
:10F80000FFFFFFFFFFFFFFFFFFFFFFFFFFFFFFFF08
:10F81000FFFFFFFFFFFFFFFFFF490000000049FF60
:10F82000FFFFFFFFFFFFFFFFFFFFFFFFFFFFFFFFE8
:10F83000FFFFFFFFFFFFFFFFFFFFDB0000DBFFFF1E
:10F84000FFFFFFFFFFFFFFFFFFFFFFFFFFFFFFFFC8
:10F85000FFFFFFFFFFFFFFFFFF490000000049FF20
:10F86000FFFFFFFFFFFFFFFFFFFFFFFFFFFFFFFFA8
:10F87000FFFFFFFFFFFFFFFFFFFFDB0000DBFFFFDE
:10F88000FFFFFFFFFFFFFFFFFFFFFFFFFFFFFFFF88
:10F89000FFFFFFFFFFFFFFFFFF490000000049FFE0
:10F8A000FFFFFFFFFFFFFFFFFFFFFFFFFFFFFFFF68
:10F8B000FFFFFFFFFFFFFFFFFFFFFF4949FFFFFFC4
:10F8C000FFFFFFFFFFFFFFFFFFFFFFFFFFFFFFFF48
:10F8D000FFFFFFFFFFFFFFFFFF490000000049FFA0
:10F8E000FFFFFFFFFFFFFFFFFFFFFFFFFFFFFFFF28
:10F8F000FFFFFFFFFFFFFFFFFFFFFFFFFFFFFFFF18
:10F90000FFFFFFFFFFFFFFFFFFFFFFFFFFFFFFFF07
:10F91000FFFFFFFFFFFFFFFFFF490000000049FF5F
:10F92000FFFFFFFFFFFFFFFFFFFFFFFFFFFFFFFFE7
:10F93000FFFFFFFFFFFFFFFFFFFFFFFFFFFFFFFFD7
:10F94000FFFFFFFFFFFFFFFFFFFFFFFFFFFFFFFFC7
:10F95000FFFFFFFFFFFFFFFFFF490000000049FF1F
:10F96000FFFFFFFFFFFFFFFFFFFFFFFFFFFFFFFFA7
:10F97000FFFFFFFFFFFFFFFFFFFFFFFFFFFFFFFF97
:10F98000FFFFFFFFFFFFFFFFFFFFFFFFFFFFFFFF87
:10F99000FFFFFFFFFFFFFFFFFF490000000049FFDF
:10F9A000FFFFFFFFFFFFFFFFFFFFFFFFFFFFFFFF67
:10F9B000FFFFFFFFFFFFFFFFFFFFFFFFFFFFFFFF57
:10F9C000FFFFFFFFFFFFFFFFFFFFFFFFFFFFFFFF47
:10F9D000FFFFFFFFFFFFFFFFFF490000000049FF9F
:10F9E000FFFFFFFFFFFFFFFFFFFFFFFFFFFFFFFF27
:10F9F000FFFFFFFFFFFFFFFFFFFFFFFFFFFFFFFF17
:10FA0000FFFFFFFFFFFFFFFFFFFFFFFFFFFFFFFF06
:10FA1000FFFFFFFFFFFFFFFFFF490000000049FF5E
:10FA2000FFFFFFFFFFFFFFFFFFFFFFFFFFFFFFFFE6
:10FA3000FFFFFFFFFFFFFFFFFFFFFFFFFFFFFFFFD6
:10FA4000FFFFFFFFFFFFFFFFFFFFFFFFFFFFFFFFC6
:10FA5000FFFFFFFFFFFFFFFFFF490000000049FF1E
:10FA6000FFFFFFFFFFFFFFFFFFFFFFFFFFFFFFFFA6
:10FA7000FFFFFFFFFFFFFFFFFFFFFFFFFFFFFFFF96
:10FA8000FFFFFFFFFFFFFFFFFFFFFFFFFFFFFFFF86
:10FA9000FFFFFFFFFFFFFFFFFF490000000049FFDE
:10FAA000FFFFFFFFFFFFFFFFFFFFFFFFFFFFFFFF66
:10FAB000FFFFFFFFFFFFFFFFFFFFFFFFFFFFFFFF56
:10FAC000FFFFFFFFFFFFFFFFFFFFFFFFFFFFFFFF46
:10FAD000FFFFFFFFFFFFFFFFFF490000000049FF9E
:10FAE000FFFFFFFFFFFFFFFFFFFFFFFFFFFFFFFF26
:10FAF000FFFFFFFFFFFFFFFFFFFFFFFFFFFFFFFF16
:10FB0000FFFFFFFFFFFFFFFFFFFFFFFFFFFFFFFF05
:10FB1000FFFFFFFFFFFFFFFFFF490000000049FF5D
:10FB2000FFFFFFFFFFFFFFFFFFFFFFFFFFFFFFFFE5
:10FB3000FFFFFFFFFFFFFFFFFFFFFFFFFFFFFFFFD5
:10FB4000FFFFFFFFFFFFFFFFFFFFFFFFFFFFFFFFC5
:10FB5000FFFFFFFFFFFFFFFFFF490000000049FF1D
:10FB6000FFFFFFFFFFFFFFFFFFFFFFFFFFFFFFFFA5
:10FB7000FFFFFFFFFFFFFFFFFFFFFFFFFFFFFFFF95
:10FB8000FFFFFFFFFFFFFFFFFFFFFFFFFFFFFFFF85
:10FB9000FFFFFFFFFFFFFFFFFF490000000049FFDD
:10FBA000FFFFFFFFFFFFFFFFFFFFFFFFFFFFFFFF65
:10FBB000FFFFFFFFFFFFFFFFFFFFFFFFFFFFFFFF55
:10FBC000FFFFFFFFFFFFFFFFFFFFFFFFFFFFFFFF45
:10FBD000FFFFFFFFFFFFFFFFFF490000000049FF9D
:10FBE000FFFFFFFFFFFFFFFFFFFFFFFFFFFFFFFF25
:10FBF000FFFFFFFFFFFFFFFFFFFFFFFFFFFFFFFF15
:10FC0000FFFFFFFFFFFFFFFFFFFFFFFFFFFFFFFF04
:10FC1000FFFFFFFFFFFFFFFFFF4900002400244913
:10FC20004949494949494949494949494949494944
:10FC30004949494949494949494949494949494934
:10FC40004949494949494949494949494949494924
:10FC50004949494949494949492400246D0000005E
:10FC60000000000000000000000000000000000094
:10FC70000000000000000000000000000000000084
:10FC80000000000000000000000000000000000074
:10FC900000000000000000000000006DFF6D240067
:10FCA0000000000000000000000000000000000054
:10FCB0000000000000000000000000000000000044
:10FCC0000000000000000000000000000000000034
:10FCD000000000000000000000246DFFFFFFFFFF98
:10FCE000FFFFFFFFFF6D492424242424242424241F
:10FCF00024242424242424242424242424242424C4
:10FD000024242424242424242424242424242424B3
:10FD1000242424242424242424244992FFFFFFFFA4
:10FD2000FFFFFFFFDB2400000000000000000000D8
:10FD300000000000000000000000000000000000C3
:10FD400000000000000000000000000000000000B3
:10FD5000000000000000000000000049FFFFFFFF5E
:10FD6000FFFFFFFFDB240000000000000000000098
:10FD70000000000000000000000000000000000083
:10FD80000000000000000000000000000000000073
:10FD9000000000000000000000000049FFFFFFFF1E
:10FDA000FFFFFFFFDB0000006D9292929292929211
:10FDB0009292240000499292929292929292924947
:10FDC0000000249292929292929292926D00000080
:10FDD0006D929292929292926D000049FFFFFFFF06
:10FDE000FFFFFFFFDB000024DBFFFFFFFFFFFFFF44
:10FDF000FFFF490000B6FFFFFFFFFFFFFFFFFFB659
:10FE0000000049FFFFFFFFFFFFFFFFFFFF2400246B
:10FE1000DBFFFFFFFFFFFFFFDB240049FFFFFFFFCA
:10FE2000FFFFFFFFDB000024DBFFFFFFFFFFFFFF03
:10FE3000FFFF490000B6FFFFFFFFFFFFFFFFFFB618
:10FE4000000049FFFFFFFFFFFFFFFFFFFF2400242B
:10FE5000DBFFFFFFFFFFFFFFDB240049FFFFFFFF8A
:10FE6000FFFFFFFFDB000024DBFFFFFFFFFFFFFFC3
:10FE7000FFFF490000B6FFFFFFFFFFFFFFFFFFB6D8
:10FE8000000049FFFFFFFFFFFFFFFFFFFF240024EB
:10FE9000DBFFFFFFFFFFFFFFDB240049FFFFFFFF4A
:10FEA000FFFFFFFFDB000024DBFFFFFFFFFFFFFF83
:10FEB000FFFF490000B6FFFFFFFFFFFFFFFFFFB698
:10FEC000000049FFFFFFFFFFFFFFFFFFFF240024AB
:10FED000DBFFFFFFFFFFFFFFDB240049FFFFFFFF0A
:10FEE000FFFFFFFFDB000024DBFFFFFFFFFFFFFF43
:10FEF000FFFF490000B6FFFFFFFFFFFFFFFFFFB658
:10FF0000000049FFFFFFFFFFFFFFFFFFFF2400246A
:10FF1000DBFFFFFFFFFFFFFFDB240049FFFFFFFFC9
:10FF2000FFFFFFFFDB000024DBFFFFFFFFFFFFFF02
:10FF3000FFFF49000092FFFFFFFFFFFFFFFFFF925F
:10FF4000000049FFFFFFFFFFFFFFFFFFDB2400244E
:10FF5000B6FFFFFFFFFFFFFFDB240049FFFFFFFFAE
:10FF6000FFFFFFFFDB000000496D6D6D6D6D6D6D76
:10FF70006D6D240000496D6D6D6D6D6D6D6D6D491C
:10FF80000000246D6D6D6D6D6D6D6D6D6D0000000B
:10FF9000496D6D6D6D6D6D6D6D000049FFFFFFFF6B
:10FFA000FFFFFFFFDB00000000000000000000007A
:10FFB0000000000000000000000000000000000041
:10FFC0000000000000000000000000000000000031
:10FFD000000000000000000000000049FFFFFFFFDC
:10FFE000FFFFFFFFDB00000000000000000000003A
:10FFF0000000000000000000000000000000000001
:020000040803EF
:1000000000000000000000000000000000000000F0
:10001000000000000000000000000049FFFFFFFF9B
:10002000FFFFFFFFDB0000004949494949494949B1
:100030004949000000244949494949494949492455
:1000400000000049494949494949494949000000D6
:10005000244949494949494949000049FFFFFFFFEF
:10006000FFFFFFFFDB000024B6DBDBDBDBDBDBDBE2
:10007000DBDB49000092DBDBDBDBDBDBDBDBDB92AA
:10008000000049DBDBDBDBDBDBDBDBDBB62400009A
:10009000B6DBDBDBDBDBDBDBB6240049FFFFFFFF8E
:1000A000FFFFFFFFDB000024DBFFFFFFFFFFFFFF81
:1000B000FFFF490000B6FFFFFFFFFFFFFFFFFFB696
:1000C000000049FFFFFFFFFFFFFFFFFFFF240024A9
:1000D000DBFFFFFFFFFFFFFFDB240049FFFFFFFF08
:1000E000FFFFFFFFDB000024DBFFFFFFFFFFFFFF41
:1000F000FFFF490000B6FFFFFFFFFFFFFFFFFFB656
:10010000000049FFFFFFFFFFFFFFFFFFFF24002468
:10011000DBFFFFFFFFFFFFFFDB240049FFFFFFFFC7
:10012000FFFFFFFFDB000024DBFFFFFFFFFFFFFF00
:10013000FFFF490000B6FFFFFFFFFFFFFFFFFFB615
:10014000000049FFFFFFFFFFFFFFFFFFFF24002428
:10015000DBFFFFFFFFFFFFFFDB240049FFFFFFFF87
:10016000FFFFFFFFDB000024DBFFFFFFFFFFFFFFC0
:10017000FFFF490000B6FFFFFFFFFFFFFFFFFFB6D5
:10018000000049FFFFFFFFFFFFFFFFFFFF240024E8
:10019000DBFFFFFFFFFFFFFFDB240049FFFFFFFF47
:1001A000FFFFFFFFDB000024DBFFFFFFFFFFFFFF80
:1001B000FFFF490000B6FFFFFFFFFFFFFFFFFFB695
:1001C000000049FFFFFFFFFFFFFFFFFFFF240024A8
:1001D000DBFFFFFFFFFFFFFFDB240049FFFFFFFF07
:1001E000FFFFFFFFDB000024DBFFFFFFFFFFFFFF40
:1001F000FFFF490000B6FFFFFFFFFFFFFFFFFFB655
:10020000000049FFFFFFFFFFFFFFFFFFFF24002467
:10021000DBFFFFFFFFFFFFFFDB240049FFFFFFFFC6
:10022000FFFFFFFFDB000024DBFFFFFFFFFFFFFFFF
:10023000FFFF490000B6FFFFFFFFFFFFFFFFFFB614
:10024000000049FFFFFFFFFFFFFFFFFFFF24002427
:10025000DBFFFFFFFFFFFFFFDB240049FFFFFFFF86
:10026000FFFFFFFFDB000024DBFFFFFFFFFFFFFFBF
:10027000FFFF490000B6FFFFFFFFFFFFFFFFFFB6D4
:10028000000049FFFFFFFFFFFFFFFFFFFF240024E7
:10029000DBFFFFFFFFFFFFFFDB240049FFFFFFFF46
:1002A000FFFFFFFFDB000024DBFFFFFFFFFFFFFF7F
:1002B000FFFF490000B6FFFFFFFFFFFFFFFFFFB694
:1002C000000049FFFFFFFFFFFFFFFFFFFF240024A7
:1002D000DBFFFFFFFFFFFFFFDB240049FFFFFFFF06
:1002E000FFFFFFFFDB000024DBFFFFFFFFFFFFFF3F
:1002F000FFFF490000B6FFFFFFFFFFFFFFFFFFB654
:10030000000049FFFFFFFFFFFFFFFFFFFF24002466
:10031000DBFFFFFFFFFFFFFFDB240049FFFFFFFFC5
:10032000FFFFFFFFDB000024DBFFFFFFFFFFFFFFFE
:10033000FFFF490000B6FFFFFFFFFFFFFFFFFFB613
:10034000000049FFFFFFFFFFFFFFFFFFFF24002426
:10035000DBFFFFFFFFFFFFFFDB240049FFFFFFFF85
:10036000FFFFFFFFDB000024DBFFFFFFFFFFFFFFBE
:10037000FFFF490000B6FFFFFFFFFFFFFFFFFFB6D3
:10038000000049FFFFFFFFFFFFFFFFFFFF240024E6
:10039000DBFFFFFFFFFFFFFFDB240049FFFFFFFF45
:1003A000FFFFFFFFDB000024DBFFFFFFFFFFFFFF7E
:1003B000FFFF490000B6FFFFFFFFFFFFFFFFFFB693
:1003C000000049FFFFFFFFFFFFFFFFFFFF240024A6
:1003D000DBFFFFFFFFFFFFFFDB240049FFFFFFFF05
:1003E000FFFFFFFFDB000024DBFFFFFFFFFFFFFF3E
:1003F000FFFF490000B6FFFFFFFFFFFFFFFFFFB653
:10040000000049FFFFFFFFFFFFFFFFFFFF24002465
:10041000DBFFFFFFFFFFFFFFDB240049FFFFFFFFC4
:10042000FFFFFFFFDB000024DBFFFFFFFFFFFFFFFD
:10043000FFFF490000B6FFFFFFFFFFFFFFFFFFB612
:10044000000049FFFFFFFFFFFFFFFFFFFF24002425
:10045000DBFFFFFFFFFFFFFFDB240049FFFFFFFF84
:10046000FFFFFFFFDB000024DBFFFFFFFFFFFFFFBD
:10047000FFFF490000B6FFFFFFFFFFFFFFFFFFB6D2
:10048000000049FFFFFFFFFFFFFFFFFFFF240024E5
:10049000DBFFFFFFFFFFFFFFDB240049FFFFFFFF44
:1004A000FFFFFFFFDB000024DBFFFFFFFFFFFFFF7D
:1004B000FFFF490000B6FFFFFFFFFFFFFFFFFFB692
:1004C000000049FFFFFFFFFFFFFFFFFFFF240024A5
:1004D000DBFFFFFFFFFFFFFFDB240049FFFFFFFF04
:1004E000FFFFFFFFDB000024DBFFFFFFFFFFFFFF3D
:1004F000FFFF490000B6FFFFFFFFFFFFFFFFFFB652
:10050000000049FFFFFFFFFFFFFFFFFFFF24002464
:10051000DBFFFFFFFFFFFFFFDB240049FFFFFFFFC3
:10052000FFFFFFFFDB000024DBFFFFFFFFFFFFFFFC
:10053000FFFF490000B6FFFFFFFFFFFFFFFFFFB611
:10054000000049FFFFFFFFFFFFFFFFFFFF24002424
:10055000DBFFFFFFFFFFFFFFDB240049FFFFFFFF83
:10056000FFFFFFFFDB000024DBFFFFFFFFFFFFFFBC
:10057000FFFF490000B6FFFFFFFFFFFFFFFFFFB6D1
:10058000000049FFFFFFFFFFFFFFFFFFFF240024E4
:10059000DBFFFFFFFFFFFFFFDB240049FFFFFFFF43
:1005A000FFFFFFFFDB000024DBFFFFFFFFFFFFFF7C
:1005B000FFFF490000B6FFFFFFFFFFFFFFFFFFB691
:1005C000000049FFFFFFFFFFFFFFFFFFFF240024A4
:1005D000DBFFFFFFFFFFFFFFDB240049FFFFFFFF03
:1005E000FFFFFFFFDB000024DBFFFFFFFFFFFFFF3C
:1005F000FFFF490000B6FFFFFFFFFFFFFFFFFFB651
:10060000000049FFFFFFFFFFFFFFFFFFFF24002463
:10061000DBFFFFFFFFFFFFFFDB240049FFFFFFFFC2
:10062000FFFFFFFFDB240024DBFFFFFFFFFFFFFFD7
:10063000FFFF490000B6FFFFFFFFFFFFFFFFFFB610
:10064000000049FFFFFFFFFFFFFFFFFFFF24002423
:10065000DBFFFFFFFFFFFFFFDB240049FFFFFFFF82
:10066000FFFFFFFFDB492449FFFFFFFFFFFFFFFF05
:10067000FFFF490000B6FFFFFFFFFFFFFFFFFFB6D0
:10068000000049FFFFFFFFFFFFFFFFFFFF240024E3
:10069000DBFFFFFFFFFFFFFFDB240049FFFFFFFF42
:1006A000FFFFDBDBB6242449B6DBDBFFFFFFFFFFE8
:1006B000FFFF490000B6FFFFFFFFFFFFFFFFFFB690
:1006C000000049FFFFFFFFFFFFFFFFFFFF240024A3
:1006D000DBFFFFFFFFFFFFFFDB240049FFFFFFFF02
:1006E000FFDB926D24000000496D92DBFFFFFFFFEE
:1006F000FFFF490000B6FFFFFFFFFFFFFFFFFFB650
:10070000000049FFFFFFFFFFFFFFFFFFFF24002462
:10071000DBFFFFFFFFFFFFFFDB240049FFFFFFFFC1
:10072000B66D4924000000000024496DB6FFFFFFAC
:10073000FFFF490000B6FFFFFFFFFFFFFFFFFFB60F
:10074000000049FFFFFFFFFFFFFFFFFFFF24002422
:10075000DBFFFFFFFFFFFFFFDB240049FFFFFFB6CA
:100760004900000000000000000000006DB6FFFF1F
:10077000FFFF490000B6FFFFFFFFFFFFFFFFFFB6CF
:10078000000049FFFFFFFFFFFFFFFFFFFF240024E2
:10079000DBFFFFFFFFFFFFFFDB240049FFFFB64940
:1007A00000002449929292926D492400246DB6FF74
:1007B000FFFF490000B6FFFFFFFFFFFFFFFFFFB68F
:1007C000000049FFFFFFFFFFFFFFFFFFFF240024A2
:1007D000DBFFFFFFFFFFFFFFDB240049FFDB6D00B6
:1007E00000246DB6DBDBDBDBDB924924002492DBEB
:1007F000FFFF490000B6FFFFFFFFFFFFFFFFFFB64F
:10080000000049FFFFFFFFFFFFFFFFFFFF24002461
:10081000DBFFFFFFFFFFFFFFDB240049FF92240007
:100820002492DBFFDB6D496DDBFFDB6D240024B61A
:10083000FFFF490000B6FFFFFFFFFFFFFFFFFFB60E
:10084000000049FFFFFFFFFFFFFFFFFFFF24002421
:10085000DBFFFFFFFFFFFFFFDB240049DB49000058
:100860006DDBFFFFB624246DFFFFFFB64900006D6E
:10087000DBFF6D0000B6FFFFFFFFFFFFFFFFFFB6CE
:1008800024006DFFFFFFFFFFFFFFFFFFFF49002474
:10089000DBFFFFFFFFFFFFFFFF240049922400243E
:1008A000B6FFFFB66D000049FFFFFFFF922400492D
:1008B000B6FF922449B6FFFFFFFFFFFFFFFFFFB621
:1008C000492492FFFFFFFFFFFFFFFFFFFF6D244959
:1008D000DBFFFFFFFFFFFFFFFF6D246D6D00006D6D
:1008E000DBFFFF9224004992FFFFFFFFB66D00245B
:1008F0006DFFDBB6B6DBFFFFFFFFFFFFFFFFFFDB98
:10090000B692DBFFFFFFFFFFFFFFFFFFFFB6B6B6AC
:10091000FFFFFFFFFFFFFFFFFFB6B6B6490024B69B
:10092000FFFFB64900006DDBFFFFFFFFDB92000019
:1009300049FFFFFFFFFFFFFFFFFFFFFFFFFFFFFF7D
:10094000FFFFFFFFFFFFFFFFFFFFFFFFFFFFFFFFB7
:10095000FFFFFFFFFFFFFFFFFFFFFFFF490024DB5B
:10096000FFDB6D24002492FFFFFFFFFFFFB60000B6
:1009700049FFFFFFFFFFFFFFFFFFFFFFFFFFFFFF3D
:10098000FFFFFFFFFFFFFFFFFFFFFFFFFFFFFFFF77
:10099000FFFFFFFFFFFFFFFFFFFFFFFF490024DB1B
:1009A000FFDB4900002492DBFFFFFFFFFFB60000E2
:1009B00049FFFFFFFFFFFFFFFFFFFFFFFFFFFFFFFD
:1009C000FFFFFFFFFFFFFFFFFFFFFFFFFFFFFFFF37
:1009D000FFFFFFFFFFFFFFFFFFFFFFFF490024DBDB
:1009E000FFDB49000000246DB6DBFFFFFFB600000F
:1009F00049FFFFFFFFFFFFFFFFFFFFFFFFFFFFFFBD
:100A0000FFFFFFFFFFFFFFFFFFFFFFFFFFFFFFFFF6
:100A1000FFFFFFFFFFFFFFFFFFFFFFFF490024DB9A
:100A2000FFFF926D240000244992B6FFFFB600003C
:100A300049FFFFFFFFFFFFFFFFFFFFFFFFFFFFFF7C
:100A4000FFFFFFFFFFFFFFFFFFFFFFFFFFFFFFFFB6
:100A5000FFFFFFFFFFFFFFFFFFFFFFFF49002492A3
:100A6000FFFFFFDB9224000000246DFFDB920000FB
:100A70006DFFFFFFFFFFFFFFFFFFFFFFFFFFFFFF18
:100A8000FFFFFFFFFFFFFFFFFFFFFFFFFFFFFFFF76
:100A9000FFFFFFFFFFFFFFFFFFFFFFFF6D24006D64
:100AA000DBFFFFFFDBB66D4900246DFFB649002474
:100AB00092FFFFFFFFFFFFFFFFFFFFFFFFFFFFFFB3
:100AC000FFFFFFFFFFFFFFFFFFFFFFFFFFFFFFFF36
:100AD000FFFFFFFFFFFFFFFFFFFFFFFFB6490024FF
:100AE00092FFFFFFFFFFDB9249496DDB9224004933
:100AF000B6FFFFFFFFFFFFFFFFFFFFFFFFFFFFFF4F
:100B0000FFFFFFFFFFFFFFFFFFFFFFFFFFFFFFFFF5
:100B1000FFFFFFFFFFFFFFFFFFFFFFFFDB6D000099
:100B200049B6FFFFFFFFFFFFDBDBDBB649000092AA
:100B3000DBFFFFFFFFFFFFFFFFFFFFFFFFFFFFFFE9
:100B4000FFFFFFFFFFFFFFFFFFFFFFFFFFFFFFFFB5
:100B5000FFFFFFFFFFFFFFFFFFFFFFFFFF922400EC
:100B6000246DB6DBFFFFFFFFFFDBB66D240049B647
:100B7000FFFFFFFFFFFFFFFFFFFFFFFFFFFFFFFF85
:100B8000FFFFFFFFFFFFFFFFFFFFFFFFFFFFFFFF75
:100B9000FFFFFFFFFFFFFFFFFFFFFFFFFFDB6D001A
:100BA00000004992DBFFFFFFDB924900002492DB4B
:100BB000FFFFFFFFFFFFFFFFFFFFFFFFFFFFFFFF45
:100BC000FFFFFFFFFFFFFFFFFFFFFFFFFFFFFFFF35
:100BD000FFFFFFFFFFFFFFFFFFFFFFFFFFFFB66D00
:100BE000240024496D6D6D6D6D490000246DDBFF9F
:100BF000FFFFFFFFFFFFFFFFFFFFFFFFFFFFFFFF05
:100C0000FFFFFFFFFFFFFFFFFFFFFFFFFFFFFFFFF4
:100C1000FFFFFFFFFFFFFFFFFFFFFFFFFFFFFFB62D
:100C20006D24000000000000000000246DDBFFFFC9
:100C3000FFFFFFFFFFFFFFFFFFFFFFFFFFFFFFFFC4
:100C4000FFFFFFFFFFFFFFFFFFFFFFFFFFFFFFFFB4
:100C5000FFFFFFFFFFFFFFFFFFFFFFFFFFFFFFFFA4
:100C6000B69249240000000000244992DBFFFFFFF8
:100C7000FFFFFFFFFFFFFFFFFFFFFFFFFFFFFFFF84
:100C8000FFFFFFFFFFFFFFFFFFFFFFFFFFFFFFFF74
:100C9000FFFFFFFFFFFFFFFFFFFFFFFFFFFFFFFF64
:100CA000FFDBB66D49492449496DB6FFFFFFFFFFE1
:100CB000FFFFFFFFFFFFFFFFFFFFFFFFFFFFFFFF44
:100CC000FFFFFFFFFFFFFFFFFFFFFFFFFFFFFFFF34
:100CD000FFFFFFFFFFFFFFFFFFFFFFFFFFFFFFFF24
:100CE000FFFFFFFFFFB69249B6FFFFFFFFFFFFFFC9
:100CF000FFFFFFFFFFB6922400000000000000008D
:100D000000000000000000000000000000000000E3
:100D10000000000000242449B6FFFFFFFFFFFFFF93
:100D2000FFFFFFFFB624000024B6FFFFFFFFFFFF19
:100D3000FFFFFFFFFF6D2400000000000000000027
:100D400000000000000000000000000000000000A3
:100D50000000000000000000246DB6FFFFFFFFFF51
:100D6000FFFFFFB624000000002449FFFFFFFFFF44
:100D7000FFFFFFFFFFDBB649494949494949494956
:100D800049494949494949494949494949494949D3
:100D90004949494949494924000024DBFFFFFFFF35
:100DA000FFFFB6240000000000000049FFFFFFFF26
:100DB000FFFFFFFFFFFFFFFFFFFFFFFFFFFFFFFF43
:100DC000FFFFFFFFFFFFFFFFFFFFFFFFFFFFFFFF33
:100DD000FFFFFFFFFFFFFFDB24000092FFFFFFFF8D
:100DE000FF492400242400002424000049FFFFFFC1
:100DF000FFFFFFFFFFFFFFFFFFFFFFFFFFFFFFFF03
:100E0000FFFFFFFFFFFFFFFFFFFFFFFFFFFFFFFFF2
:100E1000FFFFFFFFFFFFFFFF92000024FFFFFFFF28
:100E200049000000924900004992490000496DFFC5
:100E3000FFFFFFFFFFFFFFFFFFFFFFFFFFFFFFFFC2
:100E4000FFFFFFFFFFFFFFFFFFFFFFFFFFFFFFFFB2
:100E5000FFFFFFFFFFFFFFFFDB000000FFFFDB499D
:100E600000002492FF49000049FFFF490000009262
:100E7000FFFFFFFFFFFFFFFFFFFFFFFFFFFFFFFF82
:100E8000FFFFFFFFFFFFFFFFFFFFFFFFFFFFFFFF72
:100E9000FFFFFFFFFFFFFFFFDB000000FF6D4900CA
:100EA000004992FFFF49000049FFFFFF4900000091
:100EB0006DFFFFFFFFFFFFFFFFFFFFFFFFFFFFFFD4
:100EC000FFFFFFFFFFFFFFFFFFFFFFFFFFFFFFFF32
:100ED000FFFFFFFFFFFFFFFFDB00000092000000AD
:100EE00049FFFFFFFF49000049FFFFFFFF492400C2
:100EF0000092DBFFFFFFFFFFFFFFFFFFFFFFFFFF92
:100F0000FFFFFFFFFFFFFFFFFFFFFFFFFFFFFFFFF1
:100F1000FFFFFFFFFFFFFFFFDB0000002400004991
:100F2000FFFFFFFFFF49000049FFFFFFFFFFDB243A
:100F300000246DFFFFFFFFFFFFFFFFFFFFFFFFFF2D
:100F4000FFFFFFFFFFFFFFFFFFFFFFFFFFFFFFFFB1
:100F5000FFFFFFFFFFFFFFFFDB00000092496DFF77
:100F6000FFFFFFFFFF49000049FFFFFFFFFFFFDB1F
:100F70004992DBFFFFFFFFFFFFFFFFFFFFFFFFFFC8
:100F8000FFFFFFFFFFFFFFFFFFFFFFFFFFFFFFFF71
:100F9000FFFFFFFFFFFFFFFFDB000000FFFFFFFF82
:100FA000FFFFFFFFFF49000049FFFFFFFFFFFFFFBB
:100FB000FFFFFFFFFFFFFFFFFFFFFFFFFFFFFFFF41
:100FC000FFFFFFFFFFFFFFFFFFFFFFFFFFFFFFFF31
:100FD000FFFFFFFFFFFFFFFFDB000000FFFFFFFF42
:100FE000FFFFFFFFFF49000049FFFFFFFFFFFFFF7B
:100FF000FFFFFFFFFFFFFFFFFFFFFFFFFFFFFFFF01
:10100000FFFFFFFFFFFFFFFFFFFFFFFFFFFFFFFFF0
:10101000FFFFFFFFFFFFFFFFDB000000FFFFFFFF01
:10102000FFFFFFFFFF49000049FFFFFFFFFFFFFF3A
:10103000FFFFFFFFFFFFFFFFFFFFFFFFFFFFFFFFC0
:10104000FFFFFFFFFFFFFFFFFFFFFFFFFFFFFFFFB0
:10105000FFFFFFFFFFFFFFFFDB000000FFFFFFFFC1
:10106000FFFFFFFFFF49000049FFFFFFFFFFFFFFFA
:10107000FFFFFFFFFFFFFFFFFFFFFFFFFFFFFFFF80
:10108000FFFFFFFFFFFFFFFFFFFFFFFFFFFFFFFF70
:10109000FFFFFFFFFFFFFFFFDB000000FFFFFFFF81
:1010A000FFFFFFFFFF49000049FFFFFFFFFFFFFFBA
:1010B000FFFFFFFFFFFFFFFFFFFFFFFFFFFFFFFF40
:1010C000FFFFFFFFFFFFFFFFFFFFFFFFFFFFFFFF30
:1010D000FFFFFFFFFFFFFFFFDB000000FFFFFFFF41
:1010E000FFFFFFFFFF49000049FFFFFFFFFFFFFF7A
:1010F000FFFFFFFFFFFFFFFFFFFFFFFFFFFFFFFF00
:10110000FFFFFFFFFFFFFFFFFFFFFFFFFFFFFFFFEF
:10111000FFFFFFFFFFFFFFFFDB000000FFFFFFFF00
:10112000FFFFFFFFFF49000049FFFFFFFFFFFFFF39
:10113000FFFFFFFFFFFFFFFFFFFFFFFFFFFFFFFFBF
:10114000FFFFFFFFFFFFFFFFFFFFFFFFFFFFFFFFAF
:10115000FFFFFFFFFFFFFFFFDB000000FFFFFFFFC0
:10116000FFFFFFFFFF49000049FFFFFFFFFFFFFFF9
:10117000FFFFFFFFFFFFFFFFFFFFFFFFFFFFFFFF7F
:10118000FFFFFFFFFFFFFFFFFFFFFFFFFFFFFFFF6F
:10119000FFFFFFFFFFFFFFFFDB000000FFFFFFFF80
:1011A000FFFFFFFFFF49000049FFFFFFFFFFFFFFB9
:1011B000FFFFFFFFFFFFFFFFFFFFFFFFFFFFFFFF3F
:1011C000FFFFFFFFFFFFFFFFFFFFFFFFFFFFFFFF2F
:1011D000FFFFFFFFFFFFFFFFDB000000FFFFFFFF40
:1011E000FFFFFFFFFF49000049FFFFFFFFFFFFFF79
:1011F000FFFFFFFFFFFFFFFFFFFFFFFFFFFFFFFFFF
:10120000FFFFFFFFFFFFFFFFFFFFFFFFFFFFFFFFEE
:10121000FFFFFFFFFFFFFFFFDB000000FFFFFFFFFF
:10122000FFFFFFFFFF49000049FFFFFFFFFFFFFF38
:10123000FFFFFFFFFFFFFFFFFFFFFFFFFFFFFFFFBE
:10124000FFFFFFFFFFFFFFFFFFFFFFFFFFFFFFFFAE
:10125000FFFFFFFFFFFFFFFFDB000000FFFFFFFFBF
:10126000FFFFFFFFFF49000049FFFFFFFFFFFFFFF8
:10127000FFFFFFFFFFFFFFFFFFFFFFFFFFFFFFFF7E
:10128000FFFFFFFFFFFFFFFFFFFFFFFFFFFFFFFF6E
:10129000FFFFFFFFFFFFFFFFDB000000FFFFFFFF7F
:1012A000FFFFFFFFFF49000049FFFFFFFFFFFFFFB8
:1012B000FFFFFFFFFFFFFFFFFFFFFFFFFFFFFFFF3E
:1012C000FFFFFFFFFFFFFFFFFFFFFFFFFFFFFFFF2E
:1012D000FFFFFFFFFFFFFFFFDB000000FFFFFFFF3F
:1012E000FFFFFFFFFF49000049FFFFFFFFFFFFFF78
:1012F000FFFFFFFFFFFFFFFFFFFFFFFFFFFFFFFFFE
:10130000FFFFFFFFFFFFFFFFFFFFFFFFFFFFFFFFED
:10131000FFFFFFFFFFFFFFFFDB000000FFFFFFFFFE
:10132000FFFFFFFFFF49000049FFFFFFFFFFFFFF37
:10133000FFFFFFFFFFFFFFFFFFFFFFFFFFFFFFFFBD
:10134000FFFFFFFFFFFFFFFFFFFFFFFFFFFFFFFFAD
:10135000FFFFFFFFFFFFFFFFDB000000FFFFFFFFBE
:10136000FFFFFFFFFF49000049FFFFFFFFFFFFFFF7
:10137000FFFFFFFFFFFFFFFFFFFFFFFFFFFFFFFF7D
:10138000FFFFFFFFFFFFFFFFFFFFFFFFFFFFFFFF6D
:10139000FFFFFFFFFFFFFFFFDB000000FFFFFFFF7E
:1013A000FFFFFFFFFF49000049FFFFFFFFFFFFFFB7
:1013B000FFFFFFFFFFFFFFFFFFFFFFFFFFFFFFFF3D
:1013C000FFFFFFFFFFFFFFFFFFFFFFFFFFFFFFFF2D
:1013D000FFFFFFFFFFFFFFFFDB000000FFFFFFFF3E
:1013E000FFFFFFFFFF49000049FFFFFFFFFFFFFF77
:1013F000FFFFFFFFFFFFFFFFFFFFFFFFFFFFFFFFFD
:10140000FFFFFFFFFFFFFFFFFFFFFFFFFFFFFFFFEC
:10141000FFFFFFFFFFFFFFFFDB000000FFFFFFFFFD
:10142000FFFFFFFFFF49000049FFFFFFFFFFFFFF36
:10143000FFFFFFFFFFFFFFFFFFFFFFFFFFFFFFFFBC
:10144000FFFFFFFFFFFFFFFFFFFFFFFFFFFFFFFFAC
:10145000FFFFFFFFFFFFFFFFDB000000FFFFFFFFBD
:10146000FFFFFFFFFF49000049FFFFFFFFFFFFFFF6
:10147000FFFFFFFFFFFFFFFFFFFFFFFFFFFFFFFF7C
:10148000FFFFFFFFFFFFFFFFFFFFFFFFFFFFFFFF6C
:10149000FFFFFFFFFFFFFFFFDB000000FFFFFFFF7D
:1014A000FFFFFFFFFF49000049FFFFFFFFFFFFFFB6
:1014B000FFFFFFFFFFFFFFFFFFFFFFFFFFFFFFFF3C
:1014C000FFFFFFFFFFFFFFFFFFFFFFFFFFFFFFFF2C
:1014D000FFFFFFFFFFFFFFFFDB000000FFFFFFFF3D
:1014E000FFFFFFFFFF49000049FFFFFFFFFFFFFF76
:1014F000FFFFFFFFFFFFFFFFFFFFFFFFFFFFFFFFFC
:10150000FFFFFFFFFFFFFFFFFFFFFFFFFFFFFFFFEB
:10151000FFFFFFFFFFFFFFFFDB000000FFFFFFFFFC
:10152000FFFFFFFFFF49000049FFFFFFFFFFFFFF35
:10153000FFFFFFFFFFFFFFFFFFFFFFFFFFFFFFFFBB
:10154000FFFFFFFFFFFFFFFFFFFFFFFFFFFFFFFFAB
:10155000FFFFFFFFFFFFFFFFDB000000FFFFFFFFBC
:10156000FFFFFFFFFF49000049FFFFFFFFFFFFFFF5
:10157000FFFFFFFFFFFFFFFFFFFFFFFFFFFFFFFF7B
:10158000FFFFFFFFFFFFFFFFFFFFFFFFFFFFFFFF6B
:10159000FFFFFFFFFFFFFFFFDB000000FFFFFFFF7C
:1015A000FFFFFFFFFF49000049FFFFFFFFFFFFFFB5
:1015B000FFFFFFFFFFFFFFFFFFFFFFFFFFFFFFFF3B
:1015C000FFFFFFFFFFFFFFFFFFFFFFFFFFFFFFFF2B
:1015D000FFFFFFFFFFFFFFFFDB000000FFFFFFFF3C
:1015E000FFFFFFFFFF49000049FFFFFFFFFFFFFF75
:1015F000FFFFFFFFFFFFFFFFFFFFFFFFFFFFFFFFFB
:10160000FFFFFFFFFFFFFFFFFFFFFFFFFFFFFFFFEA
:10161000FFFFFFFFFFFFFFFFDB000000FFFFFFFFFB
:10162000FFFFFFFFFF49000049FFFFFFFFFFFFFF34
:10163000FFFFFFFFFFFFFFFFFFFFFFFFFFFFFFFFBA
:10164000FFFFFFFFFFFFFFFFFFFFFFFFFFFFFFFFAA
:10165000FFFFFFFFFFFFFFFFDB000000FFFFFFFFBB
:10166000FFFFFFFFFF49000049FFFFFFFFFFFFFFF4
:10167000FFFFFFFFFFFFFFFFFFFFFFFFFFFFFFFF7A
:10168000FFFFFFFFFFFFFFFFFFFFFFFFFFFFFFFF6A
:10169000FFFFFFFFFFFFFFFFDB000000FFFFFFFF7B
:1016A000FFFFFFFFFF49000049FFFFFFFFFFFFFFB4
:1016B000FFFFFFFFFFFFFFFFFFFFFFFFFFFFFFFF3A
:1016C000FFFFFFFFFFFFFFFFFFFFFFFFFFFFFFFF2A
:1016D000FFFFFFFFFFFFFFFFDB000000FFFFFFFF3B
:1016E000FFFFFFFFFF49000049FFFFFFFFFFFFFF74
:1016F000FFFFFFFFFFFFFFFFFFFFFFFFFFFFFFFFFA
:10170000FFFFFFFFFFFFFFFFFFFFFFFFFFFFFFFFE9
:10171000FFFFFFFFFFFFFFFFDB000000FFFFFFFFFA
:10172000FFFFFFFFFF49000049FFFFFFFFFFFFFF33
:10173000FFFFFFFFFFFFFFFFFFFFFFFFFFFFFFFFB9
:10174000FFFFFFFFFFFFFFFFFFFFFFFFFFFFFFFFA9
:10175000FFFFFFFFFFFFFFFFDB000000FFFFFFFFBA
:10176000FFFFFFFFFF49000049FFFFFFFFFFFFFFF3
:10177000FFFFFFFFFFFFFFFFFFFFFFFFFFFFFFFF79
:10178000FFFFFFFFFFFFFFFFFFFFFFFFFFFFFFFF69
:10179000FFFFFFFFFFFFFFFFDB000000FFFFFFFF7A
:1017A000FFFFFFFFFF49000049FFFFFFFFFFFFFFB3
:1017B000FFFFFFFFFFFFFFFFFFFFFFFFFFFFFFFF39
:1017C000FFFFFFFFFFFFFFFFFFFFFFFFFFFFFFFF29
:1017D000FFFFFFFFFFFFFFFFDB000000FFFFFFFF3A
:1017E000FFFFFFFFFF49000049FFFFFFFFFFFFFF73
:1017F000FFFFFFFFFFFFFFFFFFFFFFFFFFFFFFFFF9
:10180000FFFFFFFFFFFFFFFFFFFFFFFFFFFFFFFFE8
:10181000FFFFFFFFFFFFFFFFDB000000FFFFFFFFF9
:10182000FFFFFFFFFF49000049FFFFFFFFFFFFFF32
:10183000FFFFFFFFFFFFFFFFFFFFFFFFFFFFFFFFB8
:10184000FFFFFFFFFFFFFFFFFFFFFFFFFFFFFFFFA8
:10185000FFFFFFFFFFFFFFFFDB000000FFFFFFFFB9
:10186000FFFFFFFFFF49000049FFFFFFFFFFFFFFF2
:10187000FFFFFFFFFFFFFFFFFFFFFFFFFFFFFFFF78
:10188000FFFFFFFFFFFFFFFFFFFFFFFFFFFFFFFF68
:10189000FFFFFFFFFFFFFFFFDB000000FFFFFFFF79
:1018A000FFFFFFFFFF49000049FFFFFFFFFFFFFFB2
:1018B000FFFFFFFFFFFFFFFFFFFFFFFFFFFFFFFF38
:1018C000FFFFFFFFFFFFFFFFFFFFFFFFFFFFFFFF28
:1018D000FFFFFFFFFFFFFFFFDB000000FFFFFFFF39
:1018E000FFFFFFFFFF49000049FFFFFFFFFFFFFF72
:1018F000FFFFFFFFFFFFFFFFFFFFFFFFFFFFFFFFF8
:10190000FFFFFFFFFFFFFFFFFFFFFFFFFFFFFFFFE7
:10191000FFFFFFFFFFFFFFFFDB000000FFFFFFFFF8
:10192000FFFFFFFFFF49000049FFFFFFFFFFFFFF31
:10193000FFFFFFFFFFFFFFFFFFFFFFFFFFFFFFFFB7
:10194000FFFFFFFFFFFFFFFFFFFFFFFFFFFFFFFFA7
:10195000FFFFFFFFFFFFFFFFDB000000FFFFFFFFB8
:10196000FFFFFFFFFF49000049FFFFFFFFFFFFFFF1
:10197000FFFFFFFFFFFFFFFFFFFFFFFFFFFFFFFF77
:10198000FFFFFFFFFFFFFFFFFFFFFFFFFFFFFFFF67
:10199000FFFFFFFFFFFFFFFFDB000000FFFFFFFF78
:1019A000FFFFFFFFFF49000049FFFFFFFFFFFFFFB1
:1019B000FFFFFFFFFFFFFFFFFFFFFFFFFFFFFFFF37
:1019C000FFFFFFFFFFFFFFFFFFFFFFFFFFFFFFFF27
:1019D000FFFFFFFFFFFFFFFFDB000000FFFFFFFF38
:1019E000FFFFFFFFFF49000049FFFFFFFFFFFFFF71
:1019F000FFFFFFFFFFFFFFFFFFFFFFFFFFFFFFFFF7
:101A0000FFFFFFFFFFFFFFFFFFFFFFFFFFFFFFFFE6
:101A1000FFFFFFFFFFFFFFFFDB000000FFFFFFFFF7
:101A2000FFFFFFFFFF49000049FFFFFFFFFFFFFF30
:101A3000FFFFFFFFFFFFFFFFFFFFFFFFFFFFFFFFB6
:101A4000FFFFFFFFFFFFFFFFFFFFFFFFFFFFFFFFA6
:101A5000FFFFFFFFFFFFFFFFDB000000FFFFFFFFB7
:101A6000FFFFFFFFFF49000049FFFFFFFFFFFFFFF0
:101A7000FFFFFFFFFFFFFFFFFFFFFFFFFFFFFFFF76
:101A8000FFFFFFFFFFFFFFFFFFFFFFFFFFFFFFFF66
:101A9000FFFFFFFFFFFFFFFFDB000000FFFFFFFF77
:101AA000FFFFFFFFFF49000049FFFFFFFFFFFFFFB0
:101AB000FFFFFFFFFFFFFFFFFFFFFFFFFFFFFFFF36
:101AC000FFFFFFFFFFFFFFFFFFFFFFFFFFFFFFFF26
:101AD000FFFFFFFFFFFFFFFFDB000000FFFFFFFF37
:101AE000FFFFFFFFFF49000049FFFFFFFFFFFFFF70
:101AF000FFFFFFFFFFFFFFFFFFFFFFFFFFFFFFFFF6
:101B0000FFFFFFFFFFFFFFFFFFFFFFFFFFFFFFFFE5
:101B1000FFFFFFFFFFFFFFFFDB000000FFFFFFFFF6
:101B2000FFFFFFFFFF49000049FFFFFFFFFFFFFF2F
:101B3000FFFFFFFFFFFFFFFFFFFFFFFFFFFFFFFFB5
:101B4000FFFFFFFFFFFFFFFFFFFFFFFFFFFFFFFFA5
:101B5000FFFFFFFFFFFFFFFFDB000000FFFFFFFFB6
:101B6000FFFFFFFFFF49000049FFFFFFFFFFFFFFEF
:101B7000FFFFFFFFFFFFFFFFFFFFFFFFFFFFFFFF75
:101B8000FFFFFFFFFFFFFFFFFFFFFFFFFFFFFFFF65
:101B9000FFFFFFFFFFFFFFFFDB000000FFFFFFFF76
:101BA000FFFFFFFFFF6D240049FFFFFFFFFFFFFF67
:101BB000FFFFFFFFFFFFFFFFFFFFFFFFFFFFFFFF35
:101BC000FFFFFFFFFFFFFFFFFFFFFFFFFFFFFFFF25
:101BD000FFFFFFFFFFFFFFFF92000024FFFFFFFF5B
:101BE000FFFFFFFFFFB66D002492DBFFFFFFFFFF4B
:101BF000FFFFFFFFFFFFFFFFFFFFFFFFFFFFFFFFF5
:101C0000FFFFFFFFFFFFFFFFFFFFFFFFFFFFFFFFE4
:101C1000FFFFFFFFFFFFFFDB2400006DFFFFFFFF63
:101C2000FFFFFFFFFFFFDB24002424494949494906
:101C30004949494949494949494949494949494914
:101C40004949494949494949494949494949494904
:101C50004949494949494924000024DBFFFFFFFF66
:101C6000FFFFFFFFFFFFFFB62400000000000000A1
:101C70000000000000000000000000000000000064
:101C80000000000000000000000000000000000054
:101C90000000000000000000246DB6FFFFFFFFFF02
:101CA000FFFFFFFFFFFFFFFFDB6D49240000000087
:101CB0000000000000000000000000000000000024
:101CC0000000000000000000000000000000000014
:101CD0000000000000002449B6FFFFFF04050607CE
:101CE00008030202020200C1814001C0804101C01C
:101CF000804100C1814001C0804100C1814000C1DC
:101D0000814001C0804101C0804100C1814000C1CB
:101D1000814001C0804100C1814001C0804101C0BB
:101D2000804100C1814001C0804100C1814000C1AB
:101D3000814001C0804100C1814001C0804101C09B
:101D4000804100C1814000C1814001C0804101C08B
:101D5000804100C1814001C0804100C1814000C17B
:101D6000814001C0804101C0804100C1814000C16B
:101D7000814001C0804100C1814001C0804101C05B
:101D8000804100C1814000C1814001C0804101C04B
:101D9000804100C1814001C0804100C1814000C13B
:101DA000814001C0804100C1814001C0804101C02B
:101DB000804100C1814001C0804100C1814000C11B
:101DC000814001C0804101C0804100C1814000C10B
:101DD000814001C0804100C1814001C0804101C0FB
:101DE000804100C1814000C0C101C30302C2C606D8
:101DF00007C705C5C404CC0C0DCD0FCFCE0E0ACA43
:101E0000CB0BC90908C8D81819D91BDBDA1A1EDE92
:101E1000DF1FDD1D1CDC14D4D515D71716D6D21242
:101E200013D311D1D010F03031F133F3F23236F652
:101E3000F737F53534F43CFCFD3DFF3F3EFEFA3A02
:101E40003BFB39F9F83828E8E929EB2B2AEAEE2E92
:101E50002FEF2DEDEC2CE42425E527E7E62622E202
:101E6000E323E12120E0A06061A163A3A26266A652
:101E7000A767A56564A46CACAD6DAF6F6EAEAA6AC2
:101E80006BAB69A9A86878B8B979BB7B7ABABE7E12
:101E90007FBF7DBDBC7CB47475B577B7B67672B2C2
:101EA000B373B17170B05090915193535292965652
:101EB0005797559594549C5C5D9D5F9F9E5E5A9A82
:101EC0009B5B99595898884849894B8B8A4A4E8E12
:101ED0008F4F8D4D4C8C4484854587474686824282
:101EE000438341818040F763131302010100000026
:101EF000010203040607080902040608020C081080
:101F0000201F03080000002074010000A001000849
:101F1000781F030874010020F4520000324F0008BB
:101F20009112A02303142008C314A010040C6340D2
:101F30000BDBDE20FD45A19F9919FE4BDBDE026B1A
:101F4000FFFF0AC9020A1DFF010B1C1084020B1CB3
:101F5000E00740110A1C0440110A1DF8400A1D80C8
:101F60004001413A010101137CC2EB0B240008003F
:081F7000020304060708090042
:0400000508000141AD
:00000001FF
