:020000040800F2
:100000009856002059010008C5250008D31B000898
:10001000C1250008FD040008F1510008000000009F
:10002000000000000000000000000000793500081A
:10003000C10E000800000000552C0008C53A000859
:1000400073010008730100087301000873010008C0
:1000500073010008730100081911000873010008FA
:1000600073010008730100087301000873010008A0
:100070007301000873010008730100087301000890
:100080007301000873010008730100087301000880
:100090007301000873010008730100087301000870
:1000A0007301000873010008730100087301000860
:1000B00073010008194B0008730100087301000860
:1000C0007301000873010008730100087301000840
:1000D00073010008F54D0008730100087301000862
:1000E0007301000873010008730100087301000820
:1000F0007301000873010008730100087301000810
:1001000073010008730100087301000873010008FF
:1001100073010008730100087301000873010008EF
:1001200073010008730100087301000873010008DF
:1001300073010008730100087301000873010008CF
:10014000DFF810D000F01AF80048004759570008AF
:10015000AFF30080985600200648804706480047C5
:10016000FEE7FEE7FEE7FEE7FEE7FEE7FEE7FEE767
:10017000FEE7FEE7E13A000841010008064C074DA2
:1001800006E0E06840F0010394E807009847103467
:10019000AC42F6D3FFF7D8FF08230308282303084F
:1001A00070B58C1810F8015B15F0070301D110F839
:1001B000013B2A1106D110F8012B03E010F8016B66
:1001C00001F8016B5B1EF9D12B0705D40023521EE9
:1001D0000DD401F8013BFAE710F8013BCB1A921C51
:1001E00003E013F8015B01F8015B521EF9D5A1424F
:1001F000D8D3002070BD000070B50E4805780E48B9
:10020000057003200C4948700020887003210A48BB
:1002100000F076F904460849CC70201208710520D8
:1002200081F83200084690F83220002004F07EFF6A
:1002300070BD000002100020161000202DE9F05FB4
:100240002C4807782C4890ED010AF2EE040A20EEC3
:10025000200ABCEEC00A10EE100A84B22046E11754
:1002600004EB1161C1F30728E11704EB11610912D6
:10027000A4EB012101F0FF091F4890ED000AF2EE06
:10028000040A20EE200ABCEEC00A10EE100A85B265
:100290002846E91705EB1161C1F3072AE91705EBB9
:1002A00011610912A5EB012101F0FF0B1348077042
:1002B00003201249487004208870084680F80380A3
:1002C00080F8049080F805A080F806B0072100F0BF
:1002D00017F906460949CE7130120872092081F8D3
:1002E0003200084690F83220002004F01FFFBDE8DD
:1002F000F09F000002100020AC110020161000201A
:1003000010B5044890F8332000F13401002004F0C7
:100310000DFF10BD161000202DE9F0418046B8F108
:10032000000F05D14FF6FF7542F2041637460DE077
:10033000B8F1010F05D142F204154FF6FF762F46B2
:1003400004E042F204152E464FF6FF774FF49B73FC
:10035000E0223C21084604F083FA002404E0284609
:1003600004F008FB601CC4B2552CF8DBE0231A46ED
:1003700094213C2004F074FA002404E0284604F0A0
:10038000F9FA601CC4B2582CF8DB4FF49B73E022DE
:100390009421084604F064FA002404E0284604F09E
:1003A000E9FA601CC4B2552CF8DB4FF49B731A4673
:1003B00094213C2004F054FA002404E0284604F080
:1003C000D9FA601CC4B2582CF8DBCC2375223C212E
:1003D000084604F045FA002404E0304604F0CAFA66
:1003E000601CC4B2572CF8DB75231A4694213C20BC
:1003F00004F036FA002404E0304604F0BBFA601C36
:10040000C4B2582CF8DBCC2375229421084604F0A2
:1004100027FA002404E0304604F0ACFA601CC4B2B1
:10042000572CF8DBCC231A4694213C2004F018FA10
:10043000002404E0304604F09DFA601CC4B2582C3D
:10044000F8DB61230A223C21084604F009FA002463
:1004500004E0384604F08EFA601CC4B2572CF8DB76
:100460000A231A4694213C2004F0FAF9002404E0FF
:10047000384604F07FFA601CC4B2582CF8DB6123C4
:100480000A229421084604F0EBF9002404E03846DF
:1004900004F070FA601CC4B2572CF8DB61231A46D2
:1004A00094213C2004F0DCF9002404E0384604F0F8
:1004B00061FA601CC4B2582CF8DBBDE8F0817047CB
:1004C00010B502F099FC04F06FFA01F0C1FFFFF7DC
:1004D000F6FF01F0DBFD04F01AFF02F0F9FF02F075
:1004E000D1FD04F081FC04F0D9FA02F06CF800F0C0
:1004F000EBFD01F04DFD02F045F810BD00BFFEE739
:1005000070B502460C46FF25FF2309E012F8010BE7
:1005100080EA03010648405C80EA05030548455C23
:10052000201EA4F10106B4B2F0D143EA052070BD4B
:10053000EE200308EE21030810B501460F4BD878D2
:100540001A7941B1431CDBB218460D4CA45CA3429E
:100550000ADB002008E0031EA0F10104E0B203D191
:10056000074B9B5C5B1ED8B2044BD8700A23034C2C
:10057000E3710123034C637010BD00009C11002047
:10058000E92003089011002070B505460D48047954
:10059000601CC0B20446052800DB002401200A4983
:1005A0000870084804710A200649C8710749085DA7
:1005B00003F074F80120064988700020054988700E
:1005C00070BD00009C11002027010020E4200308DA
:1005D00090110020310100202DE9F14F86B0B14883
:1005E0000079B14911F80090A9F10400052878D2EA
:1005F000DFE800F0035678A0C9000925AB48007871
:1006000006460290642096FBF0F0C0B28DF806001A
:10061000642096FBF0F100FB1160C0B20646039027
:100620000A2096FBF0F0C0B28DF805000A2096FB78
:10063000F0F100FB1160C0B2064604908DF8046032
:100640009848C078022802DD02209649C870954873
:10065000C078022804D102250398C830029013E024
:100660009DF8060002280FDB8E48C078012804D1CF
:1006700004250498F030029006E09DF80500042857
:1006800002DB0725F72002904FF0000B0298F728B5
:1006900001DD681EC5B28348C07801A947188FE004
:1006A000092582484478A04644460A2098FBF0F188
:1006B00000FB1140C0B28DF804000A2098FBF0F056
:1006C000C0B28DF805007748C078012802DD01200E
:1006D0007449C8704FF0000B7248C07801A94718E0
:1006E0006EE06CE0092571488478A04644460A20F3
:1006F00098FBF0F100FB1140C0B28DF804000A2015
:1007000098FBF0F0C0B28DF805006648C07801286B
:1007100002DD01206349C8706248C078012800D119
:1007200001254FF0000B5F48C07801A9471804F07D
:1007300039FE45E009255D48C47805940A20059CEA
:1007400094FBF0F100FB1140C0B28DF804000A20C8
:10075000059C94FBF0F0C0B28DF805005148C078BC
:10076000012802DD01204F49C8704E48C078012899
:1007700000D101254FF0000B4A48C07801A9471865
:1007800004F010FE1CE00125484804790594007926
:100790008DF804004348C078012802DD012041495A
:1007A000C8704048C078012800D101254FF0000BE7
:1007B0003C48C07801A9471804F0F4FD00E000BFF0
:1007C00000BF97F800A0069820B10AF1010000F0E0
:1007D000FF0A03E0AAF1010000F0FF0AAA4505DDC7
:1007E000069810B14FF0000A00E0AA4687F800A072
:1007F000B9F1040F13D19DF80600642110FB01F03C
:100800009DF8051001EB810100EB41009DF80410FB
:100810000844C6B2F72E00DDF72624480670B9F169
:10082000050F12D12148407800EE100AB8EE400AB8
:100830001F4880ED000A9DF804009DF8051001EBAB
:10084000810100EB410019494870B9F1060F09D147
:100850009DF804009DF8051001EB810100EB4100BB
:1008600012498870B9F1070F09D19DF804009DF86D
:10087000051001EB810100EB41000C49C870B9F192
:10088000080F03D19DF804000849087100200549AC
:1008900088700A20C87101200649487007B0BDE879
:1008A000F08F00009C110020E42003080C100020B1
:1008B0003C010020901100202DE9F041FE48006825
:1008C000401CFD49086001F087F9FC4800780528C4
:1008D0007ED2DFE800F003FE4FDFFD00F64800683F
:1008E000F749884209D8002004F09AFE012004F05C
:1008F00059FF012004F046FF3BE0EF480068F14952
:10090000884209D8002004F08BFE002004F04AFF42
:10091000002004F037FF2CE0E7480068EA498842ED
:1009200009D8012004F07CFE002004F03BFF0020E9
:1009300004F028FF1DE0E548D0ED010AE4484078C6
:1009400000EE100AB8EE400AF4EEC00AF1EE10FA1A
:1009500006DD0120DF4908700220D849087005E053
:100960000120DC4908700320D44908700020D249D6
:10097000086022E2012004F053FE002004F012FF80
:10098000002004F0FFFED348007801280CD1CF48A6
:1009900090ED010ABDEEC00ACF4880ED000A0020AC
:1009A000CC490870CD490860C84890ED010ABDEEF9
:1009B000C00A10EE100AC849096888420DDA002002
:1009C000C6490860C14890ED010ABDEEC00A00E0CA
:1009D000E9E1C14880ED000A04E0C0480068401C1D
:1009E000BE490860B94890ED010ABDEEC00A10EE9C
:1009F000100AB9490968C91C88420CDD0220B849AF
:100A000008700020B54908600120AC49087000203A
:100A1000A9490860D1E1AD48D0ED010AAC48407861
:100A200000EE100AB8EE400AF4EEC00AF1EE10FA39
:100A30000BD20120A74908700020A84908609E49F0
:100A4000086003209D490870B7E1A4480068A549E3
:100A500088421ED30020A14908609C4890ED010AFD
:100A6000BDEEC00A10EE100A9B490968C91C8842F5
:100A700006DC04209149087001209649087005E0C1
:100A800002209749087001208C49087000208A498B
:100A9000086092E18F48007801280ED18B4890EDD4
:100AA000010ABDEEC00A8C4880ED000A0020894989
:100AB00008708D49087080490860844890ED010AEB
:100AC000BDEEC00A10EE100A83490968884201E0B1
:100AD0006CE0DFE007DA7D4890ED010ABDEEC00A68
:100AE0007D4880ED000A794890ED010ABDEEC00A0C
:100AF00010EE100A78490968091D884209DD0320B3
:100B00007749087001206D49087000206A49086023
:100B100053E17548007860BB012004F081FD00209E
:100B200004F040FE002004F02DFE634800686F4989
:100B300088423AD36548D0ED010A6548407800EE16
:100B4000100AB8EE400AF4EEC00AF1EE10FA06D22E
:100B500001206549087000205749086025E0012000
:100B60005C4908700420554908700020524908600B
:100B70001BE0002004F054FD002004F013FE0020D0
:100B800004F000FE5148D0ED010A5148407800EED3
:100B9000100AB8EE400AF4EEC00AF1EE10FA04DBD7
:100BA0000020514908704449086006E1494800782E
:100BB00001280AD1454890ED010ABDEEC00A464819
:100BC00080ED000A002043490870404890ED010A7A
:100BD000BDEEC00A10EE100A3F490968884208DAE3
:100BE0003A4890ED010ABDEEC00A3B4880ED000A8C
:100BF00019E0364890ED010ABDEEC00A10EE100A69
:100C0000354909680C3188420DDD042034490870EB
:100C100029480068364908600120284908700020EA
:100C200025490860C9E0244800683249884209D251
:100C3000002004F0F5FC012004F0B4FD012004F0D4
:100C4000A1FD26E01C4800682B49884209D20020FB
:100C500004F0E6FC012004F0A5FD002004F092FD64
:100C600017E0154800682549884209D2002004F0A1
:100C7000D7FC002004F096FD002004F083FD08E07E
:100C800001201449087002200C49087000200A490C
:100C9000086092E000261A4F11480078022803D01D
:100CA0000F480078032831D1012004F0B9FC00205E
:100CB00004F078FD002025E060010020860100207E
:100CC00040771B00C0C62D0040164000AC1100202C
:100CD00002100020700100206C010020740100202F
:100CE00078010020A068060071010020E093040054
:100CF0007C0100204024140020B81800205E27004A
:100D0000804F120004F03EFD3C4628E02C4D2D485B
:100D10000068A84201D22C4E09E02A490968481B04
:100D20002949884201D20E1A00E0002600BFF419BA
:100D300026480068B04209D2002004F071FC00206F
:100D400004F030FD002004F01DFD08E0012004F057
:100D500067FC002004F026FD002004F013FD1B4872
:100D60000068A0421ED31A48D0ED010A1948407805
:100D7000401E00EE100AB8EEC00AF4EEC00AF1EE12
:100D800010FA06DD0120144908700220134908708A
:100D900005E0012010490870032010490870002068
:100DA0000A49086009E002200C49087001200A493C
:100DB000087000200549086000BF00BFBDE8F08151
:100DC000A00E15007C010020C02709006001002052
:100DD000AC110020021000207001002086010020CC
:100DE000002019E01649095C164A125C914203DDA5
:100DF0001549095C124A11541149095C124A125CE6
:100E0000914203DA1049095C0D4A11540C49095CFE
:100E10000E4A1154411CC8B20528E3DB0849497940
:100E200001F00F01072905DD0549497901F0F001BD
:100E3000034A517102494979044A517170470000CF
:100E400002100020EE220308F32203080C100020F9
:100E500070B5002413E04FF6FF7000EA44260A49FB
:100E6000701800F0DFFA054642F22830854203DBB5
:100E70004FF6FF70854200D103E0601C84B20A2C5B
:100E8000E9DB00BF304670BD00F8030810B5094823
:100E90000078012803D00848C07A012800D110BD8D
:100EA000064890F83300062800DAF8E700F022F848
:100EB00000BFF4E7270100204E110020161000208B
:100EC000704700B5034603E04FF47A7000F005F870
:100ED000181EA3F10103F7D100BD07E0002101E0D6
:100EE0004A1C91B21529FBDB421E90B20028F5DCAA
:100EF0007047000070B54B4804784B4890F83300B9
:100F0000801E81B248483430FFF7FAFA0646464858
:100F100090F83300801E444934310D5C424890F80B
:100F20003300401E085C05EB002085B23E4890F877
:100F3000340050BB3C4890F83500062825D13A488B
:100F400090F83300082820D1374890F8370010B9BE
:100F500002F08AF865E0344890F83700012860D143
:100F60003248007A02285CD00120304908722E48AD
:100F700090F839002E49087001202C4988722D49BB
:100F80000871042002F08AFB4BE0274890F83400F7
:100F9000A04246D1F4B3244890F83500032802D08B
:100FA00006283ED112E0204890F8380030B91E489B
:100FB00090F83900012801D1FFF71EF91A4890F87E
:100FC00039000E2801D1FFF739F900BF164890F813
:100FD0003700C12825D1FFF793F9134890F839104D
:100FE00090F8380001EB002000EE100AB8EEC00ABD
:100FF000F2EE040A80EE201ABCEEC10A10EE100ACE
:101000000B4948700846407863280ADA0846407859
:10101000044900E005E0487002F0B0FA052002F053
:101020003DFB70BD0210002016100020F60F0020BE
:101030000C1000203101002070B506460D48808953
:1010400000F23F1083B20B488289EF21002003F0A9
:1010500007FC00240AE0002504E0304603F08AFC87
:10106000681C85B2F02DF8DB601C84B2B4F5A07F5B
:10107000F1DB70BD7A4E002010B500200849C8721F
:1010800008490870C870487088700549C8710872AE
:101090000449087102F002FB01F020FA10BD0000C3
:1010A0004E1100202701002008B506208DF8000011
:1010B00000208DF801008DF8020001208DF803005A
:1010C000684601F08DFA08BD0EB50120ADF80800A4
:1010D00002208DF80A0028208DF80B0002A90D4887
:1010E00000F01EFA0121084601F076FE00210846B4
:1010F00000F0F6F90120009000208DF80400102087
:101100008DF8050001208DF80600684600F02EF8E5
:101110000EBD00000008014010B5012000F012F8DB
:1011200030B1012000F008F804F08AFA0149087093
:1011300010BD000026010020014908607047000032
:1011400014040140014600200022074B1B6803EAFB
:101150000102054B14331B680B4013B10AB1012087
:1011600000E00020704700000004014000212349F6
:101170008279002A3AD00A46126803689A430B46DD
:101180001A600A1D126803689A430B1D1A600279DF
:1011900011440A6803681A430A60184A0832126840
:1011A00003689A43154B08331A601A1D12680368C6
:1011B0009A43124B0C331A604279102A0ED11A1F2F
:1011C000126803681A430D4B08331A601A1D12681F
:1011D00003681A43094B0C331A600DE00749427942
:1011E00011440A6803681A430A6005E00279114451
:1011F0000A6803689A430A607047000000040140CF
:1012000010B501200D498870C87000200871FFF7E3
:1012100033FF00200A4988720A48C07900B910BD1E
:10122000002405E00848005D08490855601CC4B268
:10123000052CF7DB02F0A2F900BFF0E73101002036
:10124000F60F00209C1100200C100020021000203E
:1012500030B504460425B4F1046F24D3681F00F0B0
:1012600004F90546042D1CD12448006840F0020012
:1012700022499039C1F890000846C0F89440D0F84F
:10128000900040F040001D490860681F00F0EDF834
:1012900005461A489038D0F8900020F0020017490F
:1012A0000860284630BD164800684FF0006101EB29
:1012B0008020401EA0421FD3480000F0C3F805461E
:1012C000042D19D10D489038006940F002000B49F7
:1012D0009039086108464461006940F040000861A7
:1012E000C80300F0AFF8054604489038006920F0C4
:1012F00002000249903908612846D3E79020024055
:10130000E0F7FF1F04200B49C96801F0010109B192
:1013100001200EE00749C96801F0040109B102206B
:1013200007E00449C96801F0100109B1032000E099
:10133000042070470020024004200B49096801F096
:10134000010109B101200EE00749096801F004011B
:1013500009B1022007E00449096801F0100109B150
:10136000032000E0042070478C20024003480069FD
:1013700040F08000014908617047000000200240F1
:1013800070B504460D460426B4F1046F1ED34FF425
:10139000704000F06AF80646042E15D11F48006818
:1013A00040F001001D49086025804FF4704000F0B6
:1013B0005CF8064619489038D0F8900020F00100FB
:1013C00016499039C1F89000304670BD1448006845
:1013D0004FF0006101EB8020401EA0421CD34FF46F
:1013E000704000F02FF80646042E15D10B489038B7
:1013F000006940F0010009499039086125804FF4E7
:10140000704000F01FF8064604489038006920F04C
:1014100001000249903908613046D6E79020024029
:10142000E0F7FF1F014608887047000002480349A3
:101430004860034848607047230167450020024028
:10144000AB89EFCD00B502460423FFF75BFF0346EF
:1014500003E0FFF757FF0346521E012B01D1002A7C
:10146000F7D102B90523184600BD00B50246042392
:10147000FFF762FF034603E0FFF75EFF0346521EDD
:10148000012B01D1002AF7D102B90523184600BD6E
:1014900030B50346A12921DBA12B0DDBA92B0BDCE9
:1014A000A1F1A100A3F1A104C4EB041505EB4414C0
:1014B00000EB4400504330BDB02B0FDBF72B0DDCAD
:1014C000A1F1A100A3F1B004C4EB041505EB441491
:1014D00000EB440000F24E305043ECE70020EAE716
:1014E00030B500228B071C0F0F2303FA04F20B4BBD
:1014F0008C1053F824309343084C8D1044F8253059
:1015000023468C1053F824308C07240F00FA04F47F
:101510002343024C8D1044F8253030BD08000140B3
:101520002DE9F0410246002500260020002300247A
:10153000002791F803C00CF00F0591F803C00CF0E0
:10154000100CBCF1000F03D091F802C04CEA050565
:1015500091F800C0BCF1000F31D0146800202BE0DE
:101560004FF0010C0CFA00F3B1F800C00CEA0306CE
:101570009E4220D183004FF00F0C0CFA03F7BC43BE
:1015800005FA03FC4CEA040491F803C0BCF1280FEF
:1015900006D14FF0010C0CFA00FCC2F814C00AE0AE
:1015A00091F803C0BCF1480F05D14FF0010C0CFAC3
:1015B00000FCC2F810C0401C0828D1D31460B1F858
:1015C00000C0BCF1FF0F34DD546800202EE000F1B4
:1015D000080C4FF0010808FA0CF3B1F800C00CEA4F
:1015E00003069E4221D183004FF00F0C0CFA03F743
:1015F000BC4305FA03FC4CEA040491F803C0BCF1B7
:10160000280F05D100F1080C08FA0CF8C2F8148074
:1016100091F803C0BCF1480F07D100F1080C4FF05E
:10162000010808FA0CF8C2F81080401C0828CED334
:101630005460BDE8F0810000F0B50346B3F1004FFF
:1016400071D90025002223F00044E50904F07F044D
:10165000220904F00F04970004FA07F6062D15D2AC
:10166000DFE805F00305080B0E11F8480FE0F74816
:10167000001D0CE0F548083009E0F4480C3006E0A5
:10168000F248103003E0F148143000E000BF00BF22
:1016900022B9076827F00F0707603DE0012A12D141
:1016A000012D0BD1042C04D9076827F0C00707606F
:1016B00032E0076827F0300707602DE0076827F061
:1016C000F007076028E0022A04D1076827F4706752
:1016D000076021E0032A04D1076827F470470760F8
:1016E0001AE0042A04D1076827F47027076013E082
:1016F000052A04D1076827F4700707600CE0062A62
:1017000004D1076827F07067076005E0072A03D156
:10171000076827F070470760012902D1076837433F
:1017200007603EE2FFE7B3F5802F6FD037DCB3F5FB
:10173000007F6CD015DC102B6AD008DC012B68D040
:10174000022B7BD0042B7AD0082B72D17CE0302B7B
:1017500070D0402B6FD0C02B6ED0B3F5807FF4D10A
:10176000E4E0B3F5804F68D00CDCB3F5407F7CD06B
:10177000B3F5006F7AD0B3F5406F78D0B3F5805FE2
:10178000E3D162E0B3F5C04F72D0B3F5004F57D04C
:10179000B3F5803F55D0B3F5003FD6D152E0B3F159
:1017A000005F76D01DDCB3F5000F73D00CDCB3F511
:1017B000002F4BD0B3F5801F49D0B3F5001F6AD07E
:1017C000B3F5800FC1D18FE1B3F1807F74D0B3F155
:1017D000007F72D0B3F1806F70D0B3F1805FB4D16D
:1017E00066E19B4A981A934269D014DCB3F1804FAA
:1017F00076D0A3F180402038002872D0B0F5787FF1
:1018000070D0944A104400289FD18BE11BE09DE0EA
:1018100042E02EE012E0B0F5802F74D0B0F5402FFA
:1018200072D0B0F5A01F70D0B0F5E01F8DD17BE174
:1018300005E0B4E144E056E068E0C7E000BF00BF67
:1018400000BF00BF00BF00BF00BF00BF00BF7F4898
:101850002038406898437D4A203A5060012903D1DE
:1018600010464068184350609AE17FE08EE09DE0AA
:10187000BCE0764820384068774A1040734A203AE6
:101880005060012904D11046406840F001005060CA
:1018900086E1FFE01AE135E16C482038406820F02D
:1018A00030006A4A203A5060012904D1104640684D
:1018B00040F01000506073E1A8E0B7E0CEE032E104
:1018C00062482038406820F03000604A203A50607A
:1018D000012904D11046406840F0300050605FE1BB
:1018E000CAE01DE11DE159482038406820F0C000E1
:1018F000564A203A5060012904D11046406840F011
:10190000400050604CE120E12DE13AE14F482038A1
:10191000406820F0C0004D4A203A5060012904D1AF
:101920001046406840F0C000506039E14748203818
:10193000406820F44070454A203A5060012904D1A3
:101940001046406840F48070506029E13F482038DC
:10195000406820F440703D4A203A5060012904D18B
:101960001046406840F40070506019E13748203854
:10197000406820F44070354A203A5060012904D173
:101980001046406840F44070506009E12F4820380C
:10199000406820F440602D4A203A5060012904D16B
:1019A0001046406840F400605060F9E02748203855
:1019B000406820F44060254A203A5060012904D153
:1019C0001046406840F440605060E9E01F4820380D
:1019D000406820F4C0401D4A203A5060012904D1DB
:1019E0001046406840F480405060D9E017482038E5
:1019F000406820F4C040154A203A5060012904D1C3
:101A00001046406840F4C0405060C9E00F4820389C
:101A1000406820F0E0600D4A203A5060012904D16E
:101A20001046406840F080705060B9E007482038A8
:101A3000406820F0E060054A203A5060012904D156
:101A40001046406840F000705060A9E0200001405E
:101A5000000004402000FEFFFEFFFF7F5148406869
:101A600020F0E0604F4A5060012904D110464068E0
:101A700040F08060506093E04A48406820F0804029
:101A8000484A5060012904D11046406840F0804027
:101A9000506085E04348406820F00050414A506063
:101AA000012904D11046406840F00050506077E0B2
:101AB0003C48406820F080503A4A5060012904D1E7
:101AC0001046406840F08050506069E035484068FA
:101AD00020F40000334A5060012904D110464068C8
:101AE00040F4000050605BE02E48406820F4800025
:101AF0002C4A5060012904D11046406840F480000F
:101B000050604DE02748406820F40010254A50609E
:101B1000012904D11046406840F4001050603FE0B5
:101B200000BF00BF00BF00BF1E48C069C3F315025D
:101B300090431C4AD061012906D11046C069C3F305
:101B400015021043174AD0612AE01648C06920F4F4
:101B5000C010144AD061012904D11046C06940F474
:101B60000020D0611CE00F48C06920F4C0100D4A6D
:101B7000D061012904D11046C06940F48010D061C1
:101B80000EE00848C06920F4C010064AD06101295F
:101B900004D11046C06940F4C010D06100E000BF1D
:101BA00000BFF0BD000001400246002093680B40DA
:101BB0000BB1012000E000207047416170470161D6
:101BC00070474FF6FF710180022181700421C170BE
:101BD000704700BFFEE70000034890ED010A03488C
:101BE00080ED000A70470000AC1100200C000020BE
:101BF0002DE9F04104460E4617464FF0000800203C
:101C000020704FF480712748FFF7D9FF80251FE02F
:101C10004FF400712348FFF7D2FF0120FFF75DF971
:101C20003846FFF75AF90320FFF757F94FF4807150
:101C30001C48FFF7B9FF10B12078284320704FF4FB
:101C400000711848FFF7B9FF0120FFF746F96D1042
:101C5000002DDDDC2EB94FF480711248FFF7ADFF87
:101C600004E04FF480710F48FFF7A9FF0120FFF750
:101C700034F94FF400710B48FFF7A1FF0520FFF77F
:101C80002CF94FF400710748FFF797FF4FF480716C
:101C90000448FFF794FF1420FFF71FF94046BDE802
:101CA000F0810000000C014010B54FF480710F4826
:101CB000FFF785FF0120FFF710F94FF400710B4883
:101CC000FFF77DFF0120FFF708F94FF48071074807
:101CD000FFF773FF0A20FFF700F94FF40071034884
:101CE000FFF76BFF0A20FFF7F8F810BD000C01406A
:101CF00010B54FF400710F48FFF75FFF0120FFF7A9
:101D0000ECF84FF480710B48FFF757FF0120FFF705
:101D1000E4F84FF400710748FFF751FF0A20FFF77E
:101D2000DCF84FF480710348FFF749FF0A20FFF702
:101D3000D4F810BD000C014070B505460026802483
:101D400021E004EA050028B94FF480711E48FFF72E
:101D500034FF04E04FF480711B48FFF730FF01208F
:101D6000FFF7BBF84FF400711748FFF728FF052075
:101D7000FFF7B3F84FF400711348FFF71EFF01207F
:101D8000FFF7ABF86410002CDBDC4FF480710E48D9
:101D9000FFF715FF4FF400710B48FFF710FF01200C
:101DA000FFF79BF84FF480710748FFF7FDFE00B185
:101DB00001264FF400710448FFF7FFFE1420FFF7DF
:101DC0008CF8304670BD0000000C01402DE9F04158
:101DD00004460E4617464FF00008002020700221EE
:101DE0002248FFF7ECFE80251CE004211F48FFF786
:101DF000E6FE0120FFF771F83846FFF76EF8032082
:101E0000FFF76BF802211948FFF7CEFE10B12078DA
:101E10002843207004211548FFF7CFFE0120FFF76B
:101E20005CF86D10002DE0DC26B902210F48FFF7A9
:101E3000C4FE03E002210D48FFF7C1FE0120FFF7B9
:101E40004CF804210948FFF7BAFE0520FFF745F8D2
:101E500004210648FFF7B1FE02210448FFF7AFFE58
:101E60001420FFF73AF84046BDE8F0810008014031
:101E700010B502210D48FFF7A2FE0120FFF72DF853
:101E800004210A48FFF79BFE0120FFF726F80221F4
:101E90000648FFF792FE0A20FFF71FF804210348C7
:101EA000FFF78BFE0A20FFF718F810BD000801406D
:101EB00070B50546002680241DE004EA050020B91F
:101EC00002211B48FFF779FE03E002211848FFF7C3
:101ED00076FE0120FFF701F804211548FFF76FFE99
:101EE0000520FEF7FAFF04211148FFF766FE0120E6
:101EF000FEF7F3FF6410002CDFDC02210C48FFF733
:101F00005EFE04210A48FFF75AFE0120FEF7E5FFB6
:101F100002210748FFF748FE00B1012604210448CA
:101F2000FFF74BFE1420FEF7D8FF304670BD0000CF
:101F30000008014030B502460B46FF20002113E0A7
:101F4000555C684008240BE000F0800525B1312580
:101F500085EA4005E8B201E04506280E651EECB2B0
:101F6000002CF1DC4D1CE9B29942E9DB30BD2DE9D2
:101F7000F04105460E46144631462846FFF7DAFF83
:101F80000746A74202D00220BDE8F0810020FBE70F
:101F900008B50620ADF8000001208DF802001420DD
:101FA0008DF8030069460248FFF7BAFA08BD000041
:101FB000000801402DE9FC4105460E4617463A4609
:101FC000002101A8FFF702FF044634B900221146A0
:101FD0000DF10500FFF7FAFE04462CB90022314648
:101FE0006846FFF7F3FE044634B99DF8002002214D
:101FF00001A8FFF7BCFF04469DF805009DF80410FA
:1020000040EA012028802046BDE8FC810149087093
:10201000704700008301002010B5FFF729FF054934
:102020000978012202EB4101C8B2FFF741FF0446E3
:10203000204610BD8301002010B50446202C10D08E
:1020400006DC012C19D0042C1AD0102C1BD104E072
:10205000402C0ED0802C16D107E00120FEF794FA18
:1020600012E00020FEF7B8FA0EE00120FEF7B4FA05
:102070000AE00120FEF760FA06E0FFF7C1F803E08E
:1020800000F072FE00BF00BF00BF10BD704700002F
:1020900010B504460848007A012808D1074800789E
:1020A0000749087001F06AFA0220034908722046C5
:1020B000FFF7C2FF10BD0000F60F00200C1000203B
:1020C0000210002070B53C48407A012800D170BD54
:1020D0003A48007900B9FAE700203849087101F060
:1020E000A7FA04462046E11704EB1161C1F3072566
:1020F000E6B23148407A022837D03048807901284A
:1021000033D12E48407CA8422DD125BB2B484078A6
:1021100001281AD12948007C18B92848007C0128D8
:1021200013D02648007C102807D1012024490871CB
:102130002249087CFFF7ACFF07E02148007901281D
:1021400003D11E49087CFFF7A3FF00201B494870FC
:102150000846057407E01948407820B9012017495E
:10216000487008460574154845741348407A03289A
:102170001BD012484079012817D11048C07BB042CB
:1021800011D11EB900200D4908700CE00B480078F1
:1021900048B90B480079012805D13046FFF778FF90
:1021A0000120064908700548C6730020034948719C
:1021B000887100BF8BE70000F60F00204E11002051
:1021C0003101002000B54B48037A052B00DB0523C5
:1021D0004948408949F22631884205D0464840891D
:1021E00047F2937188423DD1C3EBC300434901EBF1
:1021F00040021078424908705078487050884880F2
:1022000090888880D088C88010890881508948814A
:1022100090898881032002F0A9FB3949488802F09F
:10222000A9FB4FF4047002F0A1FB3549888802F045
:10223000A1FB40F2112002F099FB3149C88802F05D
:1022400099FB40F2122002F091FB2D49088902F01F
:1022500091FB40F2132002F089FB2949488902F0E2
:1022600089FB46E0C3EBC300264901EB400210782E
:10227000234908705078487050884880908888803A
:10228000D088C880108908815089488190898881C8
:10229000362002F06BFB1A49488802F06BFB2A20BB
:1022A00002F064FB16498988081202F063FB1449A6
:1022B000087902F05FFB1249C988081202F05AFB44
:1022C0000F49887902F056FB2B2002F04FFB0C4996
:1022D0000989081202F04EFB0949087A02F04AFB0C
:1022E00007494989081202F045FB0549887A02F03E
:1022F00041FB00BD02100020901100209C580008F6
:102300007A4E0020F058000810B549484078C0B90E
:102310004848C07928B948480078012801D1FEF71B
:102320006FFF4448407860B14248808948B9002036
:10233000404948704148407840490870012001F008
:10234000ADF93B48407800B910BD002201213C485E
:1023500002F0EAFC022036494870084600794871CC
:1023600001221146364802F0DFFC3148007920B1E5
:102370004FF400513348FFF720FC334804682C48E1
:1023800040790A281BD2DFE800F01A081A1A0B0E4F
:102390001114170500F09CFB14E000F0E1F911E0C6
:1023A00000F060F90EE001F0CBFA0BE001F066FA04
:1023B00008E001F025FB05E001F022FA02E000F060
:1023C000CFF900BF00BF20480068001B18490881F2
:1023D00008464078022812D1002048708870C870E2
:1023E0001A484078062802DB002018494870104837
:1023F000018916484278083020F8121016E0134878
:10240000407818B906201149487006E00F48407816
:10241000062802DB01200D494870054802890B4857
:102420004078401E0949083121F8102000BF8BE791
:10243000901100209C110020270100201E01002087
:1024400000040040000C0140884E00206411002070
:1024500008B58020ADF8000002208DF802001020A1
:102460008DF8030069461A48FFF75AF82020ADF8A6
:10247000000069461748FFF753F81020ADF8000038
:1024800069461448FFF74CF82020ADF80000694673
:102490001148FFF745F80820ADF8000069460C48E0
:1024A000FFF73EF880210A48FFF787FB2021094803
:1024B000FFF783FB10210748FFF77FFB2021064829
:1024C000FFF77DFB08210248FFF777FB08BD0000FE
:1024D00000080140001001400018014010B5002024
:1024E0000249087003F0C0F810BD00001E01002072
:1024F00010B500F073FD0948007858B9002405E0D4
:102500000748005D05490855601CC4B2052CF7DB7F
:1025100001F034F8FEF764FC10BD0000021000204A
:10252000F322030838B50446102C00DD00241048BF
:10253000807801281AD10F48007868B90C480470D7
:1025400000780D4901EBC0050C4800680090D5E902
:10255000001201F065FB09E006480478102C00DD4C
:102560000024074931F81400FEF766FD38BD00006D
:102570009011002010000020C0590008005B0008E6
:102580001400002008B57020ADF8000001208DF87F
:10259000020010208DF8030069460848FEF7C0FFCE
:1025A00040210648FFF70BFB20210448FFF707FBFB
:1025B00010210248FFF703FB08BD0000000801409E
:1025C00000BFFEE7704710B54FF4A06000F040F880
:1025D00002F090FAFEF768FD02F04EFC10BD00001C
:1025E00070B5002100230F22C47804B3154C246871
:1025F00004F4E064C4F5E064210AC1F10403CA40B4
:10260000447804FA03F184781440214309010E4C04
:102610000678A155047804F01F050124AC40057824
:102620006D11AD0005F1E025C5F8004109E0047821
:1026300004F01F050124AC40044D0678761145F8DE
:10264000264070BD0CED00E000E400E080E100E019
:1026500002490143024A1160704700000000FA0578
:102660000CED00E03EB538480478002002900025CB
:102670000A2094FBF0F100FB11403030C0B28DF81D
:102680000800642094FBF0F100FB11400A2190FB4C
:10269000F1F03030C0B28DF80900642094FBF0F006
:1026A0003030C0B28DF80A002748007908B90225F9
:1026B00000E00A2525480078A84204D0E8B2FFF7D8
:1026C00031FF22490D702249C878FDF725FE2148C7
:1026D0002149097830F8110020491F4A127831F851
:1026E0001210CDE900109DF808200523F3214820A1
:1026F00001F066FE17481849097830F811001749AB
:10270000154A127831F81210CDE900109DF8092011
:1027100005238921482001F053FE0E480E4909780F
:1027200030F811000D490C4A127831F81210CDE939
:1027300000109DF80A2005231E21482001F040FECC
:102740000220024948703EBD0C10002031010020DB
:102750009C110020140000201000002034000020F4
:1027600070B52DED028B86B00020059004900024FA
:102770009FED770AB0EE408A002500260390754849
:1027800090ED000AB0EE408AB2EE040A28EE000A8C
:10279000BCEEC00A10EE104A6F4890ED000AF2EE4F
:1027A000040A20EE200ABCEEC00A10EE105ABCEE5D
:1027B000C80A10EE100A86B2684840780A2190FBD9
:1027C000F1F03030C0B28DF80C006448407890FBD6
:1027D000F1F201FB12003030C0B28DF80D0000F0B4
:1027E000C9F804A9204602F0E0FA05A9284602F03B
:1027F000DCFA9DF8100030282CD159485949097845
:1028000030F811005849574A127831F81210CDE9C2
:1028100000109DF81120052384215C2001F0D0FDDB
:1028200084235C22AC21104601F070FA4C484D49DB
:10283000097830F811004C494A4A127831F81210E0
:10284000CDE900109DF813200523B6215C2001F08E
:10285000B7FD29E09DF8100030B34148414909789F
:1028600030F8110040493F4A127831F81210052221
:102870000223CDE90021029004AA5C21084601F060
:10288000B3FF37483749097830F811003649354ADF
:10289000127831F81210CDE900109DF813200523AD
:1028A000B6215C2001F08CFD4FF6FF700323062259
:1028B00068210090A82002F055FE2948294909788E
:1028C00030F811002849274A127831F812100022F6
:1028D0000423CDE90021029005AA0A21B42001F0C9
:1028E00083FF1F481F49097830F811004FF44071E9
:1028F000CDE900109DF80C2003230E21762001F075
:102900005FFD17481749097830F811004FF44071FE
:10291000CDE900109DF80D2003231E21762001F043
:102920004FFD1248C089012803D01148C078012802
:1029300009D10F48C178304602F070FD00200B49E4
:10294000C8810B49C87006B0BDEC028B70BD000099
:10295000000000000C000020AC110020021000203C
:10296000140000201000002034000020884E0020B9
:102970003101002038B500244C484078401C00EE5E
:10298000100AB8EEC00A4A48D0ED000AB4EEE00AD8
:10299000F1EE10FA03DB01204649087011E04348CC
:1029A0004078401C00EE100AB8EEC00A4048D0ED56
:1029B000000AB4EEE00AF1EE10FA02D200203D491E
:1029C00008703D480078A8B13A48007890B93B4873
:1029D000007908B9002400E00824E0B2FFF7A2FD66
:1029E0000121002002F01AFD002033490870022066
:1029F000487024E030480078012820D02D48007825
:102A000001281CD12E48807A012806D120212D488A
:102A1000FFF7D5F800202A4988722848007908B9BC
:102A2000012400E00924E0B2FFF77CFD0121002031
:102A300002F0F4FC012020490870022048701D4873
:102A40004078012817D11C484078012813D01B4832
:102A5000007908B9052400E00D241B4800EBC403ED
:102A60001A4840680090D3E9001201F0D9F801201B
:102A70001149487018E00F484078A8B90E484078CE
:102A800090B10E48007908B9042400E00C240E48E7
:102A900000EBC4030D4840680090D3E9001201F038
:102AA000BFF800200449487038BD00000210002023
:102AB0000C0000201C010020310100200C1000201F
:102AC000AC11002000100140C0590008005B000854
:102AD0002DE9FE414A480088FEF7AEFA494890F8D1
:102AE00000800120474908704748408947F29371A8
:102AF000884228D14548007820B191245A25C4261F
:102B00001E2703E07824AA2555266E273C48008816
:102B10004FF6FF7101220623CDE9002102903CA26D
:102B20002946204601F060FE354800884DF6DB61FD
:102B300000221E23CDE90021029039A239463046F9
:102B400001F052FE56E03048408949F22631884271
:102B500028D12E48007820B191245A25C4261E275A
:102B600003E07824AA2555266E27254800884FF6CD
:102B7000FF7101220623CDE90021029024A22946FB
:102B8000204601F031FE1E4800884DF6DB61002230
:102B90001E23CDE90021029021A23946304601F0E2
:102BA00023FE27E01948007820B1EB245A25C826D7
:102BB0001E2703E0782450255526642710480088F6
:102BC0004FF6FF7101220A23CDE90021029019A2DC
:102BD0002946204601F008FE094800884DF6DB61D1
:102BE00000221E23CDE90021029016A2394630466C
:102BF00001F0FAFD034880F80080BDE8FE81000086
:102C00001200002010000020901100207A4E0020B9
:102C100048535F436162696E657420202020200064
:102C200056312E303020202020323032332D3035B6
:102C30002D303800534D445F44484320202020204D
:102C40000000000056322E36322D32363038313800
:102C5000000000007047F0B5074627B94FF6FF7532
:102C600042F2041603E042F204154FF6FF7640F2FA
:102C70002B13B4222C21084601F0F2FD002404E0BD
:102C8000284601F077FE601CC4B2782CF8DBB42330
:102C90001A46A4212D2001F0E3FD002404E028467B
:102CA00001F068FE601CC4B2762CF8DB40F22B13F6
:102CB000B422A421084601F0D3FD002404E02846F4
:102CC00001F058FE601CC4B2782CF8DB40F22B13E4
:102CD0001A46A4212D2001F0C3FD002404E028465B
:102CE00001F048FE601CC4B2762CF8DB8B23142262
:102CF0002C21084601F0B4FD002404E0304601F028
:102D000039FE601CC4B2782CF8DB14231A46A421C7
:102D10002D2001F0A5FD002404E0304601F02AFE3C
:102D2000601CC4B2762CF8DB8B231422A421084645
:102D300001F096FD002404E0304601F01BFE601C0B
:102D4000C4B2782CF8DB8B231A46A4212D2001F085
:102D500087FD002404E0304601F00CFE601CC4B284
:102D6000762CF8DBF0BD000010B501200749887013
:102D7000C87000200871FEF77FF9002004498872AE
:102D80000448C07900B910BD00BFFCE73101002044
:102D9000F60F00209C11002029B1064A5269024317
:102DA000044B5A6104E0034A52698243014B5A6161
:102DB000704700000010024029B1064AD269024360
:102DC000044BDA6104E0034AD2698243014BDA61C1
:102DD000704700000010024029B1064A9269024380
:102DE000044B9A6104E0034A92698243014B9A6161
:102DF000704700000010024010B54FF4803000F022
:102E0000B5F801210802FFF7C7FF01210448FFF7C9
:102E1000D3FF012144F67D00FFF7DEFF10BD000067
:102E200003000018F0B50022002100240023484DC3
:102E30006D6805F00C0222B1042A05D0082A3ED1A3
:102E400005E0444D05603DE0424D05603AE0404DEF
:102E50006D6805F480343E4D6D683F4E05EA06010D
:102E600001F0C04535B901F47015B5F5701F01D0FA
:102E7000022500E0012501F0C046C1F3834747EA7F
:102E80005666A9191CB9354D4D4305600BE0304D10
:102E90006D6805F400351DB1304D4D43056002E00D
:102EA0002C4D4D4305602A4D6D6805F000452DB948
:102EB0002B4E0568B54201D93546056002E0254D27
:102EC000056000BF00BF224D6D68C5F30212204DA2
:102ED0006D6805F0800515B1224DAD5C00E0002560
:102EE0002B460568DD404560194D6D68C5F301222C
:102EF000174D6D6805F4806515B11A4DAD5C00E0A5
:102F000000252B464568DD408560114D6D68C5F391
:102F1000C1220F4D6D6805F4005515B1114DAD5C22
:102F200000E000252B464568DD40C560084D6D6812
:102F3000C5F38132064D6D6805F080550DB142F044
:102F40000402094DAB5CC568B5FBF3F50561F0BD46
:102F50000010024000127A0000003C6000093D00B1
:102F600000A24A04F8220308002303081149096853
:102F700021F480310F4A11601146096821F4802143
:102F80001160B0F5803F03D0B0F5802F0ED106E080
:102F90000849096841F48031064A116007E0054993
:102FA000096841F4A021034A116000E000BF00BF9E
:102FB0007047000000100240012806D10649496D03
:102FC00041F03001044A516505E00349496D21F0A3
:102FD0003001014A51657047001002402DE9F04769
:102FE00000250026A846FEF721FAFDF731FF8146AD
:102FF000484602F0E1FAFEF7B9F9002411E0184959
:10300000A01C31F81000454004F1220031F81000F6
:10301000464004F1420031F8100080EA0808601CC4
:1030200084B2062CEBDB002415E025B90C49A01C6A
:1030300031F810700BE02EB9094904F1220031F883
:10304000107004E0064904F1420031F8107005499F
:103050000F55601C84B2062CE7DBBDE8F08700004A
:10306000984E00200210002010B5FEF705F802F07F
:10307000A9FB00200249087000F080FA10BD000092
:103080000210002008B54FF44070ADF80000012098
:103090008DF8020014208DF8030069460148FEF700
:1030A0003FFA08BD000C014038B50446204600F048
:1030B00041F9684600F004FA05460121002000F0BD
:1030C0003FF938BD10B54420FFF7EEFF10BD30B515
:1030D00002460B46FF20002113E0555C684008249F
:1030E0000BE000F0800525B1312585EA4005E8B206
:1030F00001E04506280E651EECB2002CF1DC4D1CEB
:10310000E9B29942E9DB30BD00EE900AF8EE600AC0
:103110009FED1A1A60EE810A9FED191AC0EE811A0E
:10312000B0EE610A174989780A290BDB15498978BD
:103130000A3900EE901AF8EEE00A70EE800AB0EE5E
:10314000600A19E00F49897800EE901AF8EE600ADB
:10315000F4EEC00AF1EE10FA04DBDFED0B0AB0EE7C
:10316000600A09E00749897800EE901AF8EE600AD3
:1031700070EE600AB0EE600A704700000000C842BE
:1031800000FF7F470C1000200000000000EE900AB6
:10319000F8EE600A9FED1C1A60EE810ADFED1B1A43
:1031A00080EEA11ADFED1A0A71EE600AB0EE600A35
:1031B0001849C9780A290BDB1649C9780A3900EE83
:1031C000901AF8EEE00A70EE800AB0EE600A19E09C
:1031D0001049C97800EE901AF8EE600AF4EEC00AC1
:1031E000F1EE10FA04DBDFED0C0AB0EE600A09E044
:1031F0000849C97800EE901AF8EE600A70EE600A8D
:10320000B0EE600A7047000000002F4300FF7F47C8
:10321000000034420C100020000000002DE9F041B5
:1032200005460E46144631462846FFF750FF07462E
:10323000A74202D00220BDE8F0810020FBE72DE983
:10324000FC4105460E4617463A46002101A8FEF706
:10325000CFFC044634B9002211460DF10500FEF7FB
:10326000C7FC04462CB9002231466846FEF7C0FC74
:10327000044634B99DF80020022101A8FFF7CEFFD3
:1032800004469DF805009DF8041040EA01202880BE
:103290002046BDE8FC8100007CB5044600F0F6F84D
:1032A000054625B94FF4604000F0FEF8054615B913
:1032B00000F0DCF805462DB90022114601A8FFF701
:1032C000BEFF05462DB9002201216846FFF7B7FF72
:1032D00005460DBBBDF80400FFF758FF84ED000A5A
:1032E000BDF80000FFF710FF84ED010AA0898028D7
:1032F00001DB0020A081BDF80410A28904F10E00BA
:1033000020F81210BDF80010A28904F5877020F88B
:103310001210A089401CA081FEF7EAFC0448807AC4
:10332000012802D0012000F0B9F928467CBD000038
:10333000F60F00200149087070470000800100204E
:1033400070B506460D4600F0A1F80446002C72D177
:10335000002E57D0012E2BD0022E7FD1052D22D248
:10336000DFE805F003090F151B0042F22F0000F003
:103370009BF804431AE042F22D1000F095F8044344
:1033800014E042F22B2000F08FF804430EE042F2EA
:10339000293000F089F8044308E042F22A7000F076
:1033A00083F8044302E044F0800400BF00BF58E00B
:1033B000052D22D2DFE805F003090F151B0042F2AC
:1033C000240000F071F804431AE042F2261000F0E5
:1033D0006BF8044314E042F2202000F065F8044347
:1033E0000EE042F2223000F05FF8044308E042F2BF
:1033F000217000F059F8044302E044F0800400BF5B
:1034000000BF2EE0052D24D2DFE805F003090F17D9
:103410001D0042F2320000F047F804431CE042F283
:10342000301000F041F8044316E042F2362000F07C
:103430003BF8044310E015E010E042F2343000F0B5
:1034400033F8044308E042F2377000F02DF80443EB
:1034500002E044F0800400BF00BF02E044F08004BA
:1034600000BF00BFFEF744FC204670BD10B5FEF75C
:103470001BFC05490978012202EB4101C8B2FEF7A5
:103480005BFC0446204610BD8001002010B5FEF70D
:103490000BFC044909784906080EFEF74DFC04466A
:1034A000204610BD8001002070B504462012FEF7B2
:1034B00043FC0546E0B2FEF73FFC0543284670BDDD
:1034C00070B50546FFF7E2FF0446204670BD0000D8
:1034D00008B501210D20FFF77FFC6846FEF771FB60
:1034E0004FF4C850ADF8000002208DF802001820FB
:1034F0008DF8030069461948FEF712F8C220ADF8AE
:10350000000069461648FEF70BF801211548FEF742
:1035100093F801211448FEF78FF802201349086040
:1035200000BF1248001D006800F001000028F8D11B
:103530000F480E49091F08600E480C498839C1F828
:10354000840000BF09480830006800F080000028AF
:10355000F8D106491031086008BD0000000801409C
:10356000000C014000002040000400408820024080
:1035700023016745AB89EFCD704700002DE9F0418D
:103580000026FDF72DFC00240EE02648055D6E4068
:103590002549A01C21F81050203021F8105020306F
:1035A00021F81050601C84B2052CEEDB1E48C68149
:1035B000A0F84E60A0F88E60FDF74AFC074638463A
:1035C00001F0FAFF00241DE01749A01C31F810108B
:1035D000164A32F81000814211D1134904F1220039
:1035E00031F8101032F81000814208D10E4904F170
:1035F000420031F8101032F81000814200D003E090
:10360000601C84B2062CDFDB00BF062C07DA0748FB
:103610000088401C04490880384601F0E3FFBDE8FB
:10362000F08100000210002098500020984E0020E9
:103630001848C27B417C4079012805D100221648F8
:103640000078082800D101221248807901281DD174
:10365000002111480078102801D1102116E00E48F1
:103660000078022801D1202110E00B4800780128C1
:1036700001D180210AE008480078202801D14021AA
:1036800004E005480078042800D1042102EB012061
:1036900080B270474E11002026010020174949785A
:1036A000022903D10321154A517002E00121134A76
:1036B00051700121114A91700021114A517011700D
:1036C000D17091700F494A784978491C0D4B597057
:1036D000052A02DB00211A46517000F07F01074ADB
:1036E000117108494A78891C885407490A680549B4
:1036F0004B78143141F823207047000090110020CE
:10370000BC13002064110020884E002010B500F08A
:1037100001F810BD1CB500200190009035480068EC
:1037200040F480303349086000BF3248006800F43C
:10373000003000900198401C0190009818B9019841
:10374000B0F5405FF1D12B48006800F4003010B1B3
:103750000120009001E0002000900098012847D14E
:1037600024484068234948600846406820F4605077
:1037700048600846406840F4005048600846406889
:1037800020F4E06048600846406840F4806048608B
:10379000084640681849084016494860084640688D
:1037A00016490843134948600846006840F0807095
:1037B000086000BF0F48006800F000700028F9D0D2
:1037C0000120FFF7F9FB0B48406820F0030009498E
:1037D00048600846406840F00200486000BF054865
:1037E000406800F00C000828F9D10020FFF7E4FB46
:1037F0001CBD000000100240FFFFC01F000021A000
:103800003EB5184805790020029010240A2095FB47
:10381000F0F100FB11503030C0B202901248007835
:10382000A04204D0E0B2FEF77DFE0F490C700F49B4
:10383000C878FFF710FA0E480E49097830F81100E1
:103840000D490C4A127831F81210CDE900109DF89C
:1038500008200523DC21482000F0B2FD02200249A7
:1038600048703EBD0C100020310100209C1100204A
:103870001400002010000020340000203EB52A482B
:103880008578002002900A2D03DA2D208DF809009A
:1038900002E02B208DF809000A2095FBF0F100FBD7
:1038A00011503030C0B28DF8080000241E48007955
:1038B00008B9062400E00E241C480078A04204D079
:1038C000E0B2FEF72FFE19490C701949C878FFF7CE
:1038D000C2F918481849097830F811001749164AF2
:1038E000127831F81210CDE900109DF80820052358
:1038F000DC21482000F064FD0E480F49097830F8BB
:1039000011000E490C4A127831F81210CDE900105E
:103910009DF8092005233C21482000F051FD02209C
:10392000024948703EBD00000C100020310100200B
:103930009C11002014000020100000203400002002
:103940003EB529484578002002900A2095FBF0F00A
:103950003030C0B28DF809000A2095FBF0F100FB71
:1039600011503030C0B28DF8080000241E48007994
:1039700008B9032400E00B241C480078A04204D0BE
:10398000E0B2FEF7CFFD19490C701949C878FFF76E
:1039900062F918481849097830F811001749164A91
:1039A000127831F81210CDE900109DF80820052397
:1039B000DC21482000F004FD0E480F49097830F85A
:1039C00011000E490C4A127831F81210CDE900109E
:1039D0009DF8092005233C21482000F0F1FC02203D
:1039E000024948703EBD00000C100020310100204B
:1039F0009C11002014000020100000203400002042
:103A00003EB52A48C578002002900A2D03DA2D2001
:103A10008DF8090002E02B208DF809000A2095FBA3
:103A2000F0F100FB11503030C0B28DF808000024D6
:103A30001E48007908B9072400E00F241C480078CC
:103A4000A04204D0E0B2FEF76DFD19490C7019498F
:103A5000C878FFF700F918481849097830F81100BC
:103A60001749164A127831F81210CDE900109DF866
:103A700008200523DC21482000F0A2FC0E480F4955
:103A8000097830F811000E490C4A127831F81210FA
:103A9000CDE900109DF8092005233C21482000F0C5
:103AA0008FFC0220024948703EBD00000C1000202F
:103AB000310100209C110020140000201000002083
:103AC0003400002005480079012803D10020034973
:103AD000087102E001200149087170472C010020A3
:103AE00010B51A48006840F470001849086018487A
:103AF000006840F001001649086008464068154912
:103B000008401349486008460068134908401049B6
:103B100008600846006820F4802008600846406875
:103B20000E4908400A4948600846006B0C490840A5
:103B3000074908634FF41F008860FFF7E7FD4FF067
:103B4000006002498039086010BD000088ED00E087
:103B5000001002400C00FFE8FFFFF6FEFFFF001719
:103B600000FFFEFE10B5012027494872FEF7C0FC99
:103B700000F006FF0020254908800920FFF78EFD90
:103B8000FEF7C2FB46F2A810FDF79BF98021204802
:103B9000FEF715F84FF47A70FDF793F980211C4871
:103BA000FEF70BF820211B48FEF709F84FF47A7056
:103BB000FDF787F920211748FDF7FFFF1021154871
:103BC000FDF7FDFF4FF47A70FDF77BF910211148E6
:103BD000FDF7F3FF08210E48FDF7F1FF4FF47A706F
:103BE000FDF76FF908210A48FDF7E7FF00200649B5
:103BF000C8714872084908704FF47A700749888084
:103C0000FDF73AFA10BD0000F60F00201200002068
:103C10000008014000100140360D0020884E0020B1
:103C20002DE9F74F82B03848007818B3BDF80A0084
:103C300035498989084485B2BDF80A003249898925
:103C40000844BDF80E10084486B2BDF80870BDF8EF
:103C50000800BDF80C1008441FFA80F8BDF80CA04D
:103C6000701E83B2A8F1010081B22A46384600F0E6
:103C7000F7FD1BE0BDF80850BDF80800BDF80C10BA
:103C8000084486B2BDF80A70BDF80A00BDF80E10EF
:103C900008441FFA80F8BDF80CA0A8F1010083B217
:103CA000701E81B23A46284600F0DAFD049800F111
:103CB000036000904FF000091FE009FB0AF001903B
:103CC000002413E0204604EBD0714910A4EB41011D
:103CD00021B901982044009951F810B01FFA8BF0D7
:103CE00000F048FE4FEA1B4B601C84B2701BA042E0
:103CF000E8DC09F101001FFA80F9A8EB070048454C
:103D0000DBDC05B0BDE8F08F7A4E00202DE9F84FDE
:103D100005460E4690461F462A4800782A4901EB80
:103D2000C000406800F103600090B54201DAB84578
:103D300001DBBDE8F88F2548007840B1701E83B2E2
:103D4000781E81B22A46404600F08AFD07E0781EC0
:103D500083B2701E81B24246284600F081FDC14602
:103D60002CE000BFC9EB091005EB001B00241EE08E
:103D70001748007890B9204604EBD0714910A4EBA5
:103D8000410121B90BEB0400009951F810A01FFA72
:103D90008AF000F0EFFD4FEA1A4A06E00D490C4A9E
:103DA000127831F8120000F0E5FD601C84B2701B3F
:103DB000A042DDDC09F101001FFA80F9B945D0DB32
:103DC00000BFB6E790110020C05900087A4E0020CD
:103DD000100000201400002010B54FF48051FE4860
:103DE000FDF7EDFE0A20FDF76CF84FF48051FA481C
:103DF000FDF7E3FE6420FDF764F84FF48051F648C8
:103E0000FDF7DDFE4FF4FA70FDF75BF8F3484089EB
:103E100047F2937188427CD1012000F0A7FD4FF456
:103E2000807000F0A7FDFEF7CDF9902000F09EFD18
:103E30004FF4004000F09EFD4FF4806000F096FDCE
:103E40004FF4C44000F096FD40F2014000F08EFDBA
:103E5000002000F08FFD40F2044000F087FD0020BC
:103E600000F088FDFF2000F081FD012000F082FDC0
:103E70004FF4817000F07AFD4FF4D87000F07AFDB5
:103E80004FF4E26000F072FD102000F073FD40F28C
:103E9000127000F06BFD0F2000F06CFD40F25270CC
:103EA00000F064FD2F2000F065FD0220FDF709F809
:103EB0004FF4607000F05AFD40F2031000F05AFD1C
:103EC00040F2813000F052FD45F61B4000F052FDFB
:103ED00040F2823000F04AFD40F6013000F04AFD29
:103EE00040F2833000F042FD40F2156000F042FDE8
:103EF0004FF4617000F03AFD40F2111000F03AFD0D
:103F000040F2853000F032FD40F2031000F032FD47
:103F100000E045E040F2863000F028FD49F6174009
:103F200000F028FD40F2873000F020FD40F20760ED
:103F300000F020FD4FF4627000F018FD40F21460B4
:103F400000F018FD40F2893000F010FD40F2111031
:103F500000F010FD40F2027000F008FD572000F064
:103F600009FDFF2000F002FD002000F003FD072006
:103F700000F0FCFC4FF4807000F0FCFC0620FCF725
:103F8000A0FF4FF4007000F0F1FC002000F0F2FC04
:103F900040F2012000F0EAFC002000F0EBFC0DE212
:103FA0008E48408949F2263188427CD140F2027025
:103FB00000F0DCFC43F2080000F0DCFC40F205708D
:103FC00000F0D4FC362000F0D5FC40F20B7000F07D
:103FD000CDFC41F2132000F0CDFC012000F0C6FC26
:103FE0004FF4807000F0C6FC022000F0BFFC4FF4DC
:103FF000807000F0BFFCFEF7E5F8902000F0B6FC02
:104000004FF4004000F0B6FC082000F0AFFC40F296
:10401000022000F0AFFC092000F0A8FC002000F016
:10402000A9FC0C2000F0A2FC002000F0A3FC0F2053
:1040300000F09CFC002000F09DFC4FF4807000F02C
:1040400095FC002000F096FC4FF4817000F08EFC8F
:10405000002000F08FFC40F2031000F087FC0020ED
:1040600000F088FC1420FCF72CFF4FF4807000F067
:104070007DFC41F2901000F07DFC40F2011000F058
:1040800075FC40F2272000F075FC0520FCF719FFB5
:104090004FF4817000F06AFC9F2000F06BFC05205B
:1040A000FCF70FFF00E0C9E040F2031000F05EFCF7
:1040B0004FF4345000F05EFC40F2812000F056FCDA
:1040C0000E2000F057FC0520FCF7FBFE4FF40070BB
:1040D00000F04CFC002000F04DFC40F2012000F00C
:1040E00045FC002000F046FC4FF4407000F03EFC20
:1040F000002000F03FFC40F2013000F037FC40F2BD
:10410000077000F037FC40F2023000F02FFC40F264
:10411000066000F02FFC40F2053000F027FC002084
:1041200000F028FC40F2063000F020FC4FF4506014
:1041300000F020FC40F2073000F018FC40F206705E
:1041400000F018FC4FF4427000F010FC052000F065
:1041500011FC40F2093000F009FC072000F00AFCD5
:104160004FF4437000F002FC002000F003FC40F22A
:104170000D3000F0FBFB0A2000F0FCFB4FF48060E8
:1041800000F0F4FB4FF4445000F0F4FB40F2014027
:1041900000F0ECFB012000F0EDFB40F2044000F0E9
:1041A000E5FB002000F0E6FB4FF4A06000F0DEFB32
:1041B000002000F0DFFB40F2015000F0D7FB0020B0
:1041C00000F0D8FB40F2025000F0D0FB002000F0DD
:1041D000D1FB40F2035003E0000C0140901100209D
:1041E00000F0C4FB002000F0C5FB40F2045000F0DA
:1041F000BDFB002000F0BEFB40F2055000F0B6FB16
:10420000002000F0B7FB102000F0B0FB102000F001
:10421000B1FB112000F0AAFB4FF4C06000F0AAFB34
:10422000202000F0A3FB022000F0A4FB072000F0F8
:104230009DFB40F2731000F09DFBBFE0112000F0E9
:1042400095FB7820FCF73DFE362000F08FFBC02068
:1042500000F090FB3A2000F089FB552000F08AFB2B
:10426000B22000F083FB0C2000F084FB0C2000F057
:1042700081FB002000F07EFB332000F07BFB33202D
:1042800000F078FBB72000F071FB462000F072FBD5
:10429000BB2000F06BFB1B2000F06CFBC02000F08B
:1042A00065FB2C2000F066FBC22000F05FFB0120C4
:1042B00000F060FBC32000F059FB0F2000F05AFB18
:1042C000C42000F053FB202000F054FBC62000F077
:1042D0004DFB0F2000F04EFBD02000F047FBA42048
:1042E00000F048FBA12000F045FBD62000F03EFB8B
:1042F000A12000F03FFBE02000F038FBF02000F0B0
:1043000039FB002000F036FB062000F033FB0420D0
:1043100000F030FB052000F02DFB052000F02AFB0B
:10432000312000F027FB442000F024FB482000F05F
:1043300021FB362000F01EFB122000F01BFB122098
:1043400000F018FB2B2000F015FB342000F012FBCE
:10435000E12000F00BFBF02000F00CFB0B2000F044
:1043600009FB0F2000F006FB0F2000F003FB0D20DF
:1043700000F000FB262000F0FDFA312000F0FAFAF0
:10438000432000F0F7FA472000F0F4FA382000F05C
:10439000F1FA142000F0EEFA142000F0EBFA2C20D1
:1043A00000F0E8FA322000F0E5FA212000F0DEFA11
:1043B000292000F0DBFA2C2000F0D8FA10BD000014
:1043C0002DE9FF4F89B0894614469B460020029094
:1043D00084480078844901EBC000406800F1036024
:1043E0000090824800EBCB00407806907F4800EBBD
:1043F000CB0040680490202C00DA2024A4F1200097
:10440000C4B2BBF1080F37D2DFE80BF0050C131A6A
:104410000421282F00BF764810F8345000EBC40068
:10442000466830E0734810F8345000EBC40046682A
:1044300029E0714810F8345000EBC400466822E0CF
:104440006E4810F8345000EBC40046681BE06C481E
:1044500010F8345000EBC400466814E0694810F8C6
:10446000345000EBC40046680DE0674810F8345043
:1044700000EBC400466806E05D4810F8345000EBDD
:10448000C400466800BF00BF0698C11700EB517119
:10449000C1F3CF0805FB08F080B20790049806FB33
:1044A00008000490002712E097FBF5F005FB107060
:1044B00000FB088197FBF5F0401C081A80B20390BE
:1044C0000498C15D514A03981154781C87B207982B
:1044D0008742E9DB06990998084480B2059009EB08
:1044E00005001FFA80FA4A480078E0B14848808900
:1044F00000F5A0700599884205DC4548808900F5E3
:10450000A07080B20590BAF1F00F01DB4FF0F00A15
:104510000598401E83B2AAF1010081B24846099A6B
:1045200000F09EF913E00598F02801DBF0200590DB
:10453000BAF5A07F01DB4FF4A07AAAF1010083B2A3
:104540000598401E81B24A46099800F089F900207A
:1045500008903EE0089800FB08F080B203900898AD
:104560004844C0EB0011099800EB011600272AE02F
:10457000039838442549085C0290002007901DE00C
:1045800007990298084100F0010018B1169800F050
:10459000F1F90EE01F48007818B1179800F0EAF919
:1045A00007E0009850F816100191019988B200F0C8
:1045B000E1F9761C0798401C80B2079007980828FC
:1045C000DEDB781C87B24745D2DB0898401C80B2FE
:1045D0000890AAEB090108988142BBDC28460DB07F
:1045E000BDE8F08F90110020C0590008A4500108C8
:1045F00074070108542C0108C4340108AC4D0108AB
:1046000034D0000848F80008B8590008A00100207C
:104610007A4E0020100000202DE9FF4F87B00E4693
:104620006B4800786B4901EBC000406800F1036003
:10463000009069490A9831F830900A9801EBC0005F
:10464000408804900A9801EBC000406803900498E9
:10465000C11700EB51714FEAE10A09FB0AF085B27C
:10466000099A517810782A46FCF712FF03990844FA
:104670000390039800F10360039000241FE0E1170A
:1046800004EB91718910A4EB810111B903980059D1
:10469000019094FBF9F009FB104000FB0AA194FB88
:1046A000F9F0401C081A80B206900198C1B24B4A3A
:1046B000069811540198000A0190601C84B2AC4223
:1046C000DDDB0499079808441FFA80FB06EB09001C
:1046D00087B243480078C0B14148808900F5A07096
:1046E000584505DC3E48808900F5A0701FFA80FB24
:1046F000F02F00DBF027ABF1010083B2781E81B20E
:104700003046079A00F0ACF812E0BBF1F00F01DB85
:104710004FF0F00BB7F5A07F01DB4FF4A077781EC8
:1047200083B2ABF1010081B23246079800F098F8ED
:104730004FF0000845E008FB0AF080B2069006EB57
:104740000800C0EB0011079800EB01100290002454
:1047500031E0069820442149085C0590002526E0B8
:104760000598284100F0010018B1149800F002F9F2
:1047700015E01C48007818B1159800F0FBF80EE021
:104780000099029851F81000019005F0010010B155
:104790000198000C0190019988B200F0EBF805F047
:1047A000010010B10298401C0290681C85B2082DCF
:1047B000D6DB601C84B25445CBDB08F101001FFA44
:1047C00080F8B81B4045B6DC48460BB0BDE8F08F1A
:1047D00090110020C0590008245B0008A0010020AF
:1047E0007A4E0020100000202DE9FE4F06460F46AD
:1047F00014469846DDE90D9A3D4602964FF0000BAF
:1048000027E0207800B926E0207880280DDACDE96D
:10481000009A227829460C9B0298FFF7D1FD284484
:1048200085B2B5F5A07F0FDB15E0CDE9009A2246F1
:1048300029460C9B0298FFF7EFFE284485B2B5F598
:10484000A07F00DB07E0641C641C0BF101001FFA71
:1048500080FBC345D5DB00BF2846BDE8FE8F0000C6
:1048600030B505460C463F48408949F2263188421A
:1048700005D03C48408947F2937188422ED14FF4CD
:10488000047000F073F8284600F074F840F211202C
:1048900000F06CF8204600F06DF840F2122000F0B5
:1048A00065F8104600F066F840F2132000F05EF85C
:1048B000184600F05FF84FF4007000F057F8002041
:1048C00000F058F840F2012000F050F8002000F00D
:1048D00051F840F2022000F049F842E02248007806
:1048E000F0B12A2000F042F8101200F043F8D0B2E4
:1048F00000F040F8181200F03DF8D8B200F03AF895
:104900002B2000F033F8281200F034F8E8B200F061
:1049100031F8201200F02EF8E0B200F02BF81DE084
:104920002A2000F023F8281200F024F8E8B200F062
:1049300021F8201200F01EF8E0B200F01BF82B2046
:1049400000F014F8101200F015F8D0B200F012F8D0
:10495000181200F00FF8D8B200F00CF82C2000F07C
:1049600005F830BD901100207A4E00204FF0C04174
:10497000088070470149088070470000000002600D
:1049800010B53220FCF79DFAFFF726FA0020FCF75D
:1049900053FBA020FCF795FA4FF400510148FDF7B6
:1049A0000CF910BD000C014008B54FF40050ADF8F3
:1049B000000010208DF8030002208DF802006946E7
:1049C0003348FCF7ADFD4FF68070ADF800001820BD
:1049D0008DF8030002208DF8020069462D48FCF78F
:1049E0009FFD4CF20370ADF8000018208DF8030015
:1049F00002208DF8020069462748FCF791FD4FF42C
:104A00008050ADF8000010208DF8030002208DF8D2
:104A1000020069461E48FCF783FD4FF40060ADF8C4
:104A2000000018208DF8030002208DF8020069466E
:104A30001948FCF775FD8020ADF8000018208DF8AE
:104A4000030002208DF8020069461348FCF768FD58
:104A50002020ADF8000018208DF8030002208DF80A
:104A6000020069460C48FCF75BFD1020ADF8000021
:104A700018208DF8030002208DF8020069460648D0
:104A8000FCF74EFD4FF400510148FDF798F808BDC2
:104A9000000C014000180140001401401FB51248ED
:104AA00000681249B0FBF1F0401E84B2684600F085
:104AB00073F94FF47A700290ADF800400020ADF821
:104AC0000C00019069460A4800F038F901210848B5
:104AD00000F00AF901221146054800F025F90121EC
:104AE000034800F004F91FBD8C01002040420F0074
:104AF0000004004008B51D208DF8000001208DF84D
:104B0000010000208DF8020001208DF803006846A6
:104B1000FDF766FD08BD000010B50121654800F0F5
:104B2000F2F800287ED00121624800F0DDF86248EA
:104B30000068401C6049086008468068401C886026
:104B400008468068B0F57A7F0DD35C4880780128EC
:104B500002D15B48FEF7A0FB002057498860084659
:104B60008089401C8881544880893C2804DB0020CF
:104B7000514988810120C881524890F83300A8B17A
:104B8000504890F8341190F83401401E4D4A82F894
:104B9000340159B90120114681F83501FCF776F945
:104BA0000020484981F8350181F833004648407BB0
:104BB000A8B14548407B401E43494873434840786C
:104BC000022816D00846407B052190FBF1F201FB3C
:104BD000120070B901203C490871487109E03B4856
:104BE0004078022805D01F203749487301200871FA
:104BF0008871FDF767FA3648C08820B13448C0880C
:104C0000401E3349C8803348408920B1314840892B
:104C1000401E304948813048C08830B12E48C08895
:104C2000401E00E045E02C49C88023498888411E89
:104C3000214A918018BB4FF47A7011468880202158
:104C40002648FCF7BAFF80212548FCF7B6FF08216B
:104C50002348FCF7B2FF10212048FCF7AEFF1D48A7
:104C6000C07920B11B48C079401E1A49C871194843
:104C7000808920B117488089401E164988811048D4
:104C8000D0ED010A17484078C01C00EE100AB8EEBB
:104C9000C00AF4EEC00AF1EE10FA04DB10210F484E
:104CA000FCF78DFF03E010210C48FCF786FFFBF7B3
:104CB00003FE10BD00040040884E0020310100209A
:104CC000AC110020161000204E1100209011002081
:104CD0001E0100209C110020BC1300200010014088
:104CE0000008014002100020CA430282704721B12F
:104CF000028842F00102028004E002884FF6FE734F
:104D00001A400280704730B502460020002300247C
:104D1000158A05EA0103958905EA010413B10CB16E
:104D2000012000E0002030BD1AB183890B4383814C
:104D300002E083898B438381704700000022028850
:104D4000104B98420ED0B0F1804F0BD00E4B9842D2
:104D500008D00E4B984205D00D4B984202D00D4B17
:104D6000984205D14FF68F731A408B8813439AB23D
:104D700002808B68C3620B8803858B7B03860123CB
:104D800083827047002C0140003401400004004041
:104D900000080040000C00404FF6FF7181600021C8
:104DA000018081814160817370474FF47A72B0FB5A
:104DB000F2F302FB13026423B2FBF3F230320A7007
:104DC0006422B0FBF2F302FB13020A23B2FBF3F2FC
:104DD00030324A700A22B0FBF2F302FB1302303287
:104DE000CA702E228A70704710B500F0FBF800F0F0
:104DF00069F810BD10B540F225511D4800F0A3F828
:104E000018B31B4800F08CF9C4B240F22551184881
:104E100000F042F8174890F83300FF281CDC1548D2
:104E200090F83501012817D0124890F8331090F807
:104E30003300401C0F4A82F8330002F1340044541E
:104E40000420114681F8340106E00A48B0F8360122
:104E5000401C0849A1F8360140F22771044800F0CF
:104E600072F820B140F22771014800F015F810BD2A
:104E7000003801401610002008B525208DF80000EC
:104E800000208DF801008DF8020001208DF803004C
:104E90006846FDF7A5FB08BD01F40072B2F5007F7E
:104EA00000D100BFCA430280704721B1828942F419
:104EB0000052828104E082894DF6FF731A4082819C
:104EC000704700001FB501210420FDF785FF012177
:104ED0008803FDF781FF684600F07EF94FF4164025
:104EE00000904FF48050ADF804000020ADF80600AB
:104EF000ADF80800ADF80C000C20ADF80A006946CA
:104F0000094800F0A1F8012240F22551064800F0BE
:104F100044F8002240F22771034800F03EF80121D6
:104F20000148FFF7C2FF1FBD0038014002460020C4
:104F3000B1F5007F00D100BF13880B400BB10120F9
:104F400000E00020704770B50246002400230025D1
:104F5000002040F66A16B14200D100BFC1F34215ED
:104F600001F01F03012606FA03F3012D02D19689F1
:104F7000334006E0022D02D1168A334001E0968AC2
:104F800033400C12012606FA04F41688344013B19B
:104F90000CB1012000E0002070BDF0B503460024F4
:104FA00000260025002040F66A17B94200D100BF54
:104FB0001846C1F3421401F01F06012707FA06F54F
:104FC000012C01D10C3004E0022C01D1103000E0A2
:104FD00014301AB107682F43076002E00768AF4337
:104FE0000760F0BD08B54FF40070ADF80000022076
:104FF0008DF8020010208DF8030069461048FCF778
:105000008FFA4FF40070ADF8000002208DF8020016
:1050100018208DF8030069460A48FCF781FA4FF41E
:105020008060ADF8000004208DF803006946054853
:10503000FCF776FA4FF400710148FCF7BEFD08BD9D
:1050400000100140000801402DE9F04786B00546F8
:105050000E460024A24600BFA1460027B08900B139
:1050600000BF2F462C8A4CF6FF700440F0880443A2
:105070002C82AC894EF6F3100440B0883189084385
:10508000718908430443AC81AC8A4FF6FF40044069
:10509000B0890443AC8201A8FDF7C4FE1F488742D3
:1050A00002D1DDF810A001E0DDF80CA0A88900F421
:1050B000004040B10AEBCA0000EB0A103168490019
:1050C000B0FBF1F807E00AEBCA0000EB0A10316808
:1050D0008900B0FBF1F86420B8FBF0F0040120096E
:1050E000642101FB1089A88900F4004040B13220FE
:1050F00000EBC900B0FBF1F000F00700044308E04A
:10510000322000EB09106421B0FBF1F000F00F0039
:1051100004432C8106B0BDE8F08700000038014050
:1051200001468888C0F30800704700002DE9F0416F
:1051300005460E46174625B94FF400710A48FCF79C
:105140003EFD002405E0315D284600F00FF8601CAC
:10515000C4B2BC42F7DB25B94FF400710248FCF73A
:105160002CFDBDE8F08100000010014070B5044640
:105170000D465CB92946134800F02AF800BF4021CB
:105180001048FFF7D3FE0028F9D01AE0012C0BD10C
:1051900029460D4800F01CF800BF40210A48FFF7DF
:1051A000C5FE0028F9D00CE0022C0AD12946074898
:1051B00000F00EF800BF40210448FFF7B7FE0028BA
:1051C000F9D070BD00380140004400400048004064
:1051D000C1F30802828070474FF41651016000212C
:1051E0008180C18001810C21418100218181704732
:1051F00000BFFEE751B18200A2F1C042126842F046
:1052000001038200A2F1C042136009E08200A2F112
:10521000C0421268034B1A408300A3F1C0431A60D6
:1052200070470000FEFF0F00D0E901121143C26871
:105230001143026911434269114382691143C269F2
:105240001143026A1143426A1143826A1143C26ADE
:105250001143026B114302689200A2F1C042116037
:10526000816808290BD101688900A1F1C041096852
:1052700041F0400201688900A1F1C0410A60416B20
:105280000968426B526841EA0211426B926841EA36
:105290000221426B928941EA0241426B128A41EA41
:1052A0000251426B127D41EA0261426B92691143E5
:1052B0000268521C9200A2F1C0421160C16AB1F5AD
:1052C000804F1BD1816B0968826B526841EA0211E1
:1052D000826B926841EA0221826B128A41EA025192
:1052E000826B127D41EA0261826B9269114302680E
:1052F0009200A2F1C042C2F8041107E06FF07042C0
:1053000001688900A1F1C041C1F80421704700B5CE
:105310009DB001210802FDF73FFD02200090002012
:1053200001901E20029000200390049005900690AA
:1053300002200790002008900320099000200A9086
:105340000B900C900D900E901020119000200F905B
:10535000109013901290159018904FF48050179061
:10536000800019900020169014901A9007A81C90A5
:10537000CDF86CD00EA8FFF757FF01210020FFF7F2
:1053800039FF1DB000BD02E008C8121F08C1002A85
:10539000FAD170477047002001E001C1121F002AB6
:1053A000FBD1704710B519480078012816D118486C
:1053B0004078C01C00EE100AB8EEC00A1548D0EDC7
:1053C000000AB4EEE00AF1EE10FA07D2802112488A
:1053D000FCF7F5FB00200D49087015E00C484078FB
:1053E000401C00EE100AB8EEC00A0A48D0ED000AD0
:1053F000B4EEE00AF1EE10FA06DD80210648FCF773
:10540000DCFB01200149087010BD0000870100206D
:10541000021000200C000020000801402DE9F84394
:105420000746884600260F25B8F1000F17D13548EA
:105430003549098820F8117033480088401C1E2126
:1054400090FBF1F201FB12002F4908802F48006801
:105450001E2804DA2D480068401C2C4908602A48A0
:105460000688002447E0294800681E2816DA2548E7
:1054700030F8140026494978884202DC4FF4FC6970
:1054800001E04FF6E0791F48CDF8009030F8143075
:1054900005221721284600F065F824E0194830F865
:1054A00016001B494978884202DC4FF4FC6901E090
:1054B0004FF6E079A81D83B22A4654211720FEF743
:1054C00025FC1048CDF8009030F816300522172141
:1054D000284600F047F8701C86B21E2096FBF0F1BB
:1054E00000FB116086B2B5F5967F02DA05F109007E
:1054F00085B2601CC4B2054800688442B3DBBDE8D5
:10550000F8830000BA0900201801002014010020CF
:105510000210002010B511480078012806D002289A
:1055200008D0032810D0042812D109E001200C492A
:10553000487011E001200A494870FFF733FF0BE083
:1055400000200749487007E001200549487003E042
:1055500000200349487000BF00BF10BD8601002035
:105560001C0100202DE9F04305460E4617461C4657
:10557000DDF81C904FF000081E2C00DD1E24E819F9
:1055800083B206EB440081B22A463046FFF768F941
:105590004FF0000806E04846FFF7ECF908F101007B
:1055A0001FFA80F8012000EB4400791C4843404575
:1055B000F1DCBDE8F083000070B5054607482E1801
:1055C000002408E03046FBF72DFF054921F81400C0
:1055D000B61C601C84B2FF2CF4DD70BD00F803081B
:1055E000984E002070B505460B482E18FBF71EFF9D
:1055F0003046FBF72DFE002408E0084830F8141070
:105600003046FBF7BDFEB61C601C84B2FF2CF4DDF7
:10561000FBF7ACFE70BD000000F8030898500020B6
:1056200010B50446012C04D140210448FCF7C5FA0A
:1056300003E040210148FCF7C2FA10BD0008014018
:1056400038B500245020FCF7E1FC14B9FCF7E4FC69
:1056500004462CB9002201216846FCF7ABFC044645
:10566000BDF80000001238BD10B50446082C60D209
:10567000DFE804F05F04111E2B3845522021344826
:10568000FCF79BFA10213248FCF797FA8021314849
:10569000FCF795FA5AE080212E48FCF78EFA10218B
:1056A0002B48FCF78AFA20212948FCF788FA4DE0BC
:1056B00080212848FCF781FA20212548FCF77DFA53
:1056C00010212348FCF77BFA40E010212048FCF72A
:1056D00074FA80211F48FCF772FA20211C48FCF75D
:1056E0006EFA33E020211A48FCF767FA8021194846
:1056F000FCF765FA10211648FCF761FA26E08021D4
:105700001448FCF75AFA20211148FCF758FA1021E6
:105710000F48FCF754FA19E080210E48FCF74FFAC5
:1057200020210B48FCF74BFA10210948FCF747FAF7
:105730000CE080210748FCF740FA20210448FCF7E0
:105740003CFA10210248FCF738FA00BF00BF10BD38
:105750000010014000080140FAF7B2FEFEF702FA1D
:10576000FDF7B0FC0120064988700020C870FCF7E6
:10577000CBFD03E0FCF7C8FDFFF7CCFEFAE7000025
:105780003101002010B50446012C04D11021044839
:10579000FCF713FA03E010210148FCF710FA10BDE2
:1057A0000008014010B50446012C04D12021044812
:1057B000FCF703FA03E020210148FCF700FA10BDD2
:1057C000000801400021234A1170D170224A117053
:1057D000204A51709170214A117291711D4A1171C4
:1057E00000202FE00022C0EBC00101EB810319492A
:1057F000891D01EB83018A71C0EBC00101EB8103BC
:105800001449891D01EB83018A80C0EBC00101EBC3
:1058100081031149891D01EB83018A71C0EBC0012D
:1058200001EB81030C49891D01EB83018A80C0EBE8
:10583000C00101EB81030849891D01EB8301CA7195
:10584000411CC8B20228CDDB0021054A5170034A31
:10585000D1717047160B0020F8090020F60F0020C8
:105860009C110020C50098006B003E0011007201E1
:105870002C01E600A0005A00C50098006B003E0015
:1058800011004F010901C3007D0037000C000C001E
:10589000E1000C004001F000E100F0000000B01059
:1058A0000000EF0000008F010000010098100000D0
:1058B000EF0000008F0100000001B0100000EF00B9
:1058C00000008F010000010198100000EF000000AF
:1058D0008F0100000002B0100000EF0000008F01F7
:1058E0000000010298100000EF0000008F0100008E
:1058F000000048000000EF0000008F0100000100E0
:10590000E8002000AF010000EF0020000001480087
:105910000000EF0000008F0100000101E8002000FE
:10592000AF010000EF002000000248000000EF007F
:1059300000008F0100000102E8002000AF0100001C
:10594000EF002000FFFFDBDEB6B592946D6B494A95
:105950002421000002040801020408108601C3008B
:105960008601C300A60089006C00A60089006C00B7
:1059700097007A005D0097007A005D002301060120
:10598000E90023010601E900640147012A01A100A1
:1059900084006700650048002B00BF00A20085005E
:1059A00000000000000000000000000000000000F7
:1059B00000000000000000000000000000000000E7
:1059C000F000400100001000F00040010000130052
:1059D000F000400100001600F00040010000190036
:1059E0002D00250000001C002D00250000101C00CB
:1059F000F000400100001D00F00040010000200008
:105A0000F000400100002300F000400100002600EB
:105A1000F000400100002900F000400100002C00CF
:105A20002D00250000002F002D00250000102F0064
:105A3000F000400100003000F000400100003300A1
:105A4000F0004001000036002F00240000625100E9
:105A50002F002400008451002F00240000A65100D4
:105A60002F00240000C851002F00240000EA51003C
:105A70002F002400000C52002F002400002E5200A2
:105A80002F002400005052002F002400007252000A
:105A90002F002400009452002F00240000B6520072
:105AA0002F00240000D852002F00240000FA5200DA
:105AB0002F002400001C53002F002400003E530040
:105AC0002F002400006053002F00240000825300A8
:105AD0002F00240000A453002F00240000C6530010
:105AE0002F00240000E853002F002400000A540077
:105AF0002F002400002C54002F002400004E5400DE
:105B000000000000B4000E01B20062008A006200D2
:105B1000620062003A0062001C00620096001800F9
:105B2000180027011800180000001F002800280096
:105B3000006027001000100000A03E0020002000A0
:105B40000060420018001800003B550000000000F3
:105B50000000000000000000000000000000000045
:105B60000000000000000000000000000000000035
:105B70000000000000000000000000000000000025
:105B80000000000000000000000000000000000015
:105B90000000000000000000000000000000000005
:105BA00000000000000000000000000000000000F5
:105BB00000000000000000000000000000000000E5
:105BC00000000000000000000000000000000000D5
:105BD00000000000000000000000000000000000C5
:105BE00000000000000000000000000000000000B5
:105BF00000000000000000000000000000000000A5
:105C00000000000000000000000000000000000094
:105C10000000000000000000000000000000000084
:105C20000000000000000000000000000000000074
:105C30000000000000000000000000000000000064
:105C40000000000000000000000000000000000054
:105C50000000000000000000000000000000000044
:105C60000000000000000000000000000000000034
:105C70000000000000000000000000000000000024
:105C80000000000000000000000000000000000014
:105C90000000000000000000000000000000000004
:105CA00000000000000000000000000000000003F1
:105CB00003030000000000000000000000000000DE
:105CC00000000000000000000000000000000000D4
:105CD00000FFFFFFFFFF00000000000000000000C9
:105CE00000000000000000000000000000000000B4
:105CF00000000000FFFFFFFFFF00000000000000A9
:105D00000000000000000000000000000000000093
:105D100000000000000000E0FFFFFF800000000026
:105D20000000000000000000000000000000000073
:105D30000000000000000000000000F0F8F000008B
:105D40000000000000000000000000000000000053
:105D5000000000000000000000000000000F3F3FB6
:105D60003F0F0000000000000000000000000000E5
:105D70000000000000000000000000000000000023
:105D800080E0E0E080000000000000000000000073
:105D90000000000000000000000000000000000003
:105DA00000000000000000000000000000000000F3
:105DB00000000000000000000000000000000000E3
:105DC00000000000000000000000000000000000D3
:105DD00000000000000000000000000000000000C3
:105DE00000000000000000010101010101000001AC
:105DF000010101010100000000000000000000009E
:105E000000000000000000000000FFFFFFFFFFFF98
:105E10000000FFFFFFFFFFFF000000000000000088
:105E200000000000000000000000000000C0FCFCBA
:105E3000FCFCC00000C0FCFCFCFCC000000000003A
:105E40000000000000000000000000000000000052
:105E50000000000000000000000000000000000042
:105E60000000000000000000000000000000000032
:105E70000000000000000000000000000000000022
:105E80000000000000000000000000000000000012
:105E90000000000000000000000000000000000002
:105EA00000000000000000000000000000000000F2
:105EB00000000000000000000000000000000000E2
:105EC00000000000000000000000000000000000D2
:105ED00000000000000000000000000000000000C2
:105EE00000000000000000000000000000000000B2
:105EF00000000000000000000000000000000000A2
:105F00000000000000000000000000000000000091
:105F10000000000000000000000000000000000081
:105F20000000000000000001030301000000000366
:105F3000030300000000000000000000000000005B
:105F400000000000000000000007FFFFFFF000005D
:105F5000001FFFFFFF000000000000000000000025
:105F6000000000000000001E3F3F3F3FFFFFFFFF1B
:105F70003F3F3F3FFFFFFFFF3F1E000000000000CC
:105F80000000000000000000000000000001FFFF12
:105F9000FFF80000000FFFFFFFE00000000000001E
:105FA000000000000000000000000000001E3F3F55
:105FB000FFFFFFFF3F3F3F3FFFFFFFFF3F3F3F1E12
:105FC00000000000000000000000000000000000D1
:105FD0000000FFFFFFFC00000007FFFFFFF00000D4
:105FE00000000000000000000000000000000000B1
:105FF0000000000080E0E0E000000000C0E0E0C041
:106000000000000000000000000000000000000090
:106010000000000000000000000000000000000080
:106020000000000000000000000000000000000070
:106030000000000000000000000000000000000060
:106040000000000000000000000000000000000050
:106050000000000000000000000000000000000040
:106060000001030303FFFF03030101000000000020
:106070000000000000000000000000000000000020
:10608000071F7FFFFEFCF8F0FFFFF0F8FEFFFF3F69
:106090000F000000000000000000000000000000F1
:1060A000000000FEFFFFFF07030100FFFF000000EC
:1060B000E0F0F0E000000000000000000000000040
:1060C00000000000000000C0E0F0F8FCFCFEFFFF54
:1060D0007F7F3F1F1F0F0300000000000000000033
:1060E0000000000000000000071F1F1F0300000049
:1060F00000FFFF80C0E0F0FFFFFF7F000000000016
:10610000000000000000000000000080F8FEFFFF1B
:106110007F1F0F07FFFF03070F3FFFFFFCE000009B
:10612000000000000000000000000000000000006F
:106130000080C0C0E0E0F0FFFFF0F0E0C0800000B1
:10614000000000000000000000000000000000004F
:1061500000000000000000000000FEFE0000000043
:10616000000000000000000000000000000000002F
:10617000000000000000000000000000000000001F
:10618000000000000000000000000000000000000F
:1061900000000000000000000000000101010100FB
:1061A00000000000000000000000000000010100ED
:1061B00000000000000000000000073FFFFFF8E0C3
:1061C000E0F8FFFF3F0700000000000000031F7F12
:1061D000F8E00000000000000000000000FFFFFFEA
:1061E000FF00000000FFFFFFFF00000000031F7F13
:1061F000F8E00000000000000000000000000000C7
:1062000000E0F0F8F83C38F8F8F0C00000031F7F19
:10621000F8E000010307070F07070703010000006C
:1062200000000000000000000000000000031F7FCD
:10623000FCE00000003FFFFFFFC00000C0FFFFFFC9
:106240003F000000000000000000000000031F7F6E
:10625000FCE0000000000000F8FFFFFF070101075D
:10626000FFFFFFF8000000000000000000000070C9
:10627000F0E0000000000000000000000080C0E02E
:10628000E0E0E0C08000000000000000000000002E
:1062900000000000000000000000000000000000FE
:1062A00000000000000000000000000000000000EE
:1062B00000000000000000000000000000000000DE
:1062C00000000000000000000000000000000000CE
:1062D00000000000000000000000010103030303B0
:1062E00003010100000000000000000000000000A9
:1062F000000000000000000000001F7FFFFFFCF80E
:10630000F0F0F0FCFFFFFF3F0F0000000000000076
:1063100000000000000000000000000000FCFFFF83
:10632000FF3F0701070F1FFFFFFEFCF0000000000A
:106330000000000000000000000000000000030753
:106340001F1FFFFFFEFFFFFFFFCFC3010000000381
:106350000F0F0F0300000000000000000000003FCE
:10636000FFFFFFFFE080000000C0F0FCFEFFFF7FAA
:106370003F3FFFFFFFF8800000000000000000002A
:106380000000E0F8FEFFFF7F1F0F070707070F1F42
:10639000FFFFFFFEFCFEFFFF7F1F0F03000000005A
:1063A00000000000000000000080C0C0E0E0E0E06D
:1063B000E0E0C0C0800000000000C0E0E0E080003D
:1063C00000000000000000000000000000000000CD
:1063D00000000000000000000000000000000000BD
:1063E00000000000000000000000000000000000AD
:1063F000000000000000000000000000000000009D
:106400000000000000000000000000000001010189
:106410000101010000000000000000000000000079
:10642000000000000000000000000000000000006C
:10643000FFFFFFFFFFFF0000000000000000000062
:10644000000000000000000000000000000000004C
:10645000000000C0FCFCFCFCC000000000000000CC
:10646000000000000000000000000000000000002C
:10647000000000000000000000000000000000001C
:10648000000000000000000000000000000000000C
:1064900000000000000000000000000000000000FC
:1064A00000000000000000000000000000000000EC
:1064B00000000000000000000000000000000000DC
:1064C00000000000000000000000000000000000CC
:1064D00000000000000000000000000000000000BC
:1064E00000000000000000000000000000000000AC
:1064F000000000000000000000000000000000009C
:10650000000000000000000000000000000000008B
:10651000000000000000000000000000000000007B
:10652000000000000000000000000000000000006B
:10653000000000000000000000000000000000005B
:10654000000000000000000000000000000000014A
:106550000303000000000000000000000000000035
:106560000000000000000000000000000000000328
:106570001F7FFFFCC00000000000000000000000C2
:10658000000000000000000000000000000000000B
:10659000077FFFFFFFE00000000000000000000098
:1065A00000000000000000000000000000000000EB
:1065B00000001FFFFFFFFFC0000000000000000000
:1065C00000000000000000000000000000000000CB
:1065D0000000000000FFFFFFFFFF000000000000C0
:1065E00000000000000000000000000000000000AB
:1065F0000000000000000000E0FFFFFFFF0F0000B0
:10660000000000000000000000000000000000008A
:1066100000000000000000000000000080F8FFFF04
:10662000FF1F00000000000000000000000000004C
:10663000000000000000000000000000000000005A
:106640000000E0F8FEFF0F00000000000000000066
:10665000000000000000000000000000000000003A
:10666000000000000000000000000000000000002A
:10667000000000000000000000000000000000001A
:106680000000000003030100000000000000000003
:1066900000000000000000000000000000000000FA
:1066A00000000000000000C0FCFF7F1F030000008E
:1066B00000000000000000000000000000000000DA
:1066C000000000000000000000000000E0FFFFFFED
:1066D0007F07000000000000000000000000000034
:1066E00000000000000000000000000000000000AA
:1066F000C0FFFFFFFF1F00000000000000000000BF
:106700000000000000000000000000000000000089
:1067100000000000FFFFFFFFFF000000000000007E
:106720000000000000000000000000000000000069
:1067300000000000000007FFFFFFFFE00000000076
:106740000000000000000000000000000000000049
:1067500000000000000000001FFFFFFFF8800000A5
:106760000000000000000000000000000000000029
:106770000000000000000000000FFFFEF8E0000035
:106780000000000000000000000000000000000009
:1067900000000000000000000000000000000000F9
:1067A00000000000000000000000000000000000E9
:1067B00000000000000000000000000000000000D9
:1067C00000000000070F07000000000000000000AC
:1067D00000000000000000000000000000000000B9
:1067E000001E3E1F0F0F07FFFFFF070F0F1F3E1E6C
:1067F0000000000000000000000000000000000099
:1068000000000000000001079FBFFCE0FCBF9F07E5
:106810000100000000000000000000000000000077
:10682000000000000000000000C0E0E08000000068
:1068300080E0E0C000000000000000000000000058
:106840000000000000000000000000000000000048
:106850000000000000000000000000000000000038
:106860000000000000000000000000000000000028
:106870000000000000000000000000000000000018
:106880000000000000000000000000000000000008
:1068900000000000000000000000000000000000F8
:1068A00000000000000000000000000000000000E8
:1068B00000000000000000000000000000000000D8
:1068C00000000000000000000000000000000000C8
:1068D00000000000000000000000000000000000B8
:1068E00000000000000000000000000000000000A8
:1068F0000000000000000000000000000000000098
:106900000000000000000000000000000000000087
:106910000000000000000000000000000000000077
:106920000000000303030303000000000000000058
:106930000000000000000000000000000000000057
:10694000000000000000FFFFFFFFFF00000000004C
:106950000000000000000000000000000000000037
:1069600000007F7F7F7F7F7F7FFFFFFFFFFF7F7FB5
:106970007F7F7F7F7F00000000000000000000009C
:10698000000000000080808080808080FFFFFFFF8B
:10699000FF80808080808080000000000000000078
:1069A000000000000000000000000000000000F8EF
:1069B000F8F8F8F8000000000000000000000000F7
:1069C00000000000000000000000000000000000C7
:1069D00000000000000000000000000000000000B7
:1069E00000000000000000000000000000000000A7
:1069F0000000000000000000000000000000000097
:106A00000000000000000000000000000000000086
:106A10000000000000000000000000000000000076
:106A20000000000000000000000000000000000066
:106A30000000000000000000000000000000000056
:106A40000000000000000000000000000000000046
:106A50000000000000000000000000000000000036
:106A60000000000000000000000000000000000026
:106A70000000000000000000000000000000000016
:106A80000000000000000000000000000000000006
:106A900000000000000000000000000000000000F6
:106AA00000000000000000000000000000000000E6
:106AB00000000000000000000000000000000000D6
:106AC00000000000000000000000000000000000C6
:106AD00000000000000000000000000000000000B6
:106AE0000000000000071F1F0F070000000000004B
:106AF0000000000000000000000000000000000096
:106B00000000000000000000C0F0FFFFFE000000D9
:106B10000000000000000000000000000000000075
:106B2000000000000000000000000078F8F0C00045
:106B30000000000000000000000000000000000055
:106B40000000000000000000000000000000000045
:106B50000000000000000000000000000000000035
:106B60000000000000000000000000000000000025
:106B70000000000000000000000000000000000015
:106B80000000000000000000000000000000000005
:106B900000000000000000000000000000000000F5
:106BA00000000000000000000000000000000000E5
:106BB00000000000000000000000000000000000D5
:106BC00000000000000000000000000000000000C5
:106BD000000000000000000000000E1F1F3F3F3FAC
:106BE0003F3F3F3F3F3F3F3F3F3F3F3F3F3F3F3FB5
:106BF0003F3F1F1F0E0000000000000000000000CB
:106C00008080808080808080808080808080808084
:106C100080808080800000000000000000000000F4
:106C20000000000000000000000000000000000064
:106C30000000000000000000000000000000000054
:106C40000000000000000000000000000000000044
:106C50000000000000000000000000000000000034
:106C60000000000000000000000000000000000024
:106C70000000000000000000000000000000000014
:106C80000000000000000000000000000000000004
:106C900000000000000000000000000000000000F4
:106CA00000000000000000000000000000000000E4
:106CB00000000000000000000000000000000000D4
:106CC00000000000000000000000000000000000C4
:106CD00000000000000000000000000000000000B4
:106CE00000000000000000000000000000000000A4
:106CF0000000000000000000000000000000000094
:106D00000000000000000000000000000000000083
:106D10000000000000000000000000000000000073
:106D20000000000000000000000000000000000063
:106D30000000000000000000000000000000000053
:106D40000000000000000000000000000000000043
:106D500000000000000000000000000F3F3F3F0F58
:106D60000000000000000000000000000000000023
:106D7000000000000000000000000000000080E0B3
:106D8000E0E08000000000000000000000000000C3
:106D900000000000000000000000000000000000F3
:106DA00000000000000000000000000000000000E3
:106DB00000000000000000000000000000000000D3
:106DC00000000000000000000000000000000000C3
:106DD00000000000000000000000000000000000B3
:106DE000000000000000000000000003030100009C
:106DF0000000000000000000000000000000000093
:106E0000000000000000000000000000017FFFFF04
:106E1000F80000000000000000000000000000007A
:106E2000000000000000000000000000000001FF62
:106E3000FFFFF00000000000000000000000000064
:106E40000000000000000000000000000000000042
:106E500003FFFFFFE0000000000000000000000052
:106E60000000000000000000000000000000000022
:106E7000000007FFFFFFC00000000000000000004E
:106E80000000000000000000000000000000000002
:106E9000000000000FFFFFFF800000000000000066
:106EA00000000000000000000000000000000000E2
:106EB00000000000000000C0E0E000000000000052
:106EC00000000000000000000000000000000000C2
:106ED00000000000000000000000000000000000B2
:106EE00000000000000000000000000000000000A2
:106EF0000000000000000000000000000000000092
:106F00000000000000000000000000000000000081
:106F10000000000000000000000000000000000071
:106F2000000000000000000000000000010101015D
:106F3000010101000000000000000000000000004E
:106F400000000000000000030F1F3F7FFFFFFEFC5A
:106F5000F8F8F8F8F8FCFEFF7F7F3F1F07030000FA
:106F6000000000000000000007FFFFFFFFFFFFF828
:106F70008000000000000000000080F0FFFFFFFF25
:106F8000FF7F070000000000000000FFFFFFFFFF81
:106F9000FFFF00000000000000000000000000FFF4
:106FA000FFFFFFFFFFFF0000000000000000F8FFF0
:106FB000FFFFFFFFFF0700000000000000000000CF
:106FC0000007FFFFFFFFFFFFF800000000000000C8
:106FD000000080F0F8FEFFFFFF7F1F0F0707070785
:106FE000070F1F7FFFFFFFFEFCF0C0000000000046
:106FF000000000000000000000008080C0C0E0E051
:10700000E0E0E0E0E0C0C0808000000000000000A0
:107010000000000000000000000000000000000070
:107020000000000000000000000000000000000060
:107030000000000000000000000000000000000050
:107040000000000000000000000000000000000040
:107050000000000000000000000000000000000030
:10706000000000000000000000000000010101011C
:107070000000000000000000000000000000000010
:107080000000000000000000000103070F3F7FFF29
:10709000FFFFFF7F00000000000000000000000074
:1070A000000000000F1F3F3F7F7FFEFEFCF8F0E076
:1070B000FFFFFFFFFFFFFF000000000000000000D7
:1070C0000000000000000000808080000000000040
:1070D000000000FFFFFFFFFFFFFF000000000000B7
:1070E00000000000000000000000000000000000A0
:1070F000000000000000FFFFFFFFFFFFFF00000097
:10710000000000000000000000000000000000007F
:10711000000000000000000000FFFFFFFFFFFFFF76
:10712000000000000000000000000000000000005F
:1071300000000000000000000000000080C0E0E04F
:10714000E0C080000000000000000000000000001F
:10715000000000000000000000000000000000002F
:10716000000000000000000000000000000000001F
:10717000000000000000000000000000000000000F
:1071800000000000000000000000000000000000FF
:1071900000000000000000000000000000000000EF
:1071A00000000101010101010101000000000000D7
:1071B000000000000000000000000000030F1F3F5F
:1071C0007F7FFFFFFEFCF8F8F8F8F8FCFCFEFFFFFD
:1071D0007F7F3F0F0700000000000000000078FCE8
:1071E000FEFEFEFCF8C000000000000000000000F1
:1071F0000083FFFFFFFFFFFFFE0000000000000014
:107200000000000000000000000000000001030773
:107210000F1F3F7FFFFFFEFCF8F0C00000000000E2
:1072200000000000000000000103070F1F3F7FFF68
:10723000FFFEFCF8F0E0C08000000000000000004D
:1072400000000000000000071F7FFFFFFFFFFFFF9F
:10725000EFCF8F0F0F0F0F0F0F0F0F0F0F0F0F0F1E
:107260000F07030000000000000080C0E0E0E0E045
:10727000E0E0E0E0E0E0E0E0E0E0E0E0E0E0E0E00E
:10728000E0E0E0E0C080000000000000000000003E
:1072900000000000000000000000000000000000EE
:1072A00000000000000000000000000000000000DE
:1072B00000000000000000000000000000000000CE
:1072C00000000000000000000000000000000000BE
:1072D00000000000000000000000000001010101AA
:1072E0000101010101000000000000000000000099
:1072F00000000000000000070F1F3F7F7FFFFEFC23
:10730000F8F8F8F8F8FCFCFEFFFF7F7F3F0F030062
:1073100000000000000000000000E0F0F0F0F0C00D
:107320000000000000000000010307FFFFFFFFFF57
:10733000FEFC000000000000000000000000000053
:10734000000000387CFCFCFCFCFCFCFCFEFEFFFFAB
:10735000FFDF8F07030100000000000000000107AD
:107360000F1F1F0F070000000000000000000000BA
:107370000000C0FFFFFFFFFFFF7F000000000000D4
:107380000000E0F8FCFEFFFFFF3F1F0F07070707A5
:1073900007070F1F3FFFFFFFFFFEF8F08000000010
:1073A000000000000000000000008080C0C0E0E09D
:1073B000E0E0E0E0E0E0C0C0C080000000000000CD
:1073C00000000000000000000000000000000000BD
:1073D00000000000000000000000000000000000AD
:1073E000000000000000000000000000000000009D
:1073F000000000000000000000000000000000008D
:10740000000000000000000000000000000000007C
:10741000000000000000000000000000000000016B
:10742000030303030100000000000000000000004F
:107430000000000000000000000000000003071F23
:107440003FFFFFFFFFFFFFFFFF0000000000000005
:107450000000000000000000000001030F1F7FFF7C
:10746000FFFCF8E0C0FFFFFFFFFFFFFF0000000090
:10747000000000000000000001070F3F7FFFFFFC3D
:10748000F0E0800000000000FFFFFFFFFFFFFF00B3
:1074900000000000000000001E3FFFFFFFFFFFFF95
:1074A0009F1F1F1F1F1F1F1F1F1F1FFFFFFFFFFF0C
:1074B000FFFF1F1F1F1F0F07000000008080C0C0BC
:1074C000C0C0C0C0C0C0C0C0C0C0C0C0C0C0FFFF3E
:1074D000FFFFFFFFFFC0C0C0C08000000000000031
:1074E000000000000000000000000000000000009C
:1074F0000080C0E0E0E0C08000000000000000006C
:10750000000000000000000000000000000000007B
:10751000000000000000000000000000000000006B
:10752000000000000000000000000000000000005B
:10753000000000000000000000000000000000004B
:10754000000000000000000000000000000000013A
:10755000010101010101010101010101010101011B
:107560000101000000000000000000000000000316
:107570003FFFFFFFFFFFFCFCFCFCFCFCFCFCFCFCF9
:10758000FCFCFCFCFCF870000000000000000000A7
:107590000007FFFFFFFFFFFFC0010101030303031B
:1075A00003030101010000000000000000000000D2
:1075B0000000001CFFFFFFFFFFFEFCFCF8F0F0F0F6
:1075C000F0F0F0F8FCFEFFFFFF7F3F1F0700000018
:1075D000000000000001030707070301000000008E
:1075E00000000000000000000080FFFFFFFFFFFF21
:1075F000FF00000000000000C0F0FCFEFFFFFF7F66
:107600003F1F0F0707070707070F1F3FFFFFFFFE7B
:10761000FCF8E00000000000000000000000000096
:107620008080C0C0E0E0E0E0E0E0E0E0E0C0C0C0BA
:1076300080000000000000000000000000000000CA
:10764000000000000000000000000000000000003A
:10765000000000000000000000000000000000002A
:10766000000000000000000000000000000000001A
:10767000000000000000000000000000000000000A
:1076800000000000000000000000000000000001F9
:1076900001010101010101000000000000000000E3
:1076A00000000000000000000000030F1F3F7F7F6C
:1076B000FFFEFCFCF8F8F8F8FCFCFEFF7F7F3F1FA4
:1076C00007000000000000000000013FFFFFFFFF77
:1076D000FFFFE0800001010303030303030181C1F5
:1076E000E0E0E0C0000000000000000000FFFFFF3D
:1076F000FFFFFFFF9F3F7EFCF8F0F0F0F0F0F8F89E
:10770000FEFFFFFF7F3F1F0700000000000000009A
:10771000F8FFFFFFFFFFFFFF8000000000000000F8
:107720000000000080FFFFFFFFFFFFFF00000000E0
:107730000000000080E0F8FCFFFFFFFF3F1F0F0785
:10774000070707070F1F3FFFFFFFFFFCF8E00000E0
:107750000000000000000000000000000080C0C029
:10776000C0E0E0E0E0E0E0E0C0C0C0800000000079
:107770000000000000000000000000000000000009
:1077800000000000000000000000000000000000F9
:1077900000000000000000000000000000000000E9
:1077A00000000000000000000000000000000000D9
:1077B00000000000000000000000000000000000C9
:1077C00000000101010101010101010101010101AB
:1077D000010101010101010101010000000000009F
:1077E00000000000F0F8FCFCFCFCFCFCFCFCFCFCD9
:1077F000FCFCFCFCFCFCFFFFFFFFFFFFFFFC780034
:107800000000000000000000000000000000000078
:107810000000000003071F7FFFFFFFFCF0E0800077
:107820000000000000000000000000000000000058
:1078300000000001073FFFFFFFFFFEF0C000000057
:107840000000000000000000000000000000000038
:1078500000000000073FFFFFFFFFFFFFE000000008
:107860000000000000000000000000000000000018
:107870000000000000007FFFFFFFFFFFFFFC000093
:1078800000000000000000000000000000000000F8
:1078900000000000000000000080C0E0E0E0C080C8
:1078A00000000000000000000000000000000000D8
:1078B00000000000000000000000000000000000C8
:1078C00000000000000000000000000000000000B8
:1078D00000000000000000000000000000000000A8
:1078E0000000000000000000000000000000000098
:1078F0000000000000000000000000000000000088
:10790000000000000101010101010101000000006F
:107910000000000000000000000000000000000760
:107920001F3F3F7FFFFFFEFCF8F8F8F8F8F8FCFE79
:10793000FFFF7F3F3F0F0700000000000000000036
:1079400000F0FEFFFFFFFFFF070301000000000043
:1079500000010307FFFFFFFFFFFEF0000000000033
:10796000000000000103078FDFFFFFFFFEFEFCFCAD
:10797000FCFCFCFCFEFFFFFFFFDF8F0703010000A4
:107980000000000000003FFFFFFFFFFFFFC00000FE
:1079900000000000000000000080C0FFFFFFFFFFAC
:1079A000FF3F00000000000000C0F0FCFEFFFFFFF2
:1079B000FF3F1F0F0707070707070F1F3FFFFFFFC7
:1079C000FFFEFCF0C000000000000000000000000E
:1079D000008080C0C0C0E0E0E0E0E0E0E0E0C0C0E7
:1079E000C0808000000000000000000000000000D7
:1079F0000000000000000000000000000000000087
:107A00000000000000000000000000000000000076
:107A10000000000000000000000000000000000066
:107A20000000000000000000000000000000000056
:107A30000000000000000000000000000000010144
:107A40000101010101000000000000000000000031
:107A5000000000000000000001070F3F3F7FFFFF14
:107A6000FEFCF8F8F8F8F8FCFEFFFF7F3F3F0F0739
:107A7000010000000000000000003FFFFFFFFFFFCB
:107A8000FFC00000000000000000000000C0FFFF79
:107A9000FFFFFFFF7F0700000000000000C0F8FEAE
:107AA000FFFFFFFF7F1F0F070303030303070F1FE2
:107AB0007FFEFFFFFFFFFFFFFF0000000000000050
:107AC0000000000181C1E0E0E0F0F0F0F0F0F0E053
:107AD000E0C080017FFFFFFFFFFFFFE0000000002C
:107AE0000000000020FCFEFFFFFF7F1F0F0F0707B5
:107AF00007070F0F1F3FFFFFFFFEFCF0C000000055
:107B000000000000000000000000008080C0C0E015
:107B1000E0E0E0E0E0E0E0C0C080800000000000C5
:107B20000000000000000000000000000000000055
:107B30000000000000000000000000000000000045
:107B40000000000000000000000000000000000035
:107B50000000000000000000000000000000000025
:107B60000000000000000000000000000000000015
:107B70000000000000000000000000000000000005
:107B800000000000000000000000000000000000F5
:107B900000000000000000000000000000000000E5
:107BA00000000000000000000000000000000000D5
:107BB0000000000000000F3F3F3F0F0000000000EA
:107BC00000000000000000000000000000000000B5
:107BD00000000000000000000080E0E0E080000005
:107BE0000000000000000000000000000000000095
:107BF0000000000000000000000000000000000085
:107C00000000000000000000000000000000000074
:107C10000000000000000000000000000000000F55
:107C20003F3F3F0F00000000000000000000000088
:107C30000000000000000000000000000000000044
:107C4000000080E0E0E08000000000000000000094
:107C50000000000000000000000000000000000024
:107C60000000000000000000000000000000000014
:107C70000000000000000000000000000000000004
:107C800000000000000000000000000000000000F4
:107C900000000000000000000000000000000000E4
:107CA00000000000000000000000000000000000D4
:107CB00000000000000000000000000000000000C4
:107CC00000000000000000000000000000000000B4
:107CD00000000000000000000000000000000000A4
:107CE0000000000000000000000000000000000094
:107CF000000F3F3F3F0F00000000000000000000A9
:107D00000000000000000000000000000000000073
:107D10000000000080E0E0E08000000000000000C3
:107D20000000000000000000000000000000000053
:107D30000000000000000000000000000000000043
:107D40000000000000000000000000000000000033
:107D5000000000000000000000000F1F1F0F0700C0
:107D60000000000000000000000000000000000013
:107D700000000000000000000000000000E0F1FF33
:107D8000FFFE0000000000000000000000000000F6
:107D900000000000000000000000000000000000E3
:107DA00078F8F0C0000000000000000000000000B3
:107DB00000000000000000000000000000000000C3
:107DC00000000000000000000000000000000000B3
:107DD00000000000000000000000000000000000A3
:107DE0000000000000000000000000000000000093
:107DF0000000000000000000000000000000000083
:107E00000000000000000000000000000000000072
:107E10000000000000010103070F00000000000047
:107E2000000000000000000000000000000101034D
:107E300007070F1F3F3F7FFFFFFEFCFCF80000001D
:107E400000000000000000000000000000007FFFB4
:107E5000FFFFFFFFF3F3E1C0C0800000000000005F
:107E60000000000000000000000000000000000012
:107E70000080C0E0E0F0F8F8FCFEFFFF7F3F3F1F0E
:107E80000F0F0700000000000000000000000000CD
:107E90000000000000000000000000000000008062
:107EA000C0E0E0F0F8FC000000000000000000006E
:107EB00000000000000000000000000000000000C2
:107EC00000000000000000000000000000000000B2
:107ED00000000000000000000000000000000000A2
:107EE0000000000000000000000000000000000092
:107EF0000000000000000000000000000000000082
:107F00000000000000000000000000000000000071
:107F10000000000000000000000000000000000061
:107F20000000000000000000000000000000000051
:107F30000000000000000000000000000000000041
:107F40000000000000000000000000000000000031
:107F50000000000000000000000000000000000021
:107F60000000000000001F1F1F1F1F1F1F1F1F1FDB
:107F70001F1F1F1F1F1F1F1F000000000000000009
:107F8000000000000000000000E0E0E0E0E0E0E0D1
:107F9000E0E0E0E0E0E0E0E0E0E0E0000000000041
:107FA000000000000000000000000000FFFFFFFFD5
:107FB000FFFFFFFFFFFFFFFFFFFFFFFFFFFF0000CF
:107FC00000000000000000000000000000000000B1
:107FD00000000000000000000000000000000000A1
:107FE0000000000000000000000000000000000091
:107FF0000000000000000000000000000000000081
:108000000000000000000000000000000000000070
:108010000000000000000000000000000000000060
:108020000000000000000000000000000000000050
:108030000000000000000000000000000000000040
:108040000000000000000000000000000000000030
:108050000000000000000000000000000000000020
:108060000000000000000000000000000000000010
:1080700000000000000000000000000000000F07EA
:1080800003010100000000000000000000000000EB
:1080900000000000000000000000000000000000E0
:1080A00000F8FCFCFEFFFF7F3F3F1F0F0F0703019F
:1080B00001000000000000000000000000000000BF
:1080C0000000000000000000000080C0C0E1F3F3E9
:1080D000FFFFFFFFFF7F0000000000000000000026
:1080E00000000000000000070F0F1F3F3F7FFFFF51
:1080F000FEFCF8F8F0E0C0C08000000000000000C6
:1081000000000000000000000000FCF8F0E0E0C00B
:1081100080000000000000000000000000000000DF
:10812000000000000000000000000000000000004F
:10813000000000000000000000000000000000003F
:10814000000000000000000000000000000000002F
:10815000000000000000000000000000000000001F
:10816000000000000000000000000000000000000F
:1081700000000000000000000000000000000000FF
:1081800000000000000000000000000000000000EF
:1081900000000000000000000000000101030303D4
:1081A00003030101000000000000000000000000C7
:1081B000000000000000000000010F3F7FFFFFF8FB
:1081C000F0F0F0F0F8FEFFFF7F1F0300000000005A
:1081D000000000000000000000000000F8FCFCF8B7
:1081E000F0000000000000030FFFFFFFFFFC000095
:1081F000000000000000000000000000000000007F
:10820000000000000000071F7FFFFFFCF8E0C00037
:10821000000000000000000000000000000000005E
:108220000000000000000000F8FEFEFEE00000007C
:10823000000000000000000000000000000000003E
:1082400000000000000000000000000F3F3F3F0F53
:10825000000000000000000000000000000000001E
:10826000000000000000000000000000000080E0AE
:10827000E0E08000000000000000000000000000BE
:1082800000000000000000000000000000000000EE
:1082900000000000000000000000000000000000DE
:1082A00000000000000000000000000000000000CE
:1082B00000000000000000000000000000000000BE
:1082C00000000000000000000000000000000000AE
:1082D0000000000000000000000000000101010398
:1082E0000303030303030101010000000000000079
:1082F0000000000000000000030F1F3F7F7EFCFC19
:10830000F8F8F0F0F0F0F0F0F8F8F8FCFE7F3F1F1E
:108310000F030000000000000F3FFFFFF8E08000A7
:1083200001070F1F3F3F3F3F3F1F07071F1F1F1F33
:1083300000C0F0FFFFFF3F010007FFFFFFF8000054
:10834000001F7FFFFFFFF0C080000000C0FFFFFFA5
:10835000FFFF8000000000FFFFFFFF00FFFFFFFFA7
:10836000000000FFFFFFFFFF000000000000000111
:10837000FFFFFFFF80000000031FFFFFFFE000F092
:10838000FFFFFF1F0100E0FEFFFFFF1F07030307C2
:108390000F3FFFFFFFFFCF070F1F7FFFFCF8E0003D
:1083A00000000080F0FCFFFF3F0F0703C1C0E0E0CA
:1083B000E0E0C08000C0E0E0E0E0E0C08081030FCA
:1083C0003F3F3F3C00000000000080C0F0F0F8FCA0
:1083D000FC7E7E3E3F3F3F3F3F3F3F3F7E7EFEFC79
:1083E000FCF8F0E0C0000000000000000000000009
:1083F000000000000000000000000000000000007D
:10840000000000000000000000000000000000006C
:10841000000000000000000001030303030301004B
:10842000000000000000000000000000000000004C
:108430000000000000000000073FFFFFFFFFFFFFFC
:10844000FFFFFF1F0300000000000000000000000D
:108450000000000000000000031FFFFFFFFFFFFC03
:10846000C000E0FEFFFFFFFF7F0F010000000000E3
:10847000000000000000000000073FFFFFFFFFFFBB
:10848000F8800000000000C0FCFFFFFFFFFF3F0777
:10849000000000000000000000031FFFFFFFFFFFBF
:1084A000FFFF3F3F3F3F3F3F3F3F3F3FBFFFFFFF9C
:1084B000FFFFFFFF1F03000000000F7FFFFFFFFF14
:1084C000FFF8C000000000000000000000000000F5
:1084D0000000E0FCFFFFFFFFFF7F0F000080C0E017
:1084E000E0E0C0000000000000000000000000000C
:1084F0000000000000000080C0E0E0E0C08000005C
:10850000000000000000000000000000000000006B
:10851000000000000000000000000000000000005B
:10852000000000000000000000000000000000004B
:10853000000000000000000000000000000000003B
:108540000000000000000000000000010101010126
:10855000010101010101010101010101010100000D
:108560000000000000000000000000007FFFFFFF8F
:10857000FFFFFFF8F8F8F8F8F8F8F8F8F8FCFCFE58
:10858000FFFFFF7F3F1F070000000000000000FF0B
:10859000FFFFFFFFFFFF00000000000000000000E1
:1085A000000001CFFFFFFFFFFFFE00000000000002
:1085B0000000FFFFFFFFFFFFFF7E7E7E7E7E7E7E50
:1085C0007E7E7EFEFFFFFFFFEFEFC7870300000008
:1085D0000000000000FFFFFFFFFFFFFF00000000A2
:1085E00000000000000000000080E0FFFFFFFFFF30
:1085F000FF3F000000000000FFFFFFFFFFFFFF073D
:10860000070707070707070707070F0F1F7FFFFF6A
:10861000FFFFFEF8E000000000000080C0E0E0E0A6
:10862000E0E0E0E0E0E0E0E0E0E0E0E0E0E0E0E04A
:10863000C0C0C0800000000000000000000000007A
:10864000000000000000000000000000000000002A
:10865000000000000000000000000000000000001A
:10866000000000000000000000000000000000000A
:1086700000000000000000000000000000000000FA
:1086800000000000000000000000000001010103E4
:1086900003030303030301010100000000000000C5
:1086A0000000000000000000030F1F3F7FFFFFFFDE
:1086B000FEFCFCF8F8F8F8F8FCFCFEFFFF7F7F3FBB
:1086C0001F07010000000000033FFFFFFFFFFFFE48
:1086D000E08000000000000000000000000000C07A
:1086E000F0FCFEFEFEFC0000000000FFFFFFFFFFAD
:1086F000FFFF00000000000000000000000000007C
:108700000000000000000000000000000000E0FE8B
:10871000FFFFFFFFFF1F030000000000000000003C
:108720000000000000010F3F7F7F7F3F0C00000032
:10873000000000C0F0F8FCFEFFFFFF3F3F1F0F0FDF
:108740000F0F0F0F1F1F3F7FFFFFFFFEF8F0C0004E
:1087500000000000000000000000000080C0C0C059
:10876000E0E0E0E0E0E0E0E0C0C0C0800000000049
:1087700000000000000000000000000000000000F9
:1087800000000000000000000000000000000000E9
:1087900000000000000000000000000000000000D9
:1087A00000000000000000000000000000000000C9
:1087B00000000000000000000000000000000000B9
:1087C000000101010101010101010101010101019A
:1087D0000101000000000000000000000000000097
:1087E00000007FFFFFFFFFFFFFFCFCFCFCFCFCFC2C
:1087F000FCFCFEFEFEFFFFFF7F3F1F0F0701000096
:108800000000000000FFFFFFFFFFFFFF000000006F
:1088100000000000000000000080E0FEFFFFFFFFFE
:10882000FF3F030000000000FFFFFFFFFFFFFF000E
:10883000000000000000000000000000000000FF39
:10884000FFFFFFFFFFFF0000000000FFFFFFFFFF33
:10885000FFFF00000000000000000000000000001A
:10886000031FFFFFFFFFFFFFF00000000000FFFFFE
:10887000FFFFFFFFFF0F0F0F0F0F0F0F0F0F0F1F48
:108880001F3FFFFFFFFFFEFCF8E0000000000000BC
:108890000080C0E0E0E0E0E0E0E0E0E0E0E0E0E038
:1088A000E0E0E0E0C0C080800000000000000000C8
:1088B00000000000000000000000000000000000B8
:1088C00000000000000000000000000000000000A8
:1088D0000000000000000000000000000000000098
:1088E0000000000000000000000000000000000088
:1088F0000000000000000000000000000101010174
:108900000101010101010101010101010101010157
:10891000010101000000000000000000007FFFFFD7
:10892000FFFFFFFFFCFCFCFCFCFCFCFCFCFCFCFC7B
:10893000FCFCFCFCFCFCF8700000000000000000E7
:10894000FFFFFFFFFFFFFF0000000000000000002E
:108950000000000000000000000000000000000017
:10896000000000FFFFFFFFFFFFFFFEFEFEFEFEFE1A
:10897000FEFEFEFEFEFEFEFEFEFEFE7C0000000091
:10898000000000000000FFFFFFFFFFFFFF000000EE
:1089900000000000000000000000000000000000D7
:1089A000000000000000000000FFFFFFFFFFFFFFCE
:1089B0000F0F0F0F0F0F0F0F0F0F0F0F0F0F0F0FC7
:1089C0000F0F0F07000000000000000080C0E0E073
:1089D000E0E0E0E0E0E0E0E0E0E0E0E0E0E0E0E097
:1089E000E0E0E0E0E0E0C000000000000000000087
:1089F0000000000000000000000000000000000077
:108A00000000000000000000000000000000000066
:108A10000000000000000000000000000000000056
:108A20000000000000000000000000000000000046
:108A3000000000000000000101010101010101012D
:108A4000010101010101010101010101000000001A
:108A500000000000000000007FFFFFFFFFFFFFFCA1
:108A6000FCFCFCFCFCFCFCFCFCFCFCFCFCFCFCF84A
:108A70007000000000000000000000FFFFFFFFFF8B
:108A8000FFFF0000000000000000000000000000E8
:108A90000000000000000000000000000000FFFFD8
:108AA000FFFFFFFFFF7E7E7E7E7E7E7E7E7E7E7E61
:108AB0007E7E7E3C00000000000000000000000000
:108AC00000FFFFFFFFFFFFFF0000000000000000AD
:108AD0000000000000000000000000000000000096
:108AE00000000000FFFFFFFFFFFFFF00000000008D
:108AF0000000000000000000000000000000000076
:108B00000000000000000080C0E0E0E0C080000045
:108B10000000000000000000000000000000000055
:108B20000000000000000000000000000000000045
:108B30000000000000000000000000000000000035
:108B40000000000000000000000000000000000025
:108B50000000000000000000000000000000000015
:108B60000000000000000000000000000000000005
:108B700000000000000000000101010303030303E3
:108B800003030303010100000000000000000000D7
:108B900000000000030F1F3F7FFFFFFFFEFCFCF8FB
:108BA000F8F8F8F8F8FCFCFEFFFFFF7F3F1F070115
:108BB00000000000033FFFFFFFFFFFFEE08000001A
:108BC000000000000000000000000080C0F0F8FC81
:108BD000FCF8F000000000FFFFFFFFFFFFFF0000B8
:108BE0000000000000000000070F0F0F0F0F0F0F15
:108BF0000F0F0F0F0F0703000000E0FEFFFFFFFF46
:108C0000FF3F03000000000000000080C0C0C0C0A3
:108C1000C0C0C0C0FFFFFFFFFFFF000000000080DA
:108C2000E0F8FCFEFFFFFF7F3F1F1F0F0F0F0F0F2E
:108C30000F0F1F1F3F3F7FFFFFFEFEFCF0000000F5
:108C400000000000000000008080C0C0C0E0E0E044
:108C5000E0E0E0E0E0E0C0C0C08080000000000094
:108C60000000000000000000000000000000000004
:108C700000000000000000000000000000000000F4
:108C800000000000000000000000000000000000E4
:108C900000000000000000000000000000000000D4
:108CA00000000000000000000000000003030301BA
:108CB00000000000000000000000000000000000B4
:108CC0000001030301000000000000000000FFFF9E
:108CD000FFFFFFFF00000000000000000000000098
:108CE000000000FFFFFFFFFFFF000000000000008A
:108CF00000FFFFFFFFFFFF0000000000000000007A
:108D0000000000000000FFFFFFFFFFFF0000000069
:108D100000000000FFFFFFFFFFFFFEFEFEFEFEFE65
:108D2000FEFEFEFEFEFEFEFEFEFFFFFFFFFFFF005B
:108D300000000000000000FFFFFFFFFFFF00000039
:108D4000000000000000000000000000FFFFFFFF27
:108D5000FFFF0000000000000000FFFFFFFFFFFF1B
:108D6000000000000000000000000000000000FF04
:108D7000FFFFFFFFFF000000000000000080C0E0D8
:108D8000E0C08000000000000000000000000000C3
:108D9000000080C0E0E0C080000000000000000093
:108DA00000000000000000000000000000000000C3
:108DB00000000000000000000000000000000000B3
:108DC00000000000000000000000000000000000A3
:108DD0000000000000000000000000000000000093
:108DE000000000000000000103030100000000007B
:108DF0000000000000000000000000000000000073
:108E0000000000000000000000FFFFFFFFFFFF0068
:108E10000000000000000000000000000000000052
:108E2000000000000000000000000000FFFFFFFF46
:108E3000FFFF000000000000000000000000000034
:108E4000000000000000000000000000000000FF23
:108E5000FFFFFFFFFF000000000000000000000017
:108E60000000000000000000000000000000000002
:108E70000000FFFFFFFFFFFF0000000000000000F8
:108E800000000000000000000000000000000000E2
:108E90000000000000FFFFFFFFFFFF0000000000D8
:108EA00000000000000000000000000000000000C2
:108EB000000000000000000080C0E0E0C080000072
:108EC00000000000000000000000000000000000A2
:108ED0000000000000000000000000000000000092
:108EE0000000000000000000000000000000000082
:108EF0000000000000000000000000000000000072
:108F00000000000000000000000000000000000061
:108F10000000000000000000000000000000000051
:108F2000000000000000000000000000000003033B
:108F3000030100000000000000000000000000002D
:108F40000000000000000000000000000000000021
:108F5000FFFFFFFFFFFF0000000000000000000017
:108F60000000000000000000000000000000000001
:108F7000000000FFFFFFFFFFFF00000000000000F7
:108F800000000000000000000000000000000000E1
:108F9000000000000000FFFFFFFFFFFF00000000D7
:108FA000000000000000000000003F7F7F7F3F1FA7
:108FB000000000000000000000FFFFFFFFFFFF00B7
:108FC00000000000000000000000000000C0F8FEEB
:108FD000FFFFFFFF3F1F0F0F0F1F1FFFFFFFFFFED2
:108FE000F8C00000000000000000000000000000C9
:108FF0000000000080C0C0E0E0E0E0E0E0E0C0C0D1
:1090000080000000000000000000000000000000E0
:109010000000000000000000000000000000000050
:109020000000000000000000000000000000000040
:109030000000000000000000000000000000000030
:109040000000000000000000000000000000000020
:109050000000000000000000000000000003030307
:1090600001000000000000000000000000000000FF
:10907000010303030100000000000000000000FFE6
:10908000FFFFFFFFFF000000000000000001030FD2
:109090001F7FFFFFFFFFFCF8E00000000000000062
:1090A0000000FFFFFFFFFFFF00000103071F3FFF5E
:1090B000FFFFFEFCF8F0C080000000000000000090
:1090C0000000000000FFFFFFFFFFFF3F7FFFFFFEEC
:1090D000FCFFFFFFFF7F1F0F0300000000000000E8
:1090E0000000000000000000FFFFFFFFFFFFF0E0B6
:1090F000C000000000C0F0FCFFFFFFFFFF3F0F03B8
:109100000000000000000000000000FFFFFFFFFF64
:10911000FF0000000000000000000000C0F0FCFFA5
:10912000FFFFFFFF3F0F000000000000000080C0B5
:10913000E0E0C0800000000000000000000000002F
:10914000000000C0E0E0E0E0C0000000000000001F
:10915000000000000000000000000000000000000F
:1091600000000000000000000000000000000000FF
:1091700000000000000000000000000000000000EF
:1091800000000000000000000000000000000000DF
:1091900000000000000000000103030100000000C7
:1091A00000000000000000000000000000000000BF
:1091B00000000000000000000000FFFFFFFFFFFFB5
:1091C000000000000000000000000000000000009F
:1091D00000000000000000000000000000FFFFFF92
:1091E000FFFFFF0000000000000000000000000082
:1091F000000000000000000000000000000000006F
:10920000FFFFFFFFFFFF0000000000000000000064
:10921000000000000000000000000000000000004E
:10922000000000FFFFFFFFFFFF0000000000000044
:10923000000000000000000000000000000000002E
:10924000000000000000FFFFFFFFFFFF0F0F0F0FE8
:109250000F0F0F0F0F0F0F0F0F0F0F07030000005F
:1092600000000000000000000080C0E0E0E0E0E05E
:10927000E0E0E0E0E0E0E0E0E0E0E0E0E0E0C0806E
:1092800000000000000000000000000000000000DE
:1092900000000000000000000000000000000000CE
:1092A00000000000000000000000000000000000BE
:1092B00000000000000000000000000000000000AE
:1092C000000000000000000000000000000000009E
:1092D0000000000101010101010100000000000087
:1092E0000000000000000000010101010101010077
:1092F000000000007FFFFFFFFFFFFFFFFFFF3F01B8
:109300000000000000000000013FFFFFFFFFFFFF23
:10931000FFFFFF7F000000FFFFFFFFFFFFE0FFFFF9
:10932000FFFFFF0F0000000000000FFFFFFFFFFF27
:10933000E0FFFFFFFFFFFF000000FFFFFFFFFFFF59
:109340000000F8FFFFFFFF7F030000037FFFFFFF28
:10935000FFF80000FFFFFFFFFFFF000000FFFFFF1F
:10936000FFFFFF000000C0FEFFFFFFFF1F1FFFFF0A
:10937000FFFFFEC0000000FFFFFFFFFFFF00000037
:10938000FFFFFFFFFFFF0000000000F0FFFFFFFFF7
:10939000FFFFFFFFF00000000000FFFFFFFFFFFFE7
:1093A00000000080C0E0E0E080000000000000005D
:1093B000C0E0E0E0E0C00000000000000080C0E08D
:1093C000E0E080000000000000000000000000005D
:1093D000000000000000000000000000000000008D
:1093E000000000000000000000000000000000007D
:1093F000000000000000000000000000000000006D
:109400000000000000000000000000000000010358
:109410000303010000000000000000000000000045
:109420000000000303030300000000000000000030
:109430007FFFFFFFFFFFFF7F0F0300000000000022
:109440000000000000FFFFFFFFFFFF000000000022
:10945000000000FFFFFFFFFFFFFCFFFFFFFF3F0FCC
:109460000300000000000000FFFFFFFFFFFF0000FF
:10947000000000000000FFFFFFFFFFFF0000C0F042
:10948000FCFFFFFFFF3F0F03000000FFFFFFFFFF98
:10949000FF0000000000000000FFFFFFFFFFFF00D3
:1094A0000000000000C0F0FCFFFFFFFF3F0FFFFFC8
:1094B000FFFFFFFF0000000000000000FFFFFFFFB4
:1094C000FFFF00000000000000000000C0F0FCFFF3
:1094D000FFFFFFFFFFFFFF00000000000000008013
:1094E000C0E0E0C0800000000000000000000000BC
:1094F000000000C0C0E0E0E0C0800000000000000C
:10950000000000000000000000000000000000005B
:10951000000000000000000000000000000000004B
:10952000000000000000000000000000000000003B
:10953000000000000000000000000000000000002B
:10954000000000000000000000000000000000011A
:1095500001010303030303030303010101000000EE
:10956000000000000000000000000001070F3F7F26
:109570007FFFFFFFFEFCF8F8F8F8F8F8FCFEFFFFAD
:10958000FF7F7F3F0F07010000000000033FFFFF48
:10959000FFFFFFFEE0800000000000000000000070
:1095A000000080E0FEFFFFFFFFFF3F03000000FF21
:1095B000FFFFFFFFFFFF00000000000000000000B1
:1095C0000000000000000000FFFFFFFFFFFFFF00A2
:1095D0000000E0FEFFFFFFFFFF3F03000000000070
:1095E000000000000000000000033FFFFFFFFFFF3E
:1095F000FEE00000000000C0F0F8FCFEFFFFFF7F6F
:109600003F1F0F0F0F0F0F0F1F3F7FFFFFFFFFFECB
:10961000F8F0C000000000000000000000000000A2
:1096200080C0C0C0E0E0E0E0E0E0E0E0C0C0C080BA
:10963000000000000000000000000000000000002A
:10964000000000000000000000000000000000001A
:10965000000000000000000000000000000000000A
:1096600000000000000000000000000000000000FA
:1096700000000000000000000000000000000000EA
:1096800000000000000101010101010101010101CF
:1096900001010101010000000000000000000000C5
:1096A0000000000000007FFFFFFFFFFFF8F8F8F860
:1096B000F8F8F8F8FCFCFEFFFFFF7F3F1F070000F3
:1096C000000000000000000000FFFFFFFFFFFF00A0
:1096D0000000000000000000000081FFFFFFFFFF0E
:1096E000FFFF00000000000000000000FFFFFFFF80
:1096F000FFFF1F1F1F1F1F1F1F1F3F3F7FFFFFFF7A
:10970000FFFEFCF08000000000000000000000FFF1
:10971000FFFFFFFFFFC0C0C0C0C0C0C0C0C0C0C00E
:109720008080000000000000000000000000000039
:109730000000FFFFFFFFFFFF00000000000000002F
:109740000000000000000000000000000000000019
:10975000000000000080C0E0E0C0800000000000C9
:1097600000000000000000000000000000000000F9
:1097700000000000000000000000000000000000E9
:1097800000000000000000000000000000000000D9
:1097900000000000000000000000000000000000C9
:1097A00000000000000000000000000000000000B9
:1097B00000000000000000000000000000000000A9
:1097C000000000000001010103030303030303037E
:1097D0000101010000000000000000000000000086
:1097E0000001070F3F7F7FFFFFFFFEFCF8F8F8F84E
:1097F000F8F8FCFEFFFFFF7F7F3F0F07010000002E
:109800000000033FFFFFFFFFFFFEE08000000000BD
:10981000000000000000000080E0FEFFFFFFFFFFEF
:109820003F03000000FFFFFFFFFFFFFF00000000FD
:109830000000000000000000000000000000FFFF2A
:10984000FFFFFFFFFF000000E0FEFFFFFFFFFF3F05
:109850000300000000000E0F0F0F070703010003B5
:109860003FFFFFFFFFFFFEE00000000000C0F0F838
:10987000FEFFFFFFFF7F3F1F0F0F0F8FCFDFFFFFA9
:10988000FFFFFFFFFFFFFFF3C30100000000000028
:1098900000000000000080C0C0C0E0E0E0E0E0E0C8
:1098A000E0E0C0C0C080C0C0E0F0F8FCFCFC7C0080
:1098B00000000000000000000000000000000000A8
:1098C0000000000000000000000000000000000098
:1098D0000000000000000000000000000000000088
:1098E0000000000000000000000000000000000078
:1098F0000000000000000000000000010101010163
:10990000010101010101010101010101000000004B
:109910000000000000000000000000007FFFFFFFCB
:10992000FFFFF8F8F8F8F8F8F8F8F8F8FCFEFFFF91
:10993000FF7F3F1F0F01000000000000000000FF3C
:10994000FFFFFFFFFF00000000000000000000001C
:109950000001FFFFFFFFFFFFFE000000000000000E
:109960000000FFFFFFFFFFFF3F3F3F3F3F3F3F3F05
:109970003F7F7FFFFEFCFCF8F0E0C000000000002D
:109980000000000000FFFFFFFFFFFF0000000000DD
:1099900080C0E0F8FEFFFFFF7F3F0F0701000000DF
:1099A0000000000000000000FFFFFFFFFFFF0000BD
:1099B000000000000000000080E0F8FEFFFFFFFF55
:1099C0007F0F01000000000000000080C0E0E0C048
:1099D0008000000000000000000000000000008087
:1099E000C0E0E0E0C0000000000000000000000057
:1099F0000000000000000000000000000000000067
:109A00000000000000000000000000000000000056
:109A10000000000000000000000000000000000046
:109A20000000000000000000000000000000000036
:109A30000000000000000000000101030303030315
:109A4000030303010100000000000000000000000B
:109A5000000000000000030F3F7FFFFFFEFCF8F056
:109A6000F0F0F0F0F0F8FCFFFFFF7F3F0F01000087
:109A7000000000000000000000FCFFFFFFFFFF1FD0
:109A80000707030301010000000000E0F0F8F8F010
:109A9000C000000000000000000000000080C0E0E6
:109AA000F0F8F8FCFCFEFEFEFFFFFFFF7F7F3F3F6C
:109AB0001F0F070300000000000000000000071F48
:109AC0001F1F1F0F01000000000000000000808029
:109AD000C0F0FFFFFFFFFF7F00000000000000005C
:109AE0000000F0FCFEFFFFFF7F1F0F0707070707BF
:109AF000070F0F1F7FFFFFFEFCF0C00000000000FB
:109B000000000000000000000080C0C0C0E0E0E0F5
:109B1000E0E0E0E0E0C0C0C0800000000000000025
:109B20000000000000000000000000000000000035
:109B30000000000000000000000000000000000025
:109B40000000000000000000000000000000000015
:109B50000000000000000000000000000000000005
:109B600000000000000000000000000000010101F2
:109B700001010101010101010101010101010101D5
:109B8000010101010100000000000000000070F868
:109B9000FCFCFCFCFCFCFCFCFCFFFFFFFFFFFFFCF3
:109BA000FCFCFCFCFCFCFCFCF8700000000000006D
:109BB000000000000000000000000000FFFFFFFFA9
:109BC000FFFF000000000000000000000000000097
:109BD000000000000000000000000000000000FF86
:109BE000FFFFFFFFFF00000000000000000000007A
:109BF0000000000000000000000000000000000065
:109C00000000FFFFFFFFFFFF00000000000000005A
:109C10000000000000000000000000000000000044
:109C20000000000000FFFFFFFFFFFF00000000003A
:109C30000000000000000000000000000000000024
:109C4000000000000000000080C0E0E0C0800000D4
:109C50000000000000000000000000000000000004
:109C600000000000000000000000000000000000F4
:109C700000000000000000000000000000000000E4
:109C800000000000000000000000000000000000D4
:109C900000000000000000000000000000000000C4
:109CA00000000000000000000000000103030100AC
:109CB00000000000000000000000000000000000A4
:109CC00001030301000000000000000000FFFFFF8F
:109CD000FFFFFF0000000000000000000000000087
:109CE0000000FFFFFFFFFFFF00000000000000007A
:109CF000FFFFFFFFFFFF000000000000000000006A
:109D00000000000000FFFFFFFFFFFF000000000059
:109D1000000000FFFFFFFFFFFF0000000000000049
:109D20000000000000000000FFFFFFFFFFFF000039
:109D3000000000000000FEFFFFFFFFFF0300000027
:109D40000000000000000000000003FFFFFFFFFF15
:109D5000FF000000000000000000E0F8FEFFFFFF31
:109D60007F3F1F0F0F0F0F0F0F0F1F3F7FFFFFFFD3
:109D7000FEFCF000000000000000000000000000F9
:109D8000008080C0C0C0E0E0E0E0E0E0E0E0C0C013
:109D9000C080000000000000000000000000000083
:109DA00000000000000000000000000000000000B3
:109DB00000000000000000000000000000000000A3
:109DC0000000000000000000000000000000000093
:109DD0000000000000000000000000000000000083
:109DE0000000000001030303010000000000000068
:109DF0000000000000000000000003030301000059
:109E0000000000000000F8FFFFFFFFFF3F0300001D
:109E100000000000000000000000011FFFFFFFFF26
:109E2000FFF8000000000000000080F8FFFFFFFFC7
:109E3000FF1F010000000000000000000FFFFFFFF7
:109E4000FFFFF080000000000000000000000000A4
:109E5000F0FFFFFFFFFF1F0100000000000FFFFFEA
:109E6000FFFFFEF000000000000000000000000006
:109E70000000000000E0FEFFFFFFFF1F01000FFFDA
:109E8000FFFFFFFEE00000000000000000000000F7
:109E900000000000000000000000E0FCFFFFFFFFEA
:109EA000FFFFFFFFFCC000000000000000000000FA
:109EB0000000000000000000000000000000008022
:109EC000C0E0E0E0E0C08000000000000000000012
:109ED0000000000000000000000000000000000082
:109EE0000000000000000000000000000000000072
:109EF0000000000000000000000000000000000062
:109F00000000000000000000000000000000000051
:109F1000000000000000000000000000000003033B
:109F20000300000000000000000000010303030123
:109F30000000000000000000000003030300000018
:109F4000FEFFFFFFFF03000000000000037FFFFF94
:109F5000FFFFFF7F0300000000000003FFFFFFFF83
:109F6000FE000000F8FFFFFFFF070000000007FFF2
:109F7000FFFFFE80FEFFFFFF070000000007FFFF5E
:109F8000FFFFF80000000000F0FFFFFFFF070000E8
:109F90001FFFFFFFF8000000F8FFFFFF1F00000792
:109FA000FFFFFFFFF000000000000000E0FFFFFFE8
:109FB000FF0F7FFFFFFFF00000000000F0FFFFFF3A
:109FC0007F0FFFFFFFFFE000000000000000000027
:109FD000C0FFFFFFFFFFFFFEC00000000000000009
:109FE000C0FEFFFFFFFFFFFFC000000000000000F9
:109FF0000000000000C0E0E0E0C000000000000041
:10A000000000000000C0E0E0E0C000000000000030
:10A010000000000000000000000000000000000040
:10A020000000000000000000000000000000000030
:10A030000000000000000000000000000000000020
:10A040000000000000000000000000000000000010
:10A0500000000000000000000000010303030100F5
:10A0600000000000000000000000000000000103EC
:10A07000030301000000000000000000F0FCFFFFEF
:10A08000FFFF7F3F0F0100000000000000030F3FB3
:10A09000FFFFFFFFFEF800000000000000000000CE
:10A0A0000000C0F0FCFFFFFFFF7F1F07071F3FFFFF
:10A0B000FFFFFFFEF8E0800000000000000000004D
:10A0C000000000000000000000C3FFFFFFFFFFFFD3
:10A0D000FFFFFFFFC30000000000000000000000C1
:10A0E0000000000000000001071F3FFFFFFFFFFF0F
:10A0F000FCF0F0FCFEFFFFFFFF3F1F070100000028
:10A1000000000000000000071F7FFFFFFFFFFEF8B8
:10A11000E08000000000000080E0F8FEFFFFFFFF8D
:10A120007F1F0700000000000000C0E0E0E0E0C08A
:10A13000800000000000000000000000000000801F
:10A14000C0E0E0E0C080000000000000000000006F
:10A1500000000000000000000000000000000000FF
:10A1600000000000000000000000000000000000EF
:10A1700000000000000000000000000000000000DF
:10A1800000000000000000000000000000000000CF
:10A1900000000000010303030100000000000000B4
:10A1A00000000000000000000000010303030100A4
:10A1B000000000000000E0FCFFFFFFFFFF3F0F0377
:10A1C00000000000000000000001071F7FFFFFFFEC
:10A1D000FFFCF0000000000000000000C0F0F8FEEE
:10A1E000FFFFFFFF3F07010001071F7FFFFFFFFE8B
:10A1F000FCF0C000000000000000000000000000B3
:10A2000000000080E0F8FEFFFFFF7FFFFFFFFEF889
:10A21000E0800000000000000000000000000000DE
:10A2200000000000000000000000FFFFFFFFFFFF34
:10A23000FF0000000000000000000000000000001F
:10A2400000000000000000000000000000FFFFFF11
:10A25000FFFFFFFF00000000000000000000000002
:10A2600000000000000000000000000000000000EE
:10A2700080C0E0E0E0C080000000000000000000BE
:10A2800000000000000000000000000000000000CE
:10A2900000000000000000000000000000000000BE
:10A2A00000000000000000000000000000000000AE
:10A2B000000000000000000000000000000000009E
:10A2C000000000000000000000000000000000008E
:10A2D000010101010101010101010101010101016E
:10A2E0000101010101010101010000000000000065
:10A2F0000000F0F8F8F8F8F8F8F8F8F8F8F8F8F8D6
:10A30000F8F8F8F9FFFFFFFFFFFFFFFFFE00000076
:10A31000000000000000000000000000000000003D
:10A320000001070F3F7FFFFFFFFFFEF8F0C0800036
:10A33000000000000000000000000000000000011C
:10A34000071F3FFFFFFFFFFFFCF8E0C00000000019
:10A350000000000000000000000000000003071FD4
:10A360003FFFFFFFFFFFFCF8E0800000000000005F
:10A370000000000000000000000000000F1F7FFF31
:10A38000FFFFFFFFFFF7E787070707070707070735
:10A3900007070707070707070707030000000080F4
:10A3A000C0E0E0E0E0E0E0E0E0E0E0E0E0E0E0E0CD
:10A3B000E0E0E0E0E0E0E0E0E0E0E0E0E0C000007D
:10A3C000000000000000000000000000000000008D
:10A3D000000000000000000000000000000000007D
:10A3E000000000000000000000000000000000006D
:10A3F000000000000000000000000000000000005D
:10A40000000000000000000000000001030303033F
:10A410000303030300000000000000000000000030
:10A4200000000000000000000000000000FFFFFF2F
:10A43000FFFFF0F0F0F0F00000000000000000006E
:10A44000000000000000000000000000000000000C
:10A45000FFFFFFFFFF000000000000000000000001
:10A4600000000000000000000000000000000000EC
:10A47000000000FFFFFFFFFF0000000000000000E1
:10A4800000000000000000000000000000000000CC
:10A49000000000000000FFFFFFFFFF0000000000C1
:10A4A00000000000000000000000000000000000AC
:10A4B000000000000000000000FFFFFFFFFF0000A1
:10A4C000000000000000000000000000000000008C
:10A4D000000000000000000000000000FFFFFFFF80
:10A4E000FF0000000000000000000000000000006D
:10A4F000000000000000000000000000000000F06C
:10A50000F8FCFCFCFCFCFCFCFC0000000000000073
:10A51000000000000000000000000000000000003B
:10A52000000000000000000000000000000000002B
:10A53000000000000000000000000000000000001B
:10A540000000000003030100000000000000000004
:10A5500000000000000000000000000000000000FB
:10A5600000000000000080FFFFFF1F00000000004F
:10A5700000000000000000000000000000000000DB
:10A580000000000000000000000000FEFFFF3F0090
:10A5900000000000000000000000000000000000BB
:10A5A000000000000000000000000000000000FCAF
:10A5B000FFFFFF010000000000000000000000009D
:10A5C000000000000000000000000000000000008B
:10A5D000000000F8FFFFFF03000000000000000083
:10A5E000000000000000000000000000000000006B
:10A5F00000000000000000F0FFFFFF070000000067
:10A60000000000000000000000000000000000004A
:10A610000000000000000000000000C0E0E0C000FA
:10A62000000000000000000000000000000000002A
:10A63000000000000000000000000000000000001A
:10A64000000000000000000000000000000000000A
:10A6500000000000000000000000000000000000FA
:10A6600000000000000000000000000000000000EA
:10A6700000000000000000000000000000000001D9
:10A6800003030303030303010000000000000000B4
:10A6900000000000000000000000000000000000BA
:10A6A0000000E0F0F0F0F0FFFFFFFFFF000000000F
:10A6B000000000000000000000000000000000009A
:10A6C00000000000000000000000FFFFFFFFFF008F
:10A6D000000000000000000000000000000000007A
:10A6E00000000000000000000000000000FFFFFF6D
:10A6F000FFFF00000000000000000000000000005C
:10A700000000000000000000000000000000000049
:10A71000FFFFFFFFFF00000000000000000000003E
:10A720000000000000000000000000000000000029
:10A73000000000FFFFFFFFFF00000000000000001E
:10A740000000000000000000000000000000000009
:10A75000000000000000FFFFFFFFFF0000000000FE
:10A7600000000000000000000000000000000000E9
:10A770000000000078FCFCFCFCFCFCFCF8F0000095
:10A7800000000000000000000000000000000000C9
:10A7900000000000000000000000000000000000B9
:10A7A00000000000000000000000000000000000A9
:10A7B0000000000000000000000000000000000099
:10A7C000000103030303000000000000000000007C
:10A7D0000000000000000000000000000000000079
:10A7E0000000031FFFFFFFFFFFFF0F00000000003E
:10A7F0000000000000000000000000000000000059
:10A80000000000073FFFFFFFF880C0FCFFFFFF1FB5
:10A810000100000000000000000000000000000037
:10A8200000000000047CFCFCFCF88000000000C07C
:10A83000FCFCFCFC3C0400000000000000000000E8
:10A840000000000000000000000000000000000008
:10A8500000000000000000000000000000000000F8
:10A8600000000000000000000000000000000000E8
:10A8700000000000000000000000000000000000D8
:10A8800000000000000000000000000000000000C8
:10A8900000000000000000000000000000000000B8
:10A8A00000000000000000000000000000000000A8
:10A8B0000000000000000000000000000000000098
:10A8C0000000000000000000000000000000000088
:10A8D0000000000000000000000000000000000078
:10A8E0000000000000000000000000000000000068
:10A8F0000000000000000000000000000000000058
:10A900000000000000000000000000000000000047
:10A910000000000000000000000000000000000037
:10A920000000000000000000000000000000000027
:10A930000000000000000000000000000000000017
:10A940000000000000000000000000000000000007
:10A9500000000000000000000000000000000000F7
:10A9600000000000000000000000000000000000E7
:10A9700000000000000000000000000000000000D7
:10A9800000000000000000000000000000000000C7
:10A9900000000000000000000000000000000000B7
:10A9A00000000000000000000000000000000000A7
:10A9B0000000000000000000000000000000000097
:10A9C0000000000000000000000000000000000087
:10A9D0000000000000000000000000000000000077
:10A9E000000000000000000000E0E0E0E0E0E0E047
:10A9F000E0E0E0E0E0E0E0E0E0E0E0E000000000D7
:10AA00000000000000000000000000000000000046
:10AA10000000000000000000000000000000000036
:10AA20000000000000000000000000000000000026
:10AA30000101010101000000000000000000000011
:10AA40000000000000000000000000000000000006
:10AA50000000000080E0F0FCFE3E06000000000068
:10AA600000000000000000000000000000000000E6
:10AA700000000000000000000000000000000000D6
:10AA800000000000000000000000000000000000C6
:10AA900000000000000000000000000000000000B6
:10AAA00000000000000000000000000000000000A6
:10AAB0000000000000000000000000000000000096
:10AAC0000000000000000000000000000000000086
:10AAD0000000000000000000000000000000000076
:10AAE0000000000000000000000000000000000066
:10AAF0000000000000000000000000000000000056
:10AB00000000000000000000000000000000000045
:10AB10000000000000000000000000000000000035
:10AB20000000000000000000000000000000000025
:10AB30000000000000000000000000000000000015
:10AB40000000000000000000000000000000000005
:10AB500000000000000000000000000000000000F5
:10AB600000000000000000000000000000000000E5
:10AB700000000000000000000000000000000000D5
:10AB800000000000000000000000000000000000C5
:10AB900000000000000000000000000000000000B5
:10ABA00000000000000000000000000000000000A5
:10ABB000000000030F0F1F1F3F3F3F3F3F3F3F1F5E
:10ABC0001F0F070000000000000000000000000050
:10ABD0000000000000F8FCFCF8E0808000000101AB
:10ABE00081C3FFFFFFFFFF00000000000000000026
:10ABF00000000000000000030F1F3F7F7E7CF8F87C
:10AC0000F8F0F0F0E0FFFFFFFFFF000000000000A1
:10AC100000000000000000000000FCFFFFFFFF1F1D
:10AC20000F070707070F1F7EFCFFFFFFFF0700004E
:10AC30000000000000000000000000000000008094
:10AC4000C0E0E0E0E0E0C0C08000000080C0E0E0E4
:10AC50008000000000000000000000000000000074
:10AC600000000000000000000000000000000000E4
:10AC700000000000000000000000000000000000D4
:10AC800000000000000000000000000000000000C4
:10AC900000000000000000000000000000000000B4
:10ACA000000000000000000003030300000000009B
:10ACB0000000000000000000000000000000000094
:10ACC00000000000000000000000FFFFFFFFFF0089
:10ACD0000000000000000000000000000000000074
:10ACE00000000000000000000000000000FFFFFF67
:10ACF000FFFF03070F1F3F3F3F3F3F1F1F0F030093
:10AD00000000000000000000000000000000000043
:10AD1000FFFFFFFFFFFEE0C08000000080C0F8FFE3
:10AD2000FFFFFF0F00000000000000000000000017
:10AD3000000000FFFFFFFFFF010000000000000017
:10AD40000000FFFFFFFFFF00000000000000000008
:10AD5000000000000000FFFFFFFFFFFE3F0F07079E
:10AD600007070F1FFFFFFFFEF000000000000000BC
:10AD700000000000000000000080E0E0E080000033
:10AD800080C0E0E0E0E0E0C08000000000000000E3
:10AD900000000000000000000000000000000000B3
:10ADA00000000000000000000000000000000000A3
:10ADB0000000000000000000000000000000000093
:10ADC0000000000000000000000000000000000083
:10ADD0000000000000000000000000000000000073
:10ADE0000000000000000000000000000000000063
:10ADF0000000000000000000000000000000000053
:10AE00000000000000000000000000000000000042
:10AE10000000000000000000000000000000000032
:10AE20000000000000000000000001070F1F1F3F8E
:10AE30003F3F3F3F3F1F0F0703010000000000009E
:10AE40000000000000000000000000077FFFFFFF7F
:10AE5000F8E0800000000080E0F8FEFEFC0000004A
:10AE60000000000000000000000000000000FFFFE4
:10AE7000FFFFFF00000000000000000000030703C8
:10AE800000000000000000000000000000000000C2
:10AE90000080F0FCFFFFFF1F0F070707070F3FFFB2
:10AEA000FFFEFCE0000000000000000000000000C9
:10AEB000000000000000000080C0C0E0E0E0E0E032
:10AEC000E0C08080000000000000000000000000E2
:10AED0000000000000000000000000000000000072
:10AEE0000000000000000000000000000000000062
:10AEF0000000000000000000000000000000000052
:10AF00000000000000000000000000000000000041
:10AF10000000000000000000000000000000000031
:10AF20000000000000000000000000000303030117
:10AF30000000000000000000000000000000000011
:10AF40000000000000000000000000000000FFFF03
:10AF5000FFFFFF00000000000000000000000000F4
:10AF600000000000030F1F1F3F3F3F3F3F1F0F0721
:10AF700003FFFFFFFFFF00000000000000000000D3
:10AF800000000000000FFFFFFFFFF8E0800000005E
:10AF900080C0E0FEFFFFFFFFFF0000000000000098
:10AFA0000000000000000000FFFFFFFFFF000000A6
:10AFB00000000000000003FFFFFFFFFF0000000093
:10AFC000000000000000000000000000F0FEFFFF95
:10AFD000FF1F0F070707070F3FFEFFFFFFFFFF00E1
:10AFE0000000000000000000000000000000000061
:10AFF000000080C0E0E0E0E0E0C080000080E0E031
:10B00000E0800000000000000000000000000000E0
:10B010000000000000000000000000000000000030
:10B020000000000000000000000000000000000020
:10B030000000000000000000000000000000000010
:10B040000000000000000000000000000000000000
:10B0500000000000000000000000000000000000F0
:10B0600000000000000000000000000000000000E0
:10B0700000000000000000000000000000000000D0
:10B0800000000000000000000000000000000000C0
:10B0900000000000000000000000000000000000B0
:10B0A00001070F1F1F3F3F3F3F3F1F1F0F070100BB
:10B0B0000000000000000000000000000000000090
:10B0C00000077FFFFFFFF0C08000000080C0F0FF9E
:10B0D000FFFF7F07000000000000000000000000EC
:10B0E00000000000FFFFFFFFFFF8F8F8F8F8F8F89D
:10B0F000F8F8F8F8F8F0C0000000000000000000C8
:10B100000000000000000080F0FCFFFF7F1F0F0721
:10B110000707070F1F3F7FFFFC0000000000000033
:10B12000000000000000000000000000000080C0DF
:10B13000C0E0E0E0E0E0E0C0C0800000000000000F
:10B1400000000000000000000000000000000000FF
:10B1500000000000000000000000000000000000EF
:10B1600000000000000000000000000000000000DF
:10B1700000000000000000000000000000000000CF
:10B1800000000000000000000000000000000000BF
:10B19000000000000000010103030303030100009D
:10B1A000000000000000000000000000000000009F
:10B1B000000000000000001FFFFFFFFFF8F0F0F0AC
:10B1C000F0E00000000000000000000000000000AF
:10B1D000000000000000001F1F1FFFFFFFFFFF1FF8
:10B1E0001F1F0F0000000000000000000000000012
:10B1F00000000000000000000000808080FFFFFFD2
:10B20000FFFF8080800000000000000000000000C0
:10B21000000000000000000000000000000000002E
:10B22000FFFFFFFFFF000000000000000000000023
:10B23000000000000000000000000000000000000E
:10B24000000000FFFFFFFFFF000000000000000003
:10B2500000000000000000000000000000000000EE
:10B2600000000000000080E0E0E08000000000003E
:10B2700000000000000000000000000000000000CE
:10B2800000000000000000000000000000000000BE
:10B2900000000000000000000000000000000000AE
:10B2A000000000000000000000000000000000009E
:10B2B000000000000000000000000000000000008E
:10B2C000000000000000000000000000000000007E
:10B2D000000000000000000000000000000000006E
:10B2E000000000000000000000000000000000005E
:10B2F000000000000000000000000000000000004E
:10B30000000000000000000000000000000000003D
:10B31000000000000003070F1F3F3F3F3F3F1F0F8C
:10B3200007030F3F3F3F1F00000000000000000028
:10B330000000000000000FFFFFFFFFF8C0800000CA
:10B34000000080E0FCFFFFFFFFFF000000000000A6
:10B35000000000000000000000FFFFFFFFFF0000F2
:10B360000000000000000000FFFFFFFFFF000000E2
:10B3700000000000000000000000000000F0FEFFE0
:10B38000FFFF1F0F070707070F3FFEFFFFFFFFFF2E
:10B3900000000000000000000000000000000000AD
:10B3A000070F0F83C1E0E0E0E0E0C0800003FFFF93
:10B3B000FFFFFE0000000000000000000000000091
:10B3C000000000E0F8FCFCFE7E3F3F3F3F3F7FFE79
:10B3D000FEFEFCF0E00000000000000000000000A5
:10B3E000000000000000000000000000000000005D
:10B3F000000000000000000000000000000000004D
:10B400000000000000000000000003030300000033
:10B41000000000000000000000000000000000002C
:10B42000000000000000000000000000FFFFFFFF20
:10B43000FF0000000000000000000000000000000D
:10B44000000000000000000000000000000000FFFD
:10B45000FFFFFFFF030F1F1F3F3F3F3F3F1F0F0334
:10B4600000000000000000000000000000000000DC
:10B470000000FFFFFFFFFFF0C08000000080E0FF42
:10B48000FFFFFFFF000000000000000000000000C0
:10B490000000000000FFFFFFFFFF000000000000B1
:10B4A0000000FFFFFFFFFF000000000000000000A1
:10B4B0000000000000000000FFFFFFFFFF00000091
:10B4C0000000000000FFFFFFFFFF00000000000081
:10B4D0000000000000000000000000C0E0E0E0808C
:10B4E000000000000000000080E0E0E080000000BC
:10B4F000000000000000000000000000000000004C
:10B50000000000000000000000000000000000003B
:10B51000000000000000000000000000000000002B
:10B52000000000000000000000000000000000001B
:10B53000000000000000000000000000000000000B
:10B5400000000000000003030301000000000000F1
:10B5500000000000000000000000000000000000EB
:10B560000000000000000000F8FCFCFCF8000000F7
:10B5700000000000000000000000000000000000CB
:10B5800000000000000000000000000F3F3F3F0FE0
:10B5900000000000000000000000000000000000AB
:10B5A0000000000000000000000000000000FFFF9D
:10B5B000FFFFFF000000000000000000000000008E
:10B5C000000000000000000000000000000000007B
:10B5D00000FFFFFFFFFF0000000000000000000070
:10B5E000000000000000000000000000000000005B
:10B5F00000000000FFFFFFFFFF0000000000000050
:10B60000000000000000000000000000000000003A
:10B610000000000000000080E0E0E080000000008A
:10B62000000000000000000000000000000000001A
:10B63000000000000000000000000000000000000A
:10B6400000000000000000000000000000000000FA
:10B6500000000000000000000000000000000000EA
:10B6600000000000000000000000000000000000DA
:10B6700000000000000000000000000000000000CA
:10B6800000030303010000000000000000000000B0
:10B6900000000000000000000000000000000000AA
:10B6A000000000F8FCFCFCF80000000000000000B6
:10B6B000000000000000000000000000000000008A
:10B6C0000000000000000F3F3F3F0F00000000009F
:10B6D000000000000000000000000000000000006A
:10B6E000000000000000000000FFFFFFFFFF00005F
:10B6F000000000000000000000000000000000004A
:10B70000000000000000000000000000FFFFFFFF3D
:10B71000FF0000000000000000000000000000002A
:10B72000000000000000000000000000000000FF1A
:10B73000FFFFFFFF0000000000000000000000000D
:10B7400000000000000000000000000000000000F9
:10B750000000FFFFFFFFFF000000000000000000EE
:10B7600000000000000000000000000000000000D9
:10B7700000007F7FFFFFFFFEFCE0000000000000F4
:10B7800000000000000000000000000000000000B9
:10B7900000000000000000000000000000000000A9
:10B7A0000000000000000000000000000000000099
:10B7B0000000000000000000000000000303030080
:10B7C0000000000000000000000000000000000079
:10B7D0000000000000000000000000000000FFFF6B
:10B7E000FFFFFF000000000000000000000000005C
:10B7F0000000000000000000000000000000000049
:10B8000000FFFFFFFFFF0000000001070F3F3F3F69
:10B810000C0000000000000000000000000000001C
:10B8200000000000FFFFFFFFFF030F1F7FFFFFF877
:10B83000F0C08000000000000000000000000000D8
:10B8400000000000000000FFFFFFFFFFFEFCF0FC17
:10B85000FFFFFF3F070100000000000000000000A4
:10B8600000000000000000000000FFFFFFFFFF00DD
:10B8700000000080E0FCFFFFFF3F0F000000000021
:10B880000000000000000000000000000080E0E078
:10B89000E0800000000000000080C0E0E0C0000088
:10B8A0000000000000000000000000000000000098
:10B8B0000000000000000000000000000000000088
:10B8C0000000000000000000000000000000000078
:10B8D0000000000000000000000000000000000068
:10B8E0000000000000000000000000000000000058
:10B8F000000000000000000303030000000000003F
:10B900000000000000000000000000000000000037
:10B91000000000000000000000FFFFFFFFFF00002C
:10B920000000000000000000000000000000000017
:10B93000000000000000000000000000FFFFFFFF0B
:10B94000FF000000000000000000000000000000F8
:10B95000000000000000000000000000000000FFE8
:10B96000FFFFFFFF000000000000000000000000DB
:10B9700000000000000000000000000000000000C7
:10B980000000FFFFFFFFFF000000000000000000BC
:10B9900000000000000000000000000000000000A7
:10B9A0000000000000FFFFFFFFFF0000000000009C
:10B9B0000000000000000000000000000000000087
:10B9C000000000000000000080E0E0E080000000D7
:10B9D0000000000000000000000000000000000067
:10B9E0000000000000000000000000000000000057
:10B9F0000000000000000000000000000000000047
:10BA00000000000000000000000000000000000036
:10BA10000000000000000000000000000000000026
:10BA20000000000000000000000000000000000016
:10BA30000000000000000000000000000000000006
:10BA400000000000000000000000000000000000F6
:10BA500000000000000000000000000000000000E6
:10BA600000000000000000000000000000000000D6
:10BA70000000000000001F3F3F3F0F070F1F1F3F48
:10BA80003F3F3F1F1F0701070F1F3F3F3F3F1F1F44
:10BA9000070100000000000000FFFFFFFFFFF08033
:10BAA00000000000C0FFFFFFFFFFF080000000C0AB
:10BAB000FFFFFFFFFF00000000000000FFFFFFFF8F
:10BAC000FF00000000000000FFFFFFFFFF0000007C
:10BAD000000000FFFFFFFFFF00000000000000FF6C
:10BAE000FFFFFFFF00000000000000FFFFFFFFFF5F
:10BAF000000000000000FFFFFFFFFF00000000004B
:10BB0000000080E0E0E0800000000000000080E035
:10BB1000E0E08000000000000080E0E0E080000045
:10BB20000000000000000000000000000000000015
:10BB30000000000000000000000000000000000005
:10BB400000000000000000000000000000000000F5
:10BB500000000000000000000000000000000000E5
:10BB600000000000000000000000000000000000D5
:10BB700000000000000000000000000000000000C5
:10BB800000000000000000000000000000000000B5
:10BB900000000000000000000000000000000000A5
:10BBA0000000000000000000000000000000000095
:10BBB000001F3F3F3F0F030F1F1F3F3F3F3F3F1FF0
:10BBC0000F0700000000000000000000000000005F
:10BBD00000000000FFFFFFFFFFF0C08000000080BA
:10BBE000E0FFFFFFFFFF000000000000000000007A
:10BBF00000000000000000FFFFFFFFFF000000004A
:10BC000000000000FFFFFFFFFF0000000000000039
:10BC100000000000000000000000FFFFFFFFFF0029
:10BC200000000000000000FFFFFFFFFF0000000019
:10BC30000000000000000000000000000080E0E0C4
:10BC4000E080000000000000000080E0E0E08000F4
:10BC500000000000000000000000000000000000E4
:10BC600000000000000000000000000000000000D4
:10BC700000000000000000000000000000000000C4
:10BC800000000000000000000000000000000000B4
:10BC900000000000000000000000000000000000A4
:10BCA0000000000000000000000000000000000094
:10BCB0000000000000000000000000000000000084
:10BCC0000000000000000000000000000000000074
:10BCD0000000000000000000000000000000000064
:10BCE0000000000000000000000000000001070F3D
:10BCF0001F1F3F3F3F3F3F3F1F1F0F070100000037
:10BD00000000000000000000000000000000077FAD
:10BD1000FFFFFFF8C0800000000080C0F8FFFFFFB9
:10BD20007F0700000000000000000000000000008D
:10BD300000FFFFFFFFFF0000000000000000000008
:10BD4000FFFFFFFFFF0000000000000000000000F8
:10BD50000000000000F0FCFFFFFF1F0F07070707B0
:10BD60000F3FFFFFFFFCF00000000000000000009C
:10BD7000000000000000000000000080C0C0E0E003
:10BD8000E0E0E0E0C0C08000000000000000000033
:10BD900000000000000000000000000000000000A3
:10BDA0000000000000000000000000000000000093
:10BDB0000000000000000000000000000000000083
:10BDC0000000000000000000000000000000000073
:10BDD0000000000000000000000000000000000063
:10BDE0000000000000000000000000000000000053
:10BDF0000000000000000000000000000000000043
:10BE00000000000000000000000000000000000032
:10BE10000000000000000000000000000000000022
:10BE2000000000000000001F3F3F3F0F01070F1FF1
:10BE30003F3F3F3F3F1F0F0703000000000000008F
:10BE400000000000000000000000FFFFFFFFFFFEF9
:10BE5000E0808000000080C0F8FFFFFF7F0F00003F
:10BE600000000000000000000000000000FFFFFFD5
:10BE7000FFFF03000000000000000000FFFFFFFFC5
:10BE8000FF000000000000000000000000000000B3
:10BE9000FFFFFFFFFFFE3F0F0F0707070F3FFFFFEB
:10BEA000FFFEF000000000000000000000000000A5
:10BEB000000000FFFFFFFFFF000080C0E0E0E0E0C7
:10BEC000E0C0800000000000000000000000000052
:10BED000000000000000FEFFFFFFFC00000000006B
:10BEE0000000000000000000000000000000000052
:10BEF0000000000000000000000000000000000042
:10BF00000000000000000000000000000000000031
:10BF10000000000000000000000000000000000021
:10BF20000000000000000000000000000000000011
:10BF30000000000000000000000000000000000001
:10BF400000000000000000000000000000000000F1
:10BF500000000000000000000000000000000000E1
:10BF600000000003070F1F3F3F3F3F3F1F0F070326
:10BF70001F3F3F3F1F0000000000000000000000C6
:10BF8000000000000FFFFFFFFFF8E08000000080CE
:10BF900080E0FEFFFFFFFFFF000000000000000048
:10BFA00000000000000000FFFFFFFFFF0000000096
:10BFB000000000000003FFFFFFFFFF000000000083
:10BFC0000000000000000000000080F0FEFFFFFF06
:10BFD0003F0F0707070F0F3FFEFFFFFFFFFF0000A8
:10BFE0000000000000000000000000000000000051
:10BFF0000080C0E0E0E0E0E0C0800000FFFFFFFF65
:10C00000FF00000000000000000000000000000031
:10C01000000000000000000000000000000000FE22
:10C02000FFFFFFFC00000000000000000000000017
:10C030000000000000000000000000000000000000
:10C0400000000000000000000000000000000000F0
:10C0500000000000000000000000000000000000E0
:10C0600000000000000000000000000000000000D0
:10C0700000000000000000000000000000000000C0
:10C0800000000000000000000000000000000000B0
:10C09000000000000000000000000000000F3F3F13
:10C0A0003F0F070F3F3F3F3F1F0F030000000000FF
:10C0B0000000000000000000000000000000000080
:10C0C000FFFFFFFFFFFCC0808080C0C0C0000000F9
:10C0D0000000000000000000000000000000000060
:10C0E000000000FFFFFFFFFF000000000000000055
:10C0F0000000000000000000000000000000000040
:10C10000000000000000FFFFFFFFFF000000000034
:10C11000000000000000000000000000000000001F
:10C1200000000000000000000080E0E0E08000006F
:10C1300000000000000000000000000000000000FF
:10C1400000000000000000000000000000000000EF
:10C1500000000000000000000000000000000000DF
:10C1600000000000000000000000000000000000CF
:10C1700000000000000000000000000000000000BF
:10C1800000000000000000000000000000000000AF
:10C19000000000000000000000000000000000009F
:10C1A000000000000000000000000000000000008F
:10C1B000000000000000000000000000000000007F
:10C1C000000000000000000000000000000000006F
:10C1D000000000000000000000070F1F1F3F3E3E50
:10C1E0003E3E3F1F1F0F070100000000000000003F
:10C1F0000000000000000000000000FCFFFFFFFF47
:10C200000F0703030101C1F0F8F0F0000000000087
:10C21000000000000000000000000000000001031A
:10C22000C1C1E0F0F0F0F8F8FCFEFF7F7F1F0700CF
:10C2300000000000000000000000000000000000FE
:10C2400000FCFFFFFF3F1F0F0707070F1FFFFFFF48
:10C25000FEF00000000000000000000000000000F0
:10C2600000000000000080C0C0E0E0E0E0E0E0C0CE
:10C27000C08000000000000000000000000000007E
:10C2800000000000000000000000000000000000AE
:10C29000000000000000000000000000000000009E
:10C2A000000000000000000000000000000000008E
:10C2B000000000000000000000000000000000007E
:10C2C000000000000000000000000000000000016D
:10C2D000010100000000000000000000000000005C
:10C2E000000000000000000000000000000000004E
:10C2F000007FFFFFFF7F0000000000000000000043
:10C30000000000000000000000000000000000002D
:10C31000000F1F1FFFFFFFFFFF1F1F1F0F00000069
:10C32000000000000000000000000000000000000D
:10C3300000000000008080FFFFFFFFFF8080800082
:10C3400000000000000000000000000000000000ED
:10C3500000000000000000000000FFFFFFFFFF00E2
:10C3600000000000000000000000000000000000CD
:10C3700000000000000000000000000000FEFFFFC1
:10C38000FFFF0F07070F0703000000000000000079
:10C39000000000000000000000000000000000009D
:10C3A0000080C0E0E0E0E0E0C0C00000000000006D
:10C3B000000000000000000000000000000000007D
:10C3C000000000000000000000000000000000006D
:10C3D000000000000000000000000000000000005D
:10C3E000000000000000000000000000000000004D
:10C3F000000000000000000000000000000000003D
:10C40000000000000000000000000000000000002C
:10C41000000000000000000000000000000000001C
:10C42000000000000000000000000000000000000C
:10C4300000000000000000000000000000000000FC
:10C4400000000000000000000000000000000F3F9E
:10C450003F3F0F00000000000000000F3F3F3F0F74
:10C4600000000000000000000000000000000000CC
:10C4700000FFFFFFFFFF0000000000000000FFFFC3
:10C48000FFFFFF00000000000000000000000000AF
:10C4900000000000FFFFFFFFFF00000000000000A1
:10C4A00000FFFFFFFFFF0000000000000000000091
:10C4B00000000000000000F8FFFFFFFF3F0F07072C
:10C4C000070F1F7EFFFFFFFFFF00000000000000BE
:10C4D00000000000000000000000000080C0E0E05C
:10C4E000E0E0E0C0C0800080E0E0E0C000000000CC
:10C4F000000000000000000000000000000000003C
:10C50000000000000000000000000000000000002B
:10C51000000000000000000000000000000000001B
:10C52000000000000000000000000000000000000B
:10C5300000000000000000000000000000000000FB
:10C5400000000000000000000000000000000000EB
:10C5500000000000000000000000000000000000DB
:10C5600000000000000000000000000000000000CB
:10C5700000000000000000000000000000000000BB
:10C5800000000000000000001F3F3F1F03000000EC
:10C5900000000000011F3F3F1F00000000000000DE
:10C5A000000000000000000000000080F8FFFFFF16
:10C5B0001F00000000001FFFFFFFF88000000000C8
:10C5C000000000000000000000000000000000006B
:10C5D00080FCFFFFFF070007FFFFFFFC800000005B
:10C5E000000000000000000000000000000000004B
:10C5F0000000000000C0FCFFFF3FFFFFFCC0000088
:10C60000000000000000000000000000000000002A
:10C6100000000000000000000000C0E0E0E0C000FA
:10C62000000000000000000000000000000000000A
:10C6300000000000000000000000000000000000FA
:10C6400000000000000000000000000000000000EA
:10C6500000000000000000000000000000000000DA
:10C6600000000000000000000000000000000000CA
:10C6700000000000000000000000000000000000BA
:10C6800000000000000000000000000000000000AA
:10C69000000000000000000000000000000000009A
:10C6A000000000000000000000000000000000008A
:10C6B000000000000000000000000000000000007A
:10C6C0000000001F3F3F1F03000000000000071F85
:10C6D0003F3F1F07000000000000031F3F3F1F00F7
:10C6E00000000000000080FCFFFFFF0F00000000C2
:10C6F0003FFFFFFFFFFFFF3F000000000FFFFFFFB6
:10C70000FC80000000000000000000E0FFFFFF3F91
:10C710000003FFFFFFF80000FCFFFFFF03003FFFE7
:10C72000FFFFE0000000000000000000000000002B
:10C73000F0FFFFFFFFFFFFE000000000E0FFFFFF52
:10C74000FFFFFFF0000000000000000000000000FC
:10C750000000000080C0E0E0C00000000000000019
:10C7600000C0E0E0C0800000000000000000000009
:10C7700000000000000000000000000000000000B9
:10C7800000000000000000000000000000000000A9
:10C790000000000000000000000000000000000099
:10C7A0000000000000000000000000000000000089
:10C7B0000000000000000000000000000000000079
:10C7C0000000000000000000000000000000000069
:10C7D0000000000000000000000000000000000059
:10C7E0000000000000000000000000000000000049
:10C7F0000000000000000000000000000000043FF6
:10C800003F3F0F030000000000031F3F3F3F0400B5
:10C810000000000000000000000000000000000018
:10C82000000080F0FCFFFFFF1F071FFFFFFFFCE081
:10C830008000000000000000000000000000000078
:10C8400000000000000000010FFFFFFFFFFFFFFFDF
:10C850000F010000000000000000000000000000C8
:10C8600000000000000000031F7FFFFFFEF0C0007B
:10C87000C0F0FEFFFF7F1F0300000000000000006B
:10C8800000000000000000000000C0E0E0C08000E8
:10C8900000000000000080C0E0E0C00000000000D8
:10C8A0000000000000000000000000000000000088
:10C8B0000000000000000000000000000000000078
:10C8C0000000000000000000000000000000000068
:10C8D0000000000000000000000000000000000058
:10C8E0000000000000000000000000000000000048
:10C8F0000000000000000000000000000000000038
:10C900000000000000000000000000000000000027
:10C910000000000000000000000000000000000017
:10C920000000000000000000000000000000000007
:10C930000000000000000000000F3F3F3F07000024
:10C94000000000000000031F3F3F1F000000000028
:10C9500000000000000000000000000080F8FFFF61
:10C96000FF7F0300000000013FFFFFFFF880000091
:10C9700000000000000000000000000000000000B7
:10C9800000C0FCFFFFFF1F00000FFFFFFFFCC00007
:10C990000000000000000000000000000000000097
:10C9A000000000000000C0FCFFFFFF7FFFFFFEE073
:10C9B0000000000000000000000000000000000077
:10C9C0000000000000000000000001EFFFFFFFFF7B
:10C9D000E000000000000000000000000000000077
:10C9E00000000000000000083E3F3F3F7FFFFEFECA
:10C9F000F8E000000000000000000000000000005F
:10CA00000000000000000000000000000000000026
:10CA10000000000000000000000000000000000016
:10CA20000000000000000000000000000000000006
:10CA300000000000000000000000000000000000F6
:10CA400000000000000000000000000000000000E6
:10CA500000000000000000000000000000000000D6
:10CA600000000000000000000000000000000000C6
:10CA700000000000001F1F1F1F1F1F1F1F1F1F1F61
:10CA80001F1F1F1F0F00000000000000000000001B
:10CA90000000000000000000808080808080808393
:10CAA0008FFFFFFFFEF8E0800000000000000000A4
:10CAB0000000000000000000000000000001070F5F
:10CAC0003FFFFFFEF8E080000000000000000000D3
:10CAD00000000000000000000000000000071F7FB1
:10CAE000FFFFFFFFE78707070707070707070300A1
:10CAF0000000000000000000000000000000000036
:10CB0000C0E0E0E0E0E0E0E0E0E0E0E0E0E0E0E045
:10CB1000E0C0000000000000000000000000000075
:10CB20000000000000000000000000000000000005
:10CB300000000000000000000000000000000000F5
:10CB400000000000000000000000000000000000E5
:10CB500000000000000000000000000000000000D5
:10CB600000000000000000000000000000000000C5
:10CB700001030303030000000000000000000000A8
:10CB800000000000000000000000000000000000A5
:10CB90001F7FFFFFFFFCF8F8F0000000000000001E
:10CBA0000000000000000000000000000000000085
:10CBB000000000FFFFFFFFFF00000000000000007A
:10CBC0000000000000000000000000000000000065
:10CBD00000000001030FFFFFFFFFF800000000004E
:10CBE0000000000000000000000000000000000045
:10CBF0000000000000FCFEFFFFFFFFCF030000006D
:10CC00000000000000000000000000000000000024
:10CC10000000000000000000000000C0FFFFFFFF58
:10CC20007F00000000000000000000000000000085
:10CC3000000000000000000000000000000000FFF5
:10CC4000FFFFFFFF000000000000000000000000E8
:10CC500000000000000000000000000000000000D4
:10CC60000000E0F8FCFEFFFFFF7F3C00000000003A
:10CC700000000000000000000000000000000000B4
:10CC800000000000000000000000000000000000A4
:10CC90000000000000000000000000000000000094
:10CCA000000000000000010303010000000000007C
:10CCB0000000000000000000000000000000000074
:10CCC000000000000000000000FFFFFFFF00000068
:10CCD0000000000000000000000000000000000054
:10CCE000000000000000000000000000FFFFFFFF48
:10CCF0000000000000000000000000000000000034
:10CD0000000000000000000000000000000000FF24
:10CD1000FFFFFF0000000000000000000000000016
:10CD20000000000000000000000000000000000003
:10CD30000000FFFFFFFF00000000000000000000F7
:10CD400000000000000000000000000000000000E3
:10CD50000000000000FFFFFFFF00000000000000D7
:10CD600000000000000000000000000000000000C3
:10CD70000000000000000000FFFFFFFF00000000B7
:10CD800000000000000000000000000000000000A3
:10CD90000000000000000000000000FEFFFFFE0099
:10CDA0000000000000000000000000000000000083
:10CDB0000000000000000000000000000000000073
:10CDC0000000000000000000000000000000000063
:10CDD0000000000000000000000000000000000350
:10CDE0000303030100000000000000000000000039
:10CDF0000000000000000000000000000000000033
:10CE000000F0F8F8FCFFFFFF7F1F000000000000AB
:10CE10000000000000000000000000000000000012
:10CE20000000000000000000FFFFFFFFFF00000007
:10CE300000000000000000000000000000000000F2
:10CE40000000000000000000000000F8FFFFFFFFEE
:10CE50001F030100000000000000000000000000AF
:10CE600000000000000000000000000000000003BF
:10CE7000CFFFFFFFFFFEFC000000000000000000ED
:10CE800000000000000000000000000000000000A2
:10CE9000007FFFFFFFFFC000000000000000000057
:10CEA0000000000000000000000000000000000082
:10CEB00000000000FFFFFFFFFF0000000000000077
:10CEC0000000000000000000000000000000000062
:10CED0000000003C7F7FFFFFFEFCF8E00000000048
:10CEE0000000000000000000000000000000000042
:10CEF0000000000000000000000000000000000032
:10CF00000000000000000000000000000000000021
:10CF10000000000000000000000000000000000011
:10CF20000000000000000000000000000000000001
:10CF300000000000000000000000000000000000F1
:10CF400000000000000000000000000000000000E1
:10CF500000000000000000000000000000000000D1
:10CF600000000001010101010000000000000000BC
:10CF700000000100000000000000000000000000B0
:10CF80000000003F7FFFFEFEFEFEFFFF7F7F3F1F92
:10CF90001F1F1F3F7FFF0000000000000000000077
:10CFA000000000000000E0800000000000000080A1
:10CFB000C0C0E0E0E0E0C080000000000000000031
:10CFC0000000000000000000000000000000000061
:10CFD0000000000000000000000000000000000051
:10CFE0000000000000000000000000000000000041
:10CFF0000000000000000000000000000000000031
:10D000000000000000000000000000000000000020
:10D010000000000000000000000000000000000010
:10D020000000000000000000000000000000000000
:10D0300000000000230000000000000023000000AA
:10D040002300000023000000460000002300000031
:10D0500069000000230000008C0000002300000095
:10D06000AF00000023000000D200000023000000F9
:10D07000F50000002300000018010000230000005C
:10D080003B010000230000005E01000023000000BF
:10D090008101000023000000A40100002300000023
:10D0A000C701000023000000EA0100002300000087
:10D0B0000D020000230000003002000023000000E9
:10D0C000530200002300000076020000230000004D
:10D0D0009902000023000000BC02000023000000B1
:10D0E000DF02000023000000020300002300000014
:10D0F0002503000023000000480300002300000077
:10D100006B030000230000008E03000023000000DA
:10D11000B103000023000000D4030000230000003E
:10D12000F7030000230000001A04000023000000A1
:10D130003D04000023000000600400002300000004
:10D140008304000023000000A60400002300000068
:10D15000C904000023000000EC04000023000000CC
:10D160000F0500002300000032050000230000002E
:10D170005505000023000000780500002300000092
:10D180009B05000023000000BE05000023000000F6
:10D19000E105000023000000040600002300000059
:10D1A00027060000230000004A06000023000000BC
:10D1B0006D06000023000000900600002300000020
:10D1C000B306000023000000D60600002300000084
:10D1D000F9060000230000001C07000023000000E7
:10D1E0003F0700002300000062070000230000004A
:10D1F0008507000023000000A807000023000000AE
:10D20000CB07000023000000EE0700002300000011
:10D210001108000023000000340800002300000073
:10D2200057080000230000007A08000023000000D7
:10D230009D08000023000000C0080000230000003B
:10D24000E30800002300000006090000230000009E
:10D2500029090000230000004C0900002300000001
:10D260006F09000023000000920900002300000065
:10D27000B509000023000000D809000023000000C9
:10D28000FB090000230000001E0A0000230000002C
:10D29000410A000023000000640A0000230000008F
:10D2A000870A000023000000AA0A000023000000F3
:10D2B000CD0A000023000000F00A00002300000057
:10D2C000130B000023000000360B000023000000B9
:10D2D000590B0000230000007C0B0000230000001D
:10D2E0009F0B000023000000C20B00002300000081
:10D2F000E50B000023000000080C000023000000E4
:10D300002B0C0000230000004E0C00002300000046
:10D31000710C000023000000940C000023000000AA
:10D32000B70C000023000000DA0C00000000000031
:10D3300000000000000000000000000000000000ED
:10D3400000000000000000000000000000000000DD
:10D3500000000000000000000000000000000000CD
:10D3600000000000000000000000000000000000BD
:10D3700000000000000000000000000000000000AD
:10D38000000000000000000000000000000000009D
:10D39000000000000000000000000000000000008D
:10D3A0000000000000007FFFFF0000000000000000
:10D3B00000000000000000000000FEFFFC00000074
:10D3C0000000000000000000000000000000078FC7
:10D3D0000700000000000000000000000000000046
:10D3E00000000080000000000000000000000000BD
:10D3F000000000000000000000000000000000002D
:10D40000000000000000000000FFFFFF0000FFFF21
:10D41000FF0000000000000000000000008080808D
:10D42000000080808000000000000000000000007C
:10D4300000000000000000000000000000000000EC
:10D4400000000000000000000000000000000000DC
:10D4500000000000000000000000000000000000CC
:10D460000000000000000000000000000303037F34
:10D47000FF630307FFFF030000000000000000003F
:10D48000C1C1FFFFE1C1C7FFFFC1C1000000000033
:10D4900000000000E0FFFFF0E0E3FFFFE0E0E0005D
:10D4A00000000000000000000080800000008000FC
:10D4B000000000000000000000000000000000006C
:10D4C000010F0F000000000000000000000000003D
:10D4D000001F7FFFF0FFFFE0FC7F3F000000000027
:10D4E0000000000000C0F0F8FCFFFF3E1F0F070126
:10D4F000000000000000000000FCFF7F07FFFF03AA
:10D5000007FFFEF80000000000000000000000809F
:10D51000C0FFFFC08080000000000000000000008D
:10D5200000000000000000000000000000000000FB
:10D53000000000003F7FE0C0E07F1F000000010FFF
:10D5400078E0000000000000C0F0381838F0C00398
:10D550000F78E003070C0C07030000000000000038
:10D56000030F7CE0000000FEFF0101FFFE00000051
:10D5700000000000C00000000000000000808000EB
:10D58000000000000000000000000000000000009B
:10D5900000000000000000000000001F7F7FE0E0AE
:10D5A000F1FF7F1F00000000000000000001070FD6
:10D5B000FFFCFE7FFFE7C100070F0700000000002F
:10D5C00000F8FEFF0F030303C7FFFFFEFEFF070384
:10D5D00000000000000000008080808080000000CB
:10D5E00000008000000000000000000000000000BB
:10D5F00000000000000000000000000000FFFFFF2E
:10D60000000000000000000000000000000000001A
:10D61000008080800000000000000000000000008A
:10D6200000000000000000000000000000000000FA
:10D6300000000000000000000000000000000000EA
:10D6400000000000000000000000000000000000DA
:10D6500000000000000000000000000000000000CA
:10D660000000031F7FF00000000000000000000029
:10D6700000000000003FFFFF8000000000000000ED
:10D68000000000000000000000FCFFFF010000009F
:10D690000000000000000000000000000000C0F8D2
:10D6A000FE0F00000000000000000000000000006D
:10D6B000000000000000000000000000000000006A
:10D6C0000000000000F07F1F0300000000000000C9
:10D6D0000000000000000000000080FFFF3F00008D
:10D6E000000000000000000000000000000001FF3A
:10D6F000FFFC00000000000000000000000000002F
:10D70000000FFEF8C0000000000000000000000054
:10D710000000000000000000030300000000000003
:10D7200000000000000000000038181DFFFF1D1859
:10D73000380000000000000000000000000070E061
:10D740000080E07000000000000000000000000009
:10D7500000000000000000000000000000000000C9
:10D7600000000000000000000000000000000000B9
:10D7700000000000000000000000000000000000A9
:10D780000000000000000000000000000000000099
:10D79000000F0F0F0000000000000000000000005C
:10D7A000001E1E1E1EFFFFFF1E1E1E1E000000008C
:10D7B000000000000000000000F8F8F80000000081
:10D7C0000000000000000000000000000000000059
:10D7D0000000000000000000000000000000000049
:10D7E0000000000000000000000000000000000039
:10D7F0000000000000000000000000000000000029
:10D800000000000000000000000000000000000018
:10D81000000000000000000000070F0F07000000DC
:10D82000000000000000000000000000000C9CF858
:10D83000E000000000000000000000000000000008
:10D8400000000000000000000000000000000000D8
:10D8500000000000000000000000000000000000C8
:10D86000000000000000000000003C3C3C3C3C3C50
:10D870003C3C3C3C3C3C3C3C3C3C00000000000050
:10D880000000000000000000000000000000000098
:10D890000000000000000000000000000000000088
:10D8A0000000000000000000000000000000000078
:10D8B0000000000000000000000000000000000068
:10D8C0000000000000000000000000000000000058
:10D8D0000000000000000000000000000000000048
:10D8E0000000070F0700000000000000000000001B
:10D8F00000000000000000800000000000000000A8
:10D900000000000000000000000000000000000017
:10D91000000000000000000000000000000007FF01
:10D92000F8000000000000000000000000000000FF
:10D93000000FFFF8000000000000000000000000E1
:10D94000000000001FFFF0000000000000000000C9
:10D9500000000000000000008080000000000000C7
:10D9600000000000000000000000000000000000B7
:10D9700000000000000000000000000000000000A7
:10D980000000031F3F7F7CF0E0E0E0F07C7F3F0F72
:10D99000010000000000FFFFFFFF0000000000008A
:10D9A00000FFFFFFFF0000000000C0F8FEFF1F07A0
:10D9B000030303071FFFFEF8E00000000000000063
:10D9C00000000080808080800000000000000000D7
:10D9D0000000000000000000000000000000000047
:10D9E00000000000000001030307070F1E7FFFFF78
:10D9F0007F00000000000000000080C0C0808000A8
:10DA000000FFFFFFFF00000000000000000000001A
:10DA10000000000000FFFFFFFF000000000000000A
:10DA200000000000000000000000808000000000F6
:10DA300000000000000000000000000000000000E6
:10DA4000000000000000000000000F1F3F7F78F082
:10DA5000E0E0E0F0F87F7F3F0F0000000000008072
:10DA60008000000103070F1F7EFCF8F0C0000000DB
:10DA70000000071F3F7FFFF7E7C787070707070774
:10DA8000070000000000008080808080808080800F
:10DA90008080808080000000000000000000000006
:10DAA0000000000000000000000000000000061F51
:10DAB0003F7E70E0E0E0E0F07F7F3F0F000000007D
:10DAC0000000000000003838383878FCFEFFCF87AF
:10DAD000010000000000F8FCFE1F0703030303071A
:10DAE0000FFFFEFCF000000000000000000080803E
:10DAF0008080808000000000000000000000000026
:10DB00000000000000000000000000000000000015
:10DB100000000000000001030F1F7EFFFFFF7F00D9
:10DB2000000000000001030F1F7CF8E0C00000FFB0
:10DB3000FFFFFF000000000000E0F0F0F0F0F0F068
:10DB4000F0F0F0FFFFFFFFF0F0F000000000000039
:10DB500000000000000000008080000000000000C5
:10DB600000000000000000000000000000000000B5
:10DB7000000000000000001FFFFFFFF0F0F0F0F0D9
:10DB8000F0F0F0F00000000000003CFEFCFC38303B
:10DB9000707070787C3F1F0F0300000000003C7E17
:10DBA0003F0F0703030303070FFFFEFCF000000015
:10DBB0000000000000008080808080800000000065
:10DBC0000000000000000000000000000000000055
:10DBD0000000000000000000000000071F3F7CF074
:10DBE000E0E0E0F0F87E3E1E000000000000FFFFD5
:10DBF000FFFF1C38707070787C3F1F0F030000001F
:10DC00000000C0F8FEFF1F07030303070FFFFEFC21
:10DC1000F000000000000000000000808080808094
:10DC200000000000000000000000000000000000F4
:10DC30000000000000000000000000000000E0F014
:10DC4000F0F0F0F0F0F0F1F7FFFFFEF870000000E8
:10DC500000000000000000071F7FFFF8C000000068
:10DC60000000000000000000000FFFFFFFFC0000AC
:10DC700000000000000000000000000000008080A4
:10DC80008000000000000000000000000000000014
:10DC90000000000000000000000000000000000084
:10DCA00000000F3F7F7FF0E0E0E0E0F07F7F3F1F6C
:10DCB000000000000001C7EFFFFE7C383838387CD8
:10DCC000FEFFEF870100000000F0FCFEFF0F0703DE
:10DCD000030303070FFFFEFCF0000000000000003C
:10DCE0000000808080808080000000000000000034
:10DCF0000000000000000000000000000000000024
:10DD00000000000000071F3F7F78F0E0E0E0E0F057
:10DD10007C3F1F0F0100000000E0F8FCFE1F0F0712
:10DD20000707070E1CFFFFFFFF00000000003C3E3E
:10DD30003F1F0703030307071FFEFCF080000000DE
:10DD40000000000000008080808080000000000053
:10DD500000000000000000000000000000000000C3
:10DD600000000000000000000000000100000000B2
:10DD70000000000000000000000000000000E0F0D3
:10DD8000E0000000000000000000000000000000B3
:10DD90000000070F07000000000000000000000066
:10DDA00000000000000000800000000000000000F3
:10DDB0000000000000000000000000000000000063
:10DDC0000000000000000000000000000000000152
:10DDD0000000000000000000000000000000000043
:10DDE0000000E0F0E0000000000000000000000083
:10DDF0000000000000000F0F0700000000000000FE
:10DE0000000000000000000000009CF8E00000009E
:10DE10000000000000000000000000000000000002
:10DE200000000000000000000000000000000000F2
:10DE30000000000000010303070F1F0000000000A6
:10DE400000000000003E7F7FF7E7E3C1C1800000D3
:10DE500000000000000000000000000080C0E0E0C2
:10DE6000F0F87C000000000000000000000000004E
:10DE700000000000000000000000000000000000A2
:10DE80000000000000000000000000000000000092
:10DE90000000000000010101010101010101010177
:10DEA000000000000000000000E3E3E3E3E3E3E33D
:10DEB000E3E3E3E3000000000000000000C0C0C096
:10DEC000C0C0C0C0C0C0C0C0000000000000000052
:10DED0000000000000000000000000000000000042
:10DEE0000000000000000000000000000000000032
:10DEF0000000000000000000001F0F0703030100E6
:10DF00000000000000000000000000000000808110
:10DF1000C1E3E7F77F7F3E00000000000000000043
:10DF2000007CF8F0E0E0C08000000000000000008D
:10DF300000000000000000000000000000000000E1
:10DF400000000000000000000000000000000000D1
:10DF5000000000000000000000000000001F3F7CE7
:10DF6000F0E0E0F07F3F0F00000000000000000044
:10DF700000800000071F3FFCF0E080000000000070
:10DF80000000000000000000C7CF87000000000074
:10DF90000000000000000000000000000080000001
:10DFA0000000000000000000000000000000000071
:10DFB0000000000000000000000000000000000061
:10DFC000000000070E1C387061E1E1E0E0F17179BA
:10DFD0003C1F0700001FFFC0031F7FFCE0C0C0E024
:10DFE0007FFFFF000080FFFF00FCFF03FCFFFF0737
:10DFF0000303071FFFFF03070E7CF080000080E093
:10E00000783C9E8E8787070787878F0E1E3C786037
:10E010000000000000000000000000000000000000
:10E02000000000000000000000031F7FFEFE7F1FB5
:10E030000300000000000000000000073FFFFDE1BA
:10E040000101E1FFFF3F070000000000000F7FFF1C
:10E05000FCE0E0E0E0E0E0E0E0FEFF7F0F00000039
:10E0600000008080000000000000000000008080B0
:10E0700000000000000000000000000000000000A0
:10E08000000000000000000000007FFFFFFFF0F034
:10E09000F0F0F0F8FF7F3F0F000000000000FFFFEE
:10E0A000FFFF1C1C1C1C1C3CFEFFE7C30100000002
:10E0B0000000FFFFFFFF0707070707070FFFFFFE2F
:10E0C000F8000000000000808080808080808080D8
:10E0D00080000000000000000000000000000000C0
:10E0E0000000000000000000000000000000070F1A
:10E0F0003F7F7CF8F0F0F0F0787E3F1F0F000000CB
:10E1000000FFFFFFFF000000000000000000808112
:10E11000810000000080F0FCFE7F1F0F070707074B
:10E120000F3FFEFCF0000000000000000000008037
:10E13000808080808000000000000000000000005F
:10E1400000000000000000000000000000000000CF
:10E1500000007FFFFFFFF0F0F0F0F0F87E3F1F07B8
:10E16000010000000000FFFFFFFF000000000000B2
:10E1700000FFFFFFFF0000000000FFFFFFFF070799
:10E180000707070F7FFEFCF0C000000000000080C2
:10E19000808080808080808000000000000000007F
:10E1A000000000000000000000000000000000006F
:10E1B0000000000000007FFFFFFFF0F0F0F0F0F043
:10E1C000F0F0F060000000000000FFFFFFFF3C3CAB
:10E1D0003C3C3C3C3C3C3C00000000000000FFFF9D
:10E1E000FFFF0707070707070707070700000000EB
:10E1F000000000808080808080808080808080809F
:10E20000000000000000000000000000000000000E
:10E21000000000000000000000007FFFFFFFF0F0A2
:10E22000F0F0F0F0F0F06000000000000000FFFFF0
:10E23000FFFF3C3C3C3C3C3C3C1800000000000024
:10E240000000FFFFFFFF00000000000000000000D2
:10E2500000000000000000808000000000000000BE
:10E2600000000000000000000000000000000000AE
:10E270000000000000000000000000000000071F78
:10E280003F3F7C78F0F0F0F0F8FC7E7F3F0F00001D
:10E2900000FFFFFFFF0000000000060F0F0F0F0F31
:10E2A0008F0F07000080F0FCFE7F1F0F0707070796
:10E2B000070F0FFFFEFCF8000000000000000080C8
:10E2C000808080808080000000000000000000004E
:10E2D000000000000000000000000000000000003E
:10E2E00000007FFFFF7F000000000000007FFFFFB5
:10E2F0007F0000000000FFFFFFFF3C3C3C3C3C3C3B
:10E300003CFFFFFFFF0000000000FFFFFFFF0000D9
:10E310000000000000FFFFFFFF0000000000008081
:10E32000800000000000000000008080000000006D
:10E3300000000000000000000000000000000000DD
:10E340000000000000007FFFFF7F000000000000D1
:10E3500000000000000000000000FFFFFFFF0000C1
:10E360000000000000000000000000000000FFFFAF
:10E37000FFFF00000000000000000000000000009F
:10E38000000000808000000000000000000000008D
:10E39000000000000000000000000000000000007D
:10E3A000000000000000000000000000000000006D
:10E3B000007FFFFF7F00000000000000000101005F
:10E3C0000000000000FFFFFFFF0000000000000051
:10E3D00000F8FEFF1F0707070FFFFFFEF000000019
:10E3E00000000000000000008080808080000000AD
:10E3F000000000000000000000000000000000001D
:10E4000000000000000000000000000000007FFF8E
:10E41000FF7F00000003070F3F7EFCF86000000054
:10E420000000FFFFFFFF3F7EFCFCFFFF8F030000AB
:10E43000000000000000FFFFFFFF0000000000C020
:10E44000F0FEFF3F0F03000000000080800000008E
:10E4500000000000000000808000000000000000BC
:10E4600000000000000000000000000000000000AC
:10E4700000007FFFFF7F00000000000000000000A0
:10E48000000000000000FFFFFFFF00000000000090
:10E4900000000000000000000000FFFFFFFF070772
:10E4A00007070707070707000000000000000080BB
:10E4B00080808080808080808080800000000000DC
:10E4C000000000000000000000000000000000004C
:10E4D00000000000007FFFFFFFFFFF1F00000000A3
:10E4E0000F7FFFFFFFFF7F0000FFFFFFFF00FCFF2C
:10E4F0007F03037FFFFC00FFFFFFFF0000FFFFFF24
:10E50000FF0000F0FFFFFFFFF00000FFFFFFFF0034
:10E5100000008080000000000080800000000000FB
:10E5200080800000000000000000000000000000EB
:10E53000000000000000000000007FFFFFFF3F0F11
:10E5400003000000007FFFFF7F0000000000FFFFCE
:10E55000FFFF80F0FC7F1F0700FFFFFFFF000000B0
:10E560000000FFFFFFFF00000080E0F8FEFFFFFF5C
:10E57000FF0000000000008080000000000000009C
:10E58000008080800000000000000000000000000B
:10E590000000000000000000000000000000071F55
:10E5A0003F7F7CF8F0F0F0F0F87C7F3F1F07000021
:10E5B00000FFFFFFFF00000000000000000000FF60
:10E5C000FFFFFF000080F0FCFE7F1F0F070707071B
:10E5D0000F1F7FFEFCF080000000000000000080A4
:10E5E00080808080800000000000000000000000AB
:10E5F000000000000000000000000000000000001B
:10E6000000007FFFFFFFF0F0F0F0F0F87F7F3F0F9A
:10E61000000000000000FFFFFFFF1E1E1E1E1E3E2A
:10E62000FCFCF8E0000000000000FFFFFFFF00001E
:10E63000000000000000000000000000000000805A
:10E64000800000000000000000000000000000004A
:10E6500000000000000000000000000000000000BA
:10E66000000000000000071F3F7F7CF8F0F0F0F092
:10E67000F87C7F3F1F07000000FFFFFFFF00000046
:10E6800000000000000000FFFFFFFF000080F0FC22
:10E69000FE7F1F0F07E7E7773F1F7FFFFFF3810034
:10E6A00000000000000000808080808080000080EA
:10E6B000C0C0E0C00000000000000000000000003A
:10E6C000000000000000000000007FFFFFFFF0F0EE
:10E6D000F0F0F0F0F87F7F3F0F0000000000FFFF38
:10E6E000FFFF1C1C1C1E1F1F3BF9F0F0C0000000A8
:10E6F0000000FFFFFFFF0000000080E0F8FEFF3F8A
:10E700000F000000000000808000000000000000FA
:10E710000000808080000000000000000000000079
:10E72000000000000000000000000000000F3F7F1C
:10E730007FF0E0E0E0E0F07C7F3F1E0000000000A2
:10E7400000C0E0F0F8F87C7C7C3E3E1F1F0F070302
:10E750000000000000F8FEFF3F0703030303070F5C
:10E76000FFFEFCF800000000000000000080808038
:10E770008080808000000000000000000000000099
:10E780000000000000000000000000000000000089
:10E7900060F0F0F0F0F0FFFFFFFFF0F0F0F0F0605D
:10E7A00000000000000000000000FFFFFFFF00006D
:10E7B0000000000000000000000000000000FFFF5B
:10E7C000FFFF00000000000000000000000000004B
:10E7D0000000008080000000000000000000000039
:10E7E0000000000000000000000000000000000029
:10E7F0000000000000007FFFFF7F0000000000001D
:10E80000007FFFFF7F0000000000FFFFFFFF000010
:10E810000000000000FFFFFFFF0000000000F0FC10
:10E82000FEFF1F0F0707070F1FFFFEFCE0000000A1
:10E8300000000000000080808080808000000000D8
:10E8400000000000000000000000000000000000C8
:10E8500000000000000000000078FFFF3F03000000
:10E8600000000000033FFFFF78000000000000F000
:10E87000FFFF3F030000033FFFFEF0000000000029
:10E880000000000000E0FEFF3F3FFFFEE000000050
:10E890000000000000000000000000008080000078
:10E8A0000000000000000000000000000000000068
:10E8B0000000000000000000000000007CFF7F015D
:10E8C0000000001FFFFCFF1F000000017FFFFC0095
:10E8D00000F8FFFF03017FFFF000F0FF7F0103FF5F
:10E8E000FFF800000000E0FFFFFFFEC0000000C0D6
:10E8F000FEFFFFFFE000000000000000808000003D
:10E900000000000000808000000000000000000007
:10E9100000000000000000000000000000000000F7
:10E9200000F8FE7F1F070000030F3FFFFC600000A0
:10E930000000000000000081F7FFFFFFFFF7C100AB
:10E940000000000000000000071F7FFEF8E080804C
:10E95000E0F8FE7F1F0700000000000080808000BC
:10E9600000000000000000808000000000000000A7
:10E970000000000000000000000000000000000097
:10E980000000000000F8FE7F1F0701000001071FC4
:10E990007FFEF8200000000000000080E0F8FF7F0C
:10E9A0007FFFF8E080000000000000000000000091
:10E9B0000000FFFFFFFF000000000000000000005B
:10E9C0000000000000000080800000000000000047
:10E9D0000000000000000000000000000000000037
:10E9E000000000000000000000F0F0F0F0F0F0F097
:10E9F000F0F3FFFFFFFE78000000000000000000C1
:10EA0000030F1F7FFEF8F0C00000000000000000B0
:10EA10000F1F7FFFFFF7C70707070707070707074E
:10EA20000000000000808080808080808080808066
:10EA300080808080000000000000000000000000D6
:10EA4000000000000000000000000000007FFFFF49
:10EA5000E0E0E00000000000000000000000000016
:10EA600000FFFFFF000000000000000000000000A9
:10EA70000000000000FFFFFF000000000000000099
:10EA8000000000000000000000FCFEFE0E0E0E0064
:10EA90000000000000000000000000000000000076
:10EAA0000000000000000000000000000000000066
:10EAB000E0FF3F0000000000000000000000000038
:10EAC0000000000000C0FF7F000000000000000008
:10EAD0000000000000000000000080FEFF030000B6
:10EAE0000000000000000000000000000000000026
:10EAF0008000000000000000000000000000000096
:10EB00000000000000000000000000000000000005
:10EB100000000000E0E0E0FFFF7F000000000000D8
:10EB20000000000000000000000000FFFFFF0000E8
:10EB3000000000000000000000000000000000FFD6
:10EB4000FFFF0000000000000000000000000000C7
:10EB50000E0E0EFEFEFC0000000000000000000093
:10EB600000000000000000000000000000000000A5
:10EB70000000000000000000000000073FFFFC7FD5
:10EB80000F0000000000000000000000000878F8FE
:10EB9000E00000C0F8F818000000000000000000CD
:10EBA0000000000000000000000000000000000065
:10EBB0000000000000000000000000000000000055
:10EBC0000000000000000000000000000000000045
:10EBD0000000000000000000000000000000000035
:10EBE0000000000000000000000000000000000025
:10EBF0000000000000000000000000000000000015
:10EC00000000000000000000000000000000000004
:10EC100000000000000000000C0C0C0C0C0C0C0C94
:10EC20000C0C0C00000000000000000000000000C0
:10EC300000000000000000000000000000000000D4
:10EC400000C0E0F818000000000000000000000014
:10EC500000000000000000000000000000000000B4
:10EC600000000000000000000000000000000000A4
:10EC70000000000000000000000000000000000094
:10EC80000000000000000000000000000000000084
:10EC90000000000000000000000000000000000074
:10ECA000000000000000000000010101010101005E
:10ECB0000000000000000000000078F8F1E1C3C38C
:10ECC000C3E7FFFFFF3F000000000000003CFFFF24
:10ECD000FFC78383870EFEFFFFFF030000000000D5
:10ECE00000000080808080800000000080800000A4
:10ECF0000000000000000000000000000000000014
:10ED00000000000000000000007FFFFF7F00000106
:10ED100001010101000000000000000000FFFFFFF2
:10ED2000FF78E0C0C0E0F0FFFF7F0F0000000000B0
:10ED300000FFFFFFFF1E070303070FFFFFFCF000AC
:10ED400000000000000080800000008080808000C3
:10ED500000000000000000000000000000000000B3
:10ED600000000000000000000000000000000000A3
:10ED7000000001010101010000000000000000008E
:10ED800000073F7FFFF8E0C0C0C0E0F87C3800001B
:10ED90000000000000F0FCFEFF1F07030303071F35
:10EDA0003E3C0000000000000000000000008080E9
:10EDB00080808000000000000000000000000000D3
:10EDC0000000000000000000000000000000000043
:10EDD000000000000101010100007FFFFF7F000033
:10EDE00000000000001F7FFFFFF0C0C0E078FFFFC1
:10EDF000FFFF00000000000000F0FEFFFF0F030314
:10EE0000071EFFFFFFFF00000000000000000000E1
:10EE100080808080000000808000000000000000F2
:10EE200000000000000000000000000000000000E2
:10EE300000000000000000000000010101010100CD
:10EE40000000000000000000000F3F7FFFF3C3C37D
:10EE5000C3C3F3FF7F1F00000000000000F0FCFEB2
:10EE6000FF8F87838383878F9E9C000000000000B4
:10EE70000000000000008080808080000000000012
:10EE80000000000000000000000000000000000082
:10EE9000000000000000000001013F7FFFFFE1E1F2
:10EEA000E06000000000000000000000C0C0FFFFA4
:10EEB000FFFFC0C080000000000000000000000054
:10EEC0000000FFFFFFFF0000000000000000000046
:10EED0000000000000000080800000000000000032
:10EEE0000000000000000000000000000000000022
:10EEF0000000000000000000000000000000000012
:10EF000001010101000000010100000000000000FB
:10EF1000000F7FFFFFF0C0C0C070FFFFFFFF0000C9
:10EF20000000000000F0FEFFFF0F0303030EFFFFD1
:10EF3000FFFF00000000000000003C3EBE8F8787FE
:10EF4000070FFEFEFCF000000000000000000000C3
:10EF500000000000000000000000000000000000B1
:10EF6000007FFFFF7F0000010101010000000000A1
:10EF70000000000000FFFFFFFF70C0C0C0E0FFFF07
:10EF8000FF3F00000000000000FFFFFFFF00000047
:10EF90000000FFFFFFFF0000000000000000808075
:10EFA0000000000000000080800000000000000061
:10EFB0000000000000000000000000000000000051
:10EFC000000000000060F1F160000000000000009F
:10EFD000000000000000000000FFFFFFFF00000035
:10EFE00000000000000000000000000000FFFFFF24
:10EFF000FF00000000000000000000000000000012
:10F000000000808000000000000000000000000000
:10F0100000000000000000000000000000000000F0
:10F0200000000000000000000060F1F1600000003E
:10F0300000000000000000000000000000FFFFFFD3
:10F04000FF000000000000000000000000000000C1
:10F0500000FFFFFFFF0000000000000000000000B4
:10F06000000000000FFFFFFEF8000000000000009D
:10F070000000000000000000000000000000000090
:10F0800000000000000000000000000000007FFF02
:10F09000FF7F0000000000010100000000000000F0
:10F0A0000000FFFFFFFF070F3F7FF9F0E0000000C7
:10F0B000000000000000FFFFFFFFE080C0F8FE7FBF
:10F0C0001F0700000000000000000080800000001A
:10F0D0000000000080800000000000000000000030
:10F0E0000000000000000000000000000000000020
:10F0F000007FFFFF7F000000000000000000000014
:10F100000000000000FFFFFFFF0000000000000003
:10F11000000000000000000000FFFFFFFF000000F3
:10F1200000000000000000000000000000008080DF
:10F1300000000000000000000000000000000000CF
:10F1400000000000000000000000000000000000BF
:10F1500000000000000001010000000101010100A9
:10F16000000000010101010000FFFFFFFFE0C0C03F
:10F17000E0FFFFFF7FF0C0C0E0FFFFFF00FFFFFFE9
:10F18000FF00000000FFFFFFFF00000000FFFFFF87
:10F19000000080800000000000008080000000006F
:10F1A000000080800000000000000000000000005F
:10F1B000000000000000000000000101000000014C
:10F1C00001010100000000000000000000FFFFFF3F
:10F1D000FF70E0C0C0E0FFFFFF3F00000000000044
:10F1E00000FFFFFFFF0000000000FFFFFFFF000027
:10F1F000000000000000808000000000000000808F
:10F20000800000000000000000000000000000007E
:10F2100000000000000000000000000000000000EE
:10F2200000010101010101000000000000000000D8
:10F23000000F3F7FFFF0E0C0C0E0F0FF7F3F0F0016
:10F240000000000000F0FCFEFF0F070303070FFFA4
:10F25000FEFCF00000000000000000000080808044
:10F26000808080000000000000000000000000001E
:10F27000000000000000000000000000000000008E
:10F280000000010100000001010101000000000078
:10F290000000000000FFFFFFFF78E0C0C0E0F0FFCB
:10F2A000FF3F0F000000000000FFFFFFFF1E0703ED
:10F2B00003070FFFFFFCF0000000000000FEFFFF4F
:10F2C000FE00008080808000000000000000000040
:10F2D000000000000000000000000000000000002E
:10F2E0000000000000000000010101010000000119
:10F2F0000100000000000000000F7FFFFFF0C0C011
:10F30000E078FFFFFFFF00000000000000F0FEFFBC
:10F31000FF0F0303071EFFFFFFFF000000000000B8
:10F3200000000000808080800000FEFFFFFE0000E3
:10F3300000000000000000000000000000000000CD
:10F3400000000000000000000000010100000101B9
:10F3500001000000000000000000000000FFFFFFAF
:10F36000FF78E0E0E0F0E0000000000000000000B6
:10F3700000FFFFFFFF000000000000000000000091
:10F38000000000000000808000000000000000007D
:10F39000000000000000000000000000000000006D
:10F3A000000000000000000000000000000000005D
:10F3B0000101010101000000000000000000000048
:10F3C000003CFFFFFFC7C3C3E3F9F978000000006A
:10F3D00000000000001C3F1F8F8383C3C7FFFFFE98
:10F3E0007C000000000000000000000080808080A1
:10F3F000808000000000000000000000000000000D
:10F4000000000000000000000000000000000000FC
:10F4100001017FFFFF7F01010000000000000000EC
:10F4200000000000C0C0FFFFFFFFC0C08000000060
:10F4300000000000000000000000FEFFFFFF0303CB
:10F4400003030000000000000000000000000000B6
:10F45000808080808000000000000000000000002C
:10F46000000000000000000000000000000000009C
:10F470000000000000000101000000000000000189
:10F48000010000000000000000FFFFFFFF0000007F
:10F490000000FFFFFFFF00000000000000FCFFFF76
:10F4A000FF070303070EFFFFFFFF0000000000003F
:10F4B00000000080808080800000008080000000CC
:10F4C000000000000000000000000000000000003C
:10F4D000000000000000000000000101000000002A
:10F4E00000000001010000000000000000E0FEFF3D
:10F4F0003F030000031FFFFCE000000000000000CD
:10F50000000000C0F8FF3F3FFFF8C000000000000F
:10F5100000000000000000000000808000000000EB
:10F5200000000000000000000000000000000000DB
:10F5300000000000000000000000000000010101C8
:10F5400000000000000101010000000000000101B6
:10F5500000E0FEFF1F0000033FFFF0FF3F0300003D
:10F560001FFFFEE0000000E0FEFF1FFFFC800080A8
:10F57000FCFF1FFFFEE00000000000000080808014
:10F5800000000000008080800000000000000000FB
:10F59000000000000000000000000000000000006B
:10F5A0000000010100000000000101000000000057
:10F5B0000000000000C0F0FC7F1F071F7FFCF0C0B0
:10F5C000000000000000000000030F3FFEF8E0F81C
:10F5D000FE3F0F03000000000000000000808000DC
:10F5E000000000000000808000000000000000001B
:10F5F000000000000000000000000000000000000B
:10F6000000000000000001010000000000000001F7
:10F61000010000000000000000E0FEFF3F030000CA
:10F62000011FFFFEE000000000000000000000E0FD
:10F63000FCFF3F3FFFFCE000000000000000000076
:10F64000000707070FFFFEF8C000000000000000E1
:10F6500000000000000000000000000000000000AA
:10F660000000000000000000000101010101010193
:10F6700001010101000000000000000080C0C0C0C6
:10F68000C1C3CFFFFFFCF0E000000000000000005D
:10F69000030F1F7FFFF3E383030303030300000053
:10F6A00000000000008080808080808080808080DA
:10F6B00080000000000000000000000000000000CA
:10F6C0000000000000000000000000000000003FFB
:10F6D0007FFFF0F0000000000000000000000000CC
:10F6E000000307FFFEF8000000000000000000001B
:10F6F0000000000000C0E0FF7F3F000000000000AD
:10F700000000000000000000000000FCFEFF0F0FE2
:10F7100000000000000000000000000000000000E9
:10F7200000000000000000000000000000000000D9
:10F7300000FFFFFF000000000000000000000000CC
:10F740000000000000FFFFFF0000000000000000BC
:10F75000000000000000000000FFFFFF00000000AC
:10F7600000000000000000000000000000FEFFFF9D
:10F770000000000000000000000000000000000089
:10F780000000000000000000000000000000000079
:10F7900000000000F0F0FF7F3F00000000000000CC
:10F7A00000000000000000000000F8FEFF0703005A
:10F7B00000000000000000000000000000001F7FAB
:10F7C000FFE0C0000000000000000000000000009A
:10F7D0000F0FFFFEFC000000000000000000000012
:10F7E0000000000000000000000000000000000019
:10F7F0000000000000000000000000000000000009
:10F80000000000000000000000000000001F3C3C61
:10F810003C3C1E1F0F0F0E3E0000000000000000C9
:10F8200000000000000000000000000000000000D8
:10F8300000000000000000000000000000000000C8
:10F8400000000000000000001400000000000000A4
:10F850001400000014000000140000002800000044
:10F86000140000003C0000001400000050000000E4
:10F870001400000064000000140000007800000084
:10F88000140000008C00000014000000A000000024
:10F8900014000000B400000014000000C8000000C4
:10F8A00014000000DC00000014000000F000000064
:10F8B0001400000004010000140000001801000002
:10F8C000140000002C0100001400000040010000A2
:10F8D0001400000054010000140000006801000042
:10F8E000140000007C0100001400000090010000E2
:10F8F00014000000A401000014000000B801000082
:10F9000014000000CC01000014000000E001000021
:10F9100014000000F40100001400000008020000C0
:10F92000140000001C02000014000000300200005F
:10F9300014000000440200001400000058020000FF
:10F94000140000006C02000014000000800200009F
:10F95000140000009402000014000000A80200003F
:10F9600014000000BC02000014000000D0020000DF
:10F9700014000000E402000014000000F80200007F
:10F98000140000000C03000014000000200300001D
:10F9900014000000340300001400000048030000BD
:10F9A000140000005C03000014000000700300005D
:10F9B00014000000840300001400000098030000FD
:10F9C00014000000AC03000014000000C00300009D
:10F9D00014000000D403000014000000E80300003D
:10F9E00014000000FC0300001400000010040000DC
:10F9F000140000002404000014000000380400007B
:10FA0000140000004C04000014000000600400001A
:10FA100014000000740400001400000088040000BA
:10FA2000140000009C04000014000000B00400005A
:10FA300014000000C404000014000000D8040000FA
:10FA400014000000EC040000140000000005000099
:10FA50001400000014050000140000002805000038
:10FA6000140000003C0500001400000050050000D8
:10FA70001400000064050000140000007805000078
:10FA8000140000008C05000014000000A005000018
:10FA900014000000B405000014000000C8050000B8
:10FAA00014000000DC05000014000000F005000058
:10FAB00014000000040600001400000018060000F6
:10FAC000140000002C060000140000004006000096
:10FAD0001400000054060000140000006806000036
:10FAE000140000007C0600001400000090060000D6
:10FAF00014000000A406000014000000B806000076
:10FB000014000000CC06000014000000E006000015
:10FB100014000000F40600001400000008070000B4
:10FB2000140000001C070000140000003007000053
:10FB300014000000440700001400000058070000F3
:10FB400000000000000000000000000000000000B5
:10FB5000000000000F0F00000000FEFE000000008B
:10FB600060600000000F0F00000F0F008080000099
:10FB7000808000000000000000000000010F0E0067
:10FB800000030F0E00C6C6DFFFE6C6C6DFFFE6C6EF
:10FB9000C600E0E0800000E0E00000000000030795
:10FBA0000E0C1F0C0E0703000000C1E16030FF3097
:10FBB000181F0F00000080C0E060F860E0C0800007
:10FBC000000003070C080C070300000001070E08E3
:10FBD0000000000000C0E0301030E0C30F3C70C7F0
:10FBE0008F1810180F0700000000000060E0800070
:10FBF000000080C0602060C0800000000003070C8F
:10FC00000C0C0C070300000000070F98F070387C04
:10FC1000CE87030E0C000080C0E060606060C0C052
:10FC200080C06000000F0F00008080000000000016
:10FC300000000003060800003FFFC0000000008035
:10FC4000E0780C020000080603000000000000C07D
:10FC5000FF3F0000020C78E080000202020F0F025A
:10FC600002020040C08080C0400000000000000090
:10FC7000000000000000000101000000000000186A
:10FC8000181818FFFF18181818000000000000804E
:10FC900080000000000000000000000000000000E4
:10FCA0000000000064780000000000000000000C6C
:10FCB0000C0C0C0C0C000000000000000000000008
:10FCC0000000000000000000000000606000000074
:10FCD0000000030F0C00073FF8C00060E080000048
:10FCE000000001070E0C0C0C0C0607010000FFFFC2
:10FCF000000000000000FFFF000000C0C060606066
:10FD000060E0C000000000000103030F0F000000CE
:10FD100000000080800000FFFF00000000000000E5
:10FD2000000000E0E0000000000003070E0C0C0CD7
:10FD30000C0E070300000000010306060C38F0C09B
:10FD4000000060E0E06060606060606000000307E9
:10FD50000E0C0C0C0E0703000000010100003030F7
:10FD600070D89F0F000080C0E060606060C0C0007D
:10FD70000000000000000103070F000000000E1E3D
:10FD800036E6C606FFFF0606000000000000000081
:10FD9000E0E00000000000030F0C0C0C0C0C0C0049
:10FDA000000031F1E020606060703F1F000080C003
:10FDB000E060606060C0C00000000003070C0C0C35
:10FDC0000C0E07030000FFFF3020606060703F1FD3
:10FDD00000000080C060606060C0C00000000C0CCB
:10FDE0000C0C0C0C0D0F0E0C0000000000071F780F
:10FDF000E080000000000000E0E0000000000000E3
:10FE000000000003070C0C0C0C070300000007CFD8
:10FE1000F830303030F8CF07000080C0E06060601C
:10FE200060E0C08000000107060C0C0C0C0603010A
:10FE30000000E1F91C0C0C0C0819FFFE000080C04A
:10FE4000E060606060C08000000000000000000012
:10FE500000C0C00000000060600000000000000062
:10FE6000000000C0C0000000006478000000000036
:10FE7000000000000001010300001038286C44C697
:10FE8000C683830100000000000000000000008025
:10FE90000000000000000000000000000000C6C6D6
:10FEA000C6C6C6C6C6C6C6C6000000000000000022
:10FEB000000000000000030101000000000000003D
:10FEC0000000018383C6C6446C28381000008000FF
:10FED0000000000000000000000003070E0C0C0CE6
:10FEE0000C0E07030000000000000E1E3870E080BA
:10FEF0000000000000006060000000000000000042
:10FF000001030706060C0C0C0C0C0C0E0607030173
:10FF10000000001F7FE0800F3F7060C0C0C0613FE5
:10FF2000FCC000C3FF7E000080E070389CCCEE6611
:10FF30006666C6E6E6666CCC9830200000000000DD
:10FF4000030F0C0F030000000000030F7CFC8C0C5F
:10FF50008CFC7C0F030060E08000000000000000CB
:10FF600080E06000000F0F0C0C0C0C0C0E0703005F
:10FF7000000000FFFF303030303070F8CF07000055
:10FF800000E0E0606060606060E0C0800000000150
:10FF900007060E0C0C0C0C0E0703010000FEFF837D
:10FFA0000000000000000001838200000080C0C04B
:10FFB000E060606060E0C080000000000F0F0C0C8B
:10FFC0000C0C0C0C06070300000000FFFF000000F3
:10FFD0000000000001FFFE000000E0E060606060E3
:10FFE0006060C0C080000000000F0F0C0C0C0C0CF7
:10FFF0000C0C0C0C000000FFFF3030303030303083
:020000040801F1
:100000003000000000E0E0606060606060606060A0
:100010000000000F0F0C0C0C0C0C0C0C0C00000062
:10002000FFFF3030303030303000000000E0E000C2
:10003000000000000000000000000103060E0C0C90
:100040000C0C0C0E07030100007CFF830000000075
:1000500018181818189F1F0000000080C0C06060AA
:10006000606060E0C0C08000000F0F000000000072
:100070000000000F0F0000FFFF3030303030303014
:1000800030FFFF0000E0E00000000000000000E0A2
:10009000E00000000F0F00000000FFFF0000000064
:1000A000E0E00000000000000000000F0F00000072
:1000B000030300000000FFFF00000080C0E060605C
:1000C000E0C080000000000F0F0000000103070ED9
:1000D0000C08000000FFFF1870F8FC8E07030000FA
:1000E000000000E0E0000000000080C0E0602000B0
:1000F000000F0F00000000000000000000FFFF00E4
:10010000000000000000000000E0E060606060604F
:10011000606000000F0F0E070000000000000007E5
:100120000E0F0F0000FFFF00C0F81F0300031FF8B1
:10013000C000FFFF0000E0E000000000E060E00021
:10014000000000E0E000000F0F07030000000000C7
:10015000000F0F0000FFFF0080E0701C0E0301FF86
:10016000FF0000E0E000000000000080C0E0E000D0
:1001700000000103060E0C0C0C0C0E06030100001F
:1001800000FEFF83000000000000000083FFFE006F
:1001900000000080C0E060606060E0C0800000009F
:1001A00000000F0F0C0C0C0C0C0C0E0703000000D1
:1001B000FFFF18181818181838F0E0000000E0E0E9
:1001C0000000000000000000000000000103060E17
:1001D0000C0C0C0C0E060703000000FEFF83000051
:1001E00000000101010083FFFC0000000080C0E06E
:1001F00060606060E0C0E060300000000F0F0C0C39
:100200000C0C0C0C0E070300000000FFFF30303018
:10021000303C3F77E1C000000000E0E0000000005B
:10022000000080E0E0200000000307060C0C0C0C2E
:100230000C060703000003C3E160303030301818AB
:100240000F0700000080C0E06060606060C0C08098
:10025000000C0C0C0C0C0F0F0C0C0C0C0C00000008
:100260000000FFFF00000000000000000000E0E0D0
:100270000000000000000F0F000000000000000060
:100280000F0F0000FFFF0100000000000001FFFF52
:1002900000000080C0E060606060E0C08000000C92
:1002A0000F0700000000000000070F0C0080F0FEA8
:1002B0001F0300031FFEF0800000000000C0E0608C
:1002C000E0C0000000000C0F030000000000030F5E
:1002D0000C0F030000000000030F0C00C0F87F07A4
:1002E00000073FF8C00080F83F0700077FF8C00014
:1002F00000000080E060E080000000000080E0601E
:10030000E08000000000080C0E0701000001070E4D
:100310000C08000000000387DE787CDE8703000005
:10032000002060E0C0000000000000C0E060200885
:100330000C0F03010000000001030F0C0800000077
:1003400080C0F03F3FF0C0800000000000000000CF
:1003500000E0E0000000000000000C0C0C0C0C0C95
:100360000C0D0F0E0C00000001070E1830E0C0004D
:1003700000000060E0E060606060606060606000FD
:10038000000F0F0C0C0000FFFF00000000FEFE0637
:1003900006000C0F0300000000C0F83F070000003B
:1003A0000080E060000C0C0F0F00000000FFFF0059
:1003B000000606FEFE000000070F0F07000010F009
:1003C000E00000E0F010000000000000000000006D
:1003D000000000000000000000000000000000001D
:1003E00000000000000006060606060606060606D1
:1003F000060600080C0600000000000000000000D7
:1004000000000000000000000000000000000000EC
:10041000000000006367C6C6CCCCCCFF7F000000A4
:10042000C0E060606060C0C0E02000000F0F00000E
:1004300000000000000000FFFF60C0C0C0E07F1FA0
:100440000000E0E0C0606060E0C00000000000006C
:1004500000000000000000001F7F60C0C0C0E0710D
:1004600031000000C0E0606060E0C080000000007B
:1004700000000000000F0F00001F7FE0C0C0C06040
:10048000FFFF000000C0E0606060C0E0E00000002E
:1004900000000000000000000000001F7F6CCCCCBA
:1004A000CCCC6C7C1C000000C0C060606060E0C010
:1004B00080000000070F0C0CC0C0FFFFC0C0000090
:1004C000E0E000000000000000000000000000006C
:1004D0001F7FE0C0C0C060FFFF00000CCCE6666676
:1004E00066CEFCF800000F0F0000000000000000C6
:1004F00000FFFF60C0C0C0E07F3F0000E0E0000000
:10050000000000E0E000000C0C000000FFFF000015
:1005100000E0E00000000C0C0000FFFF0006FEFC05
:1005200000000F0F0000000000000000FFFF0C1C87
:100530003E77E1C08000E0E000000080E0E02000C5
:100540000F0F0000FFFF0000E0E0000000000000CF
:10055000000000000000000000000000FFFF60C07D
:10056000C0C0FF3F60C0C0C0FF7F0000E0E00000EF
:100570000000E0E000000000E0E0000000000000FB
:1005800000000000000000FFFF60C0C0C0E07F3F2F
:100590000000E0E00000000000E0E00000000000DB
:1005A0000000000000000000001F7F60C0C0C0C04D
:1005B000607F1F000000C0C060606060C0C00000BD
:1005C000000000000000000000000000FFFF60C00D
:1005D000C0C0E07F1F0000FEFEC0606060E0C000A1
:1005E000000000000000000000000000001F7FE08D
:1005F000C0C0C060FFFF000000C0E0606060C0FEDF
:10060000FE000000000000000000FFFF60C0C0C04E
:1006100000E0E0000000000000000000000000001A
:10062000000000387CCCCCCCC6C66723000080C05C
:100630006060606060C0800000070F000000C0FFC5
:10064000FFC0C00000C0E0606000000000000000CB
:10065000000000000000FFFF0000000000FFFF009E
:100660000080C0E0606060C0E0E0000000000000CA
:10067000000000000000C0F03C0F0300030F3CF03E
:10068000C000000000C0E0C000000000000000004A
:100690000000000000000000000000C0F81E07007D
:1006A0000F7EE07E0F00071EF8C0000000C0E0E0F3
:1006B000000000E0E0C000000000000000000000BA
:1006C00000000080C0F13B0E0E3BF1C0802060E0D6
:1006D00080000080E06020000000000000000000BA
:1006E000000000C0F83E0F01033FFCC000000606FA
:1006F000068EFCF0800000000000000000000000FA
:100700000000C1C3C7CEDCF8F0E0E0E0E06060606C
:100710006060600000070F0C0C000C1EFFF1000071
:10072000000000FCFE06060000000F0F00000000A5
:10073000FFFF00000000FFFF0000000C0C0F07008F
:1007400000000000F3FF1E0C000606FEFC00000087
:1007500000000000000000000000000018303030F1
:1007600018180C0C0C18000000000000000000001D
:10077000000000000600000000000000060000006D
:1007800006000000070000000C0000000C00000044
:10079000130000000C0000001F0000001300000008
:1007A0002B0000000E0000003E00000004000000CE
:1007B0004C0000000700000050000000070000008F
:1007C00057000000080000005E0000000C00000060
:1007D0006600000006000000720000000700000034
:1007E00078000000060000007F0000000600000006
:1007F000850000000C0000008B0000000C000000D1
:10080000970000000C000000A30000000C00000096
:10081000AF0000000C000000BB0000000C00000056
:10082000C70000000C000000D30000000C00000016
:10083000DF0000000C000000EB0000000C000000D6
:10084000F7000000060000000301000006000000A1
:10085000090100000C0000000F0100000C00000066
:100860001B0100000C000000270100000C0000002C
:1008700033010000150000003F0100000D000000E2
:10088000540100000E000000610100000F00000094
:100890006F0100000F0000007E0100000E0000004C
:1008A0008D0100000D0000009B0100001000000001
:1008B000A80100000E000000B801000006000000C2
:1008C000C60100000B000000CC0100000E0000007B
:1008D000D70100000C000000E5010000110000003D
:1008E000F10100000E0000000202000010000000F4
:1008F000100200000E0000002002000010000000A6
:100900002E0200000F0000003E0200000E0000005A
:100910004D0200000C0000005B0200000E00000011
:10092000670200000D0000007502000015000000C5
:10093000820200000E000000970200000E0000007E
:10094000A50200000D000000B30200000600000038
:10095000C002000006000000C60200000600000001
:10096000CC02000008000000D20200000C000000D1
:10097000DA02000007000000E60200000C000000A0
:10098000ED0200000B000000F90200000B00000067
:10099000040300000B0000000F0300000C00000027
:1009A0001A03000006000000260300000B000000F0
:1009B0002C0300000B0000003703000005000000BE
:1009C0004203000004000000470300000A0000008A
:1009D0004B0300000400000055030000100000005D
:1009E000590300000B000000690300000C00000028
:1009F000740300000B000000800300000B000000E7
:100A00008B03000007000000960300000B000000AD
:100A10009D03000006000000A80300000B0000007A
:100A2000AE0300000B000000B90300000F0000003F
:100A3000C40300000A000000D30300000B00000004
:100A4000DD03000009000000E803000007000000CB
:100A5000F103000006000000F8030000070000009A
:100A6000FE0300000C000000050400000000000070
:100A70000000000000000000000000000000000076
:100A80000000000000000000000000000000000066
:100A90000000000000000000000000000000000056
:100AA00000000101010000000000000000FFFFFF46
:100AB0000000000000000000E0FFE0000000000077
:100AC00000000007C7070000000000000000000051
:100AD0000000000000000101010000000101010010
:100AE0000000FEFFFE000000FEFFFE000000000010
:100AF00000000000000000000000000000000000F6
:100B000000000000000000000000000000000000E5
:100B100000000000000000000101010000000001D1
:100B2000010100000003030303037FFFFFC303036E
:100B3000037FFFFF830300008383839FFFFFF38313
:100B400083839FFFFFF383838300008083FFFFFC89
:100B500080808087FFFFFC80808080800000000014
:100B60000000000000000000000000000000000085
:100B7000000000000000010103030101000000006B
:100B800000000000001F7FFFE1C0C0FFFFC0C0E009
:100B9000F87818000000000000C0C0E0E070FFFF1F
:100BA0003838381C1F0F0300000060787C1E0E07C9
:100BB00007FFFF07070E1EFCF8E000000000000022
:100BC00000000000E0E00000000000000000000065
:100BD0000000000001010101010000000000000010
:100BE0000000000001010100000000000000000002
:100BF0001F7FFFE0808080E0FF7F1F000000000378
:100C00000F3FFCF0C000000000000000000000806A
:100C1000E0F07818181838F0E081071F7EF8E083BC
:100C20000F1F3C3030303C1F0F030000000000005D
:100C300000000000030F1F7CF0E080000000F0FCCB
:100C4000FE0F03030307FEFCF0000000000000009D
:100C50000000000000000000000000000000000094
:100C60000000000000000000000000000000000084
:100C7000000001010101010000000000000000006F
:100C80000000000000003E7FFFE3C0C0C1E3FF7F23
:100C90003E00000000000000000003070F1E38F8AF
:100CA000F0F0F8FEDF8703010103070706000000EC
:100CB00000E0F8FC3E0E07070707070F8EDEFCF882
:100CC000FCFE0F0604000000000000000000000011
:100CD0000000000000000000000000000000000113
:100CE000010100000000FEFFFE0000000000000007
:100CF00000000000000000000000000000000000F4
:100D000000000000000000000101000000000001E0
:100D1000071F7CF0C000000000003FFFFFC0000084
:100D2000000000000000F0FEFF0F000000000000C7
:100D30000000000080E0F83C0E020000000001010D
:100D40000000000000000000000000C0F07C1F0751
:100D500001000000000000000000C0FFFF3F000095
:100D60000000000000000FFFFEF000000000020E77
:100D70003CF8E080000000000000000000000101DD
:100D8000010000000000001030393B1FFFFCFF1F76
:100D90003B39301000000080C08000000080C0801F
:100DA0000000000000000000000000000000000043
:100DB0000000000000000000000000000000000033
:100DC0000000000000000000000000000000000023
:100DD00000000000000000000000001F1F1F0000B6
:100DE000000000000000000038383838383838FF7C
:100DF000FFFF38383838383838000000000000006D
:100E0000000000F0F0F00000000000000000000012
:100E100000000000000000000000000000000000D2
:100E200000000000000000000000000000000000C2
:100E300000000000000000000000000000000000B2
:100E40000000000707070000000000000008F8E0AD
:100E50000000000000000000000000000000000092
:100E6000000000000000000000000000000707076D
:100E70000707070707070700000000000000000041
:100E80000000000000000000000000000000000062
:100E90000000000000000000000000000000000052
:100EA0000000000000000000000000000000000042
:100EB000000707070000000000000000000000001D
:100EC000000000000000000000010101000000001F
:100ED000000F7FFFF0800000011FFFFEF000000008
:100EE000031FFFFCE0000000000000000000000005
:100EF00000000000000000000000010101010101EC
:100F00000100000000000000031F7FFCF0E0C0C0F3
:100F1000C0C0C0E0F0FC7F1F030000FFFFFF000027
:100F2000000000000000000000FFFFFF000080F054
:100F3000FC7E1E0F07070707070F1E7EFCF08000D0
:100F400000000000000000000000000000000000A1
:100F5000000000000000000000000000000101008F
:100F6000000000000000000000070F0E1C3C78FF8E
:100F7000FFFF000000000000000000000000000073
:100F80000000FFFFFF000000000000000000000064
:100F90000000000000FFFFFF000000000000000054
:100FA0000000000000000000000000000000000041
:100FB000000000000000000001010101010101002A
:100FC0000000000000000C3C7CF0E0E0C0C0C0C0AD
:100FD000C0E0E0F07F3F1F000000000000000001C3
:100FE0000103070F1E3CF8F0C0800000030F1F3FF5
:100FF00077F7E7C787070707070707070700000016
:1010000000000000000000000000000000000000E0
:1010100000000000000000010101010101000000CA
:1010200000000000000C3C7CF8E0E0C0C0C0C0C084
:10103000E0F17F7F1E000000000000000000307023
:101040007070F0F0F8FC9F0F07000060787C3E0E97
:101050000707070707070F0E3EFCF8E00000000037
:101060000000000000000000000000000000000080
:10107000000000000000000000000000000101006E
:101080000000000000000000000003070F3E7CFF8E
:10109000FFFF000000000003070F3F7DF1E1C101E9
:1010A0000101FFFFFF0101010000C0C0C0C0C0C0BE
:1010B000C0C0C0C0C0FFFFFFC0C0C0000000000033
:1010C0000000000000000000000000000000000020
:1010D0000000000101010101010101010101010103
:1010E00000000000077FFFF8C0C1C1C1C1C1C1C07D
:1010F000C0C0C000000030F0F0E0E0C0C0C0C0C020
:10110000C0E0E0F87F3F0F000060787C1E0E07070C
:10111000070707070E0E3CFCF0C0000000000000AF
:1011200000000000000000000000000000000000BF
:1011300000000000000101010101010000000000A9
:101140000000010F3F7EF8E0E0C0C0C0C0C0E0F882
:101150007C3C0C0000FFFFFF1C307060E0E0E0E032
:10116000F070783F1F07000080F0F83C1E0E070764
:101170000707070F0E3EFCF8E0000000000000002B
:10118000000000000000000000000000000001015D
:101190000101010101010101010101010101010040
:1011A00000C0C0C0C0C0C0C0C0C0C0C3C7CEDCF09B
:1011B000E0C00000000000000000071F7FF8E08092
:1011C00000000000000000000000000FFFFFF00022
:1011D000000000000000000000000000000000000F
:1011E00000000000000000000000000000000000FF
:1011F00000000101010101010100000000000000E8
:10120000001F7FFFF1E0C0C0C0C0C0E0F17F7F1FC2
:10121000000000030F9FDCF8F07070707070F8F839
:10122000DC9F0F030000E0F8FC1E0E0F0707070706
:1012300007070E1EFCF8E0000000000000000000A0
:10124000000000000000000000000000000000009E
:101250000001010101010101000000000000000F78
:101260003F7FF8E0E0C0C0C0C0C0E0E0F87F1F03EF
:101270000000C0F0F83C1C1E0E0E0E0E0C1C187068
:10128000FFFFFF000060787C1E0E07070707070FAF
:101290000E1EFCF8E000000000000000000000004E
:1012A000000000000000000000000000000000003E
:1012B0000000000000000003030300000000000025
:1012C0000080808000000000000000070707000089
:1012D000000000000000000000000000000000000E
:1012E00000000000000000000003030300000000F5
:1012F0000000008080800000000000000007070759
:101300000000000000000008F8E0000000000000FD
:1013100000000000000000000000000000000000CD
:1013200000000000000000000000010103030707A7
:10133000060E0E1C00000000387C7CEEEEC6C7C70F
:101340008383010100000000000000000000000095
:10135000000000008080C0C0C0E0E070000000001D
:10136000000000000000000000000000000000007D
:10137000000000000000000000000000000000006D
:101380000000000000000000030303030303030345
:101390000303030303030303000000008383838329
:1013A0008383838383838383838383830000000019
:1013B000808080808080808080808080808080802D
:1013C000000000000000000000000000000000001D
:1013D000000000000000000000000000000000000D
:1013E0000000000000000000000000001C0E0E06BF
:1013F00007070303010100000000000000000000D7
:101400000000000001018383C7C7C6EEEE7C7C3874
:101410000000000070E0E0C0C0C08080000000005C
:1014200000000000000000000000000000000000BC
:1014300000000000000000000000000000000000AC
:101440000101010101010100000000000000000C89
:101450003C7CF0E0C0C0C0C0C0E0F17F7F1F000056
:1014600000000000000000030F1F3E78F0E0C08085
:1014700000000000000000000000C7C7C700000017
:10148000000000000000000000000000000000005C
:10149000000000000000000000000000000000004C
:1014A0000000000000000001010101010101010133
:1014B000000000000000000000000000000000002C
:1014C0000001070F1E3C7870F0E0E1E3C3C3C3C323
:1014D000C1C1C0E0E3E3F3787C3E1F0F03000000CE
:1014E0000000000F7FFFF08000071F3FFCF0E0C00E
:1014F00080808080C0E0FFFFFFF80000000081FFD7
:10150000FFFF0000000000F0FEFF0F0301E0F8FE07
:101510001E0F070707070E1E3CFEFFFF87070F0E73
:101520001E7CF8F0C1010100000000000080C0E056
:10153000F07078383C1C1C1E0E0E0E0E0E0E0E0E99
:101540000E1C1C1C387870E0C080000000000000F9
:101550000000000000000101010101000000000086
:1015600000000000000000000000010F3FFEF8C076
:10157000F8FE3F0F01000000000000000000010F16
:101580007FFFF7C70707070707C7F7FF7F0F0100B0
:101590000000030F7FFEF0C000000000000000000C
:1015A000000000C0F0FE7F0F0300000000000000FC
:1015B000000000000000000000000000000000002B
:1015C000000000010101010101010101010101010E
:1015D00000000000000000000000FFFFFFC0C0C0CE
:1015E000C0C0C0C0C0C0E0F1FF7F1E00000000000E
:1015F00000FFFFFF707070707070707070F0F8FC1A
:101600009F0F030000000000FFFFFF070707070709
:1016100007070707070E1EFCF8E0000000000000A7
:1016200000000000000000000000000000000000BA
:1016300000000000000000000000000001010101A6
:101640000101010000000000000000000000010F87
:101650001F3F78F0E0E0C0C0C0C0C0E0E0F07C3EDA
:101660001E040000000000FEFFFF0100000000005B
:101670000000000000000000000101000000000068
:1016800000C0F0F83C1E0E0F0707070707070F1EE4
:101690003E7CF8F080000000000000000000000028
:1016A000000000000000000000000000000000003A
:1016B000000000010101010101010101010101011D
:1016C000000000000000000000000000FFFFFFC05D
:1016D000C0C0C0C0C0C0C0C0C0E0F0787E1F0F0155
:1016E0000000000000FFFFFF0000000000000000FD
:1016F000000000000000FFFFFF0000000000FFFFEF
:10170000FF0707070707070707070F0E1E3CFCF038
:10171000E0000000000000000000000000000000E9
:1017200000000000000000000000000000000000B9
:101730000101010101010101010101010101010199
:1017400001000000000000FFFFFFC0C0C0C0C0C01B
:10175000C0C0C0C0C0C0C0C0000000000000FFFF8B
:10176000FF383838383838383838383838380000A2
:101770000000000000FFFFFF070707070707070734
:101780000707070707070700000000000000000028
:101790000000000000000000000000000000000049
:1017A000000000010101010101010101010101012C
:1017B0000101010000000000FFFFFFC0C0C0C0C069
:1017C000C0C0C0C0C0C0C0C00000000000FFFFFF1C
:1017D00038383838383838383838380000000000A1
:1017E0000000FFFFFF0000000000000000000000FC
:1017F00000000000000000000000000000000000E9
:1018000000000000000000000000000000000000D8
:1018100000000001010101010101010000000000C0
:1018200000000000000000071F3F7C70F0E0E0C0F7
:10183000C0C0C0C0C0C0E0E0F07C3E1E00000000A0
:1018400000FEFFFF0100000000000000001C1C1C47
:101850001C1C1C1C1C1F1F1F0000000000C0F0F8F7
:101860007C1C1E0E0E070707070707070F0E1E1C1E
:10187000FCF8F8000000000000000000000000007C
:101880000000000000000000000000000000000058
:101890000000000101010000000000000000000045
:1018A000000000010101000000000000FFFFFF0038
:1018B000000000000000000000000000FFFFFF002B
:1018C0000000000000FFFFFF70707070707070709B
:1018D0007070707070FFFFFF000000000000FFFFDD
:1018E000FF00000000000000000000000000FFFFFB
:1018F000FF000000000000000000000000000000E9
:1019000000000000000000000000000000000000D7
:10191000010101000000000000FFFFFF00000000C7
:101920000000FFFFFF000000000000FFFFFF0000BD
:1019300000000000000000000000000000000000A7
:101940000000000000000101010000000000000094
:101950000000000000000000FFFFFF00000000008A
:1019600000000000000000000000FFFFFF0000007A
:1019700000F0FCFE1E0F070707070F1EFEFCF0001D
:101980000000000000000000000000000000000057
:101990000000000000000001010100000000000044
:1019A0000000000000000101010100000000FFFF35
:1019B000FF000000000103070F1E3C78F0E0C0802C
:1019C0000000000000FFFFFF1E3C78F0E0F8FC1E66
:1019D0000F0703000000000000000000FFFFFF00F1
:1019E0000000000000000000C0E0F07C3E0F070394
:1019F00000000000000000000000000000000000E7
:101A000000000000000000000000010101000000D3
:101A100000000000000000000000000000FFFFFFC9
:101A200000000000000000000000000000000000B6
:101A3000FFFFFF00000000000000000000000000A9
:101A4000000000FFFFFF0707070707070707070753
:101A50000707000000000000000000000000000078
:101A60000000000000000000000101010101000071
:101A70000000000000000000000000010101010161
:101A8000000000000000FFFFFFF0FEFF0F0100005C
:101A90000000000000010F7FFEF0FFFFFF000000CC
:101AA000000000FFFFFF0000C0F8FF3F0300000040
:101AB000031FFFF8C00000FFFFFF00000000000050
:101AC000FFFFFF0000000080F0FE7F0F7FFEF000B0
:101AD00000000000FFFFFF00000000000000000009
:101AE00000000000000000000000000000000000F6
:101AF00000000000000000000000010101010000E2
:101B000000000000000000000000010101000000D2
:101B1000000000FFFFFFF87C1F0F03010000000022
:101B2000000000FFFFFF000000000000FFFFFF00BB
:101B3000000080E0F87C3F0F03010000FFFFFF0082
:101B40000000000000FFFFFF000000000000000098
:101B500080E0F07C3FFFFFFF00000000000000007D
:101B60000000000000000000000000000000000075
:101B70000000000000000000000000000000010163
:101B80000101010101000000000000000000000050
:101B90000001071F3F7870E0E0C0C0C0C0C0C0C0F7
:101BA000E0F0707C3F1F070100000000FFFFFF0115
:101BB0000000000000000000000000000000000124
:101BC000FFFFFF0000000000C0F0F87C1C1E0E07A5
:101BD0000707070707070E1E1C7CF8F0C00000006F
:101BE00000000000000000000000000000000000F5
:101BF00000000000000000000000000000000101E3
:101C000001010101010101010101010100000000C8
:101C10000000000000FFFFFFC0C0C0C0C0C0C0C0C7
:101C2000C0C0E0F07F3F1F0000000000FFFFFF1C6E
:101C30001C1C1C1C1C1C1C1C1C3878F0E0800000A8
:101C4000000000FFFFFF0000000000000000000097
:101C50000000000000000000000000000000000084
:101C60000000000000000000000000000000000074
:101C7000000000000000000001010101010100005E
:101C8000000000000000000000000001071F3F7876
:101C9000F0E0E0C0C0C0C0C0C0E0E0F0783F1F0787
:101CA000010000000000FFFFFF0100000000000035
:101CB000000000000000000001FFFFFF0000000026
:101CC0000000C0F0F83C1E0E0E0707072777773F8D
:101CD0003E1E3EFFF7C301010000000000000000AF
:101CE0000000000000000000000000000000008074
:101CF00080C000000000000001010101010101019C
:101D000001010101010101000000000000000000CC
:101D100000FFFFFFC0C0C0C0C0C0C0C0C0C0C0E0A6
:101D2000F0FF7F1F000000000000FFFFFF38383881
:101D30003838383C3E3F3F7B71F0E0C08000000007
:101D4000000000FFFFFF000000000000000000C0D6
:101D5000E0F8FC3F1F070100000000000000000049
:101D60000000000000000000000000000000000073
:101D7000000000000000000000000101010101015D
:101D80000100000000000000000000001F3F7FF184
:101D9000E0C0C0C0C0C0C0E0E0F07C3C0C0000006F
:101DA00000000101C1C0E0E0707070783838383C44
:101DB0001C1E0F070300000000C0F0F87C1E0E0F71
:101DC0000707070707070F0E1EFCF8E000000000DA
:101DD0000000000000000000000000000000000003
:101DE00000000000000001010101010101010101E9
:101DF0000101010101010101010000C0C0C0C0C01A
:101E0000C0C0C0FFFFFFC0C0C0C0C0C0C0C0000095
:101E10000000000000000000FFFFFF0000000000C5
:101E200000000000000000000000000000FFFFFFB5
:101E300000000000000000000000000000000000A2
:101E40000000000000000000000000000000000092
:101E5000000101010000000000000000000000007F
:101E600000010101000000000000FFFFFF00000072
:101E700000000000000000000000FFFFFF00000065
:101E8000000000FFFFFF0000000000000000000055
:101E9000000000FFFFFF000000000000C0F0FC3E5B
:101EA0001E0E070707070707070E1E7CFCF0C00081
:101EB0000000000000000000000000000000000022
:101EC000000000000000000000000001010100000F
:101ED0000000000000000000000000000000000101
:101EE000010180E0FCFF1F0700000000000000006F
:101EF000000000071FFFFCE08000000080E0FCFF06
:101F00001F070000000000071FFFFCE0800000002A
:101F100000000000000080E0FCFF3F073FFFFCE006
:101F20008000000000000000000000000000000031
:101F3000000000000000000000000000000001019F
:101F4000010000000000000000000000000101018D
:101F5000010100000000000000000000000001017D
:101F6000010080F8FF7F070000000000000000076C
:101F70003FFFF8C0F8FF3F0700000000000000002E
:101F8000077FFFF88000000080F8FF7F0700000057
:101F9000031FFFFCE00000000000E0FCFF1F030047
:101FA0000000077FFFF8800000000000000080F8BC
:101FB000FF7F0F7FFFF8C00000000000000000005E
:101FC00080F8FF7F0F7FFFF8800000000000000016
:101FD0000000000000000000000000000000000001
:101FE00000000000000000000000000000000000F1
:101FF00000000001010101000000000000000000DD
:10200000000000000101010100000080C0F0F83C68
:102010001F0F03010001030F1F3CF8F0C0800000F8
:10202000000000000000010387DFFEF8FEFF8703C9
:10203000010000000000000103071F3E78F0E0806F
:10204000000000000080E0F0783E1F070301000060
:102050000000000000000000000000000000000080
:10206000000000000001010101000000000000006C
:102070000000000000000000010101010080E0F00C
:10208000783E1F0703000000000003071F3E78F0A2
:10209000E0800000000000000000C0E0F87F1F7F2B
:1020A000F8E0C00000000000000000000000000098
:1020B00000000000FFFFFF00000000000000000023
:1020C0000000000000000000000000000000000010
:1020D00000000000000000000000000101010101FB
:1020E00001010101010101010101010000000000E5
:1020F000C0C0C0C0C0C0C0C0C1C3CFDFFEF8F0E0E8
:102100000000000000000001030F1F3CF8F0E08019
:1021100000000000000000000F1F3FFFF7C7870707
:102120000707070707070707070707000000000062
:10213000000000000000000000000000000000009F
:1021400000000001010101010101000000FFFFFF8B
:10215000C0C0C0C0000000FFFFFF00000000000082
:1021600000FFFFFF00000000000000FEFEFE0E0E5C
:102170000E0E000101010000000000000080F0FFD1
:102180007F0F0000000000000000F0FEFF1F0100B4
:10219000000000000000E0FCFF1F03000000000042
:1021A0000000000000000101010101010100000028
:1021B000C0C0C0C0FFFFFF00000000000000FFFF24
:1021C000FF00000000000000FFFFFF0000000E0EF7
:1021D0000E0EFEFEFE0000000000000000000101E7
:1021E000010000000000000000000001073FFEF0B9
:1021F000C0F0FE3F0701000000000878F8F0800002
:102200000000000080F0F8780800000000000000E6
:1022100000000000000000000000000000000000BE
:1022200000000000000000000000000000000000AE
:10223000000000000000000000000000000000009E
:10224000000000000000000000000000000000008E
:10225000000000000000000000000000000000007E
:10226000000000000000000000000000000000006E
:1022700000000000000000000E0E0E0E0E0E0E0EEE
:102280000E0E0E0E0E0E0E0E0E0E0E0001010101B0
:1022900000000000000000000080C0E0F01000001E
:1022A000000000000000000000000000000000002E
:1022B000000000000000000000000000000000001E
:1022C000000000000000000000000000000000000E
:1022D00000000000000000000000000001010103F8
:1022E00003030303030301000000000030F0F1E1E9
:1022F000C38383838387C7C7FFFF7F00000078FE07
:10230000FECF87878787878E0E1CFEFFFF010000A8
:1023100000000000000000000000000000000000BD
:1023200000000001010100000000000000000000AA
:10233000000000000000FFFFFF0001010303030392
:10234000030101000000000000FFFFFFF0E0C0807B
:10235000808080C0C0F0FF7F1F000000FFFFFF3CB7
:102360000E0E070707070F1E3EFCF8C00000000016
:10237000000000000000000000000000000000005D
:10238000000000000000000000000000000000004D
:102390000000000000000101030303030303010127
:1023A00000000000001F7FFFF0C0C08080808080A0
:1023B000C0E0F070300000E0F8FC3E0E0F070707A9
:1023C00007070E1E7C78600000000000000000007F
:1023D00000000000000000000000000000000000FD
:1023E00000000000000000000101010000000000EA
:1023F0000001010303030303010100FFFFFF0000CD
:10240000000F7FFFF0C0C080808080C0C0F0FFFF61
:10241000FF000000C0F8FC3E1E0F070707070E0E66
:102420003CFFFFFF00000000000000000000000073
:10243000000000000000000000000000000000009C
:10244000000000000000000000000000000000018B
:1024500001030303030303010100000000001F7FC9
:10246000FFE7C7C78787878787C7E7FF7F1F00000A
:10247000E0F8FC3E0E0F07070707070E1E3C38204A
:10248000000000000000000000000000000000004C
:10249000000000000000000001010101010303032E
:1024A0007FFFFFE3C3C3C3808080FFFFFF80808086
:1024B00080000000FFFFFF0000000000000000009F
:1024C000000000000000000000000000000000000C
:1024D00000000000000000000000000001010303F4
:1024E0000303030101000303030000000F7FFFF05B
:1024F000C0C080808080C0C0F0FFFFFF000000C02F
:10250000F8FC3E0E0F070707070F0E3CFFFFFF000A
:10251000000070787C3C1E0E0E0E0E0E0E1C3CF859
:10252000F0C00000000001010100000000000000F8
:10253000000000000000000000FFFFFF0001010399
:10254000030303030301000000000000FFFFFFF08E
:10255000C0C080808080C0E0FFFF7F00000000FFDF
:10256000FFFF000000000000000000FFFFFF000070
:10257000000000000000000000000000000000005B
:10258000000000000001010100000000C3C3C300FF
:10259000000000FFFFFF00000000FFFFFF00000041
:1025A0000000000000000000000101010000000028
:1025B0000000C3C3C3000000000000FFFFFF0000D5
:1025C00000000000FFFFFF0000000E0E1EFEFCF0EA
:1025D00000000000000001010100000000000000F8
:1025E0000000000000000000FFFFFF0000000000EE
:1025F00000010303030200000000FFFFFF0F1E1F86
:102600003F7BF1E0C080000000000000FFFFFF0002
:102610000000C0E0F07C3E1F070301000000000046
:1026200000000000000000000000000000000001A9
:10263000010100000000FFFFFF00000000FFFFFF9E
:1026400000000000FFFFFF0000000000000000008D
:10265000000000000000000000000000000000007A
:102660000000000000000000000000000000000367
:102670000303000101030303030301000000010140
:10268000030303030301010000000000FFFFFF70CC
:10269000C08080808080C0FFFF7FE0C0808080801D
:1026A00080C0FFFF7F00000000FFFFFF0000000070
:1026B00000000000FFFFFF0000000000000000FF1E
:1026C000FFFF00000000000000000000000000000C
:1026D00000000000000000000000000000000000FA
:1026E00000000000000000000000000000000000EA
:1026F00000000000000003030300010103030303C3
:10270000030301000000000000FFFFFFF0C0C080D5
:10271000808080C0E0FFFF7F00000000FFFFFF001F
:102720000000000000000000FFFFFF0000000000AC
:102730000000000000000000000000000000000099
:102740000000000000000000000000000000000089
:102750000000000000000101030303030303010163
:1027600000000000001F7FFFF0C0C080808080C09C
:10277000C0F0FF7F1F0000E0F8FC3E0E0F070707C8
:10278000070F0E3EFCF8E000000000000000000013
:102790000000000000000000000000000000000039
:1027A0000000000000000000000000000000000326
:1027B0000303000101030303030301010000000000
:1027C0000000FFFFFF70E0C080808080C0C0F0FF8D
:1027D0007F1F000000FFFFFF3C0E0E070707070FDB
:1027E0000E3EFCF0C0000000FEFEFE0000000000F7
:1027F00000000000000000000000000000000000D9
:1028000000000000000000000000000000000000C8
:10281000010103030303030101000303030000009C
:102820001F7FFFF0C0C080808080C0E070FFFFFF8E
:10283000000000C0F0FC3E1E0F070707070E0E3C0D
:10284000FFFFFF000000000000000000000000008B
:10285000000000FEFEFE000000000000000000007E
:10286000000000000000030303000103030303034F
:102870000000FFFFFFE0C080808080000000FFFFBD
:10288000FF00000000000000000000000000000049
:102890000000000000000000000000000000000038
:1028A0000000000000000000000101030303030317
:1028B00003030101000000000078FCFECE8F8F872B
:1028C00087878783C3E3E36100000030383C1E0E36
:1028D0000707878787878FCEFEFCF0000000000087
:1028E00000000000000000000000000000000000E8
:1028F00000000000000000000303037F7FFF0303CC
:102900000303808080FFFFFF80808080000000FC48
:10291000FEFF07070707000000000000000000009E
:1029200000000000000000000000000000000000A7
:10293000000000000003030300000000000000008E
:102940000003030300000000FFFFFF000000000081
:1029500000000000FFFFFF00000000F8FCFE1F0F5A
:10296000070707070E0C38FFFFFF000000000000FC
:102970000000000000000000000000000000000057
:102980000000000000000000000000000000000047
:102990000203030100000000000000000001030327
:1029A0000200C0F0FE7F0F01000000010F3FFEF0AB
:1029B000C0000000000080F0FC7F0F7FFCF0800072
:1029C0000000000000000000000000000000000007
:1029D00000000000000000000000000000000000F7
:1029E00000000000000000000000000000030303DE
:1029F00000000000000000000303030000000000CE
:102A000000000003030380E0FCFF1F030000000F31
:102A1000FFFCC0F8FF0F000000031FFFFCE0800078
:102A2000000000E0FC7F0FFFFCC000000080FCFF06
:102A30000F7FFCE00000000000000000000000002C
:102A40000000000000000000000000000000000086
:102A50000000000000000000000000000000000076
:102A60000002030303010000000000000001030353
:102A7000020000C0E0F07C3F0F0F1F7CF8F0C08028
:102A8000000103071F3EF8F0C0C0F0F83E1F0F031F
:102A90000100000000000000000000000000000035
:102AA0000000000000000000000000000000000026
:102AB0000000000203030100000000000000010309
:102AC0000303000000C0F8FF3F07000000073FFFBE
:102AD000FCE000000000000000E0FCFF1FFFFEF033
:102AE000800000000000000E0E0E1E7CF8F0C000FA
:102AF00000000000000000000000000000000000D6
:102B000000000000000000000003030303030303B0
:102B1000030303030303030000008080808081839C
:102B2000878FBEF8F0E0C0800000071F3F7FF7E707
:102B3000C787070707070707070000000000000016
:102B40000000000000000000000000000000000085
:102B50000000000101010100000000007FFFFFE014
:102B6000C0C0C00007070F1DFDF8E0000000000016
:102B7000000080C0FFFF3F000000000000000000D8
:102B8000F0FCFC1E0E0E0E00000001010100000012
:102B9000000000FFFFFF000000000000FFFFFF003B
:102BA0000000000000FFFFFF000000000000FFFF2A
:102BB000FF00000001010101000000000000000012
:102BC000C0C0C0E0FFFF3F000000000000000000A8
:102BD000E0F8FD1D0F070700000000007FFFFFC0A9
:102BE000800000000E0E0E1EFCFCF0000000000035
:102BF00000000000000000000000000000000000D5
:102C000000000000000000000000000000000000C4
:102C10000000000000000000001C38787070707820
:102C2000383C1C1E0E0E0E1C1C380000000000005C
:102C30000000000000000000000000000000000094
:102C40000000000000000000000000000000000084
:102C5000000000000A000000000000000B0000005F
:102C60000A0000000C000000150000001300000026
:102C70002100000013000000340000001F000000CD
:102C80004700000017000000660000000700000079
:102C90007D0000000C000000840000000C0000001B
:102CA000900000000E0000009C00000014000000D6
:102CB000AA0000000A000000BE0000000C00000096
:102CC000C80000000A000000D40000000A00000054
:102CD000DE00000013000000E80000001300000008
:102CE000FB000000130000000E01000013000000B4
:102CF0002101000013000000340100001300000057
:102D000047010000130000005A01000013000000FA
:102D10006D0100001300000080010000130000009E
:102D2000930100000A000000A60100000A00000054
:102D3000B001000014000000BA01000014000000FF
:102D4000CE01000014000000E201000013000000AA
:102D5000F601000024000000090200001700000036
:102D60002D020000170000004402000019000000BE
:102D70005B02000019000000740200001700000050
:102D80008D02000015000000A40200001B000000DE
:102D9000B902000019000000D40200000900000080
:102DA000ED02000012000000F60200001700000013
:102DB00008030000130000001F0300001D000000B6
:102DC00032030000190000004F0300001B00000048
:102DD0006803000017000000830300001B000000D0
:102DE0009A03000019000000B5030000170000005E
:102DF000CE03000015000000E503000019000000EC
:102E0000FA03000017000000130400002400000073
:102E10002A040000170000004E0400001700000004
:102E200065040000150000007C0400000A0000009A
:102E3000910400000A0000009B0400000A0000004A
:102E4000A504000011000000AF0400001300000002
:102E5000C00400000C000000D304000012000000B9
:102E6000DF04000013000000F10400001200000065
:102E70000405000013000000160500001200000009
:102E8000290500000A0000003B05000013000000B7
:102E90004505000013000000580500000700000071
:102EA0006B05000009000000720500001200000020
:102EB0007B050000070000008D0500001D000000DC
:102EC0009405000013000000B1050000120000008E
:102ED000C405000013000000D60500001300000028
:102EE000E90500000C000000FC05000012000000D5
:102EF000080600000A0000001A0600001300000087
:102F00002406000011000000370600001900000030
:102F100048060000100000006106000011000000DB
:102F20007106000011000000820600000C00000085
:102F300093060000090000009F0600000C0000003E
:102F4000A806000014000000B40600000000000005
:102F500000000000001F0000E800001C001C000032
:102F6000000000000202071A02031E02004078C09F
:102F70004078C0404000000F111F100800003008CA
:102F8000FC88F000000E11110E00030C1000000070
:102F90000000000830C000708888700000000E112A
:102FA000110E00000000007088884830106808008A
:102FB000001C0000000000030C100000F8060100D7
:102FC00000100C0300000106F800080A1C0A0800A3
:102FD00000000000000000000000070000000000EA
:102FE000808080F0808080000000000000000E00E3
:102FF0000000000000004040400000000000000809
:1030000000000000000718000018E0000000000F9A
:10301000101010100F0000F008080808F00000045D
:10302000081F000000000000F80000000008101059
:1030300010100F0000081828488808000008101118
:1030400011110E00001008080808F000000000032D
:103050000C1F00000020E02020F8200000031D11BC
:1030600011111000009008080808F000000F10115E
:103070001111080000F088080808F0000010101076
:10308000131C1000000038C000000000000E1111D9
:1030900011110E0000F008080808F000000F1010D1
:1030A00010110F00001088888810E0000002000056
:1030B0000008000000020000000E000000000101F6
:1030C00002020400008040402020100000020202A2
:1030D0000202020200004040404040404000000424
:1030E0000202010100000010202040408000000C7E
:1030F0001010110E0000006880000000000106089A
:103100000912121211130804030000F804F209094D
:10311000091179890A32C400000000010E100E0165
:10312000000000001860C0404040C0601800001F50
:1031300011111111110E0000F80808080808F0001C
:1031400000070810101008040000E010080808101C
:103150002000001F1010101008070000F8080808D1
:103160000810E000001F1111111111110000F808E2
:10317000080808080800001F11111111100000F8BC
:1031800000000000000000070810101010080400E4
:1031900000E0100808888890E000001F010101018C
:1031A000011F0000F80000000000F800001F0000F0
:1031B000F80000000000001F000030080808F000C0
:1031C000001F000001020408100000F84080804049
:1031D00020100800001F00000000000000F8080890
:1031E00008080800001F0C03000000030C1F00006B
:1031F000F80000E018E00000F800001F08060100D9
:10320000001F0000F80000806010F80000070810A0
:1032100010101008070000E0100808080810E0006F
:10322000001F10101010100F0000F88080808080A8
:1032300000000007081010101008070000E0100838
:1032400008282810E800001F10101010100F0000B0
:10325000F8808080C0B00800000E11111110100C11
:1032600000003008080888887000001010101F1037
:1032700010100000000000F800000000001F000017
:103280000000001F0000E01008080810E00000180F
:1032900006010000000106180000000080601860B0
:1032A000800000000018070000000F100F00000051
:1032B000071800000000E018E0000000E018E0003F
:1032C000000000100C0201020C10000008304080C9
:1032D0004030080000100C0300030C100000000038
:1032E00000F8000000000000101011161810000077
:1032F0000818688808080800001F100000FF010077
:10330000001807000000000000E0180000101F0077
:103310000001FF0000000708070000008000000017
:103320008000000000000000000000000101010119
:10333000010101000010080000000000000102026D
:103340000201000030484850F800001F010202014D
:103350000000F8080808F000000102020201000065
:10336000F0080808100000010202011F0000F00828
:103370000808F8000001020202010000F048484875
:10338000D00000020F12000000F80000000102024D
:1033900001030000F2090911FE00001F01020201F1
:1033A0000000F8000000F80000130000F800000022
:1033B00013000001FE00001F000001020000F840A1
:1033C000C0300800001F0000F800000301020201E5
:1033D000010202010000F8000000F8000000F800FF
:1033E0000003010202010000F8000000F8000001E3
:1033F000020202010000F0080808F00000030102C8
:1034000002010000FF100808F000000102020103A1
:103410000000F0080810FF00000301020000F8009F
:1034200000000001020202010000904848483000FC
:1034300000020F02000000F8080000030000000373
:103440000000F0080808F800000300000003000076
:1034500000E018E00000000300000003000000038B
:10346000000000E018E000E018E0000000020100A9
:103470000102000008B040B0080000030000000393
:10348000000001E11EE00000000202020302000051
:1034900008384888080000000F10000040BE0100F6
:1034A000001F0000FE0000100F00000001BE4000E1
:1034B0000000010101000001000080000080808008
:1034C0008000000004000000000000000300000075
:1034D00004000000050000000700000009000000D3
:1034E0000C00000007000000150000000C000000A8
:1034F0001C0000000A00000028000000030000007B
:10350000320000000500000035000000050000004A
:103510003A000000060000003F0000000900000023
:1035200045000000040000004E00000005000000FF
:1035300052000000040000005700000006000000D8
:103540005B000000080000006100000007000000B0
:103550006900000008000000700000000800000082
:103560007800000008000000800000000800000053
:103570008800000008000000900000000800000023
:103580009800000008000000A000000008000000F3
:10359000A800000004000000B000000004000000CB
:1035A000B400000008000000B8000000090000009E
:1035B000C000000008000000C90000000700000073
:1035C000D10000000E000000D80000000B00000039
:1035D000E600000009000000F10000000900000002
:1035E000FA000000090000000301000009000000CB
:1035F0000C01000008000000150100000A00000096
:103600001D01000009000000270100000300000068
:103610003001000007000000330100000A00000034
:103620003A01000008000000440100000B00000007
:103630004C01000009000000570100000A000000D2
:1036400060010000090000006A0100000A0000009B
:1036500073010000090000007D0100000900000066
:1036600086010000090000008F0100000900000031
:10367000980100000B000000A10100000F000000F5
:10368000AC01000009000000BB01000009000000BF
:10369000C401000009000000CD010000040000008A
:1036A000D601000006000000DA010000040000005E
:1036B000E001000007000000E40100000900000034
:1036C000EB01000004000000F4010000070000000E
:1036D000F801000007000000FF01000007000000E3
:1036E00006020000070000000D02000007000000B5
:1036F00014020000050000001B020000070000008B
:103700002002000007000000270200000300000064
:103710002E0200000400000031020000070000003B
:1037200035020000030000003C0200000B00000016
:103730003F020000070000004A02000007000000EE
:1037400051020000070000005802000007000000BE
:103750005F02000005000000660200000700000094
:103760006B0200000500000072020000070000006C
:1037700077020000070000007E0200000B0000003E
:103780008502000007000000900200000700000012
:1037900097020000070000009E02000005000000E4
:1037A000A502000003000000AA02000005000000BE
:1037B000AD02000009000000B2020000000000009D
:1037C00000000000000000000000000000000000F9
:1037D00000000000000000000000000000000003E6
:1037E00003000000000000FFFF000000000000FCDC
:1037F000FC000000000000C0C00000000003030047
:1038000000000003030000F8F800000000F8F800D2
:1038100000000000000000000000000000000000A8
:103820000000000000000000000303000000000092
:10383000030300000C0C0C0FFFFC8C0C0C0C0FFF96
:10384000FC0C0C0018191FFFF8181818191FFFF8A6
:103850001818180000C0C00000000000C0C0000020
:103860000000000000000001030303070303010040
:10387000000000000078FEC6830303FF0181C1E061
:1038800060000000000C0F03010000FF808081C376
:103890007F3E00000000008080C0C0F0C0C080807B
:1038A000000000000000000103030303010000000A
:1038B0000000000001030200000000000000007C86
:1038C000FF83010183FF7C000003071E78E0810174
:1038D0000101000000000000000080808081030FD3
:1038E0003CF0C000003EFFC18080C1FF3E000000F0
:1038F000000000000040C0800000000000000080C8
:10390000C0C0C0C08000000000000000010103032F
:103910000303030100000000000000000000F0F9B4
:103920008D070307068CFCF0000000000000003E3D
:103930007FE3C1800000C0E1713B0F1F3F7B61004E
:10394000000000008080C0C0C0C0C0808000008037
:10395000C0C08000000303000000F8F80000000071
:103960000000000000000000000000000001030251
:10397000000000031F7CE08000000000FFFF00004B
:10398000000000000000E0F81E0701000002030133
:103990000000000000000080E07C1F030000000029
:1039A000000000FFFF00000001071EF8E00000001B
:1039B00000000000000303000000000040C46E7C13
:1039C000F8F87C6EC4400000000000000000000019
:1039D00000000000000000000000000000000000E7
:1039E00000000000000000000000000000000000D7
:1039F0000000003F3F0000000000000000C0C0C009
:103A0000C0C0C0FFFFC0C0C0C0C0C00000000000F8
:103A100000000000000000000000000000000000A6
:103A20000000000000000000000000000000000096
:103A3000000000000000C6FC0000000000000000C4
:103A40000000000000000000000000000000003046
:103A50003030303030300000000000000000000046
:103A60000000000000000000000000000000000056
:103A700000000000000000000000C0C000000000C6
:103A80000000000000000303000000031FFEE00030
:103A900000073FF8C0000000C0C080000000000028
:103AA0000000000101030303030301010000000003
:103AB000001FFFE080000000000080E0FF1F00000A
:103AC00000F8FF070100000000000107FFF80000F8
:103AD0000000008080C0C0C0C0C080800000000026
:103AE00000000000000000000303000000000000D0
:103AF000000018383070E0E0FFFF00000000000018
:103B00000000000000000000FFFF000000000000B7
:103B10000000000000000000C0C000000000000025
:103B20000000000101030303030303010000000080
:103B30000030F0C080000000000081C3FF7C000066
:103B400000000103060C0C183060C080000000006B
:103B500000C0C0C0C0C0C0C0C0C0C0C0C0C00000A5
:103B60000000000103030303030301000000000041
:103B70000060E0C080000303038787FD7800000039
:103B8000000C0F0301000000000081C3FF7C000057
:103B90000000008080C0C0C0C0C080800000000065
:103BA000000000000000000000000103030000000E
:103BB0000000000003070E1C70E0C0FFFF000000C3
:103BC000003878F898181818181818FFFF181800F7
:103BD0000000000000000000000000C0C000000065
:103BE00000000003030303030303030303000000B7
:103BF0000007FFF6060C0C0C0C0C06070300000077
:103C0000000C0F030100000000000103FEFC000097
:103C10000000008080C0C0C0C0C0808000000000E4
:103C20000000000001010303030303010000000082
:103C3000000F7FF1C3820606060683C3E160000021
:103C400000F8FE870100000000000183FF7C0000F7
:103C50000000000080C0C0C0C0C080800000000024
:103C6000000303030303030303030303030300002D
:103C70000000000000000003071C3060800000000E
:103C800000000000031FFCE0000000000000000036
:103C900000000000C0C000000000000000000000A4
:103CA0000000000101030303030301010000000001
:103CB000000078FD87030303030387FD78000000FD
:103CC000003CFFC381000000000081C3FF3C0000F6
:103CD0000000008080C0C0C0C0C080800000000024
:103CE00000000001010303030303010100000000C1
:103CF000003EFFC180000000000080C1FF1F0000E7
:103D0000000687C3C16060606041C18FFEF00000A3
:103D100000000080C0C0C0C0C08080000000000063
:103D20000000000000000000000000181800000063
:103D30000000000000000000000000C0C000000003
:103D40000000000000000000000000181800000043
:103D50000000000000000000000000C6FC000000A1
:103D60000000000000000000000000000000000053
:103D700000000103030306060C0C1C181830000099
:103D80000000C0E06060303018181C0C0C06000009
:103D90000000000000000000000000000000000023
:103DA0000000000000000000000000000000000013
:103DB000000C0C0C0C0C0C0C0C0C0C0C0C0C000067
:103DC0000030303030303030303030303030000083
:103DD00000000000000000000000000000000000E3
:103DE00000000000000000000000000000000000D3
:103DF00000003018181C0C0C060603030301000019
:103E00000000060C0C1C181830306060E0C0000088
:103E100000000000000000000000000000000000A2
:103E2000000000010103030303030301010000007C
:103E30000030F0C08080000000000183C7FE7C00DD
:103E4000000000000000003C7CE0C080000000009A
:103E500000000000000000C0C000000000000000E2
:103E60000000000000000000000101030303030341
:103E7000030303010101000000000000000000072F
:103E80001F3C70E0C1878E8C181818180C0E079F05
:103E90009CC0E0703C1F07000000FFFF0100007C99
:103EA000FF83010000000101030FFFF00001010783
:103EB0001EFCF000000000C0E078180C0E86C6C79B
:103EC000C3C3C3830383C3C3C6C6860C0C18302088
:103ED00000000000000000000303030000000000D9
:103EE0000000000000000000073FFCE000E0FC3F95
:103EF0000700000000000000071FFCF030303030E9
:103F0000303030F0FC1F07000000C0C0000000008F
:103F1000000000000000000000C0C000000003031B
:103F20000303030303030303030301000000000072
:103F300000FFFF01010101010101010183C7FE7CB6
:103F400000000000FFFF8080808080808080808073
:103F5000C1E37F3E000000C0C0C0C0C0C0C0C0C040
:103F6000C0C0C0808000000000000000000101030C
:103F7000030303030303010100000000000F3F7867
:103F8000E0C0808000000000000080C0E0703000D1
:103F900000E0FC1E07030100000000000001010317
:103FA0000F1E180000000000008080C0C0C0C0C00C
:103FB000C0C080800000000000000303030303036F
:103FC0000303030303030100000000000000FFFFE0
:103FD0000000000000000000008080C0F03F0F00E3
:103FE0000000FFFF000000000000000000010103CE
:103FF0000FFCF0000000C0C0C0C0C0C0C0C0C0C046
:10400000C0808000000000000000030303030303DE
:1040100003030303030303030300000000FFFF0186
:104020000101010101010101010101000000000085
:10403000FFFF808080808080808080808080000082
:10404000000000C0C0C0C0C0C0C0C0C0C0C0C0C0B0
:10405000C0C00000000003030303030303030303C2
:1040600003030303000000FFFF010101010101013F
:104070000101010000000000FFFF8080808080803F
:10408000808080800000000000C0C00000000000B0
:10409000000000000000000000000000000101011D
:1040A00003030303030303010100000000000007F2
:1040B0003F78E0C080800000000000008080C0E009
:1040C0007010000000E0FC1E07030101000000006A
:1040D000C0C0C0C1C1C3FFFE0000000000000080DE
:1040E0008080C0C0C0C0C0C0C08080800000000010
:1040F00000000303000000000000000000000000BA
:10410000030300000000FFFF0101010101010101A3
:1041100001010101FFFF00000000FFFF808080809F
:104120008080808080808080FFFF00000000C0C011
:10413000000000000000000000000000C0C00000FF
:104140000000000303000000000000FFFF0000006B
:10415000000000FFFF000000000000C0C0000000E1
:104160000000000000000000000003030000000049
:104170000000000000000000FFFF0000000E0F0321
:10418000000000000001FFFE000000008080C0C0B1
:10419000C0C0C080800000000000030300000000D9
:1041A00000000000000103030200000000FFFF0008
:1041B0000103070F1F3970E0C080000000000000FD
:1041C000FFFFE0C0800080C0E0783C1F07030000D4
:1041D000000000C0C00000000000000000000080DF
:1041E000C0C0400000000303000000000000000009
:1041F000000000000000FFFF0000000000000000C1
:10420000000000000000FFFF0000000000000000B0
:10421000000000000000C0C0C0C0C0C0C0C0C0C01E
:10422000C0C0C00000000003030301000000000044
:104230000000000001030303000000000000FFFF76
:10424000C0F83F070000000000073FF8C0FFFF0074
:104250000000000000FFFF000080F07E0F010F7ED5
:10426000F0800000FFFF000000000000C0C0000060
:10427000000000C0C0C00000000000C0C00000007E
:104280000000030303000000000000000000000025
:10429000030300000000FFFFC0E0701C0E030100DC
:1042A00000000000FFFF00000000FFFF0000000012
:1042B0000080C070380E0703FFFF00000000C0C080
:1042C0000000000000000000000000C0C0C00000AE
:1042D00000000000000101010303030303030101C7
:1042E00001000000000000073F78E0C0808000006F
:1042F000000000008080C0E0783F070000E0FC1E66
:1043000007030101000000000000010103071EFC7B
:10431000E0000000000000808080C0C0C0C0C0C0BD
:1043200080808000000000000000030303030303FB
:1043300003030303030301010000000000FFFF006B
:1043400000000000000000000081C3FF7C000000AE
:10435000FFFFC0C0C0C0C0C0C0C0C0C080800000DF
:10436000000000C0C00000000000000000000000CD
:10437000000000000000000000010101030303032E
:104380000303010101000000000000073F78E0C0C6
:1043900080800000000000008080C0E0783F0700BF
:1043A00000E0FC1E070301010000000406060703ED
:1043B00003071FFCF0000000000000008080C0C068
:1043C000C0C0C0C0C0808080C0E0600000000303A7
:1043D00003030303030303030303030100000000BB
:1043E0000000FFFF0101010101010101010183C77B
:1043F000FE7C00000000FFFF808080808080C0E0A5
:10440000F89C0E07010000000000C0C00000000082
:104410000000000000000080C0C00000000000009C
:104420000101030303030303030101000000000073
:104430000078FECF870703030303018181C0F030BA
:104440000000001C1E070301000080808080C0C1A6
:10445000E3FF3C0000000000008080C0C0C0C0C07E
:10446000C0C08080000000000303030303030303B4
:10447000030303030303030300000000000000FF25
:10448000FF0000000000000000000000000000FF2E
:10449000FF0000000000000000000000000000C05D
:1044A000C000000000000000000003030000000046
:1044B0000000000000000000030300000000FFFFF8
:1044C000000000000000000000000000FFFF0000EE
:1044D0000000FCFF070101000000000000010107CF
:1044E000FEFC0000000000000080C0C0C0C0C0C0D2
:1044F000C0C08000000000000003030100000000B5
:1045000000000000000000010303000000C0F83FAD
:104510000701000000000001073FF8C00000000094
:10452000000000C0F83F07010F3FF8C00000000086
:10453000000000000000000000C0C0C0000000003B
:104540000000000003030000000000000000000065
:10455000030303000000000000000000000303004C
:1045600000F0FF0F0100000000031FFEE000E0FC70
:104570001F0300000000010FFFF00000000000F02A
:10458000FE1F010F7FF8C00000000000C0F87F0F81
:10459000011FFEE0000000000000000000C0C0C0DD
:1045A0000000000000000000000000C0C0C00000CB
:1045B00000000000000203030100000000000000F2
:1045C0000000010303020000000080C0F0381C0F4F
:1045D000030F1C38F0C080000000000001030F1C16
:1045E0003870C080C0F0381C0F0301000040C0C00C
:1045F00080000000000000000000000080C0C040FB
:1046000002030100000000000000000000000103A0
:1046100003020000C0E0703C0E070101071E3C7061
:10462000E0C000000000000000000080FFFF8000EC
:104630000000000000000000000000000000C0C0FA
:104640000000000000000000000303030303030355
:104650000303030303030300000000000000000045
:1046600003070E3870E0800000000001070E1C7088
:10467000E0C0000000000000000000C0C0C0C0C0DA
:10468000C0C0C0C0C0C0C0C0C0C0C00000000303E4
:10469000030303000000FFFF000000000000FFFF15
:1046A000000000000000FFFF0303030003030000FD
:1046B0000000000000E0FE1F03000000000000C03A
:1046C000F83F0700000000000080C0C000030303A3
:1046D0000303000000000000FFFF000000000000D6
:1046E000FFFF000000030303FFFF000000000000C5
:1046F000000103030100000000000000031F7CE034
:104700008080E07C1F03000000808000000000002B
:104710000000008080000000000000000000000099
:104720000000000000000000000000000000000089
:104730000000000000000000000000000000000079
:104740000000000000000000000000000000000069
:104750000000000003030303030303030303030335
:104760000303030300020303010000000000000034
:1047700080C04000000000000000000000000000B9
:104780000000000000000000000000000000000029
:104790000000000000000000020E0C1C1818181881
:1047A000181C0F070000000F3F3160606060E1C11E
:1047B000C3FFFF0000000080C0C0C0C0C0C08000B8
:1047C00080C0400000000303000000000000000063
:1047D000000000000000FFFF060C18181818180C45
:1047E0000F0701000000FFFF0301000000000101AE
:1047F00007FEFC000000C0C00080C0C0C0C0C08078
:1048000000000000000000000000000000000000A8
:1048100000000001070E0C181818181C0E070300E2
:1048200000FCFF03010000000001030F0C0000006A
:10483000008080C0C0C0C0C0800000000000000038
:104840000000000000000000030300000001070F4B
:104850000C18181818180C06FFFF000000FCFE07C3
:104860000101000000000103FFFF000000000080C4
:1048700080C0C0C0C0C08000C0C0000000000000F8
:1048800000000000000000000000000001070E0C06
:1048900018181818180C0E07010000FCFF6761615A
:1048A000606060606161E3E2000000008080C0C081
:1048B000C0C0C0C080000000000001030303031853
:1048C00018FFFF1818180000FFFF0000000000C0CC
:1048D000C000000000000000000000000000000018
:1048E000000000000001070F0C18181818180C0E13
:1048F0001F1F000000FCFE07010000000000010374
:10490000FFFF000000181E8687C3C3C3C3C3868E83
:10491000FCF00000000003030000000000000000A5
:10492000000000000000FFFF0E0C18181818180CEB
:104930000F0300000000FFFF000000000000000067
:10494000FFFF00000000C0C00000000000000000E9
:10495000C0C0000000000303000000001F1F000093
:104960000000FFFF00000000C0C0000000000303C3
:10497000000000001F1F00000000FFFF00000303F5
:10498000FEFC000000000303000000000000000027
:1049900000000000FFFF0000000103070E1C1810BC
:1049A0000000FFFF7060E0F0FC1E0F03000000003D
:1049B000C0C000000000000080C0C0400000030331
:1049C00000000000FFFF00000000FFFF00000000EB
:1049D000C0C0000000000000000000000000000057
:1049E00000000000000000000000000000001F1F89
:1049F000060C181818181C0F070E0C181818181C7D
:104A00000F0700000000FFFF00000000000000FF93
:104A1000FF00000000000000FFFF00000000C0C019
:104A200000000000000000C0C00000000000000006
:104A3000C0C00000000000000000000000000000F6
:104A40000000000000001F1F060C18181818180C92
:104A50000F0700000000FFFF000000000000000042
:104A6000FFFF00000000C0C00000000000000000C8
:104A7000C0C00000000000000000000000000000B6
:104A80000000000001070F0C18181818180C0F0769
:104A9000010000FCFF070100000000000107FFFC0F
:104AA000000000008080C0C0C0C0C0808000000046
:104AB00000000000000000000000000000000000F6
:104AC00000001F1F060C18181818180C0F070100FB
:104AD0000000FFFF030100000000000107FEF800D6
:104AE0000000FFFF0080C0C0C0C0C0800000000008
:104AF00000000000000000000000000000000000B6
:104B00000001070F0C18181818180C061F1F0000BA
:104B100000FCFE070101000000000103FFFF000090
:104B20000000000080C0C0C0C0C08000FFFF0000C7
:104B300000000000000000000000001F1F0E1818F9
:104B400018180000FFFF00000000000000C0C000B7
:104B50000000000000000000000000000000000055
:104B6000000000070F0C18181818180C0E0600008B
:104B70000086C7E3E16070707030393F0E000000BE
:104B80000080C0C0C0C0C0C0808000000000010321
:104B9000000000001818FFFF181818000000FFFFA1
:104BA00000000000000080C0C0C0C0000000000085
:104BB00000000000000000000000000000001F1FB7
:104BC00000000000000000001F1F00000000FEFFAA
:104BD0000100000000000103FFFF00000000008052
:104BE00080C0C0C0C0C08000C0C000000000000085
:104BF000000000000000000000181F070100000076
:104C0000000001071F180000C0F87E0F010F3EF0E2
:104C1000C00000000000000080C080000000000014
:104C20000000000000000000000000000000000084
:104C30000000001C1F0300000000010F1C0F0100FA
:104C4000000000031F1C0080F07C1F011FFCC0003F
:104C5000C0FC1F011FFCF080000000000080C0802D
:104C6000000000000080C080000000000000000084
:104C700000000000000000000010181E07030000E4
:104C80000003070E1C1000000307DEFC70F8DE07AF
:104C900003000040C0C000000000000000C0C04091
:104CA00000000000000000000000000000181F07C6
:104CB000000000000000010F1E100000E0FC1F03B8
:104CC000030F7EF0800000000003038FFEF08000E1
:104CD00000000000000000000000000000000000D4
:104CE00000000018181818181818191B1F1E180093
:104CF0000003070E1C3870E0C08000000000C0C038
:104D0000C0C0C0C0C0C0C0C0C0C0C0000000000063
:104D1000000103030300000000FFFF8000000030DB
:104D20003078CF8700000000000000FCFE03030382
:104D30000000030300000000FFFF00000000FFFF71
:104D400000000000FFFF000003030301000000005B
:104D500000000000FFFF0000000000000087CF7887
:104D6000303000030307FEFC0000000000000000DC
:104D7000000000000000000000000000000101032E
:104D800003030301010100000001010000C08000D5
:104D90000000008080C0C0C0C08080000000000013
:104DA00000000000000000000000000008000000FB
:104DB0000000000008000000080000000A000000D9
:104DC00010000000100000001A0000001000000099
:104DD0002A000000190000003A0000001300000043
:104DE00053000000050000006600000009000000FC
:104DF0006B00000009000000740000000B000000C0
:104E00007D00000010000000880000000800000085
:104E10009800000009000000A00000000800000049
:104E2000A900000008000000B10000001000000010
:104E3000B900000010000000C900000010000000D0
:104E4000D900000010000000E90000001000000080
:104E5000F90000001000000009010000100000002F
:104E600019010000100000002901000010000000DE
:104E70003901000010000000490100000800000096
:104E8000590100000800000061010000100000004E
:104E9000690100001000000079010000100000000E
:104EA0008901000010000000990100001C000000B2
:104EB000A901000013000000C5010000130000005C
:104EC000D801000014000000EB01000014000000F5
:104ED000FF01000013000000130200001100000099
:104EE0002602000016000000370200001400000037
:104EF0004D02000008000000610200000E000000EA
:104F0000690200001300000077020000100000009A
:104F10008A020000170000009A020000140000003E
:104F2000B102000016000000C502000013000000DE
:104F3000DB02000016000000EE020000140000007A
:104F4000040300001300000018030000100000001C
:104F50002B030000140000003B03000013000000BE
:104F60004F0300001C00000062030000130000005B
:104F70007E030000120000009103000011000000F9
:104F8000A303000008000000B403000008000000B4
:104F9000BC03000008000000C40300000E00000075
:104FA000CC03000010000000DA030000090000003C
:104FB000EA0300000F000000F303000010000000EF
:104FC000020400000E0000001204000010000000A7
:104FD000200400000F000000300400000700000063
:104FE0003F04000010000000460400001000000014
:104FF00056040000060000006604000006000000E1
:105000006C0400000E0000007204000006000000A6
:10501000800400001800000086040000100000005A
:105020009E0400000F000000AE040000100000000D
:10503000BD04000010000000CD04000009000000C5
:10504000DD0400000E000000E6040000080000007F
:10505000F404000010000000FC0400000D0000003B
:105060000C05000013000000190500000D000000F1
:105070002C0500000D000000390500000E000000A6
:10508000460500000900000054050000060000006D
:105090005D0500000900000063050000100000002D
:1050A0006C0500000C18000040FB000813280000ED
:1050B0006C0A01080A1000004C2F010810200000A3
:1050C000BC3701080C18000040FB00082348000012
:1050D0004C5B0008142800002CD30008204000007E
:1050E000B4590008FFFFFFFFFFFFFFFFFFFFFFFFB7
:1050F000FFFFFFFFFFFFFFFFFFFFFFFFFFFFDBDB08
:10510000B6B692929292B6B6DBDBFFFFFFFFFFFFCF
:10511000FFFFFFFFFFFFFFFFFFFFFFFFFFFFFFFF9F
:10512000FFFFFFFFFFFFFFFFFFFFFFFFFFFFFFFF8F
:10513000FFFFFFFFFFFFFFFFFFFFDB924924242457
:1051400000000000000000002424244992DBFFFF3F
:10515000FFFFFFFFFFFFFFFFFFFFFFFFFFFFFFFF5F
:10516000FFFFFFFFFFFFFFFFFFFFFFFFFFFFFFFF4F
:10517000FFFFFFFFFFFFFFDBB6490000000000005C
:10518000242424242424242400000000000049B600
:10519000DBFFFFFFFFFFFFFFFFFFFFFFFFFFFFFF43
:1051A000FFFFFFFFFFFFFFFFFFFFFFFFFFFFFFFF0F
:1051B000FFFFFFFFFFDB6D2400000000244992B6D3
:1051C000DBDBDBDBDBDBDBDBB69249240000000052
:1051D000246DDBFFFFFFFFFFFFFFFFFFFFFFFFFF70
:1051E000FFFFFFFFFFFFFFFFFFFFFFFFFFFFFFFFCF
:1051F000FFFFFFDB6D240000002449B6FFFFFFFF27
:10520000FFFFFFFFFFFFFFFFFFFFFFFFB66D240063
:105210000000246DDBFFFFFFFFFFFFFFFFFFFFFF2D
:10522000FFFFFFFFFFFFFFFFFFFFFFFFFFFFFFFF8E
:10523000FFFF922400000049B6FFFFFFFFFFFFFFC2
:10524000FFFFFFFFFFFFFFFFFFFFFFFFFFFFFFB6B7
:10525000490000002492FFFFFFFFFFFFFFFFFFFF59
:10526000FFFFFFFFFFFFFFFFFFFFFFFFFFFFFFFF4E
:10527000DB4900000049B6FFFFFFFFFFFFFFFFFF14
:10528000FFFFFFFFFFFFFFFFFFFFFFFFFFFFFFFF2E
:10529000FFB64900000049DBFFFFFFFFFFFFFFFFF4
:1052A000FFFFFFFFFFFFFFFFFFFFFFFFFFFFFFB657
:1052B0002400002492FFFFFFFFFFFFFFFFFFFFFF1F
:1052C000FFFFFFFFFFFFFFFFFFFFFFFFFFFFFFFFEE
:1052D000FFFFFF9224000024B6FFFFFFFFFFFFFF48
:1052E000FFFFFFFFFFFFFFFFFFFFFFFFFFFFB624F2
:1052F000000049DBFFFFFFFFFFFFFFFFFFFFFFFF96
:10530000FFFFFFFFFFFFFFFFFFFFFFFFFFFFFFFFAD
:10531000FFFFFFFFDB49000024B6FFFFFFFFFFFF99
:10532000FFFFFFFFFFFFFFFFFFFFFFFFFF922400D4
:105330002492FFFFFFFFFFFFFFFFFFFFFFFFFFFFC5
:10534000FFFFFFFFFFFFFFFFFFFFFFFFFFFFFFFF6D
:10535000FFFFFFFFFFFF9224002492FFFFFFFFFFEC
:10536000FFFFFFFFFFFFFFFFFFFFFFFFB62400244B
:1053700092FFFFFFFFFFFFFFFFFFFFFFFFFFFFFFAA
:10538000FFFFFFFFFFFFFFFFFFFFFFFFFFFFFFFF2D
:10539000FFFFFFFFFFFFFF92240024B6FFFFFFFF88
:1053A000FFFFFFFFFFFFFFFFFFFFFFB6240024B654
:1053B000FFFFFFFFFFFFFFFFFFFFFFFFFFFFFFFFFD
:1053C000FFFFFFFFFFFFFFFFFFFFFFFFFFFFFFFFED
:1053D000FFFFFFFFFFFFFFFFB6240024B6FFFFFF24
:1053E000FFFFFFFFFFFFFFFFFFFFDB24002492FF13
:1053F000FFFFFFFFFFFFFFFFFFFFFFFFFFFFFFFFBD
:10540000FFFFFFFFFFFFFFFFFFFFFFFFFFFFFFFFAC
:10541000FFFFFFFFFFFFFFFFFF92240024DBFFFFE2
:10542000FFFFFFFFFFFFFFFFFFFF49000092FFFFAD
:10543000FFFFFFFFFFFFFFFFFFFFFFFFFFFFFFFF7C
:10544000FFFFFFFFFFFFFFFFFFFFFFFFFFFFFFFF6C
:10545000FFFFFFFFFFFFFFFFFFFF92000049FFFF7D
:10546000FFFFFFFFFFFFFFFFFF6D00006DFFFFFF6E
:10547000FFFFFFFFFFFFFFFFFFFFFFFFFFFFFFFF3C
:10548000FFFFFFFFFFFFFFFFFFFFFFFFFFFFFFFF2C
:10549000FFFFFFFFFFFFFFFFFFFFFF6D00006DFF3E
:1054A000FFFFFFFFFFFFFFFFDB240024FFFFFFFFE5
:1054B000FFFFFFFFFFFFFFFFFFFFFFFFFFFFFFFFFC
:1054C000FFFFFFFFFFFFFFFFFFFFFFFFFFFFFFFFEC
:1054D000FFFFFFFFFFFFFFFFFFFFFFFF240024DBB5
:1054E000FFFFFFFFFFFFFFFF490024DBFFFFFFFF80
:1054F000FFFFFFFFFFFFFFFFFFFFFFFFFFFFFFFFBC
:10550000FFFFFFFFFFFFFFFFFFFFFFFFFFFFFFFFAB
:10551000FFFFFFFFFFFFFFFFFFFFFFFFB624004974
:10552000FFFFFFFFFFFFFF9200006DFFFFFFFFFF88
:10553000FFFFFFFFFFFFFFFFFFFFFFFFFFFFFFFF7B
:10554000FFFFFFFFFFFFFFFFFFFFFFFFFFFFFFFF6B
:10555000FFFFFFFFFFFFFFFFFFFFFFFFFF6D0000EB
:1055600092FFFFFFFFFFFF490024DBFFFFFFFFFF6C
:10557000FFFFFFFFFFFFFFFFFFFFFFFFFFFFFFFF3B
:10558000FFFFFFFFFFFFFFFFFFFFFFFFFFFFFFFF2B
:10559000FFFFFFFFFFFFFFFFFFFFFFFFFFDB240019
:1055A00049FFFFFFFFFFB624006DFFFFFFFFFFFF76
:1055B000FFFFFFFFFFFFFFFFFFFFFFFFFFFFFFFFFB
:1055C000FFFFFFFFFFFFFFFFFFFFFFFFFFFFFFFFEB
:1055D000FFFFFFFFFFFFFFFFFFFFFFFFFFFF6D006C
:1055E00024B6FFFFFFFF490024DBFFFFFFFFFFFFA3
:1055F000FFFFFFFFFFFFFFFFFFFFFFFFFFFFFFFFBB
:10560000FFFFFFFFFFFFFFFFFFFFFFFFFFFFFFFFAA
:10561000FFFFFFFFFFFFFFFFFFFFFFFFFFFFDB2499
:105620000049FFFFFFDB000049FFFFFFFFFFFFFF17
:10563000FFFFFFFFFFFFFFFFFFFFFFFFFFFFFFFF7A
:10564000FFFFFFFFFFFFFFFFFFFFFFFFFFFFFFFF6A
:10565000FFFFFFFFFFFFFFFFFFFFFFFFFFFFFF4910
:105660000000DBFFFF920000B6FFFFFFFFFFFFFF20
:10567000FFFFFFFFFFFFFFFFFFFFFFFFFFFFFFFF3A
:10568000FFFFFFFFFFFFFFFFFFFFFFFFFFFFFFFF2A
:10569000FFFFFFFFFFFFFFFFFFFFFFFFFFFFFFB663
:1056A000000092FFFF490024FFFFFFFFFFFFFFFF05
:1056B000FFFFFFFFFFFFFFFFFFFFFFFFFFFFFFFFFA
:1056C000FFFFFFFFFFFFFFFFFFFFFFFFFFFFFFFFEA
:1056D000FFFFFFFFFFFFFFFFFFFFFFFFFFFFFFFFDA
:1056E000240049FFFF24006DFFFFFFFFFFFFFFFFC6
:1056F000FFFFFFFFFFFFFFFFFFFFFFFFFFFFFFFFBA
:10570000FFFFFFFFFFFFFFFFFFFFFFFFFFFFFFFFA9
:10571000FFFFFFFFFFFFFFFFFFFFFFFFFFFFFFFF99
:105720006D0024FFDB2400B6FFFFFFFFFFFFFFFF3C
:10573000FFFFFFFFFFFFFFFFFFFFFFFFFFFFFFFF79
:10574000FFFFFFFFFFFFFFFFFFFFFFFFFFFFFFFF69
:10575000FFFFFFFFFFFFFFFFFFFFFFFFFFFFFFFF59
:10576000B60024DB920024DBFFFFFFFFFFFFFFFFFB
:10577000FFFFDBFFFFFFFFFFFFFFFFFFFFFFFFFF5D
:10578000FFFFFFFFFFFFFFFFFFFFFFFFFFFFFFFF29
:10579000FFFFFFFFFFFFFFFFFFFFFFFFFFFFFFFF19
:1057A000DB2400B66D0024DBFFFFFFFFFFFFFFFFE0
:1057B000FF92246DFFFFFFFFFFFFFFFFFFFFFFFFD3
:1057C000FFFFFFFFFFFFDB4949DBFFFFFFFFFFFF9D
:1057D000FFFFFFFFFFFFFFFFFFFFFFFFFFFFFFFFD9
:1057E000DB24006D490024FFFFFFFFFFFFFFFFFFE9
:1057F000FF490000FFFFFFFFFFFFFFFFFFFFFFFF6D
:10580000FFFFFFFFFFFFDB0000DBFFFFFFFFFFFFEE
:10581000B649002492FFFFFFFFFFFFFFFFFFFFFFDE
:10582000FF240049240049FFFFFFFFFFFFFFFFFFA8
:10583000FF490000FFFFFFFFFFFFFFFFFFFFFFFF2C
:10584000FFFFFFFFFFFFDB0000DBFFFFFFFFFF921B
:10585000240000000049FFFFFFFFFFFFFFFFFFFFE5
:10586000FF490024240049FFFFFFFFFFFFFFFFFF68
:10587000FF490000DBDBDBDBDBDBDBDBDBDBDBDB9C
:10588000DBDBDBDBDBDB920000DBFFFFFFFFFF246A
:10589000002449240000B6FFFFFFFFFFFFFFFFFFCA
:1058A000FF490024000049FFFFFFFFFFFFFFFFFF4C
:1058B000FF490000000000000000000000000000A0
:1058C000000000000000000000DBFFFFFFFFDB2402
:1058D0000092FFDB00006DFFFFFFFFFFFFFFFFFFF8
:1058E000FF490024000049FFFFFFFFFFFFFFFFFF0C
:1058F000FF49000000000000000000000000000060
:10590000000000000000000024DBFFFFFFFFDB249D
:105910000092FFDB00006DFFFFFFFFFFFFFFFFFFB7
:10592000FF490000240049FFFFFFFFFFFFFFFFFFCB
:10593000FF490000DBDBDBDBDBDBDBDBDBDBDBDBDB
:10594000DBDBDBDBDBDBDBB6B6FFFFFFFFFFFF24D0
:10595000002449240000B6FFFFFFFFFFFFFFFFFF09
:10596000FF490024240049FFFFFFFFFFFFFFFFFF67
:10597000FF490000FFFFFFFFFFFFFFFFFFFFFFFFEB
:10598000FFFFFFFFFFFFFFFFFFFFFFFFFFFFFF9294
:1059900024000000006DFFFFFFFFFFFFFFFFFFFF80
:1059A000FF490024490049FFFFFFFFFFFFFFFFFF02
:1059B000FF490000FFFFFFFFFFFFFFFFFFFFFFFFAB
:1059C000FFFFFFFFFFFFFFFFFFFFFFFFFFFFFFFFE7
:1059D000DB6D2449B6FFFFFFFFFFFFFFFFFFFFFF67
:1059E000FF4900496D0024FFFFFFFFFFFFFFFFFF9E
:1059F000FF6D0024FFFFFFFFFFFFFFFFFFFFFFFF23
:105A0000FFFFFFFFFFFFFFFFFFFFFFFFFFFFFFFFA6
:105A1000FFFFFFFFFFFFFFFFFFFFFFFFFFFFFFFF96
:105A2000FF24006D920024DBFFFFFFFFFFFFFFFF5D
:105A3000FFFFB6DBFFFFFFFFFFFFFFFFFFFFFFFFE3
:105A4000FFFFFFFFFFFFFFFFFFFFFFFFFFFFFFFF66
:105A5000FFFFFFFFFFFFFFFFFFFFFFFFFFFFFFFF56
:105A6000DB240092B60000B6FFFFFFFFFFFFFFFF41
:105A7000FFFFFFFFFFFFFFFFFFFFFFFFFFFFFFFF36
:105A8000FFFFFFFFFFFFFFFFFFFFFFFFFFFFFFFF26
:105A9000FFFFFFFFFFFFFFFFFFFFFFFFFFFFFFFF16
:105AA000B60000B6DB240092FFFFFFFFFFFFFFFF01
:105AB000FFFFFFFFFFFFFFFFFFFFFFFFFFFFFFFFF6
:105AC000FFFFFFFFFFFFFFFFFFFFFFFFFFFFFFFFE6
:105AD000FFFFFFFFFFFFFFFFFFFFFFFFFFFFFFFFD6
:105AE000920024DBFF490024FFFFFFFFFFFFFFFFC1
:105AF000FFFFFFFFFFFFFFFFFFFFFFFFFFFFFFFFB6
:105B0000FFFFFFFFFFFFFFFFFFFFFFFFFFFFFFFFA5
:105B1000FFFFFFFFFFFFFFFFFFFFFFFFFFFFFFFF95
:105B2000240049FFFF6D0000DBFFFFFFFFFFFFFFC9
:105B3000FFFFFFFFFFFFFFFFFFFFFFFFFFFFFFFF75
:105B4000FFFFFFFFFFFFFFFFFFFFFFFFFFFFFFFF65
:105B5000FFFFFFFFFFFFFFFFFFFFFFFFFFFFFFDB79
:105B600000006DFFFFB600006DFFFFFFFFFFFFFFAE
:105B7000FFFFFFFFFFFFFFFFFFFFFFFFFFFFFFFF35
:105B8000FFFFFFFFFFFFFFFFFFFFFFFFFFFFFFFF25
:105B9000FFFFFFFFFFFFFFFFFFFFFFFFFFFFFF6DA7
:105BA0000000B6FFFFFF240024FFFFFFFFFFFFFF01
:105BB000FFFFFFFFFFFFFFFFFFFFFFFFFFFFFFFFF5
:105BC000FFFFFFFFFFFFFFFFFFFFFFFFFFFFFFFFE5
:105BD000FFFFFFFFFFFFFFFFFFFFFFFFFFFFFF24B0
:105BE0000024FFFFFFFF920000B6FFFFFFFFFFFF53
:105BF000FFFFFFFFFFFFFFFFFFFFFFFFFFFFFFFFB5
:105C0000FFFFFFFFFFFFFFFFFFFFFFFFFFFFFFFFA4
:105C1000FFFFFFFFFFFFFFFFFFFFFFFFFFFFB600DC
:105C20000092FFFFFFFFDB240024FFFFFFFFFFFFC9
:105C3000FFFFFFFFFFFFFFFFFFFFFFFFFFFFFFFF74
:105C4000FFFFFFFFFFFFFFFFFFFFFFFFFFFFFFFF64
:105C5000FFFFFFFFFFFFFFFFFFFFFFFFFFFF24002E
:105C600024DBFFFFFFFFFF6D000092FFFFFFFFFF40
:105C7000FFFFFFFFFFFFFFFFFFFFFFFFFFFFFFFF34
:105C8000FFFFFFFFFFFFFFFFFFFFFFFFFFFFFFFF24
:105C9000FFFFFFFFFFFFFFFFFFFFFFFFFF9200007F
:105CA0006DFFFFFFFFFFFFFF240024DBFFFFFFFF6F
:105CB000FFFFFFFFFFFFFFFFFFFFFFFFFFFFFFFFF4
:105CC000FFFFFFFFFFFFFFFFFFFFFFFFFFFFFFFFE4
:105CD000FFFFFFFFFFFFFFFFFFFFFFFFDB240024AD
:105CE000FFFFFFFFFFFFFFFF9200006DFFFFFFFFC1
:105CF000FFFFFFFFFFFFFFFFFFFFFFFFFFFFFFFFB4
:105D0000FFFFFFFFFFFFFFFFFFFFFFFFFFFFFFFFA3
:105D1000FFFFFFFFFFFFFFFFFFFFFFFF6D00009290
:105D2000FFFFFFFFFFFFFFFFFF49000092FFFFFFA4
:105D3000FFFFFFFFFFFFFFFFFFFFFFFFFFFFFFFF73
:105D4000FFFFFFFFFFFFFFFFFFFFFFFFFFFFFFFF63
:105D5000FFFFFFFFFFFFFFFFFFFFFF92000049FF74
:105D6000FFFFFFFFFFFFFFFFFFDB240024DBFFFF40
:105D7000FFFFFFFFFFFFFFFFFFFFFFFFFFFFFFFF33
:105D8000FFFFFFFFFFFFFFFFFFFFFFFFFFFFFFFF23
:105D9000FFFFFFFFFFFFFFFFFFFFDB240024DBFF10
:105DA000FFFFFFFFFFFFFFFFFFFFB6240024DBFF25
:105DB000FFFFFFFFFFFFFFFFFFFFFFFFFFFFFFFFF3
:105DC000FFFFFFFFFFFFFFFFFFFFFFFFFFFFFFFFE3
:105DD000FFFFFFFFFFFFFFFFFFDB240024B6FFFFF5
:105DE000FFFFFFFFFFFFFFFFFFFFFF6D000049DB2D
:105DF000FFFFFFFFFFFFFFFFFFFFFFFFFFFFFFFFB3
:105E0000FFFFFFFFFFFFFFFFFFFFFFFFFFFFFFFFA2
:105E1000FFFFFFFFFFFFFFFFDB4900006DFFFFFFFC
:105E2000FFFFFFFFFFFFFFFFFFFFFFFF6D000049C8
:105E3000DBFFFFFFFFFFFFFFFFFFFFFFFFFFFFFF96
:105E4000FFFFFFFFFFFFFFFFFFFFFFFFFFFFFFFF62
:105E5000FFFFFFFFFFFFFFDB4900006DFFFFFFFFBC
:105E6000FFFFFFFFFFFFFFFFFFFFFFFFFF490000F6
:105E700024DBFFFFFFFFFFFFFFFFFFFFFFFFFFFF31
:105E8000FFFFFFFFFFFFFFFFFFFFFFFFFFFFFFFF22
:105E9000FFFFFFFFFFFFDB24000049FFFFFFFFFFC5
:105EA000FFFFFFFFFFFFFFFFFFFFFFFFFFFF6D0093
:105EB000002492FFFFFFFFFFFFFFFFFFFFFFFFFF39
:105EC000FFFFFFFFFFFFFFFFFFFFFFFFFFFFFFFFE2
:105ED000FFFFFFFFFF922400006DFFFFFFFFFFFFAA
:105EE000FFFFFFFFFFFFFFFFFFFFFFFFFFFFFF6D54
:105EF0002400006DDBFFFFFFFFFFFFFFFFFFFFFF41
:105F0000FFFFFFFFFFFFFFFFFFFFFFFFFFFFFFFFA1
:105F1000FFFFFFDB6D0000246DFFFFFFFFFFFFFFB2
:105F2000FFFFFFFFFFFFFFFFFFFFFFFFFFFFFFFF81
:105F3000B62400002492FFFFFFFFFFFFFFFFFFFFDB
:105F4000FFFFFFFFFFFFFFFFFFFFFFFFFFFFFFFF61
:105F5000FFFF9224000024B6FFFFFFFFFFFFFFFFBB
:105F6000FFFFFFFFFFFFFFFFFFFFFFFFFFFFFFFF41
:105F7000FFDB4924000024B6FFFFFFFFFFFFFFFF08
:105F8000FFFFFFFFFFFFFFFFFFFFFFFFFFFFFFFF21
:105F9000B62400000049DBFFFFFFFFFFFFFFFFFF0C
:105FA000FFFFFFFFFFFFFFFFFFFFFFFFFFFFFFFF01
:105FB000FFFFFFB624000000246DDBFFFFFFFFFFA3
:105FC000FFFFFFFFFFFFFFFFFFFFFFFFFFDB6D2472
:105FD00000000024B6FFFFFFFFFFFFFFFFFFFFFFF2
:105FE000FFFFFFFFFFFFFFFFFFFFFFFFFFFFFFFFC1
:105FF000FFFFFFFFFF6D2400000000246DB6DBFFF4
:10600000FFFFFFFFFFFFFFFFFFDBB66D2400000077
:1060100000246DFFFFFFFFFFFFFFFFFFFFFFFFFFFC
:10602000FFFFFFFFFFFFFFFFFFFFFFFFFFFFFFFF80
:10603000FFFFFFFFFFFFDB9224000000000024248D
:10604000494949494949494924240000000000249C
:1060500092DBFFFFFFFFFFFFFFFFFFFFFFFFFFFFE1
:10606000FFFFFFFFFFFFFFFFFFFFFFFFFFFFFFFF40
:10607000FFFFFFFFFFFFFFFFFFDB6D492400000074
:10608000000000000000000000000024496DDBFF5C
:10609000FFFFFFFFFFFFFFFFFFFFFFFFFFFFFFFF10
:1060A000FFFFFFFFFFFFFFFFFFFFFFFFFFFFFFFF00
:1060B000FFFFFFFFFFFFFFFFFFFFFFFFDBDB926D37
:1060C00049242400002424496D92DBDBFFFFFFFFFD
:1060D000FFFFFFFFFFFFFFFFFFFFFFFFFFFFFFFFD0
:1060E000FFFFFFFFFFFFFFFFFFFFFFFFB69224242C
:1060F00000000000000000000000000000000000A0
:10610000000000000000000000000000000000246B
:10611000DBFFFFFFFFFFFFFFFFFFFFFFFFFFFFFFB3
:10612000FFFFFFFFFFFFFFFFFFFF926D2424000032
:10613000000000000000000000000000000000005F
:10614000000000000000000000000000000000004F
:106150006DDBFFFFFFFFFFFFFFFFFFFFFFFFFFFF05
:10616000FFFFFFFFFFFFFFFFB649000000004949A6
:10617000494949494949494949494949494949498F
:1061800049494949494949494949494949494924A4
:106190000092FFFFFFFFFFFFFFFFFFFFFFFFFFFF7B
:1061A000FFFFFFFFFFFFFFDB492400009292DBDBD4
:1061B000DBDBDBDBDBDBDBDBDBDBDBDBDBDBDBDB2F
:1061C000DBDBDBDBDBDBDBDBDBDBDBDBDBDBB649D6
:1061D0000092FFFFFFFFFFFFFFFFFFFFFFFFFFFF3B
:1061E000FFFFFFFFFFFFB649000092FFFFFFFFFF29
:1061F000FFFFFFFFFFFFFFFFFFFFFFFFFFFFFFFFAF
:10620000FFFFFFFFFFFFFFFFFFFFFFFFFFFFDB4978
:106210000092FFFFFFFFFFFFFFFFFFFFFFFFFFFFFA
:10622000FFFFFFFFFFFF49240049FFFFFFFFFFFFC4
:10623000FFFFFFFFFFFFFFFFFFFFFFFFFFFFFFFF6E
:10624000FFFFFFFFFFFFFFFFFFFFFFFFFFFFDB4938
:106250000092FFFFFFFFFFFFFFFFFFFFFFFFFFFFBA
:10626000FFFFFFFFFF92000092FFFFFFFFFFFFFF16
:10627000FFFFFFFFFFFFFFFFFFFFFFFFFFFFFFFF2E
:10628000FFFFFFFFFFFFFFFFFFFFFFFFFFFFDB49F8
:106290000092FFFFFFFFFFFFFFFFFFFFFFFFFFFF7A
:1062A000FFFFFFFFFF6D0000FFFFFFFFFFFFFFFF8E
:1062B000FFFFFFFFFFFFFFFFFFFFFFFFFFFFFFFFEE
:1062C000FFFFFFFFFFFFFFFFFFFFFFFFFFFFDB49B8
:1062D0000092FFFFFFFFFFFFFFFFFFFFFFFFFFFF3A
:1062E000FFFFFFFFB6240092FFFFFFFFFFFFFFFF4E
:1062F000FFFFFFFFFFFFFFFFFFFFFFFFFFFFFFFFAE
:10630000FFFFFFFFFFFFFFFFFFFFFFFFFFFFDB4977
:106310000092FFFFFFFFFFFFFFFFFFFFFFFFFFFFF9
:10632000FFFFFFFF92240092FFFFFFFFFFFFFFFF31
:10633000FFFFFFFFFFFFFFFFFFFFFFFFFFFFFFFF6D
:10634000FFFFFFFFFFFFFFFFFFFFFFFFFFFFDB4937
:106350000092FFFFFFFFFFFFFFFFFFFFFFFFFFFFB9
:10636000FFFFFFFF240049DBFFFFFFFFFFFFFFFFF1
:10637000FFFFFFFFFFFFFFFFFFFFFFFFFFFFFFFF2D
:10638000FFFFFFFFFFFFFFFFFFFFFFFFFFFFDB49F7
:106390000092FFFFFFFFFFFFDBDBDBDBDBDBDBDB99
:1063A000DBDBDBFF240049DBFFFFFFFFFFFFFFFF1D
:1063B000FFFFFFFFFFFFFFFFFFFFFFFFFFFFFFFFED
:1063C000FFFFFFFFFFFFFFFFFFFFFFFFFFFFDB49B7
:1063D0000092FFFFFFFFFF92494949494949494956
:1063E0004949496D000049DBFFFFFFFFFFFFFFFF49
:1063F000FFFFFFFFFFFFFFFFFFFFFFFFFFFFFFFFAD
:10640000FFFFFFFFFFFFFFFFFFFFFFFFFFFFDB4976
:106410000092FFFFFFFFDB490000000000000000CA
:1064200000000024000049DBFFFFFFFFFFFFFFFF2C
:10643000FFFFFFFFFFFFFFFFFFFFFFFFFFFFFFFF6C
:10644000FFFFFFFFFFFFFFFFFFFFFFFFFFFFDB4936
:106450000092FFFFFFFFFFB6929292929292929269
:10646000929292B6000049DBFFFFFFFFFFFFFFFFA4
:10647000FFFFFFFFFFFFFFFFFFFFFFFFFFFFFFFF2C
:10648000FFFFFFFFFFFFFFFFFFFFFFFFFFFFDB49F6
:106490000092FFFFFFFFFFFFFFFFFFFFFFFFFFFF78
:1064A000FFFFFFFF000049DBFFFFFFFFFFFFFFFFD4
:1064B000FFFFFFFFFFFFFFFFFFFFFFFFFFFFFFFFEC
:1064C000FFFFFFFFFFFFFFFFFFFFFFFFFFFFDB49B6
:1064D0000092FFFFFFFFFFFFFFFFFFFFFFFFFFFF38
:1064E000FFFFFFFF000049DBFFFFFFFFFFFFFFFF94
:1064F000FFFFFFFFFFFFFFFFFFFFFFFFFFFFFFFFAC
:10650000FFFFFFFFFFFFFFFFFFFFFFFFFFFFDB4975
:106510000092FFFFFFFFFFFFFFFFFFFFFFFFFFFFF7
:10652000FFFFFFFF000049DBFFFFFFFFFFFFFFFF53
:10653000FFFFFFFFFFFFFFFFFFFFFFFFFFFFFFFF6B
:10654000FFFFFFFFFFFFFFFFFFFFFFFFFFFFDB4935
:106550000092FFFFFFFFFFFFFFFFFFFFFFFFFFFFB7
:10656000FFFFFFFF000049DBFFFFFFFFFFFFFFFF13
:10657000FFFFFFFFFFFFFFFFFFFFFFFFFFFFFFFF2B
:10658000FFFFFFFFFFFFFFFFFFFFFFFFFFFFDB49F5
:106590000092FFFFFFFFFFFFFFFFFFFFFFFFFFFF77
:1065A000FFFFFFFF000049DBFFFFFFFFFFFFFFFFD3
:1065B000FFFFFFFFFFFFFFFFFFFFFFFFFFFFFFFFEB
:1065C000FFFFFFFFFFFFFFFFFFFFFFFFFFFFDB49B5
:1065D0000092FFFFFFFFFFFFFFFFFFFFFFFFFFFF37
:1065E000FFFFFFFF000049DBFFFFFFFFFFFFFFFF93
:1065F000FFFFFFFFFFFFFFFFFFFFFFFFFFFFFFFFAB
:10660000FFFFFFFFFFFFFFFFFFFFFFFFFFFFDB4974
:106610000092FFFFFFFFFFFFFFFFFFFFFFFFFFFFF6
:10662000FFFFFFFF000049DBFFFFFFFFFFFFFFFF52
:10663000FFFFFFFFFFFFFFFFFFFFFFFFFFFFFFFF6A
:10664000FFFFFFFFFFFFFFFFFFFFFFFFFFFFDB4934
:106650000092FFFFFFFFFFFFFFFFFFFFFFFFFFFFB6
:10666000FFFFFFFF000049DBFFFFFFFFFFFFFFFF12
:10667000FFFFFFFFFFFFFFFFFFFFFFFFFFFFFFFF2A
:10668000FFFFFFFFFFFFFFFFFFFFFFFFFFFFDB49F4
:106690000092FFFFFFFFFFFFDBDBDBDBDBDBDBDB96
:1066A000DBDBDBFF000049DBFFFFFFFFFFFFFFFF3E
:1066B000FFFFFFFFFFFFFFFFFFFFFFFFFFFFFFFFEA
:1066C000FFFFFFFFFFFFFFFFFFFFFFFFFFFFDB49B4
:1066D0000092FFFFFFFFFF92494949494949494953
:1066E0004949496D000049DBFFFFFFFFFFFFFFFF46
:1066F000FFFFFFFFFFFFFFFFFFFFFFFFFFFFFFFFAA
:10670000FFFFFFFFFFFFFFFFFFFFFFFFFFFFDB4973
:106710000092FFFFFFFFDB490000000000000000C7
:1067200000000024000049DBFFFFFFFFFFFFFFFF29
:10673000FFFFFFFFFFFFFFFFFFFFFFFFFFFFFFFF69
:10674000FFFFFFFFFFFFFFFFFFFFFFFFFFFFDB4933
:106750000092FFFFFFFFFFB6929292929292929266
:10676000929292B6000049DBFFFFFFFFFFFFFFFFA1
:10677000FFFFFFFFFFFFFFFFFFFFFFFFFFFFFFFF29
:10678000FFFFFFFFFFFFFFFFFFFFFFFFFFFFDB49F3
:106790000092FFFFFFFFFFFFFFFFFFFFFFFFFFFF75
:1067A000FFFFFFFF000049DBFFFFFFFFFFFFFFFFD1
:1067B000FFFFFFFFFFFFFFFFFFFFFFFFFFFFFFFFE9
:1067C000FFFFFFFFFFFFFFFFFFFFFFFFFFFFDB49B3
:1067D0000092FFFFFFFFFFFFFFFFFFFFFFFFFFFF35
:1067E000FFFFFFFF000049DBFFFFFFFFFFFFFFFF91
:1067F000FFFFFFFFFFFFFFFFFFFFFFFFFFFFFFFFA9
:10680000FFFFFFFFFFFFFFFFFFFFFFFFFFFFDB4972
:106810000092FFFFFFFFFFFFFFFFFFFFFFFFFFFFF4
:10682000FFFFFFFF000049DBFFFFFFFFFFFFFFFF50
:10683000FFFFFFFFFFFFFFFFFFFFFFFFFFFFFFFF68
:10684000FFFFFFFFFFFFFFFFFFFFFFFFFFFFDB4932
:106850000092FFFFFFFFFFFFFFFFFFFFFFFFFFFFB4
:10686000FFFFFFFF000049DBFFFFFFFFFFFFFFFF10
:10687000FFFFFFFFFFFFFFFFFFFFFFFFFFFFFFFF28
:10688000FFFFFFFFFFFFFFFFFFFFFFFFFFFFDB49F2
:106890000092FFFFFFFFFFFFFFFFFFFFFFFFFFFF74
:1068A000FFFFFFFF000049DBFFFFFFFFFFFFFFFFD0
:1068B000FFFFFFFFFFFFFFFFFFFFFFFFFFFFFFFFE8
:1068C000FFFFFFFFFFFFFFFFFFFFFFFFFFFFDB49B2
:1068D0000092FFFFFFFFFFFFFFFFFFFFFFFFFFFF34
:1068E000FFFFFFFF000049DBFFFFFFFFFFFFFFFF90
:1068F000FFFFFFFFFFFFFFFFFFFFFFFFFFFFFFFFA8
:10690000FFFFFFFFFFFFFFFFFFFFFFFFFFFFDB4971
:106910000092FFFFFFFFFFFFFFFFFFFFFFFFFFFFF3
:10692000FFFFFFFF000049DBFFFFFFFFFFFFFFFF4F
:10693000FFFFFFFFFFFFFFFFFFFFFFFFFFFFFFFF67
:10694000FFFFFFFFFFFFFFFFFFFFFFFFFFFFDB4931
:106950000092FFFFFFFFFFFFFFFFFFFFFFFFFFFFB3
:10696000FFFFFFFF000049DBFFFFFFFFFFFFFFFF0F
:10697000FFFFFFFFFFFFFFFFFFFFFFFFFFFFFFFF27
:10698000FFFFFFFFFFFFFFFFFFFFFFFFFFFFDB49F1
:106990000092FFFFFFFFFFFFDBDBDBDBDBDBDBDB93
:1069A000DBDBDBFF000049DBFFFFFFFFFFFFFFFF3B
:1069B000FFFFFFFFFFFFFFFFFFFFFFFFFFFFFFFFE7
:1069C000FFFFFFFFFFFFFFFFFFFFFFFFFFFFDB49B1
:1069D0000092FFFFFFFFFF92494949494949494950
:1069E0004949496D000049DBFFFFFFFFFFFFFFFF43
:1069F000FFFFFFFFFFFFFFFFFFFFFFFFFFFFFFFFA7
:106A0000FFFFFFFFFFFFFFFFFFFFFFFFFFFFDB4970
:106A10000092FFFFFFFFDB490000000000000000C4
:106A200000000024240049DBFFFFFFFFFFFFFFFF02
:106A3000FFFFFFFFFFFFFFFFFFFFFFFFFFFFFFFF66
:106A4000FFFFFFFFFFFFFFFFFFFFFFFFFFFFDB4930
:106A50000092FFFFFFFFFFB6929292929292929263
:106A6000929292B66D2424B6FFFFFFFFFFFFFFFF57
:106A7000FFFFFFFFFFFFFFFFFFFFFFFFFFFFFFFF26
:106A8000FFFFFFFFFFFFFFFFFFFFFFFFFFFFDB49F0
:106A90000092FFFFFFFFFFFFFFFFFFFFFFFFFFFF72
:106AA000FFFFFFFF92240092FFFFFFFFFFFFFFFFAA
:106AB000FFFFFFFFFFFFFFFFFFFFFFFFFFFFFFFFE6
:106AC000FFFFFFFFFFFFFFFFFFFFFFFFFFFFDB49B0
:106AD0000092FFFFFFFFFFFFFFFFFFFFFFFFFFFF32
:106AE000FFFFFFFFFF6D0024FFFFFFFFFFFFFFFF22
:106AF000FFFFFFFFFFFFFFFFFFFFFFFFFFFFFFFFA6
:106B0000FFFFFFFFFFFFFFFFFFFFFFFFFFFFDB496F
:106B10000092FFFFFFFFFFFFFFFFFFFFFFFFFFFFF1
:106B2000FFFFFFFFFF6D0000B6FFFFFFFFFFFFFF4E
:106B3000FFFFFFFFFFFFFFFFFFFFFFFFFFFFFFFF65
:106B4000FFFFFFFFFFFFFFFFFFFFFFFFFFFFDB492F
:106B50000092FFFFFFFFFFFFFFFFFFFFFFFFFFFFB1
:106B6000FFFFFFFFFFFF0000006DFFFFFFFFFFFFC4
:106B7000FFFFFFFFFFFFFFFFFFFFFFFFFFFFFFFF25
:106B8000FFFFFFFFFFFFFFFFFFFFFFFFFFFFDB49EF
:106B90000092FFFFFFFFFFFFFFFFFFFFFFFFFFFF71
:106BA000FFFFFFFFFFFF6D240024B6FFFFFFFFFF85
:106BB000FFFFFFFFFFFFFFFFFFFFFFFFFFFFFFFFE5
:106BC000FFFFFFFFFFFFFFFFFFFFFFFFFFFFDB49AF
:106BD0000092FFFFFFFFFFFFFFFFFFFFFFFFFFFF31
:106BE000FFFFFFFFFFFFFFDB00000000DBDBFFFF1D
:106BF000FFFFFFFFFFFFFFFFFFFFFFFFFFFFFFFFA5
:106C0000FFFFFFFFFFFFFFFFFFFFFFFFFFFFDB496E
:106C10000092FFFFFFFFFFFFFFFFFFFFFFFFFFFFF0
:106C2000FFFFFFFFFFFFFFFF6D2400004949929225
:106C30009292929292929292929292929292929234
:106C400092929292929292929292929292926D24B7
:106C50000092FFFFFFFFFFFFFFFFFFFFFFFFFFFFB0
:106C6000FFFFFFFFFFFFFFFFFFFF492400000000C1
:106C70000000000000000000000000000000000014
:106C80000000000000000000000000000000000004
:106C900024B6FFFFFFFFFFFFFFFFFFFFFFFFFFFF28
:106CA000FFFFFFFFFFFFFFFFFFFFDBB66D490000A7
:106CB00000000000000000000000000000000000D4
:106CC00000000000000000000000000000000000C4
:106CD00092DBFFFFFFFFFFFFFFFFFFFFFFFFFFFF55
:106CE000FFFFFFFFFFFFFFFFFFFFFFFFFFFFFFFFB4
:106CF000000049FFFFFFFFFFFFFFFFFFFFFFFFFF58
:106D0000FFFFFFFFFF920000FFFFFFFFFFFFFFFFFE
:106D1000FFFFFFFFFFFFFFFFFFFFFFFFFFFFFFFF83
:106D2000FFFFFFFFFFFFFFFFFFFFFFFFFFFFFFFF73
:106D3000000049DBFFFFFFFFFFFFFFFFFFFFFFFF3B
:106D4000FFFFFFFFFF920000FFFFFFFFFFFFFFFFBE
:106D5000FFFFFFFFFFFFFFFFFFFFFFFFFFFFFFFF43
:106D6000FFFFFFFFFFFFFFFFFFFFFFFFFFFFFFFF33
:106D7000000049DBFFFFFFFFFFFFFFFFFFFFFFFFFB
:106D8000FFFFFFFFFF920000FFFFFFFFFFFFFFFF7E
:106D9000FFFFFFFFFFFFFFFFFFFFFFFFFFFFFFFF03
:106DA000FFFFFFFFFFFFFFFFFFFFFFFFFFFFFFFFF3
:106DB000000049DBFFFFFFFFFFFFFFFFFFFFFFFFBB
:106DC000FFFFFFFFFF920000FFFFFFFFFFFFFFFF3E
:106DD000FFFFFFFFFFFFFFFFFFFFFFFFFFFFFFFFC3
:106DE000FFFFFFFFFFFFFFFFFFFFFFFFFFFFFFFFB3
:106DF000000049DBFFFFFFFFFFFFFFFFFFFFFFFF7B
:106E0000FFFFFFFFFF920000FFFFFFFFFFFFFFFFFD
:106E1000FFFFFFFFFFFFFFFFFFFFFFFFFFFFFFFF82
:106E2000FFFFFFFFFFFFFFFFFFFFFFFFFFFFFFFF72
:106E3000000049DBFFFFFFFFFFFFFFFFFFFFFFFF3A
:106E4000FFFFFFFFFF920000FFFFFFFFFFFFFFFFBD
:106E5000FFFFFFFFFFFFFFFFFFFFFFFFFFFFFFFF42
:106E6000FFFFFFFFFFFFFFFFFFFFFFFFFFFFFFFF32
:106E7000492424B6FFFFFFFFFFFFFFFFFFFFFFFFD7
:106E8000FFFFFFFFFF6D0024FFFFFFFFFFFFFFFF7E
:106E9000FFFFFFFFFFFFFFFFFFFFFFFFFFFFFFFF02
:106EA000FFFFFFFFFFFFFFFFFFFFFFFFFFFFFFFFF2
:106EB00092240092FFFFFFFFFFFFFFFFFFFFFFFF96
:106EC000FFFFFFFFDB490049FFFFFFFFFFFFFFFF61
:106ED000FFFFFFFFFFFFFFFFFFFFFFFFFFFFFFFFC2
:106EE000FFFFFFFFFFFFFFFFFFFFFFFFFFFFFFFFB2
:106EF000FF6D0024FFFFFFFFFFFFFFFFFFFFFFFF0E
:106F0000FFFFFFFF242400B6FFFFFFFFFFFFFFFF8F
:106F1000FFFFFFFFFFFFFFFFFFFFFFFFFFFFFFFF81
:106F2000FFFFFFFFFFFFFFFFFFFFFFFFFFFFFFFF71
:106F3000FF6D0000B6FFFFFFFFFFFFFFFFFFFFFF3A
:106F4000FFFFFFDB000024B6FFFFFFFFFFFFFFFF97
:106F5000FFFFFFFFFFFFFFFFFFFFFFFFFFFFFFFF41
:106F6000FFFFFFFFFFFFFFFFFFFFFFFFFFFFFFFF31
:106F7000FFFF0000006DFFFFFFFFFFFFFFFFFFFFB0
:106F8000FFFFB6490000FFFFFFFFFFFFFFFFFFFF0E
:106F9000FFFFFFFFFFFFFFFFFFFFFFFFFFFFFFFF01
:106FA000FFFFFFFFFFFFFFFFFFFFFFFFFFFFFFFFF1
:106FB000FFFF6D240024B6FFFFFFFFFFFFFFFFFF71
:106FC000FFDB49240049FFFFFFFFFFFFFFFFFFFF3B
:106FD000FFFFFFFFFFFFFFFFFFFFFFFFFFFFFFFFC1
:106FE000FFFFFFFFFFFFFFFFFFFFFFFFFFFFFFFFB1
:106FF000FFFFFFDB00000000DBDBFFFFFFFFFFDB2D
:107000002400000092FFFFFFFFFFFFFFFFFFFFFFD5
:10701000FFFFFFFFFFFFFFFFFFFFFFFFFFFFFFFF80
:10702000FFFFFFFFFFFFFFFFFFFFFFFFFFFFFFFF70
:10703000FFFFFFFF6D2400004949929292926D4933
:1070400024000049FFFFFFFFFFFFFFFFFFFFFFFFDF
:10705000FFFFFFFFFFFFFFFFFFFFFFFFFFFFFFFF40
:10706000FFFFFFFFFFFFFFFFFFFFFFFFFFFFFFFF30
:10707000FFFFFFFFFFFF49240000000000000000A9
:107080000024FFFFFFFFFFFFFFFFFFFFFFFFFFFFEA
:10709000FFFFFFFFFFFFFFFFFFFFFFFFFFFFFFFF00
:1070A000FFFFFFFFFFFFFFFFFFFFFFFFFFFFFFFFF0
:1070B000FFFFFFFFFFFFDBB66D6D24240024496D49
:1070C000B6DBFFFFFFFFFFFFFFFFFFFFFFFFFFFF3D
:1070D000FFFFFFFFFFFFFFFFFFFFFFFFFFFFFFFFC0
:1070E000FFFFFFFFFF6D2400000000000000000014
:1070F0000000000000000000000000000000000090
:10710000000000000000000000000000000000007F
:10711000000000000000000000246DFFFFFFFFFFE3
:10712000FFFFFFFF6D0000000000000000000000F6
:10713000000000000000000000000000000000004F
:10714000000000000000000000000000000000003F
:1071500000000000000000000000006DFFFFFFFFC6
:10716000FFFFFFFF2400244949494949494949494A
:10717000494949494949494949494949494949497F
:10718000494949494949494949494949494949496F
:10719000494949494949494949240024FFFFFFFF1A
:1071A000FFFFFFFF000049FFFFFFFFFFFFFFFFFFA3
:1071B000FFFFFFFFFFFFFFFFFFFFFFFFFFFFFFFFDF
:1071C000FFFFFFFFFFFFFFFFFFFFFFFFFFFFFFFFCF
:1071D000FFFFFFFFFFFFFFFFFF490024FFFFFFFF4F
:1071E000FFFFFFFF000049FFFFFFFFFFFFFFFFFF63
:1071F000FFFFFFFFFFFFFFFFFFFFFFFFFFFFFFFF9F
:10720000FFFFFFFFFFFFFFFFFFFFFFFFFFFFFFFF8E
:10721000FFFFFFFFFFFFFFFFFF490024FFFFFFFF0E
:10722000FFFFFFFF000049FFFFFFFFFFFFFFFFFF22
:10723000FFFFFFFFFFFFFFFFFFFFFFFFFFFFFFFF5E
:10724000FFFFFFFFFFFFFFFFFFFFFFFFFFFFFFFF4E
:10725000FFFFFFFFFFFFFFFFFF490024FFFFFFFFCE
:10726000FFFFFFFF000049FFFFFFFFFFFFFFFFFFE2
:10727000FFFFFFFFFFFFFFFFFFFFFFFFFFFFFFFF1E
:10728000FFFFFFFFFFFFFFFFFFFFFFFFFFFFFFFF0E
:10729000FFFFFFFFFFFFFFFFFF490024FFFFFFFF8E
:1072A000FFFFFFFF000049FFFFFFFFFFFFFFFFFFA2
:1072B000FFFFFFFFFFFFFFFFFFFFFFFFFFFFFFFFDE
:1072C000FFFFFFFFFFFFFFFFFFFFFFFFFFFFFFFFCE
:1072D000FFFFFFFFFFFFFFFFFF490024FFFFFFFF4E
:1072E000FFFFFFFF000049FFFFFFFFFFFFFFFFFF62
:1072F000FFFFFFFFFFFFFFFFFFFFFFFFFFFFFFFF9E
:10730000FFFFFFFFFFFFFFFFFFFFFFFFFFFFFFFF8D
:10731000FFFFFFFFFFFFFFFFFF490024FFFFFFFF0D
:10732000FFFFFFFF000049FFFFFFFFFFFFFFFFFF21
:10733000FFFFFFFFFFFFFFFFFFFFFFFFFFFFFFFF5D
:10734000FFFFFFFFFFFFFFFFFFFFFFFFFFFFFFFF4D
:10735000FFFFFFFFFFFFFFFFFF490024FFFFFFFFCD
:10736000FFFFFFFF000049FFFFFFFFFFFFFFFFFFE1
:10737000FFFFFFFFFFFFFFFFFFFFFFFFFFFFFFFF1D
:10738000FFFFFFFFFFFFFFFFFFFFFFFFFFFFFFFF0D
:10739000FFFFFFFFFFFFFFFFFF490024FFFFFFFF8D
:1073A000FFFFFFFF000049FFFFFFFFFFFFFFFFFFA1
:1073B000FFFFFFFFFFFFFFFFFFFFFFFFFFFFFFFFDD
:1073C000FFFFFFFFFFFFFFFFFFFFFFFFFFFFFFFFCD
:1073D000FFFFFFFFFFFFFFFFFF490024FFFFFFFF4D
:1073E000FFFFFFFF000049FFFFFFFFFFFFFFFFFF61
:1073F000FFFFFFFFFFFFFFFFFFFFFFFFFFFFFFFF9D
:10740000FFFFFFFFFFFFFFFFFFFFFFFFFFFFFFFF8C
:10741000FFFFFFFFFFFFFFFFFF490024FFFFFFFF0C
:10742000FFFFFFFF000049FFFFFFFFFFFFFFFFFF20
:10743000FFFFFFFFFFFFFFFFFFFFFFFFFFFFFFFF5C
:10744000FFFFFFFFFFFFFFFFFFFFFFFFFFFFFFFF4C
:10745000FFFFFFFFFFFFFFFFFF490024FFFFFFFFCC
:10746000FFFFFFFF000049FFFFFFFFFFFFFFFFFFE0
:10747000FFFFFFFFFFFFFFFFFFFFFFFFFFFFFFFF1C
:10748000FFFFFFFFFFFFFFFFFFFFFFFFFFFFFFFF0C
:10749000FFFFFFFFFFFFFFFFFF490024FFFFFFFF8C
:1074A000FFFFFFFF000049FFFFFFFFFFFFFFFFFFA0
:1074B000FFFFFFFFFFFFFFFFFFFFFFFFFFFFFFFFDC
:1074C000FFFFFFFFFFFFFFFFFFFFFFFFFFFFFFFFCC
:1074D000FFFFFFFFFFFFFFFFFF490024FFFFFFFF4C
:1074E000FFFFFFFF000049FFFFFFFFFFFFFFFFFF60
:1074F000FFFFFFFFFFFFFFFFFFFFFFFFFFFFFFFF9C
:10750000FFFFFFFFFFFFFFFFFFFFFFFFFFFFFFFF8B
:10751000FFFFFFFFFFFFFFFFFF490024FFFFFFFF0B
:10752000FFFFFFFF000049FFFFFFFFFFFFFFFFFF1F
:10753000FFFFFFFFFFFFFFFFFFFFFFFFFFFFFFFF5B
:10754000FFFFFFFFFFFFFFFFFFFFFFFFFFFFFFFF4B
:10755000FFFFFFFFFFFFFFFFFF490024FFFFFFFFCB
:10756000FFFFFFFF000049FFFFFFFFFFFFFFFFFFDF
:10757000FFFFFFFFFFFFFFFFFFFFFFFFFFFFFFFF1B
:10758000FFFFFFFFFFFFFFFFFFFFFFFFFFFFFFFF0B
:10759000FFFFFFFFFFFFFFFFFF490024FFFFFFFF8B
:1075A000FFFFFFFF000049FFFFFFFFFFFFFFFFFF9F
:1075B000FFFFFFFFFFFFFFFFFFFFFFFFFFFFFFFFDB
:1075C000FFFFFFFFFFFFFFFFFFFFFFFFFFFFFFFFCB
:1075D000FFFFFFFFFFFFFFFFFF490024FFFFFFFF4B
:1075E000FFFFFFFF000049FFFFFFFFFFFFFFFFFF5F
:1075F000FFFFFFFFFFFFFFFFFFFFFFFFFFFFFFFF9B
:10760000FFFFFFFFFFFFFFFFFFFFFFFFFFFFFFFF8A
:10761000FFFFFFFFFFFFFFFFFF490024FFFFFFFF0A
:10762000FFFFFFFF000049FFFFFFFFFFFFFFFFFF1E
:10763000FFFFFFFFFFFFFFFFFFFFFFFFFFFFFFFF5A
:10764000FFFFFFFFFFFFFFFFFFFFFFFFFFFFFFFF4A
:10765000FFFFFFFFFFFFFFFFFF490024FFFFFFFFCA
:10766000B6496DFF000049FFFFFFFFFFFFFFFFFF6F
:10767000FFFFFFFFFFFFFFFFFFFFFFFFFFFFFFFF1A
:10768000FFFFFFFFFFFFFFFFFFFFFFFFFFFFFFFF0A
:10769000FFFFFFFFFFFFFFFFFF490024FFFFFFFF8A
:1076A00000000092000049FFFFFFFFFFFFFFFFFF08
:1076B000FFFFFFFFFFFFFFFFFFFFFFFFFFFFFFFFDA
:1076C000FFFFFFFFFFFFFFFFFFFFFFFFFFFFFFFFCA
:1076D000FFFFFFFFFFFFFFFFFF490024FFFFFFFF4A
:1076E0006D000024000049FFFFFFFFFFFFFFFFFFC9
:1076F000FFFFFFFFFFFFFFFFFFFFFFFFFFFFFFFF9A
:10770000FFFFFFFFFFFFFFFFFFB6240000000000A8
:10771000000000000000000000000024FFFFFFFF49
:10772000FF490000000049FFFFFFFFFFFFFFFFFFD1
:10773000FFFFFFFFFFFFFFFFFFFFFFFFFFFFFFFF59
:10774000FFFFFFFFFFFFFFFFFF49000000000000F9
:10775000000000000000000000000024FFFFFFFF09
:10776000FF490000000049FFFFFFFFFFFFFFFFFF91
:10777000FFFFFFFFFFFFFFFFFFFFFFFFFFFFFFFF19
:10778000FFFFFFFFFFFFFFFFFF4900004949494995
:107790004949494949494924000024B6FFFFFFFFF0
:1077A000FF490000000049FFFFFFFFFFFFFFFFFF51
:1077B000FFFFFFFFFFFFFFFFFFFFFFFFFFFFFFFFD9
:1077C000FFFFFFFFFFFFFFFFFF490024FFFFFFFF59
:1077D000FFFFFFFFFFFF92240024B6FFFFFFFFFF24
:1077E000FF490000000049FFFFFFFFFFFFFFFFFF11
:1077F000FFFFFFFFFFFFFFFFFFFFFFFFFFFFFFFF99
:10780000FFFFFFFFFFFFFFFFFF490024FFFFFFFF18
:10781000FFFFFFFFFF92000024B6FFFFFFFFFFFF07
:10782000FF490000000049FFFFFFFFFFFFFFFFFFD0
:10783000FFFFFFFFFFFFFFFFFFFFFFFFFFFFFFFF58
:10784000FFFFFFFFFFFFFFFFFF490024FFFFFFFFD8
:10785000FFFFFFFF92240024B6FFFFFFFFFFFFFFA3
:10786000FF490000000049FFFFFFFFFFFFFFFFFF90
:10787000FFFFFFFFFFFFFFFFFFFFFFFFFFFFFFFF18
:10788000FFFFFFFFFFFFFFFFFF490024FFFFFFFF98
:10789000FFFFFF92000024B6FFFFFFFFFFFFFFFF87
:1078A000FF490000000049FFFFFFFFFFFFFFFFFF50
:1078B000FFFFFFFFFFFFFFFFFFFFFFFFFFFFFFFFD8
:1078C000FFFFFFFFFFFFFFFFFF490024FFFFFFFF58
:1078D000FFFF92240024B6FFFFFFFFFFFFFFFFFF23
:1078E000FF490000000049FFFFFFFFFFFFFFFFFF10
:1078F000FFFFFFFFFFFFFFFFFFFFFFFFFFFFFFFF98
:10790000FFFFFFFFFFFFFFFFFF490024FFFFFFFF17
:10791000FF92000024B6FFFFFFFFFFFFFFFFFFFF06
:10792000FF490000000049FFFFFFFFFFFFFFFFFFCF
:10793000FFFFFFFFFFFFFFFFFFFFFFFFFFFFFFFF57
:10794000FFFFFFFFFFFFFFFFFF490024FFFFFFFFD7
:1079500092240024B6FFFFFFFFFFFFFFFFFFFFFFA2
:10796000FF490000000049FFFFFFFFFFFFFFFFFF8F
:10797000FFFFFFFFFFFFFFFFFFFFFFFFFFFFFFFF17
:10798000FFFFFFFFFFFFFFFFFF490024FFFFFF9204
:10799000000024B6FFFFFFFFFFFFFFFFFFFFFFFF19
:1079A000FF490000000049FFFFFFFFFFFFFFFFFF4F
:1079B000FFFFFFFFFFFFFFFFFFFFFFFFFFFFFFFFD7
:1079C000FFFFFFFFFFFFFFFFFF490024FFFF92249F
:1079D0000024B6FFFFFFFFFFFFFFFFFFFFFFFFFFDA
:1079E000FF490000000049FFFFFFFFFFFFFFFFFF0F
:1079F000FFFFFFFFFFFFFFFFFFFFFFFFFFFFFFFF97
:107A0000FFFFFFFFFFFFFFFFFF490024FF92000081
:107A100024B6FFFFFFFFFFFFFFFFFFFFFFFFFFFF9A
:107A2000FF490000000049FFFFFFFFFFFFFFFFFFCE
:107A3000FFFFFFFFFFFFFFFFFFFFFFFFFFFFFFFF56
:107A4000FFFFFFFFFFFFFFFFFF49002492240024F8
:107A5000B6FFFFFFFFFFFFFFFFFFFFFFFFFFFFFF7F
:107A6000FF490000000049FFFFFFFFFFFFFFFFFF8E
:107A7000FFFFFFFFFFFFFFFFFFFFFFFFFFFFFFFF16
:107A8000FFFFFFFFFFFFFFFFFF490000000024B6DC
:107A9000FFFFFFFFFFFFFFFFFFFFFFFFFFFFFFFFF6
:107AA000FF490000000049FFFFFFFFFFFFFFFFFF4E
:107AB000FFFFFFFFFFFFFFFFFFFFFFFFFFFFFFFFD6
:107AC000FFFFFFFFFFFFFFFFFF4900000024B6FF9D
:107AD000FFFFFFFFFFFFFFFFFFFFFFFFFFFFFFFFB6
:107AE000FF4900002400000000000000000000002A
:107AF0000000000000000000000000000000000086
:107B000000000000000000000000000024B6FFFF9D
:107B1000FFFFFFFFFFFFFFFFFFFFFFFFFFFFFFFF75
:107B2000FF4900009200000000000000000000007B
:107B30000000000000000000000000000000000045
:107B4000000000000000000000000024B6FFFFFF5E
:107B5000FFFFFFFFFFFFFFFFFFFFFFFFFFFFFFFF35
:107B6000FF490000FFB6494949494949494949493E
:107B70004949494949494949494949494949494975
:107B80004949494949494949494949B6FFFFFFFF20
:107B9000FFFFFFFFFFFFFFFFFFFFFFFFFFFFFFFFF5
:107BA000FF490000FFFFFFFFFFFFFFFFFFFFFFFF99
:107BB000FFFFFFFFFFFFFFFFFFFFFFFFFFFFFFFFD5
:107BC000FFFFFFFFFFFFFFFFFFFFFFFFFFFFFFFFC5
:107BD000FFFFFFFFFFFFFFFFFFFFFFFFFFFFFFFFB5
:107BE000FF490000FFFFFFFFFFFFFFFFFFFFFFFF59
:107BF000FFFFFFFFFFFFFFFFFFFFFFFFFFFFFFFF95
:107C0000FFFFFFFFFFFFFFFFFFFFFFFFFFFFFFFF84
:107C1000FFFFFFFFFFFFFFFFFFFFFFFFFFFFFFFF74
:107C2000FF490000FFFFFFFFFFFFFFFFFFFFFFFF18
:107C3000FFFFFFFFFFFFFFFFFFFFFFFFFFFFFFFF54
:107C4000FFFFFFFFFFFFFFFFFFFFFFFFFFFFFFFF44
:107C5000FFDB49494949494949494949494949494C
:107C600049240000FFFFFFFFFFFFFFFFFFDBFFFFD7
:107C7000FFFFFFFFFFFFFFFFFFFFFFFFFFFFFFFF14
:107C8000FFFFFFFFFFFFFFFFFFFFFFFFFFFFFFFF04
:107C9000FF4900000000000000000000000000009C
:107CA00000000024FFFFFFFFFFFFFFFF492492FFBA
:107CB000FFFFFFFFFFFFFFFFFFFFFFFFFFFFFFFFD4
:107CC000FFFFFFFFFFFFFFFFFFFFFFFFFFFFFFFFC4
:107CD000FF4900000000000000000000000000005C
:107CE00000000092FFFFFFFFFFFFFFFF000049FFC2
:107CF000FFFFFFFFFFFFFFFFFFFFFFFFFFFFFFFF94
:107D0000FFFFFFFFFFFFFFFFFFFFFFFFFFFFFFFF83
:107D1000FF490024FFFFFFFFFFFFFFFFFFFFDB2402
:107D200000006DFFFFFFFFFFFFFFFFFF000049FFA7
:107D3000FFFFFFFFFFFFFFFFFFFFFFFFFFFFFFFF53
:107D4000FFFFFFFFFFFFFFFFFFFFFFFFFFFFFFFF43
:107D5000FF490024FFFFFFFFFFFFFFFFFFB62400E6
:107D60000092FFFFFFFFFFFFFFFFFFFF000049FF43
:107D7000FFFFFFFFFFFFFFFFFFFFFFFFFFFFFFFF13
:107D8000FFFFFFFFFFFFFFFFFFFFFFFFFFFFFFFF03
:107D9000FF490024FFFFFFFFFFFFFFFFDB24000080
:107DA0006DFFFFFFFFFFFFFFFFFFFFFF000049FF29
:107DB000FFFFFFFFFFFFFFFFFFFFFFFFFFFFFFFFD3
:107DC000FFFFFFFFFFFFFFFFFFFFFFFFFFFFFFFFC3
:107DD000FF490024FFFFFFFFFFFFFFDB24000092AD
:107DE000FFFFFFFFFFFFFFFFFFFFFFFF000049FF57
:107DF000FFFFFFFFFFFFFFFFFFFFFFFFFFFFFFFF93
:107E0000FFFFFFFFFFFFFFFFFFFFFFFFFFFFFFFF82
:107E1000FF490024FFFFFFFFFFFFDB2400006DFF91
:107E2000FFFFFFFFFFFFFFFFFFFFFFFF000049FF16
:107E3000FFFFFFFFFFFFFFFFFFFFFFFFFFFFFFFF52
:107E4000FFFFFFFFFFFFFFFFFFFFFFFFFFFFFFFF42
:107E5000FF490024FFFFFFFFFFDB24000092FFFF2C
:107E6000FFFFFFFFFFFFFFFFFFFFFFFF000049FFD6
:107E7000FFFFFFFFFFFFFFFFFFFFFFFFFFFFFFFF12
:107E8000FFFFFFFFFFFFFFFFFFFFFFFFFFFFFFFF02
:107E9000FF490024FFFFFFFFDB2400006DFFFFFF11
:107EA000FFFFFFFFFFFFFFFFFFFFFFFF000049FF96
:107EB000FFFFFFFFFFFFFFFFFFFFFFFFFFFFFFFFD2
:107EC000FFFFFFFFFFFFFFFFFFFFFFFFFFFFFFFFC2
:107ED000FF490024FFFFFFDB24000092FFFFFFFFAC
:107EE000FFFFFFFFFFFFFFFFFFFFFFFF000049FF56
:107EF000FFFFFFFFFFFFFFFFFFFFFFFFFFFFFFFF92
:107F0000FFFFFFFFFFFFFFFFFFFFFFFFFFFFFFFF81
:107F1000FF490024FFFFDB2400006DFFFFFFFFFF90
:107F2000FFFFFFFFFFFFFFFFFFFFFFFF000049FF15
:107F3000FFFFFFFFFFFFFFFFFFFFFFFFFFFFFFFF51
:107F4000FFFFFFFFFFFFFFFFFFFFFFFFFFFFFFFF41
:107F5000FF490024FFDB24000092FFFFFFFFFFFF2B
:107F6000FFFFFFFFFFFFFFFFFFFFFFFF000049FFD5
:107F7000FFFFFFFFFFFFFFFFFFFFFFFFFFFFFFFF11
:107F8000FFFFFFFFFFFFFFFFFFFFFFFFFFFFFFFF01
:107F9000FF490024DB2400006DFFFFFFFFFFFFFF10
:107FA000FFFFFFFFFFFFFFFFFFFFFFFF000049FF95
:107FB000FFFFFFFFFFFFFFFFFFFFFFFFFFFFFFFFD1
:107FC000FFFFFFFFFFFFFFFFFFFFFFFFFFFFFFFFC1
:107FD000FF49002424000092FFFFFFFFFFFFFFFF87
:107FE000FFFFFFFFFFFFFFFFFFFFFFFF000049FF55
:107FF000FFFFFFFFFFFFFFFFFFFFFFFFFFFFFFFF91
:10800000FFFFFFFFFFFFFFFFFFFFFFFFFFFFFFFF80
:10801000FF49000000006DFFFFFFFFFFFFFFFFFFB4
:10802000FFFFFFFFFFFFFFFFFFFFFFFF24002449CB
:1080300049494949494949494949494949494949B0
:1080400049494949494949494949494949494949A0
:10805000492400000092FFFFFFFFFFFFFFFFFFFF2B
:10806000FFFFFFFFFFFFFFFFFFFFFFFF6D000000AF
:108070000000000000000000000000000000000000
:1080800000000000000000000000000000000000F0
:10809000000000006DFFFFFFFFFFFFFFFFFFFFFF7E
:1080A000FFFFFFFFFFFFFFFFFFFFFFFFFF6D242428
:1080B0002424242424242424242424242424242480
:1080C0002424242424242424242424242424242470
:1080D00024242492FFFFFFFFFFFFFFFFFFFFFFFFAE
:1080E000FFFFFFFFFFB649000000000092FFFFFF07
:1080F000FFFFFFFFFFFFFFFFFFFFFFFFFFFFFFFF90
:10810000FFFFFFFFFFFFFFFFFFFFFFFFFFFFFFFF7F
:10811000FFFFFFFFFFFFFFFFFFFFFFFFFFFFFFFF6F
:10812000FFFFFFFFB62400000000000024DBFFFF7C
:10813000FFFFFFFFFFFFFFFFFFFFFFFFFFFFFFFF4F
:10814000FFFFFFFFFFFFFFFFFFFFFFFFFFFFFFFF3F
:10815000FFFFFFFFFFFFFFFFFFFFFFFFFFFFFFFF2F
:10816000FFFFFFFF4900244949494924006DFFFFF3
:10817000FFFFFFFFFFFFFFFFFFFFFFFFFFFFFFFF0F
:10818000FFFFFFFFFFFFFFFFFFFFFFFFFFFFFFFFFF
:10819000FFFFFFFFFFFFFFFFFFFFFFFFFFFFFFFFEF
:1081A000FFFFFFFF000049FFFFFFFF490000B6FF90
:1081B000FFFFFFFFFFFFFFFFFFFFFFFFFFFFFFFFCF
:1081C000FFFFFFFFFFFFFFFFFFFFFFFFFFFFFFFFBF
:1081D000FFFFFFFFFFFFFFFFFFFFFFFFFFFFFFFFAF
:1081E000FFFFFFFF000049FFFFFFFFDB000049FF2B
:1081F000FFFFFFFFFFFFFFFFFFFFFFFFFFFFFFFF8F
:10820000FFFFFFFFFFFFFFFFFFFFFFFFFFFFFFFF7E
:10821000FFFFFFFFFFFFFFFFFFFFFFFFFFFFFFFF6E
:10822000FFFFFFFF000049FFFFFFFFFF6D0024B6C7
:10823000FFFFFFFFFFFFFFFFFFFFFFFFFFFFFFFF4E
:10824000FFFFFFFFFFFFFFFFFFFFFFFFFFFFFFFF3E
:10825000FFFFFFFFFFFFFFFFFFFFFFFFFFFFFFFF2E
:10826000FFFFFFFF000049FFFFFFFFFFDB240024AB
:10827000FFFFFFFFFFFFFFFFFFFFFFFFFFFFFFFF0E
:10828000FFFFFFFFFFFFFFFFFFFFFFFFFFFFFFFFFE
:10829000FFFFFFFFFFFFFFFFFFFFFFFFFFFFFFFFEE
:1082A000FFFFFFFF000049FFFFFFFFFFFF6D000022
:1082B00092FFFFFFFFFFFFFFFFFFFFFFFFFFFFFF3B
:1082C000FFFFFFFFFFFFFFFFFFFFFFFFFFFFFFFFBE
:1082D000FFFFFFFFFFFFFFFFFFFFFFFFFFFFFFFFAE
:1082E000FFFFFFFF000049FFFFFFFFFFFFFF24002C
:1082F00024FFFFFFFFFFFFFFFFFFFFFFFFFFFFFF69
:10830000FFFFFFFFFFFFFFFFFFFFFFFFFFFFFFFF7D
:10831000FFFFFFFFFFFFFFFFFFFFFFFFFFFFFFFF6D
:10832000FFFFFFFF000049FFFFFFFFFFFFFF92007D
:108330000092FFFFFFFFFFFFFFFFFFFFFFFFFFFFB9
:10834000FFFFFFFFFFFFFFFFFFFFFFFFFFFFFFFF3D
:10835000FFFFFFFFFFFFFFFFFFFFFFFFFFFFFFFF2D
:10836000FFFFFFFF000049FFFFFFFFFFFFFFFF24AC
:108370000024DBFFFFFFFFFFFFFFFFFFFFFFFFFF0B
:10838000FFFFFFFFFFFFFFFFFFFFFFFFFFFFFFFFFD
:10839000FFFFFFFFFFFFFFFFFFFFFFFFFFFFFFFFED
:1083A000FFFFFFFF000049FFFFFFFFFFFFFFFF92FE
:1083B00000006DFFFFFFFFFFFFFFFFFFFFFFFFFF5D
:1083C000FFFFFFFFFFFFFFFFFFFFFFFFFFFFFFFFBD
:1083D000FFFFFFFFFFFFFFFFFFFFFFFFFFFFFFFFAD
:1083E000FFFFFFFF000049FFFFFFFFFFFFFFFFFF51
:1083F000490024DBFFFFFFFFFFFFFFFFFFFFFFFF41
:10840000FFFFFFFFFFFFFFFFFFFFFFFFFFFFFFFF7C
:10841000FFFFFFFFFFFFFFFFFFFFFFFFFFFFFFFF6C
:10842000FFFFFFFF000049FFFFFFFFFFFFFFFFFF10
:10843000DB240049FFFFFFFFFFFFFFFFFFFFFFFF00
:10844000FFFFFFFFFFFFFFFFFFFFFFFFFFFFFFFF3C
:10845000FFFFFFFFFFFFFFFFFFFFFFFFFFFFFFFF2C
:10846000FFFFFFFF000049FFFFFFFFFFFFFFFFFFD0
:10847000FF490000B6FFFFFFFFFFFFFFFFFFFFFF09
:10848000FFFFFFFFFFFFFFDBDBDBDBDBDBDBDBDB40
:10849000DBDBDBDBDBDBDBDBFFFFFFFFFFFFFFFF0C
:1084A000FFFFFFFF000049FFFFFFFFFFFFFFFFFF90
:1084B000FFDB000049FFFFFFFFFFFFFFFFFFFFFFA4
:1084C000FFFFFFB66D4924242400000000000000D7
:1084D00000000000000000244992FFFFFFFFFFFFA3
:1084E000FFFFFFFF000049FFFFFFFFFFFFFFFFFF50
:1084F000FFFF6D0000B6FFFFFFFFFFFFFFFFFFFF65
:10850000B64900000000000000000000000000006C
:108510000000000000000000000024B6FFFFFFFF85
:10852000FFFFFFFF000049FFFFFFFFFFFFFFFFFF0F
:10853000FFFFDB240024FFFFFFFFFFFFFFFF6D2491
:108540000000000000244992B6B6DBDBDBDBDBDB9E
:10855000DBDBDBDBDBDBB66D2400000049FFFFFF6C
:10856000FFFFFFFF000049FFFFFFFFFFFFFFFFFFCF
:10857000FFFFFF6D000092FFFFFFFFFF922400004E
:1085800000244992DBFFFFFFFFFFFFFFFFFFFFFF1C
:10859000FFFFFFFFFFFFFFFFFF9224000024DBFF30
:1085A000FFFFFFFF000049FFFFFFFFFFFFFFFFFF8F
:1085B000FFFFFFFF240024DBFFFFDB490000002456
:1085C00092DBFFFFFFFFFFFFFFFFFFFFFFFFFFFF4C
:1085D000FFFFFFFFFFFFFFFFFFFFDB49000024DB82
:1085E000FFFFFFFF000049FFFFFFFFFFFFFFFFFF4F
:1085F000FFFFFFFFB6000092FFB62400002492FFA9
:10860000FFFFFFFFFFFFFFFFFFFFFFFFFFFFFFFF7A
:10861000FFFFFFFFFFFFFFFFFFFFFFFF6D000049B0
:10862000FFFFFFFF000049FFFFFFFFFFFFFFFFFF0E
:10863000FFFFFFFFFF4900246D2400006DDBFFFFFB
:10864000FFFFFFFFFFFFFFFFFFFFFFFFFFFFFFFF3A
:10865000FFFFFFFFFFFFFFFFFFFFFFFFFF490000DE
:108660006DFFFFFF000049FFFFFFFFFFFFFFFFFF60
:10867000FFFFFFFFFFB6000000002492FFFFFFFF97
:10868000FFFFFFFFFFFFFFFFFFFFFFFFFFFFFFFFFA
:10869000FFFFFFFFFFFFFFFFFFFFFFFFFFFF2400C4
:1086A00024DBFFFF000049FFFFFFFFFFFFFFFFFF8D
:1086B000FFFFFFFFFFFF49000024B6FFFFFFFFFFA2
:1086C000FFFFFFFFFFFFFFFFFFFFFFFFFFFFFFFFBA
:1086D000FFFFFFFFFFFFFFFFFFFFFFFFFFFFB624CE
:1086E0000049FFFF000049FFFFFFFFFFFFFFFFFF03
:1086F000FFFFFFFFFFFFDB2424B6FFFFFFFFFFFFAD
:10870000FFFFFFFFFFFFFFFFFFFFFFFFFFFFFFFF79
:10871000FFFFFFFFFFFFFFFFFFFFFFFFFFFFFF491F
:108720000000B6FF000049FFFFFFFFFFFFFFFFFF54
:10873000FFFFFFFFFFFFFFDBDBFFFFFFFFFFFFFF91
:10874000FFFFFFFFFFFFFFFFFFFFFFFFFFFFFFFF39
:10875000FFFFFFFFFFFFFFFFFFFFFFFFFFFFFFDB4D
:10876000000049FF000049FFFFFFFFFFFFFFFFFF81
:10877000FFFFFFFFFFFFFFFFFFFFFFFFFFFFFFFF09
:10878000FFFFFFFFFFFFFFFFFFFFFFFFFFFFFFFFF9
:10879000FFFFFFFFFFFFFFFFFFFFFFFFFFFFFFFFE9
:1087A000490024DB000049FFFFFFFFFFFFFFFFFF41
:1087B000FFFFFFFFFFFFFFFFFFFFFFFFFFFFFFFFC9
:1087C000FFFFFFFFFFFFFFFFFFFFFFFFFFFFFFFFB9
:1087D000FFFFFFFFFFFFFFFFFFFFFFFFFFFFFFFFA9
:1087E000B60000B6000049FFFFFFFFFFFFFFFFFFDD
:1087F000FFFFFFFFFFFFFFFFFFFFFFFFFFFFFFFF89
:10880000FFFFFFFFFFFFFFFFFFFFFFFFFFFFFFFF78
:10881000FFFFFFFFFFFFFFFFFFFFFFFFFFFFFFFF68
:10882000DB240092000049FFFFFFFFFFFFFFFFFF77
:10883000FFFFFFFFFFFFFFFFFFFFFFFFFFFFFFFF48
:10884000FFFFFFFFFFFFFFFFFFFFFFFFFFFFFFFF38
:10885000FFFFFFFFFFFFFFFFFFFFFFFFFFFFFFFF28
:10886000FF240049000049FFFFFFFFFFFFFFFFFF5C
:10887000FFFFFFFFFFFFFFFFFFFFFFFFFFFFFFFF08
:10888000FFFFFFFFFFFFFFFFFFFFFFFFFFFFFFFFF8
:10889000FFFFFFFFFFFFFFFFFFFFFFFFFFFFFFFFE8
:1088A000FF490024000049FFFFFFFFFFFFFFFFFF1C
:1088B000FFFFFFFFFFFFFFFFFFFFFFFFFFFFFFFFC8
:1088C000FFFFFFFFFFFFFFFFFFFFFFFFFFFFFFFFB8
:1088D000FFFFFFFFFFFFFFFFFFFFFFFFFFFFFFFFA8
:1088E000FF490024000049FFFFFFFFFFFFFFFFFFDC
:1088F000FFFFFFFFFFFFFFFFFFFFFFFFFFFFFFFF88
:10890000FFFFFFFFFFFFFFFFFFFFFFFFFFFFFFFF77
:10891000FFFFFFFFFFFFFFFFFFFFFFFFFFFFFFFF67
:10892000FF490024000049FFFFFFFFFFFFFFFFFF9B
:10893000FFFFFFFFFFFFFFFFFFFFFFFFFFFFFFFF47
:10894000FFFFFFFFFFFFFFFFFFFFFFFFFFFFFFFF37
:10895000FFFFFFFFFFFFFFFFFFFFFFFFFFFFFFFF27
:10896000FF490024000049FFFFFFFFFFFFFFFFFF5B
:10897000FFFFFFFFFFFFFFFFFFFFFFFFFFFFFFFF07
:10898000FFFFFFFFFFFFFFFFFFFFFFFFFFFFFFFFF7
:10899000FFFFFFFFFFFFFFFFFFFFFFFFFFFFFFFFE7
:1089A000FF240049000049FFFFFFFFFFFFFFFFFF1B
:1089B000FFFFFFFFFFFFFFFFFFFFFFFFFFFFFFFFC7
:1089C000FFFFFFFFFFFFFFFFFFFFFFFFFFFFFFFFB7
:1089D000FFFFFFFFFFFFFFFFFFFFFFFFFFFFFFFFA7
:1089E000DB240092000049FFFFFFFFFFFFFFFFFFB6
:1089F000FFFFFFFFFFFFFFFFFFFFFFFFFFFFFFFF87
:108A0000FFFFFFFFFFFFFFFFFFFFFFFFFFFFFFFF76
:108A1000FFFFFFFFFFFFFFFFFFFFFFFFFFFFFFFF66
:108A2000B60000B6000049FFFFFFFFFFFFFFFFFF9A
:108A3000FFFFFFFFFFFFFFFFFFFFFFFFFFFFFFFF46
:108A4000FFFFFFFFFFFFFFFFFFFFFFFFFFFFFFFF36
:108A5000FFFFFFFFFFFFFFFFFFFFFFFFFFFFFFFF26
:108A6000490024DB000049FFFFFFFFFFFFFFFFFF7E
:108A7000FFFFFFFFFFFFFFDBDBFFFFFFFFFFFFFF4E
:108A8000FFFFFFFFFFFFFFFFFFFFFFFFFFFFFFFFF6
:108A9000FFFFFFFFFFFFFFFFFFFFFFFFFFFFFFDB0A
:108AA000000049FF000049FFFFFFFFFFFFFFFFFF3E
:108AB000FFFFFFFFFFFFDB2424B6FFFFFFFFFFFFE9
:108AC000FFFFFFFFFFFFFFFFFFFFFFFFFFFFFFFFB6
:108AD000FFFFFFFFFFFFFFFFFFFFFFFFFFFFFF495C
:108AE0000000B6FF000049FFFFFFFFFFFFFFFFFF91
:108AF000FFFFFFFFFFFF49000024B6FFFFFFFFFF5E
:108B0000FFFFFFFFFFFFFFFFFFFFFFFFFFFFFFFF75
:108B1000FFFFFFFFFFFFFFFFFFFFFFFFFFFFB62489
:108B20000049FFFF000049FFFFFFFFFFFFFFFFFFBE
:108B3000FFFFFFFFFFB6000000002492FFFFFFFFD2
:108B4000FFFFFFFFFFFFFFFFFFFFFFFFFFFFFFFF35
:108B5000FFFFFFFFFFFFFFFFFFFFFFFFFFFF2400FF
:108B600024DBFFFF000049FFFFFFFFFFFFFFFFFFC8
:108B7000FFFFFFFFFF4900246D2400006DDBFFFFB6
:108B8000FFFFFFFFFFFFFFFFFFFFFFFFFFFFFFFFF5
:108B9000FFFFFFFFFFFFFFFFFFFFFFFFFF49000099
:108BA0006DFFFFFF000049FFFFFFFFFFFFFFFFFF1B
:108BB000FFFFFFFFB6000092FFB62400002492FFE3
:108BC000FFFFFFFFFFFFFFFFFFFFFFFFFFFFFFFFB5
:108BD000FFFFFFFFFFFFFFFFFFFFFFFF6D000049EB
:108BE000FFFFFFFF000049FFFFFFFFFFFFFFFFFF49
:108BF000FFFFFFFF240024DBFFFFDB490000002410
:108C000092DBFFFFFFFFFFFFFFFFFFFFFFFFFFFF05
:108C1000FFFFFFFFFFFFFFFFFFFFDB49000024DB3B
:108C2000FFFFFFFF000049FFFFFFFFFFFFFFFFFF08
:108C3000FFFFFF6D000092FFFFFFFFFF9224000087
:108C400000244992DBFFFFFFFFFFFFFFFFFFFFFF55
:108C5000FFFFFFFFFFFFFFFFFF9224000024DBFF69
:108C6000FFFFFFFF000049FFFFFFFFFFFFFFFFFFC8
:108C7000FFFFDB240024FFFFFFFFFFFFFFFF6D244A
:108C80000000000000244992B6B6DBDBDBDBDBDB57
:108C9000DBDBDBDBDBDBB66D2400000049FFFFFF25
:108CA000FFFFFFFF000049FFFFFFFFFFFFFFFFFF88
:108CB000FFFF6D0000B6FFFFFFFFFFFFFFFFFFFF9D
:108CC000B6490000000000000000000000000000A5
:108CD0000000000000000000000024B6FFFFFFFFBE
:108CE000FFFFFFFF000049FFFFFFFFFFFFFFFFFF48
:108CF000FFDB000049FFFFFFFFFFFFFFFFFFFFFF5C
:108D0000FFFFFFB66D49242424000000000000008E
:108D100000000000000000244992FFFFFFFFFFFF5A
:108D2000FFFFFFFF000049FFFFFFFFFFFFFFFFFF07
:108D3000FF490000B6FFFFFFFFFFFFFFFFFFFFFF40
:108D4000FFFFFFFFFFFFFFDBDBDBDBDBDBDBDBDB77
:108D5000DBDBDBDBDBDBDBDBFFFFFFFFFFFFFFFF43
:108D6000FFFFFFFF000049FFFFFFFFFFFFFFFFFFC7
:108D7000DB240049FFFFFFFFFFFFFFFFFFFFFFFFB7
:108D8000FFFFFFFFFFFFFFFFFFFFFFFFFFFFFFFFF3
:108D9000FFFFFFFFFFFFFFFFFFFFFFFFFFFFFFFFE3
:108DA000FFFFFFFF000049FFFFFFFFFFFFFFFFFF87
:108DB000490024DBFFFFFFFFFFFFFFFFFFFFFFFF77
:108DC000FFFFFFFFFFFFFFFFFFFFFFFFFFFFFFFFB3
:108DD000FFFFFFFFFFFFFFFFFFFFFFFFFFFFFFFFA3
:108DE000FFFFFFFF000049FFFFFFFFFFFFFFFF92B4
:108DF00000006DFFFFFFFFFFFFFFFFFFFFFFFFFF13
:108E0000FFFFFFFFFFFFFFFFFFFFFFFFFFFFFFFF72
:108E1000FFFFFFFFFFFFFFFFFFFFFFFFFFFFFFFF62
:108E2000FFFFFFFF000049FFFFFFFFFFFFFFFF24E1
:108E30000024DBFFFFFFFFFFFFFFFFFFFFFFFFFF40
:108E4000FFFFFFFFFFFFFFFFFFFFFFFFFFFFFFFF32
:108E5000FFFFFFFFFFFFFFFFFFFFFFFFFFFFFFFF22
:108E6000FFFFFFFF000049FFFFFFFFFFFFFF920032
:108E70000092FFFFFFFFFFFFFFFFFFFFFFFFFFFF6E
:108E8000FFFFFFFFFFFFFFFFFFFFFFFFFFFFFFFFF2
:108E9000FFFFFFFFFFFFFFFFFFFFFFFFFFFFFFFFE2
:108EA000FFFFFFFF000049FFFFFFFFFFFFFF240060
:108EB00024FFFFFFFFFFFFFFFFFFFFFFFFFFFFFF9D
:108EC000FFFFFFFFFFFFFFFFFFFFFFFFFFFFFFFFB2
:108ED000FFFFFFFFFFFFFFFFFFFFFFFFFFFFFFFFA2
:108EE000FFFFFFFF000049FFFFFFFFFFFF6D0000D6
:108EF00092FFFFFFFFFFFFFFFFFFFFFFFFFFFFFFEF
:108F0000FFFFFFFFFFFFFFFFFFFFFFFFFFFFFFFF71
:108F1000FFFFFFFFFFFFFFFFFFFFFFFFFFFFFFFF61
:108F2000FFFFFFFF000049FFFFFFFFFFDB240024DE
:108F3000FFFFFFFFFFFFFFFFFFFFFFFFFFFFFFFF41
:108F4000FFFFFFFFFFFFFFFFFFFFFFFFFFFFFFFF31
:108F5000FFFFFFFFFFFFFFFFFFFFFFFFFFFFFFFF21
:108F6000FFFFFFFF000049FFFFFFFFFF6D0024B67A
:108F7000FFFFFFFFFFFFFFFFFFFFFFFFFFFFFFFF01
:108F8000FFFFFFFFFFFFFFFFFFFFFFFFFFFFFFFFF1
:108F9000FFFFFFFFFFFFFFFFFFFFFFFFFFFFFFFFE1
:108FA000FFFFFFFF000049FFFFFFFFDB240049FF39
:108FB000FFFFFFFFFFFFFFFFFFFFFFFFFFFFFFFFC1
:108FC000FFFFFFFFFFFFFFFFFFFFFFFFFFFFFFFFB1
:108FD000FFFFFFFFFFFFFFFFFFFFFFFFFFFFFFFFA1
:108FE000FFFFFFFF000049FFFFFFFF490000B6FF42
:108FF000FFFFFFFFFFFFFFFFFFFFFFFFFFFFFFFF81
:10900000FFFFFFFFFFFFFFFFFFFFFFFFFFFFFFFF70
:10901000FFFFFFFFFFFFFFFFFFFFFFFFFFFFFFFF60
:10902000FFFFFFFF4900244949494924006DFFFF24
:10903000FFFFFFFFFFFFFFFFFFFFFFFFFFFFFFFF40
:10904000FFFFFFFFFFFFFFFFFFFFFFFFFFFFFFFF30
:10905000FFFFFFFFFFFFFFFFFFFFFFFFFFFFFFFF20
:10906000FFFFFFFFB62400000000000024DBFFFF2D
:10907000FFFFFFFFFFFFFFFFFFFFFFFFFFFFFFFF00
:10908000FFFFFFFFFFFFFFFFFFFFFFFFFFFFFFFFF0
:10909000FFFFFFFFFFFFFFFFFFFFFFFFFFFFFFFFE0
:1090A000FFFFFFFFFFB649000000000092FFFFFF37
:1090B000FFFFFFFFFFFFFFFFFFFFFFFFFFFFFFFFC0
:1090C000FFFFFFFFFFFFFFFFFFFFFFFFFFFFFFFFB0
:1090D000FFFFFFFFFFFFFFFFFFFFFFFFFFFFFFFFA0
:1090E000FFFFFFFFFFB649000000000092FFFFFFF7
:1090F000FFFFFFFFFFFFFFFFFFFFFFFFFFFFFFFF80
:10910000FFFFFFFFFFFFFFFFFFFFFFFFFFFFFFFF6F
:10911000FFFFFFFFFFFFFFFFFFFFFFFFFFFFFFFF5F
:10912000FFFFFFFFB62400000000000024DBFFFF6C
:10913000FFFFFFFFFFFFFFFFFFFFFFFFFFFFFFFF3F
:10914000FFFFFFFFFFFFFFFFFFFFFFFFFFFFFFFF2F
:10915000FFFFFFFFFFFFFFFFFFFFFFFFFFFFFFFF1F
:10916000FFFFFFFF4900244949494924006DFFFFE3
:10917000FFFFFFFFFFFFFFFFFFFFFFFFFFFFFFFFFF
:10918000FFFFFFFFFFFFFFFFFFFFFFFFFFFFFFFFEF
:10919000FFFFFFFFFFFFFFFFFFFFFFFFFFFFFFFFDF
:1091A000FFFFFFFF000049FFFFFFFF490000B6FF80
:1091B000FFFFFFFFFFFFFFFFFFFFFFFFFFFFFFFFBF
:1091C000FFFFFFFFFFFFFFFFFFFFFFFFFFFFFFFFAF
:1091D000FFFFFFFFFFFFFFFFFFFFFFFFFFFFFFFF9F
:1091E000FFFFFFFF000049FFFFFFFFDB240049FFF7
:1091F000FFFFFFFFFFFFFFFFFFFFFFFFFFFFFFFF7F
:10920000FFFFFFFFFFFFFFFFFFFFFFFFFFFFFFFF6E
:10921000FFFFFFFFFFFFFFFFFFFFFFFFFFFFFFFF5E
:10922000FFFFFFFF000049FFFFFFFFFF6D0024B6B7
:10923000FFFFFFFFFFFFFFFFFFFFFFFFFFFFFFFF3E
:10924000FFFFFFFFFFFFFFFFFFFFFFFFFFFFFFFF2E
:10925000FFFFFFFFFFFFFFFFFFFFFFFFFFFFFFFF1E
:10926000FFFFFFFF000049FFFFFFFFFFDB2400249B
:10927000FFFFFFFFFFFFFFFFFFFFFFFFFFFFFFFFFE
:10928000FFFFFFFFFFFFFFFFFFFFFFFFFFFFFFFFEE
:10929000FFFFFFFFFFFFFFFFFFFFFFFFFFFFFFFFDE
:1092A000FFFFFFFF000049FFFFFFFFFFFF6D000012
:1092B00092FFFFFFFFFFFFFFFFFFFFFFFFFFFFFF2B
:1092C000FFFFFFFFFFFFFFFFFFFFFFFFFFFFFFFFAE
:1092D000FFFFFFFFFFFFFFFFFFFFFFFFFFFFFFFF9E
:1092E000FFFFFFFF000049FFFFFFFFFFFFFF24001C
:1092F00024DBFFFFFFFFFFFFFFFFFFFFFFFFFFFF7D
:10930000FFFFFFFFFFFFFFFFFFFFFFFFFFFFFFFF6D
:10931000FFFFFFFFFFFFFFFFFFFFFFFFFFFFFFFF5D
:10932000FFFFFFFF000049FFFFFFFFFFFFFFB60049
:10933000006DFFFFFFFFFFFFFFFFFFFFFFFFFFFFCE
:10934000FFFFFFFFFFFFFFFFFFFFFFFFFFFFFFFF2D
:10935000FFFFFFFFFFFFFFFFFFFFFFFFFFFFFFFF1D
:10936000FFFFFFFF000049FFFFFFFFFFFFFFFF4977
:109370000000DBFFFFFFFFFFFFFFFFFFFFFFFFFF1F
:10938000FFFFFFFFFFFFFFFFFFFFFFFFFFFFFFFFED
:10939000FFFFFFFFFFFFFFFFFFFFFFFFFFFFFFFFDD
:1093A000FFFFFFFF000049FFFFFFFFFFFFFFFFB6CA
:1093B000000049FFFFFFFFFFFFFFFFFFFFFFFFFF71
:1093C000FFFFFFFFFFFFFFFFFFFFFFFFFFFFFFFFAD
:1093D000FFFFFFFFFFFFFFFFFFFFFFFFFFFFFFFF9D
:1093E000FFFFFFFF000049FFFFFFFFFFFFFFFFFF41
:1093F000490024DBFFFFFFFFFFFFFFFFFFFFFFFF31
:10940000FFFFFFFFFFFFFFFFFFFFFFFFFFFFFFFF6C
:10941000FFFFFFFFFFFFFFFFFFFFFFFFFFFFFFFF5C
:10942000FFFFFFFF000049FFFFFFFFFFFFFFFFFF00
:10943000DB240049FFFFFFFFFFFFFFFFFFFFFFFFF0
:10944000FFFFFFFFFFFFFFFFFFFFFFFFFFFFFFFF2C
:10945000FFFFFFFFFFFFFFFFFFFFFFFFFFFFFFFF1C
:10946000FFFFFFFF000049FFFFFFFFFFFFFFFFFFC0
:10947000FF490000B6FFFFFFFFFFFFFFFFFFFFFFF9
:10948000FFFFFFFFFFFFFFDBDBDBDBDBDBDBDBDB30
:10949000DBDBDBDBDBDBDBDBFFFFFFFFFFFFFFFFFC
:1094A000FFFFFFFF000049FFFFFFFFFFFFFFFFFF80
:1094B000FFDB240049FFFFFFFFFFFFFFFFFFFFFF70
:1094C000FFFFDB926D49242424000000000000000F
:1094D00000000000000000002449DBFFFFFFFFFF49
:1094E000FFFFFFFF000049FFFFFFFFFFFFFFFFFF40
:1094F000FFFF920000B6FFFFFFFFFFFFFFFFFFDB54
:10950000B64900000000000000000000000000005C
:1095100000000000000000000000246DFFFFFFFFBE
:10952000FFFFFFFF000049FFFFFFFFFFFFFFFFFFFF
:10953000FFFFDB240024FFFFFFFFFFFFFFDB4924C9
:109540000000000000246D92B6B6DBDBDBDBDBDB6A
:10955000DBDBDBDBDBDBDB924900000024DBFFFF36
:10956000FFFFFFFF000049FFFFFFFFFFFFFFFFFFBF
:10957000FFFFFF9200006DFFFFFFFFFF6D24000063
:1095800000244992DBFFFFFFFFFFFFFFFFFFFFFF0C
:10959000FFFFFFFFFFFFFFFFFFB649000024B6FFFC
:1095A000FFFFFFFF000049FFFFFFFFFFFFFFFFFF7F
:1095B000FFFFFFFF240024DBFFFFB624000000496B
:1095C000B6FFFFFFFFFFFFFFFFFFFFFFFFFFFFFFF4
:1095D000FFFFFFFFFFFFFFFFFFFFFF6D000024DB2A
:1095E000FFFFFFFF000049FFFFFFFFFFFFFFFFFF3F
:1095F000FFFFFFFFB624006DFF9200000049B6FF99
:10960000FFFFFFFFFFFFFFFFFFFFFFFFFFFFFFFF6A
:10961000FFFFFFFFFFFFFFFFFFFFFFFF922400247C
:10962000FFFFFFFF000049FFFFFFFFFFFFFFFFFFFE
:10963000FFFFFFFFFF4900004900000092FFFFFF0E
:10964000FFFFFFFFFFFFFFFFFFFFFFFFFFFFFFFF2A
:10965000FFFFFFFFFFFFFFFFFFFFFFFFFF92000085
:1096600049FFFFFF000049FFFFFFFFFFFFFFFFFF74
:10967000FFFFFFFFFFB60000000024B6FFFFFFFF63
:10968000FFFFFFFFFFFFFFFFFFFFFFFFFFFFFFFFEA
:10969000FFFFFFFFFFFFFFFFFFFFFFFFFFFF49008F
:1096A00024B6FFFF000049FFFFFFFFFFFFFFFFFFA2
:1096B000FFFFFFFFFFFF6D000024DBFFFFFFFFFF49
:1096C000FFFFFFFFFFFFFFFFFFFFFFFFFFFFFFFFAA
:1096D000FFFFFFFFFFFFFFFFFFFFFFFFFFFFDB2499
:1096E0000024FFFF000049FFFFFFFFFFFFFFFFFF18
:1096F000FFFFFFFFFFFFDB2424DBFFFFFFFFFFFF78
:10970000FFFFFFFFFFFFFFFFFFFFFFFFFFFFFFFF69
:10971000FFFFFFFFFFFFFFFFFFFFFFFFFFFFFF6DEB
:109720000000B6FF000049FFFFFFFFFFFFFFFFFF44
:10973000FFFFFFFFFFFFFFFFFFFFFFFFFFFFFFFF39
:10974000FFFFFFFFFFFFFFFFFFFFFFFFFFFFFFFF29
:10975000FFFFFFFFFFFFFFFFFFFFFFFFFFFFFFFF19
:10976000240049FF000049FFFFFFFFFFFFFFFFFF4D
:10977000FFFFFFFFFFFFFFFFFFFFFFFFFFFFFFFFF9
:10978000FFFFFFFFFFFFFFFFFFFFFFFFFFFFFFFFE9
:10979000FFFFFFFFFFFFFFFFFFFFFFFFFFFFFFFFD9
:1097A0006D0024DB000049FFFFFFFFFFFFFFFFFF0D
:1097B000FFFFFFFFFFFFFFFFFFFFFFFFFFFFFFFFB9
:1097C000FFFFFFFFFFFFFFFFFFFFFFFFFFFFFFFFA9
:1097D000FFFFFFFFFFFFFFFFFFFFFFFFFFFFFFFF99
:1097E000B60000B6000049FFFFFFFFFFFFFFFFFFCD
:1097F000FFFFFFFFFFFFFFFFFFFFFFFFFFFFFFFF79
:10980000FFFFFFFFFFFFFFFFFFFFFFFFFFFFFFFF68
:10981000FFFFFFFFFFFFFFFFFFFFFFFFFFFFFFFF58
:10982000DB24006D000049FFFFFFFFFFFFFFFFFF8C
:10983000FFFFFFFFFFFFFFFFFFFFFFFFFFFFFFFF38
:10984000FFFFFFFFFFFFFFFFFFFFFFFFFFFFFFFF28
:10985000FFFFFFFFFFFFFFFFFFFFFFFFFFFFFFFF18
:10986000FF490049000049FFFFFFFFFFFFFFFFFF27
:10987000FFFFFFFFFFFFFFFFFFFFFFFFFFFFFFFFF8
:10988000FFFFFFFFFFFFFFFFFFFFFFFFFFFFFFFFE8
:10989000FFFFFFFFFFFFFFFFFFFFFFFFFFFFFFFFD8
:1098A000FF490024000049FFFFFFFFFFFFFFFFFF0C
:1098B000FFFFFFFFFFFFFFFFFFFFFFFFFFFFFFFFB8
:1098C000FFFFFFFFFFFFFFFFFFFFFFFFFFFFFFFFA8
:1098D000FFFFFFFFFFFFFFFFFFFFFFFFFFFFFFFF98
:1098E000FF490000000049FFFFFFFFFFFFFFFFFFF0
:1098F000FFFFFFFFFFFFFFFFFFFFFFFFFFFFFFFF78
:10990000FFFFFFFFFFFFFFFFFFFFFFFFFFFFFFFF67
:10991000FFFFFFFFFFFFFFFFFFFFFFFFFFFFFFFF57
:10992000FF490024000049FFFFFFFFFFFFFFFFFF8B
:10993000FFFFFFFFFFFFFFFFFFFFFFFFFFFFFFFF37
:10994000FFFFFFFFFFFFFFFFFFFFFFFFFFFFFFFF27
:10995000FFFFFFFFFFFFFFFFFFFFFFFFFFFFFFFF17
:10996000FF490024000049FFFFFFFFFFFFFFFFFF4B
:10997000FFFFFFFFFFFFFFFFFFFFFFFFFFFFFFFFF7
:10998000FFFFFFFFFFFFFFFFFFFFFFFFFFFFFFFFE7
:10999000FFFFFFFFFFFFFFFFFFFFFFFFFFFFFFFFD7
:1099A000FF240049000049FFFFFFFFFFFFFFFFFF0B
:1099B000FFFFFFFFFFFFFFFFFFFFFFFFFFFFFFFFB7
:1099C000FFFFFFFFFFFFFFFFFFFFFFFFFFFFFFFFA7
:1099D000FFFFFFFFFFFFFFFFFFFFFFFFFFFFFFFF97
:1099E000DB240092000049FFFFFFFFFFFFFFFFFFA6
:1099F000FFFFFFFFFFFFFFFFFFFFFFFFFFFFFFFF77
:109A0000FFFFFFFFFFFFFFFFFFFFFFFFFFFFFFFF66
:109A1000FFFFFFFFFFFFFFFFFFFFFFFFFFFFFFFF56
:109A2000B60000DB000049FFFFFFFFFFFFFFFFFF65
:109A3000FFFFFFFFFFFFFFFFFFFFFFFFFFFFFFFF36
:109A4000FFFFFFFFFFFFFFFFFFFFFFFFFFFFFFFF26
:109A5000FFFFFFFFFFFFFFFFFFFFFFFFFFFFFFFF16
:109A6000490024FF000049FFFFFFFFFFFFFFFFFF4A
:109A7000FFFFFFFFFFFFFFB6B6FFFFFFFFFFFFFF88
:109A8000FFFFFFFFFFFFFFFFFFFFFFFFFFFFFFFFE6
:109A9000FFFFFFFFFFFFFFFFFFFFFFFFFFFFFFDBFA
:109AA00000006DFF000049FFFFFFFFFFFFFFFFFF0A
:109AB000FFFFFFFFFFFFB6242492FFFFFFFFFFFF22
:109AC000FFFFFFFFFFFFFFFFFFFFFFFFFFFFFFFFA6
:109AD000FFFFFFFFFFFFFFFFFFFFFFFFFFFFFF6D28
:109AE0000000DBFF492492FFFFFFFFFFFFFFFFFFA6
:109AF000FFFFFFFFFFFF4900000092FFFFFFFFFF96
:109B0000FFFFFFFFFFFFFFFFFFFFFFFFFFFFFFFF65
:109B1000FFFFFFFFFFFFFFFFFFFFFFFFFFFFDB2454
:109B2000006DFFFFFFDBFFFFFFFFFFFFFFFFFFFFFA
:109B3000FFFFFFFFFFB600000000246DFFFFFFFFE7
:109B4000FFFFFFFFFFFFFFFFFFFFFFFFFFFFFFFF25
:109B5000FFFFFFFFFFFFFFFFFFFFFFFFFFFF4900CA
:109B600024DBFFFFFFFFFFFFFFFFFFFFDBB6FFFF71
:109B7000FFFFFFFFFF4900249224000049DBFFFFA5
:109B8000FFFFFFFFFFFFFFFFFFFFFFFFFFFFFFFFE5
:109B9000FFFFFFFFFFFFFFFFFFFFFFFFFF6D000065
:109BA00092FFFFFFFFFFFFFFFFFFFFB624006DFFE7
:109BB000FFFFFFFFB624006DFFDB240000246DDBF8
:109BC000FFFFFFFFFFFFFFFFFFFFFFFFFFFFFFFFA5
:109BD000FFFFFFFFFFFFFFFFFFFFFFFF6D24006D93
:109BE000FFFFFFFFFFFFFFFFFFFFB624000092FF14
:109BF000FFFFFFFF490024DBFFFFFF6D2400000093
:109C00006DDBFFFFFFFFFFFFFFFFFFFFFFFFFFFF1A
:109C1000FFFFFFFFFFFFFFFFFFFFFF6D000049FF9A
:109C2000FFFFFFFFFFFFFFFFFFB624000092FFFFD3
:109C3000FFFFFFB600006DFFFFFFFFFFB64900000A
:109C40000024496DB6FFFFFFFFFFFFFFFFFFFFFF8F
:109C5000FFFFFFFFFFFFFFFFFFB649000049FFFFC7
:109C6000FFFFFFFFFFFFFFFFB62400006DFFFFFFB8
:109C7000FFFFFF490024DBFFFFFFFFFFFFFF9249CB
:109C8000240000000000496D92B6DBDBDBDBDBDB90
:109C9000DBDBDBDBDBDBDB92490000246DFFFFFF5E
:109CA000FFFFFFFFFFFFFFB624000092FFFFFFFF53
:109CB000FFFFDB24006DFFFFFFFFFFFFFFFFFFFF44
:109CC000DB92240000000000000000000000000003
:109CD0000000000000000000000049B6FFFFFFFF89
:109CE000FFFFFFFFFFFFB62400006DFFFFFFFFFF38
:109CF000FFFFDB2424DBFFFFFFFFFFFFFFFFFFFF72
:109D0000FFFFFFDB924949242424000000000000EB
:109D1000000000000000242449B6FFFFFFFFFFFF02
:109D2000FFFFFFFFFFB624000092FFFFFFFFFFFFD2
:109D3000FFFFFFFFFFFFFFFFFFFFFFFFFFFFFFFF33
:109D4000FFFFFFFFFFFFFFFFDBDBDBDBDBDBDBDB43
:109D5000DBDBDBDBDBDBDBFFFFFFFFFFFFFFFFFF0F
:109D6000FFFFFFFFDB2400006DFFFFFFFFFFFFFF92
:109D7000FFFFFFFFFFFFFFFFFFFFFFFFFFFFFFFFF3
:109D8000FFFFFFFFFFFFFFFFFFFFFFFFFFFFFFFFE3
:109D9000FFFFFFFFFFFFFFFFFFFFFFFFFFFFFFFFD3
:109DA000FFFFFFFF2400006DFFFFFFFFFFFFFFFF2E
:109DB000FFFFFFFFFFFFFFFFFFFFFFFFFFFFFFFFB3
:109DC000FFFFFFFFFFFFFFFFFFFFFFFFFFFFFFFFA3
:109DD000FFFFFFFFFFFFFFFFFFFFFFFFFFFFFFFF93
:109DE000FFFFFFFF4900000092FFFFFFFFFFFFFFA3
:109DF000FFFFFFFFFFFFFFFFFFFFFFFFFFFFFFFF73
:109E0000FFFFFFFFFFFFFFFFFFFFFFFFFFFFFFFF62
:109E1000FFFFFFFFFFFFFFFFFFFFFFFFFFFFFFFF52
:109E2000FFFFFFFFFF6D00000049DBFFFFFFFFFFAB
:109E3000FFFFFFFFFFFFFFFFFFFFFFFFFFFFFFFF32
:109E4000FFFFFFFFFFFFFFFFFFFFFFFFFFFFFFFF22
:109E5000FFFFFFFFFFFFFFFFFFFFFFFFFFFFFFFF12
:109E6000FFFFFFFFFFFFB624000024B6FFFFFFFF48
:109E7000FFFFFFFFFFFFFFFFFFFFFFFFFFFFFFFFF2
:109E8000FFFFFFFFFFFFFFFFFFFFFFFFFFFFFFFFE2
:109E9000FFFFFFFFFFFFFFFFFFFFFFFFFFFFFFFFD2
:109EA000FFFFFFFFFFFFFFDB490000246DFFFFFF07
:109EB000FFFFFFFFFFFFFFFFFFFFFFFFFFFFFFFFB2
:109EC000FFFFFFFFFFFFFFFFFFFFFFFFFFFFFFFFA2
:109ED000FFFFFFFFFFFFFFFFFFFFFFFFFFFFFFFF92
:109EE000FFFFFFFFFFFFFFFFFF9224000049DBFFA2
:109EF000FFFFFFFFFFFFFFFFFFFFFFFFFFFFFFFF72
:109F0000FFFFFFFFFFFFFFFFFFFFFFFFFFFFFFFF61
:109F1000FFFFFFFFFFFFFFFFFFFFFFFFFFFFFFFF51
:109F2000FFFFFFFFFFFFFFFFFFFFDB240000249286
:109F3000FFFFFFFFFFFFFFFFFFFFFFFFFFFFFFFF31
:109F4000FFFFFFFFFFFFFFFFFFFFFFFFFFFFFFFF21
:109F5000FFFFFFFFFFFFFFFFFFFFFFFFFFFFFFFF11
:109F6000FFFFFFFFFFFFFFFFFFFFFFFF6D2400006C
:109F70006DFFFFFFFFFFFFFFFFFFFFFFFFFFFFFF83
:109F8000FFFFFFFFFFFFFFFFFFFFFFFFFFFFFFFFE1
:109F9000FFFFFFFFFFFFFFFFFFFFFFFFFFFFFFFFD1
:109FA000FFFFFFFFFFFFFFFFFFFFFFFFFFB62400E4
:109FB0000024B6FFFFFFFFFFFFFFFFFFFFFFFFFFD4
:109FC000FFFFFFFFFFFFFFFFFFFFFFFFFFFFFFFFA1
:109FD000FFFFFFFFFFFFFFFFFFFFFFFFFFFFFFFF91
:109FE000FFFFFFFFFFFFFFFFFFFFFFFFFFFFDB495B
:109FF00000002492FFFFFFFFFFFFFFFFFFFFFFFFB7
:10A00000FFFFFFFFFFFFFFFFFFFFFFFFFFFFFFFF60
:10A01000FFFFFFFFFFFFFFFFFFFFFFFFFFFFFFFF50
:10A02000FFFFFFFFFFFFFFFFFFFFFFFFFFFFFFFF40
:10A030009224000049FFFFFFFFFFFFFFFFFFFFFF2C
:10A04000FFFFFFFFFFFFFFFFFFFFFFFFFFFFFFFF20
:10A05000FFFFFFFFFFFFFFFFFFFFFFFFFFFFFFFF10
:10A06000FFFFFFFFFFFFFFFFFFFFFFFFFFFFFFFF00
:10A07000FFB6240024DBFFFFFFFFFFFFFFFFFFFF12
:10A08000FFFFFFFFFFFFFFFFFFFFFFFFFFFFFFFFE0
:10A09000FFFFFFFFFFFFFFFFFFFFFFFFFFFFFFFFD0
:10A0A000FFFFFFFFFFFFFFFFFFFFFFFFFFFFFFFFC0
:10A0B000FFFFDB6D6DFFFFFFFFFFFFFFFFFFFFFFF8
:10A0C000FFFFFFFFFFFFFFFFFFFFFFFFFFFFFFFFA0
:10A0D000FFFFFFFFFFFFFFFFFFFFFFFFFFFFFFFF90
:10A0E000FFFFFFFFFFB649000000000092FFFFFFE7
:10A0F000FFFFFFFFFFFFFFFFFFFFFFFFFFFFFFFF70
:10A10000FFFFFFFFFFFFFFFFFFFFFFFFFFFFFFFF5F
:10A11000FFFFFFFFFFFFFFFFFFFFFFFFFFFFFFFF4F
:10A12000FFFFFFFFB62400000000000024DBFFFF5C
:10A13000FFFFFFFFFFFFFFFFFFFFFFFFFFFFFFFF2F
:10A14000FFFFFFFFFFFFFFFFFFFFFFFFFFFFFFFF1F
:10A15000FFFFFFFFFFFFFFFFFFFFFFFFFFFFFFFF0F
:10A16000FFFFFFFF4900244949494924006DFFFFD3
:10A17000FFFFFFFFFFFFFFFFFFFFFFFFFFFFFFFFEF
:10A18000FFFFFFFFFFFFFFFFFFFFFFFFFFFFFFFFDF
:10A19000FFFFFFFFFFFFFFFFFFFFFFFFFFFFFFFFCF
:10A1A000FFFFFFFF000049FFFFFFFF490000B6FF70
:10A1B000FFFFFFFFFFFFFFFFFFFFFFFFFFFFFFFFAF
:10A1C000FFFFFFFFFFFFFFFFFFFFFFFFFFFFFFFF9F
:10A1D000FFFFFFFFFFFFFFFFFFFFFFFFFFFFFFFF8F
:10A1E000FFFFFFFF000049FFFFFFFFDB240049FFE7
:10A1F000FFFFFFFFFFFFFFFFFFFFFFFFFFFFFFFF6F
:10A20000FFFFFFFFFFFFFFFFFFFFFFFFFFFFFFFF5E
:10A21000FFFFFFFFFFFFFFFFFFFFFFFFFFFFFFFF4E
:10A22000FFFFFFFF000049FFFFFFFFFF6D0024B6A7
:10A23000FFFFFFFFFFFFFFFFFFFFFFFFFFFFFFFF2E
:10A24000FFFFFFFFFFFFFFFFFFFFFFFFFFFFFFFF1E
:10A25000FFFFFFFFFFFFFFFFFFFFFFFFFFFFFFFF0E
:10A26000FFFFFFFF000049FFFFFFFFFFDB2400248B
:10A27000FFFFFFFFFFFFFFFFFFFFFFFFFFFFFFFFEE
:10A28000FFFFFFFFFFFFFFFFFFFFFFFFFFFFFFFFDE
:10A29000FFFFFFFFFFFFFFFFFFFFFFFFFFFFFFFFCE
:10A2A000FFFFFFFF000049FFFFFFFFFFFF6D000002
:10A2B00092FFFFFFFFFFFFFFFFFFFFFFFFFFFFFF1B
:10A2C000FFFFFFFFFFFFFFFFFFFFFFFFFFFFFFFF9E
:10A2D000FFFFFFFFFFFFFFFFFFFFFFFFFFFFFFFF8E
:10A2E000FFFFFFFF000049FFFFFFFFFFFFFF24000C
:10A2F00024DBFFFFFFFFFFFFFFFFFFFFFFFFFFFF6D
:10A30000FFFFFFFFFFFFFFFFFFFFFFFFFFFFFFFF5D
:10A31000FFFFFFFFFFFFFFFFFFFFFFFFFFFFFFFF4D
:10A32000FFFFFFFF000049FFFFFFFFFFFFFFB60039
:10A330000092FFFFFFFFFFFFFFFFFFFFFFFFFFFF99
:10A34000FFFFFFFFFFFFFFFFFFFFFFFFFFFFFFFF1D
:10A35000FFFFFFFFFFFFFFFFFFFFFFFFFFFFFFFF0D
:10A36000FFFFFFFF000049FFFFFFFFFFFFFFFF4967
:10A370000024DBFFFFFFFFFFFFFFFFFFFFFFFFFFEB
:10A38000FFFFFFFFFFFFFFFFFFFFFFFFFFFFFFFFDD
:10A39000FFFFFFFFFFFFFFFFFFFFFFFFFFFFFFFFCD
:10A3A000FFFFFFFF000049FFFFFFFFFFFFFFFFB6BA
:10A3B00000006DFFFFFFFFFFFFFFFFFFFFFFFFFF3D
:10A3C000FFFFFFFFFFFFFFFFFFFFFFFFFFFFFFFF9D
:10A3D000FFFFFFFFFFFFFFFFFFFFFFFFFFFFFFFF8D
:10A3E000FFFFFFFF000049FFFFFFFFFFFFFFFFFF31
:10A3F000490024DBFFFFFFFFFFFFFFFFFFFFFFFF21
:10A40000FFFFFFFFFFFFFFFFFFFFFFFFFFFFFFFF5C
:10A41000FFFFFFFFFFFFFFFFFFFFFFFFFFFFFFFF4C
:10A42000FFFFFFFF000049FFFFFFFFFFFFFFFFFFF0
:10A43000DB240049FFFFFFFFFFFFFFFFFFFFFFFFE0
:10A44000FFFFFFFFFFFFFFFFFFFFFFFFFFFFFFFF1C
:10A45000FFFFFFFFFFFFFFFFFFFFFFFFFFFFFFFF0C
:10A46000FFFFFFFF000049FFFFFFFFFFFFFFFFFFB0
:10A47000FF490000B6FFFFFFFFFFFFFFFFFFFFFFE9
:10A48000FFFFFFFFFFFFFFDBDBDBB6B6B6B6B6B6FE
:10A49000B6B6B6B6B6B6DBDBFFFFFFFFFFFFFFFFCA
:10A4A000FFFFFFFF000049FFFFFFFFFFFFFFFFFF70
:10A4B000FFDB000049FFFFFFFFFFFFFFFFFFFFFF84
:10A4C000FFFFFF926D4924242400000000000000DB
:10A4D0000000000000000024496DFFFFFFFFFFFFA8
:10A4E000FFFFFFFF000049FFFFFFFFFFFFFFFFFF30
:10A4F000FFFF6D0000B6FFFFFFFFFFFFFFFFFFDB69
:10A50000B64900000000000000000000000000004C
:10A51000000000000000000000002492FFFFFFFF89
:10A52000FFFFFFFF000049FFFFFFFFFFFFFFFFFFEF
:10A53000FFFFDB240024FFFFFFFFFFFFFFDB6D2495
:10A540000000000000246D92B6DBDBDBDBDBDBDB35
:10A55000DBDBDBDBDBDBB6922400000049DBFFFF4B
:10A56000FFFFFFFF000049FFFFFFFFFFFFFFFFFFAF
:10A57000FFFFFF6D00006DFFFFFFFFFF9224000053
:10A5800000244992DBFFFFFFFFFFFFFFFFFFFFFFFC
:10A59000FFFFFFFFFFFFFFFFFF9224000024DBFF10
:10A5A000FFFFFFFF000049FFFFFFFFFFFFFFFFFF6F
:10A5B000FFFFFFFF240024DBFFFFDB490000004911
:10A5C000B6DBFFFFFFFFFFFFFFFFFFFFFFFFFFFF08
:10A5D000FFFFFFFFFFFFFFFFFFFFDB49000024DB62
:10A5E000FFFFFFFF000049FFFFFFFFFFFFFFFFFF2F
:10A5F000FFFFFFFFB600006DFF922400002492FFD2
:10A60000FFFFFFFFFFFFFFFFFFFFFFFFFFFFFFFF5A
:10A61000FFFFFFFFFFFFFFFFFFFFFFFF6D00004990
:10A62000FFFFFFFF000049FFFFFFFFFFFFFFFFFFEE
:10A63000FFFFFFFFFF4900246D2400006DFFFFFFB7
:10A64000FFFFFFFFFFFFFFFFFFFFFFFFFFFFFFFF1A
:10A65000FFFFFFFFFFFFFFFFFFFFFFFFFF490000BE
:10A660006DFFFFFF000049FFFFFFFFFFFFFFFFFF40
:10A67000FFFFFFFFFFB60000000024B6FFFFFFFF53
:10A68000FFFFFFFFFFFFFFFFFFFFFFFFFFFFFFFFDA
:10A69000FFFFFFFFFFFFFFFFFFFFFFFFFFFF2400A4
:10A6A00024DBFFFF000049FFFFFFFFFFFFFFFFFF6D
:10A6B000FFFFFFFFFFFF49000024B6FFFFFFFFFF82
:10A6C000FFFFFFFFFFFFFFFFFFFFFFFFFFFFFFFF9A
:10A6D000FFFFFFFFFFFFFFFFFFFFFFFFFFFFB624AE
:10A6E0000049FFFF000049FFFFFFFFFFFFFFFFFFE3
:10A6F000FFFFFFFFFFFFDB2424B6FFFFFFFFFFFF8D
:10A70000FFFFFFFFFFFFFFFFFFFFFFFFFFFFFFFF59
:10A71000FFFFFFFFFFFFFFFFFFFFFFFFFFFFFF49FF
:10A720000000B6FF000049FFFFFFFFFFFFFFFFFF34
:10A73000FFFFFFFFFFFFFFDBDBFFFFFFFFFFFFFF71
:10A74000FFFFFFFFFFFFFFFFFFFFFFFFFFFFFFFF19
:10A75000FFFFFFFFFFFFFFFFFFFFFFFFFFFFFFDB2D
:10A76000000049FF000049FFFFFFFFFFFFFFFFFF61
:10A77000FFFFFFFFFFFFFFFFFFFFFFFFFFFFFFFFE9
:10A78000FFFFFFFFFFFFFFFFFFFFFFFFFFFFFFFFD9
:10A79000FFFFFFFFFFFFFFFFFFFFFFFFFFFFFFFFC9
:10A7A000490024DB000049FFFFFFFFFFFFFFFFFF21
:10A7B000FFFFFFFFFFFFFFFFFFFFFFFFFFFFFFFFA9
:10A7C000FFFFFFFFFFFFFFFFFFFFFFFFFFFFFFFF99
:10A7D000FFFFFFFFFFFFFFFFFFFFFFFFFFFFFFFF89
:10A7E000B60000B6000049FFFFFFFFFFFFFFFFFFBD
:10A7F000FFFFFFFFFFFFFFFFFFFFFFFFFFFFFFFF69
:10A80000FFFFFFFFFFFFFFFFFFFFFFFFFFFFFFFF58
:10A81000FFFFFFFFFFFFFFFFFFFFFFFFFFFFFFFF48
:10A82000DB24006D000049FFFFFFFFFFFFFFFFFF7C
:10A83000FFFFFFFFFFFFFFFFFFFFFFFFFFFFFFFF28
:10A84000FFFFFFFFFFFFFFFFFFFFFFFFFFFFFFFF18
:10A85000FFFFFFFFFFFFFFFFFFFFFFFFFFFFFFFF08
:10A86000FF240049000049FFFFFFFFFFFFFFFFFF3C
:10A87000FFFFFFFFFFFFFFFFFFFFFFFFFFFFFFFFE8
:10A88000FFFFFFFFFFFFFFFFFFFFFFFFFFFFFFFFD8
:10A89000FFFFFFFFFFFFFFFFFFFFFFFFFFFFFFFFC8
:10A8A000FF490024000049FFFFFFFFFFFFFFFFFFFC
:10A8B000FFFFFFFFFFFFFFFFFFFFFFFFFFFFFFFFA8
:10A8C000FFFFFFFFFFFFFFFFFFFFFFFFFFFFFFFF98
:10A8D000FFFFFFFFFFFFFFFFFFFFFFFFFFFFFFFF88
:10A8E000FF490024000049FFFFFFFFFFFFFFFFFFBC
:10A8F000FFFFFFFFFFFFFFFFFFFFFFFFFFFFFFFF68
:10A90000FFFFFFFFFFFFFFFFFFFFFFFFFFFFFFFF57
:10A91000FFFFFFFFFFFFFFFFFFFFFFFFFFFFFFFF47
:10A92000FF490024000049FFFFFFFFFFFFFFFFFF7B
:10A93000FFFFFFFFFFFFFFFFFFFFFFFFFFFFFFFF27
:10A94000FFFFFFFFFFFFFFFFFFFFFFFFFFFFFFFF17
:10A95000FFFFFFFFFFFFFFFFFFFFFFFFFFFFFFFF07
:10A96000FF490024000049FFFFFFFFFFFFFFFFFF3B
:10A97000FFFFFFFFFFFFFFFFFFFFFFFFFFFFFFFFE7
:10A98000FFFFFFFFFFFFFFFFFFFFFFFFFFFFFFFFD7
:10A99000FFFFFFFFFFFFFFFFFFFFFFFFFFFFFFFFC7
:10A9A000FF240049000049FFFFFFFFFFFFFFFFFFFB
:10A9B000FFFFFFFFFFFFFFFFFFFFFFFFFFFFFFFFA7
:10A9C000FFFFFFFFFFFFFFFFFFFFFFFFFFFFFFFF97
:10A9D000FFFFFFFFFFFFFFFFFFFFFFFFFFFFFFFF87
:10A9E000DB240092000049FFFFFFFFFFFFFFFFFF96
:10A9F000FFFFFFFFFFFFFFFFFFFFFFFFFFFFFFFF67
:10AA0000FFFFFFFFFFFFFFFFFFFFFFFFFFFFFFFF56
:10AA1000FFFFFFFFFFFFFFFFFFFFFFFFFFFFFFFF46
:10AA2000B60000B6000049FFFFFFFFFFFFFFFFFF7A
:10AA3000FFFFFFFFFFFFFFFFFFFFFFFFFFFFFFFF26
:10AA4000FFFFFFFFFFFFFFFFFFFFFFFFFFFFFFFF16
:10AA5000FFFFFFFFFFFFFFFFFFFFFFFFFFFFFFFF06
:10AA6000490024FF000049FFFFFFFFFFFFFFFFFF3A
:10AA7000FFFFFFFFFFFFFFDBDBFFFFFFFFFFFFFF2E
:10AA8000FFFFFFFFFFFFFFFFFFFFFFFFFFFFFFFFD6
:10AA9000FFFFFFFFFFFFFFFFFFFFFFFFFFFFFFDBEA
:10AAA000000049FF000049FFFFFFFFFFFFFFFFFF1E
:10AAB000FFFFFFFFFFFF922424B6FFFFFFFFFFFF12
:10AAC000FFFFFFFFFFFFFFFFFFFFFFFFFFFFFFFF96
:10AAD000FFFFFFFFFFFFFFFFFFFFFFFFFFFFFF6D18
:10AAE0000000DBFF000049FFFFFFFFFFFFFFFFFF4C
:10AAF000FFFFFFFFFF9200000000B6FFFFFFFFFF18
:10AB0000FFFFFFFFFFFFFFFFFFFFFFFFFFFFFFFF55
:10AB1000FFFFFFFFFFFFFFFFFFFFFFFFFFFFDB2444
:10AB20000049FFFF000049FFFFFFFFFFFFFFFFFF9E
:10AB3000FFFFFFFF9224002400002492FFFFFFFF8D
:10AB4000FFFFFFFFFFFFFFFFFFFFFFFFFFFFFFFF15
:10AB5000FFFFFFFFFFFFFFFFFFFFFFFFFFFF4900BA
:10AB600024DBFFFF240049FFFFFFFFFFFFFFFFFF84
:10AB7000FFFFFFFF240024B6B624000049DBFFFFDF
:10AB8000FFFFFFFFFFFFFFFFFFFFFFFFFFFFFFFFD5
:10AB9000FFFFFFFFFFFFFFFFFFFFFFFFFF6D000055
:10ABA0006DFFFFFF9249DBFFFFFFFFFFFFFFFFFF8E
:10ABB000FFFFFFFF9249B6FFFFB6240000246DFFA0
:10ABC000FFFFFFFFFFFFFFFFFFFFFFFFFFFFFFFF95
:10ABD000FFFFFFFFFFFFFFFFFFFFFFFF9224004982
:10ABE000FFFFFFFFFFFFFFFFFFFFFFFFFFFFFFFF75
:10ABF000FFFFFFFFFFFFFFFFFFFFDB490000002417
:10AC000092DBFFFFFFFFFFFFFFFFFFFFFFFFFFFFE5
:10AC1000FFFFFFFFFFFFFFFFFFFFFF6D000049FF8A
:10AC2000FFFFFFFFFFFFFFFFFFFFFFFFFFFFFFFF34
:10AC3000FFFFFFFFFFFFFFFFFFFFFFFFB624000046
:10AC40000024496DB6FFFFFFFFFFFFFFFFFFFFFF7F
:10AC5000FFFFFFFFFFFFFFFFFFB649000049FFFFB7
:10AC6000FFFFFFFFFFFFFFFFFFFFFFFFFFFFFFFFF4
:10AC7000FFFFFFFFFFFFFFFFFFFFFFFFFFFF924907
:10AC8000240000000024496D92B6DBDBDBDBDBDB5C
:10AC9000DBDBDBDBDBDBDB92490000246DFFFFFF4E
:10ACA000FFFFFFFFFFFFFFFFFFFFFFFFFFFFFFFFB4
:10ACB000FFFFFFFFFFFFFFFFFFFFFFFFFFFFFFFFA4
:10ACC000DB6D240000000000000000000000000018
:10ACD0000000000000000000000024B6FFFFFFFF9E
:10ACE000FFFFFFFF6D0092FFFFFFFFFFFFFFFFFF72
:10ACF000FF92006DFFFFFFFFFFFFFFFFFFFFFFFF62
:10AD0000FFFFFFB692494924242424242424242428
:10AD100024242424242424244992FFFFFFFFFFFF3E
:10AD2000FFFFFFFF24002492FFFFFFFFFFFFFFFF55
:10AD300092240024FFFFFFFFFFFFFFFFFFFFFFFF45
:10AD4000FFFFFFFFFFFFFFFFDBDBDBDBDBDBDBDB33
:10AD5000DBDBDBDBDBDBDBFFFFFFFFFFFFFFFFFFFF
:10AD6000FFFFFFFFB624000092FFFFFFFFFFFF92EF
:10AD7000000024B6FFFFFFFFFFFFFFFFFFFFFFFF05
:10AD8000FFFFFFFFFFFFFFFFFFFFFFFFFFFFFFFFD3
:10AD9000FFFFFFFFFFFFFFFFFFFFFFFFFFFFFFFFC3
:10ADA000FFFFFFFFFFB624002492FFFFFFFF922466
:10ADB0000024B6FFFFFFFFFFFFFFFFFFFFFFFFFFC6
:10ADC000FFFFFFFFFFFFFFFFFFFFFFFFFFFFFFFF93
:10ADD000FFFFFFFFFFFFFFFFFFFFFFFFFFFFFFFF83
:10ADE000FFFFFFFFFFFFB624000092FFFF9200006D
:10ADF00024B6FFFFFFFFFFFFFFFFFFFFFFFFFFFF87
:10AE0000FFFFFFFFFFFFFFFFFFFFFFFFFFFFFFFF52
:10AE1000FFFFFFFFFFFFFFFFFFFFFFFFFFFFFFFF42
:10AE2000FFFFFFFFFFFFFFB62400249292240024BF
:10AE3000B6FFFFFFFFFFFFFFFFFFFFFFFFFFFFFF6B
:10AE4000FFFFFFFFFFFFFFFFFFFFFFFFFFFFFFFF12
:10AE5000FFFFFFFFFFFFFFFFFFFFFFFFFFFFFFFF02
:10AE6000FFFFFFFFFFFFFFFFB6240000000024B636
:10AE7000FFFFFFFFFFFFFFFFFFFFFFFFFFFFFFFFE2
:10AE8000FFFFFFFFFFFFFFFFFFFFFFFFFFFFFFFFD2
:10AE9000FFFFFFFFFFFFFFFFFFFFFFFFFFFFFFFFC2
:10AEA000FFFFFFFFFFFFFFFFFFB600000000B6FF40
:10AEB000FFFFFFFFFFFFFFFFFFFFFFFFFFFFFFFFA2
:10AEC000FFFFFFFFFFFFFFFFFFFFFFFFFFFFFFFF92
:10AED000FFFFFFFFFFFFFFFFFFFFFFFFFFFFFFFF82
:10AEE000FFFFFFFFFFFFFFFFFF920000000092FF48
:10AEF000FFFFFFFFFFFFFFFFFFFFFFFFFFFFFFFF62
:10AF0000FFFFFFFFFFFFFFFFFFFFFFFFFFFFFFFF51
:10AF1000FFFFFFFFFFFFFFFFFFFFFFFFFFFFFFFF41
:10AF2000FFFFFFFFFFFFFFFF922400242400249275
:10AF3000FFFFFFFFFFFFFFFFFFFFFFFFFFFFFFFF21
:10AF4000FFFFFFFFFFFFFFFFFFFFFFFFFFFFFFFF11
:10AF5000FFFFFFFFFFFFFFFFFFFFFFFFFFFFFFFF01
:10AF6000FFFFFFFFFFFFFF92000024B6B6240000A2
:10AF700092FFFFFFFFFFFFFFFFFFFFFFFFFFFFFF4E
:10AF8000FFFFFFFFFFFFFFFFFFFFFFFFFFFFFFFFD1
:10AF9000FFFFFFFFFFFFFFFFFFFFFFFFFFFFFFFFC1
:10AFA000FFFFFFFFFFFF92240024B6FFFFB624003F
:10AFB0002492FFFFFFFFFFFFFFFFFFFFFFFFFFFFE9
:10AFC000FFFFFFFFFFFFFFFFFFFFFFFFFFFFFFFF91
:10AFD000FFFFFFFFFFFFFFFFFFFFFFFFFFFFFFFF81
:10AFE000FFFFFFFFFF92000024B6FFFFFFFFB62424
:10AFF000000092FFFFFFFFFFFFFFFFFFFFFFFFFFCC
:10B00000FFFFFFFFFFFFFFFFFFFFFFFFFFFFFFFF50
:10B01000FFFFFFFFFFFFFFFFFFFFFFFFFFFFFFFF40
:10B02000FFFFFFFF92240024B6FFFFFFFFFFFFB6E4
:10B0300024002492FFFFFFFFFFFFFFFFFFFFFFFF42
:10B04000FFFFFFFFFFFFFFFFFFFFFFFFFFFFFFFF10
:10B05000FFFFFFFFFFFFFFFFFFFFFFFFFFFFFFFF00
:10B06000FFFFFFFF240024B6FFFFFFFFFFFFFFFFEE
:10B07000B6240024FFFFFFFFFFFFFFFFFFFFFFFFDE
:10B08000FFFFFFFFFFFFFFFFFFFFFFFFFFFFFFFFD0
:10B09000FFFFFFFFFFFFFFFFFFFFFFFFFFFFFFFFC0
:10B0A000FFFFFFFF9249B6FFFFFFFFFFFFFFFFFF1C
:10B0B000FFB64992FFFFFFFFFFFFFFFFFFFFFFFF0C
:10B0C000FFFFFFFFFFFFFFFFFFFFFFFFFFFFFFFF90
:10B0D000FFFFFFFFFFFFFFFFFFFFFFFFFFFFFFFF80
:10B0E000FFFFFFFFFFFFFFFFFFFFFFFFFFDB6D2401
:10B0F0000000000000000000000000000000000050
:10B10000000000000000000000000000000000003F
:10B110000000000000000000246DDBFFFFFFFFFFC8
:10B12000FFFFFFFFFFFFFFFFFFFFFFFFDB2400002C
:10B13000000000000000000000000000000000000F
:10B1400000000000000000000000000000000000FF
:10B150000000000000000000000024DBFFFFFFFFF4
:10B16000FFFFFFFFFFFFFFFFFFFFFFFF6D0000007E
:10B1700000000000000000000000000000000000CF
:10B1800000000000000000000000000000000000BF
:10B1900000000000000000000000006DFFFFFFFF46
:10B1A000FFFFFFFFFFFFFFFFFFFFFFFF00000000AB
:10B1B000000000000000000000000000000000008F
:10B1C000000000000000000000000000000000007F
:10B1D000000000000000000000000024FFFFFFFF4F
:10B1E000FFFFFFFFFFFFFFFFFFFFFFFF000000006B
:10B1F000FFFFFFFFFFFFFFFFFFFFFFFFFFFFFFFF5F
:10B20000FFFFFFFFFFFFFFFFFFFFFFFFFFFFFFFF4E
:10B21000FFFFFFFFFFFFFFFF00000000FFFFFFFF3A
:10B22000FFFFFFFFFFFFFFFFFFFFFFFF000000002A
:10B23000FFFFFFFFFFFFFFFFFFFFFFFFFFFFFFFF1E
:10B24000FFFFFFFFFFFFFFFFFFFFFFFFFFFFFFFF0E
:10B25000FFFFFFFFFFFFFFFF00000000FFFFFFFFFA
:10B26000FFFFFFFFFFFFFFFFFFFFFFFF00000000EA
:10B27000FFFFFFFFFFFFFFFFFFFFFFFFFFFFFFFFDE
:10B28000FFFFFFFFFFFFFFFFFFFFFFFFFFFFFFFFCE
:10B29000FFFFFFFFFFFFFFFF00000000FFFFFFFFBA
:10B2A000FFFFFFFFFFFFFFFFFFFFFFFF00000000AA
:10B2B000FFFFFFFFFFFFFFFFFFFFFFFFFFFFFFFF9E
:10B2C000FFFFFFFFFFFFFFFFFFFFFFFFFFFFFFFF8E
:10B2D000FFFFFFFFFFFFFFFF00000000FFFFFFFF7A
:10B2E000FFFFFFFFFFFFFFFFFFFFFFFF000000006A
:10B2F000FFFF000000000000000000000000000050
:10B30000000000000000000000000000000000003D
:10B31000000000000000FFFF00000000FFFFFFFF33
:10B32000FFFFFFFFFFFFFFFFFFFFFFFF0000000029
:10B33000FFFF00000000000000000000000000000F
:10B3400000000000000000000000000000000000FD
:10B35000000000000000FFFF00000000FFFFFFFFF3
:10B36000FFFFFFFFFFFFFFFFFFFFFFFF00000000E9
:10B37000FFFF0000000000000000000000000000CF
:10B3800000000000000000000000000000000000BD
:10B39000000000000000FFFF00000000FFFFFFFFB3
:10B3A000FFFFFFFFFFFFFFFFFFFFFFFF00000000A9
:10B3B000FFFF00000000000000000000000000008F
:10B3C000000000000000000000000000000000007D
:10B3D000000000000000FFFF00000000FFFFFFFF73
:10B3E000FFFFFFFFFFFFFFFFFFFFFFFF0000000069
:10B3F000FFFFFFFFFFFFFFFFFFFFFFFFFFFFFFFF5D
:10B40000FFFFFFFFFFFFFFFFFFFFFFFFFFFFFFFF4C
:10B41000FFFFFFFFFFFFFFFF00000000FFFFFFFF38
:10B42000FFFFFFFFFFFFFFFFFFFFFFFF0000000028
:10B43000FFFFFFFFFFFFFFFFFFFFFFFFFFFFFFFF1C
:10B44000FFFFFFFFFFFFFFFFFFFFFFFFFFFFFFFF0C
:10B45000FFFFFFFFFFFFFFFF00000000FFFFFFFFF8
:10B46000FFFFFFFFFFFFFFFFFFFFFFFF00000000E8
:10B47000FFFF0000000000000000000000000000CE
:10B4800000000000000000000000000000000000BC
:10B49000000000000000FFFF00000000FFFFFFFFB2
:10B4A000FFFFFFFFFFFFFFFFFFFFFFFF00000000A8
:10B4B000FFFF00000000000000000000000000008E
:10B4C000000000000000000000000000000000007C
:10B4D000000000000000FFFF00000000FFFFFFFF72
:10B4E000FFFFFFFFFFFFFFFFFFFFFFFF0000000068
:10B4F000FFFF00000000000000000000000000004E
:10B50000000000000000000000000000000000003B
:10B51000000000000000FFFF00000000FFFFFFFF31
:10B52000FFFFFFFFFFFFFFFFFFFFFFFF0000000027
:10B53000FFFF00000000000000000000000000000D
:10B5400000000000000000000000000000000000FB
:10B55000000000000000FFFF00000000FFFFFFFFF1
:10B56000FFFFFFFFFFFFFFFFFFFFFFFF00000000E7
:10B57000FFFFFFFFFFFFFFFFFFFFFFFFFFFFFFFFDB
:10B58000FFFFFFFFFFFFFFFFFFFFFFFFFFFFFFFFCB
:10B59000FFFFFFFFFFFFFFFF00000000FFFFFFFFB7
:10B5A000FFFFFFFFFFFFFFFFFFFFFFFF00000000A7
:10B5B000FFFFFFFFFFFFFFFFFFFFFFFFFFFFFFFF9B
:10B5C000FFFFFFFFFFFFFFFFFFFFFFFFFFFFFFFF8B
:10B5D000FFFFFFFFFFFFFFFF00000000FFFFFFFF77
:10B5E000FFFFFFFFFFFFFFFFFFFFFFFF0000000067
:10B5F000FFFFFFFFFFFFFFFFFFFFFFFFFFFFFFFF5B
:10B60000FFFFFFFFFFFFFFFFFFFFFFFFFFFFFFFF4A
:10B61000FFFFFFFFFFFFFFFF00000000FFFFFFFF36
:10B62000FFFFFFFFFFFFFFFFFFFFFFFF0000000026
:10B63000FFFFFFFFFFFFFFFFFFFFFFFFFFFFFFFF1A
:10B64000FFFFFFFFFFFFFFFFFFFFFFFFFFFFFFFF0A
:10B65000FFFFFFFFFFFFFFFF00000000FFFFFFFFF6
:10B66000FFFFFFFFFFFFFFFFFFFFFFFF00000000E6
:10B67000FFFF0000000000000000000000000000CC
:10B6800000000000000000000000000000000000BA
:10B69000000000000000FFFF00000000FFFFFFFFB0
:10B6A000FFFFFFFFFFFFFFFFFFFFFFFF00000000A6
:10B6B000FFFF00000000000000000000000000008C
:10B6C000000000000000000000000000000000007A
:10B6D000000000000000FFFF00000000FFFFFFFF70
:10B6E000FFFFFFFFFFFFFFFFFFFFFFFF0000000066
:10B6F000FFFF00000000000000000000000000004C
:10B700000000000000000000000000000000000039
:10B71000000000000000FFFF00000000FFFFFFFF2F
:10B72000FFFFFFFFFFFFFFFFFFFFFFFF0000000025
:10B73000FFFF00000000000000000000000000000B
:10B7400000000000000000000000000000000000F9
:10B75000000000000000FFFF00000000FFFFFFFFEF
:10B76000FFFFFFFFFFFFFFFFFFFFFFFF00000000E5
:10B77000FFFFFFFFFFFFFFFFFFFFFFFFFFFFFFFFD9
:10B78000FFFFFFFFFFFFFFFFFFFFFFFFFFFFFFFFC9
:10B79000FFFFFFFFFFFFFFFF00000000FFFFFFFFB5
:10B7A000FFFFFFFFFFFFFFFFFFFFFFFF00000000A5
:10B7B000FFFFFFFFFFFFFFFFFFFFFFFFFFFFFFFF99
:10B7C000FFFFFFFFFFFFFFFFFFFFFFFFFFFFFFFF89
:10B7D000FFFFFFFFFFFFFFFF00000000FFFFFFFF75
:10B7E000FFFFFFFFFFFFFFFFFFFFFFFF0000000065
:10B7F000FFFFFFFFFFFFFFFFFFFFFFFFFFFFFFFF59
:10B80000FFFFFFFFFFFFFFFFFFFFFFFFFFFFFFFF48
:10B81000FFFFFFFFFFFFFFFF00000000FFFFFFFF34
:10B82000FFFFFFFFFFFFFFFFFFFFFFFF0000000024
:10B83000FFFFFFFFFFFFFFFFFFFFFFFFFFFFFFFF18
:10B84000FFFFFFFFFFFFFFFFFFFFFFFFFFFFFFFF08
:10B85000FFFFFFFFFFFFFFFF00000000FFFFFFFFF4
:10B86000FFFFFFFFFFFFFFFFFFFFFFFF00000000E4
:10B87000FFFFFFFFFFFFFFFFFFFFFFFFFFFFFFFFD8
:10B88000FFFFFFFFFFFFFFFFFFFFFFFFFFFFFFFFC8
:10B89000FFFFFFFFFFFFFFFF00000000FFFFFFFFB4
:10B8A000FFFFFFFFFFFFFFFFFFFFFFFF00000000A4
:10B8B000FFFFFFFFFFFFFFFFFFFFFFFFFFFFFFFF98
:10B8C000FFFFFFFFFFFFFFFFFFFFFFFFFFFFFFFF88
:10B8D000FFFFFFFFFFFFFFFF00000000FFFFFFFF74
:10B8E000FFFFFFFFFFFFFFFFFFFFFFFF0000000064
:10B8F000FFFF00000000000000000000000000004A
:10B900000000000000000000000000000000000037
:10B91000000000000000FFFF00000000FFFFFFFF2D
:10B92000FFFFFFFFFFFFFFFFFFFFFFFF0000000023
:10B93000FFFF000000000000000000000000000009
:10B9400000000000000000000000000000000000F7
:10B95000000000000000FFFF00000000FFFFFFFFED
:10B96000FFFFFFFFFFFFFFFFFFFFFFFF00000000E3
:10B97000FFFF0000000000000000000000000000C9
:10B9800000000000000000000000000000000000B7
:10B99000000000000000FFFF00000000FFFFFFFFAD
:10B9A000FFFFFFFFFFFFFFFFFFFFFFFF00000000A3
:10B9B000FFFF000000000000000000000000000089
:10B9C0000000000000000000000000000000000077
:10B9D000000000000000FFFF00000000FFFFFFFF6D
:10B9E000FFFFFFFFFFFFFFFFFFFFFFFF0000000063
:10B9F000FFFFFFFFFFFFFFFFFFFFFFFFFFFFFFFF57
:10BA0000FFFFFFFFFFFFFFFFFFFFFFFFFFFFFFFF46
:10BA1000FFFFFFFFFFFFFFFF00000000FFFFFFFF32
:10BA2000FFFFFFFFFFFFFFFFFFFFFFFF0000000022
:10BA3000FFFFFFFFFFFFFFFFFFFFFFFFFFFFFFFF16
:10BA4000FFFFFFFFFFFFFFFFFFFFFFFFFFFFFFFF06
:10BA5000FFFFFFFFFFFFFFFF00000000FFFFFFFFF2
:10BA6000FFFFFFFFFFFFFFFFFFFFFFFF00000000E2
:10BA7000FFFF0000000000000000000000000000C8
:10BA800000000000000000000000000000000000B6
:10BA9000000000000000FFFF00000000FFFFFFFFAC
:10BAA000FFFFFFFFFFFFFFFFFFFFFFFF00000000A2
:10BAB000FFFF000000000000000000000000000088
:10BAC0000000000000000000000000000000000076
:10BAD000000000000000FFFF00000000FFFFFFFF6C
:10BAE000FFFFFFFFFFFFFFFFFFFFFFFF0000000062
:10BAF000FFFF000000000000000000000000000048
:10BB00000000000000000000000000000000000035
:10BB1000000000000000FFFF00000000FFFFFFFF2B
:10BB2000FFFFFFFFFFFFFFFFFFFFFFFF0000000021
:10BB3000FFFF000000000000000000000000000007
:10BB400000000000000000000000000000000000F5
:10BB5000000000000000FFFF00000000FFFFFFFFEB
:10BB6000FFFFFFFFFFFFFFFFFFFFFFFF00000000E1
:10BB7000FFFFFFFFFFFFFFFFFFFFFFFFFFFFFFFFD5
:10BB8000FFFFFFFFFFFFFFFFFFFFFFFFFFFFFFFFC5
:10BB9000FFFFFFFFFFFFFFFF00000000FFFFFFFFB1
:10BBA000FFFFFFFFFFFFFFFFFFFFFFFF00000000A1
:10BBB000FFFFFFFFFFFFFFFFFFFFFFFFFFFFFFFF95
:10BBC000FFFFFFFFFFFFFFFFFFFFFFFFFFFFFFFF85
:10BBD000FFFFFFFFFFFFFFFF00000000FFFFFFFF71
:10BBE000FFFFFFFFFFFFFFFFFFFFFFFF0000000061
:10BBF000FFFFFFFFFFFFFFFFFFFFFFFFFFFFFFFF55
:10BC0000FFFFFFFFFFFFFFFFFFFFFFFFFFFFFFFF44
:10BC1000FFFFFFFFFFFFFFFF00000000FFFFFFFF30
:10BC2000FFFFFFFFFFFFFFFFFFFFFFFF0000000020
:10BC3000FFFFFFFFFFFFFFFFFFFFFFFFFFFFFFFF14
:10BC4000FFFFFFFFFFFFFFFFFFFFFFFFFFFFFFFF04
:10BC5000FFFFFFFFFFFFFFFF00000000FFFFFFFFF0
:10BC6000FFFFFFFFFFFFFFFFFFFFFFFF00000000E0
:10BC7000FFFF0000000000000000000000000000C6
:10BC800000000000000000000000000000000000B4
:10BC9000000000000000FFFF00000000FFFFFFFFAA
:10BCA000FFFFFFFFFFFFFFFFFFFFFFFF00000000A0
:10BCB000FFFF000000000000000000000000000086
:10BCC0000000000000000000000000000000000074
:10BCD000000000000000FFFF00000000FFFFFFFF6A
:10BCE000FFFFFFFFFFFFFFFFFFFFFFFF0000000060
:10BCF000FFFF000000000000000000000000000046
:10BD00000000000000000000000000000000000033
:10BD1000000000000000FFFF00000000FFFFFFFF29
:10BD2000FFFFFFFFFFFFFFFFFFFFFFFF000000001F
:10BD3000FFFF000000000000000000000000000005
:10BD400000000000000000000000000000000000F3
:10BD5000000000000000FFFF00000000FFFFFFFFE9
:10BD6000FFFFFFFFFFFFFFFFFFFFFFFF00000000DF
:10BD7000FFFFFFFFFFFFFFFFFFFFFFFFFFFFFFFFD3
:10BD8000FFFFFFFFFFFFFFFFFFFFFFFFFFFFFFFFC3
:10BD9000FFFFFFFFFFFFFFFF00000000FFFFFFFFAF
:10BDA000FFFFFFFFFFFFFFFFFFFFFFFF000000009F
:10BDB000FFFFFFFFFFFFFFFFFFFFFFFFFFFFFFFF93
:10BDC000FFFFFFFFFFFFFFFFFFFFFFFFFFFFFFFF83
:10BDD000FFFFFFFFFFFFFFFF00000000FFFFFFFF6F
:10BDE000FFFFFFFFFFFFFFFFFFFFFFFF000000005F
:10BDF000FFFF000000000000000000000000000045
:10BE00000000000000000000000000000000000032
:10BE1000000000000000FFFF00000000FFFFFFFF28
:10BE2000FFFFFFFFFFFFFFFFFFFFFFFF000000001E
:10BE3000FFFF000000000000000000000000000004
:10BE400000000000000000000000000000000000F2
:10BE5000000000000000FFFF00000000FFFFFFFFE8
:10BE6000FFFFFFFFFFFFFFFFFFFFFFFF00000000DE
:10BE7000FFFF0000000000000000000000000000C4
:10BE800000000000000000000000000000000000B2
:10BE9000000000000000FFFF00000000FFFFFFFFA8
:10BEA000FFFFFFFFFFFFFFFFFFFFFFFF000000009E
:10BEB000FFFF000000000000000000000000000084
:10BEC0000000000000000000000000000000000072
:10BED000000000000000FFFF00000000FFFFFFFF68
:10BEE000FFFFFFFFFFFFFFFFFFFFFFFF000000005E
:10BEF000FFFFFFFFFFFFFFFFFFFFFFFFFFFFFFFF52
:10BF0000FFFFFFFFFFFFFFFFFFFFFFFFFFFFFFFF41
:10BF1000FFFFFFFFFFFFFFFF00000000FFFFFFFF2D
:10BF2000FFFFFFFFFFFFFFFFFFFFFFFF000000001D
:10BF3000FFFFFFFFFFFFFFFFFFFFFFFFFFFFFFFF11
:10BF4000FFFFFFFFFFFFFFFFFFFFFFFFFFFFFFFF01
:10BF5000FFFFFFFFFFFFFFFF00000000FFFFFFFFED
:10BF6000FFFFFFFFFFFFFFFFFFFFFFFF00000000DD
:10BF7000FFFFFFFFFFFFFFFFFFFFFFFFFFFFFFFFD1
:10BF8000FFFFFFFFFFFFFFFFFFFFFFFFFFFFFFFFC1
:10BF9000FFFFFFFFFFFFFFFF00000000FFFFFFFFAD
:10BFA000FFFFFFFFFFFFFFFFFFFFFFFF000000009D
:10BFB000FFFFFFFFFFFFFFFFFFFFFFFFFFFFFFFF91
:10BFC000FFFFFFFFFFFFFFFFFFFFFFFFFFFFFFFF81
:10BFD000FFFFFFFFFFFFFFFF00000000FFFFFFFF6D
:10BFE000FFFFFFFFFFFFFFFFFFFFFFFF000000005D
:10BFF0000000000000000000000000000000000041
:10C000000000000000000000000000000000000030
:10C01000000000000000000000000024FFFFFFFF00
:10C02000FFFFFFFFFFFFFFFFFFFFFFFF6D000000AF
:10C030000000000000000000000000000000000000
:10C0400000000000000000000000000000000000F0
:10C0500000000000000000000000006DFFFFFFFF77
:10C06000FFFFFFFFFFFFFFFFFFFFFFFFDB240000DD
:10C0700000000000000000000000000000000000C0
:10C0800000000000000000000000000000000000B0
:10C090000000000000000000000024DBFFFFFFFFA5
:10C0A000FFFFFFFFFFFFFFFFFFFFFFFFFFDB6D0055
:10C0B0000000000000000000000000000000000080
:10C0C0000000000000000000000000000000000070
:10C0D0000000000000000000006DDBFFFFFFFFFF1D
:10C0E000FFFFFFFF24000000000000000000000030
:10C0F0000000000000DBFFFFFFFF240049FFDB24FE
:10C1000000B6FFFF000092FFDB2400000024FFFFC9
:10C11000FFFFDB2400000000000000000000000022
:10C1200000000024240000000000000000000000C7
:10C130000000000000DBFFFFFFFF240049FFDB24BD
:10C1400000B6FFFF000092FFDB2400000024FFFF89
:10C15000FFFFDB24000000000000000000000000E2
:10C16000000000242400246D6D6D6D6D6D6D6D6D8E
:10C170006D6D490000DBFFFFFFFF240049FFFF92C8
:10C180006DDBFFFF000092FFFF926D24002492926E
:10C19000FFFFDB2400496D6D6D6D6D6D6D6D6D6D17
:10C1A0006D240024240049FFFFFFFFFFFFFFFFFF76
:10C1B000FFFFB60000DBFFFFFFFF240049FFFFFF8A
:10C1C000FFFFFFFF000092FFFFFFFF49000000009C
:10C1D000DBFFDB2400B6FFFFFFFFFFFFFFFFFFFFDA
:10C1E000FF490024240049FFFFFFDBDBDBDBDBDB57
:10C1F000FFFFB60000DBFFFFDBDB240049FFFFFF92
:10C20000FFFFFFFF000092FFFFFFDB490000242437
:10C21000DBFFDB2400B6FFFFDBDBDBDBDBDBFFFF71
:10C22000FF490024240049FFFF242424242424243B
:10C23000DBFFB60000DBFFDB2424000049FFFFFF2B
:10C24000FFFFFFFF000092FFFF2400000024FFFF1C
:10C25000FFFFDB2400B6FF9224242424242449FF7A
:10C26000FF490024240049FFDB24000000000000F7
:10C27000DBFFB60000DBFFDB000000006DFFFFFF0F
:10C28000FFFFFFFF000092FFFF2400000049FFFFB7
:10C29000FFFFDB2400B6FF6D00000000000024FF5C
:10C2A000FF490024240049FFDB24000000000000B7
:10C2B000DBFFB60000DBFFDB000092DBDBFFFFFFF4
:10C2C000FFFFFFFFDBDBFFFFFFDBDBDBDBB649490B
:10C2D000DBFFDB2400B6FF6D00000000000024FF40
:10C2E000FF490024240049FFDB2400000000000077
:10C2F000DBFFB60000DBFFDB0000DBFFFFFFFFFF23
:10C30000FFFFFFFFFFFFFFFFFFFFFFFFFFDB00005F
:10C31000DBFFDB2400B6FF6D00000000000024FFFF
:10C32000FF490024240049FFDB2400000000000036
:10C33000DBFFB60000DBFFDB6D6DDBFFFFDBDBDB74
:10C34000DBDBDBDBDBDBFFFFFFDBDBFFFFDB2424F7
:10C35000DBFFDB2400B6FF6D00000000000024FFBF
:10C36000FF490024240049FFDB24000000000000F6
:10C37000DBFFB60000DBFFFFFFFFFFFFDB0000007D
:10C3800000000000000092FFDB0000DBFFFFFFFF6A
:10C39000FFFFDB2400B6FF6D00000000000024FF5B
:10C3A000FF490024240049FFDB24000000000000B6
:10C3B000DBFFB60000DBFFFFFFFFFFFFDB0000003D
:10C3C00000000000000092FFDB0000DBFFFFFFFF2A
:10C3D000FFFFDB2400B6FF6D00000000000024FF1B
:10C3E000FF490024240049FFFFDBDBDBDBDBDBDB79
:10C3F000FFFFB60000DBFFFFFFFFB692926D6D6D91
:10C400006D240000DBDBFFFFFFDBB69292B6FFFF7F
:10C41000FFFFDB2400B6FFDBDBDBDBDBDBDBDBFF93
:10C42000FF490024240049FFFFFFFFFFFFFFFFFF3C
:10C43000FFFFB60000DBFFFFFFFF240049FFFFFF07
:10C44000FF6D0000FFFFFFFFFFFFB6000024FFFFAE
:10C45000FFFFDB2400B6FFFFFFFFFFFFFFFFFFFF33
:10C46000FF490024240024929292929292929292F6
:10C470009292490000DBFFFFDBDB240049DBDBFF9E
:10C48000FF924924DBDBDBDBDBDB92000024DBDB20
:10C49000FFFFDB24006D929292929292929292927E
:10C4A000922400242400000000000000000000008E
:10C4B0000000000000DBFFDB00000000000024FFA4
:10C4C000FFFFFF4900000000000000000000000026
:10C4D000DBFFDB2400000000000000000000000083
:10C4E000000000246D24242424242424242424242F
:10C4F0002424242449DBFFDB00000000000024FF8B
:10C50000FFFFFF49000000000000000000000000E5
:10C51000DBFFFF4924242424242424242424242449
:10C520002424246DFFFFFFFFFFFFFFFFFFFFFFFF3E
:10C53000FFFFFFFFFFFFFFFFDBDB240049DBDBFF2B
:10C54000FFFFFFDBDB92000000B6DB240024DBDB17
:10C55000FFFFFFFFFFFFFFFFFFFFFFFFFFFFFFFFEB
:10C56000FFFFFFFFFFFFFFFFFFFFFFFFFFFFFFFFDB
:10C57000FFFFFFFFFFFFFFFFFFFF240049FFFFFF5B
:10C58000FFFFFFFFFFDB000024DBFF490024FFFF6C
:10C59000FFFFFFFFFFFFFFFFFFFFFFFFFFFFFFFFAB
:10C5A000FFFFFFFFFFFFFFFFFF9292DBFFFF929273
:10C5B000FFFFFF92929292DBFFFF926DB6FFFFB6F4
:10C5C00092929292FFDB000024DBFFB66D6D929297
:10C5D0009292B6FFFFFFFFFFFFFF92929292B6FF8B
:10C5E000FFFFFFFFFFFFFFFFDB2400B6FFDB0000C4
:10C5F000DBFFDB0000000092FFFFFFFFFFFFFF24D7
:10C6000000000000FFDB000024DBFFFFFFDB000079
:10C61000000049FFFFFFFFFFFFFF0000000024FFB5
:10C62000FFFFFFFFFFFFFFFFDB2400B6FFDB000083
:10C63000DBFFDB0000000092FFFFFFFFFFFFFF2496
:10C6400000000000FFDB000024DBFFFFFFDB000039
:10C65000000049FFFFFFFFFFFFFF0000000024FF75
:10C66000FFFFFFFFB692929292FFFFFFFFDB0000F9
:10C67000DBFFFFFFFFFFFFFFFFFF6D246DFFFFFFED
:10C68000FFFFFFFFFFDB000024DBFFFFFFFFDBDB23
:10C69000240049FFFF6D24B6FFFF000092FFDB007E
:10C6A000000000242400000024DBFFFFFFDB00006B
:10C6B000DBFFFFFFFFFFFFFFFFFF240049FFFFFF3E
:10C6C000FFFFFFFFFFDB000024DBFFFFFFFFFFFF9B
:10C6D000240049FFFF240092FFFF000092FFDB00CF
:10C6E000000000246D24242449B6DBDBDBB62424BF
:10C6F0006D92929292FFFFFFFFFF240049FFFFDB44
:10C70000DBDBDBFFFFDB000024DBFFFFFFFFB6B658
:10C7100024002492926D4992B6B6000049926D00B1
:10C7200000000024FFFFFFFFDB2400000049FFFFA3
:10C730002400000024DBFFFFFFFF240049FFB600B8
:10C74000000000B6FFDB000024DBFFFFFFDB000082
:10C750000000000000DBFFDB000000000000000024
:10C7600000000024FFFFFFFFDB0000000024FFFFAC
:10C770002400002449FFFFFFDBDB492449FF92002E
:10C78000000000B6FFB6000000B6DBDBDBB62424F9
:10C790002424242424FFFFDB2424242424242424EC
:10C7A000242424496D24242424000000000024248F
:10C7B000000049FFFFFFFF922424FFDB49242400EF
:10C7C0000000002424240000000000000049DBDBFE
:10C7D000DBDBDBDBFFFFFFFFDBDBDBDBDBDBDBDB19
:10C7E000DBDBDBFF24000000000000000000000095
:10C7F00000006DFFFFFFFF6D0000FFFF2400000041
:10C800000000000000000000000000000049FFFFE1
:10C81000FFFFFFFFFFFFFFFFFFFFFFFFFFFFFFFF28
:10C82000FFFFFFFF926D6D6D6D6D6D6D6D490000C9
:10C8300092DBB69292FFFFDBB6B6FFFF2400006DDD
:10C840006D240000496D490000B6DBDBDBDBFFFF38
:10C85000FFFFFF9292FFFFB69292FFFFFFFFFF9252
:10C86000929292B6FFFFFFFFFFFFFFFFFFDB00008A
:10C87000DBFFB60024DBFFFFFFFFFFFF240024DB0C
:10C88000FF490000DBFFB60024DBFFFFFFFFFFFFD7
:10C89000FFFFDB0024DBFF6D0000FFFFFFFFDB007D
:10C8A00000000024FFFFFFFFFFFFFFFFFFDB000092
:10C8B000DBFFB60024DBFFFFFFFFFFFF240024DBCC
:10C8C000FF490000DBFFB60024DBFFFFFFFFFFFF97
:10C8D000FFFFDB0024DBFF6D0000FFFFFFFFDB003D
:10C8E0000000002424000000000000000000000000
:10C8F0000000000000000092FFDB000049FFDB2485
:10C9000000000000DBFFB60024DBFFFFFFDB0000C0
:10C91000DBFFDB00000000000000FFFF6D000000F7
:10C9200000000024240000000000000000000000BF
:10C930000000000000000092FFDB000049FFDB2444
:10C9400000000000DBFFB60024DBFFFFFFDB000080
:10C95000DBFFDB00000000000000FFFF6D000000B7
:10C960000000002424000000006D6D6D6D6D6D6D84
:10C970006D6D6D6D6D6D6DDBFFDB000049FFFF922E
:10C980006D240000DBFFB600006D929292926D6DF7
:10C99000DBFFFF6D6D6D6D6D6D6DFFFF6D00000058
:10C9A00000496D922400000024DBFFFFFFFFFFFF22
:10C9B000FFFFFFFFFFFFFFFFFFDB000049FFFFFF5F
:10C9C000FF490000DBFFB600000000000024FFFF6D
:10C9D000FFFFFFFFFFFFFFFFFFFFFFFF6D000000F6
:10C9E00000B6FFFF6D24242449FFFFFFDBDBDBDB08
:10C9F000DBDBFFFFFFFFFFDBDB9200246DDBDBDB1C
:10CA0000DB240000DBFFB62424242424246DFFFF54
:10CA1000FFDBDBDBDBDBDBFFFFFFDBDB6D2424008D
:10CA200000B6FFFFFFFFFFFFFFFFFF6D242424245C
:10CA3000242449FFFFFFFF49000049FFDB240000D9
:10CA400000000000DBFFFFFFFFFFFFFFFFFFFFFF16
:10CA50004924242424242492FFFF000092FFB600DE
:10CA600000B6FFFFFFFFFFFFFFFFFF4900000000D0
:10CA7000000024FFFFFFFF49000049FFFF240000E2
:10CA800000000000DBFFFFFFFFFFFFFFFFFFFFFFD6
:10CA90002400000000000092FFFF00006DFFB600C0
:10CAA00000B6FFFF6D4992FFFF6D4992B6B6B6B66C
:10CAB000B6B6B6FFFFFFFF49000049FFFFDBDBDB37
:10CAC000DBDBDBDB4949B6FFDB6D6DDBFFDB4949B7
:10CAD00000002492B6B6B6B6242400000024240038
:10CAE0000024246D240049FFDB2400B6FFFFFFFF74
:10CAF000FFFFFFFFFFFFFF49000049FFFFFFFFFFB0
:10CB0000FFFFFFFF000092FFDB0000DBFFDB000008
:10CB1000000024FFFFFFFFDB00000000000000001A
:10CB200000000024240049DBB64949DBFFFF929254
:10CB30009292929292929224000049FFFFDBDBFFD7
:10CB4000FFDBDBDB00006DDB920000DBFFDB0000C6
:10CB5000242449B6DBFFFFDB0000496D6D6D6D6D70
:10CB60006D6D6D922400000024DBFFFFFFDB0000F1
:10CB70000000000000000000000049FFB60024DBB8
:10CB8000FF6D000000000000000000DBFFDB000084
:10CB9000DBFFB60024DBFFDB0000DBFFFFFFFFFF56
:10CBA000FFFFFFFF2400000024DBFFFFFFDB00008E
:10CBB0000000000000000000000049FFB60024DB78
:10CBC000FF6D000000000000000000DBFFDB000044
:10CBD000DBFFB60024DBFFDB0000DBFFFFFFFFFF16
:10CBE000FFFFFFFFDBDB920024DBFFFFFFDB00002A
:10CBF000246D6D6D6D6D6D24000049FFFFDBDB4919
:10CC00000024DBDBDBDBDBDBDBDBDBFFFFDB000074
:10CC1000DBFFFFDBDBFFFFFFFFFFFFFFFFFFFFFF90
:10CC2000FFFFFFFFFFFFB60024DBFFFFFFDB00007D
:10CC300092FFFFFFFFFFFF6D000049FFFFFFFF496D
:10CC40000024FFFFFFFFFFFFFFFFFFFFFFDB0000F0
:10CC5000DBFFFFFFFFFFFFFFFFFFFFFFFFFFFFFF08
:10CC6000FFFFFFFFDBB692496DFFFFFFFFDB000018
:10CC700092FFFFDBDBFFFF6D000024929292926D2A
:10CC80006D92FFFFFFFFFFFFFFFFFFDBDBB64949B0
:10CC9000DBFFFFFFFFFFFFFFFFFFFFFFFFFFFFFFC8
:10CCA000FFFFFFFF490049FFFFFFFFFFFFDB000021
:10CCB00092FFDB2424DBFF6D00000000000000B6C3
:10CCC000FFFFFFFFFFFFB62449FFFF490049FFFFB9
:10CCD000FFFFFF492424242424242424242424245E
:10CCE0002424246D49246DFFFFDBDBDBDB92000095
:10CCF00092FFDB2424DBFF6D00000024242424DBCE
:10CD0000FFFFFFFFFFFFB60024DBFF490024FFFF0A
:10CD1000FFFFDB2400000000000000000000000016
:10CD200000000024FFDBFFFFFF24000000000000E4
:10CD300092FFFFDBDBFFFF6D000049FFFFFFFFFFFE
:10CD4000FFFF92929292926D92FFFF49000024247D
:10CD5000DBFFDB240092DBDBDBDBDBDBDBDBDBDBDA
:10CD6000DB240024FFFFFFFFFF2400000000000081
:10CD700092FFFFFFFFFFFF6D000049FFFFFFFFFF76
:10CD8000FFDB0000000049FFFFFFFF49000000003B
:10CD9000DBFFDB2400B6FFFFFFFFFFFFFFFFFFFF0E
:10CDA000FF490024FFFFFFFFFFDBDBDBDB9200001E
:10CDB00049929292929292240000002449FFFFFF30
:10CDC000FFDB0000000049FFFFFFFFB66D490000D8
:10CDD000DBFFDB2400B6FFB6929292929292B6FFEE
:10CDE000FF490024240049FFFFFFFFFFFFDB000095
:10CDF00000000000000000000000000024DBFF49EC
:10CE00000024FFFFFFFFFFFFDB2400B6FFDB000075
:10CE1000DBFFDB2400B6FF6D00000000000024FFF4
:10CE2000FF490024240049FFFFFFFFFFFFDB6D6D7A
:10CE30006D6D6D6D6D6D6D6D6D6D6D6D92FFFF49FD
:10CE40000024FFFFFFFFFFFFDB2400B6FFDB000035
:10CE5000DBFFDB2400B6FF6D00000000000024FFB4
:10CE6000FF490024926D6D92929292DBFFFFFFFFCB
:10CE7000FFFFFFFFFFFFFFFFFFFFFFFFFFFFFF4978
:10CE800000249292929292926D0000B6FFFFFFFFF3
:10CE9000FFFFDB2400B6FF6D00000000000024FF50
:10CEA000FF490024FFFFB600000000B6FFFFFFFFB0
:10CEB000FFFFFFFFFFFFFFFFFFFFFFFFFFFFFF4938
:10CEC0000000000000000000000000B6FFFFFFFFB0
:10CED000FFFFDB2400B6FF6D00000000000024FF10
:10CEE000FF490024DBDB9200000000B6FFFFDBDB24
:10CEF000FFFFFFFFFFFFFFFFFFFFFFDBDBDBDB24AD
:10CF00000000242424242400004949B6DBDBDBDBB9
:10CF1000FFFFDB2400B6FF6D00000000000024FFCF
:10CF2000FF49002449000000000000B6FFDB0000BC
:10CF3000DBFFFFFFFFFFFFFFFFFFB6000000000069
:10CF40000024FFFFFFFF920000DBFF49000000000C
:10CF5000DBFFDB2400B6FF6D00000000000024FFB3
:10CF6000FF49002449000000000000B6FFDB00007C
:10CF7000B6FFFFFFFFFFFFFFFFFFB600000000004E
:10CF80000024FFFFFFFFB60024DBFF6D24242424D0
:10CF9000DBFFDB2400B6FF922424242424246DFF2D
:10CFA000FF490024DBDB9200000000B6FFDB00003D
:10CFB00024246DFFFFFFFFFF6D246DDBDBDBDB2433
:10CFC00000002424DBFFB60024DBFFFFDBDBDBDB20
:10CFD000FFFFDB2400B6FFFFFFFFFFFFFFFFFFFFA8
:10CFE000FF490024FFFFB600000000B6FFDB000091
:10CFF000000049FFFFFFFFFF240049FFFFFFFF493B
:10D0000000000000DBFFB60000DBFFFFFFFFFFFFBB
:10D01000FFFFDB2400B6FFFFFFFFFFFFFFFFFFFF67
:10D02000FF490024B69292B6B6B6B692926D000051
:10D030000000249292FFFFFF240049FFFF929224F8
:10D0400000006D6D92924900004949DBFFFF92920A
:10D05000FFFFDB2400242424242424242424242447
:10D0600024000024240049FFFFFFFF4900000000C6
:10D070000000000000DBFFFF240049FFDB2400006C
:10D080000024FFFF24000000000000B6FFDB0000CA
:10D09000DBFFDB24000000000000000000000000B7
:10D0A00000000024240049FFFFFFFF4900000000AA
:10D0B0000000000000DBFFFF240049FFDB2400002C
:10D0C0000024FFFF24000000000000B6FFDB00008A
:10D0D000DBFFDB2400000000000000000000000077
:10D0E00000000024926D24242424242424242424B5
:10D0F00024242424242424242424242424242424F0
:10D1000024242424242424242424242424242424DF
:10D11000242424242424242449496D92DBDBFFFFAA
:10D12000FFFFFFFF49240000000000000000000096
:10D1300000000000000000000000000000000000EF
:10D1400000000000000000000000000000000000DF
:10D15000000000000000000000002424496DB6DB40
:10D16000FFFFFFFF49000000244949494949494957
:10D17000494949494949494949494949494949491F
:10D18000494949494949494949494949494949490F
:10D1900049494949494949494924240000246D9293
:10D1A000DBFFFFFF4900002492DBFFFFFFFFFFFFD3
:10D1B000FFFFFFFFFFFFFFFFFFFFFFFFFFFFFFFF7F
:10D1C000FFFFFFFFFFFFFFFFFFFFFFFFFFFFFFFF6F
:10D1D000FFFFFFFFFFFFFFFFDBB66D4900000049C7
:10D1E000B6DBFFFF49000024B6FFFFFFFFFFFFFF94
:10D1F000FFFFFFFFFFFFFFFFFFFFFFFFFFFFFFFF3F
:10D20000FFFFFFFFFFFFFFFFFFFFFFFFFFFFFFFF2E
:10D21000FFFFFFFFFFFFFFFFFFFFDBB649240024F6
:10D220006D92FFFF49000024B6FFFFFFFFFFFFFFE5
:10D23000FFFFDBB6B6B6DBFFFFFFFFFFFFFFFFFF21
:10D24000FFFFFFFFFFFFFFFFFFFFFFFFFFFFFFFFEE
:10D25000FFFFFFFFFFFFFFFFFFFFFFFFB66D0000B7
:10D26000246DDBFF49000024B6FFFFFFFFFFFFFF37
:10D27000FFFF9249242492DBFFFFFFFFFFFFFFFF28
:10D28000FFFFFFFFFFFFFFFFFFFFFFFFFFFFFFFFAE
:10D29000FFFFFFFFFFFFFFFFFFFFFFFFDBB62400E5
:10D2A0000049DBFF49000024B6FFFFFFFFFFFFFF3F
:10D2B000FFFF9249000049B6DBFFFFFFFFFFFFFFC2
:10D2C000FFFFFFFFFFFFFFFFFFFFFFFFFFFFFFFF6E
:10D2D000FFFFFFFFFFFFFFFFFFFFFFFFFFB6240081
:10D2E0000024DBFF49000024B6FFFFFFFFFFFFFF24
:10D2F000FFFFB66D2400246DB6FFFFFFFFFFFFFFA9
:10D30000FFFFFFDBB692926D6D6D6D6D9292DBDB70
:10D31000FFFFFFFFFFFFFFFFFFFFFFFFFFB6240040
:10D320000024DBFF49000024B6FFFFFFFFFFFFFFE3
:10D33000FFFFDBB64900002492DBFFFFFFFFFFFF8A
:10D34000FFDB9292492424000000000024496D92E2
:10D35000B6DBFFFFFFFFFFFFFFFFFFFFFFB624006D
:10D360000024DBFF49000024B6FFFFFFFFFFFFFFA3
:10D37000FFFFFFFF6D2400006DB6FFFFFFFFFFFF03
:10D38000B66D240000000000000000000000000056
:10D39000246DDBFFFFFFFFFFFFFFFFFFFFB6240051
:10D3A0000024DBFF49000024B6FFFFFFFFFFFFFF63
:10D3B000FFFFFFFF92492400496DDBFFFFFFDB9277
:10D3C00049240000244992B6B6B6B6926D490000D1
:10D3D00000244992FFFFFFFFFFFFFFFFFFB624007D
:10D3E0000024DBFF49000024B6FFFFFFFFFFFFFF23
:10D3F000FFFFFFFFDB9249000024496D9292492410
:10D400000000244992B6DBFFFFFFFFFFDBB66D494A
:10D4100000000049DBDBFFFFFFFFFFFFFFB624003A
:10D420000024DBFF49000024B6FFFFFFFFFFFFFFE2
:10D43000FFFFFFFFFFDB6D24000000000000000085
:10D4400000246DB6FFFFFFFFFFFFFFFFFFFFDBB60E
:10D45000492400246DB6FFFFFFFFFFFFFFB6240045
:10D460000024DBFF49000024B6FFFFFFFFFFFFFFA2
:10D47000FFFFFFFFFFFFB66D24000000000000006B
:10D48000246DB6DBFFFFFFFFFFFFFFFFFFFFFFDBAA
:10D49000924900004992FFFFFFFFFFFFFFB6240003
:10D4A0000024DBFF49000024B6FFFFFFFFFFFFFF62
:10D4B000FFFFFFFFFFFFDBDBB6B6B6B66D24000053
:10D4C0004992FFFFFFFFFFFFFFFFFFFFFFFFFFFF8F
:10D4D000DB6D0000006DFFFFFFFFFFFFFFB62400C4
:10D4E0000024DBFF49000024B6FFFFFFFFFFFFFF22
:10D4F000FFFFFFFFFFFFFFFFFFFFFFFFB649000039
:10D5000049B6FFFFFFFFFFFFFFFFFFFFFFFFFFFF2A
:10D51000FF920000006DFFFFFFFFFFFFFFB624003A
:10D520000024DBFF49000024B6FFFFFFFFFFFFFFE1
:10D53000FFFFFFFFFFFFFFFFDBDBDBDB92490000AC
:10D540004992FFFFFFFFFFFFFFFFFFFFFFFFFFFF0E
:10D55000DB920000006DFFFFFFFFFFFFFFB624001E
:10D560000024DBFF49000024B6FFFFFFFFFFFFFFA1
:10D57000FFFFFFFFFFFFB69249492424240000006B
:10D58000246DDBFFFFFFFFFFFFFFFFFFFFFFFFDB60
:10D59000B66D0000246DFFFFFFFFFFFFFFB6240004
:10D5A0000024DBFF49000024B6FFFFFFFFFFFFFF61
:10D5B000FFFFFFFFFFDB92240000000000000000DF
:10D5C000244992DBFFFFFFFFFFFFFFFFFFFFFFB6D6
:10D5D0006D2400246D92FFFFFFFFFFFFFFB62400C4
:10D5E0000024DBFF49000024B6FFFFFFFFFFFFFF21
:10D5F000FFFFFFFFDBB649000000242424242400A1
:10D6000000004992DBDBFFFFFFFFFFFFFFDBB66D92
:10D6100000000049B6DBFFFFFFFFFFFFFFB624005D
:10D620000024DBFF49000024B6FFFFFFFFFFFFFFE0
:10D63000FFFFFFFFB66D2400246DB6DBFFFFB66D64
:10D6400024000024496DB6DBFFFFDBDB926D242450
:10D650000000246DFFFFFFFFFFFFFFFFFFB6240068
:10D660000024DBFF49000024B6FFFFFFFFFFFFFFA0
:10D67000FFFFFFFF922400004992DBFFFFFFFFDB6B
:10D680006D490000002449494949494924240000C2
:10D690002449B6DBFFFFFFFFFFFFFFFFFFB62400BB
:10D6A0000024DBFF49000024B6FFFFFFFFFFFFFF60
:10D6B000FFFFDBDB6D0000006DDBFFFFFFFFFFFF07
:10D6C000DBB66D492424000000000000002424493A
:10D6D00092B6FFFFFFFFFFFFFFFFFFFFFFB6240033
:10D6E0000024DBFF49000024B6FFFFFFFFFFFFFF20
:10D6F000FFFFB69224002449B6DBFFFFFFFFFFFFC8
:10D70000FFFFDBB6926D492424242424496DB6DB47
:10D71000FFFFFFFFFFFFFFFFFFFFFFFFFFB624003C
:10D720000024DBFF49000024B6FFFFFFFFFFFFFFDF
:10D73000FFFF924900004992DBFFFFFFFFFFFFFF61
:10D74000FFFFFFFFFFFFDBDBDBDBDBDBDBFFFFFFE5
:10D75000FFFFFFFFFFFFFFFFFFFFFFFFFFB62400FC
:10D760000024DBFF49000024B6FFFFFFFFFFFFFF9F
:10D77000FFFF924924246DB6FFFFFFFFFFFFFFFF6D
:10D78000FFFFFFFFFFFFFFFFFFFFFFFFFFFFFFFFA9
:10D79000FFFFFFFFFFFFFFFFFFFFFFFFFFB62400BC
:10D7A0000024DBFF49000024B6FFFFFFFFFFFFFF5F
:10D7B000FFFFB6926D6DB6FFFFFFFFFFFFFFFFFF9C
:10D7C000FFFFFFFFFFFFFFFFFFFFFFFFFFFFFFFF69
:10D7D000FFFFFFFFFFFFFFFFFFFFFFFFFFB624007C
:10D7E0000024DBFF49000024B6FFFFFFFFFFFFFF1F
:10D7F000FFFFFFFFFFFFFFFFFFFFFFFFFFFFFFFF39
:10D80000FFFFFFFFFFFFFFFFFFFFFFFFFFFFFFFF28
:10D81000FFFFFFFFFFFFFFFFFFFFFFFFFFB624003B
:10D820000024DBFF49000024B6FFFFFFFFFFFFFFDE
:10D83000FFFFFFFFFFFFFFFFFFFFFFFFFFFFFFFFF8
:10D84000FFFFFFFFFFFFFFFFFFFFFFFFFFFFFFFFE8
:10D85000FFFFFFFFFFFFFFFFFFFFFFFFFFB62400FB
:10D860000024DBFF49000024B6FFFFFFFFFFFFFF9E
:10D87000FFFFFFFFFFFFFFFFFFFFFFFFFFFFFFFFB8
:10D88000FFFFFFFFFFFFFFFFFFFFFFFFFFFFFFFFA8
:10D89000FFFFFFFFFFFFFFFFFFFFFFFFFFB62400BB
:10D8A0000024DBFF49000024B6FFFFFFFFFFFFFF5E
:10D8B000FFFFFFFFFFFFFFFFFFFFFFFFDBDBFFFFC0
:10D8C000FFFFFFFFDBDBFFFFFFFFFFFFDBDBDBFF1C
:10D8D000FFFFFFFFFFFFFFFFFFFFFFFFFFB624007B
:10D8E0000024DBFF49000024B6FFFFFFFFFFFFFF1E
:10D8F000FFFFFFFFFFFFFFFFFFFFB692494992DBEB
:10D90000FFFFDB92494992B6FFFFFFB649496DB66A
:10D91000FFFFFFFFFFFFFFFFFFFFFFFFFFB624003A
:10D920000024DBFF49000024B6FFFFFFFFFFFFFFDD
:10D93000FFFFFFFFFFFFFFFFFFFFB64900006DB6CF
:10D94000FFFFDB6D00004992FFFFDB920000249295
:10D95000FFFFFFFFFFFFFFFFFFFFFFFFFFB62400FA
:10D960000024DBFF49000024B6FFFFFFFFFFFFFF9D
:10D97000FFFFFFFFFFFFFFFFFFFF9224000049B6FC
:10D98000FFFFB64900002492FFFFDB6D0000006D31
:10D99000FFFFFFFFFFFFFFFFFFFFFFFFFFB62400BA
:10D9A0000024DBFF49000024B6FFFFFFFFFFFFFF5D
:10D9B000FFFFFFFFFFFFFFFFFFFF9224000049B6BC
:10D9C000FFFFB64900002492FFFFDB6D0000006DF1
:10D9D000FFFFFFFFFFFFFFFFFFFFFFFFFFB624007A
:10D9E0000024DBFF49000024B6FFFFFFFFFFFFFF1D
:10D9F000FFFFFFFFFFFFFFFFFFFF9224000049B67C
:10DA0000FFFFB64900002492FFFFDB6D0000006DB0
:10DA1000FFFFFFFFFFFFFFFFFFFFFFFFFFB6240039
:10DA20000024DBFF49000024B6FFFFFFFFFFFFFFDC
:10DA3000FFFFFFFFFFFFFFFFFFFF9224000049B63B
:10DA4000FFFFB64900002492FFFFDB6D0000006D70
:10DA5000FFFFFFFFFFFFFFFFFFFFFFFFFFB62400F9
:10DA60000024DBFF49000024B6FFFFFFFFFFFFFF9C
:10DA7000FFFFFFFFFFFFFFFFFFFF9224000049B6FB
:10DA8000FFFFB64900002492FFFFDB6D0000006D30
:10DA9000FFFFFFFFFFFFFFFFFFFFFFFFFFB62400B9
:10DAA0000024DBFF49000024B6FFFFFFFFFFFFFF5C
:10DAB000FFFFFFFFFFFFFFFFFFFF9224000049B6BB
:10DAC000FFFFB64900002492FFFFDB6D0000006DF0
:10DAD000FFFFFFFFFFFFFFFFFFFFFFFFFFB6240079
:10DAE0000024DBFF49000024B6FFFFFFFFFFFFFF1C
:10DAF000FFFFFFFFFFFFFFFFFFFF9224000049B67B
:10DB0000FFFFB64900002492FFFFDB6D0000006DAF
:10DB1000FFFFFFFFFFFFFFFFFFFFFFFFFFB6240038
:10DB20000024DBFF49000024B6FFFFFFFFFFFFFFDB
:10DB3000FFFFFFFFFFFFFFFFFFFF9224000049B63A
:10DB4000FFFFB64900002492FFFFDB920000246D26
:10DB5000FFFFFFFFFFFFFFFFFFFFFFFFFFB62400F8
:10DB60000024DBFF49000024B6FFFFFFFFFFFFFF9B
:10DB7000FFFFFFFFFFFFFFFFFFFF9224000049B6FA
:10DB8000FFFFB64900002492FFFFFFB649494992C2
:10DB9000FFFFFFFFFFFFFFFFFFFFFFFFFFB62400B8
:10DBA0000024DBFF49000024B6FFFFFFFFFFFFFF5B
:10DBB000FFFFFFFFFFFFFFFFFFFF9224000049B6BA
:10DBC000FFFFB64900002492FFFFFFFFDBDBDBFF16
:10DBD000FFFFFFFFFFFFFFFFFFFFFFFFFFB6240078
:10DBE0000024DBFF49000024B6FFFFFFFFFFFFFF1B
:10DBF000FFFFFFFFFFFFFFFFFFFF9224000049B67A
:10DC0000FFFFB64900002492FFFFFFDBB6B6B6DB8C
:10DC1000FFFFFFFFFFFFFFFFFFFFFFFFFFB6240037
:10DC20000024DBFF49000024B6FFFFFFFFFFFFFFDA
:10DC3000FFFFFFFFFFFFFFFFFFFF9224000049B639
:10DC4000FFFFB64900002492FFFFFF92242449926F
:10DC5000FFFFFFFFFFFFFFFFFFFFFFFFFFB62400F7
:10DC60000024DBFF49000024B6FFFFFFFFFFFFFF9A
:10DC7000FFFFFFFFFFFFFFFFFFFF9249000049B6D4
:10DC8000FFFFB64900002492FFFFDB920000006D09
:10DC9000FFFFFFFFFFFFFFFFFFFFFFFFFFB62400B7
:10DCA0000024DBFF49000024B6FFFFFFFFFFFFFF5A
:10DCB000FFFFFFFFFFFFFFFFFFFFB64924246DB604
:10DCC000FFFFB64900002492FFFFDB6D0000006DEE
:10DCD000FFFFFFFFFFFFFFFFFFFFFFFFFFB6240077
:10DCE0000024DBFF49000024B6FFFFFFFFFFFFFF1A
:10DCF000FFFFFFFFFFFFFFFFFFFFDB929292B6DB0C
:10DD0000FFFFB64900002492FFFFDB920000246D64
:10DD1000FFFFFFFFFFFFFFFFFFFFFFFFFFB6240036
:10DD20000024DBFF49000024B6FFFFFFFFFFFFFFD9
:10DD3000FFFFFFFFFFFFFFFFFFFFFFFFFFFFFFFFF3
:10DD4000FFFFB64900002492FFFFFFB649496DB6B8
:10DD5000FFFFFFFFFFFFFFFFFFFFFFFFFFB62400F6
:10DD60000024DBFF49000024B6FFFFFFFFFFFFFF99
:10DD7000FFFFFFFFFFFFFFFFFFFFFFFFFFFFFFFFB3
:10DD8000FFFFB64900002492FFFFFFFFDBDBDBFF54
:10DD9000FFFFFFFFFFFFFFFFFFFFFFFFFFB62400B6
:10DDA0000024DBFF49000024B6FFFFFFFFFFFFFF59
:10DDB000FFFFFFFFFFFFFFFFFFFFFFFFFFFFFFFF73
:10DDC000FFFFB64900002492FFFFFFFFFFFFFFFFA8
:10DDD000FFFFFFFFFFFFFFFFFFFFFFFFFFB6240076
:10DDE0000024DBFF49000024B6FFFFFFFFFFFFFF19
:10DDF000FFFFFFFFFFFFFFFFFFFFFFFFFFFFFFFF33
:10DE0000FFFFB64900002492FFFFFFFFFFFFFFFF67
:10DE1000FFFFFFFFFFFFFFFFFFFFFFFFFFB6240035
:10DE20000024DBFF49000024B6FFFFFFFFFFFFFFD8
:10DE3000FFFFFFFFFFFFFFFFFFFFFFFFFFFFFFFFF2
:10DE4000FFFFB64900002492FFFFFFFFFFFFFFFF27
:10DE5000FFFFFFFFFFFFFFFFFFFFFFFFFFB62400F5
:10DE60000024DBFF49000024B6FFFFFFFFFFFFFF98
:10DE7000FFFFFFFFFFFFFFFFFFFFFFFFFFFFFFFFB2
:10DE8000FFFFB64900002492FFFFFFFFFFFFFFFFE7
:10DE9000FFFFFFFFFFFFFFFFFFFFFFFFFFB62400B5
:10DEA0000024DBFF49000024B6FFFFFFFFFFFFFF58
:10DEB000FFFFFFFFFFFFFFFFFFFFFFFFFFFFFFFF72
:10DEC000FFFFB66D00004992FFFFFFFFFFFFFFFF5E
:10DED000FFFFFFFFFFFFFFFFFFFFFFFFFFDB24242C
:10DEE0000049DBFF4924002492DBFFFFFFFFFFFF17
:10DEF000FFFFFFFFFFFFFFFFFFFFFFFFFFFFFFFF32
:10DF0000FFFFDB9249496DB6FFFFFFFFFFFFFFFFF9
:10DF1000FFFFFFFFFFFFFFFFFFFFFFFFFFDB6D497D
:10DF2000496DDBFF6D4900006D92DBFFFFFFFFFFD6
:10DF3000FFFFFFFFFFFFFFFFFFFFFFFFFFFFFFFFF1
:10DF4000FFFFFFFFDBDBFFFFFFFFFFFFFFFFFFFF29
:10DF5000FFFFFFFFFFFFFFFFFFFFFFFFFFFFFFDBF5
:10DF6000DBFFFFFFB66D24002449B6FFFFFFFFFF74
:10DF7000FFFFFFFFFFFFFFFFFFFFFFFFFFFFFFFFB1
:10DF8000FFFFFFFFFFFFFFFFFFFFFFFFFFFFFFFFA1
:10DF9000FFFFFFFFFFFFFFFFFFFFFFFFFFFFFFFF91
:10DFA000FFFFFFFFDBB6492400246DB6DBFFFFFF58
:10DFB000FFFFFFFFFFFFFFFFFFFFFFFFFFFFFFFF71
:10DFC000FFFFFFFFFFFFFFFFFFFFFFFFFFFFFFFF61
:10DFD000FFFFFFFFFFFFFFFFFFFFFFFFFFFFFFFF51
:10DFE000FFFFFFFFFFDB6D490000244992B6DBFF16
:10DFF000FFFFFFFFFFFFFFFFFFFFFFFFFFFFFFFF31
:10E00000FFFFFFFFFFFFFFFFFFFFFFFFFFFFFFFF20
:10E01000FFFFFFFFFFFFFFFFFFFFFFFFFFFFFFFF10
:10E02000FFFFFFFFFFFFDBB649240000242449491E
:10E030004949494949494949494949494949494950
:10E040004949494949494949494949494949494940
:10E050004949494949494949494949494949494930
:10E0600049496D92FFFFFFFFB6924924000000006E
:10E0700000000000000000000000000000000000A0
:10E080000000000000000000000000000000000090
:10E090000000000000000000000000000000000080
:10E0A00000002449FFFFFFFFFFFFB6926D492424C3
:10E0B0002424242424242424242424242424242420
:10E0C0002424242424242424242424242424242410
:10E0D0002424242424242424242424242424242400
:10E0E0002424496DFFFFFFFFFFFFFFFFFFFFFFFF3E
:10E0F000FFFFFFFFFFFFFFFFFFFFFFFFFFFFFFFF30
:10E10000FFFFFFFFFFFFFFDBB6926D494924242488
:10E1100049496D92B6DBFFFFFFFFFFFFFFFFFFFFE7
:10E12000FFFFFFFFFFFFFFFFFFFFFFFFFFFFFFFFFF
:10E13000FFFFFFFFFFFFFFFFFFFFFFFFFFFFFFFFEF
:10E14000FFFFFFFFFFDB926D492424000000000069
:10E1500000002424496D92B6DBFFFFFFFFFFFFFFA5
:10E16000FFFFFFFFFFFFFFFFFFFFFFFFFFFFFFFFBF
:10E17000FFFFFFFFFFFFFFFFFFFFFFFFFFFFFFFFAF
:10E18000FFFFFFFFB66D240000000000000000004C
:10E19000000000000000004992DBFFFFFFFFFFFFCF
:10E1A000FFFFFFFFFFFFFFFFFFFFFFFFFFFFFFFF7F
:10E1B000FFFFFFFFFFFFFFFFFFFFFFFFFFFFFFFF6F
:10E1C000FFFFDB6D2424000024496D92B6B6B6B67D
:10E1D000B692926D240000002449B6FFFFFFFFFFB6
:10E1E000FFFFFFFFFFFFFFFFFFFFFFFFFFFFFFFF3F
:10E1F000FFFFFFFFFFFFFFFFFFFFFFFFFFFFFFFF2F
:10E20000FFB66D240000244992B6DBDBFFFFFFFF61
:10E21000FFFFDBB6926D492400004992DBFFFFFF50
:10E22000FFFFFFFFFFFFFFFFFFFFFFFFFFFFFFFFFE
:10E23000FFFFFFFFFFFFFFFFFFFFFFFFFFFFFFFFEE
:10E24000B6490000244992DBFFFFFFFFFFFFFFFFFD
:10E25000FFFFFFFFFFDBB66D2400002492FFFFFFEE
:10E26000FFFFFFFFFFFFFFFFFFFFFFFFFFFFFFFFBE
:10E27000FFFFFFFFFFFFFFFFFFFFFFFFFFFFFFB6F7
:10E280004900002492B6DBFFFFFFFFFFFFFFFFFF07
:10E29000FFFFFFFFFFFFFFDB924900002492DBFF3F
:10E2A000FFFFFFFFFFFFFFFFFFFFFFFFFFFFFFFF7E
:10E2B000FFFFFFFFFFFFFFFFFFFFFFFFFFFFB6496D
:10E2C00000004992DBFFFFFFFFFFFFFFFFFFFFFFA3
:10E2D000FFFFFFFFFFFFFFFFFFB64924002492FF6F
:10E2E000FFFFFFFFFFFFFFFFFFFFFFFFFFFFFFFF3E
:10E2F000FFFFFFFFFFFFFFFFFFFFFFFFFFDB6D00E3
:10E300000024B6DBFFFFFFFFFFFFFFFFFFFFFFFF64
:10E31000FFFFFFFFFFFFFFFFFFFFB66D000049B6E5
:10E32000FFFFFFFFFFFFFFFFFFFFFFB69292FFFF20
:10E33000FFFFFFFFFFFFFFFFFFFFFFFFDB92240058
:10E340004992DBFFFFFFFFFFFFFFFFFFFFFFFFFF24
:10E35000FFFFFFFFFFFFFFFFFFFFFFB66D00006D38
:10E36000DBFFFFFFFFFFFFFFFFFFFF492449DBFF4C
:10E37000FFFFFFFFFFFFFFFFFFFFFFFFB6490000AA
:10E3800092DBFFFFFFFFFFFFFFFFFFFFFFDBDBDB9A
:10E39000DBDBFFFFFFFFFFFFFFFFFFFFB6240024D3
:10E3A00092FFFFFFFFFFFFFFFFFFFF49002492DB0B
:10E3B000FFFFFFFFFFFFFFFFFFFFFFFF6D00006D8F
:10E3C000DBFFFFFFFFFFFFFFFFFFFFFFDB49242411
:10E3D000496DB6FFFFFFFFFFFFFFFFFFFF92240025
:10E3E00024DBFFFFFFFFFFFFFFFFFF92240049B682
:10E3F000FFFFFFFFFFFFFFFFFFFFFFB6240024B674
:10E40000FFFFFFFFFFFFFFFFFFFFFFFFB62400003E
:10E410000024496DB6DBFFFFFFFFFFFFFFDB490074
:10E420000092DBFFFFFFFFFFFFFFFFDB6D00006DD2
:10E43000DBFFFFFFFFFFFFFFFFFFDB9224246DFFE9
:10E44000FFFFFFFFFFFFFFFFFFFFFFFFDB4924246C
:10E450002400000049B6FFFFFFFFFFFFFFFF9224EB
:10E460000049B6FFFFFFFFFFFFFFFFFF92240049B7
:10E4700092FFFFFFFFFFFFFFFFFFFF922449B6FF60
:10E48000FFFFFFFFFFFFFFFFFFFFFFFFFFDBB6B652
:10E4900092492400004992FFFFFFFFFFFFFFDB6D61
:10E4A000000092FFFFFFFFFFFFFFFFFFDB6D00009B
:10E4B0006DDBFFFFFFFFFFFFFFFFFFB692B6FFFF21
:10E4C000FFFFFFFFFFFFFFFFFFFFFFFFFFFFFFFF5C
:10E4D000DBB66D49000049B6FFFFFFFFFFFFFF926B
:10E4E00000006DFFFFFFFFFFFFFFFFFFDBB6240013
:10E4F00024B6DBFFFFFFFFFFFFFFFFFFFFFFFFFF74
:10E50000FFFFFFFFFFFFFFFFFFFFFFFFFFFFFFFF1B
:10E51000FFFFFFB64900006DDBFFFFFFFFFFFFB607
:10E52000240049DBFFFFFFFFFFFFFF9249240000AB
:10E5300000244949494949494949494949494949B9
:10E54000494949494949494949494949496D92DB3C
:10E55000FFFFFFFF9249002492FFFFFFFFFFFFDB59
:10E560006D002492FFFFFFFFFFFFFF6D0000000022
:10E57000000000000000000000000000000000009B
:10E58000000000000000000000000000002449928C
:10E59000DBFFFFFFDB92000049DBFFFFFFFFFFDB3C
:10E5A00092000092FFFFFFFFFFFFFF6D24000000BD
:10E5B000000000000000000000000000000000005B
:10E5C0000000000000000000000000000000002427
:10E5D00092DBFFFFFFB624002492FFFFFFFFFFFF47
:10E5E000B624006DFFFFFFFFFFFFFFDBB692B6B65C
:10E5F000B6B6B6B6B6B6B6B6B6B6B6B6B6B6B6B6BB
:10E60000B6B6B6B6B6B6B6B6B6B6B692926D240083
:10E6100024B6FFFFFFDB6D24006DFFFFFFFFFFFF50
:10E62000DB240049FFFFFFFFFFFFFFFFFFFFFFFFAE
:10E63000FFFFFFFFFFFFFFFFFFFFFFFFFFFFFFFFEA
:10E64000FFFFFFFFFFFFFFFFFFFFFFFFFFB66D00B4
:10E65000006DFFFFFFFFB6240049DBFFFFFFFFFF58
:10E66000DB240049FFFFFFFFFFFFFFFFFFFFFFFF6E
:10E67000FFFFFFFFFFFFFFFFFFFFFFFFFFFFFFFFAA
:10E68000FFFFFFFFFFFFFFFFFFFFFFFFFFFFB624BE
:10E690000049B6FFFFFFDB240024DBFFFFFFFFFF85
:10E6A000DB240049FFFFFFFFFFFFFFFFFFFFFFFF2E
:10E6B000FFFFFFFFFFFFFFFFFFFFFFFFFFFFFFFF6A
:10E6C000FFFFFFFFFFFFFFFFFFFFFFFFFFFFDB4934
:10E6D0000049B6FFFFFFFF490024DBFFFFFFFFFFFC
:10E6E000FF240049FFFFFFFFFFFFFFFFFFFFFFFFCA
:10E6F000FFFFFFFFFFFFFFFFFFFFFFFFFFFFFFFF2A
:10E70000FFFFFFFFFFFFFFFFFFFFFFFFFFFFDB49F3
:10E710000049B6FFFFFFFF490024DBFFFFFFFFFFBB
:10E72000DB240049FFFFFFFFFFFFFFFFFFFFFFFFAD
:10E73000FFFFFFFFFFFFFFFFFFFFFFFFFFFFFFFFE9
:10E74000FFFFFFFFFFFFFFFFFFFFFFFFFFFFB624FD
:10E750000049B6FFFFFFDB240024DBFFFFFFFFFFC4
:10E76000DB240049FFFFFFFFFFFFFFFFFFFFFFFF6D
:10E77000FFFFFFFFFFFFFFFFFFFFFFFFFFFFFFFFA9
:10E78000FFFFFFFFFFFFFFFFFFFFFFFFFFDB920029
:10E79000006DDBFFFFFFB6240049DBFFFFFFFFFF3B
:10E7A000DB240049FFDBDBDBDBDBDBDBDBDBDBDBB9
:10E7B000DBDBDBDBDBDBDBDBDBDBDBDBDBDBDBDBA9
:10E7C000DBDBDBDBDBDBDBDBDBDBDBDBDB92240074
:10E7D0000092FFFFFFDB92240049DBFFFFFFFFFFFA
:10E7E000B624006D9249494949494949494949492D
:10E7F0004949494949494949494949494949494989
:10E800004949494949494949494949492424000054
:10E810006DDBFFFFFFDB49002492FFFFFFFFFFDB03
:10E82000920024926D000000000000000000000033
:10E8300000000000000000000000000000000000D8
:10E84000000000000000000000000000000024495B
:10E85000B6FFFFFFFFB6240049B6FFFFFFFFFFDB57
:10E86000490024B66D2400000000000000000000F4
:10E870000000000000000000000000000000000098
:10E8800000000000000000000000000024496DDBD3
:10E89000FFFFFFFFB66D00006DFFFFFFFFFFFFB63C
:10E8A000240049DBDBB6B6B6B6B6B6B6B6B6B6B673
:10E8B00092922400004992B6B6B6B6B6B6B6B6B6CF
:10E8C000B6B6B6B6B6B6B6B6B6B6B6B6B6B6DBFF7A
:10E8D000FFFFFFDB6D240049B6FFFFFFFFFFFF9244
:10E8E00000006DFFFFFFFFFFFFFFFFFFFFFFFFFFC8
:10E8F000FFDB6D240049B6FFFFFFFFFFDBB6DBFF48
:10E90000FFFFFFFFFFFFFFFFFFFFFFFFFFFFFFFF17
:10E91000FFDBB66D24002492FFFFFFFFFFFFB66D03
:10E92000000092FFFFFFFFFFFFFFFFFFFFFFFFFF62
:10E93000FFFFDB6D002492FFFFFFFFFF6D496DFFBE
:10E94000FFFFFFFFFFFFFFFFFFFFFFFFFFFFFFDBFB
:10E95000B66D240000246DDBFFFFFFFFFFFF922454
:10E960000049B6FFFFFFFFFFFFFFFFFFFFFFFFFFB5
:10E97000FFFFFF92000092FFFFFFFFFF490024B658
:10E98000FFFFFFFFFFFFFFFFFFFFFFDB926D6D4902
:10E99000492400002492DBFFFFFFFFFFFFDB49005B
:10E9A0000092FFFFFFFFFFFFFFFFFFFFFFFFFFFFE3
:10E9B000FFFFFF92000092FFFFFFFFFF6D00004985
:10E9C000B6FFFFFFFFFFFFFFFFFFFFDB4900000077
:10E9D0000000244992DBFFFFFFFFFFFFDB6D2400F7
:10E9E00049DBFFFFFFFFFFFFFFFFFFFFFFFFFFFF11
:10E9F000FFFFDB6D000092FFFFFFFFFFB649000045
:10EA00006DDBFFFFFFFFFFFFFFFFFFDB490000247F
:10EA1000244992DBFFFFFFFFFFFFFFFFB624002426
:10EA200092FFFFFFFFFFFFFFFFFFFFFFFFFFFFFF63
:10EA3000FFDB92240049B6FFFFFFFFFFFF92240097
:10EA40002492DBFFFFFFFFFFFFFFFFFFB6929292D2
:10EA5000B6B6DBFFFFFFFFFFFFFFFFB64900246DE7
:10EA6000DBFFFFFFFFFFFFFFDBDBDBDBDBDBDBDBFA
:10EA7000DBB64900006DDBFFFFFFFFFFFFDB6D0032
:10EA8000002492DBFFFFFFFFFFFFFFFFFFFFFFFF01
:10EA9000FFFFFFFFFFFFFFFFFFFFB649000049B682
:10EAA000FFFFFFFFFFFFDB6D4924242424242424DF
:10EAB0002424000049B6FFFFFFFFFFFFFFFFDB49F3
:10EAC00000002492DBFFFFFFFFFFFFFFFFFFFFFFC0
:10EAD000FFFFFFFFFFFFFFFFDB9249000024B6FFAF
:10EAE000FFFFFFFFFFFFDB49000000000000000008
:10EAF0000000000049DBFFFFFFFFFFFFFFFFFFB645
:10EB00006D2400246DB6DBFFFFFFFFFFFFFFFFFF5B
:10EB1000FFFFFFFFFFFFFFB6924900004992DBFFB6
:10EB2000FFFFFFFFFFFFDB6D242424242424242483
:10EB30002400000049DBFFFFFFFFFFFFFFFFFFFF97
:10EB4000B6492400004992DBFFFFFFFFFFFFFFFFF4
:10EB5000FFFFFFFFFFDBB6492400004992FFFFFFE4
:10EB6000FFFFFFFFFFFFFFDBB6B6B6B6B6B6B6B621
:10EB7000B69224002492DBFFFFFFFFFFFFFFFFFFA1
:10EB8000FFB66D24000024496D92B6DBFFFFFFFF46
:10EB9000FFDBDBB69249240000006DB6DBFFFFFF10
:10EBA000FFFFFFFFFFFFFFFFFFFFFFFFFFFFFFFF75
:10EBB000FFDB6D240049B6FFFFFFFFFFFFFFFFFFF4
:10EBC000FFFFDB924924000024496D6D92929292DE
:10EBD00092926D4924000024496DB6FFFFFFFFFFAC
:10EBE000FFFFFFFFFFFFFFFFFFFFFFFFFFFFFFFF35
:10EBF000FFFFDB6D000092FFFFFFFFFFFFFFFFFF46
:10EC0000FFFFFFFFDB6D240000000000000000009C
:10EC1000000000000000246DB6FFFFFFFFFFFFFFB4
:10EC2000FFFFFFFFFFFFFFFFFFFFFFFFFFFFFFFFF4
:10EC3000FFFFFF92000092FFFFFFFFFFFFFFFFFFBC
:10EC4000FFFFFFFFFFDBB6926D49240000000000CC
:10EC5000000024496D92B6DBFFFFFFFFFFFFFFFFBF
:10EC6000FFFFFFFFFFFFFFFFFFFFFFFFFFFFFFFFB4
:10EC7000FFFFFF92000092FFFFFFFFFFFFFFFFFF7C
:10EC8000FFFFFFFFFFFFFFFFDB92926D49494949FC
:10EC9000496D6D92B6DBFFFFFFFFFFFFFFFFFFFF38
:10ECA000FFFFFFFFFFFFFFFFFFFFFFFFFFFFFFFF74
:10ECB000FFFFDB6D000092FFFFFFFFFFFFFFFFFF85
:10ECC000FFFFFFFFFFFFFFFFFFFFFFFFFFFFFFFF54
:10ECD000FFFFFFFFFFFFFFFFFFFFFFFFFFFFFFFF44
:10ECE000FFFFFFFFFFFFFFFFFFFFFFFFFFFFFFFF34
:10ECF000FFDB92240049B6FFFFFFFFFFFFFFFFFF8E
:10ED0000FFFFFFFFFFFFFFFFFFFFFFFFFFFFFFFF13
:10ED1000FFFFFFFFFFFFFFFFFFFFFFFFFFFFFFFF03
:10ED2000FFFFFFFFDBDBDBDBDBDBDBDBDBDBDBDBA3
:10ED3000B6922400006DDBFFFFFFFFFFFFFFFFFF28
:10ED4000FFFFFFFFFFFFFFFFFFFFFFFFFFFFFFFFD3
:10ED5000FFFFFFFFFFFFFFFFFFFFFFFFFFFFFFFFC3
:10ED6000FFFFFFFF92492424242424242424242464
:10ED70002424000049B6FFFFFFFFFFFFFFFFFFFF56
:10ED8000FFFFFFFFFFFFFFFFFFFFFFFFFFFFFFFF93
:10ED9000FFFFFFFFFFFFFFFFFFFFFFFFFFFFFFFF83
:10EDA000FFFFFFFF6D0000000000000000000000FA
:10EDB00000002449B6FFFFFFFFFFFFFFFFFFFFFF3B
:10EDC000FFFFFFFFFFFFFFFFFFFFFFFFFFFFFFFF53
:10EDD000FFFFFFFFFFFFFFFFFFFFFFFFFFFFFFFF43
:10EDE000FFFFFFFF6D2400242424242424000000BE
:10EDF000000049B6FFFFFFFFFFFFFFFFFFFFFFFF20
:10EE0000FFFFFFFFFFFFFFFFFFFFFFFFFFFFFFFF12
:10EE1000FFFFFFFFFFFFFFFFFFFFFFFFFFFFFFFF02
:10EE2000FFFFFFFFDBDBDBDBDBDBDBDBDBB69249A2
:10EE3000000049B6FFFFFFFFFFFFFFFFFFFFFFFFDF
:10EE4000FFFFFFFFFFFFFFFFFFFFFFFFFFFFFFFFD2
:10EE5000FFFFFFFFFFFFFFFFFFFFFFFFFFFFFFFFC2
:10EE6000FFFFFFFFFFFFFFFFFFFFFFFFFFFFDB9243
:10EE700049002492FFFFFFFFFFFFFFFFFFFFFFFF9F
:10EE8000FFFFFFFFFFFFFFFFFFFFFFFFFFFFFFFF92
:10EE9000FFFFFFFFFFFFFFFFFFFFFFFFFFFFFFFF82
:10EEA000FFFFFFFFFFFFFFFFFFFFFFFFFFFFFFDB96
:10EEB0009200006DFFFFFFFFFFFFFFFFFFFFFFFF5F
:10EEC000FFFFFFFFFFFFFFFFFFFFFFFFFFFFFFFF52
:10EED000FFFFFFFFFFFFFFFFFFFFFFFFFFFFFFFF42
:10EEE000FFFFFFFFFFFFFFFFFFFFFFFFFFFFFFFF32
:10EEF000B600006DFFFFFFFFFFFFFFFFFFFFFFFFFB
:10EF0000FFFFFFFFFFFFFFFFFFFFFFFFFFFFFFFF11
:10EF1000FFFFFFFFFFFFFFFFFFFFFFFFFFFFFFFF01
:10EF2000FFFFFFFFFFFFFFFFFFFFFFFFFFFFFFFFF1
:10EF3000B600006DFFFFFFFFFFFFFFFFFFFFFFFFBA
:10EF4000FFFFFFFFFFFFFFFFFFFFFFFFFFFFFFFFD1
:10EF5000FFFFFFFFFFFFFFFFFFFFFFFFFFFFFFFFC1
:10EF6000FFFFFFFFFFFFFFFFFFFFFFFFFFFFFFDBD5
:10EF70009200006DFFFFFFFFFFFFFFFFFFFFFFFF9E
:10EF8000FFFFFFFFFFFFFFFFFFFFFFFFFFFFFFFF91
:10EF9000FFFFFFFFFFFFFFFFFFFFFFFFFFFFFFFF81
:10EFA000FFFFFFFFFFFFFFFFFFFFFFFFFFFFDB9202
:10EFB00049002492FFFFFFFFFFFFFFFFFFFFFFFF5E
:10EFC000FFFFFFFFFFFFFFFFFFFFFFFFFFFFFFFF51
:10EFD000FFFFFFFFFFFFFFFFFFFFFFFFFFFFFFFF41
:10EFE000FFFFFFFFFFFFFFDBDBB6B6B6B6B6924909
:10EFF00000006DDBFFFFFFFFFFFFFFFFFFFFFFFFD5
:10F00000FFFFFFFFFFFFFFFFFFFFFFFFFFFFFFFF10
:10F01000FFFFFFFFFFFFFFFFFFFFFFFFFFFFFFFF00
:10F02000FFFFFFFFFFFFDB4924000000000000009E
:10F030000024B6FFFFFFFFFFFFFFFFFFFFFFFFFF03
:10F04000FFFFFFFFFFFFFFFFFFFFFFFFFFFFFFFFD0
:10F05000FFFFFFFFFFFFFFFFFFFFFFFFFFFFFFFFC0
:10F06000FFFFFFFFFFFFDB4900000000000000245E
:10F070004992FFFFFFFFFFFFFFFFFFFFFFFFFFFFC3
:10F08000FFFFFFFFFFFFFFFFFFFFFFFFFFFFFFFF90
:10F09000FFFFFFFFFFFFFFFFFFFFFFFFFFFFFFFF80
:10F0A000FFFFFFFFFFFFDB6D492424242424496D6B
:10F0B000B6FFFFFFFFFFFFFFFFFFFFFFFFFFFFFFA9
:10F0C000FFFFFFFFFFFFFFFFFFFFFFFFFFFFFFFF50
:10F0D000FFFFFFFFFFFFFFFFFFFFFFFFFFFFFFFF40
:10F0E000FFFFFFFFFFFFFFFFFFFFFFFFFFFFFFFF30
:10F0F000FFFFFFFFFFFFFFFFFFFFFFFFFFFFFFFF20
:10F10000FFFFFFFFFFFFFFFFFFFFFFFFFFFFFFFF0F
:10F11000FFFFFFFFFFFFFFFFFFFFFFFFFFFFFFFFFF
:10F12000B66D6DB6FFFFFFFFFFFFFFFFFFFFFFFFA5
:10F13000FFFFFFFFFFFFFFFFFFFFFFFFFFFFFFFFDF
:10F14000FFFFFFFFFFFFFFFFFFFFFFFFFFFFFFFFCF
:10F15000FFFFFFFFFFFFFFFFFFFFFFFFFFFFFFDBE3
:10F160006D24246DFFFFFFFFFFFFFFFFFFFFFFFF89
:10F17000FFFFFFFFFFFFFFFFFFFFFFFFFFFFFFFF9F
:10F18000FFFFFFFFFFFFFFFFFFFFFFFFFFFFFFFF8F
:10F19000FFFFFFFFFFFFFFFFFFFFFFFFFFFFFFB6C8
:10F1A0004900246DFFFFFFFFFFFFFFFFFFFFFFFF91
:10F1B000FFFFFFFFFFFFFFFFFFFFFFFFFFFFFFFF5F
:10F1C000FFFFFFFFFFFFFFFFFFFFFFFFFFFFFFFF4F
:10F1D000FFFFFFFFFFFFFFFFFFFFFFFFFFFFFF6DD1
:10F1E00024002492FFFFFFFFFFFFFFFFFFFFFFFF51
:10F1F000FFFFFFFFFFFFFFFFFFFFFFFFFFFFFFFF1F
:10F20000FFFFFFFFFFFFFFFFFFFFFFFFFFFFFFFF0E
:10F21000FFFFFFFFFFFFFFFFFFFFFFFFFFFFDB49D8
:10F22000000049B6FFFFFFFFFFFFFFFFFFFFFFFFEB
:10F23000FFFFFFFFFFFFFFFFFFFFFFFFFFFFFFFFDE
:10F24000FFFFFFFFFFFFFFFFFFFFFFFFFFFFFFFFCE
:10F25000FFFFFFFFFFFFFFFFFFFFFFFFFFFFB624E2
:10F2600000006DFFFFFFFFFFFFFFFFFFFFFFFFFF3E
:10F27000FFFFFFFFFFFFFFFFFFFFFFFFFFFFFFFF9E
:10F28000FFFFFFFFFFFFFFFFFFFFFFFFFFFFFFFF8E
:10F29000FFFFFFFFFFFFFFFFFFFFFFFFFFDB92000E
:10F2A000002492FFFFFFFFFFFFFFFFFFFFFFFFFFB5
:10F2B000DBB6926D6D6D92DBFFFFFFFFFFFFFFFF7F
:10F2C000FFFFFFFFFFFFFFFFFFFFFFFFFFFFFFFF4E
:10F2D000FFFFFFFFFFFFFFFFFFFFFFFFFFB66D0018
:10F2E0002449B6FFFFFFFFFFFFFFFFFFFFFFFFDB2C
:10F2F000924924240024496DB6DBFFFFFFFFFFFF86
:10F30000FFFFFFFFFFFFFFFFFFFFFFFFFFFFFFFF0D
:10F31000FFFFFFFFDBDBDBDBDBDBDBB6B66D2400F7
:10F320004992DBFFFFFFFFFFFFFFFFFFFFFFDB6DEA
:10F330002400000000000000246DDBFFFFFFFFFF42
:10F34000FFFFFFFFFFFFFFFFFFFFFFFFFFDBDBDB39
:10F35000DBB6B6929292926D6D4949492424000021
:10F360006DDBFFFFFFFFFFFFFFFFFFFFFFFF924986
:10F3700000246D92926D2400004992DBFFDBDBDB01
:10F38000DBB6B6B6B69292926D6D6D494949494960
:10F3900049242424242424242400000000000024E0
:10F3A00092FFFFFFFFFFFFDBB6B6B6B6B6B6490069
:10F3B000006DB6DBFFDB922400004992926D6D6D0B
:10F3C0006D494949494924242400000000000000F7
:10F3D00000000000000000242449494949496D9279
:10F3E000DBFFFFFFFFFFB6924924002449490000DC
:10F3F00024DBFFFFFFFFDB6D0000000000000000CA
:10F4000000000000000000000000000000000000FC
:10F410002449492400002492B6B6B6DBDBDBFFFFAB
:10F42000FFFFFFFFFF922424000000000000000007
:10F4300024DBFFFFFFFFFF6D0000000000242424F9
:10F440004949496D6D6D6D9292B6B6926D0000247A
:10F450006DB69249002449DBFFFFFFFFFFFFFFFF6E
:10F46000FFFFFFFFB649000024496D49240000005A
:10F4700024DBFFFFFFFFFF6D0000006D9292929270
:10F48000B6B6B6B6B6DBDBDBDBFFFFDB6D002449CF
:10F49000B6FFB64900246DFFFFFFFFFFFFFFFFFF30
:10F4A000FFFFFFFF6D2400246DDBDBB66D4900001C
:10F4B00024DBFFFFFFFFFF6D000024DBFFFFFFFFEA
:10F4C000FFFFFFFFFFFFFFFFFFFFFFDB6D00246D6E
:10F4D000B6FF9249004992FFFFFFFFFFFFFFFFFFCA
:10F4E000FFFFFFFF49000049DBFFFFFFDB92240025
:10F4F00024DBFFFFFFFFFF6D000024DBFFFFFFFFAA
:10F50000FFFFFFFFFFFFFFFFFFFFFFB64900496D51
:10F51000DBDB9224004992FFFFFFFFFFFFFFFFFFAD
:10F52000FFFFFFFF2400006DFFFFFFFFFFB6240079
:10F5300024DBFFFFFFFFFF6D000024DBFFFFFFFF69
:10F54000FFFFFFFFFFFFFFFFFFFFFFB649004992EC
:10F55000DBDB6D242449B6FFFFFFFFFFFFFFFFFF4A
:10F56000FFFFFFFF49000049DBFFFFFFDBB6240080
:10F5700024DBFFFFFFFFFF6D000024DBFFFFFFFF29
:10F58000FFFFFFFFFFFFFFFFFFFFFF9224006DB6AD
:10F59000DBDB6D00246DDBFFFFFFFFFFFFFFFFFFE5
:10F5A000FFFFFFFF6D2400246DDBFFDB6D490000D2
:10F5B00024DBFFFFFFFFFF6D000024DBFFFFFFFFE9
:10F5C000FFFFFFFFFFFFFFFFFFFFFF9200006DDB6C
:10F5D000FFDB4900246DFFFFFFFFFFFFFFFFFFFF81
:10F5E000FFFFFFFFB649000024496D4924000000D9
:10F5F00024DBFFFFFFFFFF6D000024DBFFFFFFFFA9
:10F60000FFFFFFFFFFFFFFFFFFFFFF92000092DB06
:10F61000FFDB24002492FFFFFFFFFFFFFFFFFFFF40
:10F62000FFFFFFFFDB924924000000000000000004
:10F6300024DBFFFFFFFFFF6D000024DBFFFFFFFF68
:10F64000FFFFFFFFFFFFFFFFFFFFFF6D000092FFC7
:10F65000FFB624004992FFFFFFFFFFFFFFFFFFFF00
:10F66000FFFFFFFFFFDBB692492400244949000059
:10F6700024DBFFFFFFFFFF6D000024DBFFFFFFFF28
:10F68000FFFFFFFFFFFFFFFFFFFFDB6D002492FF87
:10F69000FFB6240049B6FFFFFFFFFFFFFFFFFFFF9C
:10F6A000FFFFFFFFFFFFFFDBB6B6B6B6B692240042
:10F6B00024DBFFFFFFFFFF6D000024DBFFFFFFFFE8
:10F6C000FFFFFFFFFFFFFFFFFFDBB6490024B6FF90
:10F6D000DB9224246DB6FFFFFFFFFFFFFFFFFFFF5C
:10F6E000FFFFFFFFFFFFFFFFFFFFFFFFFFDB240028
:10F6F00024DBFFFFFFFFFF6D000024DBFFFFFFFFA8
:10F70000FFFFFFFFFFFFFFFFFFDBB6490049B6FF2A
:10F71000DB92242492B6FFFFFFFFFFFFFFFFFFFFF6
:10F72000FFFFFFFFFFFFFFFFFFFFFFFFFFDB2400E7
:10F7300024DBFFFFFFFFFF6D000024DBFFFFFFFF67
:10F74000FFFFFFFFFFFFFFFFFFB69249006DDBFFEA
:10F75000DB6D242492DBFFFFFFFFFFFFFFFFFFFFB6
:10F76000FFFFFFFFFFFFFFFFFFFFFFFFFFDB2400A7
:10F7700024DBFFFFFFFFFF6D000024DBFFFFFFFF27
:10F78000FFFFFFFFFFFFFFFFFFB692240092DBFFAA
:10F79000B6490049B6DBFFFFFFFFFFFFFFFFFFFF9A
:10F7A000FFFFFFFFFFFFFFFFFFFFFFFFFFDB240067
:10F7B00024DBFFFFFFFFFF6D000024DBFFFFFFFFE7
:10F7C000FFFFFFFFFFFFFFFFFF926D240092DBFFB3
:10F7D000B6490049B6DBFFFFFFFFFFFFFFFFFFFF5A
:10F7E000FFFFFFFFFFFFFFFFFFFFFFFFFFDB240027
:10F7F00024DBFFFFFFFFFF6D000024DBFFFFFFFFA7
:10F80000FFFFFFFFFFFFFFFFFF92490024B6FFFF4E
:10F81000B624006DDBFFFFFFFFFFFFFFFFFFFFFFD1
:10F82000FFFFFFFFFFFFFFFFFFFFFFFFFFDB2400E6
:10F8300024DBFFFFFFFFFF6D000024DBFFFFFFFF66
:10F84000FFFFFFFFFFFFFFFFFF6D490024DBFFFF0E
:10F850009224006DFFFFFFFFFFFFFFFFFFFFFFFF91
:10F86000FFFFFFFFFFFFFFFFFFFFFFFFFFDB2400A6
:10F8700024DBFFFFFFFFFF6D000024DBFFFFFFFF26
:10F88000FFFFFFFFFFFFFFFFFF6D240024DBFFFFF3
:10F8900092000092FFFFFFFFFFFFFFFFFFFFFFFF50
:10F8A000FFFFFFFFFFFFFFFFFFFFFFFFFFDB240066
:10F8B00024DBFFFFFFFFFF6D000024DBFFFFFFFFE6
:10F8C000FFFFFFFFFFFFFFFFDB6D240049DBFFFFB2
:10F8D0006D000092FFFFFFFFFFFFFFFFFFFFFFFF35
:10F8E000FFFFFFFFFFFFFFFFFFFFFFFFFFDB240026
:10F8F00024DBFFFFFFFFFF6D000024DBFFFFFFFFA6
:10F90000FFFFFFFFFFFFFFFFDB49240049FFFFDB95
:10F910006D002492FFFFFFFFFFFFFFFFFFFFFFFFD0
:10F92000FFFFFFFFFFFFFFFFFFFFFFFFFFDB2400E5
:10F9300024DBFFFFFFFFFF6D000024DBFFFFFFFF65
:10F94000FFFFFFFFFFFFFFFFB64924246DFFDBB67B
:10F950006D0049B6FFFFFFFFFFFFFFFFFFFFFFFF47
:10F96000FFFFFFFFFFFFFFFFFFFFFFFFFFDB2400A5
:10F9700024DBFFFFFFFFFF6D000024DBFFFFFFFF25
:10F98000FFFFFFFFFFFFFFFF9224242492FFDBB65F
:10F99000490049B6FFFFFFFFFFFFFFFFFFFFFFFF2B
:10F9A000FFFFFFFFFFFFFFFFFFFFFFFFFFDB240065
:10F9B00024DBFFFFFFFFFF6D000024DBFFFFFFFFE5
:10F9C000FFFFFFFFFFFFFFDB9224244992FFB69267
:10F9D00049006DDBFFFFFFFFFFFFFFFFFFFFFFFFA2
:10F9E000FFFFFFFFFFFFFFFFFFFFFFFFFFDB240025
:10F9F00024DBFFFFFFFFFF6D000024DBFFFFFFFFA5
:10FA0000FFFFFFFFFFFFFFDB6D240049B6FFB66D70
:10FA100024246DDBFFFFFFFFFFFFFFFFFFFFFFFF62
:10FA2000FFFFFFFFFFFFFFFFFFFFFFFFFFDB2400E4
:10FA300024DBFFFFFFFFFF6D000024DBFFFFFFFF64
:10FA4000FFFFFFFFFFFFFFDB49000049DBFF926D77
:10FA5000242492DBFFFFFFFFFFFFFFFFFFFFFFFFFD
:10FA6000FFFFFFFFFFFFFFFFFFFFFFFFFFDB2400A4
:10FA700024DBFFFFFFFFFF6D000024DBFFFFFFFF24
:10FA8000FFFFFFFFFFFFFFDB4900006DFFFF924913
:10FA90000024B6FFFFFFFFFFFFFFFFFFFFFFFFFF99
:10FAA000FFFFFFFFFFFFFFFFFFFFFFFFFFDB240064
:10FAB00024DBFFFFFFFFFF6D000024DBFFFFFFFFE4
:10FAC000FFFFFFFFFFFFFFDB2400006DFFFF92241D
:10FAD0000024B6FFFFFFFFFFFFFFFFFFFFFFFFFF59
:10FAE000FFFFFFFFFFFFFFFFFFFFFFFFFFDB240024
:10FAF00024DBFFFFFFFFFF6D000024DBFFFFFFFFA4
:10FB0000FFFFFFFFFFFFFFB624000092FFFF6D2401
:10FB10000024DBFFFFFFFFFFFFFFFFFFFFFFFFFFF3
:10FB2000FFFFFFFFFFFFFFFFFFFFFFFFFFDB2400E3
:10FB300024DBFFFFFFFFFF6D000024DBFFFFFFFF63
:10FB4000FFFFFFFFFFFFFFB624002492FFFF6D00C1
:10FB50000049DBFFFFFFFFFFFFFFFFFFFFFFFFFF8E
:10FB6000FFFFFFFFFFFFDBB66D4949496D6D0000E8
:10FB700024DBFFFFFFFFFF6D000024DBFFFFFFFF23
:10FB8000FFFFFFFFFFFFDB9224242492FFDB4900ED
:10FB90000049DBFFFFFFFFFFFFFFFFFFFFFFFFFF4E
:10FBA000FFFFFFFFFFB66D49240000002424000082
:10FBB00024DBFFFFFFFFFF6D000024DBFFFFFFFFE3
:10FBC000FFFFFFFFFFFFDB6D242449B6FFB64900AE
:10FBD000246DDBFFFFFFFFFFFFFFFFFFFFFFFFFFC6
:10FBE000FFFFFFFFDB6D00000000000000000000D1
:10FBF00024DBFFFFFFFFFF6D000024DBFFFFFFFFA3
:10FC0000FFFFFFFFFFFFDB6D00496DB6FFB6490048
:10FC1000246DDBFFFFFFFFFFFFFFFFFFFFFFFFFF85
:10FC2000FFFFFFFF9224002449B6B692492400004A
:10FC300024DBFFFFFFFFFF6D000024DBFFFFFFFF62
:10FC4000FFFFFFFFFFFFB64900496DDBFF92240075
:10FC50002492FFFFFFFFFFFFFFFFFFFFFFFFFFFFFC
:10FC6000FFFFFFFF49000049B6FFFFDBB69224000B
:10FC700024DBFFFFFFFFFF6D000024DBFFFFFFFF22
:10FC8000FFFFFFFFFFFFB649006D92DBFF6D240011
:10FC900049B6FFFFFFFFFFFFFFFFFFFFFFFFFFFF73
:10FCA000FFFFFFFF4900006DFFFFFFFFFFB62400CD
:10FCB00024DBFFFFFFFFFF6D000024DBFFFFFFFFE2
:10FCC000FFFFFFFFFFFF9224006D92FFFF6D2400F6
:10FCD00049B6FFFFFFFFFFFFFFFFFFFFFFFFFFFF33
:10FCE000FFFFFFFF4900006DFFFFFFFFDBB62400B1
:10FCF00024DBFFFFFFFFFF6D000024DBFFFFFFFFA2
:10FD0000FFFFFFFFFFFF92000092B6FFDB490000FC
:10FD100049DBFFFFFFFFFFFFFFFFFFFFFFFFFFFFCD
:10FD2000FFFFFFFF4900004992DBFFDB926D0000FF
:10FD300024DBFFFFFFFFFF6D000024DBFFFFFFFF61
:10FD4000FFFFFFFFFFFF6D000092B6FFDB24000006
:10FD50006DDBFFFFFFFFFFFFFFFFFFFFFFFFFFFF69
:10FD6000FFFFFFFF922400004992B6924924000051
:10FD700024DBFFFFFFFFFF6D000024DBFFFFFFFF21
:10FD8000FFFFFFFFFFFF6D002492DBFFDB2400007D
:10FD90006DFFFFFFFFFFFFFFFFFFFFFFFFFFFFFF05
:10FDA000FFFFFFFFDB6D000000000000000000000F
:10FDB00024DBFFFFFFFFFF6D000024DBFFFFFFFFE1
:10FDC000FFFFFFFFFFDB6D0024B6DBFFB624000062
:10FDD00092FFFFFFFFFFFFFFFFFFFFFFFFFFFFFFA0
:10FDE000FFFFFFFFFFB6926D2400000024240000F7
:10FDF00024DBFFFFFFFFFF6D000024DBFFFFFFFFA1
:10FE0000FFFFFFFFFFB6490049B6DBFFB600002445
:10FE100092FFFFFFFFFFFFFFFFFFFFFFFFFFFFFF5F
:10FE2000FFFFFFFFFFFFFFDB926D6D6D926D240002
:10FE300024DBFFFFFFFFFF6D000024DBFFFFFFFF60
:10FE4000FFFFFFFFFFB649006DB6DBDB92002449E0
:10FE5000B6FFFFFFFFFFFFFFFFFFFFFFFFFFFFFFFB
:10FE6000FFFFFFFFFFFFFFFFFFFFFFFFFFDB2400A0
:10FE700024DBFFFFFFFFFF6D000024DBFFFFFFFF20
:10FE8000FFFFFFFFFF9224246DDBDBDB6D002449C5
:10FE9000B6FFFFFFFFFFFFFFFFFFFFFFFFFFFFFFBB
:10FEA000FFFFFFFFFFFFFFFFFFFFFFFFFFDB240060
:10FEB00024DBFFFFFFFFFF6D0000006D92B6DBFF4C
:10FEC000FFFFFFFFFF6D242492DBFFB66D00496D3D
:10FED000B6FFFFFFFFFFFFFFFFFFFFFFFFFFFFFF7B
:10FEE000FFFFFFFFFFFFFFFFFFFFFFFFFFDB4900FB
:10FEF00049FFFFFFFFFFFF9200000024496D6D9254
:10FF0000B6B6DBDBDB49002492FFFFB6490049921D
:10FF1000DBFFFFFFFFFFFFFFFFFFFFFFFFFFFFFF15
:10FF2000FFFFFFFFFFFFFFFFFFFFFFFFFFFF926DE0
:10FF300092FFFFFFFFFFFFB6492400000000000012
:10FF400024496D9292240024B6FFFFB624006DB6BA
:10FF5000DBFFFFFFFFFFFFFFFFFFFFFFFFFFFFFFD5
:10FF6000FFFFFFFFFFFFFFFFFFFFFFFFFFFFDBDBE9
:10FF7000DBFFFFFFFFFFFFFFDBB6926D492424008C
:10FF800000002424240000006DB6B66D24006DB678
:10FF9000FFFFFFFFFFFFFFFFFFFFFFFFFFFFFFFF71
:10FFA000FFFFFFFFFFFFFFFFFFFFFFFFFFFFFFFF61
:10FFB000FFFFFFFFFFFFFFFFFFFFFFDBB692926D2A
:10FFC00049492424000000002449492400006D927E
:10FFD000DBFFFFFFFFFFFFFFFFFFFFFFFFFFFFFF55
:10FFE000FFFFFFFFFFFFFFFFFFFFFFFFFFFFFFFF21
:10FFF000FFFFFFFFFFFFFFFFFFFFFFFFFFFFFFFF11
:020000040802F0
:10000000DBB6926D49242400000000000000244962
:1000100092B6DBFFFFFFFFFFFFFFFFFFFFFFFFFFCA
:10002000FFFFFFFFFFFFFFFFFFFFFFFFFFFFFFFFE0
:10003000FFFFFFFFFFFFFFFFFFFFFFFFFFFFFFFFD0
:10004000FFFFFFDBDBDBB6926D49490000000000DB
:10005000242449B6FFFFFFFFFFFFFFFFFFFFFFFF65
:10006000FFFFFFFFFFFFFFFFFFFFFFFFFFFFFFFFA0
:10007000FFFFFFFFFFFFFFFFFFFFFFFFFFFFFFFF90
:10008000FFFFFFFFFFFFFFDBDBB6B6926D494924A0
:10009000242449B6FFFFFFFFFFFFFFFFFFFFFFFF25
:1000A000FFFFFFFFFFFFFFFFFFFFFFFFFFFFFFFF60
:1000B000FFFFFFFFFFFFFFFFFFFFFFFFFFFFFFFF50
:1000C000FFFFFFFFFFFFFFFFFFFFFFFFFFDBB6921A
:1000D0006D6D92DBFFFFFFFFFFFFFFFFFFFFFFFFE5
:1000E000FFFFFFFFFFFFFFFFFFFFFFFFFFFFFFFF20
:1000F000FFFFFFFFFFFFFFFFFFFFFFFFFFFFFFFF10
:10010000FFFFFFFFFFFFFFFFFFFFFFFFFFFFFFFFFF
:10011000FFFFFFFFFFFFFFFFFFFFFFFFFFFFFFFFEF
:10012000B66D6DB6FFFFFFFFFFFFFFFFFFFFFFFF95
:10013000FFFFFFFFFFFFFFFFFFFFFFFFFFFFFFFFCF
:10014000FFFFFFFFFFFFFFFFFFFFFFFFFFFFFFFFBF
:10015000FFFFFFFFFFFFFFFFFFFFFFFFFFFFFFDBD3
:100160006D24246DFFFFFFFFFFFFFFFFFFFFFFFF79
:10017000FFFFFFFFFFFFFFFFFFFFFFFFFFFFFFFF8F
:10018000FFFFFFFFFFFFFFFFFFFFFFFFFFFFFFFF7F
:10019000FFFFFFFFFFFFFFFFFFFFFFFFFFFFFFB6B8
:1001A0004900246DFFFFFFFFFFFFFFFFFFFFFFFF81
:1001B000FFFFFFFFFFFFFFFFFFFFFFFFFFFFFFFF4F
:1001C000FFFFFFFFFFFFFFFFFFFFFFFFFFFFFFFF3F
:1001D000FFFFFFFFFFFFFFFFFFFFFFFFFFFFFF6DC1
:1001E00024002492FFFFFFFFFFFFFFFFFFFFFFFF41
:1001F000FFFFFFFFFFFFFFFFFFFFFFFFFFFFFFFF0F
:10020000FFFFFFFFFFFFFFFFFFFFFFFFFFFFFFFFFE
:10021000FFFFFFFFFFFFFFFFFFFFFFFFFFFFDB49C8
:10022000000049B6FFFFFFFFFFFFFFFFFFFFFFFFDB
:10023000FFFFFFFFFFFFFFFFFFFFFFFFFFFFFFFFCE
:10024000FFFFFFFFFFFFFFFFFFFFFFFFFFFFFFFFBE
:10025000FFFFFFFFFFFFFFFFFFFFFFFFFFFFB624D2
:1002600000006DFFFFFFFFFFFFFFFFFFFFFFFFFF2E
:10027000FFFFFFFFFFFFFFFFFFFFFFFFFFFFFFFF8E
:10028000FFFFFFFFFFFFFFFFFFFFFFFFFFFFFFFF7E
:10029000FFFFFFFFFFFFFFFFFFFFFFFFFFDB9200FE
:1002A000002492FFFFFFFFFFFFFFFFFFFFFFFFFFA5
:1002B000DBB6926D6D6D92DBFFFFFFFFFFFFFFFF6F
:1002C000FFFFFFFFFFFFFFFFFFFFFFFFFFFFFFFF3E
:1002D000FFFFFFFFFFFFFFFFFFFFFFFFFFB66D0008
:1002E0002449B6FFFFFFFFFFFFFFFFFFFFFFFFDB1C
:1002F000924924240024496DB6DBFFFFFFFFFFFF76
:10030000FFFFFFFFFFFFFFFFFFFFFFFFFFFFFFFFFD
:10031000FFFFFFFFDBDBDBDBDBDBDBB6B66D2400E7
:100320004992DBFFFFFFFFFFFFFFFFFFFFFFDB6DDA
:100330002400000000000000246DDBFFFFFFFFFF32
:10034000FFFFFFFFFFFFFFFFFFFFFFFFFFDBDBDB29
:10035000DBB6B6929292926D6D4949492424000011
:100360006DDBFFFFFFFFFFFFFFFFFFFFFFFF924976
:1003700000246D92926D2400004992DBFFDBDBDBF1
:10038000DBB6B6B6B69292926D6D6D494949494950
:1003900049242424242424242400000000000024D0
:1003A000B6FFFFFFFFFFFFDBB6B6B6B6B6B6490035
:1003B000006DB6DBFFDB922400004992926D6D6DFB
:1003C0006D494949494924242400000000000000E7
:1003D00000000000000000242449494949496D9269
:1003E000DBFFFFFFFFFFB6924924002449490000CC
:1003F00024DBFFFFFFFFDB6D0000000000000000BA
:100400000000000000000000000000000024242480
:100410002449492400002492B6B6B6DBDBDBFFFF9B
:10042000FFFFFFFFFF9224240000000000000000F7
:1004300024DBFFFFFFFFFF6D0000000000242424E9
:100440004949496D6D6D6D9292B6B6B6B6DBDBDB90
:10045000DBDB9249002449DBFFFFFFFFFFFFFFFFCB
:10046000FFFFFFFFB649000024496D49240000004A
:1004700024DBFFFFFFFFFF6D0000006D9292929260
:10048000B6B6B6B6B6DBDBDBDBFFFFFFFFFFFFFF79
:10049000FFFFB64900246DFFFFFFFFFFFFFFFFFFD7
:1004A000FFFFFFFF6D2400246DDBDBB66D4900000C
:1004B00024DBFFFFFFFFFF6D000024DBFFFFFFFFDA
:1004C000FFFFFFFFFFFFFFFFFFFFFFFFFFFFFFFF3C
:1004D000FFFF924900246DFFFFFFFFFFFFFFFFFFBB
:1004E000FFFFFFFF49000049DBFFFFFFDB92240015
:1004F00024DBFFFFFFFFFF6D000024DBFFFFFFFF9A
:10050000FFFFFFFFFFFFFFFFFFFFFFFFFFFFFFFFFB
:10051000FFFF9224002449DBFFFFFFFFFFFFFFFFE7
:10052000FFFFFFFF2400006DFFFFFFFFFFB6240069
:1005300024DBFFFFFFFFFF6D000024DBFFFFFFFF59
:10054000FFFFFFFFFFFFFFFFFFFFFFFFFFFFFFFFBB
:10055000FFDB6D2400002492DBFFFFFFFFFFFFFFA6
:10056000FFFFFFFF49000049DBFFFFFFDBB6240070
:1005700024DBFFFFFFFFFF6D000024DBFFFFFFFF19
:10058000FFFFFFFFFFFFFFFFFFFFFFFFFFFFFFFF7B
:10059000FFDB6D0000000049B6FFFFFFFFFFFFFF1C
:1005A000FFFFFFFF6D2400246DDBFFDB6D490000C2
:1005B00024DBFFFFFFFFFF6D000024DBFFFFFFFFD9
:1005C000FFFFFFFFFFFFFFFFFFFFFFFFFFFFFFFF3B
:1005D000FFDB4900000000006DDBFFFFFFFFFFFFB6
:1005E000FFFFFFFFB649000024496D4924000000C9
:1005F00024DBFFFFFFFFFF6D000024DBFFFFFFFF99
:10060000FFFFFFFFFFFFFFFFFFFFFFFFFFFFFFFFFA
:10061000FFDB240000244900246DDBFFFFFFFFFF08
:10062000FFFFFFFFDB9249240000000000000000F4
:1006300024DBFFFFFFFFFF6D000024DBFFFFFFFF58
:10064000FFFFFFFFFFFFFFFFFFFFFFFFFFFFFFFFBA
:10065000FFB62400246D92240024B6DBFFFFFFFFC9
:10066000FFFFFFFFFFDBB692492400244949000049
:1006700024DBFFFFFFFFFF6D000024DBFFFFFFFF18
:10068000FFFFFFFFFFFFFFFFFFFFFFFFFFFFFFFF7A
:10069000FFB624004992DB6D2400496DDBFFFFFFAC
:1006A000FFFFFFFFFFFFFFDBB6B6B6B6B692240032
:1006B00024DBFFFFFFFFFF6D000024DBFFFFFFFFD8
:1006C000FFFFFFFFFFFFFFFFFFFFFFFFFFFFFFFF3A
:1006D000DB9224246DB6FFB64900242492DBFFFF91
:1006E000FFFFFFFFFFFFFFFFFFFFFFFFFFDB240018
:1006F00024DBFFFFFFFFFF6D000024DBFFFFFFFF98
:10070000FFFFFFFFFFFFFFFFFFFFFFFFFFFFFFFFF9
:10071000DB92242492B6FFFF9249000049B6FFFF06
:10072000FFFFFFFFFFFFFFFFFFFFFFFFFFDB2400D7
:1007300024DBFFFFFFFFFF6D000024DBFFFFFFFF57
:10074000FFFFFFFFFFFFFFFFFFFFFFFFFFFFFFFFB9
:10075000DB6D242492DBFFFFDB922400006DDBFFC6
:10076000FFFFFFFFFFFFFFFFFFFFFFFFFFDB240097
:1007700024DBFFFFFFFFFF6D000024DBFFFFFFFF17
:10078000FFFFFFFFFFFFFFFFFFFFFFFFFFFFFFFF79
:10079000B6490049B6DBFFFFFFDB6D2400246DDBAB
:1007A000FFFFFFFFFFFFFFFFFFFFFFFFFFDB240057
:1007B00024DBFFFFFFFFFF6D000024DBFFFFFFFFD7
:1007C000FFFFFFFFFFFFFFFFFFFFFFFFFFFFFFFF39
:1007D000B6490049B6DBFFFFFFFFB6922400249222
:1007E000DBFFFFFFFFFFFFFFFFFFFFFFFFDB24003B
:1007F00024DBFFFFFFFFFF6D000024DBFFFFFFFF97
:10080000FFFFFFFFFFFFFFFFFFFFFFFFFFFFFFFFF8
:10081000B624006DDBFFFFFFFFFFFFDB6D24004907
:10082000B6FFFFFFFFFFFFFFFFFFFFFFFFDB24001F
:1008300024DBFFFFFFFFFF6D000024DBFFFFFFFF56
:10084000FFFFFFFFFFFFFFFFFFFFFFFFFFFFFFFFB8
:100850009224006DFFFFFFFFFFFFFFFFDB6D000035
:100860006DB6DBFFFFFFFFFFFFFFFFFFFFDB240095
:1008700024DBFFFFFFFFFF6D000024DBFFFFFFFF16
:10088000FFFFFFFFFFFFFFFFFFFFFFFFFFFFFFFF78
:1008900092000092FFFFFFFFFFFFFFFFFFB649003E
:1008A0002449B6FFFFFFFFFFFFFFFFFFFFDB240030
:1008B00024DBFFFFFFFFFF6D000024DBFFFFFFFFD6
:1008C000FFFFFFFFFFFFFFFFFFFFFFFFFFFFFFFF38
:1008D0006D000092FFFFFFFFFFFFFFFFFFDB6D00DA
:1008E00000006DDBFFFFFFFFFFFFFFFFFFDB2400CA
:1008F00024DBFFFFFFFFFF6D000024DBFFFFFFFF96
:10090000FFFFFFFFFFFFFFFFFFFFFFFFFFFFFFDB1B
:100910006D002492FFFFFFFFFFFFFFFFFFB66D009A
:10092000000049B6FFFFFFFFFFFFFFFFFFDB2400D2
:1009300024DBFFFFFFFFFF6D000024DBFFFFFFFF55
:10094000FFFFFFFFFFFFFFFFFFFFFFFFFFFFDBB624
:100950006D0049B6FFFFFFFFFFFFFFDBB66D240010
:10096000242492DBFFFFFFFFFFFFFFFFFFDB2400DC
:1009700024DBFFFFFFFFFF6D000024DBFFFFFFFF15
:10098000FFFFFFFFFFFFFFFFFFFFFFFFFFFFDBB6E4
:10099000490049B6FFFFFFFFFFFFB6924900002460
:1009A0006D92DBFFFFFFFFFFFFFFFFFFFFDB240078
:1009B00024DBFFFFFFFFFF6D000024DBFFFFFFFFD5
:1009C000FFFFFFFFFFFFFFFFFFFFFFFFFFFFB692ED
:1009D00049006DDBFFFFFFFFDB92492400002492FA
:1009E000DBFFFFFFFFFFFFFFFFFFFFFFFFDB240039
:1009F00024DBFFFFFFFFFF6D000024DBFFFFFFFF95
:100A0000FFFFFFFFFFFFFFFFFFFFFFFFFFFFB66DD1
:100A100024246DDBFFFFFFB66D2400002449B6DB04
:100A2000FFFFFFFFFFFFFFFFFFFFFFFFFFDB2400D4
:100A300024DBFFFFFFFFFF6D000024DBFFFFFFFF54
:100A4000FFFFFFFFFFFFFFFFFFFFFFFFFFFF926DB5
:100A5000242492DBFFDBB66D240024246DB6FFFF57
:100A6000FFFFFFFFFFFFFFFFFFFFFFFFFFDB240094
:100A700024DBFFFFFFFFFF6D000024DBFFFFFFFF14
:100A8000FFFFFFFFFFFFFFFFFFFFFFFFFFFF924999
:100A9000002492DBB692240000246D92DBFFFFFF5E
:100AA000FFFFFFFFFFFFFFFFFFFFFFFFFFDB240054
:100AB00024DBFFFFFFFFFF6D000024DBFFFFFFFFD4
:100AC000FFFFFFFFFFFFFFFFFFFFFFFFFFFF92247E
:100AD0000024926D492400004992DBFFFFFFFFFFD5
:100AE000FFFFFFFFFFFFFFFFFFFFFFFFFFDB240014
:100AF00024DBFFFFFFFFFF6D000024DBFFFFFFFF94
:100B0000FFFFFFFFFFFFFFFFFFFFFFFFFFFF6D2462
:100B1000000049240000002492DBFFFFFFFFFFFFDD
:100B2000FFFFFFFFFFFFFFFFFFFFFFFFFFDB2400D3
:100B300024DBFFFFFFFFFF6D000024DBFFFFFFFF53
:100B4000FFFFFFFFFFFFFFFFFFFFFFFFFFFF6D0046
:100B50000000000000000024B6FFFFFFFFFFFFFFC2
:100B6000FFFFFFFFFFFFDBB66D4949496D6D0000D8
:100B700024DBFFFFFFFFFF6D000024DBFFFFFFFF13
:100B8000FFFFFFFFFFFFFFFFFFFFFFFFFFDB49004E
:100B9000000000244924000092FFFFFFFFFFFFFF39
:100BA000FFFFFFFFFFB66D49240000002424000072
:100BB00024DBFFFFFFFFFF6D000024DBFFFFFFFFD3
:100BC000FFFFFFFFFFFFFFFFFFFFFFFFFFB6490033
:100BD00000244992926D00006DDBFFFFFFFFFFFFD5
:100BE000FFFFFFFFDB6D00000000000000000000C1
:100BF00024DBFFFFFFFFFF6D000024DBFFFFFFFF93
:100C0000FFFFFFFFFFFFFFFFFFFFFFFFFFB64900F2
:100C10000049B6FFDBB649004992FFFFFFFFFFFF27
:100C2000FFFFFFFF9224002449B6B692492400003A
:100C300024DBFFFFFFFFFF6D000024DBFFFFFFFF52
:100C4000FFFFFFFFFFFFFFFFFFFFFFFFFF922400FB
:100C50002492DBFFFFDB9200246DDBFFFFFFFFFF31
:100C6000FFFFFFFF49000049B6FFFFDBB6922400FB
:100C700024DBFFFFFFFFFF6D000024DBFFFFFFFF12
:100C8000FFFFFFFFFFFFFFFFFFFFFFFFFF6D2400E0
:100C900049B6FFFFFFFFB6240049DBFFFFFFFFFF60
:100CA000FFFFFFFF4900006DFFFFFFFFFFB62400BD
:100CB00024DBFFFFFFFFFF6D000024DBFFFFFFFFD2
:100CC000FFFFFFFFFFFFFFFFFFFFFFFFFF6D2400A0
:100CD00049B6FFFFFFFFDB49002492DBFFFFFFFF68
:100CE000FFFFFFFF4900006DFFFFFFFFDBB62400A1
:100CF00024DBFFFFFFFFFF6D000024DBFFFFFFFF92
:100D0000FFFFFFFFFFFFFFFFFFFFFFFFDB490000CB
:100D100049DBFFFFFFFFFF9224006D92DBFFFFFF27
:100D2000FFFFFFFF4900004992DBFFDB926D0000EF
:100D300024DBFFFFFFFFFF6D000024DBFFFFFFFF51
:100D4000FFFFFFFFFFFFFFFFFFFFFFFFDB240000B0
:100D50006DDBFFFFFFFFFF924900246DDBFFFFFF0C
:100D6000FFFFFFFF922400004992B6924924000041
:100D700024DBFFFFFFFFFF6D000024DBFFFFFFFF11
:100D8000FFFFFFFFFFFFFFFFFFFFFFFFDB24000070
:100D90006DFFFFFFDBDBB69224000049B6FFFFFFCB
:100DA000FFFFFFFFDB6D00000000000000000000FF
:100DB00024DBFFFFFFFFFF6D000024DBFFFFFFFFD1
:100DC000FFFFFFFFFFFFFFFFFFFFFFFFB624000055
:100DD00092FFDBB66D49240000000049B6FFFFFF1B
:100DE000FFFFFFFFFFB6926D2400000024240000E7
:100DF00024DBFFFFFFFFFF6D000024DBFFFFFFFF91
:100E0000FFFFFFFFFFFFFFFFFFFFFFFFB600000038
:100E1000496D6D4924000000246D92B6FFFFFFFF6D
:100E2000FFFFFFFFFFFFFFDB926D6D6D926D2400F2
:100E300024DBFFFFFFFFFF6D000024DBFFFFFFFF50
:100E4000FFFFFFFFFFFFFFFFFFFFFFDB9200000040
:100E5000242400002424496D92B6FFFFFFFFFFFF0A
:100E6000FFFFFFFFFFFFFFFFFFFFFFFFFFDB240090
:100E700024DBFFFFFFFFFF6D000024DBFFFFFFFF10
:100E8000FFFFFFFFFFFFFFFFFFFFFFDB6D00000025
:100E9000000000496D92B6DBFFFFFFFFFFFFFFFF81
:100EA000FFFFFFFFFFFFFFFFFFFFFFFFFFDB240050
:100EB00024DBFFFFFFFFFF6D0000006D92B6DBFF3C
:100EC000FFFFFFFFFFFFFFFFFFFFFFB66D0000000A
:100ED000496D92B6DBDBFFFFFFFFFFFFFFFFFFFF68
:100EE000FFFFFFFFFFFFFFFFFFFFFFFFFFDB4900EB
:100EF00049FFFFFFFFFFFF9200000024496D6D9244
:100F0000B6B6DBDBFFFFFFFFFFFFFFB6490024495A
:100F100092DBFFFFFFFFFFFFFFFFFFFFFFFFFFFF72
:100F2000FFFFFFFFFFFFFFFFFFFFFFFFFFFF926DD0
:100F300092FFFFFFFFFFFFB6492400000000000002
:100F400024496D9292DBDBFFFFFFFFB6240049923C
:100F5000DBFFFFFFFFFFFFFFFFFFFFFFFFFFFFFFC5
:100F6000FFFFFFFFFFFFFFFFFFFFFFFFFFFFDBDBD9
:100F7000DBFFFFFFFFFFFFFFDBB6926D492424007C
:100F8000000024242449496D92B6B66D24006DB644
:100F9000FFFFFFFFFFFFFFFFFFFFFFFFFFFFFFFF61
:100FA000FFFFFFFFFFFFFFFFFFFFFFFFFFFFFFFF51
:100FB000FFFFFFFFFFFFFFFFFFFFFFDBB692926D1A
:100FC00049492424000000002449492400006D926E
:100FD000DBFFFFFFFFFFFFFFFFFFFFFFFFFFFFFF45
:100FE000FFFFFFFFFFFFFFFFFFFFFFFFFFFFFFFF11
:100FF000FFFFFFFFFFFFFFFFFFFFFFFFFFFFFFFF01
:10100000DBB6926D49242400000000000000244952
:1010100092B6DBFFFFFFFFFFFFFFFFFFFFFFFFFFBA
:10102000FFFFFFFFFFFFFFFFFFFFFFFFFFFFFFFFD0
:10103000FFFFFFFFFFFFFFFFFFFFFFFFFFFFFFFFC0
:10104000FFFFFFDBDBDBB6926D49490000000000CB
:1010500024246DB6FFFFFFFFFFFFFFFFFFFFFFFF31
:10106000FFFFFFFFFFFFFFFFFFFFFFFFFFFFFFFF90
:10107000FFFFFFFFFFFFFFFFFFFFFFFFFFFFFFFF80
:10108000FFFFFFFFFFFFFFDBDBB6B6926D49492490
:10109000242449B6FFFFFFFFFFFFFFFFFFFFFFFF15
:1010A000FFFFFFFFFFFFFFFFFFFFFFFFFFFFFFFF50
:1010B000FFFFFFFFFFFFFFFFFFFFFFFFFFFFFFFF40
:1010C000FFFFFFFFFFFFFFFFFFFFFFFFFFDBB6920A
:1010D0006D6D92DBFFFFFFFFFFFFFFFFFFFFFFFFD5
:1010E000FFFFFFFFFFFFFFFFFFFFFFFFFFFFFFFF10
:1010F000FFFFFFFFFFFFFFFFFFFFFFFFFFFFFFFF00
:10110000FFFFFFFFFFFFFFFFFFFFFFFFFFFFFFFFEF
:10111000FFFFFFFFFFFFFFFFFFFFFFFFFFB66D6D4C
:1011200092FFFFFFFFFFFFFFFFFFFFFFFFFFFFFF3C
:10113000FFFFFFFFFFFFFFFFFFFFFFFFFFFFFFFFBF
:10114000FFFFFFFFFFFFFFFFFFFFFFFFFFFFFFFFAF
:10115000FFFFFFFFFFFFFFFFFFFFFFFFFF922424C2
:1011600049DBFFFFFFFFFFFFFFFFFFFFFFFFFFFF69
:10117000FFFFFFFFFFFFFFFFFFFFFFFFFFFFFFFF7F
:10118000FFFFFFFFFFFFFFFFFFFFFFFFFFFFFFFF6F
:10119000FFFFFFFFFFFFFFFFFFFFFFFFDB6D000013
:1011A00049DBFFFFFFFFFFFFFFFFFFFFFFFFFFFF29
:1011B000FFFFFFFFFFFFFFFFFFFFFFFFFFFFFFFF3F
:1011C000FFFFFFFFFFFFFFFFFFFFFFFFFFFFFFFF2F
:1011D000FFFFFFFFFFFFFFFFFFFFFFFF924900241C
:1011E0006DDBFFFFFFFFFFFFFFFFFFFFFFFFFFFFC5
:1011F000FFFFFFFFFFFFFFFFFFFFFFFFFFFFFFFFFF
:10120000FFFFFFFFFFFFFFFFFFFFFFFFFFFFFFFFEE
:10121000FFFFFFFFFFFFFFFFFFFFFFFF6D24004900
:10122000B6FFFFFFFFFFFFFFFFFFFFFFFFFFFFFF17
:10123000FFFFFFFFFFFFFFFFFFFFFFFFFFFFFFFFBE
:10124000FFFFFFFFFFFFFFFFFFFFFFFFFFFFFFFFAE
:10125000FFFFFFFFFFFFFFFFFFFFFFDB4900246DE4
:10126000DBFFFFFFFFFFFFFFFFFFFFFFFFFFFFFFB2
:10127000FFFFFFFFFFFFFFFFFFFFFFFFFFFFFFFF7E
:10128000FFFFFFFFFFFFFFFFFFFFFFFFFFFFFFFF6E
:10129000FFFFFFFFFFFFFFFFFFFFFFB624002492C9
:1012A000FFFFFFFFFFFFFFFFFFFFFFFFFFFFFFFF4E
:1012B000B692926D6D92B6FFFFFFFFFFFFFFFFFF3B
:1012C000FFFFFFFFFFFFFFFFFFFFFFFFFFFFFFFF2E
:1012D000FFFFFFFFFFFFFFFFFFFFDB9224246DB640
:1012E000FFFFFFFFFFFFFFFFFFFFFFFFFFFFDBB67B
:1012F0006D24240000246DB6DBFFFFFFFFFFFFFF1E
:10130000FFFFFFFFFFFFFFFFFFFFFFFFFFFFFFFFED
:10131000FFFFDBDBDBDBDBDBDBB69249004992DB8B
:10132000FFFFFFFFFFFFFFFFFFFFFFFFFFFFB624F1
:101330000000000000000024B6FFFFFFFFFFFFFFDA
:10134000FFFFFFFFFFFFFFFFFFFFFFDBDBDBDBB686
:10135000B69292926D6D6D49494924000049DBFFB8
:10136000FFFFFFFFFFFFFFFFFFFFFFFFFFB649008B
:1013700024496D92924900006DB6FFFFDBDBDBB6BE
:10138000B6B6B69292926D6D6D4949494949492464
:101390002424242424242400000000002492FFFF9D
:1013A000FFFFFFFFFFFFFFDBB6B6B6B6B66D24004A
:1013B00049B6B6FFDBB64900244992926D6D6D6D5A
:1013C0004949494924242424000000000000000069
:1013D00000000000242424494949496D6DB6FFFFEF
:1013E000FFFFFFFFFFFFB66D242400244924000007
:1013F00092FFFFFFFFFF92000000000000000000CE
:10140000000000000000000000000000000024496F
:10141000490000006D92B6B6B6DBDBFFFFFFFFFFB1
:10142000FFFFFFFFFF92240000000000000000000B
:10143000B6FFFFFFFFFF92000000000024242449B4
:1014400049496D6D6D929292B6926D00002492DBC7
:10145000B6240024B6FFFFFFFFFFFFFFFFFFFFFFE3
:10146000FFFFFFFFB649000049496D492400000015
:10147000B6FFFFFFFFFFB60000249292929292B651
:10148000B6B6B6DBDBDBDBFFFFDB6D002449B6FF66
:10149000B6490049DBFFFFFFFFFFFFFFFFFFFFFF34
:1014A000FFFFFFFF6D24004992DBDBB66D240000D7
:1014B000B6FFFFFFFFFFB600006DFFFFFFFFFFFF5E
:1014C000FFFFFFFFFFFFFFFFFFDB6D00246DB6DBBB
:1014D0009224006DDBFFFFFFFFFFFFFFFFFFFFFF19
:1014E000FFFFFFFF490024B6DBFFFFFFB649000006
:1014F000B6FFFFFFFFFFB600006DFFFFFFFFFFFF1E
:10150000FFFFFFFFFFFFFFFFFFB64900496DDBDB79
:101510009224246DDBFFFFFFFFFFFFFFFFFFFFFFB4
:10152000FFFFFFFF240024DBFFFFFFFFDB4900007C
:10153000B6FFFFFFFFFFB600006DFFFFFFFFFFFFDD
:10154000FFFFFFFFFFFFFFFFFFB649006D92DBDBF0
:101550006D242492DBFFFFFFFFFFFFFFFFFFFFFF74
:10156000FFFFFFFF490024B6FFFFFFFFDB4900003C
:10157000B6FFFFFFFFFFB600006DFFFFFFFFFFFF9D
:10158000FFFFFFFFFFFFFFFFFF9224006DB6DBDBD5
:10159000490024B6FFFFFFFFFFFFFFFFFFFFFFFF34
:1015A000FFFFFFFF6D240049B6DBFFDB6D24000069
:1015B000B6FFFFFFFFFFB600006DFFFFFFFFFFFF5D
:1015C000FFFFFFFFFFFFFFFFFF92240092DBFFDB27
:1015D000490049B6FFFFFFFFFFFFFFFFFFFFFFFFCF
:1015E000FFFFFFFFB649002449496D492400000070
:1015F000B6FFFFFFFFFFB600006DFFFFFFFFFFFF1D
:10160000FFFFFFFFFFFFFFFFFF6D000092FFFFB630
:10161000240049DBFFFFFFFFFFFFFFFFFFFFFFFF8E
:10162000FFFFFFFFDB92240000000000000000002D
:10163000B6FFFFFFFFFFB600006DFFFFFFFFFFFFDC
:10164000FFFFFFFFFFFFFFFFFF6D0000B6FFFFB6CC
:10165000240049FFFFFFFFFFFFFFFFFFFFFFFFFF2A
:10166000FFFFFFFFFFDBB6492424002449240000CC
:10167000B6FFFFFFFFFFB600006DFFFFFFFFFFFF9C
:10168000FFFFFFFFFFFFFFFFDB490024B6FFFFB6B0
:1016900000006DFFFFFFFFFFFFFFFFFFFFFFFFFFEA
:1016A000FFFFFFFFFFFFFFDBB6B6B6B6B64900008F
:1016B000B6FFFFFFFFFFB600006DFFFFFFFFFFFF5C
:1016C000FFFFFFFFFFFFFFFFDB490024B6FFFF9294
:1016D00000006DFFFFFFFFFFFFFFFFFFFFFFFFFFAA
:1016E000FFFFFFFFFFFFFFFFFFFFFFFFFF6D00009A
:1016F000B6FFFFFFFFFFB600006DFFFFFFFFFFFF1C
:10170000FFFFFFFFFFFFFFFFB6490049DBFFDB9252
:10171000002492FFFFFFFFFFFFFFFFFFFFFFFFFF20
:10172000FFFFFFFFFFFFFFFFFFFFFFFFFF6D000059
:10173000B6FFFFFFFFFFB600006DFFFFFFFFFFFFDB
:10174000FFFFFFFFFFFFFFFF9224006DDBFFDB6D5C
:10175000002492FFFFFFFFFFFFFFFFFFFFFFFFFFE0
:10176000FFFFFFFFFFFFFFFFFFFFFFFFFF6D000019
:10177000B6FFFFFFFFFFB600006DFFFFFFFFFFFF9B
:10178000FFFFFFFFFFFFFFDB92242492DBFFB64940
:101790000049B6FFFFFFFFFFFFFFFFFFFFFFFFFF57
:1017A000FFFFFFFFFFFFFFFFFFFFFFFFFF6D0000D9
:1017B000B6FFFFFFFFFFB600006DFFFFFFFFFFFF5B
:1017C000FFFFFFFFFFFFFFDB6D242492DBFFB66D01
:1017D000246DDBFFFFFFFFFFFFFFFFFFFFFFFFFFAA
:1017E000FFFFFFFFFFFFFFFFFFFFFFFFFF6D000099
:1017F000B6FFFFFFFFFFB600006DFFFFFFFFFFFF1B
:10180000FFFFFFFFFFFFFFDB490024B6FFFFDB9276
:101810004992DBFFFFFFFFFFFFFFFFFFFFFFFFFF1F
:10182000FFFFFFFFFFFFFFFFFFFFFFFFFF6D000058
:10183000B6FFFFFFFFFFB600006DFFFFFFFFFFFFDA
:10184000FFFFFFFFFFFFFFDB490024DBFFFFFFFF80
:10185000DBFFFFFFB6926D494924496D92DBFFFF24
:10186000FFFFFFFFFFFFFFFFFFFFFFFFFF6D000018
:10187000B6FFFFFFFFFFB600006DFFFFFFFFFFFF9A
:10188000FFFFFFFFFFFFFFDB240049DBFFFFFFFF40
:10189000FFFFB6924924240000000000246D92B698
:1018A000DBFFFFFFFFFFFFFFFFFFFFFFFF6D0000FC
:1018B000B6FFFFFFFFFFB600006DFFFFFFFFFFFF5A
:1018C000FFFFFFFFFFFFFFB6240049FFFFFFFFFF01
:1018D000FFB66D00000024242424242400002449A1
:1018E00092DBFFFFFFFFFFFFFFFFFFFFFF6D000029
:1018F000B6FFFFFFFFFFB600006DFFFFFFFFFFFF1A
:10190000FFFFFFFFFFFFFFB624006DFFFFFFFFFF9C
:10191000B6490000246D6DB6DBDBB69249240000A9
:101920002492DBFFFFFFFFFFFFFFFFFFFF6D0000C3
:10193000B6FFFFFFFFFFB600006DFFFFFFFFFFFFD9
:10194000FFFFFFFFFFFFDB9224246DFFFFFFFFDBA4
:101950006D24004992DBDBFFFFFFFFDBB66D242423
:101960000049B6FFFFFFFFFFFFFFFFFFFF6D000015
:10197000B6FFFFFFFFFFB600006DFFFFFFFFFFFF99
:10198000FFFFFFFFFFFFDB6D242492FFFFFFFF92AD
:10199000240049B6FFFFFFFFDBDBFFFFFFDB9249BF
:1019A00000006DDBFFFFFFFFFFFFFFFFFF6D00008B
:1019B000B6FFFFFFFFFFB600006DFFFFFFFFFFFF59
:1019C000FFFFFFFFFFFFB66D004992FFFFFFB66DFF
:1019D000002492FFFFFFFFDB494992FFFFFFDB92EC
:1019E00049002492FFFFFFFFFFFFFFFFFF6D000094
:1019F000B6FFFFFFFFFFB600006DFFFFFFFFFFFF19
:101A0000FFFFFFFFFFFFB6490049B6FFFFFF92242B
:101A10000049B6FFFFFFFFB624006DFFFFFFFFDBAD
:101A20009224246DFFFFFFFFFFFFFFFFFF6D00000B
:101A3000B6FFFFFFFFFFB600006DFFFFFFFFFFFFD8
:101A4000FFFFFFFFFFFFB649006DDBFFFFFF9200C6
:101A50000092DBFFDBB6B66D000049B6DBDBFFFFB3
:101A6000B6240049FFFFFFFFFFFFFFFFFF6D0000EF
:101A7000B6FFFFFFFFFFB600006DFFFFFFFFFFFF98
:101A8000FFFFFFFFFFFF9224006DDBFFFFFF6D00F4
:101A90000092FFFF922424000000002449B6FFFFBB
:101AA000DB240049FFFFFFFFFFFFFFFFFF6D00008A
:101AB000B6FFFFFFFFFFB600006DFFFFFFFFFFFF58
:101AC000FFFFFFFFFFFF92000092FFFFFFFF6D008F
:101AD0000092FFFF6D240000000000002492FFFF31
:101AE000FF492449FFFFFFFFFFFFFFFFFF6D0000DD
:101AF000B6FFFFFFFFFFB600006DFFFFFFFFFFFF18
:101B0000FFFFFFFFFFFF6D000092FFFFFFFF6D0073
:101B10000092FFFFB66D6D490000246D92B6FFFF85
:101B2000FFB69292FFFFFFFFFFFFFFFFDB490000C0
:101B3000B6FFFFFFFFFFB600006DFFFFFFFFFFFFD7
:101B4000FFFFFFFFFFFF6D002492FFFFFFFF9224C6
:101B5000006DDBFFFFFFFFB600006DDBFFFFFFFF47
:101B6000FFFFFFFFFFFFDB926D4949496D24000035
:101B7000B6FFFFFFFFFFB600006DFFFFFFFFFFFF97
:101B8000FFFFFFFFFFDB6D0024B6FFFFFFFFB6493D
:101B9000004992FFFFFFFFB6492492FFFFFFFFFFBE
:101BA000FFFFFFFFFFB66D240000000024000000CF
:101BB000B6FFFFFFFFFFB600006DFFFFFFFFFFFF57
:101BC000FFFFFFFFFFB6490049B6FFFFFFFFDB92B3
:101BD000000049DBFFFFFFDB9292B6FFFFFFFFFF34
:101BE000FFFFFFFFDB6D00000000000000000000B1
:101BF000B6FFFFFFFFFFB600006DFFFFFFFFFFFF17
:101C0000FFFFFFFFFFB649006DB6FFFFFFFFFFB606
:101C10002400246DDBFFFFFFFFFFFFFFFFFFFFFF3F
:101C2000FFFFFFFF9224004992B6B69249000000E0
:101C3000B6FFFFFFFFFFB600006DFFFFFFFFFFFFD6
:101C4000FFFFFFFFFF9224246DDBFFFFFFFFFFDBA1
:101C5000922400244992B6DBFFFFFFFFFFFFFFFF46
:101C6000FFFFFFFF49002492DBFFFFDBB6240000EB
:101C7000B6FFFFFFFFFFB600006DFFFFFFFFFFFF96
:101C8000FFFFFFFFFF6D242492DBFFDB9292DBFF5F
:101C9000DB9224000024496D6D92DBFFFFFFFFFF04
:101CA000FFFFFFFF240024DBFFFFFFFFDB490000F5
:101CB000B6FFFFFFFFFFB600006DFFFFFFFFFFFF56
:101CC000FFFFFFFFFF6D002492FFDB9224006DDB1E
:101CD000FFDB924924000000002492FFFFFFFFFF7A
:101CE000FFFFFFFF490024DBFFFFFFFFDB49000090
:101CF000B6FFFFFFFFFFB600006DFFFFFFFFFFFF16
:101D0000FFFFFFFFFF490024B6FFDB4900006DDB4A
:101D1000FFFFFFDB92494924244992FFFFFFFFFFA9
:101D2000FFFFFFFF49002492B6DBFFDB9224000097
:101D3000B6FFFFFFFFFFB600006DFFFFFFFFFFFFD5
:101D4000FFFFFFFFDB240024DBFFDB2400006DDB53
:101D5000FFFFFFFFDBB6B69292B6DBFFFFFFFFFF90
:101D6000FFFFFFFF922400246D92B6922400000032
:101D7000B6FFFFFFFFFFB600006DFFFFFFFFFFFF95
:101D8000FFFFFFFFDB240049DBFFB624000092FFCA
:101D9000FFFFFFFFFFFFFFFFFFFFFFFFFFFFFFFF53
:101DA000FFFFFFFFDB6D00000000000000000000EF
:101DB000B6FFFFFFFFFFB600006DFFFFFFFFFFFF55
:101DC000FFFFFFDBB6240049DBFFB600000092FFF7
:101DD000FFFFFFFFFFFFFFFFFFFFFFFFFFFFFFFF13
:101DE000FFFFFFFFFFB66D49240000002400000044
:101DF000B6FFFFFFFFFFB600006DFFFFFFFFFFFF15
:101E0000FFFFFFDBB624246DDBFF9200002492FF6E
:101E1000FFFFFFFFFFFFFFFFFFFFFFFFFFFFFFFFD2
:101E2000FFFFFFFFFFFFDB926D6D6D6D92240000E1
:101E3000B6FFFFFFFFFFB600006DFFFFFFFFFFFFD4
:101E4000FFFFFFB69200246DDBDB92002424B6FF77
:101E5000FFFFFFFFFFFFFFFFFFFFFFFFFFFFFFFF92
:101E6000FFFFFFFFFFFFFFFFFFFFFFFFDB4900005A
:101E7000B6FFFFFFFFFFB600006DFFFFFFFFFFFF94
:101E8000FFFFFF926D002492FFDB6D002449B6FF37
:101E9000FFFFFFFFFFFFFFFFFFFFFFFFFFFFFFFF52
:101EA000FFFFFFFFFFFFFFFFFFFFFFFFFF6D0000D2
:101EB000B6FFFFFFFFFFB60000249292B6DBFFFFE4
:101EC000FFFFFF6D490049B6FFB66D00496DDBFFAE
:101ED000FFFFFFFFFFFFFFFFFFFFFFFFFFFFFFFF12
:101EE000FFFFFFFFFFFFFFFFFFFFFFFFFF6D00246E
:101EF000B6FFFFFFFFFFB62400002424496D92B611
:101F0000DBDBB649490049B6FFB649004992DBFF21
:101F1000FFFFFFFFFFFFFFFFFFFFFFFFFFFFFFFFD1
:101F2000FFFFFFFFFFFFFFFFFFFFFFFFFF926D6D52
:101F3000DBFFFFFFFFFFDB6D24000000000000243B
:101F4000496D6D24240049B6FF9224006DB6DBFF75
:101F5000FFFFFFFFFFFFFFFFFFFFFFFFFFFFFFFF91
:101F6000FFFFFFFFFFFFFFFFFFFFFFFFFFFFDBDBC9
:101F7000FFFFFFFFFFFFFFDBB6926D6D49240000FE
:101F80000024240000002492B66D24006DB6FFFFEB
:101F9000FFFFFFFFFFFFFFFFFFFFFFFFFFFFFFFF51
:101FA000FFFFFFFFFFFFFFFFFFFFFFFFFFFFFFFF41
:101FB000FFFFFFFFFFFFFFFFFFFFDBB6B6926D499C
:101FC0004924000000000024492400006DB6DBFF16
:101FD000FFFFFFFFFFFFFFFFFFFFFFFFFFFFFFFF11
:101FE000FFFFFFFFFFFFFFFFFFFFFFFFFFFFFFFF01
:101FF000FFFFFFFFFFFFFFFFFFFFFFFFFFFFFFDB15
:10200000B69249242400000000000000246D92B61E
:10201000DBFFFFFFFFFFFFFFFFFFFFFFFFFFFFFFF4
:10202000FFFFFFFFFFFFFFFFFFFFFFFFFFFFFFFFC0
:10203000FFFFFFFFFFFFFFFFFFFFFFFFFFFFFFFFB0
:10204000FFFFDBDBDBB6926D2400000000002424E0
:1020500049DBFFFFFFFFFFFFFFFFFFFFFFFFFFFF6A
:10206000FFFFFFFFFFFFFFFFFFFFFFFFFFFFFFFF80
:10207000FFFFFFFFFFFFFFFFFFFFFFFFFFFFFFFF70
:10208000FFFFFFFFFFFFDBB6B6926D494924242412
:1020900049B6FFFFFFFFFFFFFFFFFFFFFFFFFFFF4F
:1020A000FFFFFFFFFFFFFFFFFFFFFFFFFFFFFFFF40
:1020B000FFFFFFFFFFFFFFFFFFFFFFFFFFFFFFFF30
:1020C000FFFFFFFFFFFFFFFFFFFFFFDBB6926D6D1E
:1020D00092DBFFFFFFFFFFFFFFFFFFFFFFFFFFFFA1
:1020E000FFFFFFFFFFFFFFFFFFFFFFFFFFFFFFFF00
:1020F000FFFFFFFFFFFFFFFFFFFFFFFFFFFFFFFFF0
:10210000FFFFDB6D24246DFFFFFFFFFFFFFFFFFFDD
:10211000FFFFFFFFFFFFFFFFFFFFFFFFFFFFFFFFCF
:10212000FFFFFFFFFFFFFFFFFFFFFFFFFFFFFFFFBF
:10213000FFFFFFFFFFFFFFFFFFFFFFFFFFFFFFFFAF
:10214000FFB624000000006D92FFFFFFFFFFFFFFBE
:10215000FFFFFFFFFFFFFFFFFFFFFFFFFFFFFFFF8F
:10216000FFFFFFFFFFFFFFFFFFFFFFFFFFFFFFFF7F
:10217000FFFFFFFFFFFFFFFFFFFFFFFFFFFFFFFF6F
:10218000FF2400002424000024FFFFFFFFFFFFFFC7
:10219000FFFFFFFFFFFFFFFFFFFFFFFFFFFFFFFF4F
:1021A000FFFFFFFFFFFFFFFFFFFFFFFFFFFFFFFF3F
:1021B000FFFFFFFFFFFFFFFFFFFFFFFFFFFFFFB678
:1021C00092000000B6B600000092FFFFFFFFFFFF85
:1021D000FFFFFFFFFFFFFFFFFFFFFFFFFFFFFFFF0F
:1021E000FFFFFFFFFFFFFFFFFFFFFFFFFFFFFFFFFF
:1021F000FFFFFFFFFFFFFFFFFFFFFFFFFFFFFF49A5
:102200000000246DFFFF6D000000B6FFFFFFFFFF21
:10221000FFFFFFFFFFFFFFFFFFFFFFFFFFFFFFFFCE
:10222000FFFFFFFFFFFFFFFFFFFFFFFFFFFFFFFFBE
:10223000FFFFFFFFFFFFFFFFFFFFFFFFFFFF92001A
:10224000000092FFFFFFFF24000024B6FFFFFFFF06
:10225000FFFFFFFFFFFFFFFFFFFFFFFFFFFFFFFF8E
:10226000FFFFFFFFFFFFFFFFFFFFFFFFFFFFFFFF7E
:10227000FFFFFFFFFFFFFFFFFFFFFFFFFFDB24006C
:10228000006DFFFFFFFFFF9249000024FFFFFFFFEB
:10229000FFFFFFFFFFFFFFFFFFFFFFFFFFFFFFFF4E
:1022A000FFFFFFFFFFFFFFFFFFFFFFFFFFFFFFFF3E
:1022B000FFFFFFFFFFFFFFFFFFFFFFFF9224000074
:1022C00024DBFFFFFFFFFFFFDB2400006DFFFFFFAC
:1022D000FFFFFFFFFFFFFFFFFFFFFFFFFFFFFFFF0E
:1022E000FFFFFFFFFFFFFFFFFFFFFFFFFFFFFFFFFE
:1022F000FFFFFFFFFFFFFFFFFFFFFFDB2400006D7D
:1023000092FFFFFFFFFFFFFFFF6D00002449FFFF6B
:10231000FFFFFFFFFFFFFFFFFFFFFFFFFFFFFFFFCD
:10232000FFFFFFFFFFFFFFFFFFFFFFFFFFFFFFFFBD
:10233000FFFFFFFFFFFFFFFFFFFFDB49000024DB84
:10234000FFFFFFFFFFFFFFFFFFFF4924000092FF99
:10235000FFFFFFFFFFFFFFFFFFFFFFFFFFFFFFFF8D
:10236000FFFFFFFFFFFFFFFFFFFFFFFFFFFFFFFF7D
:10237000FFFFFFFFFFFFFFFFFFFF2424000092FF8E
:10238000FFFFFFFFFFFFFFFFFFFFFF6D000024DBEC
:10239000FFFFFFFFFFFFFFFFFFFFFFFFFFFFFFFF4D
:1023A000FFFFFFFFFFFFFFFFFFFFFFFFFFFFFFFF3D
:1023B000FFFFFFFFFFFFFFFFFF490000246DFFFF4E
:1023C000FFFFFFFFFFFFFFFFFFFFFFFF2400006D88
:1023D00092FFFFFFFFFFFFFFFFFFFFFFFFFFFFFF7A
:1023E000FFFFFFFFFFFFFFFFFFFFFFFFFFFFFFFFFD
:1023F000FFFFFFFFFFFFFFFFB624000092FFFFFF7C
:10240000FFFFFFFFFFFFFFFFFFFFFFFF9224000022
:1024100024FFFFFFFFFFFFFFFFFFFFFFFFFFFFFFA7
:10242000FFFFFFFFFFFFFFFFFFFFFFFFFFFFFFFFBC
:10243000FFFFFFFFFFFFFF6D24000049FFFFFFFFCD
:10244000FFFFFFFFFFFFFFFFFFFFFFFFFFB60000E3
:102450000092FFFFFFFFFFFFFFFFFFFFFFFFFFFFF8
:10246000FFFFFFFFFFFFFFFFFFFFFFFFFFFFFFFF7C
:10247000FFFFFFFFFFFFB624000049DBFFFFFFFF68
:10248000FFFFFFFFFFFFFFFFFFFFFFFFFFFF6D00ED
:102490000000B6FFFFFFFFFFFFFFFFFFFFFFFFFF93
:1024A000FFFFFFFFFFFFFFFFFFFFFFFFFFFFFFFF3C
:1024B000FFFFFFFFFFFF24000049FFFFFFFFFFFFBB
:1024C000FFFFFFFFFFFFFFFFFFFFFFFFFFFFFF24F7
:1024D000000024B6FFFFFFFFFFFFFFFFFFFFFFFF2E
:1024E000FFFFFFFFFFFFFFFFFFFFFFFFFFFFFFFFFC
:1024F000FFFFFFFFDB49000024DBFFFFFFFFFFFFC3
:10250000FFFFFFFFFFFFFFFFFFFFFFFFFFFFFF9248
:1025100049000024FFFFFFFFFFFFFFFFFFFFFFFF5A
:10252000FFFFFFFFFFFFFFFFFFFFFFFFFFFFFFFFBB
:10253000FFFFFFFF490000246DFFFFFFFFFFFFFFCC
:10254000FFFFFFFFFFFFFFFFFFFFFFFFFFFFFFFF9B
:10255000DB2400006DFFFFFFFFFFFFFFFFFFFFFF1A
:10256000FFFFFFFFFFFFFFFFFFFFFFFFFFFFFFFF7B
:10257000FFFFFF92000024B6FFFFFFFFFFFFFFFFFA
:10258000FFFFFFFFFFFFFFFFFFFFFFFFFFFFFFFF5B
:10259000FF6D00002449FFFFFFFFFFFFFFFFFFFF6C
:1025A000FFFFFFFFFFFFFFFFFFFFFFFFFFFFFFFF3B
:1025B000FFFF6D2400006DFFFFFFFFFFFFFFFFFF28
:1025C000FFFFFFFFFFFFFFFFFFFFFFFFFFFFFFFF1B
:1025D000FFFF4924000092FFFFFFFFFFFFFFFFFF07
:1025E000FFFFFFFFFFFFFFFFFFFFFFFFFFFFFFFFFB
:1025F000FF9200002424FFFFFFFFFFFFFFFFFFFF0C
:10260000FFFFFFFFFFFFFFFFFFFFFFFFFFFFFFFFDA
:10261000FFFFFF6D000024DBFFFFFFFFFFFFFFFF59
:10262000FFFFFFFFFFFFFFFFFFFFFFFFFFFFFFFFBA
:10263000DB24000049DBFFFFFFFFFFFFFFFFFFFF81
:10264000FFFFFFFFFFFFFFFFFFFFFFFFFFFFFFFF9A
:10265000FFFFFFFF2400006D92FFFFFFFFFFFFFF62
:10266000FFFFFFFFFFFFFFFFFFFFFFFFFFFFFF92E7
:102670006D000024DBFFFFFFFFFFFFFFFFFFFFFFF9
:10268000FFFFFFFFFFFFFFFFFFFFFFFFFFFFFFFF5A
:10269000FFFFFFFF9224000024FFFFFFFFFFFFFF6B
:1026A000FFFFFFFFFFFFFFFFFFFFFFFFFFFFDB2439
:1026B000000024B6FFFFFFFFFFFFFFFFFFFFFFFF4C
:1026C000FFFFFFFFFFFFFFFFFFFFFFFFFFFFFFFF1A
:1026D000FFFFFFFFFFB600000092FFFFFFFFFFFFBD
:1026E000FFFFFFFFFFFFFFFFFFFFFFFFFFFF6D008B
:1026F0000024B6FFFFFFFFFFFFFFFFFFFFFFFFFF0D
:10270000FFFFFFFFFFFFFFFFFFFFFFFFFFFFFFFFD9
:10271000FFFFFFFFFFFF6D000000B6FFFFFFFFFFA1
:10272000FFFFFFFFFFFFFFFFFFFFFFFFFF92000024
:102730000092FFFFFFFFFFFFFFFFFFFFFFFFFFFF15
:10274000FFFFFFFFFFFFFFFFFFFFFFFFFFFFFFFF99
:10275000FFFFFFFFFFFFFF24000024B6FFFFFFFF86
:10276000FFFFFFFFFFFFFFFFFFFFFFFF6D000024E4
:1027700049FFFFFFFFFFFFFFFFFFFFFFFFFFFFFF1F
:10278000FFFFFFFFFFFFFFFFFFFFFFFFFFFFFFFF59
:10279000FFFFFFFFFFFFFF9249000024FFFFFFFF45
:1027A000FFFFFFFFFFFFFFFFFFFFFFB624000092C8
:1027B000DBFFFFFFFFFFFFFFFFFFFFFFFFFFFFFF4D
:1027C000FFFFFFFFFFFFFFFFFFFFFFFFFFFFFFFF19
:1027D000FFFFFFFFFFFFFFFFDB2400006DFFFFFF98
:1027E000FFFFFFFFFFFFFFFFFFFFB649000049FFAC
:1027F000FFFFFFFFFFFFFFFFFFFFFFFFFFFFFFFFE9
:10280000FFFFFFFFFFFFFFFFFFFFFFFFFFFFFFFFD8
:10281000FFFFFFFFFFFFFFFFFF6D00002449FFFFE9
:10282000FFFFFFFFFFFFFFFFFFDB24000000B6FFFD
:10283000FFFFFFFFFFFFFFFFFFFFFFFFFFFFFFFFA8
:10284000FFFFFFFFFFFFFFFFFFFFFFFFFFFFFFFF98
:10285000FFFFFFFFFFFFFFFFFFFF4924000092FF84
:10286000FFFFFFFFFFFFFFFFFF4900002492FFFF74
:10287000FFFFFFFFFFFFFFFFFFFFFFFFFFFFFFFF68
:10288000FFFFFFFFFFFFFFFFFFFFFFFFFFFFFFFF58
:10289000FFFFFFFFFFFFFFFFFFFFFF6D000024DBD7
:1028A000FFFFFFFFFFFFFFDB92000000B6FFFFFF0F
:1028B000FFFFFFFFFFFFFFFFFFFFFFFFFFFFFFFF28
:1028C000FFFFFFFFFFFFFFFFFFFFFFFFFFFFFFFF18
:1028D000FFFFFFFFFFFFFFFFFFFFFFFF2400006D73
:1028E00092FFFFFFFFFFFF492400006DFFFFFFFF86
:1028F000FFFFFFFFFFFFFFFFFFFFFFFFFFFFFFFFE8
:10290000FFFFFFFFFFFFFFFFFFFFFFFFFFFFFFFFD7
:10291000FFFFFFFFFFFFFFFFFFFFFFFF922400000D
:1029200024FFFFFFFFFFB62400006DDBFFFFFFFF6A
:10293000FFFFFFFFFFFFFFFFFFFFFFFFFFFFFFFFA7
:10294000FFFFFFFFFFFFFFFFFFFFFFFFFFFFFFFF97
:10295000FFFFFFFFFFFFFFFFFFFFFFFFFFB60000CE
:102960000092FFFFFFDB24000049FFFFFFFFFFFF96
:10297000FFFFFFFFFFFFFFFFFFFFFFFFFFFFFFFF67
:10298000FFFFFFFFFFFFFFFFFFFFFFFFFFFFFFFF57
:10299000FFFFFFFFFFFFFFFFFFFFFFFFFFFF6D00D8
:1029A0000000B6FFB624000024DBFFFFFFFFFFFF9F
:1029B000FFFFFFFFFFFFFFFFFFFFFFFFFFFFFFFF27
:1029C000FFFFFFFFFFFFFFFFFFFFFFFFFFFFFFFF17
:1029D000FFFFFFFFFFFFFFFFFFFFFFFFFFFFFF24E2
:1029E000000024B6240000000000000000000000E9
:1029F00000000000000000000024DBFFFFFFFFFFDD
:102A0000FFFFFFFFFFFFFFFFFFFFFFFFFFDB2400D4
:102A100000000000000000000000000000000000B6
:102A2000000000242400000000000000000000005E
:102A30000000000000000000000092FFFFFFFFFF09
:102A4000FFFFFFFFFFFFFFFFFFFFFFFFDB92000025
:102A50000000000000000000000000000000000076
:102A600000000024DB9249494949494949494949FB
:102A700049494949494900000024FFFFFFFFFFFF82
:102A8000FFFFFFFFFFFFFFFFFFFFFFFFFFFF240030
:102A90000000494949494949494949494949494938
:102AA000494992DBFFFFFFFFFFFFFFFFFFFFFFFF33
:102AB000FFFFFFFFDB6D000024B6FFFFFFFFFFFFFE
:102AC000FFFFFFFFFFFFFFFFFFFFFFFFFFFFB6243A
:102AD00000006DDBFFFFFFFFFFFFFFFFFFFFFFFFBA
:102AE000FFFFFFFFFFFFFFFFFFFFFFFFFFFFFFFFF6
:102AF000FFFFFFFF6D00002449FFFFFFFFFFFFFF07
:102B0000FFFFFFFFFFFFFFFFFFFFFFFFFFFFFF498B
:102B10002400006DFFFFFFFFFFFFFFFFFFFFFFFF30
:102B2000FFFFFFFFFFFFFFFFFFFFFFFFFFFFFFFFB5
:102B3000FFFFFFB600000092DBFFFFFFFFFFFFFF7C
:102B4000FFFFFFFFFFFFFFFFFFFFFFFFFFFFFFDBB9
:102B500092000000B6FFFFFFFFFFFFFFFFFFFFFF38
:102B6000FFFFFFFFFFFFFFFFFFFFFFFFFFFFFFFF75
:102B7000FFFFB649000049FFFFFFFFFFFFFFFFFF18
:102B8000FFFFFFFFFFFFFFFFFFFFFFFFFFFFFFFF55
:102B9000FF49000049B6FFFFFFFFFFFFFFFFFFFFF8
:102BA000FFFFFFFFFFFFFFFFFFFFFFFFFFFFFFFF35
:102BB000FFDB24000000B6FFFFFFFFFFFFFFFFFF6A
:102BC000FFFFFFFFFFFFFFFFFFFFFFFFFFFFFFFF15
:102BD000FFB600000024DBFFFFFFFFFFFFFFFFFF4A
:102BE000FFFFFFFFFFFFFFFFFFFFFFFFFFFFFFFFF5
:102BF000FF4900002492FFFFFFFFFFFFFFFFFFFFE1
:102C0000FFFFFFFFFFFFFFFFFFFFFFFFFFFFFFFFD4
:102C1000FFFF9224000049FFFFFFFFFFFFFFFFFFC0
:102C2000FFFFFFFFFFFFFFFFFFFFFFFFFFFFFFFFB4
:102C3000B624000092FFFFFFFFFFFFFFFFFFFFFF33
:102C4000FFFFFFFFFFFFFFFFFFFFFFFFFFFFFFFF94
:102C5000FFFFFF92000024B6FFFFFFFFFFFFFFFF13
:102C6000FFFFFFFFFFFFFFFFFFFFFFFFFFFFFF6D06
:102C700024000049FFFFFFFFFFFFFFFFFFFFFFFFF3
:102C8000FFFFFFFFFFFFFFFFFFFFFFFFFFFFFFFF54
:102C9000FFFFFFFF490000246DFFFFFFFFFFFFFF65
:102CA000FFFFFFFFFFFFFFFFFFFFFFFFFFFFDB2433
:102CB000000049DBFFFFFFFFFFFFFFFFFFFFFFFFFC
:102CC000FFFFFFFFFFFFFFFFFFFFFFFFFFFFFFFF14
:102CD000FFFFFFFFDB49000024DBFFFFFFFFFFFFDB
:102CE000FFFFFFFFFFFFFFFFFFFFFFFFFFFF4900A9
:102CF0000024FFFFFFFFFFFFFFFFFFFFFFFFFFFFBE
:102D0000FFFFFFFFFFFFFFFFFFFFFFFFFFFFFFFFD3
:102D1000FFFFFFFFFFFF24000049FFFFFFFFFFFF52
:102D2000FFFFFFFFFFFFFFFFFFFFFFFFDB6D000067
:102D300024B6FFFFFFFFFFFFFFFFFFFFFFFFFFFFC7
:102D4000FFFFFFFFFFFFFFFFFFFFFFFFFFFFFFFF93
:102D5000FFFFFFFFFFFFB62400006DDBFFFFFFFF5B
:102D6000FFFFFFFFFFFFFFFFFFFFFFFF6D000024DE
:102D700049FFFFFFFFFFFFFFFFFFFFFFFFFFFFFF19
:102D8000FFFFFFFFFFFFFFFFFFFFFFFFFFFFFFFF53
:102D9000FFFFFFFFFFFFFF492400006DFFFFFFFF64
:102DA000FFFFFFFFFFFFFFFFFFFFFFB600000092E6
:102DB000DBFFFFFFFFFFFFFFFFFFFFFFFFFFFFFF47
:102DC000FFFFFFFFFFFFFFFFFFFFFFFFFFFFFFFF13
:102DD000FFFFFFFFFFFFFFDB92000000B6FFFFFFDA
:102DE000FFFFFFFFFFFFFFFFFFFFB649000049FFA6
:102DF000FFFFFFFFFFFFFFFFFFFFFFFFFFFFFFFFE3
:102E0000FFFFFFFFFFFFFFFFFFFFFFFFFFFFFFFFD2
:102E1000FFFFFFFFFFFFFFFFFF49000049B6FFFF75
:102E2000FFFFFFFFFFFFFFFFFFDB24000000B6FFF7
:102E3000FFFFFFFFFFFFFFFFFFFFFFFFFFFFFFFFA2
:102E4000FFFFFFFFFFFFFFFFFFFFFFFFFFFFFFFF92
:102E5000FFFFFFFFFFFFFFFFFFB600000024DBFFC7
:102E6000FFFFFFFFFFFFFFFFFF4900002492FFFF6E
:102E7000FFFFFFFFFFFFFFFFFFFFFFFFFFFFFFFF62
:102E8000FFFFFFFFFFFFFFFFFFFFFFFFFFFFFFFF52
:102E9000FFFFFFFFFFFFFFFFFFFF9224000049FF3E
:102EA000FFFFFFFFFFFFFFFFB624000092FFFFFFC1
:102EB000FFFFFFFFFFFFFFFFFFFFFFFFFFFFFFFF22
:102EC000FFFFFFFFFFFFFFFFFFFFFFFFFFFFFFFF12
:102ED000FFFFFFFFFFFFFFFFFFFFFF92000024B691
:102EE000FFFFFFFFFFFFFF6D24000049FFFFFFFF13
:102EF000FFFFFFFFFFFFFFFFFFFFFFFFFFFFFFFFE2
:102F0000FFFFFFFFFFFFFFFFFFFFFFFFFFFFFFFFD1
:102F1000FFFFFFFFFFFFFFFFFFFFFFFF4900002450
:102F20006DFFFFFFFFFFDB24000049DBFFFFFFFF1A
:102F3000FFFFFFFFFFFFFFFFFFFFFFFFFFFFFFFFA1
:102F4000FFFFFFFFFFFFFFFFFFFFFFFFFFFFFFFF91
:102F5000FFFFFFFFFFFFFFFFFFFFFFFFDB49000059
:102F600024DBFFFFFFFF49000024FFFFFFFFFFFFFF
:102F7000FFFFFFFFFFFFFFFFFFFFFFFFFFFFFFFF61
:102F8000FFFFFFFFFFFFFFFFFFFFFFFFFFFFFFFF51
:102F9000FFFFFFFFFFFFFFFFFFFFFFFFFFFF24001B
:102FA0000049FFFFDB6D000024B6FFFFFFFFFFFFBE
:102FB000FFFFFFFFFFFFFFFFFFFFFFFFFFFFFFFF21
:102FC000FFFFFFFFFFFFFFFFFFFFFFFFFFFFFFFF11
:102FD000FFFFFFFFFFFFFFFFFFFFFFFFFFFFB62425
:102FE00000006DDB6D00002449FFFFFFFFFFFFFFC6
:102FF000FFFFFFFFFFFFFFFFFFFFFFFFFFFFFFFFE1
:10300000FFFFFFFFFFFFFFFFFFFFFFFFFFFFFFFFD0
:10301000FFFFFFFFFFFFFFFFFFFFFFFFFFFFFF4976
:103020002400006D240000242449494949494949A4
:103030004949494949494949494949494949494900
:1030400049494949494949494949494949494949F0
:103050004949494949494949494949494949492405
:1030600024000024490000000000000000000000CF
:103070000000000000000000000000000000000050
:103080000000000000000000000000000000000040
:103090000000000000000000000000000000000030
:1030A00000000049DB922400000000000000000046
:1030B0000000000000000000000000000000000010
:1030C0000000000000000000000000000000000000
:1030D00000000000000000000000000000000000F0
:1030E000002492DBDB9224000000000000000000BE
:1030F00000000000000000000000000000000000D0
:1031000000000000000000000000000000000000BF
:1031100000000000000000000000000000000000AF
:10312000002492DB490000000000000000000000C5
:10313000000000000000000000000000000000008F
:10314000000000000000000000000000000000007F
:10315000000000000000000000000000000000006F
:1031600000000049240000242449494949494949AB
:1031700049494949494949494949494949494949BF
:1031800049494949494949494949494949494949AF
:1031900049494949494949494949494949494924C4
:1031A000240000246D00002449FFFFFFFFFFFFFF04
:1031B000FFFFFFFFFFFFFFFFFFFFFFFFFFFFFFFF1F
:1031C000FFFFFFFFFFFFFFFFFFFFFFFFFFFFFFFF0F
:1031D000FFFFFFFFFFFFFFFFFFFFFFFFFFFFFF49B5
:1031E0002400006DDB6D000024B6FFFFFFFFFFFF32
:1031F000FFFFFFFFFFFFFFFFFFFFFFFFFFFFFFFFDF
:10320000FFFFFFFFFFFFFFFFFFFFFFFFFFFFFFFFCE
:10321000FFFFFFFFFFFFFFFFFFFFFFFFFFFFB624E2
:1032200000006DDBFFFF49000024FFFFFFFFFFFFF1
:10323000FFFFFFFFFFFFFFFFFFFFFFFFFFFFFFFF9E
:10324000FFFFFFFFFFFFFFFFFFFFFFFFFFFFFFFF8E
:10325000FFFFFFFFFFFFFFFFFFFFFFFFFFFF240058
:103260000049FFFFFFFFDB24000049DBFFFFFFFFFA
:10327000FFFFFFFFFFFFFFFFFFFFFFFFFFFFFFFF5E
:10328000FFFFFFFFFFFFFFFFFFFFFFFFFFFFFFFF4E
:10329000FFFFFFFFFFFFFFFFFFFFFFFFDB49000016
:1032A00024DBFFFFFFFFFF6D24000049FFFFFFFF4E
:1032B000FFFFFFFFFFFFFFFFFFFFFFFFFFFFFFFF1E
:1032C000FFFFFFFFFFFFFFFFFFFFFFFFFFFFFFFF0E
:1032D000FFFFFFFFFFFFFFFFFFFFFFFF490000248D
:1032E0006DFFFFFFFFFFFFFFB624000092FFFFFF0F
:1032F000FFFFFFFFFFFFFFFFFFFFFFFFFFFFFFFFDE
:10330000FFFFFFFFFFFFFFFFFFFFFFFFFFFFFFFFCD
:10331000FFFFFFFFFFFFFFFFFFFFFF92000024B64C
:10332000FFFFFFFFFFFFFFFFFF4900002492FFFFA9
:10333000FFFFFFFFFFFFFFFFFFFFFFFFFFFFFFFF9D
:10334000FFFFFFFFFFFFFFFFFFFFFFFFFFFFFFFF8D
:10335000FFFFFFFFFFFFFFFFFFFF9224000049FF79
:10336000FFFFFFFFFFFFFFFFFFDB24000000B6FFB2
:10337000FFFFFFFFFFFFFFFFFFFFFFFFFFFFFFFF5D
:10338000FFFFFFFFFFFFFFFFFFFFFFFFFFFFFFFF4D
:10339000FFFFFFFFFFFFFFFFFFB600000024DBFF82
:1033A000FFFFFFFFFFFFFFFFFFFFB649000049FFE0
:1033B000FFFFFFFFFFFFFFFFFFFFFFFFFFFFFFFF1D
:1033C000FFFFFFFFFFFFFFFFFFFFFFFFFFFFFFFF0D
:1033D000FFFFFFFFFFFFFFFFFF49000049B6FFFFB0
:1033E000FFFFFFFFFFFFFFFFFFFFFFB600000092A0
:1033F000DBFFFFFFFFFFFFFFFFFFFFFFFFFFFFFF01
:10340000FFFFFFFFFFFFFFFFFFFFFFFFFFFFFFFFCC
:10341000FFFFFFFFFFFFFFDB92000000B6FFFFFF93
:10342000FFFFFFFFFFFFFFFFFFFFFFFF6D00002417
:1034300049FFFFFFFFFFFFFFFFFFFFFFFFFFFFFF52
:10344000FFFFFFFFFFFFFFFFFFFFFFFFFFFFFFFF8C
:10345000FFFFFFFFFFFFFF492400006DFFFFFFFF9D
:10346000FFFFFFFFFFFFFFFFFFFFFFFFDB6D000020
:1034700024B6FFFFFFFFFFFFFFFFFFFFFFFFFFFF80
:10348000FFFFFFFFFFFFFFFFFFFFFFFFFFFFFFFF4C
:10349000FFFFFFFFFFFFB62400006DDBFFFFFFFF14
:1034A000FFFFFFFFFFFFFFFFFFFFFFFFFFFF4900E1
:1034B0000024FFFFFFFFFFFFFFFFFFFFFFFFFFFFF6
:1034C000FFFFFFFFFFFFFFFFFFFFFFFFFFFFFFFF0C
:1034D000FFFFFFFFFFFF24000049FFFFFFFFFFFF8B
:1034E000FFFFFFFFFFFFFFFFFFFFFFFFFFFFDB24EB
:1034F000000049DBFFFFFFFFFFFFFFFFFFFFFFFFB4
:10350000FFFFFFFFFFFFFFFFFFFFFFFFFFFFFFFFCB
:10351000FFFFFFFFDB49000024DBFFFFFFFFFFFF92
:10352000FFFFFFFFFFFFFFFFFFFFFFFFFFFFFF6D3D
:1035300024000049FFFFFFFFFFFFFFFFFFFFFFFF2A
:10354000FFFFFFFFFFFFFFFFFFFFFFFFFFFFFFFF8B
:10355000FFFFFFFF490000246DFFFFFFFFFFFFFF9C
:10356000FFFFFFFFFFFFFFFFFFFFFFFFFFFFFFFF6B
:10357000B624000092FFFFFFFFFFFFFFFFFFFFFFEA
:10358000FFFFFFFFFFFFFFFFFFFFFFFFFFFFFFFF4B
:10359000FFFFFF92000024B6FFFFFFFFFFFFFFFFCA
:1035A000FFFFFFFFFFFFFFFFFFFFFFFFFFFFFFFF2B
:1035B000FF4900002492FFFFFFFFFFFFFFFFFFFF17
:1035C000FFFFFFFFFFFFFFFFFFFFFFFFFFFFFFFF0B
:1035D000FFFF9224000049FFFFFFFFFFFFFFFFFFF7
:1035E000FFFFFFFFFFFFFFFFFFFFFFFFFFFFFFFFEB
:1035F000FFDB24000000B6FFFFFFFFFFFFFFFFFF20
:10360000FFFFFFFFFFFFFFFFFFFFFFFFFFFFFFFFCA
:10361000FFB600000024DBFFFFFFFFFFFFFFFFFFFF
:10362000FFFFFFFFFFFFFFFFFFFFFFFFFFFFFFFFAA
:10363000FFFFB649000049FFFFFFFFFFFFFFFFFF4D
:10364000FFFFFFFFFFFFFFFFFFFFFFFFFFFFFFFF8A
:10365000FF49000049B6FFFFFFFFFFFFFFFFFFFF2D
:10366000FFFFFFFFFFFFFFFFFFFFFFFFFFFFFFFF6A
:10367000FFFFFFB600000092DBFFFFFFFFFFFFFF31
:10368000FFFFFFFFFFFFFFFFFFFFFFFFFFFFFFDB6E
:1036900092000000B6FFFFFFFFFFFFFFFFFFFFFFED
:1036A000FFFFFFFFFFFFFFFFFFFFFFFFFFFFFFFF2A
:1036B000FFFFFFFF6D00002449FFFFFFFFFFFFFF3B
:1036C000FFFFFFFFFFFFFFFFFFFFFFFFFFFFFF49C0
:1036D0002400006DFFFFFFFFFFFFFFFFFFFFFFFF65
:1036E000FFFFFFFFFFFFFFFFFFFFFFFFFFFFFFFFEA
:1036F000FFFFFFFFDB6D000024B6FFFFFFFFFFFFB2
:10370000FFFFFFFFFFFFFFFFFFFFFFFFFFFFB624ED
:1037100000006DDBFFFFFFFFFFFFFFFFFFFFFFFF6D
:10372000FFFFFFFFDB924949494949494949494956
:1037300049494949494900000024FFFFFFFFFFFFB5
:10374000FFFFFFFFFFFFFFFFFFFFFFFFFFFF240063
:10375000000049494949494949494949494949496B
:10376000494992DB24000000000000000000000036
:103770000000000000000000000092DBFFFFFFFFE0
:10378000FFFFFFFFFFFFFFFFFFFFFFFFFF920000B4
:103790000000000000000000000000000000000029
:1037A00000000024240000000000000000000000D1
:1037B00000000000000000000024DBFFFFFFFFFF0F
:1037C000FFFFFFFFFFFFFFFFFFFFFFFFFFDB240007
:1037D00000000000000000000000000000000000E9
:1037E00000000024B624000024FFFFFFFFFFFFFFBE
:1037F000FFFFFFFFFFFFFFFFFFFFFFFFFFFFFFFFD9
:10380000FFFFFFFFFFFFFFFFFFFFFFFFFFFFFFFFC8
:10381000FFFFFFFFFFFFFFFFFFFFFFFFFFFFDB24B7
:10382000000024B6FFB60000006DFFFFFFFFFFFFA2
:10383000FFFFFFFFFFFFFFFFFFFFFFFFFFFFFFFF98
:10384000FFFFFFFFFFFFFFFFFFFFFFFFFFFFFFFF88
:10385000FFFFFFFFFFFFFFFFFFFFFFFFFFFF49002D
:103860000024DBFFFFFF92000000B6FFFFFFFFFF19
:10387000FFFFFFFFFFFFFFFFFFFFFFFFFFFFFFFF58
:10388000FFFFFFFFFFFFFFFFFFFFFFFFFFFFFFFF48
:10389000FFFFFFFFFFFFFFFFFFFFFFFFDB6D0000EC
:1038A00024B6FFFFFFFFFF2400002492FFFFFFFF6D
:1038B000FFFFFFFFFFFFFFFFFFFFFFFFFFFFFFFF18
:1038C000FFFFFFFFFFFFFFFFFFFFFFFFFFFFFFFF08
:1038D000FFFFFFFFFFFFFFFFFFFFFFFF6D00002463
:1038E00049FFFFFFFFFFFF926D000024FFFFFFFF76
:1038F000FFFFFFFFFFFFFFFFFFFFFFFFFFFFFFFFD8
:10390000FFFFFFFFFFFFFFFFFFFFFFFFFFFFFFFFC7
:10391000FFFFFFFFFFFFFFFFFFFFFFB6000000926A
:10392000DBFFFFFFFFFFFFFFDB2400006DFFFFFF5A
:10393000FFFFFFFFFFFFFFFFFFFFFFFFFFFFFFFF97
:10394000FFFFFFFFFFFFFFFFFFFFFFFFFFFFFFFF87
:10395000FFFFFFFFFFFFFFFFFFFF9224000049FF73
:10396000FFFFFFFFFFFFFFFFFF9200002449FFFF63
:10397000FFFFFFFFFFFFFFFFFFFFFFFFFFFFFFFF57
:10398000FFFFFFFFFFFFFFFFFFFFFFFFFFFFFFFF47
:10399000FFFFFFFFFFFFFFFFFFB600000024DBFF7C
:1039A000FFFFFFFFFFFFFFFFFFFF492400006DFF48
:1039B000FFFFFFFFFFFFFFFFFFFFFFFFFFFFFFFF17
:1039C000FFFFFFFFFFFFFFFFFFFFFFFFFFFFFFFF07
:1039D000FFFFFFFFFFFFFFFFFF49000049B6FFFFAA
:1039E000FFFFFFFFFFFFFFFFFFFFFF6D000024DB76
:1039F000FFFFFFFFFFFFFFFFFFFFFFFFFFFFFFFFD7
:103A0000FFFFFFFFFFFFFFFFFFFFFFFFFFFFFFFFC6
:103A1000FFFFFFFFFFFFFFDB92000024B6FFFFFF69
:103A2000FFFFFFFFFFFFFFFFFFFFFFFF2400004935
:103A300092FFFFFFFFFFFFFFFFFFFFFFFFFFFFFF03
:103A4000FFFFFFFFFFFFFFFFFFFFFFFFFFFFFFFF86
:103A5000FFFFFFFFFFFFFF492400006DFFFFFFFF97
:103A6000FFFFFFFFFFFFFFFFFFFFFFFFB624000088
:103A700024FFFFFFFFFFFFFFFFFFFFFFFFFFFFFF31
:103A8000FFFFFFFFFFFFFFFFFFFFFFFFFFFFFFFF46
:103A9000FFFFFFFFFFFF9200000092FFFFFFFFFF0D
:103AA000FFFFFFFFFFFFFFFFFFFFFFFFFFB600006D
:103AB000006DFFFFFFFFFFFFFFFFFFFFFFFFFFFFA7
:103AC000FFFFFFFFFFFFFFFFFFFFFFFFFFFFFFFF06
:103AD000FFFFFFFFFFB62400006DFFFFFFFFFFFFAA
:103AE000FFFFFFFFFFFFFFFFFFFFFFFFFFFF920052
:103AF0000000B6FFFFFFFFFFFFFFFFFFFFFFFFFF1D
:103B0000FFFFFFFFFFFFFFFFFFFFFFFFFFFFFFFFC5
:103B1000FFFFFFFFB624000024DBFFFFFFFFFFFFD6
:103B2000FFFFFFFFFFFFFFFFFFFFFFFFFFFFFF2480
:103B300000002492FFFFFFFFFFFFFFFFFFFFFFFFDB
:103B4000FFFFFFFFFFFFFFFFFFFFFFFFFFFFFFFF85
:103B5000FFFFFFDB2400006D92FFFFFFFFFFFFFF71
:103B6000FFFFFFFFFFFFFFFFFFFFFFFFFFFFFF92D2
:103B70006D000024FFFFFFFFFFFFFFFFFFFFFFFFC0
:103B8000FFFFFFFFFFFFFFFFFFFFFFFFFFFFFFFF45
:103B9000FFFFDB49000024DBFFFFFFFFFFFFFFFF0C
:103BA000FFFFFFFFFFFFFFFFFFFFFFFFFFFFFFFF25
:103BB000DB2400006DFFFFFFFFFFFFFFFFFFFFFFA4
:103BC000FFFFFFFFFFFFFFFFFFFFFFFFFFFFFFFF05
:103BD000FFFF2424000092FFFFFFFFFFFFFFFFFF16
:103BE000FFFFFFFFFFFFFFFFFFFFFFFFFFFFFFFFE5
:103BF000FF9200002449FFFFFFFFFFFFFFFFFFFFD1
:103C0000FFFFFFFFFFFFFFFFFFFFFFFFFFFFFFFFC4
:103C1000FF490000246DFFFFFFFFFFFFFFFFFFFFD5
:103C2000FFFFFFFFFFFFFFFFFFFFFFFFFFFFFFFFA4
:103C3000FFFF492400006DFFFFFFFFFFFFFFFFFFB5
:103C4000FFFFFFFFFFFFFFFFFFFFFFFFFFFFFFFF84
:103C5000B624000092FFFFFFFFFFFFFFFFFFFFFF03
:103C6000FFFFFFFFFFFFFFFFFFFFFFFFFFFFFFFF64
:103C7000FFFFFF6D000024DBFFFFFFFFFFFFFFFFE3
:103C8000FFFFFFFFFFFFFFFFFFFFFFFFFFFFFF6DD6
:103C900024000049FFFFFFFFFFFFFFFFFFFFFFFFC3
:103CA000FFFFFFFFFFFFFFFFFFFFFFFFFFFFFFFF24
:103CB000FFFFFFFF2400004992FFFFFFFFFFFFFF10
:103CC000FFFFFFFFFFFFFFFFFFFFFFFFFFFFDB2403
:103CD000000049DBFFFFFFFFFFFFFFFFFFFFFFFFCC
:103CE000FFFFFFFFFFFFFFFFFFFFFFFFFFFFFFFFE4
:103CF000FFFFFFFFB624000024FFFFFFFFFFFFFFD1
:103D0000FFFFFFFFFFFFFFFFFFFFFFFFFFFF490078
:103D10000024FFFFFFFFFFFFFFFFFFFFFFFFFFFF8D
:103D2000FFFFFFFFFFFFFFFFFFFFFFFFFFFFFFFFA3
:103D3000FFFFFFFFFFB60000006DFFFFFFFFFFFF6B
:103D4000FFFFFFFFFFFFFFFFFFFFFFFFDB4900005B
:103D500024B6FFFFFFFFFFFFFFFFFFFFFFFFFFFF97
:103D6000FFFFFFFFFFFFFFFFFFFFFFFFFFFFFFFF63
:103D7000FFFFFFFFFFFF92000000B6FFFFFFFFFF06
:103D8000FFFFFFFFFFFFFFFFFFFFFFFF49000024D2
:103D90006DFFFFFFFFFFFFFFFFFFFFFFFFFFFFFFC5
:103DA000FFFFFFFFFFFFFFFFFFFFFFFFFFFFFFFF23
:103DB000FFFFFFFFFFFFFF2400002492FFFFFFFF34
:103DC000FFFFFFFFFFFFFFFFFFFFFF92000024B692
:103DD000FFFFFFFFFFFFFFFFFFFFFFFFFFFFFFFFF3
:103DE000FFFFFFFFFFFFFFFFFFFFFFFFFFFFFFFFE3
:103DF000FFFFFFFFFFFFFF926D000024FFFFFFFFAB
:103E0000FFFFFFFFFFFFFFFFFFFF6D2400006DFFBF
:103E1000FFFFFFFFFFFFFFFFFFFFFFFFFFFFFFFFB2
:103E2000FFFFFFFFFFFFFFFFFFFFFFFFFFFFFFFFA2
:103E3000FFFFFFFFFFFFFFFFDB2400006DFFFFFF21
:103E4000FFFFFFFFFFFFFFFFFF9200002424FFFFA3
:103E5000FFFFFFFFFFFFFFFFFFFFFFFFFFFFFFFF72
:103E6000FFFFFFFFFFFFFFFFFFFFFFFFFFFFFFFF62
:103E7000FFFFFFFFFFFFFFFFFF9200002449FFFF4E
:103E8000FFFFFFFFFFFFFFFFDB24000049DBFFFF19
:103E9000FFFFFFFFFFFFFFFFFFFFFFFFFFFFFFFF32
:103EA000FFFFFFFFFFFFFFFFFFFFFFFFFFFFFFFF22
:103EB000FFFFFFFFFFFFFFFFFFFF492400006DFF33
:103EC000FFFFFFFFFFFFFF926D000024DBFFFFFFFE
:103ED000FFFFFFFFFFFFFFFFFFFFFFFFFFFFFFFFF2
:103EE000FFFFFFFFFFFFFFFFFFFFFFFFFFFFFFFFE2
:103EF000FFFFFFFFFFFFFFFFFFFFFF6D000024DB61
:103F0000FFFFFFFFFFFFDB2400002492FFFFFFFF06
:103F1000FFFFFFFFFFFFFFFFFFFFFFFFFFFFFFFFB1
:103F2000FFFFFFFFFFFFFFFFFFFFFFFFFFFFFFFFA1
:103F3000FFFFFFFFFFFFFFFFFFFFFFFF2400004920
:103F400092FFFFFFFFFF6D000024DBFFFFFFFFFF7D
:103F5000FFFFFFFFFFFFFFFFFFFFFFFFFFFFFFFF71
:103F6000FFFFFFFFFFFFFFFFFFFFFFFFFFFFFFFF61
:103F7000FFFFFFFFFFFFFFFFFFFFFFFFB624000073
:103F800024FFFFFFFF9200000092FFFFFFFFFFFFF3
:103F9000FFFFFFFFFFFFFFFFFFFFFFFFFFFFFFFF31
:103FA000FFFFFFFFFFFFFFFFFFFFFFFFFFFFFFFF21
:103FB000FFFFFFFFFFFFFFFFFFFFFFFFFFB6000058
:103FC000006DFFFF6D24000049FFFFFFFFFFFFFFB3
:103FD000FFFFFFFFFFFFFFFFFFFFFFFFFFFFFFFFF1
:103FE000FFFFFFFFFFFFFFFFFFFFFFFFFFFFFFFFE1
:103FF000FFFFFFFFFFFFFFFFFFFFFFFFFFFF92003D
:104000000000B6B600000092B6FFFFFFFFFFFFFF03
:10401000FFFFFFFFFFFFFFFFFFFFFFFFFFFFFFFFB0
:10402000FFFFFFFFFFFFFFFFFFFFFFFFFFFFFFFFA0
:10403000FFFFFFFFFFFFFFFFFFFFFFFFFFFFFF246B
:1040400000002424000024FFFFFFFFFFFFFFFFFF0D
:10405000FFFFFFFFFFFFFFFFFFFFFFFFFFFFFFFF70
:10406000FFFFFFFFFFFFFFFFFFFFFFFFFFFFFFFF60
:10407000FFFFFFFFFFFFFFFFFFFFFFFFFFFFFF92BD
:104080006D0000000024B6FFFFFFFFFFFFFFFFFFF2
:10409000FFFFFFFFFFFFFFFFFFFFFFFFFFFFFFFF30
:1040A000FFFFFFFFFFFFFFFFFFFFFFFFFFFFFFFF20
:1040B000FFFFFFFFFFFFFFFFFFFFFFFFFFFFFFFF10
:1040C000FF6D24246DDBFFFFFFFFFFFFFFFFFFFFFE
:1040D000FFFFFFFFFFFFFFFFFFFFFFFFFFFFFFFFF0
:1040E000FFFFFFFFFFFFFFFFFFFFFFFFFFFFFF4996
:1040F00049DBFFFFFFFFFFFFFFFFFFFFFFFFFFFFAA
:10410000FFFFFFFFFFFFFFFFFFFFFFFFFFFFFFFFBF
:10411000FFFFFFFFFFFFFFFFFFFFFFFFFFFFFFFFAF
:10412000FFFFFFFFFFFFFFFFFFFFFFFFFFFFDB00C2
:1041300000246DDBFFFFFFFFFFFFFFFFFFFFFFFF1F
:10414000FFFFFFFFFFFFFFFFFFFFFFFFFFFFFFFF7F
:10415000FFFFFFFFFFFFFFFFFFFFFFFFFFFFFFFF6F
:10416000FFFFFFFFFFFFFFFFFFFFFFFFFFFFDB245E
:104170000000002492FFFFFFFFFFFFFFFFFFFFFF94
:10418000FFFFFFFFFFFFFFFFFFFFFFFFFFFFFFFF3F
:10419000FFFFFFFFFFFFFFFFFFFFFFFFFFFFFFFF2F
:1041A000FFFFFFFFFFFFFFFFFFFFFFFFFFFFDB241E
:1041B000000000000049B6FFFFFFFFFFFFFFFFFF09
:1041C000FFFFFFFFFFFFFFFFFFFFFFFFFFFFFFFFFF
:1041D000FFFFFFFFFFFFFFFFFFFFFFFFFFFFFFFFEF
:1041E000FFFFFFFFFFFFFFFFFFFFFFFFFFFFFF24BA
:1041F000006D92240000006DDBFFFFFFFFFFFFFF5B
:10420000FFFFFFFFFFFFFFFFFFFFFFFFFFFFFFFFBE
:10421000FFFFFFFFFFFFFFFFFFFFFFFFFFFFFFFFAE
:10422000FFFFFFFFFFFFFFFFFFFFFFFFFFFFFF2479
:104230000049FFFF92240000246DFFFFFFFFFFFFF6
:10424000FFFFFFFFFFFFFFFFFFFFFFFFFFFFFFFF7E
:10425000FFFFFFFFFFFFFFFFFFFFFFFFFFFFFFFF6E
:10426000FFFFFFFFFFFFFFFFFFFFFFFFFFFFFF4914
:104270000049FFFFFFDB4924000024B6FFFFFFFFDA
:10428000FFFFFFFFFFFFFFFFFFFFFFFFFFFFFFFF3E
:10429000FFFFFFFFFFFFFFFFFFFFFFFFFFFFFFFF2E
:1042A000FFFFFFFFFFFFFFFFFFFFFFFFFFFFFF49D4
:1042B0000024FFFFFFFFFFB62400002449DBFFFFBF
:1042C000FFFFFFFFFFFFFFFFFFFFFFFFFFFFFFFFFE
:1042D000FFFFFFFFFFFFFFFFFFFFFFFFFFFFFFFFEE
:1042E000FFFFFFFFFFFFFFFFFFFFFFFFFFFFFF4994
:1042F0000000FFFFFFFFFFFFFF6D240000006DDBEC
:10430000FFFFFFFFFFFFFFFFFFFFFFFFFFFFFFFFBD
:10431000FFFFFFFFFFFFFFFFFFFFFFFFFFFFFFFFAD
:10432000FFFFFFFFFFFFFFFFFFFFFFFFFFFFFF6D2F
:104330000000DBFFFFFFFFFFFFFFDB6D000000243D
:1043400092FFFFFFFFFFFFFFFFFFFFFFFFFFFFFFEA
:10435000FFFFFFFFFFFFFFFFFFFFFFFFFFFFFFFF6D
:10436000FFFFFFFFFFFFFFFFFFFFFFFFFFFFFF92CA
:104370000000B6FFFFFFFFFFFFFFFFFFB649000091
:104380000049DBFFFFFFFFFFFFFFFFDBDBDBDBDBCA
:10439000DBDBFFFFFFFFFFFFFFFFFFFFFFFFFFFF75
:1043A000FFFFFFFFFFFFFFFFFFFFFFFFFFFFFFB666
:1043B0000000B6FFFFFFFFFFFFFFFFFFFFFF92249C
:1043C0000000246DDBFFFFFF9249492424242424AC
:1043D0002424244992DBFFFFFFFFFFFFFFFFFFFFC5
:1043E000FFFFFFFFFFFFFFFFFFFFFFFFFFFFFFDB01
:1043F000000092FFFFFFFFFFFFFFFFFFFFFFFFFF38
:104400006D24000024926D240000000000000000D4
:1044100000000000000049B6FFFFFFFFFFFFFFFFA5
:10442000FFFFFFFFFFFFFFFFFFFFFFFFFFFFFFDBC0
:1044300000006DFFFFFFFFFFFFFFFFFFFFFFFFFF1C
:10444000FFDB4900000000000000496D92B6B6B6DF
:10445000B66D49240000002449B6FFFFFFFFFFFFAF
:10446000FFFFFFFFFFFFFFFFFFFFFFFFFFDB6D24ED
:10447000000049FFFFFFFFFFFFFFFFFFFFFFFFFF00
:10448000FFFF92240000244992FFFFFFFFFFFFFF80
:10449000FFFFFFFFB649240000006DFFFFFFFFFF95
:1044A000FFFFFFFFFFFFFFFFFFFFDB6D2424000086
:1044B0000024B6FFFFFFFFFFFFFFFFFFFFFFFFFF2F
:1044C000FF4900000049DBFFFFFFFFFFFFFFFFFF89
:1044D000FFFFFFFFFFFFDB6D00000024DBFFFFFF9E
:1044E000FFFFFFFFFFFFFFDB9224000000002449D5
:1044F00092FFFFFFFFFFFFFFFFFFFFFFFFFFFFFF39
:104500004900002492FFFFFFFFFFFFFFFFFFFFFFB7
:10451000FFFFFFFFFFFFFFFFDB49000024B6FFFFA7
:10452000FFFFFFFFFF924924000000002492DBFF01
:10453000FFFFFFFFFFFFFFFFFFFFFFFFFFFFFF4941
:10454000000049DBFFFFFFFFFFFFFFFFFFFFFFFF53
:10455000FFFFFFFFFFFFFFFFFFFF92000024B6FFFA
:10456000FFFFFFFF4900000000246DDBFFFFFFFF9E
:10457000FFFFFFFFFFFFFFFFFFFFFFFFFFFF490000
:104580000049FFFFFFFFFFFFFFFFFFFFFFFFFFFFF0
:10459000FFFFFFFFFFFFFFFFFFFFFF92240024DB71
:1045A000FFFFFFFF2400000024DBFFFFFFFFFFFFF2
:1045B000FFFFFFFFFFFFFFFFFFFFFFFFFF6D00009B
:1045C00049FFFFFFFFFFFFFFFFFFFFFFFFFFFFFFB1
:1045D000FFFFFFFFFFFFFFFFFFFFFFFF920000490C
:1045E000FFFFFFFFDB492400002492FFFFFFFFFFD6
:1045F000FFFFFFFFFFFFFFFFFFFFFFFFDB240024A4
:10460000FFFFFFFFFFFFFFFFFFFFFFFFFFFFFFFFBA
:10461000FFFFFFFFFFFFFFFFFFFFFFFFFF6D00003A
:104620006DFFFFFFFFFFDB4900000024B6FFFFFF27
:10463000FFFFFFFFFFFFFFFFFFFFFFFF490024B663
:10464000FFFFFFFFFFFFFFFFFFFFFFFFFFFFFFFF7A
:10465000FFFFFFFFFFFFFFFFFFFFFFFFFFFF240044
:1046600024DBFFFFFFFFFFFF922400000049DBFF78
:10467000FFFFFFFFFFFFFFFFFFFFFF9200006DFF47
:10468000FFFFFFFFFFFFFFFFFFFFFFFFFFFFFFFF3A
:10469000FFFFFFFFFFFFFFFFFFFFFFFFFFFFB6244E
:1046A0000049FFFFFFFFFFFFFFFF92240000246D82
:1046B000FFFFFFFFFFFFFFFFFFFFFF490024FFFF9A
:1046C000FFFFFFFFFFFFFFFFFFFFFFFFFFFFFFFFFA
:1046D000FFFFFFFFFFFFFFFFFFFFFFFFFFFFFF49A0
:1046E0000000DBFFFFFFFFFFFFFFFFDB49240000AF
:1046F00024B6FFFFFFFFFFFFFFFFDB240092FFFF59
:10470000FFFFFFFFFFFFFFFFFFFFFFFFFFFFFFFFB9
:10471000FFFFFFFFFFFFFFFFFFFFFFFFFFFFFFB6F2
:1047200000006DFFFFFFFFFFFFFFFFFFFFB6490027
:10473000000049B6FFFFFFFFFFFF6D0024DBFFFF16
:10474000FFFFFFFFFFFFFFFFFFFFFFFFFFFFFFFF79
:10475000FFFFFFFFFFFFFFFFFFFFFFFFFFFFFFFF69
:10476000490024FFFFFFFFFFFFFFFFFFFFFFFF9256
:104770002400000049DBFFFFFFFF240049FFFFFF8B
:10478000FFFFFFFFFFFFFFFFFFFFFFFFFFFFFFFF39
:10479000FFFFFFFFFFFFFFFFFFFFFFFFFFFFFFFF29
:1047A000920024DBFFFFFFFFFFFFFFFFFFFFFFFF84
:1047B000DB6D000000246DFFFFDB00006DFFFFFFDD
:1047C000FFFFFFFFFFFFFFFFFFFFFFFFFFFFFFFFF9
:1047D000FFFFFFFFFFFFFFFFFFFFFFFFFFFFFFFFE9
:1047E000DB240092FFFFFFFFFFFFFFFFFFFFFFFF44
:1047F000FFFFDB4924000024B6920000B6FFFFFF54
:10480000FFFFFFFFFFFFFFFFFFFFFFFFFFFFFFFFB8
:10481000FFFFFFFFFFFFFFFFFFFFFFFFFFFFFFFFA8
:10482000FF24006DFFFFFFFFFFFFFFFFFFFFFFFF04
:10483000FFFFFFFFB624000000240000DBFFFFFFA6
:10484000FFFFFFFFFFFFFFFFFFFFFFFFFFFFFFFF78
:10485000FFFFFFFFFFFFFFFFFFFFFFFFFFFFFFFF68
:10486000FF490049FFFFFFFFFFFFFFFFFFFFFFFFC3
:10487000FFFFFFFFFFFF922400000000FFFFFFFF8C
:10488000FFFFFFFFFFFFFFFFFFFFFFFFFFFFFFFF38
:10489000FFFFFFFFFFFFFFFFFFFFFFFFFFFFFFFF28
:1048A000FF490024FFFFFFFFFFFFFFFFFFFFFFFFA8
:1048B000FFFFFFFFFFFFFFDB6D240000FFFFFFFF97
:1048C000FFFFFFFFFFFFFFFFFFFFFFFFFFFFFFFFF8
:1048D000FFFFFFFFFFFFFFFFFFFFFFFFFFFFFFFFE8
:1048E000FF490000FFFFFFFFFFFFFFFFFFFFFFFF8C
:1048F000FFFFFFFFFFFFFFDB6D240000FFFFFFFF57
:10490000FFFFFFFFFFFFFFFFFFFFFFFFFFFFFFFFB7
:10491000FFFFFFFFFFFFFFFFFFFFFFFFFFFFFFFFA7
:10492000FF490000FFFFFFFFFFFFFFFFFFFFFFFF4B
:10493000FFFFFFFFFFFF922400000000FFFFFFFFCB
:10494000FFFFFFFFFFFFFFFFFFFFFFFFFFFFFFFF77
:10495000FFFFFFFFFFFFFFFFFFFFFFFFFFFFFFFF67
:10496000FF490024FFFFFFFFFFFFFFFFFFFFFFFFE7
:10497000FFFFFFFFB624000000240000DBFFFFFF65
:10498000FFFFFFFFFFFFFFFFFFFFFFFFFFFFFFFF37
:10499000FFFFFFFFFFFFFFFFFFFFFFFFFFFFFFFF27
:1049A000FF490049FFFFFFFFFFFFFFFFFFFFFFFF82
:1049B000FFFFDB4924000024B6920000B6FFFFFF92
:1049C000FFFFFFFFFFFFFFFFFFFFFFFFFFFFFFFFF7
:1049D000FFFFFFFFFFFFFFFFFFFFFFFFFFFFFFFFE7
:1049E000FF24006DFFFFFFFFFFFFFFFFFFFFFFFF43
:1049F000DB6D000000246DFFFFDB00006DFFFFFF9B
:104A0000FFFFFFFFFFFFFFFFFFFFFFFFFFFFFFFFB6
:104A1000FFFFFFFFFFFFFFFFFFFFFFFFFFFFFFFFA6
:104A2000DB240092FFFFFFFFFFFFFFFFFFFFFF926E
:104A3000240000006DDBFFFFFFFF240049FFFFFFA4
:104A4000FFFFFFFFFFFFFFFFFFFFFFFFFFFFFFFF76
:104A5000FFFFFFFFFFFFFFFFFFFFFFFFFFFFFFFF66
:104A6000920024DBFFFFFFFFFFFFFFFFFFB64900BF
:104A7000000049B6FFFFFFFFFFFF6D0024DBFFFFD3
:104A8000FFFFFFFFFFFFFFFFFFFFFFFFFFFFFFFF36
:104A9000FFFFFFFFFFFFFFFFFFFFFFFFFFFFFFFF26
:104AA000490024FFFFFFFFFFFFFFFFDB4924000059
:104AB00024B6FFFFFFFFFFFFFFFFDB240092FFFF95
:104AC000FFFFFFFFFFFFFFFFFFFFFFFFFFFFFFFFF6
:104AD000FFFFFFFFFFFFFFFFFFFFFFFFFFFFFFB62F
:104AE00000006DFFFFFFFFFFFFFF92240000246D19
:104AF000FFFFFFFFFFFFFFFFFFFFFF490024FFFF56
:104B0000FFFFFFFFFFFFFFFFFFFFFFFFFFFFFFFFB5
:104B1000FFFFFFFFFFFFFFFFFFFFFFFFFFFFFF495B
:104B20000000DBFFFFFFFFFF922400000049DBFFD6
:104B3000FFFFFFFFFFFFFFFFFFFFFF9200006DFF82
:104B4000FFFFFFFFFFFFFFFFFFFFFFFFFFFFFFFF75
:104B5000FFFFFFFFFFFFFFFFFFFFFFFFFFFFB62489
:104B60000049FFFFFFFFDB4900000049B6FFFFFFE0
:104B7000FFFFFFFFFFFFFFFFFFFFFFFF490024B61E
:104B8000FFFFFFFFFFFFFFFFFFFFFFFFFFFFFFFF35
:104B9000FFFFFFFFFFFFFFFFFFFFFFFFFFFF2400FF
:104BA00024DBFFFFDB492400002492FFFFFFFFFF0F
:104BB000FFFFFFFFFFFFFFFFFFFFFFFFDB240024DE
:104BC000FFFFFFFFFFFFFFFFFFFFFFFFFFFFFFFFF5
:104BD000FFFFFFFFFFFFFFFFFFFFFFFFFF6D000075
:104BE0006DFFFFFF2400000049DBFFFFFFFFFFFF19
:104BF000FFFFFFFFFFFFFFFFFFFFFFFFFF6D000055
:104C000049FFFFFFFFFFFFFFFFFFFFFFFFFFFFFF6A
:104C1000FFFFFFFFFFFFFFFFFFFFFFFF92000049C5
:104C2000FFFFFFFF49000000246DDBFFFFFFFFFFD8
:104C3000FFFFFFFFFFFFFFFFFFFFFFFFFFFF490039
:104C40000049FFFFFFFFFFFFFFFFFFFFFFFFFFFF29
:104C5000FFFFFFFFFFFFFFFFFFFFFF92240024DBAA
:104C6000FFFFFFFFFF9224000000246DDBFFFFFF2A
:104C7000FFFFFFFFFFFFFFFFFFFFFFFFFFFFFF49FA
:104C8000000049DBFFFFFFFFFFFFFFFFFFFFFFFF0C
:104C9000FFFFFFFFFFFFFFFFFFFF92000024B6FFB3
:104CA000FFFFFFFFFFFFFFB6240000002449DBFFEA
:104CB000FFFFFFFFFFFFFFFFFFFFFFFFFFFFFFFF04
:104CC0004900002492FFFFFFFFFFFFFFFFFFFFFFF0
:104CD000FFFFFFFFFFFFFFFFDB49000024B6FFFFE0
:104CE000FFFFFFFFFFFFFFFFFF9249240000006D61
:104CF000DBFFFFFFFFFFFFFFFFFFFFFFFFFFFFFFE8
:104D0000FF6D00000049DBFFFFFFFFFFFFFFFFFF1C
:104D1000FFFFFFFFFFFFDB6D00000024DBFFFFFF55
:104D2000FFFFFFFFFFFFFFFFFFFFFFB6490000008F
:104D30002449DBFFFFFFFFFFFFFFFFFFFFFFFFFF38
:104D4000FFFF92240000244992FFFFFFFFFFFFFFB7
:104D5000FFFFFFFFB649240000006DFFFFFFFFFFCC
:104D6000FFFFFFFFFFFFFFFFFFFFFFFFFFB649242D
:104D700000006DFFFFFFFFFFFFFFFFFFFFFFFFFFD3
:104D8000FFDB4900000000000000496D92B6B6B696
:104D9000B66D49240000002449B6FFFFFFFFFFFF66
:104DA000FFFFFFFFFFFFFFFFFFFFFFFFFFFFFFB65C
:104DB00000006DFFFFFFFFFFFFFFFFFFFFFFFFFF93
:104DC0006D24000024926D2400000000000000000B
:104DD00000000000000049B6FFFFFFFFFFFFFFFFDC
:104DE000FFFFFFFFFFFFFFFFFFFFFFFFFFFFFFDBF7
:104DF000000092FFFFFFFFFFFFFFFFFFFFFF922476
:104E00000000246DDBFFFFFFB6494924242424243D
:104E10002424244992DBFFFFFFFFFFFFFFFFFFFF7A
:104E2000FFFFFFFFFFFFFFFFFFFFFFFFFFFFFFB6DB
:104E30000000B6FFFFFFFFFFFFFFFFFFB6490000C6
:104E40000049DBFFFFFFFFFFFFFFFFDBDBDBDBDBFF
:104E5000DBDBFFFFFFFFFFFFFFFFFFFFFFFFFFFFAA
:104E6000FFFFFFFFFFFFFFFFFFFFFFFFFFFFFF92BF
:104E70000000DBFFFFFFFFFFFFFFDB6D00000024F2
:104E800092FFFFFFFFFFFFFFFFFFFFFFFFFFFFFF9F
:104E9000FFFFFFFFFFFFFFFFFFFFFFFFFFFFFFFF22
:104EA000FFFFFFFFFFFFFFFFFFFFFFFFFFFFFF6DA4
:104EB0000000DBFFFFFFFFFFFF6D240000006DDB44
:104EC000FFFFFFFFFFFFFFFFFFFFFFFFFFFFFFFFF2
:104ED000FFFFFFFFFFFFFFFFFFFFFFFFFFFFFFFFE2
:104EE000FFFFFFFFFFFFFFFFFFFFFFFFFFFFFF4988
:104EF0000000FFFFFFFFFFB62400002449DBFFFF97
:104F0000FFFFFFFFFFFFFFFFFFFFFFFFFFFFFFFFB1
:104F1000FFFFFFFFFFFFFFFFFFFFFFFFFFFFFFFFA1
:104F2000FFFFFFFFFFFFFFFFFFFFFFFFFFFFFF4947
:104F30000024FFFFFFDB4924000024B6FFFFFFFF32
:104F4000FFFFFFFFFFFFFFFFFFFFFFFFFFFFFFFF71
:104F5000FFFFFFFFFFFFFFFFFFFFFFFFFFFFFFFF61
:104F6000FFFFFFFFFFFFFFFFFFFFFFFFFFFFFF4907
:104F70000049FFFF92240000246DFFFFFFFFFFFFA9
:104F8000FFFFFFFFFFFFFFFFFFFFFFFFFFFFFFFF31
:104F9000FFFFFFFFFFFFFFFFFFFFFFFFFFFFFFFF21
:104FA000FFFFFFFFFFFFFFFFFFFFFFFFFFFFFF24EC
:104FB000006D92240000006DDBFFFFFFFFFFFFFF8D
:104FC000FFFFFFFFFFFFFFFFFFFFFFFFFFFFFFFFF1
:104FD000FFFFFFFFFFFFFFFFFFFFFFFFFFFFFFFFE1
:104FE000FFFFFFFFFFFFFFFFFFFFFFFFFFFFDB24D0
:104FF000000000000049B6FFFFFFFFFFFFFFFFFFBB
:10500000FFFFFFFFFFFFFFFFFFFFFFFFFFFFFFFFB0
:10501000FFFFFFFFFFFFFFFFFFFFFFFFFFFFFFFFA0
:10502000FFFFFFFFFFFFFFFFFFFFFFFFFFFFDB248F
:105030000000002492FFFFFFFFFFFFFFFFFFFFFFC5
:10504000FFFFFFFFFFFFFFFFFFFFFFFFFFFFFFFF70
:10505000FFFFFFFFFFFFFFFFFFFFFFFFFFFFFFFF60
:10506000FFFFFFFFFFFFFFFFFFFFFFFFFFFFDB0073
:1050700000246DDBFFFFFFFFFFFFFFFFFFFFFFFFD0
:10508000FFFFFFFFFFFFFFFFFFFFFFFFFFFFFFFF30
:10509000FFFFFFFFFFFFFFFFFFFFFFFFFFFFFFFF20
:1050A000FFFFFFFFFFFFFFFFFFFFFFFFFFFFFF49C6
:1050B00049DBFFFFFFFFFFFFFFFFFFFFFFFFFFFFDA
:1050C000FFFFFFFFFFFFFFFFFFFFFFFFFFFFFFFFF0
:1050D000FFFFFFFFFFFFFFFFFFFFFFFFFFFFFFFFE0
:1050E000FFFFFFFFFFFFFFFFFFFFFFFFFFFFFFFFD0
:1050F000FFFFFFFFFFFFFFFFFFDBDB92926D492405
:105100002400002424496D92B6DBFFFFFFFFFFFF60
:10511000FFFFFFFFFFFFFFFFFFFFFFFFFFFFFFFF9F
:10512000FFFFFFFFFFFFFFFFFFFFFFFFFFFFFFFF8F
:10513000FFFFFFFFFFFFDB6D4924000000000000C0
:1051400000000000000000000024496D6DDBFFFF3F
:10515000FFFFFFFFFFFFFFFFFFFFFFFFFFFFFFFF5F
:10516000FFFFFFFFFFFFFFFFFFFFFFFFFFFFFFFF4F
:10517000FFFFFFDB922400000000002424244949A3
:10518000492400004949242400000000000049B6D9
:10519000FFFFFFFFFFFFFFFFFFFFFFFFFFFFFFFF1F
:1051A000FFFFFFFFFFFFFFFFFFFFFFFFFFFFFFFF0F
:1051B000FFDB6D2400000000246DB6DBDBFFFFFF8A
:1051C000FF6D0000FFFFFFDBB6924900000000000A
:1051D0002492FFFFFFFFFFFFFFFFFFFFFFFFFFFF27
:1051E000FFFFFFFFFFFFFFFFFFFFFFFFFFFFFFDBF3
:1051F0006D24000000246DB6FFFFFFFFFFFFFFFFDF
:10520000FF6D0000FFFFFFFFFFFFFFDBB64924003B
:10521000000024B6FFFFFFFFFFFFFFFFFFFFFFFFC0
:10522000FFFFFFFFFFFFFFFFFFFFFFFFFFFF9224D6
:1052300000000024B6FFFFFFFFFFFFFFFFFFFFFF9F
:10524000FF6D0000FFFFFFFFFFFFFFFFFFFFDB928F
:105250002400000049DBFFFFFFFFFFFFFFFFFFFF10
:10526000FFFFFFFFFFFFFFFFFFFFFFFFDB49000026
:1052700000000024FFFFFFFFFFFFFFFFFFFFFFFF16
:10528000FFDB496DFFFFFFFFFFFFFFFFFFFFFFFF9A
:10529000490000000024B6FFFFFFFFFFFFFFFFFFF4
:1052A000FFFFFFFFFFFFFFFFFFFFFF49240000009C
:1052B000926D00006DFFFFFFFFFFFFFFFFFFFFFF8D
:1052C000FFFFFFFFFFFFFFFFFFFFFFFFFFFFFF925B
:1052D0000000496D0000246DFFFFFFFFFFFFFFFF8F
:1052E000FFFFFFFFFFFFFFFFFFDB4900000049DB7F
:1052F000FFFF49246DFFFFFFFFFFFFFFFFFFFFFFE1
:10530000FFFFFFFFFFFFFFFFFFFFFFFFFFFFFF921A
:105310002424FFFF9224000049FFFFFFFFFFFFFF4F
:10532000FFFFFFFFFFFFFFFFDB240000006DFFFF1B
:10533000FFFFFFDBFFFFFFFFFFFFFFFFFFFFFFFFA1
:10534000FFFFFFFFFFFFFFFFFFFFFFFFFFFFFFFF6D
:10535000DBFFFFFFFFDB24000049FFFFFFFFFFFF34
:10536000FFFFFFFFFFFFFFDB2400004992FFFFFF6D
:10537000FFFFFFFFFFFFFFFFFFFFFFFFFFFFFFFF3D
:10538000FFFFFFFFFFFFFFFFFFFFFFFFFFFFFFFF2D
:10539000FFFFFFFFFFFFFF49000049FFFFFFFFFF87
:1053A000FFFFFFFFFFFFFF4900006DFFFFFFFFFF53
:1053B000FFFFFFFFFFFFFFFFFFFFFFFFFFFFFFFFFD
:1053C000FFFFFFFFFFFFFFFFFFFFFFFFFFFFFFFFED
:1053D000FFFFFFFFFFFFFFFF4900004992FFFFFFB4
:1053E000FFFFFFFFFFFF4900006DFFFFFFFFFFFF13
:1053F000FFFFFFFFFFFFFFFFFFFFFFFFFFFFFFFFBD
:10540000FFFFFFFFFFFFFFFFFFFFFFFFFFFFFFFFAC
:10541000FFFFFFFFFFFFFFFFFF49000024DBFFFF4F
:10542000FFFFFFFFFF6D000049FFFFFFFFFFFFFFD2
:10543000FFFFFFFFFFFFFFFFFFFFFFFFFFFFFFFF7C
:10544000FFFFFFFFFFFFFFFFFFFFFFFFFFFFFFFF6C
:10545000FFFFFFFFFFFFFFFFFFDB24000024FFFF34
:10546000FFFFFFFFDB240024DBFFFFFFFFFFFFFF49
:10547000FFFFFFFFFFFFFFFFFFFFFFFFFFFFFFFF3C
:10548000FFFFFFFFFFFFFFFFFFFFFFFFFFFFFFFF2C
:10549000FFFFFFFFFFFFFFFFFFFFB62400006DFFD0
:1054A000FFFFFFFF490024B6FFFFFFFFFFFFFFFFE5
:1054B000FFFFFFFFFFFFFFFFFFFFFFFFFFFFFFFFFC
:1054C000FFFFFFFFFFFFFFFFFFFFFFFFFFFFFFFFEC
:1054D000FFFFFFFFFFFFFFFFFFFFFF92490024B622
:1054E000FFFFFFFF92246DFFFFFFFFFFFFFFFFFFA6
:1054F000FFFFFFFFFFFFFFFFFFFFFFFFFFFFFFFFBC
:10550000FFFFFFFFFFFFFFFFFFFFFFFFFFFFFFFFAB
:10551000FFFFFFFFFFFFFFFFFFFFFFDBB6000024E1
:10552000FFFFFFFFFFFFFFFFFFFFFFFFFFFFFFFF8B
:10553000FFFFFFFFFFFFFFFFFFFFFFFFFFFFFFFF7B
:10554000FFFFFFFFFFFFFFFFFFFFFFFFFFFFFFFF6B
:10555000FFFFFFFFFFFFFFFFFFFFB6242400000057
:1055600092FFFFFFFFFFFFFFFFFFFFFFFFFFFFFFB8
:10557000FFFFFFFFFFFFFFFFFFFFFFFFFFFFFFFF3B
:10558000FFFFFFFFFFFFFFFFFFFFFFFFFFFFFFFF2B
:10559000FFFFFFFFFFFFFFFFFFFF240000242400A9
:1055A00024FFFFFFFFFFFFFFFFFFFFFFFFFFFFFFE6
:1055B000FFFFFFFFFFFFFFFFFFFFFFFFFFFFFFFFFB
:1055C000FFFFFFFFFFFFFFFFFFFFFFFFFFFFFFFFEB
:1055D000FFFFFFFFFFFFFFFFFFFF922424B69200B3
:1055E00000B6FFFFFFFFFFFFFFFFFFFFFFFFFFFF13
:1055F000FFFFFFFFFFFFFFFFFFFFFFFFFFFFFFFFBB
:10560000FFFFFFFFFFFFFFFFFFFFFFFFFFFFFFFFAA
:10561000FFFFFFFFFFFFFFFFFFFFFFFFFFFFDB2499
:105620000049FFFFFFFFFFFFFFFFFFFFFFFFFFFF3F
:10563000FFFFFFFFFFFFFFFFFFFFFFFFFFFFFFFF7A
:10564000FFFFFFFFFFFFFFFFFFFFFFFFFFFFFFFF6A
:10565000FFFFFFFFFFFFFFFFFFFFFFFFFFFFFF4910
:105660000000DBFFFFFFFFFFFFFFFFFFFFFFFFFF6C
:10567000FFFFFFFFFFFFFFFFFFFFFFFFFFFFFFFF3A
:10568000FFFFFFFFFFFFFFFFFFFFFFFFFFFFFFFF2A
:10569000FFFFFFFFFFFFFFFFFFFFFFFFFFFFFFB663
:1056A00000006DFFFFFFFFFFFFFFFFFFFFFFFFFF9A
:1056B000FFFFFFFFFFFFFFFFFFFFFFFFFFFFFFFFFA
:1056C000FFFFFFFFFFFFFFFFFFFFFFFFFFFFFFFFEA
:1056D000FFFFFFFFFFFFFFFFFFFFFFFFFFFFFFFFDA
:1056E000240049FFFFFFFFFFFFFFFFFFFFFFFFFF5A
:1056F000FFFFFFFFFFFFFFFFFFFFFFFFFFFFFFFFBA
:10570000FFFFFFFFFFFFFFFFFFFFFFFFFFFFFFFFA9
:10571000FFFFFFFFFFFFFFFFFFFFFFFFFFFFFFFF99
:105720006D0024DBFFFFFFFFFFFFFFFFFFFFFFFF19
:10573000FFFFFFFFFFFFFFFFFFFFFFFFFFFFFFFF79
:10574000FFFFFFFFFFFFFFFFFFFFFFFFFFFFFFFF69
:10575000FFFFFFFFFFFFFFFFFFFFFFFFFFFFFFFF59
:10576000B60000DBFFFFFFFFFFFFFFFFFFFFFFFFB4
:10577000FFFFFFFFFFFFFFFFFFFFFFFFFFFFFFFF39
:10578000FFFFFFFFFFFFFFFFFFFFFFFFFFFFFFFF29
:10579000FFFFFFFFFFFFFFFFFFFFFFFFFFFFFFFF19
:1057A000DB240092FFFFFFFFFFFFFFFFFFFFFFFF74
:1057B000FFFFFFFFFFFFFFFFFFFFFFFFFFFFFFFFF9
:1057C000FFFFFFFFFFFFFFFFFFFFFFFFFFFFFFFFE9
:1057D000FFFFFFFFFFFFFFFFFFFFFFFFFFFFFFFFD9
:1057E000FF24006DFFFFFFFFFFFFFFFFFFFFFFFF35
:1057F000FFFFFFFFFFFFFFFFFFFFFFFFFFFFFFFFB9
:10580000FFDBDBFFFFFFFFFFFFFFFFFFFFFFFFFFF0
:10581000FFFFFFFFFFFFFFFFFFFFFFFFFFFFFFFF98
:10582000FF490049FFFFFFFFFFFFFFFFFFFFFFFFF3
:10583000FFFFFFFFFFFFFFFFFFFFFFFFFFFFFFDB9C
:1058400049240024B6FFFFFFFFFFFFFFFFFFFFFF1C
:10585000FFFFFFFFFFFFFFFFFFFFFFFFFFFFFFFF58
:10586000FF490024FFFFFFFFFFFFFFFFFFFFFFFFD8
:10587000FFFFFFFFFFFFFFFFFFFFFFFFFFFFFF49EE
:105880000000000024DBFFFFFFFFFFFFFFFFFFFF23
:10589000FFFFFFFFFFFFFFFFFFFFFFFFFFFFDBDB60
:1058A000DB490024FFFFFFFFFFFFFFFFFFFFFFFFBC
:1058B000FFFFFFFFFFFFFFFFFFFFFFFFFFFFDB24F7
:1058C0000000000000B6FFFFFFFFFFFFFFFFFFFF2C
:1058D000FFFFFFFFFFFFFFFFFFFFFFFFFF9224001F
:1058E00000000000FFFFFFFFFFFFFFFFFFFFFFFFC4
:1058F000FFFFFFFFFFFFFFFFFFFFFFFFFFFFDB24B7
:105900000000000000B6FFFFFFFFFFFFFFFFFFFFEB
:10591000FFFFFFFFFFFFFFFFFFFFFFFFFF922400DE
:1059200000000000FFFFFFFFFFFFFFFFFFFFFFFF83
:10593000FFFFFFFFFFFFFFFFFFFFFFFFFFFFFF492D
:105940000000000024DBFFFFFFFFFFFFFFFFFFFF62
:10595000FFFFFFFFFFFFFFFFFFFFFFFFFFFFDBDB9F
:10596000DB490024FFFFFFFFFFFFFFFFFFFFFFFFFB
:10597000FFFFFFFFFFFFFFFFFFFFFFFFFFFFFFDB5B
:105980004924000024DBFFFFFFFFFFFFFFFFFFFFB5
:10599000FFFFFFFFFFFFFFFFFFFFFFFFFFFFFFFF17
:1059A000FF490024FFFFFFFFFFFFFFFFFFFFFFFF97
:1059B000FFFFFFFFFFFFFFFFFFFFFFFFFFFFFFFFF7
:1059C000FFDB9200006DFFFFFFFFFFFFFFFFFFFF08
:1059D000FFFFFFFFFFFFFFFFFFFFFFFFFFFFFFFFD7
:1059E000FF490049FFFFFFFFFFFFFFFFFFFFFFFF32
:1059F000FFFFFFFFFFFFFFFFFFFFFFFFFFFFFFFFB7
:105A0000FFFFFF490000B6FFFFFFFFFFFFFFFFFFA3
:105A1000FFFFFFFFFFFFFFFFFFFFFFFFFFFFFFFF96
:105A2000FF24006DFFFFFFFFFFFFFFFFFFFFFFFFF2
:105A3000FFFFFFFFFFFFFFFFFFFFFFFFFFFFFFFF76
:105A4000FFFFFFDB000049FFFFFFFFFFFFFFFFFF3E
:105A5000FFFFFFFFFFFFFFFFFFFFFFFFFFFFFFFF56
:105A6000DB240092FFFFFFFFFFFFFFFFFFFFFFFFB1
:105A7000FFFFFFFFFFFFFFFFFFFFFFFFFFFFFFFF36
:105A8000FFFFFFFF6D0000B6FFFFFFFFFFFFFFFFFF
:105A9000FFFFFFFFFFFFFFFFFFFFFFFFFFFFFFFF16
:105AA000B60000DBFFFFFFFFFFFFFFFFFFFFFFFF71
:105AB000FFFFFFFFFFFFFFFFFFFFFFFFFFFFFFFFF6
:105AC000FFFFFFFFDB240024FFFFFFFFFFFFFFFFBF
:105AD000FFFFFFFFFFFFFFFFFFFFFFFFFFFFFFFFD6
:105AE0006D0024DBFFFFFFFFFFFFFFFFFFFFFFFF56
:105AF000FFFFFFFFFFFFFFFFFFFFFFFFFFFFFFFFB6
:105B0000FFFFFFFFFF9200006DFFFFFFFFFFFFFFA2
:105B1000FFFFFFFFFFFFFFFFFFFFFFFFFFFFFFFF95
:105B2000240049FFFFFFFFFFFFFFFFFFFFFFFFFF15
:105B3000FFFFFFFFFFFFFFFFFFFFFFFFFFFFFFFF75
:105B4000FFFFFFFFFFFF490024DBFFFFFFFFFFFF19
:105B5000FFFFFFFFFFFFFFFFFFFFFFFFFFFFFFB69E
:105B600000006DFFFFFFFFFFFFFFFFFFFFFFFFFFD5
:105B7000FFFFFFFFFFFFFFFFFFFFFFFFFFFFFFFF35
:105B8000FFFFFFFFFFFFDB240049FFFFFFFFFFFFD9
:105B9000FFFFFFFFFFFFFFFFFFFFFFFFFFFFFF49CB
:105BA0000000DBFFFFFFFFFFFFFFFFFFFFFFFFFF27
:105BB000FFFFFFFFFFFFFFFFFFFFFFFFFFFFFFFFF5
:105BC000FFFFFFFFFFFFFF6D000092FFFFFFFFFFE2
:105BD000FFFFFFFFFFFFFFFFFFFFFFFFFFFFDB24D4
:105BE0000049FFFFFFFFFFFFFFFFFFFFFFFFFFFF7A
:105BF000FFFFFFFFFFFFFFFFFFFFFFFFFFFFFFFFB5
:105C0000FFFFFFFFFFFFFFDB240024FFFFFFFFFF7D
:105C1000FFFFFFFFFFFFFFFFFFFF922424B692006C
:105C200000B6FFFFFFFFFFFFFFFFFFFFFFFFFFFFCC
:105C3000FFFFFFFFFFFFFFFFFFFFFFFFFFFFFFFF74
:105C4000FFFFFFFFFFFFFFFF9200006DB6FFFFFFAA
:105C5000FFFFFFFFFFFFFFFFFFFF240000242400E2
:105C600024FFFFFFFFFFFFFFFFFFFFFFFFFFFFFF1F
:105C7000FFFFFFFFFFFFFFFFFFFFFFFFFFFFFFFF34
:105C8000FFFFFFFFFFFFFFFFFF49000049FFFFFF8E
:105C9000FFFFFFFFFFFFFFFFFFFFB6242400000010
:105CA00092FFFFFF922492FFFFFFFFFFFFFFFFFF26
:105CB000FFFFFFFFFFFFFFFFFFFFFFFFFFFFFFFFF4
:105CC000FFFFFFFFFFFFFFFFFFB6246DB6FFFFFFE3
:105CD000FFFFFFFFFFFFFFFFFFFFFFDBB60000241A
:105CE000FFFFFFFF490024DBFFFFFFFFFFFFFFFF78
:105CF000FFFFFFFFFFFFFFFFFFFFFFFFFFFFFFFFB4
:105D0000FFFFFFFFFFFFFFFFFFFFFFFFFFFFFFFFA3
:105D1000FFFFFFFFFFFFFFFFFFFFFF92490024B6D9
:105D2000FFFFFFFFB6240024FFFFFFFFFFFFFFFF81
:105D3000FFFFFFFFFFFFFFFFFFFFFFFFFFFFFFFF73
:105D4000FFFFFFFFFFFFFFFFFFFFFFFFFFFFFFFF63
:105D5000FFFFFFFFFFFFFFFFFFFFB62400006DFF07
:105D6000FFFFFFFFFF6D000049FFFFFFFFFFFFFF89
:105D7000FFFFFFFFFFFFFFFFFFFFFFFFFFFFFFFF33
:105D8000FFFFFFFFFFFFFFFFFFFFFFFFFFFFFFFF23
:105D9000FFFFFFFFFFFFFFFFFFDB24000024FFFFEB
:105DA000FFFFFFFFFFFF4900006DFFFFFFFFFFFF49
:105DB000FFFFFFFFFFFFFFFFFFFFFFFFFFFFFFFFF3
:105DC000FFFFFFFFFFFFFFFFFFFFFFFFFFFFFFFFE3
:105DD000FFFFFFFFFFFFFFFFFF49000024DBFFFF86
:105DE000FFFFFFFFFFFFFF4900006DFFFFFFFFFF09
:105DF000FFFFFFFFFFFFFFFFFFFFFFFFFFFFFFFFB3
:105E0000FFFFFFFFFFFFFFFFFFFFFFFFFFFFFFFFA2
:105E1000FFFFFFFFFFFFFFFF4900004992FFFFFF69
:105E2000FFFFFFFFFFFFFFDB2400004992FFFFFFA2
:105E3000FFFFFFFFFFFFFFFFFFFFFFFFFFFFFFFF72
:105E4000FFFFFFFFFFFFFFFFFFFFFFFFFFFFFFFF62
:105E5000FFFFFFFFFFFFFF49000049FFFFFFFFFFBC
:105E6000FFFFFFFFFFFFFFFFDB240000006DFFFFD0
:105E7000FFFFFFDBFFFFFFFFFFFFFFFFFFFFFFFF56
:105E8000FFFFFFFFFFFFFFFFFFFFFFFFFFFFFFFF22
:105E9000DBFFFFFFFFDB24000049FFFFFFFFFFFFE9
:105EA000FFFFFFFFFFFFFFFFFFDB4900000049DBB3
:105EB000FFFF49246DFFFFFFFFFFFFFFFFFFFFFF15
:105EC000FFFFFFFFFFFFFFFFFFFFFFFFFFFFFF924F
:105ED0002424FFFF9224000049FFFFFFFFFFFFFF84
:105EE000FFFFFFFFFFFFFFFFFFFFFF6D4900000007
:105EF000926D00006DFFFFFFFFFFFFFFFFFFFFFF41
:105F0000FFFFFFFFFFFFFFFFFFFFFFFFFFFFFF920E
:105F10000000496D0000246DFFFFFFFFFFFFFFFF42
:105F2000FFFFFFFFFFFFFFFFFFFFFFFFFF6D000011
:105F300000000024FFFFFFFFFFFFFFFFFFFFFFFF49
:105F4000FFDB496DFFFFFFFFFFFFFFFFFFFFFFFFCD
:105F5000490000000024B6FFFFFFFFFFFFFFFFFF27
:105F6000FFFFFFFFFFFFFFFFFFFFFFFFFFFFB62465
:105F700000000024B6FFFFFFFFFFFFFFFFFFFFFF52
:105F8000FF6D0000FFFFFFFFFFFFFFFFFFFFDB9242
:105F90002400000049DBFFFFFFFFFFFFFFFFFFFFC3
:105FA000FFFFFFFFFFFFFFFFFFFFFFFFFFFFFFFF01
:105FB0009224000000246DB6FFFFFFFFFFFFFFFFEC
:105FC000FF6D0000FFFFFFFFFFFFFFDBB66D24004A
:105FD000000024B6FFFFFFFFFFFFFFFFFFFFFFFFF3
:105FE000FFFFFFFFFFFFFFFFFFFFFFFFFFFFFFFFC1
:105FF000FFFF6D2400000000246DB6DBDBFFFFFF18
:10600000FF6D0000FFFFFFDBB692490000000000BB
:106010002492FFFFFFFFFFFFFFFFFFFFFFFFFFFFD8
:10602000FFFFFFFFFFFFFFFFFFFFFFFFFFFFFFFF80
:10603000FFFFFFFFB6490000000000242424494967
:10604000492400004949242400000000000049B60A
:10605000FFFFFFFFFFFFFFFFFFFFFFFFFFFFFFFF50
:10606000FFFFFFFFFFFFFFFFFFFFFFFFFFFFFFFF40
:10607000FFFFFFFFFFFFDB6D49242400000000004D
:1060800000000000000000000024496D6DDBFFFFF0
:10609000FFFFFFFFFFFFFFFFFFFFFFFFFFFFFFFF10
:1060A000FFFFFFFFFFFFFFFFFFFFFFFFFFFFFFFF00
:1060B000FFFFFFFFFFFFFFFFFFDBDBB6926D492411
:1060C0002400002424496D92B6DBFFFFFFFFFFFF91
:1060D000FFFFFFFFFFFFFFFFFFFFFFFFFFFFFFFFD0
:1060E000FFFFFFFF9249B6FFFFFFFFFFFFFFFFFF2C
:1060F000FFFFFFFFFFFFFFFFFFFFFFFFFFFFFFFFB0
:10610000FFFFFFFFFFFFFFFFFFFFFFFFFFFFFFFF9F
:10611000FFFFFFFFFFFFFFFFFFFFFFFFFFFFFFFF8F
:10612000FFB649B6240024B6FFFFFFFFFFFFFFFFC5
:10613000FFFFFFFFFFFFFFFFFFFFFFFFFFFFFFFF6F
:10614000FFFFFFFFFFFFFFFFFFFFFFFFFFFFFFFF5F
:10615000FFFFFFFFFFFFFFFFFFFFFFFFFFFFFFFF4F
:10616000B624004992240024B6FFFFFFFFFFFFFF83
:10617000FFFFFFFFFFFFFFFFFFFFFFFFFFFFFFFF2F
:10618000FFFFFFFFFFFFFFFFFFFFFFFFFFFFFFFF1F
:10619000FFFFFFFFFFFFFFFFFFFFFFFFFFFFFFB658
:1061A000000024B6FF92000024B6FFFFFFFFFFFFB0
:1061B000FFFFFFFFFFFFFFFFFFFFFFFFFFFFFFFFEF
:1061C000FFFFFFFFFFFFFFFFFFFFFFFFFFFFFFFFDF
:1061D000FFFFFFFFFFFFFFFFFFFFFFFFFFFFB624F3
:1061E0000000B6FFFFFF92240024B6FFFFFFFFFF71
:1061F000FFFFFFFFFFFFFFFFFFFFFFFFFFFFFFFFAF
:10620000FFFFFFFFFFFFFFFFFFFFFFFFFFFFFFFF9E
:10621000FFFFFFFFFFFFFFFFFFFFFFFFFFB60000D5
:1062200024B6FFFFFFFFFF92000024B6FFFFFFFF31
:10623000FFFFFFFFFFFFFFFFFFFFFFFFFFFFFFFF6E
:10624000FFFFFFFFFFFFFFFFFFFFFFFFFFFFFFFF5E
:10625000FFFFFFFFFFFFFFFFFFFFFFFFB624000070
:10626000B6FFFFFFFFFFFFFF92240024B6FFFFFFF2
:10627000FFFFFFFFFFFFFFFFFFFFFFFFFFFFFFFF2E
:10628000FFFFFFFFFFFFFFFFFFFFFFFFFFFFFFFF1E
:10629000FFFFFFFFFFFFFFFFFFFFFFB6000024B679
:1062A000FFFFFFFFFFFFFFFFFF92000024B6FFFF8D
:1062B000FFFFFFFFFFFFFFFFFFFFFFFFFFFFFFFFEE
:1062C000FFFFFFFFFFFFFFFFFFFFFFFFFFFFFFFFDE
:1062D000FFFFFFFFFFFFFFFFFFFFB6240000B6FF39
:1062E000FFFFFFFFFFFFFFFFFFFF92240024B6FF29
:1062F000FFFFFFFFFFFFFFFFFFB64992FFFFFFFF1A
:10630000FFFFFFFFFFFFFFFFFFFFFFFF9249DBFFE4
:10631000FFFFFFFFFFFFFFFFFF92000024B6FFFF1C
:10632000FFFFFFFFFFFFFFFFFFFFFF92000024B60C
:10633000FFFFFFFFFFFFFFFFFF490024FFFFFFFFFD
:10634000FFFFFFFFFFFFFFFFFFFFFFFF00006DFFED
:10635000FFFFFFFFFFFFFFFF92240000B6FFFFFFDC
:10636000FFFFFFFFFFFFFFFFFFFFFFFF922400245F
:10637000B6FFFFFFFFFFFFFFFF490024FFFFFFFF06
:10638000FFFFFFFFFFFFFFFFFFFFFFFF00006DFFAD
:10639000FFFFFFFFFFFFFF92000024B6FFFFFFFF9C
:1063A000FFFFFFFFFFFFFFFFFFFFFFFFFF92000068
:1063B00024B6FFFFFFFFFFFFFF490024FFFFFFFFA1
:1063C000FFFFFFFFFFFFFFFFFFFFFFFF00006DFF6D
:1063D000FFFFFFFFFFFF92240000B6FFFFFFFFFF5C
:1063E000FFFFFFFFFFFFFFFFFFFFFFFFFFFF922405
:1063F0000024B6FFFFFFFFFFFF490024FFFFFFFF60
:10640000FFFFFFFFFFFFFFFFFFFFFFFF00006DFF2C
:10641000FFFFFFFFFF92000024B6FFFFFFFFFFFF1B
:10642000FFFFFFFFFFFFFFFFFFFFFFFFFFFFFF92E9
:10643000000024B6FFFFFFFFFF490024FFFFFFFF1E
:10644000FFFFFFFFFFFFFFFFFFFFFFFF00006DFFEC
:10645000FFFFFFFF92240000B6FFFFFFFFFFFFFFDB
:10646000FFFFFFFFFFFFFFFFFFFFFFFFFFFFFFFF3C
:1064700092240024B6FFFFFFFF490024FFFFFFFF27
:10648000FFFFFFFFFFFFFFFFFFFFFFFF00006DFFAC
:10649000FFFFFF92000024B6FFFFFFFFFFFFFFFF9B
:1064A000FFFFFFFFFFFFFFFFFFFFFFFFFFFFFFFFFC
:1064B000FF92000024B6FFFFFF490024FFFFFFFF0B
:1064C000FFFFFFFFFFFFFFFFFFFFFFFF00006DFF6C
:1064D000FFFF92240000B6FFFFFFFFFFFFFFFFFF5B
:1064E000FFFFFFFFFFFFFFFFFFFFFFFFFFFFFFFFBC
:1064F000FFFF92240024B6FFFF490024FFFFFFFFA7
:10650000FFFFFFFFFFFFFFFFFFFFFFFF00006DFF2B
:10651000FF92000024B6FFFFFFFFFFFFFFFFFFFF1A
:10652000FFFFFFFFFFFFFFFFFFFFFFFFFFFFFFFF7B
:10653000FFFFFF92000024B6FF490024FFFFFFFF8A
:10654000FFFFFFFFFFFFFFFFFFFFFFFF00006DFFEB
:1065500092240000B6FFFFFFFFFFFFFFFFFFFFFFDA
:10656000FFFFFFFFFFFFFFFFFFFFFFFFFFFFFFFF3B
:10657000FFFFFFFF92240024B6490024FFFFFFFF26
:10658000FFFFFFFFFFFFFFFFFFFFFFFF00006D9218
:10659000000024B6FFFFFFFFFFFFFFFFFFFFFFFF2D
:1065A000FFFFFFFFFFFFFFFFFFFFFFFFFFFFFFFFFB
:1065B000FFFFFFFFFF92000024240024FFFFFFFFE6
:1065C000FFFFFFFFFFFFFFFFFFFFFFFF000024248F
:1065D0000000B6FFFFFFFFFFFFFFFFFFFFFFFFFF12
:1065E000FFFFFFFFFFFFFFFFFFFFFFFFFFFFFFFFBB
:1065F000FFFFFFFFFFFF922400000024FFFFFFFFCB
:10660000FFFFFFFFFFFFFFFFFFFFFFFF0000000096
:1066100024B6FFFFFFFFFFFFFFFFFFFFFFFFFFFFAE
:10662000FFFFFFFFFFFFFFFFFFFFFFFFB66D4949C1
:10663000494949494949492400000024FFFFFFFF17
:10664000FFFFFFFFFFFFFFFFFFFFFFFF0000000056
:10665000244949494949494949496DDBFFFFFFFF41
:10666000FFFFFFFFFFFFFFFFFFFFFFFF2400000012
:10667000000000000000000000000024FFFFFFFFFA
:10668000FFFFFFFFFFFFFFFFFFFFFFFF0000000016
:10669000000000000000000000000049FFFFFFFFB5
:1066A000FFFFFFFFFFFFFFFFFFFFFFFF6D00000089
:1066B000000000000000000000000092FFFFFFFF4C
:1066C000FFFFFFFFFFFFFFFFFFFFFFFF6D00000069
:1066D000000000000000000000002492FFFFFFFF08
:1066E000FFFFFFFFFFFFFFFFFFFFFFFFFFFFFFFFBA
:1066F000FFFFFFFFFFFFFFFFFFFFFFFFFFFFFFFFAA
:10670000FFFFFFFFFFFFFFFFFFFFFFFFFFFFFFFF99
:10671000FFFFFFFFFFFFFFFFFFFFFFFFFFFFFFFF89
:10672000FFFFFFFFFFFFFFFFFFFFFFFFFFFFFFFF79
:10673000FFFFFFFFFFFFFFFFFFFFFFFFFFFFFFFF69
:10674000FFFFFFFFFFFFFFFFFFFFFFFFFFFFFFFF59
:10675000FFFFFFFFFFFFFFFFFFFFFFFFFFFFFFFF49
:10676000FFFFFFFFFFFFFFFFFFFFFFFFFFFFFFFF39
:10677000FFFFFFFFFFFFFFFFFFFFFFFFFFFFFFFF29
:10678000FFFFFFFFFFFFFFFFFFFFFFFFFFFFFFFF19
:10679000FFFFFFFFFFFFFFFFFFFFFFFFFFFFFFFF09
:1067A000FFFFFFFFFFFFFFFFFFFFFFFFFFFFFFFFF9
:1067B000FFFFFFFFFFFFFFFFFFFFFFFFFFFFFFFFE9
:1067C000FFFFFFFFFFFFFFFFFFFFFFFFFFFFFFFFD9
:1067D000FFFFFFFFFFFFFFFFFFFFFFFFFFFFFFFFC9
:1067E000FFFFFFFFFFFFFFFFFFFFFFFFFFFFFFFFB9
:1067F000FFFFFFFFFFFFFFFFFFFFFFFFFFFFFFFFA9
:10680000FFFFFFFFFFFFFFFFFFFFFFFFFFFFFFFF98
:10681000FFFFFFFFFFFFFFFFFFFFFFFFFFFFFFFF88
:10682000FFFFFFFFFFFFFFFFFFFFFFFFFFFFFFFF78
:10683000FFFFFFFFFFFFFFFFFFFFFFFFFFFFFFFF68
:10684000FFFFFFFFFFFFFFFFFFFFFFFFFFFFFFFF58
:10685000FFFFFFFFFFFFFFFFFFFFFFFFFFFFFFFF48
:10686000FFFFFFFFFFFFFFFFFFFFFFFFFFFFFFFF38
:10687000FFFFFFFFFFFFFFFFFFFFFFFFFFFFFFFF28
:10688000FFFFFFFFFFFFFFFFFFFFFFFFFFFFFFFF18
:10689000FFFFFFFFFFFFFFFFFFFFFFFFFFFFFFFF08
:1068A000FFFFFFFFFFFFFFFFFFFFFFFFFFFFFFFFF8
:1068B000FFFFFFFFFFFFFFFFFFFFFFFFFFFFFFFFE8
:1068C000FFFFFFFFFFFFFFFFFFFFFFFFFFFFFFFFD8
:1068D000FFFFFFFFFFFFFFFFFFFFFFFFFFFFFFFFC8
:1068E000FFFFFFFFFFFFFFFFFFFFFFFFFFFFFFFFB8
:1068F000FFFFFFFFFFFFFFFFFFFFFFFFFFFFFFFFA8
:10690000FFFFFFFFFFFFFFFFFFFFFFFFFFFFFFFF97
:10691000FFFFFFFFFFFFFFFFFFFFFFFFFFFFFFFF87
:10692000FFFFFFFFFFFFFFFFFFFFFFFFFFFFFFFF77
:10693000FFFFFFFFFFFFFFFFFFFFFFFFFFFFFFFF67
:10694000FFFFFFFFFFFFFFFFFFFFFFFFFFFFFFFF57
:10695000FFFFFFFFFFFFFFFFFFFFFFFFFFFFFFFF47
:10696000FFFFFFFFFFFFFFFFFFFFFFFFFFFFFFFF37
:10697000FFFFFFFFFFFFFFFFFFFFFFFFFFFFFFFF27
:10698000FFFFFFFFFFFFFFFFFFFFFFFFFFFFFFFF17
:10699000FFFFFFFFFFFFFFFFFFFFFFFFFFFFFFFF07
:1069A000FFFFFFFFFFFFFFFFFFFFFFFFFFFFFFFFF7
:1069B000FFFFFFFFFFFFFFFFFFFFFFFFFFFFFFFFE7
:1069C000FFFFFFFFFFFFFFFFFFFFFFFFFFFFFFFFD7
:1069D000FFFFFFFFFFFFFFFFFFFFFFFFFFFFFFFFC7
:1069E000FFFFFFFFFFFFFFFFFFFFFFFFFFFFFFFFB7
:1069F000FFFFFFFFFFFFFFFFFFFFFFFFFFFFFFFFA7
:106A0000FFFFFFFFFFFFFFFFFFFFFFFFFFFFFFFF96
:106A1000FFFFFFFFFFFFFFFFFFFFFFFFFFFFFFFF86
:106A2000FFFFFFFFFFFFFFFFFFFFFFFFFFFFFFFF76
:106A3000FFFFFFFFFFFFFFFFFFFFFFFFFFFFFFFF66
:106A4000FFFFFFFFFFFFFFFFFFFFFFFFFFFFFFFF56
:106A5000FFFFFFFFFFFFFFFFFFFFFFFFFFFFFFFF46
:106A6000FFFFFFFFFFFFFFFFFFFFFFFFFFFFFFFF36
:106A7000FFFFFFFFFFFFFFFFFFFFFFFFFFFFFFFF26
:106A8000FFFFFFFFFFFFFFFFFFFFFFFFFFFFFFFF16
:106A9000FFFFFFFFFFFFFFFFFFFFFFFFFFFFFFFF06
:106AA000FFFFFFFFFFFFFFFFFFFFFFFFFFFFFFFFF6
:106AB000FFFFFFFFFFFFFFFFFFFFFFFFFFFFFFFFE6
:106AC000FFFFFFFFFFFFFFFFFFFFFFFFFFFFFFFFD6
:106AD000FFFFFFFFFFFFFFFFFFFFFFFFFFFFFFFFC6
:106AE000FFFFFFFFFFFFFFFFFFFFFFFF6D00000045
:106AF000000000000000000000000092FFFFFFFF08
:106B0000FFFFFFFFFFFFFFFFFFFFFFFF6D00000024
:106B1000000000000000000000000092FFFFFFFFE7
:106B2000FFFFFFFFFFFFFFFFFFFFFFFF240000004D
:106B3000000000000000000000000024FFFFFFFF35
:106B4000FFFFFFFFFFFFFFFFFFFFFFFF0000000051
:106B5000000000000000000000000049FFFFFFFFF0
:106B6000FFFFFFFFFFFFFFFFFFFFFFFFB66D49497C
:106B7000494949494949492400000024FFFFFFFFD2
:106B8000FFFFFFFFFFFFFFFFFFFFFFFF0000000011
:106B9000244949494949494949496DDBFFFFFFFFFC
:106BA000FFFFFFFFFFFFFFFFFFFFFFFFFFFFFFFFF5
:106BB000FFFFFFFFFFFF922400000024FFFFFFFF05
:106BC000FFFFFFFFFFFFFFFFFFFFFFFF00000000D1
:106BD00024B6FFFFFFFFFFFFFFFFFFFFFFFFFFFFE9
:106BE000FFFFFFFFFFFFFFFFFFFFFFFFFFFFFFFFB5
:106BF000FFFFFFFFFF92000024240024FFFFFFFFA0
:106C0000FFFFFFFFFFFFFFFFFFFFFFFF0000242448
:106C10000000B6FFFFFFFFFFFFFFFFFFFFFFFFFFCB
:106C2000FFFFFFFFFFFFFFFFFFFFFFFFFFFFFFFF74
:106C3000FFFFFFFF92240024B6490024FFFFFFFF5F
:106C4000FFFFFFFFFFFFFFFFFFFFFFFF00006D9251
:106C5000000024B6FFFFFFFFFFFFFFFFFFFFFFFF66
:106C6000FFFFFFFFFFFFFFFFFFFFFFFFFFFFFFFF34
:106C7000FFFFFF92000024B6FF490024FFFFFFFF43
:106C8000FFFFFFFFFFFFFFFFFFFFFFFF00006DFFA4
:106C900092240000B6FFFFFFFFFFFFFFFFFFFFFF93
:106CA000FFFFFFFFFFFFFFFFFFFFFFFFFFFFFFFFF4
:106CB000FFFF92240024B6FFFF490024FFFFFFFFDF
:106CC000FFFFFFFFFFFFFFFFFFFFFFFF00006DFF64
:106CD000FFB6000024B6FFFFFFFFFFFFFFFFFFFF2F
:106CE000FFFFFFFFFFFFFFFFFFFFFFFFFFFFFFFFB4
:106CF000FF92000024B6FFFFFF490024FFFFFFFFC3
:106D0000FFFFFFFFFFFFFFFFFFFFFFFF00006DFF23
:106D1000FFFFB6240000B6FFFFFFFFFFFFFFFFFFEE
:106D2000FFFFFFFFFFFFFFFFFFFFFFFFFFFFFFFF73
:106D300092240024B6FFFFFFFF490024FFFFFFFF5E
:106D4000FFFFFFFFFFFFFFFFFFFFFFFF00006DFFE3
:106D5000FFFFFFB6000024B6FFFFFFFFFFFFFFFFAE
:106D6000FFFFFFFFFFFFFFFFFFFFFFFFFFFFFF92A0
:106D7000000024B6FFFFFFFFFF490024FFFFFFFFD5
:106D8000FFFFFFFFFFFFFFFFFFFFFFFF00006DFFA3
:106D9000FFFFFFFFB6240000B6FFFFFFFFFFFFFF6E
:106DA000FFFFFFFFFFFFFFFFFFFFFFFFFFFF92243B
:106DB0000024B6FFFFFFFFFFFF490024FFFFFFFF96
:106DC000FFFFFFFFFFFFFFFFFFFFFFFF00006DFF63
:106DD000FFFFFFFFFFB6000024B6FFFFFFFFFFFF2E
:106DE000FFFFFFFFFFFFFFFFFFFFFFFFFF9200001E
:106DF00024B6FFFFFFFFFFFFFF490024FFFFFFFF57
:106E0000FFFFFFFFFFFFFFFFFFFFFFFF00006DFF22
:106E1000FFFFFFFFFFFFB6240000B6FFFFFFFFFFED
:106E2000FFFFFFFFFFFFFFFFFFFFFFFF9224002494
:106E3000B6FFFFFFFFFFFFFFFF490024FFFFFFFF3B
:106E4000FFFFFFFFFFFFFFFFFFFFFFFF00006DFFE2
:106E5000FFFFFFFFFFFFFFB6000024B6FFFFFFFFAD
:106E6000FFFFFFFFFFFFFFFFFFFFFF92000024B6C1
:106E7000FFFFFFFFFFFFFFFFFF490024FFFFFFFFB2
:106E8000FFFFFFFFFFFFFFFFFFFFFFFF00006DFFA2
:106E9000FFFFFFFFFFFFFFFFB6240000B6FFFFFF6D
:106EA000FFFFFFFFFFFFFFFFFFFF92240024B6FF5D
:106EB000FFFFFFFFFFFFFFFFFFB64992FFFFFFFF4E
:106EC000FFFFFFFFFFFFFFFFFFFFFFFF9249DBFF19
:106ED000FFFFFFFFFFFFFFFFFFB6000024B6FFFF2D
:106EE000FFFFFFFFFFFFFFFFFF92000024B6FFFF41
:106EF000FFFFFFFFFFFFFFFFFFFFFFFFFFFFFFFFA2
:106F0000FFFFFFFFFFFFFFFFFFFFFFFFFFFFFFFF91
:106F1000FFFFFFFFFFFFFFFFFFFFB6240000B6FFEC
:106F2000FFFFFFFFFFFFFFFF92240024B6FFFFFFDC
:106F3000FFFFFFFFFFFFFFFFFFFFFFFFFFFFFFFF61
:106F4000FFFFFFFFFFFFFFFFFFFFFFFFFFFFFFFF51
:106F5000FFFFFFFFFFFFFFFFFFFFFFB6000024B6AC
:106F6000FFFFFFFFFFFFFF92000024B6FFFFFFFFC0
:106F7000FFFFFFFFFFFFFFFFFFFFFFFFFFFFFFFF21
:106F8000FFFFFFFFFFFFFFFFFFFFFFFFFFFFFFFF11
:106F9000FFFFFFFFFFFFFFFFFFFFFFFFB624000023
:106FA000B6FFFFFFFFFF92240024B6FFFFFFFFFFA5
:106FB000FFFFFFFFFFFFFFFFFFFFFFFFFFFFFFFFE1
:106FC000FFFFFFFFFFFFFFFFFFFFFFFFFFFFFFFFD1
:106FD000FFFFFFFFFFFFFFFFFFFFFFFFFFB6000008
:106FE00024B6FFFFFF92000024B6FFFFFFFFFFFF64
:106FF000FFFFFFFFFFFFFFFFFFFFFFFFFFFFFFFFA1
:10700000FFFFFFFFFFFFFFFFFFFFFFFFFFFFFFFF90
:10701000FFFFFFFFFFFFFFFFFFFFFFFFFFFFB624A4
:107020000000B6FF92240024B6FFFFFFFFFFFFFF22
:10703000FFFFFFFFFFFFFFFFFFFFFFFFFFFFFFFF60
:10704000FFFFFFFFFFFFFFFFFFFFFFFFFFFFFFFF50
:10705000FFFFFFFFFFFFFFFFFFFFFFFFFFFFFFB689
:10706000000024B6240024B6FFFFFFFFFFFFFFFF50
:10707000FFFFFFFFFFFFFFFFFFFFFFFFFFFFFFFF20
:10708000FFFFFFFFFFFFFFFFFFFFFFFFFFFFFFFF10
:10709000FFFFFFFFFFFFFFFFFFFFFFFFFFFFFFFF00
:1070A000B62400499249B6FFFFFFFFFFFFFFFFFF35
:1070B000FFFFFFFFFFFFFFFFFFFFFFFFFFFFFFFFE0
:1070C000FFFFFFFFFFFFFFFFFFFFFFFFFFFFFFFFD0
:1070D000FFFFFFFFFFFFFFFFFFFFFFFFFFFFFFFFC0
:1070E000FFB649B6FFFFFFFFFFFFFFFFFFFFFFFFF8
:1070F000FFFFFFFFFFFFFFFFFFFFFFFFFFFFFFFFA0
:10710000FFFFFFFFFF49000000000000000000003B
:107110000024B6FFFFFFFFFFFFFFFFFFFFFFFFFFA2
:10712000FFFFFFFFFFFFFFFFFFFFFFFFFFFFFFFF6F
:10713000FFFFFFFFFFFFFFFFFFFFFFFFFFFFFFFF5F
:10714000FFFFFFFFDB000000000000000000000068
:1071500000000092FFFFFFFFFFFFFFFFFFFFFFFFA9
:10716000FFFFFFFFFFFFFFFFFFFFFFFFFFFFFFFF2F
:10717000FFFFFFFFFFFFFFFFFFFFFFFFFFFFFFFF1F
:10718000FFFFFFFFDB0000244949494949494949BC
:1071900049240024DBFFFFFFFFFFFFFFFFFFFFFF8E
:1071A000FFFFFFFFFFFFFFFFFFFFFFFFFFFFFFFFEF
:1071B000FFFFFFFFFFFFFFFFFFFFFFFFFFFFFFFFDF
:1071C000FFFFFFFFDB000092FFFFFFFFFFFFFFFF5E
:1071D000FF6D000092FFFFFFFFFFFFFFFFFFFFFFBC
:1071E000FFFFFFFFFFFFFFFFFFFFFFFFFFFFFFFFAF
:1071F000FFFFFFFFFFFFFFFFFFFFFFFFFFFFFFFF9F
:10720000FFFFFFFFDB000092FFFFFFFFFFFFFFFF1D
:10721000FF6D000092FFFFFFFFFFFFFFFFFFFFFF7B
:10722000FFFFFFFFFFB66D494949494949494949AF
:1072300049494949494949494949494949494949BE
:107240004949494949000092FFFFFFFFFFFFFFFF47
:10725000FF6D000092FFFFFFFFFFFFFFFFFFFFFF3B
:10726000FFFFFFFFB600000000000000000000006C
:10727000000000000000000000000000000000000E
:107280000000000000000092FFFFFFFFFFFFFFFF74
:10729000FF6D000092FFFFFFFFFFFFFFFFFFFFFFFB
:1072A000FFFFFFFF240000000000000000000000BE
:1072B00000000000000000000000000000000000CE
:1072C0000000000000000092FFFFFFFFFFFFFFFF34
:1072D000FF6D000092FFFFFFFFFFFFFFFFFFFFFFBB
:1072E000FFFFFFFF000024FFFFFFFFFFFFFFFFFF87
:1072F000FFFFFFFFFFFFFFFFFFFFFFFFFFFFFFFF9E
:10730000FFFFFFFFDB000092FFFFFFFFFFFFFFFF1C
:10731000FF6D000092FFFFFFFFFFDBDBDBDBDBFF2E
:10732000FFFFFFFF000024FFFFFFFFFFFFFFFFFF46
:10733000FFFFFFFFFFFFFFFFFFFFFFFFFFFFFFFF5D
:10734000FFFFFFFFDB000092FFFFFFFFFFFFFFFFDC
:10735000FF6D000092FFFFFF9249240000002424EB
:107360006DFFFFFF000024FFFFFFFFFFFFFFFFFF98
:10737000FFFFFFFFFFFFFFFFFFFFFFFFFFFFFFFF1D
:10738000FFFFFFFFDB000092FFFFFFFFFFFFFFFF9C
:10739000FF6D000092FFDB240000000000000000F1
:1073A0000024DBFF000024FFFFFFFFFFFFFFFFFFC4
:1073B000FFFFFFFFFFFFFFFFFFFFFFFFFFFFFFFFDD
:1073C000FFFFFFFFDB000092FFFFFFFFFFFFFFFF5C
:1073D000FF6D00009292240000006DB6DBDB92246A
:1073E000000024FF000024FFFFFFFFFFFFFFFFFF5F
:1073F000FFFFFFFFFFFFFFFFFFFFFFFFFFFFFFFF9D
:10740000FFFFFFFFDB000092FFFFFFFFFFFFFFFF1B
:10741000FF6D00006D24000049FFFFFFFFFFFFDB51
:10742000490000B6000024FFFFFFFFFFFFFFFFFF42
:10743000FFFFFFFFFFFFFFFFFFFFFFFFFFFFFFFF5C
:10744000FFFFFFFFDB000092FFFFFFFFFFFFFFFFDB
:10745000FF6D000000000092FFFFFFFFFFFFFFFF36
:10746000B600006D000024FFFFFFFFFFFFFFFFFFDE
:10747000FFFFFFFFFFFFFFFFFFFFFFFFFFFFFFFF1C
:10748000FFFFFFFFDB000092FFFFFFFFFFFFFFFF9B
:10749000FF6D000000006DFFFFFFFFFFFFFFFFFF1C
:1074A000FF240049000024FFFFFFFFFFFFFFFFFF55
:1074B000FFFFFFFFFFFFFFFFFFFFFFFFFFFFFFFFDC
:1074C000FFFFFFFFDB000092FFFFFFFFFFFFFFFF5B
:1074D000FF6D00000024FFFFFFFFFFFFFFFFFFFF26
:1074E000FF240024000024FFFFFFFFFFFFFFFFFF3A
:1074F000FFFFFFFFFFFFFFFFFFFFFFFFFFFFFFFF9C
:10750000FFFFFFFFDB000092FFFFFFFFFFFFFFFF1A
:10751000FF6D00000092FFFFFFFFFFFFFFFFFFFF77
:10752000FF240000000024FFFFFFFFFFFFFFFFFF1D
:10753000FFFFFFFFFFFFFFFFFFFFFFFFFFFFFFFF5B
:10754000FFFFFFFFDB000092FFFFFFFFFFFFFFFFDA
:10755000FF6D000024DBFFFFFFFFFFFFFFFFFFFFCA
:10756000DB240024000024FFFFFFFFFFFFFFFFFFDD
:10757000FFFFFFFFFFFFFFFFFFFFFFFFFFFFFFFF1B
:10758000FFFFFFFFDB000092FFFFFFFFFFFFFFFF9A
:10759000FF6D00006DFFFFFFFFFFFFFFFFFFFFFF1D
:1075A000B6000092000024FFFFFFFFFFFFFFFFFF78
:1075B000FFFFFFFFFFFFFFFFFFFFFFFFFFFFFFFFDB
:1075C000FFFFFFFFDB000092FFFFFFFFFFFFFFFF5A
:1075D000FF6D000092FFFFFFFFFFFFFFFFFFFFFFB8
:1075E000490000B6000024FFFFFFFFFFFFFFFFFF81
:1075F000FFFFFFFFFFFFFFFFFFFFFFFFFFFFFFFF9B
:10760000FFFFFFFFDB000092FFFFFFFFFFFFFFFF19
:10761000FF6D000092FFFFFFFFFFFFFFFFFFFFB6C0
:10762000000024FF000024FFFFFFFFFFFFFFFFFF1C
:10763000FFFFFFFFFFFFFFFFFFFFFFFFFFFFFFFF5A
:10764000FFFFFFFFDB000092FFFFFFFFFFFFFFFFD9
:10765000FF6D000092FFFFFFFFFFFFFFFFFFFF2412
:10766000000092FF000024FFFFFFFFFFFFFFFFFF6E
:10767000FFFFFFFFFFFFFFFFFFFFFFFFFFFFFFFF1A
:10768000FFFFFFFFDB000092FFFFFFFFFFFFFFFF99
:10769000FF6D000092FFFFFFFFFFFFFFFFFF6D0088
:1076A0000049FFFF000024FFFFFFFFFFFFFFFFFF78
:1076B000FFFFFFFFFFFFFFFFFFFFFFFFFFFFFFFFDA
:1076C000FFFFFFFFDB000092FFFFFFFFFFFFFFFF59
:1076D000FF6D000092FFFFFFFFFFFFFFFF6D000047
:1076E00024DBFFFF000024FFFFFFFFFFFFFFFFFF82
:1076F000FFFFFFFFFFFFFFFFFFFFFFFFFFFFFFFF9A
:10770000FFFFFFFFDB000092FFFFFFFFFFFFFFFF18
:10771000FF6D000092FFFFFFFFFFFFFF92000024BC
:10772000B6FFFFFF000024FFFFFFFFFFFFFFFFFF8B
:10773000FFFFFFFFFFFFFFFFFFFFFFFFFFFFFFFF59
:10774000FFFFFFFFDB000092FFFFFFFFFFFFFFFFD8
:10775000FF6D000092FFFFFFFFFFFF6D0000009232
:10776000FFFFFFFF000024FFFFFFFFFFFFFFFFFF02
:10777000FFFFFFFFFFFFFFFFFFFFFFFFFFFFFFFF19
:10778000FFFFFFFFDB000092FFFFFFFFFFFFFFFF98
:10779000FF6D000092FFFFFFFFFF6D00000092FFF2
:1077A000FFFFFFFF000024FFFFFFFFFFFFFFFFFFC2
:1077B000FFFFFFFFFFFFFFFFFFFFFFFFFFFFFFFFD9
:1077C000FFFFFFFFDB000092FFFFFFFFFFFFFFFF58
:1077D000FF6D000092FFFFFFDB2400000092FFFF1F
:1077E000FFFFFFFF000024FFFFFFFFFFFFFFFFFF82
:1077F000FFFFFFFFFFFFFFFFFFFFFFFFFFFFFFFF99
:10780000FFFFFFFFDB000092FFFFFFFFFFFFFFFF17
:10781000FF6D000092FFFF9200000024B6FFFFFF03
:10782000FFFFFFFF000024FFFFFFFFFFFFFFFFFF41
:10783000FFFFFFFFFFFFFFFFFFFFFFFFFFFFFFFF58
:10784000FFFFFFFFDB000092FFFFFFFFFFFFFFFFD7
:10785000FF6D000092B64900000049DBFFFFFFFF0B
:10786000FFFFFFFF000024B6DBDBDBDBDBDBDBDB6A
:10787000DBDBDBDBDBDBDBDBDBDBDBDBDBDBDBDB58
:10788000DBDBDBDB9200006DDBDBDBDBDBDBDBDBB5
:10789000DB6D0000240000002492FFFFFFFFFFFFCC
:1078A000FFFFFFFF000000000000000000000000DC
:1078B00000000000000000000000000000000000C8
:1078C00000000000000000000000000000000000B8
:1078D0000000000000000049DBFFFFFFFFFFFFFF8B
:1078E000FFFFFFFF0000000000000000000000009C
:1078F0000000000000000000000000000000000088
:107900000000000000000000000000000000000077
:1079100000000000000092FFFFFFFFFFFFFFFFFFDE
:10792000FFFFFFFF000024B6DBDBDBDBDBDBDBDBA9
:10793000DBDBDBDBDBDBDBDBDBDBDBDBDBDBDBDB97
:10794000DBDBDBDB9200006DDBDBDBDBDBDBDBDBF4
:10795000DB6D000000002492FFFFFFFFFFFFFFFF31
:10796000FFFFFFFF000024FFFFFFFFFFFFFFFFFF00
:10797000FFFFFFFFFFFFFFFFFFFFFFFFFFFFFFFF17
:10798000FFFFFFFFDB000092FFFFFFFFFFFFFFFF96
:10799000FF6D00002400000024DBFFFFFFFFFFFF5E
:1079A000FFFFFFFF000024FFFFFFFFFFFFFFFFFFC0
:1079B000FFFFFFFFFFFFFFFFFFFFFFFFFFFFFFFFD7
:1079C000FFFFFFFFDB000092FFFFFFFFFFFFFFFF56
:1079D000FF6D00009292240000246DFFFFFFFFFF67
:1079E000FFFFFFFF000024FFFFFFFFFFFFFFFFFF80
:1079F000FFFFFFFFFFFFFFFFFFFFFFFFFFFFFFFF97
:107A0000FFFFFFFFDB000092FFFFFFFFFFFFFFFF15
:107A1000FF6D000092FFDB4900000049DBFFFFFF24
:107A2000FFFFFFFF000024FFFFFFFFFFFFFFFFFF3F
:107A3000FFFFFFFFFFFFFFFFFFFFFFFFFFFFFFFF56
:107A4000FFFFFFFFDB000092FFFFFFFFFFFFFFFFD5
:107A5000FF6D000092FFFFFFB600000024B6FFFF9D
:107A6000FFFFFFFF000024FFFFFFFFFFFFFFFFFFFF
:107A7000FFFFFFFFFFFFFFFFFFFFFFFFFFFFFFFF16
:107A8000FFFFFFFFDB000092FFFFFFFFFFFFFFFF95
:107A9000FF6D000092FFFFFFFFDB24000024B6FF14
:107AA000FFFFFFFF000024FFFFFFFFFFFFFFFFFFBF
:107AB000FFFFFFFFFFFFFFFFFFFFFFFFFFFFFFFFD6
:107AC000FFFFFFFFDB000092FFFFFFFFFFFFFFFF55
:107AD000FF6D000092FFFFFFFFFFFF49000024B68B
:107AE000FFFFFFFF000024FFFFFFFFFFFFFFFFFF7F
:107AF000FFFFFFFFFFFFFFFFFFFFFFFFFFFFFFFF96
:107B0000FFFFFFFFDB000092FFFFFFFFFFFFFFFF14
:107B1000FF6D000092FFFFFFFFFFFFFF4900002401
:107B2000DBFFFFFF000024FFFFFFFFFFFFFFFFFF62
:107B3000FFFFFFFFFFFFFFFFFFFFFFFFFFFFFFFF55
:107B4000FFFFFFFFDB000092FFFFFFFFFFFFFFFFD4
:107B5000FF6D000092FFFFFFFFFFFFFFFF6D0000C2
:107B600049FFFFFF000024FFFFFFFFFFFFFFFFFFB4
:107B7000FFFFFFFFFFFFFFFFFFFFFFFFFFFFFFFF15
:107B8000FFFFFFFFDB000092FFFFFFFFFFFFFFFF94
:107B9000FF6D000092FFFFFFFFFFFFFFFFDB4900CB
:107BA000006DFFFF000024FFFFFFFFFFFFFFFFFF4F
:107BB000FFFFFFFFFFFFFFFFFFFFFFFFFFFFFFFFD5
:107BC000FFFFFFFFDB000092FFFFFFFFFFFFFFFF54
:107BD000FF6D000092FFFFFFFFFFFFFFFFFFDB24B1
:107BE0000000B6FF000024FFFFFFFFFFFFFFFFFFC5
:107BF000FFFFFFFFFFFFFFFFFFFFFFFFFFFFFFFF95
:107C0000FFFFFFFFDB000092FFFFFFFFFFFFFFFF13
:107C1000FF6D000092FFFFFFFFFFFFFFFFFFFF92DE
:107C2000000049FF000024FFFFFFFFFFFFFFFFFFF1
:107C3000FFFFFFFFFFFFFFFFFFFFFFFFFFFFFFFF54
:107C4000FFFFFFFFDB000092FFFFFFFFFFFFFFFFD3
:107C5000FF6D000092FFFFFFFFFFFFFFFFFFFFDB55
:107C6000490000DB000024FFFFFFFFFFFFFFFFFFD5
:107C7000FFFFFFFFFFFFFFFFFFFFFFFFFFFFFFFF14
:107C8000FFFFFFFFDB000092FFFFFFFFFFFFFFFF93
:107C9000FF6D000092FFFFFFFFFFFFFFFFFFFFFFF1
:107CA00092000092000024FFFFFFFFFFFFFFFFFF95
:107CB000FFFFFFFFFFFFFFFFFFFFFFFFFFFFFFFFD4
:107CC000FFFFFFFFDB000092FFFFFFFFFFFFFFFF53
:107CD000FF6D000024FFFFFFFFFFFFFFFFFFFFFF1F
:107CE000DB240049000024FFFFFFFFFFFFFFFFFF31
:107CF000FFFFFFFFFFFFFFFFFFFFFFFFFFFFFFFF94
:107D0000FFFFFFFFDB000092FFFFFFFFFFFFFFFF12
:107D1000FF6D000024B6FFFFFFFFFFFFFFFFFFFF27
:107D2000FF240024000024FFFFFFFFFFFFFFFFFFF1
:107D3000FFFFFFFFFFFFFFFFFFFFFFFFFFFFFFFF53
:107D4000FFFFFFFFDB000092FFFFFFFFFFFFFFFFD2
:107D5000FF6D00000049FFFFFFFFFFFFFFFFFFFF78
:107D6000FF240024000024FFFFFFFFFFFFFFFFFFB1
:107D7000FFFFFFFFFFFFFFFFFFFFFFFFFFFFFFFF13
:107D8000FFFFFFFFDB000092FFFFFFFFFFFFFFFF92
:107D9000FF6D000000006DFFFFFFFFFFFFFFFFFF13
:107DA000FF240024000024FFFFFFFFFFFFFFFFFF71
:107DB000FFFFFFFFFFFFFFFFFFFFFFFFFFFFFFFFD3
:107DC000FFFFFFFFDB000092FFFFFFFFFFFFFFFF52
:107DD000FF6D0000000024B6FFFFFFFFFFFFFFFF65
:107DE000B624006D000024FFFFFFFFFFFFFFFFFF31
:107DF000FFFFFFFFFFFFFFFFFFFFFFFFFFFFFFFF93
:107E0000FFFFFFFFDB000092FFFFFFFFFFFFFFFF11
:107E1000FF6D00002424000092FFFFFFFFFFFFFF23
:107E20006D0000B6000024FFFFFFFFFFFFFFFFFF14
:107E3000FFFFFFFFFFFFFFFFFFFFFFFFFFFFFFFF52
:107E4000FFFFFFFFDB000092FFFFFFFFFFFFFFFFD1
:107E5000FF6D000092920000004992DBFFFFB649DF
:107E6000000024DB000024FFFFFFFFFFFFFFFFFFF8
:107E7000FFFFFFFFFFFFFFFFFFFFFFFFFFFFFFFF12
:107E8000FFFFFFFFDB000092FFFFFFFFFFFFFFFF91
:107E9000FF6D000092FF922400000000000000002F
:107EA000000092FF000024FFFFFFFFFFFFFFFFFF26
:107EB000FFFFFFFFFFFFFFFFFFFFFFFFFFFFFFFFD2
:107EC000FFFFFFFFDB000092FFFFFFFFFFFFFFFF51
:107ED000FF6D000092FFFFDB6D000000000000005E
:107EE00024B6FFFF000024FFFFFFFFFFFFFFFFFF9F
:107EF000FFFFFFFFFFFFFFFFFFFFFFFFFFFFFFFF92
:107F0000FFFFFFFFDB000092FFFFFFFFFFFFFFFF10
:107F1000FF6D000092FFFFFFFFFFB66D6D6D92B623
:107F2000FFFFFFFF2400244949494949494949497C
:107F300049494949494949494949494949494949B1
:107F40004949494949000092FFFFFFFFFFFFFFFF3A
:107F5000FF6D000092FFFFFFFFFFFFFFFFFFFFFF2E
:107F6000FFFFFFFF92000000000000000000000083
:107F70000000000000000000000000000000000001
:107F80000000000000000092FFFFFFFFFFFFFFFF67
:107F9000FF6D000092FFFFFFFFFFFFFFFFFFFFFFEE
:107FA000FFFFFFFFFF922400000000000000000020
:107FB00000000000000000000000000000000000C1
:107FC0000000000000000092FFFFFFFFFFFFFFFF27
:107FD000FF6D000092FFFFFFFFFFFFFFFFFFFFFFAE
:107FE000FFFFFFFFFFFFFFFFFFFFFFFFFFFFFFFFA1
:107FF000FFFFFFFFFFFFFFFFFFFFFFFFFFFFFFFF91
:10800000FFFFFFFFDB000092FFFFFFFFFFFFFFFF0F
:10801000FF6D000092FFFFFFFFFFFFFFFFFFFFFF6D
:10802000FFFFFFFFFFFFFFFFFFFFFFFFFFFFFFFF60
:10803000FFFFFFFFFFFFFFFFFFFFFFFFFFFFFFFF50
:10804000FFFFFFFFDB0000244949494949494949ED
:108050004924000092FFFFFFFFFFFFFFFFFFFFFF2C
:10806000FFFFFFFFFFFFFFFFFFFFFFFFFFFFFFFF20
:10807000FFFFFFFFFFFFFFFFFFFFFFFFFFFFFFFF10
:10808000FFFFFFFFDB000000000000000000000019
:1080900000000024DBFFFFFFFFFFFFFFFFFFFFFFEC
:1080A000FFFFFFFFFFFFFFFFFFFFFFFFFFFFFFFFE0
:1080B000FFFFFFFFFFFFFFFFFFFFFFFFFFFFFFFFD0
:1080C000FFFFFFFFFF49000000000000000000006C
:1080D000002449DBFFFFFFFFFFFFFFFFFFFFFFFF64
:1080E000FFFFFFFFFFFFFFFFFFFFFFFFFFFFFFFFA0
:1080F000FFFFFFFFFFFFFFFFFFFFFFFFFFDBB6926A
:108100006D4924242424496D92DBFFFFFFFFFFFF0C
:10811000FFFFFFFFFFFFFFFFFFFFFFFFFFFFFFFF6F
:10812000FFFFFFFFFFFFFFFFFFFFFFFFFFFFFFFF5F
:10813000FFFFFFFFFFFFFFFFFFFFDBB66D242424DF
:1081400024000000000000242424496DB6FFFFFF36
:10815000FFFFFFFFFFFFFFFFFFFFFFFFFFFFFFFF2F
:10816000FFFFFFFFFFFFFFFFFFFFFFFFFFFFFFFF1F
:10817000FFFFFFFFFFFFFFFFFF92492400000024E5
:10818000242424242424242400000000246DB6FF89
:10819000FFFFFFFFFFFFFFFFFFFFFFFFFFFFFFFFEF
:1081A000FFFFFFFFFFFFFFFFFFFFFFFFFFFFFFFFDF
:1081B000FFFFFFFFFFFFFFDB492400000024246DC9
:1081C00092B6DBDBDBDBB6924924240000002449B5
:1081D000DBFFFFFFFFFFFFFFFFFFFFFFFFFFFFFFD3
:1081E000FFFFFFFFFFFFFFFFFFFFFFFFFFFFFFFF9F
:1081F000FFFFFFFFFFFF9224000024246DDBFFFF41
:10820000FFFFFFFFFFFFFFFFFFFFB6492400000055
:108210002492FFFFFFFFFFFFFFFFFFFFFFFFFFFFB6
:10822000FFFFFFFFFFFFFFFFFFFFFFFFFFFFFFFF5E
:10823000FFFFFFFFFF6D2400004992DBFFFFFFFF00
:10824000FFFFFFFFFFFFFFFFFFFFFFFFB66D2400F3
:1082500000246DDBFFFFFFFFFFFFFFFFFFFFFFFFBE
:10826000FFFFFFFFFFFFFFFFFFFFFFFFFFFFFFFF1E
:10827000FFFFFFDB490000246DDBFFFFFFFFFFFF77
:10828000FFFFFFFFFFFFFFFFFFFFFFFFFFFFB649FD
:1082900000000049DBFFFFFFFFFFFFFFFFFFFFFFC5
:1082A000FFFFFFFFFFFFFFFFFFFFFFFFFFFFFFFFDE
:1082B000FFFFDB49000024B6FFFFFFFFFFFFFFFFCA
:1082C000FFFFFFFFFFFFFFFFFFFFFFFFFFFFFFFFBE
:1082D0009224000049DBFFFFFFFFFFFFFFFFFFFFCE
:1082E000FFFFFFFFFFFFFFFFFFFFFFFFFFFFFFFF9E
:1082F000FFFF49000024B6FFFFFFFFFFFFFFFFFF66
:10830000FFFFFFFFFFFFFFFFFFFFFFFFFFFFFFFF7D
:10831000FFB624000049FFFFFFFFFFFFFFFFFFFF45
:10832000FFFFFFFFFFFFFFFFFFFFFFFFFFFFFFFF5D
:10833000FF6D000024DBFFFFFFFFFFFFFFFFFFFFDC
:10834000FFFFFFFFFFFFFFFFFFFFFFFFFFFFFFFF3D
:10835000FFFFB624000049FFFFFFFFFFFFFFFFFF05
:10836000FFFFFFFFFFFFFFFFFFFFFFFFFFFFFFFF1D
:10837000B6000024B6FFFFFFFFFFFFFFFFFFFFFF78
:10838000FFFFFFFFFFFFFFFFFFFFFFFFFFFFFFFFFD
:10839000FFFFFFB62400006DFFFFFFFFFFFFFFFFA1
:1083A000FFFFFFFFFFFFFFFFFFFFFFFFFFFFFFDB01
:1083B000240024B6FFFFFFFFFFFFFFFFFFFFFFFFCB
:1083C000FFFFFFFFFFFFFFFFFFFFFFFFFFFFFFFFBD
:1083D000FFFFFFFFB6240024B6FFFFFFFFFFFFFFF4
:1083E000FFFFFFFFFFFFFFFFFFFFFFFFFFFFFF6D2F
:1083F00000006DFFFFFFFFFFFFFFFFFFFFFFFFFF1D
:10840000FFFFFFFFFFFFFFFFFFFFFFFFFFFFFFFF7C
:10841000FFFFFFFFFF92000049DBFFFFFFFFFFFFB1
:10842000FFFFFFFFFFFFFFFFFFFFFFFFFFFFDB245B
:108430000049FFFFFFFFFFFFFFFFFFFFFFFFFFFF01
:10844000FFFFFFFFFFFFFFFFFFFFFFFFFFFFFFFF3C
:10845000FFFFFFFFFFFF6D00006DFFFFFFFFFFFF4E
:10846000FFFFFFFFDB92DBFFFFFFFFFFFFFF490086
:1084700024B6FFFFFFFFFFFFFFFFFFFFFFFFFFFF30
:10848000FFFFFFFFFFFFFFFFFFFFFFFFFFFFFFFFFC
:10849000FFFFFFFFFFFFDB240000DBFFFFFFFFFF0D
:1084A000FFFFFFFF49006DFFFFFFFFFFFFDB000045
:1084B00049FFFFFFFFFFFFFFFFFFFFFFFFFFFFFF82
:1084C000FFFFFFFFFFFFFFFFFFFFFFFFFFFFFFFFBC
:1084D000FFFFFFFFFFFFFF92000049FFFFFFFFFFCD
:1084E000FFFFFFFF490024DBFFFFFFFFFF490024E0
:1084F000B6FFFFFFFFFFFFFFFFFFFFFFFFFFFFFFD5
:10850000FFFFFFFFFFFFFFFFFFFFFFFFFFFFFFFF7B
:10851000FFFFFFFFFFFFFFFF490024DBFFFFFFFF1F
:10852000FFFFFFFFB6000092FFFFFFFFDB240049C3
:10853000FFFFFFFFFFFFFFFFFFFFFFFFFFFFFFFF4B
:10854000FFFFFFFFFFFFFFFFFFFFFFFFFFFFFFFF3B
:10855000FFFFFFFFFFFFFFFF92000092FFFFFFFF03
:10856000FFFFFFFFFF240024DBFFFFFF920000B6A8
:10857000FFFFFFFFFFFFFFFFFFFFFFFFFFFFFFFF0B
:10858000FFFFFFFFFFFFFFFFFFFFFFFFFFFFFFFFFB
:10859000FFFFFFFFFFFFFFFFFF240024FFFFFFFFA0
:1085A000FFFFFFFFFF9200006DFFFFFF490024DB8C
:1085B000FFFFFFFF9249DBFFFFFFFFFFFFFFFFFF12
:1085C000FFFFFFFFFFFFFFFFFFFFFFFFFFFFFFFFBB
:1085D000FFFFFFFFFFFFFFFFFF6D0000B6FFFFFF84
:1085E000FFFFFFFFFFDB240024DBFFDB240049FF4C
:1085F000FFFFDB6D000092FFFFFFFFFFFFFFFFFFAC
:10860000FFFFFFFFFFFFFFFFFFFFFFFFFFFFFFFF7A
:10861000FFFFFFFFFFFFFFFFFFDB00006DFFFFFF1E
:10862000FFFFFFFFFFFF92000092FF92000092FF0A
:10863000FFDB49240000B6FFFFFFFFFFFFFFFFFF46
:10864000FFFFFFFFFFFFFFFFFFFFFFFFFFFFFFFF3A
:10865000FFFFFFFFFFFFFFFFFFFF240024FFFFFFDF
:10866000FFFFFFFFFFFFDB240024FF6D0000FFFF83
:10867000B64900002492FFFFFFFFFFFFFFFFFFFF4F
:10868000FFFFFFFFFFFFFFFFFFFFFFFFFFFFFFFFFA
:10869000FFFFFFFFFFFFFFFFFFFF920024DBFFFF55
:1086A000FFFFFFFFFFFFFF4900006D490024FF921D
:1086B00024000024B6FFFFFFFFFFFFFFFFFFFFFFC7
:1086C000FFFFFFFFFFFFFFFFFFFFFFFFFFFFFFFFBA
:1086D000FFFFFFFFFFFFFFFFFFFFDB2449FFFFFF5F
:1086E000FFFFFFFFFFFFFFDB24002424004992244B
:1086F000000049B6FFFFFFFFFFFFFFFFFFFFFFFF87
:10870000FFFFFFFFFFFFFFFFFFFFFFFFFFFFFFFF79
:10871000FFFFFFFFFFFFFFFFFFFFFFFFFFFFFFFF69
:10872000FFFFFFFFFFFFFFFF6D000000002424009C
:10873000006DDBFFFFFFFFFFFFFFFFFFFFFFFFFFFE
:10874000FFFFFFFFFFFFFFFFFFFFFFFFFFFFFFFF39
:10875000FFFFFFFFFFFFFFFFFFFFFFFFFFFFFFFF29
:10876000FFFFFFFFFFFFFFFFDB24000000000024EE
:108770006DFFFFFFFFFFFFFFFFFFFFFFFFFFFFFF9B
:10878000FFFFFFFFFFFFFFFFFFFFFFFFFFFFFFFFF9
:10879000FFFFFFFFFFFFFFFFFFFFFFFFFFFFFFFFE9
:1087A000FFFFFFFFFFFFFFFFFF6D000000002492AF
:1087B000FFFFFFFFFFFFFFFFFFFFFFFFFFFFFFFFC9
:1087C000FFFFFFFFFFFFFFFFFFFFFFFFFFFFFFFFB9
:1087D000FFFFFFFFFFFFFFFFFFFFFFFFFFFFFFFFA9
:1087E000FFFFFFFFFFFFFFFFFFDB00000024B6FFDE
:1087F000FFFFFFFFFFFFFFFFFFFFFFFFFFFFFFFF89
:10880000FFFFFFFFFFFFFFFFFFFFFFFFFFFFFFFF78
:10881000FFFFFFFFFFFFFFFFFFFFFFFFFFFFFFFF68
:10882000FFFFFFFFFFFFFFFFFFFF6D0049DBFFFFC3
:10883000FFFFFFFFFFFFFFFFFFFFFFFFFFFFFFFF48
:10884000FFFFFFFFFFFFFFFFFFFFFFFFFFFFFFFF38
:10885000FFFFFFFFFFFFFFFFFFFFFFFFFFFFFFFF28
:10886000FFFFFFFFFFFFFFFFFFFFFFB6DBFFFFFF85
:10887000FFFFFFFFFFFFFFFFFFFFFFFFFFFFFFFF08
:10888000FFFFFFFFFFFFFFFFFFFFFFFFFFFFFFFFF8
:10889000FFFFFFFFFFFFFFFFFFFFFFFFFFFFFFFFE8
:1088A000FFFFFFFFFFFFFFFFFFFFFFFFFFFFFFFFD8
:1088B000FFFFFFFFFFFFFFFFFFFFFFFFFFFFFFFFC8
:1088C000FFFFFFFFFFFFFFFFFFFFFFFFFFFFFFFFB8
:1088D000FFFFFFFFFFFFFFFFFFFFFFFFFFFFFFFFA8
:1088E000FFFFFFFFFFFFFFFFFFFFFFFFFFFFFFFF98
:1088F000FFFFFFFFFFFFFFFFFFFFFFFFFFFFFFFF88
:10890000FFFFFFFFFFFFFFFFFFFFFFFFFFFFFFFF77
:10891000FFFFFFFFFFFFFFFFFFFFFFFFFFFFFFFF67
:10892000FFFFFFFFFFFFFFFFFFFFFFFFFFFFFFFF57
:10893000FFFFFFFFFFFFFFFFFFFFFFFFFFFFFFFF47
:10894000FFFFFFFFFFFFFFFFFFFFFFFFFFFFFFFF37
:10895000FFFFFFFFFFFFFFFFFFFFFFDBB6FFFFFF94
:10896000FFFFFFFFFFFFFFFFFFFFFFFFFFFFFFFF17
:10897000FFFFFFFFFFFFFFFFFFFFFFFFFFFFFFFF07
:10898000FFFFFFFFFFFFFFFFFFFFFFFFFFFFFFFFF7
:10899000FFFFFFFFFFFFFFFFFFFFB6490092FFFF52
:1089A000FFFFFFFFFFFFFFFFFFFFFFFFFFFFFFFFD7
:1089B000FFFFFFFFFFFFFFFFFFFFFFFFFFFFFFFFC7
:1089C000FFFFFFFFFFFFFFFFFFFFFFFFFFFFFFFFB7
:1089D000FFFFFFFFFFFFFFFFFF9224000024FFFFC8
:1089E000FFFFFFFFFFFFFFFFFFFFFFFFFFFFFFFF97
:1089F000FFFFFFFFFFFFFFFFFFFFFFFFFFFFFFFF87
:108A0000FFFFFFFFFFFFFFFFFFFFFFFFFFFFFFFF76
:108A1000FFFFFFFFFFFFFFFF92240000000092FF17
:108A2000FFFFFFFFFFFFFFFFFFFFFFFFFFFFFFFF56
:108A3000FFFFFFFFFFFFFFFFFFFFFFFFFFFFFFFF46
:108A4000FFFFFFFFFFFFFFFFFFFFFFFFFFFFFFFF36
:108A5000FFFFFFFFFFFFDB6D24000000000049DB8C
:108A6000FFFFFFFFFFFFFFFFFFFFFFFFFFFFFFFF16
:108A7000FFFFFFFFFFFFFFFFFFFFFFFFFFFFFFFF06
:108A8000FFFFFFFFFFFFFFFFFFFFFFFFFFFFFFFFF6
:108A9000FFFFFFFFFFB64900002424000000009202
:108AA000FFFFFFFFFFFFFFFFFFFFFFFFFFFFFFFFD6
:108AB000FFFFFFFFFFFFFFFFFFFFFFFFFFFFFFFFC6
:108AC000FFFFFFFFFFFFFFFFFFFFFFFFFFFFFFFFB6
:108AD000FFFFFFFFB624000024B624002424002456
:108AE000FFFFFFFFFFFFFFFFFFFFDB2449FFFFFF4B
:108AF000FFFFFFFFFFFFFFFFFFFFFFFFFFFFFFFF86
:108B0000FFFFFFFFFFFFFFFFFFFFFFFFFFFFFFFF75
:108B1000FFFFFF9224000024B6FF00006D49000013
:108B200092FFFFFFFFFFFFFFFFFFDB0000B6FFFF2D
:108B3000FFFFFFFFFFFFFFFFFFFFFFFFFFFFFFFF45
:108B4000FFFFFFFFFFFFFFFFFFFFFFFFFFFFFFFF35
:108B5000FFDB6D24000049DBFFB6000092DB240040
:108B600024FFFFFFFFFFFFFFFFFFDB24006DFFFF80
:108B7000FFFFFFFFFFFFFFFFFFFFFFFFFFFFFFFF05
:108B8000FFFFFFFFFFFFFFFFFFFFFFFFFFFFFFFFF5
:108B9000FF6D0000246DDBFFFF6D0024DBFF6D0027
:108BA00000B6FFFFFFFFFFFFFFFFFF490000FFFFD1
:108BB000FFFFFFFFFFFFFFFFFFFFFFFFFFFFFFFFC5
:108BC000FFFFFFFFFFFFFFFFFFFFFFFFFFFFFFFFB5
:108BD000FF49002492FFFFFFFF240024FFFFDB2456
:108BE0000049FFFFFFFFFFFFFFFFFF6D0000B6FF23
:108BF000FFFFFFFFFFFFFFFFFFFFFFFFFFFFFFFF85
:108C0000FFFFFFFFFFFFFFFFFFFFFFFFFFFFFFFF74
:108C1000FFB649B6FFFFFFFFDB24006DFFFFFF49F2
:108C20000000B6FFFFFFFFFFFFFFFFDB240049FF4F
:108C3000FFFFFFFFFFFFFFFFFFFFFFFFFFFFFFFF44
:108C4000FFFFFFFFFFFFFFFFFFFFFFFFFFFFFFFF34
:108C5000FFFFFFFFFFFFFFFF6D0024B6FFFFFFB622
:108C6000000049FFFFFFFFFFFFFFFFFF490024B6A1
:108C7000FFFFFFFFFFFFFFFFFFFFFFFFFFFFFFFF04
:108C8000FFFFFFFFFFFFFFFFFFFFFFFFFFFFFFFFF4
:108C9000FFFFFFFFFFFFFFDB240024FFFFFFFFFFBD
:108CA000490024DBFFFFFFFFFFFFFFFFB600006D61
:108CB000FFFFFFFFFFFFFFFFFFFFFFFFFFFFFFFFC4
:108CC000FFFFFFFFFFFFFFFFFFFFFFFFFFFFFFFFB4
:108CD000FFFFFFFFFFFFFF92000092FFFFFFFFFF7C
:108CE000B600006DFFFFFFFFFFFFFFFFFF490024FD
:108CF000B6FFFFFFFFFFFFFFFFFFFFFFFFFFFFFFCD
:108D0000FFFFFFFFFFFFFFFFFFFFFFFFFFFFFFFF73
:108D1000FFFFFFFFFFFFFF240000FFFFFFFFFFFF3C
:108D2000FF49006DFFFFFFFFFFFFFFFFFFB60000E1
:108D300049FFFFFFFFFFFFFFFFFFFFFFFFFFFFFFF9
:108D4000FFFFFFFFFFFFFFFFFFFFFFFFFFFFFFFF33
:108D5000FFFFFFFFFFFF9200006DFFFFFFFFFFFF20
:108D6000FFDB92DBFFFFFFFFFFFFFFFFFFFF49007D
:108D70000092FFFFFFFFFFFFFFFFFFFFFFFFFFFF6F
:108D8000FFFFFFFFFFFFFFFFFFFFFFFFFFFFFFFFF3
:108D9000FFFFFFFFFFDB240024DBFFFFFFFFFFFFE0
:108DA000FFFFFFFFFFFFFFFFFFFFFFFFFFFFDB24D2
:108DB0000000B6FFFFFFFFFFFFFFFFFFFFFFFFFF0A
:108DC000FFFFFFFFFFFFFFFFFFFFFFFFFFFFFFFFB3
:108DD000FFFFFFFFFF49000092FFFFFFFFFFFFFFC4
:108DE000FFFFFFFFFFFFFFFFFFFFFFFFFFFFFF9200
:108DF000000024DBFFFFFFFFFFFFFFFFFFFFFFFF80
:108E0000FFFFFFFFFFFFFFFFFFFFFFFFFFFFFFFF72
:108E1000FFFFFFFF92000049FFFFFFFFFFFFFFFF83
:108E2000FFFFFFFFFFFFFFFFFFFFFFFFFFFFFFFF52
:108E30006D000049DBFFFFFFFFFFFFFFFFFFFFFFAC
:108E4000FFFFFFFFFFFFFFFFFFFFFFFFFFFFFFFF32
:108E5000FFFFFF92240024DBFFFFFFFFFFFFFFFF68
:108E6000FFFFFFFFFFFFFFFFFFFFFFFFFFFFFFFF12
:108E7000DB24000049DBFFFFFFFFFFFFFFFFFFFFD9
:108E8000FFFFFFFFFFFFFFFFFFFFFFFFFFFFFFFFF2
:108E9000FFFFB624002492FFFFFFFFFFFFFFFFFF4D
:108EA000FFFFFFFFFFFFFFFFFFFFFFFFFFFFFFFFD2
:108EB000FFDB24000049DBFFFFFFFFFFFFFFFFFF99
:108EC000FFFFFFFFFFFFFFFFFFFFFFFFFFFFFFFFB2
:108ED000FF922400006DFFFFFFFFFFFFFFFFFFFF7A
:108EE000FFFFFFFFFFFFFFFFFFFFFFFFFFFFFFFF92
:108EF000FFFFB624000024B6FFFFFFFFFFFFFFFFC8
:108F0000FFFFFFFFFFFFFFFFFFFFFFFFFFFFFFFF71
:108F1000922400006DFFFFFFFFFFFFFFFFFFFFFF39
:108F2000FFFFFFFFFFFFFFFFFFFFFFFFFFFFFFFF51
:108F3000FFFFFFB6490000246DDBFFFFFFFFFFFFCF
:108F4000FFFFFFFFFFFFFFFFFFFFFFFFFFFFB66D0C
:108F50000000006DFFFFFFFFFFFFFFFFFFFFFFFFB0
:108F6000FFFFFFFFFFFFFFFFFFFFFFFFFFFFFFFF11
:108F7000FFFFFFFFDB492400004992DBFFFFFFFFFB
:108F8000FFFFFFFFFFFFFFFFFFFFFFFFDB9224005C
:108F900000246DFFFFFFFFFFFFFFFFFFFFFFFFFF4D
:108FA000FFFFFFFFFFFFFFFFFFFFFFFFFFFFFFFFD1
:108FB000FFFFFFFFFFFF6D24000024246DB6FFFFBD
:108FC000FFFFFFFFFFFFFFFFFFFFB66D2400000064
:108FD00024B6FFFFFFFFFFFFFFFFFFFFFFFFFFFFC5
:108FE000FFFFFFFFFFFFFFFFFFFFFFFFFFFFFFFF91
:108FF000FFFFFFFFFFFFFFB6492400000024246DA0
:1090000092B6DBDBDBDBB6926D2424000000244942
:10901000DBFFFFFFFFFFFFFFFFFFFFFFFFFFFFFF84
:10902000FFFFFFFFFFFFFFFFFFFFFFFFFFFFFFFF50
:10903000FFFFFFFFFFFFFFFFFF9249240000002416
:10904000242424242424242424000000246DB6FF96
:10905000FFFFFFFFFFFFFFFFFFFFFFFFFFFFFFFF20
:10906000FFFFFFFFFFFFFFFFFFFFFFFFFFFFFFFF10
:10907000FFFFFFFFFFFFFFFFFFFFDBB66D24242490
:1090800024000000000000242424496DB6FFFFFFE7
:10909000FFFFFFFFFFFFFFFFFFFFFFFFFFFFFFFFE0
:1090A000FFFFFFFFFFFFFFFFFFFFFFFFFFFFFFFFD0
:1090B000FFFFFFFFFFFFFFFFFFFFFFFFFFDBDB9275
:1090C0006D4924242424496D92DBDBFFFFFFFFFF61
:1090D000FFFFFFFFFFFFFFFFFFFFFFFFFFFFFFFFA0
:1090E000FFFFFFFFFFDB6D242424242424242424F9
:1090F0002424242424242424242424242424242430
:1091000024242424242424242424244992FFFFFFFB
:10911000FFFFFFFFFFFFFFFFFFFFFFFFFFFFFFFF5F
:10912000FFFFFFFFFF4900000000000000000000FB
:10913000000000000000000000000000000000002F
:109140000000000000000000000000002492FFFF6B
:10915000FFFFFFFFFFFFFFFFFFFFFFFFFFFFFFFF1F
:10916000FFFFFFFFB6000024242424242424242409
:1091700024242424242424242424242424242424AF
:109180002424242424242424242424240024DBFF31
:10919000FFFFFFFFFFFFFFFFFFFFFFFFFFFFFFFFDF
:1091A000FFFFFFFF490024B6DBDBDBDBDBDBDBDBC8
:1091B000DBDBDBDBDBDBDBDBDBDBDBDBDBDBDBDBFF
:1091C000DBDBDBDBDBDBDBDBDBDBDB6D000092FF38
:1091D000FFFFFFFFFFFFFFFFFFFFFFFFFFFFFFFF9F
:1091E000FFFFFFFF240049FFFFFFFFFFFFFFFFFF1F
:1091F000FFFFFFFFFFFFFFFFFFFFFFFFFFFFFFFF7F
:10920000FFFFFFFFFFFFFFFFFFFFFFFF00006DFFFE
:10921000FFFFFFFFFFFFFFFFFFFFFFFFFFFFFFFF5E
:10922000FFFFFFFF240049FFFFFFFFFFFFFFFFFFDE
:10923000FFFFFFFFFFFFFFFFFFFFFFFFFFFFFFFF3E
:10924000FFFFFFFFFFFFFFFFFFFFFFFF00006DFFBE
:10925000FFFFFFFFFFFFFFFFFFFFFFFFFFFFFFFF1E
:10926000FFFFFFFF240049FFFFFFFFFFFFFFFFFF9E
:10927000FFFFFFFFFFFFFFFFFFFFFFFFFFFFFFFFFE
:10928000FFFFFFFFFFFFFFFFFFFFFFFF00006DFF7E
:10929000FFFFFFFFFFFFFFFFFFFFFFFFFFFFFFFFDE
:1092A000FFFFFFFF240049FFFFFFFFFFFFFFFFFF5E
:1092B000FFFFFFFFFFFFFFFFFFFFFFFFFFFFFFFFBE
:1092C000FFFFFFFFFFFFFFFFFFFFFFFF00006DFF3E
:1092D000FFFFFFFFFFFFFFFFFFFFFFFFFFFFFFFF9E
:1092E000FFFFFFFF240049FFFFFFFFFFFFFFFFFF1E
:1092F000FFFFFFFFFFFFFFFFFFFFFFFFFFFFFFFF7E
:10930000FFFFFFFFFFFFFFFFFFFFFFFF00006DFFFD
:10931000FFFFFFFFFFFFFFFFFFFFFFFFFFFFFFFF5D
:10932000FFFFFFFF240049FFFFFFFFFFFFFFFFFFDD
:10933000FFFFFFFFFFFFFFFFFFFFFFFFFFFFFFFF3D
:10934000FFFFFFFFFFFFFFFFFFFFFFFF00006DFFBD
:10935000FFFFFFFFFFFFFFFFFFFFFFFFFFFFFFFF1D
:10936000FFFFFFFF240049FFFFFFFFFFFFFFFFFF9D
:10937000FFFFFFFFFFFFFFFFFFFFFFFFFFFFFFFFFD
:10938000FFFFFFFFFFFFFFFFFFFFFFFF00006DFF7D
:10939000FFFFFFFFFFFFFFFFFFFFFFFFFFFFFFFFDD
:1093A000FFFFFFFF240049FFFFFFFFFFFFFFFFFF5D
:1093B000FFFFFFFFFFFFFFFFFFFFFFFFFFFFFFFFBD
:1093C000FFFFFFFFFFFFFFFFFFFFFFFF00006DFF3D
:1093D000FFFFFFFFFFFFFFFFFFFFFFFFFFFFFFFF9D
:1093E000FFFFFFFF240049FFFFFFFFFFFFFFFFFF1D
:1093F000FFFFFFFFFFFFFFFFFFFFFFFFFFFFFFFF7D
:10940000FFFFFFFFFFFFFFFFFFFFFFFF000049DB44
:10941000DBDBDBDBDBDBFFFFFFFFFFFFFFFFFFFF34
:10942000FFFFFFFF240049FFFFFFFFFFFFFFFFFFDC
:10943000FFFFFFFFFFFFFFFFFFFFFFFFFFFFFFFF3C
:10944000FFFFFFFFFFFFFFFFFFFFFFFF0000002404
:10945000242424242424496D92DBFFFFFFFFFFFF17
:10946000FFFFFFFF240049FFFFFFFFFFFFFFFFFF9C
:10947000FFFFFFFFFFFFFFFFFFFFFFFFFFFFFFFFFC
:10948000FFFFFFFFFFFFFFFFFFFFFFFF00000000E8
:109490000000000000000000244992DBFFFFFFFFF6
:1094A000FFFFFFFF240049FFFFFFFFFFFFFFFFFF5C
:1094B000FFFFFFFFFFFFFFFFFFFFFFFFFFFFFFFFBC
:1094C000FFFFFFFFFFFFFFFFFFFFFFFF0000002484
:1094D000242424242424240000000049B6FFFFFF94
:1094E000FFFFFFFF240049FFFFFFFFFFFFFFFFFF1C
:1094F000FFFFFFFFFFFFFFFFFFFFFFFFFFFFFFFF7C
:10950000FFFFFFFFFFFFFFFFFFFFFFFF000049FF1F
:10951000FFFFFFFFFFDBB66D2424000024B6FFFF32
:10952000FFFFFFFF240049FFFFFFFFFFFFFFFFFFDB
:10953000FFFFFFFFFFFFFFFFFFFFFFFFFFFFFFFF3B
:10954000FFFFFFFFFFFFFFFFFFFFFFFF00006DFFBB
:10955000FFFFFFFFFFFFFFFFDB924900002492FFA8
:10956000FFFFFFFF240049FFFFFFFFFFFFFFFFFF9B
:10957000FFFFFFFFFFFFFFFFFFFFFFFFFFFFFFFFFB
:10958000FFFFFFFFFFFFFFFFFFFFFFFF00006DFF7B
:10959000FFFFFFFFFFFFFFFFFFFFDB6D240024B68F
:1095A000FFFFFFFF240049FFFFFFFFFFFFFFFFFF5B
:1095B000FFFFFFFFFFFFFFFFFFFFFFFFFFFFFFFFBB
:1095C000FFFFFFFFFFFFFFFFFFFFFFFF00006DFF3B
:1095D000FFFFFFFFFFFFFFFFFFFFFFFF6D00002406
:1095E000DBFFFFFF240049FFFFFFFFFFFFFFFFFF3F
:1095F000FFFFFFFFFFFFFFFFFFFFFFFFFFFFFFFF7B
:10960000FFFFFFFFFFFFFFFFFFFFFFFF00006DFFFA
:10961000FFFFFFFFFFFFFFFFFFFFFFFFFF4900000E
:1096200049FFFFFF240049FFFFFFFFFFFFFFFFFF90
:10963000FFFFFFFFFFFFFFFFFFFFFFFFFFFFFFFF3A
:10964000FFFFFFFFFFFFFFFFFFFFFFFF00006DFFBA
:10965000FFFFFFFFFFFFFFFFFFFFFFFFFFDB4900F3
:1096600000B6FFFF240049FFFFFFFFFFFFFFFFFFE2
:10967000FFFFFFFFFFFFFFFFFFFFFFFFFFFFFFFFFA
:10968000FFFFFFFFFFFFFFFFFFFFFFFF00006DFF7A
:10969000FFFFFFFFFFFFFFFFFFFFFFFFFFFFB624FE
:1096A0000049FFFF240049FFFFFFFFFFFFFFFFFF0F
:1096B000FFFFFFFFFFFFFFFFFFFFFFFFFFFFFFFFBA
:1096C000FFFFFFFFFFFFFFFFFFFFFFFF00006DFF3A
:1096D000FFFFFFFFFFFFFFFFFFFFFFFFFFFFFF4950
:1096E0000000B6FF240049FFFFFFFFFFFFFFFFFF61
:1096F000FFFFFFFFFFFFFFFFFFFFFFFFFFFFFFFF7A
:10970000FFFFFFFFFFFFFFFFFFFFFFFF00006DFFF9
:10971000FFFFFFFFFFFFFFFFFFFFFFFFFFFFFFB6A2
:1097200000006DFF240049FFFFFFFFFFFFFFFFFF69
:10973000FFFFFFFFFFFFFFFFFFFFFFFFFFFFFFFF39
:10974000FFFFFFFFFFFFFFFFFFFFFFFF00006DFFB9
:10975000FFFFFFFFFFFFFFFFFFFFFFFFFFFFFFFF19
:10976000490024DB240049FFFFFFFFFFFFFFFFFF4D
:10977000FFFFFFFFFFFFFFFFFFFFFFFFFFFFFFFFF9
:10978000FFFFFFFFFFFFFFFFFFFFFFFF00006DFF79
:10979000FFFFFFFFFFFFFFFFFFFFFFFFFFFFFFFFD9
:1097A000B60000DB240049FFFFFFFFFFFFFFFFFFC4
:1097B000FFFFFFFFFFFFFFFFFFFFFFB649496DFF00
:1097C000FFFFFFFFFFFFFFFFFFFFFFFF00006DFF39
:1097D000FFFFFFFFFFFFFFFFFFFFFFFFFFFFFFFF99
:1097E000DB000092240049FFFFFFFFFFFFFFFFFFA8
:1097F000FFFFFFFFFFFFFFFFFFFFB6240000004950
:10980000DBFFFFFFFFFFFFFFFFFFFFFF00006DFF1C
:10981000FFFFFFFFFFFFFFFFFFFFFFFFFFFFFFFF58
:10982000DB24006D240049FFFFFFFFFFFFFFFFFF68
:10983000FFFFFFFFFFFFFFFFFFDB24000000000032
:109840006DFFFFFFFFFFFFFFFFFFFFFF00006DFF4A
:10985000FFFFFFFFFFFFFFFFFFFFFFFFFFFFFFFF18
:10986000FF490049240049FFFFFFFFFFFFFFFFFF03
:10987000FFDB926D6D6D6D6D924900004992240081
:1098800024DBFFFFFFFFFFFFFFFFFFFF00006DFF77
:10989000FFFFFFFFFFFFFFFFFFFFFFFFFFFFFFFFD8
:1098A000FF490024240049FFFFFFFFFFFFFFFFFFE8
:1098B000FF6D00000000000000000000FFFFB60088
:1098C00000DBFFFFFFFFFFFFFFFFFFFF00006DFF5B
:1098D000FFFFFFFFFFFFFFFFFFFFFFFFFFFFFFFF98
:1098E000FF490024240049FFFFFFFFFFFFFFFFFFA8
:1098F000FF6D00000000000000000000DBFFB6006C
:1099000000DBFFFFFFFFFFFFFFFFFFFF00006DFF1A
:10991000FFFFFFFFFFFFFFFFFFFFFFFFFFFFFFFF57
:10992000FF490024240049FFFFFFFFFFFFFFFFFF67
:10993000FFDB926D6D6D6D6D6D49000049922400E5
:1099400024DBFFFFFFFFFFFFFFFFFFFF00006DFFB6
:10995000FFFFFFFFFFFFFFFFFFFFFFFFFFFFFFFF17
:10996000FF490024240049FFFFFFFFFFFFFFFFFF27
:10997000FFFFFFFFFFFFFFFFFFDB240000000000F1
:109980006DFFFFFFFFFFFFFFFFFFFFFF00006DFF09
:10999000FFFFFFFFFFFFFFFFFFFFFFFFFFFFFFFFD7
:1099A000FF490049240049FFFFFFFFFFFFFFFFFFC2
:1099B000FFFFFFFFFFFFFFFFFFFFB624000000498E
:1099C000DBFFFFFFFFFFFFFFFFFFFFFF00006DFF5B
:1099D000FFFFFFFFFFFFFFFFFFFFFFFFFFFFFFFF97
:1099E000DB24006D240049FFFFFFFFFFFFFFFFFFA7
:1099F000FFFFFFFFFFFFFFFFFFFFFFB649496DDBE2
:109A0000FFFFFFFFFFFFFFFFFFFFFFFF00006DFFF6
:109A1000FFFFFFFFFFFFFFFFFFFFFFFFFFFFFFFF56
:109A2000DB000092240049FFFFFFFFFFFFFFFFFF65
:109A3000FFFFFFFFFFFFFFFFFFFFFFFFFFFFFFFF36
:109A4000FFFFFFFFFFFFFFFFFFFFFFFF00006DFFB6
:109A5000FFFFFFFFFFFFFFFFFFFFFFFFFFFFFFFF16
:109A6000B60000DB240049FFFFFFFFFFFFFFFFFF01
:109A7000FFFFFFFFFFFFFFFFFFFFFFFFFFFFFFFFF6
:109A8000FFFFFFFFFFFFFFFFFFFFFFFF00006DFF76
:109A9000FFFFFFFFFFFFFFFFFFFFFFFFFFFFFFFFD6
:109AA000490024DB240049FFFFFFFFFFFFFFFFFF0A
:109AB000FFFFFFFFFFFFFFFFFFFFFFFFFFFFFFFFB6
:109AC000FFFFFFFFFFFFFFFFFFFFFFFF00006DFF36
:109AD000FFFFFFFFFFFFFFFFFFFFFFFFFFFFFFB6DF
:109AE00000006DFF240049FFFFFFFFFFFFFFFFFFA6
:109AF000FFFFFFFFFFFFFFFFFFFFFFFFFFFFFFFF76
:109B0000FFFFFFFFFFFFFFFFFFFFFFFF00006DFFF5
:109B1000FFFFFFFFFFFFFFFFFFFFFFFFFFFFFF490B
:109B20000000B6FF240049FFFFFFFFFFFFFFFFFF1C
:109B3000FFFFFFFFFFFFFFFFFFFFFFFFFFFFFFFF35
:109B4000FFFFFFFFFFFFFFFFFFFFFFFF00006DFFB5
:109B5000FFFFFFFFFFFFFFFFFFFFFFFFFFFFB62439
:109B60000049FFFF240049FFFFFFFFFFFFFFFFFF4A
:109B7000FFFFFFFFFFFFFFFFFFFFFFFFFFFFFFFFF5
:109B8000FFFFFFFFFFFFFFFFFFFFFFFF00006DFF75
:109B9000FFFFFFFFFFFFFFFFFFFFFFFFFFDB4900AE
:109BA00000B6FFFF240049FFFFFFFFFFFFFFFFFF9D
:109BB000FFFFFFFFFFFFFFFFFFFFFFFFFFFFFFFFB5
:109BC000FFFFFFFFFFFFFFFFFFFFFFFF00006DFF35
:109BD000FFFFFFFFFFFFFFFFFFFFFFFFFF49000049
:109BE00049FFFFFF240049FFFFFFFFFFFFFFFFFFCB
:109BF000FFFFFFFFFFFFFFFFFFFFFFFFFFFFFFFF75
:109C0000FFFFFFFFFFFFFFFFFFFFFFFF00006DFFF4
:109C1000FFFFFFFFFFFFFFFFFFFFFFFF6D000024BF
:109C2000DBFFFFFF240049FFFFFFFFFFFFFFFFFFF8
:109C3000FFFFFFFFFFFFFFFFFFFFFFFFFFFFFFFF34
:109C4000FFFFFFFFFFFFFFFFFFFFFFFF00006DFFB4
:109C5000FFFFFFFFFFFFFFFFFFFFDB6D240024B6C8
:109C6000FFFFFFFF240049FFFFFFFFFFFFFFFFFF94
:109C7000FFFFFFFFFFFFFFFFFFFFFFFFFFFFFFFFF4
:109C8000FFFFFFFFFFFFFFFFFFFFFFFF00006DFF74
:109C9000FFFFFFFFFFFFFFFFDB924900002492FF61
:109CA000FFFFFFFF240049FFFFFFFFFFFFFFFFFF54
:109CB000FFFFFFFFFFFFFFFFFFFFFFFFFFFFFFFFB4
:109CC000FFFFFFFFFFFFFFFFFFFFFFFF000049FF58
:109CD000FFFFFFFFFFDBB66D2424000024B6FFFF6B
:109CE000FFFFFFFF240049FFFFFFFFFFFFFFFFFF14
:109CF000FFFFFFFFFFFFFFFFFFFFFFFFFFFFFFFF74
:109D0000FFFFFFFFFFFFFFFFFFFFFFFF000000243B
:109D1000242424242424240000000049B6FFFFFF4B
:109D2000FFFFFFFF240049FFFFFFFFFFFFFFFFFFD3
:109D3000FFFFFFFFFFFFFFFFFFFFFFFFFFFFFFFF33
:109D4000FFFFFFFFFFFFFFFFFFFFFFFF000000001F
:109D50000000000000000000244992DBFFFFFFFF2D
:109D6000FFFFFFFF240049FFFFFFFFFFFFFFFFFF93
:109D7000FFFFFFFFFFFFFFFFFFFFFFFFFFFFFFFFF3
:109D8000FFFFFFFFFFFFFFFFFFFFFFFF00000024BB
:109D9000242424242424496D92DBFFFFFFFFFFFFCE
:109DA000FFFFFFFF240049FFFFFFFFFFFFFFFFFF53
:109DB000FFFFFFFFFFFFFFFFFFFFFFFFFFFFFFFFB3
:109DC000FFFFFFFFFFFFFFFFFFFFFFFF000049DB7B
:109DD000DBDBDBDBDBDBFFFFFFFFFFFFFFFFFFFF6B
:109DE000FFFFFFFF240049FFFFFFFFFFFFFFFFFF13
:109DF000FFFFFFFFFFFFFFFFFFFFFFFFFFFFFFFF73
:109E0000FFFFFFFFFFFFFFFFFFFFFFFF00006DFFF2
:109E1000FFFFFFFFFFFFFFFFFFFFFFFFFFFFFFFF52
:109E2000FFFFFFFF240049FFFFFFFFFFFFFFFFFFD2
:109E3000FFFFFFFFFFFFFFFFFFFFFFFFFFFFFFFF32
:109E4000FFFFFFFFFFFFFFFFFFFFFFFF00006DFFB2
:109E5000FFFFFFFFFFFFFFFFFFFFFFFFFFFFFFFF12
:109E6000FFFFFFFF240049FFFFFFFFFFFFFFFFFF92
:109E7000FFFFFFFFFFFFFFFFFFFFFFFFFFFFFFFFF2
:109E8000FFFFFFFFFFFFFFFFFFFFFFFF00006DFF72
:109E9000FFFFFFFFFFFFFFFFFFFFFFFFFFFFFFFFD2
:109EA000FFFFFFFF240049FFFFFFFFFFFFFFFFFF52
:109EB000FFFFFFFFFFFFFFFFFFFFFFFFFFFFFFFFB2
:109EC000FFFFFFFFFFFFFFFFFFFFFFFF00006DFF32
:109ED000FFFFFFFFFFFFFFFFFFFFFFFFFFFFFFFF92
:109EE000FFFFFFFF240049FFFFFFFFFFFFFFFFFF12
:109EF000FFFFFFFFFFFFFFFFFFFFFFFFFFFFFFFF72
:109F0000FFFFFFFFFFFFFFFFFFFFFFFF00006DFFF1
:109F1000FFFFFFFFFFFFFFFFFFFFFFFFFFFFFFFF51
:109F2000FFFFFFFF240049FFFFFFFFFFFFFFFFFFD1
:109F3000FFFFFFFFFFFFFFFFFFFFFFFFFFFFFFFF31
:109F4000FFFFFFFFFFFFFFFFFFFFFFFF00006DFFB1
:109F5000FFFFFFFFFFFFFFFFFFFFFFFFFFFFFFFF11
:109F6000FFFFFFFF240049FFFFFFFFFFFFFFFFFF91
:109F7000FFFFFFFFFFFFFFFFFFFFFFFFFFFFFFFFF1
:109F8000FFFFFFFFFFFFFFFFFFFFFFFF00006DFF71
:109F9000FFFFFFFFFFFFFFFFFFFFFFFFFFFFFFFFD1
:109FA000FFFFFFFF240049FFFFFFFFFFFFFFFFFF51
:109FB000FFFFFFFFFFFFFFFFFFFFFFFFFFFFFFFFB1
:109FC000FFFFFFFFFFFFFFFFFFFFFFFF00006DFF31
:109FD000FFFFFFFFFFFFFFFFFFFFFFFFFFFFFFFF91
:109FE000FFFFFFFF490024B6DBDBDBDBDBDBDBDB7A
:109FF000DBDBDBDBDBDBDBDBDBDBDBDBDBDBDBDBB1
:10A00000DBDBDBDBDBDBDBDBDBDBDB6D000092FFE9
:10A01000FFFFFFFFFFFFFFFFFFFFFFFFFFFFFFFF50
:10A02000FFFFFFFFB600002424242424242424243A
:10A0300024242424242424242424242424242424E0
:10A040002424242424242424242424240024DBFF62
:10A05000FFFFFFFFFFFFFFFFFFFFFFFFFFFFFFFF10
:10A06000FFFFFFFFFF4900000000000000000000AC
:10A0700000000000000000000000000000000000E0
:10A080000000000000000000000000002492FFFF1C
:10A09000FFFFFFFFFFFFFFFFFFFFFFFFFFFFFFFFD0
:10A0A000FFFFFFFFFFDB6D24242424242424242429
:10A0B0002424242424242424242424242424242460
:10A0C00024242424242424242424244992FFFFFF2C
:10A0D000FFFFFFFFFFFFFFFFFFFFFFFFFFFFFFFF90
:10A0E000FFFFFFFFFFFF92242424242424242424A0
:10A0F0002424242424242424242424242424242420
:10A10000242424242424242424242449B6FFFFFFC7
:10A11000FFFFFFFFFFFFFFFFFFFFFFFFFFFFFFFF4F
:10A12000FFFFFFFFFF4900000000000000000000EB
:10A13000000000000000000000000000000000001F
:10A140000000000000000000000000002492FFFF5B
:10A15000FFFFFFFFFFFFFFFFFFFFFFFFFFFFFFFF0F
:10A16000FFFFFFFFB60000242424242424242424F9
:10A17000242424242424242424242424242424249F
:10A180002424242424242424242424240024DBFF21
:10A19000FFFFFFFFFFFFFFFFFFFFFFFFFFFFFFFFCF
:10A1A000FFFFFFFF6D0024B6DBDBDBDBDBDBDBDB94
:10A1B000DBDBDBDBDBDBDBDBDBDBDBDBDBDBDBDBEF
:10A1C000DBDBDBDBDBDBDBDBDBDBDB6D000092FF28
:10A1D000FFFFFFFFFFFFFFFFFFFFFFFFFFFFFFFF8F
:10A1E000FFFFFFFF240049FFFFFFFFFFFFFFFFFF0F
:10A1F000FFFFFFFFFFFFFFFFFFFFFFFFFFFFFFFF6F
:10A20000FFFFFFFFFFFFFFFFFFFFFFFF00006DFFEE
:10A21000FFFFFFFFFFFFFFFFFFFFFFFFFFFFFFFF4E
:10A22000FFFFFFFF240049FFFFFFFFFFFFFFFFFFCE
:10A23000FFFFFFFFFFFFFFFFFFFFFFFFFFFFFFFF2E
:10A24000FFFFFFFFFFFFFFFFFFFFFFFF00006DFFAE
:10A25000FFFFFFFFFFFFFFFFFFFFFFFFFFFFFFFF0E
:10A26000FFFFFFFF240049FFFFFFFFFFFFFFFFFF8E
:10A27000FFFFFFFFFFFFFFFFFFFFFFFFFFFFFFFFEE
:10A28000FFFFFFFFFFFFFFFFFFFFFFFF00006DFF6E
:10A29000FFFFFFFFFFFFFFFFFFFFFFFFFFFFFFFFCE
:10A2A000FFFFFFFF240049FFFFFFFFFFFFFFFFFF4E
:10A2B000FFFFFFFFFFFFFFFFFFFFFFFFFFFFFFFFAE
:10A2C000FFFFFFFFFFFFFFFFFFFFFFFF00006DFF2E
:10A2D000FFFFFFFFFFFFFFFFFFFFFFFFFFFFFFFF8E
:10A2E000FFFFFFFF240049FFFFFFFFFFFFFFFFFF0E
:10A2F000FFFFFFFFFFFFFFFFFFFFFFFFFFFFFFFF6E
:10A30000FFFFFFFFFFFFFFFFFFFFFFFF00006DFFED
:10A31000FFFFFFFFFFFFFFFFFFFFFFFFFFFFFFFF4D
:10A32000FFFFFFFF240049FFFFFFFFFFFFFFFFFFCD
:10A33000FFFFFFFFFFFFFFFFFFFFFFFFFFFFFFFF2D
:10A34000FFFFFFFFFFFFFFFFFFFFFFFF00006DFFAD
:10A35000FFFFFFFFFFFFFFFFFFFFFFFFFFFFFFFF0D
:10A36000FFFFFFFF240049FFFFFFFFFFFFFFFFFF8D
:10A37000FFFFFFFFFFFFFFFFFFFFFFFFFFFFFFFFED
:10A38000FFFFFFFFFFFFFFFFFFFFFFFF00006DFF6D
:10A39000FFFFFFFFFFFFFFFFFFFFFFFFFFFFFFFFCD
:10A3A000FFFFFFFF240049FFFFFFFFFFFFFFFFFF4D
:10A3B000FFFFFFFFFFFFFFFFFFFFFFFFFFFFFFFFAD
:10A3C000FFFFFFFFFFFFFFFFFFFFFFFF00006DFF2D
:10A3D000FFFFFFFFFFFFFFFFFFFFFFFFFFFFFFFF8D
:10A3E000FFFFFFFF240049FFFFFFFFFFFFFFFFFF0D
:10A3F000FFFFFFFFFFFFFFFFFFFFFFFFFFFFFFFF6D
:10A40000FFFFFFFFFFFFFFFFFFFFFFFF00006DFFEC
:10A41000FFDBDBDBDBDBFFFFFFFFFFFFFFFFFFFF00
:10A42000FFFFFFFF240049FFFFFFFFFFFFFFFFFFCC
:10A43000FFFFFFFFFFFFFFFFFFFFFFFFFFFFFFFF2C
:10A44000FFFFFFFFFFFFFFFFFFFFFFFF000049923D
:10A450006D4924242424496DB6FFFFFFFFFFFFFF51
:10A46000FFFFFFFF240049FFFFFFFFFFFFFFFFFF8C
:10A47000FFFFFFFFFFFFFFFFFFFFFFFFFFFFFFFFEC
:10A48000FFFFFFFFFFFFFFFFFFFFFFFF00000000D8
:10A4900000000000000000002449B6FFFFFFFFFF9E
:10A4A000FFFFFFFF240049FFFFFFFFFFFFFFFFFF4C
:10A4B000FFFFFFFFFFFFFFFFFFFFFFFFFFFFFFFFAC
:10A4C000FFFFFFFFFFFFFFFFFFFFFFFF0000000098
:10A4D00024242424242424000000246DDBFFFFFF17
:10A4E000FFFFFFFF240049FFFFFFFFFFFFFFFFFF0C
:10A4F000FFFFFFFFFFFFFFFFFFFFFFFFFFFFFFFF6C
:10A50000FFFFFFFFFFFFFFFFFFFFFFDB000024490E
:10A5100092B6DBFFFFDB92492400000049DBFFFF1E
:10A52000FFFFFFFF240049FFFFFFFFFFFFFFFFFFCB
:10A53000FFFFFFFFFFFFFFFFFFFFFFFFFFFFFFFF2B
:10A54000FFFFFFFFFFFFFFFFFFFFFFFF000049FFCF
:10A55000FFFFFFFFFFFFFFFFDB6D24000049DBFF74
:10A56000FFFFFFFF240049FFFFFFFFFFFFFFFFFF8B
:10A57000FFFFFFFFFFFFFFFFFFFFFFFFFFFFFFFFEB
:10A58000FFFFFFFFFFFFFFFFFFFFFFFF00006DFF6B
:10A59000FFFFFFFFFFFFFFFFFFFFB649000049DBA2
:10A5A000FFFFFFFF240049FFFFFFFFFFFFFFFFFF4B
:10A5B000FFFFFFFFFFFFFFFFFFFFFFFFFFFFFFFFAB
:10A5C000FFFFFFFFFFFFFFFFFFFFFFFF00006DFF2B
:10A5D000FFFFFFFFFFFFFFFFFFFFFFDB2400006D1A
:10A5E000FFFFFFFF240049FFFFFFFFFFFFFFFFFF0B
:10A5F000FFFFFFFFFFFFFFFFFFFFFFFFFFFFFFFF6B
:10A60000FFFFFFFFFFFFFFFFFFFFFFFF00006DFFEA
:10A61000FFFFFFFFFFFFFFFFFFFFFFFFDB24000047
:10A6200092FFFFFF240049FFFFFFFFFFFFFFFFFF37
:10A63000FFFFFFFFFFFFFFFFFFFFFFFFFFFFFFFF2A
:10A64000FFFFFFFFFFFFFFFFFFFFFFFF00006DFFAA
:10A65000FFFFFFFFFFFFFFFFFFFFFFFFFFB624002D
:10A6600024FFFFFF240049FFFFFFFFFFFFFFFFFF65
:10A67000FFFFFFFFFFFFFFFFFFFFFFFFFFFFFFFFEA
:10A68000FFFFFFFFFFFFFFFFFFFFFFFF00006DFF6A
:10A69000FFFFFFFFFFFFFFFFFFFFFFFFFFFF6D005B
:10A6A0000092FFFF240049FFFFFFFFFFFFFFFFFFB6
:10A6B000FFFFFFFFFFFFFFFFFFFFFFFFFFFFFFFFAA
:10A6C000FFFFFFFFFFFFFFFFFFFFFFFF00006DFF2A
:10A6D000FFFFFFFFFFFFFFFFFFFFFFFFFFFFDB2489
:10A6E0000049FFFF240049FFFFFFFFFFFFFFFFFFBF
:10A6F000FFFFFFFFFFFFFFFFFFFFFFFFFFFFFFFF6A
:10A70000FFFFFFFFFFFFFFFFFFFFFFFF00006DFFE9
:10A71000FFFFFFFFFFFFFFFFFFFFFFFFFFFFFF6DDB
:10A720000000B6FF240049FFFFFFFFFFFFFFFFFF10
:10A73000FFFFFFFFFFFFFFFFFFFFFFFFFFFFFFFF29
:10A74000FFFFFFFFFFFFFFFFFFFFFFFF00006DFFA9
:10A75000FFFFFFFFFFFFFFFFFFFFFFFFFFFFFFB652
:10A7600000006DFF240049FFFFFFFFFFFFFFFFFF19
:10A77000FFFFFFFFFFFFFFFFFFFFFFFFFFFFFFFFE9
:10A78000FFFFFFFFFFFFFFFFFFFFFFFF00006DFF69
:10A79000FFFFFFFFFFFFFFFFFFFFFFFFFFFFFFFFC9
:10A7A000240049FF240049FFFFFFFFFFFFFFFFFFD9
:10A7B000FFFFFFFFFFFFFFFFFFFFFFB6494992FFCB
:10A7C000FFFFFFFFFFFFFFFFFFFFFFFF00006DFF29
:10A7D000FFFFFFFFFFFFFFFFFFFFFFFFFFFFFFFF89
:10A7E000920024DB240049FFFFFFFFFFFFFFFFFF74
:10A7F000FFFFFFFFFFFFFFFFFFFF92240000004964
:10A80000FFFFFFFFFFFFFFFFFFFFFFFF00006DFFE8
:10A81000FFFFFFFFFFFFFFFFFFFFFFFFFFFFFFFF48
:10A82000B60000DB240049FFFFFFFFFFFFFFFFFF33
:10A83000FFFFFFFFFFFFFFFFFFDB24000000000022
:10A8400092FFFFFFFFFFFFFFFFFFFFFF00006DFF15
:10A85000FFFFFFFFFFFFFFFFFFFFFFFFFFFFFFFF08
:10A86000DB0000B6240049FFFFFFFFFFFFFFFFFFF3
:10A87000FFDB926D6D6D6D6D924900006D9224004D
:10A8800049FFFFFFFFFFFFFFFFFFFFFF00006DFF1E
:10A89000FFFFFFFFFFFFFFFFFFFFFFFFFFFFFFFFC8
:10A8A000DB240092240049FFFFFFFFFFFFFFFFFFB3
:10A8B000FF6D00000000000000000000FFFF92009C
:10A8C00024DBFFFFFFFFFFFFFFFFFFFF00006DFF27
:10A8D000FFFFFFFFFFFFFFFFFFFFFFFFFFFFFFFF88
:10A8E000DB240092240049FFFFFFFFFFFFFFFFFF73
:10A8F000FF6D00000000000000000000FFFF92005C
:10A9000024DBFFFFFFFFFFFFFFFFFFFF00006DFFE6
:10A91000FFFFFFFFFFFFFFFFFFFFFFFFFFFFFFFF47
:10A92000DB240092240049FFFFFFFFFFFFFFFFFF32
:10A93000FFDB926D6D6D6D6D6D4900006D922400B1
:10A9400049FFFFFFFFFFFFFFFFFFFFFF00006DFF5D
:10A95000FFFFFFFFFFFFFFFFFFFFFFFFFFFFFFFF07
:10A96000DB240092240049FFFFFFFFFFFFFFFFFFF2
:10A97000FFFFFFFFFFFFFFFFFFDB240000000000E1
:10A9800092FFFFFFFFFFFFFFFFFFFFFF00006DFFD4
:10A99000FFFFFFFFFFFFFFFFFFFFFFFFFFFFFFFFC7
:10A9A000DB0000B6240049FFFFFFFFFFFFFFFFFFB2
:10A9B000FFFFFFFFFFFFFFFFFFFF922400000049A2
:10A9C000FFFFFFFFFFFFFFFFFFFFFFFF00006DFF27
:10A9D000FFFFFFFFFFFFFFFFFFFFFFFFFFFFFFFF87
:10A9E000B60000DB240049FFFFFFFFFFFFFFFFFF72
:10A9F000FFFFFFFFFFFFFFFFFFFFFFB6494992FF89
:10AA0000FFFFFFFFFFFFFFFFFFFFFFFF00006DFFE6
:10AA1000FFFFFFFFFFFFFFFFFFFFFFFFFFFFFFFF46
:10AA2000920024DB240049FFFFFFFFFFFFFFFFFF31
:10AA3000FFFFFFFFFFFFFFFFFFFFFFFFFFFFFFFF26
:10AA4000FFFFFFFFFFFFFFFFFFFFFFFF00006DFFA6
:10AA5000FFFFFFFFFFFFFFFFFFFFFFFFFFFFFFFF06
:10AA6000240049FF240049FFFFFFFFFFFFFFFFFF16
:10AA7000FFFFFFFFFFFFFFFFFFFFFFFFFFFFFFFFE6
:10AA8000FFFFFFFFFFFFFFFFFFFFFFFF00006DFF66
:10AA9000FFFFFFFFFFFFFFFFFFFFFFFFFFFFFFDBEA
:10AAA00000006DFF240049FFFFFFFFFFFFFFFFFFD6
:10AAB000FFFFFFFFFFFFFFFFFFFFFFFFFFFFFFFFA6
:10AAC000FFFFFFFFFFFFFFFFFFFFFFFF00006DFF26
:10AAD000FFFFFFFFFFFFFFFFFFFFFFFFFFFFFF6D18
:10AAE0000000B6FF240049FFFFFFFFFFFFFFFFFF4D
:10AAF000FFFFFFFFFFFFFFFFFFFFFFFFFFFFFFFF66
:10AB0000FFFFFFFFFFFFFFFFFFFFFFFF00006DFFE5
:10AB1000FFFFFFFFFFFFFFFFFFFFFFFFFFFFDB2444
:10AB20000049FFFF240049FFFFFFFFFFFFFFFFFF7A
:10AB3000FFFFFFFFFFFFFFFFFFFFFFFFFFFFFFFF25
:10AB4000FFFFFFFFFFFFFFFFFFFFFFFF00006DFFA5
:10AB5000FFFFFFFFFFFFFFFFFFFFFFFFFFFF6D0096
:10AB60000092FFFF240049FFFFFFFFFFFFFFFFFFF1
:10AB7000FFFFFFFFFFFFFFFFFFFFFFFFFFFFFFFFE5
:10AB8000FFFFFFFFFFFFFFFFFFFFFFFF00006DFF65
:10AB9000FFFFFFFFFFFFFFFFFFFFFFFFFFB62400E8
:10ABA00024FFFFFF240049FFFFFFFFFFFFFFFFFF20
:10ABB000FFFFFFFFFFFFFFFFFFFFFFFFFFFFFFFFA5
:10ABC000FFFFFFFFFFFFFFFFFFFFFFFF00006DFF25
:10ABD000FFFFFFFFFFFFFFFFFFFFFFFFDB24000082
:10ABE00092FFFFFF240049FFFFFFFFFFFFFFFFFF72
:10ABF000FFFFFFFFFFFFFFFFFFFFFFFFFFFFFFFF65
:10AC0000FFFFFFFFFFFFFFFFFFFFFFFF00006DFFE4
:10AC1000FFFFFFFFFFFFFFFFFFFFFFDB49000049D2
:10AC2000FFFFFFFF240049FFFFFFFFFFFFFFFFFFC4
:10AC3000FFFFFFFFFFFFFFFFFFFFFFFFFFFFFFFF24
:10AC4000FFFFFFFFFFFFFFFFFFFFFFFF00006DFFA4
:10AC5000FFFFFFFFFFFFFFFFFFFFB649000049DBDB
:10AC6000FFFFFFFF240049FFFFFFFFFFFFFFFFFF84
:10AC7000FFFFFFFFFFFFFFFFFFFFFFFFFFFFFFFFE4
:10AC8000FFFFFFFFFFFFFFFFFFFFFFFF00006DFF64
:10AC9000FFFFFFFFFFFFFFFFDB6D24000049DBFF2D
:10ACA000FFFFFFFF240049FFFFFFFFFFFFFFFFFF44
:10ACB000FFFFFFFFFFFFFFFFFFFFFFFFFFFFFFFFA4
:10ACC000FFFFFFFFFFFFFFFFFFFFFFFF00006DFF24
:10ACD000FFFFFFFFFFFFDB6D2400000024DBFFFF11
:10ACE000FFFFFFFF240049FFFFFFFFFFFFFFFFFF04
:10ACF000FFFFFFFFFFFFFFFFFFFFFFFFFFFFFFFF64
:10AD0000FFFFFFFFFFFFFFFFFFFFFFFF00006DFFE3
:10AD1000FFFFFFFFFF9224000000246DDBFFFFFF19
:10AD2000FFFFFFFF240049FFFFFFFFFFFFFFFFFFC3
:10AD3000FFFFFFFFFFFFFFFFFFFFFFFFFFFFFFFF23
:10AD4000FFFFFFFFFFFFFFFFFFFFFFFF00006DFFA3
:10AD5000FFFFFFFFFF4900002449B6FFFFFFFFFF91
:10AD6000FFFFFFFF240049FFFFFFFFFFFFFFFFFF83
:10AD7000FFFFFFFFFFFFFFFFFFFFFFFFFFFFFFFFE3
:10AD8000FFFFFFFFFFFFFFFFFFFFFFFF00006DFF63
:10AD9000FFFFFFFFFF6D246DB6DBFFFFFFFFFFFF2F
:10ADA000FFFFFFFF240049FFFFFFFFFFFFFFFFFF43
:10ADB000FFFFFFFFFFFFFFFFFFFFFFFFFFFFFFFFA3
:10ADC000FFFFFFFFFFFFFFFFFFFFFFFF00006DFF23
:10ADD000FFFFFFFFFFFFDBFFFFFFFFFFFFFFFFFFA7
:10ADE000FFFFFFFF240049FFFFFFFFFFFFFFFFFF03
:10ADF000FFFFFFFFFFFFFFFFFFFFFFFFFFFFFFFF63
:10AE0000FFFFFFFFFFFFFFFFFFFFFFFF00006DFFE2
:10AE1000FFFFFFFFFFFFFFFFFFFFFFFFFFFFFFFF42
:10AE2000FFFFFFFF240049FFFFFFFFFFFFFFFFFFC2
:10AE3000FFFFFFFFFFFFFFFFFFFFFFFFFFFFFFFF22
:10AE4000FFFFFFFFFFFFFFFFFFFFFFFF00006DFFA2
:10AE5000FFFFFFFFFFFFFFFFFFFFFFFFFFFFFFFF02
:10AE6000FFFFFFFF240049FFFFFFFFFFFFFFFFFF82
:10AE7000FFFFFFFFFFFFFFFFFFFFFFFFFFFFFFFFE2
:10AE8000FFFFFFFFFFFFFFFFFFFFFFFF00006DFF62
:10AE9000FFFFFFFFFFFFFFFFFFFFFFFFFFFFFFFFC2
:10AEA000FFFFFFFF240049FFFFFFFFFFFFFFFFFF42
:10AEB000FFFFFFFFFFFFFFFFFFFFFFFFFFFFFFFFA2
:10AEC000FFFFFFFFFFFFFFFFFFFFFFFF00006DFF22
:10AED000FFFFFFFFFFFFFFFFFFFFFFFFFFFFFFFF82
:10AEE000FFFFFFFF240049FFFFFFFFFFFFFFFFFF02
:10AEF000FFFFFFFFFFFFFFFFFFFFFFFFFFFFFFFF62
:10AF0000FFFFFFFFFFFFFFFFFFFFFFFF00006DFFE1
:10AF1000FFFFFFFFFFFFFFFFFFFFFFFFFFFFFFFF41
:10AF2000FFFFFFFF240049FFFFFFFFFFFFFFFFFFC1
:10AF3000FFFFFFFFFFFFFFFFFFFFFFFFFFFFFFFF21
:10AF4000FFFFFFFFFFFFFFFFFFFFFFFF00006DFFA1
:10AF5000FFFFFFFFFFFFFFFFFFFFFFFFFFFFFFFF01
:10AF6000FFFFFFFF240049FFFFFFFFFFFFFFFFFF81
:10AF7000FFFFFFFFFFFFFFFFFFFFFFFFFFFFFFFFE1
:10AF8000FFFFFFFFFFFFFFFFFFFFFFFF00006DFF61
:10AF9000FFFFFFFFFFFFFFFFFFFFFFFFFFFFFFFFC1
:10AFA000FFFFFFFF240049FFFFFFFFFFFFFFFFFF41
:10AFB000FFFFFFFFFFFFFFFFFFFFFFFFFFFFFFFFA1
:10AFC000FFFFFFFFFFFFFFFFFFFFFFFF00006DFF21
:10AFD000FFFFFFFFFFFFFFFFFFFFFFFFFFFFFFFF81
:10AFE000FFFFFFFF6D0024B6DBDBDBDBDBDBDBDB46
:10AFF000DBDBDBDBDBDBDBDBDBDBDBDBDBDBDBDBA1
:10B00000DBDBDBDBDBDBDBDBDBDBDB6D000092FFD9
:10B01000FFFFFFFFFFFFFFFFFFFFFFFFFFFFFFFF40
:10B02000FFFFFFFFB600002424242424242424242A
:10B0300024242424242424242424242424242424D0
:10B040002424242424242424242424240024DBFF52
:10B05000FFFFFFFFFFFFFFFFFFFFFFFFFFFFFFFF00
:10B06000FFFFFFFFFF49000000000000000000009C
:10B0700000000000000000000000000000000000D0
:10B080000000000000000000000000002492FFFF0C
:10B09000FFFFFFFFFFFFFFFFFFFFFFFFFFFFFFFFC0
:10B0A000FFFFFFFFFFFF92242424242424242424D0
:10B0B0002424242424242424242424242424242450
:10B0C000242424242424242424242449B6FFFFFFF8
:10B0D000FFFFFFFFFFFFFFFFFFFFFFFFFFFFFFFF80
:10B0E000FFFFFFFFFFFFFFFFFFFFFFFFFFFFFF92DD
:10B0F000240000000000000000000000000000002C
:10B1000000000000002424496D92DBDBFFFFFFFFFD
:10B11000FFFFFFFFFFFFFFFFFFFFFFFFFFFFFFFF3F
:10B12000FFFFFFFFFFFFFFFFFFFFFFFFFFDB24002D
:10B13000000000000000000000000000000000000F
:10B14000000000000000000000000024496DDBFF4B
:10B15000FFFFFFFFFFFFFFFFFFFFFFFFFFFFFFFFFF
:10B16000FFFFFFFFFFFFFFFFFFFFFFFFFF240000C8
:10B170002449494949494949494949494949492489
:10B1800000000049494949492424000000000049C1
:10B19000B6FFFFFFFFFFFFFFFFFFFFFFFFFFFFFF08
:10B1A000FFFFFFFFFFFFFFFFFFFFFFFF9200009287
:10B1B000FFFFFFFFFFFFFFFFFFFFFFFFFFFFFFFF9F
:10B1C00092000092FFFFFFFFFFDBB66D240000003E
:10B1D00000246DFFFFFFFFFFFFFFFFFFFFFFFFFFEB
:10B1E000FFFFFFFFFFFFFFFFFFFFFFFF490024FFFF
:10B1F000FFFFFFFFFFFFFFFFFFFFFFFFFFFFFFFF5F
:10B20000FF240049FFFFFFFFFFFFFFFFFFB66D2494
:10B2100000000024B6FFFFFFFFFFFFFFFFFFFFFF5F
:10B22000FFFFFFFFFFFFFFFFFFFFFFFF240049FFBE
:10B23000FFFFFFFFFFFFFFFFFFFFFFFFFFFFFFFF1E
:10B24000FF490000FFFFFFFFFFFFFFFFFFFFFFFFC2
:10B25000922400002449DBFFFFFFFFFFFFFFFFFFF9
:10B26000FFFFFFFFFFFFFFFFFFFFFFFF000049FFA2
:10B27000FFFFFFFFFFFFFFFFFFFFFFFFFFFFFFFFDE
:10B28000FF490000FFFFFFFFFFFFFFFFFFFFFFFF82
:10B29000FFFF9224000024B6FFFFFFFFFFFFFFFF28
:10B2A000FFFFFFFFFFFFFFFFFFFFFFFF000049FF62
:10B2B000FFFFFFFFFFFFFFFFFFFFFFFFFFFFFFFF9E
:10B2C000FF490000FFFFFFFFFFFFFFFFFFFFFFFF42
:10B2D000FFFFFFDB490000246DFFFFFFFFFFFFFFC3
:10B2E000FFFFFFFFFFFFFFFFFFFFFFFF000049FF22
:10B2F000FFFFFFFFFFFFFFFFFFFFFFFFFFFFFFFF5E
:10B30000FF490000FFFFFFFFFFFFFFFFFFFFFFFF01
:10B31000FFFFFFFFFF922400006DFFFFFFFFFFFF15
:10B32000FFFFFFFFFFFFFFFFFFFFFFFF000049FFE1
:10B33000FFFFFFFFFFFFFFFFFFFFFFFFFFFFFFFF1D
:10B34000FF490000FFFFFFFFFFFFFFFFFFFFFFFFC1
:10B35000FFFFFFFFFFFFB62400006DFFFFFFFFFFB1
:10B36000FFFFFFFFFFFFFFFFFFFFFFFF240049FF7D
:10B37000FFFFFFFFFFFFFFFFFFFFFFFFFFFFFFFFDD
:10B38000FF490000FFFFFFFFFFFFFFFFFFFFFFFF81
:10B39000FFFFFFFFFFFFFFDB2400006DFFFFFFFF4C
:10B3A000FFFFFFFFFFFFFFFFFFFFFFFF490024FF3D
:10B3B000FFFFFFFFFFFFFFFFFFFFFFFFFFFFFFFF9D
:10B3C000FF240049FFFFFFFFFFFFFFFFFFFFFFFF1D
:10B3D000FFFFFFFFFFFFFFFFDB2400006DFFFFFF0C
:10B3E000FFFFFFFFFFFFFFFFFFFFFFFF9200009245
:10B3F000FFFFFFFFFFFFFFFFFFFFFFFFFFFFFFFF5D
:10B4000092000092FFFFFFFFFFFFFFFFFFFFFFFF24
:10B41000FFFFFFFFFFFFFFFFFFDB240024B6FFFF5E
:10B42000FFFFFFFFFFFFFFFFFFFFFFFFFF24000005
:10B4300024494949494949494949494949494924C6
:10B44000000024FFFFFFFFFFFFFFFFFFFFFFFFFFE5
:10B45000FFFFFFFFFFFFFFFFFFFFB6240024DBFF1E
:10B46000FFFFFFFFFFFFFFFFFFFFFFFFFFDB2400EA
:10B4700000000000000000000000000000000000CC
:10B480000024DBFFFFFFFFFFFFFFFFFFFFFFFFFFCA
:10B49000FFFFFFFFFFFFFFFFFFFFFF92000049FFDD
:10B4A000FFFFFFFFFFFFFFFFFFFFFFFFFFFFFF9219
:10B4B00024240000000000000000000000002424FC
:10B4C00092FFFFFFFFFFFFFFFFFFFFFFFFFFFFFFF9
:10B4D000FFFFFFFFFFFFFFFFFFFFFFFF490024B655
:10B4E000FFFFFFFFFFFFFFFFFFFFFFFFFFFFFFFF6C
:10B4F000FFFFFFFFFFFFFFFFFFFFFFFFFFFFFFFF5C
:10B50000FFFFFFFFFFFFFFFFFFFFFFFFFFFFFFFF4B
:10B51000FFFFFFFFFFFFFFFFFFFFFFFFDB24002414
:10B52000FFFFFFFFFFFFFFFFFFFFFFFFFFFFFFFF2B
:10B53000FFFFFFFFFFFFFFFFFFFFFFFFFFFFFFFF1B
:10B54000FFFFFFFFFFFFFFFFFFFFFFFFFFFFFFFF0B
:10B55000FFFFFFFFFFFFFFFFFFFFFFFFFF6D00008B
:10B560006DFFFFFFFFFFFFFFFFFFFFFFFFFFFFFF7D
:10B57000FFFFFFFFFFFFFFFFFFFFFFFFFFFFFFFFDB
:10B58000FFFFFFFFFFFFFFFFFFFFFFFFFFFFFFFFCB
:10B59000FFFFFFFFFFFFFFFFFFFFFFFFFFFF240095
:10B5A00024FFFFFFFFFFFFFFFFFFFFFFFFFFFFFF86
:10B5B000FFFFFFFFFFFFFFFFFFFFFFFFFFFFFFFF9B
:10B5C000FFFFFFFFFFFFFFFFFFFFFFFFFFFFFFFF8B
:10B5D000FFFFFFFFFFFFFFFFFFFFFFFFFFFF9200E7
:10B5E00000B6FFFFFFFFFFFFFFFFFFFFFFFFFFFFB3
:10B5F000FFFFFFFFFFFFFFFFFFFFFFFFFFFFFFFF5B
:10B60000FFFFFFFFFFFFFFFFFFFFFFFFFFFFFFFF4A
:10B61000FFFFFFFFFFFFFFFFFFFFFFFFFFFFDB2439
:10B620000049FFFFFFFFFFFFFFFFFFFFFFFFFFFFDF
:10B63000FFFFFFFFFFFFFFFFFFFFFFFFFFFFFFFF1A
:10B64000FFFFFFFFFFFFFFFFFFFFFFFFFFFFFFFF0A
:10B65000FFFFFFFFFFFFFFFFFFFFFFFFFFFFFF6D8C
:10B660000000DBFFFFFFFFFFFFFFFFFFFFFFFFFF0C
:10B67000FFFFFFFFFFFFFFFFFFFFFFFFFFFFFFFFDA
:10B68000FFFFFFFFFFFFFFFFFFFFFFFFFFFFFFFFCA
:10B69000FFFFFFFFFFFFFFFFFFFFFFFFFFFFFFB603
:10B6A00000006DFFFFFFFFFFFFFFFFFFFFFFFFFF3A
:10B6B000FFFFFFFFFFFFFFFFFFFFFFFFFFFFFFFF9A
:10B6C000FFFFFFFFFFFFFFFFFFFFFFFFFFFFFFFF8A
:10B6D000FFFFFFFFFFFFFFFFFFFFFFFFFFFFFFFF7A
:10B6E000240049FFFFFFFFFFFFFFFFFFFFFFFFFFFA
:10B6F000FFFFFFFFFFFFFFFFFFFFFFFFFFFFFFFF5A
:10B70000FFFFFFFFFFFFFFFFFFFFFFFFFFFFFFFF49
:10B71000FFFFFFFFFFFFFFFFFFFFFFFFFFFFFFFF39
:10B720006D0024DBFFFFFFFFFFFFFFFFFFFFFFFFB9
:10B73000FFFFFFFFFFFFFFFFFFFFFFFFFFFFFFFF19
:10B74000FFFFFFFFFFFFFFFFFFFFFFFFFFFFFFFF09
:10B75000FFFFFFFFFFFFFFFFFFFFFFFFFFFFFFFFF9
:10B76000B60000DBFFFFFFFFFFFFFFFFFFFFFFFF54
:10B77000FFFFFFFFFFFFFFFFFFFFFFFFFFFFFFFFD9
:10B78000FFFFFFFFFFFFFFFFFFFFFFFFFFFFFFFFC9
:10B79000FFFFFFFFFFFFFFFFFFFFFFFFFFFFFFFFB9
:10B7A000DB240092FFFFFFFFFFFFFFFFFFFFFFFF14
:10B7B000FFFFFFFFFFFFFFFFFFFFFFFFFFFFFFFF99
:10B7C000FFFFFFFFFFFFFFFFFFFFFFFFFFFFFFFF89
:10B7D000FFFFFFFFFFFFFFFFFFFFFFFFFFFFFFFF79
:10B7E000FF24006D6D00000049FFFFFFFFFFFFFF1A
:10B7F000FFFFFFFFFFFFFFFFFFFFFFFFFFFFFFFF59
:10B80000FFFFFFFFFFFFFFFFFFFFFFFFFFFFFFFF48
:10B81000FFFFFFFFFFFFFFFFFFFFFFFFFFFFFFFF38
:10B82000FF4900490000000000DBFFFFFFFFFFFFB2
:10B83000FFFFFFFFFFFFFFFFFFFFFFFFFFFFFFFF18
:10B84000FFFFFFFFFFFFFFFFFFFFFFFFFFFFFFFF08
:10B85000FFFFFFFFFFFFFFFFFFFFFFFFFFFFFFFFF8
:10B86000FF4900240000000000DBFFFFFFFFFFFF97
:10B87000FFFFFFFFFFFFFFFFFFFFFFFFFFFFFFFFD8
:10B88000FFFFFFFFFFFFFFFFFFFFFFFFFFFFFFFFC8
:10B89000FFFFFFFFFFFFFFFFFFFFFFFFFFFFFFFFB8
:10B8A000FF4900240000000000DBFFFFFFFFFFFF57
:10B8B000FFFFFFFFFFFFFFFFFFFFFFFFFFFFFFFF98
:10B8C000FFFFFFFFFFFFFFFFFFFFFFFFFFFFFFFF88
:10B8D000FFFFFFFFFFFFFFFFFFFFFFFFFFFFFFFF78
:10B8E000FF4900000000000000DBFFFFFFFFFFFF3B
:10B8F000FFFFFFFFFFFFFFFFFFFFFFFFFFFFFFFF58
:10B90000FFFFFFFFFFFFFFFFFFFFFFFFFFFFFFFF47
:10B91000FFFFFFFFFFFFFFFFFFFFFFFFFFFFFFFF37
:10B92000FF4900240000000000DBFFFFFFFFFFFFD6
:10B93000FFFFFFFFFFFFFFFFFFFFFFFFFFFFFFFF17
:10B94000FFFFFFFFFFFFFFFFFFFFFFFFFFFFFFFF07
:10B95000FFFFFFFFFFFFFFFFFFFFFFFFFFFFFFFFF7
:10B96000FF4900240000000000DBFFFFFFFFFFFF96
:10B97000FFFFFFFFFFFFFFFFFFFFFFFFFFFFFFFFD7
:10B98000FFFFFFFFFFFFFFFFFFFFFFFFFFFFFFFFC7
:10B99000FFFFFFFFFFFFFFFFFFFFFFFFFFFFFFFFB7
:10B9A000FF4900240000000049FFFFFFFFFFFFFFE9
:10B9B000FFFFFFFFFFFFFFFFFFFFFFFFFFFFFFFF97
:10B9C000FFFFFFFFFFFFFFFFFFFFFFFFFFFFFFFF87
:10B9D000FFFFFFFFFFFFFFFFFFFFFFFFFFFFFFFF77
:10B9E000FF490049000049FFFFFFFFFFFFFFFFFF86
:10B9F000FFFFFFFFFFFFFFFFFFFFFFFFFFFFFFFF57
:10BA0000FFFFFFFFFFFFFFFFFFFFFFFFFFFFFFFF46
:10BA1000FFFFFFFFFFFFFFFFFFFFFFFFFFFFFFFF36
:10BA2000FF24006D000049FFFFFFFFFFFFFFFFFF46
:10BA3000FFFFFFFFFFFFFFFFFFFFFFFFFFFFFFFF16
:10BA4000FFFFFFFFFFFFFFFFFFFFFFFFFFFFFFFF06
:10BA5000FFFFFFFFFFFFFFFFFFFFFFFFFFFFFFFFF6
:10BA6000DB240092000049FFFFFFFFFFFFFFFFFF05
:10BA7000FFFFFFFFFFFFFFFFFFFFFFFFFFFFFFFFD6
:10BA8000FFFFFFFFFFFFFFFFFFFFFFFFFFFFFFFFC6
:10BA9000FFFFFFFFFFFFFFFFFFFFFFFFFFFFFFFFB6
:10BAA000B60000DB000049FFFFFFFFFFFFFFFFFFC5
:10BAB000FFFFFFFFFFFFFFFFFFFFFFFFFFFFFFFF96
:10BAC000FFFFFFFFFFFFFFFFFFFFFFFFFFFFFFFF86
:10BAD000FFFFFFFFFFFFFFFFFFFFFFFFFFFFFFFF76
:10BAE0006D0024DB000049FFFFFFFFFFFFFFFFFFAA
:10BAF000FFFFFFFFFFFFFFFFFFFFFFFFFFFFFFFF56
:10BB0000FFFFFFFFFFFFFFFFFFFFFFFFFFFFFFFF45
:10BB1000FFFFFFFFFFFFFFFFFFFFFFFFFFFFFFFF35
:10BB2000240049FF000049FFFFFFFFFFFFFFFFFF69
:10BB3000FFFFFFFFFFFFFFFFFFFFFFFFFFFFFFFF15
:10BB4000FFFFFFFFFFFFFFFFFFFFFFFFFFFFFFFF05
:10BB5000FFFFFFFFFFFFFFFFFFFFFFFFFFFFFFB63E
:10BB600000006DFF240049FFFFFFFFFFFFFFFFFF05
:10BB7000FFFFFFFFFFFFFFFFFFFFFFFFFFFFFFFFD5
:10BB8000FFFFFFFFFFFFFFFFFFFFFFFFFFFFFFFFC5
:10BB9000FFFFFFFFFFFFFFFFFFFFFFFFFFFFFF6D47
:10BBA0000000DBFF920024DBFFFFFFFFFFFFFFFF32
:10BBB000FFFFFFFFFFFFFFFFFFFFFFFFFFFFFFFF95
:10BBC000FFFFFFFFFFFFFFFFFFFFFFFFFFFFFFFF85
:10BBD000FFFFFFFFFFFFFFFFFFFFFFFFFFFFFF2450
:10BBE0000049FFFFDB24006DFFFFFFFFFFFFFFFFAA
:10BBF000FFFFFFFFFFFFFFFFFFFFFFFFFFFFFFFF55
:10BC0000FFFFFFFFFFFFFFFFFFFFFFFFFFFFFFFF44
:10BC1000FFFFFFFFFFFFFFFFFFFFFFFFFFFF9200A0
:10BC200000B6FFFFFF490024FFFFFFFFFFFFFFFFFC
:10BC3000FFFFFFFFFFFFFFFFFFFFFFFFFFFFFFFF14
:10BC4000FFFFFFFFFFFFFFFFFFFFFFFFFFFFFFFF04
:10BC5000FFFFFFFFFFFFFFFFFFFFFFFFFFFF2400CE
:10BC600024FFFFFFFF92000092FFFFFFFFFFFFFF97
:10BC7000FFFFFFFFFFFFFFFFFFFFFFFFFFFFFFFFD4
:10BC8000FFFFFFFFFFFFFFFFFFFFFFFFFFFFFFFFC4
:10BC9000FFFFFFFFFFFFFFFFFFFFFFFFFF6D000044
:10BCA0006DFFFFFFFFFF240049FFFFFFFFFFFFFFC6
:10BCB000FFFFFFFFFFFFFFFFFFFFFFFFFFFFFFFF94
:10BCC000FFFFFFFFFFFFFFFFFFFFFFFFFFFFFFFF84
:10BCD000FFFFFFFFFFFFFFFFFFFFFFFFDB2400244D
:10BCE000FFFFFFFFFFFF920024DBFFFFFFFFFF923C
:10BCF00024000000000000000000000000000024FC
:10BD000092FFFFFFFFFFFFFFFFFFFFFFFFFFFFFFB0
:10BD1000FFFFFFFFFFFFFFFFFFFFFFFF490024B60C
:10BD2000FFFFFFFFFFFFDB24006DFFFFFFDB2400B1
:10BD30000000000000000000000000000000000003
:10BD40000024DBFFFFFFFFFFFFFFFFFFFFFFFFFF01
:10BD5000FFFFFFFFFFFFFFFFFFFFFF92000049FF14
:10BD6000FFFFFFFFFFFFFF490024FFFFFF2400004C
:10BD7000244949494949494949494949494949247D
:10BD8000000024FFFFFFFFFFFFFFFFFFFFFFFFFF9C
:10BD9000FFFFFFFFFFFFFFFFFFFFB6240024DBFFD5
:10BDA000FFFFFFFFFFFFFF92000092FF9200009253
:10BDB000FFFFFFFFFFFFFFFFFFFFFFFFFFFFFFFF93
:10BDC00092000092FFFFFFFFFFFFFFFFFFFFFFFF5B
:10BDD000FFFFFFFFFFFFFFFFFFDB240024B6FFFF95
:10BDE000FFFFFFFFFFFFFFFF240049FF490024FF83
:10BDF000FFFFFFFFFFFFFFFFFFFFFFFFFFFFFFFF53
:10BE0000FF240049FFFFFFFFFFFFFFFFFFFFFFFFD2
:10BE1000FFFFFFFFFFFFFFFFDB2400006DFFFFFFC1
:10BE2000FFFFFFFFFFFFFFFF920024DB240049FF1D
:10BE3000FFFFFFFFFFFFFFFFFFFFFFFFFFFFFFFF12
:10BE4000FF490000FFFFFFFFFFFFFFFFFFFFFFFFB6
:10BE5000FFFFFFFFFFFFFFDB2400006DFFFFFFFF81
:10BE6000FFFFFFFFFFFFFFFFDB24006D000049FF26
:10BE7000FFFFFFFFFFFFFFFFFFFFFFFFFFFFFFFFD2
:10BE8000FF490000FFFFFFFFFFFFFFFFFFFFFFFF76
:10BE9000FFFFFFFFFFFFB62400006DFFFFFFFFFF66
:10BEA000FFFFFFFFFFFFFFFFFF490024000049FFE6
:10BEB000FFFFFFFFFFFFFFFFFFFFFFFFFFFFFFFF92
:10BEC000FF490000FFFFFFFFFFFFFFFFFFFFFFFF36
:10BED000FFFFFFFFFF922400006DFFFFFFFFFFFF4A
:10BEE000FFFFFFFFFFFFFFFFFF920000000049FF81
:10BEF000FFFFFFFFFFFFFFFFFFFFFFFFFFFFFFFF52
:10BF0000FF490000FFFFFFFFFFFFFFFFFFFFFFFFF5
:10BF1000FFFFFFDB490000246DFFFFFFFFFFFFFF76
:10BF2000FFFFFFFFFFFFFFFFFFFF2400000049FFAF
:10BF3000FFFFFFFFFFFFFFFFFFFFFFFFFFFFFFFF11
:10BF4000FF490000FFFFFFFFFFFFFFFFFFFFFFFFB5
:10BF5000FFFF9224000024B6FFFFFFFFFFFFFFFF5B
:10BF6000FFFFFFFFFFFFFFFFFFFF9200000049FF01
:10BF7000FFFFFFFFFFFFFFFFFFFFFFFFFFFFFFFFD1
:10BF8000FF490000FFFFFFFFFFFFFFFFFFFFFFFF75
:10BF9000922400002449DBFFFFFFFFFFFFFFFFFFAC
:10BFA000FFFFFFFFFFFFFFFFFFFFDB24000024FF79
:10BFB000FFFFFFFFFFFFFFFFFFFFFFFFFFFFFFFF91
:10BFC000FF240049FFFFFFFFFFFFFFFFFFB66D24C7
:10BFD00000000024B6FFFFFFFFFFFFFFFFFFFFFF92
:10BFE000FFFFFFFFFFFFFFFFFFFFFF490000009281
:10BFF000FFFFFFFFFFFFFFFFFFFFFFFFFFFFFFFF51
:10C0000092000092FFFFFFFFFFDBB66D24000000EF
:10C0100000246DFFFFFFFFFFFFFFFFFFFFFFFFFF9C
:10C02000FFFFFFFFFFFFFFFFFFFFFF920000000089
:10C0300024494949494949494949494949494924BA
:10C0400000000049494949492424000000000049F2
:10C05000B6FFFFFFFFFFFFFFFFFFFFFFFFFFFFFF39
:10C06000FFFFFFFFFFFFFFFFFFFFFFFF24000000B8
:10C0700000000000000000000000000000000000C0
:10C08000000000000000000000000024496DDBFFFC
:10C09000FFFFFFFFFFFFFFFFFFFFFFFFFFFFFFFFB0
:10C0A000FFFFFFFFFFFFFFFFFFFFFFFFB6240000C2
:10C0B0000000000000000000000000000000000080
:10C0C00000000000002424496D92DBDBFFFFFFFF2E
:10C0D000FFFFFFFFFFFFFFFFFFFFFFFFFFFFFFFF70
:10C0E000FFFFFFFFFFFFFFFFFFFFFFFFFFFFFFFF60
:10C0F000FFFFFFFFFFFFFFFFFFDB6D2400000000DD
:10C10000000000000000000000000000246DDBFFC4
:10C11000FFFFFFFFFFFFFFFFFFFFFFFFFFFFFFFF2F
:10C12000FFFFFFFFFFFFFFFFFFFFFFFFFFFFFFFF1F
:10C13000FFFFFFFFFFFFFFFF6D000000000000009A
:10C140000000000000000000000000000000246D5E
:10C15000FFFFFFFFFFFFFFFFFFFFFFFFFFFFFFFFEF
:10C16000FFFFFFFFFFFFFFFFFFFFFFFFFFFFFFFFDF
:10C17000FFFFFFFFFFFFFF6D0000244949494949C8
:10C1800049494949494949494949494949240000D6
:10C190006DFFFFFFFFFFFFFFFFFFFFFFFFFFFFFF41
:10C1A000FFFFFFFFFFFFFFFFFFFFFFFFFFFFFFFF9F
:10C1B000FFFFFFFFFFFFB6240000B6FFFFFFFFFFFA
:10C1C000FFFFFFFFFFFFFFFFFFFFFFFFFFB60000C6
:10C1D00024B6FFFFFFFFFFFFFFFFFFFFFFFFFFFF93
:10C1E000FFFFFFFFFFFFFFFFFFFFFFFFFFFFFFFF5F
:10C1F000FFFFFFFFFFFF49000092FFFFFFFFFFFF70
:10C20000FFFFFFFFFFFFFFFFFFFFFFFFFFFF9200AA
:10C21000006DFFFFFFFFFFFFFFFFFFFFFFFFFFFFBF
:10C22000FFFFFFFFFFFFFFFFFFFFFFFFFFFFFFFF1E
:10C23000FFFFFFFFFFFF490000B6FFFFFFFFFFFF0B
:10C24000FFFFFFFFFFFFFFFFFFFFFFFFFFFFB60046
:10C250000049FFFFFFFFFFFFFFFFFFFFFFFFFFFFA3
:10C26000FFFFFFFFFFFFFFFFFFFFFFFFFFFFFFFFDE
:10C27000FFFFFFFFFFFF490000B6FFFFFFFFFFFFCB
:10C28000FFFFFFFFFFFFFFFFFFFFFFFFFFFFB60006
:10C290000049FFFFFFFFFFFFFFFFFFFFFFFFFFFF63
:10C2A000FFFFFFFFFFFFFFFFFFFFFFFFFFFFFFFF9E
:10C2B000FFFFFFFFFFFF490000B6FFFFFFFFFFFF8B
:10C2C000FFFFFFFFFFFFFFFFFFFFFFFFFFFFB600C6
:10C2D0000049FFFFFFFFFFFFFFFFFFFFFFFFFFFF23
:10C2E000FFFFFFFFFFFFFFFFFFFFFFFFFFFFFFFF5E
:10C2F000FFFFFFFFFFFF490000B6FFFFFFFFFFFF4B
:10C30000FFFFFFFFFFFFFFFFFFFFFFFFFFFFB60085
:10C310000049FFFFFFFFFFFFFFFFFFFFFFFFFFFFE2
:10C32000FFFFFFFFFFFFFFFFFFFFFFFFFFFFFFFF1D
:10C33000FFFFFFFFFFFF490000B6FFFFFFFFFFFF0A
:10C34000FFFFFFFFFFFFFFFFFFFFFFFFFFFFB60045
:10C350000049FFFFFFFFFFFFFFFFFFFFFFFFFFFFA2
:10C36000FFFFFFFFFFFFFFFFFFFFFFFFFFFFFFFFDD
:10C37000FFFFFFFFFFFF490000B6FFFFFFFFFFFFCA
:10C38000FFFFFFFFFFFFFFFFFFFFFFFFFFFFB60005
:10C390000049FFFFFFFFFFFFFFFFFFFFFFFFFFFF62
:10C3A000FFFFFFFFFFFFFFFFFFFFFFFFFFFFFFFF9D
:10C3B000FFFFFFFFFFFF490000B6FFFFFFFFFFFF8A
:10C3C000FFFFFFFFFFFFFFFFFFFFFFFFFFFFB600C5
:10C3D0000049FFFFFFFFFFFFFFFFFFFFFFFFFFFF22
:10C3E000FFFFFFFFFFFFFFFFFFFFFFFFFFFFFFFF5D
:10C3F000FFFFFFFFFFFF490000B6FFFFFFFFFFFF4A
:10C40000FFFFFFFFFFFFFFFFFFFFFFFFFFFFB60084
:10C410000049FFFFFFFFFFFFFFFFFFFFFFFFFFFFE1
:10C42000FFFFFFFFFFFFFFFFFFFFFFFFFFFFFFFF1C
:10C43000FFFFFFFFFFFF490000B6FFFFFFFFFFFF09
:10C44000FFFFFFFFFFFFFFFFFFFFFFFFFFFFB60044
:10C450000049FFFFFFFFFFFFFFFFFFFFFFFFFFFFA1
:10C46000FFFFFFFFFFFFFFFFFFFFFFFFFFFFFFFFDC
:10C47000FFFFFFFFFFFF490000B6FFFFFFFFFFFFC9
:10C48000FFFFFFFFFFFFFFFFFFFFFFFFFFFFB60004
:10C490000049FFFFFFFFFFFFFFFFFFFFFFFFFFFF61
:10C4A000FFFFFFFFFFFFFFFFFFFFFFFFFFFFFFFF9C
:10C4B000FFFFFFFFFFFF490000B6FFFFFFFFFFFF89
:10C4C000FFFFFFFFFFFFFFFFFFFFFFFFFFFFB600C4
:10C4D0000049FFFFFFFFFFFFFFFFFFFFFFFFFFFF21
:10C4E000FFFFFFFFFFFFFFFFFFFFFFFFFFFFFFFF5C
:10C4F000FFFFFFFFFF6D000024DBFFFFFFFFFFFFDB
:10C50000FFFFFFFFFFFFFFFFFFFFFFFFFFFFDB005E
:10C5100000006DFFFFFFFFFFFFFFFFFFFFFFFFFFBB
:10C52000FFFFFFFFFFFFFFFFFFFFFFFFFFFFFFFF1B
:10C53000FFFFFFFF6D00002492FFFFFFFFFFFFFFE3
:10C54000FFFFFFFFFFFFFFFFFFFFFFFFFFFFFF6D8D
:10C5500000000092FFFFFFFFFFFFFFFFFFFFFFFF55
:10C56000FFFFFFFFFFFFFFFFFFFFFFFFFFFFFFFFDB
:10C57000FFFFFF9200000092FFFFFFFFFFFFFFFFA2
:10C58000FFFFFFFFFFFFFFFFFFFFFFFFFFFFFFFFBB
:10C590006D000000B6FFFFFFFFFFFFFFFFFFFFFF83
:10C5A000FFFFFFFFFFFFFFFFFFFFFFFFFFFFFFFF9B
:10C5B000FFFFB600000092FFFFFFFFFFFFFFFFFF3E
:10C5C000FFFFFFFFFFFFFFFFFFFFFFFFFFFFFFFF7B
:10C5D000FF6D000024B6FFFFFFFFFFFFFFFFFFFF1F
:10C5E000FFFFFFFFFFFFFFFFFFFFFFFFFFFFFFFF5B
:10C5F000FFB624000092FFFFFFFFFFFFFFFFFFFFDA
:10C60000FFFFFFFFFFFFFFFFFFFFFFFFFFFFFFFF3A
:10C61000FFFF6D000024B6FFFFFFFFFFFFFFFFFFDE
:10C62000FFFFFFFFFFFFFFFFFFFFFFFFFFFFFFFF1A
:10C63000B624000049FFFFFFFFFFFFFFFFFFFFFFE2
:10C64000FFFFFFFFFFFFFFFFFFFFFFFFFFFFFFFFFA
:10C65000FFFFFF49000024DBFFFFFFFFFFFFFFFF9D
:10C66000FFFFFFFFFFFFFFFFFFFFFFFFFFFFFFDBFE
:10C6700024000049FFFFFFFFFFFFFFFFFFFFFFFF59
:10C68000FFFFFFFFFFFFFFFFFFFFFFFFFFFFFFFFBA
:10C69000FFFFFFFF24000024DBFFFFFFFFFFFFFF82
:10C6A000FFFFFFFFFFFFFFFFFFFFFFFFFFFFDB2499
:10C6B000000049FFFFFFFFFFFFFFFFFFFFFFFFFF3E
:10C6C000FFFFFFFFFFFFFFFFFFFFFFFFFFFFFFFF7A
:10C6D000FFFFFFFFDB49000024DBFFFFFFFFFFFF41
:10C6E000FFFFFFFFFFFFFFFFFFFFFFFFFFDB490033
:10C6F0000049DBFFFFFFFFFFFFFFFFFFFFFFFFFF23
:10C70000FFFFFFFFFFFFFFFFFFFFFFFFFFFFFFFF39
:10C71000FFFFFFFFFFB624000049FFFFFFFFFFFF01
:10C72000FFFFFFFFFFFFFFFFFFFFFFFFFF490000CD
:10C7300024DBFFFFFFFFFFFFFFFFFFFFFFFFFFFF08
:10C74000FFFFFFFFFFFFFFFFFFFFFFFFFFFFFFFFF9
:10C75000FFFFFFFFFFFFDB24000049FFFFFFFFFF9C
:10C76000FFFFFFFFFFFFFFFFFFFFFFFF6D00002444
:10C77000DBFFFFFFFFFFFFFFFFFFFFFFFFFFFFFFED
:10C78000FFFFFFFFFFFFFFFFFFFFFFFFFFFFFFFFB9
:10C79000FFFFFFFFFFFFFFB62400006DFFFFFFFF5D
:10C7A000FFFFFFFFFFFFFFFFFFFFFF6D000024B64D
:10C7B000FFFFFFFFFFFFFFFFFFFFFFFFFFFFFFFF89
:10C7C000FFFFFFFFFFFFFFFFFFFFFFFFFFFFFFFF79
:10C7D000FFFFFFFFFFFFFFFFB60000006DFFFFFF41
:10C7E000FFFFFFFFFFFFFFFFFFFF6D00000092FF55
:10C7F000FFFFFFFFFFFFFFFFFFFFFFFFFFFFFFFF49
:10C80000FFFFFFFFFFFFFFFFFFFFFFFFFFFFFFFF38
:10C81000FFFFFFFFFFFFFFFFFF9200000092FFFFFF
:10C82000FFFFFFFFFFFFFFFFFF6D000000B6FFFFF0
:10C83000FFFFFFFFFFFFFFFFFFFFFFFFFFFFFFFF08
:10C84000FFFFFFFFFFFFFFFFFFFFFFFFFFFFFFFFF8
:10C85000FFFFFFFFFFFFFFFFFFFF9200000092FFBF
:10C86000FFFFFFFFFFFFFFFF9200000092FFFFFFAF
:10C87000FFFFFFFFFFFFFFFFFFFFFFFFFFFFFFFFC8
:10C88000FFFFFFFFFFFFFFFFFFFFFFFFFFFFFFFFB8
:10C89000FFFFFFFFFFFFFFFFFFFFFF6D000000B680
:10C8A000FFFFFFFFFFFFFFB60000006DFFFFFFFF70
:10C8B000FFFFFFFFFFFFFFFFFFFFFFFFFFFFFFFF88
:10C8C000FFFFFFFFFFFFFFFFFFFFFFFFFFFFFFFF78
:10C8D000FFFFFFFFFFFFFFFFFFFFFFFF6D000024D3
:10C8E000B6FFFFFFFFFFB62400006DFFFFFFFFFF55
:10C8F000FFFFFFFFFFFFFFFFFFFFFFFFFFFFFFFF48
:10C90000FFFFFFFFFFFFFFFFFFFFFFFFFFFFFFFF37
:10C91000FFFFFFFFFFFFFFFFFFFFFFFFFF490000DB
:10C9200024DBFFFFFFB62400006DFFFFFFFFFFFFCA
:10C93000FFFFFFFFFFFFFFFFFFFFFFFFFFFFFFFF07
:10C94000FFFFFFFFFFFFFFFFFFFFFFFFFFFFFFFFF7
:10C95000FFFFFFFFFFFFFFFFFFFFFFFFFFFF49009C
:10C960000024B6FFDB24000024B6DBDBDBDBDBDBF3
:10C97000DBDBDBDBDBDBDBDBDBDBDBDBDBDBDBDB07
:10C98000DBDBDBDBDBDBDBDBDBDBDBDBDBDBDBDBF7
:10C99000DBDBDBDBDBDBDBDBDBDBDBDBDBDBB624C3
:10C9A000000049DB4900000000000000000000001A
:10C9B0000000000000000000000000000000000077
:10C9C0000000000000000000000000000000000067
:10C9D0000000000000000000000000000000000057
:10C9E0000000006D49000000000000000000000091
:10C9F0000000000000000000000000000000000037
:10CA00000000000000000000000000000000000026
:10CA10000000000000000000000000000000000016
:10CA20000000006DFFDBDBDBDBDBDBDBDBDBDBDB31
:10CA3000DBDBDBDBDBDBDBDBDBDBDBDBDBDBDBDB46
:10CA4000DBDBDBDBDBDBDBDBDBDBDBDBDBDBDBDB36
:10CA5000DBDBDBDBDBDBDBDBDBDBDBDBDBDBDBDB26
:10CA6000DBDBDBFFFFFFFFFFFFFFFFFFFFFFFFFF42
:10CA7000FFFFFFFFFFFFFFFFFFFFFFFFFFFFFFFFC6
:10CA8000FFFFFFFFFFFFFFFFFFFFFFFFFFFFFFFFB6
:10CA9000FFFFFFFFFFFFFFFFFFFFFFFFFFFFFFFFA6
:10CAA000FFFFFFFFFFFFFFFFFFFFFFFFFFFFFFFF96
:10CAB000FFFFFFFFFFFFFFFFFFFFFFFFFFFFFFFF86
:10CAC000FFFFFFFFFFFFFFFFFFFFFFFFFFFFFFFF76
:10CAD000FFFFFFFFFFFFFFFFFFFFFFFFFFFFFFFF66
:10CAE000FFFFFFFFFFFFFFFFFFFFFFFFFFFFFFFF56
:10CAF000FFFFFFFFFFFFFFFFFFFFFFFFFFFFFFFF46
:10CB0000FFFFFFFFFFFFFFFFFFFFFFFFFFFFFFFF35
:10CB1000FFFFFFFFFFFFFFFFFFFFFFFFFFFFFFFF25
:10CB2000FFFFFFFFFFFFFFFFFFFFFFFFFFFFFFFF15
:10CB3000FFFFFFFFFFFFFFFFFFFFFFFFFFFFFFFF05
:10CB4000FFFFFFFFFFFFFFFFFFFFFFFFFFFFFFFFF5
:10CB5000FFFFFFFFFFFFFFFFFFFFFFFFFFFFFFFFE5
:10CB6000FFFFFFFFFFFFFFFFFFFFFFFFFFFFFFFFD5
:10CB7000FFFFFFFFFFFFFFFFFFFFDBDBFFFFFFFF0D
:10CB8000FFFFFFFFFFFFFFFFFFFFFFFFDBDBFFFFFD
:10CB9000FFFFFFFFFFFFFFFFFFFFFFFFFFFFFFFFA5
:10CBA000FFFFFFFFFFFFFFFFFFFFFFFFFFFFFFFF95
:10CBB000FFFFFFFFFFFFFFFFFF6D0024B6FFFFFF3A
:10CBC000FFFFFFFFFFFFFFFFFFFFFFB6240092FF05
:10CBD000FFFFFFFFFFFFFFFFFFFFFFFFFFFFFFFF65
:10CBE000FFFFFFFFFFFFFFFFFFFFFFFFFFFFFFFF55
:10CBF000FFFFFFFFFFFFFFFFFF49000092FFFFFF66
:10CC0000FFFFFFFFFFFFFFFFFFFFFF92000049FF55
:10CC1000FFFFFFFFFFFFFFFFFFFFFFFFFFFFFFFF24
:10CC2000FFFFFFFFFFFFFFFFFFFFFFFFFFFFFFFF14
:10CC3000FFFFFFFFFFFFFFFFFF49000092FFFFFF25
:10CC4000FFFFFFFFFFFFFFFFFFFFFF6D00006DFF16
:10CC5000FFFFFFFFFFFFFFFFFFFFFFFFFFFFFFFFE4
:10CC6000FFFFFFFFFFFFFFFFFFFFFFFFFFFFFFFFD4
:10CC7000FFFFFFFFFFFFFFFFFFB6000049DBFFFFE5
:10CC8000FFFFFFFFFFFFFFFFFFFFDB240000DBFFD5
:10CC9000FFFFFFFFFFFFFFFFFFFFFFFFFFFFFFFFA4
:10CCA000FFFFFFFFFFFFFFFFFFFFFFFFFFFFFFFF94
:10CCB000FFFFFFFFFFFFFFFFFFFF24000092FFFFCA
:10CCC000FFFFFFFFFFFFFFFFFFFF6D000024FFFFDF
:10CCD000FFFFFFFFFFFFFFFFFFFFFFFFFFFFFFFF64
:10CCE000FFFFFFFFFFFFFFFFFFFFFFDB4924B6FF52
:10CCF000FFFFFFFFFFFFFFFFFFFFB600000092FFF7
:10CD0000FFFFFFFFFFFFFFFFFF92000024B6FFFFC2
:10CD1000FFFFFFFFFFFFFFFFFFB62449DBFFFFFF21
:10CD2000FFFFFFFFFFFFFFFFFFFFFF92000024FF59
:10CD3000FFFFFFFFFFFFFFFFFFFFFF6D0000006D24
:10CD4000FFFFFFFFFFFFFFDB490000006DFFFFFF5C
:10CD5000FFFFFFFFFFFFFFFFFF240000B6FFFFFF05
:10CD6000FFFFFFFFFFFFFFFFFFFFFFDB490000B6F4
:10CD7000FFFFFFFFFFFFFFFFFFFFFFFF6D00000052
:10CD8000246DB6DBDBB6490000000092FFFFFFFF19
:10CD9000FFFFFFFFFFFFFFFF92000049DBFFFFFFE8
:10CDA000FFFFFFFFFFFFFFFFFFFFFFFF92000049B4
:10CDB000DBFFFFFFFFFFFFFFFFFFFFFFFFB62400CA
:10CDC00000000000000000000024B6FFFFFFFFFF8E
:10CDD000FFFFFFFFFFFFFFDB24000092FFFFFFFFCD
:10CDE000FFFFFFFFFFFFFFFFFFFFFFFFFF2400002C
:10CDF00092FFFFFFFFFFFFFFFFFFFFFFFFFFFF6D42
:10CE0000492424000024244992FFFFFFFFFFFFFF75
:10CE1000FFFFFFFFFFFFFF6D000049FFFFFFFFFF68
:10CE2000FFFFFFFFFFFFFFFFFFFFFFFFFFB6000059
:10CE30002492FFFFFFFFFFFFFFFFFFFFFFFFFFFF4A
:10CE4000FFDBDBDBDBDBDBFFFFFFFFFFFFFFFFFFCA
:10CE5000FFFFFFFFFFFF92000000DBFFFFFFFFFF70
:10CE6000FFFFFFFFFFFFFFFFFFFFFFFFFFFF92003E
:10CE70000024B6FFFFFFFFFFFFFFFFFFFFFFFFFFE5
:10CE8000FFFFFFFFFFFFFFFFFFFFFFFFFFFFFFFFB2
:10CE9000FFFFFFFFFF9224000092FFFFFFFFFFFF55
:10CEA000FFFFFFFFFFFFFFFFFFFFFFFFFFFFFF4948
:10CEB000000024B6FFFFFFFFFFFFFFFFFFFFFFFFA4
:10CEC000FFFFFFFFFFFFFFFFFFFFFFFFFFFFFFFF72
:10CED000FFFFFFFF9224000049FFFFFFFFFFFFFF5E
:10CEE000FFFFFFFFFFFFFFFFFFFFFFFFFFFFFFFF52
:10CEF0004900000092FFFFFFFFFFFFFFFFFFFFFF62
:10CF0000FFFFFFFFFFFFFFFFFFFFFFFFFFFFFFFF31
:10CF1000FFFFFF6D0000006DFFFFFFFFFFFFFFFF42
:10CF2000FFFFFFFFFFFFFFFFFFFFFFFFFFFFFFFF11
:10CF3000FF6D00000049DBFFFFFFFFFFFFFFFFFF6A
:10CF4000FFFFFFFFFFFFFFFFFFFFFFFFFFFFFFFFF1
:10CF5000FFB64900000092FFFFFFFFFFFFFFFFFF4A
:10CF6000FFFFFFFFFFFFFFFFFFFFFFFFFFFFFFFFD1
:10CF7000FFFF92240000006DDBFFFFFFFFFFFFFFBC
:10CF8000FFFFFFFFFFFFFFFFFFFFFFFFFFFFFFDBD5
:10CF90006D0000002492FFFFFFFFFFFFFFFFFFFF78
:10CFA000FFFFFFFFFFFFFFFFFFFFFFFFFFFFFFFF91
:10CFB000FFFFFFDB490000002449B6FFFFFFFFFF32
:10CFC000FFFFFFFFFFFFFFFFFFFFFFFFFFB649244B
:10CFD00000000049DBFFFFFFFFFFFFFFFFFFFFFF38
:10CFE000FFFFFFFFFFFFFFFFFFFFFFFFFFFFFFFF51
:10CFF000FFFFFFFFFF922400000000246DB6DBFF5F
:10D00000FFFFFFFFFFFFFFFFFFDBB66D2400000007
:10D01000002492FFFFFFFFFFFFFFFFFFFFFFFFFF67
:10D02000FFFFFFFFFFFFFFFFFFFFFFFFFFFFFFFF10
:10D03000FFFFFFFFFFFFFFB64900000000002424B0
:10D040004949494949494949242400000000004907
:10D05000B6FFFFFFFFFFFFFFFFFFFFFFFFFFFFFF29
:10D06000FFFFFFFFFFFFFFFFFFFFFFFFFFFFFFFFD0
:10D07000FFFFFFFFFFFFFFFFFFDB6D492400000004
:10D08000000000000000000000000024496DDBFFEC
:10D09000FFFFFFFFFFFFFFFFFFFFFFFFFFFFFFFFA0
:10D0A000FFFFFFFFFFFFFFFFFFFFFFFFFFFFFFFF90
:10D0B000FFFFFFFFFFFFFFFFFFFFFFFFDBDB926DC7
:10D0C00049242400002424496D92DBDBFFFFFFFF8D
:10D0D000FFFFFFFFFFFFFFFFFFFFFFFFFFFFFFFF60
:10D0E000FFFFFFFFFFFFFFFFFFFFFFFFFFFFFFFF50
:10D0F000FFFFFFFFFFFFFFFFFFDB6D2424000000A9
:10D100000000000000000000000000244992DBFF46
:10D11000FFFFFFFFFFFFFFFFFFFFFFFFFFFFFFFF1F
:10D12000FFFFFFFFFFFFFFFFFFFFFFFFFFFFFFFF0F
:10D13000FFFFFFFFFFFFFFDB4924000000000000AE
:10D140000000000000000000000000000000246D4E
:10D15000DBFFFFFFFFFFFFFFFFFFFFFFFFFFFFFF03
:10D16000FFFFFFFFFFFFFFFFFFFFFFFFFFFFFFFFCF
:10D17000FFFFFFFFFFFFFF49000024244949494901
:10D1800049494949494949494949494924240000EB
:10D1900049FFFFFFFFFFFFFFFFFFFFFFFFFFFFFF55
:10D1A000FFFFFFFFFFFFFFFFFFFFFFFFFFFFFFFF8F
:10D1B000FFFFFFFFFFFF9224002492FFFFFFFFFF0E
:10D1C000FFFFFFFFFFFFFFFFFFFFFFFFFF922400B6
:10D1D00024B6FFFFFFFFFFFFFFFFFFFFFFFFFFFF83
:10D1E000FFFFFFFFFFFFFFFFFFFFFFFFFFFFFFFF4F
:10D1F000FFFFFFFFFFFF6D00006DFFFFFFFFFFFF61
:10D20000FFFFFFFFFFFFFFFFFFFFFFFFFFFF6D00BF
:10D21000246DFFFFFFFFFFFFFFFFFFFFFFFFFFFF8B
:10D22000FFFFFFFFFFFFFFFFFFFFFFFFFFFFFFFF0E
:10D23000FFFFFFFFFFFF49002492FFFFFFFFFFFFFB
:10D24000FFFFFFFFFFFFFFFFFFFFFFFFFFFF92005A
:10D250000049FFFFFFFFFFFFFFFFFFFFFFFFFFFF93
:10D26000FFFFFFFFFFFFFFFFFFFFFFFFFFFFFFFFCE
:10D27000FFFFFFFFFFFF49002492FFFFFFFFFFFFBB
:10D28000FFFFFFFFFFFFFFFFFFFFFFFFFFFF92001A
:10D290000049FFFFFFFFFFFFFFFFFFFFFFFFFFFF53
:10D2A000FFFFFFFFFFFFFFFFFFFFFFFFFFFFFFFF8E
:10D2B000FFFFFFFFFFFF49002492FFFFFFFFFFFF7B
:10D2C000FFFFFFFFFFFFFFFFFFFFFFFFFFFF9200DA
:10D2D0000049FFFFFFFFFFFFFFFFFFFFFFFFFFFF13
:10D2E000FFFFFFFFFFFFFFFFFFFFFFFFFFFFFFFF4E
:10D2F000FFFFFFFFFFFF49002492FFFFFFFFFFFF3B
:10D30000FFFFFFFFFFFFFFFFFFFFFFFFFFFF920099
:10D310000049FFFFFFFFFFFFFFFFFFFFFFFFFFFFD2
:10D32000FFFFFFFFFFFFFFFFFFFFFFFFFFFFFFFF0D
:10D33000FFFFFFFFFFFF49002492FFFFFFFFFFFFFA
:10D34000FFFFFFFFFFFFFFFFFFFFFFFFFFFF920059
:10D350000049FFFFFFFFFFFFFFFFFFFFFFFFFFFF92
:10D36000FFFFFFFFFFFFFFFFFFFFFFFFFFFFFFFFCD
:10D37000FFFFFFFFFFFF49002492FFFFFFFFFFFFBA
:10D38000FFFFFFFFFFFFFFFFFFFFFFFFFFFF920019
:10D390000049FFFFFFFFFFFFFFFFFFFFFFFFFFFF52
:10D3A000FFFFFFFFFFFFFFFFFFFFFFFFFFFFFFFF8D
:10D3B000FFFFFFFFFFFF49002492FFFFFFFFFFFF7A
:10D3C000FFFFFFFFFFFFFFFFFFFFFFFFFFFF9200D9
:10D3D0000049FFFFFFFFFFFFFFFFFFFFFFFFFFFF12
:10D3E000FFFFFFFFFFFFFFFFFFFFFFFFFFFFFFFF4D
:10D3F000FFFFFFFFFFFF49002492FFFFFFFFFFFF3A
:10D40000FFFFFFFFFFFFFFFFFFFFFFFFFFFF920098
:10D410000049FFFFFFFFFFFFFFFFFFFFFFFFFFFFD1
:10D42000FFFFFFFFFFFFFFFFFFFFFFFFFFFFFFFF0C
:10D43000FFFFFFFFFFFF49002492FFFFFFFFFFFFF9
:10D44000FFFFFFFFFFFFFFFFFFFFFFFFFFFF920058
:10D450000049FFFFFFFFFFFFFFFFFFFFFFFFFFFF91
:10D46000FFFFFFFFFFFFFFFFFFFFFFFFFFFFFFFFCC
:10D47000FFFFFFFFFFFF49002492FFFFFFFFFFFFB9
:10D48000FFFFFFFFFFFFFFFFFFFFFFFFFFFF920018
:10D490000049FFFFFFFFFFFFFFFFFFFFFFFFFFFF51
:10D4A000FFFFFFFFFFFFFFFFFFFFFFFFFFFFFFFF8C
:10D4B000FFFFFFFFFFFF49002492FFFFFFFFFFFF79
:10D4C000FFFFFFFFFFFFFFFFFFFFFFFFFFFF9200D8
:10D4D0000049FFFFFFFFFFFFFFFFFFFFFFFFFFFF11
:10D4E000FFFFFFFFFFFFFFFFFFFFFFFFFFFFFFFF4C
:10D4F000FFFFFFFFFF92240024B6FFFFFFFFFFFFA7
:10D50000FFFFFFFFFFFFFFFFFFFFFFFFFFFF922473
:10D510000024B6FFFFFFFFFFFFFFFFFFFFFFFFFF3E
:10D52000FFFFFFFFFFFFFFFFFFFFFFFFFFFFFFFF0B
:10D53000FFFFFFFFB624002492DBFFFFFFFFFFFF8A
:10D54000FFFFFFFFFFFFFFFFFFFFFFFFFFFFDB927C
:10D55000240049DBFFFFFFFFFFFFFFFFFFFFFFFF8F
:10D56000FFFFFFFFFFFFFFFFFFFFFFFFFFFFFFFFCB
:10D57000FFFFFFDB49002492FFFFFFFFFFFFFFFFDC
:10D58000FFFFFFFFFFFFFFFFFFFFFFFFFFFFFFFFAB
:10D5900092240049DBFFFFFFFFFFFFFFFFFFFFFFBC
:10D5A000FFFFFFFFFFFFFFFFFFFFFFFFFFFFFFFF8B
:10D5B000FFFFB66D00006DFFFFFFFFFFFFFFFFFFE6
:10D5C000FFFFFFFFFFFFFFFFFFFFFFFFFFFFFFFF6B
:10D5D000FF6D00246DDBFFFFFFFFFFFFFFFFFFFF7D
:10D5E000FFFFFFFFFFFFFFFFFFFFFFFFFFFFFFFF4B
:10D5F000FFB624240049DBFFFFFFFFFFFFFFFFFF13
:10D60000FFFFFFFFFFFFFFFFFFFFFFFFFFFFFFFF2A
:10D61000FFDB49002449DBFFFFFFFFFFFFFFFFFFA8
:10D62000FFFFFFFFFFFFFFFFFFFFFFFFFFFFFFFF0A
:10D63000DB49000024DBFFFFFFFFFFFFFFFFFFFFD1
:10D64000FFFFFFFFFFFFFFFFFFFFFFFFFFFFFFFFEA
:10D65000FFFFB624000049DBFFFFFFFFFFFFFFFFD6
:10D66000FFFFFFFFFFFFFFFFFFFFFFFFFFFFFFFFCA
:10D670006D000024B6FFFFFFFFFFFFFFFFFFFFFF6E
:10D68000FFFFFFFFFFFFFFFFFFFFFFFFFFFFFFFFAA
:10D69000FFFFFF922400006DFFFFFFFFFFFFFFFF72
:10D6A000FFFFFFFFFFFFFFFFFFFFFFFFFFFFFF6D1C
:10D6B00024002492FFFFFFFFFFFFFFFFFFFFFFFF9C
:10D6C000FFFFFFFFFFFFFFFFFFFFFFFFFFFFFFFF6A
:10D6D000FFFFFFFF9224002492FFFFFFFFFFFFFFE9
:10D6E000FFFFFFFFFFFFFFFFFFFFFFFFFFFFB6246E
:10D6F0000049B6FFFFFFFFFFFFFFFFFFFFFFFFFF38
:10D70000FFFFFFFFFFFFFFFFFFFFFFFFFFFFFFFF29
:10D71000FFFFFFFFFFB6240024B6FFFFFFFFFFFF60
:10D72000FFFFFFFFFFFFFFFFFFFFFFFFFFB624002C
:10D7300024B6FFFFFFFFFFFFFFFFFFFFFFFFFFFF1D
:10D74000FFFFFFFFFFFFFFFFFFFFFFFFFFFFFFFFE9
:10D75000FFFFFFFFFFFFB6240024DBFFFFFFFFFFFB
:10D76000FFFFFFFFFFFFFFFFFFFFFFFF92490024C6
:10D7700092FFFFFFFFFFFFFFFFFFFFFFFFFFFFFF26
:10D78000FFFFFFFFFFFFFFFFFFFFFFFFFFFFFFFFA9
:10D79000FFFFFFFFFFFFFF92240049B6FFFFFFFFDF
:10D7A000FFFFFFFFFFFFFFFFFFFFFF922400006D61
:10D7B000FFFFFFFFFFFFFFFFFFFFFFFFFFFFFFFF79
:10D7C000FFFFFFFFFFFFFFFFFFFFFFFFFFFFFFFF69
:10D7D000FFFFFFFFFFFFFFFF6D002424B6FFFFFFE9
:10D7E000FFFFFFFFFFFFFFFFFFFFB624000049FF21
:10D7F000FFFFFFFFFFFFFFFFFFFFFFFFFFFFFFFF39
:10D80000FFFFFFFFFFFFFFFFFFFFFFFFFFFFFFFF28
:10D81000FFFFFFFFFFFFFFFFDB49000024DBFFFFEF
:10D82000FFFFFFFFFFFFFFFFFFDB24000024DBFF04
:10D83000FFFFFFFFFFFFFFFFFFFFFFFFFFFFFFFFF8
:10D84000FFFFFFFFFFFFFFFFFFFFFFFFFFFFFFFFE8
:10D85000FFFFFFFFFFFFFFFFFFDB24000049FFFF8B
:10D86000FFFFFFFFFFFFFFFFFF49000049B6FFFF7B
:10D87000FFFFFFFFFFFFFFFFFFFFFFFFFFFFFFFFB8
:10D88000FFFFFFFFFFFFFFFFFFFFFFFFFFFFFFFFA8
:10D89000FFFFFFFFFFFFFFFFFFFFB64900006DFF27
:10D8A000FFFFFFFFFFFFFFFF6D240049FFFFFFFFAA
:10D8B000FFFFFFFFFFFFFFFFFFFFFFFFFFFFFFFF78
:10D8C000FFFFFFFFFFFFFFFFFFFFFFFFFFFFFFFF68
:10D8D000FFFFFFFFFFFFFFFFFFFFFFFF4900249255
:10D8E000FFFFFFFFFFFFFF92240024DBFFFFFFFF8E
:10D8F000FFFFFFFFFFFFFFFFFFFFFFFFFFFFFFFF38
:10D90000FFFFFFFFFFFFFFFFFFFFFFFFFFFFFFFF27
:10D91000FFFFFFFFFFFFFFFFFFFFFFFFDB240024F0
:10D92000B6FFFFFFFFFF49240024B6FFFFFFFFFF04
:10D93000FFFFFFFFFFFFFFFFFFFFFFFFFFFFFFFFF7
:10D94000FFFFFFFFFFFFFFFFFFFFFFFFFFFFFFFFE7
:10D95000FFFFFFFFFFFFFFFFFFFFFFFFFFB62400FA
:10D96000246DFFFFFF6D000024B6FFFFFFFFFFFFE8
:10D97000FFFFFFFFFFFFFFFFFFFFFFFFFFFFFFFFB7
:10D98000FFFFFFFFFFFFFFFFFFFFFFFFFFFFFFFFA7
:10D99000FFFFFFFFFFFFFFFFFFFFFFFFFFFF9224DF
:10D9A00000006DFF9224000024496D6D6D6D6D6D5A
:10D9B0006D6D6D6D6D6D6D6D6D6D6D6D6D6D6D6D97
:10D9C0006D6D6D6D6D6D6D6D6D6D6D6D6D6D6D6D87
:10D9D0006D6D6D6D6D6D6D6D6D6D6D6D6D6D4924E4
:10D9E000000024B624000000000000000000000039
:10D9F0000000000000000000000000000000000027
:10DA00000000000000000000000000000000000016
:10DA10000000000000000000000000000000000006
:10DA2000000000496D2424242424242424242424B4
:10DA300024242424242424242424242424242424A6
:10DA40002424242424242424242424242424242496
:10DA50002424242424242424242424242424242486
:10DA600024242492FFFFFFFFFFFFFFFFFFFFFFFFC4
:10DA7000FFFFFFFFFFFFFFFFFFFFFFFFFFFFFFFFB6
:10DA8000FFFFFFFFFFFFFFFFFFFFFFFFFFFFFFFFA6
:10DA9000FFFFFFFFFFFFFFFFFFFFFFFFFFFFFFFF96
:10DAA000FFFFFFFFFFFFFFFFFFFFFFFFFFFFFFFF86
:10DAB000FFFFFFFFFFFFFFFFFFFFFFFFFFFFFFFF76
:10DAC000FFFFFFFFFFFFFFFFFFFFFFFFFFFFFFFF66
:10DAD000FFFFFFFFFFFFFFFFFFFFFFFFFFFFFFFF56
:10DAE000FFFFFFFFFFFFFFFFFFFFFFFFFFFFFFFF46
:10DAF000FFFFFFFFFFFFFFFFFFFFFFFFFFFFFFFF36
:10DB0000FFFFFFFFFFFFFFFFFFFFFFFFFFFFFFFF25
:10DB1000FFFFFFFFFFFFFFFFFFFFFFFFFFFFFFFF15
:10DB2000FFFFFFFFFFFFFFFFFFFFFFFFFFFFFFFF05
:10DB3000FFFFFFFFFFFFFFFFFFFFFFFFFFFFFFFFF5
:10DB4000FFFFFFFFFFFFFFFFFFFFFFFFFFFFFFFFE5
:10DB5000FFFFFFFFFFFFFFFFFFFFFFFFFFFFFFFFD5
:10DB6000FFFFFFFFFFFFFFFFFFFFFFFFFFFFFFFFC5
:10DB7000FFFFFFFFFFFFFFFFFFFFFFFFFFFFFFFFB5
:10DB8000FFFFFFFFFFFFFFFFFFFFFFFFFFFFFFFFA5
:10DB9000FFFFFFFFFFFFFFFFFFFFFFFFFFFFFFFF95
:10DBA000FFFFFFFFFFFFFFFFFFFFFFFFFFFFFFFF85
:10DBB000FFFFFFFFFFFFFFFFFFFFFFFFFFFFFFFF75
:10DBC000FFFFFFFFFFFFFFFFFFFFFFFFFFFFFFFF65
:10DBD000FFFFFFFFFFFFFFFFFFFFFFFFFFFFFFFF55
:10DBE000FFFFFFFFFFFFFFFFFFFFFFFFFFFFFFFF45
:10DBF000FFFFFFFFFFFFFFFFFFFFDBFFFFFFFFFF59
:10DC0000FFFFFFFFFFFFFFFFFFFFFFFFFFFFFFFF24
:10DC1000FFFFFFFFFFFFFFFFFFFFFFFFFFFFFFFF14
:10DC2000FFFFFFFFFFFFFFFFFFFFFFFFFFFFFFFF04
:10DC3000FFFFFFFFFFFFFFFFFFB64949B6FFFFFFF2
:10DC4000FFFFFFFFFFFFFFFFFFFFFFB64949DBFFBD
:10DC5000FFFFFFFFFFFFFFFFFFFFFFFFFFFFFFFFD4
:10DC6000FFFFFFFFFFFFFFFFFFFFFFFFFFFFFFFFC4
:10DC7000FFFFFFFFFFFFFFFFFFB6240049DBDBFFD5
:10DC8000FFFFFFFFFFFFFFFFFFDBB6490024B6FFEA
:10DC9000FFFFFFFFFFFFFFFFFFFFFFFFFFFFFFFF94
:10DCA000FFFFFFFFFFFFFFFFFFFFFFFFFFFFFFFF84
:10DCB000FFFFFFFFFFFFFFFFFFFF6D2400496DFF28
:10DCC000FFFFFFFFFFFFFFFFDB6D4900246DFFFF3C
:10DCD000FFFFFFFFFFFFFFFFFFFFFFFFFFFFFFFF54
:10DCE000FFFFFFFFFFFFFFFFFFFFFFFFFFFFFFFF44
:10DCF000FFFFFFFFFFFFFFFFFFFFFF6D2400246D0D
:10DD0000FFFFFFFFFFFFFFDB6D2400246DFFFFFF20
:10DD1000FFFFFFFFFFFFFFFFFFFFFFFFFFFFFFFF13
:10DD2000FFFFFFFFFFFFFFFFFFFFFFFFFFFFFFFF03
:10DD3000FFFFFFFFFFFFFFFFFFFFFFDB6D2400245E
:10DD40006DFFFFFFFFFFDB6D2400246DFFFFFFFF72
:10DD5000FFFFFFFFFFFFFFFFFFFFFFFFFFFFFFFFD3
:10DD6000FFFFFFFFFFFFFFFFFFFFFFFFFFFFFFFFC3
:10DD7000FFFFFFFFFFFFFFFFFFFFFFFFDB6D49001E
:10DD8000246DFFFFFFDB6D2400496DFFFFFFFFFFE8
:10DD9000FFFFFFFFFFFFFFFFFFFFFFFFFFFFFFFF93
:10DDA000FFFFFFFFFFFFFFFFFFFFFFFFFFFFFFFF83
:10DDB000FFFFFFFFFFFFFFFFFFFFFFFFFFDBB64996
:10DDC00000246DDBDB6D240049DBFFFFFFFFFFFF5D
:10DDD000FFFFFFFFFFFFFFFFFFFFFFFFFFFFFFFF53
:10DDE000FFFFFFFFFFFFFFFFFFFFFFFFFFFFFFFF43
:10DDF000FFFFFFFFFFFFFFFFFFFFFFFFFFFFFFB67C
:10DE00004900244949240049DBFFFFFFFFFFFFFFD2
:10DE1000FFFFFFFFFFFFFFFFFFFFFFFFFFFFFFFF12
:10DE2000FFFFFFFFFFFFFFFFFFFFFFFFFFFFFFFF02
:10DE3000FFFFFFFFFFFFFFFFFFFFFFFFFFFFFFFFF2
:10DE4000B6490000000049DBFFFFFFFFFFFFFFFFB7
:10DE5000FFFFFFFFFFFFFFFFFFFFFFFFFFFFFFFFD2
:10DE6000FFFFFFFFFFFFFFFFFFFFFFFFFFFFFFFFC2
:10DE7000FFFFFFFFFFFFFFFFFFFFFFFFFFFFFFFFB2
:10DE8000FF6D0000000092FFFFFFFFFFFFFFFFFF9D
:10DE9000FFFFFFFFFFFFFFFFFFFFFFFFFFFFFFFF92
:10DEA000FFFFFFFFFFFFFFFFFFFFFFFFFFFFFFFF82
:10DEB000FFFFFFFFFFFFFFFFFFFFFFFFFFFFFFFF72
:10DEC00092240000000024B6FFFFFFFFFFFFFFFFCA
:10DED000FFFFFFFFFFFFFFFFFFFFFFFFFFFFFFFF52
:10DEE000FFFFFFFFFFFFFFFFFFFFFFFFFFFFFFFF42
:10DEF000FFFFFFFFFFFFFFFFFFFFFFFFFFFFFF929F
:10DF00002400246D6D240024B6FFFFFFFFFFFFFFF8
:10DF1000FFFFFFFFFFFFFFFFFFFFFFFFFFFFFFFF11
:10DF2000FFFFFFFFFFFFFFFFFFFFFFFFFFFFFFFF01
:10DF3000FFFFFFFFFFFFFFFFFFFFFFFFFFDB92245D
:10DF4000002492FFFF92240024B6DBFFFFFFFFFFB7
:10DF5000FFFFFFFFFFFFFFFFFFFFFFFFFFFFFFFFD1
:10DF6000FFFFFFFFFFFFFFFFFFFFFFFFFFFFFFFFC1
:10DF7000FFFFFFFFFFFFFFFFFFFFFFFFDB49240065
:10DF80002492FFFFFFFF9224002449DBFFFFFFFFE5
:10DF9000FFFFFFFFFFFFFFFFFFFFFFFFFFFFFFFF91
:10DFA000FFFFFFFFFFFFFFFFFFFFFFFFFFFFFFFF81
:10DFB000FFFFFFFFFFFFFFFFFFFFFFDB4900002424
:10DFC00092FFFFFFFFFFFF9224000049DBFFFFFFEE
:10DFD000FFFFFFFFFFFFFFFFFFFFFFFFFFFFFFFF51
:10DFE000FFFFFFFFFFFFFFFFFFFFFFFFFFFFFFFF41
:10DFF000FFFFFFFFFFFFFFFFFFFFDB49002424922D
:10E00000FFFFFFFFFFFFFFFF9224000049DBFFFF40
:10E01000FFFFFFFFFFFFFFFFFFFFFFFFFFFFFFFF10
:10E02000FFFFFFFFFFFFFFFFFFFFFFFFFFFFFFFF00
:10E03000FFFFFFFFFFFFFFFFFFDB4900006D92FFC7
:10E04000FFFFFFFFFFFFFFFFFF9249000049DBFFDB
:10E05000FFFFFFFFFFFFFFFFFFFFFFFFFFFFFFFFD0
:10E06000FFFFFFFFFFFFFFFFFFFFFFFFFFFFFFFFC0
:10E07000FFFFFFFFFFFFFFFFFF9200006DFFFFFFAD
:10E08000FFFFFFFFFFFFFFFFFFFFDB490024B6FF9D
:10E09000FFFFFFFFFFFFFFFFFFFFFFFFFFFFFFFF90
:10E0A000FFFFFFFFFFFFFFFFFFFFFFFFFFFFFFFF80
:10E0B000FFFFFFFFFFFFFFFFFFDB6D6DFFFFFFFFB8
:10E0C000FFFFFFFFFFFFFFFFFFFFFFDB6D6DDBFFCC
:10E0D000FFFFFFFFFFFFFFFFFFFFFFFFFFFFFFFF50
:10E0E000FFFFFFFFFFFFFFFFFFFFFFFFFFFFFFFF40
:10E0F000FFFFFFFFFFFFFFFFFFFFFFFFFFFFFFFF30
:10E10000FFFFFF4949FFFFFFFFFFFFFFFFFFFFFF8B
:10E11000FFFFFFFFFFFFFFFFFFFFFFFFFFFFFFFF0F
:10E12000FFFFFFFFFFFFFFFFFFFFFFFFFFFFFFFFFF
:10E13000FFFFFFFFFFFFFFFFFFFFFFFFFFFFFFFFEF
:10E14000FFFFDB0000DBFFFFFFFFFFFFFFFFFFFF25
:10E15000FFFFFFFFFFFFFFFFFFFFFFFFFFFFFFFFCF
:10E16000FFFFFFFFFFFFFFFFFFFFFFFFFFFFFFFFBF
:10E17000FFFFFFFFFFFFFFFFFFFFFFFFFFFFFFFFAF
:10E18000FFFFDB0000DBFFFFFFFFFFFFFFFFFFFFE5
:10E19000FFFFFFFFFFFFFFFFFFFFFFFFFFFFFFFF8F
:10E1A000FFFFFFFFFFFFFFFFFFFFFFFFFFFFFFFF7F
:10E1B000FFFFFFFFFFFFFFFFFFFFFFFFFFFFFFFF6F
:10E1C000FFFFDB0000DBFFFFFFFFFFFFFFFFFFFFA5
:10E1D000FFFFFFFFFFFFFFFFFFFFFFFFFFFFFFFF4F
:10E1E000FFFFFFFFFFFFFFFFFFFFFFFFFFFFFFFF3F
:10E1F000FFFFFFFFFFFFFFFFFFFFFFFFFFFFFFFF2F
:10E20000FFFFDB0000DBFFFFFFFFFFFFFFFFFFFF64
:10E21000FFFFFFFFFFFFFFFFFFFFFFFFFFFFFFFF0E
:10E22000FFFFFFFFFFFFFFFFFFFFFFFFFFFFFFFFFE
:10E23000FFFFFFFFFFFFFFFFFFFFFFFFFFFFFFFFEE
:10E24000FFFFDB0000DBFFFFFFFFFFFFFFFFFFFF24
:10E25000FFFFFFFFFFFFFFFFFFFFFFFFFFFFFFFFCE
:10E26000FFFFFFFFFFFFFFFFFFFFFFFFFFFFFFFFBE
:10E27000FFFFFFFFFFFFFFFFFFFFFFFFFFFFFFFFAE
:10E28000FFFFDB0000DBFFFFFFFFFFFFFFFFFFFFE4
:10E29000FFFFFFFFFFFFFFFFFFFFFFFFFFFFFFFF8E
:10E2A000FFFFFFFFFFFFFFFFFFFFFFFFFFFFFFFF7E
:10E2B000FFFFFFFFFFFFFFFFFFFFFFFFFFFFFFFF6E
:10E2C000FFFFDB0000DBFFFFFFFFFFFFFFFFFFFFA4
:10E2D000FFFFFFFFFFFFFFFFFFFFFFFFFFFFFFFF4E
:10E2E000FFFFFFFFFFFFFFFFFFFFFFFFFFFFFFFF3E
:10E2F000FFFFFFFFFFFFFFFFFFFFFFFFFFFFFFFF2E
:10E30000FFFFDB0000DBFFFFFFFFFFFFFFFFFFFF63
:10E31000FFFFFFFFFFFFFFFFFFFFFFFFFFFFFFFF0D
:10E32000FFFFFFFFFFFFFFFFFFFFFFFFFFFFFFFFFD
:10E33000FFFFFFFFFFFFFFFFFFFFFFFFFFFFFFFFED
:10E34000FFFFDB0000DBFFFFFFFFFFFFFFFFFFFF23
:10E35000FFFFFFFFFFFFFFFFFFFFFFFFFFFFFFFFCD
:10E36000FFFFFFFFFFFFFFFFFFFFFFFFFFFFFFFFBD
:10E37000FFFFFFFFFFFFFFFFFFFFFFFFFFFFFFFFAD
:10E38000FFFFDB0000DBFFFFFFFFFFFFFFFFFFFFE3
:10E39000FFFFFFFFFFFFFFFFFFFFFFFFFFFFFFFF8D
:10E3A000FFFFFFFFFFFFFFFFFFFFFFFFFFFFFFFF7D
:10E3B000FFFFFFFFFFFFFFFFFFFFFFFFFFFFFFFF6D
:10E3C000FFFFDB0000DBFFFFFFFFFFFFFFFFFFFFA3
:10E3D000FFFFFFFFFFFFFFFFFFFFFFFFFFFFFFFF4D
:10E3E000FFFFFFFFFFFFFFFFFFFFFFFFFFFFFFFF3D
:10E3F000FFFFFFFFFFFFFFFFFFFFFFFFFFFFFFFF2D
:10E40000FFFFDB0000DBFFFFFFFFFFFFFFFFFFFF62
:10E41000FFFFFFFFFFFFFFFFFFFFFFFFFFFFFFFF0C
:10E42000FFFFFFFFFFFFFFFFFFFFFFFFFFFFFFFFFC
:10E43000FFFFFFFFFFFFFFFFFFFFFFFFFFFFFFFFEC
:10E44000FFFFDB0000DBFFFFFFFFFFFFFFFFFFFF22
:10E45000FFFFFFFFFFFFFFFFFFFFFFFFFFFFFFFFCC
:10E46000FFFFFFFFFFFFFFFFFFFFFFFFFFFFFFFFBC
:10E47000FFFFFFFFFFFFFFFFFFFFFFFFFFFFFFFFAC
:10E48000FFFFDB0000DBFFFFFFFFFFFFFFFFFFFFE2
:10E49000FFFFFFFFFFFFFFFFFFFFFFFFFFFFFFFF8C
:10E4A000FFFFFFFFFFFFFFFFFFFFFFFFFFFFFFFF7C
:10E4B000FFFFFFFFFFFFFFFFFFFFFFFFFFFFFFFF6C
:10E4C000FFFFDB0000DBFFFFFFFFFFFFFFFFFFFFA2
:10E4D000FFFFFFFFFFFFFFFFFFFFFFFFFFFFFFFF4C
:10E4E000FFFFFFFFFFFFFFFFFFFFFFFFFFFFFFFF3C
:10E4F000FFFFFFFFFFFFFFFFFFFFFFFFFFFFFFFF2C
:10E50000FFFFDB0000DBFFFFFFFFFFFFFFFFFFFF61
:10E51000FFFFFFFFFFFFFFFFFFFFFFFFFFFFFFFF0B
:10E52000FFFFFFFFFFFFFFFFFFFFFFFFFFFFFFFFFB
:10E53000FFFFFFFFFFFFFFFFFFFFFFFFFFFFFFFFEB
:10E54000FFFFDB0000DBFFFFFFFFFFFFFFFFFFFF21
:10E55000FFFFFFFFFFFFFFFFFFFFFFFFFFFFFFFFCB
:10E56000FFFFFFFFFFFFFFFFFFFFFFFFFFFFFFFFBB
:10E57000FFFFFFFFFFFFFFFFFFFFFFFFFFFFFFFFAB
:10E58000FFFFDB0000DBFFFFFFFFFFFFFFFFFFFFE1
:10E59000FFFFFFFFFFFFFFFFFFFFFFFFFFFFFFFF8B
:10E5A000FFFFFFFFFFFFFFFFFFFFFFFFFFFFFFFF7B
:10E5B000FFFFFFFFFFFFFFFFFFFFFFFFFFFFFFFF6B
:10E5C000FFFFDB0000DBFFFFFFFFFFFFFFFFFFFFA1
:10E5D000FFFFFFFFFFFFFFFFFFFFFFFFFFFFFFFF4B
:10E5E000FFFFFFFFFFFFFFFFFFFFFFFFFFFFFFFF3B
:10E5F000FFFFFFFFFFFFFFFFFFFFFFFFFFFFFFFF2B
:10E60000FFFFDB0000DBFFFFFFFFFFFFFFFFFFFF60
:10E61000FFFFFFFFFFFFFFFFFFFFFFFFFFFFFFFF0A
:10E62000FFFFFFFFFFB6494949494949494949495F
:10E630004949494949494949496DDBFFFFFFFFFF06
:10E64000FFFFDB0000DBFFFFFFFFFFFFFFDB6D498C
:10E65000494949494949494949494949494949492A
:10E660004949B6FF920000000000000000000000D1
:10E67000000000000000000000006DFFFFFFFFFF32
:10E68000FFFFDB0000DBFFFFFFFFFFFFFF6D000070
:10E69000000000000000000000000000000000007A
:10E6A00000000092240000000000000000000000B4
:10E6B00000000000000000000024B6FFFFFFFFFF85
:10E6C000FFFFDB0000DBFFFFFFFFFFFFFFB62400C3
:10E6D000000000000000000000000000000000003A
:10E6E00000000024000049FFFFFFFFFFFFFFFFFFC6
:10E6F000FFFFFFFFFFFFFFFFFFFFFFFFFFFFFFFF2A
:10E70000FFFFDB0000DBFFFFFFFFFFFFFFFFFFFF5F
:10E71000FFFFFFFFFFFFFFFFFFFFFFFFFFFFFFFF09
:10E72000FF490000000049FFFFFFFFFFFFFFFFFF61
:10E73000FFFFFFFFFFFFFFFFFFFFFFFFFFFFFFFFE9
:10E74000FFFFDB0000DBFFFFFFFFFFFFFFFFFFFF1F
:10E75000FFFFFFFFFFFFFFFFFFFFFFFFFFFFFFFFC9
:10E76000FF490000000049FFFFFFFFFFFFFFFFFF21
:10E77000FFFFFFFFFFFFFFFFFFFFFFFFFFFFFFFFA9
:10E78000FFFFDB0000DBFFFFFFFFFFFFFFFFFFFFDF
:10E79000FFFFFFFFFFFFFFFFFFFFFFFFFFFFFFFF89
:10E7A000FF490000000049FFFFFFFFFFFFFFFFFFE1
:10E7B000FFFFFFFFFFFFFFFFFFFFFFFFFFFFFFFF69
:10E7C000FFFFDB0000DBFFFFFFFFFFFFFFFFFFFF9F
:10E7D000FFFFFFFFFFFFFFFFFFFFFFFFFFFFFFFF49
:10E7E000FF490000000049FFFFFFFFFFFFFFFFFFA1
:10E7F000FFFFFFFFFFFFFFFFFFFFFFFFFFFFFFFF29
:10E80000FFFFDB0000DBFFFFFFFFFFFFFFFFFFFF5E
:10E81000FFFFFFFFFFFFFFFFFFFFFFFFFFFFFFFF08
:10E82000FF490000000049FFFFFFFFFFFFFFFFFF60
:10E83000FFFFFFFFFFFFFFFFFFFFFFFFFFFFFFFFE8
:10E84000FFFFDB0000DBFFFFFFFFFFFFFFFFFFFF1E
:10E85000FFFFFFFFFFFFFFFFFFFFFFFFFFFFFFFFC8
:10E86000FF490000000049FFFFFFFFFFFFFFFFFF20
:10E87000FFFFFFFFFFFFFFFFFFFFFFFFFFFFFFFFA8
:10E88000FFFFDB0000DBFFFFFFFFFFFFFFFFFFFFDE
:10E89000FFFFFFFFFFFFFFFFFFFFFFFFFFFFFFFF88
:10E8A000FF490000000049FFFFFFFFFFFFFFFFFFE0
:10E8B000FFFFFFFFFFFFFFFFFFFFFFFFFFFFFFFF68
:10E8C000FFFFDB0000DBFFFFFFFFFFFFFFFFFFFF9E
:10E8D000FFFFFFFFFFFFFFFFFFFFFFFFFFFFFFFF48
:10E8E000FF490000000049FFFFFFFFFFFFFFFFFFA0
:10E8F000FFFFFFFFFFFFFF4949DBFFFFFFFFFFFFB8
:10E90000FFFFDB0000DBFFFFFFFFFFFFFFFFDB4937
:10E9100049FFFFFFFFFFFFFFFFFFFFFFFFFFFFFFBD
:10E92000FF490000000049FFFFFFFFFFFFFFFFFF5F
:10E93000FFFFFFFFFFFFDB240049FFFFFFFFFFFF9B
:10E94000FFFFDB0000DBFFFFFFFFFFFFFFFF4900D2
:10E9500024DBFFFFFFFFFFFFFFFFFFFFFFFFFFFFC6
:10E96000FF490000000049FFFFFFFFFFFFFFFFFF1F
:10E97000FFFFFFFFFFFFFF49000049FFFFFFFFFF11
:10E98000FFFFDB0000DBFFFFFFFFFFFFFF49000091
:10E9900049FFFFFFFFFFFFFFFFFFFFFFFFFFFFFF3D
:10E9A000FF490000000049FFFFFFFFFFFFFFFFFFDF
:10E9B000FFFFFFFFFFFFFFFF49000049FFFFFFFFD1
:10E9C000FFFFDB0000DBFFFFFFFFFFFF4900004907
:10E9D000FFFFFFFFFFFFFFFFFFFFFFFFFFFFFFFF47
:10E9E000FF490000000049FFFFFFFFFFFFFFFFFF9F
:10E9F000FFFFFFFFFFFFFFFFFF4900006DFFFFFF6D
:10EA0000FFFFDB0000DBFFFFFFFFFF6D000049FFA2
:10EA1000FFFFFFFFFFFFFFFFFFFFFFFFFFFFFFFF06
:10EA2000FF490000000049FFFFFFFFFFFFFFFFFF5E
:10EA3000FFFFFFFFFFFFFFFFFFDB24002492FFFF2C
:10EA4000FFFFDB0000DBFFFFFFFF92240024DBFF62
:10EA5000FFFFFFFFFFFFFFFFFFFFFFFFFFFFFFFFC6
:10EA6000FF490000000049FFFFFFFFFFFFFFFFFF1E
:10EA7000FFFFFFFFFFFFFFFFFFFFDB24000092FF10
:10EA8000FFFFDB0000DBFFFFFF92000024DBFFFF46
:10EA9000FFFFFFFFFFFFFFFFFFFFFFFFFFFFFFFF86
:10EAA000FF490000000049FFFFFFFFFFFFFFFFFFDE
:10EAB000FFFFFFFFFFFFFFFFFFFFFFB6240024B6AD
:10EAC000FFFFDB0000DBFFFFB6240024B6FFFFFFE3
:10EAD000FFFFFFFFFFFFFFFFFFFFFFFFFFFFFFFF46
:10EAE000FF490000000049FFFFFFFFFFFFFFFFFF9E
:10EAF000FFFFFFFFFFFFFFFFFFFFFFFFB624002424
:10EB0000B6FFDB0000DBFFB6240024B6FFFFFFFFEB
:10EB1000FFFFFFFFFFFFFFFFFFFFFFFFFFFFFFFF05
:10EB2000FF490000000049FFFFFFFFFFFFFFFFFF5D
:10EB3000FFFFFFFFFFFFFFFFFFFFFFFFFF92000050
:10EB400024DBDB0000DBDB24000092FFFFFFFFFF84
:10EB5000FFFFFFFFFFFFFFFFFFFFFFFFFFFFFFFFC5
:10EB6000FF490000000049FFFFFFFFFFFFFFFFFF1D
:10EB7000FFFFFFFFFFFFFFFFFFFFFFFFFFFF9224ED
:10EB80000024B60000B624002492FFFFFFFFFFFF21
:10EB9000FFFFFFFFFFFFFFFFFFFFFFFFFFFFFFFF85
:10EBA000FF490000000049FFFFFFFFFFFFFFFFFFDD
:10EBB000FFFFFFFFFFFFFFFFFFFFFFFFFFFFFF6DF7
:10EBC00000002400002400006DFFFFFFFFFFFFFF97
:10EBD000FFFFFFFFFFFFFFFFFFFFFFFFFFFFFFFF45
:10EBE000FF490000000049FFFFFFFFFFFFFFFFFF9D
:10EBF000FFFFFFFFFFFFFFFFFFFFFFFFFFFFFFFF25
:10EC00004900000000000049FFFFFFFFFFFFFFFF7A
:10EC1000FFFFFFFFFFFFFFFFFFFFFFFFFFFFFFFF04
:10EC2000FF490000000049FFFFFFFFFFFFFFFFFF5C
:10EC3000FFFFFFFFFFFFFFFFFFFFFFFFFFFFFFFFE4
:10EC4000FF490000000049FFFFFFFFFFFFFFFFFF3C
:10EC5000FFFFFFFFFFFFFFFFFFFFFFFFFFFFFFFFC4
:10EC6000FF490000000049FFFFFFFFFFFFFFFFFF1C
:10EC7000FFFFFFFFFFFFFFFFFFFFFFFFFFFFFFFFA4
:10EC8000FFFF49000049FFFFFFFFFFFFFFFFFFFFFE
:10EC9000FFFFFFFFFFFFFFFFFFFFFFFFFFFFFFFF84
:10ECA000FF490000000049FFFFFFFFFFFFFFFFFFDC
:10ECB000FFFFFFFFFFFFFFFFFFFFFFFFFFFFFFFF64
:10ECC000FFFFDB4949DBFFFFFFFFFFFFFFFFFFFF08
:10ECD000FFFFFFFFFFFFFFFFFFFFFFFFFFFFFFFF44
:10ECE000FF490000000049FFFFFFFFFFFFFFFFFF9C
:10ECF000FFFFFFFFFFFFFFFFFFFFFFFFFFFFFFFF24
:10ED0000FFFFFFFFFFFFFFFFFFFFFFFFFFFFFFFF13
:10ED1000FFFFFFFFFFFFFFFFFFFFFFFFFFFFFFFF03
:10ED2000FF490000000049FFFFFFFFFFFFFFFFFF5B
:10ED3000FFFFFFFFFFFFFFFFFFFFFFFFFFFFFFFFE3
:10ED4000FFFFFFFFFFFFFFFFFFFFFFFFFFFFFFFFD3
:10ED5000FFFFFFFFFFFFFFFFFFFFFFFFFFFFFFFFC3
:10ED6000FF490000000049FFFFFFFFFFFFFFFFFF1B
:10ED7000FFFFFFFFFFFFFFFFFFFFFFFFFFFFFFFFA3
:10ED8000FFFFFFFFFFFFFFFFFFFFFFFFFFFFFFFF93
:10ED9000FFFFFFFFFFFFFFFFFFFFFFFFFFFFFFFF83
:10EDA000FF490000000049FFFFFFFFFFFFFFFFFFDB
:10EDB000FFFFFFFFFFFFFFFFFFFFFFFFFFFFFFFF63
:10EDC000FFFFFFFFFFFFFFFFFFFFFFFFFFFFFFFF53
:10EDD000FFFFFFFFFFFFFFFFFFFFFFFFFFFFFFFF43
:10EDE000FF490000000049FFFFFFFFFFFFFFFFFF9B
:10EDF000FFFFFFFFFFFFFFFFFFFFFFFFFFFFFFFF23
:10EE0000FFFFFFFFFFFFFFFFFFFFFFFFFFFFFFFF12
:10EE1000FFFFFFFFFFFFFFFFFFFFFFFFFFFFFFFF02
:10EE2000FF490000000049FFFFFFFFFFFFFFFFFF5A
:10EE3000FFFFFFFFFFFFFFFFFFFFFFFFFFFFFFFFE2
:10EE4000FFFFFFFFFFFFFFFFFFFFFFFFFFFFFFFFD2
:10EE5000FFFFFFFFFFFFFFFFFFFFFFFFFFFFFFFFC2
:10EE6000FF490000000049FFFFFFFFFFFFFFFFFF1A
:10EE7000FFFFFFFFFFFFFFFFFFFFFFFFFFFFFFFFA2
:10EE8000FFFFFFFFFFFFFFFFFFFFFFFFFFFFFFFF92
:10EE9000FFFFFFFFFFFFFFFFFFFFFFFFFFFFFFFF82
:10EEA000FF490000000049FFFFFFFFFFFFFFFFFFDA
:10EEB000FFFFFFFFFFFFFFFFFFFFFFFFFFFFFFFF62
:10EEC000FFFFFFFFFFFFFFFFFFFFFFFFFFFFFFFF52
:10EED000FFFFFFFFFFFFFFFFFFFFFFFFFFFFFFFF42
:10EEE000FF490000000049FFFFFFFFFFFFFFFFFF9A
:10EEF000FFFFFFFFFFFFFFFFFFFFFFFFFFFFFFFF22
:10EF0000FFFFFFFFFFFFFFFFFFFFFFFFFFFFFFFF11
:10EF1000FFFFFFFFFFFFFFFFFFFFFFFFFFFFFFFF01
:10EF2000FF490000000049FFFFFFFFFFFFFFFFFF59
:10EF3000FFFFFFFFFFFFFFFFFFFFFFFFFFFFFFFFE1
:10EF4000FFFFFFFFFFFFFFFFFFFFFFFFFFFFFFFFD1
:10EF5000FFFFFFFFFFFFFFFFFFFFFFFFFFFFFFFFC1
:10EF6000FF490000000049FFFFFFFFFFFFFFFFFF19
:10EF7000FFFFFFFFFFFFFFFFFFFFFFFFFFFFFFFFA1
:10EF8000FFFFFFFFFFFFFFFFFFFFFFFFFFFFFFFF91
:10EF9000FFFFFFFFFFFFFFFFFFFFFFFFFFFFFFFF81
:10EFA000FF490000000049FFFFFFFFFFFFFFFFFFD9
:10EFB000FFFFFFFFFFFFFFFFFFFFFFFFFFFFFFFF61
:10EFC000FFFFFFFFFFFFFFFFFFFFFFFFFFFFFFFF51
:10EFD000FFFFFFFFFFFFFFFFFFFFFFFFFFFFFFFF41
:10EFE000FF490000000049FFFFFFFFFFFFFFFFFF99
:10EFF000FFFFFFFFFFFFFFFFFFFFFFFFFFFFFFFF21
:10F00000FFFFFFFFFFFFFFFFFFFFFFFFFFFFFFFF10
:10F01000FFFFFFFFFFFFFFFFFFFFFFFFFFFFFFFF00
:10F02000FF490000240024494949494949494949BF
:10F030004949494949494949494949494949494940
:10F040004949494949494949494949494949494930
:10F050004949494949494949494949494949494920
:10F06000492400246D0000000000000000000000A2
:10F070000000000000000000000000000000000090
:10F080000000000000000000000000000000000080
:10F090000000000000000000000000000000000070
:10F0A0000000006DFF6D2400000000000000000063
:10F0B0000000000000000000000000000000000050
:10F0C0000000000000000000000000000000000040
:10F0D0000000000000000000000000000000000030
:10F0E00000246DFFFFFFFFFFFFFFFFFFFFFFFFFF9C
:10F0F000FFFFFFFFFFFFFFFFFFFFFFFFFFFFFFFF20
:10F10000FFFFDB4949DBFFFFFFFFFFFFFFFFFFFFC3
:10F11000FFFFFFFFFFFFFFFFFFFFFFFFFFFFFFFFFF
:10F12000FFFFFFFFFFFFFFFFFFFFFFFFFFFFFFFFEF
:10F13000FFFFFFFFFFFFFFFFFFFFFFFFFFFFFFFFDF
:10F14000FFFF49000049FFFFFFFFFFFFFFFFFFFF39
:10F15000FFFFFFFFFFFFFFFFFFFFFFFFFFFFFFFFBF
:10F16000FFFFFFFFFFFFFFFFFFFFFFFFFFFFFFFFAF
:10F17000FFFFFFFFFFFFFFFFFFFFFFFFFFFFFFFF9F
:10F18000FF490000000049FFFFFFFFFFFFFFFFFFF7
:10F19000FFFFFFFFFFFFFFFFFFFFFFFFFFFFFFFF7F
:10F1A000FFFFFFFFFFFFFFFFFFFFFFFFFFFFFFFF6F
:10F1B000FFFFFFFFFFFFFFFFFFFFFFFFFFFFFFFF5F
:10F1C0004900000000000049FFFFFFFFFFFFFFFFB5
:10F1D000FFFFFFFFFFFFFFFFFFFFFFFFFFFFFFFF3F
:10F1E000FFFFFFFFFFFFFFFFFFFFFFFFFFFFFFFF2F
:10F1F000FFFFFFFFFFFFFFFFFFFFFFFFFFFFFF6DB1
:10F2000000002400002400006DFFFFFFFFFFFFFF50
:10F21000FFFFFFFFFFFFFFFFFFFFFFFFFFFFFFFFFE
:10F22000FFFFFFFFFFFFFFFFFFFFFFFFFFFFFFFFEE
:10F23000FFFFFFFFFFFFFFFFFFFFFFFFFFFF922426
:10F240000024B60000B624002492FFFFFFFFFFFF5A
:10F25000FFFFFFFFFFFFFFFFFFFFFFFFFFFFFFFFBE
:10F26000FFFFFFFFFFFFFFFFFFFFFFFFFFFFFFFFAE
:10F27000FFFFFFFFFFFFFFFFFFFFFFFFFF92000009
:10F2800024DBDB0000DBDB24000092FFFFFFFFFF3D
:10F29000FFFFFFFFFFFFFFFFFFFFFFFFFFFFFFFF7E
:10F2A000FFFFFFFFFFFFFFFFFFFFFFFFFFFFFFFF6E
:10F2B000FFFFFFFFFFFFFFFFFFFFFFFFB62400245C
:10F2C000B6FFDB0000DBFFB6240024B6FFFFFFFF24
:10F2D000FFFFFFFFFFFFFFFFFFFFFFFFFFFFFFFF3E
:10F2E000FFFFFFFFFFFFFFFFFFFFFFFFFFFFFFFF2E
:10F2F000FFFFFFFFFFFFFFFFFFFFFFB6240024B665
:10F30000FFFFDB0000DBFFFFB6240024B6FFFFFF9A
:10F31000FFFFFFFFFFFFFFFFFFFFFFFFFFFFFFFFFD
:10F32000FFFFFFFFFFFFFFFFFFFFFFFFFFFFFFFFED
:10F33000FFFFFFFFFFFFFFFFFFFFDB24000092FF47
:10F34000FFFFDB0000DBFFFFFF92000024DBFFFF7D
:10F35000FFFFFFFFFFFFFFFFFFFFFFFFFFFFFFFFBD
:10F36000FFFFFFFFFFFFFFFFFFFFFFFFFFFFFFFFAD
:10F37000FFFFFFFFFFFFFFFFFFDB24002492FFFFE3
:10F38000FFFFDB0000DBFFFFFFFF92240024DBFF19
:10F39000FFFFFFFFFFFFFFFFFFFFFFFFFFFFFFFF7D
:10F3A000FFFFFFFFFFFFFFFFFFFFFFFFFFFFFFFF6D
:10F3B000FFFFFFFFFFFFFFFFFF4900006DFFFFFFA3
:10F3C000FFFFDB0000DBFFFFFFFFFF6D000049FFD9
:10F3D000FFFFFFFFFFFFFFFFFFFFFFFFFFFFFFFF3D
:10F3E000FFFFFFFFFFFFFFFFFFFFFFFFFFFFFFFF2D
:10F3F000FFFFFFFFFFFFFFFF49000049FFFFFFFF87
:10F40000FFFFDB0000DBFFFFFFFFFFFF49000049BC
:10F41000FFFFFFFFFFFFFFFFFFFFFFFFFFFFFFFFFC
:10F42000FFFFFFFFFFFFFFFFFFFFFFFFFFFFFFFFEC
:10F43000FFFFFFFFFFFFFF49000049FFFFFFFFFF46
:10F44000FFFFDB0000DBFFFFFFFFFFFFFF490000C6
:10F4500049FFFFFFFFFFFFFFFFFFFFFFFFFFFFFF72
:10F46000FFFFFFFFFFFFFFFFFFFFFFFFFFFFFFFFAC
:10F47000FFFFFFFFFFFFDB240049FFFFFFFFFFFF50
:10F48000FFFFDB0000DBFFFFFFFFFFFFFFFF490087
:10F4900024DBFFFFFFFFFFFFFFFFFFFFFFFFFFFF7B
:10F4A000FFFFFFFFFFFFFFFFFFFFFFFFFFFFFFFF6C
:10F4B000FFFFFFFFFFFFFF4949DBFFFFFFFFFFFFEC
:10F4C000FFFFDB0000DBFFFFFFFFFFFFFFFFDB496C
:10F4D00049FFFFFFFFFFFFFFFFFFFFFFFFFFFFFFF2
:10F4E000FFFFFFFFFFFFFFFFFFFFFFFFFFFFFFFF2C
:10F4F000FFFFFFFFFFFFFFFFFFFFFFFFFFFFFFFF1C
:10F50000FFFFDB0000DBFFFFFFFFFFFFFFFFFFFF51
:10F51000FFFFFFFFFFFFFFFFFFFFFFFFFFFFFFFFFB
:10F52000FFFFFFFFFFFFFFFFFFFFFFFFFFFFFFFFEB
:10F53000FFFFFFFFFFFFFFFFFFFFFFFFFFFFFFFFDB
:10F54000FFFFDB0000DBFFFFFFFFFFFFFFFFFFFF11
:10F55000FFFFFFFFFFFFFFFFFFFFFFFFFFFFFFFFBB
:10F56000FFFFFFFFFFFFFFFFFFFFFFFFFFFFFFFFAB
:10F57000FFFFFFFFFFFFFFFFFFFFFFFFFFFFFFFF9B
:10F58000FFFFDB0000DBFFFFFFFFFFFFFFFFFFFFD1
:10F59000FFFFFFFFFFFFFFFFFFFFFFFFFFFFFFFF7B
:10F5A000FFFFFFFFFFFFFFFFFFFFFFFFFFFFFFFF6B
:10F5B000FFFFFFFFFFFFFFFFFFFFFFFFFFFFFFFF5B
:10F5C000FFFFDB0000DBFFFFFFFFFFFFFFFFFFFF91
:10F5D000FFFFFFFFFFFFFFFFFFFFFFFFFFFFFFFF3B
:10F5E000FFFFFFFFFFFFFFFFFFFFFFFFFFFFFFFF2B
:10F5F000FFFFFFFFFFFFFFFFFFFFFFFFFFFFFFFF1B
:10F60000FFFFDB0000DBFFFFFFFFFFFFFFFFFFFF50
:10F61000FFFFFFFFFFFFFFFFFFFFFFFFFFFFFFFFFA
:10F62000FFFFFFFFFFB6494949494949494949494F
:10F630004949494949494949496DDBFFFFFFFFFFF6
:10F64000FFFFDB0000DBFFFFFFFFFFFFFFDB6D497C
:10F65000494949494949494949494949494949491A
:10F660004949B6FF920000000000000000000000C1
:10F67000000000000000000000006DFFFFFFFFFF22
:10F68000FFFFDB0000DBFFFFFFFFFFFFFF6D000060
:10F69000000000000000000000000000000000006A
:10F6A00000000092240000000000000000000000A4
:10F6B00000000000000000000024B6FFFFFFFFFF75
:10F6C000FFFFDB0000DBFFFFFFFFFFFFFFB62400B3
:10F6D000000000000000000000000000000000002A
:10F6E00000000024000049FFFFFFFFFFFFFFFFFFB6
:10F6F000FFFFFFFFFFFFFFFFFFFFFFFFFFFFFFFF1A
:10F70000FFFFDB0000DBFFFFFFFFFFFFFFFFFFFF4F
:10F71000FFFFFFFFFFFFFFFFFFFFFFFFFFFFFFFFF9
:10F72000FF490000000049FFFFFFFFFFFFFFFFFF51
:10F73000FFFFFFFFFFFFFFFFFFFFFFFFFFFFFFFFD9
:10F74000FFFFDB0000DBFFFFFFFFFFFFFFFFFFFF0F
:10F75000FFFFFFFFFFFFFFFFFFFFFFFFFFFFFFFFB9
:10F76000FF490000000049FFFFFFFFFFFFFFFFFF11
:10F77000FFFFFFFFFFFFFFFFFFFFFFFFFFFFFFFF99
:10F78000FFFFDB0000DBFFFFFFFFFFFFFFFFFFFFCF
:10F79000FFFFFFFFFFFFFFFFFFFFFFFFFFFFFFFF79
:10F7A000FF490000000049FFFFFFFFFFFFFFFFFFD1
:10F7B000FFFFFFFFFFFFFFFFFFFFFFFFFFFFFFFF59
:10F7C000FFFFDB0000DBFFFFFFFFFFFFFFFFFFFF8F
:10F7D000FFFFFFFFFFFFFFFFFFFFFFFFFFFFFFFF39
:10F7E000FF490000000049FFFFFFFFFFFFFFFFFF91
:10F7F000FFFFFFFFFFFFFFFFFFFFFFFFFFFFFFFF19
:10F80000FFFFDB0000DBFFFFFFFFFFFFFFFFFFFF4E
:10F81000FFFFFFFFFFFFFFFFFFFFFFFFFFFFFFFFF8
:10F82000FF490000000049FFFFFFFFFFFFFFFFFF50
:10F83000FFFFFFFFFFFFFFFFFFFFFFFFFFFFFFFFD8
:10F84000FFFFDB0000DBFFFFFFFFFFFFFFFFFFFF0E
:10F85000FFFFFFFFFFFFFFFFFFFFFFFFFFFFFFFFB8
:10F86000FF490000000049FFFFFFFFFFFFFFFFFF10
:10F87000FFFFFFFFFFFFFFFFFFFFFFFFFFFFFFFF98
:10F88000FFFFDB0000DBFFFFFFFFFFFFFFFFFFFFCE
:10F89000FFFFFFFFFFFFFFFFFFFFFFFFFFFFFFFF78
:10F8A000FF490000000049FFFFFFFFFFFFFFFFFFD0
:10F8B000FFFFFFFFFFFFFFFFFFFFFFFFFFFFFFFF58
:10F8C000FFFFDB0000DBFFFFFFFFFFFFFFFFFFFF8E
:10F8D000FFFFFFFFFFFFFFFFFFFFFFFFFFFFFFFF38
:10F8E000FF490000000049FFFFFFFFFFFFFFFFFF90
:10F8F000FFFFFFFFFFFFFFFFFFFFFFFFFFFFFFFF18
:10F90000FFFFDB0000DBFFFFFFFFFFFFFFFFFFFF4D
:10F91000FFFFFFFFFFFFFFFFFFFFFFFFFFFFFFFFF7
:10F92000FF490000000049FFFFFFFFFFFFFFFFFF4F
:10F93000FFFFFFFFFFFFFFFFFFFFFFFFFFFFFFFFD7
:10F94000FFFFDB0000DBFFFFFFFFFFFFFFFFFFFF0D
:10F95000FFFFFFFFFFFFFFFFFFFFFFFFFFFFFFFFB7
:10F96000FF490000000049FFFFFFFFFFFFFFFFFF0F
:10F97000FFFFFFFFFFFFFFFFFFFFFFFFFFFFFFFF97
:10F98000FFFFDB0000DBFFFFFFFFFFFFFFFFFFFFCD
:10F99000FFFFFFFFFFFFFFFFFFFFFFFFFFFFFFFF77
:10F9A000FF490000000049FFFFFFFFFFFFFFFFFFCF
:10F9B000FFFFFFFFFFFFFFFFFFFFFFFFFFFFFFFF57
:10F9C000FFFFDB0000DBFFFFFFFFFFFFFFFFFFFF8D
:10F9D000FFFFFFFFFFFFFFFFFFFFFFFFFFFFFFFF37
:10F9E000FF490000000049FFFFFFFFFFFFFFFFFF8F
:10F9F000FFFFFFFFFFFFFFFFFFFFFFFFFFFFFFFF17
:10FA0000FFFFDB0000DBFFFFFFFFFFFFFFFFFFFF4C
:10FA1000FFFFFFFFFFFFFFFFFFFFFFFFFFFFFFFFF6
:10FA2000FF490000000049FFFFFFFFFFFFFFFFFF4E
:10FA3000FFFFFFFFFFFFFFFFFFFFFFFFFFFFFFFFD6
:10FA4000FFFFDB0000DBFFFFFFFFFFFFFFFFFFFF0C
:10FA5000FFFFFFFFFFFFFFFFFFFFFFFFFFFFFFFFB6
:10FA6000FF490000000049FFFFFFFFFFFFFFFFFF0E
:10FA7000FFFFFFFFFFFFFFFFFFFFFFFFFFFFFFFF96
:10FA8000FFFFDB0000DBFFFFFFFFFFFFFFFFFFFFCC
:10FA9000FFFFFFFFFFFFFFFFFFFFFFFFFFFFFFFF76
:10FAA000FF490000000049FFFFFFFFFFFFFFFFFFCE
:10FAB000FFFFFFFFFFFFFFFFFFFFFFFFFFFFFFFF56
:10FAC000FFFFDB0000DBFFFFFFFFFFFFFFFFFFFF8C
:10FAD000FFFFFFFFFFFFFFFFFFFFFFFFFFFFFFFF36
:10FAE000FF490000000049FFFFFFFFFFFFFFFFFF8E
:10FAF000FFFFFFFFFFFFFFFFFFFFFFFFFFFFFFFF16
:10FB0000FFFFDB0000DBFFFFFFFFFFFFFFFFFFFF4B
:10FB1000FFFFFFFFFFFFFFFFFFFFFFFFFFFFFFFFF5
:10FB2000FF490000000049FFFFFFFFFFFFFFFFFF4D
:10FB3000FFFFFFFFFFFFFFFFFFFFFFFFFFFFFFFFD5
:10FB4000FFFFDB0000DBFFFFFFFFFFFFFFFFFFFF0B
:10FB5000FFFFFFFFFFFFFFFFFFFFFFFFFFFFFFFFB5
:10FB6000FF490000000049FFFFFFFFFFFFFFFFFF0D
:10FB7000FFFFFFFFFFFFFFFFFFFFFFFFFFFFFFFF95
:10FB8000FFFFDB0000DBFFFFFFFFFFFFFFFFFFFFCB
:10FB9000FFFFFFFFFFFFFFFFFFFFFFFFFFFFFFFF75
:10FBA000FF490000000049FFFFFFFFFFFFFFFFFFCD
:10FBB000FFFFFFFFFFFFFFFFFFFFFFFFFFFFFFFF55
:10FBC000FFFFDB0000DBFFFFFFFFFFFFFFFFFFFF8B
:10FBD000FFFFFFFFFFFFFFFFFFFFFFFFFFFFFFFF35
:10FBE000FF490000000049FFFFFFFFFFFFFFFFFF8D
:10FBF000FFFFFFFFFFFFFFFFFFFFFFFFFFFFFFFF15
:10FC0000FFFFDB0000DBFFFFFFFFFFFFFFFFFFFF4A
:10FC1000FFFFFFFFFFFFFFFFFFFFFFFFFFFFFFFFF4
:10FC2000FF490000000049FFFFFFFFFFFFFFFFFF4C
:10FC3000FFFFFFFFFFFFFFFFFFFFFFFFFFFFFFFFD4
:10FC4000FFFFDB0000DBFFFFFFFFFFFFFFFFFFFF0A
:10FC5000FFFFFFFFFFFFFFFFFFFFFFFFFFFFFFFFB4
:10FC6000FF490000000049FFFFFFFFFFFFFFFFFF0C
:10FC7000FFFFFFFFFFFFFFFFFFFFFFFFFFFFFFFF94
:10FC8000FFFFDB0000DBFFFFFFFFFFFFFFFFFFFFCA
:10FC9000FFFFFFFFFFFFFFFFFFFFFFFFFFFFFFFF74
:10FCA000FF490000000049FFFFFFFFFFFFFFFFFFCC
:10FCB000FFFFFFFFFFFFFFFFFFFFFFFFFFFFFFFF54
:10FCC000FFFFFF4949FFFFFFFFFFFFFFFFFFFFFFB0
:10FCD000FFFFFFFFFFFFFFFFFFFFFFFFFFFFFFFF34
:10FCE000FF490000000049FFFFFFFFFFFFFFFFFF8C
:10FCF000FFFFFFFFFFFFFFFFFFFFFFFFFFFFFFFF14
:10FD0000FFFFFFFFFFFFFFFFFFFFFFFFFFFFFFFF03
:10FD1000FFFFFFFFFFFFFFFFFFFFFFFFFFFFFFFFF3
:10FD2000FF490000000049FFFFFFFFFFFFFFFFFF4B
:10FD3000FFFFFFFFFFFFFFFFFFFFFFFFFFFFFFFFD3
:10FD4000FFFFFFFFFFFFFFFFFFFFFFFFFFFFFFFFC3
:10FD5000FFFFFFFFFFFFFFFFFFFFFFFFFFFFFFFFB3
:10FD6000FF490000000049FFFFFFFFFFFFFFFFFF0B
:10FD7000FFFFFFFFFFFFFFFFFFFFFFFFFFFFFFFF93
:10FD8000FFFFFFFFFFFFFFFFFFFFFFFFFFFFFFFF83
:10FD9000FFFFFFFFFFFFFFFFFFFFFFFFFFFFFFFF73
:10FDA000FF490000000049FFFFFFFFFFFFFFFFFFCB
:10FDB000FFFFFFFFFFFFFFFFFFFFFFFFFFFFFFFF53
:10FDC000FFFFFFFFFFFFFFFFFFFFFFFFFFFFFFFF43
:10FDD000FFFFFFFFFFFFFFFFFFFFFFFFFFFFFFFF33
:10FDE000FF490000000049FFFFFFFFFFFFFFFFFF8B
:10FDF000FFFFFFFFFFFFFFFFFFFFFFFFFFFFFFFF13
:10FE0000FFFFFFFFFFFFFFFFFFFFFFFFFFFFFFFF02
:10FE1000FFFFFFFFFFFFFFFFFFFFFFFFFFFFFFFFF2
:10FE2000FF490000000049FFFFFFFFFFFFFFFFFF4A
:10FE3000FFFFFFFFFFFFFFFFFFFFFFFFFFFFFFFFD2
:10FE4000FFFFFFFFFFFFFFFFFFFFFFFFFFFFFFFFC2
:10FE5000FFFFFFFFFFFFFFFFFFFFFFFFFFFFFFFFB2
:10FE6000FF490000000049FFFFFFFFFFFFFFFFFF0A
:10FE7000FFFFFFFFFFFFFFFFFFFFFFFFFFFFFFFF92
:10FE8000FFFFFFFFFFFFFFFFFFFFFFFFFFFFFFFF82
:10FE9000FFFFFFFFFFFFFFFFFFFFFFFFFFFFFFFF72
:10FEA000FF490000000049FFFFFFFFFFFFFFFFFFCA
:10FEB000FFFFFFFFFFFFFFFFFFFFFFFFFFFFFFFF52
:10FEC000FFFFFFFFFFFFFFFFFFFFFFFFFFFFFFFF42
:10FED000FFFFFFFFFFFFFFFFFFFFFFFFFFFFFFFF32
:10FEE000FF490000000049FFFFFFFFFFFFFFFFFF8A
:10FEF000FFFFFFFFFFFFFFFFFFFFFFFFFFFFFFFF12
:10FF0000FFFFFFFFFFFFFFFFFFFFFFFFFFFFFFFF01
:10FF1000FFFFFFFFFFFFFFFFFFFFFFFFFFFFFFFFF1
:10FF2000FF490000000049FFFFFFFFFFFFFFFFFF49
:10FF3000FFFFFFFFFFFFFFFFFFFFFFFFFFFFFFFFD1
:10FF4000FFFFFFFFFFFFFFFFFFFFFFFFFFFFFFFFC1
:10FF5000FFFFFFFFFFFFFFFFFFFFFFFFFFFFFFFFB1
:10FF6000FF490000000049FFFFFFFFFFFFFFFFFF09
:10FF7000FFFFFFFFFFFFFFFFFFFFFFFFFFFFFFFF91
:10FF8000FFFFFFFFFFFFFFFFFFFFFFFFFFFFFFFF81
:10FF9000FFFFFFFFFFFFFFFFFFFFFFFFFFFFFFFF71
:10FFA000FF490000000049FFFFFFFFFFFFFFFFFFC9
:10FFB000FFFFFFFFFFFFFFFFFFFFFFFFFFFFFFFF51
:10FFC000FFFFFFFFFFFFFFFFFFFFFFFFFFFFFFFF41
:10FFD000FFFFFFFFFFFFFFFFFFFFFFFFFFFFFFFF31
:10FFE000FF490000000049FFFFFFFFFFFFFFFFFF89
:10FFF000FFFFFFFFFFFFFFFFFFFFFFFFFFFFFFFF11
:020000040803EF
:10000000FFFFFFFFFFFFFFFFFFFFFFFFFFFFFFFF00
:10001000FFFFFFFFFFFFFFFFFFFFFFFFFFFFFFFFF0
:10002000FF490000240024494949494949494949AF
:100030004949494949494949494949494949494930
:100040004949494949494949494949494949494920
:100050004949494949494949494949494949494910
:10006000492400246D000000000000000000000092
:100070000000000000000000000000000000000080
:100080000000000000000000000000000000000070
:100090000000000000000000000000000000000060
:1000A0000000006DFF6D2400000000000000000053
:1000B0000000000000000000000000000000000040
:1000C0000000000000000000000000000000000030
:1000D0000000000000000000000000000000000020
:1000E00000246DFFFFFFFFFFFFFFFFFFFF6D4924AF
:1000F00024242424242424242424242424242424C0
:1001000024242424242424242424242424242424AF
:10011000242424242424242424242424242424249F
:1001200024244992FFFFFFFFFFFFFFFFDB240000B5
:1001300000000000000000000000000000000000BF
:1001400000000000000000000000000000000000AF
:10015000000000000000000000000000000000009F
:1001600000000049FFFFFFFFFFFFFFFFDB2400004F
:10017000000000000000000000000000000000007F
:10018000000000000000000000000000000000006F
:10019000000000000000000000000000000000005F
:1001A00000000049FFFFFFFFFFFFFFFFDB00000033
:1001B0006D9292929292929292922400004992921F
:1001C00092929292929292490000249292929292EA
:1001D000929292926D0000006D92929292929292FF
:1001E0006D000049FFFFFFFFFFFFFFFFDB00002462
:1001F000DBFFFFFFFFFFFFFFFFFF490000B6FFFF30
:10020000FFFFFFFFFFFFFFB6000049FFFFFFFFFFFB
:10021000FFFFFFFFFF240024DBFFFFFFFFFFFFFFC7
:10022000DB240049FFFFFFFFFFFFFFFFDB0000248F
:10023000DBFFFFFFFFFFFFFFFFFF490000B6FFFFEF
:10024000FFFFFFFFFFFFFFB6000049FFFFFFFFFFBB
:10025000FFFFFFFFFF240024DBFFFFFFFFFFFFFF87
:10026000DB240049FFFFFFFFFFFFFFFFDB0000244F
:10027000DBFFFFFFFFFFFFFFFFFF490000B6FFFFAF
:10028000FFFFFFFFFFFFFFB6000049FFFFFFFFFF7B
:10029000FFFFFFFFFF240024DBFFFFFFFFFFFFFF47
:1002A000DB240049FFFFFFFFFFFFFFFFDB0000240F
:1002B000DBFFFFFFFFFFFFFFFFFF490000B6FFFF6F
:1002C000FFFFFFFFFFFFFFB6000049FFFFFFFFFF3B
:1002D000FFFFFFFFFF240024DBFFFFFFFFFFFFFF07
:1002E000DB240049FFFFFFFFFFFFFFFFDB000024CF
:1002F000DBFFFFFFFFFFFFFFFFFF490000B6FFFF2F
:10030000FFFFFFFFFFFFFFB6000049FFFFFFFFFFFA
:10031000FFFFFFFFFF240024DBFFFFFFFFFFFFFFC6
:10032000DB240049FFFFFFFFFFFFFFFFDB0000248E
:10033000DBFFFFFFFFFFFFFFFFFF49000092FFFF12
:10034000FFFFFFFFFFFFFF92000049FFFFFFFFFFDE
:10035000FFFFFFFFDB240024B6FFFFFFFFFFFFFFCF
:10036000DB240049FFFFFFFFFFFFFFFFDB00000072
:10037000496D6D6D6D6D6D6D6D6D240000496D6D18
:100380006D6D6D6D6D6D6D490000246D6D6D6D6DE4
:100390006D6D6D6D6D000000496D6D6D6D6D6D6DF8
:1003A0006D000049FFFFFFFFFFFFFFFFDB000000C4
:1003B000000000000000000000000000000000003D
:1003C000000000000000000000000000000000002D
:1003D000000000000000000000000000000000001D
:1003E00000000049FFFFFFFFFFFFFFFFDB000000F1
:1003F00000000000000000000000000000000000FD
:1004000000000000000000000000000000000000EC
:1004100000000000000000000000000000000000DC
:1004200000000049FFFFFFFFFFFFFFFFDB000000B0
:10043000494949494949494949490000002449492C
:10044000494949494949492400000049494949491C
:10045000494949494900000024494949494949490C
:1004600049000049FFFFFFFFFFFFFFFFDB00002403
:10047000B6DBDBDBDBDBDBDBDBDB49000092DBDB82
:10048000DBDBDBDBDBDBDB92000049DBDBDBDBDB4D
:10049000DBDBDBDBB6240000B6DBDBDBDBDBDBDB63
:1004A000B6240049FFFFFFFFFFFFFFFFDB00002432
:1004B000DBFFFFFFFFFFFFFFFFFF490000B6FFFF6D
:1004C000FFFFFFFFFFFFFFB6000049FFFFFFFFFF39
:1004D000FFFFFFFFFF240024DBFFFFFFFFFFFFFF05
:1004E000DB240049FFFFFFFFFFFFFFFFDB000024CD
:1004F000DBFFFFFFFFFFFFFFFFFF490000B6FFFF2D
:10050000FFFFFFFFFFFFFFB6000049FFFFFFFFFFF8
:10051000FFFFFFFFFF240024DBFFFFFFFFFFFFFFC4
:10052000DB240049FFFFFFFFFFFFFFFFDB0000248C
:10053000DBFFFFFFFFFFFFFFFFFF490000B6FFFFEC
:10054000FFFFFFFFFFFFFFB6000049FFFFFFFFFFB8
:10055000FFFFFFFFFF240024DBFFFFFFFFFFFFFF84
:10056000DB240049FFFFFFFFFFFFFFFFDB0000244C
:10057000DBFFFFFFFFFFFFFFFFFF490000B6FFFFAC
:10058000FFFFFFFFFFFFFFB6000049FFFFFFFFFF78
:10059000FFFFFFFFFF240024DBFFFFFFFFFFFFFF44
:1005A000DB240049FFFFFFFFFFFFFFFFDB0000240C
:1005B000DBFFFFFFFFFFFFFFFFFF490000B6FFFF6C
:1005C000FFFFFFFFFFFFFFB6000049FFFFFFFFFF38
:1005D000FFFFFFFFFF240024DBFFFFFFFFFFFFFF04
:1005E000DB240049FFFFFFFFFFFFFFFFDB000024CC
:1005F000DBFFFFFFFFFFFFFFFFFF490000B6FFFF2C
:10060000FFFFFFFFFFFFFFB6000049FFFFFFFFFFF7
:10061000FFFFFFFFFF240024DBFFFFFFFFFFFFFFC3
:10062000DB240049FFFFFFFFFFFFFFFFDB0000248B
:10063000DBFFFFFFFFFFFFFFFFFF490000B6FFFFEB
:10064000FFFFFFFFFFFFFFB6000049FFFFFFFFFFB7
:10065000FFFFFFFFFF240024DBFFFFFFFFFFFFFF83
:10066000DB240049FFFFFFFFFFFFFFFFDB0000244B
:10067000DBFFFFFFFFFFFFFFFFFF490000B6FFFFAB
:10068000FFFFFFFFFFFFFFB6000049FFFFFFFFFF77
:10069000FFFFFFFFFF240024DBFFFFFFFFFFFFFF43
:1006A000DB240049FFFFFFFFFFFFFFFFDB0000240B
:1006B000DBFFFFFFFFFFFFFFFFFF490000B6FFFF6B
:1006C000FFFFFFFFFFFFFFB6000049FFFFFFFFFF37
:1006D000FFFFFFFFFF240024DBFFFFFFFFFFFFFF03
:1006E000DB240049FFFFFFFFFFFFFFFFDB000024CB
:1006F000DBFFFFFFFFFFFFFFFFFF490000B6FFFF2B
:10070000FFFFFFFFFFFFFFB6000049FFFFFFFFFFF6
:10071000FFFFFFFFFF240024DBFFFFFFFFFFFFFFC2
:10072000DB240049FFFFFFFFFFFFFFFFDB0000248A
:10073000DBFFFFFFFFFFFFFFFFFF490000B6FFFFEA
:10074000FFFFFFFFFFFFFFB6000049FFFFFFFFFFB6
:10075000FFFFFFFFFF240024DBFFFFFFFFFFFFFF82
:10076000DB240049FFFFFFFFFFFFFFFFDB0000244A
:10077000DBFFFFFFFFFFFFFFFFFF490000B6FFFFAA
:10078000FFFFFFFFFFFFFFB6000049FFFFFFFFFF76
:10079000FFFFFFFFFF240024DBFFFFFFFFFFFFFF42
:1007A000DB240049FFFFFFFFFFFFFFFFDB0000240A
:1007B000DBFFFFFFFFFFFFFFFFFF490000B6FFFF6A
:1007C000FFFFFFFFFFFFFFB6000049FFFFFFFFFF36
:1007D000FFFFFFFFFF240024DBFFFFFFFFFFFFFF02
:1007E000DB240049FFFFFFFFFFFFFFFFDB000024CA
:1007F000DBFFFFFFFFFFFFFFFFFF490000B6FFFF2A
:10080000FFFFFFFFFFFFFFB6000049FFFFFFFFFFF5
:10081000FFFFFFFFFF240024DBFFFFFFFFFFFFFFC1
:10082000DB240049FFFFFFFFFFFFFFFFDB00002489
:10083000DBFFFFFFFFFFFFFFFFFF490000B6FFFFE9
:10084000FFFFFFFFFFFFFFB6000049FFFFFFFFFFB5
:10085000FFFFFFFFFF240024DBFFFFFFFFFFFFFF81
:10086000DB240049FFFFFFFFFFFFFFFFDB00002449
:10087000DBFFFFFFFFFFFFFFFFFF490000B6FFFFA9
:10088000FFFFFFFFFFFFFFB6000049FFFFFFFFFF75
:10089000FFFFFFFFFF240024DBFFFFFFFFFFFFFF41
:1008A000DB240049FFFFFFFFFFFFFFFFDB00002409
:1008B000DBFFFFFFFFFFFFFFFFFF490000B6FFFF69
:1008C000FFFFFFFFFFFFFFB6000049FFFFFFFFFF35
:1008D000FFFFFFFFFF240024DBFFFFFFFFFFFFFF01
:1008E000DB240049FFFFFFFFFFFFFFFFDB000024C9
:1008F000DBFFFFFFFFFFFFFFFFFF490000B6FFFF29
:10090000FFFFFFFFFFFFFFB6000049FFFFFFFFFFF4
:10091000FFFFFFFFFF240024DBFFFFFFFFFFFFFFC0
:10092000DB240049FFFFFFFFFFFFFFFFDB00002488
:10093000DBFFFFFFFFFFFFFFFFFF490000B6FFFFE8
:10094000FFFFFFFFFFFFFFB6000049FFFFFFFFFFB4
:10095000FFFFFFFFFF240024DBFFFFFFFFFFFFFF80
:10096000DB240049FFFFFFFFFFFFFFFFDB00002448
:10097000DBFFFFFFFFFFFFFFFFFF490000B6FFFFA8
:10098000FFFFFFFFFFFFFFB6000049FFFFFFFFFF74
:10099000FFFFFFFFFF240024DBFFFFFFFFFFFFFF40
:1009A000DB240049FFFFFFFFFFFFFFFFDB00002408
:1009B000DBFFFFFFFFFFFFFFFFFF490000B6FFFF68
:1009C000FFFFFFFFFFFFFFB6000049FFFFFFFFFF34
:1009D000FFFFFFFFFF240024DBFFFFFFFFFFFFFF00
:1009E000DB240049FFFFFFFFFFFFFFFFDB000024C8
:1009F000DBFFFFFFFFFFFFFFFFFF490000B6FFFF28
:100A0000FFFFFFFFFFFFFFB6000049FFFFFFFFFFF3
:100A1000FFFFFFFFFF240024DBFFFFFFFFFFFFFFBF
:100A2000DB240049FFFFFFFFFFFFFFFFDB24002463
:100A3000DBFFFFFFFFFFFFFFFFFF490000B6FFFFE7
:100A4000FFFFFFFFFFFFFFB6000049FFFFFFFFFFB3
:100A5000FFFFFFFFFF240024DBFFFFFFFFFFFFFF7F
:100A6000DB240049FFFFFFFFFFFFFFFFDB492449B5
:100A7000FFFFFFFFFFFFFFFFFFFF490000B6FFFF83
:100A8000FFFFFFFFFFFFFFB6000049FFFFFFFFFF73
:100A9000FFFFFFFFFF240024DBFFFFFFFFFFFFFF3F
:100AA000DB240049FFFFFFFFFFFFDBDBB624244907
:100AB000B6DBDBFFFFFFFFFFFFFF490000B6FFFFD4
:100AC000FFFFFFFFFFFFFFB6000049FFFFFFFFFF33
:100AD000FFFFFFFFFF240024DBFFFFFFFFFFFFFFFF
:100AE000DB240049FFFFFFFFFFDB926D24000000C5
:100AF000496D92DBFFFFFFFFFFFF490000B6FFFFDC
:100B0000FFFFFFFFFFFFFFB6000049FFFFFFFFFFF2
:100B1000FFFFFFFFFF240024DBFFFFFFFFFFFFFFBE
:100B2000DB240049FFFFFFFFB66D492400000000F1
:100B30000024496DB6FFFFFFFFFF490000B6FFFF2D
:100B4000FFFFFFFFFFFFFFB6000049FFFFFFFFFFB2
:100B5000FFFFFFFFFF240024DBFFFFFFFFFFFFFF7E
:100B6000DB240049FFFFFFB6490000000000000041
:100B7000000000006DB6FFFFFFFF490000B6FFFF59
:100B8000FFFFFFFFFFFFFFB6000049FFFFFFFFFF72
:100B9000FFFFFFFFFF240024DBFFFFFFFFFFFFFF3E
:100BA000DB240049FFFFB64900002449929292924B
:100BB0006D492400246DB6FFFFFF490000B6FFFF1A
:100BC000FFFFFFFFFFFFFFB6000049FFFFFFFFFF32
:100BD000FFFFFFFFFF240024DBFFFFFFFFFFFFFFFE
:100BE000DB240049FFDB6D0000246DB6DBDBDBDBC3
:100BF000DB924924002492DBFFFF490000B6FFFF8F
:100C0000FFFFFFFFFFFFFFB6000049FFFFFFFFFFF1
:100C1000FFFFFFFFFF240024DBFFFFFFFFFFFFFFBD
:100C2000DB240049FF9224002492DBFFDB6D496D39
:100C3000DBFFDB6D240024B6FFFF490000B6FFFF99
:100C4000FFFFFFFFFFFFFFB6000049FFFFFFFFFFB1
:100C5000FFFFFFFFFF240024DBFFFFFFFFFFFFFF7D
:100C6000DB240049DB4900006DDBFFFFB624246D67
:100C7000FFFFFFB64900006DDBFF6D0000B6FFFF10
:100C8000FFFFFFFFFFFFFFB624006DFFFFFFFFFF29
:100C9000FFFFFFFFFF490024DBFFFFFFFFFFFFFF18
:100CA000FF24004992240024B6FFFFB66D000049DE
:100CB000FFFFFFFF92240049B6FF922449B6FFFFD1
:100CC000FFFFFFFFFFFFFFB6492492FFFFFFFFFF7B
:100CD000FFFFFFFFFF6D2449DBFFFFFFFFFFFFFF6B
:100CE000FF6D246D6D00006DDBFFFF9224004992C3
:100CF000FFFFFFFFB66D00246DFFDBB6B6DBFFFF25
:100D0000FFFFFFFFFFFFFFDBB692DBFFFFFFFFFFF1
:100D1000FFFFFFFFFFB6B6B6FFFFFFFFFFFFFFFFBE
:100D2000FFB6B6B6490024B6FFFFB64900006DDB3A
:100D3000FFFFFFFFDB92000049FFFFFFFFFFFFFF08
:100D4000FFFFFFFFFFFFFFFFFFFFFFFFFFFFFFFFB3
:100D5000FFFFFFFFFFFFFFFFFFFFFFFFFFFFFFFFA3
:100D6000FFFFFFFF490024DBFFDB6D24002492FF1F
:100D7000FFFFFFFFFFB6000049FFFFFFFFFFFFFF80
:100D8000FFFFFFFFFFFFFFFFFFFFFFFFFFFFFFFF73
:100D9000FFFFFFFFFFFFFFFFFFFFFFFFFFFFFFFF63
:100DA000FFFFFFFF490024DBFFDB4900002492DB4B
:100DB000FFFFFFFFFFB6000049FFFFFFFFFFFFFF40
:100DC000FFFFFFFFFFFFFFFFFFFFFFFFFFFFFFFF33
:100DD000FFFFFFFFFFFFFFFFFFFFFFFFFFFFFFFF23
:100DE000FFFFFFFF490024DBFFDB49000000246D0B
:100DF000B6DBFFFFFFB6000049FFFFFFFFFFFFFF6D
:100E0000FFFFFFFFFFFFFFFFFFFFFFFFFFFFFFFFF2
:100E1000FFFFFFFFFFFFFFFFFFFFFFFFFFFFFFFFE2
:100E2000FFFFFFFF490024DBFFFF926D2400002439
:100E30004992B6FFFFB6000049FFFFFFFFFFFFFF2B
:100E4000FFFFFFFFFFFFFFFFFFFFFFFFFFFFFFFFB2
:100E5000FFFFFFFFFFFFFFFFFFFFFFFFFFFFFFFFA2
:100E6000FFFFFFFF49002492FFFFFFDB92240000F9
:100E700000246DFFDB9200006DFFFFFFFFFFFFFF0F
:100E8000FFFFFFFFFFFFFFFFFFFFFFFFFFFFFFFF72
:100E9000FFFFFFFFFFFFFFFFFFFFFFFFFFFFFFFF62
:100EA000FFFFFFFF6D24006DDBFFFFFFDBB66D4929
:100EB00000246DFFB649002492FFFFFFFFFFFFFFF4
:100EC000FFFFFFFFFFFFFFFFFFFFFFFFFFFFFFFF32
:100ED000FFFFFFFFFFFFFFFFFFFFFFFFFFFFFFFF22
:100EE000FFFFFFFFB649002492FFFFFFFFFFDB92E9
:100EF00049496DDB92240049B6FFFFFFFFFFFFFF6A
:100F0000FFFFFFFFFFFFFFFFFFFFFFFFFFFFFFFFF1
:100F1000FFFFFFFFFFFFFFFFFFFFFFFFFFFFFFFFE1
:100F2000FFFFFFFFDB6D000049B6FFFFFFFFFFFF84
:100F3000DBDBDBB649000092DBFFFFFFFFFFFFFFBB
:100F4000FFFFFFFFFFFFFFFFFFFFFFFFFFFFFFFFB1
:100F5000FFFFFFFFFFFFFFFFFFFFFFFFFFFFFFFFA1
:100F6000FFFFFFFFFF922400246DB6DBFFFFFFFFB2
:100F7000FFDBB66D240049B6FFFFFFFFFFFFFFFF59
:100F8000FFFFFFFFFFFFFFFFFFFFFFFFFFFFFFFF71
:100F9000FFFFFFFFFFFFFFFFFFFFFFFFFFFFFFFF61
:100FA000FFFFFFFFFFDB6D0000004992DBFFFFFF4B
:100FB000DB924900002492DBFFFFFFFFFFFFFFFFF2
:100FC000FFFFFFFFFFFFFFFFFFFFFFFFFFFFFFFF31
:100FD000FFFFFFFFFFFFFFFFFFFFFFFFFFFFFFFF21
:100FE000FFFFFFFFFFFFB66D240024496D6D6D6D9F
:100FF0006D490000246DDBFFFFFFFFFFFFFFFFFFD8
:10100000FFFFFFFFFFFFFFFFFFFFFFFFFFFFFFFFF0
:10101000FFFFFFFFFFFFFFFFFFFFFFFFFFFFFFFFE0
:10102000FFFFFFFFFFFFFFB66D2400000000000080
:10103000000000246DDBFFFFFFFFFFFFFFFFFFFF4E
:10104000FFFFFFFFFFFFFFFFFFFFFFFFFFFFFFFFB0
:10105000FFFFFFFFFFFFFFFFFFFFFFFFFFFFFFFFA0
:10106000FFFFFFFFFFFFFFFFB692492400000000D3
:1010700000244992DBFFFFFFFFFFFFFFFFFFFFFFA1
:10108000FFFFFFFFFFFFFFFFFFFFFFFFFFFFFFFF70
:10109000FFFFFFFFFFFFFFFFFFFFFFFFFFFFFFFF60
:1010A000FFFFFFFFFFFFFFFFFFDBB66D494924494C
:1010B000496DB6FFFFFFFFFFFFFFFFFFFFFFFFFFD1
:1010C000FFFFFFFFFFFFFFFFFFFFFFFFFFFFFFFF30
:1010D000FFFFFFFFFFFFFFFFFFFFFFFFFFFFFFFF20
:1010E000FFFFFFFFFFFFFFFFFFFFFFFFFFB692497C
:1010F000B6FFFFFFFFFFFFFFFFFFFFFFFFB69224DA
:1011000000000000000000000000000000000000DF
:10111000000000000000000000000000002424493E
:10112000B6FFFFFFFFFFFFFFFFFFFFFFB62400003A
:1011300024B6FFFFFFFFFFFFFFFFFFFFFF6D24004F
:10114000000000000000000000000000000000009F
:10115000000000000000000000000000000000008F
:10116000246DB6FFFFFFFFFFFFFFFFB62400000066
:10117000002449FFFFFFFFFFFFFFFFFFFFDBB64932
:1011800049494949494949494949494949494949CF
:1011900049494949494949494949494949494924E4
:1011A000000024DBFFFFFFFFFFFFB624000000006C
:1011B00000000049FFFFFFFFFFFFFFFFFFFFFFFFF2
:1011C000FFFFFFFFFFFFFFFFFFFFFFFFFFFFFFFF2F
:1011D000FFFFFFFFFFFFFFFFFFFFFFFFFFFFFFDB43
:1011E00024000092FFFFFFFFFF4924002424000099
:1011F0002424000049FFFFFFFFFFFFFFFFFFFFFF69
:10120000FFFFFFFFFFFFFFFFFFFFFFFFFFFFFFFFEE
:10121000FFFFFFFFFFFFFFFFFFFFFFFFFFFFFFFFDE
:1012200092000024FFFFFFFF4900000092490000E8
:101230004992490000496DFFFFFFFFFFFFFFFFFFDD
:10124000FFFFFFFFFFFFFFFFFFFFFFFFFFFFFFFFAE
:10125000FFFFFFFFFFFFFFFFFFFFFFFFFFFFFFFF9E
:10126000DB000000FFFFDB4900002492FF49000083
:1012700049FFFF4900000092FFFFFFFFFFFFFFFF54
:10128000FFFFFFFFFFFFFFFFFFFFFFFFFFFFFFFF6E
:10129000FFFFFFFFFFFFFFFFFFFFFFFFFFFFFFFF5E
:1012A000DB000000FF6D4900004992FFFF4900008C
:1012B00049FFFFFF490000006DFFFFFFFFFFFFFF39
:1012C000FFFFFFFFFFFFFFFFFFFFFFFFFFFFFFFF2E
:1012D000FFFFFFFFFFFFFFFFFFFFFFFFFFFFFFFF1E
:1012E000DB0000009200000049FFFFFFFF49000003
:1012F00049FFFFFFFF4924000092DBFFFFFFFFFFD4
:10130000FFFFFFFFFFFFFFFFFFFFFFFFFFFFFFFFED
:10131000FFFFFFFFFFFFFFFFFFFFFFFFFFFFFFFFDD
:10132000DB00000024000049FFFFFFFFFF49000031
:1013300049FFFFFFFFFFDB2400246DFFFFFFFFFFDE
:10134000FFFFFFFFFFFFFFFFFFFFFFFFFFFFFFFFAD
:10135000FFFFFFFFFFFFFFFFFFFFFFFFFFFFFFFF9D
:10136000DB00000092496DFFFFFFFFFFFF49000017
:1013700049FFFFFFFFFFFFDB4992DBFFFFFFFFFF9E
:10138000FFFFFFFFFFFFFFFFFFFFFFFFFFFFFFFF6D
:10139000FFFFFFFFFFFFFFFFFFFFFFFFFFFFFFFF5D
:1013A000DB000000FFFFFFFFFFFFFFFFFF49000022
:1013B00049FFFFFFFFFFFFFFFFFFFFFFFFFFFFFFF3
:1013C000FFFFFFFFFFFFFFFFFFFFFFFFFFFFFFFF2D
:1013D000FFFFFFFFFFFFFFFFFFFFFFFFFFFFFFFF1D
:1013E000DB000000FFFFFFFFFFFFFFFFFF490000E2
:1013F00049FFFFFFFFFFFFFFFFFFFFFFFFFFFFFFB3
:10140000FFFFFFFFFFFFFFFFFFFFFFFFFFFFFFFFEC
:10141000FFFFFFFFFFFFFFFFFFFFFFFFFFFFFFFFDC
:10142000DB000000FFFFFFFFFFFFFFFFFF490000A1
:1014300049FFFFFFFFFFFFFFFFFFFFFFFFFFFFFF72
:10144000FFFFFFFFFFFFFFFFFFFFFFFFFFFFFFFFAC
:10145000FFFFFFFFFFFFFFFFFFFFFFFFFFFFFFFF9C
:10146000DB000000FFFFFFFFFFFFFFFFFF49000061
:1014700049FFFFFFFFFFFFFFFFFFFFFFFFFFFFFF32
:10148000FFFFFFFFFFFFFFFFFFFFFFFFFFFFFFFF6C
:10149000FFFFFFFFFFFFFFFFFFFFFFFFFFFFFFFF5C
:1014A000DB000000FFFFFFFFFFFFFFFFFF49000021
:1014B00049FFFFFFFFFFFFFFFFFFFFFFFFFFFFFFF2
:1014C000FFFFFFFFFFFFFFFFFFFFFFFFFFFFFFFF2C
:1014D000FFFFFFFFFFFFFFFFFFFFFFFFFFFFFFFF1C
:1014E000DB000000FFFFFFFFFFFFFFFFFF490000E1
:1014F00049FFFFFFFFFFFFFFFFFFFFFFFFFFFFFFB2
:10150000FFFFFFFFFFFFFFFFFFFFFFFFFFFFFFFFEB
:10151000FFFFFFFFFFFFFFFFFFFFFFFFFFFFFFFFDB
:10152000DB000000FFFFFFFFFFFFFFFFFF490000A0
:1015300049FFFFFFFFFFFFFFFFFFFFFFFFFFFFFF71
:10154000FFFFFFFFFFFFFFFFFFFFFFFFFFFFFFFFAB
:10155000FFFFFFFFFFFFFFFFFFFFFFFFFFFFFFFF9B
:10156000DB000000FFFFFFFFFFFFFFFFFF49000060
:1015700049FFFFFFFFFFFFFFFFFFFFFFFFFFFFFF31
:10158000FFFFFFFFFFFFFFFFFFFFFFFFFFFFFFFF6B
:10159000FFFFFFFFFFFFFFFFFFFFFFFFFFFFFFFF5B
:1015A000DB000000FFFFFFFFFFFFFFFFFF49000020
:1015B00049FFFFFFFFFFFFFFFFFFFFFFFFFFFFFFF1
:1015C000FFFFFFFFFFFFFFFFFFFFFFFFFFFFFFFF2B
:1015D000FFFFFFFFFFFFFFFFFFFFFFFFFFFFFFFF1B
:1015E000DB000000FFFFFFFFFFFFFFFFFF490000E0
:1015F00049FFFFFFFFFFFFFFFFFFFFFFFFFFFFFFB1
:10160000FFFFFFFFFFFFFFFFFFFFFFFFFFFFFFFFEA
:10161000FFFFFFFFFFFFFFFFFFFFFFFFFFFFFFFFDA
:10162000DB000000FFFFFFFFFFFFFFFFFF4900009F
:1016300049FFFFFFFFFFFFFFFFFFFFFFFFFFFFFF70
:10164000FFFFFFFFFFFFFFFFFFFFFFFFFFFFFFFFAA
:10165000FFFFFFFFFFFFFFFFFFFFFFFFFFFFFFFF9A
:10166000DB000000FFFFFFFFFFFFFFFFFF4900005F
:1016700049FFFFFFFFFFFFFFFFFFFFFFFFFFFFFF30
:10168000FFFFFFFFFFFFFFFFFFFFFFFFFFFFFFFF6A
:10169000FFFFFFFFFFFFFFFFFFFFFFFFFFFFFFFF5A
:1016A000DB000000FFFFFFFFFFFFFFFFFF4900001F
:1016B00049FFFFFFFFFFFFFFFFFFFFFFFFFFFFFFF0
:1016C000FFFFFFFFFFFFFFFFFFFFFFFFFFFFFFFF2A
:1016D000FFFFFFFFFFFFFFFFFFFFFFFFFFFFFFFF1A
:1016E000DB000000FFFFFFFFFFFFFFFFFF490000DF
:1016F00049FFFFFFFFFFFFFFFFFFFFFFFFFFFFFFB0
:10170000FFFFFFFFFFFFFFFFFFFFFFFFFFFFFFFFE9
:10171000FFFFFFFFFFFFFFFFFFFFFFFFFFFFFFFFD9
:10172000DB000000FFFFFFFFFFFFFFFFFF4900009E
:1017300049FFFFFFFFFFFFFFFFFFFFFFFFFFFFFF6F
:10174000FFFFFFFFFFFFFFFFFFFFFFFFFFFFFFFFA9
:10175000FFFFFFFFFFFFFFFFFFFFFFFFFFFFFFFF99
:10176000DB000000FFFFFFFFFFFFFFFFFF4900005E
:1017700049FFFFFFFFFFFFFFFFFFFFFFFFFFFFFF2F
:10178000FFFFFFFFFFFFFFFFFFFFFFFFFFFFFFFF69
:10179000FFFFFFFFFFFFFFFFFFFFFFFFFFFFFFFF59
:1017A000DB000000FFFFFFFFFFFFFFFFFF4900001E
:1017B00049FFFFFFFFFFFFFFFFFFFFFFFFFFFFFFEF
:1017C000FFFFFFFFFFFFFFFFFFFFFFFFFFFFFFFF29
:1017D000FFFFFFFFFFFFFFFFFFFFFFFFFFFFFFFF19
:1017E000DB000000FFFFFFFFFFFFFFFFFF490000DE
:1017F00049FFFFFFFFFFFFFFFFFFFFFFFFFFFFFFAF
:10180000FFFFFFFFFFFFFFFFFFFFFFFFFFFFFFFFE8
:10181000FFFFFFFFFFFFFFFFFFFFFFFFFFFFFFFFD8
:10182000DB000000FFFFFFFFFFFFFFFFFF4900009D
:1018300049FFFFFFFFFFFFFFFFFFFFFFFFFFFFFF6E
:10184000FFFFFFFFFFFFFFFFFFFFFFFFFFFFFFFFA8
:10185000FFFFFFFFFFFFFFFFFFFFFFFFFFFFFFFF98
:10186000DB000000FFFFFFFFFFFFFFFFFF4900005D
:1018700049FFFFFFFFFFFFFFFFFFFFFFFFFFFFFF2E
:10188000FFFFFFFFFFFFFFFFFFFFFFFFFFFFFFFF68
:10189000FFFFFFFFFFFFFFFFFFFFFFFFFFFFFFFF58
:1018A000DB000000FFFFFFFFFFFFFFFFFF4900001D
:1018B00049FFFFFFFFFFFFFFFFFFFFFFFFFFFFFFEE
:1018C000FFFFFFFFFFFFFFFFFFFFFFFFFFFFFFFF28
:1018D000FFFFFFFFFFFFFFFFFFFFFFFFFFFFFFFF18
:1018E000DB000000FFFFFFFFFFFFFFFFFF490000DD
:1018F00049FFFFFFFFFFFFFFFFFFFFFFFFFFFFFFAE
:10190000FFFFFFFFFFFFFFFFFFFFFFFFFFFFFFFFE7
:10191000FFFFFFFFFFFFFFFFFFFFFFFFFFFFFFFFD7
:10192000DB000000FFFFFFFFFFFFFFFFFF4900009C
:1019300049FFFFFFFFFFFFFFFFFFFFFFFFFFFFFF6D
:10194000FFFFFFFFFFFFFFFFFFFFFFFFFFFFFFFFA7
:10195000FFFFFFFFFFFFFFFFFFFFFFFFFFFFFFFF97
:10196000DB000000FFFFFFFFFFFFFFFFFF4900005C
:1019700049FFFFFFFFFFFFFFFFFFFFFFFFFFFFFF2D
:10198000FFFFFFFFFFFFFFFFFFFFFFFFFFFFFFFF67
:10199000FFFFFFFFFFFFFFFFFFFFFFFFFFFFFFFF57
:1019A000DB000000FFFFFFFFFFFFFFFFFF4900001C
:1019B00049FFFFFFFFFFFFFFFFFFFFFFFFFFFFFFED
:1019C000FFFFFFFFFFFFFFFFFFFFFFFFFFFFFFFF27
:1019D000FFFFFFFFFFFFFFFFFFFFFFFFFFFFFFFF17
:1019E000DB000000FFFFFFFFFFFFFFFFFF490000DC
:1019F00049FFFFFFFFFFFFFFFFFFFFFFFFFFFFFFAD
:101A0000FFFFFFFFFFFFFFFFFFFFFFFFFFFFFFFFE6
:101A1000FFFFFFFFFFFFFFFFFFFFFFFFFFFFFFFFD6
:101A2000DB000000FFFFFFFFFFFFFFFFFF4900009B
:101A300049FFFFFFFFFFFFFFFFFFFFFFFFFFFFFF6C
:101A4000FFFFFFFFFFFFFFFFFFFFFFFFFFFFFFFFA6
:101A5000FFFFFFFFFFFFFFFFFFFFFFFFFFFFFFFF96
:101A6000DB000000FFFFFFFFFFFFFFFFFF4900005B
:101A700049FFFFFFFFFFFFFFFFFFFFFFFFFFFFFF2C
:101A8000FFFFFFFFFFFFFFFFFFFFFFFFFFFFFFFF66
:101A9000FFFFFFFFFFFFFFFFFFFFFFFFFFFFFFFF56
:101AA000DB000000FFFFFFFFFFFFFFFFFF4900001B
:101AB00049FFFFFFFFFFFFFFFFFFFFFFFFFFFFFFEC
:101AC000FFFFFFFFFFFFFFFFFFFFFFFFFFFFFFFF26
:101AD000FFFFFFFFFFFFFFFFFFFFFFFFFFFFFFFF16
:101AE000DB000000FFFFFFFFFFFFFFFFFF490000DB
:101AF00049FFFFFFFFFFFFFFFFFFFFFFFFFFFFFFAC
:101B0000FFFFFFFFFFFFFFFFFFFFFFFFFFFFFFFFE5
:101B1000FFFFFFFFFFFFFFFFFFFFFFFFFFFFFFFFD5
:101B2000DB000000FFFFFFFFFFFFFFFFFF4900009A
:101B300049FFFFFFFFFFFFFFFFFFFFFFFFFFFFFF6B
:101B4000FFFFFFFFFFFFFFFFFFFFFFFFFFFFFFFFA5
:101B5000FFFFFFFFFFFFFFFFFFFFFFFFFFFFFFFF95
:101B6000DB000000FFFFFFFFFFFFFFFFFF4900005A
:101B700049FFFFFFFFFFFFFFFFFFFFFFFFFFFFFF2B
:101B8000FFFFFFFFFFFFFFFFFFFFFFFFFFFFFFFF65
:101B9000FFFFFFFFFFFFFFFFFFFFFFFFFFFFFFFF55
:101BA000DB000000FFFFFFFFFFFFFFFFFF4900001A
:101BB00049FFFFFFFFFFFFFFFFFFFFFFFFFFFFFFEB
:101BC000FFFFFFFFFFFFFFFFFFFFFFFFFFFFFFFF25
:101BD000FFFFFFFFFFFFFFFFFFFFFFFFFFFFFFFF15
:101BE000DB000000FFFFFFFFFFFFFFFFFF490000DA
:101BF00049FFFFFFFFFFFFFFFFFFFFFFFFFFFFFFAB
:101C0000FFFFFFFFFFFFFFFFFFFFFFFFFFFFFFFFE4
:101C1000FFFFFFFFFFFFFFFFFFFFFFFFFFFFFFFFD4
:101C2000DB000000FFFFFFFFFFFFFFFFFF49000099
:101C300049FFFFFFFFFFFFFFFFFFFFFFFFFFFFFF6A
:101C4000FFFFFFFFFFFFFFFFFFFFFFFFFFFFFFFFA4
:101C5000FFFFFFFFFFFFFFFFFFFFFFFFFFFFFFFF94
:101C6000DB000000FFFFFFFFFFFFFFFFFF49000059
:101C700049FFFFFFFFFFFFFFFFFFFFFFFFFFFFFF2A
:101C8000FFFFFFFFFFFFFFFFFFFFFFFFFFFFFFFF64
:101C9000FFFFFFFFFFFFFFFFFFFFFFFFFFFFFFFF54
:101CA000DB000000FFFFFFFFFFFFFFFFFF49000019
:101CB00049FFFFFFFFFFFFFFFFFFFFFFFFFFFFFFEA
:101CC000FFFFFFFFFFFFFFFFFFFFFFFFFFFFFFFF24
:101CD000FFFFFFFFFFFFFFFFFFFFFFFFFFFFFFFF14
:101CE000DB000000FFFFFFFFFFFFFFFFFF490000D9
:101CF00049FFFFFFFFFFFFFFFFFFFFFFFFFFFFFFAA
:101D0000FFFFFFFFFFFFFFFFFFFFFFFFFFFFFFFFE3
:101D1000FFFFFFFFFFFFFFFFFFFFFFFFFFFFFFFFD3
:101D2000DB000000FFFFFFFFFFFFFFFFFF49000098
:101D300049FFFFFFFFFFFFFFFFFFFFFFFFFFFFFF69
:101D4000FFFFFFFFFFFFFFFFFFFFFFFFFFFFFFFFA3
:101D5000FFFFFFFFFFFFFFFFFFFFFFFFFFFFFFFF93
:101D6000DB000000FFFFFFFFFFFFFFFFFF49000058
:101D700049FFFFFFFFFFFFFFFFFFFFFFFFFFFFFF29
:101D8000FFFFFFFFFFFFFFFFFFFFFFFFFFFFFFFF63
:101D9000FFFFFFFFFFFFFFFFFFFFFFFFFFFFFFFF53
:101DA000DB000000FFFFFFFFFFFFFFFFFF49000018
:101DB00049FFFFFFFFFFFFFFFFFFFFFFFFFFFFFFE9
:101DC000FFFFFFFFFFFFFFFFFFFFFFFFFFFFFFFF23
:101DD000FFFFFFFFFFFFFFFFFFFFFFFFFFFFFFFF13
:101DE000DB000000FFFFFFFFFFFFFFFFFF490000D8
:101DF00049FFFFFFFFFFFFFFFFFFFFFFFFFFFFFFA9
:101E0000FFFFFFFFFFFFFFFFFFFFFFFFFFFFFFFFE2
:101E1000FFFFFFFFFFFFFFFFFFFFFFFFFFFFFFFFD2
:101E2000DB000000FFFFFFFFFFFFFFFFFF49000097
:101E300049FFFFFFFFFFFFFFFFFFFFFFFFFFFFFF68
:101E4000FFFFFFFFFFFFFFFFFFFFFFFFFFFFFFFFA2
:101E5000FFFFFFFFFFFFFFFFFFFFFFFFFFFFFFFF92
:101E6000DB000000FFFFFFFFFFFFFFFFFF49000057
:101E700049FFFFFFFFFFFFFFFFFFFFFFFFFFFFFF28
:101E8000FFFFFFFFFFFFFFFFFFFFFFFFFFFFFFFF62
:101E9000FFFFFFFFFFFFFFFFFFFFFFFFFFFFFFFF52
:101EA000DB000000FFFFFFFFFFFFFFFFFF49000017
:101EB00049FFFFFFFFFFFFFFFFFFFFFFFFFFFFFFE8
:101EC000FFFFFFFFFFFFFFFFFFFFFFFFFFFFFFFF22
:101ED000FFFFFFFFFFFFFFFFFFFFFFFFFFFFFFFF12
:101EE000DB000000FFFFFFFFFFFFFFFFFF490000D7
:101EF00049FFFFFFFFFFFFFFFFFFFFFFFFFFFFFFA8
:101F0000FFFFFFFFFFFFFFFFFFFFFFFFFFFFFFFFE1
:101F1000FFFFFFFFFFFFFFFFFFFFFFFFFFFFFFFFD1
:101F2000DB000000FFFFFFFFFFFFFFFFFF49000096
:101F300049FFFFFFFFFFFFFFFFFFFFFFFFFFFFFF67
:101F4000FFFFFFFFFFFFFFFFFFFFFFFFFFFFFFFFA1
:101F5000FFFFFFFFFFFFFFFFFFFFFFFFFFFFFFFF91
:101F6000DB000000FFFFFFFFFFFFFFFFFF49000056
:101F700049FFFFFFFFFFFFFFFFFFFFFFFFFFFFFF27
:101F8000FFFFFFFFFFFFFFFFFFFFFFFFFFFFFFFF61
:101F9000FFFFFFFFFFFFFFFFFFFFFFFFFFFFFFFF51
:101FA000DB000000FFFFFFFFFFFFFFFFFF6D2400CE
:101FB00049FFFFFFFFFFFFFFFFFFFFFFFFFFFFFFE7
:101FC000FFFFFFFFFFFFFFFFFFFFFFFFFFFFFFFF21
:101FD000FFFFFFFFFFFFFFFFFFFFFFFFFFFFFFFF11
:101FE00092000024FFFFFFFFFFFFFFFFFFB66D0021
:101FF0002492DBFFFFFFFFFFFFFFFFFFFFFFFFFF5D
:10200000FFFFFFFFFFFFFFFFFFFFFFFFFFFFFFFFE0
:10201000FFFFFFFFFFFFFFFFFFFFFFFFFFFFFFDBF4
:102020002400006DFFFFFFFFFFFFFFFFFFFFDB242A
:1020300000242449494949494949494949494949A3
:102040004949494949494949494949494949494900
:102050004949494949494949494949494949492415
:10206000000024DBFFFFFFFFFFFFFFFFFFFFFFB6C6
:10207000240000000000000000000000000000003C
:102080000000000000000000000000000000000050
:102090000000000000000000000000000000000040
:1020A000246DB6FFFFFFFFFFFFFFFFFFFFFFFFFFF6
:1020B000DB6D49240000000000000000000000006B
:1020C0000000000000000000000000000000000010
:1020D0000000000000000000000000000000244993
:1020E000B6FFFFFF0405060708030202020200C153
:1020F000814001C0804101C0804100C1814001C0D8
:10210000804100C1814000C1814001C0804101C0C7
:10211000804100C1814000C1814001C0804100C1B7
:10212000814001C0804101C0804100C1814001C0A7
:10213000804100C1814000C1814001C0804100C197
:10214000814001C0804101C0804100C1814000C187
:10215000814001C0804101C0804100C1814001C077
:10216000804100C1814000C1814001C0804101C067
:10217000804100C1814000C1814001C0804100C157
:10218000814001C0804101C0804100C1814000C147
:10219000814001C0804101C0804100C1814001C037
:1021A000804100C1814000C1814001C0804100C127
:1021B000814001C0804101C0804100C1814001C017
:1021C000804100C1814000C1814001C0804101C007
:1021D000804100C1814000C1814001C0804100C1F7
:1021E000814001C0804101C0804100C1814000C0E8
:1021F000C101C30302C2C60607C705C5C404CC0C8F
:102200000DCD0FCFCE0E0ACACB0BC90908C8D818FE
:1022100019D91BDBDA1A1EDEDF1FDD1D1CDC14D40E
:10222000D515D71716D6D21213D311D1D010F0303E
:1022300031F133F3F23236F6F737F53534F43CFC4E
:10224000FD3DFF3F3EFEFA3A3BFB39F9F83828E8FE
:10225000E929EB2B2AEAEE2E2FEF2DEDEC2CE424CE
:1022600025E527E7E62622E2E323E12120E0A0603E
:1022700061A163A3A26266A6A767A56564A46CAC0E
:10228000AD6DAF6F6EAEAA6A6BAB69A9A86878B87E
:10229000B979BB7B7ABABE7E7FBF7DBDBC7CB4748E
:1022A00075B577B7B67672B2B373B17170B050903E
:1022B00091519353529296565797559594549C5CCE
:1022C0005D9D5F9F9E5E5A9A9B5B9959589888487E
:1022D00049894B8B8A4A4E8E8F4F8D4D4C8C44844E
:1022E0008545874746868242438341818040F76324
:1022F000131302010100000001020304060708098C
:1023000002040608020C081028230308000000201D
:10231000A0010000A001000880230308A001002004
:10232000F854000096530008011712A0230314204C
:1023300008C314A010040C63400BDBDE20FD45A194
:102340009F9919FE4BDBDE026BFFFF0AC9020A1DD3
:10235000FF010B1C1084020B1CE00740110A1C0437
:1023600040110A1DF8400A1D8040013B023C017CDF
:10237000C2EB0B480008000203040607080900002E
:0400000508000141AD
:00000001FF
