:020000040800F2
:10000000F856002059010008D5260008F51A000806
:10001000D1260008FD0400088952000800000000F5
:100020000000000000000000000000006136000831
:10003000750D0008000000003D2D0008AD3B0008D4
:1000400073010008730100087301000873010008C0
:100050007301000873010008CD0F00087301000848
:1000600073010008730100087301000873010008A0
:100070007301000873010008730100087301000890
:100080007301000873010008730100087301000880
:100090007301000873010008730100087301000870
:1000A0007301000873010008730100087301000860
:1000B00073010008E54B0008730100087301000894
:1000C0007301000873010008730100087301000840
:1000D000730100088D4E00087301000873010008C9
:1000E0007301000873010008730100087301000820
:1000F0007301000873010008730100087301000810
:1001000073010008730100087301000873010008FF
:1001100073010008730100087301000873010008EF
:1001200073010008730100087301000873010008DF
:1001300073010008730100087301000873010008CF
:10014000DFF810D000F01AF800480047F158000816
:10015000AFF30080F8560020064880470648004765
:10016000FEE7FEE7FEE7FEE7FEE7FEE7FEE7FEE767
:10017000FEE7FEE7C93B000841010008064C074DB9
:1001800006E0E06840F0010394E807009847103467
:10019000AC42F6D3FFF7D8FFA0240308C02403081D
:1001A00070B58C1810F8015B15F0070301D110F839
:1001B000013B2A1106D110F8012B03E010F8016B66
:1001C00001F8016B5B1EF9D12B0705D40023521EE9
:1001D0000DD401F8013BFAE710F8013BCB1A921C51
:1001E00003E013F8015B01F8015B521EF9D5A1424F
:1001F000D8D3002070BD000070B50E4805780E48B9
:10020000057003200C4948700020887003210A48BB
:1002100000F076F904460849CC70201208710520D8
:1002200081F83200084690F83220002004F0CAFF1E
:1002300070BD0000FA0F00200E1000202DE9F05FC5
:100240002C4807782C4890ED010AF2EE040A20EEC3
:10025000200ABCEEC00A10EE100A84B22046E11754
:1002600004EB1161C1F30728E11704EB11610912D6
:10027000A4EB012101F0FF091F4890ED000AF2EE06
:10028000040A20EE200ABCEEC00A10EE100A85B265
:100290002846E91705EB1161C1F3072AE91705EBB9
:1002A00011610912A5EB012101F0FF0B1348077042
:1002B00003201249487004208870084680F80380A3
:1002C00080F8049080F805A080F806B0072100F0BF
:1002D00017F906460949CE7130120872092081F8D3
:1002E0003200084690F83220002004F06BFFBDE891
:1002F000F09F0000FA0F0020A41100200E10002033
:1003000010B5044890F8332000F13401002004F0C7
:1003100059FF10BD0E1000202DE9F0418046B8F1C4
:10032000000F05D14FF6FF7542F2041637460DE077
:10033000B8F1010F05D142F204154FF6FF762F46B2
:1003400004E042F204152E464FF6FF774FF49B73FC
:10035000E0223C21084604F0E9FA002404E02846A3
:1003600004F06EFB601CC4B2552CF8DBE0231A4687
:1003700094213C2004F0DAFA002404E0284604F03A
:100380005FFB601CC4B2582CF8DB4FF49B73E02277
:100390009421084604F0CAFA002404E0284604F038
:1003A0004FFB601CC4B2552CF8DB4FF49B731A460C
:1003B00094213C2004F0BAFA002404E0284604F01A
:1003C0003FFB601CC4B2582CF8DBCC2375223C21C7
:1003D000084604F0ABFA002404E0304604F030FB99
:1003E000601CC4B2572CF8DB75231A4694213C20BC
:1003F00004F09CFA002404E0304604F021FB601C69
:10040000C4B2582CF8DBCC2375229421084604F0A2
:100410008DFA002404E0304604F012FB601CC4B2E4
:10042000572CF8DBCC231A4694213C2004F07EFAAA
:10043000002404E0304604F003FB601CC4B2582CD6
:10044000F8DB61230A223C21084604F06FFA0024FD
:1004500004E0384604F0F4FA601CC4B2572CF8DB10
:100460000A231A4694213C2004F060FA002404E098
:10047000384604F0E5FA601CC4B2582CF8DB61235E
:100480000A229421084604F051FA002404E0384678
:1004900004F0D6FA601CC4B2572CF8DB61231A466C
:1004A00094213C2004F042FA002404E0384604F091
:1004B000C7FA601CC4B2582CF8DBBDE8F081704765
:1004C00010B502F00DFD04F0D5FA02F049F8FFF77F
:1004D000F6FF01F063FE04F066FF03F06DF802F032
:1004E00045FE04F0CDFC04F03FFB02F0F4F800F010
:1004F00045FD01F0D5FD02F0CDF810BD00BFFEE7CF
:1005000070B502460C46FF25FF2309E012F8010BE7
:1005100080EA03010648405C80EA05030548455C23
:10052000201EA4F10106B4B2F0D143EA052070BD4B
:10053000862203088623030810B501460F4BD8789E
:100540001A7941B1431CDBB218460D4CA45CA3429E
:100550000ADB002008E0031EA0F10104E0B203D191
:10056000074B9B5C5B1ED8B2044BD8700A23034C2C
:10057000E3710123034C637010BD0000941100204F
:10058000812203088811002070B505460D480479C2
:10059000601CC0B20446052800DB002401200A4983
:1005A0000870084804710A200649C8710749085DA7
:1005B00003F0E8F80120064988700020054988709A
:1005C00070BD000094110020270100207C22030848
:1005D00088110020310100202DE9F14F86B0B1488B
:1005E0000079B14911F80090A9F10400052878D2EA
:1005F000DFE800F0035678A0C9000925AB48007871
:1006000006460290642096FBF0F0C0B28DF806001A
:10061000642096FBF0F100FB1160C0B20646039027
:100620000A2096FBF0F0C0B28DF805000A2096FB78
:10063000F0F100FB1160C0B2064604908DF8046032
:100640009848C078022802DD02209649C870954873
:10065000C078022804D102250398C830029013E024
:100660009DF8060002280FDB8E48C078012804D1CF
:1006700004250498F030029006E09DF80500042857
:1006800002DB0725F72002904FF0000B0298F728B5
:1006900001DD681EC5B28348C07801A947188FE004
:1006A000092582484478A04644460A2098FBF0F188
:1006B00000FB1140C0B28DF804000A2098FBF0F056
:1006C000C0B28DF805007748C078012802DD01200E
:1006D0007449C8704FF0000B7248C07801A94718E0
:1006E0006EE06CE0092571488478A04644460A20F3
:1006F00098FBF0F100FB1140C0B28DF804000A2015
:1007000098FBF0F0C0B28DF805006648C07801286B
:1007100002DD01206349C8706248C078012800D119
:1007200001254FF0000B5F48C07801A9471804F07D
:100730009BFE45E009255D48C47805940A20059C88
:1007400094FBF0F100FB1140C0B28DF804000A20C8
:10075000059C94FBF0F0C0B28DF805005148C078BC
:10076000012802DD01204F49C8704E48C078012899
:1007700000D101254FF0000B4A48C07801A9471865
:1007800004F072FE1CE001254848047905940079C4
:100790008DF804004348C078012802DD012041495A
:1007A000C8704048C078012800D101254FF0000BE7
:1007B0003C48C07801A9471804F056FE00E000BF8D
:1007C00000BF97F800A0069820B10AF1010000F0E0
:1007D000FF0A03E0AAF1010000F0FF0AAA4505DDC7
:1007E000069810B14FF0000A00E0AA4687F800A072
:1007F000B9F1040F13D19DF80600642110FB01F03C
:100800009DF8051001EB810100EB41009DF80410FB
:100810000844C6B2F72E00DDF72624480670B9F169
:10082000050F12D12148407800EE100AB8EE400AB8
:100830001F4880ED000A9DF804009DF8051001EBAB
:10084000810100EB410019494870B9F1060F09D147
:100850009DF804009DF8051001EB810100EB4100BB
:1008600012498870B9F1070F09D19DF804009DF86D
:10087000051001EB810100EB41000C49C870B9F192
:10088000080F03D19DF804000849087100200549AC
:1008900088700A20C87101200649487007B0BDE879
:1008A000F08F0000941100207C2203080410002027
:1008B0003C0100208811002010B52DED028BE3488B
:1008C0000068401CE1490860E1480068401CE049BC
:1008D0000860E0480088401CDE490880084600881F
:1008E00040F6B831884207DD01F0CEF8DA4880EDF5
:1008F000000A0020D7490880D848407800EE100A46
:10090000B8EE400AD448D0ED000A30EEC08A01F0BB
:10091000F3F8D3480078082871D2DFE800F0042308
:1009200071FD9BFCFBFACA480068CE49884209D891
:10093000012004F017FF002005F000F8002004F06B
:10094000EDFF0EE0002004F00DFF002004F0F6FFA4
:10095000002004F0E3FF0020BD4908600120C049E9
:1009600008706FE1002004F0FDFE002004F0E6FFB7
:10097000002004F0D3FFB648006847F230518842A7
:100980003CD3B3EE040AB4EEC08AF1EE10FA03DDF4
:100990000420B34908702EE0B1EE040AB4EEC08A18
:1009A000F1EE10FA03DB0220AD49087023E0B7EE48
:1009B000000AB4EEC08AF1EE10FA03DB0520A84964
:1009C000087018E0BFEE000AB4EEC08AF1EE10FA2B
:1009D00003DD0120A24908700DE0BAEE000AB4EE72
:1009E000C08AF1EE10FA03DB06209D49087002E090
:1009F00003209B49087000209549086022E11AE114
:100A0000012004F0AFFE002004F098FF002004F065
:100A100085FFB7EE000AB4EEC08AF1EE10FA06D2F6
:100A200001208F49087000208949086011E0B0EE6C
:100A3000000AB4EEC08AF1EE10FA0ADD84480068BC
:100A40008949884205D904208549087000208049D9
:100A50000860F7E07E4800688449884209D2002097
:100A600004F080FE002004F069FF012004F056FF2E
:100A70007CE0774800687E49884209D2002004F073
:100A800071FE012004F05AFF012004F047FF6DE0E1
:100A90006F4800687749884209D2002004F062FE5E
:100AA000012004F04BFF002004F038FF5EE06848AE
:100AB00000687149884209D2002004F053FE0020EA
:100AC00004F03CFF002004F029FF4FE0B1EE040ADF
:100AD000B4EEC08AF1EE10FA37DD684890ED010AF5
:100AE000674880ED010A5D48407800EE100AB8EED4
:100AF000400A634880ED020A604890ED010A6048B0
:100B000080ED000A90ED010AD0ED020A30EE600A95
:100B100003E033E063E02AE045E0F7EE000A20EE70
:100B2000200ADFED580A80EE201A80ED031A01201A
:100B300053490882002048828882C8820120524995
:100B400008800220464908700DE0B7EE000AB4EEB6
:100B5000C08AF1EE10FA03DD05204149087002E079
:100B600007203F4908700020394908606AE00220E8
:100B70003B49087000203649086063E0002004F01B
:100B8000F1FD002004F0DAFE002004F0C7FE30483A
:100B900000683749884205D9012031490870002092
:100BA0002B4908604EE0002004F0DCFD002004F03A
:100BB000C5FE012004F0B2FEBAEE000AB4EEC08A0F
:100BC000F1EE10FA04DC224800682A49884205D96F
:100BD00007202349087000201D49086032E01C48A6
:100BE00000682A49884209D2002004F0BBFD002099
:100BF00004F0A4FE012004F091FE1BE014480068FC
:100C00002349884209D2012004F0ACFD002004F001
:100C100095FE012004F082FE0CE0BFEE000AB4EE67
:100C2000C08AF1EE10FA02DD07200D49087000209D
:100C30000749086006E001200949087000200449BE
:100C4000086000BF00BFBDEC028B10BD6401002036
:100C500068010020700100206C010020FA0F0020C4
:100C60007C01002020BF0200804F1200C0D4010090
:100C7000C0270900A0BB0D00E0391300A41100201B
:100C8000804E00200000164472010020E093040012
:100C900000530700002019E01649095C164A125C4F
:100CA000914203DD1549095C124A11541149095C4E
:100CB000124A125C914203DA1049095C0D4A115440
:100CC0000C49095C0E4A1154411CC8B20528E3DBEB
:100CD0000849497901F00F01072905DD05494979DE
:100CE00001F0F001034A517102494979044A5171F6
:100CF00070470000FA0F0020862403088B240308A5
:100D00000410002070B5002413E04FF6FF7000EAD5
:100D100044260A49701800F0DFFA054642F22830EE
:100D2000854203DB4FF6FF70854200D103E0601C73
:100D300084B20A2CE9DB00BF304670BD00F803081E
:100D400010B509480078012803D00848C07A012866
:100D500000D110BD064890F83300062800DAF8E705
:100D600000F022F800BFF4E7270100204611002020
:100D70000E100020704700B5034603E04FF47A7070
:100D800000F005F8181EA3F10103F7D100BD07E03C
:100D9000002101E04A1C91B21529FBDB421E90B2F2
:100DA0000028F5DC7047000070B54B4804784B48CC
:100DB00090F83300801E81B248483430FFF7A0FB22
:100DC0000646464890F83300801E444934310D5C95
:100DD000424890F83300401E085C05EB002085B2C5
:100DE0003E4890F8340050BB3C4890F83500062847
:100DF00025D13A4890F83300082820D1374890F898
:100E0000370010B902F0A4F965E0344890F83700D3
:100E1000012860D13248007A02285CD00120304994
:100E200008722E4890F839002E49087001202C498C
:100E300088722D490871042002F0A4FC4BE0274879
:100E400090F83400A04246D1F4B3244890F835001D
:100E5000032802D006283ED112E0204890F838003E
:100E600030B91E4890F83900012801D1FFF7C4F9C4
:100E70001A4890F839000E2801D1FFF7DFF900BFBA
:100E8000164890F83700C12825D1FFF739FA1348E2
:100E900090F8391090F8380001EB002000EE100AAD
:100EA000B8EEC00AF2EE040A80EE201ABCEEC10AC7
:100EB00010EE100A0B4948700846407863280ADA99
:100EC00008464078044900E005E0487002F0CAFB9B
:100ED000052002F057FC70BDFA0F00200E10002014
:100EE000EE0F0020041000203101002070B50646EE
:100EF0000D48808900F23F1083B20B488289EF21B0
:100F0000002003F013FD00240AE0002504E0304631
:100F100003F096FD681C85B2F02DF8DB601C84B2EE
:100F2000B4F5A07FF1DB70BD724E002010B500203B
:100F30000849C87208490870C87048708870054927
:100F4000C87108720449087102F01CFC01F04EFBE4
:100F500010BD0000461100202701002008B5062022
:100F60008DF8000000208DF801008DF802000120AE
:100F70008DF80300684601F0BBFB08BD0EB50120EB
:100F8000ADF8080002208DF80A0028208DF80B002B
:100F900002A90D4800F01EFA0121084601F090FF59
:100FA0000021084600F0F6F90120009000208DF89D
:100FB000040010208DF8050001208DF80600684619
:100FC00000F02EF80EBD00000008014010B5012011
:100FD00000F012F830B1012000F008F804F0FCFB3A
:100FE0000149087010BD0000260100200149086079
:100FF0007047000014040140014600200022074B06
:101000001B6803EA0102054B14331B680B4013B144
:101010000AB1012000E000207047000000040140F8
:10102000002123498279002A3AD00A4612680368CF
:101030009A430B461A600A1D126803689A430B1DF7
:101040001A60027911440A6803681A430A60184A50
:101050000832126803689A43154B08331A601A1D48
:10106000126803689A43124B0C331A604279102AB3
:101070000ED11A1F126803681A430D4B08331A6009
:101080001A1D126803681A43094B0C331A600DE0ED
:101090000749427911440A6803681A430A6005E067
:1010A000027911440A6803689A430A607047000095
:1010B0000004014010B501200D498870C87000205F
:1010C0000871FFF733FF00200A4988720A48C07987
:1010D00000B910BD002405E00848005D0849085526
:1010E000601CC4B2052CF7DB02F0BCFA00BFF0E7CD
:1010F00031010020EE0F0020941100200410002088
:10110000FA0F002030B504460425B4F1046F24D34F
:10111000681F00F004F90546042D1CD1244800681E
:1011200040F0020022499039C1F890000846C0F80A
:101130009440D0F8900040F040001D490860681FBE
:1011400000F0EDF805461A489038D0F8900020F0ED
:10115000020017490860284630BD164800684FF065
:10116000006101EB8020401EA0421FD3480000F028
:10117000C3F80546042D19D10D489038006940F098
:1011800002000B499039086108464461006940F04B
:1011900040000861C80300F0AFF8054604489038E5
:1011A000006920F002000249903908612846D3E71F
:1011B00090200240E0F7FF1F04200B49C96801F0AE
:1011C000010109B101200EE00749C96801F00401DD
:1011D00009B1022007E00449C96801F0100109B112
:1011E000032000E0042070470020024004200B4947
:1011F000096801F0010109B101200EE00749096801
:1012000001F0040109B1022007E00449096801F076
:10121000100109B1032000E0042070478C20024037
:101220000348006940F080000149086170470000F0
:101230000020024070B504460D460426B4F1046F48
:101240001ED34FF4704000F06AF80646042E15D104
:101250001F48006840F001001D49086025804FF4D8
:10126000704000F05CF8064619489038D0F89000BD
:1012700020F0010016499039C1F89000304670BD49
:10128000144800684FF0006101EB8020401EA0422E
:101290001CD34FF4704000F02FF80646042E15D1F1
:1012A0000B489038006940F0010009499039086105
:1012B00025804FF4704000F01FF80646044890382F
:1012C000006920F001000249903908613046D6E7F4
:1012D00090200240E0F7FF1F014608887047000099
:1012E0000248034948600348486070472301674546
:1012F00000200240AB89EFCD00B502460423FFF782
:101300005BFF034603E0FFF757FF0346521E012B26
:1013100001D1002AF7D102B90523184600BD00B556
:1013200002460423FFF762FF034603E0FFF75EFF78
:101330000346521E012B01D1002AF7D102B9052321
:10134000184600BD30B50346A12921DBA12B0DDBDA
:10135000A92B0BDCA1F1A100A3F1A104C4EB04159E
:1013600005EB441400EB4400504330BDB02B0FDBC1
:10137000F72B0DDCA1F1A100A3F1B004C4EB04151F
:1013800005EB441400EB440000F24E305043ECE710
:101390000020EAE730B500228B071C0F0F2303FA69
:1013A00004F20B4B8C1053F824309343084C8D10EF
:1013B00044F8253023468C1053F824308C07240F32
:1013C00000FA04F42343024C8D1044F8253030BD5C
:1013D000080001402DE9F0410246002500260020CA
:1013E00000230024002791F803C00CF00F0591F8AA
:1013F00003C00CF0100CBCF1000F03D091F802C038
:101400004CEA050591F800C0BCF1000F31D014681A
:1014100000202BE04FF0010C0CFA00F3B1F800C0F3
:101420000CEA03069E4220D183004FF00F0C0CFA09
:1014300003F7BC4305FA03FC4CEA040491F803C02B
:10144000BCF1280F06D14FF0010C0CFA00FCC2F8D9
:1014500014C00AE091F803C0BCF1480F05D14FF069
:10146000010C0CFA00FCC2F810C0401C0828D1D3B3
:101470001460B1F800C0BCF1FF0F34DD54680020E7
:101480002EE000F1080C4FF0010808FA0CF3B1F857
:1014900000C00CEA03069E4221D183004FF00F0CDE
:1014A0000CFA03F7BC4305FA03FC4CEA040491F878
:1014B00003C0BCF1280F05D100F1080C08FA0CF8A4
:1014C000C2F8148091F803C0BCF1480F07D100F1B5
:1014D000080C4FF0010808FA0CF8C2F81080401C04
:1014E0000828CED35460BDE8F0810000F0B5034673
:1014F000B3F1004F71D90025002223F00044E50923
:1015000004F07F04220904F00F04970004FA07F6A0
:10151000062D15D2DFE805F00305080B0E11F8487B
:101520000FE0F748001D0CE0F548083009E0F448EA
:101530000C3006E0F248103003E0F148143000E0CF
:1015400000BF00BF22B9076827F00F0707603DE022
:10155000012A12D1012D0BD1042C04D9076827F0E0
:10156000C007076032E0076827F0300707602DE00A
:10157000076827F0F007076028E0022A04D107680F
:1015800027F47067076021E0032A04D1076827F475
:10159000704707601AE0042A04D1076827F470270F
:1015A000076013E0052A04D1076827F47007076075
:1015B0000CE0062A04D1076827F07067076005E091
:1015C000072A03D1076827F070470760012902D175
:1015D0000768374307603EE2FFE7B3F5802F6FD01F
:1015E00037DCB3F5007F6CD015DC102B6AD008DC3B
:1015F000012B68D0022B7BD0042B7AD0082B72D120
:101600007CE0302B70D0402B6FD0C02B6ED0B3F568
:10161000807FF4D1E4E0B3F5804F68D00CDCB3F503
:10162000407F7CD0B3F5006F7AD0B3F5406F78D0AF
:10163000B3F5805FE3D162E0B3F5C04F72D0B3F58C
:10164000004F57D0B3F5803F55D0B3F5003FD6D10A
:1016500052E0B3F1005F76D01DDCB3F5000F73D01C
:101660000CDCB3F5002F4BD0B3F5801F49D0B3F598
:10167000001F6AD0B3F5800FC1D18FE1B3F1807F35
:1016800074D0B3F1007F72D0B3F1806F70D0B3F13A
:10169000805FB4D166E19B4A981A934269D014DC0A
:1016A000B3F1804F76D0A3F180402038002872D06B
:1016B000B0F5787F70D0944A104400289FD18BE118
:1016C0001BE09DE042E02EE012E0B0F5802F74D0E8
:1016D000B0F5402F72D0B0F5A01F70D0B0F5E01F6C
:1016E0008DD17BE105E0B4E144E056E068E0C7E07D
:1016F00000BF00BF00BF00BF00BF00BF00BF00BFF2
:1017000000BF7F482038406898437D4A203A5060A7
:10171000012903D110464068184350609AE17FE0E8
:101720008EE09DE0BCE0764820384068774A104063
:10173000734A203A5060012904D11046406840F0B5
:101740000100506086E1FFE01AE135E16C48203885
:10175000406820F030006A4A203A5060012904D1E4
:101760001046406840F01000506073E1A8E0B7E018
:10177000CEE032E162482038406820F03000604A14
:10178000203A5060012904D11046406840F03000F2
:1017900050605FE1CAE01DE11DE159482038406812
:1017A00020F0C000564A203A5060012904D110466A
:1017B000406840F0400050604CE120E12DE13AE10A
:1017C0004F482038406820F0C0004D4A203A506011
:1017D000012904D11046406840F0C000506039E152
:1017E00047482038406820F44070454A203A50600D
:1017F000012904D11046406840F48070506029E10E
:101800003F482038406820F440703D4A203A5060FC
:10181000012904D11046406840F40070506019E17D
:1018200037482038406820F44070354A203A5060EC
:10183000012904D11046406840F44070506009E12D
:101840002F482038406820F440602D4A203A5060EC
:10185000012904D11046406840F400605060F9E06E
:1018600027482038406820F44060254A203A5060DC
:10187000012904D11046406840F440605060E9E01E
:101880001F482038406820F4C0401D4A203A50606C
:10189000012904D11046406840F480405060D9E0EE
:1018A00017482038406820F4C040154A203A50605C
:1018B000012904D11046406840F4C0405060C9E09E
:1018C0000F482038406820F0E0600D4A203A506010
:1018D000012904D11046406840F080705060B9E0A2
:1018E00007482038406820F0E060054A203A506000
:1018F000012904D11046406840F000705060A9E012
:1019000020000140000004402000FEFFFEFFFF7F9A
:101910005148406820F0E0604F4A5060012904D1EE
:101920001046406840F08060506093E04A4840684C
:1019300020F08040484A5060012904D11046406898
:1019400040F08040506085E04348406820F00050FF
:10195000414A5060012904D11046406840F00050CF
:10196000506077E03C48406820F080503A4A506030
:10197000012904D11046406840F08050506069E071
:101980003548406820F40000334A5060012904D1F2
:101990001046406840F4000050605BE02E4840680C
:1019A00020F480002C4A5060012904D11046406880
:1019B00040F4800050604DE02748406820F400105B
:1019C000254A5060012904D11046406840F40010B7
:1019D00050603FE000BF00BF00BF00BF1E48C069AD
:1019E000C3F3150290431C4AD061012906D1104669
:1019F000C069C3F315021043174AD0612AE01648A4
:101A0000C06920F4C010144AD061012904D11046E5
:101A1000C06940F40020D0611CE00F48C06920F488
:101A2000C0100D4AD061012904D11046C06940F4AC
:101A30008010D0610EE00848C06920F4C010064A4A
:101A4000D061012904D11046C06940F4C010D061B2
:101A500000E000BF00BFF0BD0000014002460020D2
:101A600093680B400BB1012000E0002070474161FA
:101A70007047016170474FF6FF710180022181704C
:101A80000421C17070470000164890ED010A164805
:101A9000164991F9001000EB810080ED000A13480F
:101AA0000078401C40B211490870084690F90000C7
:101AB0000A2801DB00200870DFED0D0A00200AE093
:101AC000094901EB800191ED000A30EE200AF0EEA9
:101AD000400A411C48B20A28F2DBB2EE041A80EE3A
:101AE000810A7047A4110020D04E0020750100200B
:101AF0000000000000BFFEE700B57A48408A401CA5
:101B0000784948820846408AB0F57A7F00DA00BDFD
:101B10000020744948820846C08A4FF6FF71884207
:101B200004DA7048C08A401C6E49C8826E4800784A
:101B300008287CD2DFE800F0AE045AAE1846500EFA
:101B40006A4890ED010A6A4880ED000A0020694960
:101B50000880A6E0654890ED010A654880ED000A1E
:101B60000020644908809CE06248008830B95F48E2
:101B700090ED010A5E4880ED000A22E0594890EDA0
:101B8000000A5A48D0ED010AB4EEE00AF1EE10FA6C
:101B90000ED2544890ED000AD0ED030A30EE200A30
:101BA00080ED000A90ED000A514880ED000A08E03F
:101BB0000020504908804D4890ED010A4C4880EDC6
:101BC000000A6EE0494890ED010A494880ED000A9C
:101BD00000204849088064E0444890ED010A4448E8
:101BE00080ED000A0020434908805AE041480088FF
:101BF000012848D13B4890ED001A3F48407800EE5C
:101C0000900AF8EE600AB4EEE01AF1EE10FA08DD80
:101C10003448D0ED000A90ED031A70EEC10AC0ED11
:101C2000000A324890ED011AD0ED010A00E031E0DF
:101C3000FDEEE00AF8EEE00A71EE600AB2EE041A78
:101C400060EE810AFDEEE00AF8EEE00AB2EE041A58
:101C500080EE810A2348D0ED000A70EEC00A2448C5
:101C6000C0ED000A1F48D0ED000A204890ED011A8F
:101C7000F4EEC10AF1EE10FA04DDD0ED010A1C48C1
:101C8000C0ED000A05E0194890ED010A184880ED02
:101C9000000A06E0154890ED010A154880ED000A9B
:101CA00000BF00BF1148D0ED010AB0EE600A03F09A
:101CB000C5FB03F091FCF0EE404AB0EE640A03F07D
:101CC00061FD03460B48008850B1022B08D100206B
:101CD000084908800120044908700020074908606D
:101CE00000BF14E7804E00207C010020A4110020DA
:101CF0000C00002072010020FA0F00206801002073
:101D00002DE9F04104460E4617464FF0000800202A
:101D100020704FF480712748FFF7ABFE80251FE04D
:101D20004FF400712348FFF7A4FE0120FFF72FF8BE
:101D30003846FFF72CF80320FFF729F84FF480719D
:101D40001C48FFF78BFE10B12078284320704FF419
:101D500000711848FFF78BFE0120FFF718F86D108F
:101D6000002DDDDC2EB94FF480711248FFF77FFEA5
:101D700004E04FF480710F48FFF77BFE0120FFF76E
:101D800006F84FF400710B48FFF773FE0520FEF7CD
:101D9000FEFF4FF400710748FFF769FE4FF48071B2
:101DA0000448FFF766FE1420FEF7F1FF4046BDE849
:101DB000F0810000000C014010B54FF480710F4815
:101DC000FFF757FE0120FEF7E2FF4FF400710B48CA
:101DD000FFF74FFE0120FEF7DAFF4FF4807107484E
:101DE000FFF745FE0A20FEF7D2FF4FF400710348CB
:101DF000FFF73DFE0A20FEF7CAFF10BD000C0140B0
:101E000010B54FF400710F48FFF731FE0120FEF7C7
:101E1000BEFF4FF480710B48FFF729FE0120FEF74B
:101E2000B6FF4FF400710748FFF723FE0A20FEF7C4
:101E3000AEFF4FF480710348FFF71BFE0A20FEF748
:101E4000A6FF10BD000C014070B505460026802499
:101E500021E004EA050028B94FF480711E48FFF71D
:101E600006FE04E04FF480711B48FFF702FE0120DC
:101E7000FEF78DFF4FF400711748FFF7FAFD0520BC
:101E8000FEF785FF4FF400711348FFF7F0FD0120C6
:101E9000FEF77DFF6410002CDBDC4FF480710E48F0
:101EA000FFF7E7FD4FF400710B48FFF7E2FD01205B
:101EB000FEF76DFF4FF480710748FFF7CFFD00B1CB
:101EC00001264FF400710448FFF7D1FD1420FEF7FE
:101ED0005EFF304670BD0000000C01402DE9F0416E
:101EE00004460E4617464FF00008002020700221DD
:101EF0002248FFF7BEFD80251CE004211F48FFF7A4
:101F0000B8FD0120FEF743FF3846FEF740FF0320EF
:101F1000FEF73DFF02211948FFF7A0FD10B1207820
:101F20002843207004211548FFF7A1FD0120FEF78A
:101F30002EFF6D10002DE0DC26B902210F48FFF7BF
:101F400096FD03E002210D48FFF793FD0120FEF707
:101F50001EFF04210948FFF78CFD0520FEF717FF3F
:101F600004210648FFF783FD02210448FFF781FDA5
:101F70001420FEF70CFF4046BDE8F0810008014048
:101F800010B502210D48FFF774FD0120FEF7FFFE9A
:101F900004210A48FFF76DFD0120FEF7F8FE02213B
:101FA0000648FFF764FD0A20FEF7F1FE042103480E
:101FB000FFF75DFD0A20FEF7EAFE10BD00080140B4
:101FC00070B50546002680241DE004EA050020B90E
:101FD00002211B48FFF74BFD03E002211848FFF7E1
:101FE00048FD0120FEF7D3FE04211548FFF741FD0F
:101FF0000520FEF7CCFE04211148FFF738FD012033
:10200000FEF7C5FE6410002CDFDC02210C48FFF750
:1020100030FD04210A48FFF72CFD0120FEF7B7FE32
:1020200002210748FFF71AFD00B1012604210448E8
:10203000FFF71DFD1420FEF7AAFE304670BD00001C
:102040000008014030B502460B46FF20002113E096
:10205000555C684008240BE000F0800525B131256F
:1020600085EA4005E8B201E04506280E651EECB29F
:10207000002CF1DC4D1CE9B29942E9DB30BD2DE9C1
:10208000F04105460E46144631462846FFF7DAFF72
:102090000746A74202D00220BDE8F0810020FBE7FE
:1020A00008B50620ADF8000001208DF802001420CC
:1020B0008DF8030069460248FFF78CF908BD00005F
:1020C000000801402DE9FC4105460E4617463A46F8
:1020D000002101A8FFF702FF044634B9002211468F
:1020E0000DF10500FFF7FAFE04462CB90022314637
:1020F0006846FFF7F3FE044634B99DF8002002213C
:1021000001A8FFF7BCFF04469DF805009DF80410E8
:1021100040EA012028802046BDE8FC810149087082
:10212000704700007901002010B5FFF729FF05492D
:102130000978012202EB4101C8B2FFF741FF0446D2
:10214000204610BD7901002010B50446202C10D087
:1021500006DC012C19D0042C1AD0102C1BD104E061
:10216000402C0ED0802C16D107E00120FEF70CFA8F
:1021700012E00020FEF730FA0EE00120FEF72CFA04
:102180000AE00120FEF7D8F906E0FEF793FF03E02E
:1021900000F05EFE00BF00BF00BF10BD7047000032
:1021A00010B504460848007A012808D1074800788D
:1021B0000749087001F056FA0220034908722046C8
:1021C000FFF7C2FF10BD0000EE0F0020041000203A
:1021D000FA0F002070B53C48407A012800D170BD4C
:1021E0003A48007900B9FAE700203849087101F04F
:1021F00093FA04462046E11704EB1161C1F3072569
:10220000E6B23148407A022837D030488079012838
:1022100033D12E48407CA8422DD125BB2B48407895
:1022200001281AD12948007C18B92848007C0128C7
:1022300013D02648007C102807D1012024490871BA
:102240002249087CFFF7ACFF07E02148007901280C
:1022500003D11E49087CFFF7A3FF00201B494870EB
:102260000846057407E01948407820B9012017494D
:10227000487008460574154845741348407A032889
:102280001BD012484079012817D11048C07BB042BA
:1022900011D11EB900200D4908700CE00B480078E0
:1022A00048B90B480079012805D13046FFF778FF7F
:1022B0000120064908700548C6730020034948718B
:1022C000887100BF8BE70000EE0F00204611002050
:1022D0003101002000B54B48037A052B00DB0523B4
:1022E0004948408949F22631884205D0464840890C
:1022F00047F2937188423DD1C3EBC300434901EBE0
:1023000040021078424908705078487050884880E0
:1023100090888880D088C880108908815089488139
:1023200090898881032002F087FB3949488802F0B0
:1023300087FB4FF4047002F07FFB3549888802F078
:102340007FFB40F2112002F077FB3149C88802F090
:1023500077FB40F2122002F06FFB2D49088902F052
:102360006FFB40F2132002F067FB2949488902F015
:1023700067FB46E0C3EBC300264901EB400210783F
:102380002349087050784870508848809088888029
:10239000D088C880108908815089488190898881B7
:1023A000362002F049FB1A49488802F049FB2A20EE
:1023B00002F042FB16498988081202F041FB1449D9
:1023C000087902F03DFB1249C988081202F038FB77
:1023D0000F49887902F034FB2B2002F02DFB0C49C9
:1023E0000989081202F02CFB0949087A02F028FB3F
:1023F00007494989081202F023FB0549887A02F04F
:102400001FFB00BDFA0F002088110020345A00087D
:10241000724E0020885A000810B549484078C0B96B
:102420004848C07928B948480078012801D1FEF70A
:1024300041FE4448407860B14248808948B9002054
:10244000404948704148407840490870012001F0F7
:1024500099F93B48407800B910BD002201213C4861
:1024600002F0AEFC022036494870084600794871F7
:1024700001221146364802F0A3FC3148007920B110
:102480004FF400513348FFF7F2FA334804682C4800
:1024900040790A281BD2DFE800F01A081A1A0B0E3E
:1024A0001114170500F098FB14E000F0E1F911E0B9
:1024B00000F060F90EE001F0B7FA0BE001F052FA1B
:1024C00008E001F011FB05E001F00EFA02E000F077
:1024D000CFF900BF00BF20480068001B18490881E1
:1024E00008464078022812D1002048708870C870D1
:1024F0001A484078062802DB002018494870104826
:10250000018916484278083020F8121016E0134866
:10251000407818B906201149487006E00F48407805
:10252000062802DB01200D494870054802890B4846
:102530004078401E0949083121F8102000BF8BE780
:102540008811002094110020270100201E01002086
:1025500000040040000C0140984E00205C11002057
:1025600008B58020ADF8000002208DF80200102090
:102570008DF8030069461A48FEF72CFF2020ADF8BD
:10258000000069461748FEF725FF1020ADF800004F
:1025900069461448FEF71EFF2020ADF8000069468A
:1025A0001148FEF717FF0820ADF8000069460C48F7
:1025B000FEF710FF80210A48FFF759FA2021094849
:1025C000FFF755FA10210748FFF751FA2021064876
:1025D000FFF74FFA08210248FFF749FA08BD00004B
:1025E00000080140001001400018014010B5002013
:1025F0000249087003F004F910BD00001E0100201C
:1026000010B500F05FFD0948007858B9002405E0D6
:102610000748005D05490855601CC4B2052CF7DB6E
:1026200001F020F8FEF736FB10BD0000FA0F002085
:102630008B24030838B50446102C00DD0024104814
:10264000807801281AD10F48007868B90C480470C6
:1026500000780D4901EBC0050C4800680090D5E9F1
:10266000001201F043FB09E006480478102C00DD5D
:102670000024074931F81400FEF738FC38BD00008B
:102680008811002010000020585B0008985C0008AA
:102690001400002008B57020ADF8000001208DF86E
:1026A000020010208DF8030069460848FEF792FEEC
:1026B00040210648FFF7DDF920210448FFF7D9F94A
:1026C00010210248FFF7D5F908BD000000080140BD
:1026D00000BFFEE7704710B54FF4A06000F040F86F
:1026E00002F06EFAFEF73AFC02F012FC10BD000098
:1026F00070B5002100230F22C47804B3154C246860
:1027000004F4E064C4F5E064210AC1F10403CA40A2
:10271000447804FA03F184781440214309010E4CF3
:102720000678A155047804F01F050124AC40057813
:102730006D11AD0005F1E025C5F8004109E0047810
:1027400004F01F050124AC40044D0678761145F8CD
:10275000264070BD0CED00E000E400E080E100E008
:1027600002490143024A1160704700000000FA0567
:102770000CED00E03EB538480478002002900025BA
:102780000A2094FBF0F100FB11403030C0B28DF80C
:102790000800642094FBF0F100FB11400A2190FB3B
:1027A000F1F03030C0B28DF80900642094FBF0F0F5
:1027B0003030C0B28DF80A002748007908B90225E8
:1027C00000E00A2525480078A84204D0E8B2FFF7C7
:1027D00031FF22490D702249C878FDF79DFD21483F
:1027E0002149097830F8110020491F4A127831F840
:1027F0001210CDE900109DF808200523F321482090
:1028000001F044FE17481849097830F811001749BB
:10281000154A127831F81210CDE900109DF8092000
:1028200005238921482001F031FE0E480E49097820
:1028300030F811000D490C4A127831F81210CDE928
:1028400000109DF80A2005231E21482001F01EFEDD
:102850000220024948703EBD0410002031010020D2
:1028600094110020140000201000002034000020EB
:1028700070B52DED028B86B00020059004900024E9
:102880009FED770AB0EE408A002500260390754838
:1028900090ED000AB0EE408AB2EE040A28EE000A7B
:1028A000BCEEC00A10EE104A6F4890ED000AF2EE3E
:1028B000040A20EE200ABCEEC00A10EE105ABCEE4C
:1028C000C80A10EE100A86B2684840780A2190FBC8
:1028D000F1F03030C0B28DF80C006448407890FBC5
:1028E000F1F201FB12003030C0B28DF80D0000F0A3
:1028F000C9F804A9204602F0A4FA05A9284602F066
:10290000A0FA9DF8100030282CD15948594909786F
:1029100030F811005849574A127831F81210CDE9B1
:1029200000109DF81120052384215C2001F0AEFDEC
:1029300084235C22AC21104601F04EFA4C484D49EC
:10294000097830F811004C494A4A127831F81210CF
:10295000CDE900109DF813200523B6215C2001F07D
:1029600095FD29E09DF8100030B3414841490978B0
:1029700030F8110040493F4A127831F81210052210
:102980000223CDE90021029004AA5C21084601F04F
:1029900091FF37483749097830F811003649354AF0
:1029A000127831F81210CDE900109DF8132005239C
:1029B000B6215C2001F06AFD4FF6FF70032306226A
:1029C00068210090A82002F06FFE29482949097863
:1029D00030F811002849274A127831F812100022E5
:1029E0000423CDE90021029005AA0A21B42001F0B8
:1029F00061FF1F481F49097830F811004FF44071FA
:102A0000CDE900109DF80C2003230E21762001F063
:102A10003DFD17481749097830F811004FF440710F
:102A2000CDE900109DF80D2003231E21762001F032
:102A30002DFD1248C089012803D01148C078012813
:102A400009D10F48C178304602F04AFD00200B49F9
:102A5000C8810B49C87006B0BDEC028B70BD000088
:102A6000000000000C000020A4110020FA0F00203C
:102A7000140000201000002034000020984E002098
:102A80003101002038B500244A484078401C00EE4F
:102A9000100AB8EEC00A4848D0ED000AB4EEE00AC9
:102AA000F1EE10FA03DB01204449087011E04148BF
:102AB0004078401C00EE100AB8EEC00A3E48D0ED47
:102AC000000AB4EEE00AF1EE10FA02D200203B490F
:102AD00008703B48007898B13848007880B9394888
:102AE000007908B9002400E00824E0B2FFF7A2FD55
:102AF0000121002002F0F4FC00203149087022E09E
:102B00002F48007801281ED02C48007801281AD1BF
:102B10002D48807A012806D120212C48FEF7A9FFF4
:102B20000020294988722748007908B9012400E06B
:102B30000924E0B2FFF77EFD0121002002F0D0FC65
:102B400001201F4908701D484078012817D11C48F2
:102B50004078012813D01B48007908B9052400E00B
:102B60000D241B4800EBC4031A4840680090D3E9C9
:102B7000001201F0BBF801201149487018E00F481D
:102B80004078A8B90E48407890B10E48007908B94D
:102B9000042400E00C240E4800EBC4030D484068F8
:102BA0000090D3E9001201F0A1F800200449487018
:102BB00038BD0000FA0F00200C0000201C0100208E
:102BC0003101002004100020A41100200010014059
:102BD000585B0008985C00082DE9FE414A480088CF
:102BE000FEF784F9494890F80080012047490870B1
:102BF0004748408947F29371884228D14548007878
:102C000020B191245A25C4261E2703E07824AA2542
:102C100055266E273C4800884FF6FF710122062397
:102C2000CDE9002102903CA22946204601F042FE57
:102C3000354800884DF6DB6100221E23CDE90021D6
:102C4000029039A23946304601F034FE56E0304851
:102C5000408949F22631884228D12E48007820B197
:102C600091245A25C4261E2703E07824AA25552638
:102C70006E27254800884FF6FF7101220623CDE913
:102C80000021029024A22946204601F013FE1E488E
:102C900000884DF6DB6100221E23CDE90021029061
:102CA00021A23946304601F005FE27E01948007898
:102CB00020B1EB245A25C8261E2703E07824AA2534
:102CC00055266E27104800884FF6FF710122062313
:102CD000CDE90021029010A22946204601F0EAFD2C
:102CE000094800884DF6DB6100221E23CDE9002152
:102CF00002900DA23946304601F0DCFD034880F811
:102D00000080BDE8FE8100001200002010000020BD
:102D100088110020724E002048535F436162696E43
:102D2000657420202020200056312E3030202020B5
:102D300020323032332D30352D3038007047F0B529
:102D4000074627B94FF6FF7542F2041603E042F238
:102D500004154FF6FF7640F22B13B4222C210846BF
:102D600001F0E4FD002404E0284601F069FE601C47
:102D7000C4B2782CF8DBB4231A46A4212D2001F02C
:102D8000D5FD002404E0284601F05AFE601CC4B2C0
:102D9000762CF8DB40F22B13B422A421084601F074
:102DA000C5FD002404E0284601F04AFE601CC4B2C0
:102DB000782CF8DB40F22B131A46A4212D2001F0C9
:102DC000B5FD002404E0284601F03AFE601CC4B2C0
:102DD000762CF8DB8B2314222C21084601F0A6FD6B
:102DE000002404E0304601F02BFE601CC4B2782CB5
:102DF000F8DB14231A46A4212D2001F097FD0024AE
:102E000004E0304601F01CFE601CC4B2762CF8DBF6
:102E10008B231422A421084601F088FD002404E03D
:102E2000304601F00DFE601CC4B2782CF8DB8B2319
:102E30001A46A4212D2001F079FD002404E030463B
:102E400001F0FEFD601CC4B2762CF8DBF0BD000082
:102E500010B5012007498870C87000200871FEF77E
:102E600065F80020044988720448C07900B910BD93
:102E700000BFFCE731010020EE0F0020941100207C
:102E800029B1064A52690243044B5A6104E0034ADD
:102E900052698243014B5A617047000000100240A2
:102EA00029B1064AD2690243044BDA6104E0034ABD
:102EB000D2698243014BDA61704700000010024082
:102EC00029B1064A92690243044B9A6104E0034A1D
:102ED00092698243014B9A617047000000100240E2
:102EE00010B54FF4803000F0B5F801210802FFF76B
:102EF000C7FF01210448FFF7D3FF012144F67D00FD
:102F0000FFF7DEFF10BD000003000018F0B500223F
:102F1000002100240023484D6D6805F00C0222B109
:102F2000042A05D0082A3ED105E0444D05603DE065
:102F3000424D05603AE0404D6D6805F480343E4DE9
:102F40006D683F4E05EA060101F0C04535B901F450
:102F50007015B5F5701F01D0022500E0012501F0C4
:102F6000C046C1F3834747EA5666A9191CB9354DD7
:102F70004D4305600BE0304D6D6805F400351DB123
:102F8000304D4D43056002E02C4D4D4305602A4D08
:102F90006D6805F000452DB92B4E0568B54201D985
:102FA0003546056002E0254D056000BF00BF224D9B
:102FB0006D68C5F30212204D6D6805F0800515B1EE
:102FC000224DAD5C00E000252B460568DD404560E4
:102FD000194D6D68C5F30122174D6D6805F48065C4
:102FE00015B11A4DAD5C00E000252B464568DD406B
:102FF0008560114D6D68C5F3C1220F4D6D6805F4F4
:10300000005515B1114DAD5C00E000252B4645681B
:10301000DD40C560084D6D68C5F38132064D6D68B1
:1030200005F080550DB142F00402094DAB5CC56856
:10303000B5FBF3F50561F0BD0010024000127A0007
:1030400000003C6000093D0000A24A0490240308EF
:10305000982403081149096821F480310F4A11604E
:103060001146096821F480211160B0F5803F03D03A
:10307000B0F5802F0ED106E00849096841F480318F
:10308000064A116007E00549096841F4A021034A96
:10309000116000E000BF00BF704700000010024058
:1030A000012806D10649496D41F03001044A5165B5
:1030B00005E00349496D21F03001014A516570472F
:1030C000001002402DE9F04700250026A846FEF733
:1030D00007F9FDF717FE8146484602F00FFBFEF7A1
:1030E0009FF8002411E01849A01C31F81000454059
:1030F00004F1220031F81000464004F1420031F89A
:10310000100080EA0808601C84B2062CEBDB002467
:1031100015E025B90C49A01C31F810700BE02EB950
:10312000094904F1220031F8107004E0064904F165
:10313000420031F8107005490F55601C84B2062C0E
:10314000E7DBBDE8F0870000F84E0020FA0F002012
:1031500010B5FDF7EBFE02F001FC002002490870FB
:1031600000F080FA10BD0000FA0F002008B54FF4FF
:103170004070ADF8000001208DF8020014208DF899
:10318000030069460148FEF725F908BD000C01401F
:1031900038B50446204600F041F9684600F004FACC
:1031A00005460121002000F03FF938BD10B544204C
:1031B000FFF7EEFF10BD30B502460B46FF200021A1
:1031C00013E0555C684008240BE000F0800525B151
:1031D000312585EA4005E8B201E04506280E651E66
:1031E000ECB2002CF1DC4D1CE9B29942E9DB30BDB8
:1031F00000EE900AF8EE600A9FED1A1A60EE810A5E
:103200009FED191AC0EE811AB0EE610A174989784C
:103210000A290BDB154989780A3900EE901AF8EE75
:10322000E00A70EE800AB0EE600A19E00F49897872
:1032300000EE901AF8EE600AF4EEC00AF1EE10FA11
:1032400004DBDFED0B0AB0EE600A09E0074989787C
:1032500000EE901AF8EE600A70EE600AB0EE600AB6
:10326000704700000000C84200FF7F4704100020A4
:103270000000000000EE900AF8EE600A9FED1C1AB4
:1032800060EE810ADFED1B1A80EEA11ADFED1A0A4B
:1032900071EE600AB0EE600A1849C9780A290BDBA2
:1032A0001649C9780A3900EE901AF8EEE00A70EE75
:1032B000800AB0EE600A19E01049C97800EE901A51
:1032C000F8EE600AF4EEC00AF1EE10FA04DBDFED6E
:1032D0000C0AB0EE600A09E00849C97800EE901ABD
:1032E000F8EE600A70EE600AB0EE600A7047000007
:1032F00000002F4300FF7F470000344204100020ED
:10330000000000002DE9F04105460E461446314606
:103310002846FFF750FF0746A74202D00220BDE82B
:10332000F0810020FBE72DE9FC4105460E461746DB
:103330003A46002101A8FEF7E3FC044634B9002216
:1033400011460DF10500FEF7DBFC04462CB9002206
:1033500031466846FEF7D4FC044634B99DF8002097
:10336000022101A8FFF7CEFF04469DF805009DF855
:10337000041040EA012028802046BDE8FC810000BE
:103380007CB5044600F0F6F8054625B94FF46040D8
:1033900000F0FEF8054615B900F0DCF805462DB939
:1033A0000022114601A8FFF7BEFF05462DB90022F5
:1033B00001216846FFF7B7FF05460DBBBDF80400C5
:1033C000FFF758FF84ED000ABDF80000FFF710FF7B
:1033D00084ED010AA089802801DB0020A081BDF8CE
:1033E0000410A28904F10E0020F81210BDF800109C
:1033F000A28904F5877020F81210A089401CA081D2
:10340000FEF7FEFC0448807A012802D0012000F07B
:10341000B9F928467CBD0000EE0F00200149087074
:10342000704700007601002070B506460D4600F09A
:10343000A1F80446002C72D1002E57D0012E2BD0BB
:10344000022E7FD1052D22D2DFE805F003090F15EA
:103450001B0042F22F0000F09BF804431AE042F2F6
:103460002D1000F095F8044314E042F22B2000F0F8
:103470008FF804430EE042F2293000F089F804434B
:1034800008E042F22A7000F083F8044302E044F0BE
:10349000800400BF00BF58E0052D22D2DFE805F010
:1034A00003090F151B0042F2240000F071F80443D9
:1034B0001AE042F2261000F06BF8044314E042F2E6
:1034C000202000F065F804430EE042F2223000F0C4
:1034D0005FF8044308E042F2217000F059F8044319
:1034E00002E044F0800400BF00BF2EE0052D24D28E
:1034F000DFE805F003090F171D0042F2320000F06B
:1035000047F804431CE042F2301000F041F8044355
:1035100016E042F2362000F03BF8044310E015E0DC
:1035200010E042F2343000F033F8044308E042F295
:10353000377000F02DF8044302E044F0800400BF2F
:1035400000BF02E044F0800400BF00BFFEF758FC5B
:10355000204670BD10B5FEF72FFC05490978012201
:1035600002EB4101C8B2FEF76FFC0446204610BDD5
:103570007601002010B5FEF71FFC044909784906C2
:10358000080EFEF761FC0446204610BD76010020BF
:1035900070B504462012FEF757FC0546E0B2FEF770
:1035A00053FC0543284670BD70B50546FFF7E2FFA2
:1035B0000446204670BD000008B501210D20FFF72C
:1035C0007FFC6846FEF757FA4FF4C850ADF800008C
:1035D00002208DF8020018208DF803006946194872
:1035E000FDF7F8FEC220ADF8000069461648FDF769
:1035F000F1FE01211548FDF779FF01211448FDF77F
:1036000075FF02201349086000BF1248001D0068C2
:1036100000F001000028F8D10F480E49091F08608A
:103620000E480C498839C1F8840000BF09480830A9
:10363000006800F080000028F8D1064910310860C9
:1036400008BD000000080140000C014000002040BF
:10365000000400408820024023016745AB89EFCD7C
:10366000704700002DE9F0410026FDF713FB002410
:103670000EE02648055D6E402549A01C21F810503B
:10368000203021F81050203021F81050601C84B2F6
:10369000052CEEDB1E48C681A0F84E60A0F88E60B7
:1036A000FDF730FB0746384602F028F800241DE0FD
:1036B0001749A01C31F81010164A32F81000814248
:1036C00011D1134904F1220031F8101032F8100022
:1036D000814208D10E4904F1420031F8101032F84D
:1036E0001000814200D003E0601C84B2062CDFDBB6
:1036F00000BF062C07DA07480088401C04490880F0
:10370000384602F011F8BDE8F0810000FA0F002001
:10371000F8500020F84E00201848C27B417C4079C8
:10372000012805D1002216480078082800D101227E
:103730001248807901281DD10021114800781028F5
:1037400001D1102116E00E480078022801D1202175
:1037500010E00B480078012801D180210AE00848D8
:103760000078202801D1402104E005480078042891
:1037700000D1042102EB012080B2704746110020E5
:103780002601002017494978022903D10321154A4F
:10379000517002E00121134A51700121114A9170C8
:1037A0000021114A51701170D17091700F494A78FF
:1037B0004978491C0D4B5970052A02DB00211A4635
:1037C000517000F07F01074A117108494A78891C3D
:1037D000885407490A6805494B78143141F8232079
:1037E0007047000088110020B41300205C110020F5
:1037F000984E002010B500F001F810BD1CB5002057
:10380000019000903548006840F4803033490860EA
:1038100000BF3248006800F4003000900198401C5E
:103820000190009818B90198B0F5405FF1D12B488C
:10383000006800F4003010B10120009001E0002089
:1038400000900098012847D12448406823494860E7
:103850000846406820F4605048600846406840F4DC
:10386000005048600846406820F4E0604860084620
:10387000406840F480604860084640681849084045
:10388000164948600846406816490843134948608D
:103890000846006840F08070086000BF0F4800686C
:1038A00000F000700028F9D00120FFF7F9FB0B4869
:1038B000406820F00300094948600846406840F02D
:1038C0000200486000BF0548406800F00C0008286E
:1038D000F9D10020FFF7E4FB1CBD000000100240FE
:1038E000FFFFC01F000021A03EB518480579002049
:1038F000029010240A2095FBF0F100FB11503030AB
:10390000C0B2029012480078A04204D0E0B2FEF7A4
:1039100091FE0F490C700F49C878FFF710FA0E4856
:103920000E49097830F811000D490C4A127831F827
:103930001210CDE900109DF808200523DC21482055
:1039400000F0A4FD0220024948703EBD0410002092
:1039500031010020941100201400002010000020EC
:10396000340000203EB52A488578002002900A2DB8
:1039700003DA2D208DF8090002E02B208DF80900D4
:103980000A2095FBF0F100FB11503030C0B28DF8E9
:10399000080000241E48007908B9062400E00E241F
:1039A0001C480078A04204D0E0B2FEF743FE19495B
:1039B0000C701949C878FFF7C2F9184818490978F6
:1039C00030F811001749164A127831F81210CDE973
:1039D00000109DF808200523DC21482000F056FD4A
:1039E0000E480F49097830F811000E490C4A127838
:1039F00031F81210CDE900109DF8092005233C2173
:103A0000482000F043FD0220024948703EBD0000FE
:103A10000410002031010020941100201400002027
:103A200010000020340000203EB5294845780020D1
:103A300002900A2095FBF0F03030C0B28DF80900FA
:103A40000A2095FBF0F100FB11503030C0B28DF828
:103A5000080000241E48007908B9032400E00B2464
:103A60001C480078A04204D0E0B2FEF7E3FD1949FB
:103A70000C701949C878FFF762F918481849097895
:103A800030F811001749164A127831F81210CDE9B2
:103A900000109DF808200523DC21482000F0F6FCEA
:103AA0000E480F49097830F811000E490C4A127877
:103AB00031F81210CDE900109DF8092005233C21B2
:103AC000482000F0E3FC0220024948703EBD00009F
:103AD0000410002031010020941100201400002067
:103AE00010000020340000203EB52A48C578002090
:103AF00002900A2D03DA2D208DF8090002E02B2018
:103B00008DF809000A2095FBF0F100FB11503030D0
:103B1000C0B28DF8080000241E48007908B90724B7
:103B200000E00F241C480078A04204D0E0B2FEF769
:103B300081FD19490C701949C878FFF700F9184838
:103B40001849097830F811001749164A127831F8E7
:103B50001210CDE900109DF808200523DC21482033
:103B600000F094FC0E480F49097830F811000E4916
:103B70000C4A127831F81210CDE900109DF8092096
:103B800005233C21482000F081FC022002494870B6
:103B90003EBD0000041000203101002094110020DF
:103BA0001400002010000020340000200548007997
:103BB000012803D100200349087102E001200149D6
:103BC000087170472C01002010B51A48006840F4B5
:103BD0007000184908601848006840F00100164954
:103BE000086008464068154908401349486008467F
:103BF000006813490840104908600846006820F42E
:103C000080200860084640680E4908400A4948601C
:103C10000846006B0C490840074908634FF41F0031
:103C20008860FFF7E7FD4FF00060024980390860C7
:103C300010BD000088ED00E0001002400C00FFE81D
:103C4000FFFFF6FEFFFF001700FFFEFE10B501208C
:103C500021494872FEF7D4FC00F0F8FE80211F488D
:103C6000FDF707FF4FF47A70FDF785F880211B48B8
:103C7000FDF7FDFE20211A48FDF7FBFE4FF47A7098
:103C8000FDF779F820211648FDF7F1FE10211448C0
:103C9000FDF7EFFE4FF47A70FDF76DF81021104834
:103CA000FDF7E5FE08210D48FDF7E3FE4FF47A70BD
:103CB000FDF761F808210948FDF7D9FE0020064903
:103CC000C8714872074908704FF47A7006498880B5
:103CD000FDF72CF910BD0000EE0F00200008014098
:103CE000001001402E0D0020984E00202DE9F74FC6
:103CF00082B03848007818B3BDF80A003549898980
:103D0000084485B2BDF80A00324989890844BDF8E3
:103D10000E10084486B2BDF80870BDF80800BDF862
:103D20000C1008441FFA80F8BDF80CA0701E83B276
:103D3000A8F1010081B22A46384600F0F7FD1BE0E9
:103D4000BDF80850BDF80800BDF80C10084486B254
:103D5000BDF80A70BDF80A00BDF80E1008441FFA3D
:103D600080F8BDF80CA0A8F1010083B2701E81B2EA
:103D70003A46284600F0DAFD049800F1036000900E
:103D80004FF000091FE009FB0AF00190002413E046
:103D9000204604EBD0714910A4EB410121B90198F0
:103DA0002044009951F810B01FFA8BF000F048FE43
:103DB0004FEA1B4B601C84B2701BA042E8DC09F187
:103DC00001001FFA80F9A8EB07004845DBDC05B0CD
:103DD000BDE8F08F724E00202DE9F84F05460E46E3
:103DE00090461F462A4800782A4901EBC0004068E7
:103DF00000F103600090B54201DAB84501DBBDE88F
:103E0000F88F2548007840B1701E83B2781E81B2C9
:103E10002A46404600F08AFD07E0781E83B2701EF5
:103E200081B24246284600F081FDC1462CE000BF29
:103E3000C9EB091005EB001B00241EE017480078B1
:103E400090B9204604EBD0714910A4EB410121B98F
:103E50000BEB0400009951F810A01FFA8AF000F053
:103E6000EFFD4FEA1A4A06E00D490C4A127831F884
:103E7000120000F0E5FD601C84B2701BA042DDDC86
:103E800009F101001FFA80F9B945D0DB00BFB6E7A0
:103E900088110020585B0008724E0020100000209E
:103EA0001400002010B54FF48051FE48FDF7E1FDED
:103EB0000A20FCF760FF4FF48051FA48FDF7D7FD68
:103EC0006420FCF758FF4FF48051F648FDF7D1FD10
:103ED0004FF4FA70FCF74FFFF348408947F29371B3
:103EE00088427CD1012000F0A7FD4FF4807000F0E3
:103EF000A7FDFEF7EFF9902000F09EFD4FF4004083
:103F000000F09EFD4FF4806000F096FD4FF4C44039
:103F100000F096FD40F2014000F08EFD002000F020
:103F20008FFD40F2044000F087FD002000F088FD86
:103F3000FF2000F081FD012000F082FD4FF4817030
:103F400000F07AFD4FF4D87000F07AFD4FF4E26093
:103F500000F072FD102000F073FD40F2127000F0CE
:103F60006BFD0F2000F06CFD40F2527000F064FD1C
:103F70002F2000F065FD0220FCF7FDFE4FF460707D
:103F800000F05AFD40F2031000F05AFD40F281307B
:103F900000F052FD45F61B4000F052FD40F2823029
:103FA00000F04AFD40F6013000F04AFD40F2833057
:103FB00000F042FD40F2156000F042FD4FF46170E8
:103FC00000F03AFD40F2111000F03AFD40F2853069
:103FD00000F032FD40F2031000F032FD00E045E059
:103FE00040F2863000F028FD49F6174000F028FD29
:103FF00040F2873000F020FD40F2076000F020FD25
:104000004FF4627000F018FD40F2146000F018FDEB
:1040100040F2893000F010FD40F2111000F010FD68
:1040200040F2027000F008FD572000F009FDFF206B
:1040300000F002FD002000F003FD072000F0FCFC72
:104040004FF4807000F0FCFC0620FCF794FE4FF467
:10405000007000F0F1FC002000F0F2FC40F20120C2
:1040600000F0EAFC002000F0EBFC0DE28E484089F5
:1040700049F2263188427CD140F2027000F0DCFC2B
:1040800043F2080000F0DCFC40F2057000F0D4FCC4
:10409000362000F0D5FC40F20B7000F0CDFC41F270
:1040A000132000F0CDFC012000F0C6FC4FF480701E
:1040B00000F0C6FC022000F0BFFC4FF4807000F05E
:1040C000BFFCFEF707F9902000F0B6FC4FF400406B
:1040D00000F0B6FC082000F0AFFC40F2022000F037
:1040E000AFFC092000F0A8FC002000F0A9FC0C2087
:1040F00000F0A2FC002000F0A3FC0F2000F09CFCCC
:10410000002000F09DFC4FF4807000F095FC002032
:1041100000F096FC4FF4817000F08EFC002000F05F
:104120008FFC40F2031000F087FC002000F088FCB8
:104130001420FCF720FE4FF4807000F07DFC41F26B
:10414000901000F07DFC40F2011000F075FC40F290
:10415000272000F075FC0520FCF70DFE4FF4817060
:1041600000F06AFC9F2000F06BFC0520FCF703FECA
:1041700000E0C9E040F2031000F05EFC4FF4345060
:1041800000F05EFC40F2812000F056FC0E2000F0B2
:1041900057FC0520FCF7EFFD4FF4007000F04CFCDD
:1041A000002000F04DFC40F2012000F045FC002012
:1041B00000F046FC4FF4407000F03EFC002000F0A0
:1041C0003FFC40F2013000F037FC40F2077000F095
:1041D00037FC40F2023000F02FFC40F2066000F0A5
:1041E0002FFC40F2053000F027FC002000F028FCF6
:1041F00040F2063000F020FC4FF4506000F020FC4C
:1042000040F2073000F018FC40F2067000F018FC95
:104210004FF4427000F010FC052000F011FC40F259
:10422000093000F009FC072000F00AFC4FF443704D
:1042300000F002FC002000F003FC40F20D3000F022
:10424000FBFB0A2000F0FCFB4FF4806000F0F4FB65
:104250004FF4445000F0F4FB40F2014000F0ECFB5E
:10426000012000F0EDFB40F2044000F0E5FB0020EF
:1042700000F0E6FB4FF4A06000F0DEFB002000F051
:10428000DFFB40F2015000F0D7FB002000F0D8FB2C
:1042900040F2025000F0D0FB002000F0D1FB40F2D1
:1042A000035003E0000C01408811002000F0C4FB23
:1042B000002000F0C5FB40F2045000F0BDFB0020E0
:1042C00000F0BEFB40F2055000F0B6FB002000F00D
:1042D000B7FB102000F0B0FB102000F0B1FB112064
:1042E00000F0AAFB4FF4C06000F0AAFB202000F011
:1042F000A3FB022000F0A4FB072000F09DFB40F28E
:10430000731000F09DFBBFE0112000F095FB7820BA
:10431000FCF731FD362000F08FFBC02000F090FB51
:104320003A2000F089FB552000F08AFBB22000F013
:1043300083FB0C2000F084FB0C2000F081FB0020AC
:1043400000F07EFB332000F07BFB332000F078FB95
:10435000B72000F071FB462000F072FBBB2000F09C
:104360006BFB1B2000F06CFBC02000F065FB2C20D9
:1043700000F066FBC22000F05FFB012000F060FB54
:10438000C32000F059FB0F2000F05AFBC42000F0BE
:1043900053FB202000F054FBC62000F04DFB0F2003
:1043A00000F04EFBD02000F047FBA42000F048FBBB
:1043B000A12000F045FBD62000F03EFBA12000F03C
:1043C0003FFBE02000F038FBF02000F039FB00203C
:1043D00000F036FB062000F033FB042000F030FB39
:1043E000052000F02DFB052000F02AFB312000F015
:1043F00027FB442000F024FB482000F021FB36205E
:1044000000F01EFB122000F01BFB122000F018FB36
:104410002B2000F015FB342000F012FBE12000F00F
:104420000BFBF02000F00CFB0B2000F009FB0F2031
:1044300000F006FB0F2000F003FB0D2000F000FB56
:10444000262000F0FDFA312000F0FAFA432000F0B7
:10445000F7FA472000F0F4FA382000F0F1FA1420BF
:1044600000F0EEFA142000F0EBFA2C2000F0E8FA4D
:10447000322000F0E5FA212000F0DEFA292000F0D9
:10448000DBFA2C2000F0D8FA10BD00002DE9FF4F18
:1044900089B0894614469B460020029084480078E3
:1044A000844901EBC000406800F10360009082483D
:1044B00000EBCB00407806907F4800EBCB004068D3
:1044C0000490202C00DA2024A4F12000C4B2BBF117
:1044D000080F37D2DFE80BF0050C131A0421282F40
:1044E00000BF764810F8345000EBC400466830E056
:1044F000734810F8345000EBC400466829E0714856
:1045000010F8345000EBC400466822E06E4810F802
:10451000345000EBC40046681BE06C4810F834507F
:1045200000EBC400466814E0694810F8345000EB12
:10453000C40046680DE0674810F8345000EBC40032
:10454000466806E05D4810F8345000EBC400466849
:1045500000BF00BF0698C11700EB5171C1F3CF082F
:1045600005FB08F080B20790049806FB0800049051
:10457000002712E097FBF5F005FB107000FB0881A7
:1045800097FBF5F0401C081A80B203900498C15DB7
:10459000514A03981154781C87B207988742E9DB87
:1045A00006990998084480B2059009EB05001FFAA6
:1045B00080FA4A480078E0B14848808900F5A07048
:1045C0000599884205DC4548808900F5A07080B2D5
:1045D0000590BAF1F00F01DB4FF0F00A0598401E8C
:1045E00083B2AAF1010081B24846099A00F09EF90F
:1045F00013E00598F02801DBF0200590BAF5A07FC4
:1046000001DB4FF4A07AAAF1010083B20598401EA5
:1046100081B24A46099800F089F9002008903EE0EE
:10462000089800FB08F080B2039008984844C0EB5B
:104630000011099800EB011600272AE0039838447E
:104640002549085C0290002007901DE00799029818
:10465000084100F0010018B1169800F0F1F90EE0E1
:104660001F48007818B1179800F0EAF907E00098A1
:1046700050F816100191019988B200F0E1F9761C0A
:104680000798401C80B2079007980828DEDB781C4A
:1046900087B24745D2DB0898401C80B20890AAEB4D
:1046A000090108988142BBDC28460DB0BDE8F08FB7
:1046B00088110020585B00083C5201080C090108D1
:1046C000EC2D01085C360108444F0108CCD10008EC
:1046D000E0F90008505B000898010020724E0020AD
:1046E000100000202DE9FF4F87B00E466B48007880
:1046F0006B4901EBC000406800F10360009069491C
:104700000A9831F830900A9801EBC0004088049074
:104710000A9801EBC000406803900498C11700EBB1
:1047200051714FEAE10A09FB0AF085B2099A517802
:1047300010782A46FCF706FE039908440390039874
:1047400000F10360039000241FE0E11704EB917176
:104750008910A4EB810111B903980059019094FBD1
:10476000F9F009FB104000FB0AA194FBF9F0401C92
:10477000081A80B206900198C1B24B4A06981154AB
:104780000198000A0190601C84B2AC42DDDB049900
:10479000079808441FFA80FB06EB090087B24348DC
:1047A0000078C0B14148808900F5A070584505DC0B
:1047B0003E48808900F5A0701FFA80FBF02F00DBD7
:1047C000F027ABF1010083B2781E81B23046079A20
:1047D00000F0ACF812E0BBF1F00F01DB4FF0F00B92
:1047E000B7F5A07F01DB4FF4A077781E83B2ABF161
:1047F000010081B23246079800F098F84FF00008A7
:1048000045E008FB0AF080B2069006EB0800C0EB1A
:104810000011079800EB01100290002431E0069887
:1048200020442149085C0590002526E00598284190
:1048300000F0010018B1149800F002F915E01C48CE
:10484000007818B1159800F0FBF80EE00099029876
:1048500051F81000019005F0010010B10198000C12
:104860000190019988B200F0EBF805F0010010B159
:104870000298401C0290681C85B2082DD6DB601C93
:1048800084B25445CBDB08F101001FFA80F8B81B55
:104890004045B6DC48460BB0BDE8F08F88110020DB
:1048A000585B0008BC5C000898010020724E002094
:1048B000100000202DE9FE4F06460F46144698468C
:1048C000DDE90D9A3D4602964FF0000B27E0207877
:1048D00000B926E0207880280DDACDE9009A227808
:1048E00029460C9B0298FFF7D1FD284485B2B5F507
:1048F000A07F0FDB15E0CDE9009A224629460C9BEC
:104900000298FFF7EFFE284485B2B5F5A07F00DBE3
:1049100007E0641C641C0BF101001FFA80FBC34517
:10492000D5DB00BF2846BDE8FE8F000030B5054648
:104930000C463F48408949F22631884205D03C4820
:10494000408947F2937188422ED14FF4047000F0F1
:1049500073F8284600F074F840F2112000F06CF86B
:10496000204600F06DF840F2122000F065F8104685
:1049700000F066F840F2132000F05EF8184600F0F0
:104980005FF84FF4007000F057F8002000F058F87E
:1049900040F2012000F050F8002000F051F840F201
:1049A000022000F049F842E022480078F0B12A20C5
:1049B00000F042F8101200F043F8D0B200F040F8D6
:1049C000181200F03DF8D8B200F03AF82B2000F0B1
:1049D00033F8281200F034F8E8B200F031F8201271
:1049E00000F02EF8E0B200F02BF81DE02A2000F0D5
:1049F00023F8281200F024F8E8B200F021F8201281
:104A000000F01EF8E0B200F01BF82B2000F014F8C4
:104A1000101200F015F8D0B200F012F8181200F0E1
:104A20000FF8D8B200F00CF82C2000F005F830BDDB
:104A300088110020724E00204FF0C041088070475E
:104A400001490880704700000000026010B5322064
:104A5000FCF791F9FFF726FA0020FCF747FAA020AF
:104A6000FCF789F94FF400510148FDF700F810BD3B
:104A7000000C014008B54FF40050ADF800001020C4
:104A80008DF8030002208DF8020069463348FCF7D8
:104A9000A1FC4FF68070ADF8000018208DF80300DF
:104AA00002208DF8020069462D48FCF793FC4CF279
:104AB0000370ADF8000018208DF8030002208DF877
:104AC000020069462748FCF785FC4FF48050ADF89A
:104AD000000010208DF8030002208DF802006946C6
:104AE0001E48FCF777FC4FF40060ADF8000018207A
:104AF0008DF8030002208DF8020069461948FCF782
:104B000069FC8020ADF8000018208DF80300022019
:104B10008DF8020069461348FCF75CFC2020ADF8D4
:104B2000000018208DF8030002208DF8020069466D
:104B30000C48FCF74FFC1020ADF8000018208DF851
:104B4000030002208DF8020069460648FCF742FC8B
:104B50004FF400510148FCF78CFF08BD000C0140E8
:104B600000180140001401401FB5124800681249A6
:104B7000B0FBF1F0401E84B2684600F059F94FF4E2
:104B80007A700290ADF800400020ADF80C00019062
:104B900069460A4800F01EF90121084800F0F0F8C3
:104BA00001221146054800F00BF90121034800F0ED
:104BB000EAF81FBD8401002040420F0000040040BD
:104BC00008B51D208DF8000001208DF8010000209F
:104BD0008DF8020001208DF803006846FDF788FD7E
:104BE00008BD000010B50121594800F0D8F8002890
:104BF0007ED00121564800F0C3F856480068401C9A
:104C00005449086008468068401C886008468068EF
:104C1000B0F57A7F0DD350488078012802D14F48F3
:104C2000FEF7AEFB00204B49886008468089401C97
:104C30008881484880893C2804DB002045498881D8
:104C40000120C881464890F83300A8B1444890F844
:104C5000341190F83401401E414A82F8340159B9A8
:104C60000120114681F83501FCF76AF800203C4923
:104C700081F8350181F833003A48407BA8B13948C2
:104C8000407B401E3749487337484078022816D089
:104C90000846407B052190FBF1F201FB120070B940
:104CA000012030490871487109E02F4840780228F6
:104CB00005D01F202B494873012008718871FDF72A
:104CC00089FA2A48C08820B12848C088401E274950
:104CD000C8802748408920B125484089401E244982
:104CE00048812448C08830B12248C088401E00E076
:104CF0002DE02049C88017498888411E154A9180B7
:104D000018BB4FF47A701146888020211A48FCF7AE
:104D1000AEFE80211948FCF7AAFE08211748FCF7CF
:104D2000A6FE10211448FCF7A2FE1148C07920B15C
:104D30000F48C079401E0E49C8710D48808920B1C6
:104D40000B488089401E0A498881FBF7B5FD10BDDC
:104D500000040040984E002031010020A4110020E2
:104D60000E10002046110020881100201E01002096
:104D700094110020B41300200010014000080140ED
:104D8000CA430282704721B1028842F001020280C8
:104D900004E002884FF6FE731A400280704730B577
:104DA0000246002000230024158A05EA01039589A4
:104DB00005EA010413B10CB1012000E0002030BD70
:104DC0001AB183890B43838102E083898B438381FA
:104DD0007047000000220288104B98420ED0B0F1BC
:104DE000804F0BD00E4B984208D00E4B984205D006
:104DF0000D4B984202D00D4B984205D14FF68F7360
:104E00001A408B8813439AB202808B68C3620B8866
:104E100003858B7B0386012383827047002C01402E
:104E2000003401400004004000080040000C004035
:104E30004FF6FF71816000210180818141608173A3
:104E400070474FF47A72B0FBF2F302FB1302642353
:104E5000B2FBF3F230320A706422B0FBF2F302FBD1
:104E600013020A23B2FBF3F230324A700A22B0FB7B
:104E7000F2F302FB13023032CA702E228A7070479E
:104E800010B500F0FBF800F069F810BD10B540F265
:104E900025511D4800F0A3F818B31B4800F08CF909
:104EA000C4B240F22551184800F042F8174890F873
:104EB0003300FF281CDC154890F83501012817D075
:104EC000124890F8331090F83300401C0F4A82F8D3
:104ED000330002F1340044540420114681F83401B7
:104EE00006E00A48B0F83601401C0849A1F836012E
:104EF00040F22771044800F072F820B140F22771A7
:104F0000014800F015F810BD003801400E100020D7
:104F100008B525208DF8000000208DF801008DF8DF
:104F2000020001208DF803006846FDF7E1FB08BD93
:104F300001F40072B2F5007F00D100BFCA430280C5
:104F4000704721B1828942F40052828104E0828953
:104F50004DF6FF731A408281704700001FB5012192
:104F60000420FDF7ADFF01218803FDF7A9FF684686
:104F700000F07EF94FF4164000904FF48050ADF8E9
:104F800004000020ADF80600ADF80800ADF80C00F4
:104F90000C20ADF80A006946094800F0A1F801228A
:104FA00040F22551064800F044F8002240F22771F3
:104FB000034800F03EF801210148FFF7C2FF1FBD82
:104FC0000038014002460020B1F5007F00D100BF4B
:104FD00013880B400BB1012000E00020704770B532
:104FE0000246002400230025002040F66A16B14244
:104FF00000D100BFC1F3421501F01F03012606FADC
:1050000003F3012D02D19689334006E0022D02D12F
:10501000168A334001E0968A33400C12012606FAC4
:1050200004F41688344013B10CB1012000E00020D4
:1050300070BDF0B50346002400260025002040F690
:105040006A17B94200D100BF1846C1F3421401F0FB
:105050001F06012707FA06F5012C01D10C3004E0E8
:10506000022C01D1103000E014301AB107682F4330
:10507000076002E00768AF430760F0BD08B54FF472
:105080000070ADF8000002208DF8020010208DF8AD
:10509000030069461048FCF79DF94FF40070ADF825
:1050A000000002208DF8020018208DF803006946E8
:1050B0000A48FCF78FF94FF48060ADF80000042037
:1050C0008DF8030069460548FCF784F94FF4007138
:1050D0000148FCF7CCFC08BD00100140000801406D
:1050E0002DE9F04786B005460E460024A24600BFD3
:1050F000A1460027B08900B100BF2F462C8A4CF68C
:10510000FF700440F08804432C82AC894EF6F31003
:105110000440B08831890843718908430443AC8155
:10512000AC8A4FF6FF400440B0890443AC8201A82A
:10513000FDF7ECFE1F48874202D1DDF810A001E028
:10514000DDF80CA0A88900F4004040B10AEBCA00C9
:1051500000EB0A1031684900B0FBF1F807E00AEBF8
:10516000CA0000EB0A1031688900B0FBF1F8642036
:10517000B8FBF0F004012009642101FB1089A88923
:1051800000F4004040B1322000EBC900B0FBF1F068
:1051900000F00700044308E0322000EB091064210E
:1051A000B0FBF1F000F00F0004432C8106B0BDE825
:1051B000F08700000038014001468888C0F30800ED
:1051C000704700002DE9F04105460E46174625B907
:1051D0004FF400710A48FCF74CFC002405E0315DF7
:1051E000284600F00FF8601CC4B2BC42F7DB25B9BA
:1051F0004FF400710248FCF73AFCBDE8F081000072
:105200000010014070B504460D465CB929461348AC
:1052100000F02AF800BF40211048FFF7D3FE002815
:10522000F9D01AE0012C0BD129460D4800F01CF8EA
:1052300000BF40210A48FFF7C5FE0028F9D00CE066
:10524000022C0AD12946074800F00EF800BF402181
:105250000448FFF7B7FE0028F9D070BD00380140C0
:105260000044004000480040C1F3080282807047BB
:105270004FF41651016000218180C18001810C2111
:10528000418100218181704700BFFEE751B182005A
:10529000A2F1C042126842F001038200A2F1C042B2
:1052A000136009E08200A2F1C0421268034B1A4069
:1052B0008300A3F1C0431A6070470000FEFF0F0097
:1052C000D0E901121143C2681143026911434269D6
:1052D000114382691143C2691143026A1143426A50
:1052E0001143826A1143C26A1143026B114302687F
:1052F0009200A2F1C0421160816808290BD10168B7
:105300008900A1F1C041096841F0400201688900AB
:10531000A1F1C0410A60416B0968426B526841EAE1
:105320000211426B926841EA0221426B928941EA82
:105330000241426B128A41EA0251426B127D41EAFC
:105340000261426B926911430268521C9200A2F101
:10535000C0421160C16AB1F5804F1BD1816B0968F1
:10536000826B526841EA0211826B926841EA022123
:10537000826B128A41EA0251826B127D41EA02611C
:10538000826B9269114302689200A2F1C042C2F896
:10539000041107E06FF0704201688900A1F1C0417B
:1053A000C1F80421704700B59DB001210802FDF746
:1053B00067FD02200090002001901E200290002036
:1053C000039004900590069002200790002008901A
:1053D0000320099000200A900B900C900D900E90E5
:1053E0001020119000200F901090139012901590A3
:1053F00018904FF48050179080001990002016905C
:1054000014901A9007A81C90CDF86CD00EA8FFF746
:1054100057FF01210020FFF739FF1DB000BD02E05A
:1054200008C8121F08C1002AFAD17047704700202F
:1054300001E001C1121F002AFBD170470848094949
:10544000097800EB810080ED000A06480078401CD6
:105450000A2190FBF1F201FB12000249087070472B
:10546000A84E00207401002010B5194800780128CA
:1054700016D118484078C01C00EE100AB8EEC00AD9
:105480001548D0ED000AB4EEE00AF1EE10FA07D2AA
:1054900080211248FCF7EDFA00200D49087015E054
:1054A0000C484078401C00EE100AB8EEC00A0A48CA
:1054B000D0ED000AB4EEE00AF1EE10FA06DD80212C
:1054C0000648FCF7D4FA01200149087010BD00001D
:1054D0007D010020FA0F00200C0000200008014090
:1054E0002DE9F8430746884600260F25B8F1000F3E
:1054F00017D135483549098820F81170334800889C
:10550000401C1E2190FBF1F201FB12002F49088084
:105510002F4800681E2804DA2D480068401C2C49DA
:1055200008602A480688002447E0294800681E28A9
:1055300016DA254830F8140026494978884202DCFA
:105540004FF4FC6901E04FF6E0791F48CDF8009078
:1055500030F8143005221721284600F0A5F824E081
:10556000194830F816001B494978884202DC4FF48C
:10557000FC6901E04FF6E079A81D83B22A46542168
:105580001720FEF729FC1048CDF8009030F81630AF
:1055900005221721284600F087F8701C86B21E20CD
:1055A00096FBF0F100FB116086B2B5F5967F02DA4A
:1055B00005F1090085B2601CC4B205480068844248
:1055C000B3DBBDE8F8830000B20900201801002019
:1055D00014010020FA0F00209FED280AF0EE400A87
:1055E0009FED260AF0EE401A9FED240AB0EE402A05
:1055F0009FED220AB0EE403A002021E004EE100AAE
:10560000B8EEC44AB0EE440A1D4901EB800191EDA9
:10561000004AF0EE443A30EE804AF0EE440A31EEB1
:10562000A34AF0EE441AB0EE424A00EE234AB0EE2E
:10563000442AB0EE434A00EE004AB0EE443A401C21
:105640000A28DBDBB2EE040A23EE000AB0EE401AB1
:1056500000EEE01AB5EEC01AF1EE10FA02D19FED9D
:10566000070A7047B2EE040A22EE000A00EEE10AD1
:10567000C0EE012AB0EE620AF3E70000000000006D
:10568000A84E002006480078012802D1054948703C
:1056900003E000200349487000BF00BF70470000CE
:1056A0007C0100201C0100202DE9F04305460E4638
:1056B00017461C46DDF81C904FF000081E2C00DD3C
:1056C0001E24E81983B206EB440081B22A46304614
:1056D000FFF72CF94FF0000806E04846FFF7B0F955
:1056E00008F101001FFA80F8012000EB4400791C4A
:1056F00048434045F1DCBDE8F083000070B5054645
:1057000007482E18002408E03046FBF7E5FD054960
:1057100021F81400B61C601C84B2FF2CF4DD70BDAF
:1057200000F80308F84E002070B505460B482E1807
:10573000FBF7D6FD3046FBF7E5FC002408E00848FF
:1057400030F814103046FBF775FDB61C601C84B2AF
:10575000FF2CF4DDFBF764FD70BD000000F80308CA
:10576000F850002010B50446012C04D14021044813
:10577000FCF77DF903E040210148FCF77AF910BD00
:1057800000080140FEEE000AB4EEE00AF1EE10FA65
:1057900001D800207047DFED0E0AB4EEE00AF1EE0A
:1057A00010FA01D80120F5E7F6EE000AB4EEE00A9F
:1057B000F1EE10FA01DB0220ECE7DFED060AB4EEB1
:1057C000E00AF1EE10FA01DB0320E3E70420E1E751
:1057D000CDCCCCBDCDCCCC3D38B500245020FCF791
:1057E0009DFC14B9FCF7A0FC04462CB90022012151
:1057F0006846FCF767FC0446BDF80000001238BD9F
:1058000010B50446082C60D2DFE804F05F04111ED6
:105810002B38455220213448FCF729F91021324811
:10582000FCF725F980213148FCF723F95AE0802163
:105830002E48FCF71CF910212B48FCF718F9202101
:105840002948FCF716F94DE080212848FCF70FF9AC
:1058500020212548FCF70BF910212348FCF709F912
:1058600040E010212048FCF702F980211F48FCF796
:1058700000F920211C48FCF7FCF833E020211A48ED
:10588000FCF7F5F880211948FCF7F3F810211648C9
:10589000FCF7EFF826E080211448FCF7E8F8202117
:1058A0001148FCF7E6F810210F48FCF7E2F819E080
:1058B00080210E48FCF7DDF820210B48FCF7D9F8D1
:1058C00010210948FCF7D5F80CE080210748FCF7C7
:1058D000CEF820210448FCF7CAF810210248FCF752
:1058E000C6F800BF00BF10BD001001400008014015
:1058F000FAF7E6FDFEF7AAF9FDF758FC0120064984
:1059000088700020C870FCF787FD03E0FCF784FD79
:10591000FFF7B8FEFAE700003101002010B5044699
:10592000012C04D110210448FCF7A1F803E0102158
:105930000148FCF79EF810BD0008014010B5044670
:10594000012C04D120210448FCF791F803E0202128
:105950000148FCF78EF810BD000801400021234AE1
:105960001170D170224A1170204A51709170214AF1
:10597000117291711D4A117100202FE00022C0EBBD
:10598000C00101EB81031949891D01EB83018A7173
:10599000C0EBC00101EB81031449891D01EB8301B8
:1059A0008A80C0EBC00101EB81031149891D01EB25
:1059B00083018A71C0EBC00101EB81030C49891D91
:1059C00001EB83018A80C0EBC00101EB8103084930
:1059D000891D01EB8301CA71411CC8B20228CDDBCD
:1059E0000021054A5170034AD17170470E0B002007
:1059F000F0090020EE0F002094110020C50098004F
:105A00006B003E00110072012C01E600A0005A005C
:105A1000C50098006B003E0011004F010901C30052
:105A20007D0037000C000C00E1000C004001F0008C
:105A3000E100F0000000B0100000EF0000008F0156
:105A40000000010098100000EF0000008F0100002E
:105A50000001B0100000EF0000008F010000010104
:105A600098100000EF0000008F0100000002B0104D
:105A70000000EF0000008F010000010298100000FC
:105A8000EF0000008F010000000048000000EF0060
:105A900000008F0100000100E8002000AF010000BD
:105AA000EF002000000148000000EF0000008F011F
:105AB00000000101E8002000AF010000EF0020001D
:105AC000000248000000EF0000008F01000001020A
:105AD000E8002000AF010000EF002000FFFFDBDE48
:105AE000B6B592946D6B494A242100000204080166
:105AF000020408108601C3008601C300A6008900C5
:105B00006C00A60089006C0097007A005D00970089
:105B10007A005D0023010601E90023010601E90086
:105B2000640147012A01A100840067006500480064
:105B30002B00BF00A2008500000000000000000054
:105B40000000000000000000000000000000000055
:105B50000000000000000000F00040010000100004
:105B6000F000400100001300F000400100001600AA
:105B7000F0004001000019002D00250000001C006D
:105B80002D00250000101C00F000400100001D0049
:105B9000F000400100002000F00040010000230060
:105BA000F000400100002600F00040010000290044
:105BB000F000400100002C002D00250000002F0007
:105BC0002D00250000102F00F000400100003000E3
:105BD000F000400100003300F000400100003600FA
:105BE0002F002400006251002F0024000084510087
:105BF0002F00240000A651002F00240000C85100EF
:105C00002F00240000EA51002F002400000C520055
:105C10002F002400002E52002F00240000505200BC
:105C20002F002400007252002F0024000094520024
:105C30002F00240000B652002F00240000D852008C
:105C40002F00240000FA52002F002400001C5300F3
:105C50002F002400003E53002F002400006053005A
:105C60002F002400008253002F00240000A45300C2
:105C70002F00240000C653002F00240000E853002A
:105C80002F002400000A54002F002400002C540090
:105C90002F002400004E540000000000B4000E014C
:105CA000B20062008A006200620062003A00620094
:105CB0001C00620096001800180027011800180048
:105CC00000001F00280028000060270010001000BE
:105CD00000A03E00200020000060420018001800D4
:105CE000003B550000000000000000000000000024
:105CF00000000000000000000000000000000000A4
:105D00000000000000000000000000000000000093
:105D10000000000000000000000000000000000083
:105D20000000000000000000000000000000000073
:105D30000000000000000000000000000000000063
:105D40000000000000000000000000000000000053
:105D50000000000000000000000000000000000043
:105D60000000000000000000000000000000000033
:105D70000000000000000000000000000000000023
:105D80000000000000000000000000000000000013
:105D90000000000000000000000000000000000003
:105DA00000000000000000000000000000000000F3
:105DB00000000000000000000000000000000000E3
:105DC00000000000000000000000000000000000D3
:105DD00000000000000000000000000000000000C3
:105DE00000000000000000000000000000000000B3
:105DF00000000000000000000000000000000000A3
:105E00000000000000000000000000000000000092
:105E10000000000000000000000000000000000082
:105E20000000000000000000000000000000000072
:105E30000000000000000000000000000000000062
:105E40000000000000000003030300000000000049
:105E50000000000000000000000000000000000042
:105E6000000000000000000000FFFFFFFFFF000037
:105E70000000000000000000000000000000000022
:105E8000000000000000000000000000FFFFFFFF16
:105E9000FF00000000000000000000000000000003
:105EA000000000000000000000000000000000E012
:105EB000FFFFFF8000000000000000000000000065
:105EC00000000000000000000000000000000000D2
:105ED000000000F0F8F000000000000000000000EA
:105EE00000000000000000000000000000000000B2
:105EF00000000000000F3F3F3F0F000000000000C7
:105F00000000000000000000000000000000000091
:105F1000000000000000000080E0E0E080000000E1
:105F20000000000000000000000000000000000071
:105F30000000000000000000000000000000000061
:105F40000000000000000000000000000000000051
:105F50000000000000000000000000000000000041
:105F60000000000000000000000000000000000031
:105F70000000000000000000000000000000000120
:105F80000101010101000001010101010100000006
:105F90000000000000000000000000000000000001
:105FA0000000FFFFFFFFFFFF0000FFFFFFFFFFFFFD
:105FB00000000000000000000000000000000000E1
:105FC0000000000000C0FCFCFCFCC00000C0FCFCA9
:105FD000FCFCC00000000000000000000000000009
:105FE00000000000000000000000000000000000B1
:105FF00000000000000000000000000000000000A1
:106000000000000000000000000000000000000090
:106010000000000000000000000000000000000080
:106020000000000000000000000000000000000070
:106030000000000000000000000000000000000060
:106040000000000000000000000000000000000050
:106050000000000000000000000000000000000040
:106060000000000000000000000000000000000030
:106070000000000000000000000000000000000020
:106080000000000000000000000000000000000010
:106090000000000000000000000000000000000000
:1060A00000000000000000000000000000000000F0
:1060B00000000000000000000000000000000001DF
:1060C00003030100000000030303000000000000C0
:1060D00000000000000000000000000000000000C0
:1060E0000007FFFFFFF00000001FFFFFFF000000A0
:1060F0000000000000000000000000000000001E82
:106100003F3F3F3FFFFFFFFF3F3F3F3FFFFFFFFF9F
:106110003F1E000000000000000000000000000022
:10612000000000000001FFFFFFF80000000FFFFF6C
:10613000FFE0000000000000000000000000000080
:1061400000000000001E3F3FFFFFFFFF3F3F3F3FBB
:10615000FFFFFFFF3F3F3F1E000000000000000068
:1061600000000000000000000000FFFFFFFC000036
:106170000007FFFFFFF0000000000000000000002B
:1061800000000000000000000000000080E0E0E0EF
:1061900000000000C0E0E0C00000000000000000BF
:1061A00000000000000000000000000000000000EF
:1061B00000000000000000000000000000000000DF
:1061C00000000000000000000000000000000000CF
:1061D00000000000000000000000000000000000BF
:1061E00000000000000000000000000000000000AF
:1061F00000000000000000000001030303FFFF0394
:106200000301010000000000000000000000000089
:106210000000000000000000071F7FFFFEFCF8F0F8
:10622000FFFFF0F8FEFFFF3F0F000000000000003E
:106230000000000000000000000000FEFFFFFF075C
:10624000030100FFFF000000E0F0F0E000000000AC
:10625000000000000000000000000000000000C07E
:10626000E0F0F8FCFCFEFFFF7F7F3F1F1F0F0300E5
:10627000000000000000000000000000000000001E
:10628000071F1F1F0300000000FFFF80C0E0F0FF9A
:10629000FFFF7F0000000000000000000000000081
:1062A00000000080F8FEFFFF7F1F0F07FFFF0307BE
:1062B0000F3FFFFFFCE000000000000000000000B6
:1062C00000000000000000000080C0C0E0E0F0FF1F
:1062D000FFF0F0E0C08000000000000000000000BF
:1062E00000000000000000000000000000000000AE
:1062F0000000FEFE000000000000000000000000A2
:10630000000000000000000000000000000000008D
:10631000000000000000000000000000000000007D
:10632000000000000000000000000000000000006D
:106330000000000101010100000000000000000059
:10634000000000000001010000000000000000004B
:106350000000073FFFFFF8E0E0F8FFFF3F07000005
:106360000000000000031F7FF8E0000000000000B4
:106370000000000000FFFFFFFF00000000FFFFFF24
:10638000FF00000000031F7FF8E000000000000095
:10639000000000000000000000E0F0F8F83C38F8D1
:1063A000F8F0C00000031F7FF8E000010307070FAB
:1063B00007070703010000000000000000000000C4
:1063C0000000000000031F7FFCE00000003FFFFF13
:1063D000FFC00000C0FFFFFF3F0000000000000002
:1063E0000000000000031F7FFCE000000000000030
:1063F000F8FFFFFF07010107FFFFFFF800000000A3
:106400000000000000000070F0E00000000000004C
:10641000000000000080C0E0E0E0E0C0800000007C
:10642000000000000000000000000000000000006C
:10643000000000000000000000000000000000005C
:10644000000000000000000000000000000000004C
:10645000000000000000000000000000000000003C
:10646000000000000000000000000000000000002C
:106470000000010103030303030101000000000009
:10648000000000000000000000000000000000000C
:1064900000001F7FFFFFFCF8F0F0F0FCFFFFFF3F64
:1064A0000F000000000000000000000000000000DD
:1064B0000000000000FCFFFFFF3F0701070F1FFF68
:1064C000FFFEFCF0000000000000000000000000E3
:1064D00000000000000003071F1FFFFFFEFFFFFF7B
:1064E000FFCFC301000000030F0F0F0300000000E7
:1064F000000000000000003FFFFFFFFFE080000001
:1065000000C0F0FCFEFFFF7F3F3FFFFFFFF8800071
:1065100000000000000000000000E0F8FEFFFF7F28
:106520001F0F070707070F1FFFFFFFFEFCFEFFFF00
:106530007F1F0F03000000000000000000000000AB
:106540000080C0C0E0E0E0E0E0E0C0C0800000000B
:106550000000C0E0E0E0800000000000000000005B
:10656000000000000000000000000000000000002B
:10657000000000000000000000000000000000001B
:10658000000000000000000000000000000000000B
:1065900000000000000000000000000000000000FB
:1065A00000000000000101010101010000000000E5
:1065B00000000000000000000000000000000000DB
:1065C0000000000000000000FFFFFFFFFFFF0000D1
:1065D00000000000000000000000000000000000BB
:1065E0000000000000000000000000C0FCFCFCFCFB
:1065F000C0000000000000000000000000000000DB
:10660000000000000000000000000000000000008A
:10661000000000000000000000000000000000007A
:10662000000000000000000000000000000000006A
:10663000000000000000000000000000000000005A
:10664000000000000000000000000000000000004A
:10665000000000000000000000000000000000003A
:10666000000000000000000000000000000000002A
:10667000000000000000000000000000000000001A
:10668000000000000000000000000000000000000A
:1066900000000000000000000000000000000000FA
:1066A00000000000000000000000000000000000EA
:1066B00000000000000000000000000000000000DA
:1066C00000000000000000000000000000000000CA
:1066D00000000000000000000000000000000000BA
:1066E00000000000000000010303000000000000A3
:1066F000000000000000000000000000000000009A
:1067000000000000000000031F7FFFFCC00000002D
:106710000000000000000000000000000000000079
:106720000000000000000000077FFFFFFFE0000006
:106730000000000000000000000000000000000059
:10674000000000000000000000001FFFFFFFFFC06E
:106750000000000000000000000000000000000039
:1067600000000000000000000000000000FFFFFF2C
:10677000FFFF00000000000000000000000000001B
:106780000000000000000000000000000000000009
:10679000E0FFFFFFFF0F000000000000000000000E
:1067A00000000000000000000000000000000000E9
:1067B0000000000080F8FFFFFF1F00000000000045
:1067C00000000000000000000000000000000000C9
:1067D00000000000000000000000E0F8FEFF0F00D5
:1067E00000000000000000000000000000000000A9
:1067F0000000000000000000000000000000000099
:106800000000000000000000000000000000000088
:106810000000000000000000000000000303010071
:106820000000000000000000000000000000000068
:10683000000000000000000000000000000000C098
:10684000FCFF7F1F030000000000000000000000AC
:106850000000000000000000000000000000000038
:1068600000000000E0FFFFFF7F07000000000000C5
:106870000000000000000000000000000000000018
:106880000000000000000000C0FFFFFFFF1F00002D
:1068900000000000000000000000000000000000F8
:1068A000000000000000000000000000FFFFFFFFEC
:1068B000FF000000000000000000000000000000D9
:1068C000000000000000000000000000000007FFC2
:1068D000FFFFFFE0000000000000000000000000DB
:1068E00000000000000000000000000000000000A8
:1068F0001FFFFFFFF8800000000000000000000004
:106900000000000000000000000000000000000087
:10691000000FFFFEF8E00000000000000000000093
:106920000000000000000000000000000000000067
:106930000000000000000000000000000000000057
:106940000000000000000000000000000000000047
:10695000000000000000000000000000070F07001A
:106960000000000000000000000000000000000027
:106970000000000000000000001E3E1F0F0F07FF78
:10698000FFFF070F0F1F3E1E000000000000000069
:1069900000000000000000000000000000000107EF
:1069A0009FBFFCE0FCBF9F0701000000000000004B
:1069B00000000000000000000000000000000000D7
:1069C00000C0E0E08000000080E0E0C000000000C7
:1069D00000000000000000000000000000000000B7
:1069E00000000000000000000000000000000000A7
:1069F0000000000000000000000000000000000097
:106A00000000000000000000000000000000000086
:106A10000000000000000000000000000000000076
:106A20000000000000000000000000000000000066
:106A30000000000000000000000000000000000056
:106A40000000000000000000000000000000000046
:106A50000000000000000000000000000000000036
:106A60000000000000000000000000000000000026
:106A70000000000000000000000000000000000016
:106A80000000000000000000000000000000000006
:106A900000000000000000000000000000000000F6
:106AA00000000000000000000000000000000000E6
:106AB00000000000000000000000000303030303C7
:106AC00000000000000000000000000000000000C6
:106AD0000000000000000000000000000000FFFFB8
:106AE000FFFFFF00000000000000000000000000A9
:106AF000000000000000000000007F7F7F7F7F7F9C
:106B00007FFFFFFFFFFF7F7F7F7F7F7F7F00000092
:106B100000000000000000000000000000808080F5
:106B200080808080FFFFFFFFFF80808080808080EA
:106B30000000000000000000000000000000000055
:106B400000000000000000F8F8F8F8F8000000006D
:106B50000000000000000000000000000000000035
:106B60000000000000000000000000000000000025
:106B70000000000000000000000000000000000015
:106B80000000000000000000000000000000000005
:106B900000000000000000000000000000000000F5
:106BA00000000000000000000000000000000000E5
:106BB00000000000000000000000000000000000D5
:106BC00000000000000000000000000000000000C5
:106BD00000000000000000000000000000000000B5
:106BE00000000000000000000000000000000000A5
:106BF0000000000000000000000000000000000095
:106C00000000000000000000000000000000000084
:106C10000000000000000000000000000000000074
:106C20000000000000000000000000000000000064
:106C30000000000000000000000000000000000054
:106C40000000000000000000000000000000000044
:106C50000000000000000000000000000000000034
:106C60000000000000000000000000000000000024
:106C700000000000000000000000000000071F1FCF
:106C80000F070000000000000000000000000000EE
:106C900000000000000000000000000000000000F4
:106CA000C0F0FFFFFE000000000000000000000038
:106CB00000000000000000000000000000000000D4
:106CC00000000078F8F0C0000000000000000000A4
:106CD00000000000000000000000000000000000B4
:106CE00000000000000000000000000000000000A4
:106CF0000000000000000000000000000000000094
:106D00000000000000000000000000000000000083
:106D10000000000000000000000000000000000073
:106D20000000000000000000000000000000000063
:106D30000000000000000000000000000000000053
:106D40000000000000000000000000000000000043
:106D50000000000000000000000000000000000033
:106D60000000000000000000000000000000000023
:106D700000000E1F1F3F3F3F3F3F3F3F3F3F3F3F12
:106D80003F3F3F3F3F3F3F3F3F3F1F1F0E00000041
:106D900000000000000000008080808080808080F3
:106DA0008080808080808080808080808000000063
:106DB00000000000000000000000000000000000D3
:106DC00000000000000000000000000000000000C3
:106DD00000000000000000000000000000000000B3
:106DE00000000000000000000000000000000000A3
:106DF0000000000000000000000000000000000093
:106E00000000000000000000000000000000000082
:106E10000000000000000000000000000000000072
:106E20000000000000000000000000000000000062
:106E30000000000000000000000000000000000052
:106E40000000000000000000000000000000000042
:106E50000000000000000000000000000000000032
:106E60000000000000000000000000000000000022
:106E70000000000000000000000000000000000012
:106E80000000000000000000000000000000000002
:106E900000000000000000000000000000000000F2
:106EA00000000000000000000000000000000000E2
:106EB00000000000000000000000000000000000D2
:106EC00000000000000000000000000000000000C2
:106ED00000000000000000000000000000000000B2
:106EE00000000000000000000000000000000000A2
:106EF0000000000F3F3F3F0F0000000000000000B7
:106F00000000000000000000000000000000000081
:106F100000000000000080E0E0E0800000000000D1
:106F20000000000000000000000000000000000061
:106F30000000000000000000000000000000000051
:106F40000000000000000000000000000000000041
:106F50000000000000000000000000000000000031
:106F60000000000000000000000000000000000021
:106F70000000000000000000000000000000000011
:106F800000000003030100000000000000000000FA
:106F900000000000000000000000000000000000F1
:106FA00000000000017FFFFFF8000000000000006B
:106FB00000000000000000000000000000000000D1
:106FC00000000000000001FFFFFFF00000000000D3
:106FD00000000000000000000000000000000000B1
:106FE000000000000000000003FFFFFFE0000000C1
:106FF0000000000000000000000000000000000091
:107000000000000000000000000007FFFFFFC000BC
:107010000000000000000000000000000000000070
:107020000000000000000000000000000FFFFFFF54
:1070300080000000000000000000000000000000D0
:10704000000000000000000000000000000000C080
:10705000E0E0000000000000000000000000000070
:107060000000000000000000000000000000000020
:107070000000000000000000000000000000000010
:107080000000000000000000000000000000000000
:1070900000000000000000000000000000000000F0
:1070A00000000000000000000000000000000000E0
:1070B00000000000000000000000000000000000D0
:1070C00000000000010101010101010000000000B9
:1070D00000000000000000000000000000000003AD
:1070E0000F1F3F7FFFFFFEFCF8F8F8F8F8FCFEFFEB
:1070F0007F7F3F1F0703000000000000000000002A
:1071000007FFFFFFFFFFFFF8800000000000000006
:10711000000080F0FFFFFFFFFF7F0700000000007E
:10712000000000FFFFFFFFFFFFFF00000000000066
:1071300000000000000000FFFFFFFFFFFFFF000056
:10714000000000000000F8FFFFFFFFFFFF07000046
:1071500000000000000000000007FFFFFFFFFFFF2E
:10716000F800000000000000000080F0F8FEFFFFC3
:10717000FF7F1F0F07070707070F1F7FFFFFFFFE98
:10718000FCF0C00000000000000000000000000053
:1071900000008080C0C0E0E0E0E0E0E0E0C0C0804F
:1071A000800000000000000000000000000000005F
:1071B00000000000000000000000000000000000CF
:1071C00000000000000000000000000000000000BF
:1071D00000000000000000000000000000000000AF
:1071E000000000000000000000000000000000009F
:1071F000000000000000000000000000000000008F
:10720000000000000101010100000000000000007A
:10721000000000000000000000000000000000006E
:10722000000103070F3F7FFFFFFFFF7F000000000B
:107230000000000000000000000000000F1F3F3FA2
:107240007F7FFEFEFCF8F0E0FFFFFFFFFFFFFF0087
:10725000000000000000000000000000000000002E
:107260008080800000000000000000FFFFFFFFFFA3
:10727000FFFF000000000000000000000000000010
:107280000000000000000000000000000000FFFF00
:10729000FFFFFFFFFF0000000000000000000000F3
:1072A00000000000000000000000000000000000DE
:1072B00000FFFFFFFFFFFFFF0000000000000000D5
:1072C00000000000000000000000000000000000BE
:1072D0000000000080C0E0E0E0C08000000000008E
:1072E000000000000000000000000000000000009E
:1072F000000000000000000000000000000000008E
:10730000000000000000000000000000000000007D
:10731000000000000000000000000000000000006D
:10732000000000000000000000000000000000005D
:107330000000000000000000000001010101010147
:10734000010100000000000000000000000000003B
:1073500000000000030F1F3F7F7FFFFFFEFCF8F8D7
:10736000F8F8F8FCFCFEFFFF7F7F3F0F07000000EE
:1073700000000000000078FCFEFEFEFCF8C00000EB
:1073800000000000000000000083FFFFFFFFFFFF80
:10739000FE000000000000000000000000000000EF
:1073A00000000000000103070F1F3F7FFFFFFEFCEE
:1073B000F8F0C00000000000000000000000000025
:1073C0000103070F1F3F7FFFFFFEFCF8F0E0C080C6
:1073D00000000000000000000000000000000007A6
:1073E0001F7FFFFFFFFFFFFFEFCF8F0F0F0F0F0F6D
:1073F0000F0F0F0F0F0F0F0F0F07030000000000FC
:10740000000080C0E0E0E0E0E0E0E0E0E0E0E0E0BC
:10741000E0E0E0E0E0E0E0E0E0E0E0E0C0800000AC
:10742000000000000000000000000000000000005C
:10743000000000000000000000000000000000004C
:10744000000000000000000000000000000000003C
:10745000000000000000000000000000000000002C
:10746000000000000000000000000000000000001C
:107470000000000001010101010101010100000003
:1074800000000000000000000000000000000007F5
:107490000F1F3F7F7FFFFEFCF8F8F8F8F8FCFCFEBA
:1074A000FFFF7F7F3F0F030000000000000000008F
:1074B0000000E0F0F0F0F0C000000000000000006C
:1074C000010307FFFFFFFFFFFEFC000000000000BC
:1074D0000000000000000000000000387CFCFCFC04
:1074E000FCFCFCFCFEFEFFFFFFDF8F07030100003A
:1074F00000000000000001070F1F1F0F0700000021
:1075000000000000000000000000C0FFFFFFFFFFC0
:10751000FF7F0000000000000000E0F8FCFEFFFF1D
:10752000FF3F1F0F0707070707070F1F3FFFFFFF5B
:10753000FFFEF8F0800000000000000000000000E6
:1075400000008080C0C0E0E0E0E0E0E0E0E0C0C03B
:10755000C0800000000000000000000000000000EB
:10756000000000000000000000000000000000001B
:10757000000000000000000000000000000000000B
:1075800000000000000000000000000000000000FB
:1075900000000000000000000000000000000000EB
:1075A00000000000000000000000000000000000DB
:1075B00000000000000000010303030301000000BD
:1075C00000000000000000000000000000000000BB
:1075D000000000000003071F3FFFFFFFFFFFFFFF4A
:1075E000FF0000000000000000000000000000009C
:1075F000000001030F1F7FFFFFFCF8E0C0FFFFFF4B
:10760000FFFFFFFF0000000000000000000000007E
:1076100001070F3F7FFFFFFCF0E08000000000004B
:10762000FFFFFFFFFFFFFF00000000000000000061
:107630001E3FFFFFFFFFFFFF9F1F1F1F1F1F1F1F7B
:107640001F1F1FFFFFFFFFFFFFFF1F1F1F1F0F0752
:10765000000000008080C0C0C0C0C0C0C0C0C0C0AA
:10766000C0C0C0C0C0C0FFFFFFFFFFFFFFC0C0C061
:10767000C0800000000000000000000000000000CA
:1076800000000000000000000080C0E0E0E0C080DA
:1076900000000000000000000000000000000000EA
:1076A00000000000000000000000000000000000DA
:1076B00000000000000000000000000000000000CA
:1076C00000000000000000000000000000000000BA
:1076D00000000000000000000000000000000000AA
:1076E0000000000000000001010101010101010191
:1076F0000101010101010101010100000000000080
:1077000000000000000000033FFFFFFFFFFFFCFC44
:10771000FCFCFCFCFCFCFCFCFCFCFCFCFCF8700035
:1077200000000000000000000007FFFFFFFFFFFF58
:10773000C001010103030303030301010100000071
:1077400000000000000000000000001CFFFFFFFF21
:10775000FFFEFCFCF8F0F0F0F0F0F0F8FCFEFFFFAC
:10776000FF7F3F1F0700000000000000000103072B
:1077700007070301000000000000000000000000F7
:107780000080FFFFFFFFFFFFFF0000000000000080
:10779000C0F0FCFEFFFFFF7F3F1F0F070707070733
:1077A000070F1F3FFFFFFFFEFCF8E0000000000096
:1077B00000000000000000008080C0C0E0E0E0E0C9
:1077C000E0E0E0E0E0C0C0C0800000000000000099
:1077D00000000000000000000000000000000000A9
:1077E0000000000000000000000000000000000099
:1077F0000000000000000000000000000000000089
:107800000000000000000000000000000000000078
:107810000000000000000000000000000000000068
:107820000000000000000001010101010101010050
:107830000000000000000000000000000000000048
:107840000000030F1F3F7F7FFFFEFCFCF8F8F8F8F5
:10785000FCFCFEFF7F7F3F1F0700000000000000D0
:107860000000013FFFFFFFFFFFFFE0800001010379
:1078700003030303030181C1E0E0E0C00000000056
:107880000000000000FFFFFFFFFFFFFF9F3F7EFCA7
:10789000F8F0F0F0F0F0F8F8FEFFFFFF7F3F1F0771
:1078A0000000000000000000F8FFFFFFFFFFFFFFE7
:1078B00080000000000000000000000080FFFFFFCB
:1078C000FFFFFFFF000000000000000080E0F8FC68
:1078D000FFFFFFFF3F1F0F07070707070F1F3FFFB0
:1078E000FFFFFFFCF8E000000000000000000000C7
:1078F000000000000080C0C0C0E0E0E0E0E0E0E0A8
:10790000C0C0C080000000000000000000000000B7
:107910000000000000000000000000000000000067
:107920000000000000000000000000000000000057
:107930000000000000000000000000000000000047
:107940000000000000000000000000000000000037
:107950000000000000000000000001010101010121
:107960000101010101010101010101010101010107
:10797000010100000000000000000000F0F8FCFC25
:10798000FCFCFCFCFCFCFCFCFCFCFCFCFCFCFFFF31
:10799000FFFFFFFFFFFC7800000000000000000078
:1079A00000000000000000000000000003071F7F2F
:1079B000FFFFFFFCF0E0800000000000000000007E
:1079C000000000000000000000000001073FFFFF72
:1079D000FFFFFEF0C00000000000000000000000FB
:1079E000000000000000000000000000073FFFFF53
:1079F000FFFFFFFFE00000000000000000000000AB
:107A000000000000000000000000000000007FFFF8
:107A1000FFFFFFFFFFFC000000000000000000006F
:107A20000000000000000000000000000000000056
:107A30000080C0E0E0E0C080000000000000000026
:107A40000000000000000000000000000000000036
:107A50000000000000000000000000000000000026
:107A60000000000000000000000000000000000016
:107A70000000000000000000000000000000000006
:107A800000000000000000000000000000000000F6
:107A900000000000000000000000000001010101E2
:107AA00001010101000000000000000000000000D2
:107AB00000000000000000071F3F3F7FFFFFFEFCAB
:107AC000F8F8F8F8F8F8FCFEFFFF7F3F3F0F0700DB
:107AD000000000000000000000F0FEFFFFFFFFFFBD
:107AE000070301000000000000010307FFFFFFFF84
:107AF000FFFEF00000000000000000000103078FFF
:107B0000DFFFFFFFFEFEFCFCFCFCFCFCFEFFFFFFBA
:107B1000FFDF8F07030100000000000000003FFFAF
:107B2000FFFFFFFFFFC0000000000000000000009A
:107B30000080C0FFFFFFFFFFFF3F000000000000CC
:107B400000C0F0FCFEFFFFFFFF3F1F0F0707070706
:107B500007070F1F3FFFFFFFFFFEFCF0C000000004
:107B60000000000000000000008080C0C0C0E0E015
:107B7000E0E0E0E0E0E0C0C0C08080000000000085
:107B800000000000000000000000000000000000F5
:107B900000000000000000000000000000000000E5
:107BA00000000000000000000000000000000000D5
:107BB00000000000000000000000000000000000C5
:107BC00000000000000000000000000000000000B5
:107BD000000000000000010101010101010000009E
:107BE0000000000000000000000000000000000095
:107BF00001070F3F3F7FFFFFFEFCF8F8F8F8F8FCA5
:107C0000FEFFFF7F3F3F0F07010000000000000064
:107C100000003FFFFFFFFFFFFFC00000000000006B
:107C20000000000000C0FFFFFFFFFFFF7F07000014
:107C30000000000000C0F8FEFFFFFFFF7F1F0F07DE
:107C40000303030303070F1F7FFEFFFFFFFFFFFF79
:107C5000FF000000000000000000000181C1E0E022
:107C6000E0F0F0F0F0F0F0E0E0C080017FFFFFFF17
:107C7000FFFFFFE0000000000000000020FCFEFF0E
:107C8000FFFF7F1F0F0F070707070F0F1F3FFFFFA4
:107C9000FFFEFCF0C000000000000000000000003B
:107CA0000000008080C0C0E0E0E0E0E0E0E0E0C094
:107CB000C080800000000000000000000000000004
:107CC00000000000000000000000000000000000B4
:107CD00000000000000000000000000000000000A4
:107CE0000000000000000000000000000000000094
:107CF0000000000000000000000000000000000084
:107D00000000000000000000000000000000000073
:107D10000000000000000000000000000000000063
:107D20000000000000000000000000000000000053
:107D30000000000000000000000000000000000043
:107D400000000000000000000000000000000F3FE5
:107D50003F3F0F0000000000000000000000000096
:107D60000000000000000000000000000000000013
:107D70000080E0E0E0800000000000000000000063
:107D800000000000000000000000000000000000F3
:107D900000000000000000000000000000000000E3
:107DA00000000000000000000000000000000000D3
:107DB000000000000000000F3F3F3F0F00000000E8
:107DC00000000000000000000000000000000000B3
:107DD0000000000000000000000080E0E0E0800003
:107DE0000000000000000000000000000000000093
:107DF0000000000000000000000000000000000083
:107E00000000000000000000000000000000000072
:107E10000000000000000000000000000000000062
:107E20000000000000000000000000000000000052
:107E30000000000000000000000000000000000042
:107E40000000000000000000000000000000000032
:107E50000000000000000000000000000000000022
:107E60000000000000000000000000000000000012
:107E70000000000000000000000000000000000002
:107E80000000000000000000000F3F3F3F0F000017
:107E900000000000000000000000000000000000E2
:107EA00000000000000000000000000080E0E0E0B2
:107EB0008000000000000000000000000000000042
:107EC00000000000000000000000000000000000B2
:107ED00000000000000000000000000000000000A2
:107EE0000000000000000000000000000000000092
:107EF00000000F1F1F0F070000000000000000001F
:107F00000000000000000000000000000000000071
:107F10000000000000E0F1FFFFFE00000000000094
:107F20000000000000000000000000000000000051
:107F3000000000000000000078F8F0C00000000021
:107F40000000000000000000000000000000000031
:107F50000000000000000000000000000000000021
:107F60000000000000000000000000000000000011
:107F70000000000000000000000000000000000001
:107F800000000000000000000000000000000000F1
:107F900000000000000000000000000000000000E1
:107FA00000000000000000000000000000010103CC
:107FB000070F0000000000000000000000000000AB
:107FC000000000000001010307070F1F3F3F7FFF74
:107FD000FFFEFCFCF80000000000000000000000B4
:107FE0000000000000007FFFFFFFFFFFF3F3E1C090
:107FF000C080000000000000000000000000000041
:1080000000000000000000000080C0E0E0F0F8F890
:10801000FCFEFFFF7F3F3F1F0F0F07000000000027
:108020000000000000000000000000000000000050
:108030000000000000000080C0E0E0F0F8FC00005C
:108040000000000000000000000000000000000030
:108050000000000000000000000000000000000020
:108060000000000000000000000000000000000010
:108070000000000000000000000000000000000000
:1080800000000000000000000000000000000000F0
:1080900000000000000000000000000000000000E0
:1080A00000000000000000000000000000000000D0
:1080B00000000000000000000000000000000000C0
:1080C00000000000000000000000000000000000B0
:1080D00000000000000000000000000000000000A0
:1080E0000000000000000000000000000000000090
:1080F00000000000000000000000000000001F1F42
:108100001F1F1F1F1F1F1F1F1F1F1F1F1F1F1F1F7F
:10811000000000000000000000000000000000005F
:1081200000E0E0E0E0E0E0E0E0E0E0E0E0E0E0E02F
:10813000E0E0E0000000000000000000000000009F
:1081400000000000FFFFFFFFFFFFFFFFFFFFFFFF3B
:10815000FFFFFFFFFFFF0000000000000000000025
:10816000000000000000000000000000000000000F
:1081700000000000000000000000000000000000FF
:1081800000000000000000000000000000000000EF
:1081900000000000000000000000000000000000DF
:1081A00000000000000000000000000000000000CF
:1081B00000000000000000000000000000000000BF
:1081C00000000000000000000000000000000000AF
:1081D000000000000000000000000000000000009F
:1081E000000000000000000000000000000000008F
:1081F000000000000000000000000000000000007F
:10820000000000000000000000000000000000006E
:108210000000000000000F07030101000000000043
:10822000000000000000000000000000000000004E
:10823000000000000000000000F8FCFCFEFFFF7FD3
:108240003F3F1F0F0F070301010000000000000067
:10825000000000000000000000000000000000001E
:10826000000080C0C0E1F3F3FFFFFFFFFF7F0000CD
:1082700000000000000000000000000000000007F7
:108280000F0F1F3F3F7FFFFFFEFCF8F8F0E0C0C07C
:10829000800000000000000000000000000000005E
:1082A0000000FCF8F0E0E0C08000000000000000EA
:1082B00000000000000000000000000000000000BE
:1082C00000000000000000000000000000000000AE
:1082D000000000000000000000000000000000009E
:1082E000000000000000000000000000000000008E
:1082F000000000000000000000000000000000007E
:10830000000000000000000000000000000000006D
:10831000000000000000000000000000000000005D
:10832000000000000000000000000000000000004D
:10833000000000010103030303030101000000002A
:10834000000000000000000000000000000000002D
:1083500000010F3F7FFFFFF8F0F0F0F0F8FEFFFFA5
:108360007F1F03000000000000000000000000006C
:1083700000000000F8FCFCF8F00000000000000322
:108380000FFFFFFFFFFC00000000000000000000E6
:108390000000000000000000000000000000071FB7
:1083A0007FFFFFFCF8E0C0000000000000000000BC
:1083B00000000000000000000000000000000000BD
:1083C000F8FEFEFEE00000000000000000000000DB
:1083D000000000000000000000000000000000009D
:1083E0000000000F3F3F3F0F0000000000000000B2
:1083F000000000000000000000000000000000007D
:1084000000000000000080E0E0E0800000000000CC
:10841000000000000000000000000000000000005C
:10842000000000000000000000000000000000004C
:10843000000000000000000000000000000000003C
:10844000000000000000000000000000000000002C
:10845000000000000000000000000000000000001C
:10846000000000000000000000000000000000000C
:1084700000000000010101030303030303030101E2
:1084800001000000000000000000000000000000EB
:10849000030F1F3F7F7EFCFCF8F8F0F0F0F0F0F0E7
:1084A000F8F8F8FCFE7F3F1F0F03000000000000FB
:1084B0000F3FFFFFF8E0800001070F1F3F3F3F3FE6
:1084C0003F1F07071F1F1F1F00C0F0FFFFFF3F01D7
:1084D0000007FFFFFFF80000001F7FFFFFFFF0C055
:1084E00080000000C0FFFFFFFFFF8000000000FFD2
:1084F000FFFFFF00FFFFFFFF000000FFFFFFFFFF88
:108500000000000000000001FFFFFFFF80000000EE
:10851000031FFFFFFFE000F0FFFFFF1F0100E0FE71
:10852000FFFFFF1F070303070F3FFFFFFFFFCF07FB
:108530000F1F7FFFFCF8E00000000080F0FCFFFF51
:108540003F0F0703C1C0E0E0E0E0C08000C0E0E012
:10855000E0E0E0C08081030F3F3F3F3C00000000AF
:10856000000080C0F0F0F8FCFC7E7E3E3F3F3F3FC5
:108570003F3F3F3F7E7EFEFCFCF8F0E0C000000085
:1085800000000000000000000000000000000000EB
:1085900000000000000000000000000000000000DB
:1085A00000000000000000000000000000000000CB
:1085B00001030303030301000000000000000000AA
:1085C00000000000000000000000000000000000AB
:1085D000073FFFFFFFFFFFFFFFFFFF1F030000003C
:1085E000000000000000000000000000000000008B
:1085F000031FFFFFFFFFFFFCC000E0FEFFFFFFFFC8
:108600007F0F0100000000000000000000000000DB
:1086100000073FFFFFFFFFFFF8800000000000C0E1
:10862000FCFFFFFFFFFF3F0700000000000000000D
:1086300000031FFFFFFFFFFFFFFF3F3F3F3F3F3FA5
:108640003F3F3F3FBFFFFFFFFFFFFFFF1F03000054
:1086500000000F7FFFFFFFFFFFF8C00000000000D9
:1086600000000000000000000000E0FCFFFFFFFF32
:10867000FF7F0F000080C0E0E0E0C00000000000CD
:10868000000000000000000000000000000000806A
:10869000C0E0E0E0C080000000000000000000003A
:1086A00000000000000000000000000000000000CA
:1086B00000000000000000000000000000000000BA
:1086C00000000000000000000000000000000000AA
:1086D000000000000000000000000000000000009A
:1086E000000000010101010101010101010101017D
:1086F0000101010101010000000000000000000074
:10870000000000007FFFFFFFFFFFFFF8F8F8F8F818
:10871000F8F8F8F8F8FCFCFEFFFFFF7F3F1F0700AA
:1087200000000000000000FFFFFFFFFFFFFF000050
:108730000000000000000000000001CFFFFFFFFF6D
:10874000FFFE0000000000000000FFFFFFFFFFFF32
:10875000FF7E7E7E7E7E7E7E7E7E7EFEFFFFFFFF34
:10876000EFEFC787030000000000000000FFFFFFDD
:10877000FFFFFFFF000000000000000000000000FD
:108780000080E0FFFFFFFFFFFF3F00000000000050
:10879000FFFFFFFFFFFFFF070707070707070707A1
:1087A00007070F0F1F7FFFFFFFFFFEF8E00000002D
:1087B00000000080C0E0E0E0E0E0E0E0E0E0E0E0D9
:1087C000E0E0E0E0E0E0E0E0C0C0C08000000000E9
:1087D0000000000000000000000000000000000099
:1087E0000000000000000000000000000000000089
:1087F0000000000000000000000000000000000079
:108800000000000000000000000000000000000068
:108810000000000000000000000000000000000058
:10882000000000000101010303030303030301012E
:108830000100000000000000000000000000000037
:10884000030F1F3F7FFFFFFFFEFCFCF8F8F8F8F86E
:10885000FCFCFEFFFF7F7F3F1F07010000000000C0
:10886000033FFFFFFFFFFFFEE0800000000000006D
:1088700000000000000000C0F0FCFEFEFEFC000056
:10888000000000FFFFFFFFFFFFFF000000000000EF
:1088900000000000000000000000000000000000D8
:1088A000000000000000E0FEFFFFFFFFFF1F0300CD
:1088B00000000000000000000000000000010F3F69
:1088C0007F7F7F3F0C000000000000C0F0F8FCFE3E
:1088D000FFFFFF3F3F1F0F0F0F0F0F0F1F1F3F7FA8
:1088E000FFFFFFFEF8F0C0000000000000000000E5
:1088F0000000000080C0C0C0E0E0E0E0E0E0E0E0B8
:10890000C0C0C080000000000000000000000000A7
:108910000000000000000000000000000000000057
:108920000000000000000000000000000000000047
:108930000000000000000000000000000000000037
:108940000000000000000000000000000000000027
:108950000000000000000000000101010101010110
:1089600001010101010101010101000000000000FD
:10897000000000000000000000007FFFFFFFFFFF7D
:10898000FFFCFCFCFCFCFCFCFCFCFEFEFEFFFFFF15
:108990007F3F1F0F070100000000000000FFFFFFE6
:1089A000FFFFFFFF000000000000000000000000CB
:1089B0000080E0FEFFFFFFFFFF3F0300000000001C
:1089C000FFFFFFFFFFFFFF000000000000000000AE
:1089D00000000000000000FFFFFFFFFFFFFF00009E
:1089E000000000FFFFFFFFFFFFFF0000000000008E
:1089F0000000000000000000031FFFFFFFFFFFFF5B
:108A0000F00000000000FFFFFFFFFFFFFF0F0F0F50
:108A10000F0F0F0F0F0F0F1F1F3FFFFFFFFFFEFC7A
:108A2000F8E00000000000000080C0E0E0E0E0E0CE
:108A3000E0E0E0E0E0E0E0E0E0E0E0E0C0C0808036
:108A40000000000000000000000000000000000026
:108A50000000000000000000000000000000000016
:108A60000000000000000000000000000000000006
:108A700000000000000000000000000000000000F6
:108A800000000000000000000000000000000000E6
:108A900000000000010101010101010101010101CA
:108AA00001010101010101010101010000000000BB
:108AB00000000000007FFFFFFFFFFFFFFCFCFCFC4D
:108AC000FCFCFCFCFCFCFCFCFCFCFCFCFCFCF87076
:108AD0000000000000000000FFFFFFFFFFFFFF009D
:108AE0000000000000000000000000000000000086
:108AF0000000000000000000000000FFFFFFFFFF7B
:108B0000FFFFFEFEFEFEFEFEFEFEFEFEFEFEFEFE83
:108B1000FEFEFE7C00000000000000000000FFFFE1
:108B2000FFFFFFFFFF00000000000000000000004A
:108B30000000000000000000000000000000000035
:108B400000FFFFFFFFFFFFFF0F0F0F0F0F0F0F0FB4
:108B50000F0F0F0F0F0F0F0F0F0F0F070000000069
:108B60000000000080C0E0E0E0E0E0E0E0E0E0E005
:108B7000E0E0E0E0E0E0E0E0E0E0E0E0E0E0C000F5
:108B800000000000000000000000000000000000E5
:108B900000000000000000000000000000000000D5
:108BA00000000000000000000000000000000000C5
:108BB00000000000000000000000000000000000B5
:108BC00000000000000000000000000000000001A4
:108BD0000101010101010101010101010101010185
:108BE0000101010100000000000000000000000081
:108BF0007FFFFFFFFFFFFFFCFCFCFCFCFCFCFCFC20
:108C0000FCFCFCFCFCFCFCF8700000000000000018
:108C1000000000FFFFFFFFFFFFFF0000000000005B
:108C20000000000000000000000000000000000044
:108C3000000000000000FFFFFFFFFFFFFF7E7E7EC1
:108C40007E7E7E7E7E7E7E7E7E7E7E3C000000007E
:108C5000000000000000000000FFFFFFFFFFFFFF1B
:108C60000000000000000000000000000000000004
:108C7000000000000000000000000000FFFFFFFFF8
:108C8000FFFFFF00000000000000000000000000E7
:108C90000000000000000000000000000000008054
:108CA000C0E0E0E0C0800000000000000000000024
:108CB00000000000000000000000000000000000B4
:108CC00000000000000000000000000000000000A4
:108CD0000000000000000000000000000000000094
:108CE0000000000000000000000000000000000084
:108CF0000000000000000000000000000000000074
:108D00000000000000000000000000000000000063
:108D10000101010303030303030303030101000033
:108D2000000000000000000000000000030F1F3FD3
:108D30007FFFFFFFFEFCFCF8F8F8F8F8F8FCFCFEFB
:108D4000FFFFFF7F3F1F070100000000033FFFFF01
:108D5000FFFFFFFEE08000000000000000000000B8
:108D600000000080C0F0F8FCFCF8F000000000FFFC
:108D7000FFFFFFFFFFFF00000000000000000000F9
:108D8000070F0F0F0F0F0F0F0F0F0F0F0F0703001E
:108D90000000E0FEFFFFFFFFFF3F030000000000B8
:108DA00000000080C0C0C0C0C0C0C0C0FFFFFFFF47
:108DB000FFFF000000000080E0F8FCFEFFFFFF7FE7
:108DC0003F1F1F0F0F0F0F0F0F0F1F1F3F3F7FFF83
:108DD000FFFEFEFCF00000000000000000000000AC
:108DE0008080C0C0C0E0E0E0E0E0E0E0E0E0C0C0E3
:108DF000C0808000000000000000000000000000B3
:108E00000000000000000000000000000000000062
:108E10000000000000000000000000000000000052
:108E20000000000000000000000000000000000042
:108E30000000000000000000000000000000000032
:108E40000000000003030301000000000000000018
:108E5000000000000000000000010303010000000A
:108E6000000000000000FFFFFFFFFFFF0000000008
:108E70000000000000000000000000FFFFFFFFFFF7
:108E8000FF0000000000000000FFFFFFFFFFFF00E9
:108E90000000000000000000000000000000FFFFD4
:108EA000FFFFFFFF0000000000000000FFFFFFFFCA
:108EB000FFFFFEFEFEFEFEFEFEFEFEFEFEFEFEFED0
:108EC000FEFFFFFFFFFFFF0000000000000000FFAB
:108ED000FFFFFFFFFF000000000000000000000097
:108EE00000000000FFFFFFFFFFFF00000000000088
:108EF0000000FFFFFFFFFFFF000000000000000078
:108F000000000000000000FFFFFFFFFFFF00000067
:108F1000000000000080C0E0E0C080000000000011
:108F20000000000000000000000080C0E0E0C08001
:108F30000000000000000000000000000000000031
:108F40000000000000000000000000000000000021
:108F50000000000000000000000000000000000011
:108F60000000000000000000000000000000000001
:108F700000000000000000000000000000000001F0
:108F800003030100000000000000000000000000DA
:108F900000000000000000000000000000000000D1
:108FA00000FFFFFFFFFFFF000000000000000000C7
:108FB00000000000000000000000000000000000B1
:108FC00000000000FFFFFFFFFFFF000000000000A7
:108FD0000000000000000000000000000000000091
:108FE00000000000000000FFFFFFFFFFFF00000087
:108FF0000000000000000000000000000000000071
:1090000000000000000000000000FFFFFFFFFFFF66
:109010000000000000000000000000000000000050
:1090200000000000000000000000000000FFFFFF43
:10903000FFFFFF0000000000000000000000000033
:109040000000000000000000000000000000000020
:1090500080C0E0E0C08000000000000000000000D0
:109060000000000000000000000000000000000000
:1090700000000000000000000000000000000000F0
:1090800000000000000000000000000000000000E0
:1090900000000000000000000000000000000000D0
:1090A00000000000000000000000000000000000C0
:1090B00000000000000000000000000000000000B0
:1090C0000000000000000303030100000000000096
:1090D0000000000000000000000000000000000090
:1090E0000000000000000000FFFFFFFFFFFF000086
:1090F0000000000000000000000000000000000070
:109100000000000000000000000000FFFFFFFFFF64
:10911000FF00000000000000000000000000000050
:109120000000000000000000000000000000FFFF41
:10913000FFFFFFFF00000000000000000000000033
:1091400000003F7F7F7F3F1F000000000000000005
:1091500000FFFFFFFFFFFF00000000000000000015
:109160000000000000C0F8FEFFFFFFFF3F1F0F0FD1
:109170000F1F1FFFFFFFFFFEF8C0000000000000F0
:1091800000000000000000000000000080C0C0E0FF
:10919000E0E0E0E0E0E0C0C080000000000000008F
:1091A00000000000000000000000000000000000BF
:1091B00000000000000000000000000000000000AF
:1091C000000000000000000000000000000000009F
:1091D000000000000000000000000000000000008F
:1091E000000000000000000000000000000000007F
:1091F0000000000000030303010000000000000065
:109200000000000000000000010303030100000053
:1092100000000000000000FFFFFFFFFFFF00000054
:10922000000000000001030F1F7FFFFFFFFFFCF89D
:10923000E0000000000000000000FFFFFFFFFFFF54
:1092400000000103071F3FFFFFFFFEFCF8F0C08096
:1092500000000000000000000000000000FFFFFF11
:10926000FFFFFF3F7FFFFFFEFCFFFFFFFF7F1F0FA2
:1092700003000000000000000000000000000000EB
:10928000FFFFFFFFFFFFF0E0C000000000C0F0FCA8
:10929000FFFFFFFFFF3F0F03000000000000000082
:1092A000000000FFFFFFFFFFFF00000000000000C4
:1092B00000000000C0F0FCFFFFFFFFFF3F0F0000B9
:1092C00000000000000080C0E0E0C080000000005E
:1092D0000000000000000000000000C0E0E0E0E04E
:1092E000C0000000000000000000000000000000BE
:1092F000000000000000000000000000000000006E
:10930000000000000000000000000000000000005D
:10931000000000000000000000000000000000004D
:10932000000000000000000000000000000000003D
:109330000103030100000000000000000000000025
:10934000000000000000000000000000000000001D
:109350000000FFFFFFFFFFFF000000000000000013
:1093600000000000000000000000000000000000FD
:109370000000000000FFFFFFFFFFFF0000000000F3
:1093800000000000000000000000000000000000DD
:109390000000000000000000FFFFFFFFFFFF0000D3
:1093A00000000000000000000000000000000000BD
:1093B0000000000000000000000000FFFFFFFFFFB2
:1093C000FF0000000000000000000000000000009E
:1093D0000000000000000000000000000000FFFF8F
:1093E000FFFFFFFF0F0F0F0F0F0F0F0F0F0F0F0FCD
:1093F0000F0F0F0703000000000000000000000036
:109400000080C0E0E0E0E0E0E0E0E0E0E0E0E0E0BC
:10941000E0E0E0E0E0E0C0800000000000000000CC
:10942000000000000000000000000000000000003C
:10943000000000000000000000000000000000002C
:10944000000000000000000000000000000000001C
:10945000000000000000000000000000000000000C
:1094600000000000000000000000000101010101F7
:1094700001010000000000000000000000000000EA
:109480000101010101010100000000007FFFFFFF59
:10949000FFFFFFFFFFFF3F01000000000000000092
:1094A000013FFFFFFFFFFFFFFFFFFF7F000000FF07
:1094B000FFFFFFFFFFE0FFFFFFFFFF0F00000000C7
:1094C00000000FFFFFFFFFFFE0FFFFFFFFFFFF00B8
:1094D0000000FFFFFFFFFFFF0000F8FFFFFFFF7F1F
:1094E000030000037FFFFFFFFFF80000FFFFFFFF07
:1094F000FFFF000000FFFFFFFFFFFF000000C0FEB6
:10950000FFFFFFFF1F1FFFFFFFFFFEC0000000FF68
:10951000FFFFFFFFFF000000FFFFFFFFFFFF000056
:10952000000000F0FFFFFFFFFFFFFFFFF000000063
:109530000000FFFFFFFFFFFF00000080C0E0E0E051
:109540008000000000000000C0E0E0E0E0C000009B
:10955000000000000080C0E0E0E0800000000000AB
:1095600000000000000000000000000000000000FB
:1095700000000000000000000000000000000000EB
:1095800000000000000000000000000000000000DB
:1095900000000000000000000000000000000000CB
:1095A00000000000000001030303010000000000B0
:1095B000000000000000000000000003030303009F
:1095C00000000000000000007FFFFFFFFFFFFF7FA3
:1095D0000F030000000000000000000000FFFFFF7C
:1095E000FFFFFF0000000000000000FFFFFFFFFF83
:1095F000FFFCFFFFFFFF3F0F030000000000000023
:10960000FFFFFFFFFFFF0000000000000000FFFF62
:10961000FFFFFFFF0000C0F0FCFFFFFFFF3F0F0355
:10962000000000FFFFFFFFFFFF0000000000000040
:1096300000FFFFFFFFFFFF000000000000C0F0FC84
:10964000FFFFFFFF3F0FFFFFFFFFFFFF00000000D6
:1096500000000000FFFFFFFFFFFF00000000000010
:1096600000000000C0F0FCFFFFFFFFFFFFFFFF0056
:109670000000000000000080C0E0E0C080000000AA
:109680000000000000000000000000C0C0E0E0E0BA
:10969000C08000000000000000000000000000008A
:1096A00000000000000000000000000000000000BA
:1096B00000000000000000000000000000000000AA
:1096C000000000000000000000000000000000009A
:1096D000000000000000000000000000000000008A
:1096E0000000000000000001010103030303030365
:1096F0000303010101000000000000000000000061
:1097000000000001070F3F7F7FFFFFFFFEFCF8F81E
:10971000F8F8F8F8FCFEFFFFFF7F7F3F0F0701001E
:1097200000000000033FFFFFFFFFFFFEE08000009E
:109730000000000000000000000080E0FEFFFFFFCE
:10974000FFFF3F03000000FFFFFFFFFFFFFF0000E0
:109750000000000000000000000000000000000009
:10976000FFFFFFFFFFFFFF000000E0FEFFFFFFFF26
:10977000FF3F0300000000000000000000000000A8
:1097800000033FFFFFFFFFFFFEE00000000000C0FE
:10979000F0F8FCFEFFFFFF7F3F1F0F0F0F0F0F0FB3
:1097A0001F3F7FFFFFFFFFFEF8F0C000000000003A
:1097B000000000000000000080C0C0C0E0E0E0E069
:1097C000E0E0E0E0C0C0C080000000000000000059
:1097D0000000000000000000000000000000000089
:1097E0000000000000000000000000000000000079
:1097F0000000000000000000000000000000000069
:109800000000000000000000000000000000000058
:109810000000000000000000000000000001010145
:10982000010101010101010101010101010000002B
:1098300000000000000000000000000000007FFFAA
:10984000FFFFFFFFF8F8F8F8F8F8F8F8FCFCFEFF67
:10985000FFFF7F3F1F070000000000000000000026
:1098600000FFFFFFFFFFFF000000000000000000FE
:10987000000081FFFFFFFFFFFFFF0000000000006E
:1098800000000000FFFFFFFFFFFF1F1F1F1F1F1F24
:109890001F1F3F3F7FFFFFFFFFFEFCF08000000027
:1098A00000000000000000FFFFFFFFFFFFC0C0C07E
:1098B000C0C0C0C0C0C0C0C08080000000000000A8
:1098C00000000000000000000000FFFFFFFFFFFF9E
:1098D0000000000000000000000000000000000088
:1098E0000000000000000000000000000080C0E058
:1098F000E0C0800000000000000000000000000048
:109900000000000000000000000000000000000057
:109910000000000000000000000000000000000047
:109920000000000000000000000000000000000037
:109930000000000000000000000000000000000027
:109940000000000000000000000000000000000017
:109950000000000000000000000000000001010104
:1099600003030303030303030101010000000000DC
:1099700000000000000000000001070F3F7F7FFF94
:10998000FFFFFEFCF8F8F8F8F8F8FCFEFFFFFF7F99
:109990007F3F0F07010000000000033FFFFFFFFFB4
:1099A000FFFEE0800000000000000000000000005A
:1099B00080E0FEFFFFFFFFFF3F03000000FFFFFF0F
:1099C000FFFFFFFF0000000000000000000000009B
:1099D000000000000000FFFFFFFFFFFFFF0000008E
:1099E000E0FEFFFFFFFFFF3F0300000000000E0F3F
:1099F0000F0F0707030100033FFFFFFFFFFFFEE01C
:109A00000000000000C0F0F8FEFFFFFFFF7F3F1FD7
:109A10000F0F0F8FCFDFFFFFFFFFFFFFFFFFFFF3F2
:109A2000C30100000000000000000000000080C032
:109A3000C0C0E0E0E0E0E0E0E0E0C0C0C080C0C066
:109A4000E0F0F8FCFCFC7C000000000000000000DE
:109A50000000000000000000000000000000000006
:109A600000000000000000000000000000000000F6
:109A700000000000000000000000000000000000E6
:109A800000000000000000000000000000000000D6
:109A900000000001010101010101010101010101B9
:109AA00001010101000000000000000000000000B2
:109AB000000000007FFFFFFFFFFFF8F8F8F8F8F85C
:109AC000F8F8F8F8FCFEFFFFFF7F3F1F0F010000D2
:109AD00000000000000000FFFFFFFFFFFF0000008C
:109AE00000000000000000000001FFFFFFFFFFFF7B
:109AF000FE000000000000000000FFFFFFFFFFFF6E
:109B00003F3F3F3F3F3F3F3F3F7F7FFFFEFCFCF833
:109B1000F0E0C000000000000000000000FFFFFFB8
:109B2000FFFFFF000000000080C0E0F8FEFFFFFF25
:109B30007F3F0F0701000000000000000000000050
:109B4000FFFFFFFFFFFF000000000000000000001B
:109B500080E0F8FEFFFFFFFF7F0F01000000000024
:109B600000000080C0E0E0C08000000000000000B5
:109B70000000000000000080C0E0E0E0C000000045
:109B800000000000000000000000000000000000D5
:109B900000000000000000000000000000000000C5
:109BA00000000000000000000000000000000000B5
:109BB00000000000000000000000000000000000A5
:109BC0000000000000000000000000000000000095
:109BD0000001010303030303030303010100000069
:109BE0000000000000000000000000000000030F63
:109BF0003F7FFFFFFEFCF8F0F0F0F0F0F0F8FCFF24
:109C0000FFFF7F3F0F010000000000000000000088
:109C100000FCFFFFFFFFFF1F070703030101000018
:109C2000000000E0F0F8F8F0C000000000000000C4
:109C3000000000000080C0E0F0F8F8FCFCFEFEFE32
:109C4000FFFFFFFF7F7F3F3F1F0F07030000000064
:109C5000000000000000071F1F1F1F0F0100000071
:109C60000000000000008080C0F0FFFFFFFFFF7FCA
:109C700000000000000000000000F0FCFEFFFFFFFD
:109C80007F1F0F0707070707070F0F1F7FFFFFFE45
:109C9000FCF0C00000000000000000000000000018
:109CA0000080C0C0C0E0E0E0E0E0E0E0E0C0C0C0B4
:109CB0008000000000000000000000000000000024
:109CC0000000000000000000000000000000000094
:109CD0000000000000000000000000000000000084
:109CE0000000000000000000000000000000000074
:109CF0000000000000000000000000000000000064
:109D00000000000000010101010101010101010148
:109D10000101010101010101010101010100000036
:109D200000000000000070F8FCFCFCFCFCFCFCFCEB
:109D3000FCFFFFFFFFFFFFFCFCFCFCFCFCFCFCFC51
:109D4000F8700000000000000000000000000000AB
:109D500000000000FFFFFFFFFFFF00000000000009
:109D600000000000000000000000000000000000F3
:109D700000000000000000FFFFFFFFFFFF000000E9
:109D800000000000000000000000000000000000D3
:109D900000000000000000000000FFFFFFFFFFFFC9
:109DA00000000000000000000000000000000000B3
:109DB00000000000000000000000000000FFFFFFA6
:109DC000FFFFFF0000000000000000000000000096
:109DD0000000000000000000000000000000000083
:109DE00080C0E0E0C0800000000000000000000033
:109DF0000000000000000000000000000000000063
:109E00000000000000000000000000000000000052
:109E10000000000000000000000000000000000042
:109E20000000000000000000000000000000000032
:109E30000000000000000000000000000000000022
:109E4000000000010303010000000000000000000A
:109E500000000000000000000103030100000000FA
:109E60000000000000FFFFFFFFFFFF0000000000F8
:109E700000000000000000000000FFFFFFFFFFFFE8
:109E80000000000000000000FFFFFFFFFFFF0000D8
:109E900000000000000000000000000000FFFFFFC5
:109EA000FFFFFF0000000000000000FFFFFFFFFFBA
:109EB000FF000000000000000000000000000000A3
:109EC000FFFFFFFFFFFF0000000000000000FEFF9B
:109ED000FFFFFFFF03000000000000000000000083
:109EE000000003FFFFFFFFFFFF0000000000000075
:109EF0000000E0F8FEFFFFFF7F3F1F0F0F0F0F0F67
:109F00000F0F1F3F7FFFFFFFFEFCF000000000006F
:109F10000000000000000000008080C0C0C0E0E041
:109F2000E0E0E0E0E0E0C0C0C08000000000000031
:109F30000000000000000000000000000000000021
:109F40000000000000000000000000000000000011
:109F50000000000000000000000000000000000001
:109F600000000000000000000000000000000000F1
:109F700000000000000000000000000001030303D7
:109F800001000000000000000000000000000000D0
:109F90000000030303010000000000000000F8FFC0
:109FA000FFFFFFFF3F030000000000000000000073
:109FB0000000011FFFFFFFFFFFF80000000000008E
:109FC000000080F8FFFFFFFFFF1F010000000000FE
:109FD000000000000FFFFFFFFFFFF0800000000007
:109FE0000000000000000000F0FFFFFFFFFF1F0166
:109FF00000000000000FFFFFFFFFFEF00000000068
:10A0000000000000000000000000000000E0FEFF73
:10A01000FFFFFF1F01000FFFFFFFFFFEE00000003A
:10A020000000000000000000000000000000000030
:10A030000000E0FCFFFFFFFFFFFFFFFFFCC0000090
:10A040000000000000000000000000000000000010
:10A050000000000000000080C0E0E0E0E0C0800000
:10A0600000000000000000000000000000000000F0
:10A0700000000000000000000000000000000000E0
:10A0800000000000000000000000000000000000D0
:10A0900000000000000000000000000000000000C0
:10A0A00000000000000000000000000000000000B0
:10A0B0000000000000000303030000000000000097
:10A0C0000000000103030301000000000000000085
:10A0D0000000030303000000FEFFFFFFFF0300007A
:10A0E00000000000037FFFFFFFFFFF7F0300000071
:10A0F00000000003FFFFFFFFFE000000F8FFFFFF6E
:10A10000FF070000000007FFFFFFFE80FEFFFFFFCC
:10A11000070000000007FFFFFFFFF800000000003D
:10A12000F0FFFFFFFF0700001FFFFFFFF800000028
:10A13000F8FFFFFF1F000007FFFFFFFFF000000018
:10A1400000000000E0FFFFFFFF0F7FFFFFFFF000B8
:10A1500000000000F0FFFFFF7F0FFFFFFFFFE000A8
:10A160000000000000000000C0FFFFFFFFFFFFFE37
:10A17000C000000000000000C0FEFFFFFFFFFFFF67
:10A18000C0000000000000000000000000C0E0E08F
:10A19000E0C00000000000000000000000C0E0E09F
:10A1A000E0C000000000000000000000000000000F
:10A1B000000000000000000000000000000000009F
:10A1C000000000000000000000000000000000008F
:10A1D000000000000000000000000000000000007F
:10A1E000000000000000000000000000000000006F
:10A1F0000000010303030100000000000000000054
:10A200000000000000000103030301000000000043
:10A2100000000000F0FCFFFFFFFF7F3F0F01000088
:10A220000000000000030F3FFFFFFFFFFEF80000EB
:10A2300000000000000000000000C0F0FCFFFFFF75
:10A24000FF7F1F07071F3FFFFFFFFFFEF8E08000B3
:10A2500000000000000000000000000000000000FE
:10A2600000C3FFFFFFFFFFFFFFFFFFFFC300000072
:10A2700000000000000000000000000000000001DD
:10A28000071F3FFFFFFFFFFFFCF0F0FCFEFFFFFF9B
:10A29000FF3F1F0701000000000000000000000752
:10A2A0001F7FFFFFFFFFFEF8E080000000000000BE
:10A2B00080E0F8FEFFFFFFFF7F1F070000000000A7
:10A2C0000000C0E0E0E0E0C080000000000000000E
:10A2D0000000000000000080C0E0E0E0C08000005E
:10A2E000000000000000000000000000000000006E
:10A2F000000000000000000000000000000000005E
:10A30000000000000000000000000000000000004D
:10A31000000000000000000000000000000000003D
:10A320000000000000000000000000000103030323
:10A33000010000000000000000000000000000001C
:10A340000000010303030100000000000000E0FC26
:10A35000FFFFFFFFFF3F0F030000000000000000B1
:10A360000001071F7FFFFFFFFFFCF000000000005F
:10A3700000000000C0F0F8FEFFFFFFFF3F070100F4
:10A3800001071F7FFFFFFFFEFCF0C0000000000080
:10A39000000000000000000000000080E0F8FEFF68
:10A3A000FFFF7FFFFFFFFEF8E080000000000000DD
:10A3B000000000000000000000000000000000009D
:10A3C0000000FFFFFFFFFFFFFF0000000000000094
:10A3D000000000000000000000000000000000007D
:10A3E0000000000000FFFFFFFFFFFFFF0000000074
:10A3F000000000000000000000000000000000005D
:10A40000000000000000000080C0E0E0E0C080002C
:10A41000000000000000000000000000000000003C
:10A42000000000000000000000000000000000002C
:10A43000000000000000000000000000000000001C
:10A44000000000000000000000000000000000000C
:10A4500000000000000000000000000000000000FC
:10A4600000000000000000000101010101010101E4
:10A4700001010101010101010101010101010101CC
:10A4800001000000000000000000F0F8F8F8F8F803
:10A49000F8F8F8F8F8F8F8F8F8F8F8F9FFFFFFFF1F
:10A4A000FFFFFFFFFE0000000000000000000000B2
:10A4B00000000000000000000001070F3F7FFFFFC9
:10A4C000FFFFFEF8F0C08000000000000000000068
:10A4D0000000000000000001071F3FFFFFFFFFFF1B
:10A4E000FCF8E0C0000000000000000000000000D8
:10A4F000000000000003071F3FFFFFFFFFFFFCF805
:10A50000E0800000000000000000000000000000EB
:10A51000000000000F1F7FFFFFFFFFFFFFF7E7872F
:10A5200007070707070707070707070707070707BB
:10A530000707030000000080C0E0E0E0E0E0E0E0AA
:10A54000E0E0E0E0E0E0E0E0E0E0E0E0E0E0E0E00B
:10A55000E0E0E0E0E0C000000000000000000000DB
:10A5600000000000000000000000000000000000EB
:10A5700000000000000000000000000000000000DB
:10A5800000000000000000000000000000000000CB
:10A5900000000000000000000000000000000000BB
:10A5A0000000000103030303030303030000000092
:10A5B000000000000000000000000000000000009B
:10A5C0000000000000FFFFFFFFFFF0F0F0F0F000E0
:10A5D000000000000000000000000000000000007B
:10A5E0000000000000000000FFFFFFFFFF00000070
:10A5F000000000000000000000000000000000005B
:10A600000000000000000000000000FFFFFFFFFF4F
:10A61000000000000000000000000000000000003A
:10A620000000000000000000000000000000FFFF2C
:10A63000FFFFFF000000000000000000000000001D
:10A64000000000000000000000000000000000000A
:10A6500000FFFFFFFFFF00000000000000000000FF
:10A6600000000000000000000000000000000000EA
:10A6700000000000FFFFFFFFFF00000000000000DF
:10A6800000000000000000000000000000000000CA
:10A6900000000000000000F0F8FCFCFCFCFCFCFCEE
:10A6A000FC000000000000000000000000000000AE
:10A6B000000000000000000000000000000000009A
:10A6C000000000000000000000000000000000008A
:10A6D0000000000000000000000000000303010073
:10A6E000000000000000000000000000000000006A
:10A6F000000000000000000000000000000080FFDB
:10A70000FFFF1F000000000000000000000000002C
:10A710000000000000000000000000000000000039
:10A72000000000FEFFFF3F000000000000000000EE
:10A730000000000000000000000000000000000019
:10A7400000000000000000FCFFFFFF01000000000F
:10A7500000000000000000000000000000000000F9
:10A760000000000000000000000000F8FFFFFF03F1
:10A7700000000000000000000000000000000000D9
:10A78000000000000000000000000000000000F0D9
:10A79000FFFFFF07000000000000000000000000B5
:10A7A00000000000000000000000000000000000A9
:10A7B000000000C0E0E0C000000000000000000059
:10A7C0000000000000000000000000000000000089
:10A7D0000000000000000000000000000000000079
:10A7E0000000000000000000000000000000000069
:10A7F0000000000000000000000000000000000059
:10A800000000000000000000000000000000000048
:10A810000000000000000001030303030303030121
:10A820000000000000000000000000000000000028
:10A8300000000000000000000000E0F0F0F0F0FF79
:10A84000FFFFFFFF0000000000000000000000000C
:10A8500000000000000000000000000000000000F8
:10A860000000FFFFFFFFFF000000000000000000ED
:10A8700000000000000000000000000000000000D8
:10A880000000000000FFFFFFFFFF000000000000CD
:10A8900000000000000000000000000000000000B8
:10A8A0000000000000000000FFFFFFFFFF000000AD
:10A8B0000000000000000000000000000000000098
:10A8C0000000000000000000000000FFFFFFFFFF8D
:10A8D0000000000000000000000000000000000078
:10A8E0000000000000000000000000000000FFFF6A
:10A8F000FFFFFF000000000000000000000000005B
:10A9000000000000000000000000000078FCFCFCDB
:10A91000FCFCFCFCF8F0000000000000000000005F
:10A920000000000000000000000000000000000027
:10A930000000000000000000000000000000000017
:10A940000000000000000000000000000000000007
:10A9500000000000000000000001030303030000EA
:10A9600000000000000000000000000000000000E7
:10A9700000000000000000000000031FFFFFFFFFB9
:10A98000FFFF0F00000000000000000000000000BA
:10A990000000000000000000000000073FFFFFFF74
:10A9A000F880C0FCFFFFFF1F010000000000000056
:10A9B000000000000000000000000000047CFCFC1F
:10A9C000FCF88000000000C0FCFCFCFC3C04000023
:10A9D0000000000000000000000000000000000077
:10A9E0000000000000000000000000000000000067
:10A9F0000000000000000000000000000000000057
:10AA00000000000000000000000000000000000046
:10AA10000000000000000000000000000000000036
:10AA20000000000000000000000000000000000026
:10AA30000000000000000000000000000000000016
:10AA40000000000000000000000000000000000006
:10AA500000000000000000000000000000000000F6
:10AA600000000000000000000000000000000000E6
:10AA700000000000000000000000000000000000D6
:10AA800000000000000000000000000000000000C6
:10AA900000000000000000000000000000000000B6
:10AAA00000000000000000000000000000000000A6
:10AAB0000000000000000000000000000000000096
:10AAC0000000000000000000000000000000000086
:10AAD0000000000000000000000000000000000076
:10AAE0000000000000000000000000000000000066
:10AAF0000000000000000000000000000000000056
:10AB00000000000000000000000000000000000045
:10AB10000000000000000000000000000000000035
:10AB20000000000000000000000000000000000025
:10AB30000000000000000000000000000000000015
:10AB40000000000000000000000000000000000005
:10AB500000000000000000000000000000000000F5
:10AB600000000000000000000000000000000000E5
:10AB700000000000000000000000000000000000D5
:10AB800000E0E0E0E0E0E0E0E0E0E0E0E0E0E0E0A5
:10AB9000E0E0E0E000000000000000000000000035
:10ABA00000000000000000000000000000000000A5
:10ABB0000000000000000000000000000000000095
:10ABC0000000000000000000010101010100000080
:10ABD0000000000000000000000000000000000075
:10ABE00000000000000000000000000080E0F0FC19
:10ABF000FE3E060000000000000000000000000013
:10AC00000000000000000000000000000000000044
:10AC10000000000000000000000000000000000034
:10AC20000000000000000000000000000000000024
:10AC30000000000000000000000000000000000014
:10AC40000000000000000000000000000000000004
:10AC500000000000000000000000000000000000F4
:10AC600000000000000000000000000000000000E4
:10AC700000000000000000000000000000000000D4
:10AC800000000000000000000000000000000000C4
:10AC900000000000000000000000000000000000B4
:10ACA00000000000000000000000000000000000A4
:10ACB0000000000000000000000000000000000094
:10ACC0000000000000000000000000000000000084
:10ACD0000000000000000000000000000000000074
:10ACE0000000000000000000000000000000000064
:10ACF0000000000000000000000000000000000054
:10AD00000000000000000000000000000000000043
:10AD10000000000000000000000000000000000033
:10AD20000000000000000000000000000000000023
:10AD30000000000000000000000000000000000013
:10AD40000000000000000000000000030F0F1F1FA4
:10AD50003F3F3F3F3F3F3F1F1F0F070000000000E6
:10AD600000000000000000000000000000F8FCFCF3
:10AD7000F8E080800000010181C3FFFFFFFFFF00BA
:10AD800000000000000000000000000000000003C0
:10AD90000F1F3F7F7E7CF8F8F8F0F0F0E0FFFFFF38
:10ADA000FFFF0000000000000000000000000000A5
:10ADB0000000FCFFFFFFFF1F0F070707070F1F7EA5
:10ADC000FCFFFFFFFF070000000000000000000084
:10ADD0000000000000000080C0E0E0E0E0E0C0C053
:10ADE0008000000080C0E0E0800000000000000063
:10ADF0000000000000000000000000000000000053
:10AE00000000000000000000000000000000000042
:10AE10000000000000000000000000000000000032
:10AE20000000000000000000000000000000000022
:10AE30000000000000000000000000000000000012
:10AE400003030300000000000000000000000000F9
:10AE500000000000000000000000000000000000F2
:10AE60000000FFFFFFFFFF000000000000000000E7
:10AE700000000000000000000000000000000000D2
:10AE80000000000000FFFFFFFFFF03070F1F3F3F11
:10AE90003F3F3F1F1F0F03000000000000000000A5
:10AEA0000000000000000000FFFFFFFFFFFEE0C009
:10AEB0008000000080C0F8FFFFFFFF0F00000000CF
:10AEC0000000000000000000000000FFFFFFFFFF87
:10AED00001000000000000000000FFFFFFFFFF0076
:10AEE0000000000000000000000000000000FFFF64
:10AEF000FFFFFFFE3F0F070707070F1FFFFFFFFEC4
:10AF0000F000000000000000000000000000000051
:10AF10000080E0E0E080000080C0E0E0E0E0E0C031
:10AF200080000000000000000000000000000000A1
:10AF30000000000000000000000000000000000011
:10AF40000000000000000000000000000000000001
:10AF500000000000000000000000000000000000F1
:10AF600000000000000000000000000000000000E1
:10AF700000000000000000000000000000000000D1
:10AF800000000000000000000000000000000000C1
:10AF900000000000000000000000000000000000B1
:10AFA00000000000000000000000000000000000A1
:10AFB0000000000000000000000000000000000091
:10AFC000000001070F1F1F3F3F3F3F3F3F1F0F077D
:10AFD000030100000000000000000000000000006D
:10AFE000000000077FFFFFFFF8E080000000008006
:10AFF000E0F8FEFEFC000000000000000000000081
:10B00000000000000000FFFFFFFFFF000000000045
:10B010000000000000030703000000000000000023
:10B0200000000000000000000080F0FCFFFFFF1F98
:10B030000F070707070F3FFFFFFEFCE000000000BF
:10B040000000000000000000000000000000000000
:10B0500080C0C0E0E0E0E0E0E0C0808000000000F0
:10B0600000000000000000000000000000000000E0
:10B0700000000000000000000000000000000000D0
:10B0800000000000000000000000000000000000C0
:10B0900000000000000000000000000000000000B0
:10B0A00000000000000000000000000000000000A0
:10B0B0000000000000000000000000000000000090
:10B0C0000000000003030301000000000000000076
:10B0D0000000000000000000000000000000000070
:10B0E000000000000000FFFFFFFFFF000000000065
:10B0F000000000000000000000000000030F1F1F00
:10B100003F3F3F3F3F1F0F0703FFFFFFFFFF0000D1
:10B11000000000000000000000000000000FFFFF22
:10B12000FFFFF8E08000000080C0E0FEFFFFFFFFAF
:10B13000FF00000000000000000000000000000010
:10B14000FFFFFFFFFF00000000000000000003FF02
:10B15000FFFFFFFF000000000000000000000000F3
:10B1600000000000F0FEFFFFFF1F0F070707070F9B
:10B170003FFEFFFFFFFFFF00000000000000000097
:10B180000000000000000000000080C0E0E0E0E0FF
:10B19000E0C080000080E0E0E080000000000000EF
:10B1A000000000000000000000000000000000009F
:10B1B000000000000000000000000000000000008F
:10B1C000000000000000000000000000000000007F
:10B1D000000000000000000000000000000000006F
:10B1E000000000000000000000000000000000005F
:10B1F000000000000000000000000000000000004F
:10B20000000000000000000000000000000000003E
:10B21000000000000000000000000000000000002E
:10B22000000000000000000000000000000000001E
:10B23000000000000000000001070F1F1F3F3F3FFC
:10B240003F3F1F1F0F07010000000000000000002B
:10B25000000000000000000000077FFFFFFFF0C0BB
:10B260008000000080C0F0FFFFFF7F0700000000AB
:10B27000000000000000000000000000FFFFFFFFD2
:10B28000FFF8F8F8F8F8F8F8F8F8F8F8F8F0C0006F
:10B29000000000000000000000000000000000802E
:10B2A000F0FCFFFF7F1F0F070707070F1F3F7FFF00
:10B2B000FC00000000000000000000000000000092
:10B2C00000000000000080C0C0E0E0E0E0E0E0C07E
:10B2D000C08000000000000000000000000000002E
:10B2E000000000000000000000000000000000005E
:10B2F000000000000000000000000000000000004E
:10B30000000000000000000000000000000000003D
:10B31000000000000000000000000000000000002D
:10B32000000000000000000000000000000001011B
:10B3300003030303030100000000000000000000FD
:10B340000000000000000000000000000000001FDE
:10B35000FFFFFFFFF8F0F0F0F0E000000000000059
:10B360000000000000000000000000000000001FBE
:10B370001F1FFFFFFFFFFF1F1F1F0F000000000028
:10B3800000000000000000000000000000000000BD
:10B390000000808080FFFFFFFFFF808080000000B2
:10B3A000000000000000000000000000000000009D
:10B3B0000000000000000000FFFFFFFFFF00000092
:10B3C000000000000000000000000000000000007D
:10B3D0000000000000000000000000FFFFFFFFFF72
:10B3E000000000000000000000000000000000005D
:10B3F000000000000000000000000000000080E0ED
:10B40000E0E08000000000000000000000000000FC
:10B41000000000000000000000000000000000002C
:10B42000000000000000000000000000000000001C
:10B43000000000000000000000000000000000000C
:10B4400000000000000000000000000000000000FC
:10B4500000000000000000000000000000000000EC
:10B4600000000000000000000000000000000000DC
:10B4700000000000000000000000000000000000CC
:10B4800000000000000000000000000000000000BC
:10B4900000000000000000000000000000000000AC
:10B4A0000000000000000000000000000003070F83
:10B4B0001F3F3F3F3F3F1F0F07030F3F3F3F1F000F
:10B4C00000000000000000000000000000000FFF6E
:10B4D000FFFFFFF8C0800000000080E0FCFFFFFFDE
:10B4E000FFFF00000000000000000000000000005E
:10B4F00000FFFFFFFFFF0000000000000000000051
:10B50000FFFFFFFFFF000000000000000000000040
:10B510000000000000F0FEFFFFFF1F0F07070707F6
:10B520000F3FFEFFFFFFFFFF0000000000000000D4
:10B530000000000000000000070F0F83C1E0E0E002
:10B54000E0E0C0800003FFFFFFFFFE0000000000FE
:10B550000000000000000000000000E0F8FCFCFE1D
:10B560007E3F3F3F3F3F7FFEFEFEFCF0E0000000DD
:10B5700000000000000000000000000000000000CB
:10B5800000000000000000000000000000000000BB
:10B5900000000000000000000000000000000000AB
:10B5A0000000030303000000000000000000000092
:10B5B000000000000000000000000000000000008B
:10B5C00000000000FFFFFFFFFF0000000000000080
:10B5D000000000000000000000000000000000006B
:10B5E00000000000000000FFFFFFFFFF030F1F1F10
:10B5F0003F3F3F3F3F1F0F030000000000000000DF
:10B6000000000000000000000000FFFFFFFFFFF04F
:10B61000C08000000080E0FFFFFFFFFF000000008F
:10B6200000000000000000000000000000FFFFFF1D
:10B63000FFFF0000000000000000FFFFFFFFFF0011
:10B6400000000000000000000000000000000000FA
:10B65000FFFFFFFFFF0000000000000000FFFFFFF2
:10B66000FFFF0000000000000000000000000000DC
:10B67000000000C0E0E0E0800000000000000000EA
:10B6800080E0E0E08000000000000000000000001A
:10B6900000000000000000000000000000000000AA
:10B6A000000000000000000000000000000000009A
:10B6B000000000000000000000000000000000008A
:10B6C000000000000000000000000000000000007A
:10B6D0000000000000000000000000000000030364
:10B6E0000301000000000000000000000000000056
:10B6F000000000000000000000000000000000004A
:10B70000F8FCFCFCF8000000000000000000000055
:10B710000000000000000000000000000000000029
:10B720000000000F3F3F3F0F00000000000000003E
:10B730000000000000000000000000000000000009
:10B74000000000000000FFFFFFFFFF0000000000FE
:10B7500000000000000000000000000000000000E9
:10B76000000000000000000000FFFFFFFFFF0000DE
:10B7700000000000000000000000000000000000C9
:10B78000000000000000000000000000FFFFFFFFBD
:10B79000FF000000000000000000000000000000AA
:10B7A0000000000000000000000000000000008019
:10B7B000E0E0E08000000000000000000000000069
:10B7C0000000000000000000000000000000000079
:10B7D0000000000000000000000000000000000069
:10B7E0000000000000000000000000000000000059
:10B7F0000000000000000000000000000000000049
:10B800000000000000000000000000000000000038
:10B81000000000000000000000030303010000001E
:10B820000000000000000000000000000000000018
:10B830000000000000000000000000F8FCFCFCF824
:10B8400000000000000000000000000000000000F8
:10B8500000000000000000000000000000000F3F9A
:10B860003F3F0F000000000000000000000000004B
:10B8700000000000000000000000000000000000C8
:10B8800000FFFFFFFFFF00000000000000000000BD
:10B8900000000000000000000000000000000000A8
:10B8A00000000000FFFFFFFFFF000000000000009D
:10B8B0000000000000000000000000000000000088
:10B8C00000000000000000FFFFFFFFFF000000007D
:10B8D0000000000000000000000000000000000068
:10B8E00000000000000000000000FFFFFFFFFF005D
:10B8F0000000000000000000000000000000000048
:10B90000000000000000000000007F7FFFFFFFFE3E
:10B91000FCE000000000000000000000000000004B
:10B920000000000000000000000000000000000017
:10B930000000000000000000000000000000000007
:10B9400000000000000000000000000000000000F7
:10B9500000000000030303000000000000000000DE
:10B9600000000000000000000000000000000000D7
:10B97000000000000000FFFFFFFFFF0000000000CC
:10B9800000000000000000000000000000000000B7
:10B99000000000000000000000FFFFFFFFFF0000AC
:10B9A000000001070F3F3F3F0C00000000000000B7
:10B9B000000000000000000000000000FFFFFFFF8B
:10B9C000FF030F1F7FFFFFF8F0C0800000000000A2
:10B9D000000000000000000000000000000000FF68
:10B9E000FFFFFFFFFEFCF0FCFFFFFF3F0701000031
:10B9F0000000000000000000000000000000000047
:10BA00000000FFFFFFFFFF0000000080E0FCFFFFE1
:10BA1000FF3F0F00000000000000000000000000D9
:10BA2000000000000080E0E0E08000000000000076
:10BA30000080C0E0E0C00000000000000000000046
:10BA400000000000000000000000000000000000F6
:10BA500000000000000000000000000000000000E6
:10BA600000000000000000000000000000000000D6
:10BA700000000000000000000000000000000000C6
:10BA800000000000000000000000000000000003B3
:10BA900003030000000000000000000000000000A0
:10BAA0000000000000000000000000000000000096
:10BAB00000FFFFFFFFFF000000000000000000008B
:10BAC0000000000000000000000000000000000076
:10BAD00000000000FFFFFFFFFF000000000000006B
:10BAE0000000000000000000000000000000000056
:10BAF00000000000000000FFFFFFFFFF000000004B
:10BB00000000000000000000000000000000000035
:10BB100000000000000000000000FFFFFFFFFF002A
:10BB20000000000000000000000000000000000015
:10BB300000000000000000000000000000FFFFFF08
:10BB4000FFFF0000000000000000000000000000F7
:10BB500000000000000000000000000000000000E5
:10BB600080E0E0E080000000000000000000000035
:10BB700000000000000000000000000000000000C5
:10BB800000000000000000000000000000000000B5
:10BB900000000000000000000000000000000000A5
:10BBA0000000000000000000000000000000000095
:10BBB0000000000000000000000000000000000085
:10BBC0000000000000000000000000000000000075
:10BBD0000000000000000000000000000000000065
:10BBE0000000000000000000000000000000000055
:10BBF0000000000000000000000000000000000045
:10BC000000000000000000000000000000001F3FD6
:10BC10003F3F0F070F1F1F3F3F3F3F1F1F070107FA
:10BC20000F1F3F3F3F3F1F1F0701000000000000A4
:10BC300000FFFFFFFFFFF08000000000C0FFFFFFDC
:10BC4000FFFFF080000000C0FFFFFFFFFF000000CB
:10BC500000000000FFFFFFFFFF00000000000000E9
:10BC6000FFFFFFFFFF000000000000FFFFFFFFFFDE
:10BC700000000000000000FFFFFFFFFF00000000C9
:10BC8000000000FFFFFFFFFF000000000000FFFFBB
:10BC9000FFFFFF0000000000000080E0E0E0800007
:10BCA00000000000000080E0E0E0800000000000F4
:10BCB0000080E0E0E08000000000000000000000E4
:10BCC0000000000000000000000000000000000074
:10BCD0000000000000000000000000000000000064
:10BCE0000000000000000000000000000000000054
:10BCF0000000000000000000000000000000000044
:10BD00000000000000000000000000000000000033
:10BD10000000000000000000000000000000000023
:10BD20000000000000000000000000000000000013
:10BD30000000000000000000000000000000000003
:10BD40000000000000000000001F3F3F3F0F030FF6
:10BD50001F1F3F3F3F3F3F1F0F0700000000000035
:10BD6000000000000000000000000000FFFFFFFFD7
:10BD7000FFF0C08000000080E0FFFFFFFFFF000039
:10BD8000000000000000000000000000000000FFB4
:10BD9000FFFFFFFF0000000000000000FFFFFFFFAB
:10BDA000FF00000000000000000000000000000094
:10BDB0000000FFFFFFFFFF0000000000000000FF89
:10BDC000FFFFFFFF00000000000000000000000077
:10BDD000000000000080E0E0E080000000000000C3
:10BDE000000080E0E0E080000000000000000000B3
:10BDF0000000000000000000000000000000000043
:10BE00000000000000000000000000000000000032
:10BE10000000000000000000000000000000000022
:10BE20000000000000000000000000000000000012
:10BE30000000000000000000000000000000000002
:10BE400000000000000000000000000000000000F2
:10BE500000000000000000000000000000000000E2
:10BE600000000000000000000000000000000000D2
:10BE700000000000000000000000000000000000C2
:10BE8000000000000001070F1F1F3F3F3F3F3F3FE3
:10BE90001F1F0F070100000000000000000000004D
:10BEA000000000000000077FFFFFFFF8C0800000D7
:10BEB000000080C0F8FFFFFF7F07000000000000C7
:10BEC000000000000000000000FFFFFFFFFF000077
:10BED0000000000000000000FFFFFFFFFF00000067
:10BEE00000000000000000000000000000F0FCFF67
:10BEF000FFFF1F0F070707070F3FFFFFFFFCF000C3
:10BF00000000000000000000000000000000000031
:10BF100000000080C0C0E0E0E0E0E0E0C0C08000E1
:10BF20000000000000000000000000000000000011
:10BF30000000000000000000000000000000000001
:10BF400000000000000000000000000000000000F1
:10BF500000000000000000000000000000000000E1
:10BF600000000000000000000000000000000000D1
:10BF700000000000000000000000000000000000C1
:10BF800000000000000000000000000000000000B1
:10BF900000000000000000000000000000000000A1
:10BFA0000000000000000000000000000000000091
:10BFB0000000000000000000000000000000001F62
:10BFC0003F3F3F0F01070F1F3F3F3F3F3F1F0F07FF
:10BFD000030000000000000000000000000000005E
:10BFE0000000FFFFFFFFFFFEE0808000000080C038
:10BFF000F8FFFFFF7F0F00000000000000000000BE
:10C000000000000000FFFFFFFFFF03000000000032
:10C0100000000000FFFFFFFFFF0000000000000025
:10C020000000000000000000FFFFFFFFFFFE3F0FC9
:10C030000F0707070F3FFFFFFFFEF00000000000A3
:10C040000000000000000000000000FFFFFFFFFFF5
:10C05000000080C0E0E0E0E0E0C080000000000000
:10C060000000000000000000000000000000FEFFD3
:10C07000FFFFFC00000000000000000000000000C6
:10C0800000000000000000000000000000000000B0
:10C0900000000000000000000000000000000000A0
:10C0A0000000000000000000000000000000000090
:10C0B0000000000000000000000000000000000080
:10C0C0000000000000000000000000000000000070
:10C0D0000000000000000000000000000000000060
:10C0E0000000000000000000000000000000000050
:10C0F000000000000000000000000003070F1F3FC9
:10C100003F3F3F3F1F0F07031F3F3F3F1F00000000
:10C110000000000000000000000000000FFFFFFF13
:10C12000FFF8E0800000008080E0FEFFFFFFFFFFDF
:10C13000000000000000000000000000000000FF00
:10C14000FFFFFFFF00000000000000000003FFFFF2
:10C15000FFFFFF00000000000000000000000000E2
:10C16000000080F0FEFFFFFF3F0F0707070F0F3FA4
:10C17000FEFFFFFFFFFF00000000000000000000C6
:10C1800000000000000000000080C0E0E0E0E0E00F
:10C19000C0800000FFFFFFFFFF0000000000000064
:10C1A000000000000000000000000000000000008F
:10C1B00000000000000000FEFFFFFFFC0000000088
:10C1C000000000000000000000000000000000006F
:10C1D000000000000000000000000000000000005F
:10C1E000000000000000000000000000000000004F
:10C1F000000000000000000000000000000000003F
:10C20000000000000000000000000000000000002E
:10C21000000000000000000000000000000000001E
:10C22000000000000000000000000000000000000E
:10C2300000000000000F3F3F3F0F070F3F3F3F3F11
:10C240001F0F0300000000000000000000000000BD
:10C250000000000000000000FFFFFFFFFFFCC080A7
:10C260008080C0C0C000000000000000000000008E
:10C270000000000000000000000000FFFFFFFFFFC3
:10C2800000000000000000000000000000000000AE
:10C290000000000000000000000000000000FFFFA0
:10C2A000FFFFFF0000000000000000000000000091
:10C2B000000000000000000000000000000000007E
:10C2C0000080E0E0E08000000000000000000000CE
:10C2D000000000000000000000000000000000005E
:10C2E000000000000000000000000000000000004E
:10C2F000000000000000000000000000000000003E
:10C30000000000000000000000000000000000002D
:10C31000000000000000000000000000000000001D
:10C32000000000000000000000000000000000000D
:10C3300000000000000000000000000000000000FD
:10C3400000000000000000000000000000000000ED
:10C3500000000000000000000000000000000000DD
:10C3600000000000000000000000000000000000CD
:10C3700000070F1F1F3F3E3E3E3E3F1F1F0F07019E
:10C3800000000000000000000000000000000000AD
:10C39000000000FCFFFFFFFF0F0703030101C1F0D6
:10C3A000F8F0F000000000000000000000000000B5
:10C3B0000000000000000103C1C1E0F0F0F0F8F857
:10C3C000FCFEFF7F7F1F0700000000000000000050
:10C3D000000000000000000000FCFFFFFF3F1F0FF7
:10C3E0000707070F1FFFFFFFFEF00000000000001F
:10C3F000000000000000000000000000000080C0FD
:10C40000C0E0E0E0E0E0E0C0C0800000000000002C
:10C41000000000000000000000000000000000001C
:10C42000000000000000000000000000000000000C
:10C4300000000000000000000000000000000000FC
:10C4400000000000000000000000000000000000EC
:10C4500000000000000000000000000000000000DC
:10C4600000000000000000010101000000000000C9
:10C4700000000000000000000000000000000000BC
:10C480000000000000000000007FFFFFFF7F0000B1
:10C49000000000000000000000000000000000009C
:10C4A0000000000000000000000F1F1FFFFFFFFF43
:10C4B000FF1F1F1F0F000000000000000000000011
:10C4C000000000000000000000000000008080FF6D
:10C4D000FFFFFFFF808080000000000000000000E0
:10C4E000000000000000000000000000000000004C
:10C4F0000000FFFFFFFFFF00000000000000000041
:10C50000000000000000000000000000000000002B
:10C510000000000000FEFFFFFFFF0F07070F0703EB
:10C52000000000000000000000000000000000000B
:10C5300000000000000000000080C0E0E0E0E0E05B
:10C54000C0C000000000000000000000000000006B
:10C5500000000000000000000000000000000000DB
:10C5600000000000000000000000000000000000CB
:10C5700000000000000000000000000000000000BB
:10C5800000000000000000000000000000000000AB
:10C59000000000000000000000000000000000009B
:10C5A000000000000000000000000000000000008B
:10C5B000000000000000000000000000000000007B
:10C5C000000000000000000000000000000000006B
:10C5D000000000000000000000000000000000005B
:10C5E0000000000000000F3F3F3F0F000000000070
:10C5F0000000000F3F3F3F0F000000000000000060
:10C60000000000000000000000FFFFFFFFFF00002F
:10C61000000000000000FFFFFFFFFF00000000001F
:10C62000000000000000000000000000FFFFFFFF0E
:10C63000FF0000000000000000FFFFFFFFFF000000
:10C64000000000000000000000000000000000F8F2
:10C65000FFFFFFFF3F0F0707070F1F7EFFFFFFFFD3
:10C66000FF000000000000000000000000000000CB
:10C670000000000080C0E0E0E0E0E0C0C08000809A
:10C68000E0E0E0C00000000000000000000000004A
:10C69000000000000000000000000000000000009A
:10C6A000000000000000000000000000000000008A
:10C6B000000000000000000000000000000000007A
:10C6C000000000000000000000000000000000006A
:10C6D000000000000000000000000000000000005A
:10C6E000000000000000000000000000000000004A
:10C6F000000000000000000000000000000000003A
:10C700000000000000000000000000000000000029
:10C710000000000000000000000000000000000019
:10C720001F3F3F1F0300000000000000011F3F3FAC
:10C730001F000000000000000000000000000000DA
:10C7400000000080F8FFFFFF1F00000000001FFF37
:10C75000FFFFF88000000000000000000000000063
:10C76000000000000000000080FCFFFFFF07000742
:10C77000FFFFFFFC80000000000000000000000040
:10C7800000000000000000000000000000C0FCFFEE
:10C79000FF3FFFFFFCC000000000000000000000A1
:10C7A0000000000000000000000000000000000089
:10C7B0000000C0E0E0E0C000000000000000000059
:10C7C0000000000000000000000000000000000069
:10C7D0000000000000000000000000000000000059
:10C7E0000000000000000000000000000000000049
:10C7F0000000000000000000000000000000000039
:10C800000000000000000000000000000000000028
:10C810000000000000000000000000000000000018
:10C820000000000000000000000000000000000008
:10C8300000000000000000000000000000000000F8
:10C8400000000000000000000000000000000000E8
:10C8500000000000000000000000001F3F3F1F0319
:10C86000000000000000071F3F3F1F0700000000FE
:10C870000000031F3F3F1F0000000000000080FC7D
:10C88000FFFFFF0F000000003FFFFFFFFFFFFF3F24
:10C89000000000000FFFFFFFFC8000000000000010
:10C8A000000000E0FFFFFF3F0003FFFFFFF8000074
:10C8B000FCFFFFFF03003FFFFFFFE0000000000060
:10C8C0000000000000000000F0FFFFFFFFFFFFE09E
:10C8D00000000000E0FFFFFFFFFFFFF0000000008E
:10C8E00000000000000000000000000080C0E0E048
:10C8F000C00000000000000000C0E0E0C0800000B8
:10C900000000000000000000000000000000000027
:10C910000000000000000000000000000000000017
:10C920000000000000000000000000000000000007
:10C9300000000000000000000000000000000000F7
:10C9400000000000000000000000000000000000E7
:10C9500000000000000000000000000000000000D7
:10C9600000000000000000000000000000000000C7
:10C9700000000000000000000000000000000000B7
:10C9800000000000000000000000000000000000A7
:10C99000000000000000043F3F3F0F0300000000C4
:10C9A00000031F3F3F3F04000000000000000000A4
:10C9B0000000000000000000000080F0FCFFFFFF0E
:10C9C0001F071FFFFFFFFCE08000000000000000C9
:10C9D0000000000000000000000000000000000156
:10C9E0000FFFFFFFFFFFFFFF0F010000000000002F
:10C9F0000000000000000000000000000000000334
:10CA00001F7FFFFFFEF0C000C0F0FEFFFF7F1F038F
:10CA10000000000000000000000000000000000016
:10CA20000000C0E0E0C0800000000000000080C006
:10CA3000E0E0C00000000000000000000000000076
:10CA400000000000000000000000000000000000E6
:10CA500000000000000000000000000000000000D6
:10CA600000000000000000000000000000000000C6
:10CA700000000000000000000000000000000000B6
:10CA800000000000000000000000000000000000A6
:10CA90000000000000000000000000000000000096
:10CAA0000000000000000000000000000000000086
:10CAB0000000000000000000000000000000000076
:10CAC0000000000000000000000000000000000066
:10CAD000000F3F3F3F070000000000000000031F61
:10CAE0003F3F1F00000000000000000000000000A9
:10CAF0000000000080F8FFFFFF7F0300000000013E
:10CB00003FFFFFFFF8800000000000000000000071
:10CB1000000000000000000000C0FCFFFFFF1F003D
:10CB2000000FFFFFFFFCC00000000000000000003D
:10CB30000000000000000000000000000000C0FC39
:10CB4000FFFFFF7FFFFFFEE000000000000000008D
:10CB500000000000000000000000000000000000D5
:10CB6000000001EFFFFFFFFFE000000000000000F9
:10CB700000000000000000000000000000000008AD
:10CB80003E3F3F3F7FFFFEFEF8E000000000000058
:10CB90000000000000000000000000000000000095
:10CBA0000000000000000000000000000000000085
:10CBB0000000000000000000000000000000000075
:10CBC0000000000000000000000000000000000065
:10CBD0000000000000000000000000000000000055
:10CBE0000000000000000000000000000000000045
:10CBF0000000000000000000000000000000000035
:10CC0000000000000000000000000000001F1F1FC7
:10CC10001F1F1F1F1F1F1F1F1F1F1F1F0F00000091
:10CC20000000000000000000000000000000000004
:10CC300080808080808080838FFFFFFFFEF8E0800F
:10CC400000000000000000000000000000000000E4
:10CC5000000000000001070F3FFFFFFEF8E080002A
:10CC600000000000000000000000000000000000C4
:10CC70000000000000071F7FFFFFFFFFE787070797
:10CC80000707070707070300000000000000000077
:10CC90000000000000000000C0E0E0E0E0E0E0E0B4
:10CCA000E0E0E0E0E0E0E0E0E0C0000000000000E4
:10CCB0000000000000000000000000000000000074
:10CCC0000000000000000000000000000000000064
:10CCD0000000000000000000000000000000000054
:10CCE0000000000000000000000000000000000044
:10CCF0000000000000000000000000000000000034
:10CD00000000000000000000010303030300000016
:10CD10000000000000000000000000000000000013
:10CD200000000000000000001F7FFFFFFFFCF8F87C
:10CD3000F000000000000000000000000000000003
:10CD40000000000000000000000000FFFFFFFFFFE8
:10CD500000000000000000000000000000000000D3
:10CD6000000000000000000000000001030FFFFFB2
:10CD7000FFFFF800000000000000000000000000BD
:10CD800000000000000000000000000000FCFEFFAA
:10CD9000FFFFFFCF030000000000000000000000C4
:10CDA0000000000000000000000000000000000083
:10CDB000000000C0FFFFFFFF7F0000000000000038
:10CDC0000000000000000000000000000000000063
:10CDD00000000000000000FFFFFFFFFF0000000058
:10CDE0000000000000000000000000000000000043
:10CDF00000000000000000000000E0F8FCFEFFFF63
:10CE0000FF7F3C0000000000000000000000000068
:10CE10000000000000000000000000000000000012
:10CE20000000000000000000000000000000000002
:10CE300000000000000000000000000000000103EE
:10CE400003010000000000000000000000000000DE
:10CE500000000000000000000000000000000000D2
:10CE600000FFFFFFFF0000000000000000000000C6
:10CE700000000000000000000000000000000000B2
:10CE800000000000FFFFFFFF0000000000000000A6
:10CE90000000000000000000000000000000000092
:10CEA00000000000000000FFFFFFFF000000000086
:10CEB0000000000000000000000000000000000072
:10CEC00000000000000000000000FFFFFFFF000066
:10CED0000000000000000000000000000000000052
:10CEE00000000000000000000000000000FFFFFF45
:10CEF000FF00000000000000000000000000000033
:10CF00000000000000000000000000000000000021
:10CF1000FFFFFFFF00000000000000000000000015
:10CF20000000000000000000000000000000000001
:10CF3000000000FEFFFFFE000000000000000000F7
:10CF400000000000000000000000000000000000E1
:10CF500000000000000000000000000000000000D1
:10CF600000000000000000000000000000000000C1
:10CF700000000000000000030303030100000000A4
:10CF800000000000000000000000000000000000A1
:10CF9000000000000000000000F0F8F8FCFFFFFFB8
:10CFA0007F1F0000000000000000000000000000E3
:10CFB0000000000000000000000000000000000071
:10CFC000FFFFFFFFFF000000000000000000000066
:10CFD0000000000000000000000000000000000051
:10CFE000000000F8FFFFFFFF1F030100000000002A
:10CFF0000000000000000000000000000000000031
:10D000000000000000000003CFFFFFFFFFFEFC0058
:10D010000000000000000000000000000000000010
:10D020000000000000000000007FFFFFFFFFC000C5
:10D0300000000000000000000000000000000000F0
:10D04000000000000000000000000000FFFFFFFFE4
:10D05000FF000000000000000000000000000000D1
:10D0600000000000000000000000003C7F7FFFFF88
:10D07000FEFCF8E0000000000000000000000000DE
:10D0800000000000000000000000000000000000A0
:10D090000000000000000000000000000000000090
:10D0A0000000000000000000000000000000000080
:10D0B0000000000000000000000000000000000070
:10D0C0000000000000000000000000000000000060
:10D0D0000000000000000000000000000000000050
:10D0E0000000000000000000000000000000000040
:10D0F000000000000000000000000001010101012B
:10D10000000000000000000000000100000000001E
:10D1100000000000000000000000003F7FFFFEFE56
:10D12000FEFEFFFF7F7F3F1F1F1F1F3F7FFF00008F
:10D130000000000000000000000000000000E0808F
:10D140000000000000000080C0C0E0E0E0E0C0801F
:10D1500000000000000000000000000000000000CF
:10D1600000000000000000000000000000000000BF
:10D1700000000000000000000000000000000000AF
:10D18000000000000000000000000000000000009F
:10D19000000000000000000000000000000000008F
:10D1A000000000000000000000000000000000007F
:10D1B000000000000000000000000000000000006F
:10D1C000000000000000000000000000230000003C
:10D1D00000000000230000002300000023000000E6
:10D1E000460000002300000069000000230000004A
:10D1F0008C00000023000000AF00000023000000AE
:10D20000D200000023000000F50000002300000011
:10D2100018010000230000003B0100002300000073
:10D220005E010000230000008101000023000000D7
:10D23000A401000023000000C7010000230000003B
:10D24000EA010000230000000D020000230000009E
:10D250003002000023000000530200002300000001
:10D260007602000023000000990200002300000065
:10D27000BC02000023000000DF02000023000000C9
:10D28000020300002300000025030000230000002B
:10D2900048030000230000006B030000230000008F
:10D2A0008E03000023000000B103000023000000F3
:10D2B000D403000023000000F70300002300000057
:10D2C0001A040000230000003D04000023000000B9
:10D2D000600400002300000083040000230000001D
:10D2E000A604000023000000C90400002300000081
:10D2F000EC040000230000000F05000023000000E4
:10D300003205000023000000550500002300000046
:10D3100078050000230000009B05000023000000AA
:10D32000BE05000023000000E1050000230000000E
:10D330000406000023000000270600002300000070
:10D340004A060000230000006D06000023000000D4
:10D350009006000023000000B30600002300000038
:10D36000D606000023000000F9060000230000009C
:10D370001C070000230000003F07000023000000FE
:10D380006207000023000000850700002300000062
:10D39000A807000023000000CB07000023000000C6
:10D3A000EE07000023000000110800002300000029
:10D3B000340800002300000057080000230000008C
:10D3C0007A080000230000009D08000023000000F0
:10D3D000C008000023000000E30800002300000054
:10D3E00006090000230000002909000023000000B6
:10D3F0004C090000230000006F090000230000001A
:10D400009209000023000000B5090000230000007D
:10D41000D809000023000000FB09000023000000E1
:10D420001E0A000023000000410A00002300000043
:10D43000640A000023000000870A000023000000A7
:10D44000AA0A000023000000CD0A0000230000000B
:10D45000F00A000023000000130B0000230000006E
:10D46000360B000023000000590B000023000000D1
:10D470007C0B0000230000009F0B00002300000035
:10D48000C20B000023000000E50B00002300000099
:10D49000080C0000230000002B0C000023000000FB
:10D4A0004E0C000023000000710C0000230000005F
:10D4B000940C000023000000B70C000023000000C3
:10D4C000DA0C000000000000000000000000000076
:10D4D000000000000000000000000000000000004C
:10D4E000000000000000000000000000000000003C
:10D4F000000000000000000000000000000000002C
:10D50000000000000000000000000000000000001B
:10D51000000000000000000000000000000000000B
:10D5200000000000000000000000000000000000FB
:10D5300000000000000000000000000000007FFF6D
:10D54000FF000000000000000000000000000000DC
:10D550000000FEFFFC0000000000000000000000D2
:10D56000000000000000078F07000000000000001E
:10D57000000000000000000000000080000000002B
:10D58000000000000000000000000000000000009B
:10D59000000000000000000000000000000000008B
:10D5A00000FFFFFF0000FFFFFF0000000000000081
:10D5B000000000000080808000008080800000006B
:10D5C000000000000000000000000000000000005B
:10D5D000000000000000000000000000000000004B
:10D5E000000000000000000000000000000000003B
:10D5F000000000000000000000000000000000002B
:10D60000000000000303037FFF630307FFFF030025
:10D610000000000000000000C1C1FFFFE1C1C7FF22
:10D62000FFC1C1000000000000000000E0FFFFF0AB
:10D63000E0E3FFFFE0E0E000000000000000000089
:10D64000008080000000800000000000000000005A
:10D650000000000000000000010F0F0000000000AB
:10D660000000000000000000001F7FFFF0FFFFE04F
:10D67000FC7F3F00000000000000000000C0F0F848
:10D68000FCFFFF3E1F0F070100000000000000002C
:10D6900000FCFF7F07FFFF0307FFFEF8000000000C
:10D6A0000000000000000080C0FFFFC0808000007C
:10D6B000000000000000000000000000000000006A
:10D6C0000000000000000000000000003F7FE0C0FC
:10D6D000E07F1F000000010F78E000000000000064
:10D6E000C0F0381838F0C0030F78E003070C0C07BF
:10D6F0000300000000000000030F7CE0000000FEBB
:10D70000FF0101FFFE00000000000000C00000005B
:10D710000000000000808000000000000000000009
:10D7200000000000000000000000000000000000F9
:10D730000000001F7F7FE0E0F1FF7F1F000000007E
:10D74000000000000001070FFFFCFE7FFFE7C100A3
:10D75000070F07000000000000F8FEFF0F0303039F
:10D76000C7FFFFFEFEFF07030000000000000000EF
:10D7700080808080800000000000800000000000A9
:10D780000000000000000000000000000000000099
:10D790000000000000FFFFFF00000000000000008C
:10D7A00000000000000000000080808000000000F9
:10D7B0000000000000000000000000000000000069
:10D7C0000000000000000000000000000000000059
:10D7D0000000000000000000000000000000000049
:10D7E0000000000000000000000000000000000039
:10D7F00000000000000000000000031F7FF0000098
:10D80000000000000000000000000000003FFFFFDB
:10D810008000000000000000000000000000000088
:10D8200000FCFFFF010000000000000000000000FD
:10D83000000000000000C0F8FE0F00000000000023
:10D8400000000000000000000000000000000000D8
:10D8500000000000000000000000000000F07F1F3A
:10D8600003000000000000000000000000000000B5
:10D87000000080FFFF3F00000000000000000000EB
:10D8800000000000000001FFFFFC0000000000009D
:10D890000000000000000000000FFEF8C0000000C3
:10D8A0000000000000000000000000000000000078
:10D8B0000303000000000000000000000000000062
:10D8C0000038181DFFFF1D18380000000000000080
:10D8D00000000000000070E00080E0700000000028
:10D8E0000000000000000000000000000000000038
:10D8F0000000000000000000000000000000000028
:10D900000000000000000000000000000000000017
:10D910000000000000000000000000000000000007
:10D920000000000000000000000F0F0F00000000CA
:10D930000000000000000000001E1E1E1EFFFFFF72
:10D940001E1E1E1E0000000000000000000000005F
:10D9500000F8F8F8000000000000000000000000DF
:10D9600000000000000000000000000000000000B7
:10D9700000000000000000000000000000000000A7
:10D980000000000000000000000000000000000097
:10D990000000000000000000000000000000000087
:10D9A0000000000000000000000000000000000077
:10D9B00000070F0F0700000000000000000000003B
:10D9C00000000000000C9CF8E000000000000000D7
:10D9D0000000000000000000000000000000000047
:10D9E0000000000000000000000000000000000037
:10D9F0000000000000000000000000000000000027
:10DA000000003C3C3C3C3C3C3C3C3C3C3C3C3C3CCE
:10DA10003C3C00000000000000000000000000008E
:10DA200000000000000000000000000000000000F6
:10DA300000000000000000000000000000000000E6
:10DA400000000000000000000000000000000000D6
:10DA500000000000000000000000000000000000C6
:10DA600000000000000000000000000000000000B6
:10DA700000000000000000000000070F0700000089
:10DA80000000000000000000000000000000008016
:10DA90000000000000000000000000000000000086
:10DAA0000000000000000000000000000000000076
:10DAB00000000000000007FFF80000000000000068
:10DAC0000000000000000000000FFFF80000000050
:10DAD0000000000000000000000000001FFFF00038
:10DAE0000000000000000000000000000000000036
:10DAF0008080000000000000000000000000000026
:10DB00000000000000000000000000000000000015
:10DB100000000000000000000000031F3F7F7CF0B9
:10DB2000E0E0E0F07C7F3F0F010000000000FFFF1D
:10DB3000FFFF00000000000000FFFFFFFF000000EB
:10DB40000000C0F8FEFF1F07030303071FFFFEF8D6
:10DB5000E000000000000000000000808080808065
:10DB600000000000000000000000000000000000B5
:10DB700000000000000000000000000000000103A1
:10DB80000307070F1E7FFFFF7F000000000000005B
:10DB9000000080C0C080800000FFFFFFFF00000089
:10DBA00000000000000000000000000000FFFFFF78
:10DBB000FF00000000000000000000000000000066
:10DBC0000000808000000000000000000000000055
:10DBD0000000000000000000000000000000000045
:10DBE00000000F1F3F7F78F0E0E0E0F0F87F7F3F1C
:10DBF0000F000000000000808000000103070F1FDD
:10DC00007EFCF8F0C00000000000071F3F7FFFF718
:10DC1000E7C7870707070707070000000000008025
:10DC20008080808080808080808080808000000074
:10DC300000000000000000000000000000000000E4
:10DC4000000000000000061F3F7E70E0E0E0E0F012
:10DC50007F7F3F0F00000000000000000000383808
:10DC6000383878FCFEFFCF87010000000000F8FC88
:10DC7000FE1F0703030303070FFFFEFCF000000075
:10DC80000000000000008080808080800000000094
:10DC90000000000000000000000000000000000084
:10DCA0000000000000000000000000000000010370
:10DCB0000F1F7EFFFFFF7F00000000000001030F29
:10DCC0001F7CF8E0C00000FFFFFFFF000000000025
:10DCD00000E0F0F0F0F0F0F0F0F0F0FFFFFFFFF008
:10DCE000F0F0000000000000000000000000000054
:10DCF0008080000000000000000000000000000024
:10DD00000000000000000000000000000000001FF4
:10DD1000FFFFFFF0F0F0F0F0F0F0F0F00000000096
:10DD200000003CFEFCFC3830707070787C3F1F0FA8
:10DD30000300000000003C7E3F0F070303030307BE
:10DD40000FFFFEFCF00000000000000000008080DB
:10DD500080808080000000000000000000000000C3
:10DD600000000000000000000000000000000000B3
:10DD7000000000071F3F7CF0E0E0E0F0F87E3E1E70
:10DD8000000000000000FFFFFFFF1C38707070787B
:10DD90007C3F1F0F030000000000C0F8FEFF1F07BC
:10DDA000030303070FFFFEFCF0000000000000006B
:10DDB00000000080808080800000000000000000E3
:10DDC0000000000000000000000000000000000053
:10DDD000000000000000E0F0F0F0F0F0F0F0F1F7EB
:10DDE000FFFFFEF8700000000000000000000007C8
:10DDF0001F7FFFF8C00000000000000000000000CE
:10DE0000000FFFFFFFFC000000000000000000000A
:10DE10000000000000008080800000000000000082
:10DE200000000000000000000000000000000000F2
:10DE3000000000000000000000000F3F7F7FF0E0C6
:10DE4000E0E0E0F07F7F3F1F000000000001C7EF2F
:10DE5000FFFE7C383838387CFEFFEF870100000079
:10DE600000F0FCFEFF0F0703030303070FFFFEFC98
:10DE7000F0000000000000000000808080808080B2
:10DE80000000000000000000000000000000000092
:10DE900000000000000000000000000000071F3F1D
:10DEA0007F78F0E0E0E0E0F07C3F1F0F0100000031
:10DEB00000E0F8FCFE1F0F070707070E1CFFFFFF1F
:10DEC000FF00000000003C3E3F1F0703030307075D
:10DED0001FFEFCF0800000000000000000008080B9
:10DEE00080808000000000000000000000000000B2
:10DEF0000000000000000000000000000000000022
:10DF00000000000100000000000000000000000010
:10DF1000000000000000E0F0E00000000000000051
:10DF200000000000000000000000070F07000000D4
:10DF30000000000000000000000000000000008061
:10DF400000000000000000000000000000000000D1
:10DF500000000000000000000000000000000000C1
:10DF600000000000000000010000000000000000B0
:10DF700000000000000000000000E0F0E0000000F1
:10DF800000000000000000000000000000000F0F73
:10DF9000070000000000000000000000000000007A
:10DFA00000009CF8E00000000000000000000000FD
:10DFB0000000000000000000000000000000000061
:10DFC000000000000000000000000000000103034A
:10DFD000070F1F000000000000000000003E7F7FD0
:10DFE000F7E7E3C1C180000000000000000000006E
:10DFF0000000000080C0E0E0F0F87C0000000000BD
:10E000000000000000000000000000000000000010
:10E010000000000000000000000000000000000000
:10E0200000000000000000000000000000010101ED
:10E0300001010101010101010000000000000000D8
:10E0400000E3E3E3E3E3E3E3E3E3E3E3000000000F
:10E050000000000000C0C0C0C0C0C0C0C0C0C0C080
:10E0600000000000000000000000000000000000B0
:10E0700000000000000000000000000000000000A0
:10E080000000000000000000000000000000000090
:10E09000001F0F0703030100000000000000000044
:10E0A0000000000000008081C1E3E7F77F7F3E00B1
:10E0B0000000000000000000007CF8F0E0E0C080FC
:10E0C0000000000000000000000000000000000050
:10E0D0000000000000000000000000000000000040
:10E0E0000000000000000000000000000000000030
:10E0F00000000000001F3F7CF0E0E0F07F3F0F00D9
:10E10000000000000000000000800000071F3FFC2E
:10E11000F0E08000000000000000000000000000AF
:10E12000C7CF8700000000000000000000000000D2
:10E13000000000000080000000000000000000005F
:10E1400000000000000000000000000000000000CF
:10E150000000000000000000000000070E1C3870E6
:10E1600061E1E1E0E0F171793C1F0700001FFFC0B1
:10E17000031F7FFCE0C0C0E07FFFFF000080FFFFC7
:10E1800000FCFF03FCFFFF070303071FFFFF03075C
:10E190000E7CF080000080E0783C9E8E8787070729
:10E1A00087878F0E1E3C7860000000000000000092
:10E1B000000000000000000000000000000000005F
:10E1C00000031F7FFEFE7F1F030000000000000011
:10E1D000000000073FFFFDE10101E1FFFF3F0700F5
:10E1E00000000000000F7FFFFCE0E0E0E0E0E0E086
:10E1F000E0FEFF7F0F0000000000808000000000B4
:10E20000000000000000808000000000000000000E
:10E2100000000000000000000000000000000000FE
:10E2200000007FFFFFFFF0F0F0F0F0F8FF7F3F0FFE
:10E23000000000000000FFFFFFFF1C1C1C1C1C3C1A
:10E24000FEFFE7C3010000000000FFFFFFFF07071C
:10E25000070707070FFFFFFEF8000000000000801F
:10E26000808080808080808080000000000000002E
:10E27000000000000000000000000000000000009E
:10E28000000000000000070F3F7F7CF8F0F0F0F086
:10E29000787E3F1F0F00000000FFFFFFFF0000001F
:10E2A0000000000000008081810000000080F0FC80
:10E2B000FE7F1F0F070707070F3FFEFCF00000005F
:10E2C000000000000000008080808080800000004E
:10E2D000000000000000000000000000000000003E
:10E2E000000000000000000000007FFFFFFFF0F0D2
:10E2F000F0F0F0F87E3F1F07010000000000FFFF74
:10E30000FFFF00000000000000FFFFFFFF00000013
:10E310000000FFFFFFFF07070707070F7FFEFCF066
:10E32000C0000000000000808080808080808080AD
:10E3300000000000000000000000000000000000DD
:10E3400000000000000000000000000000007FFF4F
:10E35000FFFFF0F0F0F0F0F0F0F0F06000000000EF
:10E360000000FFFFFFFF3C3C3C3C3C3C3C3C3C0095
:10E37000000000000000FFFFFFFF07070707070777
:10E3800007070707000000000000008080808080F1
:10E39000808080808080808000000000000000007D
:10E3A000000000000000000000000000000000006D
:10E3B00000007FFFFFFFF0F0F0F0F0F0F0F0600001
:10E3C000000000000000FFFFFFFF3C3C3C3C3C3CE9
:10E3D0003C180000000000000000FFFFFFFF0000ED
:10E3E00000000000000000000000000000000080AD
:10E3F000800000000000000000000000000000009D
:10E40000000000000000000000000000000000000C
:10E41000000000000000071F3F3F7C78F0F0F0F0A4
:10E42000F8FC7E7F3F0F000000FFFFFFFF000000B1
:10E430000000060F0F0F0F0F8F0F07000080F0FC7A
:10E44000FE7F1F0F07070707070F0FFFFEFCF800EF
:10E45000000000000000008080808080808000003C
:10E4600000000000000000000000000000000000AC
:10E47000000000000000000000007FFFFF7F0000A0
:10E4800000000000007FFFFF7F0000000000FFFF92
:10E49000FFFF3C3C3C3C3C3C3CFFFFFFFF000000DE
:10E4A0000000FFFFFFFF00000000000000FFFFFF73
:10E4B000FF0000000000008080000000000000005D
:10E4C000000080800000000000000000000000004C
:10E4D00000000000000000000000000000007FFFBE
:10E4E000FF7F0000000000000000000000000000AE
:10E4F0000000FFFFFFFF0000000000000000000020
:10E50000000000000000FFFFFFFF0000000000000F
:10E5100000000000000000000000008080000000FB
:10E5200000000000000000000000000000000000EB
:10E5300000000000000000000000000000000000DB
:10E540000000000000000000007FFFFF7F000000CF
:10E5500000000000000101000000000000FFFFFFBC
:10E56000FF0000000000000000F8FEFF1F07070783
:10E570000FFFFFFEF00000000000000000000000A0
:10E58000808080808000000000000000000000000B
:10E59000000000000000000000000000000000007B
:10E5A0000000000000007FFFFF7F00000003070F56
:10E5B0003F7EFCF8600000000000FFFFFFFF3F7E91
:10E5C000FCFCFFFF8F030000000000000000FFFFC5
:10E5D000FFFF0000000000C0F0FEFF3F0F0300003F
:10E5E00000000080800000000000000000000080AB
:10E5F000800000000000000000000000000000009B
:10E60000000000000000000000007FFFFF7F00000E
:10E610000000000000000000000000000000FFFFFC
:10E62000FFFF0000000000000000000000000000EC
:10E630000000FFFFFFFF070707070707070707009F
:10E64000000000000000008080808080808080804A
:10E65000808080000000000000000000000000003A
:10E66000000000000000000000000000007FFFFF2D
:10E67000FFFFFF1F000000000F7FFFFFFFFF7F0075
:10E6800000FFFFFFFF00FCFF7F03037FFFFC00FF95
:10E69000FFFFFF0000FFFFFFFF0000F0FFFFFFFF95
:10E6A000F00000FFFFFFFF0000008080000000007E
:10E6B000008080000000000080800000000000005A
:10E6C000000000000000000000000000000000004A
:10E6D00000007FFFFFFF3F0F03000000007FFFFFF0
:10E6E0007F0000000000FFFFFFFF80F0FC7F1F079E
:10E6F00000FFFFFFFF0000000000FFFFFFFF000022
:10E700000080E0F8FEFFFFFFFF0000000000008037
:10E7100080000000000000000080808000000000F9
:10E7200000000000000000000000000000000000E9
:10E73000000000000000071F3F7F7CF8F0F0F0F0C1
:10E74000F87C7F3F1F07000000FFFFFFFF00000075
:10E7500000000000000000FFFFFFFF000080F0FC51
:10E76000FE7F1F0F070707070F1F7FFEFCF08000CB
:10E770000000000000000080808080808000000099
:10E780000000000000000000000000000000000089
:10E79000000000000000000000007FFFFFFFF0F01D
:10E7A000F0F0F0F87F7F3F0F000000000000FFFF57
:10E7B000FFFF1E1E1E1E1E3EFCFCF8E000000000B7
:10E7C0000000FFFFFFFF000000000000000000004D
:10E7D0000000000000000080800000000000000039
:10E7E0000000000000000000000000000000000029
:10E7F0000000000000000000000000000000071FF3
:10E800003F7F7CF8F0F0F0F0F87C7F3F1F070000BE
:10E8100000FFFFFFFF00000000000000000000FFFD
:10E82000FFFFFF000080F0FCFE7F1F0F07E7E77788
:10E830003F1F7FFFFFF38100000000000000008009
:10E840008080808080000080C0C0E0C000000000A8
:10E8500000000000000000000000000000000000B8
:10E8600000007FFFFFFFF0F0F0F0F0F0F87F7F3F57
:10E870000F0000000000FFFFFFFF1C1C1C1E1F1FDD
:10E880003BF9F0F0C00000000000FFFFFFFF0000B8
:10E89000000080E0F8FEFF3F0F0000000000008055
:10E8A0008000000000000000000080808000000068
:10E8B0000000000000000000000000000000000058
:10E8C00000000000000F3F7F7FF0E0E0E0E0F07C20
:10E8D0007F3F1E000000000000C0E0F0F8F87C7CE4
:10E8E0007C3E3E1F1F0F07030000000000F8FEFFE4
:10E8F0003F0703030303070FFFFEFCF800000000BF
:10E900000000000000808080808080800000000087
:10E9100000000000000000000000000000000000F7
:10E92000000000000000000060F0F0F0F0F0FFFFD9
:10E93000FFFFF0F0F0F0F0600000000000000000C9
:10E940000000FFFFFFFF00000000000000000000CB
:10E95000000000000000FFFFFFFF000000000000BB
:10E9600000000000000000000000008080000000A7
:10E970000000000000000000000000000000000097
:10E9800000000000000000000000000000007FFF09
:10E99000FF7F000000000000007FFFFF7F000000FD
:10E9A0000000FFFFFFFF00000000000000FFFFFF6E
:10E9B000FF0000000000F0FCFEFF1F0F0707070F1D
:10E9C0001FFFFEFCE000000000000000000080804F
:10E9D0008080808000000000000000000000000037
:10E9E0000000000000000000000000000000000027
:10E9F0000078FFFF3F03000000000000033FFFFF1F
:10EA000078000000000000F0FFFF3F030000033F1C
:10EA1000FFFEF000000000000000000000E0FEFF2C
:10EA20003F3FFFFEE000000000000000000000008B
:10EA300000000000808000000000000000000000D6
:10EA400000000000000000000000000000000000C6
:10EA5000000000007CFF7F010000001FFFFCFF1F83
:10EA6000000000017FFFFC0000F8FFFF03017FFFB3
:10EA7000F000F0FF7F0103FFFFF800000000E0FF5F
:10EA8000FFFFFEC0000000C0FEFFFFFFE00000002F
:10EA90000000000080800000000000000080800076
:10EAA0000000000000000000000000000000000066
:10EAB000000000000000000000F8FE7F1F070000BB
:10EAC000030F3FFFFC600000000000000000008119
:10EAD000F7FFFFFFFFF7C10000000000000000008B
:10EAE000071F7FFEF8E08080E0F8FE7F1F07000030
:10EAF0000000000080808000000000000000008016
:10EB00008000000000000000000000000000000085
:10EB100000000000000000000000000000F8FE7F80
:10EB20001F0701000001071F7FFEF8200000000002
:10EB300000000080E0F8FF7F7FFFF8E08000000029
:10EB400000000000000000000000FFFFFFFF0000C9
:10EB50000000000000000000000000000000008035
:10EB60008000000000000000000000000000000025
:10EB70000000000000000000000000000000000095
:10EB800000F0F0F0F0F0F0F0F0F3FFFFFFFE78009F
:10EB90000000000000000000030F1F7FFEF8F0C01F
:10EBA00000000000000000000F1F7FFFFFF7C707F5
:10EBB000070707070707070700000000008080809D
:10EBC0008080808080808080808080800000000045
:10EBD0000000000000000000000000000000000035
:10EBE00000000000007FFFFFE0E0E0000000000008
:10EBF000000000000000000000FFFFFF0000000018
:10EC000000000000000000000000000000FFFFFF07
:10EC100000000000000000000000000000000000F4
:10EC200000FCFEFE0E0E0E000000000000000000C2
:10EC300000000000000000000000000000000000D4
:10EC40000000000000000000E0FF3F0000000000A6
:10EC500000000000000000000000000000C0FF7F76
:10EC600000000000000000000000000000000000A4
:10EC7000000080FEFF030000000000000000000014
:10EC80000000000000000000800000000000000004
:10EC90000000000000000000000000000000000074
:10ECA000000000000000000000000000E0E0E0FFC5
:10ECB000FF7F0000000000000000000000000000D6
:10ECC000000000FFFFFF0000000000000000000047
:10ECD00000000000000000FFFFFF00000000000037
:10ECE00000000000000000000E0E0EFEFEFC000002
:10ECF0000000000000000000000000000000000014
:10ED00000000000000000000000000000000000003
:10ED1000000000073FFFFC7F0F0000000000000024
:10ED200000000000000878F8E00000C0F8F81800C3
:10ED300000000000000000000000000000000000D3
:10ED400000000000000000000000000000000000C3
:10ED500000000000000000000000000000000000B3
:10ED600000000000000000000000000000000000A3
:10ED70000000000000000000000000000000000093
:10ED80000000000000000000000000000000000083
:10ED90000000000000000000000000000000000073
:10EDA0000000000000000000000000000000000063
:10EDB0000C0C0C0C0C0C0C0C0C0C0C0000000000CF
:10EDC0000000000000000000000000000000000043
:10EDD000000000000000000000C0E0F81800000083
:10EDE0000000000000000000000000000000000023
:10EDF0000000000000000000000000000000000013
:10EE00000000000000000000000000000000000002
:10EE100000000000000000000000000000000000F2
:10EE200000000000000000000000000000000000E2
:10EE300000000000000000000000000000000000D2
:10EE400000010101010101000000000000000000BC
:10EE5000000078F8F1E1C3C3C3E7FFFFFF3F000004
:10EE600000000000003CFFFFFFC78383870EFEFF0A
:10EE7000FFFF030000000000000000808080808011
:10EE80000000000080800000000000000000000082
:10EE90000000000000000000000000000000000072
:10EEA000007FFFFF7F000001010101010000000061
:10EEB0000000000000FFFFFFFF78E0C0C0E0F0FFAF
:10EEC000FF7F0F000000000000FFFFFFFF1E070391
:10EED00003070FFFFFFCF00000000000000080802F
:10EEE0000000008080808000000000000000000022
:10EEF0000000000000000000000000000000000012
:10EF000000000000000000000000010101010100FC
:10EF1000000000000000000000073F7FFFF8E0C095
:10EF2000C0C0E0F87C3800000000000000F0FCFEEB
:10EF3000FF1F07030303071F3E3C00000000000003
:10EF40000000000000008080808080000000000041
:10EF500000000000000000000000000000000000B1
:10EF6000000000000000000000000000010101019D
:10EF700000007FFFFF7F000000000000001F7FFFF8
:10EF8000FFF0C0C0E078FFFFFFFF000000000000BE
:10EF900000F0FEFFFF0F0303071EFFFFFFFF00004F
:10EFA00000000000000000008080808000000080E1
:10EFB00080000000000000000000000000000000D1
:10EFC0000000000000000000000000000000000041
:10EFD000000001010101010000000000000000002C
:10EFE000000F3F7FFFF3C3C3C3C3F3FF7F1F0000C6
:10EFF0000000000000F0FCFEFF8F87838383878F73
:10F000009E9C0000000000000000000000008080C6
:10F010008080800000000000000000000000000070
:10F0200000000000000000000000000000000000E0
:10F0300001013F7FFFFFE1E1E06000000000000010
:10F0400000000000C0C0FFFFFFFFC0C08000000044
:10F0500000000000000000000000FFFFFFFF0000B4
:10F060000000000000000000000000000000008020
:10F070008000000000000000000000000000000010
:10F080000000000000000000000000000000000080
:10F09000000000000000000001010101000000016B
:10F0A0000100000000000000000F7FFFFFF0C0C063
:10F0B000C070FFFFFFFF00000000000000F0FEFF37
:10F0C000FF0F0303030EFFFFFFFF0000000000001F
:10F0D00000003C3EBE8F8787070FFEFEFCF000005D
:10F0E0000000000000000000000000000000000020
:10F0F0000000000000000000007FFFFF7F00000113
:10F1000001010100000000000000000000FFFFFFFF
:10F11000FF70C0C0C0E0FFFFFF3F00000000000024
:10F1200000FFFFFFFF0000000000FFFFFFFF0000E7
:10F13000000000000000808000000000000000804F
:10F14000800000000000000000000000000000003F
:10F150000000000000000000000000000060F1F16D
:10F16000600000000000000000000000000000003F
:10F1700000FFFFFFFF000000000000000000000093
:10F180000000000000FFFFFFFF0000000000000083
:10F19000000000000000000000008080000000006F
:10F1A000000000000000000000000000000000005F
:10F1B000000000000000000000000000000000004F
:10F1C0000060F1F16000000000000000000000009D
:10F1D0000000000000FFFFFFFF0000000000000033
:10F1E000000000000000000000FFFFFFFF00000023
:10F1F0000000000000000000000000000FFFFFFE04
:10F20000F800000000000000000000000000000006
:10F2100000000000000000000000000000000000EE
:10F220000000000000007FFFFF7F000000000001E1
:10F2300001000000000000000000FFFFFFFF070FBB
:10F240003F7FF9F0E0000000000000000000FFFF39
:10F25000FFFFE080C0F8FE7F1F07000000000000F5
:10F26000000000808000000000000000808000009E
:10F27000000000000000000000000000000000008E
:10F280000000000000000000007FFFFF7F00000082
:10F2900000000000000000000000000000FFFFFF71
:10F2A000FF0000000000000000000000000000005F
:10F2B00000FFFFFFFF000000000000000000000052
:10F2C000000000000000808000000000000000003E
:10F2D000000000000000000000000000000000002E
:10F2E000000000000000000000000000000001011C
:10F2F0000000000101010100000000010101010006
:10F3000000FFFFFFFFE0C0C0E0FFFFFF7FF0C0C0D5
:10F31000E0FFFFFF00FFFFFFFF00000000FFFFFF17
:10F32000FF00000000FFFFFF0000808000000000E1
:10F3300000008080000000000000808000000000CD
:10F3400000000000000000000000000000000000BD
:10F3500000000101000000010101010000000000A7
:10F360000000000000FFFFFFFF70E0C0C0E0FFFFF3
:10F37000FF3F00000000000000FFFFFFFF00000053
:10F380000000FFFFFFFF0000000000000000808081
:10F39000000000000000008080000000000000006D
:10F3A000000000000000000000000000000000005D
:10F3B0000000000000000000000101010101010047
:10F3C0000000000000000000000F3F7FFFF0E0C0E1
:10F3D000C0E0F0FF7F3F0F000000000000F0FCFEE7
:10F3E000FF0F070303070FFFFEFCF0000000000003
:10F3F000000000000080808080808000000000000D
:10F4000000000000000000000000000000000000FC
:10F4100000000000000000000000010100000001E9
:10F4200001010100000000000000000000FFFFFFDC
:10F43000FF78E0C0C0E0F0FFFF3F0F0000000000D9
:10F4400000FFFFFFFF1E070303070FFFFFFCF00095
:10F450000000000000FEFFFFFE00008080808000B2
:10F46000000000000000000000000000000000009C
:10F47000000000000000000000000000000000008C
:10F480000101010100000001010000000000000076
:10F49000000F7FFFFFF0C0C0E078FFFFFFFF00001C
:10F4A0000000000000F0FEFFFF0F0303071EFFFF38
:10F4B000FFFF00000000000000000000808080804E
:10F4C0000000FEFFFFFE0000000000000000000042
:10F4D000000000000000000000000000000000002C
:10F4E0000000010100000101010000000000000017
:10F4F0000000000000FFFFFFFF78E0E0E0F0E00028
:10F50000000000000000000000FFFFFFFF000000FF
:10F5100000000000000000000000000000008080EB
:10F5200000000000000000000000000000000000DB
:10F5300000000000000000000000000000000000CB
:10F5400000000000000000000101010101000000B6
:10F550000000000000000000003CFFFFFFC7C3C325
:10F56000E3F9F9780000000000000000001C3F1FD4
:10F570008F8383C3C7FFFFFE7C00000000000000F4
:10F58000000000008080808080800000000000007B
:10F59000000000000000000000000000000000006B
:10F5A000000000000000000001017FFFFF7F01015B
:10F5B000000000000000000000000000C0C0FFFFCD
:10F5C000FFFFC0C08000000000000000000000003D
:10F5D0000000FEFFFFFF0303030300000000000024
:10F5E000000000000000000080808080800000009B
:10F5F000000000000000000000000000000000000B
:10F6000000000000000000000000000000000101F8
:10F6100000000000000000010100000000000000E8
:10F6200000FFFFFFFF0000000000FFFFFFFF0000E2
:10F630000000000000FCFFFFFF070303070EFFFFB1
:10F64000FFFF00000000000000000080808080803C
:10F6500000000080800000000000000000000000AA
:10F66000000000000000000000000000000000009A
:10F670000000010100000000000000010100000086
:10F680000000000000E0FEFF3F030000031FFFFC3E
:10F69000E000000000000000000000C0F8FF3F3F55
:10F6A000FFF8C000000000000000000000000000A3
:10F6B000000080800000000000000000000000004A
:10F6C000000000000000000000000000000000003A
:10F6D0000000000000010101000000000001010124
:10F6E000000000000000010100E0FEFF1F00000319
:10F6F0003FFFF0FF3F0300001FFFFEE0000000E0BF
:10F70000FEFF1FFFFC800080FCFF1FFFFEE00000EB
:10F7100000000000008080800000000000808080E9
:10F7200000000000000000000000000000000000D9
:10F7300000000000000000000000010100000000C7
:10F7400000010100000000000000000000C0F0FC0B
:10F750007F1F071F7FFCF0C00000000000000000BA
:10F7600000030F3FFEF8E0F8FE3F0F03000000002B
:10F770000000000000808000000000000000808089
:10F780000000000000000000000000000000000079
:10F790000000000000000000000000000000010167
:10F7A0000000000000000001010000000000000057
:10F7B00000E0FEFF3F030000011FFFFEE00000002D
:10F7C00000000000000000E0FCFF3F3FFFFCE00005
:10F7D0000000000000000000000707070FFFFEF810
:10F7E000C000000000000000000000000000000059
:10F7F0000000000000000000000000000000000009
:10F8000000010101010101010101010100000000ED
:10F810000000000080C0C0C0C1C3CFFFFFFCF0E00B
:10F820000000000000000000030F1F7FFFF3E383D0
:10F830000303030303000000000000000080808039
:10F840008080808080808080800000000000000038
:10F8500000000000000000000000000000000000A8
:10F86000000000000000003F7FFFF0F000000000FB
:10F870000000000000000000000307FFFEF8000089
:10F8800000000000000000000000000000C0E0FFD9
:10F890007F3F0000000000000000000000000000AA
:10F8A000000000FCFEFF0F0F000000000000000041
:10F8B0000000000000000000000000000000000048
:10F8C000000000000000000000FFFFFF000000003B
:10F8D00000000000000000000000000000FFFFFF2B
:10F8E0000000000000000000000000000000000018
:10F8F00000FFFFFF0000000000000000000000000B
:10F900000000000000FEFFFF0000000000000000FB
:10F9100000000000000000000000000000000000E7
:10F92000000000000000000000000000F0F0FF7F79
:10F930003F00000000000000000000000000000088
:10F940000000F8FEFF0703000000000000000000B8
:10F950000000000000001F7FFFE0C000000000006A
:10F9600000000000000000000F0FFFFEFC00000080
:10F970000000000000000000000000000000000087
:10F980000000000000000000000000000000000077
:10F990000000000000000000000000000000000067
:10F9A00000000000001F3C3C3C3C1E1F0F0F0E3EA1
:10F9B0000000000000000000000000000000000047
:10F9C0000000000000000000000000000000000037
:10F9D0000000000000000000000000000000000027
:10F9E00014000000000000001400000014000000DB
:10F9F0001400000028000000140000003C0000007B
:10FA0000140000005000000014000000640000001A
:10FA10001400000078000000140000008C000000BA
:10FA200014000000A000000014000000B40000005A
:10FA300014000000C800000014000000DC000000FA
:10FA400014000000F0000000140000000401000099
:10FA50001400000018010000140000002C01000038
:10FA600014000000400100001400000054010000D8
:10FA70001400000068010000140000007C01000078
:10FA8000140000009001000014000000A401000018
:10FA900014000000B801000014000000CC010000B8
:10FAA00014000000E001000014000000F401000058
:10FAB0001400000008020000140000001C020000F6
:10FAC0001400000030020000140000004402000096
:10FAD0001400000058020000140000006C02000036
:10FAE00014000000800200001400000094020000D6
:10FAF00014000000A802000014000000BC02000076
:10FB000014000000D002000014000000E402000015
:10FB100014000000F8020000140000000C030000B4
:10FB20001400000020030000140000003403000053
:10FB30001400000048030000140000005C030000F3
:10FB40001400000070030000140000008403000093
:10FB5000140000009803000014000000AC03000033
:10FB600014000000C003000014000000D4030000D3
:10FB700014000000E803000014000000FC03000073
:10FB80001400000010040000140000002404000011
:10FB90001400000038040000140000004C040000B1
:10FBA0001400000060040000140000007404000051
:10FBB0001400000088040000140000009C040000F1
:10FBC00014000000B004000014000000C404000091
:10FBD00014000000D804000014000000EC04000031
:10FBE00014000000000500001400000014050000CF
:10FBF0001400000028050000140000003C0500006F
:10FC0000140000005005000014000000640500000E
:10FC10001400000078050000140000008C050000AE
:10FC200014000000A005000014000000B40500004E
:10FC300014000000C805000014000000DC050000EE
:10FC400014000000F005000014000000040600008D
:10FC50001400000018060000140000002C0600002C
:10FC600014000000400600001400000054060000CC
:10FC70001400000068060000140000007C0600006C
:10FC8000140000009006000014000000A40600000C
:10FC900014000000B806000014000000CC060000AC
:10FCA00014000000E006000014000000F40600004C
:10FCB0001400000008070000140000001C070000EA
:10FCC000140000003007000014000000440700008A
:10FCD00014000000580700000000000000000000B1
:10FCE0000000000000000000000000000F0F0000F6
:10FCF0000000FEFE0000000060600000000F0F002A
:10FD0000000F0F00808000008080000000000000D5
:10FD100000000000010F0E0000030F0E00C6C6DF3A
:10FD2000FFE6C6C6DFFFE6C6C600E0E0800000E0F2
:10FD3000E0000000000003070E0C1F0C0E0703007C
:10FD40000000C1E16030FF30181F0F00000080C0CC
:10FD5000E060F860E0C08000000003070C080C07BA
:10FD60000300000001070E080000000000C0E030A2
:10FD70001030E0C30F3C70C78F1810180F07000039
:10FD80000000000060E08000000080C0602060C0D3
:10FD9000800000000003070C0C0C0C07030000009F
:10FDA00000070F98F070387CCE87030E0C0000809F
:10FDB000C0E060606060C0C080C06000000F0F00E5
:10FDC0000080800000000000000000030608000022
:10FDD0003FFFC00000000080E0780C020000080631
:10FDE00003000000000000C0FF3F0000020C78E0AC
:10FDF00080000202020F0F0202020040C08080C099
:10FE000040000000000000000000000000000001B1
:10FE10000100000000000018181818FFFF1818183B
:10FE200018000000000000808000000000000000BA
:10FE300000000000000000000000000064780000E6
:10FE4000000000000000000C0C0C0C0C0C0000006A
:10FE500000000000000000000000000000000000A2
:10FE600000000060600000000000030F0C00073F6E
:10FE7000F8C00060E0800000000001070E0C0C0CD0
:10FE80000C0607010000FFFF000000000000FFFF5C
:10FE9000000000C0C060606060E0C00000000000C2
:10FEA0000103030F0F00000000000080800000FF2E
:10FEB000FF00000000000000000000E0E000000083
:10FEC000000003070E0C0C0C0C0E070300000000D2
:10FED000010306060C38F0C0000060E0E0606060DE
:10FEE00060606060000003070E0C0C0C0E0703003E
:10FEF000000001010000303070D89F0F000080C06A
:10FF0000E060606060C0C00000000000000001030D
:10FF1000070F000000000E1E36E6C606FFFF0606AD
:10FF20000000000000000000E0E00000000000030E
:10FF30000F0C0C0C0C0C0C00000031F1E020606088
:10FF400060703F1F000080C0E060606060C0C00063
:10FF500000000003070C0C0C0C0E07030000FFFF51
:10FF60003020606060703F1F00000080C0606060F3
:10FF700060C0C00000000C0C0C0C0C0C0D0F0E0C23
:10FF80000000000000071F78E08000000000000073
:10FF9000E0E000000000000000000003070C0C0C73
:10FFA0000C070300000007CFF830303030F8CF07DF
:10FFB000000080C0E060606060E0C0800000010779
:10FFC000060C0C0C0C0603010000E1F91C0C0C0CD7
:10FFD0000819FFFE000080C0E060606060C0800023
:10FFE000000000000000000000C0C0000000006031
:10FFF0006000000000000000000000C0C000000021
:020000040801F1
:10000000006478000000000000000000000101030F
:1000100000001038286C44C6C6838301000000002D
:100020000000000000000080000000000000000050
:10003000000000000000C6C6C6C6C6C6C6C6C6C604
:1000400000000000000000000000000000000301AC
:1000500001000000000000000000018383C6C644C8
:100060006C28381000008000000000000000000034
:10007000000003070E0C0C0C0C0E07030000000020
:1000800000000E1E3870E08000000000000060607C
:10009000000000000000000001030706060C0C0C25
:1000A0000C0C0C0E060703010000001F7FE0800F00
:1000B0003F7060C0C0C0613FFCC000C3FF7E000055
:1000C00080E070389CCCEE666666C6E6E6666CCC70
:1000D0009830200000000000030F0C0F0300000008
:1000E0000000030F7CFC8C0C8CFC7C0F030060E098
:1000F000800000000000000080E06000000F0F0C96
:100100000C0C0C0C0E070300000000FFFF30303019
:10011000303070F8CF07000000E0E06060606060A1
:1001200060E0C0800000000107060E0C0C0C0C0EF5
:100130000703010000FEFF83000000000000000133
:10014000838200000080C0C0E060606060E0C0802A
:10015000000000000F0F0C0C0C0C0C0C0607030029
:10016000000000FFFF0000000000000001FFFE0093
:100170000000E0E0606060606060C0C0800000007F
:10018000000F0F0C0C0C0C0C0C0C0C0C000000FFE6
:10019000FF303030303030303000000000E0E060C0
:1001A00060606060606060600000000F0F0C0C0C0D
:1001B0000C0C0C0C0C000000FFFF303030303030E5
:1001C0003000000000E0E00000000000000000003F
:1001D00000000103060E0C0C0C0C0C0E07030100B2
:1001E000007CFF830000000018181818189F1F00DB
:1001F00000000080C0C06060606060E0C0C080003F
:10020000000F0F00000000000000000F0F0000FFB3
:10021000FF3030303030303030FFFF0000E0E000A1
:1002200000000000000000E0E00000000F0F0000F0
:100230000000FFFF00000000E0E000000000000000
:100240000000000F0F000000030300000000FFFF8C
:1002500000000080C0E06060E0C080000000000F8F
:100260000F0000000103070E0C08000000FFFF183C
:1002700070F8FC8E07030000000000E0E0000000C2
:10028000000080C0E0602000000F0F0000000000B0
:100290000000000000FFFF00000000000000000060
:1002A00000E0E06060606060606000000F0F0E07BB
:1002B00000000000000000070E0F0F0000FFFF000D
:1002C000C0F81F0300031FF8C000FFFF0000E0E0BC
:1002D00000000000E060E000000000E0E000000F2F
:1002E0000F07030000000000000F0F0000FFFF00D9
:1002F00080E0701C0E0301FFFF0000E0E000000042
:1003000000000080C0E0E00000000103060E0C0CBD
:100310000C0C0E060301000000FEFF83000000002D
:100320000000000083FFFE0000000080C0E060606D
:100330006060E0C08000000000000F0F0C0C0C0C8F
:100340000C0C0E0703000000FFFF181818181818EF
:1003500038F0E0000000E0E00000000000000000D5
:10036000000000000103060E0C0C0C0C0E06070327
:10037000000000FEFF83000000000101010083FF78
:10038000FC0000000080C0E060606060E0C0E060F1
:10039000300000000F0F0C0C0C0C0C0C0E070300AF
:1003A000000000FFFF303030303C3F77E1C00000FC
:1003B0000000E0E000000000000080E0E02000001D
:1003C000000307060C0C0C0C0C060703000003C30B
:1003D000E1603030303018180F0700000080C0E0B6
:1003E0006060606060C0C080000C0C0C0C0C0F0FD3
:1003F0000C0C0C0C0C0000000000FFFF00000000C3
:10040000000000000000E0E00000000000000F0F0E
:1004100000000000000000000F0F0000FFFF0100BF
:10042000000000000001FFFF00000080C0E06060ED
:100430006060E0C08000000C0F07000000000000BA
:1004400000070F0C0080F0FE1F0300031FFEF0806A
:100450000000000000C0E060E0C0000000000C0FE1
:10046000030000000000030F0C0F03000000000059
:10047000030F0C00C0F87F0700073FF8C00080F8AA
:100480003F0700077FF8C00000000080E060E080C8
:10049000000000000080E060E08000000000080C28
:1004A0000E0701000001070E0C0800000000038782
:1004B000DE787CDE87030000002060E0C0000000E2
:1004C000000000C0E06020080C0F030100000000E5
:1004D00001030F0C0800000080C0F03F3FF0C08017
:1004E000000000000000000000E0E000000000004C
:1004F00000000C0C0C0C0C0C0C0D0F0E0C00000072
:1005000001070E1830E0C00000000060E0E060600D
:100510006060606060606000000F0F0C0C0000FF06
:10052000FF00000000FEFE0606000C0F03000000A6
:1005300000C0F83F070000000080E060000C0C0FD6
:100540000F00000000FFFF00000606FEFE00000096
:10055000070F0F07000010F0E00000E0F0100000AF
:10056000000000000000000000000000000000008B
:10057000000000000000000000000000000006066F
:100580000606060606060606060600080C06000015
:10059000000000000000000000000000000000005B
:1005A0000000000000000000000000006367C6C6F5
:1005B000CCCCCCFF7F000000C0E060606060C0C0B9
:1005C000E02000000F0F000000000000000000FF0E
:1005D000FF60C0C0C0E07F1F0000E0E0C06060605E
:1005E000E0C000000000000000000000000000006B
:1005F0001F7F60C0C0C0E07131000000C0E06060DB
:1006000060E0C0800000000000000000000F0F004C
:10061000001F7FE0C0C0C060FFFF000000C0E060BE
:100620006060C0E0E000000000000000000000008A
:100630000000001F7F6CCCCCCCCC6C7C1C0000007C
:10064000C0C060606060E0C080000000070F0C0C5C
:10065000C0C0FFFFC0C00000E0E0000000000000DC
:1006600000000000000000001F7FE0C0C0C060FF6D
:10067000FF00000CCCE6666666CEFCF800000F0FAB
:10068000000000000000000000FFFF60C0C0C0E0EC
:100690007F3F0000E0E00000000000E0E000000C10
:1006A0000C000000FFFF000000E0E00000000C0C68
:1006B0000000FFFF0006FEFC00000F0F000000001E
:1006C00000000000FFFF0C1C3E77E1C08000E0E06E
:1006D00000000080E0E020000F0F0000FFFF00009E
:1006E000E0E000000000000000000000000000004A
:1006F00000000000FFFF60C0C0C0FF3F60C0C0C07E
:10070000FF7F0000E0E000000000E0E000000000EB
:10071000E0E000000000000000000000000000FF1A
:10072000FF60C0C0C0E07F3F0000E0E000000000CC
:1007300000E0E000000000000000000000000000F9
:10074000001F7F60C0C0C0C0607F1F000000C0C02D
:1007500060606060C0C00000000000000000000099
:1007600000000000FFFF60C0C0C0E07F1F0000FE6F
:10077000FEC0606060E0C0000000000000000000FB
:1007800000000000001F7FE0C0C0C060FFFF00004D
:1007900000C0E0606060C0FEFE00000000000000DD
:1007A0000000FFFF60C0C0C000E0E00000000000EB
:1007B0000000000000000000000000387CCCCCCC21
:1007C000C6C66723000080C06060606060C08000B3
:1007D00000070F000000C0FFFFC0C00000C0E060C5
:1007E0006000000000000000000000000000FFFFAB
:1007F0000000000000FFFF000080C0E0606060C0FB
:10080000E0E0000000000000000000000000C0F078
:100810003C0F0300030F3CF0C000000000C0E0C02C
:1008200000000000000000000000000000000000C8
:10083000000000C0F81E07000F7EE07E0F00071EBC
:10084000F8C0000000C0E0E0000000E0E0C00000F0
:10085000000000000000000000000080C0F13B0E1E
:100860000E3BF1C0802060E080000080E06020004E
:100870000000000000000000000000C0F83E0F0172
:10088000033FFCC000000606068EFCF0800000005E
:1008900000000000000000000000C1C3C7CEDCF86B
:1008A000F0E0E0E0E06060606060600000070F0C76
:1008B0000C000C1EFFF10000000000FCFE0606000C
:1008C00000000F0F00000000FFFF00000000FFFF0E
:1008D0000000000C0C0F070000000000F3FF1E0CCE
:1008E000000606FEFC000000000000000000000002
:1008F000000000001830303018180C0C0C180000E4
:1009000000000000000000000000000006000000E1
:1009100000000000060000000600000007000000C4
:100920000C0000000C000000130000000C00000090
:100930001F000000130000002B0000000E0000004C
:100940003E000000040000004C0000000700000012
:1009500050000000070000005700000008000000E1
:100960005E0000000C0000006600000006000000B1
:100970007200000007000000780000000600000080
:100980007F00000006000000850000000C00000051
:100990008B0000000C000000970000000C0000001D
:1009A000A30000000C000000AF0000000C000000DD
:1009B000BB0000000C000000C70000000C0000009D
:1009C000D30000000C000000DF0000000C0000005D
:1009D000EB0000000C000000F70000000600000023
:1009E0000301000006000000090100000C000000E7
:1009F0000F0100000C0000001B0100000C000000B3
:100A0000270100000C000000330100001500000069
:100A10003F0100000D000000540100000E00000026
:100A2000610100000F0000006F0100000F000000D6
:100A30007E0100000E0000008D0100000D0000008E
:100A40009B01000010000000A80100000E00000043
:100A5000B801000006000000C60100000B00000005
:100A6000CC0100000E000000D70100000C000000C7
:100A7000E501000011000000F10100000E0000007F
:100A80000202000010000000100200000E00000032
:100A900020020000100000002E0200000F000000E5
:100AA0003E0200000E0000004D0200000C0000009D
:100AB0005B0200000E000000670200000D00000055
:100AC0007502000015000000820200000E00000008
:100AD000970200000E000000A50200000D000000BB
:100AE000B302000006000000C00200000600000083
:100AF000C602000006000000CC0200000800000052
:100B0000D20200000C000000DA0200000700000022
:100B1000E60200000C000000ED0200000B000000E7
:100B2000F90200000B000000040300000B000000AD
:100B30000F0300000C0000001A0300000600000074
:100B4000260300000B0000002C0300000B00000037
:100B5000370300000500000042030000040000000D
:100B6000470300000A0000004B03000004000000DF
:100B70005503000010000000590300000B000000A6
:100B8000690300000C000000740300000B0000006B
:100B9000800300000B0000008B0300000700000032
:100BA000960300000B0000009D03000006000000FB
:100BB000A80300000B000000AE0300000B000000C3
:100BC000B90300000F000000C40300000A00000089
:100BD000D30300000B000000DD030000090000004B
:100BE000E803000007000000F10300000600000019
:100BF000F803000007000000FE0300000C000000E6
:100C000005040000000000000000000000000000DB
:100C100000000000000000000000000000000000D4
:100C200000000000000000000000000000000000C4
:100C300000000000000000000000010101000000B1
:100C40000000000000FFFFFF0000000000000000A7
:100C5000E0FFE0000000000000000007C707000000
:100C60000000000000000000000000000000010182
:100C700001000000010101000000FEFFFE00000075
:100C8000FEFFFE0000000000000000000000000069
:100C90000000000000000000000000000000000054
:100CA0000000000000000000000000000000000044
:100CB0000101010000000001010100000003030325
:100CC00003037FFFFFC30303037FFFFF83030000D2
:100CD0008383839FFFFFF38383839FFFFFF38383DC
:100CE0008300008083FFFFFC80808087FFFFFC8003
:100CF00080808080000000000000000000000000F4
:100D000000000000000000000000000000000101E1
:100D1000030301010000000000000000001F7FFF2E
:100D2000E1C0C0FFFFC0C0E0F8781800000000007C
:100D300000C0C0E0E070FFFF3838381C1F0F030010
:100D4000000060787C1E0E0707FFFF07070E1EFCE1
:100D5000F8E000000000000000000000E0E00000FB
:100D6000000000000000000000000000010101017F
:100D7000010000000000000000000000010101006F
:100D800000000000000000001F7FFFE0808080E086
:100D9000FF7F1F00000000030F3FFCF0C0000000B9
:100DA0000000000000000080E0F07818181838F00B
:100DB000E081071F7EF8E0830F1F3C3030303C1F7E
:100DC0000F0300000000000000000000030F1F7C64
:100DD000F0E080000000F0FCFE0F03030307FEFCC0
:100DE000F000000000000000000000000000000013
:100DF00000000000000000000000000000000000F3
:100E000000000000000000000000010101010100DD
:100E100000000000000000000000000000003E7F15
:100E2000FFE3C0C0C1E3FF7F3E0000000000000000
:100E3000000003070F1E38F8F0F0F8FEDF8703010B
:100E4000010307070600000000E0F8FC3E0E07075C
:100E50000707070F8EDEFCF8FCFE0F0604000000FB
:100E60000000000000000000000000000000000082
:100E70000000000000000001010100000000FEFF72
:100E8000FE00000000000000000000000000000064
:100E90000000000000000000000000000000000052
:100EA0000101000000000001071F7CF0C0000000ED
:100EB00000003FFFFFC00000000000000000F0FE47
:100EC000FF0F0000000000000000000080E0F83C80
:100ED0000E02000000000101000000000000000000
:100EE000000000C0F07C1F070100000000000000AF
:100EF0000000C0FFFF3F00000000000000000FFFE7
:100F0000FEF000000000020E3CF8E080000000004F
:100F100000000000000001010100000000000010BE
:100F200030393B1FFFFCFF1F3B39301000000080B1
:100F3000C08000000080C0800000000000000000B1
:100F400000000000000000000000000000000000A1
:100F50000000000000000000000000000000000091
:100F60000000000000000000000000000000000081
:100F70000000001F1F1F0000000000000000000014
:100F800038383838383838FFFFFF3838383838388C
:100F90003800000000000000000000F0F0F0000049
:100FA0000000000000000000000000000000000041
:100FB0000000000000000000000000000000000031
:100FC0000000000000000000000000000000000021
:100FD00000000000000000000000000707070000FC
:100FE000000000000008F8E0000000000000000021
:100FF00000000000000000000000000000000000F1
:10100000000000000007070707070707070707009A
:1010100000000000000000000000000000000000D0
:1010200000000000000000000000000000000000C0
:1010300000000000000000000000000000000000B0
:10104000000000000000000000070707000000008B
:101050000000000000000000000000000000000090
:101060000001010100000000000F7FFFF080000080
:10107000011FFFFEF0000000031FFFFCE000000066
:101080000000000000000000000000000000000060
:101090000000010101010101010000000000000049
:1010A000031F7FFCF0E0C0C0C0C0C0E0F0FC7F1FA9
:1010B000030000FFFFFF0000000000000000000030
:1010C00000FFFFFF000080F0FC7E1E0F07070707F0
:1010D000070F1E7EFCF080000000000000000000F2
:1010E0000000000000000000000000000000000000
:1010F00000000000000101000000000000000000EE
:1011000000070F0E1C3C78FFFFFF000000000000EE
:1011100000000000000000000000FFFFFF000000D2
:1011200000000000000000000000000000FFFFFFC2
:1011300000000000000000000000000000000000AF
:10114000000000000000000000000000000000009F
:1011500001010101010101000000000000000C3C40
:101160007CF0E0E0C0C0C0C0C0E0E0F07F3F1F0006
:1011700000000000000000010103070F1E3CF8F012
:10118000C0800000030F1F3F77F7E7C787070707F7
:10119000070707070700000000000000000000002C
:1011A000000000000000000000000000000000013E
:1011B000010101010100000000000000000C3C7C66
:1011C000F8E0E0C0C0C0C0C0E0F17F7F1E000000BA
:1011D00000000000000030707070F0F0F8FC9F0F0D
:1011E00007000060787C3E0E0707070707070F0E11
:1011F0003EFCF8E0000000000000000000000000DD
:1012000000000000000000000000000000000000DE
:1012100000000000000101000000000000000000CC
:10122000000003070F3E7CFFFFFF000000000003EB
:10123000070F3F7DF1E1C1010101FFFFFF01010146
:101240000000C0C0C0C0C0C0C0C0C0C0C0FFFFFF61
:10125000C0C0C0000000000000000000000000004E
:101260000000000000000000000000010101010179
:10127000010101010101010100000000077FFFF8E9
:10128000C0C1C1C1C1C1C1C0C0C0C000000030F0F8
:10129000F0E0E0C0C0C0C0C0C0E0E0F87F3F0F0099
:1012A0000060787C1E0E0707070707070E0E3CFC40
:1012B000F0C000000000000000000000000000007E
:1012C000000000000000000000000000000101011B
:1012D00001010100000000000000010F3F7EF8E066
:1012E000E0C0C0C0C0C0E0F87C3C0C0000FFFFFFC5
:1012F0001C307060E0E0E0E0F070783F1F07000015
:1013000080F0F83C1E0E07070707070F0E3EFCF89B
:10131000E0000000000000000000000000000000ED
:1013200000000000000001010101010101010101B3
:10133000010101010101010000C0C0C0C0C0C0C066
:10134000C0C0C0C3C7CEDCF0E0C000000000000099
:101350000000071F7FF8E080000000000000000090
:101360000000000FFFFFF000000000000000000080
:10137000000000000000000000000000000000006D
:101380000000000000000000000001010101010157
:101390000100000000000000001F7FFFF1E0C0C05E
:1013A000C0C0C0E0F17F7F1F000000030F9FDCF88A
:1013B000F07070707070F8F8DC9F0F030000E0F8B8
:1013C000FC1E0E0F0707070707070E1EFCF8E000BC
:1013D000000000000000000000000000000000000D
:1013E00000000000000000000001010101010101F6
:1013F000000000000000000F3F7FF8E0E0C0C0C028
:10140000C0C0E0E0F87F1F030000C0F0F83C1C1EE5
:101410000E0E0E0E0C1C1870FFFFFF000060787C93
:101420001E0E07070707070F0E1EFCF8E00000005E
:1014300000000000000000000000000000000000AC
:101440000000000000000000000000000000000399
:101450000303000000000000008080800000000006
:101460000000000707070000000000000000000067
:10147000000000000000000000000000000000006C
:1014800000030303000000000000008080800000D3
:10149000000000000007070700000000000000082F
:1014A000F8E0000000000000000000000000000064
:1014B000000000000000000000000000000000002C
:1014C0000000010103030707060E0E1C00000000C8
:1014D000387C7CEEEEC6C7C78383010100000000A4
:1014E0000000000000000000000000008080C0C07C
:1014F000C0E0E070000000000000000000000000FC
:1015000000000000000000000000000000000000DB
:1015100000000000000000000000000000000000CB
:10152000030303030303030303030303030303038B
:101530000000000083838383838383838383838387
:10154000838383830000000080808080808080808F
:10155000808080808080808000000000000000008B
:10156000000000000000000000000000000000007B
:10157000000000000000000000000000000000006B
:10158000000000001C0E0E06070703030101000007
:101590000000000000000000000000000101838343
:1015A000C7C7C6EEEE7C7C380000000070E0E0C0EB
:1015B000C0C08080000000000000000000000000AB
:1015C000000000000000000000000000000000001B
:1015D0000000000000000000010101010101010004
:1015E000000000000000000C3C7CF0E0C0C0C0C067
:1015F000C0E0F17F7F1F000000000000000000033A
:101600000F1F3E78F0E0C0800000000000000000E6
:101610000000C7C7C7000000000000000000000075
:1016200000000000000000000000000000000000BA
:1016300000000000000000000000000000000001A9
:101640000101010101010101000000000000000092
:1016500000000000000000000001070F1E3C787031
:10166000F0E0E1E3C3C3C3C3C1C1C0E0E3E3F37887
:101670007C3E1F0F030000000000000F7FFFF08082
:1016800000071F3FFCF0E0C080808080C0E0FFFFCB
:10169000FFF80000000081FFFFFF0000000000F0E5
:1016A000FEFF0F0301E0F8FE1E0F070707070E1EDF
:1016B0003CFEFFFF87070F0E1E7CF8F0C101010002
:1016C000000000000080C0E0F07078383C1C1C1E58
:1016D0000E0E0E0E0E0E0E0E0E1C1C1C387870E038
:1016E000C0800000000000000000000000000101B8
:1016F00001010100000000000000000000000000E7
:101700000000010F3FFEF8C0F8FE3F0F010000008F
:10171000000000000000010F7FFFF7C70707070761
:1017200007C7F7FF7F0F01000000030F7FFEF0C027
:101730000000000000000000000000C0F0FE7F0F6D
:101740000300000000000000000000000000000096
:101750000000000000000000000000010101010184
:101760000101010101010101000000000000000071
:101770000000FFFFFFC0C0C0C0C0C0C0C0C0E0F1DB
:10178000FF7F1E000000000000FFFFFF7070707000
:101790007070707070F0F8FC9F0F03000000000084
:1017A000FFFFFF070707070707070707070E1EFCCE
:1017B000F8E0000000000000000000000000000051
:1017C0000000000000000000000000000000000019
:1017D0000000000001010101010101000000000002
:1017E000000000000000010F1F3F78F0E0E0C0C0E3
:1017F000C0C0C0E0E0F07C3E1E040000000000FE1F
:10180000FFFF0100000000000000000000000000D9
:10181000000101000000000000C0F0F83C1E0E0FA7
:101820000707070707070F1E3E7CF8F0800000003F
:1018300000000000000000000000000000000000A8
:101840000000000000000000000000010101010193
:101850000101010101010101000000000000000080
:1018600000000000FFFFFFC0C0C0C0C0C0C0C0C0BB
:10187000C0E0F0787E1F0F010000000000FFFFFFB6
:101880000000000000000000000000000000FFFF5A
:10189000FF0000000000FFFFFF070707070707071B
:1018A00007070F0E1E3CFCF0E000000000000000E7
:1018B0000000000000000000000000000000000028
:1018C0000000000000000000010101010101010110
:1018D000010101010101010101000000000000FF00
:1018E000FFFFC0C0C0C0C0C0C0C0C0C0C0C0C0C07A
:1018F000000000000000FFFFFF3838383838383863
:1019000038383838383800000000000000FFFFFF8A
:10191000070707070707070707070707070707005E
:1019200000000000000000000000000000000000B7
:1019300000000000000000000000000101010101A2
:10194000010101010101010101010100000000008C
:10195000FFFFFFC0C0C0C0C0C0C0C0C0C0C0C0C0CA
:101960000000000000FFFFFF3838383838383838BA
:1019700038383800000000000000FFFFFF000000C2
:101980000000000000000000000000000000000057
:101990000000000000000000000000000000000047
:1019A0000000000000000000000000010101010132
:1019B000010101000000000000000000000000071D
:1019C0001F3F7C70F0E0E0C0C0C0C0C0C0C0E0E01D
:1019D000F07C3E1E0000000000FEFFFF0100000042
:1019E00000000000001C1C1C1C1C1C1C1C1F1F1FBA
:1019F0000000000000C0F0F87C1C1E0E0E07070758
:101A0000070707070F0E1E1CFCF8F8000000000077
:101A100000000000000000000000000000000000C6
:101A200000000000000000000000000101010000B3
:101A300000000000000000000000000101010000A3
:101A400000000000FFFFFF00000000000000000099
:101A500000000000FFFFFF000000000000FFFFFF8C
:101A600070707070707070707070707070FFFFFFC9
:101A7000000000000000FFFFFF0000000000000069
:101A8000000000000000FFFFFF0000000000000059
:101A90000000000000000000000000000000000046
:101AA0000000000000000000010101000000000033
:101AB00000FFFFFF000000000000FFFFFF0000002C
:101AC000000000FFFFFF0000000000000000000019
:101AD0000000000000000000000000000000010104
:101AE00001000000000000000000000000000000F5
:101AF000FFFFFF00000000000000000000000000E9
:101B00000000FFFFFF00000000F0FCFE1E0F0707B3
:101B100007070F1EFEFCF0000000000000000000A0
:101B200000000000000000000000000000000001B4
:101B300001010000000000000000000000000101A1
:101B4000010100000000FFFFFF000000000103078B
:101B50000F1E3C78F0E0C0800000000000FFFFFF97
:101B60001E3C78F0E0F8FC1E0F07030000000000A8
:101B700000000000FFFFFF00000000000000000068
:101B8000C0E0F07C3E0F07030000000000000000F2
:101B90000000000000000000000000000000000045
:101BA0000000010101000000000000000000000032
:101BB0000000000000FFFFFF000000000000000028
:101BC0000000000000000000FFFFFF000000000018
:101BD0000000000000000000000000FFFFFF0707FA
:101BE00007070707070707070707000000000000AF
:101BF00000000000000000000000000000000000E5
:101C000000010101010100000000000000000000CF
:101C10000000000101010101000000000000FFFFC1
:101C2000FFF0FEFF0F0100000000000000010F7F29
:101C3000FEF0FFFFFF000000000000FFFFFF0000BC
:101C4000C0F8FF3F03000000031FFFF8C00000FFC3
:101C5000FFFF000000000000FFFFFF000000008009
:101C6000F0FE7F0F7FFEF00000000000FFFFFF008E
:101C70000000000000000000000000000000000064
:101C80000000000000000000000000000000000054
:101C90000000010101010000000000000000000040
:101CA0000000010101000000000000FFFFFFF87CC0
:101CB0001F0F030100000000000000FFFFFF0000F5
:101CC00000000000FFFFFF00000080E0F87C3F0FF5
:101CD00003010000FFFFFF000000000000FFFFFF06
:101CE000000000000000000080E0F07C3FFFFFFFEC
:101CF00000000000000000000000000000000000E4
:101D000000000000000000000000000000000000D3
:101D100000000000000001010101010101000000BC
:101D200000000000000000000001071F3F7870E085
:101D3000E0C0C0C0C0C0C0C0E0F0707C3F1F070161
:101D400000000000FFFFFF01000000000000000095
:101D50000000000000000001FFFFFF000000000085
:101D6000C0F0F87C1C1E0E070707070707070E1EAA
:101D70001C7CF8F0C0000000000000000000000023
:101D80000000000000000000000000000000000053
:101D90000000000000000101010101010101010139
:101DA00001010101000000000000000000FFFFFF32
:101DB000C0C0C0C0C0C0C0C0C0C0E0F07F3F1F00F6
:101DC00000000000FFFFFF1C1C1C1C1C1C1C1C1C1A
:101DD0001C3878F0E0800000000000FFFFFF0000EA
:101DE00000000000000000000000000000000000F3
:101DF00000000000000000000000000000000000E3
:101E000000000000000000000000000000000000D2
:101E100001010101010100000000000000000000BC
:101E200000000001071F3F78F0E0E0C0C0C0C0C064
:101E3000C0E0E0F0783F1F07010000000000FFFF56
:101E4000FF01000000000000000000000000000092
:101E500001FFFFFF000000000000C0F0F83C1E0E74
:101E60000E0707072777773F3E1E3EFFF7C30101A6
:101E70000000000000000000000000000000000062
:101E8000000000000000008080C000000000000092
:101E90000101010101010101010101010101010033
:101EA000000000000000000000FFFFFFC0C0C0C035
:101EB000C0C0C0C0C0C0C0E0F0FF7F1F0000000075
:101EC0000000FFFFFF3838383838383C3E3F3F7B52
:101ED00071F0E0C080000000000000FFFFFF000084
:101EE00000000000000000C0E0F8FC3F1F070100F8
:101EF00000000000000000000000000000000000E2
:101F000000000000000000000000000000000000D1
:101F100000000101010101010100000000000000BA
:101F2000000000001F3F7FF1E0C0C0C0C0C0C0E0A3
:101F3000E0F07C3C0C00000000000101C1C0E0E0CA
:101F4000707070783838383C1C1E0F070300000092
:101F500000C0F0F87C1E0E0F0707070707070F0EDB
:101F60001EFCF8E00000000000000000000000007F
:101F7000000000000000000000000000000001015F
:101F80000101010101010101010101010101010141
:101F9000010000C0C0C0C0C0C0C0C0FFFFFFC0C0C3
:101FA000C0C0C0C0C0C000000000000000000000B1
:101FB000FFFFFF0000000000000000000000000024
:101FC0000000000000FFFFFF000000000000000014
:101FD0000000000000000000000000000000000001
:101FE00000000000000000000001010100000000EE
:101FF00000000000000000000001010100000000DE
:102000000000FFFFFF0000000000000000000000D3
:102010000000FFFFFF000000000000FFFFFF0000C6
:102020000000000000000000000000FFFFFF0000B3
:1020300000000000C0F0FC3E1E0E07070707070760
:10204000070E1E7CFCF0C000000000000000000035
:102050000000000000000000000000000000000080
:10206000000000010101000000000000000000006D
:102070000000000000000001010180E0FCFF1F07DC
:102080000000000000000000000000071FFFFCE04F
:102090008000000080E0FCFF1F0700000000000738
:1020A0001FFFFCE08000000000000000000080E056
:1020B000FCFF3F073FFFFCE0800000000000000045
:1020C0000000000000000000000000000000000010
:1020D00000000000000001010100000000000000FD
:1020E00000000000000101010101000000000000EB
:1020F0000000000000000101010080F8FF7F0700E0
:1021000000000000000000073FFFF8C0F8FF3F0795
:102110000000000000000000077FFFF880000000C2
:1021200080F8FF7F07000000031FFFFCE0000000B5
:102130000000E0FCFF1F03000000077FFFF88000A5
:1021400000000000000080F8FF7F0F7FFFF8C00054
:10215000000000000000000080F8FF7F0F7FFFF804
:1021600080000000000000000000000000000000EF
:10217000000000000000000000000000000000005F
:10218000000000000000000000000001010101004B
:10219000000000000000000000000000010101013B
:1021A00000000080C0F0F83C1F0F03010001030F86
:1021B0001F3CF8F0C0800000000000000000010398
:1021C00087DFFEF8FEFF870301000000000000012A
:1021D00003071F3E78F0E080000000000080E0F080
:1021E000783E1F070301000000000000000000000F
:1021F00000000000000000000000000000010101DC
:1022000001000000000000000000000000000000CD
:10221000010101010080E0F0783E1F07030000008B
:10222000000003071F3E78F0E0800000000000007F
:102230000000C0E0F87F1F7FF8E0C0000000000051
:10224000000000000000000000000000FFFFFF0091
:10225000000000000000000000000000000000007E
:10226000000000000000000000000000000000006E
:102270000000000101010101010101010101010151
:102280000101010000000000C0C0C0C0C0C0C0C04B
:10229000C1C3CFDFFEF8F0E0000000000000000145
:1022A000030F1F3CF8F0E080000000000000000079
:1022B0000F1F3FFFF7C7870707070707070707072E
:1022C00007070700000000000000000000000000F9
:1022D00000000000000000000000000101010101F9
:1022E0000101000000FFFFFFC0C0C0C0000000FFF0
:1022F000FFFF00000000000000FFFFFF00000000E3
:10230000000000FEFEFE0E0E0E0E00010101000098
:10231000000000000080F0FF7F0F000000000000C0
:102320000000F0FEFF1F0100000000000000E0FCC4
:10233000FF1F03000000000000000000000001017A
:102340000101010101000000C0C0C0C0FFFFFF008B
:10235000000000000000FFFFFF0000000000000080
:10236000FFFFFF0000000E0E0E0EFEFEFE0000003E
:10237000000000000000010101000000000000005A
:1023800000000001073FFEF0C0F0FE3F0701000023
:1023900000000878F8F080000000000080F0F87875
:1023A0000800000000000000000000000000000025
:1023B000000000000000000000000000000000001D
:1023C000000000000000000000000000000000000D
:1023D00000000000000000000000000000000000FD
:1023E00000000000000000000000000000000000ED
:1023F00000000000000000000000000000000000DD
:1024000000000000000000000000000000000000CC
:102410000E0E0E0E0E0E0E0E0E0E0E0E0E0E0E0EDC
:102420000E0E0E000101010100000000000000007E
:102430000080C0E0F010000000000000000000007C
:10244000000000000000000000000000000000008C
:10245000000000000000000000000000000000007C
:10246000000000000000000000000000000000006C
:102470000000000001010103030303030303010043
:102480000000000030F0F1E1C38383838387C7C776
:10249000FFFF7F00000078FEFECF87878787878E4B
:1024A0000E1CFEFFFF010000000000000000000005
:1024B0000000000000000000000000010101000019
:1024C0000000000000000000000000000000FFFF0E
:1024D000FF000101030303030301010000000000EA
:1024E00000FFFFFFF0E0C080808080C0C0F0FF7F71
:1024F0001F000000FFFFFF3C0E0E070707070F1E1F
:102500003EFCF8C0000000000000000000000000D9
:1025100000000000000000000000000000000000BB
:1025200000000000000000000000000000000101A9
:10253000030303030303010100000000001F7FFFEA
:10254000F0C0C08080808080C0E0F070300000E08B
:10255000F8FC3E0E0F07070707070E1E7C78600089
:10256000000000000000000000000000000000006B
:10257000000000000000000000000000000000005B
:102580000101010000000000000101030303030337
:10259000010100FFFFFF0000000F7FFFF0C0C080BF
:1025A000808080C0C0F0FFFFFF000000C0F8FC3E4C
:1025B0001E0F070707070E0E3CFFFFFF000000007D
:1025C000000000000000000000000000000000000B
:1025D00000000000000000000000000000000000FB
:1025E00000000000000000010103030303030301D6
:1025F0000100000000001F7FFFE7C7C787878787AC
:1026000087C7E7FF7F1F0000E0F8FC3E0E0F0707BB
:102610000707070E1E3C38200000000000000000E5
:1026200000000000000000000000000000000000AA
:1026300001010101010303037FFFFFE3C3C3C38063
:102640008080FFFFFF80808080000000FFFFFF0090
:10265000000000000000000000000000000000007A
:10266000000000000000000000000000000000006A
:102670000000000001010303030303010100030341
:10268000030000000F7FFFF0C0C080808080C0C0CA
:10269000F0FFFFFF000000C0F8FC3E0E0F07070729
:1026A000070F0E3CFFFFFF00000070787C3C1E0E01
:1026B0000E0E0E0E0E1C3CF8F0C0000000000101D2
:1026C0000100000000000000000000000000000009
:1026D00000FFFFFF000101030303030303010000E8
:1026E00000000000FFFFFFF0C0C080808080C0E0DD
:1026F000FFFF7F00000000FFFFFF00000000000060
:10270000000000FFFFFF00000000000000000000CC
:1027100000000000000000000000000000010101B6
:1027200000000000C3C3C300000000FFFFFF000063
:102730000000FFFFFF00000000000000000000009C
:1027400000010101000000000000C3C3C30000003D
:10275000000000FFFFFF000000000000FFFFFF007F
:1027600000000E0E1EFEFCF0000000000000010143
:102770000100000000000000000000000000000058
:10278000FFFFFF0000000000000103030302000040
:102790000000FFFFFF0F1E1F3F7BF1E0C080000025
:1027A00000000000FFFFFF000000C0E0F07C3E1FC3
:1027B000070301000000000000000000000000000E
:1027C0000000000000000001010100000000FFFF08
:1027D000FF00000000FFFFFF00000000FFFFFF0000
:1027E00000000000000000000000000000000000E9
:1027F00000000000000000000000000000000000D9
:1028000000000000000000030303000101030303B4
:10281000030301000000010103030303030101009E
:1028200000000000FFFFFF70C08080808080C0FF3C
:10283000FF7FE0C08080808080C0FFFF7F000000BD
:1028400000FFFFFF0000000000000000FFFFFF008E
:1028500000000000000000FFFFFF0000000000007B
:102860000000000000000000000000000000000068
:102870000000000000000000000000000000000058
:102880000000000000000000000000000000030342
:102890000300010103030303030301000000000020
:1028A00000FFFFFFF0C0C080808080C0E0FFFF7F9E
:1028B00000000000FFFFFF0000000000000000001B
:1028C000FFFFFF000000000000000000000000000B
:1028D00000000000000000000000000000000000F8
:1028E00000000000000000000000000000000101E6
:1028F000030303030303010100000000001F7FFF27
:10290000F0C0C080808080C0C0F0FF7F1F0000E06A
:10291000F8FC3E0E0F070707070F0E3EFCF8E0001D
:1029200000000000000000000000000000000000A7
:102930000000000000000000000000000000000097
:102940000000000000000003030300010103030373
:1029500003030101000000000000FFFFFF70E0C062
:1029600080808080C0C0F0FF7F1F000000FFFFFF5D
:102970003C0E0E070707070F0E3EFCF0C0000000DC
:10298000FEFEFE000000000000000000000000004D
:102990000000000000000000000000000000000037
:1029A0000000000000000000010103030303030115
:1029B00001000303030000001F7FFFF0C0C0808000
:1029C0008080C0E070FFFFFF000000C0F0FC3E1EF2
:1029D0000F070707070E0E3CFFFFFF000000000077
:1029E0000000000000000000000000FEFEFE0000ED
:1029F00000000000000000000000000000000303D1
:102A000003000103030303030000FFFFFFE0C08096
:102A1000808080000000FFFFFF0000000000000039
:102A200000000000000000000000000000000000A6
:102A30000000000000000000000000000000000096
:102A4000000101030303030303030101000000006D
:102A50000078FCFECE8F8F8787878783C3E3E3618F
:102A600000000030383C1E0E0707878787878FCE0F
:102A7000FEFCF0000000000000000000000000006C
:102A80000000000000000000000000000000000046
:102A90000303037F7FFF03030303808080FFFFFFA7
:102AA00080808080000000FCFEFF07070707000011
:102AB0000000000000000000000000000000000016
:102AC00000000000000000000000000000030303FD
:102AD00000000000000000000003030300000000ED
:102AE000FFFFFF000000000000000000FFFFFF00EC
:102AF000000000F8FCFE1F0F070707070E0C38FF49
:102B0000FFFF0000000000000000000000000000C7
:102B100000000000000000000000000000000000B5
:102B2000000000000000000002030301000000009C
:102B300000000000000103030200C0F0FE7F0F014F
:102B4000000000010F3FFEF0C0000000000080F018
:102B5000FC7F0F7FFCF08000000000000000000000
:102B60000000000000000000000000000000000065
:102B70000000000000000000000000000000000055
:102B8000000000000003030300000000000000003C
:102B9000030303000000000000000003030380E0C3
:102BA000FCFF1F030000000FFFFCC0F8FF0F000038
:102BB00000031FFFFCE08000000000E0FC7F0FFF2F
:102BC000FCC000000080FCFF0F7FFCE00000000064
:102BD00000000000000000000000000000000000F5
:102BE00000000000000000000000000000000000E5
:102BF00000000000000000000002030303010000C9
:102C00000000000000010303020000C0E0F07C3F70
:102C10000F0F1F7CF8F0C080000103071F3EF8F083
:102C2000C0C0F0F83E1F0F030100000000000000CC
:102C30000000000000000000000000000000000094
:102C4000000000000000000000000002030301007B
:102C500000000000000001030303000000C0F8FFB3
:102C60003F07000000073FFFFCE0000000000000FD
:102C700000E0FCFF1FFFFEF0800000000000000EDF
:102C80000E0E1E7CF8F0C0000000000000000000E6
:102C90000000000000000000000000000000000034
:102CA00000030303030303030303030303030300FA
:102CB0000000808080808183878FBEF8F0E0C08034
:102CC0000000071F3F7FF7E7C787070707070707CA
:102CD00007000000000000000000000000000000ED
:102CE00000000000000000000000000101010100E0
:102CF000000000007FFFFFE0C0C0C00007070F1DFD
:102D0000FDF8E00000000000000080C0FFFF3F0071
:102D10000000000000000000F0FCFC1E0E0E0E0083
:102D20000000010101000000000000FFFFFF0000A3
:102D300000000000FFFFFF000000000000FFFFFF99
:102D4000000000000000FFFFFF0000000101010182
:102D50000000000000000000C0C0C0E0FFFF3F0016
:102D60000000000000000000E0F8FD1D0F07070054
:102D7000000000007FFFFFC0800000000E0E0E1E4E
:102D8000FCFCF0000000000000000000000000005B
:102D90000000000000000000000000000000000033
:102DA0000000000000000000000000000000000023
:102DB000001C387870707078383C1C1E0E0E0E1C8B
:102DC0001C380000000000000000000000000000AF
:102DD00000000000000000000000000000000000F3
:102DE0000000000000000000000000000A000000D9
:102DF000000000000B0000000A0000000C000000B2
:102E00001500000013000000210000001300000066
:102E1000340000001F000000470000001700000001
:102E200066000000070000007D0000000C000000AC
:102E3000840000000C000000900000000E00000064
:102E40009C00000014000000AA0000000A0000001E
:102E5000BE0000000C000000C80000000A000000D6
:102E6000D40000000A000000DE0000001300000093
:102E7000E800000013000000FB0000001300000049
:102E80000E010000130000002101000013000000EB
:102E9000340100001300000047010000130000008F
:102EA0005A010000130000006D0100001300000033
:102EB0008001000013000000930100000A000000E0
:102EC000A60100000A000000B0010000140000008C
:102ED000BA01000014000000CE0100001400000040
:102EE000E201000013000000F601000024000000D1
:102EF00009020000170000002D020000170000006A
:102F000044020000190000005B02000019000000EC
:102F100074020000170000008D0200001500000080
:102F2000A40200001B000000B9020000190000000C
:102F3000D402000009000000ED02000012000000B1
:102F4000F602000017000000080300001300000054
:102F50001F0300001D0000003203000019000000E4
:102F60004F0300001B000000680300001700000072
:102F7000830300001B0000009A03000019000000FA
:102F8000B503000017000000CE030000150000008C
:102F9000E503000019000000FA030000170000001C
:102FA00013040000240000002A04000017000000A1
:102FB0004E0400001700000065040000150000002A
:102FC0007C0400000A000000910400000A000000D8
:102FD0009B0400000A000000A5040000110000008E
:102FE000AF04000013000000C00400000C0000004B
:102FF000D304000012000000DF04000013000000F2
:10300000F10400001200000004050000130000009D
:103010001605000012000000290500000A0000004B
:103020003B050000130000004505000013000000F0
:1030300058050000070000006B05000009000000B3
:1030400072050000120000007B0500000700000070
:103050008D0500001D000000940500001300000015
:10306000B105000012000000C405000013000000BC
:10307000D605000013000000E90500000C00000068
:10308000FC05000012000000080600000A00000015
:103090001A060000130000002406000011000000C2
:1030A000370600001900000048060000100000006C
:1030B0006106000011000000710600001100000010
:1030C000820600000C0000009306000009000000CA
:1030D0009F0600000C000000A8060000140000007D
:1030E000B40600000000000000000000001F000007
:1030F000E800001C001C0000000000000202071A8B
:1031000002031E02004078C04078C0404000000F1B
:10311000111F100800003008FC88F000000E11118B
:103120000E00030C100000000000000830C000700A
:103130008888700000000E11110E00000000007061
:103140008888483010680800001C00000000000358
:103150000C100000F806010000100C03000001062E
:10316000F800080A1C0A0800000000000000000027
:103170000000070000000000808080F08080800058
:103180000000000000000E000000000000004040B1
:1031900040000000000000080000000000071800C8
:1031A0000018E0000000000F101010100F0000F0D9
:1031B00008080808F0000004081F000000000000D4
:1031C000F80000000008101010100F000008182868
:1031D000488808000008101111110E00001008089E
:1031E0000808F000000000030C1F00000020E02091
:1031F00020F8200000031D11111110000090080894
:103200000808F000000F10111111080000F08808E4
:103210000808F00000101010131C1000000038C047
:1032200000000000000E111111110E0000F008083E
:103230000808F000000F101010110F00001088880F
:103240008810E000000200000008000000020000FA
:10325000000E000000000101020204000080404056
:103260002020100000020202020202020000404080
:1032700040404040400000040202010100000010F4
:10328000202040408000000C1010110E000000684B
:103290008000000000010608091212121113080430
:1032A000030000F804F20909091179890A32C400FF
:1032B000000000010E100E01000000001860C04068
:1032C0004040C0601800001F11111111110E0000C4
:1032D000F80808080808F000000708101010080493
:1032E0000000E010080808102000001F1010101047
:1032F00008070000F80808080810E000001F111176
:10330000111111110000F808080808080800001F32
:1033100011111111100000F800000000000000075A
:10332000081010101008040000E0100808888890A9
:10333000E000001F01010101011F0000F800000072
:103340000000F800001F0000F80000000000001F4F
:10335000000030080808F000001F00000102040807
:10336000100000F84080804020100800001F00007E
:103370000000000000F8080808080800001F0C03FF
:10338000000000030C1F0000F80000E018E000003F
:10339000F800001F08060100001F0000F800008070
:1033A0006010F8000007081010101008070000E077
:1033B000100808080810E000001F10101010100F6F
:1033C0000000F88080808080000000070810101046
:1033D0001008070000E0100808282810E800001F67
:1033E00010101010100F0000F8808080C0B008008E
:1033F000000E11111110100C000030080808888808
:103400007000001010101F1010100000000000F8D5
:1034100000000000001F00000000001F0000E0107E
:1034200008080810E0000018060100000001061856
:103430000000000080601860800000000018070095
:1034400000000F100F000000071800000000E01837
:10345000E0000000E018E000000000100C02010293
:103460000C100000083040804030080000100C03B1
:1034700000030C100000000000F800000000000035
:1034800010101116181000000818688808080800A5
:10349000001F100000FF01000018070000000000DE
:1034A00000E0180000101F000001FF0000000708E6
:1034B0000700000080000000800000000000000005
:1034C00000000000010101010101010000100800DD
:1034D00000000000000102020201000030484850D4
:1034E000F800001F010202010000F8080808F000BF
:1034F0000001020202010000F008080810000001AB
:103500000202011F0000F0080808F8000001020292
:1035100002010000F0484848D00000020F120000ED
:1035200000F800000001020201030000F209091185
:10353000FE00001F010202010000F8000000F80078
:1035400000130000F800000013000001FE00001F3F
:10355000000001020000F840C0300800001F000019
:10356000F800000301020201010202010000F8005C
:103570000000F8000000F800000301020201000052
:10358000F8000000F8000001020202010000F0084B
:103590000808F0000003010202010000FF10080803
:1035A000F0000001020201030000F0080810FF0013
:1035B000000301020000F800000000010202020105
:1035C000000090484848300000020F02000000F858
:1035D00008000003000000030000F0080808F800DD
:1035E000000300000003000000E018E000000003FA
:1035F0000000000300000003000000E018E000E00D
:1036000018E00000000201000102000008B040B014
:103610000800000300000003000001E11EE00000BC
:103620000002020203020000083848880800000077
:103630000F10000040BE0100001F0000FE0000103F
:103640000F00000001BE4000000001010100000168
:1036500000008000008080808000000004000000E6
:10366000000000000300000004000000050000004E
:1036700007000000090000000C0000000700000027
:10368000150000000C0000001C0000000A000000F3
:1036900028000000030000003200000005000000C8
:1036A00035000000050000003A00000006000000A0
:1036B0003F00000009000000450000000400000079
:1036C0004E00000005000000520000000400000051
:1036D00057000000060000005B000000080000002A
:1036E0006100000007000000690000000800000001
:1036F00070000000080000007800000008000000D2
:1037000080000000080000008800000008000000A1
:103710009000000008000000980000000800000071
:10372000A000000008000000A80000000400000045
:10373000B000000004000000B40000000800000019
:10374000B800000009000000C000000008000000F0
:10375000C900000007000000D10000000E000000BA
:10376000D80000000B000000E60000000900000087
:10377000F100000009000000FA000000090000004C
:1037800003010000090000000C0100000800000017
:10379000150100000A0000001D01000009000000E2
:1037A00027010000030000003001000007000000B6
:1037B000330100000A0000003A0100000800000088
:1037C000440100000B0000004C0100000900000053
:1037D000570100000A00000060010000090000001D
:1037E0006A0100000A0000007301000009000000E7
:1037F0007D010000090000008601000009000000B2
:103800008F01000009000000980100000B0000007B
:10381000A10100000F000000AC0100000900000041
:10382000BB01000009000000C40100000900000005
:10383000CD01000004000000D601000006000000D9
:10384000DA01000004000000E001000007000000B1
:10385000E401000009000000EB010000040000008A
:10386000F401000007000000F8010000070000005C
:10387000FF01000007000000060200000700000032
:103880000D02000007000000140200000500000007
:103890001B020000070000002002000007000000DB
:1038A00027020000030000002E02000004000000B8
:1038B0003102000007000000350200000300000094
:1038C0003C0200000B0000003F0200000700000067
:1038D0004A0200000700000051020000070000003B
:1038E00058020000070000005F0200000500000011
:1038F00066020000070000006B02000005000000E7
:1039000072020000070000007702000007000000BC
:103910007E0200000B00000085020000070000008E
:10392000900200000700000097020000070000005E
:103930009E02000005000000A50200000300000038
:10394000AA02000005000000AD020000090000000E
:10395000B2020000000000000000000000000000B3
:103960000000000000000000000000000000000057
:10397000000000000000000303000000000000FF42
:10398000FF000000000000FCFC000000000000C080
:10399000C00000000003030000000003030000F863
:1039A000F800000000F8F80000000000000000002F
:1039B0000000000000000000000000000000000007
:1039C0000003030000000000030300000C0C0C0FB8
:1039D000FFFC8C0C0C0C0FFFFC0C0C0018191FFFCB
:1039E000F8181818191FFFF81818180000C0C000A0
:1039F00000000000C0C00000000000000000000146
:103A00000303030703030100000000000078FEC663
:103A1000830303FF0181C1E060000000000C0F037D
:103A2000010000FF808081C37F3E00000000008015
:103A300080C0C0F0C0C08080000000000000000115
:103A40000303030301000000000000000103020063
:103A5000000000000000007CFF83010183FF7C0068
:103A60000003071E78E08101010100000000000052
:103A7000000080808081030F3CF0C000003EFFC149
:103A80008080C1FF3E000000000000000040C080B8
:103A90000000000000000080C0C0C0C08000000026
:103AA0000000000001010303030303010000000004
:103AB000000000000000F0F98D070307068CFCF001
:103AC000000000000000003E7FE3C1800000C0E174
:103AD000713B0F1F3F7B6100000000008080C0C071
:103AE000C0C0C08080000080C0C080000003030010
:103AF0000000F8F8000000000000000000000000D6
:103B00000000000000010302000000031F7CE080B1
:103B100000000000FFFF0000000000000000E0F8CF
:103B20001E070100000203010000000000000080E9
:103B3000E07C1F0300000000000000FFFF00000009
:103B400001071EF8E0000000000000000003030071
:103B50000000000040C46E7CF8F87C6EC440000099
:103B60000000000000000000000000000000000055
:103B70000000000000000000000000000000000045
:103B800000000000000000000000003F3F000000B7
:103B90000000000000C0C0C0C0C0C0FFFFC0C0C067
:103BA000C0C0C000000000000000000000000000D5
:103BB0000000000000000000000000000000000005
:103BC0000000000000000000000000000000C6FC33
:103BD00000000000000000000000000000000000E5
:103BE0000000000000000030303030303030000085
:103BF00000000000000000000000000000000000C5
:103C000000000000000000000000000000000000B4
:103C10000000C0C00000000000000000000003031E
:103C2000000000031FFEE00000073FF8C000000096
:103C3000C0C0800000000000000000010103030379
:103C40000303010100000000001FFFE080000000EE
:103C5000000080E0FF1F000000F8FF0701000000E7
:103C600000000107FFF800000000008080C0C0C015
:103C7000C0C08080000000000000000000000000C4
:103C80000303000000000000000018383070E0E07E
:103C9000FFFF000000000000000000000000000026
:103CA000FFFF000000000000000000000000000016
:103CB000C0C0000000000000000000010103030379
:103CC00003030301000000000030F0C0800000008A
:103CD000000081C3FF7C000000000103060C0C18EB
:103CE0003060C0800000000000C0C0C0C0C0C0C0C4
:103CF000C0C0C0C0C0C00000000000010303030337
:103D000003030100000000000060E0C08000030326
:103D1000038787FD78000000000C0F0301000000FE
:103D2000000081C3FF7C00000000008080C0C0C094
:103D3000C0C0808000000000000000000000000003
:103D400000000103030000000000000003070E1C38
:103D500070E0C0FFFF000000003878F898181818CD
:103D6000181818FFFF1818000000000000000000DD
:103D7000000000C0C00000000000000303030303B4
:103D800003030303030000000007FFF6060C0C0CFE
:103D90000C0C060703000000000C0F0301000000DC
:103DA00000000103FEFC00000000008080C0C0C0D5
:103DB000C0C080800000000000000000010103037B
:103DC0000303030100000000000F7FF1C382060619
:103DD000060683C3E160000000F8FE8701000000D2
:103DE00000000183FF7C00000000000080C0C0C014
:103DF000C0C080800000000000030303030303032E
:103E0000030303030303000000000000000000039D
:103E1000071C30608000000000000000031FFCE071
:103E2000000000000000000000000000C0C0000012
:103E30000000000000000000000000010103030377
:103E40000303010100000000000078FD8703030365
:103E5000030387FD78000000003CFFC381000000E1
:103E6000000081C3FF3C00000000008080C0C0C093
:103E7000C0C08080000000000000000101030303B7
:103E80000303010100000000003EFFC180000000AC
:103E9000000080C1FF1F0000000687C3C160606092
:103EA0006041C18FFEF0000000000080C0C0C0C0B3
:103EB000C080800000000000000000000000000042
:103EC00000000018180000000000000000000000C2
:103ED000000000C0C0000000000000000000000062
:103EE00000000018180000000000000000000000A2
:103EF000000000C6FC000000000000000000000000
:103F0000000000000000000000000103030306069B
:103F10000C0C1C18183000000000C0E0606030304D
:103F200018181C0C0C060000000000000000000027
:103F30000000000000000000000000000000000081
:103F40000000000000000000000C0C0C0C0C0C0C1D
:103F50000C0C0C0C0C0C00000030303030303030C9
:103F60003030303030300000000000000000000031
:103F70000000000000000000000000000000000041
:103F8000000000000000000000003018181C0C0C9D
:103F900006060303030100000000060C0C1C1818A1
:103FA00030306060E0C00000000000000000000051
:103FB00000000000000000000000000101030303F6
:103FC00003030301010000000030F0C08080000006
:103FD00000000183C7FE7C00000000000000003CE0
:103FE0007CE0C0800000000000000000000000C075
:103FF000C000000000000000000000000000000001
:104000000001010303030303030303010101000093
:1040100000000000000000071F3C70E0C1878E8C8C
:10402000181818180C0E079F9CC0E0703C1F070062
:104030000000FFFF0100007CFF8301000000010180
:10404000030FFFF0000101071EFCF000000000C09C
:10405000E078180C0E86C6C7C3C3C3830383C3C3EB
:10406000C6C6860C0C1830200000000000000000BE
:104070000303030000000000000000000000000037
:10408000073FFCE000E0FC3F0700000000000000EC
:10409000071FFCF030303030303030F0FC1F0700AC
:1040A0000000C0C000000000000000000000000090
:1040B00000C0C00000000303030303030303030362
:1040C000030301000000000000FFFF0101010101E6
:1040D0000101010183C7FE7C00000000FFFF80801A
:1040E0008080808080808080C1E37F3E000000C0AF
:1040F000C0C0C0C0C0C0C0C0C0C0C0808000000080
:104100000000000000010103030303030303010196
:1041100000000000000F3F78E0C080800000000039
:10412000000080C0E070300000E0FC1E07030100CA
:1041300000000000000101030F1E18000000000035
:10414000008080C0C0C0C0C0C0C08080000000002F
:10415000000003030303030303030303030301003A
:10416000000000000000FFFF000000000000000051
:10417000008080C0F03F0F000000FFFF0000000043
:1041800000000000000101030FFCF0000000C0C0AF
:10419000C0C0C0C0C0C0C0C0C0808000000000005F
:1041A00000000303030303030303030303030303E5
:1041B0000300000000FFFF010101010101010101F5
:1041C0000101010000000000FFFF808080808080EE
:1041D0008080808080800000000000C0C0C0C0C01F
:1041E000C0C0C0C0C0C0C0C0C0C000000000030349
:1041F000030303030303030303030303000000FF9C
:10420000FF010101010101010101010000000000A5
:10421000FFFF8080808080808080808000000000A0
:1042200000C0C0000000000000000000000000000E
:104230000000000000010101030303030303030165
:1042400001000000000000073F78E0C0808000000F
:10425000000000008080C0E07010000000E0FC1E44
:104260000703010100000000C0C0C0C1C1C3FFFEC0
:1042700000000000000000808080C0C0C0C0C0C03E
:10428000C0808080000000000000030300000000E8
:104290000000000000000000030300000000FFFF1A
:1042A000010101010101010101010101FFFF000004
:1042B0000000FFFF80808080808080808080808000
:1042C000FFFF00000000C0C0000000000000000070
:1042D00000000000C0C00000000000030300000058
:1042E000000000FFFF000000000000FFFF000000D2
:1042F000000000C0C000000000000000000000003E
:1043000000000303000000000000000000000000A7
:10431000FFFF0000000E0F03000000000001FFFE81
:10432000000000008080C0C0C0C0C08080000000CD
:104330000000030300000000000000000001030370
:104340000200000000FFFF000103070F1F3970E0AB
:10435000C080000000000000FFFFE0C0800080C0BF
:10436000E0783C1F07030000000000C0C000000010
:104370000000000000000080C0C0400000000303F7
:104380000000000000000000000000000000FFFF2F
:104390000000000000000000000000000000FFFF1F
:1043A0000000000000000000000000000000C0C08D
:1043B000C0C0C0C0C0C0C0C0C0C0C00000000003BA
:1043C00003030100000000000000000001030303DC
:1043D000000000000000FFFFC0F83F0700000000E1
:1043E00000073FF8C0FFFF000000000000FFFF00D3
:1043F0000080F07E0F010F7EF0800000FFFF0000C4
:1044000000000000C0C00000000000C0C0C00000EC
:10441000000000C0C0000000000003030300000013
:104420000000000000000000030300000000FFFF88
:10443000C0E0701C0E03010000000000FFFF000040
:104440000000FFFF000000000080C070380E07036E
:10445000FFFF00000000C0C00000000000000000DE
:10446000000000C0C0C00000000000000001010109
:104470000303030303030101010000000000000720
:104480003F78E0C080800000000000008080C0E035
:10449000783F070000E0FC1E070301010000000058
:1044A0000000010103071EFCE00000000000008086
:1044B0008080C0C0C0C0C0C08080800000000000FC
:1044C00000000303030303030303030303030101C6
:1044D0000000000000FFFF000000000000000000DE
:1044E0000081C3FF7C000000FFFFC0C0C0C0C0C08F
:1044F000C0C0C0C080800000000000C0C00000003C
:1045000000000000000000000000000000000000AB
:104510000001010103030303030301010100000083
:10452000000000073F78E0C080800000000000002D
:104530008080C0E0783F070000E0FC1E0703010117
:10454000000000040606070303071FFCF00000003C
:10455000000000008080C0C0C0C0C0C0C08080809B
:10456000C0E060000000030303030303030303032D
:1045700003030301000000000000FFFF010101012F
:1045800001010101010183C7FE7C00000000FFFF63
:10459000808080808080C0E0F89C0E0701000000D1
:1045A0000000C0C00000000000000000000000800B
:1045B000C0C0000000000000010103030303030367
:1045C00003010100000000000078FECF870703030D
:1045D0000303018181C0F0300000001C1E070301AD
:1045E000000080808080C0C1E3FF3C00000000002C
:1045F000008080C0C0C0C0C0C0C08080000000007B
:10460000030303030303030303030303030303037A
:1046100000000000000000FFFF000000000000009C
:1046200000000000000000FFFF000000000000008C
:1046300000000000000000C0C000000000000000FA
:104640000000030300000000000000000000000064
:10465000030300000000FFFF000000000000000056
:1046600000000000FFFF00000000FCFF0701010048
:104670000000000000010107FEFC00000000000037
:104680000080C0C0C0C0C0C0C0C08000000000002A
:104690000003030100000000000000000000000112
:1046A0000303000000C0F83F070100000000000104
:1046B000073FF8C000000000000000C0F83F0701FD
:1046C0000F3FF8C0000000000000000000000000E4
:1046D00000C0C0C000000000000000000303000094
:1046E00000000000000000000303030000000000C1
:1046F000000000000003030000F0FF0F01000000B5
:1047000000031FFEE000E0FC1F0300000000010F9B
:10471000FFF00000000000F0FE1F010F7FF8C00056
:1047200000000000C0F87F0F011FFEE00000000045
:104730000000000000C0C0C0000000000000000039
:10474000000000C0C0C00000000000000002030321
:10475000010000000000000000000103030200004F
:10476000000080C0F0381C0F030F1C38F0C0800020
:104770000000000001030F1C3870C080C0F0381C1E
:104780000F0301000040C0C08000000000000000D6
:104790000000000080C0C0400203010000000000D3
:1047A000000000000000010303020000C0E0703CB4
:1047B0000E070101071E3C70E0C000000000000071
:1047C00000000080FFFF80000000000000000000EB
:1047D000000000000000C0C0000000000000000059
:1047E000000303030303030303030303030303009F
:1047F000000000000000000003070E3870E0800099
:1048000000000001070E1C70E0C000000000000066
:10481000000000C0C0C0C0C0C0C0C0C0C0C0C0C0D8
:10482000C0C0C00000000303030303000000FFFF3B
:10483000000000000000FFFF000000000000FFFF7C
:1048400003030300030300000000000000E0FE1F5C
:1048500003000000000000C0F83F07000000000057
:104860000080C0C000030303030300000000000039
:10487000FFFF000000000000FFFF00000003030333
:10488000FFFF000000000000000103030100000022
:1048900000000000031F7CE08080E07C1F0300001C
:1048A0000080800000000000000000808000000008
:1048B00000000000000000000000000000000000F8
:1048C00000000000000000000000000000000000E8
:1048D00000000000000000000000000000000000D8
:1048E00000000000000000000000000003030303BC
:1048F000030303030303030303030303000203038C
:10490000010000000000000080C040000000000026
:104910000000000000000000000000000000000097
:104920000000000000000000000000000000000087
:10493000020E0C1C18181818181C0F070000000F86
:104940003F3160606060E1C1C3FFFF000000008094
:10495000C0C0C0C0C0C0800080C0400000000303D1
:104960000000000000000000000000000000FFFF49
:10497000060C18181818180C0F0701000000FFFF8C
:10498000030100000000010107FEFC000000C0C0A0
:104990000080C0C0C0C0C080000000000000000057
:1049A000000000000000000000000001070E0C18CD
:1049B0001818181C0E07030000FCFF03010000007C
:1049C0000001030F0C000000008080C0C0C0C0C008
:1049D0008000000000000000000000000000000057
:1049E000030300000001070F0C18181818180C0614
:1049F000FFFF000000FCFE070101000000000103B2
:104A0000FFFF00000000008080C0C0C0C0C0800068
:104A1000C0C0000000000000000000000000000016
:104A20000000000001070E0C18181818180C0E07CB
:104A3000010000FCFF676161606060606161E3E24A
:104A4000000000008080C0C0C0C0C0C08000000066
:104A5000000001030303031818FFFF1818180000D3
:104A6000FFFF0000000000C0C000000000000000C8
:104A70000000000000000000000000000001070F1F
:104A80000C18181818180C0E1F1F000000FCFE0749
:104A90000100000000000103FFFF000000181E8657
:104AA00087C3C3C3C3C3868EFCF0000000000303AA
:104AB0000000000000000000000000000000FFFFF8
:104AC0000E0C18181818180C0F0300000000FFFF38
:104AD0000000000000000000FFFF00000000C0C058
:104AE0000000000000000000C0C000000000030340
:104AF000000000001F1F00000000FFFF000000007A
:104B0000C0C0000000000303000000001F1F0000E1
:104B10000000FFFF00000303FEFC00000000030391
:104B2000000000000000000000000000FFFF000087
:104B3000000103070E1C18100000FFFF7060E0F07A
:104B4000FC1E0F0300000000C0C0000000000000B9
:104B500080C0C0400000030300000000FFFF000011
:104B60000000FFFF00000000C0C0000000000000C7
:104B70000000000000000000000000000000000035
:104B80000000000000001F1F060C181818181C0F4A
:104B9000070E0C181818181C0F0700000000FFFF64
:104BA00000000000000000FFFF0000000000000007
:104BB000FFFF00000000C0C000000000000000C0B7
:104BC000C000000000000000C0C0000000000000A5
:104BD00000000000000000000000000000001F1F97
:104BE000060C18181818180C0F0700000000FFFF1B
:104BF0000000000000000000FFFF00000000C0C037
:104C00000000000000000000C0C000000000000024
:104C100000000000000000000000000001070F0C71
:104C200018181818180C0F07010000FCFF070100E6
:104C3000000000000107FFFC000000008080C0C0F1
:104C4000C0C0C08080000000000000000000000024
:104C5000000000000000000000001F1F060C1818D4
:104C60001818180C0F0701000000FFFF03010000D7
:104C70000000000107FEF8000000FFFF0080C0C038
:104C8000C0C0C08000000000000000000000000064
:104C900000000000000000000001070F0C181818A9
:104CA00018180C061F1F000000FCFE070101000081
:104CB00000000103FFFF00000000000080C0C0C032
:104CC000C0C08000FFFF00000000000000000000E6
:104CD0000000001F1F0E181818180000FFFF00002A
:104CE0000000000000C0C000000000000000000044
:104CF0000000000000000000000000070F0C181862
:104D00001818180C0E0600000086C7E3E1607070EA
:104D10007030393F0E0000000080C0C0C0C0C0C06D
:104D20008080000000000103000000001818FFFF51
:104D3000181818000000FFFF00000000000080C0ED
:104D4000C0C0C00000000000000000000000000023
:104D50000000000000001F1F000000000000000015
:104D60001F1F00000000FEFF010000000000010303
:104D7000FFFF00000000008080C0C0C0C0C08000F5
:104D8000C0C00000000000000000000000000000A3
:104D900000181F0701000000000001071F18000095
:104DA000C0F87E0F010F3EF0C000000000000000C0
:104DB00080C0800000000000000000000000000033
:104DC00000000000000000000000001C1F030000A5
:104DD0000000010F1C0F0100000000031F1C0080D9
:104DE000F07C1F011FFCC000C0FC1F011FFCF080F5
:104DF000000000000080C080000000000080C08033
:104E000000000000000000000000000000000000A2
:104E10000010181E070300000003070E1C100000FE
:104E20000307DEFC70F8DE0703000040C0C000008E
:104E30000000000000C0C0400000000000000000B2
:104E40000000000000181F07000000000000010F14
:104E50001E100000E0FC1F03030F7EF08000000026
:104E60000003038FFEF0800000000000000000003F
:104E700000000000000000000000001818181818BA
:104E80001818191B1F1E18000003070E1C3870E0AD
:104E9000C08000000000C0C0C0C0C0C0C0C0C0C052
:104EA000C0C0C000000000000001030303000000B8
:104EB00000FFFF80000000303078CF870000000046
:104EC000000000FCFE0303030000030300000000D9
:104ED000FFFF00000000FFFF00000000FFFF0000D8
:104EE000030303010000000000000000FFFF0000BA
:104EF000000000000087CF78303000030307FEFC7D
:104F000000000000000000000000000000000000A1
:104F10000000000000010103030303010101000080
:104F20000001010000C080000000008080C0C0C0FF
:104F3000C0808000000000000000000000000000B1
:104F40000000000008000000000000000800000051
:104F5000080000000A00000010000000100000001F
:104F60001A000000100000002A00000019000000D4
:104F70003A0000001300000053000000050000008C
:104F800066000000090000006B000000090000003E
:104F9000740000000B0000007D0000001000000005
:104FA00088000000080000009800000009000000D0
:104FB000A000000008000000A90000000800000098
:104FC000B100000010000000B90000001000000057
:104FD000C900000010000000D9000000100000000F
:104FE000E900000010000000F900000010000000BF
:104FF000090100001000000019010000100000006D
:10500000290100001000000039010000100000001C
:1050100049010000080000005901000008000000DC
:105020006101000010000000690100001000000094
:10503000790100001000000089010000100000004C
:10504000990100001C000000A901000013000000ED
:10505000C501000013000000D8010000140000008A
:10506000EB01000014000000FF010000130000002D
:1050700013020000110000002602000016000000CC
:1050800037020000140000004D020000080000007C
:10509000610200000E000000690200001300000021
:1050A00077020000100000008A02000017000000D4
:1050B0009A02000014000000B10200001600000077
:1050C000C502000013000000DB0200001600000013
:1050D000EE020000140000000403000013000000B2
:1050E00018030000100000002B0300001400000053
:1050F0003B030000130000004F0300001C000000F1
:1051000062030000130000007E0300001200000094
:105110009103000011000000A3030000080000003C
:10512000B403000008000000BC03000008000000F9
:10513000C40300000E000000CC03000010000000BB
:10514000DA03000009000000EA0300000F0000007D
:10515000F303000010000000020400000E00000035
:105160001204000010000000200400000F000000E6
:1051700030040000070000003F04000010000000A1
:105180004604000010000000560400000600000065
:1051900066040000060000006C0400000E00000021
:1051A00072040000060000008004000018000000E7
:1051B00086040000100000009E0400000F000000A4
:1051C000AE04000010000000BD040000100000004C
:1051D000CD04000009000000DD0400000E00000006
:1051E000E604000008000000F404000010000000C5
:1051F000FC0400000D0000000C050000130000007E
:10520000190500000D0000002C0500000D00000035
:10521000390500000E0000004605000009000000EE
:1052200054050000060000005D05000009000000B4
:1052300063050000100000006C0500000C18000061
:10524000D8FC000813280000040C01080A10000014
:10525000E430010810200000543901080C18000047
:10526000D8FC000823480000E45C00081428000073
:10527000C4D40008204000004C5B0008FFFFFFFF83
:10528000FFFFFFFFFFFFFFFFFFFFFFFFFFFFFFFF2E
:10529000FFFFFFFFFFFFDBDBB6B692929292B6B63E
:1052A000DBDBFFFFFFFFFFFFFFFFFFFFFFFFFFFF56
:1052B000FFFFFFFFFFFFFFFFFFFFFFFFFFFFFFFFFE
:1052C000FFFFFFFFFFFFFFFFFFFFFFFFFFFFFFFFEE
:1052D000FFFFDB92492424240000000000000000AE
:1052E0002424244992DBFFFFFFFFFFFFFFFFFFFFA6
:1052F000FFFFFFFFFFFFFFFFFFFFFFFFFFFFFFFFBE
:10530000FFFFFFFFFFFFFFFFFFFFFFFFFFFFFFDBD1
:10531000B64900000000000024242424242424246E
:1053200000000000000049B6DBFFFFFFFFFFFFFFAA
:10533000FFFFFFFFFFFFFFFFFFFFFFFFFFFFFFFF7D
:10534000FFFFFFFFFFFFFFFFFFFFFFFFFFDB6D24FE
:1053500000000000244992B6DBDBDBDBDBDBDBDBC0
:10536000B692492400000000246DDBFFFFFFFFFF21
:10537000FFFFFFFFFFFFFFFFFFFFFFFFFFFFFFFF3D
:10538000FFFFFFFFFFFFFFFFFFFFFFDB6D240000BC
:10539000002449B6FFFFFFFFFFFFFFFFFFFFFFFFF6
:1053A000FFFFFFFFB66D24000000246DDBFFFFFF51
:1053B000FFFFFFFFFFFFFFFFFFFFFFFFFFFFFFFFFD
:1053C000FFFFFFFFFFFFFFFFFFFF922400000049E8
:1053D000B6FFFFFFFFFFFFFFFFFFFFFFFFFFFFFF26
:1053E000FFFFFFFFFFFFFFB6490000002492FFFF11
:1053F000FFFFFFFFFFFFFFFFFFFFFFFFFFFFFFFFBD
:10540000FFFFFFFFFFFFFFFFDB4900000049B6FF82
:10541000FFFFFFFFFFFFFFFFFFFFFFFFFFFFFFFF9C
:10542000FFFFFFFFFFFFFFFFFFB64900000049DB62
:10543000FFFFFFFFFFFFFFFFFFFFFFFFFFFFFFFF7C
:10544000FFFFFFFFFFFFFFB62400002492FFFFFFD6
:10545000FFFFFFFFFFFFFFFFFFFFFFFFFFFFFFFF5C
:10546000FFFFFFFFFFFFFFFFFFFFFF92240000246D
:10547000B6FFFFFFFFFFFFFFFFFFFFFFFFFFFFFF85
:10548000FFFFFFFFFFFFB624000049DBFFFFFFFF28
:10549000FFFFFFFFFFFFFFFFFFFFFFFFFFFFFFFF1C
:1054A000FFFFFFFFFFFFFFFFFFFFFFFFDB490000E4
:1054B00024B6FFFFFFFFFFFFFFFFFFFFFFFFFFFF20
:1054C000FFFFFFFFFF9224002492FFFFFFFFFFFF7B
:1054D000FFFFFFFFFFFFFFFFFFFFFFFFFFFFFFFFDC
:1054E000FFFFFFFFFFFFFFFFFFFFFFFFFFFF922414
:1054F000002492FFFFFFFFFFFFFFFFFFFFFFFFFF03
:10550000FFFFFFFFB624002492FFFFFFFFFFFFFF16
:10551000FFFFFFFFFFFFFFFFFFFFFFFFFFFFFFFF9B
:10552000FFFFFFFFFFFFFFFFFFFFFFFFFFFFFF92F8
:10553000240024B6FFFFFFFFFFFFFFFFFFFFFFFF79
:10554000FFFFFFB6240024B6FFFFFFFFFFFFFFFFB2
:10555000FFFFFFFFFFFFFFFFFFFFFFFFFFFFFFFF5B
:10556000FFFFFFFFFFFFFFFFFFFFFFFFFFFFFFFF4B
:10557000B6240024B6FFFFFFFFFFFFFFFFFFFFFF82
:10558000FFFFDB24002492FFFFFFFFFFFFFFFFFF71
:10559000FFFFFFFFFFFFFFFFFFFFFFFFFFFFFFFF1B
:1055A000FFFFFFFFFFFFFFFFFFFFFFFFFFFFFFFF0B
:1055B000FF92240024DBFFFFFFFFFFFFFFFFFFFF41
:1055C000FFFF49000092FFFFFFFFFFFFFFFFFFFF0C
:1055D000FFFFFFFFFFFFFFFFFFFFFFFFFFFFFFFFDB
:1055E000FFFFFFFFFFFFFFFFFFFFFFFFFFFFFFFFCB
:1055F000FFFF92000049FFFFFFFFFFFFFFFFFFFFDC
:10560000FF6D00006DFFFFFFFFFFFFFFFFFFFFFFCC
:10561000FFFFFFFFFFFFFFFFFFFFFFFFFFFFFFFF9A
:10562000FFFFFFFFFFFFFFFFFFFFFFFFFFFFFFFF8A
:10563000FFFFFF6D00006DFFFFFFFFFFFFFFFFFF9C
:10564000DB240024FFFFFFFFFFFFFFFFFFFFFFFF43
:10565000FFFFFFFFFFFFFFFFFFFFFFFFFFFFFFFF5A
:10566000FFFFFFFFFFFFFFFFFFFFFFFFFFFFFFFF4A
:10567000FFFFFFFF240024DBFFFFFFFFFFFFFFFF13
:10568000490024DBFFFFFFFFFFFFFFFFFFFFFFFFDE
:10569000FFFFFFFFFFFFFFFFFFFFFFFFFFFFFFFF1A
:1056A000FFFFFFFFFFFFFFFFFFFFFFFFFFFFFFFF0A
:1056B000FFFFFFFFB6240049FFFFFFFFFFFFFF9240
:1056C00000006DFFFFFFFFFFFFFFFFFFFFFFFFFF7A
:1056D000FFFFFFFFFFFFFFFFFFFFFFFFFFFFFFFFDA
:1056E000FFFFFFFFFFFFFFFFFFFFFFFFFFFFFFFFCA
:1056F000FFFFFFFFFF6D000092FFFFFFFFFFFF496D
:105700000024DBFFFFFFFFFFFFFFFFFFFFFFFFFFA7
:10571000FFFFFFFFFFFFFFFFFFFFFFFFFFFFFFFF99
:10572000FFFFFFFFFFFFFFFFFFFFFFFFFFFFFFFF89
:10573000FFFFFFFFFFDB240049FFFFFFFFFFB62451
:10574000006DFFFFFFFFFFFFFFFFFFFFFFFFFFFFFA
:10575000FFFFFFFFFFFFFFFFFFFFFFFFFFFFFFFF59
:10576000FFFFFFFFFFFFFFFFFFFFFFFFFFFFFFFF49
:10577000FFFFFFFFFFFF6D0024B6FFFFFFFF4900A3
:1057800024DBFFFFFFFFFFFFFFFFFFFFFFFFFFFF28
:10579000FFFFFFFFFFFFFFFFFFFFFFFFFFFFFFFF19
:1057A000FFFFFFFFFFFFFFFFFFFFFFFFFFFFFFFF09
:1057B000FFFFFFFFFFFFDB240049FFFFFFDB0000CF
:1057C00049FFFFFFFFFFFFFFFFFFFFFFFFFFFFFF9F
:1057D000FFFFFFFFFFFFFFFFFFFFFFFFFFFFFFFFD9
:1057E000FFFFFFFFFFFFFFFFFFFFFFFFFFFFFFFFC9
:1057F000FFFFFFFFFFFFFF490000DBFFFF920000FC
:10580000B6FFFFFFFFFFFFFFFFFFFFFFFFFFFFFFF1
:10581000FFFFFFFFFFFFFFFFFFFFFFFFFFFFFFFF98
:10582000FFFFFFFFFFFFFFFFFFFFFFFFFFFFFFFF88
:10583000FFFFFFFFFFFFFFB6000092FFFF490024BC
:10584000FFFFFFFFFFFFFFFFFFFFFFFFFFFFFFFF68
:10585000FFFFFFFFFFFFFFFFFFFFFFFFFFFFFFFF58
:10586000FFFFFFFFFFFFFFFFFFFFFFFFFFFFFFFF48
:10587000FFFFFFFFFFFFFFFF240049FFFF24006D34
:10588000FFFFFFFFFFFFFFFFFFFFFFFFFFFFFFFF28
:10589000FFFFFFFFFFFFFFFFFFFFFFFFFFFFFFFF18
:1058A000FFFFFFFFFFFFFFFFFFFFFFFFFFFFFFFF08
:1058B000FFFFFFFFFFFFFFFF6D0024FFDB2400B6AB
:1058C000FFFFFFFFFFFFFFFFFFFFFFFFFFFFFFFFE8
:1058D000FFFFFFFFFFFFFFFFFFFFFFFFFFFFFFFFD8
:1058E000FFFFFFFFFFFFFFFFFFFFFFFFFFFFFFFFC8
:1058F000FFFFFFFFFFFFFFFFB60024DB920024DB6A
:10590000FFFFFFFFFFFFFFFFFFFFDBFFFFFFFFFFCB
:10591000FFFFFFFFFFFFFFFFFFFFFFFFFFFFFFFF97
:10592000FFFFFFFFFFFFFFFFFFFFFFFFFFFFFFFF87
:10593000FFFFFFFFFFFFFFFFDB2400B66D0024DB4E
:10594000FFFFFFFFFFFFFFFFFF92246DFFFFFFFF41
:10595000FFFFFFFFFFFFFFFFFFFFFFFFFFFFDB4931
:1059600049DBFFFFFFFFFFFFFFFFFFFFFFFFFFFF21
:10597000FFFFFFFFFFFFFFFFDB24006D490024FF57
:10598000FFFFFFFFFFFFFFFFFF490000FFFFFFFFDB
:10599000FFFFFFFFFFFFFFFFFFFFFFFFFFFFDB003A
:1059A00000DBFFFFFFFFFFFFB649002492FFFFFF70
:1059B000FFFFFFFFFFFFFFFFFF240049240049FF17
:1059C000FFFFFFFFFFFFFFFFFF490000FFFFFFFF9B
:1059D000FFFFFFFFFFFFFFFFFFFFFFFFFFFFDB00FA
:1059E00000DBFFFFFFFFFF92240000000049FFFFE4
:1059F000FFFFFFFFFFFFFFFFFF490024240049FFD7
:105A0000FFFFFFFFFFFFFFFFFF490000DBDBDBDBEA
:105A1000DBDBDBDBDBDBDBDBDBDBDBDBDBDB9200FA
:105A200000DBFFFFFFFFFF24002449240000B6FF36
:105A3000FFFFFFFFFFFFFFFFFF490024000049FFBA
:105A4000FFFFFFFFFFFFFFFFFF4900000000000016
:105A50000000000000000000000000000000000046
:105A600000DBFFFFFFFFDB240092FFDB00006DFF88
:105A7000FFFFFFFFFFFFFFFFFF490024000049FF7A
:105A8000FFFFFFFFFFFFFFFFFF49000000000000D6
:105A90000000000000000000000000000000000006
:105AA00024DBFFFFFFFFDB240092FFDB00006DFF24
:105AB000FFFFFFFFFFFFFFFFFF490000240049FF3A
:105AC000FFFFFFFFFFFFFFFFFF490000DBDBDBDB2A
:105AD000DBDBDBDBDBDBDBDBDBDBDBDBDBDBDBB63B
:105AE000B6FFFFFFFFFFFF24002449240000B6FF9C
:105AF000FFFFFFFFFFFFFFFFFF490024240049FFD6
:105B0000FFFFFFFFFFFFFFFFFF490000FFFFFFFF59
:105B1000FFFFFFFFFFFFFFFFFFFFFFFFFFFFFFFF95
:105B2000FFFFFFFFFFFFFF9224000000006DFFFF5B
:105B3000FFFFFFFFFFFFFFFFFF490024490049FF70
:105B4000FFFFFFFFFFFFFFFFFF490000FFFFFFFF19
:105B5000FFFFFFFFFFFFFFFFFFFFFFFFFFFFFFFF55
:105B6000FFFFFFFFFFFFFFFFDB6D2449B6FFFFFFD5
:105B7000FFFFFFFFFFFFFFFFFF4900496D0024FF0C
:105B8000FFFFFFFFFFFFFFFFFF6D0024FFFFFFFF91
:105B9000FFFFFFFFFFFFFFFFFFFFFFFFFFFFFFFF15
:105BA000FFFFFFFFFFFFFFFFFFFFFFFFFFFFFFFF05
:105BB000FFFFFFFFFFFFFFFFFF24006D920024DBCC
:105BC000FFFFFFFFFFFFFFFFFFFFB6DBFFFFFFFF52
:105BD000FFFFFFFFFFFFFFFFFFFFFFFFFFFFFFFFD5
:105BE000FFFFFFFFFFFFFFFFFFFFFFFFFFFFFFFFC5
:105BF000FFFFFFFFFFFFFFFFDB240092B60000B6B0
:105C0000FFFFFFFFFFFFFFFFFFFFFFFFFFFFFFFFA4
:105C1000FFFFFFFFFFFFFFFFFFFFFFFFFFFFFFFF94
:105C2000FFFFFFFFFFFFFFFFFFFFFFFFFFFFFFFF84
:105C3000FFFFFFFFFFFFFFFFB60000B6DB2400926F
:105C4000FFFFFFFFFFFFFFFFFFFFFFFFFFFFFFFF64
:105C5000FFFFFFFFFFFFFFFFFFFFFFFFFFFFFFFF54
:105C6000FFFFFFFFFFFFFFFFFFFFFFFFFFFFFFFF44
:105C7000FFFFFFFFFFFFFFFF920024DBFF4900242F
:105C8000FFFFFFFFFFFFFFFFFFFFFFFFFFFFFFFF24
:105C9000FFFFFFFFFFFFFFFFFFFFFFFFFFFFFFFF14
:105CA000FFFFFFFFFFFFFFFFFFFFFFFFFFFFFFFF04
:105CB000FFFFFFFFFFFFFFFF240049FFFF6D000014
:105CC000DBFFFFFFFFFFFFFFFFFFFFFFFFFFFFFF08
:105CD000FFFFFFFFFFFFFFFFFFFFFFFFFFFFFFFFD4
:105CE000FFFFFFFFFFFFFFFFFFFFFFFFFFFFFFFFC4
:105CF000FFFFFFFFFFFFFFDB00006DFFFFB60000AF
:105D00006DFFFFFFFFFFFFFFFFFFFFFFFFFFFFFF35
:105D1000FFFFFFFFFFFFFFFFFFFFFFFFFFFFFFFF93
:105D2000FFFFFFFFFFFFFFFFFFFFFFFFFFFFFFFF83
:105D3000FFFFFFFFFFFFFF6D0000B6FFFFFF240026
:105D400024FFFFFFFFFFFFFFFFFFFFFFFFFFFFFF3E
:105D5000FFFFFFFFFFFFFFFFFFFFFFFFFFFFFFFF53
:105D6000FFFFFFFFFFFFFFFFFFFFFFFFFFFFFFFF43
:105D7000FFFFFFFFFFFFFF240024FFFFFFFF920054
:105D800000B6FFFFFFFFFFFFFFFFFFFFFFFFFFFF6B
:105D9000FFFFFFFFFFFFFFFFFFFFFFFFFFFFFFFF13
:105DA000FFFFFFFFFFFFFFFFFFFFFFFFFFFFFFFF03
:105DB000FFFFFFFFFFFFB6000092FFFFFFFFDB24A6
:105DC0000024FFFFFFFFFFFFFFFFFFFFFFFFFFFFBD
:105DD000FFFFFFFFFFFFFFFFFFFFFFFFFFFFFFFFD3
:105DE000FFFFFFFFFFFFFFFFFFFFFFFFFFFFFFFFC3
:105DF000FFFFFFFFFFFF240024DBFFFFFFFFFF6D1E
:105E0000000092FFFFFFFFFFFFFFFFFFFFFFFFFF0D
:105E1000FFFFFFFFFFFFFFFFFFFFFFFFFFFFFFFF92
:105E2000FFFFFFFFFFFFFFFFFFFFFFFFFFFFFFFF82
:105E3000FFFFFFFFFF9200006DFFFFFFFFFFFFFF6F
:105E4000240024DBFFFFFFFFFFFFFFFFFFFFFFFF3B
:105E5000FFFFFFFFFFFFFFFFFFFFFFFFFFFFFFFF52
:105E6000FFFFFFFFFFFFFFFFFFFFFFFFFFFFFFFF42
:105E7000FFFFFFFFDB240024FFFFFFFFFFFFFFFF0B
:105E80009200006DFFFFFFFFFFFFFFFFFFFFFFFF1F
:105E9000FFFFFFFFFFFFFFFFFFFFFFFFFFFFFFFF12
:105EA000FFFFFFFFFFFFFFFFFFFFFFFFFFFFFFFF02
:105EB000FFFFFFFF6D000092FFFFFFFFFFFFFFFFEF
:105EC000FF49000092FFFFFFFFFFFFFFFFFFFFFF03
:105ED000FFFFFFFFFFFFFFFFFFFFFFFFFFFFFFFFD2
:105EE000FFFFFFFFFFFFFFFFFFFFFFFFFFFFFFFFC2
:105EF000FFFFFF92000049FFFFFFFFFFFFFFFFFFD3
:105F0000FFDB240024DBFFFFFFFFFFFFFFFFFFFF9E
:105F1000FFFFFFFFFFFFFFFFFFFFFFFFFFFFFFFF91
:105F2000FFFFFFFFFFFFFFFFFFFFFFFFFFFFFFFF81
:105F3000FFFFDB240024DBFFFFFFFFFFFFFFFFFF6E
:105F4000FFFFB6240024DBFFFFFFFFFFFFFFFFFF83
:105F5000FFFFFFFFFFFFFFFFFFFFFFFFFFFFFFFF51
:105F6000FFFFFFFFFFFFFFFFFFFFFFFFFFFFFFFF41
:105F7000FFDB240024B6FFFFFFFFFFFFFFFFFFFF53
:105F8000FFFFFF6D000049DBFFFFFFFFFFFFFFFF8B
:105F9000FFFFFFFFFFFFFFFFFFFFFFFFFFFFFFFF11
:105FA000FFFFFFFFFFFFFFFFFFFFFFFFFFFFFFFF01
:105FB000DB4900006DFFFFFFFFFFFFFFFFFFFFFF5B
:105FC000FFFFFFFF6D000049DBFFFFFFFFFFFFFF4B
:105FD000FFFFFFFFFFFFFFFFFFFFFFFFFFFFFFFFD1
:105FE000FFFFFFFFFFFFFFFFFFFFFFFFFFFFFFDBE5
:105FF0004900006DFFFFFFFFFFFFFFFFFFFFFFFFF7
:10600000FFFFFFFFFF49000024DBFFFFFFFFFFFF53
:10601000FFFFFFFFFFFFFFFFFFFFFFFFFFFFFFFF90
:10602000FFFFFFFFFFFFFFFFFFFFFFFFFFFFDB247F
:10603000000049FFFFFFFFFFFFFFFFFFFFFFFFFF24
:10604000FFFFFFFFFFFF6D00002492FFFFFFFFFF38
:10605000FFFFFFFFFFFFFFFFFFFFFFFFFFFFFFFF50
:10606000FFFFFFFFFFFFFFFFFFFFFFFFFF92240087
:10607000006DFFFFFFFFFFFFFFFFFFFFFFFFFFFFC1
:10608000FFFFFFFFFFFFFF6D2400006DDBFFFFFF41
:10609000FFFFFFFFFFFFFFFFFFFFFFFFFFFFFFFF10
:1060A000FFFFFFFFFFFFFFFFFFFFFFDB6D0000248F
:1060B0006DFFFFFFFFFFFFFFFFFFFFFFFFFFFFFF82
:1060C000FFFFFFFFFFFFFFFFB62400002492FFFF4A
:1060D000FFFFFFFFFFFFFFFFFFFFFFFFFFFFFFFFD0
:1060E000FFFFFFFFFFFFFFFFFFFF9224000024B62A
:1060F000FFFFFFFFFFFFFFFFFFFFFFFFFFFFFFFFB0
:10610000FFFFFFFFFFFFFFFFFFDB4924000024B676
:10611000FFFFFFFFFFFFFFFFFFFFFFFFFFFFFFFF8F
:10612000FFFFFFFFFFFFFFFFB62400000049DBFF7A
:10613000FFFFFFFFFFFFFFFFFFFFFFFFFFFFFFFF6F
:10614000FFFFFFFFFFFFFFFFFFFFFFB62400000080
:10615000246DDBFFFFFFFFFFFFFFFFFFFFFFFFFFE0
:10616000FFFFFFFFFFDB6D2400000024B6FFFFFFF1
:10617000FFFFFFFFFFFFFFFFFFFFFFFFFFFFFFFF2F
:10618000FFFFFFFFFFFFFFFFFFFFFFFFFF6D24008B
:10619000000000246DB6DBFFFFFFFFFFFFFFFFFFE6
:1061A000FFDBB66D2400000000246DFFFFFFFFFF42
:1061B000FFFFFFFFFFFFFFFFFFFFFFFFFFFFFFFFEF
:1061C000FFFFFFFFFFFFFFFFFFFFFFFFFFFFDB9270
:1061D000240000000000242449494949494949490B
:1061E000242400000000002492DBFFFFFFFFFFFFDC
:1061F000FFFFFFFFFFFFFFFFFFFFFFFFFFFFFFFFAF
:10620000FFFFFFFFFFFFFFFFFFFFFFFFFFFFFFFF9E
:10621000FFDB6D49240000000000000000000000CA
:1062200000000024496DDBFFFFFFFFFFFFFFFFFFC2
:10623000FFFFFFFFFFFFFFFFFFFFFFFFFFFFFFFF6E
:10624000FFFFFFFFFFFFFFFFFFFFFFFFFFFFFFFF5E
:10625000FFFFFFFFDBDB926D49242400002424496B
:106260006D92DBDBFFFFFFFFFFFFFFFFFFFFFFFF85
:10627000FFFFFFFFFFFFFFFFFFFFFFFFFFFFFFFF2E
:10628000FFFFFFFFB6922424000000000000000082
:1062900000000000000000000000000000000000FE
:1062A0000000000000000024DBFFFFFFFFFFFFFFF6
:1062B000FFFFFFFFFFFFFFFFFFFFFFFFFFFFFFFFEE
:1062C000FFFF926D24240000000000000000000089
:1062D00000000000000000000000000000000000BE
:1062E00000000000000000006DDBFFFFFFFFFFFF6C
:1062F000FFFFFFFFFFFFFFFFFFFFFFFFFFFFFFFFAE
:10630000B6490000000049494949494949494949B4
:1063100049494949494949494949494949494949ED
:1063200049494949494949240092FFFFFFFFFFFFBE
:10633000FFFFFFFFFFFFFFFFFFFFFFFFFFFFFFDB91
:10634000492400009292DBDBDBDBDBDBDBDBDBDB2E
:10635000DBDBDBDBDBDBDBDBDBDBDBDBDBDBDBDB8D
:10636000DBDBDBDBDBDBB6490092FFFFFFFFFFFF80
:10637000FFFFFFFFFFFFFFFFFFFFFFFFFFFFB6492C
:10638000000092FFFFFFFFFFFFFFFFFFFFFFFFFF88
:10639000FFFFFFFFFFFFFFFFFFFFFFFFFFFFFFFF0D
:1063A000FFFFFFFFFFFFDB490092FFFFFFFFFFFF43
:1063B000FFFFFFFFFFFFFFFFFFFFFFFFFFFF49247E
:1063C0000049FFFFFFFFFFFFFFFFFFFFFFFFFFFF92
:1063D000FFFFFFFFFFFFFFFFFFFFFFFFFFFFFFFFCD
:1063E000FFFFFFFFFFFFDB490092FFFFFFFFFFFF03
:1063F000FFFFFFFFFFFFFFFFFFFFFFFFFF92000018
:1064000092FFFFFFFFFFFFFFFFFFFFFFFFFFFFFF09
:10641000FFFFFFFFFFFFFFFFFFFFFFFFFFFFFFFF8C
:10642000FFFFFFFFFFFFDB490092FFFFFFFFFFFFC2
:10643000FFFFFFFFFFFFFFFFFFFFFFFFFF6D0000FC
:10644000FFFFFFFFFFFFFFFFFFFFFFFFFFFFFFFF5C
:10645000FFFFFFFFFFFFFFFFFFFFFFFFFFFFFFFF4C
:10646000FFFFFFFFFFFFDB490092FFFFFFFFFFFF82
:10647000FFFFFFFFFFFFFFFFFFFFFFFFB6240092BC
:10648000FFFFFFFFFFFFFFFFFFFFFFFFFFFFFFFF1C
:10649000FFFFFFFFFFFFFFFFFFFFFFFFFFFFFFFF0C
:1064A000FFFFFFFFFFFFDB490092FFFFFFFFFFFF42
:1064B000FFFFFFFFFFFFFFFFFFFFFFFF92240092A0
:1064C000FFFFFFFFFFFFFFFFFFFFFFFFFFFFFFFFDC
:1064D000FFFFFFFFFFFFFFFFFFFFFFFFFFFFFFFFCC
:1064E000FFFFFFFFFFFFDB490092FFFFFFFFFFFF02
:1064F000FFFFFFFFFFFFFFFFFFFFFFFF240049DB60
:10650000FFFFFFFFFFFFFFFFFFFFFFFFFFFFFFFF9B
:10651000FFFFFFFFFFFFFFFFFFFFFFFFFFFFFFFF8B
:10652000FFFFFFFFFFFFDB490092FFFFFFFFFFFFC1
:10653000DBDBDBDBDBDBDBDBDBDBDBFF240049DBAB
:10654000FFFFFFFFFFFFFFFFFFFFFFFFFFFFFFFF5B
:10655000FFFFFFFFFFFFFFFFFFFFFFFFFFFFFFFF4B
:10656000FFFFFFFFFFFFDB490092FFFFFFFFFF92EE
:1065700049494949494949494949496D000049DB67
:10658000FFFFFFFFFFFFFFFFFFFFFFFFFFFFFFFF1B
:10659000FFFFFFFFFFFFFFFFFFFFFFFFFFFFFFFF0B
:1065A000FFFFFFFFFFFFDB490092FFFFFFFFDB491B
:1065B000000000000000000000000024000049DB93
:1065C000FFFFFFFFFFFFFFFFFFFFFFFFFFFFFFFFDB
:1065D000FFFFFFFFFFFFFFFFFFFFFFFFFFFFFFFFCB
:1065E000FFFFFFFFFFFFDB490092FFFFFFFFFFB64A
:1065F0009292929292929292929292B6000049DB7B
:10660000FFFFFFFFFFFFFFFFFFFFFFFFFFFFFFFF9A
:10661000FFFFFFFFFFFFFFFFFFFFFFFFFFFFFFFF8A
:10662000FFFFFFFFFFFFDB490092FFFFFFFFFFFFC0
:10663000FFFFFFFFFFFFFFFFFFFFFFFF000049DB42
:10664000FFFFFFFFFFFFFFFFFFFFFFFFFFFFFFFF5A
:10665000FFFFFFFFFFFFFFFFFFFFFFFFFFFFFFFF4A
:10666000FFFFFFFFFFFFDB490092FFFFFFFFFFFF80
:10667000FFFFFFFFFFFFFFFFFFFFFFFF000049DB02
:10668000FFFFFFFFFFFFFFFFFFFFFFFFFFFFFFFF1A
:10669000FFFFFFFFFFFFFFFFFFFFFFFFFFFFFFFF0A
:1066A000FFFFFFFFFFFFDB490092FFFFFFFFFFFF40
:1066B000FFFFFFFFFFFFFFFFFFFFFFFF000049DBC2
:1066C000FFFFFFFFFFFFFFFFFFFFFFFFFFFFFFFFDA
:1066D000FFFFFFFFFFFFFFFFFFFFFFFFFFFFFFFFCA
:1066E000FFFFFFFFFFFFDB490092FFFFFFFFFFFF00
:1066F000FFFFFFFFFFFFFFFFFFFFFFFF000049DB82
:10670000FFFFFFFFFFFFFFFFFFFFFFFFFFFFFFFF99
:10671000FFFFFFFFFFFFFFFFFFFFFFFFFFFFFFFF89
:10672000FFFFFFFFFFFFDB490092FFFFFFFFFFFFBF
:10673000FFFFFFFFFFFFFFFFFFFFFFFF000049DB41
:10674000FFFFFFFFFFFFFFFFFFFFFFFFFFFFFFFF59
:10675000FFFFFFFFFFFFFFFFFFFFFFFFFFFFFFFF49
:10676000FFFFFFFFFFFFDB490092FFFFFFFFFFFF7F
:10677000FFFFFFFFFFFFFFFFFFFFFFFF000049DB01
:10678000FFFFFFFFFFFFFFFFFFFFFFFFFFFFFFFF19
:10679000FFFFFFFFFFFFFFFFFFFFFFFFFFFFFFFF09
:1067A000FFFFFFFFFFFFDB490092FFFFFFFFFFFF3F
:1067B000FFFFFFFFFFFFFFFFFFFFFFFF000049DBC1
:1067C000FFFFFFFFFFFFFFFFFFFFFFFFFFFFFFFFD9
:1067D000FFFFFFFFFFFFFFFFFFFFFFFFFFFFFFFFC9
:1067E000FFFFFFFFFFFFDB490092FFFFFFFFFFFFFF
:1067F000FFFFFFFFFFFFFFFFFFFFFFFF000049DB81
:10680000FFFFFFFFFFFFFFFFFFFFFFFFFFFFFFFF98
:10681000FFFFFFFFFFFFFFFFFFFFFFFFFFFFFFFF88
:10682000FFFFFFFFFFFFDB490092FFFFFFFFFFFFBE
:10683000DBDBDBDBDBDBDBDBDBDBDBFF000049DBCC
:10684000FFFFFFFFFFFFFFFFFFFFFFFFFFFFFFFF58
:10685000FFFFFFFFFFFFFFFFFFFFFFFFFFFFFFFF48
:10686000FFFFFFFFFFFFDB490092FFFFFFFFFF92EB
:1068700049494949494949494949496D000049DB64
:10688000FFFFFFFFFFFFFFFFFFFFFFFFFFFFFFFF18
:10689000FFFFFFFFFFFFFFFFFFFFFFFFFFFFFFFF08
:1068A000FFFFFFFFFFFFDB490092FFFFFFFFDB4918
:1068B000000000000000000000000024000049DB90
:1068C000FFFFFFFFFFFFFFFFFFFFFFFFFFFFFFFFD8
:1068D000FFFFFFFFFFFFFFFFFFFFFFFFFFFFFFFFC8
:1068E000FFFFFFFFFFFFDB490092FFFFFFFFFFB647
:1068F0009292929292929292929292B6000049DB78
:10690000FFFFFFFFFFFFFFFFFFFFFFFFFFFFFFFF97
:10691000FFFFFFFFFFFFFFFFFFFFFFFFFFFFFFFF87
:10692000FFFFFFFFFFFFDB490092FFFFFFFFFFFFBD
:10693000FFFFFFFFFFFFFFFFFFFFFFFF000049DB3F
:10694000FFFFFFFFFFFFFFFFFFFFFFFFFFFFFFFF57
:10695000FFFFFFFFFFFFFFFFFFFFFFFFFFFFFFFF47
:10696000FFFFFFFFFFFFDB490092FFFFFFFFFFFF7D
:10697000FFFFFFFFFFFFFFFFFFFFFFFF000049DBFF
:10698000FFFFFFFFFFFFFFFFFFFFFFFFFFFFFFFF17
:10699000FFFFFFFFFFFFFFFFFFFFFFFFFFFFFFFF07
:1069A000FFFFFFFFFFFFDB490092FFFFFFFFFFFF3D
:1069B000FFFFFFFFFFFFFFFFFFFFFFFF000049DBBF
:1069C000FFFFFFFFFFFFFFFFFFFFFFFFFFFFFFFFD7
:1069D000FFFFFFFFFFFFFFFFFFFFFFFFFFFFFFFFC7
:1069E000FFFFFFFFFFFFDB490092FFFFFFFFFFFFFD
:1069F000FFFFFFFFFFFFFFFFFFFFFFFF000049DB7F
:106A0000FFFFFFFFFFFFFFFFFFFFFFFFFFFFFFFF96
:106A1000FFFFFFFFFFFFFFFFFFFFFFFFFFFFFFFF86
:106A2000FFFFFFFFFFFFDB490092FFFFFFFFFFFFBC
:106A3000FFFFFFFFFFFFFFFFFFFFFFFF000049DB3E
:106A4000FFFFFFFFFFFFFFFFFFFFFFFFFFFFFFFF56
:106A5000FFFFFFFFFFFFFFFFFFFFFFFFFFFFFFFF46
:106A6000FFFFFFFFFFFFDB490092FFFFFFFFFFFF7C
:106A7000FFFFFFFFFFFFFFFFFFFFFFFF000049DBFE
:106A8000FFFFFFFFFFFFFFFFFFFFFFFFFFFFFFFF16
:106A9000FFFFFFFFFFFFFFFFFFFFFFFFFFFFFFFF06
:106AA000FFFFFFFFFFFFDB490092FFFFFFFFFFFF3C
:106AB000FFFFFFFFFFFFFFFFFFFFFFFF000049DBBE
:106AC000FFFFFFFFFFFFFFFFFFFFFFFFFFFFFFFFD6
:106AD000FFFFFFFFFFFFFFFFFFFFFFFFFFFFFFFFC6
:106AE000FFFFFFFFFFFFDB490092FFFFFFFFFFFFFC
:106AF000FFFFFFFFFFFFFFFFFFFFFFFF000049DB7E
:106B0000FFFFFFFFFFFFFFFFFFFFFFFFFFFFFFFF95
:106B1000FFFFFFFFFFFFFFFFFFFFFFFFFFFFFFFF85
:106B2000FFFFFFFFFFFFDB490092FFFFFFFFFFFFBB
:106B3000DBDBDBDBDBDBDBDBDBDBDBFF000049DBC9
:106B4000FFFFFFFFFFFFFFFFFFFFFFFFFFFFFFFF55
:106B5000FFFFFFFFFFFFFFFFFFFFFFFFFFFFFFFF45
:106B6000FFFFFFFFFFFFDB490092FFFFFFFFFF92E8
:106B700049494949494949494949496D000049DB61
:106B8000FFFFFFFFFFFFFFFFFFFFFFFFFFFFFFFF15
:106B9000FFFFFFFFFFFFFFFFFFFFFFFFFFFFFFFF05
:106BA000FFFFFFFFFFFFDB490092FFFFFFFFDB4915
:106BB000000000000000000000000024240049DB69
:106BC000FFFFFFFFFFFFFFFFFFFFFFFFFFFFFFFFD5
:106BD000FFFFFFFFFFFFFFFFFFFFFFFFFFFFFFFFC5
:106BE000FFFFFFFFFFFFDB490092FFFFFFFFFFB644
:106BF0009292929292929292929292B66D2424B62E
:106C0000FFFFFFFFFFFFFFFFFFFFFFFFFFFFFFFF94
:106C1000FFFFFFFFFFFFFFFFFFFFFFFFFFFFFFFF84
:106C2000FFFFFFFFFFFFDB490092FFFFFFFFFFFFBA
:106C3000FFFFFFFFFFFFFFFFFFFFFFFF9224009218
:106C4000FFFFFFFFFFFFFFFFFFFFFFFFFFFFFFFF54
:106C5000FFFFFFFFFFFFFFFFFFFFFFFFFFFFFFFF44
:106C6000FFFFFFFFFFFFDB490092FFFFFFFFFFFF7A
:106C7000FFFFFFFFFFFFFFFFFFFFFFFFFF6D002490
:106C8000FFFFFFFFFFFFFFFFFFFFFFFFFFFFFFFF14
:106C9000FFFFFFFFFFFFFFFFFFFFFFFFFFFFFFFF04
:106CA000FFFFFFFFFFFFDB490092FFFFFFFFFFFF3A
:106CB000FFFFFFFFFFFFFFFFFFFFFFFFFF6D000074
:106CC000B6FFFFFFFFFFFFFFFFFFFFFFFFFFFFFF1D
:106CD000FFFFFFFFFFFFFFFFFFFFFFFFFFFFFFFFC4
:106CE000FFFFFFFFFFFFDB490092FFFFFFFFFFFFFA
:106CF000FFFFFFFFFFFFFFFFFFFFFFFFFFFF0000A2
:106D0000006DFFFFFFFFFFFFFFFFFFFFFFFFFFFF24
:106D1000FFFFFFFFFFFFFFFFFFFFFFFFFFFFFFFF83
:106D2000FFFFFFFFFFFFDB490092FFFFFFFFFFFFB9
:106D3000FFFFFFFFFFFFFFFFFFFFFFFFFFFF6D24D0
:106D40000024B6FFFFFFFFFFFFFFFFFFFFFFFFFF76
:106D5000FFFFFFFFFFFFFFFFFFFFFFFFFFFFFFFF43
:106D6000FFFFFFFFFFFFDB490092FFFFFFFFFFFF79
:106D7000FFFFFFFFFFFFFFFFFFFFFFFFFFFFFFDB47
:106D800000000000DBDBFFFFFFFFFFFFFFFFFFFF57
:106D9000FFFFFFFFFFFFFFFFFFFFFFFFFFFFFFFF03
:106DA000FFFFFFFFFFFFDB490092FFFFFFFFFFFF39
:106DB000FFFFFFFFFFFFFFFFFFFFFFFFFFFFFFFFE3
:106DC0006D240000494992929292929292929292EC
:106DD0009292929292929292929292929292929293
:106DE0009292929292926D240092FFFFFFFFFFFF1A
:106DF000FFFFFFFFFFFFFFFFFFFFFFFFFFFFFFFFA3
:106E0000FFFF492400000000000000000000000017
:106E10000000000000000000000000000000000072
:106E2000000000000000000024B6FFFFFFFFFFFF8E
:106E3000FFFFFFFFFFFFFFFFFFFFFFFFFFFFFFFF62
:106E4000FFFFDBB66D4900000000000000000000FD
:106E50000000000000000000000000000000000032
:106E6000000000000000000092DBFFFFFFFFFFFFBB
:106E7000FFFFFFFFFFFFFFFFFFFFFFFFFFFFFFFF22
:106E8000FFFFFFFFFFFFFFFF000049FFFFFFFFFFC6
:106E9000FFFFFFFFFFFFFFFFFFFFFFFFFF9200006D
:106EA000FFFFFFFFFFFFFFFFFFFFFFFFFFFFFFFFF2
:106EB000FFFFFFFFFFFFFFFFFFFFFFFFFFFFFFFFE2
:106EC000FFFFFFFFFFFFFFFF000049DBFFFFFFFFAA
:106ED000FFFFFFFFFFFFFFFFFFFFFFFFFF9200002D
:106EE000FFFFFFFFFFFFFFFFFFFFFFFFFFFFFFFFB2
:106EF000FFFFFFFFFFFFFFFFFFFFFFFFFFFFFFFFA2
:106F0000FFFFFFFFFFFFFFFF000049DBFFFFFFFF69
:106F1000FFFFFFFFFFFFFFFFFFFFFFFFFF920000EC
:106F2000FFFFFFFFFFFFFFFFFFFFFFFFFFFFFFFF71
:106F3000FFFFFFFFFFFFFFFFFFFFFFFFFFFFFFFF61
:106F4000FFFFFFFFFFFFFFFF000049DBFFFFFFFF29
:106F5000FFFFFFFFFFFFFFFFFFFFFFFFFF920000AC
:106F6000FFFFFFFFFFFFFFFFFFFFFFFFFFFFFFFF31
:106F7000FFFFFFFFFFFFFFFFFFFFFFFFFFFFFFFF21
:106F8000FFFFFFFFFFFFFFFF000049DBFFFFFFFFE9
:106F9000FFFFFFFFFFFFFFFFFFFFFFFFFF9200006C
:106FA000FFFFFFFFFFFFFFFFFFFFFFFFFFFFFFFFF1
:106FB000FFFFFFFFFFFFFFFFFFFFFFFFFFFFFFFFE1
:106FC000FFFFFFFFFFFFFFFF000049DBFFFFFFFFA9
:106FD000FFFFFFFFFFFFFFFFFFFFFFFFFF9200002C
:106FE000FFFFFFFFFFFFFFFFFFFFFFFFFFFFFFFFB1
:106FF000FFFFFFFFFFFFFFFFFFFFFFFFFFFFFFFFA1
:10700000FFFFFFFFFFFFFFFF492424B6FFFFFFFF45
:10701000FFFFFFFFFFFFFFFFFFFFFFFFFF6D0024EC
:10702000FFFFFFFFFFFFFFFFFFFFFFFFFFFFFFFF70
:10703000FFFFFFFFFFFFFFFFFFFFFFFFFFFFFFFF60
:10704000FFFFFFFFFFFFFFFF92240092FFFFFFFF04
:10705000FFFFFFFFFFFFFFFFFFFFFFFFDB490049CF
:10706000FFFFFFFFFFFFFFFFFFFFFFFFFFFFFFFF30
:10707000FFFFFFFFFFFFFFFFFFFFFFFFFFFFFFFF20
:10708000FFFFFFFFFFFFFFFFFF6D0024FFFFFFFF7C
:10709000FFFFFFFFFFFFFFFFFFFFFFFF242400B6FE
:1070A000FFFFFFFFFFFFFFFFFFFFFFFFFFFFFFFFF0
:1070B000FFFFFFFFFFFFFFFFFFFFFFFFFFFFFFFFE0
:1070C000FFFFFFFFFFFFFFFFFF6D0000B6FFFFFFA9
:1070D000FFFFFFFFFFFFFFFFFFFFFFDB000024B606
:1070E000FFFFFFFFFFFFFFFFFFFFFFFFFFFFFFFFB0
:1070F000FFFFFFFFFFFFFFFFFFFFFFFFFFFFFFFFA0
:10710000FFFFFFFFFFFFFFFFFFFF0000006DFFFF1E
:10711000FFFFFFFFFFFFFFFFFFFFB6490000FFFF7C
:10712000FFFFFFFFFFFFFFFFFFFFFFFFFFFFFFFF6F
:10713000FFFFFFFFFFFFFFFFFFFFFFFFFFFFFFFF5F
:10714000FFFFFFFFFFFFFFFFFFFF6D240024B6FFDF
:10715000FFFFFFFFFFFFFFFFFFDB49240049FFFFA9
:10716000FFFFFFFFFFFFFFFFFFFFFFFFFFFFFFFF2F
:10717000FFFFFFFFFFFFFFFFFFFFFFFFFFFFFFFF1F
:10718000FFFFFFFFFFFFFFFFFFFFFFDB000000002F
:10719000DBDBFFFFFFFFFFDB2400000092FFFFFFB0
:1071A000FFFFFFFFFFFFFFFFFFFFFFFFFFFFFFFFEF
:1071B000FFFFFFFFFFFFFFFFFFFFFFFFFFFFFFFFDF
:1071C000FFFFFFFFFFFFFFFFFFFFFFFF6D2400003A
:1071D0004949929292926D4924000049FFFFFFFFB6
:1071E000FFFFFFFFFFFFFFFFFFFFFFFFFFFFFFFFAF
:1071F000FFFFFFFFFFFFFFFFFFFFFFFFFFFFFFFF9F
:10720000FFFFFFFFFFFFFFFFFFFFFFFFFFFF49241F
:1072100000000000000000000024FFFFFFFFFFFF50
:10722000FFFFFFFFFFFFFFFFFFFFFFFFFFFFFFFF6E
:10723000FFFFFFFFFFFFFFFFFFFFFFFFFFFFFFFF5E
:10724000FFFFFFFFFFFFFFFFFFFFFFFFFFFFDBB6BB
:107250006D6D24240024496DB6DBFFFFFFFFFFFFA7
:10726000FFFFFFFFFFFFFFFFFFFFFFFFFFFFFFFF2E
:10727000FFFFFFFFFFFFFFFFFFFFFFFFFF6D24008A
:1072800000000000000000000000000000000000FE
:1072900000000000000000000000000000000000EE
:1072A00000000000000000000000000000000000DE
:1072B00000246DFFFFFFFFFFFFFFFFFF6D000000D9
:1072C00000000000000000000000000000000000BE
:1072D00000000000000000000000000000000000AE
:1072E000000000000000000000000000000000009E
:1072F0000000006DFFFFFFFFFFFFFFFF2400244998
:1073000049494949494949494949494949494949ED
:1073100049494949494949494949494949494949DD
:1073200049494949494949494949494949494949CD
:1073300049240024FFFFFFFFFFFFFFFF000049FF7C
:10734000FFFFFFFFFFFFFFFFFFFFFFFFFFFFFFFF4D
:10735000FFFFFFFFFFFFFFFFFFFFFFFFFFFFFFFF3D
:10736000FFFFFFFFFFFFFFFFFFFFFFFFFFFFFFFF2D
:10737000FF490024FFFFFFFFFFFFFFFF000049FF61
:10738000FFFFFFFFFFFFFFFFFFFFFFFFFFFFFFFF0D
:10739000FFFFFFFFFFFFFFFFFFFFFFFFFFFFFFFFFD
:1073A000FFFFFFFFFFFFFFFFFFFFFFFFFFFFFFFFED
:1073B000FF490024FFFFFFFFFFFFFFFF000049FF21
:1073C000FFFFFFFFFFFFFFFFFFFFFFFFFFFFFFFFCD
:1073D000FFFFFFFFFFFFFFFFFFFFFFFFFFFFFFFFBD
:1073E000FFFFFFFFFFFFFFFFFFFFFFFFFFFFFFFFAD
:1073F000FF490024FFFFFFFFFFFFFFFF000049FFE1
:10740000FFFFFFFFFFFFFFFFFFFFFFFFFFFFFFFF8C
:10741000FFFFFFFFFFFFFFFFFFFFFFFFFFFFFFFF7C
:10742000FFFFFFFFFFFFFFFFFFFFFFFFFFFFFFFF6C
:10743000FF490024FFFFFFFFFFFFFFFF000049FFA0
:10744000FFFFFFFFFFFFFFFFFFFFFFFFFFFFFFFF4C
:10745000FFFFFFFFFFFFFFFFFFFFFFFFFFFFFFFF3C
:10746000FFFFFFFFFFFFFFFFFFFFFFFFFFFFFFFF2C
:10747000FF490024FFFFFFFFFFFFFFFF000049FF60
:10748000FFFFFFFFFFFFFFFFFFFFFFFFFFFFFFFF0C
:10749000FFFFFFFFFFFFFFFFFFFFFFFFFFFFFFFFFC
:1074A000FFFFFFFFFFFFFFFFFFFFFFFFFFFFFFFFEC
:1074B000FF490024FFFFFFFFFFFFFFFF000049FF20
:1074C000FFFFFFFFFFFFFFFFFFFFFFFFFFFFFFFFCC
:1074D000FFFFFFFFFFFFFFFFFFFFFFFFFFFFFFFFBC
:1074E000FFFFFFFFFFFFFFFFFFFFFFFFFFFFFFFFAC
:1074F000FF490024FFFFFFFFFFFFFFFF000049FFE0
:10750000FFFFFFFFFFFFFFFFFFFFFFFFFFFFFFFF8B
:10751000FFFFFFFFFFFFFFFFFFFFFFFFFFFFFFFF7B
:10752000FFFFFFFFFFFFFFFFFFFFFFFFFFFFFFFF6B
:10753000FF490024FFFFFFFFFFFFFFFF000049FF9F
:10754000FFFFFFFFFFFFFFFFFFFFFFFFFFFFFFFF4B
:10755000FFFFFFFFFFFFFFFFFFFFFFFFFFFFFFFF3B
:10756000FFFFFFFFFFFFFFFFFFFFFFFFFFFFFFFF2B
:10757000FF490024FFFFFFFFFFFFFFFF000049FF5F
:10758000FFFFFFFFFFFFFFFFFFFFFFFFFFFFFFFF0B
:10759000FFFFFFFFFFFFFFFFFFFFFFFFFFFFFFFFFB
:1075A000FFFFFFFFFFFFFFFFFFFFFFFFFFFFFFFFEB
:1075B000FF490024FFFFFFFFFFFFFFFF000049FF1F
:1075C000FFFFFFFFFFFFFFFFFFFFFFFFFFFFFFFFCB
:1075D000FFFFFFFFFFFFFFFFFFFFFFFFFFFFFFFFBB
:1075E000FFFFFFFFFFFFFFFFFFFFFFFFFFFFFFFFAB
:1075F000FF490024FFFFFFFFFFFFFFFF000049FFDF
:10760000FFFFFFFFFFFFFFFFFFFFFFFFFFFFFFFF8A
:10761000FFFFFFFFFFFFFFFFFFFFFFFFFFFFFFFF7A
:10762000FFFFFFFFFFFFFFFFFFFFFFFFFFFFFFFF6A
:10763000FF490024FFFFFFFFFFFFFFFF000049FF9E
:10764000FFFFFFFFFFFFFFFFFFFFFFFFFFFFFFFF4A
:10765000FFFFFFFFFFFFFFFFFFFFFFFFFFFFFFFF3A
:10766000FFFFFFFFFFFFFFFFFFFFFFFFFFFFFFFF2A
:10767000FF490024FFFFFFFFFFFFFFFF000049FF5E
:10768000FFFFFFFFFFFFFFFFFFFFFFFFFFFFFFFF0A
:10769000FFFFFFFFFFFFFFFFFFFFFFFFFFFFFFFFFA
:1076A000FFFFFFFFFFFFFFFFFFFFFFFFFFFFFFFFEA
:1076B000FF490024FFFFFFFFFFFFFFFF000049FF1E
:1076C000FFFFFFFFFFFFFFFFFFFFFFFFFFFFFFFFCA
:1076D000FFFFFFFFFFFFFFFFFFFFFFFFFFFFFFFFBA
:1076E000FFFFFFFFFFFFFFFFFFFFFFFFFFFFFFFFAA
:1076F000FF490024FFFFFFFFFFFFFFFF000049FFDE
:10770000FFFFFFFFFFFFFFFFFFFFFFFFFFFFFFFF89
:10771000FFFFFFFFFFFFFFFFFFFFFFFFFFFFFFFF79
:10772000FFFFFFFFFFFFFFFFFFFFFFFFFFFFFFFF69
:10773000FF490024FFFFFFFFFFFFFFFF000049FF9D
:10774000FFFFFFFFFFFFFFFFFFFFFFFFFFFFFFFF49
:10775000FFFFFFFFFFFFFFFFFFFFFFFFFFFFFFFF39
:10776000FFFFFFFFFFFFFFFFFFFFFFFFFFFFFFFF29
:10777000FF490024FFFFFFFFFFFFFFFF000049FF5D
:10778000FFFFFFFFFFFFFFFFFFFFFFFFFFFFFFFF09
:10779000FFFFFFFFFFFFFFFFFFFFFFFFFFFFFFFFF9
:1077A000FFFFFFFFFFFFFFFFFFFFFFFFFFFFFFFFE9
:1077B000FF490024FFFFFFFFFFFFFFFF000049FF1D
:1077C000FFFFFFFFFFFFFFFFFFFFFFFFFFFFFFFFC9
:1077D000FFFFFFFFFFFFFFFFFFFFFFFFFFFFFFFFB9
:1077E000FFFFFFFFFFFFFFFFFFFFFFFFFFFFFFFFA9
:1077F000FF490024FFFFFFFFB6496DFF000049FF6E
:10780000FFFFFFFFFFFFFFFFFFFFFFFFFFFFFFFF88
:10781000FFFFFFFFFFFFFFFFFFFFFFFFFFFFFFFF78
:10782000FFFFFFFFFFFFFFFFFFFFFFFFFFFFFFFF68
:10783000FF490024FFFFFFFF00000092000049FF06
:10784000FFFFFFFFFFFFFFFFFFFFFFFFFFFFFFFF48
:10785000FFFFFFFFFFFFFFFFFFFFFFFFFFFFFFFF38
:10786000FFFFFFFFFFFFFFFFFFFFFFFFFFFFFFFF28
:10787000FF490024FFFFFFFF6D000024000049FFC7
:10788000FFFFFFFFFFFFFFFFFFFFFFFFFFFFFFFF08
:10789000FFFFFFFFFFFFFFFFFFFFFFFFFFFFFFFFF8
:1078A000FFB62400000000000000000000000000FF
:1078B00000000024FFFFFFFFFF490000000049FF18
:1078C000FFFFFFFFFFFFFFFFFFFFFFFFFFFFFFFFC8
:1078D000FFFFFFFFFFFFFFFFFFFFFFFFFFFFFFFFB8
:1078E000FF49000000000000000000000000000050
:1078F00000000024FFFFFFFFFF490000000049FFD8
:10790000FFFFFFFFFFFFFFFFFFFFFFFFFFFFFFFF87
:10791000FFFFFFFFFFFFFFFFFFFFFFFFFFFFFFFF77
:10792000FF490000494949494949494949494924C8
:10793000000024B6FFFFFFFFFF490000000049FFE1
:10794000FFFFFFFFFFFFFFFFFFFFFFFFFFFFFFFF47
:10795000FFFFFFFFFFFFFFFFFFFFFFFFFFFFFFFF37
:10796000FF490024FFFFFFFFFFFFFFFFFFFF9224FF
:107970000024B6FFFFFFFFFFFF490000000049FFA2
:10798000FFFFFFFFFFFFFFFFFFFFFFFFFFFFFFFF07
:10799000FFFFFFFFFFFFFFFFFFFFFFFFFFFFFFFFF7
:1079A000FF490024FFFFFFFFFFFFFFFFFF920000E2
:1079B00024B6FFFFFFFFFFFFFF490000000049FF63
:1079C000FFFFFFFFFFFFFFFFFFFFFFFFFFFFFFFFC7
:1079D000FFFFFFFFFFFFFFFFFFFFFFFFFFFFFFFFB7
:1079E000FF490024FFFFFFFFFFFFFFFF9224002459
:1079F000B6FFFFFFFFFFFFFFFF490000000049FF48
:107A0000FFFFFFFFFFFFFFFFFFFFFFFFFFFFFFFF86
:107A1000FFFFFFFFFFFFFFFFFFFFFFFFFFFFFFFF76
:107A2000FF490024FFFFFFFFFFFFFF92000024B685
:107A3000FFFFFFFFFFFFFFFFFF490000000049FFBE
:107A4000FFFFFFFFFFFFFFFFFFFFFFFFFFFFFFFF46
:107A5000FFFFFFFFFFFFFFFFFFFFFFFFFFFFFFFF36
:107A6000FF490024FFFFFFFFFFFF92240024B6FF21
:107A7000FFFFFFFFFFFFFFFFFF490000000049FF7E
:107A8000FFFFFFFFFFFFFFFFFFFFFFFFFFFFFFFF06
:107A9000FFFFFFFFFFFFFFFFFFFFFFFFFFFFFFFFF6
:107AA000FF490024FFFFFFFFFF92000024B6FFFF05
:107AB000FFFFFFFFFFFFFFFFFF490000000049FF3E
:107AC000FFFFFFFFFFFFFFFFFFFFFFFFFFFFFFFFC6
:107AD000FFFFFFFFFFFFFFFFFFFFFFFFFFFFFFFFB6
:107AE000FF490024FFFFFFFF92240024B6FFFFFFA1
:107AF000FFFFFFFFFFFFFFFFFF490000000049FFFE
:107B0000FFFFFFFFFFFFFFFFFFFFFFFFFFFFFFFF85
:107B1000FFFFFFFFFFFFFFFFFFFFFFFFFFFFFFFF75
:107B2000FF490024FFFFFF92000024B6FFFFFFFF84
:107B3000FFFFFFFFFFFFFFFFFF490000000049FFBD
:107B4000FFFFFFFFFFFFFFFFFFFFFFFFFFFFFFFF45
:107B5000FFFFFFFFFFFFFFFFFFFFFFFFFFFFFFFF35
:107B6000FF490024FFFF92240024B6FFFFFFFFFF20
:107B7000FFFFFFFFFFFFFFFFFF490000000049FF7D
:107B8000FFFFFFFFFFFFFFFFFFFFFFFFFFFFFFFF05
:107B9000FFFFFFFFFFFFFFFFFFFFFFFFFFFFFFFFF5
:107BA000FF490024FF92000024B6FFFFFFFFFFFF04
:107BB000FFFFFFFFFFFFFFFFFF490000000049FF3D
:107BC000FFFFFFFFFFFFFFFFFFFFFFFFFFFFFFFFC5
:107BD000FFFFFFFFFFFFFFFFFFFFFFFFFFFFFFFFB5
:107BE000FF49002492240024B6FFFFFFFFFFFFFFA0
:107BF000FFFFFFFFFFFFFFFFFF490000000049FFFD
:107C0000FFFFFFFFFFFFFFFFFFFFFFFFFFFFFFFF84
:107C1000FFFFFFFFFFFFFFFFFFFFFFFFFFFFFFFF74
:107C2000FF490000000024B6FFFFFFFFFFFFFFFF3A
:107C3000FFFFFFFFFFFFFFFFFF490000000049FFBC
:107C4000FFFFFFFFFFFFFFFFFFFFFFFFFFFFFFFF44
:107C5000FFFFFFFFFFFFFFFFFFFFFFFFFFFFFFFF34
:107C6000FF4900000024B6FFFFFFFFFFFFFFFFFFFB
:107C7000FFFFFFFFFFFFFFFFFF49000024000000A0
:107C800000000000000000000000000000000000F4
:107C900000000000000000000000000000000000E4
:107CA0000000000024B6FFFFFFFFFFFFFFFFFFFF04
:107CB000FFFFFFFFFFFFFFFFFF49000092000000F2
:107CC00000000000000000000000000000000000B4
:107CD00000000000000000000000000000000000A4
:107CE00000000024B6FFFFFFFFFFFFFFFFFFFFFFC5
:107CF000FFFFFFFFFFFFFFFFFF490000FFB64949FD
:107D000049494949494949494949494949494949E3
:107D100049494949494949494949494949494949D3
:107D2000494949B6FFFFFFFFFFFFFFFFFFFFFFFFCE
:107D3000FFFFFFFFFFFFFFFFFF490000FFFFFFFF07
:107D4000FFFFFFFFFFFFFFFFFFFFFFFFFFFFFFFF43
:107D5000FFFFFFFFFFFFFFFFFFFFFFFFFFFFFFFF33
:107D6000FFFFFFFFFFFFFFFFFFFFFFFFFFFFFFFF23
:107D7000FFFFFFFFFFFFFFFFFF490000FFFFFFFFC7
:107D8000FFFFFFFFFFFFFFFFFFFFFFFFFFFFFFFF03
:107D9000FFFFFFFFFFFFFFFFFFFFFFFFFFFFFFFFF3
:107DA000FFFFFFFFFFFFFFFFFFFFFFFFFFFFFFFFE3
:107DB000FFFFFFFFFFFFFFFFFF490000FFFFFFFF87
:107DC000FFFFFFFFFFFFFFFFFFFFFFFFFFFFFFFFC3
:107DD000FFFFFFFFFFFFFFFFFFFFFFFFFFFFFFFFB3
:107DE000FFFFFFFFFFFFFFFFFFDB4949494949490B
:107DF000494949494949494949240000FFFFFFFFD2
:107E0000FFFFFFFFFFDBFFFFFFFFFFFFFFFFFFFFA6
:107E1000FFFFFFFFFFFFFFFFFFFFFFFFFFFFFFFF72
:107E2000FFFFFFFFFFFFFFFFFF4900000000000012
:107E3000000000000000000000000024FFFFFFFF22
:107E4000FFFFFFFF492492FFFFFFFFFFFFFFFFFF40
:107E5000FFFFFFFFFFFFFFFFFFFFFFFFFFFFFFFF32
:107E6000FFFFFFFFFFFFFFFFFF49000000000000D2
:107E7000000000000000000000000092FFFFFFFF74
:107E8000FFFFFFFF000049FFFFFFFFFFFFFFFFFFB6
:107E9000FFFFFFFFFFFFFFFFFFFFFFFFFFFFFFFFF2
:107EA000FFFFFFFFFFFFFFFFFF490024FFFFFFFF72
:107EB000FFFFFFFFFFFFDB2400006DFFFFFFFFFF61
:107EC000FFFFFFFF000049FFFFFFFFFFFFFFFFFF76
:107ED000FFFFFFFFFFFFFFFFFFFFFFFFFFFFFFFFB2
:107EE000FFFFFFFFFFFFFFFFFF490024FFFFFFFF32
:107EF000FFFFFFFFFFB624000092FFFFFFFFFFFF21
:107F0000FFFFFFFF000049FFFFFFFFFFFFFFFFFF35
:107F1000FFFFFFFFFFFFFFFFFFFFFFFFFFFFFFFF71
:107F2000FFFFFFFFFFFFFFFFFF490024FFFFFFFFF1
:107F3000FFFFFFFFDB2400006DFFFFFFFFFFFFFFE0
:107F4000FFFFFFFF000049FFFFFFFFFFFFFFFFFFF5
:107F5000FFFFFFFFFFFFFFFFFFFFFFFFFFFFFFFF31
:107F6000FFFFFFFFFFFFFFFFFF490024FFFFFFFFB1
:107F7000FFFFFFDB24000092FFFFFFFFFFFFFFFF7B
:107F8000FFFFFFFF000049FFFFFFFFFFFFFFFFFFB5
:107F9000FFFFFFFFFFFFFFFFFFFFFFFFFFFFFFFFF1
:107FA000FFFFFFFFFFFFFFFFFF490024FFFFFFFF71
:107FB000FFFFDB2400006DFFFFFFFFFFFFFFFFFF60
:107FC000FFFFFFFF000049FFFFFFFFFFFFFFFFFF75
:107FD000FFFFFFFFFFFFFFFFFFFFFFFFFFFFFFFFB1
:107FE000FFFFFFFFFFFFFFFFFF490024FFFFFFFF31
:107FF000FFDB24000092FFFFFFFFFFFFFFFFFFFFFB
:10800000FFFFFFFF000049FFFFFFFFFFFFFFFFFF34
:10801000FFFFFFFFFFFFFFFFFFFFFFFFFFFFFFFF70
:10802000FFFFFFFFFFFFFFFFFF490024FFFFFFFFF0
:10803000DB2400006DFFFFFFFFFFFFFFFFFFFFFFDF
:10804000FFFFFFFF000049FFFFFFFFFFFFFFFFFFF4
:10805000FFFFFFFFFFFFFFFFFFFFFFFFFFFFFFFF30
:10806000FFFFFFFFFFFFFFFFFF490024FFFFFFDBD4
:1080700024000092FFFFFFFFFFFFFFFFFFFFFFFF56
:10808000FFFFFFFF000049FFFFFFFFFFFFFFFFFFB4
:10809000FFFFFFFFFFFFFFFFFFFFFFFFFFFFFFFFF0
:1080A000FFFFFFFFFFFFFFFFFF490024FFFFDB246F
:1080B00000006DFFFFFFFFFFFFFFFFFFFFFFFFFF60
:1080C000FFFFFFFF000049FFFFFFFFFFFFFFFFFF74
:1080D000FFFFFFFFFFFFFFFFFFFFFFFFFFFFFFFFB0
:1080E000FFFFFFFFFFFFFFFFFF490024FFDB24002E
:1080F0000092FFFFFFFFFFFFFFFFFFFFFFFFFFFFFC
:10810000FFFFFFFF000049FFFFFFFFFFFFFFFFFF33
:10811000FFFFFFFFFFFFFFFFFFFFFFFFFFFFFFFF6F
:10812000FFFFFFFFFFFFFFFFFF490024DB240000EC
:108130006DFFFFFFFFFFFFFFFFFFFFFFFFFFFFFFE1
:10814000FFFFFFFF000049FFFFFFFFFFFFFFFFFFF3
:10815000FFFFFFFFFFFFFFFFFFFFFFFFFFFFFFFF2F
:10816000FFFFFFFFFFFFFFFFFF49002424000092F5
:10817000FFFFFFFFFFFFFFFFFFFFFFFFFFFFFFFF0F
:10818000FFFFFFFF000049FFFFFFFFFFFFFFFFFFB3
:10819000FFFFFFFFFFFFFFFFFFFFFFFFFFFFFFFFEF
:1081A000FFFFFFFFFFFFFFFFFF49000000006DFF23
:1081B000FFFFFFFFFFFFFFFFFFFFFFFFFFFFFFFFCF
:1081C000FFFFFFFF240024494949494949494949DA
:1081D000494949494949494949494949494949490F
:1081E0004949494949494949492400000092FFFF4A
:1081F000FFFFFFFFFFFFFFFFFFFFFFFFFFFFFFFF8F
:10820000FFFFFFFF6D000000000000000000000005
:10821000000000000000000000000000000000005E
:108220000000000000000000000000006DFFFFFFE4
:10823000FFFFFFFFFFFFFFFFFFFFFFFFFFFFFFFF4E
:10824000FFFFFFFFFF6D242424242424242424245E
:1082500024242424242424242424242424242424DE
:10826000242424242424242424242492FFFFFFFFF4
:10827000FFFFFFFFFFFFFFFFFFFFFFFFFFB649000C
:108280000000000092FFFFFFFFFFFFFFFFFFFFFF67
:10829000FFFFFFFFFFFFFFFFFFFFFFFFFFFFFFFFEE
:1082A000FFFFFFFFFFFFFFFFFFFFFFFFFFFFFFFFDE
:1082B000FFFFFFFFFFFFFFFFFFFFFFFFB6240000F0
:1082C0000000000024DBFFFFFFFFFFFFFFFFFFFFB9
:1082D000FFFFFFFFFFFFFFFFFFFFFFFFFFFFFFFFAE
:1082E000FFFFFFFFFFFFFFFFFFFFFFFFFFFFFFFF9E
:1082F000FFFFFFFFFFFFFFFFFFFFFFFF49002449D4
:1083000049494924006DFFFFFFFFFFFFFFFFFFFF0B
:10831000FFFFFFFFFFFFFFFFFFFFFFFFFFFFFFFF6D
:10832000FFFFFFFFFFFFFFFFFFFFFFFFFFFFFFFF5D
:10833000FFFFFFFFFFFFFFFFFFFFFFFF000049FF01
:10834000FFFFFF490000B6FFFFFFFFFFFFFFFFFF3A
:10835000FFFFFFFFFFFFFFFFFFFFFFFFFFFFFFFF2D
:10836000FFFFFFFFFFFFFFFFFFFFFFFFFFFFFFFF1D
:10837000FFFFFFFFFFFFFFFFFFFFFFFF000049FFC1
:10838000FFFFFFDB000049FFFFFFFFFFFFFFFFFFD5
:10839000FFFFFFFFFFFFFFFFFFFFFFFFFFFFFFFFED
:1083A000FFFFFFFFFFFFFFFFFFFFFFFFFFFFFFFFDD
:1083B000FFFFFFFFFFFFFFFFFFFFFFFF000049FF81
:1083C000FFFFFFFF6D0024B6FFFFFFFFFFFFFFFF72
:1083D000FFFFFFFFFFFFFFFFFFFFFFFFFFFFFFFFAD
:1083E000FFFFFFFFFFFFFFFFFFFFFFFFFFFFFFFF9D
:1083F000FFFFFFFFFFFFFFFFFFFFFFFF000049FF41
:10840000FFFFFFFFDB240024FFFFFFFFFFFFFFFF55
:10841000FFFFFFFFFFFFFFFFFFFFFFFFFFFFFFFF6C
:10842000FFFFFFFFFFFFFFFFFFFFFFFFFFFFFFFF5C
:10843000FFFFFFFFFFFFFFFFFFFFFFFF000049FF00
:10844000FFFFFFFFFF6D000092FFFFFFFFFFFFFF39
:10845000FFFFFFFFFFFFFFFFFFFFFFFFFFFFFFFF2C
:10846000FFFFFFFFFFFFFFFFFFFFFFFFFFFFFFFF1C
:10847000FFFFFFFFFFFFFFFFFFFFFFFF000049FFC0
:10848000FFFFFFFFFFFF240024FFFFFFFFFFFFFFB1
:10849000FFFFFFFFFFFFFFFFFFFFFFFFFFFFFFFFEC
:1084A000FFFFFFFFFFFFFFFFFFFFFFFFFFFFFFFFDC
:1084B000FFFFFFFFFFFFFFFFFFFFFFFF000049FF80
:1084C000FFFFFFFFFFFF92000092FFFFFFFFFFFF94
:1084D000FFFFFFFFFFFFFFFFFFFFFFFFFFFFFFFFAC
:1084E000FFFFFFFFFFFFFFFFFFFFFFFFFFFFFFFF9C
:1084F000FFFFFFFFFFFFFFFFFFFFFFFF000049FF40
:10850000FFFFFFFFFFFFFF240024DBFFFFFFFFFF54
:10851000FFFFFFFFFFFFFFFFFFFFFFFFFFFFFFFF6B
:10852000FFFFFFFFFFFFFFFFFFFFFFFFFFFFFFFF5B
:10853000FFFFFFFFFFFFFFFFFFFFFFFF000049FFFF
:10854000FFFFFFFFFFFFFF9200006DFFFFFFFFFF38
:10855000FFFFFFFFFFFFFFFFFFFFFFFFFFFFFFFF2B
:10856000FFFFFFFFFFFFFFFFFFFFFFFFFFFFFFFF1B
:10857000FFFFFFFFFFFFFFFFFFFFFFFF000049FFBF
:10858000FFFFFFFFFFFFFFFF490024DBFFFFFFFFAF
:10859000FFFFFFFFFFFFFFFFFFFFFFFFFFFFFFFFEB
:1085A000FFFFFFFFFFFFFFFFFFFFFFFFFFFFFFFFDB
:1085B000FFFFFFFFFFFFFFFFFFFFFFFF000049FF7F
:1085C000FFFFFFFFFFFFFFFFDB240049FFFFFFFF6F
:1085D000FFFFFFFFFFFFFFFFFFFFFFFFFFFFFFFFAB
:1085E000FFFFFFFFFFFFFFFFFFFFFFFFFFFFFFFF9B
:1085F000FFFFFFFFFFFFFFFFFFFFFFFF000049FF3F
:10860000FFFFFFFFFFFFFFFFFF490000B6FFFFFF77
:10861000FFFFFFFFFFFFFFFFFFFFFFFFFFFFFFDB8E
:10862000DBDBDBDBDBDBDBDBDBDBDBDBDBDBDBDB9A
:10863000FFFFFFFFFFFFFFFFFFFFFFFF000049FFFE
:10864000FFFFFFFFFFFFFFFFFFDB000049FFFFFF12
:10865000FFFFFFFFFFFFFFFFFFFFFFB66D49242471
:1086600024000000000000000000000000000024C2
:108670004992FFFFFFFFFFFFFFFFFFFF000049FFE1
:10868000FFFFFFFFFFFFFFFFFFFF6D0000B6FFFFD3
:10869000FFFFFFFFFFFFFFFFB649000000000000E3
:1086A00000000000000000000000000000000000CA
:1086B000000024B6FFFFFFFFFFFFFFFF000049FFA0
:1086C000FFFFFFFFFFFFFFFFFFFFDB240024FFFF93
:1086D000FFFFFFFFFFFF6D24000000000024499210
:1086E000B6B6DBDBDBDBDBDBDBDBDBDBDBDBB66DB7
:1086F0002400000049FFFFFFFFFFFFFF000049FFCC
:10870000FFFFFFFFFFFFFFFFFFFFFF6D000092FF76
:10871000FFFFFFFF9224000000244992DBFFFFFFD0
:10872000FFFFFFFFFFFFFFFFFFFFFFFFFFFFFFFF59
:10873000FF9224000024DBFFFFFFFFFF000049FF42
:10874000FFFFFFFFFFFFFFFFFFFFFFFF240024DB12
:10875000FFFFDB490000002492DBFFFFFFFFFFFF6C
:10876000FFFFFFFFFFFFFFFFFFFFFFFFFFFFFFFF19
:10877000FFFFDB49000024DBFFFFFFFF000049FF94
:10878000FFFFFFFFFFFFFFFFFFFFFFFFB6000092AD
:10879000FFB62400002492FFFFFFFFFFFFFFFFFF53
:1087A000FFFFFFFFFFFFFFFFFFFFFFFFFFFFFFFFD9
:1087B000FFFFFFFF6D000049FFFFFFFF000049FFC3
:1087C000FFFFFFFFFFFFFFFFFFFFFFFFFF49002449
:1087D0006D2400006DDBFFFFFFFFFFFFFFFFFFFFCA
:1087E000FFFFFFFFFFFFFFFFFFFFFFFFFFFFFFFF99
:1087F000FFFFFFFFFF4900006DFFFFFF000049FF83
:10880000FFFFFFFFFFFFFFFFFFFFFFFFFFB60000BF
:1088100000002492FFFFFFFFFFFFFFFFFFFFFFFFAE
:10882000FFFFFFFFFFFFFFFFFFFFFFFFFFFFFFFF58
:10883000FFFFFFFFFFFF240024DBFFFF000049FFD5
:10884000FFFFFFFFFFFFFFFFFFFFFFFFFFFF4900ED
:108850000024B6FFFFFFFFFFFFFFFFFFFFFFFFFF4B
:10886000FFFFFFFFFFFFFFFFFFFFFFFFFFFFFFFF18
:10887000FFFFFFFFFFFFB6240049FFFF000049FF95
:10888000FFFFFFFFFFFFFFFFFFFFFFFFFFFFDB24F7
:1088900024B6FFFFFFFFFFFFFFFFFFFFFFFFFFFF0C
:1088A000FFFFFFFFFFFFFFFFFFFFFFFFFFFFFFFFD8
:1088B000FFFFFFFFFFFFFF490000B6FF000049FF79
:1088C000FFFFFFFFFFFFFFFFFFFFFFFFFFFFFFDBDC
:1088D000DBFFFFFFFFFFFFFFFFFFFFFFFFFFFFFFCC
:1088E000FFFFFFFFFFFFFFFFFFFFFFFFFFFFFFFF98
:1088F000FFFFFFFFFFFFFFDB000049FF000049FF14
:10890000FFFFFFFFFFFFFFFFFFFFFFFFFFFFFFFF77
:10891000FFFFFFFFFFFFFFFFFFFFFFFFFFFFFFFF67
:10892000FFFFFFFFFFFFFFFFFFFFFFFFFFFFFFFF57
:10893000FFFFFFFFFFFFFFFF490024DB000049FFAF
:10894000FFFFFFFFFFFFFFFFFFFFFFFFFFFFFFFF37
:10895000FFFFFFFFFFFFFFFFFFFFFFFFFFFFFFFF27
:10896000FFFFFFFFFFFFFFFFFFFFFFFFFFFFFFFF17
:10897000FFFFFFFFFFFFFFFFB60000B6000049FF4B
:10898000FFFFFFFFFFFFFFFFFFFFFFFFFFFFFFFFF7
:10899000FFFFFFFFFFFFFFFFFFFFFFFFFFFFFFFFE7
:1089A000FFFFFFFFFFFFFFFFFFFFFFFFFFFFFFFFD7
:1089B000FFFFFFFFFFFFFFFFDB240092000049FFE6
:1089C000FFFFFFFFFFFFFFFFFFFFFFFFFFFFFFFFB7
:1089D000FFFFFFFFFFFFFFFFFFFFFFFFFFFFFFFFA7
:1089E000FFFFFFFFFFFFFFFFFFFFFFFFFFFFFFFF97
:1089F000FFFFFFFFFFFFFFFFFF240049000049FFCB
:108A0000FFFFFFFFFFFFFFFFFFFFFFFFFFFFFFFF76
:108A1000FFFFFFFFFFFFFFFFFFFFFFFFFFFFFFFF66
:108A2000FFFFFFFFFFFFFFFFFFFFFFFFFFFFFFFF56
:108A3000FFFFFFFFFFFFFFFFFF490024000049FF8A
:108A4000FFFFFFFFFFFFFFFFFFFFFFFFFFFFFFFF36
:108A5000FFFFFFFFFFFFFFFFFFFFFFFFFFFFFFFF26
:108A6000FFFFFFFFFFFFFFFFFFFFFFFFFFFFFFFF16
:108A7000FFFFFFFFFFFFFFFFFF490024000049FF4A
:108A8000FFFFFFFFFFFFFFFFFFFFFFFFFFFFFFFFF6
:108A9000FFFFFFFFFFFFFFFFFFFFFFFFFFFFFFFFE6
:108AA000FFFFFFFFFFFFFFFFFFFFFFFFFFFFFFFFD6
:108AB000FFFFFFFFFFFFFFFFFF490024000049FF0A
:108AC000FFFFFFFFFFFFFFFFFFFFFFFFFFFFFFFFB6
:108AD000FFFFFFFFFFFFFFFFFFFFFFFFFFFFFFFFA6
:108AE000FFFFFFFFFFFFFFFFFFFFFFFFFFFFFFFF96
:108AF000FFFFFFFFFFFFFFFFFF490024000049FFCA
:108B0000FFFFFFFFFFFFFFFFFFFFFFFFFFFFFFFF75
:108B1000FFFFFFFFFFFFFFFFFFFFFFFFFFFFFFFF65
:108B2000FFFFFFFFFFFFFFFFFFFFFFFFFFFFFFFF55
:108B3000FFFFFFFFFFFFFFFFFF240049000049FF89
:108B4000FFFFFFFFFFFFFFFFFFFFFFFFFFFFFFFF35
:108B5000FFFFFFFFFFFFFFFFFFFFFFFFFFFFFFFF25
:108B6000FFFFFFFFFFFFFFFFFFFFFFFFFFFFFFFF15
:108B7000FFFFFFFFFFFFFFFFDB240092000049FF24
:108B8000FFFFFFFFFFFFFFFFFFFFFFFFFFFFFFFFF5
:108B9000FFFFFFFFFFFFFFFFFFFFFFFFFFFFFFFFE5
:108BA000FFFFFFFFFFFFFFFFFFFFFFFFFFFFFFFFD5
:108BB000FFFFFFFFFFFFFFFFB60000B6000049FF09
:108BC000FFFFFFFFFFFFFFFFFFFFFFFFFFFFFFFFB5
:108BD000FFFFFFFFFFFFFFFFFFFFFFFFFFFFFFFFA5
:108BE000FFFFFFFFFFFFFFFFFFFFFFFFFFFFFFFF95
:108BF000FFFFFFFFFFFFFFFF490024DB000049FFED
:108C0000FFFFFFFFFFFFFFFFFFFFFFFFFFFFFFDB98
:108C1000DBFFFFFFFFFFFFFFFFFFFFFFFFFFFFFF88
:108C2000FFFFFFFFFFFFFFFFFFFFFFFFFFFFFFFF54
:108C3000FFFFFFFFFFFFFFDB000049FF000049FFD0
:108C4000FFFFFFFFFFFFFFFFFFFFFFFFFFFFDB2433
:108C500024B6FFFFFFFFFFFFFFFFFFFFFFFFFFFF48
:108C6000FFFFFFFFFFFFFFFFFFFFFFFFFFFFFFFF14
:108C7000FFFFFFFFFFFFFF490000B6FF000049FFB5
:108C8000FFFFFFFFFFFFFFFFFFFFFFFFFFFF4900A9
:108C90000024B6FFFFFFFFFFFFFFFFFFFFFFFFFF07
:108CA000FFFFFFFFFFFFFFFFFFFFFFFFFFFFFFFFD4
:108CB000FFFFFFFFFFFFB6240049FFFF000049FF51
:108CC000FFFFFFFFFFFFFFFFFFFFFFFFFFB60000FB
:108CD00000002492FFFFFFFFFFFFFFFFFFFFFFFFEA
:108CE000FFFFFFFFFFFFFFFFFFFFFFFFFFFFFFFF94
:108CF000FFFFFFFFFFFF240024DBFFFF000049FF11
:108D0000FFFFFFFFFFFFFFFFFFFFFFFFFF49002403
:108D10006D2400006DDBFFFFFFFFFFFFFFFFFFFF84
:108D2000FFFFFFFFFFFFFFFFFFFFFFFFFFFFFFFF53
:108D3000FFFFFFFFFF4900006DFFFFFF000049FF3D
:108D4000FFFFFFFFFFFFFFFFFFFFFFFFB6000092E7
:108D5000FFB62400002492FFFFFFFFFFFFFFFFFF8D
:108D6000FFFFFFFFFFFFFFFFFFFFFFFFFFFFFFFF13
:108D7000FFFFFFFF6D000049FFFFFFFF000049FFFD
:108D8000FFFFFFFFFFFFFFFFFFFFFFFF240024DBCC
:108D9000FFFFDB490000002492DBFFFFFFFFFFFF26
:108DA000FFFFFFFFFFFFFFFFFFFFFFFFFFFFFFFFD3
:108DB000FFFFDB49000024DBFFFFFFFF000049FF4E
:108DC000FFFFFFFFFFFFFFFFFFFFFF6D000092FFB0
:108DD000FFFFFFFF9224000000244992DBFFFFFF0A
:108DE000FFFFFFFFFFFFFFFFFFFFFFFFFFFFFFFF93
:108DF000FF9224000024DBFFFFFFFFFF000049FF7C
:108E0000FFFFFFFFFFFFFFFFFFFFDB240024FFFF4B
:108E1000FFFFFFFFFFFF6D240000000000244992C8
:108E2000B6B6DBDBDBDBDBDBDBDBDBDBDBDBB66D6F
:108E30002400000049FFFFFFFFFFFFFF000049FF84
:108E4000FFFFFFFFFFFFFFFFFFFF6D0000B6FFFF0B
:108E5000FFFFFFFFFFFFFFFFB6490000000000001B
:108E60000000000000000000000000000000000002
:108E7000000024B6FFFFFFFFFFFFFFFF000049FFD8
:108E8000FFFFFFFFFFFFFFFFFFDB000049FFFFFFCA
:108E9000FFFFFFFFFFFFFFFFFFFFFFB66D49242429
:108EA000240000000000000000000000000000247A
:108EB0004992FFFFFFFFFFFFFFFFFFFF000049FF99
:108EC000FFFFFFFFFFFFFFFFFF490000B6FFFFFFAF
:108ED000FFFFFFFFFFFFFFFFFFFFFFFFFFFFFFDBC6
:108EE000DBDBDBDBDBDBDBDBDBDBDBDBDBDBDBDBD2
:108EF000FFFFFFFFFFFFFFFFFFFFFFFF000049FF36
:108F0000FFFFFFFFFFFFFFFFDB240049FFFFFFFF25
:108F1000FFFFFFFFFFFFFFFFFFFFFFFFFFFFFFFF61
:108F2000FFFFFFFFFFFFFFFFFFFFFFFFFFFFFFFF51
:108F3000FFFFFFFFFFFFFFFFFFFFFFFF000049FFF5
:108F4000FFFFFFFFFFFFFFFF490024DBFFFFFFFFE5
:108F5000FFFFFFFFFFFFFFFFFFFFFFFFFFFFFFFF21
:108F6000FFFFFFFFFFFFFFFFFFFFFFFFFFFFFFFF11
:108F7000FFFFFFFFFFFFFFFFFFFFFFFF000049FFB5
:108F8000FFFFFFFFFFFFFF9200006DFFFFFFFFFFEE
:108F9000FFFFFFFFFFFFFFFFFFFFFFFFFFFFFFFFE1
:108FA000FFFFFFFFFFFFFFFFFFFFFFFFFFFFFFFFD1
:108FB000FFFFFFFFFFFFFFFFFFFFFFFF000049FF75
:108FC000FFFFFFFFFFFFFF240024DBFFFFFFFFFF8A
:108FD000FFFFFFFFFFFFFFFFFFFFFFFFFFFFFFFFA1
:108FE000FFFFFFFFFFFFFFFFFFFFFFFFFFFFFFFF91
:108FF000FFFFFFFFFFFFFFFFFFFFFFFF000049FF35
:10900000FFFFFFFFFFFF92000092FFFFFFFFFFFF48
:10901000FFFFFFFFFFFFFFFFFFFFFFFFFFFFFFFF60
:10902000FFFFFFFFFFFFFFFFFFFFFFFFFFFFFFFF50
:10903000FFFFFFFFFFFFFFFFFFFFFFFF000049FFF4
:10904000FFFFFFFFFFFF240024FFFFFFFFFFFFFFE5
:10905000FFFFFFFFFFFFFFFFFFFFFFFFFFFFFFFF20
:10906000FFFFFFFFFFFFFFFFFFFFFFFFFFFFFFFF10
:10907000FFFFFFFFFFFFFFFFFFFFFFFF000049FFB4
:10908000FFFFFFFFFF6D000092FFFFFFFFFFFFFFED
:10909000FFFFFFFFFFFFFFFFFFFFFFFFFFFFFFFFE0
:1090A000FFFFFFFFFFFFFFFFFFFFFFFFFFFFFFFFD0
:1090B000FFFFFFFFFFFFFFFFFFFFFFFF000049FF74
:1090C000FFFFFFFFDB240024FFFFFFFFFFFFFFFF89
:1090D000FFFFFFFFFFFFFFFFFFFFFFFFFFFFFFFFA0
:1090E000FFFFFFFFFFFFFFFFFFFFFFFFFFFFFFFF90
:1090F000FFFFFFFFFFFFFFFFFFFFFFFF000049FF34
:10910000FFFFFFFF6D0024B6FFFFFFFFFFFFFFFF24
:10911000FFFFFFFFFFFFFFFFFFFFFFFFFFFFFFFF5F
:10912000FFFFFFFFFFFFFFFFFFFFFFFFFFFFFFFF4F
:10913000FFFFFFFFFFFFFFFFFFFFFFFF000049FFF3
:10914000FFFFFFDB240049FFFFFFFFFFFFFFFFFFE3
:10915000FFFFFFFFFFFFFFFFFFFFFFFFFFFFFFFF1F
:10916000FFFFFFFFFFFFFFFFFFFFFFFFFFFFFFFF0F
:10917000FFFFFFFFFFFFFFFFFFFFFFFF000049FFB3
:10918000FFFFFF490000B6FFFFFFFFFFFFFFFFFFEC
:10919000FFFFFFFFFFFFFFFFFFFFFFFFFFFFFFFFDF
:1091A000FFFFFFFFFFFFFFFFFFFFFFFFFFFFFFFFCF
:1091B000FFFFFFFFFFFFFFFFFFFFFFFF4900244905
:1091C00049494924006DFFFFFFFFFFFFFFFFFFFF3D
:1091D000FFFFFFFFFFFFFFFFFFFFFFFFFFFFFFFF9F
:1091E000FFFFFFFFFFFFFFFFFFFFFFFFFFFFFFFF8F
:1091F000FFFFFFFFFFFFFFFFFFFFFFFFB6240000A1
:109200000000000024DBFFFFFFFFFFFFFFFFFFFF69
:10921000FFFFFFFFFFFFFFFFFFFFFFFFFFFFFFFF5E
:10922000FFFFFFFFFFFFFFFFFFFFFFFFFFFFFFFF4E
:10923000FFFFFFFFFFFFFFFFFFFFFFFFFFB649003C
:109240000000000092FFFFFFFFFFFFFFFFFFFFFF97
:10925000FFFFFFFFFFFFFFFFFFFFFFFFFFFFFFFF1E
:10926000FFFFFFFFFFFFFFFFFFFFFFFFFFFFFFFF0E
:10927000FFFFFFFFFFFFFFFFFFFFFFFFFFB64900FC
:109280000000000092FFFFFFFFFFFFFFFFFFFFFF57
:10929000FFFFFFFFFFFFFFFFFFFFFFFFFFFFFFFFDE
:1092A000FFFFFFFFFFFFFFFFFFFFFFFFFFFFFFFFCE
:1092B000FFFFFFFFFFFFFFFFFFFFFFFFB6240000E0
:1092C0000000000024DBFFFFFFFFFFFFFFFFFFFFA9
:1092D000FFFFFFFFFFFFFFFFFFFFFFFFFFFFFFFF9E
:1092E000FFFFFFFFFFFFFFFFFFFFFFFFFFFFFFFF8E
:1092F000FFFFFFFFFFFFFFFFFFFFFFFF49002449C4
:1093000049494924006DFFFFFFFFFFFFFFFFFFFFFB
:10931000FFFFFFFFFFFFFFFFFFFFFFFFFFFFFFFF5D
:10932000FFFFFFFFFFFFFFFFFFFFFFFFFFFFFFFF4D
:10933000FFFFFFFFFFFFFFFFFFFFFFFF000049FFF1
:10934000FFFFFF490000B6FFFFFFFFFFFFFFFFFF2A
:10935000FFFFFFFFFFFFFFFFFFFFFFFFFFFFFFFF1D
:10936000FFFFFFFFFFFFFFFFFFFFFFFFFFFFFFFF0D
:10937000FFFFFFFFFFFFFFFFFFFFFFFF000049FFB1
:10938000FFFFFFDB240049FFFFFFFFFFFFFFFFFFA1
:10939000FFFFFFFFFFFFFFFFFFFFFFFFFFFFFFFFDD
:1093A000FFFFFFFFFFFFFFFFFFFFFFFFFFFFFFFFCD
:1093B000FFFFFFFFFFFFFFFFFFFFFFFF000049FF71
:1093C000FFFFFFFF6D0024B6FFFFFFFFFFFFFFFF62
:1093D000FFFFFFFFFFFFFFFFFFFFFFFFFFFFFFFF9D
:1093E000FFFFFFFFFFFFFFFFFFFFFFFFFFFFFFFF8D
:1093F000FFFFFFFFFFFFFFFFFFFFFFFF000049FF31
:10940000FFFFFFFFDB240024FFFFFFFFFFFFFFFF45
:10941000FFFFFFFFFFFFFFFFFFFFFFFFFFFFFFFF5C
:10942000FFFFFFFFFFFFFFFFFFFFFFFFFFFFFFFF4C
:10943000FFFFFFFFFFFFFFFFFFFFFFFF000049FFF0
:10944000FFFFFFFFFF6D000092FFFFFFFFFFFFFF29
:10945000FFFFFFFFFFFFFFFFFFFFFFFFFFFFFFFF1C
:10946000FFFFFFFFFFFFFFFFFFFFFFFFFFFFFFFF0C
:10947000FFFFFFFFFFFFFFFFFFFFFFFF000049FFB0
:10948000FFFFFFFFFFFF240024DBFFFFFFFFFFFFC5
:10949000FFFFFFFFFFFFFFFFFFFFFFFFFFFFFFFFDC
:1094A000FFFFFFFFFFFFFFFFFFFFFFFFFFFFFFFFCC
:1094B000FFFFFFFFFFFFFFFFFFFFFFFF000049FF70
:1094C000FFFFFFFFFFFFB600006DFFFFFFFFFFFF85
:1094D000FFFFFFFFFFFFFFFFFFFFFFFFFFFFFFFF9C
:1094E000FFFFFFFFFFFFFFFFFFFFFFFFFFFFFFFF8C
:1094F000FFFFFFFFFFFFFFFFFFFFFFFF000049FF30
:10950000FFFFFFFFFFFFFF490000DBFFFFFFFFFF43
:10951000FFFFFFFFFFFFFFFFFFFFFFFFFFFFFFFF5B
:10952000FFFFFFFFFFFFFFFFFFFFFFFFFFFFFFFF4B
:10953000FFFFFFFFFFFFFFFFFFFFFFFF000049FFEF
:10954000FFFFFFFFFFFFFFB6000049FFFFFFFFFF28
:10955000FFFFFFFFFFFFFFFFFFFFFFFFFFFFFFFF1B
:10956000FFFFFFFFFFFFFFFFFFFFFFFFFFFFFFFF0B
:10957000FFFFFFFFFFFFFFFFFFFFFFFF000049FFAF
:10958000FFFFFFFFFFFFFFFF490024DBFFFFFFFF9F
:10959000FFFFFFFFFFFFFFFFFFFFFFFFFFFFFFFFDB
:1095A000FFFFFFFFFFFFFFFFFFFFFFFFFFFFFFFFCB
:1095B000FFFFFFFFFFFFFFFFFFFFFFFF000049FF6F
:1095C000FFFFFFFFFFFFFFFFDB240049FFFFFFFF5F
:1095D000FFFFFFFFFFFFFFFFFFFFFFFFFFFFFFFF9B
:1095E000FFFFFFFFFFFFFFFFFFFFFFFFFFFFFFFF8B
:1095F000FFFFFFFFFFFFFFFFFFFFFFFF000049FF2F
:10960000FFFFFFFFFFFFFFFFFF490000B6FFFFFF67
:10961000FFFFFFFFFFFFFFFFFFFFFFFFFFFFFFDB7E
:10962000DBDBDBDBDBDBDBDBDBDBDBDBDBDBDBDB8A
:10963000FFFFFFFFFFFFFFFFFFFFFFFF000049FFEE
:10964000FFFFFFFFFFFFFFFFFFDB240049FFFFFFDE
:10965000FFFFFFFFFFFFFFFFFFFFDB926D492424A9
:1096600024000000000000000000000000000000D6
:109670002449DBFFFFFFFFFFFFFFFFFF000049FF63
:10968000FFFFFFFFFFFFFFFFFFFF920000B6FFFF9E
:10969000FFFFFFFFFFFFFFDBB649000000000000F7
:1096A00000000000000000000000000000000000BA
:1096B0000000246DFFFFFFFFFFFFFFFF000049FFD9
:1096C000FFFFFFFFFFFFFFFFFFFFDB240024FFFF83
:1096D000FFFFFFFFFFDB49240000000000246D9224
:1096E000B6B6DBDBDBDBDBDBDBDBDBDBDBDBDB925D
:1096F0004900000024DBFFFFFFFFFFFF000049FFE0
:10970000FFFFFFFFFFFFFFFFFFFFFF9200006DFF66
:10971000FFFFFFFF6D24000000244992DBFFFFFFE5
:10972000FFFFFFFFFFFFFFFFFFFFFFFFFFFFFFFF49
:10973000FFB649000024B6FFFFFFFFFF000049FF0E
:10974000FFFFFFFFFFFFFFFFFFFFFFFF240024DB02
:10975000FFFFB62400000049B6FFFFFFFFFFFFFF39
:10976000FFFFFFFFFFFFFFFFFFFFFFFFFFFFFFFF09
:10977000FFFFFF6D000024DBFFFFFFFF000049FF3C
:10978000FFFFFFFFFFFFFFFFFFFFFFFFB624006D9E
:10979000FF9200000049B6FFFFFFFFFFFFFFFFFF42
:1097A000FFFFFFFFFFFFFFFFFFFFFFFFFFFFFFFFC9
:1097B000FFFFFFFF92240024FFFFFFFF000049FF8F
:1097C000FFFFFFFFFFFFFFFFFFFFFFFFFF4900005D
:1097D0004900000092FFFFFFFFFFFFFFFFFFFFFFB9
:1097E000FFFFFFFFFFFFFFFFFFFFFFFFFFFFFFFF89
:1097F000FFFFFFFFFF92000049FFFFFF000049FF4E
:10980000FFFFFFFFFFFFFFFFFFFFFFFFFFB60000AF
:10981000000024B6FFFFFFFFFFFFFFFFFFFFFFFF7A
:10982000FFFFFFFFFFFFFFFFFFFFFFFFFFFFFFFF48
:10983000FFFFFFFFFFFF490024B6FFFF000049FFC5
:10984000FFFFFFFFFFFFFFFFFFFFFFFFFFFF6D00B9
:109850000024DBFFFFFFFFFFFFFFFFFFFFFFFFFF16
:10986000FFFFFFFFFFFFFFFFFFFFFFFFFFFFFFFF08
:10987000FFFFFFFFFFFFDB240024FFFF000049FF85
:10988000FFFFFFFFFFFFFFFFFFFFFFFFFFFFDB24E7
:1098900024DBFFFFFFFFFFFFFFFFFFFFFFFFFFFFD7
:1098A000FFFFFFFFFFFFFFFFFFFFFFFFFFFFFFFFC8
:1098B000FFFFFFFFFFFFFF6D0000B6FF000049FF45
:1098C000FFFFFFFFFFFFFFFFFFFFFFFFFFFFFFFFA8
:1098D000FFFFFFFFFFFFFFFFFFFFFFFFFFFFFFFF98
:1098E000FFFFFFFFFFFFFFFFFFFFFFFFFFFFFFFF88
:1098F000FFFFFFFFFFFFFFFF240049FF000049FFBC
:10990000FFFFFFFFFFFFFFFFFFFFFFFFFFFFFFFF67
:10991000FFFFFFFFFFFFFFFFFFFFFFFFFFFFFFFF57
:10992000FFFFFFFFFFFFFFFFFFFFFFFFFFFFFFFF47
:10993000FFFFFFFFFFFFFFFF6D0024DB000049FF7B
:10994000FFFFFFFFFFFFFFFFFFFFFFFFFFFFFFFF27
:10995000FFFFFFFFFFFFFFFFFFFFFFFFFFFFFFFF17
:10996000FFFFFFFFFFFFFFFFFFFFFFFFFFFFFFFF07
:10997000FFFFFFFFFFFFFFFFB60000B6000049FF3B
:10998000FFFFFFFFFFFFFFFFFFFFFFFFFFFFFFFFE7
:10999000FFFFFFFFFFFFFFFFFFFFFFFFFFFFFFFFD7
:1099A000FFFFFFFFFFFFFFFFFFFFFFFFFFFFFFFFC7
:1099B000FFFFFFFFFFFFFFFFDB24006D000049FFFB
:1099C000FFFFFFFFFFFFFFFFFFFFFFFFFFFFFFFFA7
:1099D000FFFFFFFFFFFFFFFFFFFFFFFFFFFFFFFF97
:1099E000FFFFFFFFFFFFFFFFFFFFFFFFFFFFFFFF87
:1099F000FFFFFFFFFFFFFFFFFF490049000049FF96
:109A0000FFFFFFFFFFFFFFFFFFFFFFFFFFFFFFFF66
:109A1000FFFFFFFFFFFFFFFFFFFFFFFFFFFFFFFF56
:109A2000FFFFFFFFFFFFFFFFFFFFFFFFFFFFFFFF46
:109A3000FFFFFFFFFFFFFFFFFF490024000049FF7A
:109A4000FFFFFFFFFFFFFFFFFFFFFFFFFFFFFFFF26
:109A5000FFFFFFFFFFFFFFFFFFFFFFFFFFFFFFFF16
:109A6000FFFFFFFFFFFFFFFFFFFFFFFFFFFFFFFF06
:109A7000FFFFFFFFFFFFFFFFFF490000000049FF5E
:109A8000FFFFFFFFFFFFFFFFFFFFFFFFFFFFFFFFE6
:109A9000FFFFFFFFFFFFFFFFFFFFFFFFFFFFFFFFD6
:109AA000FFFFFFFFFFFFFFFFFFFFFFFFFFFFFFFFC6
:109AB000FFFFFFFFFFFFFFFFFF490024000049FFFA
:109AC000FFFFFFFFFFFFFFFFFFFFFFFFFFFFFFFFA6
:109AD000FFFFFFFFFFFFFFFFFFFFFFFFFFFFFFFF96
:109AE000FFFFFFFFFFFFFFFFFFFFFFFFFFFFFFFF86
:109AF000FFFFFFFFFFFFFFFFFF490024000049FFBA
:109B0000FFFFFFFFFFFFFFFFFFFFFFFFFFFFFFFF65
:109B1000FFFFFFFFFFFFFFFFFFFFFFFFFFFFFFFF55
:109B2000FFFFFFFFFFFFFFFFFFFFFFFFFFFFFFFF45
:109B3000FFFFFFFFFFFFFFFFFF240049000049FF79
:109B4000FFFFFFFFFFFFFFFFFFFFFFFFFFFFFFFF25
:109B5000FFFFFFFFFFFFFFFFFFFFFFFFFFFFFFFF15
:109B6000FFFFFFFFFFFFFFFFFFFFFFFFFFFFFFFF05
:109B7000FFFFFFFFFFFFFFFFDB240092000049FF14
:109B8000FFFFFFFFFFFFFFFFFFFFFFFFFFFFFFFFE5
:109B9000FFFFFFFFFFFFFFFFFFFFFFFFFFFFFFFFD5
:109BA000FFFFFFFFFFFFFFFFFFFFFFFFFFFFFFFFC5
:109BB000FFFFFFFFFFFFFFFFB60000DB000049FFD4
:109BC000FFFFFFFFFFFFFFFFFFFFFFFFFFFFFFFFA5
:109BD000FFFFFFFFFFFFFFFFFFFFFFFFFFFFFFFF95
:109BE000FFFFFFFFFFFFFFFFFFFFFFFFFFFFFFFF85
:109BF000FFFFFFFFFFFFFFFF490024FF000049FFB9
:109C0000FFFFFFFFFFFFFFFFFFFFFFFFFFFFFFB6AD
:109C1000B6FFFFFFFFFFFFFFFFFFFFFFFFFFFFFF9D
:109C2000FFFFFFFFFFFFFFFFFFFFFFFFFFFFFFFF44
:109C3000FFFFFFFFFFFFFFDB00006DFF000049FF9C
:109C4000FFFFFFFFFFFFFFFFFFFFFFFFFFFFB62448
:109C50002492FFFFFFFFFFFFFFFFFFFFFFFFFFFF5C
:109C6000FFFFFFFFFFFFFFFFFFFFFFFFFFFFFFFF04
:109C7000FFFFFFFFFFFFFF6D0000DBFF492492FFA6
:109C8000FFFFFFFFFFFFFFFFFFFFFFFFFFFF490099
:109C9000000092FFFFFFFFFFFFFFFFFFFFFFFFFF3F
:109CA000FFFFFFFFFFFFFFFFFFFFFFFFFFFFFFFFC4
:109CB000FFFFFFFFFFFFDB24006DFFFFFFDBFFFF68
:109CC000FFFFFFFFFFFFFFFFFFFFFFFFFFB60000EB
:109CD0000000246DFFFFFFFFFFFFFFFFFFFFFFFFFF
:109CE000FFFFFFFFFFFFFFFFFFFFFFFFFFFFFFFF84
:109CF000FFFFFFFFFFFF490024DBFFFFFFFFFFFF28
:109D0000FFFFFFFFDBB6FFFFFFFFFFFFFF49002460
:109D10009224000049DBFFFFFFFFFFFFFFFFFFFF73
:109D2000FFFFFFFFFFFFFFFFFFFFFFFFFFFFFFFF43
:109D3000FFFFFFFFFF6D000092FFFFFFFFFFFFFF30
:109D4000FFFFFFB624006DFFFFFFFFFFB624006D8D
:109D5000FFDB240000246DDBFFFFFFFFFFFFFFFFA1
:109D6000FFFFFFFFFFFFFFFFFFFFFFFFFFFFFFFF03
:109D7000FFFFFFFF6D24006DFFFFFFFFFFFFFFFFF1
:109D8000FFFFB624000092FFFFFFFFFF490024DB26
:109D9000FFFFFF6D240000006DDBFFFFFFFFFFFFF3
:109DA000FFFFFFFFFFFFFFFFFFFFFFFFFFFFFFFFC3
:109DB000FFFFFF6D000049FFFFFFFFFFFFFFFFFFF9
:109DC000FFB624000092FFFFFFFFFFB600006DFF0B
:109DD000FFFFFFFFB64900000024496DB6FFFFFFFB
:109DE000FFFFFFFFFFFFFFFFFFFFFFFFFFFFFFFF83
:109DF000FFB649000049FFFFFFFFFFFFFFFFFFFF26
:109E0000B62400006DFFFFFFFFFFFF490024DBFFCA
:109E1000FFFFFFFFFFFF9249240000000000496D93
:109E200092B6DBDBDBDBDBDBDBDBDBDBDBDBDB9239
:109E3000490000246DFFFFFFFFFFFFFFFFFFFFB69C
:109E400024000092FFFFFFFFFFFFDB24006DFFFFF8
:109E5000FFFFFFFFFFFFFFFFDB9224000000000079
:109E600000000000000000000000000000000000F2
:109E7000000049B6FFFFFFFFFFFFFFFFFFFFB62413
:109E800000006DFFFFFFFFFFFFFFDB2424DBFFFF70
:109E9000FFFFFFFFFFFFFFFFFFFFFFDB92494924AA
:109EA0002424000000000000000000000000242422
:109EB00049B6FFFFFFFFFFFFFFFFFFFFFFB62400D4
:109EC0000092FFFFFFFFFFFFFFFFFFFFFFFFFFFF0E
:109ED000FFFFFFFFFFFFFFFFFFFFFFFFFFFFFFFF92
:109EE000DBDBDBDBDBDBDBDBDBDBDBDBDBDBDBFF9E
:109EF000FFFFFFFFFFFFFFFFFFFFFFFFDB2400006F
:109F00006DFFFFFFFFFFFFFFFFFFFFFFFFFFFFFFF3
:109F1000FFFFFFFFFFFFFFFFFFFFFFFFFFFFFFFF51
:109F2000FFFFFFFFFFFFFFFFFFFFFFFFFFFFFFFF41
:109F3000FFFFFFFFFFFFFFFFFFFFFFFF2400006D9C
:109F4000FFFFFFFFFFFFFFFFFFFFFFFFFFFFFFFF21
:109F5000FFFFFFFFFFFFFFFFFFFFFFFFFFFFFFFF11
:109F6000FFFFFFFFFFFFFFFFFFFFFFFFFFFFFFFF01
:109F7000FFFFFFFFFFFFFFFFFFFFFFFF49000000A4
:109F800092FFFFFFFFFFFFFFFFFFFFFFFFFFFFFF4E
:109F9000FFFFFFFFFFFFFFFFFFFFFFFFFFFFFFFFD1
:109FA000FFFFFFFFFFFFFFFFFFFFFFFFFFFFFFFFC1
:109FB000FFFFFFFFFFFFFFFFFFFFFFFFFF6D000041
:109FC0000049DBFFFFFFFFFFFFFFFFFFFFFFFFFF7A
:109FD000FFFFFFFFFFFFFFFFFFFFFFFFFFFFFFFF91
:109FE000FFFFFFFFFFFFFFFFFFFFFFFFFFFFFFFF81
:109FF000FFFFFFFFFFFFFFFFFFFFFFFFFFFFB62495
:10A00000000024B6FFFFFFFFFFFFFFFFFFFFFFFF82
:10A01000FFFFFFFFFFFFFFFFFFFFFFFFFFFFFFFF50
:10A02000FFFFFFFFFFFFFFFFFFFFFFFFFFFFFFFF40
:10A03000FFFFFFFFFFFFFFFFFFFFFFFFFFFFFFDB54
:10A04000490000246DFFFFFFFFFFFFFFFFFFFFFF41
:10A05000FFFFFFFFFFFFFFFFFFFFFFFFFFFFFFFF10
:10A06000FFFFFFFFFFFFFFFFFFFFFFFFFFFFFFFF00
:10A07000FFFFFFFFFFFFFFFFFFFFFFFFFFFFFFFFF0
:10A08000FF9224000049DBFFFFFFFFFFFFFFFFFF00
:10A09000FFFFFFFFFFFFFFFFFFFFFFFFFFFFFFFFD0
:10A0A000FFFFFFFFFFFFFFFFFFFFFFFFFFFFFFFFC0
:10A0B000FFFFFFFFFFFFFFFFFFFFFFFFFFFFFFFFB0
:10A0C000FFFFDB2400002492FFFFFFFFFFFFFFFFE5
:10A0D000FFFFFFFFFFFFFFFFFFFFFFFFFFFFFFFF90
:10A0E000FFFFFFFFFFFFFFFFFFFFFFFFFFFFFFFF80
:10A0F000FFFFFFFFFFFFFFFFFFFFFFFFFFFFFFFF70
:10A10000FFFFFFFF6D2400006DFFFFFFFFFFFFFF5C
:10A11000FFFFFFFFFFFFFFFFFFFFFFFFFFFFFFFF4F
:10A12000FFFFFFFFFFFFFFFFFFFFFFFFFFFFFFFF3F
:10A13000FFFFFFFFFFFFFFFFFFFFFFFFFFFFFFFF2F
:10A14000FFFFFFFFFFB624000024B6FFFFFFFFFF65
:10A15000FFFFFFFFFFFFFFFFFFFFFFFFFFFFFFFF0F
:10A16000FFFFFFFFFFFFFFFFFFFFFFFFFFFFFFFFFF
:10A17000FFFFFFFFFFFFFFFFFFFFFFFFFFFFFFFFEF
:10A18000FFFFFFFFFFFFDB4900002492FFFFFFFFFF
:10A19000FFFFFFFFFFFFFFFFFFFFFFFFFFFFFFFFCF
:10A1A000FFFFFFFFFFFFFFFFFFFFFFFFFFFFFFFFBF
:10A1B000FFFFFFFFFFFFFFFFFFFFFFFFFFFFFFFFAF
:10A1C000FFFFFFFFFFFFFFFF9224000049FFFFFF9B
:10A1D000FFFFFFFFFFFFFFFFFFFFFFFFFFFFFFFF8F
:10A1E000FFFFFFFFFFFFFFFFFFFFFFFFFFFFFFFF7F
:10A1F000FFFFFFFFFFFFFFFFFFFFFFFFFFFFFFFF6F
:10A20000FFFFFFFFFFFFFFFFFFB6240024DBFFFF80
:10A21000FFFFFFFFFFFFFFFFFFFFFFFFFFFFFFFF4E
:10A22000FFFFFFFFFFFFFFFFFFFFFFFFFFFFFFFF3E
:10A23000FFFFFFFFFFFFFFFFFFFFFFFFFFFFFFFF2E
:10A24000FFFFFFFFFFFFFFFFFFFFDB6D6DFFFFFF66
:10A25000FFFFFFFFFFFFFFFFFFFFFFFFFFFFFFFF0E
:10A26000FFFFFFFFFFFFFFFFFFFFFFFFFFFFFFFFFE
:10A27000FFFFFFFFFFFFFFFFFFFFFFFFFFB64900EC
:10A280000000000092FFFFFFFFFFFFFFFFFFFFFF47
:10A29000FFFFFFFFFFFFFFFFFFFFFFFFFFFFFFFFCE
:10A2A000FFFFFFFFFFFFFFFFFFFFFFFFFFFFFFFFBE
:10A2B000FFFFFFFFFFFFFFFFFFFFFFFFB6240000D0
:10A2C0000000000024DBFFFFFFFFFFFFFFFFFFFF99
:10A2D000FFFFFFFFFFFFFFFFFFFFFFFFFFFFFFFF8E
:10A2E000FFFFFFFFFFFFFFFFFFFFFFFFFFFFFFFF7E
:10A2F000FFFFFFFFFFFFFFFFFFFFFFFF49002449B4
:10A3000049494924006DFFFFFFFFFFFFFFFFFFFFEB
:10A31000FFFFFFFFFFFFFFFFFFFFFFFFFFFFFFFF4D
:10A32000FFFFFFFFFFFFFFFFFFFFFFFFFFFFFFFF3D
:10A33000FFFFFFFFFFFFFFFFFFFFFFFF000049FFE1
:10A34000FFFFFF490000B6FFFFFFFFFFFFFFFFFF1A
:10A35000FFFFFFFFFFFFFFFFFFFFFFFFFFFFFFFF0D
:10A36000FFFFFFFFFFFFFFFFFFFFFFFFFFFFFFFFFD
:10A37000FFFFFFFFFFFFFFFFFFFFFFFF000049FFA1
:10A38000FFFFFFDB240049FFFFFFFFFFFFFFFFFF91
:10A39000FFFFFFFFFFFFFFFFFFFFFFFFFFFFFFFFCD
:10A3A000FFFFFFFFFFFFFFFFFFFFFFFFFFFFFFFFBD
:10A3B000FFFFFFFFFFFFFFFFFFFFFFFF000049FF61
:10A3C000FFFFFFFF6D0024B6FFFFFFFFFFFFFFFF52
:10A3D000FFFFFFFFFFFFFFFFFFFFFFFFFFFFFFFF8D
:10A3E000FFFFFFFFFFFFFFFFFFFFFFFFFFFFFFFF7D
:10A3F000FFFFFFFFFFFFFFFFFFFFFFFF000049FF21
:10A40000FFFFFFFFDB240024FFFFFFFFFFFFFFFF35
:10A41000FFFFFFFFFFFFFFFFFFFFFFFFFFFFFFFF4C
:10A42000FFFFFFFFFFFFFFFFFFFFFFFFFFFFFFFF3C
:10A43000FFFFFFFFFFFFFFFFFFFFFFFF000049FFE0
:10A44000FFFFFFFFFF6D000092FFFFFFFFFFFFFF19
:10A45000FFFFFFFFFFFFFFFFFFFFFFFFFFFFFFFF0C
:10A46000FFFFFFFFFFFFFFFFFFFFFFFFFFFFFFFFFC
:10A47000FFFFFFFFFFFFFFFFFFFFFFFF000049FFA0
:10A48000FFFFFFFFFFFF240024DBFFFFFFFFFFFFB5
:10A49000FFFFFFFFFFFFFFFFFFFFFFFFFFFFFFFFCC
:10A4A000FFFFFFFFFFFFFFFFFFFFFFFFFFFFFFFFBC
:10A4B000FFFFFFFFFFFFFFFFFFFFFFFF000049FF60
:10A4C000FFFFFFFFFFFFB6000092FFFFFFFFFFFF50
:10A4D000FFFFFFFFFFFFFFFFFFFFFFFFFFFFFFFF8C
:10A4E000FFFFFFFFFFFFFFFFFFFFFFFFFFFFFFFF7C
:10A4F000FFFFFFFFFFFFFFFFFFFFFFFF000049FF20
:10A50000FFFFFFFFFFFFFF490024DBFFFFFFFFFF0F
:10A51000FFFFFFFFFFFFFFFFFFFFFFFFFFFFFFFF4B
:10A52000FFFFFFFFFFFFFFFFFFFFFFFFFFFFFFFF3B
:10A53000FFFFFFFFFFFFFFFFFFFFFFFF000049FFDF
:10A54000FFFFFFFFFFFFFFB600006DFFFFFFFFFFF4
:10A55000FFFFFFFFFFFFFFFFFFFFFFFFFFFFFFFF0B
:10A56000FFFFFFFFFFFFFFFFFFFFFFFFFFFFFFFFFB
:10A57000FFFFFFFFFFFFFFFFFFFFFFFF000049FF9F
:10A58000FFFFFFFFFFFFFFFF490024DBFFFFFFFF8F
:10A59000FFFFFFFFFFFFFFFFFFFFFFFFFFFFFFFFCB
:10A5A000FFFFFFFFFFFFFFFFFFFFFFFFFFFFFFFFBB
:10A5B000FFFFFFFFFFFFFFFFFFFFFFFF000049FF5F
:10A5C000FFFFFFFFFFFFFFFFDB240049FFFFFFFF4F
:10A5D000FFFFFFFFFFFFFFFFFFFFFFFFFFFFFFFF8B
:10A5E000FFFFFFFFFFFFFFFFFFFFFFFFFFFFFFFF7B
:10A5F000FFFFFFFFFFFFFFFFFFFFFFFF000049FF1F
:10A60000FFFFFFFFFFFFFFFFFF490000B6FFFFFF57
:10A61000FFFFFFFFFFFFFFFFFFFFFFFFFFFFFFDB6E
:10A62000DBDBB6B6B6B6B6B6B6B6B6B6B6B6DBDB36
:10A63000FFFFFFFFFFFFFFFFFFFFFFFF000049FFDE
:10A64000FFFFFFFFFFFFFFFFFFDB000049FFFFFFF2
:10A65000FFFFFFFFFFFFFFFFFFFFFF926D49242475
:10A6600024000000000000000000000000000024A2
:10A67000496DFFFFFFFFFFFFFFFFFFFF000049FFE6
:10A68000FFFFFFFFFFFFFFFFFFFF6D0000B6FFFFB3
:10A69000FFFFFFFFFFFFFFDBB649000000000000E7
:10A6A00000000000000000000000000000000000AA
:10A6B00000002492FFFFFFFFFFFFFFFF000049FFA4
:10A6C000FFFFFFFFFFFFFFFFFFFFDB240024FFFF73
:10A6D000FFFFFFFFFFDB6D240000000000246D92F0
:10A6E000B6DBDBDBDBDBDBDBDBDBDBDBDBDBB6924D
:10A6F0002400000049DBFFFFFFFFFFFF000049FFD0
:10A70000FFFFFFFFFFFFFFFFFFFFFF6D00006DFF7B
:10A71000FFFFFFFF9224000000244992DBFFFFFFB0
:10A72000FFFFFFFFFFFFFFFFFFFFFFFFFFFFFFFF39
:10A73000FF9224000024DBFFFFFFFFFF000049FF22
:10A74000FFFFFFFFFFFFFFFFFFFFFFFF240024DBF2
:10A75000FFFFDB4900000049B6DBFFFFFFFFFFFF03
:10A76000FFFFFFFFFFFFFFFFFFFFFFFFFFFFFFFFF9
:10A77000FFFFDB49000024DBFFFFFFFF000049FF74
:10A78000FFFFFFFFFFFFFFFFFFFFFFFFB600006DB2
:10A79000FF922400002492FFFFFFFFFFFFFFFFFF57
:10A7A000FFFFFFFFFFFFFFFFFFFFFFFFFFFFFFFFB9
:10A7B000FFFFFFFF6D000049FFFFFFFF000049FFA3
:10A7C000FFFFFFFFFFFFFFFFFFFFFFFFFF49002429
:10A7D0006D2400006DFFFFFFFFFFFFFFFFFFFFFF86
:10A7E000FFFFFFFFFFFFFFFFFFFFFFFFFFFFFFFF79
:10A7F000FFFFFFFFFF4900006DFFFFFF000049FF63
:10A80000FFFFFFFFFFFFFFFFFFFFFFFFFFB600009F
:10A81000000024B6FFFFFFFFFFFFFFFFFFFFFFFF6A
:10A82000FFFFFFFFFFFFFFFFFFFFFFFFFFFFFFFF38
:10A83000FFFFFFFFFFFF240024DBFFFF000049FFB5
:10A84000FFFFFFFFFFFFFFFFFFFFFFFFFFFF4900CD
:10A850000024B6FFFFFFFFFFFFFFFFFFFFFFFFFF2B
:10A86000FFFFFFFFFFFFFFFFFFFFFFFFFFFFFFFFF8
:10A87000FFFFFFFFFFFFB6240049FFFF000049FF75
:10A88000FFFFFFFFFFFFFFFFFFFFFFFFFFFFDB24D7
:10A8900024B6FFFFFFFFFFFFFFFFFFFFFFFFFFFFEC
:10A8A000FFFFFFFFFFFFFFFFFFFFFFFFFFFFFFFFB8
:10A8B000FFFFFFFFFFFFFF490000B6FF000049FF59
:10A8C000FFFFFFFFFFFFFFFFFFFFFFFFFFFFFFDBBC
:10A8D000DBFFFFFFFFFFFFFFFFFFFFFFFFFFFFFFAC
:10A8E000FFFFFFFFFFFFFFFFFFFFFFFFFFFFFFFF78
:10A8F000FFFFFFFFFFFFFFDB000049FF000049FFF4
:10A90000FFFFFFFFFFFFFFFFFFFFFFFFFFFFFFFF57
:10A91000FFFFFFFFFFFFFFFFFFFFFFFFFFFFFFFF47
:10A92000FFFFFFFFFFFFFFFFFFFFFFFFFFFFFFFF37
:10A93000FFFFFFFFFFFFFFFF490024DB000049FF8F
:10A94000FFFFFFFFFFFFFFFFFFFFFFFFFFFFFFFF17
:10A95000FFFFFFFFFFFFFFFFFFFFFFFFFFFFFFFF07
:10A96000FFFFFFFFFFFFFFFFFFFFFFFFFFFFFFFFF7
:10A97000FFFFFFFFFFFFFFFFB60000B6000049FF2B
:10A98000FFFFFFFFFFFFFFFFFFFFFFFFFFFFFFFFD7
:10A99000FFFFFFFFFFFFFFFFFFFFFFFFFFFFFFFFC7
:10A9A000FFFFFFFFFFFFFFFFFFFFFFFFFFFFFFFFB7
:10A9B000FFFFFFFFFFFFFFFFDB24006D000049FFEB
:10A9C000FFFFFFFFFFFFFFFFFFFFFFFFFFFFFFFF97
:10A9D000FFFFFFFFFFFFFFFFFFFFFFFFFFFFFFFF87
:10A9E000FFFFFFFFFFFFFFFFFFFFFFFFFFFFFFFF77
:10A9F000FFFFFFFFFFFFFFFFFF240049000049FFAB
:10AA0000FFFFFFFFFFFFFFFFFFFFFFFFFFFFFFFF56
:10AA1000FFFFFFFFFFFFFFFFFFFFFFFFFFFFFFFF46
:10AA2000FFFFFFFFFFFFFFFFFFFFFFFFFFFFFFFF36
:10AA3000FFFFFFFFFFFFFFFFFF490024000049FF6A
:10AA4000FFFFFFFFFFFFFFFFFFFFFFFFFFFFFFFF16
:10AA5000FFFFFFFFFFFFFFFFFFFFFFFFFFFFFFFF06
:10AA6000FFFFFFFFFFFFFFFFFFFFFFFFFFFFFFFFF6
:10AA7000FFFFFFFFFFFFFFFFFF490024000049FF2A
:10AA8000FFFFFFFFFFFFFFFFFFFFFFFFFFFFFFFFD6
:10AA9000FFFFFFFFFFFFFFFFFFFFFFFFFFFFFFFFC6
:10AAA000FFFFFFFFFFFFFFFFFFFFFFFFFFFFFFFFB6
:10AAB000FFFFFFFFFFFFFFFFFF490024000049FFEA
:10AAC000FFFFFFFFFFFFFFFFFFFFFFFFFFFFFFFF96
:10AAD000FFFFFFFFFFFFFFFFFFFFFFFFFFFFFFFF86
:10AAE000FFFFFFFFFFFFFFFFFFFFFFFFFFFFFFFF76
:10AAF000FFFFFFFFFFFFFFFFFF490024000049FFAA
:10AB0000FFFFFFFFFFFFFFFFFFFFFFFFFFFFFFFF55
:10AB1000FFFFFFFFFFFFFFFFFFFFFFFFFFFFFFFF45
:10AB2000FFFFFFFFFFFFFFFFFFFFFFFFFFFFFFFF35
:10AB3000FFFFFFFFFFFFFFFFFF240049000049FF69
:10AB4000FFFFFFFFFFFFFFFFFFFFFFFFFFFFFFFF15
:10AB5000FFFFFFFFFFFFFFFFFFFFFFFFFFFFFFFF05
:10AB6000FFFFFFFFFFFFFFFFFFFFFFFFFFFFFFFFF5
:10AB7000FFFFFFFFFFFFFFFFDB240092000049FF04
:10AB8000FFFFFFFFFFFFFFFFFFFFFFFFFFFFFFFFD5
:10AB9000FFFFFFFFFFFFFFFFFFFFFFFFFFFFFFFFC5
:10ABA000FFFFFFFFFFFFFFFFFFFFFFFFFFFFFFFFB5
:10ABB000FFFFFFFFFFFFFFFFB60000B6000049FFE9
:10ABC000FFFFFFFFFFFFFFFFFFFFFFFFFFFFFFFF95
:10ABD000FFFFFFFFFFFFFFFFFFFFFFFFFFFFFFFF85
:10ABE000FFFFFFFFFFFFFFFFFFFFFFFFFFFFFFFF75
:10ABF000FFFFFFFFFFFFFFFF490024FF000049FFA9
:10AC0000FFFFFFFFFFFFFFFFFFFFFFFFFFFFFFDB78
:10AC1000DBFFFFFFFFFFFFFFFFFFFFFFFFFFFFFF68
:10AC2000FFFFFFFFFFFFFFFFFFFFFFFFFFFFFFFF34
:10AC3000FFFFFFFFFFFFFFDB000049FF000049FFB0
:10AC4000FFFFFFFFFFFFFFFFFFFFFFFFFFFF92245C
:10AC500024B6FFFFFFFFFFFFFFFFFFFFFFFFFFFF28
:10AC6000FFFFFFFFFFFFFFFFFFFFFFFFFFFFFFFFF4
:10AC7000FFFFFFFFFFFFFF6D0000DBFF000049FF4C
:10AC8000FFFFFFFFFFFFFFFFFFFFFFFFFF9200003F
:10AC90000000B6FFFFFFFFFFFFFFFFFFFFFFFFFF0B
:10ACA000FFFFFFFFFFFFFFFFFFFFFFFFFFFFFFFFB4
:10ACB000FFFFFFFFFFFFDB240049FFFF000049FF0C
:10ACC000FFFFFFFFFFFFFFFFFFFFFFFF92240024B6
:10ACD00000002492FFFFFFFFFFFFFFFFFFFFFFFFCA
:10ACE000FFFFFFFFFFFFFFFFFFFFFFFFFFFFFFFF74
:10ACF000FFFFFFFFFFFF490024DBFFFF240049FFA8
:10AD0000FFFFFFFFFFFFFFFFFFFFFFFF240024B651
:10AD1000B624000049DBFFFFFFFFFFFFFFFFFFFF3F
:10AD2000FFFFFFFFFFFFFFFFFFFFFFFFFFFFFFFF33
:10AD3000FFFFFFFFFF6D00006DFFFFFF9249DBFF8C
:10AD4000FFFFFFFFFFFFFFFFFFFFFFFF9249B6FF7F
:10AD5000FFB6240000246DFFFFFFFFFFFFFFFFFF92
:10AD6000FFFFFFFFFFFFFFFFFFFFFFFFFFFFFFFFF3
:10AD7000FFFFFFFF92240049FFFFFFFFFFFFFFFFE0
:10AD8000FFFFFFFFFFFFFFFFFFFFFFFFFFFFFFFFD3
:10AD9000FFFFDB490000002492DBFFFFFFFFFFFF06
:10ADA000FFFFFFFFFFFFFFFFFFFFFFFFFFFFFFFFB3
:10ADB000FFFFFF6D000049FFFFFFFFFFFFFFFFFFE9
:10ADC000FFFFFFFFFFFFFFFFFFFFFFFFFFFFFFFF93
:10ADD000FFFFFFFFB62400000024496DB6FFFFFF10
:10ADE000FFFFFFFFFFFFFFFFFFFFFFFFFFFFFFFF73
:10ADF000FFB649000049FFFFFFFFFFFFFFFFFFFF16
:10AE0000FFFFFFFFFFFFFFFFFFFFFFFFFFFFFFFF52
:10AE1000FFFFFFFFFFFF9249240000000024496D5F
:10AE200092B6DBDBDBDBDBDBDBDBDBDBDBDBDB9229
:10AE3000490000246DFFFFFFFFFFFFFFFFFFFFFF43
:10AE4000FFFFFFFFFFFFFFFFFFFFFFFFFFFFFFFF12
:10AE5000FFFFFFFFFFFFFFFFDB6D2400000000008E
:10AE600000000000000000000000000000000000E2
:10AE7000000024B6FFFFFFFFFFFFFFFF6D0092FF02
:10AE8000FFFFFFFFFFFFFFFFFF92006DFFFFFFFFD0
:10AE9000FFFFFFFFFFFFFFFFFFFFFFB692494924BF
:10AEA0002424242424242424242424242424242462
:10AEB0004992FFFFFFFFFFFFFFFFFFFF24002492E7
:10AEC000FFFFFFFFFFFFFFFF92240024FFFFFFFFB4
:10AED000FFFFFFFFFFFFFFFFFFFFFFFFFFFFFFFF82
:10AEE000DBDBDBDBDBDBDBDBDBDBDBDBDBDBDBFF8E
:10AEF000FFFFFFFFFFFFFFFFFFFFFFFFB624000084
:10AF000092FFFFFFFFFFFF92000024B6FFFFFFFF4D
:10AF1000FFFFFFFFFFFFFFFFFFFFFFFFFFFFFFFF41
:10AF2000FFFFFFFFFFFFFFFFFFFFFFFFFFFFFFFF31
:10AF3000FFFFFFFFFFFFFFFFFFFFFFFFFFB6240044
:10AF40002492FFFFFFFF92240024B6FFFFFFFFFFC4
:10AF5000FFFFFFFFFFFFFFFFFFFFFFFFFFFFFFFF01
:10AF6000FFFFFFFFFFFFFFFFFFFFFFFFFFFFFFFFF1
:10AF7000FFFFFFFFFFFFFFFFFFFFFFFFFFFFB62405
:10AF8000000092FFFF92000024B6FFFFFFFFFFFFCB
:10AF9000FFFFFFFFFFFFFFFFFFFFFFFFFFFFFFFFC1
:10AFA000FFFFFFFFFFFFFFFFFFFFFFFFFFFFFFFFB1
:10AFB000FFFFFFFFFFFFFFFFFFFFFFFFFFFFFFB6EA
:10AFC0002400249292240024B6FFFFFFFFFFFFFF1E
:10AFD000FFFFFFFFFFFFFFFFFFFFFFFFFFFFFFFF81
:10AFE000FFFFFFFFFFFFFFFFFFFFFFFFFFFFFFFF71
:10AFF000FFFFFFFFFFFFFFFFFFFFFFFFFFFFFFFF61
:10B00000B6240000000024B6FFFFFFFFFFFFFFFF94
:10B01000FFFFFFFFFFFFFFFFFFFFFFFFFFFFFFFF40
:10B02000FFFFFFFFFFFFFFFFFFFFFFFFFFFFFFFF30
:10B03000FFFFFFFFFFFFFFFFFFFFFFFFFFFFFFFF20
:10B04000FFB600000000B6FFFFFFFFFFFFFFFFFF9E
:10B05000FFFFFFFFFFFFFFFFFFFFFFFFFFFFFFFF00
:10B06000FFFFFFFFFFFFFFFFFFFFFFFFFFFFFFFFF0
:10B07000FFFFFFFFFFFFFFFFFFFFFFFFFFFFFFFFE0
:10B08000FF920000000092FFFFFFFFFFFFFFFFFFA6
:10B09000FFFFFFFFFFFFFFFFFFFFFFFFFFFFFFFFC0
:10B0A000FFFFFFFFFFFFFFFFFFFFFFFFFFFFFFFFB0
:10B0B000FFFFFFFFFFFFFFFFFFFFFFFFFFFFFFFFA0
:10B0C0009224002424002492FFFFFFFFFFFFFFFFD4
:10B0D000FFFFFFFFFFFFFFFFFFFFFFFFFFFFFFFF80
:10B0E000FFFFFFFFFFFFFFFFFFFFFFFFFFFFFFFF70
:10B0F000FFFFFFFFFFFFFFFFFFFFFFFFFFFFFF92CD
:10B10000000024B6B624000092FFFFFFFFFFFFFF00
:10B11000FFFFFFFFFFFFFFFFFFFFFFFFFFFFFFFF3F
:10B12000FFFFFFFFFFFFFFFFFFFFFFFFFFFFFFFF2F
:10B13000FFFFFFFFFFFFFFFFFFFFFFFFFFFF922467
:10B140000024B6FFFFB624002492FFFFFFFFFFFF9D
:10B15000FFFFFFFFFFFFFFFFFFFFFFFFFFFFFFFFFF
:10B16000FFFFFFFFFFFFFFFFFFFFFFFFFFFFFFFFEF
:10B17000FFFFFFFFFFFFFFFFFFFFFFFFFF9200004A
:10B1800024B6FFFFFFFFB624000092FFFFFFFFFF82
:10B19000FFFFFFFFFFFFFFFFFFFFFFFFFFFFFFFFBF
:10B1A000FFFFFFFFFFFFFFFFFFFFFFFFFFFFFFFFAF
:10B1B000FFFFFFFFFFFFFFFFFFFFFFFF92240024C1
:10B1C000B6FFFFFFFFFFFFB624002492FFFFFFFF43
:10B1D000FFFFFFFFFFFFFFFFFFFFFFFFFFFFFFFF7F
:10B1E000FFFFFFFFFFFFFFFFFFFFFFFFFFFFFFFF6F
:10B1F000FFFFFFFFFFFFFFFFFFFFFFFF240024B65D
:10B20000FFFFFFFFFFFFFFFFB6240024FFFFFFFF4C
:10B21000FFFFFFFFFFFFFFFFFFFFFFFFFFFFFFFF3E
:10B22000FFFFFFFFFFFFFFFFFFFFFFFFFFFFFFFF2E
:10B23000FFFFFFFFFFFFFFFFFFFFFFFF9249B6FF8A
:10B24000FFFFFFFFFFFFFFFFFFB64992FFFFFFFF7A
:10B25000FFFFFFFFFFFFFFFFFFFFFFFFFFFFFFFFFE
:10B26000FFFFFFFFFFFFFFFFFFFFFFFFFFFFFFFFEE
:10B27000FFFFFFFFFFFFFFFFFFFFFFFFFFFFFFFFDE
:10B28000FFFFFFFFFFDB6D24000000000000000057
:10B2900000000000000000000000000000000000AE
:10B2A000000000000000000000000000000000009E
:10B2B000246DDBFFFFFFFFFFFFFFFFFFFFFFFFFF2F
:10B2C000FFFFFFFFDB240000000000000000000083
:10B2D000000000000000000000000000000000006E
:10B2E000000000000000000000000000000000005E
:10B2F000000024DBFFFFFFFFFFFFFFFFFFFFFFFF5B
:10B30000FFFFFFFF6D0000000000000000000000D4
:10B31000000000000000000000000000000000002D
:10B32000000000000000000000000000000000001D
:10B330000000006DFFFFFFFFFFFFFFFFFFFFFFFFAC
:10B34000FFFFFFFF00000000000000000000000001
:10B3500000000000000000000000000000000000ED
:10B3600000000000000000000000000000000000DD
:10B3700000000024FFFFFFFFFFFFFFFFFFFFFFFFB5
:10B38000FFFFFFFF00000000FFFFFFFFFFFFFFFFC9
:10B39000FFFFFFFFFFFFFFFFFFFFFFFFFFFFFFFFBD
:10B3A000FFFFFFFFFFFFFFFFFFFFFFFFFFFFFFFFAD
:10B3B00000000000FFFFFFFFFFFFFFFFFFFFFFFF99
:10B3C000FFFFFFFF00000000FFFFFFFFFFFFFFFF89
:10B3D000FFFFFFFFFFFFFFFFFFFFFFFFFFFFFFFF7D
:10B3E000FFFFFFFFFFFFFFFFFFFFFFFFFFFFFFFF6D
:10B3F00000000000FFFFFFFFFFFFFFFFFFFFFFFF59
:10B40000FFFFFFFF00000000FFFFFFFFFFFFFFFF48
:10B41000FFFFFFFFFFFFFFFFFFFFFFFFFFFFFFFF3C
:10B42000FFFFFFFFFFFFFFFFFFFFFFFFFFFFFFFF2C
:10B4300000000000FFFFFFFFFFFFFFFFFFFFFFFF18
:10B44000FFFFFFFF00000000FFFFFFFFFFFFFFFF08
:10B45000FFFFFFFFFFFFFFFFFFFFFFFFFFFFFFFFFC
:10B46000FFFFFFFFFFFFFFFFFFFFFFFFFFFFFFFFEC
:10B4700000000000FFFFFFFFFFFFFFFFFFFFFFFFD8
:10B48000FFFFFFFF00000000FFFF000000000000C2
:10B4900000000000000000000000000000000000AC
:10B4A0000000000000000000000000000000FFFF9E
:10B4B00000000000FFFFFFFFFFFFFFFFFFFFFFFF98
:10B4C000FFFFFFFF00000000FFFF00000000000082
:10B4D000000000000000000000000000000000006C
:10B4E0000000000000000000000000000000FFFF5E
:10B4F00000000000FFFFFFFFFFFFFFFFFFFFFFFF58
:10B50000FFFFFFFF00000000FFFF00000000000041
:10B51000000000000000000000000000000000002B
:10B520000000000000000000000000000000FFFF1D
:10B5300000000000FFFFFFFFFFFFFFFFFFFFFFFF17
:10B54000FFFFFFFF00000000FFFF00000000000001
:10B5500000000000000000000000000000000000EB
:10B560000000000000000000000000000000FFFFDD
:10B5700000000000FFFFFFFFFFFFFFFFFFFFFFFFD7
:10B58000FFFFFFFF00000000FFFFFFFFFFFFFFFFC7
:10B59000FFFFFFFFFFFFFFFFFFFFFFFFFFFFFFFFBB
:10B5A000FFFFFFFFFFFFFFFFFFFFFFFFFFFFFFFFAB
:10B5B00000000000FFFFFFFFFFFFFFFFFFFFFFFF97
:10B5C000FFFFFFFF00000000FFFFFFFFFFFFFFFF87
:10B5D000FFFFFFFFFFFFFFFFFFFFFFFFFFFFFFFF7B
:10B5E000FFFFFFFFFFFFFFFFFFFFFFFFFFFFFFFF6B
:10B5F00000000000FFFFFFFFFFFFFFFFFFFFFFFF57
:10B60000FFFFFFFF00000000FFFF00000000000040
:10B61000000000000000000000000000000000002A
:10B620000000000000000000000000000000FFFF1C
:10B6300000000000FFFFFFFFFFFFFFFFFFFFFFFF16
:10B64000FFFFFFFF00000000FFFF00000000000000
:10B6500000000000000000000000000000000000EA
:10B660000000000000000000000000000000FFFFDC
:10B6700000000000FFFFFFFFFFFFFFFFFFFFFFFFD6
:10B68000FFFFFFFF00000000FFFF000000000000C0
:10B6900000000000000000000000000000000000AA
:10B6A0000000000000000000000000000000FFFF9C
:10B6B00000000000FFFFFFFFFFFFFFFFFFFFFFFF96
:10B6C000FFFFFFFF00000000FFFF00000000000080
:10B6D000000000000000000000000000000000006A
:10B6E0000000000000000000000000000000FFFF5C
:10B6F00000000000FFFFFFFFFFFFFFFFFFFFFFFF56
:10B70000FFFFFFFF00000000FFFFFFFFFFFFFFFF45
:10B71000FFFFFFFFFFFFFFFFFFFFFFFFFFFFFFFF39
:10B72000FFFFFFFFFFFFFFFFFFFFFFFFFFFFFFFF29
:10B7300000000000FFFFFFFFFFFFFFFFFFFFFFFF15
:10B74000FFFFFFFF00000000FFFFFFFFFFFFFFFF05
:10B75000FFFFFFFFFFFFFFFFFFFFFFFFFFFFFFFFF9
:10B76000FFFFFFFFFFFFFFFFFFFFFFFFFFFFFFFFE9
:10B7700000000000FFFFFFFFFFFFFFFFFFFFFFFFD5
:10B78000FFFFFFFF00000000FFFFFFFFFFFFFFFFC5
:10B79000FFFFFFFFFFFFFFFFFFFFFFFFFFFFFFFFB9
:10B7A000FFFFFFFFFFFFFFFFFFFFFFFFFFFFFFFFA9
:10B7B00000000000FFFFFFFFFFFFFFFFFFFFFFFF95
:10B7C000FFFFFFFF00000000FFFFFFFFFFFFFFFF85
:10B7D000FFFFFFFFFFFFFFFFFFFFFFFFFFFFFFFF79
:10B7E000FFFFFFFFFFFFFFFFFFFFFFFFFFFFFFFF69
:10B7F00000000000FFFFFFFFFFFFFFFFFFFFFFFF55
:10B80000FFFFFFFF00000000FFFF0000000000003E
:10B810000000000000000000000000000000000028
:10B820000000000000000000000000000000FFFF1A
:10B8300000000000FFFFFFFFFFFFFFFFFFFFFFFF14
:10B84000FFFFFFFF00000000FFFF000000000000FE
:10B8500000000000000000000000000000000000E8
:10B860000000000000000000000000000000FFFFDA
:10B8700000000000FFFFFFFFFFFFFFFFFFFFFFFFD4
:10B88000FFFFFFFF00000000FFFF000000000000BE
:10B8900000000000000000000000000000000000A8
:10B8A0000000000000000000000000000000FFFF9A
:10B8B00000000000FFFFFFFFFFFFFFFFFFFFFFFF94
:10B8C000FFFFFFFF00000000FFFF0000000000007E
:10B8D0000000000000000000000000000000000068
:10B8E0000000000000000000000000000000FFFF5A
:10B8F00000000000FFFFFFFFFFFFFFFFFFFFFFFF54
:10B90000FFFFFFFF00000000FFFFFFFFFFFFFFFF43
:10B91000FFFFFFFFFFFFFFFFFFFFFFFFFFFFFFFF37
:10B92000FFFFFFFFFFFFFFFFFFFFFFFFFFFFFFFF27
:10B9300000000000FFFFFFFFFFFFFFFFFFFFFFFF13
:10B94000FFFFFFFF00000000FFFFFFFFFFFFFFFF03
:10B95000FFFFFFFFFFFFFFFFFFFFFFFFFFFFFFFFF7
:10B96000FFFFFFFFFFFFFFFFFFFFFFFFFFFFFFFFE7
:10B9700000000000FFFFFFFFFFFFFFFFFFFFFFFFD3
:10B98000FFFFFFFF00000000FFFFFFFFFFFFFFFFC3
:10B99000FFFFFFFFFFFFFFFFFFFFFFFFFFFFFFFFB7
:10B9A000FFFFFFFFFFFFFFFFFFFFFFFFFFFFFFFFA7
:10B9B00000000000FFFFFFFFFFFFFFFFFFFFFFFF93
:10B9C000FFFFFFFF00000000FFFFFFFFFFFFFFFF83
:10B9D000FFFFFFFFFFFFFFFFFFFFFFFFFFFFFFFF77
:10B9E000FFFFFFFFFFFFFFFFFFFFFFFFFFFFFFFF67
:10B9F00000000000FFFFFFFFFFFFFFFFFFFFFFFF53
:10BA0000FFFFFFFF00000000FFFFFFFFFFFFFFFF42
:10BA1000FFFFFFFFFFFFFFFFFFFFFFFFFFFFFFFF36
:10BA2000FFFFFFFFFFFFFFFFFFFFFFFFFFFFFFFF26
:10BA300000000000FFFFFFFFFFFFFFFFFFFFFFFF12
:10BA4000FFFFFFFF00000000FFFFFFFFFFFFFFFF02
:10BA5000FFFFFFFFFFFFFFFFFFFFFFFFFFFFFFFFF6
:10BA6000FFFFFFFFFFFFFFFFFFFFFFFFFFFFFFFFE6
:10BA700000000000FFFFFFFFFFFFFFFFFFFFFFFFD2
:10BA8000FFFFFFFF00000000FFFF000000000000BC
:10BA900000000000000000000000000000000000A6
:10BAA0000000000000000000000000000000FFFF98
:10BAB00000000000FFFFFFFFFFFFFFFFFFFFFFFF92
:10BAC000FFFFFFFF00000000FFFF0000000000007C
:10BAD0000000000000000000000000000000000066
:10BAE0000000000000000000000000000000FFFF58
:10BAF00000000000FFFFFFFFFFFFFFFFFFFFFFFF52
:10BB0000FFFFFFFF00000000FFFF0000000000003B
:10BB10000000000000000000000000000000000025
:10BB20000000000000000000000000000000FFFF17
:10BB300000000000FFFFFFFFFFFFFFFFFFFFFFFF11
:10BB4000FFFFFFFF00000000FFFF000000000000FB
:10BB500000000000000000000000000000000000E5
:10BB60000000000000000000000000000000FFFFD7
:10BB700000000000FFFFFFFFFFFFFFFFFFFFFFFFD1
:10BB8000FFFFFFFF00000000FFFFFFFFFFFFFFFFC1
:10BB9000FFFFFFFFFFFFFFFFFFFFFFFFFFFFFFFFB5
:10BBA000FFFFFFFFFFFFFFFFFFFFFFFFFFFFFFFFA5
:10BBB00000000000FFFFFFFFFFFFFFFFFFFFFFFF91
:10BBC000FFFFFFFF00000000FFFFFFFFFFFFFFFF81
:10BBD000FFFFFFFFFFFFFFFFFFFFFFFFFFFFFFFF75
:10BBE000FFFFFFFFFFFFFFFFFFFFFFFFFFFFFFFF65
:10BBF00000000000FFFFFFFFFFFFFFFFFFFFFFFF51
:10BC0000FFFFFFFF00000000FFFF0000000000003A
:10BC10000000000000000000000000000000000024
:10BC20000000000000000000000000000000FFFF16
:10BC300000000000FFFFFFFFFFFFFFFFFFFFFFFF10
:10BC4000FFFFFFFF00000000FFFF000000000000FA
:10BC500000000000000000000000000000000000E4
:10BC60000000000000000000000000000000FFFFD6
:10BC700000000000FFFFFFFFFFFFFFFFFFFFFFFFD0
:10BC8000FFFFFFFF00000000FFFF000000000000BA
:10BC900000000000000000000000000000000000A4
:10BCA0000000000000000000000000000000FFFF96
:10BCB00000000000FFFFFFFFFFFFFFFFFFFFFFFF90
:10BCC000FFFFFFFF00000000FFFF0000000000007A
:10BCD0000000000000000000000000000000000064
:10BCE0000000000000000000000000000000FFFF56
:10BCF00000000000FFFFFFFFFFFFFFFFFFFFFFFF50
:10BD0000FFFFFFFF00000000FFFFFFFFFFFFFFFF3F
:10BD1000FFFFFFFFFFFFFFFFFFFFFFFFFFFFFFFF33
:10BD2000FFFFFFFFFFFFFFFFFFFFFFFFFFFFFFFF23
:10BD300000000000FFFFFFFFFFFFFFFFFFFFFFFF0F
:10BD4000FFFFFFFF00000000FFFFFFFFFFFFFFFFFF
:10BD5000FFFFFFFFFFFFFFFFFFFFFFFFFFFFFFFFF3
:10BD6000FFFFFFFFFFFFFFFFFFFFFFFFFFFFFFFFE3
:10BD700000000000FFFFFFFFFFFFFFFFFFFFFFFFCF
:10BD8000FFFFFFFF00000000FFFFFFFFFFFFFFFFBF
:10BD9000FFFFFFFFFFFFFFFFFFFFFFFFFFFFFFFFB3
:10BDA000FFFFFFFFFFFFFFFFFFFFFFFFFFFFFFFFA3
:10BDB00000000000FFFFFFFFFFFFFFFFFFFFFFFF8F
:10BDC000FFFFFFFF00000000FFFFFFFFFFFFFFFF7F
:10BDD000FFFFFFFFFFFFFFFFFFFFFFFFFFFFFFFF73
:10BDE000FFFFFFFFFFFFFFFFFFFFFFFFFFFFFFFF63
:10BDF00000000000FFFFFFFFFFFFFFFFFFFFFFFF4F
:10BE0000FFFFFFFF00000000FFFF00000000000038
:10BE10000000000000000000000000000000000022
:10BE20000000000000000000000000000000FFFF14
:10BE300000000000FFFFFFFFFFFFFFFFFFFFFFFF0E
:10BE4000FFFFFFFF00000000FFFF000000000000F8
:10BE500000000000000000000000000000000000E2
:10BE60000000000000000000000000000000FFFFD4
:10BE700000000000FFFFFFFFFFFFFFFFFFFFFFFFCE
:10BE8000FFFFFFFF00000000FFFF000000000000B8
:10BE900000000000000000000000000000000000A2
:10BEA0000000000000000000000000000000FFFF94
:10BEB00000000000FFFFFFFFFFFFFFFFFFFFFFFF8E
:10BEC000FFFFFFFF00000000FFFF00000000000078
:10BED0000000000000000000000000000000000062
:10BEE0000000000000000000000000000000FFFF54
:10BEF00000000000FFFFFFFFFFFFFFFFFFFFFFFF4E
:10BF0000FFFFFFFF00000000FFFFFFFFFFFFFFFF3D
:10BF1000FFFFFFFFFFFFFFFFFFFFFFFFFFFFFFFF31
:10BF2000FFFFFFFFFFFFFFFFFFFFFFFFFFFFFFFF21
:10BF300000000000FFFFFFFFFFFFFFFFFFFFFFFF0D
:10BF4000FFFFFFFF00000000FFFFFFFFFFFFFFFFFD
:10BF5000FFFFFFFFFFFFFFFFFFFFFFFFFFFFFFFFF1
:10BF6000FFFFFFFFFFFFFFFFFFFFFFFFFFFFFFFFE1
:10BF700000000000FFFFFFFFFFFFFFFFFFFFFFFFCD
:10BF8000FFFFFFFF00000000FFFF000000000000B7
:10BF900000000000000000000000000000000000A1
:10BFA0000000000000000000000000000000FFFF93
:10BFB00000000000FFFFFFFFFFFFFFFFFFFFFFFF8D
:10BFC000FFFFFFFF00000000FFFF00000000000077
:10BFD0000000000000000000000000000000000061
:10BFE0000000000000000000000000000000FFFF53
:10BFF00000000000FFFFFFFFFFFFFFFFFFFFFFFF4D
:10C00000FFFFFFFF00000000FFFF00000000000036
:10C010000000000000000000000000000000000020
:10C020000000000000000000000000000000FFFF12
:10C0300000000000FFFFFFFFFFFFFFFFFFFFFFFF0C
:10C04000FFFFFFFF00000000FFFF000000000000F6
:10C0500000000000000000000000000000000000E0
:10C060000000000000000000000000000000FFFFD2
:10C0700000000000FFFFFFFFFFFFFFFFFFFFFFFFCC
:10C08000FFFFFFFF00000000FFFFFFFFFFFFFFFFBC
:10C09000FFFFFFFFFFFFFFFFFFFFFFFFFFFFFFFFB0
:10C0A000FFFFFFFFFFFFFFFFFFFFFFFFFFFFFFFFA0
:10C0B00000000000FFFFFFFFFFFFFFFFFFFFFFFF8C
:10C0C000FFFFFFFF00000000FFFFFFFFFFFFFFFF7C
:10C0D000FFFFFFFFFFFFFFFFFFFFFFFFFFFFFFFF70
:10C0E000FFFFFFFFFFFFFFFFFFFFFFFFFFFFFFFF60
:10C0F00000000000FFFFFFFFFFFFFFFFFFFFFFFF4C
:10C10000FFFFFFFF00000000FFFFFFFFFFFFFFFF3B
:10C11000FFFFFFFFFFFFFFFFFFFFFFFFFFFFFFFF2F
:10C12000FFFFFFFFFFFFFFFFFFFFFFFFFFFFFFFF1F
:10C1300000000000FFFFFFFFFFFFFFFFFFFFFFFF0B
:10C14000FFFFFFFF00000000FFFFFFFFFFFFFFFFFB
:10C15000FFFFFFFFFFFFFFFFFFFFFFFFFFFFFFFFEF
:10C16000FFFFFFFFFFFFFFFFFFFFFFFFFFFFFFFFDF
:10C1700000000000FFFFFFFFFFFFFFFFFFFFFFFFCB
:10C18000FFFFFFFF000000000000000000000000B3
:10C19000000000000000000000000000000000009F
:10C1A000000000000000000000000000000000008F
:10C1B00000000024FFFFFFFFFFFFFFFFFFFFFFFF67
:10C1C000FFFFFFFF6D000000000000000000000006
:10C1D000000000000000000000000000000000005F
:10C1E000000000000000000000000000000000004F
:10C1F0000000006DFFFFFFFFFFFFFFFFFFFFFFFFDE
:10C20000FFFFFFFFDB240000000000000000000033
:10C21000000000000000000000000000000000001E
:10C22000000000000000000000000000000000000E
:10C23000000024DBFFFFFFFFFFFFFFFFFFFFFFFF0B
:10C24000FFFFFFFFFFDB6D000000000000000000AB
:10C2500000000000000000000000000000000000DE
:10C2600000000000000000000000000000000000CE
:10C27000006DDBFFFFFFFFFFFFFFFFFF240000005B
:10C2800000000000000000000000000000DBFFFFD5
:10C29000FFFF240049FFDB2400B6FFFF000092FFF0
:10C2A000DB2400000024FFFFFFFFDB240000000070
:10C2B0000000000000000000000000242400000036
:10C2C00000000000000000000000000000DBFFFF95
:10C2D000FFFF240049FFDB2400B6FFFF000092FFB0
:10C2E000DB2400000024FFFFFFFFDB240000000030
:10C2F0000000000000000000000000242400246D65
:10C300006D6D6D6D6D6D6D6D6D6D490000DBFFFFC9
:10C31000FFFF240049FFFF926DDBFFFF000092FF4B
:10C32000FF926D2400249292FFFFDB2400496D6D83
:10C330006D6D6D6D6D6D6D6D6D240024240049FF74
:10C34000FFFFFFFFFFFFFFFFFFFFB60000DBFFFF68
:10C35000FFFF240049FFFFFFFFFFFFFF000092FFE8
:10C36000FFFFFF4900000000DBFFDB2400B6FFFFFA
:10C37000FFFFFFFFFFFFFFFFFF490024240049FFED
:10C38000FFFFDBDBDBDBDBDBFFFFB60000DBFFFF00
:10C39000DBDB240049FFFFFFFFFFFFFF000092FFF0
:10C3A000FFFFDB4900002424DBFFDB2400B6FFFF96
:10C3B000DBDBDBDBDBDBFFFFFF490024240049FF85
:10C3C000FF24242424242424DBFFB60000DBFFDB2D
:10C3D0002424000049FFFFFFFFFFFFFF000092FF42
:10C3E000FF2400000024FFFFFFFFDB2400B6FF92C4
:10C3F00024242424242449FFFF490024240049FF45
:10C40000DB24000000000000DBFFB60000DBFFDBE8
:10C41000000000006DFFFFFFFFFFFFFF000092FF25
:10C42000FF2400000049FFFFFFFFDB2400B6FF6D83
:10C4300000000000000024FFFF490024240049FF01
:10C44000DB24000000000000DBFFB60000DBFFDBA8
:10C45000000092DBDBFFFFFFFFFFFFFFDBDBFFFFE7
:10C46000FFDBDBDBDBB64949DBFFDB2400B6FF6D1E
:10C4700000000000000024FFFF490024240049FFC1
:10C48000DB24000000000000DBFFB60000DBFFDB68
:10C490000000DBFFFFFFFFFFFFFFFFFFFFFFFFFFCE
:10C4A000FFFFFFFFFFDB0000DBFFDB2400B6FF6DBB
:10C4B00000000000000024FFFF490024240049FF81
:10C4C000DB24000000000000DBFFB60000DBFFDB28
:10C4D0006D6DDBFFFFDBDBDBDBDBDBDBDBDBFFFFF8
:10C4E000FFDBDBFFFFDB2424DBFFDB2400B6FF6D7B
:10C4F00000000000000024FFFF490024240049FF41
:10C50000DB24000000000000DBFFB60000DBFFFFC3
:10C51000FFFFFFFFDB00000000000000000092FFB3
:10C52000DB0000DBFFFFFFFFFFFFDB2400B6FF6D3A
:10C5300000000000000024FFFF490024240049FF00
:10C54000DB24000000000000DBFFB60000DBFFFF83
:10C55000FFFFFFFFDB00000000000000000092FF73
:10C56000DB0000DBFFFFFFFFFFFFDB2400B6FF6DFA
:10C5700000000000000024FFFF490024240049FFC0
:10C58000FFDBDBDBDBDBDBDBFFFFB60000DBFFFF22
:10C59000FFFFB692926D6D6D6D240000DBDBFFFF37
:10C5A000FFDBB69292B6FFFFFFFFDB2400B6FFDB96
:10C5B000DBDBDBDBDBDBDBFFFF490024240049FFA7
:10C5C000FFFFFFFFFFFFFFFFFFFFB60000DBFFFFE6
:10C5D000FFFF240049FFFFFFFF6D0000FFFFFFFF8B
:10C5E000FFFFB6000024FFFFFFFFDB2400B6FFFFC4
:10C5F000FFFFFFFFFFFFFFFFFF49002424002492FD
:10C6000092929292929292929292490000DBFFFF54
:10C61000DBDB240049DBDBFFFF924924DBDBDBDBD8
:10C62000DBDB92000024DBDBFFFFDB24006D92925A
:10C63000929292929292929292240024240000006C
:10C6400000000000000000000000000000DBFFDB35
:10C6500000000000000024FFFFFFFF490000000071
:10C660000000000000000000DBFFDB2400000000F1
:10C670000000000000000000000000246D242424BD
:10C6800024242424242424242424242449DBFFDBFC
:10C6900000000000000024FFFFFFFF490000000031
:10C6A0000000000000000000DBFFFF4924242424D8
:10C6B00024242424242424242424246DFFFFFFFF85
:10C6C000FFFFFFFFFFFFFFFFFFFFFFFFFFFFFFFF7A
:10C6D000DBDB240049DBDBFFFFFFFFDBDB9200003D
:10C6E00000B6DB240024DBDBFFFFFFFFFFFFFFFFC3
:10C6F000FFFFFFFFFFFFFFFFFFFFFFFFFFFFFFFF4A
:10C70000FFFFFFFFFFFFFFFFFFFFFFFFFFFFFFFF39
:10C71000FFFF240049FFFFFFFFFFFFFFFFDB0000DB
:10C7200024DBFF490024FFFFFFFFFFFFFFFFFFFFA8
:10C73000FFFFFFFFFFFFFFFFFFFFFFFFFFFFFFFF09
:10C74000FF9292DBFFFF9292FFFFFF92929292DBA9
:10C75000FFFF926DB6FFFFB692929292FFDB000050
:10C7600024DBFFB66D6D92929292B6FFFFFFFFFF42
:10C77000FFFF92929292B6FFFFFFFFFFFFFFFFFFC6
:10C78000DB2400B6FFDB0000DBFFDB0000000092D3
:10C79000FFFFFFFFFFFFFF2400000000FFDB0000A2
:10C7A00024DBFFFFFFDB0000000049FFFFFFFFFF6E
:10C7B000FFFF0000000024FFFFFFFFFFFFFFFFFF60
:10C7C000DB2400B6FFDB0000DBFFDB000000009293
:10C7D000FFFFFFFFFFFFFF2400000000FFDB000062
:10C7E00024DBFFFFFFDB0000000049FFFFFFFFFF2E
:10C7F000FFFF0000000024FFFFFFFFFFB6929292B0
:10C8000092FFFFFFFFDB0000DBFFFFFFFFFFFFFFEB
:10C81000FFFF6D246DFFFFFFFFFFFFFFFFDB000049
:10C8200024DBFFFFFFFFDBDB240049FFFF6D24B6A5
:10C83000FFFF000092FFDB00000000242400000046
:10C8400024DBFFFFFFDB0000DBFFFFFFFFFFFFFF3D
:10C85000FFFF240049FFFFFFFFFFFFFFFFDB00009A
:10C8600024DBFFFFFFFFFFFF240049FFFF240092AE
:10C87000FFFF000092FFDB00000000246D24242451
:10C8800049B6DBDBDBB624246D92929292FFFFFF68
:10C89000FFFF240049FFFFDBDBDBDBFFFFDB0000EA
:10C8A00024DBFFFFFFFFB6B624002492926D49926D
:10C8B000B6B6000049926D0000000024FFFFFFFFA4
:10C8C000DB2400000049FFFF2400000024DBFFFF01
:10C8D000FFFF240049FFB600000000B6FFDB0000A8
:10C8E00024DBFFFFFFDB00000000000000DBFFDBBC
:10C8F000000000000000000000000024FFFFFFFF18
:10C90000DB0000000024FFFF2400002449FFFFFF9C
:10C91000DBDB492449FF9200000000B6FFB60000AF
:10C9200000B6DBDBDBB624242424242424FFFFDB35
:10C930002424242424242424242424496D24242449
:10C940002400000000002424000049FFFFFFFF92A4
:10C950002424FFDB492424000000002424240000B8
:10C96000000000000049DBDBDBDBDBDBFFFFFFFF60
:10C97000DBDBDBDBDBDBDBDBDBDBDBFF240000002B
:10C98000000000000000000000006DFFFFFFFF6DD1
:10C990000000FFFF24000000000000000000000075
:10C9A000000000000049FFFFFFFFFFFFFFFFFFFF48
:10C9B000FFFFFFFFFFFFFFFFFFFFFFFF926D6D6DAA
:10C9C0006D6D6D6D6D49000092DBB69292FFFFDBDD
:10C9D000B6B6FFFF2400006D6D240000496D4900CC
:10C9E00000B6DBDBDBDBFFFFFFFFFF9292FFFFB652
:10C9F0009292FFFFFFFFFF92929292B6FFFFFFFF1E
:10CA0000FFFFFFFFFFDB0000DBFFB60024DBFFFFC3
:10CA1000FFFFFFFF240024DBFF490000DBFFB6001F
:10CA200024DBFFFFFFFFFFFFFFFFDB0024DBFF6DC9
:10CA30000000FFFFFFFFDB0000000024FFFFFFFFFF
:10CA4000FFFFFFFFFFDB0000DBFFB60024DBFFFF83
:10CA5000FFFFFFFF240024DBFF490000DBFFB600DF
:10CA600024DBFFFFFFFFFFFFFFFFDB0024DBFF6D89
:10CA70000000FFFFFFFFDB00000000242400000097
:10CA80000000000000000000000000000000009214
:10CA9000FFDB000049FFDB2400000000DBFFB600E5
:10CAA00024DBFFFFFFDB0000DBFFDB0000000000FA
:10CAB0000000FFFF6D0000000000002424000000C3
:10CAC00000000000000000000000000000000092D4
:10CAD000FFDB000049FFDB2400000000DBFFB600A5
:10CAE00024DBFFFFFFDB0000DBFFDB0000000000BA
:10CAF0000000FFFF6D000000000000242400000083
:10CB0000006D6D6D6D6D6D6D6D6D6D6D6D6D6DDB54
:10CB1000FFDB000049FFFF926D240000DBFFB60041
:10CB2000006D929292926D6DDBFFFF6D6D6D6D6D7C
:10CB30006D6DFFFF6D00000000496D922400000044
:10CB400024DBFFFFFFFFFFFFFFFFFFFFFFFFFFFFF4
:10CB5000FFDB000049FFFFFFFF490000DBFFB600DD
:10CB6000000000000024FFFFFFFFFFFFFFFFFFFFAB
:10CB7000FFFFFFFF6D00000000B6FFFF6D242424BF
:10CB800049FFFFFFDBDBDBDBDBDBFFFFFFFFFFDB67
:10CB9000DB9200246DDBDBDBDB240000DBFFB62453
:10CBA00024242424246DFFFFFFDBDBDBDBDBDBFF46
:10CBB000FFFFDBDB6D24240000B6FFFFFFFFFFFF5C
:10CBC000FFFFFF6D24242424242449FFFFFFFF4995
:10CBD000000049FFDB24000000000000DBFFFFFF36
:10CBE000FFFFFFFFFFFFFFFF49242424242424929A
:10CBF000FFFF000092FFB60000B6FFFFFFFFFFFF40
:10CC0000FFFFFF4900000000000024FFFFFFFF4975
:10CC1000000049FFFF24000000000000DBFFFFFFD1
:10CC2000FFFFFFFFFFFFFFFF240000000000009256
:10CC3000FFFF00006DFFB60000B6FFFF6D4992FFD9
:10CC4000FF6D4992B6B6B6B6B6B6B6FFFFFFFF495E
:10CC5000000049FFFFDBDBDBDBDBDBDB4949B6FF49
:10CC6000DB6D6DDBFFDB494900002492B6B6B6B63A
:10CC700024240000002424000024246D240049FF03
:10CC8000DB2400B6FFFFFFFFFFFFFFFFFFFFFF49B1
:10CC9000000049FFFFFFFFFFFFFFFFFF000092FFC3
:10CCA000DB0000DBFFDB0000000024FFFFFFFFDBF9
:10CCB000000000000000000000000024240049DB08
:10CCC000B64949DBFFFF92929292929292929224FD
:10CCD000000049FFFFDBDBFFFFDBDBDB00006DDB80
:10CCE000920000DBFFDB0000242449B6DBFFFFDB02
:10CCF0000000496D6D6D6D6D6D6D6D9224000000CD
:10CD000024DBFFFFFFDB000000000000000000004C
:10CD1000000049FFB60024DBFF6D000000000000AA
:10CD2000000000DBFFDB0000DBFFB60024DBFFDBE5
:10CD30000000DBFFFFFFFFFFFFFFFFFF24000000FD
:10CD400024DBFFFFFFDB000000000000000000000C
:10CD5000000049FFB60024DBFF6D0000000000006A
:10CD6000000000DBFFDB0000DBFFB60024DBFFDBA5
:10CD70000000DBFFFFFFFFFFFFFFFFFFDBDB920099
:10CD800024DBFFFFFFDB0000246D6D6D6D6D6D24F6
:10CD9000000049FFFFDBDB490024DBDBDBDBDBDB07
:10CDA000DBDBDBFFFFDB0000DBFFFFDBDBFFFFFF8D
:10CDB000FFFFFFFFFFFFFFFFFFFFFFFFFFFFB600CB
:10CDC00024DBFFFFFFDB000092FFFFFFFFFFFF6D93
:10CDD000000049FFFFFFFF490024FFFFFFFFFFFFA7
:10CDE000FFFFFFFFFFDB0000DBFFFFFFFFFFFFFF99
:10CDF000FFFFFFFFFFFFFFFFFFFFFFFFDBB69249D3
:10CE00006DFFFFFFFFDB000092FFFFDBDBFFFF6D2D
:10CE1000000024929292926D6D92FFFFFFFFFFFF40
:10CE2000FFFFFFDBDBB64949DBFFFFFFFFFFFFFF33
:10CE3000FFFFFFFFFFFFFFFFFFFFFFFF490049FF6D
:10CE4000FFFFFFFFFFDB000092FFDB2424DBFF6D11
:10CE500000000000000000B6FFFFFFFFFFFFB62448
:10CE600049FFFF490049FFFFFFFFFF492424242415
:10CE700024242424242424242424246D49246DFFE0
:10CE8000FFDBDBDBDB92000092FFDB2424DBFF6DAA
:10CE900000000024242424DBFFFFFFFFFFFFB60077
:10CEA00024DBFF490024FFFFFFFFDB24000000001C
:10CEB000000000000000000000000024FFDBFFFF76
:10CEC000FF2400000000000092FFFFDBDBFFFF6D8E
:10CED000000049FFFFFFFFFFFFFF92929292926DC9
:10CEE00092FFFF4900002424DBFFDB240092DBDB00
:10CEF000DBDBDBDBDBDBDBDBDB240024FFFFFFFF3B
:10CF0000FF2400000000000092FFFFFFFFFFFF6D05
:10CF1000000049FFFFFFFFFFFFDB0000000049FFAB
:10CF2000FFFFFF4900000000DBFFDB2400B6FFFF2E
:10CF3000FFFFFFFFFFFFFFFFFF490024FFFFFFFF91
:10CF4000FFDBDBDBDB92000049929292929292240B
:10CF50000000002449FFFFFFFFDB0000000049FF45
:10CF6000FFFFFFB66D490000DBFFDB2400B6FFB614
:10CF7000929292929292B6FFFF490024240049FFB8
:10CF8000FFFFFFFFFFDB00000000000000000000CB
:10CF90000000000024DBFF490024FFFFFFFFFFFF2C
:10CFA000DB2400B6FFDB0000DBFFDB2400B6FF6DF7
:10CFB00000000000000024FFFF490024240049FF76
:10CFC000FFFFFFFFFFDB6D6D6D6D6D6D6D6D6D6D49
:10CFD0006D6D6D6D92FFFF490024FFFFFFFFFFFFA6
:10CFE000DB2400B6FFDB0000DBFFDB2400B6FF6DB7
:10CFF00000000000000024FFFF490024926D6D92A4
:10D00000929292DBFFFFFFFFFFFFFFFFFFFFFFFF9B
:10D01000FFFFFFFFFFFFFF4900249292929292923E
:10D020006D0000B6FFFFFFFFFFFFDB2400B6FF6DC2
:10D0300000000000000024FFFF490024FFFFB600AD
:10D04000000000B6FFFFFFFFFFFFFFFFFFFFFFFF36
:10D05000FFFFFFFFFFFFFF4900000000000000008E
:10D06000000000B6FFFFFFFFFFFFDB2400B6FF6DEF
:10D0700000000000000024FFFF490024DBDB9200D9
:10D08000000000B6FFFFDBDBFFFFFFFFFFFFFFFF3E
:10D09000FFFFFFDBDBDBDB2400002424242424004F
:10D0A000004949B6DBDBDBDBFFFFDB2400B6FF6DAD
:10D0B00000000000000024FFFF4900244900000098
:10D0C000000000B6FFDB0000DBFFFFFFFFFFFFFFFC
:10D0D000FFFFB600000000000024FFFFFFFF9200EA
:10D0E00000DBFF4900000000DBFFDB2400B6FF6D22
:10D0F00000000000000024FFFF4900244900000058
:10D10000000000B6FFDB0000B6FFFFFFFFFFFFFFE0
:10D11000FFFFB600000000000024FFFFFFFFB60085
:10D1200024DBFF6D24242424DBFFDB2400B6FF92E4
:10D130002424242424246DFFFF490024DBDB9200F7
:10D14000000000B6FFDB000024246DFFFFFFFFFF9F
:10D150006D246DDBDBDBDB2400002424DBFFB60069
:10D1600024DBFFFFDBDBDBDBFFFFDB2400B6FFFFA5
:10D17000FFFFFFFFFFFFFFFFFF490024FFFFB60097
:10D18000000000B6FFDB0000000049FFFFFFFFFFCB
:10D19000240049FFFFFFFF4900000000DBFFB6004D
:10D1A00000DBFFFFFFFFFFFFFFFFDB2400B6FFFFF9
:10D1B000FFFFFFFFFFFFFFFFFF490024B69292B67B
:10D1C000B6B6B692926D00000000249292FFFFFF67
:10D1D000240049FFFF92922400006D6D9292490055
:10D1E000004949DBFFFF9292FFFFDB240024242447
:10D1F000242424242424242424000024240049FF5B
:10D20000FFFFFF49000000000000000000DBFFFFFF
:10D21000240049FFDB2400000024FFFF240000005D
:10D22000000000B6FFDB0000DBFFDB240000000095
:10D23000000000000000000000000024240049FF5E
:10D24000FFFFFF49000000000000000000DBFFFFBF
:10D25000240049FFDB2400000024FFFF240000001D
:10D26000000000B6FFDB0000DBFFDB240000000055
:10D27000000000000000000000000024926D242443
:10D28000242424242424242424242424242424245E
:10D29000242424242424242424242424242424244E
:10D2A000242424242424242424242424242424243E
:10D2B00049496D92DBDBFFFFFFFFFFFF49240000C0
:10D2C000000000000000000000000000000000005E
:10D2D000000000000000000000000000000000004E
:10D2E000000000000000000000000000000000003E
:10D2F00000002424496DB6DBFFFFFFFF490000005A
:10D3000024494949494949494949494949494949B2
:10D31000494949494949494949494949494949497D
:10D32000494949494949494949494949494949496D
:10D330004924240000246D92DBFFFFFF49000024F4
:10D3400092DBFFFFFFFFFFFFFFFFFFFFFFFFFFFF7E
:10D35000FFFFFFFFFFFFFFFFFFFFFFFFFFFFFFFFDD
:10D36000FFFFFFFFFFFFFFFFFFFFFFFFFFFFFFFFCD
:10D37000DBB66D4900000049B6DBFFFF4900002421
:10D38000B6FFFFFFFFFFFFFFFFFFFFFFFFFFFFFFF6
:10D39000FFFFFFFFFFFFFFFFFFFFFFFFFFFFFFFF9D
:10D3A000FFFFFFFFFFFFFFFFFFFFFFFFFFFFFFFF8D
:10D3B000FFFFDBB6492400246D92FFFF49000024E3
:10D3C000B6FFFFFFFFFFFFFFFFFFDBB6B6B6DBFFD9
:10D3D000FFFFFFFFFFFFFFFFFFFFFFFFFFFFFFFF5D
:10D3E000FFFFFFFFFFFFFFFFFFFFFFFFFFFFFFFF4D
:10D3F000FFFFFFFFB66D0000246DDBFF4900002436
:10D40000B6FFFFFFFFFFFFFFFFFF9249242492DBDF
:10D41000FFFFFFFFFFFFFFFFFFFFFFFFFFFFFFFF1C
:10D42000FFFFFFFFFFFFFFFFFFFFFFFFFFFFFFFF0C
:10D43000FFFFFFFFDBB624000049DBFF49000024AB
:10D44000B6FFFFFFFFFFFFFFFFFF9249000049B655
:10D45000DBFFFFFFFFFFFFFFFFFFFFFFFFFFFFFF00
:10D46000FFFFFFFFFFFFFFFFFFFFFFFFFFFFFFFFCC
:10D47000FFFFFFFFFFB624000024DBFF490000246C
:10D48000B6FFFFFFFFFFFFFFFFFFB66D2400246D17
:10D49000B6FFFFFFFFFFFFFFFFFFFFDBB692926DBE
:10D4A0006D6D6D6D9292DBDBFFFFFFFFFFFFFFFFF6
:10D4B000FFFFFFFFFFB624000024DBFF490000242C
:10D4C000B6FFFFFFFFFFFFFFFFFFDBB649000024B1
:10D4D00092DBFFFFFFFFFFFFFFDB92924924240056
:10D4E0000000000024496D92B6DBFFFFFFFFFFFF45
:10D4F000FFFFFFFFFFB624000024DBFF49000024EC
:10D50000B6FFFFFFFFFFFFFFFFFFFFFF6D240000DF
:10D510006DB6FFFFFFFFFFFFB66D240000000000A7
:10D520000000000000000000246DDBFFFFFFFFFF94
:10D53000FFFFFFFFFFB624000024DBFF49000024AB
:10D54000B6FFFFFFFFFFFFFFFFFFFFFF9249240031
:10D55000496DDBFFFFFFDB9249240000244992B6AE
:10D56000B6B6B6926D49000000244992FFFFFFFF56
:10D57000FFFFFFFFFFB624000024DBFF490000246B
:10D58000B6FFFFFFFFFFFFFFFFFFFFFFDB9249003A
:10D590000024496D929249240000244992B6DBFF91
:10D5A000FFFFFFFFDBB66D4900000049DBDBFFFF3B
:10D5B000FFFFFFFFFFB624000024DBFF490000242B
:10D5C000B6FFFFFFFFFFFFFFFFFFFFFFFFDB6D2445
:10D5D000000000000000000000246DB6FFFFFFFF08
:10D5E000FFFFFFFFFFFFDBB6492400246DB6FFFFFE
:10D5F000FFFFFFFFFFB624000024DBFF49000024EB
:10D60000B6FFFFFFFFFFFFFFFFFFFFFFFFFFB66D4E
:10D610002400000000000000246DB6DBFFFFFFFFC8
:10D62000FFFFFFFFFFFFFFDB924900004992FFFF72
:10D63000FFFFFFFFFFB624000024DBFF49000024AA
:10D64000B6FFFFFFFFFFFFFFFFFFFFFFFFFFDBDB7B
:10D65000B6B6B6B66D2400004992FFFFFFFFFFFF8C
:10D66000FFFFFFFFFFFFFFFFDB6D0000006DFFFF0F
:10D67000FFFFFFFFFFB624000024DBFF490000246A
:10D68000B6FFFFFFFFFFFFFFFFFFFFFFFFFFFFFFF3
:10D69000FFFFFFFFB649000049B6FFFFFFFFFFFF96
:10D6A000FFFFFFFFFFFFFFFFFF920000006DFFFF86
:10D6B000FFFFFFFFFFB624000024DBFF490000242A
:10D6C000B6FFFFFFFFFFFFFFFFFFFFFFFFFFFFFFB3
:10D6D000DBDBDBDB924900004992FFFFFFFFFFFF2E
:10D6E000FFFFFFFFFFFFFFFFDB920000006DFFFF6A
:10D6F000FFFFFFFFFFB624000024DBFF49000024EA
:10D70000B6FFFFFFFFFFFFFFFFFFFFFFFFFFB69228
:10D710004949242424000000246DDBFFFFFFFFFFA4
:10D72000FFFFFFFFFFFFFFDBB66D0000246DFFFF73
:10D73000FFFFFFFFFFB624000024DBFF49000024A9
:10D74000B6FFFFFFFFFFFFFFFFFFFFFFFFDB92249E
:10D750000000000000000000244992DBFFFFFFFFF3
:10D76000FFFFFFFFFFFFFFB66D2400246D92FFFF58
:10D77000FFFFFFFFFFB624000024DBFF4900002469
:10D78000B6FFFFFFFFFFFFFFFFFFFFFFDBB6490014
:10D79000000024242424240000004992DBDBFFFF46
:10D7A000FFFFFFFFFFDBB66D00000049B6DBFFFFA8
:10D7B000FFFFFFFFFFB624000024DBFF4900002429
:10D7C000B6FFFFFFFFFFFFFFFFFFFFFFB66D240067
:10D7D000246DB6DBFFFFB66D24000024496DB6DB77
:10D7E000FFFFDBDB926D24240000246DFFFFFFFFB1
:10D7F000FFFFFFFFFFB624000024DBFF49000024E9
:10D80000B6FFFFFFFFFFFFFFFFFFFFFF92240000B7
:10D810004992DBFFFFFFFFDB6D490000002449490F
:10D8200049494949242400002449B6DBFFFFFFFF92
:10D83000FFFFFFFFFFB624000024DBFF49000024A8
:10D84000B6FFFFFFFFFFFFFFFFFFDBDB6D00000008
:10D850006DDBFFFFFFFFFFFFDBB66D4924240000F7
:10D86000000000000024244992B6FFFFFFFFFFFFE5
:10D87000FFFFFFFFFFB624000024DBFF4900002468
:10D88000B6FFFFFFFFFFFFFFFFFFB6922400244912
:10D89000B6DBFFFFFFFFFFFFFFFFDBB6926D492402
:10D8A00024242424496DB6DBFFFFFFFFFFFFFFFFA9
:10D8B000FFFFFFFFFFB624000024DBFF4900002428
:10D8C000B6FFFFFFFFFFFFFFFFFF924900004992F5
:10D8D000DBFFFFFFFFFFFFFFFFFFFFFFFFFFDBDBC4
:10D8E000DBDBDBDBDBFFFFFFFFFFFFFFFFFFFFFFFC
:10D8F000FFFFFFFFFFB624000024DBFF49000024E8
:10D90000B6FFFFFFFFFFFFFFFFFF924924246DB624
:10D91000FFFFFFFFFFFFFFFFFFFFFFFFFFFFFFFF17
:10D92000FFFFFFFFFFFFFFFFFFFFFFFFFFFFFFFF07
:10D93000FFFFFFFFFFB624000024DBFF49000024A7
:10D94000B6FFFFFFFFFFFFFFFFFFB6926D6DB6FF53
:10D95000FFFFFFFFFFFFFFFFFFFFFFFFFFFFFFFFD7
:10D96000FFFFFFFFFFFFFFFFFFFFFFFFFFFFFFFFC7
:10D97000FFFFFFFFFFB624000024DBFF4900002467
:10D98000B6FFFFFFFFFFFFFFFFFFFFFFFFFFFFFFF0
:10D99000FFFFFFFFFFFFFFFFFFFFFFFFFFFFFFFF97
:10D9A000FFFFFFFFFFFFFFFFFFFFFFFFFFFFFFFF87
:10D9B000FFFFFFFFFFB624000024DBFF4900002427
:10D9C000B6FFFFFFFFFFFFFFFFFFFFFFFFFFFFFFB0
:10D9D000FFFFFFFFFFFFFFFFFFFFFFFFFFFFFFFF57
:10D9E000FFFFFFFFFFFFFFFFFFFFFFFFFFFFFFFF47
:10D9F000FFFFFFFFFFB624000024DBFF49000024E7
:10DA0000B6FFFFFFFFFFFFFFFFFFFFFFFFFFFFFF6F
:10DA1000FFFFFFFFFFFFFFFFFFFFFFFFFFFFFFFF16
:10DA2000FFFFFFFFFFFFFFFFFFFFFFFFFFFFFFFF06
:10DA3000FFFFFFFFFFB624000024DBFF49000024A6
:10DA4000B6FFFFFFFFFFFFFFFFFFFFFFFFFFFFFF2F
:10DA5000FFFFFFFFDBDBFFFFFFFFFFFFDBDBFFFF66
:10DA6000FFFFFFFFDBDBDBFFFFFFFFFFFFFFFFFF32
:10DA7000FFFFFFFFFFB624000024DBFF4900002466
:10DA8000B6FFFFFFFFFFFFFFFFFFFFFFFFFFFFFFEF
:10DA9000FFFFB692494992DBFFFFDB92494992B6FC
:10DAA000FFFFFFB649496DB6FFFFFFFFFFFFFFFF16
:10DAB000FFFFFFFFFFB624000024DBFF4900002426
:10DAC000B6FFFFFFFFFFFFFFFFFFFFFFFFFFFFFFAF
:10DAD000FFFFB64900006DB6FFFFDB6D0000499205
:10DAE000FFFFDB9200002492FFFFFFFFFFFFFFFF1D
:10DAF000FFFFFFFFFFB624000024DBFF49000024E6
:10DB0000B6FFFFFFFFFFFFFFFFFFFFFFFFFFFFFF6E
:10DB1000FFFF9224000049B6FFFFB649000024929F
:10DB2000FFFFDB6D0000006DFFFFFFFFFFFFFFFF4A
:10DB3000FFFFFFFFFFB624000024DBFF49000024A5
:10DB4000B6FFFFFFFFFFFFFFFFFFFFFFFFFFFFFF2E
:10DB5000FFFF9224000049B6FFFFB649000024925F
:10DB6000FFFFDB6D0000006DFFFFFFFFFFFFFFFF0A
:10DB7000FFFFFFFFFFB624000024DBFF4900002465
:10DB8000B6FFFFFFFFFFFFFFFFFFFFFFFFFFFFFFEE
:10DB9000FFFF9224000049B6FFFFB649000024921F
:10DBA000FFFFDB6D0000006DFFFFFFFFFFFFFFFFCA
:10DBB000FFFFFFFFFFB624000024DBFF4900002425
:10DBC000B6FFFFFFFFFFFFFFFFFFFFFFFFFFFFFFAE
:10DBD000FFFF9224000049B6FFFFB64900002492DF
:10DBE000FFFFDB6D0000006DFFFFFFFFFFFFFFFF8A
:10DBF000FFFFFFFFFFB624000024DBFF49000024E5
:10DC0000B6FFFFFFFFFFFFFFFFFFFFFFFFFFFFFF6D
:10DC1000FFFF9224000049B6FFFFB649000024929E
:10DC2000FFFFDB6D0000006DFFFFFFFFFFFFFFFF49
:10DC3000FFFFFFFFFFB624000024DBFF49000024A4
:10DC4000B6FFFFFFFFFFFFFFFFFFFFFFFFFFFFFF2D
:10DC5000FFFF9224000049B6FFFFB649000024925E
:10DC6000FFFFDB6D0000006DFFFFFFFFFFFFFFFF09
:10DC7000FFFFFFFFFFB624000024DBFF4900002464
:10DC8000B6FFFFFFFFFFFFFFFFFFFFFFFFFFFFFFED
:10DC9000FFFF9224000049B6FFFFB649000024921E
:10DCA000FFFFDB6D0000006DFFFFFFFFFFFFFFFFC9
:10DCB000FFFFFFFFFFB624000024DBFF4900002424
:10DCC000B6FFFFFFFFFFFFFFFFFFFFFFFFFFFFFFAD
:10DCD000FFFF9224000049B6FFFFB64900002492DE
:10DCE000FFFFDB920000246DFFFFFFFFFFFFFFFF40
:10DCF000FFFFFFFFFFB624000024DBFF49000024E4
:10DD0000B6FFFFFFFFFFFFFFFFFFFFFFFFFFFFFF6C
:10DD1000FFFF9224000049B6FFFFB649000024929D
:10DD2000FFFFFFB649494992FFFFFFFFFFFFFFFFDB
:10DD3000FFFFFFFFFFB624000024DBFF49000024A3
:10DD4000B6FFFFFFFFFFFFFFFFFFFFFFFFFFFFFF2C
:10DD5000FFFF9224000049B6FFFFB649000024925D
:10DD6000FFFFFFFFDBDBDBFFFFFFFFFFFFFFFFFF2F
:10DD7000FFFFFFFFFFB624000024DBFF4900002463
:10DD8000B6FFFFFFFFFFFFFFFFFFFFFFFFFFFFFFEC
:10DD9000FFFF9224000049B6FFFFB649000024921D
:10DDA000FFFFFFDBB6B6B6DBFFFFFFFFFFFFFFFFA6
:10DDB000FFFFFFFFFFB624000024DBFF4900002423
:10DDC000B6FFFFFFFFFFFFFFFFFFFFFFFFFFFFFFAC
:10DDD000FFFF9224000049B6FFFFB64900002492DD
:10DDE000FFFFFF9224244992FFFFFFFFFFFFFFFF89
:10DDF000FFFFFFFFFFB624000024DBFF49000024E3
:10DE0000B6FFFFFFFFFFFFFFFFFFFFFFFFFFFFFF6B
:10DE1000FFFF9249000049B6FFFFB6490000249277
:10DE2000FFFFDB920000006DFFFFFFFFFFFFFFFF22
:10DE3000FFFFFFFFFFB624000024DBFF49000024A2
:10DE4000B6FFFFFFFFFFFFFFFFFFFFFFFFFFFFFF2B
:10DE5000FFFFB64924246DB6FFFFB64900002492A7
:10DE6000FFFFDB6D0000006DFFFFFFFFFFFFFFFF07
:10DE7000FFFFFFFFFFB624000024DBFF4900002462
:10DE8000B6FFFFFFFFFFFFFFFFFFFFFFFFFFFFFFEB
:10DE9000FFFFDB929292B6DBFFFFB64900002492AF
:10DEA000FFFFDB920000246DFFFFFFFFFFFFFFFF7E
:10DEB000FFFFFFFFFFB624000024DBFF4900002422
:10DEC000B6FFFFFFFFFFFFFFFFFFFFFFFFFFFFFFAB
:10DED000FFFFFFFFFFFFFFFFFFFFB6490000249297
:10DEE000FFFFFFB649496DB6FFFFFFFFFFFFFFFFD2
:10DEF000FFFFFFFFFFB624000024DBFF49000024E2
:10DF0000B6FFFFFFFFFFFFFFFFFFFFFFFFFFFFFF6A
:10DF1000FFFFFFFFFFFFFFFFFFFFB6490000249256
:10DF2000FFFFFFFFDBDBDBFFFFFFFFFFFFFFFFFF6D
:10DF3000FFFFFFFFFFB624000024DBFF49000024A1
:10DF4000B6FFFFFFFFFFFFFFFFFFFFFFFFFFFFFF2A
:10DF5000FFFFFFFFFFFFFFFFFFFFB6490000249216
:10DF6000FFFFFFFFFFFFFFFFFFFFFFFFFFFFFFFFC1
:10DF7000FFFFFFFFFFB624000024DBFF4900002461
:10DF8000B6FFFFFFFFFFFFFFFFFFFFFFFFFFFFFFEA
:10DF9000FFFFFFFFFFFFFFFFFFFFB64900002492D6
:10DFA000FFFFFFFFFFFFFFFFFFFFFFFFFFFFFFFF81
:10DFB000FFFFFFFFFFB624000024DBFF4900002421
:10DFC000B6FFFFFFFFFFFFFFFFFFFFFFFFFFFFFFAA
:10DFD000FFFFFFFFFFFFFFFFFFFFB6490000249296
:10DFE000FFFFFFFFFFFFFFFFFFFFFFFFFFFFFFFF41
:10DFF000FFFFFFFFFFB624000024DBFF49000024E1
:10E00000B6FFFFFFFFFFFFFFFFFFFFFFFFFFFFFF69
:10E01000FFFFFFFFFFFFFFFFFFFFB6490000249255
:10E02000FFFFFFFFFFFFFFFFFFFFFFFFFFFFFFFF00
:10E03000FFFFFFFFFFB624000024DBFF49000024A0
:10E04000B6FFFFFFFFFFFFFFFFFFFFFFFFFFFFFF29
:10E05000FFFFFFFFFFFFFFFFFFFFB66D00004992CC
:10E06000FFFFFFFFFFFFFFFFFFFFFFFFFFFFFFFFC0
:10E07000FFFFFFFFFFDB24240049DBFF49240024CE
:10E0800092DBFFFFFFFFFFFFFFFFFFFFFFFFFFFF31
:10E09000FFFFFFFFFFFFFFFFFFFFDB9249496DB668
:10E0A000FFFFFFFFFFFFFFFFFFFFFFFFFFFFFFFF80
:10E0B000FFFFFFFFFFDB6D49496DDBFF6D4900008E
:10E0C0006D92DBFFFFFFFFFFFFFFFFFFFFFFFFFF83
:10E0D000FFFFFFFFFFFFFFFFFFFFFFFFDBDBFFFF98
:10E0E000FFFFFFFFFFFFFFFFFFFFFFFFFFFFFFFF40
:10E0F000FFFFFFFFFFFFFFDBDBFFFFFFB66D24002D
:10E100002449B6FFFFFFFFFFFFFFFFFFFFFFFFFFF9
:10E11000FFFFFFFFFFFFFFFFFFFFFFFFFFFFFFFF0F
:10E12000FFFFFFFFFFFFFFFFFFFFFFFFFFFFFFFFFF
:10E13000FFFFFFFFFFFFFFFFFFFFFFFFDBB64924ED
:10E1400000246DB6DBFFFFFFFFFFFFFFFFFFFFFFB8
:10E15000FFFFFFFFFFFFFFFFFFFFFFFFFFFFFFFFCF
:10E16000FFFFFFFFFFFFFFFFFFFFFFFFFFFFFFFFBF
:10E17000FFFFFFFFFFFFFFFFFFFFFFFFFFDB6D491B
:10E180000000244992B6DBFFFFFFFFFFFFFFFFFF08
:10E19000FFFFFFFFFFFFFFFFFFFFFFFFFFFFFFFF8F
:10E1A000FFFFFFFFFFFFFFFFFFFFFFFFFFFFFFFF7F
:10E1B000FFFFFFFFFFFFFFFFFFFFFFFFFFFFDBB6DC
:10E1C00049240000242449494949494949494949C0
:10E1D00049494949494949494949494949494949AF
:10E1E000494949494949494949494949494949499F
:10E1F000494949494949494949496D92FFFFFFFF4A
:10E20000B692492400000000000000000000000059
:10E2100000000000000000000000000000000000FE
:10E2200000000000000000000000000000000000EE
:10E23000000000000000000000002449FFFFFFFF75
:10E24000FFFFB6926D49242424242424242424246A
:10E25000242424242424242424242424242424247E
:10E26000242424242424242424242424242424246E
:10E2700024242424242424242424496DFFFFFFFF84
:10E28000FFFFFFFFFFFFFFFFFFFFFFFFFFFFFFFF9E
:10E29000FFFFFFFFFFFFFFFFFFFFFFFFFFFFFFDBB2
:10E2A000B6926D494924242449496D92B6DBFFFF9B
:10E2B000FFFFFFFFFFFFFFFFFFFFFFFFFFFFFFFF6E
:10E2C000FFFFFFFFFFFFFFFFFFFFFFFFFFFFFFFF5E
:10E2D000FFFFFFFFFFFFFFFFFFFFFFFFFFDB926D71
:10E2E000492424000000000000002424496D92B657
:10E2F000DBFFFFFFFFFFFFFFFFFFFFFFFFFFFFFF52
:10E30000FFFFFFFFFFFFFFFFFFFFFFFFFFFFFFFF1D
:10E31000FFFFFFFFFFFFFFFFFFFFFFFFB66D2400C2
:10E3200000000000000000000000000000000049A4
:10E3300092DBFFFFFFFFFFFFFFFFFFFFFFFFFFFF7E
:10E34000FFFFFFFFFFFFFFFFFFFFFFFFFFFFFFFFDD
:10E35000FFFFFFFFFFFFFFFFFFFFDB6D2424000037
:10E3600024496D92B6B6B6B6B692926D24000000FE
:10E370002449B6FFFFFFFFFFFFFFFFFFFFFFFFFF87
:10E38000FFFFFFFFFFFFFFFFFFFFFFFFFFFFFFFF9D
:10E39000FFFFFFFFFFFFFFFFFFB66D2400002449D2
:10E3A00092B6DBDBFFFFFFFFFFFFDBB6926D492478
:10E3B00000004992DBFFFFFFFFFFFFFFFFFFFFFFB2
:10E3C000FFFFFFFFFFFFFFFFFFFFFFFFFFFFFFFF5D
:10E3D000FFFFFFFFFFFFFFFFB6490000244992DB6C
:10E3E000FFFFFFFFFFFFFFFFFFFFFFFFFFDBB66D3C
:10E3F0002400002492FFFFFFFFFFFFFFFFFFFFFF4E
:10E40000FFFFFFFFFFFFFFFFFFFFFFFFFFFFFFFF1C
:10E41000FFFFFFFFFFFFFFB64900002492B6DBFFBE
:10E42000FFFFFFFFFFFFFFFFFFFFFFFFFFFFFFDB20
:10E43000924900002492DBFFFFFFFFFFFFFFFFFF79
:10E44000FFFFFFFFFFFFFFFFFFFFFFFFFFFFFFFFDC
:10E45000FFFFFFFFFFFFB64900004992DBFFFFFF10
:10E46000FFFFFFFFFFFFFFFFFFFFFFFFFFFFFFFFBC
:10E47000FFB64924002492FFFFFFFFFFFFFFFFFFCD
:10E48000FFFFFFFFFFFFFFFFFFFFFFFFFFFFFFFF9C
:10E49000FFFFFFFFFFDB6D000024B6DBFFFFFFFF88
:10E4A000FFFFFFFFFFFFFFFFFFFFFFFFFFFFFFFF7C
:10E4B000FFFFB66D000049B6FFFFFFFFFFFFFFFF44
:10E4C000FFFFFFB69292FFFFFFFFFFFFFFFFFFFF7F
:10E4D000FFFFFFFFDB9224004992DBFFFFFFFFFFFE
:10E4E000FFFFFFFFFFFFFFFFFFFFFFFFFFFFFFFF3C
:10E4F000FFFFFFB66D00006DDBFFFFFFFFFFFFFFBB
:10E50000FFFFFF492449DBFFFFFFFFFFFFFFFFFF86
:10E51000FFFFFFFFB649000092DBFFFFFFFFFFFF99
:10E52000FFFFFFFFFFDBDBDBDBDBFFFFFFFFFFFFAF
:10E53000FFFFFFFFB624002492FFFFFFFFFFFFFF56
:10E54000FFFFFF49002492DBFFFFFFFFFFFFFFFFFC
:10E55000FFFFFFFF6D00006DDBFFFFFFFFFFFFFF11
:10E56000FFFFFFFFDB492424496DB6FFFFFFFFFFDC
:10E57000FFFFFFFFFF92240024DBFFFFFFFFFFFFF1
:10E58000FFFFFF92240049B6FFFFFFFFFFFFFFFFE1
:10E59000FFFFFFB6240024B6FFFFFFFFFFFFFFFFD2
:10E5A000FFFFFFFFB62400000024496DB6DBFFFF2C
:10E5B000FFFFFFFFFFDB49000092DBFFFFFFFFFFD4
:10E5C000FFFFFFDB6D00006DDBFFFFFFFFFFFFFFC5
:10E5D000FFFFDB9224246DFFFFFFFFFFFFFFFFFF24
:10E5E000FFFFFFFFDB4924242400000049B6FFFFA2
:10E5F000FFFFFFFFFFFF92240049B6FFFFFFFFFF71
:10E60000FFFFFFFF9224004992FFFFFFFFFFFFFF84
:10E61000FFFFFF922449B6FFFFFFFFFFFFFFFFFF51
:10E62000FFFFFFFFFFDBB6B692492400004992FFCF
:10E63000FFFFFFFFFFFFDB6D000092FFFFFFFFFF0B
:10E64000FFFFFFFFDB6D00006DDBFFFFFFFFFFFF44
:10E65000FFFFFFB692B6FFFFFFFFFFFFFFFFFFFFC9
:10E66000FFFFFFFFFFFFFFFFDBB66D49000049B66C
:10E67000FFFFFFFFFFFFFF9200006DFFFFFFFFFFA7
:10E68000FFFFFFFFDBB6240024B6DBFFFFFFFFFF29
:10E69000FFFFFFFFFFFFFFFFFFFFFFFFFFFFFFFF8A
:10E6A000FFFFFFFFFFFFFFFFFFFFFFB64900006D09
:10E6B000DBFFFFFFFFFFFFB6240049DBFFFFFFFF8B
:10E6C000FFFFFF9249240000002449494949494974
:10E6D00049494949494949494949494949494949AA
:10E6E00049494949496D92DBFFFFFFFF92490024E8
:10E6F00092FFFFFFFFFFFFDB6D002492FFFFFFFF94
:10E70000FFFFFF6D0000000000000000000000009F
:10E7100000000000000000000000000000000000F9
:10E720000000000000244992DBFFFFFFDB920000A5
:10E7300049DBFFFFFFFFFFDB92000092FFFFFFFFBF
:10E74000FFFFFF6D2400000000000000000000003B
:10E7500000000000000000000000000000000000B9
:10E76000000000000000002492DBFFFFFFB6240041
:10E770002492FFFFFFFFFFFFB624006DFFFFFFFFA6
:10E78000FFFFFFDBB692B6B6B6B6B6B6B6B6B6B64D
:10E79000B6B6B6B6B6B6B6B6B6B6B6B6B6B6B6B619
:10E7A000B6B6B692926D240024B6FFFFFFDB6D244F
:10E7B000006DFFFFFFFFFFFFDB240049FFFFFFFFAE
:10E7C000FFFFFFFFFFFFFFFFFFFFFFFFFFFFFFFF59
:10E7D000FFFFFFFFFFFFFFFFFFFFFFFFFFFFFFFF49
:10E7E000FFFFFFFFFFB66D00006DFFFFFFFFB624C8
:10E7F0000049DBFFFFFFFFFFDB240049FFFFFFFFB6
:10E80000FFFFFFFFFFFFFFFFFFFFFFFFFFFFFFFF18
:10E81000FFFFFFFFFFFFFFFFFFFFFFFFFFFFFFFF08
:10E82000FFFFFFFFFFFFB6240049B6FFFFFFDB2419
:10E830000024DBFFFFFFFFFFDB240049FFFFFFFF9A
:10E84000FFFFFFFFFFFFFFFFFFFFFFFFFFFFFFFFD8
:10E85000FFFFFFFFFFFFFFFFFFFFFFFFFFFFFFFFC8
:10E86000FFFFFFFFFFFFDB490049B6FFFFFFFF4946
:10E870000024DBFFFFFFFFFFFF240049FFFFFFFF36
:10E88000FFFFFFFFFFFFFFFFFFFFFFFFFFFFFFFF98
:10E89000FFFFFFFFFFFFFFFFFFFFFFFFFFFFFFFF88
:10E8A000FFFFFFFFFFFFDB490049B6FFFFFFFF4906
:10E8B0000024DBFFFFFFFFFFDB240049FFFFFFFF1A
:10E8C000FFFFFFFFFFFFFFFFFFFFFFFFFFFFFFFF58
:10E8D000FFFFFFFFFFFFFFFFFFFFFFFFFFFFFFFF48
:10E8E000FFFFFFFFFFFFB6240049B6FFFFFFDB2459
:10E8F0000024DBFFFFFFFFFFDB240049FFFFFFFFDA
:10E90000FFFFFFFFFFFFFFFFFFFFFFFFFFFFFFFF17
:10E91000FFFFFFFFFFFFFFFFFFFFFFFFFFFFFFFF07
:10E92000FFFFFFFFFFDB9200006DDBFFFFFFB62460
:10E930000049DBFFFFFFFFFFDB240049FFDBDBDBE0
:10E94000DBDBDBDBDBDBDBDBDBDBDBDBDBDBDBDB17
:10E95000DBDBDBDBDBDBDBDBDBDBDBDBDBDBDBDB07
:10E96000DBDBDBDBDB9224000092FFFFFFDB92248A
:10E970000049DBFFFFFFFFFFB624006D92494949C4
:10E9800049494949494949494949494949494949F7
:10E9900049494949494949494949494949494949E7
:10E9A00049494949242400006DDBFFFFFFDB490092
:10E9B0002492FFFFFFFFFFDB920024926D00000016
:10E9C0000000000000000000000000000000000047
:10E9D0000000000000000000000000000000000037
:10E9E0000000000000002449B6FFFFFFFFB624002E
:10E9F00049B6FFFFFFFFFFDB490024B66D2400008E
:10EA00000000000000000000000000000000000006
:10EA100000000000000000000000000000000000F6
:10EA20000000000024496DDBFFFFFFFFB66D000012
:10EA30006DFFFFFFFFFFFFB6240049DBDBB6B6B674
:10EA4000B6B6B6B6B6B6B6B692922400004992B63D
:10EA5000B6B6B6B6B6B6B6B6B6B6B6B6B6B6B6B656
:10EA6000B6B6B6B6B6B6DBFFFFFFFFDB6D240049D6
:10EA7000B6FFFFFFFFFFFF9200006DFFFFFFFFFFEC
:10EA8000FFFFFFFFFFFFFFFFFFDB6D240049B6FF25
:10EA9000FFFFFFFFDBB6DBFFFFFFFFFFFFFFFFFF17
:10EAA000FFFFFFFFFFFFFFFFFFDBB66D2400249297
:10EAB000FFFFFFFFFFFFB66D000092FFFFFFFFFFAC
:10EAC000FFFFFFFFFFFFFFFFFFFFDB6D002492FF53
:10EAD000FFFFFFFF6D496DFFFFFFFFFFFFFFFFFF20
:10EAE000FFFFFFFFFFFFFFDBB66D240000246DDB9F
:10EAF000FFFFFFFFFFFF92240049B6FFFFFFFFFF6C
:10EB0000FFFFFFFFFFFFFFFFFFFFFF92000092FFED
:10EB1000FFFFFFFF490024B6FFFFFFFFFFFFFFFFDE
:10EB2000FFFFFFDB926D6D49492400002492DBFF5B
:10EB3000FFFFFFFFFFDB49000092FFFFFFFFFFFF2A
:10EB4000FFFFFFFFFFFFFFFFFFFFFF92000092FFAD
:10EB5000FFFFFFFF6D000049B6FFFFFFFFFFFFFF54
:10EB6000FFFFFFDB490000000000244992DBFFFFAC
:10EB7000FFFFFFFFDB6D240049DBFFFFFFFFFFFF0F
:10EB8000FFFFFFFFFFFFFFFFFFFFDB6D000092FFB6
:10EB9000FFFFFFFFB64900006DDBFFFFFFFFFFFF38
:10EBA000FFFFFFDB49000024244992DBFFFFFFFF4A
:10EBB000FFFFFFFFB624002492FFFFFFFFFFFFFFD0
:10EBC000FFFFFFFFFFFFFFFFFFDB92240049B6FFBF
:10EBD000FFFFFFFFFF9224002492DBFFFFFFFFFFF8
:10EBE000FFFFFFFFB6929292B6B6DBFFFFFFFFFF7B
:10EBF000FFFFFFB64900246DDBFFFFFFFFFFFFFFB4
:10EC0000DBDBDBDBDBDBDBDBDBB64900006DDBFF0B
:10EC1000FFFFFFFFFFDB6D00002492DBFFFFFFFF24
:10EC2000FFFFFFFFFFFFFFFFFFFFFFFFFFFFFFFFF4
:10EC3000FFFFB649000049B6FFFFFFFFFFFFDB6D96
:10EC400049242424242424242424000049B6FFFF3A
:10EC5000FFFFFFFFFFFFDB4900002492DBFFFFFF08
:10EC6000FFFFFFFFFFFFFFFFFFFFFFFFFFFFFFFFB4
:10EC7000DB9249000024B6FFFFFFFFFFFFFFDB49E7
:10EC800000000000000000000000000049DBFFFF62
:10EC9000FFFFFFFFFFFFFFB66D2400246DB6DBFF13
:10ECA000FFFFFFFFFFFFFFFFFFFFFFFFFFFFFFB6BD
:10ECB000924900004992DBFFFFFFFFFFFFFFDB6D82
:10ECC00024242424242424242400000049DBFFFFDE
:10ECD000FFFFFFFFFFFFFFFFB6492400004992DB63
:10ECE000FFFFFFFFFFFFFFFFFFFFFFFFFFDBB64957
:10ECF0002400004992FFFFFFFFFFFFFFFFFFFFDB44
:10ED0000B6B6B6B6B6B6B6B6B69224002492DBFF57
:10ED1000FFFFFFFFFFFFFFFFFFB66D240000244948
:10ED20006D92B6DBFFFFFFFFFFDBDBB692492400ED
:10ED300000006DB6DBFFFFFFFFFFFFFFFFFFFFFFE0
:10ED4000FFFFFFFFFFFFFFFFFFDB6D240049B6FF62
:10ED5000FFFFFFFFFFFFFFFFFFFFDB9249240000E3
:10ED600024496D6D9292929292926D4924000024F2
:10ED7000496DB6FFFFFFFFFFFFFFFFFFFFFFFFFF34
:10ED8000FFFFFFFFFFFFFFFFFFFFDB6D000092FFB4
:10ED9000FFFFFFFFFFFFFFFFFFFFFFFFDB6D240013
:10EDA0000000000000000000000000000000246DD2
:10EDB000B6FFFFFFFFFFFFFFFFFFFFFFFFFFFFFFAC
:10EDC000FFFFFFFFFFFFFFFFFFFFFF92000092FF2B
:10EDD000FFFFFFFFFFFFFFFFFFFFFFFFFFDBB6921D
:10EDE0006D49240000000000000024496D92B6DB4C
:10EDF000FFFFFFFFFFFFFFFFFFFFFFFFFFFFFFFF23
:10EE0000FFFFFFFFFFFFFFFFFFFFFF92000092FFEA
:10EE1000FFFFFFFFFFFFFFFFFFFFFFFFFFFFFFFF02
:10EE2000DB92926D49494949496D6D92B6DBFFFF0E
:10EE3000FFFFFFFFFFFFFFFFFFFFFFFFFFFFFFFFE2
:10EE4000FFFFFFFFFFFFFFFFFFFFDB6D000092FFF3
:10EE5000FFFFFFFFFFFFFFFFFFFFFFFFFFFFFFFFC2
:10EE6000FFFFFFFFFFFFFFFFFFFFFFFFFFFFFFFFB2
:10EE7000FFFFFFFFFFFFFFFFFFFFFFFFFFFFFFFFA2
:10EE8000FFFFFFFFFFFFFFFFFFDB92240049B6FFFC
:10EE9000FFFFFFFFFFFFFFFFFFFFFFFFFFFFFFFF82
:10EEA000FFFFFFFFFFFFFFFFFFFFFFFFFFFFFFFF72
:10EEB000FFFFFFFFFFFFFFFFFFFFFFFFDBDBDBDBF2
:10EEC000DBDBDBDBDBDBDBDBB6922400006DDBFFB7
:10EED000FFFFFFFFFFFFFFFFFFFFFFFFFFFFFFFF42
:10EEE000FFFFFFFFFFFFFFFFFFFFFFFFFFFFFFFF32
:10EEF000FFFFFFFFFFFFFFFFFFFFFFFF92492424FB
:10EF000024242424242424242424000049B6FFFF9C
:10EF1000FFFFFFFFFFFFFFFFFFFFFFFFFFFFFFFF01
:10EF2000FFFFFFFFFFFFFFFFFFFFFFFFFFFFFFFFF1
:10EF3000FFFFFFFFFFFFFFFFFFFFFFFF6D00000070
:10EF4000000000000000000000002449B6FFFFFFA1
:10EF5000FFFFFFFFFFFFFFFFFFFFFFFFFFFFFFFFC1
:10EF6000FFFFFFFFFFFFFFFFFFFFFFFFFFFFFFFFB1
:10EF7000FFFFFFFFFFFFFFFFFFFFFFFF6D240024E8
:10EF80002424242424000000000049B6FFFFFFFFD2
:10EF9000FFFFFFFFFFFFFFFFFFFFFFFFFFFFFFFF81
:10EFA000FFFFFFFFFFFFFFFFFFFFFFFFFFFFFFFF71
:10EFB000FFFFFFFFFFFFFFFFFFFFFFFFDBDBDBDBF1
:10EFC000DBDBDBDBDBB69249000049B6FFFFFFFF6E
:10EFD000FFFFFFFFFFFFFFFFFFFFFFFFFFFFFFFF41
:10EFE000FFFFFFFFFFFFFFFFFFFFFFFFFFFFFFFF31
:10EFF000FFFFFFFFFFFFFFFFFFFFFFFFFFFFFFFF21
:10F00000FFFFFFFFFFFFDB9249002492FFFFFFFF9E
:10F01000FFFFFFFFFFFFFFFFFFFFFFFFFFFFFFFF00
:10F02000FFFFFFFFFFFFFFFFFFFFFFFFFFFFFFFFF0
:10F03000FFFFFFFFFFFFFFFFFFFFFFFFFFFFFFFFE0
:10F04000FFFFFFFFFFFFFFDB9200006DFFFFFFFFF1
:10F05000FFFFFFFFFFFFFFFFFFFFFFFFFFFFFFFFC0
:10F06000FFFFFFFFFFFFFFFFFFFFFFFFFFFFFFFFB0
:10F07000FFFFFFFFFFFFFFFFFFFFFFFFFFFFFFFFA0
:10F08000FFFFFFFFFFFFFFFFB600006DFFFFFFFF69
:10F09000FFFFFFFFFFFFFFFFFFFFFFFFFFFFFFFF80
:10F0A000FFFFFFFFFFFFFFFFFFFFFFFFFFFFFFFF70
:10F0B000FFFFFFFFFFFFFFFFFFFFFFFFFFFFFFFF60
:10F0C000FFFFFFFFFFFFFFFFB600006DFFFFFFFF29
:10F0D000FFFFFFFFFFFFFFFFFFFFFFFFFFFFFFFF40
:10F0E000FFFFFFFFFFFFFFFFFFFFFFFFFFFFFFFF30
:10F0F000FFFFFFFFFFFFFFFFFFFFFFFFFFFFFFFF20
:10F10000FFFFFFFFFFFFFFDB9200006DFFFFFFFF30
:10F11000FFFFFFFFFFFFFFFFFFFFFFFFFFFFFFFFFF
:10F12000FFFFFFFFFFFFFFFFFFFFFFFFFFFFFFFFEF
:10F13000FFFFFFFFFFFFFFFFFFFFFFFFFFFFFFFFDF
:10F14000FFFFFFFFFFFFDB9249002492FFFFFFFF5D
:10F15000FFFFFFFFFFFFFFFFFFFFFFFFFFFFFFFFBF
:10F16000FFFFFFFFFFFFFFFFFFFFFFFFFFFFFFFFAF
:10F17000FFFFFFFFFFFFFFFFFFFFFFFFFFFFFFDBC3
:10F18000DBB6B6B6B6B6924900006DDBFFFFFFFFF7
:10F19000FFFFFFFFFFFFFFFFFFFFFFFFFFFFFFFF7F
:10F1A000FFFFFFFFFFFFFFFFFFFFFFFFFFFFFFFF6F
:10F1B000FFFFFFFFFFFFFFFFFFFFFFFFFFFFDB4939
:10F1C00024000000000000000024B6FFFFFFFFFF46
:10F1D000FFFFFFFFFFFFFFFFFFFFFFFFFFFFFFFF3F
:10F1E000FFFFFFFFFFFFFFFFFFFFFFFFFFFFFFFF2F
:10F1F000FFFFFFFFFFFFFFFFFFFFFFFFFFFFDB49F9
:10F2000000000000000000244992FFFFFFFFFFFF05
:10F21000FFFFFFFFFFFFFFFFFFFFFFFFFFFFFFFFFE
:10F22000FFFFFFFFFFFFFFFFFFFFFFFFFFFFFFFFEE
:10F23000FFFFFFFFFFFFFFFFFFFFFFFFFFFFDB6D94
:10F24000492424242424496DB6FFFFFFFFFFFFFF5C
:10F25000FFFFFFFFFFFFFFFFFFFFFFFFFFFFFFFFBE
:10F26000FFFFFFFFFFFFFFFFFFFFFFFFFFFFFFFFAE
:10F27000FFFFFFFFFFFFFFFFFFFFFFFFFFFFFFFF9E
:10F28000FFFFFFFFFFFFFFFFFFFFFFFFFFFFFFFF8E
:10F29000FFFFFFFFFFFFFFFFFFFFFFFFFFFFFFFF7E
:10F2A000FFFFFFFFFFFFFFFFFFFFFFFFFFFFFFFF6E
:10F2B000FFFFFFFFFFFFFFFFB66D6DB6FFFFFFFF14
:10F2C000FFFFFFFFFFFFFFFFFFFFFFFFFFFFFFFF4E
:10F2D000FFFFFFFFFFFFFFFFFFFFFFFFFFFFFFFF3E
:10F2E000FFFFFFFFFFFFFFFFFFFFFFFFFFFFFFFF2E
:10F2F000FFFFFFFFFFFFFFDB6D24246DFFFFFFFF1C
:10F30000FFFFFFFFFFFFFFFFFFFFFFFFFFFFFFFF0D
:10F31000FFFFFFFFFFFFFFFFFFFFFFFFFFFFFFFFFD
:10F32000FFFFFFFFFFFFFFFFFFFFFFFFFFFFFFFFED
:10F33000FFFFFFFFFFFFFFB64900246DFFFFFFFF48
:10F34000FFFFFFFFFFFFFFFFFFFFFFFFFFFFFFFFCD
:10F35000FFFFFFFFFFFFFFFFFFFFFFFFFFFFFFFFBD
:10F36000FFFFFFFFFFFFFFFFFFFFFFFFFFFFFFFFAD
:10F37000FFFFFFFFFFFFFF6D24002492FFFFFFFF51
:10F38000FFFFFFFFFFFFFFFFFFFFFFFFFFFFFFFF8D
:10F39000FFFFFFFFFFFFFFFFFFFFFFFFFFFFFFFF7D
:10F3A000FFFFFFFFFFFFFFFFFFFFFFFFFFFFFFFF6D
:10F3B000FFFFFFFFFFFFDB49000049B6FFFFFFFF34
:10F3C000FFFFFFFFFFFFFFFFFFFFFFFFFFFFFFFF4D
:10F3D000FFFFFFFFFFFFFFFFFFFFFFFFFFFFFFFF3D
:10F3E000FFFFFFFFFFFFFFFFFFFFFFFFFFFFFFFF2D
:10F3F000FFFFFFFFFFFFB62400006DFFFFFFFFFFD1
:10F40000FFFFFFFFFFFFFFFFFFFFFFFFFFFFFFFF0C
:10F41000FFFFFFFFFFFFFFFFFFFFFFFFFFFFFFFFFC
:10F42000FFFFFFFFFFFFFFFFFFFFFFFFFFFFFFFFEC
:10F43000FFFFFFFFFFDB9200002492FFFFFFFFFFB3
:10F44000FFFFFFFFFFFFFFFFDBB6926D6D6D92DBED
:10F45000FFFFFFFFFFFFFFFFFFFFFFFFFFFFFFFFBC
:10F46000FFFFFFFFFFFFFFFFFFFFFFFFFFFFFFFFAC
:10F47000FFFFFFFFFFB66D002449B6FFFFFFFFFF50
:10F48000FFFFFFFFFFFFFFDB924924240024496DAB
:10F49000B6DBFFFFFFFFFFFFFFFFFFFFFFFFFFFFE9
:10F4A000FFFFFFFFFFFFFFFFFFFFFFFFDBDBDBDBFC
:10F4B000DBDBDBB6B66D24004992DBFFFFFFFFFF0D
:10F4C000FFFFFFFFFFFFDB6D2400000000000000D6
:10F4D000246DDBFFFFFFFFFFFFFFFFFFFFFFFFFFCD
:10F4E000FFFFFFFFFFDBDBDBDBB6B6929292926D94
:10F4F0006D494949242400006DDBFFFFFFFFFFFF3A
:10F50000FFFFFFFFFFFF924900246D92926D2400E0
:10F51000004992DBFFDBDBDBDBB6B6B6B69292923C
:10F520006D6D6D49494949494924242424242424E2
:10F53000240000000000002492FFFFFFFFFFFFDB1C
:10F54000B6B6B6B6B6B64900006DB6DBFFDB9224A0
:10F5500000004992926D6D6D6D49494949492424D5
:10F560002400000000000000000000000000002453
:10F570002449494949496D92DBFFFFFFFFFFB692DD
:10F58000492400244949000024DBFFFFFFFFDB6D15
:10F59000000000000000000000000000000000006B
:10F5A00000000000000000002449492400002492CB
:10F5B000B6B6B6DBDBDBFFFFFFFFFFFFFF922424C5
:10F5C000000000000000000024DBFFFFFFFFFF6DD4
:10F5D00000000000002424244949496D6D6D6D929E
:10F5E00092B6B6926D0000246DB69249002449DBB4
:10F5F000FFFFFFFFFFFFFFFFFFFFFFFFB649000018
:10F6000024496D492400000024DBFFFFFFFFFF6D4C
:10F610000000006D92929292B6B6B6B6B6DBDBDB16
:10F62000DBFFFFDB6D002449B6FFB64900246DFF08
:10F63000FFFFFFFFFFFFFFFFFFFFFFFF6D24002421
:10F640006DDBDBB66D49000024DBFFFFFFFFFF6DC4
:10F65000000024DBFFFFFFFFFFFFFFFFFFFFFFFFB7
:10F66000FFFFFFDB6D00246DB6FF9249004992FF5A
:10F67000FFFFFFFFFFFFFFFFFFFFFFFF4900004904
:10F68000DBFFFFFFDB92240024DBFFFFFFFFFF6DAA
:10F69000000024DBFFFFFFFFFFFFFFFFFFFFFFFF77
:10F6A000FFFFFFB64900496DDBDB9224004992FF62
:10F6B000FFFFFFFFFFFFFFFFFFFFFFFF2400006DC5
:10F6C000FFFFFFFFFFB6240024DBFFFFFFFFFF6DFE
:10F6D000000024DBFFFFFFFFFFFFFFFFFFFFFFFF37
:10F6E000FFFFFFB649004992DBDB6D242449B6FFDA
:10F6F000FFFFFFFFFFFFFFFFFFFFFFFF4900004984
:10F70000DBFFFFFFDBB6240024DBFFFFFFFFFF6D05
:10F71000000024DBFFFFFFFFFFFFFFFFFFFFFFFFF6
:10F72000FFFFFF9224006DB6DBDB6D00246DDBFF75
:10F73000FFFFFFFFFFFFFFFFFFFFFFFF6D24002420
:10F740006DDBFFDB6D49000024DBFFFFFFFFFF6D7A
:10F75000000024DBFFFFFFFFFFFFFFFFFFFFFFFFB6
:10F76000FFFFFF9200006DDBFFDB4900246DFFFF10
:10F77000FFFFFFFFFFFFFFFFFFFFFFFFB649000096
:10F7800024496D492400000024DBFFFFFFFFFF6DCB
:10F79000000024DBFFFFFFFFFFFFFFFFFFFFFFFF76
:10F7A000FFFFFF92000092DBFFDB24002492FFFFAB
:10F7B000FFFFFFFFFFFFFFFFFFFFFFFFDB9249247B
:10F7C000000000000000000024DBFFFFFFFFFF6DD2
:10F7D000000024DBFFFFFFFFFFFFFFFFFFFFFFFF36
:10F7E000FFFFFF6D000092FFFFB624004992FFFF6C
:10F7F000FFFFFFFFFFFFFFFFFFFFFFFFFFDBB692F3
:10F80000492400244949000024DBFFFFFFFFFF6D6E
:10F81000000024DBFFFFFFFFFFFFFFFFFFFFFFFFF5
:10F82000FFFFDB6D002492FFFFB6240049B6FFFF07
:10F83000FFFFFFFFFFFFFFFFFFFFFFFFFFFFFFDBFC
:10F84000B6B6B6B6B692240024DBFFFFFFFFFF6D0D
:10F85000000024DBFFFFFFFFFFFFFFFFFFFFFFFFB5
:10F86000FFDBB6490024B6FFDB9224246DB6FFFF10
:10F87000FFFFFFFFFFFFFFFFFFFFFFFFFFFFFFFF98
:10F88000FFFFFFFFFFDB240024DBFFFFFFFFFF6D17
:10F89000000024DBFFFFFFFFFFFFFFFFFFFFFFFF75
:10F8A000FFDBB6490049B6FFDB92242492B6FFFF86
:10F8B000FFFFFFFFFFFFFFFFFFFFFFFFFFFFFFFF58
:10F8C000FFFFFFFFFFDB240024DBFFFFFFFFFF6DD7
:10F8D000000024DBFFFFFFFFFFFFFFFFFFFFFFFF35
:10F8E000FFB69249006DDBFFDB6D242492DBFFFF46
:10F8F000FFFFFFFFFFFFFFFFFFFFFFFFFFFFFFFF18
:10F90000FFFFFFFFFFDB240024DBFFFFFFFFFF6D96
:10F91000000024DBFFFFFFFFFFFFFFFFFFFFFFFFF4
:10F92000FFB692240092DBFFB6490049B6DBFFFF29
:10F93000FFFFFFFFFFFFFFFFFFFFFFFFFFFFFFFFD7
:10F94000FFFFFFFFFFDB240024DBFFFFFFFFFF6D56
:10F95000000024DBFFFFFFFFFFFFFFFFFFFFFFFFB4
:10F96000FF926D240092DBFFB6490049B6DBFFFF32
:10F97000FFFFFFFFFFFFFFFFFFFFFFFFFFFFFFFF97
:10F98000FFFFFFFFFFDB240024DBFFFFFFFFFF6D16
:10F99000000024DBFFFFFFFFFFFFFFFFFFFFFFFF74
:10F9A000FF92490024B6FFFFB624006DDBFFFFFF86
:10F9B000FFFFFFFFFFFFFFFFFFFFFFFFFFFFFFFF57
:10F9C000FFFFFFFFFFDB240024DBFFFFFFFFFF6DD6
:10F9D000000024DBFFFFFFFFFFFFFFFFFFFFFFFF34
:10F9E000FF6D490024DBFFFF9224006DFFFFFFFF46
:10F9F000FFFFFFFFFFFFFFFFFFFFFFFFFFFFFFFF17
:10FA0000FFFFFFFFFFDB240024DBFFFFFFFFFF6D95
:10FA1000000024DBFFFFFFFFFFFFFFFFFFFFFFFFF3
:10FA2000FF6D240024DBFFFF92000092FFFFFFFF29
:10FA3000FFFFFFFFFFFFFFFFFFFFFFFFFFFFFFFFD6
:10FA4000FFFFFFFFFFDB240024DBFFFFFFFFFF6D55
:10FA5000000024DBFFFFFFFFFFFFFFFFFFFFFFFFB3
:10FA6000DB6D240049DBFFFF6D000092FFFFFFFF0D
:10FA7000FFFFFFFFFFFFFFFFFFFFFFFFFFFFFFFF96
:10FA8000FFFFFFFFFFDB240024DBFFFFFFFFFF6D15
:10FA9000000024DBFFFFFFFFFFFFFFFFFFFFFFFF73
:10FAA000DB49240049FFFFDB6D002492FFFFFFFFCD
:10FAB000FFFFFFFFFFFFFFFFFFFFFFFFFFFFFFFF56
:10FAC000FFFFFFFFFFDB240024DBFFFFFFFFFF6DD5
:10FAD000000024DBFFFFFFFFFFFFFFFFFFFFFFFF33
:10FAE000B64924246DFFDBB66D0049B6FFFFFFFF6A
:10FAF000FFFFFFFFFFFFFFFFFFFFFFFFFFFFFFFF16
:10FB0000FFFFFFFFFFDB240024DBFFFFFFFFFF6D94
:10FB1000000024DBFFFFFFFFFFFFFFFFFFFFFFFFF2
:10FB20009224242492FFDBB6490049B6FFFFFFFF71
:10FB3000FFFFFFFFFFFFFFFFFFFFFFFFFFFFFFFFD5
:10FB4000FFFFFFFFFFDB240024DBFFFFFFFFFF6D54
:10FB5000000024DBFFFFFFFFFFFFFFFFFFFFFFDBD6
:10FB60009224244992FFB69249006DDBFFFFFFFF0C
:10FB7000FFFFFFFFFFFFFFFFFFFFFFFFFFFFFFFF95
:10FB8000FFFFFFFFFFDB240024DBFFFFFFFFFF6D14
:10FB9000000024DBFFFFFFFFFFFFFFFFFFFFFFDB96
:10FBA0006D240049B6FFB66D24246DDBFFFFFFFF17
:10FBB000FFFFFFFFFFFFFFFFFFFFFFFFFFFFFFFF55
:10FBC000FFFFFFFFFFDB240024DBFFFFFFFFFF6DD4
:10FBD000000024DBFFFFFFFFFFFFFFFFFFFFFFDB56
:10FBE00049000049DBFF926D242492DBFFFFFFFFF9
:10FBF000FFFFFFFFFFFFFFFFFFFFFFFFFFFFFFFF15
:10FC0000FFFFFFFFFFDB240024DBFFFFFFFFFF6D93
:10FC1000000024DBFFFFFFFFFFFFFFFFFFFFFFDB15
:10FC20004900006DFFFF92490024B6FFFFFFFFFF70
:10FC3000FFFFFFFFFFFFFFFFFFFFFFFFFFFFFFFFD4
:10FC4000FFFFFFFFFFDB240024DBFFFFFFFFFF6D53
:10FC5000000024DBFFFFFFFFFFFFFFFFFFFFFFDBD5
:10FC60002400006DFFFF92240024B6FFFFFFFFFF7A
:10FC7000FFFFFFFFFFFFFFFFFFFFFFFFFFFFFFFF94
:10FC8000FFFFFFFFFFDB240024DBFFFFFFFFFF6D13
:10FC9000000024DBFFFFFFFFFFFFFFFFFFFFFFB6BA
:10FCA00024000092FFFF6D240024DBFFFFFFFFFF15
:10FCB000FFFFFFFFFFFFFFFFFFFFFFFFFFFFFFFF54
:10FCC000FFFFFFFFFFDB240024DBFFFFFFFFFF6DD3
:10FCD000000024DBFFFFFFFFFFFFFFFFFFFFFFB67A
:10FCE00024002492FFFF6D000049DBFFFFFFFFFFB0
:10FCF000FFFFFFFFFFFFFFFFFFFFFFFFFFFFDBB681
:10FD00006D4949496D6D000024DBFFFFFFFFFF6D6A
:10FD1000000024DBFFFFFFFFFFFFFFFFFFFFDB9281
:10FD200024242492FFDB49000049DBFFFFFFFFFF93
:10FD3000FFFFFFFFFFFFFFFFFFFFFFFFFFB66D4964
:10FD4000240000002424000024DBFFFFFFFFFF6DE0
:10FD5000000024DBFFFFFFFFFFFFFFFFFFFFDB6D66
:10FD6000242449B6FFB64900246DDBFFFFFFFFFFE7
:10FD7000FFFFFFFFFFFFFFFFFFFFFFFFDB6D000047
:10FD8000000000000000000024DBFFFFFFFFFF6D0C
:10FD9000000024DBFFFFFFFFFFFFFFFFFFFFDB6D26
:10FDA00000496DB6FFB64900246DDBFFFFFFFFFF82
:10FDB000FFFFFFFFFFFFFFFFFFFFFFFF9224002475
:10FDC00049B6B6924924000024DBFFFFFFFFFF6D18
:10FDD000000024DBFFFFFFFFFFFFFFFFFFFFB6492F
:10FDE00000496DDBFF9224002492FFFFFFFFFFFF1D
:10FDF000FFFFFFFFFFFFFFFFFFFFFFFF490000497D
:10FE0000B6FFFFDBB692240024DBFFFFFFFFFF6D90
:10FE1000000024DBFFFFFFFFFFFFFFFFFFFFB649EE
:10FE2000006D92DBFF6D240049B6FFFFFFFFFFFF6F
:10FE3000FFFFFFFFFFFFFFFFFFFFFFFF4900006D18
:10FE4000FFFFFFFFFFB6240024DBFFFFFFFFFF6D76
:10FE5000000024DBFFFFFFFFFFFFFFFFFFFF9224F7
:10FE6000006D92FFFF6D240049B6FFFFFFFFFFFF0B
:10FE7000FFFFFFFFFFFFFFFFFFFFFFFF4900006DD8
:10FE8000FFFFFFFFDBB6240024DBFFFFFFFFFF6D5A
:10FE9000000024DBFFFFFFFFFFFFFFFFFFFF9200DB
:10FEA0000092B6FFDB49000049DBFFFFFFFFFFFFC9
:10FEB000FFFFFFFFFFFFFFFFFFFFFFFF49000049BC
:10FEC00092DBFFDB926D000024DBFFFFFFFFFF6D85
:10FED000000024DBFFFFFFFFFFFFFFFFFFFF6D00C0
:10FEE0000092B6FFDB2400006DDBFFFFFFFFFFFF8A
:10FEF000FFFFFFFFFFFFFFFFFFFFFFFF9224000058
:10FF00004992B6924924000024DBFFFFFFFFFF6DFA
:10FF1000000024DBFFFFFFFFFFFFFFFFFFFF6D007F
:10FF20002492DBFFDB2400006DFFFFFFFFFFFFFFDC
:10FF3000FFFFFFFFFFFFFFFFFFFFFFFFDB6D000085
:10FF4000000000000000000024DBFFFFFFFFFF6D4A
:10FF5000000024DBFFFFFFFFFFFFFFFFFFDB6D0063
:10FF600024B6DBFFB624000092FFFFFFFFFFFFFF78
:10FF7000FFFFFFFFFFFFFFFFFFFFFFFFFFB6926DD9
:10FF8000240000002424000024DBFFFFFFFFFF6D9E
:10FF9000000024DBFFFFFFFFFFFFFFFFFFB649006C
:10FFA00049B6DBFFB600002492FFFFFFFFFFFFFF13
:10FFB000FFFFFFFFFFFFFFFFFFFFFFFFFFFFFFDB75
:10FFC000926D6D6D926D240024DBFFFFFFFFFF6DCE
:10FFD000000024DBFFFFFFFFFFFFFFFFFFB649002C
:10FFE0006DB6DBDB92002449B6FFFFFFFFFFFFFF8A
:10FFF000FFFFFFFFFFFFFFFFFFFFFFFFFFFFFFFF11
:020000040802F0
:10000000FFFFFFFFFFDB240024DBFFFFFFFFFF6D8F
:10001000000024DBFFFFFFFFFFFFFFFFFF92242410
:100020006DDBDBDB6D002449B6FFFFFFFFFFFFFF49
:10003000FFFFFFFFFFFFFFFFFFFFFFFFFFFFFFFFD0
:10004000FFFFFFFFFFDB240024DBFFFFFFFFFF6D4F
:100050000000006D92B6DBFFFFFFFFFFFF6D242461
:1000600092DBFFB66D00496DB6FFFFFFFFFFFFFF9C
:10007000FFFFFFFFFFFFFFFFFFFFFFFFFFFFFFFF90
:10008000FFFFFFFFFFDB490049FFFFFFFFFFFF927C
:1000900000000024496D6D92B6B6DBDBDB4900241D
:1000A00092FFFFB649004992DBFFFFFFFFFFFFFF12
:1000B000FFFFFFFFFFFFFFFFFFFFFFFFFFFFFFFF50
:1000C000FFFFFFFFFFFF926D92FFFFFFFFFFFFB6F5
:1000D000492400000000000024496D92922400246D
:1000E000B6FFFFB624006DB6DBFFFFFFFFFFFFFF8B
:1000F000FFFFFFFFFFFFFFFFFFFFFFFFFFFFFFFF10
:10010000FFFFFFFFFFFFDBDBDBFFFFFFFFFFFFFF6B
:10011000DBB6926D49242400000024242400000052
:100120006DB6B66D24006DB6FFFFFFFFFFFFFFFF4A
:10013000FFFFFFFFFFFFFFFFFFFFFFFFFFFFFFFFCF
:10014000FFFFFFFFFFFFFFFFFFFFFFFFFFFFFFFFBF
:10015000FFFFFFDBB692926D4949242400000000A6
:100160002449492400006D92DBFFFFFFFFFFFFFFE2
:10017000FFFFFFFFFFFFFFFFFFFFFFFFFFFFFFFF8F
:10018000FFFFFFFFFFFFFFFFFFFFFFFFFFFFFFFF7F
:10019000FFFFFFFFFFFFFFFFDBB6926D4924240046
:1001A000000000000000244992B6DBFFFFFFFFFFC4
:1001B000FFFFFFFFFFFFFFFFFFFFFFFFFFFFFFFF4F
:1001C000FFFFFFFFFFFFFFFFFFFFFFFFFFFFFFFF3F
:1001D000FFFFFFFFFFFFFFFFFFFFFFDBDBDBB69251
:1001E0006D49490000000000242449B6FFFFFFFFCD
:1001F000FFFFFFFFFFFFFFFFFFFFFFFFFFFFFFFF0F
:10020000FFFFFFFFFFFFFFFFFFFFFFFFFFFFFFFFFE
:10021000FFFFFFFFFFFFFFFFFFFFFFFFFFFFFFDB12
:10022000DBB6B6926D494924242449B6FFFFFFFF8F
:10023000FFFFFFFFFFFFFFFFFFFFFFFFFFFFFFFFCE
:10024000FFFFFFFFFFFFFFFFFFFFFFFFFFFFFFFFBE
:10025000FFFFFFFFFFFFFFFFFFFFFFFFFFFFFFFFAE
:10026000FFFFFFFFFFDBB6926D6D92DBFFFFFFFF2D
:10027000FFFFFFFFFFFFFFFFFFFFFFFFFFFFFFFF8E
:10028000FFFFFFFFFFFFFFFFFFFFFFFFFFFFFFFF7E
:10029000FFFFFFFFFFFFFFFFFFFFFFFFFFFFFFFF6E
:1002A000FFFFFFFFFFFFFFFFFFFFFFFFFFFFFFFF5E
:1002B000FFFFFFFFFFFFFFFFB66D6DB6FFFFFFFF04
:1002C000FFFFFFFFFFFFFFFFFFFFFFFFFFFFFFFF3E
:1002D000FFFFFFFFFFFFFFFFFFFFFFFFFFFFFFFF2E
:1002E000FFFFFFFFFFFFFFFFFFFFFFFFFFFFFFFF1E
:1002F000FFFFFFFFFFFFFFDB6D24246DFFFFFFFF0C
:10030000FFFFFFFFFFFFFFFFFFFFFFFFFFFFFFFFFD
:10031000FFFFFFFFFFFFFFFFFFFFFFFFFFFFFFFFED
:10032000FFFFFFFFFFFFFFFFFFFFFFFFFFFFFFFFDD
:10033000FFFFFFFFFFFFFFB64900246DFFFFFFFF38
:10034000FFFFFFFFFFFFFFFFFFFFFFFFFFFFFFFFBD
:10035000FFFFFFFFFFFFFFFFFFFFFFFFFFFFFFFFAD
:10036000FFFFFFFFFFFFFFFFFFFFFFFFFFFFFFFF9D
:10037000FFFFFFFFFFFFFF6D24002492FFFFFFFF41
:10038000FFFFFFFFFFFFFFFFFFFFFFFFFFFFFFFF7D
:10039000FFFFFFFFFFFFFFFFFFFFFFFFFFFFFFFF6D
:1003A000FFFFFFFFFFFFFFFFFFFFFFFFFFFFFFFF5D
:1003B000FFFFFFFFFFFFDB49000049B6FFFFFFFF24
:1003C000FFFFFFFFFFFFFFFFFFFFFFFFFFFFFFFF3D
:1003D000FFFFFFFFFFFFFFFFFFFFFFFFFFFFFFFF2D
:1003E000FFFFFFFFFFFFFFFFFFFFFFFFFFFFFFFF1D
:1003F000FFFFFFFFFFFFB62400006DFFFFFFFFFFC1
:10040000FFFFFFFFFFFFFFFFFFFFFFFFFFFFFFFFFC
:10041000FFFFFFFFFFFFFFFFFFFFFFFFFFFFFFFFEC
:10042000FFFFFFFFFFFFFFFFFFFFFFFFFFFFFFFFDC
:10043000FFFFFFFFFFDB9200002492FFFFFFFFFFA3
:10044000FFFFFFFFFFFFFFFFDBB6926D6D6D92DBDD
:10045000FFFFFFFFFFFFFFFFFFFFFFFFFFFFFFFFAC
:10046000FFFFFFFFFFFFFFFFFFFFFFFFFFFFFFFF9C
:10047000FFFFFFFFFFB66D002449B6FFFFFFFFFF40
:10048000FFFFFFFFFFFFFFDB924924240024496D9B
:10049000B6DBFFFFFFFFFFFFFFFFFFFFFFFFFFFFD9
:1004A000FFFFFFFFFFFFFFFFFFFFFFFFDBDBDBDBEC
:1004B000DBDBDBB6B66D24004992DBFFFFFFFFFFFD
:1004C000FFFFFFFFFFFFDB6D2400000000000000C6
:1004D000246DDBFFFFFFFFFFFFFFFFFFFFFFFFFFBD
:1004E000FFFFFFFFFFDBDBDBDBB6B6929292926D84
:1004F0006D494949242400006DDBFFFFFFFFFFFF2A
:10050000FFFFFFFFFFFF924900246D92926D2400D0
:10051000004992DBFFDBDBDBDBB6B6B6B69292922C
:100520006D6D6D49494949494924242424242424D2
:100530002400000000000024B6FFFFFFFFFFFFDBE8
:10054000B6B6B6B6B6B64900006DB6DBFFDB922490
:1005500000004992926D6D6D6D49494949492424C5
:100560002400000000000000000000000000002443
:100570002449494949496D92DBFFFFFFFFFFB692CD
:10058000492400244949000024DBFFFFFFFFDB6D05
:10059000000000000000000000000000000000005B
:1005A000000000000024242424494924000024924F
:1005B000B6B6B6DBDBDBFFFFFFFFFFFFFF922424B5
:1005C000000000000000000024DBFFFFFFFFFF6DC4
:1005D00000000000002424244949496D6D6D6D928E
:1005E00092B6B6B6B6DBDBDBDBDB9249002449DB37
:1005F000FFFFFFFFFFFFFFFFFFFFFFFFB649000008
:1006000024496D492400000024DBFFFFFFFFFF6D3C
:100610000000006D92929292B6B6B6B6B6DBDBDB06
:10062000DBFFFFFFFFFFFFFFFFFFB64900246DFF69
:10063000FFFFFFFFFFFFFFFFFFFFFFFF6D24002411
:100640006DDBDBB66D49000024DBFFFFFFFFFF6DB4
:10065000000024DBFFFFFFFFFFFFFFFFFFFFFFFFA7
:10066000FFFFFFFFFFFFFFFFFFFF924900246DFF29
:10067000FFFFFFFFFFFFFFFFFFFFFFFF49000049F4
:10068000DBFFFFFFDB92240024DBFFFFFFFFFF6D9A
:10069000000024DBFFFFFFFFFFFFFFFFFFFFFFFF67
:1006A000FFFFFFFFFFFFFFFFFFFF9224002449DB56
:1006B000FFFFFFFFFFFFFFFFFFFFFFFF2400006DB5
:1006C000FFFFFFFFFFB6240024DBFFFFFFFFFF6DEE
:1006D000000024DBFFFFFFFFFFFFFFFFFFFFFFFF27
:1006E000FFFFFFFFFFFFFFFFFFDB6D2400002492F1
:1006F000DBFFFFFFFFFFFFFFFFFFFFFF4900004998
:10070000DBFFFFFFDBB6240024DBFFFFFFFFFF6DF5
:10071000000024DBFFFFFFFFFFFFFFFFFFFFFFFFE6
:10072000FFFFFFFFFFFFFFFFFFDB6D000000004941
:10073000B6FFFFFFFFFFFFFFFFFFFFFF6D24002459
:100740006DDBFFDB6D49000024DBFFFFFFFFFF6D6A
:10075000000024DBFFFFFFFFFFFFFFFFFFFFFFFFA6
:10076000FFFFFFFFFFFFFFFFFFDB4900000000006E
:100770006DDBFFFFFFFFFFFFFFFFFFFFB64900003C
:1007800024496D492400000024DBFFFFFFFFFF6DBB
:10079000000024DBFFFFFFFFFFFFFFFFFFFFFFFF66
:1007A000FFFFFFFFFFFFFFFFFFDB240000244900E6
:1007B000246DDBFFFFFFFFFFFFFFFFFFDB924924FC
:1007C000000000000000000024DBFFFFFFFFFF6DC2
:1007D000000024DBFFFFFFFFFFFFFFFFFFFFFFFF26
:1007E000FFFFFFFFFFFFFFFFFFB62400246D9224F1
:1007F0000024B6DBFFFFFFFFFFFFFFFFFFDBB6922A
:10080000492400244949000024DBFFFFFFFFFF6D5E
:10081000000024DBFFFFFFFFFFFFFFFFFFFFFFFFE5
:10082000FFFFFFFFFFFFFFFFFFB624004992DB6DD4
:100830002400496DDBFFFFFFFFFFFFFFFFFFFFDB32
:10084000B6B6B6B6B692240024DBFFFFFFFFFF6DFD
:10085000000024DBFFFFFFFFFFFFFFFFFFFFFFFFA5
:10086000FFFFFFFFFFFFFFFFDB9224246DB6FFB603
:100870004900242492DBFFFFFFFFFFFFFFFFFFFF84
:10088000FFFFFFFFFFDB240024DBFFFFFFFFFF6D07
:10089000000024DBFFFFFFFFFFFFFFFFFFFFFFFF65
:1008A000FFFFFFFFFFFFFFFFDB92242492B6FFFF55
:1008B0009249000049B6FFFFFFFFFFFFFFFFFFFF68
:1008C000FFFFFFFFFFDB240024DBFFFFFFFFFF6DC7
:1008D000000024DBFFFFFFFFFFFFFFFFFFFFFFFF25
:1008E000FFFFFFFFFFFFFFFFDB6D242492DBFFFF15
:1008F000DB922400006DDBFFFFFFFFFFFFFFFFFF28
:10090000FFFFFFFFFFDB240024DBFFFFFFFFFF6D86
:10091000000024DBFFFFFFFFFFFFFFFFFFFFFFFFE4
:10092000FFFFFFFFFFFFFFFFB6490049B6DBFFFFF8
:10093000FFDB6D2400246DDBFFFFFFFFFFFFFFFFE8
:10094000FFFFFFFFFFDB240024DBFFFFFFFFFF6D46
:10095000000024DBFFFFFFFFFFFFFFFFFFFFFFFFA4
:10096000FFFFFFFFFFFFFFFFB6490049B6DBFFFFB8
:10097000FFFFB69224002492DBFFFFFFFFFFFFFF83
:10098000FFFFFFFFFFDB240024DBFFFFFFFFFF6D06
:10099000000024DBFFFFFFFFFFFFFFFFFFFFFFFF64
:1009A000FFFFFFFFFFFFFFFFB624006DDBFFFFFF30
:1009B000FFFFFFDB6D240049B6FFFFFFFFFFFFFFD6
:1009C000FFFFFFFFFFDB240024DBFFFFFFFFFF6DC6
:1009D000000024DBFFFFFFFFFFFFFFFFFFFFFFFF24
:1009E000FFFFFFFFFFFFFFFF9224006DFFFFFFFFF0
:1009F000FFFFFFFFDB6D00006DB6DBFFFFFFFFFFBA
:100A0000FFFFFFFFFFDB240024DBFFFFFFFFFF6D85
:100A1000000024DBFFFFFFFFFFFFFFFFFFFFFFFFE3
:100A2000FFFFFFFFFFFFFFFF92000092FFFFFFFFAE
:100A3000FFFFFFFFFFB649002449B6FFFFFFFFFF9E
:100A4000FFFFFFFFFFDB240024DBFFFFFFFFFF6D45
:100A5000000024DBFFFFFFFFFFFFFFFFFFFFFFFFA3
:100A6000FFFFFFFFFFFFFFFF6D000092FFFFFFFF93
:100A7000FFFFFFFFFFDB6D0000006DDBFFFFFFFFEF
:100A8000FFFFFFFFFFDB240024DBFFFFFFFFFF6D05
:100A9000000024DBFFFFFFFFFFFFFFFFFFFFFFFF63
:100AA000FFFFFFFFFFFFFFDB6D002492FFFFFFFF53
:100AB000FFFFFFFFFFB66D00000049B6FFFFFFFF1D
:100AC000FFFFFFFFFFDB240024DBFFFFFFFFFF6DC5
:100AD000000024DBFFFFFFFFFFFFFFFFFFFFFFFF23
:100AE000FFFFFFFFFFFFDBB66D0049B6FFFFFFFF13
:100AF000FFFFFFDBB66D2400242492DBFFFFFFFF26
:100B0000FFFFFFFFFFDB240024DBFFFFFFFFFF6D84
:100B1000000024DBFFFFFFFFFFFFFFFFFFFFFFFFE2
:100B2000FFFFFFFFFFFFDBB6490049B6FFFFFFFFF6
:100B3000FFFFB692490000246D92DBFFFFFFFFFF2D
:100B4000FFFFFFFFFFDB240024DBFFFFFFFFFF6D44
:100B5000000024DBFFFFFFFFFFFFFFFFFFFFFFFFA2
:100B6000FFFFFFFFFFFFB69249006DDBFFFFFFFFB6
:100B7000DB92492400002492DBFFFFFFFFFFFFFF11
:100B8000FFFFFFFFFFDB240024DBFFFFFFFFFF6D04
:100B9000000024DBFFFFFFFFFFFFFFFFFFFFFFFF62
:100BA000FFFFFFFFFFFFB66D24246DDBFFFFFFB6E5
:100BB0006D2400002449B6DBFFFFFFFFFFFFFFFFAE
:100BC000FFFFFFFFFFDB240024DBFFFFFFFFFF6DC4
:100BD000000024DBFFFFFFFFFFFFFFFFFFFFFFFF22
:100BE000FFFFFFFFFFFF926D242492DBFFDBB66D5A
:100BF000240024246DB6FFFFFFFFFFFFFFFFFFFF70
:100C0000FFFFFFFFFFDB240024DBFFFFFFFFFF6D83
:100C1000000024DBFFFFFFFFFFFFFFFFFFFFFFFFE1
:100C2000FFFFFFFFFFFF9249002492DBB6922400F2
:100C300000246D92DBFFFFFFFFFFFFFFFFFFFFFFC1
:100C4000FFFFFFFFFFDB240024DBFFFFFFFFFF6D43
:100C5000000024DBFFFFFFFFFFFFFFFFFFFFFFFFA1
:100C6000FFFFFFFFFFFF92240024926D4924000044
:100C70004992DBFFFFFFFFFFFFFFFFFFFFFFFFFFCB
:100C8000FFFFFFFFFFDB240024DBFFFFFFFFFF6D03
:100C9000000024DBFFFFFFFFFFFFFFFFFFFFFFFF61
:100CA000FFFFFFFFFFFF6D24000049240000002428
:100CB00092DBFFFFFFFFFFFFFFFFFFFFFFFFFFFFD5
:100CC000FFFFFFFFFFDB240024DBFFFFFFFFFF6DC3
:100CD000000024DBFFFFFFFFFFFFFFFFFFFFFFFF21
:100CE000FFFFFFFFFFFF6D00000000000000002479
:100CF000B6FFFFFFFFFFFFFFFFFFFFFFFFFFDBB6BA
:100D00006D4949496D6D000024DBFFFFFFFFFF6D5A
:100D1000000024DBFFFFFFFFFFFFFFFFFFFFFFFFE0
:100D2000FFFFFFFFFFDB4900000000244924000013
:100D300092FFFFFFFFFFFFFFFFFFFFFFFFB66D49C1
:100D4000240000002424000024DBFFFFFFFFFF6DD0
:100D5000000024DBFFFFFFFFFFFFFFFFFFFFFFFFA0
:100D6000FFFFFFFFFFB6490000244992926D00008B
:100D70006DDBFFFFFFFFFFFFFFFFFFFFDB6D0000ED
:100D8000000000000000000024DBFFFFFFFFFF6DFC
:100D9000000024DBFFFFFFFFFFFFFFFFFFFFFFFF60
:100DA000FFFFFFFFFFB649000049B6FFDBB6490071
:100DB0004992FFFFFFFFFFFFFFFFFFFF9224002488
:100DC00049B6B6924924000024DBFFFFFFFFFF6D08
:100DD000000024DBFFFFFFFFFFFFFFFFFFFFFFFF20
:100DE000FFFFFFFFFF9224002492DBFFFFDB920056
:100DF000246DDBFFFFFFFFFFFFFFFFFF49000049FE
:100E0000B6FFFFDBB692240024DBFFFFFFFFFF6D80
:100E1000000024DBFFFFFFFFFFFFFFFFFFFFFFFFDF
:100E2000FFFFFFFFFF6D240049B6FFFFFFFFB62461
:100E30000049DBFFFFFFFFFFFFFFFFFF4900006DE1
:100E4000FFFFFFFFFFB6240024DBFFFFFFFFFF6D66
:100E5000000024DBFFFFFFFFFFFFFFFFFFFFFFFF9F
:100E6000FFFFFFFFFF6D240049B6FFFFFFFFDB49D7
:100E7000002492DBFFFFFFFFFFFFFFFF4900006D33
:100E8000FFFFFFFFDBB6240024DBFFFFFFFFFF6D4A
:100E9000000024DBFFFFFFFFFFFFFFFFFFFFFFFF5F
:100EA000FFFFFFFFDB49000049DBFFFFFFFFFF9271
:100EB00024006D92DBFFFFFFFFFFFFFF49000049A9
:100EC00092DBFFDB926D000024DBFFFFFFFFFF6D75
:100ED000000024DBFFFFFFFFFFFFFFFFFFFFFFFF1F
:100EE000FFFFFFFFDB2400006DDBFFFFFFFFFF9232
:100EF0004900246DDBFFFFFFFFFFFFFF922400008E
:100F00004992B6924924000024DBFFFFFFFFFF6DEA
:100F1000000024DBFFFFFFFFFFFFFFFFFFFFFFFFDE
:100F2000FFFFFFFFDB2400006DFFFFFFDBDBB6925E
:100F300024000049B6FFFFFFFFFFFFFFDB6D00004D
:100F4000000000000000000024DBFFFFFFFFFF6D3A
:100F5000000024DBFFFFFFFFFFFFFFFFFFFFFFFF9E
:100F6000FFFFFFFFB624000092FFDBB66D492400AF
:100F700000000049B6FFFFFFFFFFFFFFFFB6926DC5
:100F8000240000002424000024DBFFFFFFFFFF6D8E
:100F9000000024DBFFFFFFFFFFFFFFFFFFFFFFFF5E
:100FA000FFFFFFFFB6000000496D6D4924000000FF
:100FB000246D92B6FFFFFFFFFFFFFFFFFFFFFFDB88
:100FC000926D6D6D926D240024DBFFFFFFFFFF6DBE
:100FD000000024DBFFFFFFFFFFFFFFFFFFFFFFFF1E
:100FE000FFFFFFDB92000000242400002424496D51
:100FF00092B6FFFFFFFFFFFFFFFFFFFFFFFFFFFFB7
:10100000FFFFFFFFFFDB240024DBFFFFFFFFFF6D7F
:10101000000024DBFFFFFFFFFFFFFFFFFFFFFFFFDD
:10102000FFFFFFDB6D000000000000496D92B6DBA2
:10103000FFFFFFFFFFFFFFFFFFFFFFFFFFFFFFFFC0
:10104000FFFFFFFFFFDB240024DBFFFFFFFFFF6D3F
:101050000000006D92B6DBFFFFFFFFFFFFFFFFFF09
:10106000FFFFFFB66D000000496D92B6DBDBFFFFAE
:10107000FFFFFFFFFFFFFFFFFFFFFFFFFFFFFFFF80
:10108000FFFFFFFFFFDB490049FFFFFFFFFFFF926C
:1010900000000024496D6D92B6B6DBDBFFFFFFFF59
:1010A000FFFFFFB64900244992DBFFFFFFFFFFFF70
:1010B000FFFFFFFFFFFFFFFFFFFFFFFFFFFFFFFF40
:1010C000FFFFFFFFFFFF926D92FFFFFFFFFFFFB6E5
:1010D000492400000000000024496D9292DBDBFFF0
:1010E000FFFFFFB624004992DBFFFFFFFFFFFFFF7A
:1010F000FFFFFFFFFFFFFFFFFFFFFFFFFFFFFFFF00
:10110000FFFFFFFFFFFFDBDBDBFFFFFFFFFFFFFF5B
:10111000DBB6926D49242400000024242449496D43
:1011200092B6B66D24006DB6FFFFFFFFFFFFFFFF15
:10113000FFFFFFFFFFFFFFFFFFFFFFFFFFFFFFFFBF
:10114000FFFFFFFFFFFFFFFFFFFFFFFFFFFFFFFFAF
:10115000FFFFFFDBB692926D494924240000000096
:101160002449492400006D92DBFFFFFFFFFFFFFFD2
:10117000FFFFFFFFFFFFFFFFFFFFFFFFFFFFFFFF7F
:10118000FFFFFFFFFFFFFFFFFFFFFFFFFFFFFFFF6F
:10119000FFFFFFFFFFFFFFFFDBB6926D4924240036
:1011A000000000000000244992B6DBFFFFFFFFFFB4
:1011B000FFFFFFFFFFFFFFFFFFFFFFFFFFFFFFFF3F
:1011C000FFFFFFFFFFFFFFFFFFFFFFFFFFFFFFFF2F
:1011D000FFFFFFFFFFFFFFFFFFFFFFDBDBDBB69241
:1011E0006D4949000000000024246DB6FFFFFFFF99
:1011F000FFFFFFFFFFFFFFFFFFFFFFFFFFFFFFFFFF
:10120000FFFFFFFFFFFFFFFFFFFFFFFFFFFFFFFFEE
:10121000FFFFFFFFFFFFFFFFFFFFFFFFFFFFFFDB02
:10122000DBB6B6926D494924242449B6FFFFFFFF7F
:10123000FFFFFFFFFFFFFFFFFFFFFFFFFFFFFFFFBE
:10124000FFFFFFFFFFFFFFFFFFFFFFFFFFFFFFFFAE
:10125000FFFFFFFFFFFFFFFFFFFFFFFFFFFFFFFF9E
:10126000FFFFFFFFFFDBB6926D6D92DBFFFFFFFF1D
:10127000FFFFFFFFFFFFFFFFFFFFFFFFFFFFFFFF7E
:10128000FFFFFFFFFFFFFFFFFFFFFFFFFFFFFFFF6E
:10129000FFFFFFFFFFFFFFFFFFFFFFFFFFFFFFFF5E
:1012A000FFFFFFFFFFFFFFFFFFFFFFFFFFFFFFFF4E
:1012B000FFFFFFFFFFB66D6D92FFFFFFFFFFFFFF18
:1012C000FFFFFFFFFFFFFFFFFFFFFFFFFFFFFFFF2E
:1012D000FFFFFFFFFFFFFFFFFFFFFFFFFFFFFFFF1E
:1012E000FFFFFFFFFFFFFFFFFFFFFFFFFFFFFFFF0E
:1012F000FFFFFFFFFF92242449DBFFFFFFFFFFFFFB
:10130000FFFFFFFFFFFFFFFFFFFFFFFFFFFFFFFFED
:10131000FFFFFFFFFFFFFFFFFFFFFFFFFFFFFFFFDD
:10132000FFFFFFFFFFFFFFFFFFFFFFFFFFFFFFFFCD
:10133000FFFFFFFFDB6D000049DBFFFFFFFFFFFF4B
:10134000FFFFFFFFFFFFFFFFFFFFFFFFFFFFFFFFAD
:10135000FFFFFFFFFFFFFFFFFFFFFFFFFFFFFFFF9D
:10136000FFFFFFFFFFFFFFFFFFFFFFFFFFFFFFFF8D
:10137000FFFFFFFF924900246DDBFFFFFFFFFFFF30
:10138000FFFFFFFFFFFFFFFFFFFFFFFFFFFFFFFF6D
:10139000FFFFFFFFFFFFFFFFFFFFFFFFFFFFFFFF5D
:1013A000FFFFFFFFFFFFFFFFFFFFFFFFFFFFFFFF4D
:1013B000FFFFFFFF6D240049B6FFFFFFFFFFFFFFA8
:1013C000FFFFFFFFFFFFFFFFFFFFFFFFFFFFFFFF2D
:1013D000FFFFFFFFFFFFFFFFFFFFFFFFFFFFFFFF1D
:1013E000FFFFFFFFFFFFFFFFFFFFFFFFFFFFFFFF0D
:1013F000FFFFFFDB4900246DDBFFFFFFFFFFFFFF67
:10140000FFFFFFFFFFFFFFFFFFFFFFFFFFFFFFFFEC
:10141000FFFFFFFFFFFFFFFFFFFFFFFFFFFFFFFFDC
:10142000FFFFFFFFFFFFFFFFFFFFFFFFFFFFFFFFCC
:10143000FFFFFFB624002492FFFFFFFFFFFFFFFF27
:10144000FFFFFFFFFFFFFFFFB692926D6D92B6FFA9
:10145000FFFFFFFFFFFFFFFFFFFFFFFFFFFFFFFF9C
:10146000FFFFFFFFFFFFFFFFFFFFFFFFFFFFFFFF8C
:10147000FFFFDB9224246DB6FFFFFFFFFFFFFFFF9E
:10148000FFFFFFFFFFFFDBB66D24240000246DB6D5
:10149000DBFFFFFFFFFFFFFFFFFFFFFFFFFFFFFF80
:1014A000FFFFFFFFFFFFFFFFFFFFDBDBDBDBDBDB24
:1014B000DBB69249004992DBFFFFFFFFFFFFFFFF12
:1014C000FFFFFFFFFFFFB624000000000000002424
:1014D000B6FFFFFFFFFFFFFFFFFFFFFFFFFFFFFF65
:1014E000FFFFFFDBDBDBDBB6B69292926D6D6D49E1
:1014F000494924000049DBFFFFFFFFFFFFFFFFFF1B
:10150000FFFFFFFFFFB6490024496D92924900009A
:101510006DB6FFFFDBDBDBB6B6B6B69292926D6DB1
:101520006D49494949494924242424242424240078
:10153000000000002492FFFFFFFFFFFFFFFFFFDB23
:10154000B6B6B6B6B66D240049B6B6FFDBB64900EE
:10155000244992926D6D6D6D494949492424242492
:1015600000000000000000000000000024242449C6
:101570004949496D6DB6FFFFFFFFFFFFFFFFB66DE5
:10158000242400244924000092FFFFFFFFFF920063
:10159000000000000000000000000000000000004B
:1015A0000000000000002449490000006D92B6B61A
:1015B000B6DBDBFFFFFFFFFFFFFFFFFFFF92240013
:1015C0000000000000000000B6FFFFFFFFFF9200D8
:1015D000000000002424244949496D6D6D929292C7
:1015E000B6926D00002492DBB6240024B6FFFFFF04
:1015F000FFFFFFFFFFFFFFFFFFFFFFFFB6490000F8
:1016000049496D4924000000B6FFFFFFFFFFB60007
:1016100000249292929292B6B6B6B6DBDBDBDBFF89
:10162000FFDB6D002449B6FFB6490049DBFFFFFF31
:10163000FFFFFFFFFFFFFFFFFFFFFFFF6D240049DC
:1016400092DBDBB66D240000B6FFFFFFFFFFB600A4
:10165000006DFFFFFFFFFFFFFFFFFFFFFFFFFFFF2B
:10166000FFDB6D00246DB6DB9224006DDBFFFFFF16
:10167000FFFFFFFFFFFFFFFFFFFFFFFF490024B653
:10168000DBFFFFFFB6490000B6FFFFFFFFFFB6001C
:10169000006DFFFFFFFFFFFFFFFFFFFFFFFFFFFFEB
:1016A000FFB64900496DDBDB9224246DDBFFFFFFB1
:1016B000FFFFFFFFFFFFFFFFFFFFFFFF240024DB13
:1016C000FFFFFFFFDB490000B6FFFFFFFFFFB60093
:1016D000006DFFFFFFFFFFFFFFFFFFFFFFFFFFFFAB
:1016E000FFB649006D92DBDB6D242492DBFFFFFF28
:1016F000FFFFFFFFFFFFFFFFFFFFFFFF490024B6D3
:10170000FFFFFFFFDB490000B6FFFFFFFFFFB60052
:10171000006DFFFFFFFFFFFFFFFFFFFFFFFFFFFF6A
:10172000FF9224006DB6DBDB490024B6FFFFFFFF0C
:10173000FFFFFFFFFFFFFFFFFFFFFFFF6D240049DB
:10174000B6DBFFDB6D240000B6FFFFFFFFFFB60036
:10175000006DFFFFFFFFFFFFFFFFFFFFFFFFFFFF2A
:10176000FF92240092DBFFDB490049B6FFFFFFFF39
:10177000FFFFFFFFFFFFFFFFFFFFFFFFB649002452
:1017800049496D4924000000B6FFFFFFFFFFB60086
:10179000006DFFFFFFFFFFFFFFFFFFFFFFFFFFFFEA
:1017A000FF6D000092FFFFB6240049DBFFFFFFFF43
:1017B000FFFFFFFFFFFFFFFFFFFFFFFFDB922400A4
:1017C0000000000000000000B6FFFFFFFFFFB600B2
:1017D000006DFFFFFFFFFFFFFFFFFFFFFFFFFFFFAA
:1017E000FF6D0000B6FFFFB6240049FFFFFFFFFFBB
:1017F000FFFFFFFFFFFFFFFFFFFFFFFFFFDBB6491C
:101800002424002449240000B6FFFFFFFFFFB60098
:10181000006DFFFFFFFFFFFFFFFFFFFFFFFFFFFF69
:10182000DB490024B6FFFFB600006DFFFFFFFFFF9E
:10183000FFFFFFFFFFFFFFFFFFFFFFFFFFFFFFDBDC
:10184000B6B6B6B6B6490000B6FFFFFFFFFFB6005A
:10185000006DFFFFFFFFFFFFFFFFFFFFFFFFFFFF29
:10186000DB490024B6FFFF9200006DFFFFFFFFFF82
:10187000FFFFFFFFFFFFFFFFFFFFFFFFFFFFFFFF78
:10188000FFFFFFFFFF6D0000B6FFFFFFFFFFB60089
:10189000006DFFFFFFFFFFFFFFFFFFFFFFFFFFFFE9
:1018A000B6490049DBFFDB92002492FFFFFFFFFFF8
:1018B000FFFFFFFFFFFFFFFFFFFFFFFFFFFFFFFF38
:1018C000FFFFFFFFFF6D0000B6FFFFFFFFFFB60049
:1018D000006DFFFFFFFFFFFFFFFFFFFFFFFFFFFFA9
:1018E0009224006DDBFFDB6D002492FFFFFFFFFF02
:1018F000FFFFFFFFFFFFFFFFFFFFFFFFFFFFFFFFF8
:10190000FFFFFFFFFF6D0000B6FFFFFFFFFFB60008
:10191000006DFFFFFFFFFFFFFFFFFFFFFFFFFFDB8C
:1019200092242492DBFFB6490049B6FFFFFFFFFF78
:10193000FFFFFFFFFFFFFFFFFFFFFFFFFFFFFFFFB7
:10194000FFFFFFFFFF6D0000B6FFFFFFFFFFB600C8
:10195000006DFFFFFFFFFFFFFFFFFFFFFFFFFFDB4C
:101960006D242492DBFFB66D246DDBFFFFFFFFFFCC
:10197000FFFFFFFFFFFFFFFFFFFFFFFFFFFFFFFF77
:10198000FFFFFFFFFF6D0000B6FFFFFFFFFFB60088
:10199000006DFFFFFFFFFFFFFFFFFFFFFFFFFFDB0C
:1019A000490024B6FFFFDB924992DBFFFFFFFFFFF8
:1019B000FFFFFFFFFFFFFFFFFFFFFFFFFFFFFFFF37
:1019C000FFFFFFFFFF6D0000B6FFFFFFFFFFB60048
:1019D000006DFFFFFFFFFFFFFFFFFFFFFFFFFFDBCC
:1019E000490024DBFFFFFFFFDBFFFFFFB6926D49DD
:1019F0004924496D92DBFFFFFFFFFFFFFFFFFFFF61
:101A0000FFFFFFFFFF6D0000B6FFFFFFFFFFB60007
:101A1000006DFFFFFFFFFFFFFFFFFFFFFFFFFFDB8B
:101A2000240049DBFFFFFFFFFFFFB692492424009B
:101A300000000000246D92B6DBFFFFFFFFFFFFFFF9
:101A4000FFFFFFFFFF6D0000B6FFFFFFFFFFB600C7
:101A5000006DFFFFFFFFFFFFFFFFFFFFFFFFFFB670
:101A6000240049FFFFFFFFFFFFB66D0000002424A4
:101A7000242424240000244992DBFFFFFFFFFFFF02
:101A8000FFFFFFFFFF6D0000B6FFFFFFFFFFB60087
:101A9000006DFFFFFFFFFFFFFFFFFFFFFFFFFFB630
:101AA00024006DFFFFFFFFFFB6490000246D6DB6F7
:101AB000DBDBB692492400002492DBFFFFFFFFFF2F
:101AC000FFFFFFFFFF6D0000B6FFFFFFFFFFB60047
:101AD000006DFFFFFFFFFFFFFFFFFFFFFFFFDB9238
:101AE00024246DFFFFFFFFDB6D24004992DBDBFF49
:101AF000FFFFFFDBB66D24240049B6FFFFFFFFFFA9
:101B0000FFFFFFFFFF6D0000B6FFFFFFFFFFB60006
:101B1000006DFFFFFFFFFFFFFFFFFFFFFFFFDB6D1C
:101B2000242492FFFFFFFF92240049B6FFFFFFFF2E
:101B3000DBDBFFFFFFDB924900006DDBFFFFFFFFF8
:101B4000FFFFFFFFFF6D0000B6FFFFFFFFFFB600C6
:101B5000006DFFFFFFFFFFFFFFFFFFFFFFFFB66D01
:101B6000004992FFFFFFB66D002492FFFFFFFFDBED
:101B7000494992FFFFFFDB9249002492FFFFFFFFDC
:101B8000FFFFFFFFFF6D0000B6FFFFFFFFFFB60086
:101B9000006DFFFFFFFFFFFFFFFFFFFFFFFFB649E5
:101BA0000049B6FFFFFF92240049B6FFFFFFFFB6D2
:101BB00024006DFFFFFFFFDB9224246DFFFFFFFF7A
:101BC000FFFFFFFFFF6D0000B6FFFFFFFFFFB60046
:101BD000006DFFFFFFFFFFFFFFFFFFFFFFFFB649A5
:101BE000006DDBFFFFFF92000092DBFFDBB6B66DFE
:101BF000000049B6DBDBFFFFB6240049FFFFFFFF13
:101C0000FFFFFFFFFF6D0000B6FFFFFFFFFFB60005
:101C1000006DFFFFFFFFFFFFFFFFFFFFFFFF9224AD
:101C2000006DDBFFFFFF6D000092FFFF9224240098
:101C30000000002449B6FFFFDB240049FFFFFFFF3F
:101C4000FFFFFFFFFF6D0000B6FFFFFFFFFFB600C5
:101C5000006DFFFFFFFFFFFFFFFFFFFFFFFF920091
:101C60000092FFFFFFFF6D000092FFFF6D24000058
:101C7000000000002492FFFFFF492449FFFFFFFFFF
:101C8000FFFFFFFFFF6D0000B6FFFFFFFFFFB60085
:101C9000006DFFFFFFFFFFFFFFFFFFFFFFFF6D0076
:101CA0000092FFFFFFFF6D000092FFFFB66D6D49D0
:101CB0000000246D92B6FFFFFFB69292FFFFFFFF78
:101CC000FFFFFFFFDB490000B6FFFFFFFFFFB6008D
:101CD000006DFFFFFFFFFFFFFFFFFFFFFFFF6D0036
:101CE0002492FFFFFFFF9224006DDBFFFFFFFFB692
:101CF00000006DDBFFFFFFFFFFFFFFFFFFFFDB9239
:101D00006D4949496D240000B6FFFFFFFFFFB60093
:101D1000006DFFFFFFFFFFFFFFFFFFFFFFDB6D0019
:101D200024B6FFFFFFFFB649004992FFFFFFFFB651
:101D3000492492FFFFFFFFFFFFFFFFFFFFB66D2467
:101D40000000000024000000B6FFFFFFFFFFB60008
:101D5000006DFFFFFFFFFFFFFFFFFFFFFFB6490022
:101D600049B6FFFFFFFFDB92000049DBFFFFFFDB0F
:101D70009292B6FFFFFFFFFFFFFFFFFFDB6D00004A
:101D80000000000000000000B6FFFFFFFFFFB600EC
:101D9000006DFFFFFFFFFFFFFFFFFFFFFFB64900E2
:101DA0006DB6FFFFFFFFFFB62400246DDBFFFFFFD2
:101DB000FFFFFFFFFFFFFFFFFFFFFFFF9224004930
:101DC00092B6B69249000000B6FFFFFFFFFFB600D3
:101DD000006DFFFFFFFFFFFFFFFFFFFFFF922424C7
:101DE0006DDBFFFFFFFFFFDB922400244992B6DB8F
:101DF000FFFFFFFFFFFFFFFFFFFFFFFF49002492F0
:101E0000DBFFFFDBB6240000B6FFFFFFFFFFB600DD
:101E1000006DFFFFFFFFFFFFFFFFFFFFFF6D2424AB
:101E200092DBFFDB9292DBFFDB9224000024496D02
:101E30006D92DBFFFFFFFFFFFFFFFFFF240024DBAE
:101E4000FFFFFFFFDB490000B6FFFFFFFFFFB6000B
:101E5000006DFFFFFFFFFFFFFFFFFFFFFF6D00248F
:101E600092FFDB9224006DDBFFDB9249240000002F
:101E7000002492FFFFFFFFFFFFFFFFFF490024DB6D
:101E8000FFFFFFFFDB490000B6FFFFFFFFFFB600CB
:101E9000006DFFFFFFFFFFFFFFFFFFFFFF49002473
:101EA000B6FFDB4900006DDBFFFFFFDB92494924F1
:101EB000244992FFFFFFFFFFFFFFFFFF490024922D
:101EC000B6DBFFDB92240000B6FFFFFFFFFFB6008A
:101ED000006DFFFFFFFFFFFFFFFFFFFFDB2400247C
:101EE000DBFFDB2400006DDBFFFFFFFFDBB6B692FC
:101EF00092B6DBFFFFFFFFFFFFFFFFFF92240024EE
:101F00006D92B69224000000B6FFFFFFFFFFB600FF
:101F1000006DFFFFFFFFFFFFFFFFFFFFDB24004916
:101F2000DBFFB624000092FFFFFFFFFFFFFFFFFF74
:101F3000FFFFFFFFFFFFFFFFFFFFFFFFDB6D000065
:101F40000000000000000000B6FFFFFFFFFFB6002A
:101F5000006DFFFFFFFFFFFFFFFFFFDBB62400491F
:101F6000DBFFB600000092FFFFFFFFFFFFFFFFFF58
:101F7000FFFFFFFFFFFFFFFFFFFFFFFFFFB66D4902
:101F80002400000024000000B6FFFFFFFFFFB600A2
:101F9000006DFFFFFFFFFFFFFFFFFFDBB624246D97
:101FA000DBFF9200002492FFFFFFFFFFFFFFFFFF18
:101FB000FFFFFFFFFFFFFFFFFFFFFFFFFFFFDB92C2
:101FC0006D6D6D6D92240000B6FFFFFFFFFFB60040
:101FD000006DFFFFFFFFFFFFFFFFFFB69200246DC4
:101FE000DBDB92002424B6FFFFFFFFFFFFFFFFFFB4
:101FF000FFFFFFFFFFFFFFFFFFFFFFFFFFFFFFFFF1
:10200000FFFFFFFFDB490000B6FFFFFFFFFFB60049
:10201000006DFFFFFFFFFFFFFFFFFF926D002492A7
:10202000FFDB6D002449B6FFFFFFFFFFFFFFFFFF4F
:10203000FFFFFFFFFFFFFFFFFFFFFFFFFFFFFFFFB0
:10204000FFFFFFFFFF6D0000B6FFFFFFFFFFB600C1
:1020500000249292B6DBFFFFFFFFFF6D490049B6F7
:10206000FFB66D00496DDBFFFFFFFFFFFFFFFFFFC6
:10207000FFFFFFFFFFFFFFFFFFFFFFFFFFFFFFFF70
:10208000FFFFFFFFFF6D0024B6FFFFFFFFFFB62439
:1020900000002424496D92B6DBDBB649490049B6FD
:1020A000FFB649004992DBFFFFFFFFFFFFFFFFFF85
:1020B000FFFFFFFFFFFFFFFFFFFFFFFFFFFFFFFF30
:1020C000FFFFFFFFFF926D6DDBFFFFFFFFFFDB6D8B
:1020D0002400000000000024496D6D24240049B64E
:1020E000FF9224006DB6DBFFFFFFFFFFFFFFFFFF46
:1020F000FFFFFFFFFFFFFFFFFFFFFFFFFFFFFFFFF0
:10210000FFFFFFFFFFFFDBDBFFFFFFFFFFFFFFDB4B
:10211000B6926D6D49240000002424000000249232
:10212000B66D24006DB6FFFFFFFFFFFFFFFFFFFF4F
:10213000FFFFFFFFFFFFFFFFFFFFFFFFFFFFFFFFAF
:10214000FFFFFFFFFFFFFFFFFFFFFFFFFFFFFFFF9F
:10215000FFFFDBB6B6926D49492400000000002461
:10216000492400006DB6DBFFFFFFFFFFFFFFFFFF0D
:10217000FFFFFFFFFFFFFFFFFFFFFFFFFFFFFFFF6F
:10218000FFFFFFFFFFFFFFFFFFFFFFFFFFFFFFFF5F
:10219000FFFFFFFFFFFFFFDBB69249242400000092
:1021A00000000000246D92B6DBFFFFFFFFFFFFFF82
:1021B000FFFFFFFFFFFFFFFFFFFFFFFFFFFFFFFF2F
:1021C000FFFFFFFFFFFFFFFFFFFFFFFFFFFFFFFF1F
:1021D000FFFFFFFFFFFFFFFFFFFFDBDBDBB6926DC3
:1021E000240000000000242449DBFFFFFFFFFFFF65
:1021F000FFFFFFFFFFFFFFFFFFFFFFFFFFFFFFFFEF
:10220000FFFFFFFFFFFFFFFFFFFFFFFFFFFFFFFFDE
:10221000FFFFFFFFFFFFFFFFFFFFFFFFFFFFDBB63B
:10222000B6926D494924242449B6FFFFFFFFFFFF02
:10223000FFFFFFFFFFFFFFFFFFFFFFFFFFFFFFFFAE
:10224000FFFFFFFFFFFFFFFFFFFFFFFFFFFFFFFF9E
:10225000FFFFFFFFFFFFFFFFFFFFFFFFFFFFFFFF8E
:10226000FFFFFFDBB6926D6D92DBFFFFFFFFFFFF0D
:10227000FFFFFFFFFFFFFFFFFFFFFFFFFFFFFFFF6E
:10228000FFFFFFFFFFFFFFFFFFFFFFFFFFFFFFFF5E
:10229000FFFFFFFFFFFFFFFFFFFFDB6D24246DFF4C
:1022A000FFFFFFFFFFFFFFFFFFFFFFFFFFFFFFFF3E
:1022B000FFFFFFFFFFFFFFFFFFFFFFFFFFFFFFFF2E
:1022C000FFFFFFFFFFFFFFFFFFFFFFFFFFFFFFFF1E
:1022D000FFFFFFFFFFFFFFFFFFB624000000006DC0
:1022E00092FFFFFFFFFFFFFFFFFFFFFFFFFFFFFF6B
:1022F000FFFFFFFFFFFFFFFFFFFFFFFFFFFFFFFFEE
:10230000FFFFFFFFFFFFFFFFFFFFFFFFFFFFFFFFDD
:10231000FFFFFFFFFFFFFFFFFF240000242400005A
:1023200024FFFFFFFFFFFFFFFFFFFFFFFFFFFFFF98
:10233000FFFFFFFFFFFFFFFFFFFFFFFFFFFFFFFFAD
:10234000FFFFFFFFFFFFFFFFFFFFFFFFFFFFFFFF9D
:10235000FFFFFFFFFFFFFFB692000000B6B60000D0
:102360000092FFFFFFFFFFFFFFFFFFFFFFFFFFFFE9
:10237000FFFFFFFFFFFFFFFFFFFFFFFFFFFFFFFF6D
:10238000FFFFFFFFFFFFFFFFFFFFFFFFFFFFFFFF5D
:10239000FFFFFFFFFFFFFF490000246DFFFF6D00FF
:1023A0000000B6FFFFFFFFFFFFFFFFFFFFFFFFFF84
:1023B000FFFFFFFFFFFFFFFFFFFFFFFFFFFFFFFF2D
:1023C000FFFFFFFFFFFFFFFFFFFFFFFFFFFFFFFF1D
:1023D000FFFFFFFFFFFF9200000092FFFFFFFF24BF
:1023E000000024B6FFFFFFFFFFFFFFFFFFFFFFFF1F
:1023F000FFFFFFFFFFFFFFFFFFFFFFFFFFFFFFFFED
:10240000FFFFFFFFFFFFFFFFFFFFFFFFFFFFFFFFDC
:10241000FFFFFFFFFFDB2400006DFFFFFFFFFF92C8
:1024200049000024FFFFFFFFFFFFFFFFFFFFFFFF4B
:10243000FFFFFFFFFFFFFFFFFFFFFFFFFFFFFFFFAC
:10244000FFFFFFFFFFFFFFFFFFFFFFFFFFFFFFFF9C
:10245000FFFFFFFF9224000024DBFFFFFFFFFFFFD1
:10246000DB2400006DFFFFFFFFFFFFFFFFFFFFFF0B
:10247000FFFFFFFFFFFFFFFFFFFFFFFFFFFFFFFF6C
:10248000FFFFFFFFFFFFFFFFFFFFFFFFFFFFFFFF5C
:10249000FFFFFFDB2400006D92FFFFFFFFFFFFFF48
:1024A000FF6D00002449FFFFFFFFFFFFFFFFFFFF5D
:1024B000FFFFFFFFFFFFFFFFFFFFFFFFFFFFFFFF2C
:1024C000FFFFFFFFFFFFFFFFFFFFFFFFFFFFFFFF1C
:1024D000FFFFDB49000024DBFFFFFFFFFFFFFFFFE3
:1024E000FFFF4924000092FFFFFFFFFFFFFFFFFFF8
:1024F000FFFFFFFFFFFFFFFFFFFFFFFFFFFFFFFFEC
:10250000FFFFFFFFFFFFFFFFFFFFFFFFFFFFFFFFDB
:10251000FFFF2424000092FFFFFFFFFFFFFFFFFFEC
:10252000FFFFFF6D000024DBFFFFFFFFFFFFFFFF4A
:10253000FFFFFFFFFFFFFFFFFFFFFFFFFFFFFFFFAB
:10254000FFFFFFFFFFFFFFFFFFFFFFFFFFFFFFFF9B
:10255000FF490000246DFFFFFFFFFFFFFFFFFFFFAC
:10256000FFFFFFFF2400006D92FFFFFFFFFFFFFF53
:10257000FFFFFFFFFFFFFFFFFFFFFFFFFFFFFFFF6B
:10258000FFFFFFFFFFFFFFFFFFFFFFFFFFFFFFFF5B
:10259000B624000092FFFFFFFFFFFFFFFFFFFFFFDA
:1025A000FFFFFFFF9224000024FFFFFFFFFFFFFF5C
:1025B000FFFFFFFFFFFFFFFFFFFFFFFFFFFFFFFF2B
:1025C000FFFFFFFFFFFFFFFFFFFFFFFFFFFFFF6DAD
:1025D00024000049FFFFFFFFFFFFFFFFFFFFFFFF9A
:1025E000FFFFFFFFFFB600000092FFFFFFFFFFFFAE
:1025F000FFFFFFFFFFFFFFFFFFFFFFFFFFFFFFFFEB
:10260000FFFFFFFFFFFFFFFFFFFFFFFFFFFFB624FE
:10261000000049DBFFFFFFFFFFFFFFFFFFFFFFFFA2
:10262000FFFFFFFFFFFF6D000000B6FFFFFFFFFF92
:10263000FFFFFFFFFFFFFFFFFFFFFFFFFFFFFFFFAA
:10264000FFFFFFFFFFFFFFFFFFFFFFFFFFFF240074
:102650000049FFFFFFFFFFFFFFFFFFFFFFFFFFFF3F
:10266000FFFFFFFFFFFFFF24000024B6FFFFFFFF77
:10267000FFFFFFFFFFFFFFFFFFFFFFFFFFFFFFFF6A
:10268000FFFFFFFFFFFFFFFFFFFFFFFFDB49000032
:1026900024DBFFFFFFFFFFFFFFFFFFFFFFFFFFFF49
:1026A000FFFFFFFFFFFFFF9249000024FFFFFFFF36
:1026B000FFFFFFFFFFFFFFFFFFFFFFFFFFFFFFFF2A
:1026C000FFFFFFFFFFFFFFFFFFFFFFFF49000024A9
:1026D0006DFFFFFFFFFFFFFFFFFFFFFFFFFFFFFF9C
:1026E000FFFFFFFFFFFFFFFFDB2400006DFFFFFF89
:1026F000FFFFFFFFFFFFFFFFFFFFFFFFFFFFFFFFEA
:10270000FFFFFFFFFFFFFFFFFFFFFF92000024B668
:10271000FFFFFFFFFFFFFFFFFFFFFFFFFFFFFFFFC9
:10272000FFFFFFFFFFFFFFFFFF6D00002449FFFFDA
:10273000FFFFFFFFFFFFFFFFFFFFFFFFFFFFFFFFA9
:10274000FFFFFFFFFFFFFFFFFFFF6D2400006DFF96
:10275000FFFFFFFFFFFFFFFFFFFFFFFFFFFFFFFF89
:10276000FFFFFFFFFFFFFFFFFFFF4924000092FF75
:10277000FFFFFFFFFFFFFFFFFFFFFFFFFFFFFFFF69
:10278000FFFFFFFFFFFFFFFFFF9200002424FFFF7A
:10279000FFFFFFFFFFFFFFFFFFFFFFFFFFFFFFFF49
:1027A000FFFFFFFFFFFFFFFFFFFFFF6D000024DBC8
:1027B000FFFFFFFFFFFFFFFFFFFFFFFFFFFFFFFF29
:1027C000FFFFFFFFFFFFFFFFDB24000049DBFFFFF0
:1027D000FFFFFFFFFFFFFFFFFFFFFFFFFFFFFFFF09
:1027E000FFFFFFFFFFFFFFFFFFFFFFFF2400006D64
:1027F00092FFFFFFFFFFFFFFFFFFFFFFFFFFFFFF56
:10280000FFFFFFFFFFFFFF926D000024DBFFFFFFD4
:10281000FFFFFFFFFFFFFFFFFFFFFFFFFFFFFFFFC8
:10282000FFFFFFFFFFFFFFFFFFFFFFFF92240000FE
:1028300024FFFFFFFFFFFFFFFFFFFFFFFFFFFFFF83
:10284000FFFFFFFFFFFFDB24000024B6FFFFFFFFB9
:10285000FFFFFFFFFFFFFFFFFFFFFFFFFFFFFFFF88
:10286000FFFFFFFFFFFFFFFFFFFFFFFFFFB60000BF
:102870000092FFFFFFFFFFFFFFFFFFFFFFFFFFFFD4
:10288000FFFFFFFFFFFF6D000024B6FFFFFFFFFF0C
:10289000FFFFFFFFFFFFFFFFFFFFFFFFFFFFFFFF48
:1028A000FFFFFFFFFFFFFFFFFFFFFFFFFFFF6D00C9
:1028B0000000B6FFFFFFFFFFFFFFFFFFFFFFFFFF6F
:1028C000FFFFFFFFFF9200000092FFFFFFFFFFFFEF
:1028D000FFFFFFFFFFFFFFFFFFFFFFFFFFFFFFFF08
:1028E000FFFFFFFFFFFFFFFFFFFFFFFFFFFFFF24D3
:1028F000000024B6FFFFFFFFFFFFFFFFFFFFFFFF0A
:10290000FFFFFFFF6D00002449FFFFFFFFFFFFFFF8
:10291000FFFFFFFFFFFFFFFFFFFFFFFFFFFFFFFFC7
:10292000FFFFFFFFFFFFFFFFFFFFFFFFFFFFFF9224
:1029300049000024FFFFFFFFFFFFFFFFFFFFFFFF36
:10294000FFFFFFB624000092DBFFFFFFFFFFFFFF4A
:10295000FFFFFFFFFFFFFFFFFFFFFFFFFFFFFFFF87
:10296000FFFFFFFFFFFFFFFFFFFFFFFFFFFFFFFF77
:10297000DB2400006DFFFFFFFFFFFFFFFFFFFFFFF6
:10298000FFFFB649000049FFFFFFFFFFFFFFFFFF0A
:10299000FFFFFFFFFFFFFFFFFFFFFFFFFFFFFFFF47
:1029A000FFFFFFFFFFFFFFFFFFFFFFFFFFFFFFFF37
:1029B000FF6D00002449FFFFFFFFFFFFFFFFFFFF48
:1029C000FFDB24000000B6FFFFFFFFFFFFFFFFFF5C
:1029D000FFFFFFFFFFFFFFFFFFFFFFFFFFFFFFFF07
:1029E000FFFFFFFFFFFFFFFFFFFFFFFFFFFFFFFFF7
:1029F000FFFF4924000092FFFFFFFFFFFFFFFFFFE3
:102A0000FF4900002492FFFFFFFFFFFFFFFFFFFFD2
:102A1000FFFFFFFFFFFFFFFFFFFFFFFFFFFFFFFFC6
:102A2000FFFFFFFFFFFFFFFFFFFFFFFFFFFFFFFFB6
:102A3000FFFFFF6D000024DBFFFFFFFFFFFFFFDB59
:102A400092000000B6FFFFFFFFFFFFFFFFFFFFFF49
:102A5000FFFFFFFFFFFFFFFFFFFFFFFFFFFFFFFF86
:102A6000FFFFFFFFFFFFFFFFFFFFFFFFFFFFFFFF76
:102A7000FFFFFFFF2400006D92FFFFFFFFFFFF49F4
:102A80002400006DFFFFFFFFFFFFFFFFFFFFFFFFC1
:102A9000FFFFFFFFFFFFFFFFFFFFFFFFFFFFFFFF46
:102AA000FFFFFFFFFFFFFFFFFFFFFFFFFFFFFFFF36
:102AB000FFFFFFFF9224000024FFFFFFFFFFB6246B
:102AC00000006DDBFFFFFFFFFFFFFFFFFFFFFFFFCA
:102AD000FFFFFFFFFFFFFFFFFFFFFFFFFFFFFFFF06
:102AE000FFFFFFFFFFFFFFFFFFFFFFFFFFFFFFFFF6
:102AF000FFFFFFFFFFB600000092FFFFFFDB240097
:102B00000049FFFFFFFFFFFFFFFFFFFFFFFFFFFF8A
:102B1000FFFFFFFFFFFFFFFFFFFFFFFFFFFFFFFFC5
:102B2000FFFFFFFFFFFFFFFFFFFFFFFFFFFFFFFFB5
:102B3000FFFFFFFFFFFF6D000000B6FFB62400009F
:102B400024DBFFFFFFFFFFFFFFFFFFFFFFFFFFFF94
:102B5000FFFFFFFFFFFFFFFFFFFFFFFFFFFFFFFF85
:102B6000FFFFFFFFFFFFFFFFFFFFFFFFFFFFFFFF75
:102B7000FFFFFFFFFFFFFF24000024B6240000003A
:102B80000000000000000000000000000000000045
:102B90000024DBFFFFFFFFFFFFFFFFFFFFFFFFFF43
:102BA000FFFFFFFFFFDB240000000000000000002B
:102BB00000000000000000000000002424000000CD
:102BC0000000000000000000000000000000000005
:102BD000000092FFFFFFFFFFFFFFFFFFFFFFFFFF70
:102BE000FFFFFFFFDB92000000000000000000007C
:102BF000000000000000000000000024DB924949B2
:102C000049494949494949494949494949490000C6
:102C10000024FFFFFFFFFFFFFFFFFFFFFFFFFFFF9E
:102C2000FFFFFFFFFFFF24000000494949494949D0
:102C30004949494949494949494992DBFFFFFFFF51
:102C4000FFFFFFFFFFFFFFFFFFFFFFFFDB6D000048
:102C500024B6FFFFFFFFFFFFFFFFFFFFFFFFFFFFA8
:102C6000FFFFFFFFFFFFB62400006DDBFFFFFFFF4C
:102C7000FFFFFFFFFFFFFFFFFFFFFFFFFFFFFFFF64
:102C8000FFFFFFFFFFFFFFFFFFFFFFFF6D000024BF
:102C900049FFFFFFFFFFFFFFFFFFFFFFFFFFFFFFFA
:102CA000FFFFFFFFFFFFFF492400006DFFFFFFFF55
:102CB000FFFFFFFFFFFFFFFFFFFFFFFFFFFFFFFF24
:102CC000FFFFFFFFFFFFFFFFFFFFFFB600000092C7
:102CD000DBFFFFFFFFFFFFFFFFFFFFFFFFFFFFFF28
:102CE000FFFFFFFFFFFFFFDB92000000B6FFFFFFCB
:102CF000FFFFFFFFFFFFFFFFFFFFFFFFFFFFFFFFE4
:102D0000FFFFFFFFFFFFFFFFFFFFB649000049FF86
:102D1000FFFFFFFFFFFFFFFFFFFFFFFFFFFFFFFFC3
:102D2000FFFFFFFFFFFFFFFFFF49000049B6FFFF66
:102D3000FFFFFFFFFFFFFFFFFFFFFFFFFFFFFFFFA3
:102D4000FFFFFFFFFFFFFFFFFFDB24000000B6FFD8
:102D5000FFFFFFFFFFFFFFFFFFFFFFFFFFFFFFFF83
:102D6000FFFFFFFFFFFFFFFFFFB600000024DBFFB8
:102D7000FFFFFFFFFFFFFFFFFFFFFFFFFFFFFFFF63
:102D8000FFFFFFFFFFFFFFFFFF4900002492FFFF4F
:102D9000FFFFFFFFFFFFFFFFFFFFFFFFFFFFFFFF43
:102DA000FFFFFFFFFFFFFFFFFFFF9224000049FF2F
:102DB000FFFFFFFFFFFFFFFFFFFFFFFFFFFFFFFF23
:102DC000FFFFFFFFFFFFFFFFB624000092FFFFFFA2
:102DD000FFFFFFFFFFFFFFFFFFFFFFFFFFFFFFFF03
:102DE000FFFFFFFFFFFFFFFFFFFFFF92000024B682
:102DF000FFFFFFFFFFFFFFFFFFFFFFFFFFFFFFFFE3
:102E0000FFFFFFFFFFFFFF6D24000049FFFFFFFFF3
:102E1000FFFFFFFFFFFFFFFFFFFFFFFFFFFFFFFFC2
:102E2000FFFFFFFFFFFFFFFFFFFFFFFF4900002441
:102E30006DFFFFFFFFFFFFFFFFFFFFFFFFFFFFFF34
:102E4000FFFFFFFFFFFFDB24000049DBFFFFFFFF69
:102E5000FFFFFFFFFFFFFFFFFFFFFFFFFFFFFFFF82
:102E6000FFFFFFFFFFFFFFFFFFFFFFFFDB4900004A
:102E700024DBFFFFFFFFFFFFFFFFFFFFFFFFFFFF61
:102E8000FFFFFFFFFFFF49000024FFFFFFFFFFFFE1
:102E9000FFFFFFFFFFFFFFFFFFFFFFFFFFFFFFFF42
:102EA000FFFFFFFFFFFFFFFFFFFFFFFFFFFF24000C
:102EB0000049FFFFFFFFFFFFFFFFFFFFFFFFFFFFD7
:102EC000FFFFFFFFDB6D000024B6FFFFFFFFFFFFEA
:102ED000FFFFFFFFFFFFFFFFFFFFFFFFFFFFFFFF02
:102EE000FFFFFFFFFFFFFFFFFFFFFFFFFFFFB62416
:102EF00000006DDBFFFFFFFFFFFFFFFFFFFFFFFF96
:102F0000FFFFFFFF6D00002449FFFFFFFFFFFFFFF2
:102F1000FFFFFFFFFFFFFFFFFFFFFFFFFFFFFFFFC1
:102F2000FFFFFFFFFFFFFFFFFFFFFFFFFFFFFF4967
:102F30002400006DFFFFFFFFFFFFFFFFFFFFFFFF0C
:102F4000FFFFFFB600000092DBFFFFFFFFFFFFFF68
:102F5000FFFFFFFFFFFFFFFFFFFFFFFFFFFFFFFF81
:102F6000FFFFFFFFFFFFFFFFFFFFFFFFFFFFFFDB95
:102F700092000000B6FFFFFFFFFFFFFFFFFFFFFF14
:102F8000FFFFB649000049FFFFFFFFFFFFFFFFFF04
:102F9000FFFFFFFFFFFFFFFFFFFFFFFFFFFFFFFF41
:102FA000FFFFFFFFFFFFFFFFFFFFFFFFFFFFFFFF31
:102FB000FF49000049B6FFFFFFFFFFFFFFFFFFFFD4
:102FC000FFDB24000000B6FFFFFFFFFFFFFFFFFF56
:102FD000FFFFFFFFFFFFFFFFFFFFFFFFFFFFFFFF01
:102FE000FFFFFFFFFFFFFFFFFFFFFFFFFFFFFFFFF1
:102FF000FFB600000024DBFFFFFFFFFFFFFFFFFF26
:10300000FF4900002492FFFFFFFFFFFFFFFFFFFFCC
:10301000FFFFFFFFFFFFFFFFFFFFFFFFFFFFFFFFC0
:10302000FFFFFFFFFFFFFFFFFFFFFFFFFFFFFFFFB0
:10303000FFFF9224000049FFFFFFFFFFFFFFFFFF9C
:10304000B624000092FFFFFFFFFFFFFFFFFFFFFF1F
:10305000FFFFFFFFFFFFFFFFFFFFFFFFFFFFFFFF80
:10306000FFFFFFFFFFFFFFFFFFFFFFFFFFFFFFFF70
:10307000FFFFFF92000024B6FFFFFFFFFFFFFF6D81
:1030800024000049FFFFFFFFFFFFFFFFFFFFFFFFDF
:10309000FFFFFFFFFFFFFFFFFFFFFFFFFFFFFFFF40
:1030A000FFFFFFFFFFFFFFFFFFFFFFFFFFFFFFFF30
:1030B000FFFFFFFF490000246DFFFFFFFFFFDB2440
:1030C000000049DBFFFFFFFFFFFFFFFFFFFFFFFFE8
:1030D000FFFFFFFFFFFFFFFFFFFFFFFFFFFFFFFF00
:1030E000FFFFFFFFFFFFFFFFFFFFFFFFFFFFFFFFF0
:1030F000FFFFFFFFDB49000024DBFFFFFFFF49006C
:103100000024FFFFFFFFFFFFFFFFFFFFFFFFFFFFA9
:10311000FFFFFFFFFFFFFFFFFFFFFFFFFFFFFFFFBF
:10312000FFFFFFFFFFFFFFFFFFFFFFFFFFFFFFFFAF
:10313000FFFFFFFFFFFF24000049FFFFDB6D0000E2
:1031400024B6FFFFFFFFFFFFFFFFFFFFFFFFFFFFB3
:10315000FFFFFFFFFFFFFFFFFFFFFFFFFFFFFFFF7F
:10316000FFFFFFFFFFFFFFFFFFFFFFFFFFFFFFFF6F
:10317000FFFFFFFFFFFFB62400006DDB6D000024A2
:1031800049FFFFFFFFFFFFFFFFFFFFFFFFFFFFFF05
:10319000FFFFFFFFFFFFFFFFFFFFFFFFFFFFFFFF3F
:1031A000FFFFFFFFFFFFFFFFFFFFFFFFFFFFFFFF2F
:1031B000FFFFFFFFFFFFFF492400006D24000024F4
:1031C0002449494949494949494949494949494994
:1031D000494949494949494949494949494949495F
:1031E000494949494949494949494949494949494F
:1031F000494949494949492424000024490000001B
:1032000000000000000000000000000000000000BE
:1032100000000000000000000000000000000000AE
:10322000000000000000000000000000000000009E
:10323000000000000000000000000049DB922400B4
:10324000000000000000000000000000000000007E
:10325000000000000000000000000000000000006E
:10326000000000000000000000000000000000005E
:103270000000000000000000002492DBDB9224002C
:10328000000000000000000000000000000000003E
:10329000000000000000000000000000000000002E
:1032A000000000000000000000000000000000001E
:1032B0000000000000000000002492DB4900000034
:1032C00000000000000000000000000000000000FE
:1032D00000000000000000000000000000000000EE
:1032E00000000000000000000000000000000000DE
:1032F000000000000000000000000049240000243D
:103300002449494949494949494949494949494952
:10331000494949494949494949494949494949491D
:10332000494949494949494949494949494949490D
:103330004949494949494924240000246D00002491
:1033400049FFFFFFFFFFFFFFFFFFFFFFFFFFFFFF43
:10335000FFFFFFFFFFFFFFFFFFFFFFFFFFFFFFFF7D
:10336000FFFFFFFFFFFFFFFFFFFFFFFFFFFFFFFF6D
:10337000FFFFFFFFFFFFFF492400006DDB6D000032
:1033800024B6FFFFFFFFFFFFFFFFFFFFFFFFFFFF71
:10339000FFFFFFFFFFFFFFFFFFFFFFFFFFFFFFFF3D
:1033A000FFFFFFFFFFFFFFFFFFFFFFFFFFFFFFFF2D
:1033B000FFFFFFFFFFFFB62400006DDBFFFF4900AA
:1033C0000024FFFFFFFFFFFFFFFFFFFFFFFFFFFFE7
:1033D000FFFFFFFFFFFFFFFFFFFFFFFFFFFFFFFFFD
:1033E000FFFFFFFFFFFFFFFFFFFFFFFFFFFFFFFFED
:1033F000FFFFFFFFFFFF24000049FFFFFFFFDB246B
:10340000000049DBFFFFFFFFFFFFFFFFFFFFFFFFA4
:10341000FFFFFFFFFFFFFFFFFFFFFFFFFFFFFFFFBC
:10342000FFFFFFFFFFFFFFFFFFFFFFFFFFFFFFFFAC
:10343000FFFFFFFFDB49000024DBFFFFFFFFFF6D05
:1034400024000049FFFFFFFFFFFFFFFFFFFFFFFF1B
:10345000FFFFFFFFFFFFFFFFFFFFFFFFFFFFFFFF7C
:10346000FFFFFFFFFFFFFFFFFFFFFFFFFFFFFFFF6C
:10347000FFFFFFFF490000246DFFFFFFFFFFFFFF7D
:10348000B624000092FFFFFFFFFFFFFFFFFFFFFFDB
:10349000FFFFFFFFFFFFFFFFFFFFFFFFFFFFFFFF3C
:1034A000FFFFFFFFFFFFFFFFFFFFFFFFFFFFFFFF2C
:1034B000FFFFFF92000024B6FFFFFFFFFFFFFFFFAB
:1034C000FF4900002492FFFFFFFFFFFFFFFFFFFF08
:1034D000FFFFFFFFFFFFFFFFFFFFFFFFFFFFFFFFFC
:1034E000FFFFFFFFFFFFFFFFFFFFFFFFFFFFFFFFEC
:1034F000FFFF9224000049FFFFFFFFFFFFFFFFFFD8
:10350000FFDB24000000B6FFFFFFFFFFFFFFFFFF10
:10351000FFFFFFFFFFFFFFFFFFFFFFFFFFFFFFFFBB
:10352000FFFFFFFFFFFFFFFFFFFFFFFFFFFFFFFFAB
:10353000FFB600000024DBFFFFFFFFFFFFFFFFFFE0
:10354000FFFFB649000049FFFFFFFFFFFFFFFFFF3E
:10355000FFFFFFFFFFFFFFFFFFFFFFFFFFFFFFFF7B
:10356000FFFFFFFFFFFFFFFFFFFFFFFFFFFFFFFF6B
:10357000FF49000049B6FFFFFFFFFFFFFFFFFFFF0E
:10358000FFFFFFB600000092DBFFFFFFFFFFFFFF22
:10359000FFFFFFFFFFFFFFFFFFFFFFFFFFFFFFFF3B
:1035A000FFFFFFFFFFFFFFFFFFFFFFFFFFFFFFDB4F
:1035B00092000000B6FFFFFFFFFFFFFFFFFFFFFFCE
:1035C000FFFFFFFF6D00002449FFFFFFFFFFFFFF2C
:1035D000FFFFFFFFFFFFFFFFFFFFFFFFFFFFFFFFFB
:1035E000FFFFFFFFFFFFFFFFFFFFFFFFFFFFFF49A1
:1035F0002400006DFFFFFFFFFFFFFFFFFFFFFFFF46
:10360000FFFFFFFFDB6D000024B6FFFFFFFFFFFFA2
:10361000FFFFFFFFFFFFFFFFFFFFFFFFFFFFFFFFBA
:10362000FFFFFFFFFFFFFFFFFFFFFFFFFFFFB624CE
:1036300000006DDBFFFFFFFFFFFFFFFFFFFFFFFF4E
:10364000FFFFFFFFFFFF49000024FFFFFFFFFFFF19
:10365000FFFFFFFFFFFFFFFFFFFFFFFFFFFFFFFF7A
:10366000FFFFFFFFFFFFFFFFFFFFFFFFFFFF240044
:103670000049FFFFFFFFFFFFFFFFFFFFFFFFFFFF0F
:10368000FFFFFFFFFFFFDB24000049DBFFFFFFFF21
:10369000FFFFFFFFFFFFFFFFFFFFFFFFFFFFFFFF3A
:1036A000FFFFFFFFFFFFFFFFFFFFFFFFDB49000002
:1036B00024DBFFFFFFFFFFFFFFFFFFFFFFFFFFFF19
:1036C000FFFFFFFFFFFFFF6D24000049FFFFFFFF2B
:1036D000FFFFFFFFFFFFFFFFFFFFFFFFFFFFFFFFFA
:1036E000FFFFFFFFFFFFFFFFFFFFFFFF4900002479
:1036F0006DFFFFFFFFFFFFFFFFFFFFFFFFFFFFFF6C
:10370000FFFFFFFFFFFFFFFFB624000092FFFFFF58
:10371000FFFFFFFFFFFFFFFFFFFFFFFFFFFFFFFFB9
:10372000FFFFFFFFFFFFFFFFFFFFFF92000024B638
:10373000FFFFFFFFFFFFFFFFFFFFFFFFFFFFFFFF99
:10374000FFFFFFFFFFFFFFFFFF4900002492FFFF85
:10375000FFFFFFFFFFFFFFFFFFFFFFFFFFFFFFFF79
:10376000FFFFFFFFFFFFFFFFFFFF9224000049FF65
:10377000FFFFFFFFFFFFFFFFFFFFFFFFFFFFFFFF59
:10378000FFFFFFFFFFFFFFFFFFDB24000000B6FF8E
:10379000FFFFFFFFFFFFFFFFFFFFFFFFFFFFFFFF39
:1037A000FFFFFFFFFFFFFFFFFFB600000024DBFF6E
:1037B000FFFFFFFFFFFFFFFFFFFFFFFFFFFFFFFF19
:1037C000FFFFFFFFFFFFFFFFFFFFB649000049FFBC
:1037D000FFFFFFFFFFFFFFFFFFFFFFFFFFFFFFFFF9
:1037E000FFFFFFFFFFFFFFFFFF49000049B6FFFF9C
:1037F000FFFFFFFFFFFFFFFFFFFFFFFFFFFFFFFFD9
:10380000FFFFFFFFFFFFFFFFFFFFFFB6000000927B
:10381000DBFFFFFFFFFFFFFFFFFFFFFFFFFFFFFFDC
:10382000FFFFFFFFFFFFFFDB92000000B6FFFFFF7F
:10383000FFFFFFFFFFFFFFFFFFFFFFFFFFFFFFFF98
:10384000FFFFFFFFFFFFFFFFFFFFFFFF6D000024F3
:1038500049FFFFFFFFFFFFFFFFFFFFFFFFFFFFFF2E
:10386000FFFFFFFFFFFFFF492400006DFFFFFFFF89
:10387000FFFFFFFFFFFFFFFFFFFFFFFFFFFFFFFF58
:10388000FFFFFFFFFFFFFFFFFFFFFFFFDB6D0000FC
:1038900024B6FFFFFFFFFFFFFFFFFFFFFFFFFFFF5C
:1038A000FFFFFFFFFFFFB62400006DDBFFFFFFFF00
:1038B000FFFFFFFFFFFFFFFFFFFFFFFFDB92494915
:1038C00049494949494949494949494949490000FA
:1038D0000024FFFFFFFFFFFFFFFFFFFFFFFFFFFFD2
:1038E000FFFFFFFFFFFF2400000049494949494904
:1038F0004949494949494949494992DB240000005D
:1039000000000000000000000000000000000000B7
:10391000000092DBFFFFFFFFFFFFFFFFFFFFFFFF46
:10392000FFFFFFFFFF92000000000000000000000A
:10393000000000000000000000000024240000003F
:103940000000000000000000000000000000000077
:103950000024DBFFFFFFFFFFFFFFFFFFFFFFFFFF75
:10396000FFFFFFFFFFDB240000000000000000005D
:10397000000000000000000000000024B624000049
:1039800024FFFFFFFFFFFFFFFFFFFFFFFFFFFFFF22
:10399000FFFFFFFFFFFFFFFFFFFFFFFFFFFFFFFF37
:1039A000FFFFFFFFFFFFFFFFFFFFFFFFFFFFFFFF27
:1039B000FFFFFFFFFFFFDB24000024B6FFB600007F
:1039C000006DFFFFFFFFFFFFFFFFFFFFFFFFFFFF98
:1039D000FFFFFFFFFFFFFFFFFFFFFFFFFFFFFFFFF7
:1039E000FFFFFFFFFFFFFFFFFFFFFFFFFFFFFFFFE7
:1039F000FFFFFFFFFFFF49000024DBFFFFFF9200F6
:103A00000000B6FFFFFFFFFFFFFFFFFFFFFFFFFF0D
:103A1000FFFFFFFFFFFFFFFFFFFFFFFFFFFFFFFFB6
:103A2000FFFFFFFFFFFFFFFFFFFFFFFFFFFFFFFFA6
:103A3000FFFFFFFFDB6D000024B6FFFFFFFFFF2449
:103A400000002492FFFFFFFFFFFFFFFFFFFFFFFFCC
:103A5000FFFFFFFFFFFFFFFFFFFFFFFFFFFFFFFF76
:103A6000FFFFFFFFFFFFFFFFFFFFFFFFFFFFFFFF66
:103A7000FFFFFFFF6D00002449FFFFFFFFFFFF92E4
:103A80006D000024FFFFFFFFFFFFFFFFFFFFFFFFB1
:103A9000FFFFFFFFFFFFFFFFFFFFFFFFFFFFFFFF36
:103AA000FFFFFFFFFFFFFFFFFFFFFFFFFFFFFFFF26
:103AB000FFFFFFB600000092DBFFFFFFFFFFFFFFED
:103AC000DB2400006DFFFFFFFFFFFFFFFFFFFFFF95
:103AD000FFFFFFFFFFFFFFFFFFFFFFFFFFFFFFFFF6
:103AE000FFFFFFFFFFFFFFFFFFFFFFFFFFFFFFFFE6
:103AF000FFFF9224000049FFFFFFFFFFFFFFFFFFD2
:103B0000FF9200002449FFFFFFFFFFFFFFFFFFFFC1
:103B1000FFFFFFFFFFFFFFFFFFFFFFFFFFFFFFFFB5
:103B2000FFFFFFFFFFFFFFFFFFFFFFFFFFFFFFFFA5
:103B3000FFB600000024DBFFFFFFFFFFFFFFFFFFDA
:103B4000FFFF492400006DFFFFFFFFFFFFFFFFFFA6
:103B5000FFFFFFFFFFFFFFFFFFFFFFFFFFFFFFFF75
:103B6000FFFFFFFFFFFFFFFFFFFFFFFFFFFFFFFF65
:103B7000FF49000049B6FFFFFFFFFFFFFFFFFFFF08
:103B8000FFFFFF6D000024DBFFFFFFFFFFFFFFFFD4
:103B9000FFFFFFFFFFFFFFFFFFFFFFFFFFFFFFFF35
:103BA000FFFFFFFFFFFFFFFFFFFFFFFFFFFFFFDB49
:103BB00092000024B6FFFFFFFFFFFFFFFFFFFFFFA4
:103BC000FFFFFFFF2400004992FFFFFFFFFFFFFF01
:103BD000FFFFFFFFFFFFFFFFFFFFFFFFFFFFFFFFF5
:103BE000FFFFFFFFFFFFFFFFFFFFFFFFFFFFFF499B
:103BF0002400006DFFFFFFFFFFFFFFFFFFFFFFFF40
:103C0000FFFFFFFFB624000024FFFFFFFFFFFFFFC1
:103C1000FFFFFFFFFFFFFFFFFFFFFFFFFFFFFFFFB4
:103C2000FFFFFFFFFFFFFFFFFFFFFFFFFFFF920010
:103C3000000092FFFFFFFFFFFFFFFFFFFFFFFFFFFF
:103C4000FFFFFFFFFFB60000006DFFFFFFFFFFFF5C
:103C5000FFFFFFFFFFFFFFFFFFFFFFFFFFFFFFFF74
:103C6000FFFFFFFFFFFFFFFFFFFFFFFFFFB6240087
:103C7000006DFFFFFFFFFFFFFFFFFFFFFFFFFFFFE5
:103C8000FFFFFFFFFFFF92000000B6FFFFFFFFFFF7
:103C9000FFFFFFFFFFFFFFFFFFFFFFFFFFFFFFFF34
:103CA000FFFFFFFFFFFFFFFFFFFFFFFFB624000046
:103CB00024DBFFFFFFFFFFFFFFFFFFFFFFFFFFFF13
:103CC000FFFFFFFFFFFFFF2400002492FFFFFFFF25
:103CD000FFFFFFFFFFFFFFFFFFFFFFFFFFFFFFFFF4
:103CE000FFFFFFFFFFFFFFFFFFFFFFDB2400006D73
:103CF00092FFFFFFFFFFFFFFFFFFFFFFFFFFFFFF41
:103D0000FFFFFFFFFFFFFF926D000024FFFFFFFF9B
:103D1000FFFFFFFFFFFFFFFFFFFFFFFFFFFFFFFFB3
:103D2000FFFFFFFFFFFFFFFFFFFFDB49000024DB7A
:103D3000FFFFFFFFFFFFFFFFFFFFFFFFFFFFFFFF93
:103D4000FFFFFFFFFFFFFFFFDB2400006DFFFFFF12
:103D5000FFFFFFFFFFFFFFFFFFFFFFFFFFFFFFFF73
:103D6000FFFFFFFFFFFFFFFFFFFF2424000092FF84
:103D7000FFFFFFFFFFFFFFFFFFFFFFFFFFFFFFFF53
:103D8000FFFFFFFFFFFFFFFFFF9200002449FFFF3F
:103D9000FFFFFFFFFFFFFFFFFFFFFFFFFFFFFFFF33
:103DA000FFFFFFFFFFFFFFFFFF490000246DFFFF44
:103DB000FFFFFFFFFFFFFFFFFFFFFFFFFFFFFFFF13
:103DC000FFFFFFFFFFFFFFFFFFFF492400006DFF24
:103DD000FFFFFFFFFFFFFFFFFFFFFFFFFFFFFFFFF3
:103DE000FFFFFFFFFFFFFFFFB624000092FFFFFF72
:103DF000FFFFFFFFFFFFFFFFFFFFFFFFFFFFFFFFD3
:103E0000FFFFFFFFFFFFFFFFFFFFFF6D000024DB51
:103E1000FFFFFFFFFFFFFFFFFFFFFFFFFFFFFFFFB2
:103E2000FFFFFFFFFFFFFF6D24000049FFFFFFFFC3
:103E3000FFFFFFFFFFFFFFFFFFFFFFFFFFFFFFFF92
:103E4000FFFFFFFFFFFFFFFFFFFFFFFF2400004911
:103E500092FFFFFFFFFFFFFFFFFFFFFFFFFFFFFFDF
:103E6000FFFFFFFFFFFFDB24000049DBFFFFFFFF39
:103E7000FFFFFFFFFFFFFFFFFFFFFFFFFFFFFFFF52
:103E8000FFFFFFFFFFFFFFFFFFFFFFFFB624000064
:103E900024FFFFFFFFFFFFFFFFFFFFFFFFFFFFFF0D
:103EA000FFFFFFFFFFFF49000024FFFFFFFFFFFFB1
:103EB000FFFFFFFFFFFFFFFFFFFFFFFFFFFFFFFF12
:103EC000FFFFFFFFFFFFFFFFFFFFFFFFFFB6000049
:103ED000006DFFFFFFFFFFFFFFFFFFFFFFFFFFFF83
:103EE000FFFFFFFFDB49000024B6FFFFFFFFFFFFDE
:103EF000FFFFFFFFFFFFFFFFFFFFFFFFFFFFFFFFD2
:103F0000FFFFFFFFFFFFFFFFFFFFFFFFFFFF92002D
:103F10000000B6FFFFFFFFFFFFFFFFFFFFFFFFFFF8
:103F2000FFFFFFFF490000246DFFFFFFFFFFFFFFC2
:103F3000FFFFFFFFFFFFFFFFFFFFFFFFFFFFFFFF91
:103F4000FFFFFFFFFFFFFFFFFFFFFFFFFFFFFF245C
:103F500000002492FFFFFFFFFFFFFFFFFFFFFFFFB7
:103F6000FFFFFF92000024B6FFFFFFFFFFFFFFFFF0
:103F7000FFFFFFFFFFFFFFFFFFFFFFFFFFFFFFFF51
:103F8000FFFFFFFFFFFFFFFFFFFFFFFFFFFFFF92AE
:103F90006D000024FFFFFFFFFFFFFFFFFFFFFFFF9C
:103FA000FFFF6D2400006DFFFFFFFFFFFFFFFFFF1E
:103FB000FFFFFFFFFFFFFFFFFFFFFFFFFFFFFFFF11
:103FC000FFFFFFFFFFFFFFFFFFFFFFFFFFFFFFFF01
:103FD000DB2400006DFFFFFFFFFFFFFFFFFFFFFF80
:103FE000FF9200002424FFFFFFFFFFFFFFFFFFFF02
:103FF000FFFFFFFFFFFFFFFFFFFFFFFFFFFFFFFFD1
:10400000FFFFFFFFFFFFFFFFFFFFFFFFFFFFFFFFC0
:10401000FF9200002449FFFFFFFFFFFFFFFFFFFFAC
:10402000DB24000049DBFFFFFFFFFFFFFFFFFFFF77
:10403000FFFFFFFFFFFFFFFFFFFFFFFFFFFFFFFF90
:10404000FFFFFFFFFFFFFFFFFFFFFFFFFFFFFFFF80
:10405000FFFF492400006DFFFFFFFFFFFFFFFF92FE
:104060006D000024DBFFFFFFFFFFFFFFFFFFFFFFEF
:10407000FFFFFFFFFFFFFFFFFFFFFFFFFFFFFFFF50
:10408000FFFFFFFFFFFFFFFFFFFFFFFFFFFFFFFF40
:10409000FFFFFF6D000024DBFFFFFFFFFFFFDB24BE
:1040A00000002492FFFFFFFFFFFFFFFFFFFFFFFF66
:1040B000FFFFFFFFFFFFFFFFFFFFFFFFFFFFFFFF10
:1040C000FFFFFFFFFFFFFFFFFFFFFFFFFFFFFFFF00
:1040D000FFFFFFFF2400004992FFFFFFFFFF6D007D
:1040E0000024DBFFFFFFFFFFFFFFFFFFFFFFFFFFDE
:1040F000FFFFFFFFFFFFFFFFFFFFFFFFFFFFFFFFD0
:10410000FFFFFFFFFFFFFFFFFFFFFFFFFFFFFFFFBF
:10411000FFFFFFFFB624000024FFFFFFFF92000017
:104120000092FFFFFFFFFFFFFFFFFFFFFFFFFFFF0B
:10413000FFFFFFFFFFFFFFFFFFFFFFFFFFFFFFFF8F
:10414000FFFFFFFFFFFFFFFFFFFFFFFFFFFFFFFF7F
:10415000FFFFFFFFFFB60000006DFFFF6D240000B2
:1041600049FFFFFFFFFFFFFFFFFFFFFFFFFFFFFF15
:10417000FFFFFFFFFFFFFFFFFFFFFFFFFFFFFFFF4F
:10418000FFFFFFFFFFFFFFFFFFFFFFFFFFFFFFFF3F
:10419000FFFFFFFFFFFF92000000B6B60000009295
:1041A000B6FFFFFFFFFFFFFFFFFFFFFFFFFFFFFF68
:1041B000FFFFFFFFFFFFFFFFFFFFFFFFFFFFFFFF0F
:1041C000FFFFFFFFFFFFFFFFFFFFFFFFFFFFFFFFFF
:1041D000FFFFFFFFFFFFFF2400002424000024FF57
:1041E000FFFFFFFFFFFFFFFFFFFFFFFFFFFFFFFFDF
:1041F000FFFFFFFFFFFFFFFFFFFFFFFFFFFFFFFFCF
:10420000FFFFFFFFFFFFFFFFFFFFFFFFFFFFFFFFBE
:10421000FFFFFFFFFFFFFF926D0000000024B6FFCD
:10422000FFFFFFFFFFFFFFFFFFFFFFFFFFFFFFFF9E
:10423000FFFFFFFFFFFFFFFFFFFFFFFFFFFFFFFF8E
:10424000FFFFFFFFFFFFFFFFFFFFFFFFFFFFFFFF7E
:10425000FFFFFFFFFFFFFFFFFF6D24246DDBFFFF6C
:10426000FFFFFFFFFFFFFFFFFFFFFFFFFFFFFFFF5E
:10427000FFFFFFFFFFFFFFFFFFFFFFFFFFFFFFFF4E
:10428000FFFFFFFFFFFFFF4949DBFFFFFFFFFFFFCE
:10429000FFFFFFFFFFFFFFFFFFFFFFFFFFFFFFFF2E
:1042A000FFFFFFFFFFFFFFFFFFFFFFFFFFFFFFFF1E
:1042B000FFFFFFFFFFFFFFFFFFFFFFFFFFFFFFFF0E
:1042C000FFFFFFFFFFFFDB0000246DDBFFFFFFFFB1
:1042D000FFFFFFFFFFFFFFFFFFFFFFFFFFFFFFFFEE
:1042E000FFFFFFFFFFFFFFFFFFFFFFFFFFFFFFFFDE
:1042F000FFFFFFFFFFFFFFFFFFFFFFFFFFFFFFFFCE
:10430000FFFFFFFFFFFFDB240000002492FFFFFF01
:10431000FFFFFFFFFFFFFFFFFFFFFFFFFFFFFFFFAD
:10432000FFFFFFFFFFFFFFFFFFFFFFFFFFFFFFFF9D
:10433000FFFFFFFFFFFFFFFFFFFFFFFFFFFFFFFF8D
:10434000FFFFFFFFFFFFDB24000000000049B6FF76
:10435000FFFFFFFFFFFFFFFFFFFFFFFFFFFFFFFF6D
:10436000FFFFFFFFFFFFFFFFFFFFFFFFFFFFFFFF5D
:10437000FFFFFFFFFFFFFFFFFFFFFFFFFFFFFFFF4D
:10438000FFFFFFFFFFFFFF24006D92240000006D80
:10439000DBFFFFFFFFFFFFFFFFFFFFFFFFFFFFFF51
:1043A000FFFFFFFFFFFFFFFFFFFFFFFFFFFFFFFF1D
:1043B000FFFFFFFFFFFFFFFFFFFFFFFFFFFFFFFF0D
:1043C000FFFFFFFFFFFFFF240049FFFF92240000D3
:1043D000246DFFFFFFFFFFFFFFFFFFFFFFFFFFFF5A
:1043E000FFFFFFFFFFFFFFFFFFFFFFFFFFFFFFFFDD
:1043F000FFFFFFFFFFFFFFFFFFFFFFFFFFFFFFFFCD
:10440000FFFFFFFFFFFFFF490049FFFFFFDB4924DC
:10441000000024B6FFFFFFFFFFFFFFFFFFFFFFFFCE
:10442000FFFFFFFFFFFFFFFFFFFFFFFFFFFFFFFF9C
:10443000FFFFFFFFFFFFFFFFFFFFFFFFFFFFFFFF8C
:10444000FFFFFFFFFFFFFF490024FFFFFFFFFFB655
:104450002400002449DBFFFFFFFFFFFFFFFFFFFFFA
:10446000FFFFFFFFFFFFFFFFFFFFFFFFFFFFFFFF5C
:10447000FFFFFFFFFFFFFFFFFFFFFFFFFFFFFFFF4C
:10448000FFFFFFFFFFFFFF490000FFFFFFFFFFFFF0
:10449000FF6D240000006DDBFFFFFFFFFFFFFFFF4C
:1044A000FFFFFFFFFFFFFFFFFFFFFFFFFFFFFFFF1C
:1044B000FFFFFFFFFFFFFFFFFFFFFFFFFFFFFFFF0C
:1044C000FFFFFFFFFFFFFF6D0000DBFFFFFFFFFFB0
:1044D000FFFFDB6D0000002492FFFFFFFFFFFFFFE7
:1044E000FFFFFFFFFFFFFFFFFFFFFFFFFFFFFFFFDC
:1044F000FFFFFFFFFFFFFFFFFFFFFFFFFFFFFFFFCC
:10450000FFFFFFFFFFFFFF920000B6FFFFFFFFFF6F
:10451000FFFFFFFFB64900000049DBFFFFFFFFFF81
:10452000FFFFFFDBDBDBDBDBDBDBFFFFFFFFFFFF97
:10453000FFFFFFFFFFFFFFFFFFFFFFFFFFFFFFFF8B
:10454000FFFFFFFFFFFFFFB60000B6FFFFFFFFFF0B
:10455000FFFFFFFFFFFF92240000246DDBFFFFFF42
:1045600092494924242424242424244992DBFFFF53
:10457000FFFFFFFFFFFFFFFFFFFFFFFFFFFFFFFF4B
:10458000FFFFFFFFFFFFFFDB000092FFFFFFFFFFCA
:10459000FFFFFFFFFFFFFFFF6D24000024926D244B
:1045A000000000000000000000000000000049B60C
:1045B000FFFFFFFFFFFFFFFFFFFFFFFFFFFFFFFF0B
:1045C000FFFFFFFFFFFFFFDB00006DFFFFFFFFFFAF
:1045D000FFFFFFFFFFFFFFFFFFDB490000000000C0
:1045E0000000496D92B6B6B6B66D492400000024AD
:1045F00049B6FFFFFFFFFFFFFFFFFFFFFFFFFFFFCA
:10460000FFFFFFFFFFDB6D24000049FFFFFFFFFFFF
:10461000FFFFFFFFFFFFFFFFFFFF92240000244981
:1046200092FFFFFFFFFFFFFFFFFFFFFFB6492400E0
:1046300000006DFFFFFFFFFFFFFFFFFFFFFFFFFF1A
:10464000FFFFDB6D242400000024B6FFFFFFFFFF07
:10465000FFFFFFFFFFFFFFFFFF4900000049DBFFF7
:10466000FFFFFFFFFFFFFFFFFFFFFFFFFFFFDB6D10
:1046700000000024DBFFFFFFFFFFFFFFFFFFFFDB6A
:10468000922400000000244992FFFFFFFFFFFFFF7C
:10469000FFFFFFFFFFFFFFFF4900002492FFFFFF26
:1046A000FFFFFFFFFFFFFFFFFFFFFFFFFFFFFFFF1A
:1046B000DB49000024B6FFFFFFFFFFFFFF92492404
:1046C000000000002492DBFFFFFFFFFFFFFFFFFF62
:1046D000FFFFFFFFFFFFFF49000049DBFFFFFFFF78
:1046E000FFFFFFFFFFFFFFFFFFFFFFFFFFFFFFFFDA
:1046F000FFFF92000024B6FFFFFFFFFF490000000C
:1047000000246DDBFFFFFFFFFFFFFFFFFFFFFFFF49
:10471000FFFFFFFFFFFF49000049FFFFFFFFFFFF13
:10472000FFFFFFFFFFFFFFFFFFFFFFFFFFFFFFFF99
:10473000FFFFFF92240024DBFFFFFFFF24000000A7
:1047400024DBFFFFFFFFFFFFFFFFFFFFFFFFFFFF78
:10475000FFFFFFFFFF6D000049FFFFFFFFFFFFFFAF
:10476000FFFFFFFFFFFFFFFFFFFFFFFFFFFFFFFF59
:10477000FFFFFFFF92000049FFFFFFFFDB4924001E
:10478000002492FFFFFFFFFFFFFFFFFFFFFFFFFF80
:10479000FFFFFFFFDB240024FFFFFFFFFFFFFFFF02
:1047A000FFFFFFFFFFFFFFFFFFFFFFFFFFFFFFFF19
:1047B000FFFFFFFFFF6D00006DFFFFFFFFFFDB4905
:1047C00000000024B6FFFFFFFFFFFFFFFFFFFFFF1A
:1047D000FFFFFFFF490024B6FFFFFFFFFFFFFFFFC2
:1047E000FFFFFFFFFFFFFFFFFFFFFFFFFFFFFFFFD9
:1047F000FFFFFFFFFFFF240024DBFFFFFFFFFFFFA2
:10480000922400000049DBFFFFFFFFFFFFFFFFFFD7
:10481000FFFFFF9200006DFFFFFFFFFFFFFFFFFFA5
:10482000FFFFFFFFFFFFFFFFFFFFFFFFFFFFFFFF98
:10483000FFFFFFFFFFFFB6240049FFFFFFFFFFFF61
:10484000FFFF92240000246DFFFFFFFFFFFFFFFF2B
:10485000FFFFFF490024FFFFFFFFFFFFFFFFFFFFF8
:10486000FFFFFFFFFFFFFFFFFFFFFFFFFFFFFFFF58
:10487000FFFFFFFFFFFFFF490000DBFFFFFFFFFF20
:10488000FFFFFFDB4924000024B6FFFFFFFFFFFF0F
:10489000FFFFDB240092FFFFFFFFFFFFFFFFFFFF93
:1048A000FFFFFFFFFFFFFFFFFFFFFFFFFFFFFFFF18
:1048B000FFFFFFFFFFFFFFB600006DFFFFFFFFFFE1
:1048C000FFFFFFFFFFB64900000049B6FFFFFFFFF3
:1048D000FFFF6D0024DBFFFFFFFFFFFFFFFFFFFF78
:1048E000FFFFFFFFFFFFFFFFFFFFFFFFFFFFFFFFD8
:1048F000FFFFFFFFFFFFFFFF490024FFFFFFFFFF58
:10490000FFFFFFFFFFFFFF922400000049DBFFFFD6
:10491000FFFF240049FFFFFFFFFFFFFFFFFFFFFF37
:10492000FFFFFFFFFFFFFFFFFFFFFFFFFFFFFFFF97
:10493000FFFFFFFFFFFFFFFF920024DBFFFFFFFFF2
:10494000FFFFFFFFFFFFFFFFDB6D000000246DFF97
:10495000FFDB00006DFFFFFFFFFFFFFFFFFFFFFF1B
:10496000FFFFFFFFFFFFFFFFFFFFFFFFFFFFFFFF57
:10497000FFFFFFFFFFFFFFFFDB240092FFFFFFFFB2
:10498000FFFFFFFFFFFFFFFFFFFFDB4924000024C5
:10499000B6920000B6FFFFFFFFFFFFFFFFFFFFFF24
:1049A000FFFFFFFFFFFFFFFFFFFFFFFFFFFFFFFF17
:1049B000FFFFFFFFFFFFFFFFFF24006DFFFFFFFF73
:1049C000FFFFFFFFFFFFFFFFFFFFFFFFB624000019
:1049D00000240000DBFFFFFFFFFFFFFFFFFFFFFFE3
:1049E000FFFFFFFFFFFFFFFFFFFFFFFFFFFFFFFFD7
:1049F000FFFFFFFFFFFFFFFFFF490049FFFFFFFF32
:104A0000FFFFFFFFFFFFFFFFFFFFFFFFFFFF9224FE
:104A100000000000FFFFFFFFFFFFFFFFFFFFFFFFA2
:104A2000FFFFFFFFFFFFFFFFFFFFFFFFFFFFFFFF96
:104A3000FFFFFFFFFFFFFFFFFF490024FFFFFFFF16
:104A4000FFFFFFFFFFFFFFFFFFFFFFFFFFFFFFDB9A
:104A50006D240000FFFFFFFFFFFFFFFFFFFFFFFFD1
:104A6000FFFFFFFFFFFFFFFFFFFFFFFFFFFFFFFF56
:104A7000FFFFFFFFFFFFFFFFFF490000FFFFFFFFFA
:104A8000FFFFFFFFFFFFFFFFFFFFFFFFFFFFFFDB5A
:104A90006D240000FFFFFFFFFFFFFFFFFFFFFFFF91
:104AA000FFFFFFFFFFFFFFFFFFFFFFFFFFFFFFFF16
:104AB000FFFFFFFFFFFFFFFFFF490000FFFFFFFFBA
:104AC000FFFFFFFFFFFFFFFFFFFFFFFFFFFF92243E
:104AD00000000000FFFFFFFFFFFFFFFFFFFFFFFFE2
:104AE000FFFFFFFFFFFFFFFFFFFFFFFFFFFFFFFFD6
:104AF000FFFFFFFFFFFFFFFFFF490024FFFFFFFF56
:104B0000FFFFFFFFFFFFFFFFFFFFFFFFB6240000D7
:104B100000240000DBFFFFFFFFFFFFFFFFFFFFFFA1
:104B2000FFFFFFFFFFFFFFFFFFFFFFFFFFFFFFFF95
:104B3000FFFFFFFFFFFFFFFFFF490049FFFFFFFFF0
:104B4000FFFFFFFFFFFFFFFFFFFFDB492400002403
:104B5000B6920000B6FFFFFFFFFFFFFFFFFFFFFF62
:104B6000FFFFFFFFFFFFFFFFFFFFFFFFFFFFFFFF55
:104B7000FFFFFFFFFFFFFFFFFF24006DFFFFFFFFB1
:104B8000FFFFFFFFFFFFFFFFDB6D000000246DFF55
:104B9000FFDB00006DFFFFFFFFFFFFFFFFFFFFFFD9
:104BA000FFFFFFFFFFFFFFFFFFFFFFFFFFFFFFFF15
:104BB000FFFFFFFFFFFFFFFFDB240092FFFFFFFF70
:104BC000FFFFFFFFFFFFFF92240000006DDBFFFFF0
:104BD000FFFF240049FFFFFFFFFFFFFFFFFFFFFF75
:104BE000FFFFFFFFFFFFFFFFFFFFFFFFFFFFFFFFD5
:104BF000FFFFFFFFFFFFFFFF920024DBFFFFFFFF30
:104C0000FFFFFFFFFFB64900000049B6FFFFFFFFAF
:104C1000FFFF6D0024DBFFFFFFFFFFFFFFFFFFFF34
:104C2000FFFFFFFFFFFFFFFFFFFFFFFFFFFFFFFF94
:104C3000FFFFFFFFFFFFFFFF490024FFFFFFFFFF14
:104C4000FFFFFFDB4924000024B6FFFFFFFFFFFF4B
:104C5000FFFFDB240092FFFFFFFFFFFFFFFFFFFFCF
:104C6000FFFFFFFFFFFFFFFFFFFFFFFFFFFFFFFF54
:104C7000FFFFFFFFFFFFFFB600006DFFFFFFFFFF1D
:104C8000FFFF92240000246DFFFFFFFFFFFFFFFFE7
:104C9000FFFFFF490024FFFFFFFFFFFFFFFFFFFFB4
:104CA000FFFFFFFFFFFFFFFFFFFFFFFFFFFFFFFF14
:104CB000FFFFFFFFFFFFFF490000DBFFFFFFFFFFDC
:104CC000922400000049DBFFFFFFFFFFFFFFFFFF13
:104CD000FFFFFF9200006DFFFFFFFFFFFFFFFFFFE1
:104CE000FFFFFFFFFFFFFFFFFFFFFFFFFFFFFFFFD4
:104CF000FFFFFFFFFFFFB6240049FFFFFFFFDB4977
:104D000000000049B6FFFFFFFFFFFFFFFFFFFFFFAF
:104D1000FFFFFFFF490024B6FFFFFFFFFFFFFFFF7C
:104D2000FFFFFFFFFFFFFFFFFFFFFFFFFFFFFFFF93
:104D3000FFFFFFFFFFFF240024DBFFFFDB49240010
:104D4000002492FFFFFFFFFFFFFFFFFFFFFFFFFFBA
:104D5000FFFFFFFFDB240024FFFFFFFFFFFFFFFF3C
:104D6000FFFFFFFFFFFFFFFFFFFFFFFFFFFFFFFF53
:104D7000FFFFFFFFFF6D00006DFFFFFF240000003D
:104D800049DBFFFFFFFFFFFFFFFFFFFFFFFFFFFF0D
:104D9000FFFFFFFFFF6D000049FFFFFFFFFFFFFF69
:104DA000FFFFFFFFFFFFFFFFFFFFFFFFFFFFFFFF13
:104DB000FFFFFFFF92000049FFFFFFFF49000000D7
:104DC000246DDBFFFFFFFFFFFFFFFFFFFFFFFFFF84
:104DD000FFFFFFFFFFFF49000049FFFFFFFFFFFF4D
:104DE000FFFFFFFFFFFFFFFFFFFFFFFFFFFFFFFFD3
:104DF000FFFFFF92240024DBFFFFFFFFFF92240050
:104E00000000246DDBFFFFFFFFFFFFFFFFFFFFFF41
:104E1000FFFFFFFFFFFFFF49000049DBFFFFFFFF30
:104E2000FFFFFFFFFFFFFFFFFFFFFFFFFFFFFFFF92
:104E3000FFFF92000024B6FFFFFFFFFFFFFFFFB65A
:104E4000240000002449DBFFFFFFFFFFFFFFFFFFFF
:104E5000FFFFFFFFFFFFFFFF4900002492FFFFFF5E
:104E6000FFFFFFFFFFFFFFFFFFFFFFFFFFFFFFFF52
:104E7000DB49000024B6FFFFFFFFFFFFFFFFFFFF3E
:104E8000FF9249240000006DDBFFFFFFFFFFFFFFE3
:104E9000FFFFFFFFFFFFFFFFFF6D00000049DBFF8B
:104EA000FFFFFFFFFFFFFFFFFFFFFFFFFFFFDB6DC8
:104EB00000000024DBFFFFFFFFFFFFFFFFFFFFFFFE
:104EC000FFFFFFB6490000002449DBFFFFFFFFFFA3
:104ED000FFFFFFFFFFFFFFFFFFFF922400002449B9
:104EE00092FFFFFFFFFFFFFFFFFFFFFFB649240018
:104EF00000006DFFFFFFFFFFFFFFFFFFFFFFFFFF52
:104F0000FFFFFFFFFFB6492400006DFFFFFFFFFF1B
:104F1000FFFFFFFFFFFFFFFFFFDB49000000000076
:104F20000000496D92B6B6B6B66D49240000002463
:104F300049B6FFFFFFFFFFFFFFFFFFFFFFFFFFFF80
:104F4000FFFFFFFFFFFFFFB600006DFFFFFFFFFF4A
:104F5000FFFFFFFFFFFFFFFF6D24000024926D2481
:104F6000000000000000000000000000000049B642
:104F7000FFFFFFFFFFFFFFFFFFFFFFFFFFFFFFFF41
:104F8000FFFFFFFFFFFFFFDB000092FFFFFFFFFFC0
:104F9000FFFFFFFFFFFF92240000246DDBFFFFFFF8
:104FA000B6494924242424242424244992DBFFFFE5
:104FB000FFFFFFFFFFFFFFFFFFFFFFFFFFFFFFFF01
:104FC000FFFFFFFFFFFFFFB60000B6FFFFFFFFFF81
:104FD000FFFFFFFFB64900000049DBFFFFFFFFFFB7
:104FE000FFFFFFDBDBDBDBDBDBDBFFFFFFFFFFFFCD
:104FF000FFFFFFFFFFFFFFFFFFFFFFFFFFFFFFFFC1
:10500000FFFFFFFFFFFFFF920000DBFFFFFFFFFF3F
:10501000FFFFDB6D0000002492FFFFFFFFFFFFFF9B
:10502000FFFFFFFFFFFFFFFFFFFFFFFFFFFFFFFF90
:10503000FFFFFFFFFFFFFFFFFFFFFFFFFFFFFFFF80
:10504000FFFFFFFFFFFFFF6D0000DBFFFFFFFFFF24
:10505000FF6D240000006DDBFFFFFFFFFFFFFFFF80
:10506000FFFFFFFFFFFFFFFFFFFFFFFFFFFFFFFF50
:10507000FFFFFFFFFFFFFFFFFFFFFFFFFFFFFFFF40
:10508000FFFFFFFFFFFFFF490000FFFFFFFFFFB62D
:105090002400002449DBFFFFFFFFFFFFFFFFFFFFAE
:1050A000FFFFFFFFFFFFFFFFFFFFFFFFFFFFFFFF10
:1050B000FFFFFFFFFFFFFFFFFFFFFFFFFFFFFFFF00
:1050C000FFFFFFFFFFFFFF490024FFFFFFDB492435
:1050D000000024B6FFFFFFFFFFFFFFFFFFFFFFFF02
:1050E000FFFFFFFFFFFFFFFFFFFFFFFFFFFFFFFFD0
:1050F000FFFFFFFFFFFFFFFFFFFFFFFFFFFFFFFFC0
:10510000FFFFFFFFFFFFFF490049FFFF9224000060
:10511000246DFFFFFFFFFFFFFFFFFFFFFFFFFFFF0C
:10512000FFFFFFFFFFFFFFFFFFFFFFFFFFFFFFFF8F
:10513000FFFFFFFFFFFFFFFFFFFFFFFFFFFFFFFF7F
:10514000FFFFFFFFFFFFFF24006D92240000006DB2
:10515000DBFFFFFFFFFFFFFFFFFFFFFFFFFFFFFF83
:10516000FFFFFFFFFFFFFFFFFFFFFFFFFFFFFFFF4F
:10517000FFFFFFFFFFFFFFFFFFFFFFFFFFFFFFFF3F
:10518000FFFFFFFFFFFFDB24000000000049B6FF28
:10519000FFFFFFFFFFFFFFFFFFFFFFFFFFFFFFFF1F
:1051A000FFFFFFFFFFFFFFFFFFFFFFFFFFFFFFFF0F
:1051B000FFFFFFFFFFFFFFFFFFFFFFFFFFFFFFFFFF
:1051C000FFFFFFFFFFFFDB240000002492FFFFFF33
:1051D000FFFFFFFFFFFFFFFFFFFFFFFFFFFFFFFFDF
:1051E000FFFFFFFFFFFFFFFFFFFFFFFFFFFFFFFFCF
:1051F000FFFFFFFFFFFFFFFFFFFFFFFFFFFFFFFFBF
:10520000FFFFFFFFFFFFDB0000246DDBFFFFFFFF61
:10521000FFFFFFFFFFFFFFFFFFFFFFFFFFFFFFFF9E
:10522000FFFFFFFFFFFFFFFFFFFFFFFFFFFFFFFF8E
:10523000FFFFFFFFFFFFFFFFFFFFFFFFFFFFFFFF7E
:10524000FFFFFFFFFFFFFF4949DBFFFFFFFFFFFFFE
:10525000FFFFFFFFFFFFFFFFFFFFFFFFFFFFFFFF5E
:10526000FFFFFFFFFFFFFFFFFFFFFFFFFFFFFFFF4E
:10527000FFFFFFFFFFFFFFFFFFFFFFFFFFFFFFFF3E
:10528000FFFFFFFFFFFFFFFFFFFFFFFFFFFFFFFF2E
:10529000FFDBDB92926D49242400002424496D92A7
:1052A000B6DBFFFFFFFFFFFFFFFFFFFFFFFFFFFF7B
:1052B000FFFFFFFFFFFFFFFFFFFFFFFFFFFFFFFFFE
:1052C000FFFFFFFFFFFFFFFFFFFFFFFFFFFFDB6DA4
:1052D0004924000000000000000000000000000061
:1052E0000024496D6DDBFFFFFFFFFFFFFFFFFFFFA6
:1052F000FFFFFFFFFFFFFFFFFFFFFFFFFFFFFFFFBE
:10530000FFFFFFFFFFFFFFFFFFFFFFDB9224000017
:105310000000002424244949492400004949242448
:1053200000000000000049B6FFFFFFFFFFFFFFFF86
:10533000FFFFFFFFFFFFFFFFFFFFFFFFFFFFFFFF7D
:10534000FFFFFFFFFFFFFFFFFFDB6D2400000000FA
:10535000246DB6DBDBFFFFFFFF6D0000FFFFFFDB0F
:10536000B6924900000000002492FFFFFFFFFFFFFC
:10537000FFFFFFFFFFFFFFFFFFFFFFFFFFFFFFFF3D
:10538000FFFFFFFFFFFFFFDB6D24000000246DB671
:10539000FFFFFFFFFFFFFFFFFF6D0000FFFFFFFFAD
:1053A000FFFFFFDBB6492400000024B6FFFFFFFF2C
:1053B000FFFFFFFFFFFFFFFFFFFFFFFFFFFFFFFFFD
:1053C000FFFFFFFFFFFF922400000024B6FFFFFF56
:1053D000FFFFFFFFFFFFFFFFFF6D0000FFFFFFFF6D
:1053E000FFFFFFFFFFFFDB922400000049DBFFFF10
:1053F000FFFFFFFFFFFFFFFFFFFFFFFFFFFFFFFFBD
:10540000FFFFFFFFDB49000000000024FFFFFFFF5C
:10541000FFFFFFFFFFFFFFFFFFDB496DFFFFFFFF08
:10542000FFFFFFFFFFFFFFFF490000000024B6FF62
:10543000FFFFFFFFFFFFFFFFFFFFFFFFFFFFFFFF7C
:10544000FFFFFF4924000000926D00006DFFFFFF89
:10545000FFFFFFFFFFFFFFFFFFFFFFFFFFFFFFFF5C
:10546000FFFFFFFFFFFFFF920000496D0000246D6A
:10547000FFFFFFFFFFFFFFFFFFFFFFFFFFFFFFFF3C
:10548000FFDB4900000049DBFFFF49246DFFFFFF00
:10549000FFFFFFFFFFFFFFFFFFFFFFFFFFFFFFFF1C
:1054A000FFFFFFFFFFFFFF922424FFFF9224000075
:1054B00049FFFFFFFFFFFFFFFFFFFFFFFFFFFFFFB2
:1054C000DB240000006DFFFFFFFFFFDBFFFFFFFF9E
:1054D000FFFFFFFFFFFFFFFFFFFFFFFFFFFFFFFFDC
:1054E000FFFFFFFFFFFFFFFFDBFFFFFFFFDB2400EE
:1054F0000049FFFFFFFFFFFFFFFFFFFFFFFFFFDB95
:105500002400004992FFFFFFFFFFFFFFFFFFFFFFA7
:10551000FFFFFFFFFFFFFFFFFFFFFFFFFFFFFFFF9B
:10552000FFFFFFFFFFFFFFFFFFFFFFFFFFFFFF4941
:10553000000049FFFFFFFFFFFFFFFFFFFFFFFF49E5
:1055400000006DFFFFFFFFFFFFFFFFFFFFFFFFFFFB
:10555000FFFFFFFFFFFFFFFFFFFFFFFFFFFFFFFF5B
:10556000FFFFFFFFFFFFFFFFFFFFFFFFFFFFFFFF4B
:105570004900004992FFFFFFFFFFFFFFFFFF4900C7
:10558000006DFFFFFFFFFFFFFFFFFFFFFFFFFFFFBC
:10559000FFFFFFFFFFFFFFFFFFFFFFFFFFFFFFFF1B
:1055A000FFFFFFFFFFFFFFFFFFFFFFFFFFFFFFFF0B
:1055B000FF49000024DBFFFFFFFFFFFFFF6D00003E
:1055C00049FFFFFFFFFFFFFFFFFFFFFFFFFFFFFFA1
:1055D000FFFFFFFFFFFFFFFFFFFFFFFFFFFFFFFFDB
:1055E000FFFFFFFFFFFFFFFFFFFFFFFFFFFFFFFFCB
:1055F000FFDB24000024FFFFFFFFFFFFDB2400246C
:10560000DBFFFFFFFFFFFFFFFFFFFFFFFFFFFFFFCE
:10561000FFFFFFFFFFFFFFFFFFFFFFFFFFFFFFFF9A
:10562000FFFFFFFFFFFFFFFFFFFFFFFFFFFFFFFF8A
:10563000FFFFB62400006DFFFFFFFFFF490024B607
:10564000FFFFFFFFFFFFFFFFFFFFFFFFFFFFFFFF6A
:10565000FFFFFFFFFFFFFFFFFFFFFFFFFFFFFFFF5A
:10566000FFFFFFFFFFFFFFFFFFFFFFFFFFFFFFFF4A
:10567000FFFFFF92490024B6FFFFFFFF92246DFF5A
:10568000FFFFFFFFFFFFFFFFFFFFFFFFFFFFFFFF2A
:10569000FFFFFFFFFFFFFFFFFFFFFFFFFFFFFFFF1A
:1056A000FFFFFFFFFFFFFFFFFFFFFFFFFFFFFFFF0A
:1056B000FFFFFFDBB6000024FFFFFFFFFFFFFFFF40
:1056C000FFFFFFFFFFFFFFFFFFFFFFFFFFFFFFFFEA
:1056D000FFFFFFFFFFFFFFFFFFFFFFFFFFFFFFFFDA
:1056E000FFFFFFFFFFFFFFFFFFFFFFFFFFFFFFFFCA
:1056F000FFFFB6242400000092FFFFFFFFFFFFFF23
:10570000FFFFFFFFFFFFFFFFFFFFFFFFFFFFFFFFA9
:10571000FFFFFFFFFFFFFFFFFFFFFFFFFFFFFFFF99
:10572000FFFFFFFFFFFFFFFFFFFFFFFFFFFFFFFF89
:10573000FFFF24000024240024FFFFFFFFFFFFFFE2
:10574000FFFFFFFFFFFFFFFFFFFFFFFFFFFFFFFF69
:10575000FFFFFFFFFFFFFFFFFFFFFFFFFFFFFFFF59
:10576000FFFFFFFFFFFFFFFFFFFFFFFFFFFFFFFF49
:10577000FFFF922424B6920000B6FFFFFFFFFFFF59
:10578000FFFFFFFFFFFFFFFFFFFFFFFFFFFFFFFF29
:10579000FFFFFFFFFFFFFFFFFFFFFFFFFFFFFFFF19
:1057A000FFFFFFFFFFFFFFFFFFFFFFFFFFFFFFFF09
:1057B000FFFFFFFFFFFFDB240049FFFFFFFFFFFFAD
:1057C000FFFFFFFFFFFFFFFFFFFFFFFFFFFFFFFFE9
:1057D000FFFFFFFFFFFFFFFFFFFFFFFFFFFFFFFFD9
:1057E000FFFFFFFFFFFFFFFFFFFFFFFFFFFFFFFFC9
:1057F000FFFFFFFFFFFFFF490000DBFFFFFFFFFF91
:10580000FFFFFFFFFFFFFFFFFFFFFFFFFFFFFFFFA8
:10581000FFFFFFFFFFFFFFFFFFFFFFFFFFFFFFFF98
:10582000FFFFFFFFFFFFFFFFFFFFFFFFFFFFFFFF88
:10583000FFFFFFFFFFFFFFB600006DFFFFFFFFFF51
:10584000FFFFFFFFFFFFFFFFFFFFFFFFFFFFFFFF68
:10585000FFFFFFFFFFFFFFFFFFFFFFFFFFFFFFFF58
:10586000FFFFFFFFFFFFFFFFFFFFFFFFFFFFFFFF48
:10587000FFFFFFFFFFFFFFFF240049FFFFFFFFFFC8
:10588000FFFFFFFFFFFFFFFFFFFFFFFFFFFFFFFF28
:10589000FFFFFFFFFFFFFFFFFFFFFFFFFFFFFFFF18
:1058A000FFFFFFFFFFFFFFFFFFFFFFFFFFFFFFFF08
:1058B000FFFFFFFFFFFFFFFF6D0024DBFFFFFFFF88
:1058C000FFFFFFFFFFFFFFFFFFFFFFFFFFFFFFFFE8
:1058D000FFFFFFFFFFFFFFFFFFFFFFFFFFFFFFFFD8
:1058E000FFFFFFFFFFFFFFFFFFFFFFFFFFFFFFFFC8
:1058F000FFFFFFFFFFFFFFFFB60000DBFFFFFFFF23
:10590000FFFFFFFFFFFFFFFFFFFFFFFFFFFFFFFFA7
:10591000FFFFFFFFFFFFFFFFFFFFFFFFFFFFFFFF97
:10592000FFFFFFFFFFFFFFFFFFFFFFFFFFFFFFFF87
:10593000FFFFFFFFFFFFFFFFDB240092FFFFFFFFE2
:10594000FFFFFFFFFFFFFFFFFFFFFFFFFFFFFFFF67
:10595000FFFFFFFFFFFFFFFFFFFFFFFFFFFFFFFF57
:10596000FFFFFFFFFFFFFFFFFFFFFFFFFFFFFFFF47
:10597000FFFFFFFFFFFFFFFFFF24006DFFFFFFFFA3
:10598000FFFFFFFFFFFFFFFFFFFFFFFFFFFFFFFF27
:10599000FFFFFFFFFFFFFFFFFFDBDBFFFFFFFFFF5F
:1059A000FFFFFFFFFFFFFFFFFFFFFFFFFFFFFFFF07
:1059B000FFFFFFFFFFFFFFFFFF490049FFFFFFFF62
:1059C000FFFFFFFFFFFFFFFFFFFFFFFFFFFFFFFFE7
:1059D000FFFFFFFFFFFFFFDB49240024B6FFFFFFAF
:1059E000FFFFFFFFFFFFFFFFFFFFFFFFFFFFFFFFC7
:1059F000FFFFFFFFFFFFFFFFFF490024FFFFFFFF47
:105A0000FFFFFFFFFFFFFFFFFFFFFFFFFFFFFFFFA6
:105A1000FFFFFFFFFFFFFF490000000024DBFFFF47
:105A2000FFFFFFFFFFFFFFFFFFFFFFFFFFFFFFFF86
:105A3000FFFFFFFFFFFFDBDBDB490024FFFFFFFF72
:105A4000FFFFFFFFFFFFFFFFFFFFFFFFFFFFFFFF66
:105A5000FFFFFFFFFFFFDB240000000000B6FFFF99
:105A6000FFFFFFFFFFFFFFFFFFFFFFFFFFFFFFFF46
:105A7000FFFFFFFFFF92240000000000FFFFFFFF79
:105A8000FFFFFFFFFFFFFFFFFFFFFFFFFFFFFFFF26
:105A9000FFFFFFFFFFFFDB240000000000B6FFFF59
:105AA000FFFFFFFFFFFFFFFFFFFFFFFFFFFFFFFF06
:105AB000FFFFFFFFFF92240000000000FFFFFFFF39
:105AC000FFFFFFFFFFFFFFFFFFFFFFFFFFFFFFFFE6
:105AD000FFFFFFFFFFFFFF490000000024DBFFFF87
:105AE000FFFFFFFFFFFFFFFFFFFFFFFFFFFFFFFFC6
:105AF000FFFFFFFFFFFFDBDBDB490024FFFFFFFFB2
:105B0000FFFFFFFFFFFFFFFFFFFFFFFFFFFFFFFFA5
:105B1000FFFFFFFFFFFFFFDB4924000024DBFFFF47
:105B2000FFFFFFFFFFFFFFFFFFFFFFFFFFFFFFFF85
:105B3000FFFFFFFFFFFFFFFFFF490024FFFFFFFF05
:105B4000FFFFFFFFFFFFFFFFFFFFFFFFFFFFFFFF65
:105B5000FFFFFFFFFFFFFFFFFFDB9200006DFFFF76
:105B6000FFFFFFFFFFFFFFFFFFFFFFFFFFFFFFFF45
:105B7000FFFFFFFFFFFFFFFFFF490049FFFFFFFFA0
:105B8000FFFFFFFFFFFFFFFFFFFFFFFFFFFFFFFF25
:105B9000FFFFFFFFFFFFFFFFFFFFFF490000B6FF12
:105BA000FFFFFFFFFFFFFFFFFFFFFFFFFFFFFFFF05
:105BB000FFFFFFFFFFFFFFFFFF24006DFFFFFFFF61
:105BC000FFFFFFFFFFFFFFFFFFFFFFFFFFFFFFFFE5
:105BD000FFFFFFFFFFFFFFFFFFFFFFDB000049FFAD
:105BE000FFFFFFFFFFFFFFFFFFFFFFFFFFFFFFFFC5
:105BF000FFFFFFFFFFFFFFFFDB240092FFFFFFFF20
:105C0000FFFFFFFFFFFFFFFFFFFFFFFFFFFFFFFFA4
:105C1000FFFFFFFFFFFFFFFFFFFFFFFF6D0000B66D
:105C2000FFFFFFFFFFFFFFFFFFFFFFFFFFFFFFFF84
:105C3000FFFFFFFFFFFFFFFFB60000DBFFFFFFFFDF
:105C4000FFFFFFFFFFFFFFFFFFFFFFFFFFFFFFFF64
:105C5000FFFFFFFFFFFFFFFFFFFFFFFFDB2400242D
:105C6000FFFFFFFFFFFFFFFFFFFFFFFFFFFFFFFF44
:105C7000FFFFFFFFFFFFFFFF6D0024DBFFFFFFFFC4
:105C8000FFFFFFFFFFFFFFFFFFFFFFFFFFFFFFFF24
:105C9000FFFFFFFFFFFFFFFFFFFFFFFFFF9200007F
:105CA0006DFFFFFFFFFFFFFFFFFFFFFFFFFFFFFF96
:105CB000FFFFFFFFFFFFFFFF240049FFFFFFFFFF84
:105CC000FFFFFFFFFFFFFFFFFFFFFFFFFFFFFFFFE4
:105CD000FFFFFFFFFFFFFFFFFFFFFFFFFFFF490089
:105CE00024DBFFFFFFFFFFFFFFFFFFFFFFFFFFFFC3
:105CF000FFFFFFFFFFFFFFB600006DFFFFFFFFFF8D
:105D0000FFFFFFFFFFFFFFFFFFFFFFFFFFFFFFFFA3
:105D1000FFFFFFFFFFFFFFFFFFFFFFFFFFFFDB2492
:105D20000049FFFFFFFFFFFFFFFFFFFFFFFFFFFF38
:105D3000FFFFFFFFFFFFFF490000DBFFFFFFFFFF4B
:105D4000FFFFFFFFFFFFFFFFFFFFFFFFFFFFFFFF63
:105D5000FFFFFFFFFFFFFFFFFFFFFFFFFFFFFF6DE5
:105D6000000092FFFFFFFFFFFFFFFFFFFFFFFFFFAE
:105D7000FFFFFFFFFFFFDB240049FFFFFFFFFFFFE7
:105D8000FFFFFFFFFFFFFFFFFFFFFFFFFFFFFFFF23
:105D9000FFFFFFFFFFFFFFFFFFFFFFFFFFFFFFDB37
:105DA000240024FFFFFFFFFFFFFFFFFFFFFFFFFFB8
:105DB000FFFF922424B6920000B6FFFFFFFFFFFF13
:105DC000FFFFFFFFFFFFFFFFFFFFFFFFFFFFFFFFE3
:105DD000FFFFFFFFFFFFFFFFFFFFFFFFFFFFFFFFD3
:105DE0009200006DB6FFFFFFFFFFFFFFFFFFFFFF09
:105DF000FFFF24000024240024FFFFFFFFFFFFFF1C
:105E0000FFFFFFFFFFFFFFFFFFFFFFFFFFFFFFFFA2
:105E1000FFFFFFFFFFFFFFFFFFFFFFFFFFFFFFFF92
:105E2000FF49000049FFFFFFFFFFFFFFFFFFFFFFEC
:105E3000FFFFB6242400000092FFFFFF922492FF90
:105E4000FFFFFFFFFFFFFFFFFFFFFFFFFFFFFFFF62
:105E5000FFFFFFFFFFFFFFFFFFFFFFFFFFFFFFFF52
:105E6000FFB6246DB6FFFFFFFFFFFFFFFFFFFFFF41
:105E7000FFFFFFDBB6000024FFFFFFFF490024DB2C
:105E8000FFFFFFFFFFFFFFFFFFFFFFFFFFFFFFFF22
:105E9000FFFFFFFFFFFFFFFFFFFFFFFFFFFFFFFF12
:105EA000FFFFFFFFFFFFFFFFFFFFFFFFFFFFFFFF02
:105EB000FFFFFF92490024B6FFFFFFFFB624002436
:105EC000FFFFFFFFFFFFFFFFFFFFFFFFFFFFFFFFE2
:105ED000FFFFFFFFFFFFFFFFFFFFFFFFFFFFFFFFD2
:105EE000FFFFFFFFFFFFFFFFFFFFFFFFFFFFFFFFC2
:105EF000FFFFB62400006DFFFFFFFFFFFF6D0000F6
:105F000049FFFFFFFFFFFFFFFFFFFFFFFFFFFFFF57
:105F1000FFFFFFFFFFFFFFFFFFFFFFFFFFFFFFFF91
:105F2000FFFFFFFFFFFFFFFFFFFFFFFFFFFFFFFF81
:105F3000FFDB24000024FFFFFFFFFFFFFFFF4900FE
:105F4000006DFFFFFFFFFFFFFFFFFFFFFFFFFFFFF2
:105F5000FFFFFFFFFFFFFFFFFFFFFFFFFFFFFFFF51
:105F6000FFFFFFFFFFFFFFFFFFFFFFFFFFFFFFFF41
:105F7000FF49000024DBFFFFFFFFFFFFFFFFFF499A
:105F800000006DFFFFFFFFFFFFFFFFFFFFFFFFFFB1
:105F9000FFFFFFFFFFFFFFFFFFFFFFFFFFFFFFFF11
:105FA000FFFFFFFFFFFFFFFFFFFFFFFFFFFFFFFF01
:105FB0004900004992FFFFFFFFFFFFFFFFFFFFDBEC
:105FC0002400004992FFFFFFFFFFFFFFFFFFFFFFDD
:105FD000FFFFFFFFFFFFFFFFFFFFFFFFFFFFFFFFD1
:105FE000FFFFFFFFFFFFFFFFFFFFFFFFFFFFFF4977
:105FF000000049FFFFFFFFFFFFFFFFFFFFFFFFFF65
:10600000DB240000006DFFFFFFFFFFDBFFFFFFFF52
:10601000FFFFFFFFFFFFFFFFFFFFFFFFFFFFFFFF90
:10602000FFFFFFFFFFFFFFFFDBFFFFFFFFDB2400A2
:106030000049FFFFFFFFFFFFFFFFFFFFFFFFFFFF25
:10604000FFDB4900000049DBFFFF49246DFFFFFF34
:10605000FFFFFFFFFFFFFFFFFFFFFFFFFFFFFFFF50
:10606000FFFFFFFFFFFFFF922424FFFF92240000A9
:1060700049FFFFFFFFFFFFFFFFFFFFFFFFFFFFFFE6
:10608000FFFFFF6D49000000926D00006DFFFFFFF4
:10609000FFFFFFFFFFFFFFFFFFFFFFFFFFFFFFFF10
:1060A000FFFFFFFFFFFFFF920000496D0000246D1E
:1060B000FFFFFFFFFFFFFFFFFFFFFFFFFFFFFFFFF0
:1060C000FFFFFFFFFF6D000000000024FFFFFFFF48
:1060D000FFFFFFFFFFFFFFFFFFDB496DFFFFFFFF3C
:1060E000FFFFFFFFFFFFFFFF490000000024B6FF96
:1060F000FFFFFFFFFFFFFFFFFFFFFFFFFFFFFFFFB0
:10610000FFFFFFFFFFFFB62400000024B6FFFFFFE4
:10611000FFFFFFFFFFFFFFFFFF6D0000FFFFFFFF1F
:10612000FFFFFFFFFFFFDB922400000049DBFFFFC2
:10613000FFFFFFFFFFFFFFFFFFFFFFFFFFFFFFFF6F
:10614000FFFFFFFFFFFFFFFF9224000000246DB65A
:10615000FFFFFFFFFFFFFFFFFF6D0000FFFFFFFFDF
:10616000FFFFFFDBB66D2400000024B6FFFFFFFF3A
:10617000FFFFFFFFFFFFFFFFFFFFFFFFFFFFFFFF2F
:10618000FFFFFFFFFFFFFFFFFFFF6D240000000088
:10619000246DB6DBDBFFFFFFFF6D0000FFFFFFDBC1
:1061A000B6924900000000002492FFFFFFFFFFFFAE
:1061B000FFFFFFFFFFFFFFFFFFFFFFFFFFFFFFFFEF
:1061C000FFFFFFFFFFFFFFFFFFFFFFFFB6490000DC
:1061D000000000242424494949240000494924247A
:1061E00000000000000049B6FFFFFFFFFFFFFFFFB8
:1061F000FFFFFFFFFFFFFFFFFFFFFFFFFFFFFFFFAF
:10620000FFFFFFFFFFFFFFFFFFFFFFFFFFFFDB6D54
:1062100049242400000000000000000000000000ED
:106220000024496D6DDBFFFFFFFFFFFFFFFFFFFF56
:10623000FFFFFFFFFFFFFFFFFFFFFFFFFFFFFFFF6E
:10624000FFFFFFFFFFFFFFFFFFFFFFFFFFFFFFFF5E
:10625000FFDBDBB6926D49242400002424496D92B3
:10626000B6DBFFFFFFFFFFFFFFFFFFFFFFFFFFFFAB
:10627000FFFFFFFFFFFFFFFFFFFFFFFF9249B6FF9A
:10628000FFFFFFFFFFFFFFFFFFFFFFFFFFFFFFFF1E
:10629000FFFFFFFFFFFFFFFFFFFFFFFFFFFFFFFF0E
:1062A000FFFFFFFFFFFFFFFFFFFFFFFFFFFFFFFFFE
:1062B000FFFFFFFFFFFFFFFFFFB649B6240024B634
:1062C000FFFFFFFFFFFFFFFFFFFFFFFFFFFFFFFFDE
:1062D000FFFFFFFFFFFFFFFFFFFFFFFFFFFFFFFFCE
:1062E000FFFFFFFFFFFFFFFFFFFFFFFFFFFFFFFFBE
:1062F000FFFFFFFFFFFFFFFFB624004992240024A9
:10630000B6FFFFFFFFFFFFFFFFFFFFFFFFFFFFFFE6
:10631000FFFFFFFFFFFFFFFFFFFFFFFFFFFFFFFF8D
:10632000FFFFFFFFFFFFFFFFFFFFFFFFFFFFFFFF7D
:10633000FFFFFFFFFFFFFFB6000024B6FF92000043
:1063400024B6FFFFFFFFFFFFFFFFFFFFFFFFFFFF81
:10635000FFFFFFFFFFFFFFFFFFFFFFFFFFFFFFFF4D
:10636000FFFFFFFFFFFFFFFFFFFFFFFFFFFFFFFF3D
:10637000FFFFFFFFFFFFB6240000B6FFFFFF9224E0
:106380000024B6FFFFFFFFFFFFFFFFFFFFFFFFFF40
:10639000FFFFFFFFFFFFFFFFFFFFFFFFFFFFFFFF0D
:1063A000FFFFFFFFFFFFFFFFFFFFFFFFFFFFFFFFFD
:1063B000FFFFFFFFFFB6000024B6FFFFFFFFFF92C5
:1063C000000024B6FFFFFFFFFFFFFFFFFFFFFFFFFF
:1063D000FFFFFFFFFFFFFFFFFFFFFFFFFFFFFFFFCD
:1063E000FFFFFFFFFFFFFFFFFFFFFFFFFFFFFFFFBD
:1063F000FFFFFFFFB6240000B6FFFFFFFFFFFFFF18
:1064000092240024B6FFFFFFFFFFFFFFFFFFFFFF07
:10641000FFFFFFFFFFFFFFFFFFFFFFFFFFFFFFFF8C
:10642000FFFFFFFFFFFFFFFFFFFFFFFFFFFFFFFF7C
:10643000FFFFFFB6000024B6FFFFFFFFFFFFFFFFD7
:10644000FF92000024B6FFFFFFFFFFFFFFFFFFFFEB
:10645000FFFFFFFFFFFFFFFFFFFFFFFFFFFFFFFF4C
:10646000FFFFFFFFFFFFFFFFFFFFFFFFFFFFFFFF3C
:10647000FFFFB6240000B6FFFFFFFFFFFFFFFFFF97
:10648000FFFF92240024B6FFFFFFFFFFFFFFFFFF87
:10649000FFB64992FFFFFFFFFFFFFFFFFFFFFFFF78
:1064A000FFFFFFFF9249DBFFFFFFFFFFFFFFFFFF43
:1064B000FF92000024B6FFFFFFFFFFFFFFFFFFFF7B
:1064C000FFFFFF92000024B6FFFFFFFFFFFFFFFF6B
:1064D000FF490024FFFFFFFFFFFFFFFFFFFFFFFF5C
:1064E000FFFFFFFF00006DFFFFFFFFFFFFFFFFFF4C
:1064F00092240000B6FFFFFFFFFFFFFFFFFFFFFF3B
:10650000FFFFFFFF92240024B6FFFFFFFFFFFFFF06
:10651000FF490024FFFFFFFFFFFFFFFFFFFFFFFF1B
:10652000FFFFFFFF00006DFFFFFFFFFFFFFFFF9278
:10653000000024B6FFFFFFFFFFFFFFFFFFFFFFFF8D
:10654000FFFFFFFFFF92000024B6FFFFFFFFFFFFEA
:10655000FF490024FFFFFFFFFFFFFFFFFFFFFFFFDB
:10656000FFFFFFFF00006DFFFFFFFFFFFFFF922413
:106570000000B6FFFFFFFFFFFFFFFFFFFFFFFFFF72
:10658000FFFFFFFFFFFF92240024B6FFFFFFFFFF86
:10659000FF490024FFFFFFFFFFFFFFFFFFFFFFFF9B
:1065A000FFFFFFFF00006DFFFFFFFFFFFF920000F6
:1065B00024B6FFFFFFFFFFFFFFFFFFFFFFFFFFFF0F
:1065C000FFFFFFFFFFFFFF92000024B6FFFFFFFF6A
:1065D000FF490024FFFFFFFFFFFFFFFFFFFFFFFF5B
:1065E000FFFFFFFF00006DFFFFFFFFFF9224000091
:1065F000B6FFFFFFFFFFFFFFFFFFFFFFFFFFFFFFF4
:10660000FFFFFFFFFFFFFFFF92240024B6FFFFFF05
:10661000FF490024FFFFFFFFFFFFFFFFFFFFFFFF1A
:10662000FFFFFFFF00006DFFFFFFFF92000024B699
:10663000FFFFFFFFFFFFFFFFFFFFFFFFFFFFFFFF6A
:10664000FFFFFFFFFFFFFFFFFF92000024B6FFFFE9
:10665000FF490024FFFFFFFFFFFFFFFFFFFFFFFFDA
:10666000FFFFFFFF00006DFFFFFF92240000B6FF59
:10667000FFFFFFFFFFFFFFFFFFFFFFFFFFFFFFFF2A
:10668000FFFFFFFFFFFFFFFFFFFF92240024B6FF85
:10669000FF490024FFFFFFFFFFFFFFFFFFFFFFFF9A
:1066A000FFFFFFFF00006DFFFF92000024B6FFFF19
:1066B000FFFFFFFFFFFFFFFFFFFFFFFFFFFFFFFFEA
:1066C000FFFFFFFFFFFFFFFFFFFFFF92000024B669
:1066D000FF490024FFFFFFFFFFFFFFFFFFFFFFFF5A
:1066E000FFFFFFFF00006DFF92240000B6FFFFFFD9
:1066F000FFFFFFFFFFFFFFFFFFFFFFFFFFFFFFFFAA
:10670000FFFFFFFFFFFFFFFFFFFFFFFF92240024BB
:10671000B6490024FFFFFFFFFFFFFFFFFFFFFFFF62
:10672000FFFFFFFF00006D92000024B6FFFFFFFF98
:10673000FFFFFFFFFFFFFFFFFFFFFFFFFFFFFFFF69
:10674000FFFFFFFFFFFFFFFFFFFFFFFFFF920000C4
:1067500024240024FFFFFFFFFFFFFFFFFFFFFFFFD9
:10676000FFFFFFFF000024240000B6FFFFFFFFFF34
:10677000FFFFFFFFFFFFFFFFFFFFFFFFFFFFFFFF29
:10678000FFFFFFFFFFFFFFFFFFFFFFFFFFFF922461
:1067900000000024FFFFFFFFFFFFFFFFFFFFFFFFE1
:1067A000FFFFFFFF0000000024B6FFFFFFFFFFFF19
:1067B000FFFFFFFFFFFFFFFFFFFFFFFFFFFFFFFFE9
:1067C000FFFFFFFFB66D49494949494949494924F5
:1067D00000000024FFFFFFFFFFFFFFFFFFFFFFFFA1
:1067E000FFFFFFFF0000000024494949494949498A
:1067F00049496DDBFFFFFFFFFFFFFFFFFFFFFFFFCB
:10680000FFFFFFFF24000000000000000000000068
:1068100000000024FFFFFFFFFFFFFFFFFFFFFFFF60
:10682000FFFFFFFF0000000000000000000000006C
:1068300000000049FFFFFFFFFFFFFFFFFFFFFFFF1B
:10684000FFFFFFFF6D0000000000000000000000DF
:1068500000000092FFFFFFFFFFFFFFFFFFFFFFFFB2
:10686000FFFFFFFF6D0000000000000000000000BF
:1068700000002492FFFFFFFFFFFFFFFFFFFFFFFF6E
:10688000FFFFFFFFFFFFFFFFFFFFFFFFFFFFFFFF18
:10689000FFFFFFFFFFFFFFFFFFFFFFFFFFFFFFFF08
:1068A000FFFFFFFFFFFFFFFFFFFFFFFFFFFFFFFFF8
:1068B000FFFFFFFFFFFFFFFFFFFFFFFFFFFFFFFFE8
:1068C000FFFFFFFFFFFFFFFFFFFFFFFFFFFFFFFFD8
:1068D000FFFFFFFFFFFFFFFFFFFFFFFFFFFFFFFFC8
:1068E000FFFFFFFFFFFFFFFFFFFFFFFFFFFFFFFFB8
:1068F000FFFFFFFFFFFFFFFFFFFFFFFFFFFFFFFFA8
:10690000FFFFFFFFFFFFFFFFFFFFFFFFFFFFFFFF97
:10691000FFFFFFFFFFFFFFFFFFFFFFFFFFFFFFFF87
:10692000FFFFFFFFFFFFFFFFFFFFFFFFFFFFFFFF77
:10693000FFFFFFFFFFFFFFFFFFFFFFFFFFFFFFFF67
:10694000FFFFFFFFFFFFFFFFFFFFFFFFFFFFFFFF57
:10695000FFFFFFFFFFFFFFFFFFFFFFFFFFFFFFFF47
:10696000FFFFFFFFFFFFFFFFFFFFFFFFFFFFFFFF37
:10697000FFFFFFFFFFFFFFFFFFFFFFFFFFFFFFFF27
:10698000FFFFFFFFFFFFFFFFFFFFFFFFFFFFFFFF17
:10699000FFFFFFFFFFFFFFFFFFFFFFFFFFFFFFFF07
:1069A000FFFFFFFFFFFFFFFFFFFFFFFFFFFFFFFFF7
:1069B000FFFFFFFFFFFFFFFFFFFFFFFFFFFFFFFFE7
:1069C000FFFFFFFFFFFFFFFFFFFFFFFFFFFFFFFFD7
:1069D000FFFFFFFFFFFFFFFFFFFFFFFFFFFFFFFFC7
:1069E000FFFFFFFFFFFFFFFFFFFFFFFFFFFFFFFFB7
:1069F000FFFFFFFFFFFFFFFFFFFFFFFFFFFFFFFFA7
:106A0000FFFFFFFFFFFFFFFFFFFFFFFFFFFFFFFF96
:106A1000FFFFFFFFFFFFFFFFFFFFFFFFFFFFFFFF86
:106A2000FFFFFFFFFFFFFFFFFFFFFFFFFFFFFFFF76
:106A3000FFFFFFFFFFFFFFFFFFFFFFFFFFFFFFFF66
:106A4000FFFFFFFFFFFFFFFFFFFFFFFFFFFFFFFF56
:106A5000FFFFFFFFFFFFFFFFFFFFFFFFFFFFFFFF46
:106A6000FFFFFFFFFFFFFFFFFFFFFFFFFFFFFFFF36
:106A7000FFFFFFFFFFFFFFFFFFFFFFFFFFFFFFFF26
:106A8000FFFFFFFFFFFFFFFFFFFFFFFFFFFFFFFF16
:106A9000FFFFFFFFFFFFFFFFFFFFFFFFFFFFFFFF06
:106AA000FFFFFFFFFFFFFFFFFFFFFFFFFFFFFFFFF6
:106AB000FFFFFFFFFFFFFFFFFFFFFFFFFFFFFFFFE6
:106AC000FFFFFFFFFFFFFFFFFFFFFFFFFFFFFFFFD6
:106AD000FFFFFFFFFFFFFFFFFFFFFFFFFFFFFFFFC6
:106AE000FFFFFFFFFFFFFFFFFFFFFFFFFFFFFFFFB6
:106AF000FFFFFFFFFFFFFFFFFFFFFFFFFFFFFFFFA6
:106B0000FFFFFFFFFFFFFFFFFFFFFFFFFFFFFFFF95
:106B1000FFFFFFFFFFFFFFFFFFFFFFFFFFFFFFFF85
:106B2000FFFFFFFFFFFFFFFFFFFFFFFFFFFFFFFF75
:106B3000FFFFFFFFFFFFFFFFFFFFFFFFFFFFFFFF65
:106B4000FFFFFFFFFFFFFFFFFFFFFFFFFFFFFFFF55
:106B5000FFFFFFFFFFFFFFFFFFFFFFFFFFFFFFFF45
:106B6000FFFFFFFFFFFFFFFFFFFFFFFFFFFFFFFF35
:106B7000FFFFFFFFFFFFFFFFFFFFFFFFFFFFFFFF25
:106B8000FFFFFFFFFFFFFFFFFFFFFFFFFFFFFFFF15
:106B9000FFFFFFFFFFFFFFFFFFFFFFFFFFFFFFFF05
:106BA000FFFFFFFFFFFFFFFFFFFFFFFFFFFFFFFFF5
:106BB000FFFFFFFFFFFFFFFFFFFFFFFFFFFFFFFFE5
:106BC000FFFFFFFFFFFFFFFFFFFFFFFFFFFFFFFFD5
:106BD000FFFFFFFFFFFFFFFFFFFFFFFFFFFFFFFFC5
:106BE000FFFFFFFFFFFFFFFFFFFFFFFFFFFFFFFFB5
:106BF000FFFFFFFFFFFFFFFFFFFFFFFFFFFFFFFFA5
:106C0000FFFFFFFFFFFFFFFFFFFFFFFFFFFFFFFF94
:106C1000FFFFFFFFFFFFFFFFFFFFFFFFFFFFFFFF84
:106C2000FFFFFFFFFFFFFFFFFFFFFFFFFFFFFFFF74
:106C3000FFFFFFFFFFFFFFFFFFFFFFFFFFFFFFFF64
:106C4000FFFFFFFFFFFFFFFFFFFFFFFFFFFFFFFF54
:106C5000FFFFFFFFFFFFFFFFFFFFFFFFFFFFFFFF44
:106C6000FFFFFFFFFFFFFFFFFFFFFFFFFFFFFFFF34
:106C7000FFFFFFFFFFFFFFFFFFFFFFFFFFFFFFFF24
:106C8000FFFFFFFF6D00000000000000000000009B
:106C900000000092FFFFFFFFFFFFFFFFFFFFFFFF6E
:106CA000FFFFFFFF6D00000000000000000000007B
:106CB00000000092FFFFFFFFFFFFFFFFFFFFFFFF4E
:106CC000FFFFFFFF240000000000000000000000A4
:106CD00000000024FFFFFFFFFFFFFFFFFFFFFFFF9C
:106CE000FFFFFFFF000000000000000000000000A8
:106CF00000000049FFFFFFFFFFFFFFFFFFFFFFFF57
:106D0000FFFFFFFFB66D49494949494949494924AF
:106D100000000024FFFFFFFFFFFFFFFFFFFFFFFF5B
:106D2000FFFFFFFF00000000244949494949494944
:106D300049496DDBFFFFFFFFFFFFFFFFFFFFFFFF85
:106D4000FFFFFFFFFFFFFFFFFFFFFFFFFFFF92249B
:106D500000000024FFFFFFFFFFFFFFFFFFFFFFFF1B
:106D6000FFFFFFFF0000000024B6FFFFFFFFFFFF53
:106D7000FFFFFFFFFFFFFFFFFFFFFFFFFFFFFFFF23
:106D8000FFFFFFFFFFFFFFFFFFFFFFFFFF9200007E
:106D900024240024FFFFFFFFFFFFFFFFFFFFFFFF93
:106DA000FFFFFFFF000024240000B6FFFFFFFFFFEE
:106DB000FFFFFFFFFFFFFFFFFFFFFFFFFFFFFFFFE3
:106DC000FFFFFFFFFFFFFFFFFFFFFFFF92240024F5
:106DD000B6490024FFFFFFFFFFFFFFFFFFFFFFFF9C
:106DE000FFFFFFFF00006D92000024B6FFFFFFFFD2
:106DF000FFFFFFFFFFFFFFFFFFFFFFFFFFFFFFFFA3
:106E0000FFFFFFFFFFFFFFFFFFFFFF92000024B621
:106E1000FF490024FFFFFFFFFFFFFFFFFFFFFFFF12
:106E2000FFFFFFFF00006DFF92240000B6FFFFFF91
:106E3000FFFFFFFFFFFFFFFFFFFFFFFFFFFFFFFF62
:106E4000FFFFFFFFFFFFFFFFFFFF92240024B6FFBD
:106E5000FF490024FFFFFFFFFFFFFFFFFFFFFFFFD2
:106E6000FFFFFFFF00006DFFFFB6000024B6FFFF2D
:106E7000FFFFFFFFFFFFFFFFFFFFFFFFFFFFFFFF22
:106E8000FFFFFFFFFFFFFFFFFF92000024B6FFFFA1
:106E9000FF490024FFFFFFFFFFFFFFFFFFFFFFFF92
:106EA000FFFFFFFF00006DFFFFFFB6240000B6FFED
:106EB000FFFFFFFFFFFFFFFFFFFFFFFFFFFFFFFFE2
:106EC000FFFFFFFFFFFFFFFF92240024B6FFFFFF3D
:106ED000FF490024FFFFFFFFFFFFFFFFFFFFFFFF52
:106EE000FFFFFFFF00006DFFFFFFFFB6000024B6AD
:106EF000FFFFFFFFFFFFFFFFFFFFFFFFFFFFFFFFA2
:106F0000FFFFFFFFFFFFFF92000024B6FFFFFFFF20
:106F1000FF490024FFFFFFFFFFFFFFFFFFFFFFFF11
:106F2000FFFFFFFF00006DFFFFFFFFFFB624000023
:106F3000B6FFFFFFFFFFFFFFFFFFFFFFFFFFFFFFAA
:106F4000FFFFFFFFFFFF92240024B6FFFFFFFFFFBC
:106F5000FF490024FFFFFFFFFFFFFFFFFFFFFFFFD1
:106F6000FFFFFFFF00006DFFFFFFFFFFFFB6000008
:106F700024B6FFFFFFFFFFFFFFFFFFFFFFFFFFFF45
:106F8000FFFFFFFFFF92000024B6FFFFFFFFFFFFA0
:106F9000FF490024FFFFFFFFFFFFFFFFFFFFFFFF91
:106FA000FFFFFFFF00006DFFFFFFFFFFFFFFB624A5
:106FB0000000B6FFFFFFFFFFFFFFFFFFFFFFFFFF28
:106FC000FFFFFFFF92240024B6FFFFFFFFFFFFFF3C
:106FD000FF490024FFFFFFFFFFFFFFFFFFFFFFFF51
:106FE000FFFFFFFF00006DFFFFFFFFFFFFFFFFB68A
:106FF000000024B6FFFFFFFFFFFFFFFFFFFFFFFFC3
:10700000FFFFFF92000024B6FFFFFFFFFFFFFFFF1F
:10701000FF490024FFFFFFFFFFFFFFFFFFFFFFFF10
:10702000FFFFFFFF00006DFFFFFFFFFFFFFFFFFF00
:10703000B6240000B6FFFFFFFFFFFFFFFFFFFFFFCB
:10704000FFFF92240024B6FFFFFFFFFFFFFFFFFFBB
:10705000FFB64992FFFFFFFFFFFFFFFFFFFFFFFFAC
:10706000FFFFFFFF9249DBFFFFFFFFFFFFFFFFFF77
:10707000FFB6000024B6FFFFFFFFFFFFFFFFFFFF8B
:10708000FF92000024B6FFFFFFFFFFFFFFFFFFFF9F
:10709000FFFFFFFFFFFFFFFFFFFFFFFFFFFFFFFF00
:1070A000FFFFFFFFFFFFFFFFFFFFFFFFFFFFFFFFF0
:1070B000FFFFB6240000B6FFFFFFFFFFFFFFFFFF4B
:1070C00092240024B6FFFFFFFFFFFFFFFFFFFFFF3B
:1070D000FFFFFFFFFFFFFFFFFFFFFFFFFFFFFFFFC0
:1070E000FFFFFFFFFFFFFFFFFFFFFFFFFFFFFFFFB0
:1070F000FFFFFFB6000024B6FFFFFFFFFFFFFF9278
:10710000000024B6FFFFFFFFFFFFFFFFFFFFFFFFB1
:10711000FFFFFFFFFFFFFFFFFFFFFFFFFFFFFFFF7F
:10712000FFFFFFFFFFFFFFFFFFFFFFFFFFFFFFFF6F
:10713000FFFFFFFFB6240000B6FFFFFFFFFF922412
:107140000024B6FFFFFFFFFFFFFFFFFFFFFFFFFF72
:10715000FFFFFFFFFFFFFFFFFFFFFFFFFFFFFFFF3F
:10716000FFFFFFFFFFFFFFFFFFFFFFFFFFFFFFFF2F
:10717000FFFFFFFFFFB6000024B6FFFFFF920000F5
:1071800024B6FFFFFFFFFFFFFFFFFFFFFFFFFFFF33
:10719000FFFFFFFFFFFFFFFFFFFFFFFFFFFFFFFFFF
:1071A000FFFFFFFFFFFFFFFFFFFFFFFFFFFFFFFFEF
:1071B000FFFFFFFFFFFFB6240000B6FF922400246C
:1071C000B6FFFFFFFFFFFFFFFFFFFFFFFFFFFFFF18
:1071D000FFFFFFFFFFFFFFFFFFFFFFFFFFFFFFFFBF
:1071E000FFFFFFFFFFFFFFFFFFFFFFFFFFFFFFFFAF
:1071F000FFFFFFFFFFFFFFB6000024B6240024B608
:10720000FFFFFFFFFFFFFFFFFFFFFFFFFFFFFFFF8E
:10721000FFFFFFFFFFFFFFFFFFFFFFFFFFFFFFFF7E
:10722000FFFFFFFFFFFFFFFFFFFFFFFFFFFFFFFF6E
:10723000FFFFFFFFFFFFFFFFB62400499249B6FFA3
:10724000FFFFFFFFFFFFFFFFFFFFFFFFFFFFFFFF4E
:10725000FFFFFFFFFFFFFFFFFFFFFFFFFFFFFFFF3E
:10726000FFFFFFFFFFFFFFFFFFFFFFFFFFFFFFFF2E
:10727000FFFFFFFFFFFFFFFFFFB649B6FFFFFFFF66
:10728000FFFFFFFFFFFFFFFFFFFFFFFFFFFFFFFF0E
:10729000FFFFFFFFFFFFFFFFFFFFFFFFFF490000B2
:1072A00000000000000000000024B6FFFFFFFFFF09
:1072B000FFFFFFFFFFFFFFFFFFFFFFFFFFFFFFFFDE
:1072C000FFFFFFFFFFFFFFFFFFFFFFFFFFFFFFFFCE
:1072D000FFFFFFFFFFFFFFFFFFFFFFFFDB000000DF
:1072E000000000000000000000000092FFFFFFFF10
:1072F000FFFFFFFFFFFFFFFFFFFFFFFFFFFFFFFF9E
:10730000FFFFFFFFFFFFFFFFFFFFFFFFFFFFFFFF8D
:10731000FFFFFFFFFFFFFFFFFFFFFFFFDB0000247A
:10732000494949494949494949240024DBFFFFFFAC
:10733000FFFFFFFFFFFFFFFFFFFFFFFFFFFFFFFF5D
:10734000FFFFFFFFFFFFFFFFFFFFFFFFFFFFFFFF4D
:10735000FFFFFFFFFFFFFFFFFFFFFFFFDB000092CC
:10736000FFFFFFFFFFFFFFFFFF6D000092FFFFFF2A
:10737000FFFFFFFFFFFFFFFFFFFFFFFFFFFFFFFF1D
:10738000FFFFFFFFFFFFFFFFFFFFFFFFFFFFFFFF0D
:10739000FFFFFFFFFFFFFFFFFFFFFFFFDB0000928C
:1073A000FFFFFFFFFFFFFFFFFF6D000092FFFFFFEA
:1073B000FFFFFFFFFFFFFFFFFFFFFFFFFFB66D496E
:1073C000494949494949494949494949494949492D
:1073D0004949494949494949494949494900009266
:1073E000FFFFFFFFFFFFFFFFFF6D000092FFFFFFAA
:1073F000FFFFFFFFFFFFFFFFFFFFFFFFB6000000E3
:10740000000000000000000000000000000000007C
:1074100000000000000000000000000000000092DA
:10742000FFFFFFFFFFFFFFFFFF6D000092FFFFFF69
:10743000FFFFFFFFFFFFFFFFFFFFFFFF2400000034
:10744000000000000000000000000000000000003C
:10745000000000000000000000000000000000929A
:10746000FFFFFFFFFFFFFFFFFF6D000092FFFFFF29
:10747000FFFFFFFFFFFFFFFFFFFFFFFF000024FFF5
:10748000FFFFFFFFFFFFFFFFFFFFFFFFFFFFFFFF0C
:10749000FFFFFFFFFFFFFFFFFFFFFFFFDB0000928B
:1074A000FFFFFFFFFFFFFFFFFF6D000092FFFFFFE9
:1074B000FFFFDBDBDBDBDBFFFFFFFFFF000024FF69
:1074C000FFFFFFFFFFFFFFFFFFFFFFFFFFFFFFFFCC
:1074D000FFFFFFFFFFFFFFFFFFFFFFFFDB0000924B
:1074E000FFFFFFFFFFFFFFFFFF6D000092FFFFFFA9
:1074F00092492400000024246DFFFFFF000024FFB8
:10750000FFFFFFFFFFFFFFFFFFFFFFFFFFFFFFFF8B
:10751000FFFFFFFFFFFFFFFFFFFFFFFFDB0000920A
:10752000FFFFFFFFFFFFFFFFFF6D000092FFDB2467
:1075300000000000000000000024DBFF000024FF2A
:10754000FFFFFFFFFFFFFFFFFFFFFFFFFFFFFFFF4B
:10755000FFFFFFFFFFFFFFFFFFFFFFFFDB000092CA
:10756000FFFFFFFFFFFFFFFFFF6D0000929224006F
:1075700000006DB6DBDB9224000024FF000024FF36
:10758000FFFFFFFFFFFFFFFFFFFFFFFFFFFFFFFF0B
:10759000FFFFFFFFFFFFFFFFFFFFFFFFDB0000928A
:1075A000FFFFFFFFFFFFFFFFFF6D00006D240000E6
:1075B00049FFFFFFFFFFFFDB490000B6000024FF8B
:1075C000FFFFFFFFFFFFFFFFFFFFFFFFFFFFFFFFCB
:1075D000FFFFFFFFFFFFFFFFFFFFFFFFDB0000924A
:1075E000FFFFFFFFFFFFFFFFFF6D000000000092A5
:1075F000FFFFFFFFFFFFFFFFB600006D000024FF4D
:10760000FFFFFFFFFFFFFFFFFFFFFFFFFFFFFFFF8A
:10761000FFFFFFFFFFFFFFFFFFFFFFFFDB00009209
:10762000FFFFFFFFFFFFFFFFFF6D000000006DFF8A
:10763000FFFFFFFFFFFFFFFFFF240049000024FFC3
:10764000FFFFFFFFFFFFFFFFFFFFFFFFFFFFFFFF4A
:10765000FFFFFFFFFFFFFFFFFFFFFFFFDB000092C9
:10766000FFFFFFFFFFFFFFFFFF6D00000024FFFF94
:10767000FFFFFFFFFFFFFFFFFF240024000024FFA8
:10768000FFFFFFFFFFFFFFFFFFFFFFFFFFFFFFFF0A
:10769000FFFFFFFFFFFFFFFFFFFFFFFFDB00009289
:1076A000FFFFFFFFFFFFFFFFFF6D00000092FFFFE6
:1076B000FFFFFFFFFFFFFFFFFF240000000024FF8C
:1076C000FFFFFFFFFFFFFFFFFFFFFFFFFFFFFFFFCA
:1076D000FFFFFFFFFFFFFFFFFFFFFFFFDB00009249
:1076E000FFFFFFFFFFFFFFFFFF6D000024DBFFFF39
:1076F000FFFFFFFFFFFFFFFFDB240024000024FF4C
:10770000FFFFFFFFFFFFFFFFFFFFFFFFFFFFFFFF89
:10771000FFFFFFFFFFFFFFFFFFFFFFFFDB00009208
:10772000FFFFFFFFFFFFFFFFFF6D00006DFFFFFF8B
:10773000FFFFFFFFFFFFFFFFB6000092000024FFE6
:10774000FFFFFFFFFFFFFFFFFFFFFFFFFFFFFFFF49
:10775000FFFFFFFFFFFFFFFFFFFFFFFFDB000092C8
:10776000FFFFFFFFFFFFFFFFFF6D000092FFFFFF26
:10777000FFFFFFFFFFFFFFFF490000B6000024FFEF
:10778000FFFFFFFFFFFFFFFFFFFFFFFFFFFFFFFF09
:10779000FFFFFFFFFFFFFFFFFFFFFFFFDB00009288
:1077A000FFFFFFFFFFFFFFFFFF6D000092FFFFFFE6
:1077B000FFFFFFFFFFFFFFB6000024FF000024FFD4
:1077C000FFFFFFFFFFFFFFFFFFFFFFFFFFFFFFFFC9
:1077D000FFFFFFFFFFFFFFFFFFFFFFFFDB00009248
:1077E000FFFFFFFFFFFFFFFFFF6D000092FFFFFFA6
:1077F000FFFFFFFFFFFFFF24000092FF000024FFB8
:10780000FFFFFFFFFFFFFFFFFFFFFFFFFFFFFFFF88
:10781000FFFFFFFFFFFFFFFFFFFFFFFFDB00009207
:10782000FFFFFFFFFFFFFFFFFF6D000092FFFFFF65
:10783000FFFFFFFFFFFF6D000049FFFF000024FF77
:10784000FFFFFFFFFFFFFFFFFFFFFFFFFFFFFFFF48
:10785000FFFFFFFFFFFFFFFFFFFFFFFFDB000092C7
:10786000FFFFFFFFFFFFFFFFFF6D000092FFFFFF25
:10787000FFFFFFFFFF6D000024DBFFFF000024FF80
:10788000FFFFFFFFFFFFFFFFFFFFFFFFFFFFFFFF08
:10789000FFFFFFFFFFFFFFFFFFFFFFFFDB00009287
:1078A000FFFFFFFFFFFFFFFFFF6D000092FFFFFFE5
:1078B000FFFFFFFF92000024B6FFFFFF000024FF40
:1078C000FFFFFFFFFFFFFFFFFFFFFFFFFFFFFFFFC8
:1078D000FFFFFFFFFFFFFFFFFFFFFFFFDB00009247
:1078E000FFFFFFFFFFFFFFFFFF6D000092FFFFFFA5
:1078F000FFFFFF6D00000092FFFFFFFF000024FF6D
:10790000FFFFFFFFFFFFFFFFFFFFFFFFFFFFFFFF87
:10791000FFFFFFFFFFFFFFFFFFFFFFFFDB00009206
:10792000FFFFFFFFFFFFFFFFFF6D000092FFFFFF64
:10793000FFFF6D00000092FFFFFFFFFF000024FF2C
:10794000FFFFFFFFFFFFFFFFFFFFFFFFFFFFFFFF47
:10795000FFFFFFFFFFFFFFFFFFFFFFFFDB000092C6
:10796000FFFFFFFFFFFFFFFFFF6D000092FFFFFF24
:10797000DB2400000092FFFFFFFFFFFF000024FF59
:10798000FFFFFFFFFFFFFFFFFFFFFFFFFFFFFFFF07
:10799000FFFFFFFFFFFFFFFFFFFFFFFFDB00009286
:1079A000FFFFFFFFFFFFFFFFFF6D000092FFFF9251
:1079B00000000024B6FFFFFFFFFFFFFF000024FFD1
:1079C000FFFFFFFFFFFFFFFFFFFFFFFFFFFFFFFFC7
:1079D000FFFFFFFFFFFFFFFFFFFFFFFFDB00009246
:1079E000FFFFFFFFFFFFFFFFFF6D000092B64900A2
:1079F000000049DBFFFFFFFFFFFFFFFF000024B691
:107A0000DBDBDBDBDBDBDBDBDBDBDBDBDBDBDBDBC6
:107A1000DBDBDBDBDBDBDBDBDBDBDBDB9200006D23
:107A2000DBDBDBDBDBDBDBDBDB6D00002400000012
:107A30002492FFFFFFFFFFFFFFFFFFFF000000009A
:107A40000000000000000000000000000000000036
:107A50000000000000000000000000000000000026
:107A600000000000000000000000000000000049CD
:107A7000DBFFFFFFFFFFFFFFFFFFFFFF0000000036
:107A800000000000000000000000000000000000F6
:107A900000000000000000000000000000000000E6
:107AA000000000000000000000000000000092FF45
:107AB000FFFFFFFFFFFFFFFFFFFFFFFF000024B6F8
:107AC000DBDBDBDBDBDBDBDBDBDBDBDBDBDBDBDB06
:107AD000DBDBDBDBDBDBDBDBDBDBDBDB9200006D63
:107AE000DBDBDBDBDBDBDBDBDB6D000000002492C0
:107AF000FFFFFFFFFFFFFFFFFFFFFFFF000024FF6F
:107B0000FFFFFFFFFFFFFFFFFFFFFFFFFFFFFFFF85
:107B1000FFFFFFFFFFFFFFFFFFFFFFFFDB00009204
:107B2000FFFFFFFFFFFFFFFFFF6D000024000000CD
:107B300024DBFFFFFFFFFFFFFFFFFFFF000024FF2D
:107B4000FFFFFFFFFFFFFFFFFFFFFFFFFFFFFFFF45
:107B5000FFFFFFFFFFFFFFFFFFFFFFFFDB000092C4
:107B6000FFFFFFFFFFFFFFFFFF6D00009292240069
:107B700000246DFFFFFFFFFFFFFFFFFF000024FF5A
:107B8000FFFFFFFFFFFFFFFFFFFFFFFFFFFFFFFF05
:107B9000FFFFFFFFFFFFFFFFFFFFFFFFDB00009284
:107BA000FFFFFFFFFFFFFFFFFF6D000092FFDB49BC
:107BB00000000049DBFFFFFFFFFFFFFF000024FF85
:107BC000FFFFFFFFFFFFFFFFFFFFFFFFFFFFFFFFC5
:107BD000FFFFFFFFFFFFFFFFFFFFFFFFDB00009244
:107BE000FFFFFFFFFFFFFFFFFF6D000092FFFFFFA2
:107BF000B600000024B6FFFFFFFFFFFF000024FFD8
:107C0000FFFFFFFFFFFFFFFFFFFFFFFFFFFFFFFF84
:107C1000FFFFFFFFFFFFFFFFFFFFFFFFDB00009203
:107C2000FFFFFFFFFFFFFFFFFF6D000092FFFFFF61
:107C3000FFDB24000024B6FFFFFFFFFF000024FF4E
:107C4000FFFFFFFFFFFFFFFFFFFFFFFFFFFFFFFF44
:107C5000FFFFFFFFFFFFFFFFFFFFFFFFDB000092C3
:107C6000FFFFFFFFFFFFFFFFFF6D000092FFFFFF21
:107C7000FFFFFF49000024B6FFFFFFFF000024FFC5
:107C8000FFFFFFFFFFFFFFFFFFFFFFFFFFFFFFFF04
:107C9000FFFFFFFFFFFFFFFFFFFFFFFFDB00009283
:107CA000FFFFFFFFFFFFFFFFFF6D000092FFFFFFE1
:107CB000FFFFFFFF49000024DBFFFFFF000024FF60
:107CC000FFFFFFFFFFFFFFFFFFFFFFFFFFFFFFFFC4
:107CD000FFFFFFFFFFFFFFFFFFFFFFFFDB00009243
:107CE000FFFFFFFFFFFFFFFFFF6D000092FFFFFFA1
:107CF000FFFFFFFFFF6D000049FFFFFF000024FFB3
:107D0000FFFFFFFFFFFFFFFFFFFFFFFFFFFFFFFF83
:107D1000FFFFFFFFFFFFFFFFFFFFFFFFDB00009202
:107D2000FFFFFFFFFFFFFFFFFF6D000092FFFFFF60
:107D3000FFFFFFFFFFDB4900006DFFFF000024FF96
:107D4000FFFFFFFFFFFFFFFFFFFFFFFFFFFFFFFF43
:107D5000FFFFFFFFFFFFFFFFFFFFFFFFDB000092C2
:107D6000FFFFFFFFFFFFFFFFFF6D000092FFFFFF20
:107D7000FFFFFFFFFFFFDB240000B6FF000024FF32
:107D8000FFFFFFFFFFFFFFFFFFFFFFFFFFFFFFFF03
:107D9000FFFFFFFFFFFFFFFFFFFFFFFFDB00009282
:107DA000FFFFFFFFFFFFFFFFFF6D000092FFFFFFE0
:107DB000FFFFFFFFFFFFFF92000049FF000024FFCD
:107DC000FFFFFFFFFFFFFFFFFFFFFFFFFFFFFFFFC3
:107DD000FFFFFFFFFFFFFFFFFFFFFFFFDB00009242
:107DE000FFFFFFFFFFFFFFFFFF6D000092FFFFFFA0
:107DF000FFFFFFFFFFFFFFDB490000DB000024FF68
:107E0000FFFFFFFFFFFFFFFFFFFFFFFFFFFFFFFF82
:107E1000FFFFFFFFFFFFFFFFFFFFFFFFDB00009201
:107E2000FFFFFFFFFFFFFFFFFF6D000092FFFFFF5F
:107E3000FFFFFFFFFFFFFFFF92000092000024FF03
:107E4000FFFFFFFFFFFFFFFFFFFFFFFFFFFFFFFF42
:107E5000FFFFFFFFFFFFFFFFFFFFFFFFDB000092C1
:107E6000FFFFFFFFFFFFFFFFFF6D000024FFFFFF8D
:107E7000FFFFFFFFFFFFFFFFDB240049000024FF9F
:107E8000FFFFFFFFFFFFFFFFFFFFFFFFFFFFFFFF02
:107E9000FFFFFFFFFFFFFFFFFFFFFFFFDB00009281
:107EA000FFFFFFFFFFFFFFFFFF6D000024B6FFFF96
:107EB000FFFFFFFFFFFFFFFFFF240024000024FF60
:107EC000FFFFFFFFFFFFFFFFFFFFFFFFFFFFFFFFC2
:107ED000FFFFFFFFFFFFFFFFFFFFFFFFDB00009241
:107EE000FFFFFFFFFFFFFFFFFF6D00000049FFFFE7
:107EF000FFFFFFFFFFFFFFFFFF240024000024FF20
:107F0000FFFFFFFFFFFFFFFFFFFFFFFFFFFFFFFF81
:107F1000FFFFFFFFFFFFFFFFFFFFFFFFDB00009200
:107F2000FFFFFFFFFFFFFFFFFF6D000000006DFF81
:107F3000FFFFFFFFFFFFFFFFFF240024000024FFDF
:107F4000FFFFFFFFFFFFFFFFFFFFFFFFFFFFFFFF41
:107F5000FFFFFFFFFFFFFFFFFFFFFFFFDB000092C0
:107F6000FFFFFFFFFFFFFFFFFF6D0000000024B6D3
:107F7000FFFFFFFFFFFFFFFFB624006D000024FF9F
:107F8000FFFFFFFFFFFFFFFFFFFFFFFFFFFFFFFF01
:107F9000FFFFFFFFFFFFFFFFFFFFFFFFDB00009280
:107FA000FFFFFFFFFFFFFFFFFF6D00002424000025
:107FB00092FFFFFFFFFFFFFF6D0000B6000024FFF0
:107FC000FFFFFFFFFFFFFFFFFFFFFFFFFFFFFFFFC1
:107FD000FFFFFFFFFFFFFFFFFFFFFFFFDB00009240
:107FE000FFFFFFFFFFFFFFFFFF6D00009292000009
:107FF000004992DBFFFFB649000024DB000024FFAC
:10800000FFFFFFFFFFFFFFFFFFFFFFFFFFFFFFFF80
:10801000FFFFFFFFFFFFFFFFFFFFFFFFDB000092FF
:10802000FFFFFFFFFFFFFFFFFF6D000092FF9224A5
:108030000000000000000000000092FF000024FF8C
:10804000FFFFFFFFFFFFFFFFFFFFFFFFFFFFFFFF40
:10805000FFFFFFFFFFFFFFFFFFFFFFFFDB000092BF
:10806000FFFFFFFFFFFFFFFFFF6D000092FFFFDB41
:108070006D0000000000000024B6FFFF000024FF98
:10808000FFFFFFFFFFFFFFFFFFFFFFFFFFFFFFFF00
:10809000FFFFFFFFFFFFFFFFFFFFFFFFDB0000927F
:1080A000FFFFFFFFFFFFFFFFFF6D000092FFFFFFDD
:1080B000FFFFB66D6D6D92B6FFFFFFFF24002449F0
:1080C0004949494949494949494949494949494920
:1080D0004949494949494949494949494900009259
:1080E000FFFFFFFFFFFFFFFFFF6D000092FFFFFF9D
:1080F000FFFFFFFFFFFFFFFFFFFFFFFF92000000FA
:10810000000000000000000000000000000000006F
:1081100000000000000000000000000000000092CD
:10812000FFFFFFFFFFFFFFFFFF6D000092FFFFFF5C
:10813000FFFFFFFFFFFFFFFFFFFFFFFFFF92240096
:10814000000000000000000000000000000000002F
:10815000000000000000000000000000000000928D
:10816000FFFFFFFFFFFFFFFFFF6D000092FFFFFF1C
:10817000FFFFFFFFFFFFFFFFFFFFFFFFFFFFFFFF0F
:10818000FFFFFFFFFFFFFFFFFFFFFFFFFFFFFFFFFF
:10819000FFFFFFFFFFFFFFFFFFFFFFFFDB0000927E
:1081A000FFFFFFFFFFFFFFFFFF6D000092FFFFFFDC
:1081B000FFFFFFFFFFFFFFFFFFFFFFFFFFFFFFFFCF
:1081C000FFFFFFFFFFFFFFFFFFFFFFFFFFFFFFFFBF
:1081D000FFFFFFFFFFFFFFFFFFFFFFFFDB000024AC
:1081E00049494949494949494924000092FFFFFF4B
:1081F000FFFFFFFFFFFFFFFFFFFFFFFFFFFFFFFF8F
:10820000FFFFFFFFFFFFFFFFFFFFFFFFFFFFFFFF7E
:10821000FFFFFFFFFFFFFFFFFFFFFFFFDB0000008F
:10822000000000000000000000000024DBFFFFFF52
:10823000FFFFFFFFFFFFFFFFFFFFFFFFFFFFFFFF4E
:10824000FFFFFFFFFFFFFFFFFFFFFFFFFFFFFFFF3E
:10825000FFFFFFFFFFFFFFFFFFFFFFFFFF490000E2
:108260000000000000000000002449DBFFFFFFFFCA
:10827000FFFFFFFFFFFFFFFFFFFFFFFFFFFFFFFF0E
:10828000FFFFFFFFFFFFFFFFFFFFFFFFFFFFFFFFFE
:10829000FFFFFFFFFFDBB6926D4924242424496DC4
:1082A00092DBFFFFFFFFFFFFFFFFFFFFFFFFFFFF6F
:1082B000FFFFFFFFFFFFFFFFFFFFFFFFFFFFFFFFCE
:1082C000FFFFFFFFFFFFFFFFFFFFFFFFFFFFFFFFBE
:1082D000FFFFDBB66D2424242400000000000024EE
:1082E0002424496DB6FFFFFFFFFFFFFFFFFFFFFFE5
:1082F000FFFFFFFFFFFFFFFFFFFFFFFFFFFFFFFF8E
:10830000FFFFFFFFFFFFFFFFFFFFFFFFFFFFFFFF7D
:10831000FF9249240000002424242424242424241B
:1083200000000000246DB6FFFFFFFFFFFFFFFFFF0F
:10833000FFFFFFFFFFFFFFFFFFFFFFFFFFFFFFFF4D
:10834000FFFFFFFFFFFFFFFFFFFFFFFFFFFFFFDB61
:10835000492400000024246D92B6DBDBDBDBB692FF
:108360004924240000002449DBFFFFFFFFFFFFFF3B
:10837000FFFFFFFFFFFFFFFFFFFFFFFFFFFFFFFF0D
:10838000FFFFFFFFFFFFFFFFFFFFFFFFFFFF922445
:10839000000024246DDBFFFFFFFFFFFFFFFFFFFF57
:1083A000FFFFB649240000002492FFFFFFFFFFFFFC
:1083B000FFFFFFFFFFFFFFFFFFFFFFFFFFFFFFFFCD
:1083C000FFFFFFFFFFFFFFFFFFFFFFFFFF6D240029
:1083D000004992DBFFFFFFFFFFFFFFFFFFFFFFFFF3
:1083E000FFFFFFFFB66D240000246DDBFFFFFFFFE2
:1083F000FFFFFFFFFFFFFFFFFFFFFFFFFFFFFFFF8D
:10840000FFFFFFFFFFFFFFFFFFFFFFDB490000242F
:108410006DDBFFFFFFFFFFFFFFFFFFFFFFFFFFFF22
:10842000FFFFFFFFFFFFB64900000049DBFFFFFF32
:10843000FFFFFFFFFFFFFFFFFFFFFFFFFFFFFFFF4C
:10844000FFFFFFFFFFFFFFFFFFFFDB49000024B638
:10845000FFFFFFFFFFFFFFFFFFFFFFFFFFFFFFFF2C
:10846000FFFFFFFFFFFFFFFF9224000049DBFFFF3C
:10847000FFFFFFFFFFFFFFFFFFFFFFFFFFFFFFFF0C
:10848000FFFFFFFFFFFFFFFFFFFF49000024B6FFD4
:10849000FFFFFFFFFFFFFFFFFFFFFFFFFFFFFFFFEC
:1084A000FFFFFFFFFFFFFFFFFFB624000049FFFFB4
:1084B000FFFFFFFFFFFFFFFFFFFFFFFFFFFFFFFFCC
:1084C000FFFFFFFFFFFFFFFFFF6D000024DBFFFF4B
:1084D000FFFFFFFFFFFFFFFFFFFFFFFFFFFFFFFFAC
:1084E000FFFFFFFFFFFFFFFFFFFFB624000049FF74
:1084F000FFFFFFFFFFFFFFFFFFFFFFFFFFFFFFFF8C
:10850000FFFFFFFFFFFFFFFFB6000024B6FFFFFFE6
:10851000FFFFFFFFFFFFFFFFFFFFFFFFFFFFFFFF6B
:10852000FFFFFFFFFFFFFFFFFFFFFFB62400006D0F
:10853000FFFFFFFFFFFFFFFFFFFFFFFFFFFFFFFF4B
:10854000FFFFFFFFFFFFFFDB240024B6FFFFFFFF5D
:10855000FFFFFFFFFFFFFFFFFFFFFFFFFFFFFFFF2B
:10856000FFFFFFFFFFFFFFFFFFFFFFFFB624002419
:10857000B6FFFFFFFFFFFFFFFFFFFFFFFFFFFFFF54
:10858000FFFFFFFFFFFFFF6D00006DFFFFFFFFFF1D
:10859000FFFFFFFFFFFFFFFFFFFFFFFFFFFFFFFFEB
:1085A000FFFFFFFFFFFFFFFFFFFFFFFFFF92000046
:1085B00049DBFFFFFFFFFFFFFFFFFFFFFFFFFFFFA5
:1085C000FFFFFFFFFFFFDB240049FFFFFFFFFFFF6F
:1085D000FFFFFFFFFFFFFFFFFFFFFFFFFFFFFFFFAB
:1085E000FFFFFFFFFFFFFFFFFFFFFFFFFFFF6D002C
:1085F000006DFFFFFFFFFFFFFFFFFFFFDB92DBFFD1
:10860000FFFFFFFFFFFF490024B6FFFFFFFFFFFF53
:10861000FFFFFFFFFFFFFFFFFFFFFFFFFFFFFFFF6A
:10862000FFFFFFFFFFFFFFFFFFFFFFFFFFFFDB2459
:108630000000DBFFFFFFFFFFFFFFFFFF49006DFFB3
:10864000FFFFFFFFFFDB000049FFFFFFFFFFFFFF12
:10865000FFFFFFFFFFFFFFFFFFFFFFFFFFFFFFFF2A
:10866000FFFFFFFFFFFFFFFFFFFFFFFFFFFFFF9287
:10867000000049FFFFFFFFFFFFFFFFFF490024DB72
:10868000FFFFFFFFFF490024B6FFFFFFFFFFFFFFD3
:10869000FFFFFFFFFFFFFFFFFFFFFFFFFFFFFFFFEA
:1086A000FFFFFFFFFFFFFFFFFFFFFFFFFFFFFFFFDA
:1086B000490024DBFFFFFFFFFFFFFFFFB600009232
:1086C000FFFFFFFFDB240049FFFFFFFFFFFFFFFF6E
:1086D000FFFFFFFFFFFFFFFFFFFFFFFFFFFFFFFFAA
:1086E000FFFFFFFFFFFFFFFFFFFFFFFFFFFFFFFF9A
:1086F00092000092FFFFFFFFFFFFFFFFFF24002417
:10870000DBFFFFFF920000B6FFFFFFFFFFFFFFFF51
:10871000FFFFFFFFFFFFFFFFFFFFFFFFFFFFFFFF69
:10872000FFFFFFFFFFFFFFFFFFFFFFFFFFFFFFFF59
:10873000FF240024FFFFFFFFFFFFFFFFFF92000069
:108740006DFFFFFF490024DBFFFFFFFF9249DBFFC6
:10875000FFFFFFFFFFFFFFFFFFFFFFFFFFFFFFFF29
:10876000FFFFFFFFFFFFFFFFFFFFFFFFFFFFFFFF19
:10877000FF6D0000B6FFFFFFFFFFFFFFFFDB2400E0
:1087800024DBFFDB240049FFFFFFDB6D000092FFCD
:10879000FFFFFFFFFFFFFFFFFFFFFFFFFFFFFFFFE9
:1087A000FFFFFFFFFFFFFFFFFFFFFFFFFFFFFFFFD9
:1087B000FFDB00006DFFFFFFFFFFFFFFFFFF9200E9
:1087C0000092FF92000092FFFFDB49240000B6FFF9
:1087D000FFFFFFFFFFFFFFFFFFFFFFFFFFFFFFFFA9
:1087E000FFFFFFFFFFFFFFFFFFFFFFFFFFFFFFFF99
:1087F000FFFF240024FFFFFFFFFFFFFFFFFFDB243D
:108800000024FF6D0000FFFFB64900002492FFFF27
:10881000FFFFFFFFFFFFFFFFFFFFFFFFFFFFFFFF68
:10882000FFFFFFFFFFFFFFFFFFFFFFFFFFFFFFFF58
:10883000FFFF920024DBFFFFFFFFFFFFFFFFFF4969
:1088400000006D490024FF9224000024B6FFFFFFC2
:10885000FFFFFFFFFFFFFFFFFFFFFFFFFFFFFFFF28
:10886000FFFFFFFFFFFFFFFFFFFFFFFFFFFFFFFF18
:10887000FFFFDB2449FFFFFFFFFFFFFFFFFFFFDBE1
:108880002400242400499224000049B6FFFFFFFF82
:10889000FFFFFFFFFFFFFFFFFFFFFFFFFFFFFFFFE8
:1088A000FFFFFFFFFFFFFFFFFFFFFFFFFFFFFFFFD8
:1088B000FFFFFFFFFFFFFFFFFFFFFFFFFFFFFFFFC8
:1088C0006D00000000242400006DDBFFFFFFFFFFB0
:1088D000FFFFFFFFFFFFFFFFFFFFFFFFFFFFFFFFA8
:1088E000FFFFFFFFFFFFFFFFFFFFFFFFFFFFFFFF98
:1088F000FFFFFFFFFFFFFFFFFFFFFFFFFFFFFFFF88
:10890000DB240000000000246DFFFFFFFFFFFFFFDE
:10891000FFFFFFFFFFFFFFFFFFFFFFFFFFFFFFFF67
:10892000FFFFFFFFFFFFFFFFFFFFFFFFFFFFFFFF57
:10893000FFFFFFFFFFFFFFFFFFFFFFFFFFFFFFFF47
:10894000FF6D000000002492FFFFFFFFFFFFFFFF0D
:10895000FFFFFFFFFFFFFFFFFFFFFFFFFFFFFFFF27
:10896000FFFFFFFFFFFFFFFFFFFFFFFFFFFFFFFF17
:10897000FFFFFFFFFFFFFFFFFFFFFFFFFFFFFFFF07
:10898000FFDB00000024B6FFFFFFFFFFFFFFFFFF3C
:10899000FFFFFFFFFFFFFFFFFFFFFFFFFFFFFFFFE7
:1089A000FFFFFFFFFFFFFFFFFFFFFFFFFFFFFFFFD7
:1089B000FFFFFFFFFFFFFFFFFFFFFFFFFFFFFFFFC7
:1089C000FFFF6D0049DBFFFFFFFFFFFFFFFFFFFF22
:1089D000FFFFFFFFFFFFFFFFFFFFFFFFFFFFFFFFA7
:1089E000FFFFFFFFFFFFFFFFFFFFFFFFFFFFFFFF97
:1089F000FFFFFFFFFFFFFFFFFFFFFFFFFFFFFFFF87
:108A0000FFFFFFB6DBFFFFFFFFFFFFFFFFFFFFFFE3
:108A1000FFFFFFFFFFFFFFFFFFFFFFFFFFFFFFFF66
:108A2000FFFFFFFFFFFFFFFFFFFFFFFFFFFFFFFF56
:108A3000FFFFFFFFFFFFFFFFFFFFFFFFFFFFFFFF46
:108A4000FFFFFFFFFFFFFFFFFFFFFFFFFFFFFFFF36
:108A5000FFFFFFFFFFFFFFFFFFFFFFFFFFFFFFFF26
:108A6000FFFFFFFFFFFFFFFFFFFFFFFFFFFFFFFF16
:108A7000FFFFFFFFFFFFFFFFFFFFFFFFFFFFFFFF06
:108A8000FFFFFFFFFFFFFFFFFFFFFFFFFFFFFFFFF6
:108A9000FFFFFFFFFFFFFFFFFFFFFFFFFFFFFFFFE6
:108AA000FFFFFFFFFFFFFFFFFFFFFFFFFFFFFFFFD6
:108AB000FFFFFFFFFFFFFFFFFFFFFFFFFFFFFFFFC6
:108AC000FFFFFFFFFFFFFFFFFFFFFFFFFFFFFFFFB6
:108AD000FFFFFFFFFFFFFFFFFFFFFFFFFFFFFFFFA6
:108AE000FFFFFFFFFFFFFFFFFFFFFFFFFFFFFFFF96
:108AF000FFFFFFDBB6FFFFFFFFFFFFFFFFFFFFFFF3
:108B0000FFFFFFFFFFFFFFFFFFFFFFFFFFFFFFFF75
:108B1000FFFFFFFFFFFFFFFFFFFFFFFFFFFFFFFF65
:108B2000FFFFFFFFFFFFFFFFFFFFFFFFFFFFFFFF55
:108B3000FFFFB6490092FFFFFFFFFFFFFFFFFFFFB0
:108B4000FFFFFFFFFFFFFFFFFFFFFFFFFFFFFFFF35
:108B5000FFFFFFFFFFFFFFFFFFFFFFFFFFFFFFFF25
:108B6000FFFFFFFFFFFFFFFFFFFFFFFFFFFFFFFF15
:108B7000FF9224000024FFFFFFFFFFFFFFFFFFFF26
:108B8000FFFFFFFFFFFFFFFFFFFFFFFFFFFFFFFFF5
:108B9000FFFFFFFFFFFFFFFFFFFFFFFFFFFFFFFFE5
:108BA000FFFFFFFFFFFFFFFFFFFFFFFFFFFFFFFFD5
:108BB00092240000000092FFFFFFFFFFFFFFFFFF76
:108BC000FFFFFFFFFFFFFFFFFFFFFFFFFFFFFFFFB5
:108BD000FFFFFFFFFFFFFFFFFFFFFFFFFFFFFFFFA5
:108BE000FFFFFFFFFFFFFFFFFFFFFFFFFFFFDB6D4B
:108BF00024000000000049DBFFFFFFFFFFFFFFFF35
:108C0000FFFFFFFFFFFFFFFFFFFFFFFFFFFFFFFF74
:108C1000FFFFFFFFFFFFFFFFFFFFFFFFFFFFFFFF64
:108C2000FFFFFFFFFFFFFFFFFFFFFFFFFFB6490052
:108C30000024240000000092FFFFFFFFFFFFFFFF62
:108C4000FFFFFFFFFFFFFFFFFFFFFFFFFFFFFFFF34
:108C5000FFFFFFFFFFFFFFFFFFFFFFFFFFFFFFFF24
:108C6000FFFFFFFFFFFFFFFFFFFFFFFFB624000036
:108C700024B6240024240024FFFFFFFFFFFFFFFF92
:108C8000FFFFDB2449FFFFFFFFFFFFFFFFFFFFFFA9
:108C9000FFFFFFFFFFFFFFFFFFFFFFFFFFFFFFFFE4
:108CA000FFFFFFFFFFFFFFFFFFFFFF9224000024F5
:108CB000B6FF00006D49000092FFFFFFFFFFFFFFBE
:108CC000FFFFDB0000B6FFFFFFFFFFFFFFFFFFFF1F
:108CD000FFFFFFFFFFFFFFFFFFFFFFFFFFFFFFFFA4
:108CE000FFFFFFFFFFFFFFFFFFDB6D24000049DBFD
:108CF000FFB6000092DB240024FFFFFFFFFFFFFF11
:108D0000FFFFDB24006DFFFFFFFFFFFFFFFFFFFF03
:108D1000FFFFFFFFFFFFFFFFFFFFFFFFFFFFFFFF63
:108D2000FFFFFFFFFFFFFFFFFF6D0000246DDBFF74
:108D3000FF6D0024DBFF6D0000B6FFFFFFFFFFFFAC
:108D4000FFFFFF490000FFFFFFFFFFFFFFFFFFFFE7
:108D5000FFFFFFFFFFFFFFFFFFFFFFFFFFFFFFFF23
:108D6000FFFFFFFFFFFFFFFFFF49002492FFFFFF10
:108D7000FF240024FFFFDB240049FFFFFFFFFFFF6C
:108D8000FFFFFF6D0000B6FFFFFFFFFFFFFFFFFFCC
:108D9000FFFFFFFFFFFFFFFFFFFFFFFFFFFFFFFFE3
:108DA000FFFFFFFFFFFFFFFFFFB649B6FFFFFFFF1B
:108DB000DB24006DFFFFFF490000B6FFFFFFFFFF50
:108DC000FFFFFFDB240049FFFFFFFFFFFFFFFFFF67
:108DD000FFFFFFFFFFFFFFFFFFFFFFFFFFFFFFFFA3
:108DE000FFFFFFFFFFFFFFFFFFFFFFFFFFFFFFFF93
:108DF0006D0024B6FFFFFFB6000049FFFFFFFFFF35
:108E0000FFFFFFFF490024B6FFFFFFFFFFFFFFFF4B
:108E1000FFFFFFFFFFFFFFFFFFFFFFFFFFFFFFFF62
:108E2000FFFFFFFFFFFFFFFFFFFFFFFFFFFFFFDB76
:108E3000240024FFFFFFFFFF490024DBFFFFFFFFAB
:108E4000FFFFFFFFB600006DFFFFFFFFFFFFFFFF0B
:108E5000FFFFFFFFFFFFFFFFFFFFFFFFFFFFFFFF22
:108E6000FFFFFFFFFFFFFFFFFFFFFFFFFFFFFF927F
:108E7000000092FFFFFFFFFFB600006DFFFFFFFF46
:108E8000FFFFFFFFFF490024B6FFFFFFFFFFFFFFCB
:108E9000FFFFFFFFFFFFFFFFFFFFFFFFFFFFFFFFE2
:108EA000FFFFFFFFFFFFFFFFFFFFFFFFFFFFFF24AD
:108EB0000000FFFFFFFFFFFFFF49006DFFFFFFFF07
:108EC000FFFFFFFFFFB6000049FFFFFFFFFFFFFFAF
:108ED000FFFFFFFFFFFFFFFFFFFFFFFFFFFFFFFFA2
:108EE000FFFFFFFFFFFFFFFFFFFFFFFFFFFF9200FE
:108EF000006DFFFFFFFFFFFFFFDB92DBFFFFFFFFC8
:108F0000FFFFFFFFFFFF49000092FFFFFFFFFFFF92
:108F1000FFFFFFFFFFFFFFFFFFFFFFFFFFFFFFFF61
:108F2000FFFFFFFFFFFFFFFFFFFFFFFFFFDB24004F
:108F300024DBFFFFFFFFFFFFFFFFFFFFFFFFFFFF40
:108F4000FFFFFFFFFFFFDB240000B6FFFFFFFFFF77
:108F5000FFFFFFFFFFFFFFFFFFFFFFFFFFFFFFFF21
:108F6000FFFFFFFFFFFFFFFFFFFFFFFFFF490000C5
:108F700092FFFFFFFFFFFFFFFFFFFFFFFFFFFFFF6E
:108F8000FFFFFFFFFFFFFF92000024DBFFFFFFFF5B
:108F9000FFFFFFFFFFFFFFFFFFFFFFFFFFFFFFFFE1
:108FA000FFFFFFFFFFFFFFFFFFFFFFFF92000049F2
:108FB000FFFFFFFFFFFFFFFFFFFFFFFFFFFFFFFFC1
:108FC000FFFFFFFFFFFFFFFF6D000049DBFFFFFF1B
:108FD000FFFFFFFFFFFFFFFFFFFFFFFFFFFFFFFFA1
:108FE000FFFFFFFFFFFFFFFFFFFFFF92240024DBD7
:108FF000FFFFFFFFFFFFFFFFFFFFFFFFFFFFFFFF81
:10900000FFFFFFFFFFFFFFFFDB24000049DBFFFF47
:10901000FFFFFFFFFFFFFFFFFFFFFFFFFFFFFFFF60
:10902000FFFFFFFFFFFFFFFFFFFFB624002492FFBB
:10903000FFFFFFFFFFFFFFFFFFFFFFFFFFFFFFFF40
:10904000FFFFFFFFFFFFFFFFFFDB24000049DBFF07
:10905000FFFFFFFFFFFFFFFFFFFFFFFFFFFFFFFF20
:10906000FFFFFFFFFFFFFFFFFF922400006DFFFFE8
:10907000FFFFFFFFFFFFFFFFFFFFFFFFFFFFFFFF00
:10908000FFFFFFFFFFFFFFFFFFFFB624000024B636
:10909000FFFFFFFFFFFFFFFFFFFFFFFFFFFFFFFFE0
:1090A000FFFFFFFFFFFFFFFF922400006DFFFFFFA8
:1090B000FFFFFFFFFFFFFFFFFFFFFFFFFFFFFFFFC0
:1090C000FFFFFFFFFFFFFFFFFFFFFFB64900002488
:1090D0006DDBFFFFFFFFFFFFFFFFFFFFFFFFFFFF56
:1090E000FFFFFFFFFFFFB66D0000006DFFFFFFFFFA
:1090F000FFFFFFFFFFFFFFFFFFFFFFFFFFFFFFFF80
:10910000FFFFFFFFFFFFFFFFFFFFFFFFDB49240023
:10911000004992DBFFFFFFFFFFFFFFFFFFFFFFFFA5
:10912000FFFFFFFFDB92240000246DFFFFFFFFFF26
:10913000FFFFFFFFFFFFFFFFFFFFFFFFFFFFFFFF3F
:10914000FFFFFFFFFFFFFFFFFFFFFFFFFFFF6D249C
:10915000000024246DB6FFFFFFFFFFFFFFFFFFFFAE
:10916000FFFFB66D2400000024B6FFFFFFFFFFFFE6
:10917000FFFFFFFFFFFFFFFFFFFFFFFFFFFFFFFFFF
:10918000FFFFFFFFFFFFFFFFFFFFFFFFFFFFFFB638
:10919000492400000024246D92B6DBDBDBDBB692B1
:1091A0006D24240000002449DBFFFFFFFFFFFFFFC9
:1091B000FFFFFFFFFFFFFFFFFFFFFFFFFFFFFFFFBF
:1091C000FFFFFFFFFFFFFFFFFFFFFFFFFFFFFFFFAF
:1091D000FF9249240000002424242424242424244D
:1091E00024000000246DB6FFFFFFFFFFFFFFFFFF1D
:1091F000FFFFFFFFFFFFFFFFFFFFFFFFFFFFFFFF7F
:10920000FFFFFFFFFFFFFFFFFFFFFFFFFFFFFFFF6E
:10921000FFFFDBB66D24242424000000000000249E
:109220002424496DB6FFFFFFFFFFFFFFFFFFFFFF95
:10923000FFFFFFFFFFFFFFFFFFFFFFFFFFFFFFFF3E
:10924000FFFFFFFFFFFFFFFFFFFFFFFFFFFFFFFF2E
:10925000FFFFFFFFFFDBDB926D4924242424496DCF
:1092600092DBDBFFFFFFFFFFFFFFFFFFFFFFFFFFC3
:10927000FFFFFFFFFFFFFFFFFFFFFFFFFFDB6D248F
:10928000242424242424242424242424242424249E
:10929000242424242424242424242424242424248E
:1092A0002424244992FFFFFFFFFFFFFFFFFFFFFF82
:1092B000FFFFFFFFFFFFFFFFFFFFFFFFFF49000072
:1092C000000000000000000000000000000000009E
:1092D000000000000000000000000000000000008E
:1092E000000000002492FFFFFFFFFFFFFFFFFFFFD2
:1092F000FFFFFFFFFFFFFFFFFFFFFFFFB6000024A0
:10930000242424242424242424242424242424241D
:10931000242424242424242424242424242424240D
:10932000242424240024DBFFFFFFFFFFFFFFFFFFB7
:10933000FFFFFFFFFFFFFFFFFFFFFFFF490024B616
:10934000DBDBDBDBDBDBDBDBDBDBDBDBDBDBDBDB6D
:10935000DBDBDBDBDBDBDBDBDBDBDBDBDBDBDBDB5D
:10936000DBDBDB6D000092FFFFFFFFFFFFFFFFFF76
:10937000FFFFFFFFFFFFFFFFFFFFFFFF240049FF8D
:10938000FFFFFFFFFFFFFFFFFFFFFFFFFFFFFFFFED
:10939000FFFFFFFFFFFFFFFFFFFFFFFFFFFFFFFFDD
:1093A000FFFFFFFF00006DFFFFFFFFFFFFFFFFFF5D
:1093B000FFFFFFFFFFFFFFFFFFFFFFFF240049FF4D
:1093C000FFFFFFFFFFFFFFFFFFFFFFFFFFFFFFFFAD
:1093D000FFFFFFFFFFFFFFFFFFFFFFFFFFFFFFFF9D
:1093E000FFFFFFFF00006DFFFFFFFFFFFFFFFFFF1D
:1093F000FFFFFFFFFFFFFFFFFFFFFFFF240049FF0D
:10940000FFFFFFFFFFFFFFFFFFFFFFFFFFFFFFFF6C
:10941000FFFFFFFFFFFFFFFFFFFFFFFFFFFFFFFF5C
:10942000FFFFFFFF00006DFFFFFFFFFFFFFFFFFFDC
:10943000FFFFFFFFFFFFFFFFFFFFFFFF240049FFCC
:10944000FFFFFFFFFFFFFFFFFFFFFFFFFFFFFFFF2C
:10945000FFFFFFFFFFFFFFFFFFFFFFFFFFFFFFFF1C
:10946000FFFFFFFF00006DFFFFFFFFFFFFFFFFFF9C
:10947000FFFFFFFFFFFFFFFFFFFFFFFF240049FF8C
:10948000FFFFFFFFFFFFFFFFFFFFFFFFFFFFFFFFEC
:10949000FFFFFFFFFFFFFFFFFFFFFFFFFFFFFFFFDC
:1094A000FFFFFFFF00006DFFFFFFFFFFFFFFFFFF5C
:1094B000FFFFFFFFFFFFFFFFFFFFFFFF240049FF4C
:1094C000FFFFFFFFFFFFFFFFFFFFFFFFFFFFFFFFAC
:1094D000FFFFFFFFFFFFFFFFFFFFFFFFFFFFFFFF9C
:1094E000FFFFFFFF00006DFFFFFFFFFFFFFFFFFF1C
:1094F000FFFFFFFFFFFFFFFFFFFFFFFF240049FF0C
:10950000FFFFFFFFFFFFFFFFFFFFFFFFFFFFFFFF6B
:10951000FFFFFFFFFFFFFFFFFFFFFFFFFFFFFFFF5B
:10952000FFFFFFFF00006DFFFFFFFFFFFFFFFFFFDB
:10953000FFFFFFFFFFFFFFFFFFFFFFFF240049FFCB
:10954000FFFFFFFFFFFFFFFFFFFFFFFFFFFFFFFF2B
:10955000FFFFFFFFFFFFFFFFFFFFFFFFFFFFFFFF1B
:10956000FFFFFFFF00006DFFFFFFFFFFFFFFFFFF9B
:10957000FFFFFFFFFFFFFFFFFFFFFFFF240049FF8B
:10958000FFFFFFFFFFFFFFFFFFFFFFFFFFFFFFFFEB
:10959000FFFFFFFFFFFFFFFFFFFFFFFFFFFFFFFFDB
:1095A000FFFFFFFF000049DBDBDBDBDBDBDBFFFF7B
:1095B000FFFFFFFFFFFFFFFFFFFFFFFF240049FF4B
:1095C000FFFFFFFFFFFFFFFFFFFFFFFFFFFFFFFFAB
:1095D000FFFFFFFFFFFFFFFFFFFFFFFFFFFFFFFF9B
:1095E000FFFFFFFF00000024242424242424496DCD
:1095F00092DBFFFFFFFFFFFFFFFFFFFF240049FF9C
:10960000FFFFFFFFFFFFFFFFFFFFFFFFFFFFFFFF6A
:10961000FFFFFFFFFFFFFFFFFFFFFFFFFFFFFFFF5A
:10962000FFFFFFFF0000000000000000000000003E
:10963000244992DBFFFFFFFFFFFFFFFF240049FFEC
:10964000FFFFFFFFFFFFFFFFFFFFFFFFFFFFFFFF2A
:10965000FFFFFFFFFFFFFFFFFFFFFFFFFFFFFFFF1A
:10966000FFFFFFFF000000242424242424242400DE
:1096700000000049B6FFFFFFFFFFFFFF240049FF86
:10968000FFFFFFFFFFFFFFFFFFFFFFFFFFFFFFFFEA
:10969000FFFFFFFFFFFFFFFFFFFFFFFFFFFFFFFFDA
:1096A000FFFFFFFF000049FFFFFFFFFFFFDBB66D7D
:1096B0002424000024B6FFFFFFFFFFFF240049FF22
:1096C000FFFFFFFFFFFFFFFFFFFFFFFFFFFFFFFFAA
:1096D000FFFFFFFFFFFFFFFFFFFFFFFFFFFFFFFF9A
:1096E000FFFFFFFF00006DFFFFFFFFFFFFFFFFFF1A
:1096F000DB924900002492FFFFFFFFFF240049FF97
:10970000FFFFFFFFFFFFFFFFFFFFFFFFFFFFFFFF69
:10971000FFFFFFFFFFFFFFFFFFFFFFFFFFFFFFFF59
:10972000FFFFFFFF00006DFFFFFFFFFFFFFFFFFFD9
:10973000FFFFDB6D240024B6FFFFFFFF240049FF7D
:10974000FFFFFFFFFFFFFFFFFFFFFFFFFFFFFFFF29
:10975000FFFFFFFFFFFFFFFFFFFFFFFFFFFFFFFF19
:10976000FFFFFFFF00006DFFFFFFFFFFFFFFFFFF99
:10977000FFFFFFFF6D000024DBFFFFFF240049FF18
:10978000FFFFFFFFFFFFFFFFFFFFFFFFFFFFFFFFE9
:10979000FFFFFFFFFFFFFFFFFFFFFFFFFFFFFFFFD9
:1097A000FFFFFFFF00006DFFFFFFFFFFFFFFFFFF59
:1097B000FFFFFFFFFF49000049FFFFFF240049FFB3
:1097C000FFFFFFFFFFFFFFFFFFFFFFFFFFFFFFFFA9
:1097D000FFFFFFFFFFFFFFFFFFFFFFFFFFFFFFFF99
:1097E000FFFFFFFF00006DFFFFFFFFFFFFFFFFFF19
:1097F000FFFFFFFFFFDB490000B6FFFF240049FF2A
:10980000FFFFFFFFFFFFFFFFFFFFFFFFFFFFFFFF68
:10981000FFFFFFFFFFFFFFFFFFFFFFFFFFFFFFFF58
:10982000FFFFFFFF00006DFFFFFFFFFFFFFFFFFFD8
:10983000FFFFFFFFFFFFB6240049FFFF240049FFA1
:10984000FFFFFFFFFFFFFFFFFFFFFFFFFFFFFFFF28
:10985000FFFFFFFFFFFFFFFFFFFFFFFFFFFFFFFF18
:10986000FFFFFFFF00006DFFFFFFFFFFFFFFFFFF98
:10987000FFFFFFFFFFFFFF490000B6FF240049FF85
:10988000FFFFFFFFFFFFFFFFFFFFFFFFFFFFFFFFE8
:10989000FFFFFFFFFFFFFFFFFFFFFFFFFFFFFFFFD8
:1098A000FFFFFFFF00006DFFFFFFFFFFFFFFFFFF58
:1098B000FFFFFFFFFFFFFFB600006DFF240049FF21
:1098C000FFFFFFFFFFFFFFFFFFFFFFFFFFFFFFFFA8
:1098D000FFFFFFFFFFFFFFFFFFFFFFFFFFFFFFFF98
:1098E000FFFFFFFF00006DFFFFFFFFFFFFFFFFFF18
:1098F000FFFFFFFFFFFFFFFF490024DB240049FFBC
:10990000FFFFFFFFFFFFFFFFFFFFFFFFFFFFFFFF67
:10991000FFFFFFFFFFFFFFFFFFFFFFFFFFFFFFFF57
:10992000FFFFFFFF00006DFFFFFFFFFFFFFFFFFFD7
:10993000FFFFFFFFFFFFFFFFB60000DB240049FF32
:10994000FFFFFFFFFFFFFFFFFFFFFFFFFFFFFFFF27
:10995000FFFFFFB649496DFFFFFFFFFFFFFFFFFF5E
:10996000FFFFFFFF00006DFFFFFFFFFFFFFFFFFF97
:10997000FFFFFFFFFFFFFFFFDB000092240049FF16
:10998000FFFFFFFFFFFFFFFFFFFFFFFFFFFFFFFFE7
:10999000FFFFB62400000049DBFFFFFFFFFFFFFFD2
:1099A000FFFFFFFF00006DFFFFFFFFFFFFFFFFFF57
:1099B000FFFFFFFFFFFFFFFFDB24006D240049FFD7
:1099C000FFFFFFFFFFFFFFFFFFFFFFFFFFFFFFFFA7
:1099D000FFDB2400000000006DFFFFFFFFFFFFFF23
:1099E000FFFFFFFF00006DFFFFFFFFFFFFFFFFFF17
:1099F000FFFFFFFFFFFFFFFFFF490049240049FF72
:109A0000FFFFFFFFFFFFFFFFFFDB926D6D6D6D6DD1
:109A1000924900004992240024DBFFFFFFFFFFFF73
:109A2000FFFFFFFF00006DFFFFFFFFFFFFFFFFFFD6
:109A3000FFFFFFFFFFFFFFFFFF490024240049FF56
:109A4000FFFFFFFFFFFFFFFFFF6D000000000000B2
:109A500000000000FFFFB60000DBFFFFFFFFFFFF7D
:109A6000FFFFFFFF00006DFFFFFFFFFFFFFFFFFF96
:109A7000FFFFFFFFFFFFFFFFFF490024240049FF16
:109A8000FFFFFFFFFFFFFFFFFF6D00000000000072
:109A900000000000DBFFB60000DBFFFFFFFFFFFF61
:109AA000FFFFFFFF00006DFFFFFFFFFFFFFFFFFF56
:109AB000FFFFFFFFFFFFFFFFFF490024240049FFD6
:109AC000FFFFFFFFFFFFFFFFFFDB926D6D6D6D6D11
:109AD0006D4900004992240024DBFFFFFFFFFFFFD8
:109AE000FFFFFFFF00006DFFFFFFFFFFFFFFFFFF16
:109AF000FFFFFFFFFFFFFFFFFF490024240049FF96
:109B0000FFFFFFFFFFFFFFFFFFFFFFFFFFFFFFFF65
:109B1000FFDB2400000000006DFFFFFFFFFFFFFFE1
:109B2000FFFFFFFF00006DFFFFFFFFFFFFFFFFFFD5
:109B3000FFFFFFFFFFFFFFFFFF490049240049FF30
:109B4000FFFFFFFFFFFFFFFFFFFFFFFFFFFFFFFF25
:109B5000FFFFB62400000049DBFFFFFFFFFFFFFF10
:109B6000FFFFFFFF00006DFFFFFFFFFFFFFFFFFF95
:109B7000FFFFFFFFFFFFFFFFDB24006D240049FF15
:109B8000FFFFFFFFFFFFFFFFFFFFFFFFFFFFFFFFE5
:109B9000FFFFFFB649496DDBFFFFFFFFFFFFFFFF40
:109BA000FFFFFFFF00006DFFFFFFFFFFFFFFFFFF55
:109BB000FFFFFFFFFFFFFFFFDB000092240049FFD4
:109BC000FFFFFFFFFFFFFFFFFFFFFFFFFFFFFFFFA5
:109BD000FFFFFFFFFFFFFFFFFFFFFFFFFFFFFFFF95
:109BE000FFFFFFFF00006DFFFFFFFFFFFFFFFFFF15
:109BF000FFFFFFFFFFFFFFFFB60000DB240049FF70
:109C0000FFFFFFFFFFFFFFFFFFFFFFFFFFFFFFFF64
:109C1000FFFFFFFFFFFFFFFFFFFFFFFFFFFFFFFF54
:109C2000FFFFFFFF00006DFFFFFFFFFFFFFFFFFFD4
:109C3000FFFFFFFFFFFFFFFF490024DB240049FF78
:109C4000FFFFFFFFFFFFFFFFFFFFFFFFFFFFFFFF24
:109C5000FFFFFFFFFFFFFFFFFFFFFFFFFFFFFFFF14
:109C6000FFFFFFFF00006DFFFFFFFFFFFFFFFFFF94
:109C7000FFFFFFFFFFFFFFB600006DFF240049FF5D
:109C8000FFFFFFFFFFFFFFFFFFFFFFFFFFFFFFFFE4
:109C9000FFFFFFFFFFFFFFFFFFFFFFFFFFFFFFFFD4
:109CA000FFFFFFFF00006DFFFFFFFFFFFFFFFFFF54
:109CB000FFFFFFFFFFFFFF490000B6FF240049FF41
:109CC000FFFFFFFFFFFFFFFFFFFFFFFFFFFFFFFFA4
:109CD000FFFFFFFFFFFFFFFFFFFFFFFFFFFFFFFF94
:109CE000FFFFFFFF00006DFFFFFFFFFFFFFFFFFF14
:109CF000FFFFFFFFFFFFB6240049FFFF240049FFDD
:109D0000FFFFFFFFFFFFFFFFFFFFFFFFFFFFFFFF63
:109D1000FFFFFFFFFFFFFFFFFFFFFFFFFFFFFFFF53
:109D2000FFFFFFFF00006DFFFFFFFFFFFFFFFFFFD3
:109D3000FFFFFFFFFFDB490000B6FFFF240049FFE4
:109D4000FFFFFFFFFFFFFFFFFFFFFFFFFFFFFFFF23
:109D5000FFFFFFFFFFFFFFFFFFFFFFFFFFFFFFFF13
:109D6000FFFFFFFF00006DFFFFFFFFFFFFFFFFFF93
:109D7000FFFFFFFFFF49000049FFFFFF240049FFED
:109D8000FFFFFFFFFFFFFFFFFFFFFFFFFFFFFFFFE3
:109D9000FFFFFFFFFFFFFFFFFFFFFFFFFFFFFFFFD3
:109DA000FFFFFFFF00006DFFFFFFFFFFFFFFFFFF53
:109DB000FFFFFFFF6D000024DBFFFFFF240049FFD2
:109DC000FFFFFFFFFFFFFFFFFFFFFFFFFFFFFFFFA3
:109DD000FFFFFFFFFFFFFFFFFFFFFFFFFFFFFFFF93
:109DE000FFFFFFFF00006DFFFFFFFFFFFFFFFFFF13
:109DF000FFFFDB6D240024B6FFFFFFFF240049FFB7
:109E0000FFFFFFFFFFFFFFFFFFFFFFFFFFFFFFFF62
:109E1000FFFFFFFFFFFFFFFFFFFFFFFFFFFFFFFF52
:109E2000FFFFFFFF00006DFFFFFFFFFFFFFFFFFFD2
:109E3000DB924900002492FFFFFFFFFF240049FF4F
:109E4000FFFFFFFFFFFFFFFFFFFFFFFFFFFFFFFF22
:109E5000FFFFFFFFFFFFFFFFFFFFFFFFFFFFFFFF12
:109E6000FFFFFFFF000049FFFFFFFFFFFFDBB66DB5
:109E70002424000024B6FFFFFFFFFFFF240049FF5A
:109E8000FFFFFFFFFFFFFFFFFFFFFFFFFFFFFFFFE2
:109E9000FFFFFFFFFFFFFFFFFFFFFFFFFFFFFFFFD2
:109EA000FFFFFFFF00000024242424242424240096
:109EB00000000049B6FFFFFFFFFFFFFF240049FF3E
:109EC000FFFFFFFFFFFFFFFFFFFFFFFFFFFFFFFFA2
:109ED000FFFFFFFFFFFFFFFFFFFFFFFFFFFFFFFF92
:109EE000FFFFFFFF00000000000000000000000076
:109EF000244992DBFFFFFFFFFFFFFFFF240049FF24
:109F0000FFFFFFFFFFFFFFFFFFFFFFFFFFFFFFFF61
:109F1000FFFFFFFFFFFFFFFFFFFFFFFFFFFFFFFF51
:109F2000FFFFFFFF00000024242424242424496D83
:109F300092DBFFFFFFFFFFFFFFFFFFFF240049FF52
:109F4000FFFFFFFFFFFFFFFFFFFFFFFFFFFFFFFF21
:109F5000FFFFFFFFFFFFFFFFFFFFFFFFFFFFFFFF11
:109F6000FFFFFFFF000049DBDBDBDBDBDBDBFFFFB1
:109F7000FFFFFFFFFFFFFFFFFFFFFFFF240049FF81
:109F8000FFFFFFFFFFFFFFFFFFFFFFFFFFFFFFFFE1
:109F9000FFFFFFFFFFFFFFFFFFFFFFFFFFFFFFFFD1
:109FA000FFFFFFFF00006DFFFFFFFFFFFFFFFFFF51
:109FB000FFFFFFFFFFFFFFFFFFFFFFFF240049FF41
:109FC000FFFFFFFFFFFFFFFFFFFFFFFFFFFFFFFFA1
:109FD000FFFFFFFFFFFFFFFFFFFFFFFFFFFFFFFF91
:109FE000FFFFFFFF00006DFFFFFFFFFFFFFFFFFF11
:109FF000FFFFFFFFFFFFFFFFFFFFFFFF240049FF01
:10A00000FFFFFFFFFFFFFFFFFFFFFFFFFFFFFFFF60
:10A01000FFFFFFFFFFFFFFFFFFFFFFFFFFFFFFFF50
:10A02000FFFFFFFF00006DFFFFFFFFFFFFFFFFFFD0
:10A03000FFFFFFFFFFFFFFFFFFFFFFFF240049FFC0
:10A04000FFFFFFFFFFFFFFFFFFFFFFFFFFFFFFFF20
:10A05000FFFFFFFFFFFFFFFFFFFFFFFFFFFFFFFF10
:10A06000FFFFFFFF00006DFFFFFFFFFFFFFFFFFF90
:10A07000FFFFFFFFFFFFFFFFFFFFFFFF240049FF80
:10A08000FFFFFFFFFFFFFFFFFFFFFFFFFFFFFFFFE0
:10A09000FFFFFFFFFFFFFFFFFFFFFFFFFFFFFFFFD0
:10A0A000FFFFFFFF00006DFFFFFFFFFFFFFFFFFF50
:10A0B000FFFFFFFFFFFFFFFFFFFFFFFF240049FF40
:10A0C000FFFFFFFFFFFFFFFFFFFFFFFFFFFFFFFFA0
:10A0D000FFFFFFFFFFFFFFFFFFFFFFFFFFFFFFFF90
:10A0E000FFFFFFFF00006DFFFFFFFFFFFFFFFFFF10
:10A0F000FFFFFFFFFFFFFFFFFFFFFFFF240049FF00
:10A10000FFFFFFFFFFFFFFFFFFFFFFFFFFFFFFFF5F
:10A11000FFFFFFFFFFFFFFFFFFFFFFFFFFFFFFFF4F
:10A12000FFFFFFFF00006DFFFFFFFFFFFFFFFFFFCF
:10A13000FFFFFFFFFFFFFFFFFFFFFFFF240049FFBF
:10A14000FFFFFFFFFFFFFFFFFFFFFFFFFFFFFFFF1F
:10A15000FFFFFFFFFFFFFFFFFFFFFFFFFFFFFFFF0F
:10A16000FFFFFFFF00006DFFFFFFFFFFFFFFFFFF8F
:10A17000FFFFFFFFFFFFFFFFFFFFFFFF490024B6C8
:10A18000DBDBDBDBDBDBDBDBDBDBDBDBDBDBDBDB1F
:10A19000DBDBDBDBDBDBDBDBDBDBDBDBDBDBDBDB0F
:10A1A000DBDBDB6D000092FFFFFFFFFFFFFFFFFF28
:10A1B000FFFFFFFFFFFFFFFFFFFFFFFFB6000024D1
:10A1C000242424242424242424242424242424244F
:10A1D000242424242424242424242424242424243F
:10A1E000242424240024DBFFFFFFFFFFFFFFFFFFE9
:10A1F000FFFFFFFFFFFFFFFFFFFFFFFFFF49000023
:10A20000000000000000000000000000000000004E
:10A21000000000000000000000000000000000003E
:10A22000000000002492FFFFFFFFFFFFFFFFFFFF82
:10A23000FFFFFFFFFFFFFFFFFFFFFFFFFFDB6D24BF
:10A2400024242424242424242424242424242424CE
:10A2500024242424242424242424242424242424BE
:10A260002424244992FFFFFFFFFFFFFFFFFFFFFFB2
:10A27000FFFFFFFFFFFFFFFFFFFFFFFFFFFF922436
:10A28000242424242424242424242424242424248E
:10A29000242424242424242424242424242424247E
:10A2A00024242449B6FFFFFFFFFFFFFFFFFFFFFF4E
:10A2B000FFFFFFFFFFFFFFFFFFFFFFFFFF49000062
:10A2C000000000000000000000000000000000008E
:10A2D000000000000000000000000000000000007E
:10A2E000000000002492FFFFFFFFFFFFFFFFFFFFC2
:10A2F000FFFFFFFFFFFFFFFFFFFFFFFFB600002490
:10A30000242424242424242424242424242424240D
:10A3100024242424242424242424242424242424FD
:10A32000242424240024DBFFFFFFFFFFFFFFFFFFA7
:10A33000FFFFFFFFFFFFFFFFFFFFFFFF6D0024B6E2
:10A34000DBDBDBDBDBDBDBDBDBDBDBDBDBDBDBDB5D
:10A35000DBDBDBDBDBDBDBDBDBDBDBDBDBDBDBDB4D
:10A36000DBDBDB6D000092FFFFFFFFFFFFFFFFFF66
:10A37000FFFFFFFFFFFFFFFFFFFFFFFF240049FF7D
:10A38000FFFFFFFFFFFFFFFFFFFFFFFFFFFFFFFFDD
:10A39000FFFFFFFFFFFFFFFFFFFFFFFFFFFFFFFFCD
:10A3A000FFFFFFFF00006DFFFFFFFFFFFFFFFFFF4D
:10A3B000FFFFFFFFFFFFFFFFFFFFFFFF240049FF3D
:10A3C000FFFFFFFFFFFFFFFFFFFFFFFFFFFFFFFF9D
:10A3D000FFFFFFFFFFFFFFFFFFFFFFFFFFFFFFFF8D
:10A3E000FFFFFFFF00006DFFFFFFFFFFFFFFFFFF0D
:10A3F000FFFFFFFFFFFFFFFFFFFFFFFF240049FFFD
:10A40000FFFFFFFFFFFFFFFFFFFFFFFFFFFFFFFF5C
:10A41000FFFFFFFFFFFFFFFFFFFFFFFFFFFFFFFF4C
:10A42000FFFFFFFF00006DFFFFFFFFFFFFFFFFFFCC
:10A43000FFFFFFFFFFFFFFFFFFFFFFFF240049FFBC
:10A44000FFFFFFFFFFFFFFFFFFFFFFFFFFFFFFFF1C
:10A45000FFFFFFFFFFFFFFFFFFFFFFFFFFFFFFFF0C
:10A46000FFFFFFFF00006DFFFFFFFFFFFFFFFFFF8C
:10A47000FFFFFFFFFFFFFFFFFFFFFFFF240049FF7C
:10A48000FFFFFFFFFFFFFFFFFFFFFFFFFFFFFFFFDC
:10A49000FFFFFFFFFFFFFFFFFFFFFFFFFFFFFFFFCC
:10A4A000FFFFFFFF00006DFFFFFFFFFFFFFFFFFF4C
:10A4B000FFFFFFFFFFFFFFFFFFFFFFFF240049FF3C
:10A4C000FFFFFFFFFFFFFFFFFFFFFFFFFFFFFFFF9C
:10A4D000FFFFFFFFFFFFFFFFFFFFFFFFFFFFFFFF8C
:10A4E000FFFFFFFF00006DFFFFFFFFFFFFFFFFFF0C
:10A4F000FFFFFFFFFFFFFFFFFFFFFFFF240049FFFC
:10A50000FFFFFFFFFFFFFFFFFFFFFFFFFFFFFFFF5B
:10A51000FFFFFFFFFFFFFFFFFFFFFFFFFFFFFFFF4B
:10A52000FFFFFFFF00006DFFFFFFFFFFFFFFFFFFCB
:10A53000FFFFFFFFFFFFFFFFFFFFFFFF240049FFBB
:10A54000FFFFFFFFFFFFFFFFFFFFFFFFFFFFFFFF1B
:10A55000FFFFFFFFFFFFFFFFFFFFFFFFFFFFFFFF0B
:10A56000FFFFFFFF00006DFFFFFFFFFFFFFFFFFF8B
:10A57000FFFFFFFFFFFFFFFFFFFFFFFF240049FF7B
:10A58000FFFFFFFFFFFFFFFFFFFFFFFFFFFFFFFFDB
:10A59000FFFFFFFFFFFFFFFFFFFFFFFFFFFFFFFFCB
:10A5A000FFFFFFFF00006DFFFFDBDBDBDBDBFFFFFF
:10A5B000FFFFFFFFFFFFFFFFFFFFFFFF240049FF3B
:10A5C000FFFFFFFFFFFFFFFFFFFFFFFFFFFFFFFF9B
:10A5D000FFFFFFFFFFFFFFFFFFFFFFFFFFFFFFFF8B
:10A5E000FFFFFFFF000049926D4924242424496D98
:10A5F000B6FFFFFFFFFFFFFFFFFFFFFF240049FF44
:10A60000FFFFFFFFFFFFFFFFFFFFFFFFFFFFFFFF5A
:10A61000FFFFFFFFFFFFFFFFFFFFFFFFFFFFFFFF4A
:10A62000FFFFFFFF0000000000000000000000002E
:10A630002449B6FFFFFFFFFFFFFFFFFF240049FF94
:10A64000FFFFFFFFFFFFFFFFFFFFFFFFFFFFFFFF1A
:10A65000FFFFFFFFFFFFFFFFFFFFFFFFFFFFFFFF0A
:10A66000FFFFFFFF000000002424242424242400F2
:10A670000000246DDBFFFFFFFFFFFFFF240049FF09
:10A68000FFFFFFFFFFFFFFFFFFFFFFFFFFFFFFFFDA
:10A69000FFFFFFFFFFFFFFFFFFFFFFFFFFFFFFFFCA
:10A6A000FFFFFFDB0000244992B6DBFFFFDB92498E
:10A6B0002400000049DBFFFFFFFFFFFF240049FFEC
:10A6C000FFFFFFFFFFFFFFFFFFFFFFFFFFFFFFFF9A
:10A6D000FFFFFFFFFFFFFFFFFFFFFFFFFFFFFFFF8A
:10A6E000FFFFFFFF000049FFFFFFFFFFFFFFFFFF2E
:10A6F000DB6D24000049DBFFFFFFFFFF240049FF63
:10A70000FFFFFFFFFFFFFFFFFFFFFFFFFFFFFFFF59
:10A71000FFFFFFFFFFFFFFFFFFFFFFFFFFFFFFFF49
:10A72000FFFFFFFF00006DFFFFFFFFFFFFFFFFFFC9
:10A73000FFFFB649000049DBFFFFFFFF240049FF90
:10A74000FFFFFFFFFFFFFFFFFFFFFFFFFFFFFFFF19
:10A75000FFFFFFFFFFFFFFFFFFFFFFFFFFFFFFFF09
:10A76000FFFFFFFF00006DFFFFFFFFFFFFFFFFFF89
:10A77000FFFFFFDB2400006DFFFFFFFF240049FF08
:10A78000FFFFFFFFFFFFFFFFFFFFFFFFFFFFFFFFD9
:10A79000FFFFFFFFFFFFFFFFFFFFFFFFFFFFFFFFC9
:10A7A000FFFFFFFF00006DFFFFFFFFFFFFFFFFFF49
:10A7B000FFFFFFFFDB24000092FFFFFF240049FFA3
:10A7C000FFFFFFFFFFFFFFFFFFFFFFFFFFFFFFFF99
:10A7D000FFFFFFFFFFFFFFFFFFFFFFFFFFFFFFFF89
:10A7E000FFFFFFFF00006DFFFFFFFFFFFFFFFFFF09
:10A7F000FFFFFFFFFFB6240024FFFFFF240049FFF7
:10A80000FFFFFFFFFFFFFFFFFFFFFFFFFFFFFFFF58
:10A81000FFFFFFFFFFFFFFFFFFFFFFFFFFFFFFFF48
:10A82000FFFFFFFF00006DFFFFFFFFFFFFFFFFFFC8
:10A83000FFFFFFFFFFFF6D000092FFFF240049FFB5
:10A84000FFFFFFFFFFFFFFFFFFFFFFFFFFFFFFFF18
:10A85000FFFFFFFFFFFFFFFFFFFFFFFFFFFFFFFF08
:10A86000FFFFFFFF00006DFFFFFFFFFFFFFFFFFF88
:10A87000FFFFFFFFFFFFDB240049FFFF240049FF2C
:10A88000FFFFFFFFFFFFFFFFFFFFFFFFFFFFFFFFD8
:10A89000FFFFFFFFFFFFFFFFFFFFFFFFFFFFFFFFC8
:10A8A000FFFFFFFF00006DFFFFFFFFFFFFFFFFFF48
:10A8B000FFFFFFFFFFFFFF6D0000B6FF240049FF11
:10A8C000FFFFFFFFFFFFFFFFFFFFFFFFFFFFFFFF98
:10A8D000FFFFFFFFFFFFFFFFFFFFFFFFFFFFFFFF88
:10A8E000FFFFFFFF00006DFFFFFFFFFFFFFFFFFF08
:10A8F000FFFFFFFFFFFFFFB600006DFF240049FFD1
:10A90000FFFFFFFFFFFFFFFFFFFFFFFFFFFFFFFF57
:10A91000FFFFFFFFFFFFFFFFFFFFFFFFFFFFFFFF47
:10A92000FFFFFFFF00006DFFFFFFFFFFFFFFFFFFC7
:10A93000FFFFFFFFFFFFFFFF240049FF240049FF47
:10A94000FFFFFFFFFFFFFFFFFFFFFFFFFFFFFFFF17
:10A95000FFFFFFB6494992FFFFFFFFFFFFFFFFFF29
:10A96000FFFFFFFF00006DFFFFFFFFFFFFFFFFFF87
:10A97000FFFFFFFFFFFFFFFF920024DB240049FFE2
:10A98000FFFFFFFFFFFFFFFFFFFFFFFFFFFFFFFFD7
:10A99000FFFF922400000049FFFFFFFFFFFFFFFFC2
:10A9A000FFFFFFFF00006DFFFFFFFFFFFFFFFFFF47
:10A9B000FFFFFFFFFFFFFFFFB60000DB240049FFA2
:10A9C000FFFFFFFFFFFFFFFFFFFFFFFFFFFFFFFF97
:10A9D000FFDB24000000000092FFFFFFFFFFFFFFEE
:10A9E000FFFFFFFF00006DFFFFFFFFFFFFFFFFFF07
:10A9F000FFFFFFFFFFFFFFFFDB0000B6240049FF62
:10AA0000FFFFFFFFFFFFFFFFFFDB926D6D6D6D6DC1
:10AA1000924900006D92240049FFFFFFFFFFFFFFF6
:10AA2000FFFFFFFF00006DFFFFFFFFFFFFFFFFFFC6
:10AA3000FFFFFFFFFFFFFFFFDB240092240049FF21
:10AA4000FFFFFFFFFFFFFFFFFF6D000000000000A2
:10AA500000000000FFFF920024DBFFFFFFFFFFFF6D
:10AA6000FFFFFFFF00006DFFFFFFFFFFFFFFFFFF86
:10AA7000FFFFFFFFFFFFFFFFDB240092240049FFE1
:10AA8000FFFFFFFFFFFFFFFFFF6D00000000000062
:10AA900000000000FFFF920024DBFFFFFFFFFFFF2D
:10AAA000FFFFFFFF00006DFFFFFFFFFFFFFFFFFF46
:10AAB000FFFFFFFFFFFFFFFFDB240092240049FFA1
:10AAC000FFFFFFFFFFFFFFFFFFDB926D6D6D6D6D01
:10AAD0006D4900006D92240049FFFFFFFFFFFFFF5B
:10AAE000FFFFFFFF00006DFFFFFFFFFFFFFFFFFF06
:10AAF000FFFFFFFFFFFFFFFFDB240092240049FF61
:10AB0000FFFFFFFFFFFFFFFFFFFFFFFFFFFFFFFF55
:10AB1000FFDB24000000000092FFFFFFFFFFFFFFAC
:10AB2000FFFFFFFF00006DFFFFFFFFFFFFFFFFFFC5
:10AB3000FFFFFFFFFFFFFFFFDB0000B6240049FF20
:10AB4000FFFFFFFFFFFFFFFFFFFFFFFFFFFFFFFF15
:10AB5000FFFF922400000049FFFFFFFFFFFFFFFF00
:10AB6000FFFFFFFF00006DFFFFFFFFFFFFFFFFFF85
:10AB7000FFFFFFFFFFFFFFFFB60000DB240049FFE0
:10AB8000FFFFFFFFFFFFFFFFFFFFFFFFFFFFFFFFD5
:10AB9000FFFFFFB6494992FFFFFFFFFFFFFFFFFFE7
:10ABA000FFFFFFFF00006DFFFFFFFFFFFFFFFFFF45
:10ABB000FFFFFFFFFFFFFFFF920024DB240049FFA0
:10ABC000FFFFFFFFFFFFFFFFFFFFFFFFFFFFFFFF95
:10ABD000FFFFFFFFFFFFFFFFFFFFFFFFFFFFFFFF85
:10ABE000FFFFFFFF00006DFFFFFFFFFFFFFFFFFF05
:10ABF000FFFFFFFFFFFFFFFF240049FF240049FF85
:10AC0000FFFFFFFFFFFFFFFFFFFFFFFFFFFFFFFF54
:10AC1000FFFFFFFFFFFFFFFFFFFFFFFFFFFFFFFF44
:10AC2000FFFFFFFF00006DFFFFFFFFFFFFFFFFFFC4
:10AC3000FFFFFFFFFFFFFFDB00006DFF240049FF68
:10AC4000FFFFFFFFFFFFFFFFFFFFFFFFFFFFFFFF14
:10AC5000FFFFFFFFFFFFFFFFFFFFFFFFFFFFFFFF04
:10AC6000FFFFFFFF00006DFFFFFFFFFFFFFFFFFF84
:10AC7000FFFFFFFFFFFFFF6D0000B6FF240049FF4D
:10AC8000FFFFFFFFFFFFFFFFFFFFFFFFFFFFFFFFD4
:10AC9000FFFFFFFFFFFFFFFFFFFFFFFFFFFFFFFFC4
:10ACA000FFFFFFFF00006DFFFFFFFFFFFFFFFFFF44
:10ACB000FFFFFFFFFFFFDB240049FFFF240049FFE8
:10ACC000FFFFFFFFFFFFFFFFFFFFFFFFFFFFFFFF94
:10ACD000FFFFFFFFFFFFFFFFFFFFFFFFFFFFFFFF84
:10ACE000FFFFFFFF00006DFFFFFFFFFFFFFFFFFF04
:10ACF000FFFFFFFFFFFF6D000092FFFF240049FFF1
:10AD0000FFFFFFFFFFFFFFFFFFFFFFFFFFFFFFFF53
:10AD1000FFFFFFFFFFFFFFFFFFFFFFFFFFFFFFFF43
:10AD2000FFFFFFFF00006DFFFFFFFFFFFFFFFFFFC3
:10AD3000FFFFFFFFFFB6240024FFFFFF240049FFB1
:10AD4000FFFFFFFFFFFFFFFFFFFFFFFFFFFFFFFF13
:10AD5000FFFFFFFFFFFFFFFFFFFFFFFFFFFFFFFF03
:10AD6000FFFFFFFF00006DFFFFFFFFFFFFFFFFFF83
:10AD7000FFFFFFFFDB24000092FFFFFF240049FFDD
:10AD8000FFFFFFFFFFFFFFFFFFFFFFFFFFFFFFFFD3
:10AD9000FFFFFFFFFFFFFFFFFFFFFFFFFFFFFFFFC3
:10ADA000FFFFFFFF00006DFFFFFFFFFFFFFFFFFF43
:10ADB000FFFFFFDB49000049FFFFFFFF240049FFC1
:10ADC000FFFFFFFFFFFFFFFFFFFFFFFFFFFFFFFF93
:10ADD000FFFFFFFFFFFFFFFFFFFFFFFFFFFFFFFF83
:10ADE000FFFFFFFF00006DFFFFFFFFFFFFFFFFFF03
:10ADF000FFFFB649000049DBFFFFFFFF240049FFCA
:10AE0000FFFFFFFFFFFFFFFFFFFFFFFFFFFFFFFF52
:10AE1000FFFFFFFFFFFFFFFFFFFFFFFFFFFFFFFF42
:10AE2000FFFFFFFF00006DFFFFFFFFFFFFFFFFFFC2
:10AE3000DB6D24000049DBFFFFFFFFFF240049FF1B
:10AE4000FFFFFFFFFFFFFFFFFFFFFFFFFFFFFFFF12
:10AE5000FFFFFFFFFFFFFFFFFFFFFFFFFFFFFFFF02
:10AE6000FFFFFFFF00006DFFFFFFFFFFFFFFDB6D38
:10AE70002400000024DBFFFFFFFFFFFF240049FF49
:10AE8000FFFFFFFFFFFFFFFFFFFFFFFFFFFFFFFFD2
:10AE9000FFFFFFFFFFFFFFFFFFFFFFFFFFFFFFFFC2
:10AEA000FFFFFFFF00006DFFFFFFFFFFFF92240089
:10AEB0000000246DDBFFFFFFFFFFFFFF240049FFC1
:10AEC000FFFFFFFFFFFFFFFFFFFFFFFFFFFFFFFF92
:10AED000FFFFFFFFFFFFFFFFFFFFFFFFFFFFFFFF82
:10AEE000FFFFFFFF00006DFFFFFFFFFFFF490000B6
:10AEF0002449B6FFFFFFFFFFFFFFFFFF240049FFCC
:10AF0000FFFFFFFFFFFFFFFFFFFFFFFFFFFFFFFF51
:10AF1000FFFFFFFFFFFFFFFFFFFFFFFFFFFFFFFF41
:10AF2000FFFFFFFF00006DFFFFFFFFFFFF6D246DC0
:10AF3000B6DBFFFFFFFFFFFFFFFFFFFF240049FF1E
:10AF4000FFFFFFFFFFFFFFFFFFFFFFFFFFFFFFFF11
:10AF5000FFFFFFFFFFFFFFFFFFFFFFFFFFFFFFFF01
:10AF6000FFFFFFFF00006DFFFFFFFFFFFFFFDBFFA5
:10AF7000FFFFFFFFFFFFFFFFFFFFFFFF240049FF71
:10AF8000FFFFFFFFFFFFFFFFFFFFFFFFFFFFFFFFD1
:10AF9000FFFFFFFFFFFFFFFFFFFFFFFFFFFFFFFFC1
:10AFA000FFFFFFFF00006DFFFFFFFFFFFFFFFFFF41
:10AFB000FFFFFFFFFFFFFFFFFFFFFFFF240049FF31
:10AFC000FFFFFFFFFFFFFFFFFFFFFFFFFFFFFFFF91
:10AFD000FFFFFFFFFFFFFFFFFFFFFFFFFFFFFFFF81
:10AFE000FFFFFFFF00006DFFFFFFFFFFFFFFFFFF01
:10AFF000FFFFFFFFFFFFFFFFFFFFFFFF240049FFF1
:10B00000FFFFFFFFFFFFFFFFFFFFFFFFFFFFFFFF50
:10B01000FFFFFFFFFFFFFFFFFFFFFFFFFFFFFFFF40
:10B02000FFFFFFFF00006DFFFFFFFFFFFFFFFFFFC0
:10B03000FFFFFFFFFFFFFFFFFFFFFFFF240049FFB0
:10B04000FFFFFFFFFFFFFFFFFFFFFFFFFFFFFFFF10
:10B05000FFFFFFFFFFFFFFFFFFFFFFFFFFFFFFFF00
:10B06000FFFFFFFF00006DFFFFFFFFFFFFFFFFFF80
:10B07000FFFFFFFFFFFFFFFFFFFFFFFF240049FF70
:10B08000FFFFFFFFFFFFFFFFFFFFFFFFFFFFFFFFD0
:10B09000FFFFFFFFFFFFFFFFFFFFFFFFFFFFFFFFC0
:10B0A000FFFFFFFF00006DFFFFFFFFFFFFFFFFFF40
:10B0B000FFFFFFFFFFFFFFFFFFFFFFFF240049FF30
:10B0C000FFFFFFFFFFFFFFFFFFFFFFFFFFFFFFFF90
:10B0D000FFFFFFFFFFFFFFFFFFFFFFFFFFFFFFFF80
:10B0E000FFFFFFFF00006DFFFFFFFFFFFFFFFFFF00
:10B0F000FFFFFFFFFFFFFFFFFFFFFFFF240049FFF0
:10B10000FFFFFFFFFFFFFFFFFFFFFFFFFFFFFFFF4F
:10B11000FFFFFFFFFFFFFFFFFFFFFFFFFFFFFFFF3F
:10B12000FFFFFFFF00006DFFFFFFFFFFFFFFFFFFBF
:10B13000FFFFFFFFFFFFFFFFFFFFFFFF240049FFAF
:10B14000FFFFFFFFFFFFFFFFFFFFFFFFFFFFFFFF0F
:10B15000FFFFFFFFFFFFFFFFFFFFFFFFFFFFFFFFFF
:10B16000FFFFFFFF00006DFFFFFFFFFFFFFFFFFF7F
:10B17000FFFFFFFFFFFFFFFFFFFFFFFF6D0024B694
:10B18000DBDBDBDBDBDBDBDBDBDBDBDBDBDBDBDB0F
:10B19000DBDBDBDBDBDBDBDBDBDBDBDBDBDBDBDBFF
:10B1A000DBDBDB6D000092FFFFFFFFFFFFFFFFFF18
:10B1B000FFFFFFFFFFFFFFFFFFFFFFFFB6000024C1
:10B1C000242424242424242424242424242424243F
:10B1D000242424242424242424242424242424242F
:10B1E000242424240024DBFFFFFFFFFFFFFFFFFFD9
:10B1F000FFFFFFFFFFFFFFFFFFFFFFFFFF49000013
:10B20000000000000000000000000000000000003E
:10B21000000000000000000000000000000000002E
:10B22000000000002492FFFFFFFFFFFFFFFFFFFF72
:10B23000FFFFFFFFFFFFFFFFFFFFFFFFFFFF922466
:10B2400024242424242424242424242424242424BE
:10B2500024242424242424242424242424242424AE
:10B2600024242449B6FFFFFFFFFFFFFFFFFFFFFF7E
:10B27000FFFFFFFFFFFFFFFFFFFFFFFFFFFFFFFFDE
:10B28000FFFFFFFFFFFFFF9224000000000000000F
:10B29000000000000000000000000000002424491D
:10B2A0006D92DBDBFFFFFFFFFFFFFFFFFFFFFFFFF5
:10B2B000FFFFFFFFFFFFFFFFFFFFFFFFFFFFFFFF9E
:10B2C000FFFFFFFFFFDB2400000000000000000084
:10B2D000000000000000000000000000000000006E
:10B2E00000000024496DDBFFFFFFFFFFFFFFFFFFB2
:10B2F000FFFFFFFFFFFFFFFFFFFFFFFFFFFFFFFF5E
:10B30000FFFFFFFFFF2400002449494949494949FB
:10B31000494949494949492400000049494949499D
:10B320002424000000000049B6FFFFFFFFFFFFFFDD
:10B33000FFFFFFFFFFFFFFFFFFFFFFFFFFFFFFFF1D
:10B34000FFFFFFFF92000092FFFFFFFFFFFFFFFFE5
:10B35000FFFFFFFFFFFFFFFF92000092FFFFFFFFD5
:10B36000FFDBB66D2400000000246DFFFFFFFFFF30
:10B37000FFFFFFFFFFFFFFFFFFFFFFFFFFFFFFFFDD
:10B38000FFFFFFFF490024FFFFFFFFFFFFFFFFFF5D
:10B39000FFFFFFFFFFFFFFFFFF240049FFFFFFFF4D
:10B3A000FFFFFFFFFFB66D2400000024B6FFFFFF84
:10B3B000FFFFFFFFFFFFFFFFFFFFFFFFFFFFFFFF9D
:10B3C000FFFFFFFF240049FFFFFFFFFFFFFFFFFF1D
:10B3D000FFFFFFFFFFFFFFFFFF490000FFFFFFFF31
:10B3E000FFFFFFFFFFFFFFFF922400002449DBFF68
:10B3F000FFFFFFFFFFFFFFFFFFFFFFFFFFFFFFFF5D
:10B40000FFFFFFFF000049FFFFFFFFFFFFFFFFFF00
:10B41000FFFFFFFFFFFFFFFFFF490000FFFFFFFFF0
:10B42000FFFFFFFFFFFFFFFFFFFF9224000024B696
:10B43000FFFFFFFFFFFFFFFFFFFFFFFFFFFFFFFF1C
:10B44000FFFFFFFF000049FFFFFFFFFFFFFFFFFFC0
:10B45000FFFFFFFFFFFFFFFFFF490000FFFFFFFFB0
:10B46000FFFFFFFFFFFFFFFFFFFFFFDB490000249F
:10B470006DFFFFFFFFFFFFFFFFFFFFFFFFFFFFFF6E
:10B48000FFFFFFFF000049FFFFFFFFFFFFFFFFFF80
:10B49000FFFFFFFFFFFFFFFFFF490000FFFFFFFF70
:10B4A000FFFFFFFFFFFFFFFFFFFFFFFFFF922400F3
:10B4B000006DFFFFFFFFFFFFFFFFFFFFFFFFFFFF2D
:10B4C000FFFFFFFF000049FFFFFFFFFFFFFFFFFF40
:10B4D000FFFFFFFFFFFFFFFFFF490000FFFFFFFF30
:10B4E000FFFFFFFFFFFFFFFFFFFFFFFFFFFFB62490
:10B4F00000006DFFFFFFFFFFFFFFFFFFFFFFFFFFEC
:10B50000FFFFFFFF240049FFFFFFFFFFFFFFFFFFDB
:10B51000FFFFFFFFFFFFFFFFFF490000FFFFFFFFEF
:10B52000FFFFFFFFFFFFFFFFFFFFFFFFFFFFFFDB4F
:10B530002400006DFFFFFFFFFFFFFFFFFFFFFFFF86
:10B54000FFFFFFFF490024FFFFFFFFFFFFFFFFFF9B
:10B55000FFFFFFFFFFFFFFFFFF240049FFFFFFFF8B
:10B56000FFFFFFFFFFFFFFFFFFFFFFFFFFFFFFFFEB
:10B57000DB2400006DFFFFFFFFFFFFFFFFFFFFFF6A
:10B58000FFFFFFFF92000092FFFFFFFFFFFFFFFFA3
:10B59000FFFFFFFFFFFFFFFF92000092FFFFFFFF93
:10B5A000FFFFFFFFFFFFFFFFFFFFFFFFFFFFFFFFAB
:10B5B000FFDB240024B6FFFFFFFFFFFFFFFFFFFFBD
:10B5C000FFFFFFFFFF240000244949494949494939
:10B5D0004949494949494924000024FFFFFFFFFF29
:10B5E000FFFFFFFFFFFFFFFFFFFFFFFFFFFFFFFF6B
:10B5F000FFFFB6240024DBFFFFFFFFFFFFFFFFFF7D
:10B60000FFFFFFFFFFDB2400000000000000000040
:10B6100000000000000000000024DBFFFFFFFFFF30
:10B62000FFFFFFFFFFFFFFFFFFFFFFFFFFFFFFFF2A
:10B63000FFFFFF92000049FFFFFFFFFFFFFFFFFF3B
:10B64000FFFFFFFFFFFFFF92242400000000000027
:10B65000000000000000242492FFFFFFFFFFFFFF17
:10B66000FFFFFFFFFFFFFFFFFFFFFFFFFFFFFFFFEA
:10B67000FFFFFFFF490024B6FFFFFFFFFFFFFFFFB3
:10B68000FFFFFFFFFFFFFFFFFFFFFFFFFFFFFFFFCA
:10B69000FFFFFFFFFFFFFFFFFFFFFFFFFFFFFFFFBA
:10B6A000FFFFFFFFFFFFFFFFFFFFFFFFFFFFFFFFAA
:10B6B000FFFFFFFFDB240024FFFFFFFFFFFFFFFF73
:10B6C000FFFFFFFFFFFFFFFFFFFFFFFFFFFFFFFF8A
:10B6D000FFFFFFFFFFFFFFFFFFFFFFFFFFFFFFFF7A
:10B6E000FFFFFFFFFFFFFFFFFFFFFFFFFFFFFFFF6A
:10B6F000FFFFFFFFFF6D00006DFFFFFFFFFFFFFF7C
:10B70000FFFFFFFFFFFFFFFFFFFFFFFFFFFFFFFF49
:10B71000FFFFFFFFFFFFFFFFFFFFFFFFFFFFFFFF39
:10B72000FFFFFFFFFFFFFFFFFFFFFFFFFFFFFFFF29
:10B73000FFFFFFFFFFFF240024FFFFFFFFFFFFFFCE
:10B74000FFFFFFFFFFFFFFFFFFFFFFFFFFFFFFFF09
:10B75000FFFFFFFFFFFFFFFFFFFFFFFFFFFFFFFFF9
:10B76000FFFFFFFFFFFFFFFFFFFFFFFFFFFFFFFFE9
:10B77000FFFFFFFFFFFF920000B6FFFFFFFFFFFF8D
:10B78000FFFFFFFFFFFFFFFFFFFFFFFFFFFFFFFFC9
:10B79000FFFFFFFFFFFFFFFFFFFFFFFFFFFFFFFFB9
:10B7A000FFFFFFFFFFFFFFFFFFFFFFFFFFFFFFFFA9
:10B7B000FFFFFFFFFFFFDB240049FFFFFFFFFFFF4D
:10B7C000FFFFFFFFFFFFFFFFFFFFFFFFFFFFFFFF89
:10B7D000FFFFFFFFFFFFFFFFFFFFFFFFFFFFFFFF79
:10B7E000FFFFFFFFFFFFFFFFFFFFFFFFFFFFFFFF69
:10B7F000FFFFFFFFFFFFFF6D0000DBFFFFFFFFFF0D
:10B80000FFFFFFFFFFFFFFFFFFFFFFFFFFFFFFFF48
:10B81000FFFFFFFFFFFFFFFFFFFFFFFFFFFFFFFF38
:10B82000FFFFFFFFFFFFFFFFFFFFFFFFFFFFFFFF28
:10B83000FFFFFFFFFFFFFFB600006DFFFFFFFFFFF1
:10B84000FFFFFFFFFFFFFFFFFFFFFFFFFFFFFFFF08
:10B85000FFFFFFFFFFFFFFFFFFFFFFFFFFFFFFFFF8
:10B86000FFFFFFFFFFFFFFFFFFFFFFFFFFFFFFFFE8
:10B87000FFFFFFFFFFFFFFFF240049FFFFFFFFFF68
:10B88000FFFFFFFFFFFFFFFFFFFFFFFFFFFFFFFFC8
:10B89000FFFFFFFFFFFFFFFFFFFFFFFFFFFFFFFFB8
:10B8A000FFFFFFFFFFFFFFFFFFFFFFFFFFFFFFFFA8
:10B8B000FFFFFFFFFFFFFFFF6D0024DBFFFFFFFF28
:10B8C000FFFFFFFFFFFFFFFFFFFFFFFFFFFFFFFF88
:10B8D000FFFFFFFFFFFFFFFFFFFFFFFFFFFFFFFF78
:10B8E000FFFFFFFFFFFFFFFFFFFFFFFFFFFFFFFF68
:10B8F000FFFFFFFFFFFFFFFFB60000DBFFFFFFFFC3
:10B90000FFFFFFFFFFFFFFFFFFFFFFFFFFFFFFFF47
:10B91000FFFFFFFFFFFFFFFFFFFFFFFFFFFFFFFF37
:10B92000FFFFFFFFFFFFFFFFFFFFFFFFFFFFFFFF27
:10B93000FFFFFFFFFFFFFFFFDB240092FFFFFFFF82
:10B94000FFFFFFFFFFFFFFFFFFFFFFFFFFFFFFFF07
:10B95000FFFFFFFFFFFFFFFFFFFFFFFFFFFFFFFFF7
:10B96000FFFFFFFFFFFFFFFFFFFFFFFFFFFFFFFFE7
:10B97000FFFFFFFFFFFFFFFFFF24006D6D000000D2
:10B9800049FFFFFFFFFFFFFFFFFFFFFFFFFFFFFF7D
:10B99000FFFFFFFFFFFFFFFFFFFFFFFFFFFFFFFFB7
:10B9A000FFFFFFFFFFFFFFFFFFFFFFFFFFFFFFFFA7
:10B9B000FFFFFFFFFFFFFFFFFF49004900000000FE
:10B9C00000DBFFFFFFFFFFFFFFFFFFFFFFFFFFFFAA
:10B9D000FFFFFFFFFFFFFFFFFFFFFFFFFFFFFFFF77
:10B9E000FFFFFFFFFFFFFFFFFFFFFFFFFFFFFFFF67
:10B9F000FFFFFFFFFFFFFFFFFF49002400000000E3
:10BA000000DBFFFFFFFFFFFFFFFFFFFFFFFFFFFF69
:10BA1000FFFFFFFFFFFFFFFFFFFFFFFFFFFFFFFF36
:10BA2000FFFFFFFFFFFFFFFFFFFFFFFFFFFFFFFF26
:10BA3000FFFFFFFFFFFFFFFFFF49002400000000A2
:10BA400000DBFFFFFFFFFFFFFFFFFFFFFFFFFFFF29
:10BA5000FFFFFFFFFFFFFFFFFFFFFFFFFFFFFFFFF6
:10BA6000FFFFFFFFFFFFFFFFFFFFFFFFFFFFFFFFE6
:10BA7000FFFFFFFFFFFFFFFFFF4900000000000086
:10BA800000DBFFFFFFFFFFFFFFFFFFFFFFFFFFFFE9
:10BA9000FFFFFFFFFFFFFFFFFFFFFFFFFFFFFFFFB6
:10BAA000FFFFFFFFFFFFFFFFFFFFFFFFFFFFFFFFA6
:10BAB000FFFFFFFFFFFFFFFFFF4900240000000022
:10BAC00000DBFFFFFFFFFFFFFFFFFFFFFFFFFFFFA9
:10BAD000FFFFFFFFFFFFFFFFFFFFFFFFFFFFFFFF76
:10BAE000FFFFFFFFFFFFFFFFFFFFFFFFFFFFFFFF66
:10BAF000FFFFFFFFFFFFFFFFFF49002400000000E2
:10BB000000DBFFFFFFFFFFFFFFFFFFFFFFFFFFFF68
:10BB1000FFFFFFFFFFFFFFFFFFFFFFFFFFFFFFFF35
:10BB2000FFFFFFFFFFFFFFFFFFFFFFFFFFFFFFFF25
:10BB3000FFFFFFFFFFFFFFFFFF49002400000000A1
:10BB400049FFFFFFFFFFFFFFFFFFFFFFFFFFFFFFBB
:10BB5000FFFFFFFFFFFFFFFFFFFFFFFFFFFFFFFFF5
:10BB6000FFFFFFFFFFFFFFFFFFFFFFFFFFFFFFFFE5
:10BB7000FFFFFFFFFFFFFFFFFF490049000049FFF4
:10BB8000FFFFFFFFFFFFFFFFFFFFFFFFFFFFFFFFC5
:10BB9000FFFFFFFFFFFFFFFFFFFFFFFFFFFFFFFFB5
:10BBA000FFFFFFFFFFFFFFFFFFFFFFFFFFFFFFFFA5
:10BBB000FFFFFFFFFFFFFFFFFF24006D000049FFB5
:10BBC000FFFFFFFFFFFFFFFFFFFFFFFFFFFFFFFF85
:10BBD000FFFFFFFFFFFFFFFFFFFFFFFFFFFFFFFF75
:10BBE000FFFFFFFFFFFFFFFFFFFFFFFFFFFFFFFF65
:10BBF000FFFFFFFFFFFFFFFFDB240092000049FF74
:10BC0000FFFFFFFFFFFFFFFFFFFFFFFFFFFFFFFF44
:10BC1000FFFFFFFFFFFFFFFFFFFFFFFFFFFFFFFF34
:10BC2000FFFFFFFFFFFFFFFFFFFFFFFFFFFFFFFF24
:10BC3000FFFFFFFFFFFFFFFFB60000DB000049FF33
:10BC4000FFFFFFFFFFFFFFFFFFFFFFFFFFFFFFFF04
:10BC5000FFFFFFFFFFFFFFFFFFFFFFFFFFFFFFFFF4
:10BC6000FFFFFFFFFFFFFFFFFFFFFFFFFFFFFFFFE4
:10BC7000FFFFFFFFFFFFFFFF6D0024DB000049FF18
:10BC8000FFFFFFFFFFFFFFFFFFFFFFFFFFFFFFFFC4
:10BC9000FFFFFFFFFFFFFFFFFFFFFFFFFFFFFFFFB4
:10BCA000FFFFFFFFFFFFFFFFFFFFFFFFFFFFFFFFA4
:10BCB000FFFFFFFFFFFFFFFF240049FF000049FFD8
:10BCC000FFFFFFFFFFFFFFFFFFFFFFFFFFFFFFFF84
:10BCD000FFFFFFFFFFFFFFFFFFFFFFFFFFFFFFFF74
:10BCE000FFFFFFFFFFFFFFFFFFFFFFFFFFFFFFFF64
:10BCF000FFFFFFFFFFFFFFB600006DFF240049FFBD
:10BD0000FFFFFFFFFFFFFFFFFFFFFFFFFFFFFFFF43
:10BD1000FFFFFFFFFFFFFFFFFFFFFFFFFFFFFFFF33
:10BD2000FFFFFFFFFFFFFFFFFFFFFFFFFFFFFFFF23
:10BD3000FFFFFFFFFFFFFF6D0000DBFF920024DB32
:10BD4000FFFFFFFFFFFFFFFFFFFFFFFFFFFFFFFF03
:10BD5000FFFFFFFFFFFFFFFFFFFFFFFFFFFFFFFFF3
:10BD6000FFFFFFFFFFFFFFFFFFFFFFFFFFFFFFFFE3
:10BD7000FFFFFFFFFFFFFF240049FFFFDB24006DF3
:10BD8000FFFFFFFFFFFFFFFFFFFFFFFFFFFFFFFFC3
:10BD9000FFFFFFFFFFFFFFFFFFFFFFFFFFFFFFFFB3
:10BDA000FFFFFFFFFFFFFFFFFFFFFFFFFFFFFFFFA3
:10BDB000FFFFFFFFFFFF920000B6FFFFFF490024D7
:10BDC000FFFFFFFFFFFFFFFFFFFFFFFFFFFFFFFF83
:10BDD000FFFFFFFFFFFFFFFFFFFFFFFFFFFFFFFF73
:10BDE000FFFFFFFFFFFFFFFFFFFFFFFFFFFFFFFF63
:10BDF000FFFFFFFFFFFF240024FFFFFFFF92000073
:10BE000092FFFFFFFFFFFFFFFFFFFFFFFFFFFFFFAF
:10BE1000FFFFFFFFFFFFFFFFFFFFFFFFFFFFFFFF32
:10BE2000FFFFFFFFFFFFFFFFFFFFFFFFFFFFFFFF22
:10BE3000FFFFFFFFFF6D00006DFFFFFFFFFF24000E
:10BE400049FFFFFFFFFFFFFFFFFFFFFFFFFFFFFFB8
:10BE5000FFFFFFFFFFFFFFFFFFFFFFFFFFFFFFFFF2
:10BE6000FFFFFFFFFFFFFFFFFFFFFFFFFFFFFFFFE2
:10BE7000FFFFFFFFDB240024FFFFFFFFFFFF920017
:10BE800024DBFFFFFFFFFF92240000000000000002
:10BE9000000000000000002492FFFFFFFFFFFFFFF3
:10BEA000FFFFFFFFFFFFFFFFFFFFFFFFFFFFFFFFA2
:10BEB000FFFFFFFF490024B6FFFFFFFFFFFFDB246A
:10BEC000006DFFFFFFDB2400000000000000000009
:10BED00000000000000000000024DBFFFFFFFFFF68
:10BEE000FFFFFFFFFFFFFFFFFFFFFFFFFFFFFFFF62
:10BEF000FFFFFF92000049FFFFFFFFFFFFFFFF4929
:10BF00000024FFFFFF2400002449494949494949C9
:10BF10004949494949494924000024FFFFFFFFFFDF
:10BF2000FFFFFFFFFFFFFFFFFFFFFFFFFFFFFFFF21
:10BF3000FFFFB6240024DBFFFFFFFFFFFFFFFF92A0
:10BF4000000092FF92000092FFFFFFFFFFFFFFFF44
:10BF5000FFFFFFFFFFFFFFFF92000092FFFFFFFFC9
:10BF6000FFFFFFFFFFFFFFFFFFFFFFFFFFFFFFFFE1
:10BF7000FFDB240024B6FFFFFFFFFFFFFFFFFFFFF3
:10BF8000240049FF490024FFFFFFFFFFFFFFFFFFE1
:10BF9000FFFFFFFFFFFFFFFFFF240049FFFFFFFF41
:10BFA000FFFFFFFFFFFFFFFFFFFFFFFFFFFFFFFFA1
:10BFB000DB2400006DFFFFFFFFFFFFFFFFFFFFFF20
:10BFC000920024DB240049FFFFFFFFFFFFFFFFFF7C
:10BFD000FFFFFFFFFFFFFFFFFF490000FFFFFFFF25
:10BFE000FFFFFFFFFFFFFFFFFFFFFFFFFFFFFFDB85
:10BFF0002400006DFFFFFFFFFFFFFFFFFFFFFFFFBC
:10C00000DB24006D000049FFFFFFFFFFFFFFFFFF84
:10C01000FFFFFFFFFFFFFFFFFF490000FFFFFFFFE4
:10C02000FFFFFFFFFFFFFFFFFFFFFFFFFFFFB62444
:10C0300000006DFFFFFFFFFFFFFFFFFFFFFFFFFFA0
:10C04000FF490024000049FFFFFFFFFFFFFFFFFF44
:10C05000FFFFFFFFFFFFFFFFFF490000FFFFFFFFA4
:10C06000FFFFFFFFFFFFFFFFFFFFFFFFFF92240027
:10C07000006DFFFFFFFFFFFFFFFFFFFFFFFFFFFF61
:10C08000FF920000000049FFFFFFFFFFFFFFFFFFDF
:10C09000FFFFFFFFFFFFFFFFFF490000FFFFFFFF64
:10C0A000FFFFFFFFFFFFFFFFFFFFFFDB4900002453
:10C0B0006DFFFFFFFFFFFFFFFFFFFFFFFFFFFFFF22
:10C0C000FFFF2400000049FFFFFFFFFFFFFFFFFF0E
:10C0D000FFFFFFFFFFFFFFFFFF490000FFFFFFFF24
:10C0E000FFFFFFFFFFFFFFFFFFFF9224000024B6CA
:10C0F000FFFFFFFFFFFFFFFFFFFFFFFFFFFFFFFF50
:10C10000FFFF9200000049FFFFFFFFFFFFFFFFFF5F
:10C11000FFFFFFFFFFFFFFFFFF490000FFFFFFFFE3
:10C12000FFFFFFFFFFFFFFFF922400002449DBFF1A
:10C13000FFFFFFFFFFFFFFFFFFFFFFFFFFFFFFFF0F
:10C14000FFFFDB24000024FFFFFFFFFFFFFFFFFFD7
:10C15000FFFFFFFFFFFFFFFFFF240049FFFFFFFF7F
:10C16000FFFFFFFFFFB66D2400000024B6FFFFFFB6
:10C17000FFFFFFFFFFFFFFFFFFFFFFFFFFFFFFFFCF
:10C18000FFFFFF4900000092FFFFFFFFFFFFFFFFDF
:10C19000FFFFFFFFFFFFFFFF92000092FFFFFFFF87
:10C1A000FFDBB66D2400000000246DFFFFFFFFFFE2
:10C1B000FFFFFFFFFFFFFFFFFFFFFFFFFFFFFFFF8F
:10C1C000FFFFFF92000000002449494949494949BD
:10C1D00049494949494949240000004949494949CF
:10C1E0002424000000000049B6FFFFFFFFFFFFFF0F
:10C1F000FFFFFFFFFFFFFFFFFFFFFFFFFFFFFFFF4F
:10C20000FFFFFFFF2400000000000000000000000E
:10C21000000000000000000000000000000000001E
:10C2200000000024496DDBFFFFFFFFFFFFFFFFFF62
:10C23000FFFFFFFFFFFFFFFFFFFFFFFFFFFFFFFF0E
:10C24000FFFFFFFFB6240000000000000000000018
:10C25000000000000000000000000000002424494D
:10C260006D92DBDBFFFFFFFFFFFFFFFFFFFFFFFF25
:10C27000FFFFFFFFFFFFFFFFFFFFFFFFFFFFFFFFCE
:10C28000FFFFFFFFFFFFFFFFFFFFFFFFFFFFFFFFBE
:10C29000FFDB6D2400000000000000000000000033
:10C2A00000000000246DDBFFFFFFFFFFFFFFFFFF2B
:10C2B000FFFFFFFFFFFFFFFFFFFFFFFFFFFFFFFF8E
:10C2C000FFFFFFFFFFFFFFFFFFFFFFFFFFFFFFFF7E
:10C2D0006D000000000000000000000000000000F1
:10C2E000000000000000246DFFFFFFFFFFFFFFFFC5
:10C2F000FFFFFFFFFFFFFFFFFFFFFFFFFFFFFFFF4E
:10C30000FFFFFFFFFFFFFFFFFFFFFFFFFFFFFF6DCF
:10C310000000244949494949494949494949494944
:10C3200049494949492400006DFFFFFFFFFFFFFF16
:10C33000FFFFFFFFFFFFFFFFFFFFFFFFFFFFFFFF0D
:10C34000FFFFFFFFFFFFFFFFFFFFFFFFFFFFB62421
:10C350000000B6FFFFFFFFFFFFFFFFFFFFFFFFFF34
:10C36000FFFFFFFFFFB6000024B6FFFFFFFFFFFF48
:10C37000FFFFFFFFFFFFFFFFFFFFFFFFFFFFFFFFCD
:10C38000FFFFFFFFFFFFFFFFFFFFFFFFFFFF490072
:10C390000092FFFFFFFFFFFFFFFFFFFFFFFFFFFF19
:10C3A000FFFFFFFFFFFF9200006DFFFFFFFFFFFF9A
:10C3B000FFFFFFFFFFFFFFFFFFFFFFFFFFFFFFFF8D
:10C3C000FFFFFFFFFFFFFFFFFFFFFFFFFFFF490032
:10C3D00000B6FFFFFFFFFFFFFFFFFFFFFFFFFFFFB5
:10C3E000FFFFFFFFFFFFB6000049FFFFFFFFFFFF5A
:10C3F000FFFFFFFFFFFFFFFFFFFFFFFFFFFFFFFF4D
:10C40000FFFFFFFFFFFFFFFFFFFFFFFFFFFF4900F1
:10C4100000B6FFFFFFFFFFFFFFFFFFFFFFFFFFFF74
:10C42000FFFFFFFFFFFFB6000049FFFFFFFFFFFF19
:10C43000FFFFFFFFFFFFFFFFFFFFFFFFFFFFFFFF0C
:10C44000FFFFFFFFFFFFFFFFFFFFFFFFFFFF4900B1
:10C4500000B6FFFFFFFFFFFFFFFFFFFFFFFFFFFF34
:10C46000FFFFFFFFFFFFB6000049FFFFFFFFFFFFD9
:10C47000FFFFFFFFFFFFFFFFFFFFFFFFFFFFFFFFCC
:10C48000FFFFFFFFFFFFFFFFFFFFFFFFFFFF490071
:10C4900000B6FFFFFFFFFFFFFFFFFFFFFFFFFFFFF4
:10C4A000FFFFFFFFFFFFB6000049FFFFFFFFFFFF99
:10C4B000FFFFFFFFFFFFFFFFFFFFFFFFFFFFFFFF8C
:10C4C000FFFFFFFFFFFFFFFFFFFFFFFFFFFF490031
:10C4D00000B6FFFFFFFFFFFFFFFFFFFFFFFFFFFFB4
:10C4E000FFFFFFFFFFFFB6000049FFFFFFFFFFFF59
:10C4F000FFFFFFFFFFFFFFFFFFFFFFFFFFFFFFFF4C
:10C50000FFFFFFFFFFFFFFFFFFFFFFFFFFFF4900F0
:10C5100000B6FFFFFFFFFFFFFFFFFFFFFFFFFFFF73
:10C52000FFFFFFFFFFFFB6000049FFFFFFFFFFFF18
:10C53000FFFFFFFFFFFFFFFFFFFFFFFFFFFFFFFF0B
:10C54000FFFFFFFFFFFFFFFFFFFFFFFFFFFF4900B0
:10C5500000B6FFFFFFFFFFFFFFFFFFFFFFFFFFFF33
:10C56000FFFFFFFFFFFFB6000049FFFFFFFFFFFFD8
:10C57000FFFFFFFFFFFFFFFFFFFFFFFFFFFFFFFFCB
:10C58000FFFFFFFFFFFFFFFFFFFFFFFFFFFF490070
:10C5900000B6FFFFFFFFFFFFFFFFFFFFFFFFFFFFF3
:10C5A000FFFFFFFFFFFFB6000049FFFFFFFFFFFF98
:10C5B000FFFFFFFFFFFFFFFFFFFFFFFFFFFFFFFF8B
:10C5C000FFFFFFFFFFFFFFFFFFFFFFFFFFFF490030
:10C5D00000B6FFFFFFFFFFFFFFFFFFFFFFFFFFFFB3
:10C5E000FFFFFFFFFFFFB6000049FFFFFFFFFFFF58
:10C5F000FFFFFFFFFFFFFFFFFFFFFFFFFFFFFFFF4B
:10C60000FFFFFFFFFFFFFFFFFFFFFFFFFFFF4900EF
:10C6100000B6FFFFFFFFFFFFFFFFFFFFFFFFFFFF72
:10C62000FFFFFFFFFFFFB6000049FFFFFFFFFFFF17
:10C63000FFFFFFFFFFFFFFFFFFFFFFFFFFFFFFFF0A
:10C64000FFFFFFFFFFFFFFFFFFFFFFFFFFFF4900AF
:10C6500000B6FFFFFFFFFFFFFFFFFFFFFFFFFFFF32
:10C66000FFFFFFFFFFFFB6000049FFFFFFFFFFFFD7
:10C67000FFFFFFFFFFFFFFFFFFFFFFFFFFFFFFFFCA
:10C68000FFFFFFFFFFFFFFFFFFFFFFFFFF6D00004A
:10C6900024DBFFFFFFFFFFFFFFFFFFFFFFFFFFFFA9
:10C6A000FFFFFFFFFFFFDB0000006DFFFFFFFFFF4D
:10C6B000FFFFFFFFFFFFFFFFFFFFFFFFFFFFFFFF8A
:10C6C000FFFFFFFFFFFFFFFFFFFFFFFF6D000024E5
:10C6D00092FFFFFFFFFFFFFFFFFFFFFFFFFFFFFFD7
:10C6E000FFFFFFFFFFFFFF6D00000092FFFFFFFF56
:10C6F000FFFFFFFFFFFFFFFFFFFFFFFFFFFFFFFF4A
:10C70000FFFFFFFFFFFFFFFFFFFFFF920000009210
:10C71000FFFFFFFFFFFFFFFFFFFFFFFFFFFFFFFF29
:10C72000FFFFFFFFFFFFFFFF6D000000B6FFFFFFF1
:10C73000FFFFFFFFFFFFFFFFFFFFFFFFFFFFFFFF09
:10C74000FFFFFFFFFFFFFFFFFFFFB600000092FFAC
:10C75000FFFFFFFFFFFFFFFFFFFFFFFFFFFFFFFFE9
:10C76000FFFFFFFFFFFFFFFFFF6D000024B6FFFF8D
:10C77000FFFFFFFFFFFFFFFFFFFFFFFFFFFFFFFFC9
:10C78000FFFFFFFFFFFFFFFFFFB624000092FFFF48
:10C79000FFFFFFFFFFFFFFFFFFFFFFFFFFFFFFFFA9
:10C7A000FFFFFFFFFFFFFFFFFFFF6D000024B6FF4D
:10C7B000FFFFFFFFFFFFFFFFFFFFFFFFFFFFFFFF89
:10C7C000FFFFFFFFFFFFFFFFB624000049FFFFFF51
:10C7D000FFFFFFFFFFFFFFFFFFFFFFFFFFFFFFFF69
:10C7E000FFFFFFFFFFFFFFFFFFFFFF49000024DB0C
:10C7F000FFFFFFFFFFFFFFFFFFFFFFFFFFFFFFFF49
:10C80000FFFFFFFFFFFFFFDB24000049FFFFFFFFEB
:10C81000FFFFFFFFFFFFFFFFFFFFFFFFFFFFFFFF28
:10C82000FFFFFFFFFFFFFFFFFFFFFFFF24000024CC
:10C83000DBFFFFFFFFFFFFFFFFFFFFFFFFFFFFFF2C
:10C84000FFFFFFFFFFFFDB24000049FFFFFFFFFFAB
:10C85000FFFFFFFFFFFFFFFFFFFFFFFFFFFFFFFFE8
:10C86000FFFFFFFFFFFFFFFFFFFFFFFFDB490000B0
:10C8700024DBFFFFFFFFFFFFFFFFFFFFFFFFFFFFC7
:10C88000FFFFFFFFFFDB49000049DBFFFFFFFFFF6A
:10C89000FFFFFFFFFFFFFFFFFFFFFFFFFFFFFFFFA8
:10C8A000FFFFFFFFFFFFFFFFFFFFFFFFFFB62400BB
:10C8B0000049FFFFFFFFFFFFFFFFFFFFFFFFFFFF3D
:10C8C000FFFFFFFFFF49000024DBFFFFFFFFFFFF2B
:10C8D000FFFFFFFFFFFFFFFFFFFFFFFFFFFFFFFF68
:10C8E000FFFFFFFFFFFFFFFFFFFFFFFFFFFFDB2457
:10C8F000000049FFFFFFFFFFFFFFFFFFFFFFFFFFFC
:10C90000FFFFFFFF6D000024DBFFFFFFFFFFFFFFC6
:10C91000FFFFFFFFFFFFFFFFFFFFFFFFFFFFFFFF27
:10C92000FFFFFFFFFFFFFFFFFFFFFFFFFFFFFFB660
:10C930002400006DFFFFFFFFFFFFFFFFFFFFFFFF72
:10C94000FFFFFF6D000024B6FFFFFFFFFFFFFFFFAB
:10C95000FFFFFFFFFFFFFFFFFFFFFFFFFFFFFFFFE7
:10C96000FFFFFFFFFFFFFFFFFFFFFFFFFFFFFFFFD7
:10C97000B60000006DFFFFFFFFFFFFFFFFFFFFFF9F
:10C98000FFFF6D00000092FFFFFFFFFFFFFFFFFFB3
:10C99000FFFFFFFFFFFFFFFFFFFFFFFFFFFFFFFFA7
:10C9A000FFFFFFFFFFFFFFFFFFFFFFFFFFFFFFFF97
:10C9B000FF9200000092FFFFFFFFFFFFFFFFFFFF5E
:10C9C000FF6D000000B6FFFFFFFFFFFFFFFFFFFF4F
:10C9D000FFFFFFFFFFFFFFFFFFFFFFFFFFFFFFFF67
:10C9E000FFFFFFFFFFFFFFFFFFFFFFFFFFFFFFFF57
:10C9F000FFFF9200000092FFFFFFFFFFFFFFFFFF1E
:10CA00009200000092FFFFFFFFFFFFFFFFFFFFFF0D
:10CA1000FFFFFFFFFFFFFFFFFFFFFFFFFFFFFFFF26
:10CA2000FFFFFFFFFFFFFFFFFFFFFFFFFFFFFFFF16
:10CA3000FFFFFF6D000000B6FFFFFFFFFFFFFFB627
:10CA40000000006DFFFFFFFFFFFFFFFFFFFFFFFF85
:10CA5000FFFFFFFFFFFFFFFFFFFFFFFFFFFFFFFFE6
:10CA6000FFFFFFFFFFFFFFFFFFFFFFFFFFFFFFFFD6
:10CA7000FFFFFFFF6D000024B6FFFFFFFFFFB6249E
:10CA800000006DFFFFFFFFFFFFFFFFFFFFFFFFFF46
:10CA9000FFFFFFFFFFFFFFFFFFFFFFFFFFFFFFFFA6
:10CAA000FFFFFFFFFFFFFFFFFFFFFFFFFFFFFFFF96
:10CAB000FFFFFFFFFF49000024DBFFFFFFB624005C
:10CAC000006DFFFFFFFFFFFFFFFFFFFFFFFFFFFF07
:10CAD000FFFFFFFFFFFFFFFFFFFFFFFFFFFFFFFF66
:10CAE000FFFFFFFFFFFFFFFFFFFFFFFFFFFFFFFF56
:10CAF000FFFFFFFFFFFF49000024B6FFDB2400001B
:10CB000024B6DBDBDBDBDBDBDBDBDBDBDBDBDBDB51
:10CB1000DBDBDBDBDBDBDBDBDBDBDBDBDBDBDBDB65
:10CB2000DBDBDBDBDBDBDBDBDBDBDBDBDBDBDBDB55
:10CB3000DBDBDBDBDBDBB624000049DB490000008C
:10CB400000000000000000000000000000000000E5
:10CB500000000000000000000000000000000000D5
:10CB600000000000000000000000000000000000C5
:10CB700000000000000000000000006D49000000FF
:10CB800000000000000000000000000000000000A5
:10CB90000000000000000000000000000000000095
:10CBA0000000000000000000000000000000000085
:10CBB00000000000000000000000006DFFDBDBDB78
:10CBC000DBDBDBDBDBDBDBDBDBDBDBDBDBDBDBDBB5
:10CBD000DBDBDBDBDBDBDBDBDBDBDBDBDBDBDBDBA5
:10CBE000DBDBDBDBDBDBDBDBDBDBDBDBDBDBDBDB95
:10CBF000DBDBDBDBDBDBDBDBDBDBDBFFFFFFFFFFD1
:10CC0000FFFFFFFFFFFFFFFFFFFFFFFFFFFFFFFF34
:10CC1000FFFFFFFFFFFFFFFFFFFFFFFFFFFFFFFF24
:10CC2000FFFFFFFFFFFFFFFFFFFFFFFFFFFFFFFF14
:10CC3000FFFFFFFFFFFFFFFFFFFFFFFFFFFFFFFF04
:10CC4000FFFFFFFFFFFFFFFFFFFFFFFFFFFFFFFFF4
:10CC5000FFFFFFFFFFFFFFFFFFFFFFFFFFFFFFFFE4
:10CC6000FFFFFFFFFFFFFFFFFFFFFFFFFFFFFFFFD4
:10CC7000FFFFFFFFFFFFFFFFFFFFFFFFFFFFFFFFC4
:10CC8000FFFFFFFFFFFFFFFFFFFFFFFFFFFFFFFFB4
:10CC9000FFFFFFFFFFFFFFFFFFFFFFFFFFFFFFFFA4
:10CCA000FFFFFFFFFFFFFFFFFFFFFFFFFFFFFFFF94
:10CCB000FFFFFFFFFFFFFFFFFFFFFFFFFFFFFFFF84
:10CCC000FFFFFFFFFFFFFFFFFFFFFFFFFFFFFFFF74
:10CCD000FFFFFFFFFFFFFFFFFFFFFFFFFFFFFFFF64
:10CCE000FFFFFFFFFFFFFFFFFFFFFFFFFFFFFFFF54
:10CCF000FFFFFFFFFFFFFFFFFFFFFFFFFFFFFFFF44
:10CD0000FFFFFFFFFFFFFFFFFFFFFFFFFFFFFFFF33
:10CD1000FFFFDBDBFFFFFFFFFFFFFFFFFFFFFFFF6B
:10CD2000FFFFFFFFDBDBFFFFFFFFFFFFFFFFFFFF5B
:10CD3000FFFFFFFFFFFFFFFFFFFFFFFFFFFFFFFF03
:10CD4000FFFFFFFFFFFFFFFFFFFFFFFFFFFFFFFFF3
:10CD5000FF6D0024B6FFFFFFFFFFFFFFFFFFFFFF98
:10CD6000FFFFFFB6240092FFFFFFFFFFFFFFFFFF63
:10CD7000FFFFFFFFFFFFFFFFFFFFFFFFFFFFFFFFC3
:10CD8000FFFFFFFFFFFFFFFFFFFFFFFFFFFFFFFFB3
:10CD9000FF49000092FFFFFFFFFFFFFFFFFFFFFFC4
:10CDA000FFFFFF92000049FFFFFFFFFFFFFFFFFFB4
:10CDB000FFFFFFFFFFFFFFFFFFFFFFFFFFFFFFFF83
:10CDC000FFFFFFFFFFFFFFFFFFFFFFFFFFFFFFFF73
:10CDD000FF49000092FFFFFFFFFFFFFFFFFFFFFF84
:10CDE000FFFFFF6D00006DFFFFFFFFFFFFFFFFFF75
:10CDF000FFFFFFFFFFFFFFFFFFFFFFFFFFFFFFFF43
:10CE0000FFFFFFFFFFFFFFFFFFFFFFFFFFFFFFFF32
:10CE1000FFB6000049DBFFFFFFFFFFFFFFFFFFFF43
:10CE2000FFFFDB240000DBFFFFFFFFFFFFFFFFFF33
:10CE3000FFFFFFFFFFFFFFFFFFFFFFFFFFFFFFFF02
:10CE4000FFFFFFFFFFFFFFFFFFFFFFFFFFFFFFFFF2
:10CE5000FFFF24000092FFFFFFFFFFFFFFFFFFFF28
:10CE6000FFFF6D000024FFFFFFFFFFFFFFFFFFFF3D
:10CE7000FFFFFFFFFFFFFFFFFFFFFFFFFFFFFFFFC2
:10CE8000FFFFFFDB4924B6FFFFFFFFFFFFFFFFFFB0
:10CE9000FFFFB600000092FFFFFFFFFFFFFFFFFF55
:10CEA000FF92000024B6FFFFFFFFFFFFFFFFFFFF21
:10CEB000FFB62449DBFFFFFFFFFFFFFFFFFFFFFF80
:10CEC000FFFFFF92000024FFFFFFFFFFFFFFFFFFB8
:10CED000FFFFFF6D0000006DFFFFFFFFFFFFFFDBA7
:10CEE000490000006DFFFFFFFFFFFFFFFFFFFFFF97
:10CEF000FF240000B6FFFFFFFFFFFFFFFFFFFFFF64
:10CF0000FFFFFFDB490000B6FFFFFFFFFFFFFFFF52
:10CF1000FFFFFFFF6D000000246DB6DBDBB64900AC
:10CF200000000092FFFFFFFFFFFFFFFFFFFFFFFF7B
:10CF300092000049DBFFFFFFFFFFFFFFFFFFFFFF46
:10CF4000FFFFFFFF92000049DBFFFFFFFFFFFFFF36
:10CF5000FFFFFFFFFFB624000000000000000000FC
:10CF60000024B6FFFFFFFFFFFFFFFFFFFFFFFFDB18
:10CF700024000092FFFFFFFFFFFFFFFFFFFFFFFF07
:10CF8000FFFFFFFFFF24000092FFFFFFFFFFFFFFF7
:10CF9000FFFFFFFFFFFFFF6D492424000024244909
:10CFA00092FFFFFFFFFFFFFFFFFFFFFFFFFFFF6D90
:10CFB000000049FFFFFFFFFFFFFFFFFFFFFFFFFF35
:10CFC000FFFFFFFFFFB600002492FFFFFFFFFFFF00
:10CFD000FFFFFFFFFFFFFFFFFFDBDBDBDBDBDBFF39
:10CFE000FFFFFFFFFFFFFFFFFFFFFFFFFFFF9200BD
:10CFF0000000DBFFFFFFFFFFFFFFFFFFFFFFFFFF63
:10D00000FFFFFFFFFFFF92000024B6FFFFFFFFFFBF
:10D01000FFFFFFFFFFFFFFFFFFFFFFFFFFFFFFFF20
:10D02000FFFFFFFFFFFFFFFFFFFFFFFFFF92240057
:10D030000092FFFFFFFFFFFFFFFFFFFFFFFFFFFF6C
:10D04000FFFFFFFFFFFFFF49000024B6FFFFFFFFC8
:10D05000FFFFFFFFFFFFFFFFFFFFFFFFFFFFFFFFE0
:10D06000FFFFFFFFFFFFFFFFFFFFFFFF9224000016
:10D0700049FFFFFFFFFFFFFFFFFFFFFFFFFFFFFF76
:10D08000FFFFFFFFFFFFFFFF4900000092FFFFFFD0
:10D09000FFFFFFFFFFFFFFFFFFFFFFFFFFFFFFFFA0
:10D0A000FFFFFFFFFFFFFFFFFFFFFF6D0000006DB1
:10D0B000FFFFFFFFFFFFFFFFFFFFFFFFFFFFFFFF80
:10D0C000FFFFFFFFFFFFFFFFFF6D00000049DBFFD9
:10D0D000FFFFFFFFFFFFFFFFFFFFFFFFFFFFFFFF60
:10D0E000FFFFFFFFFFFFFFFFFFB64900000092FFB9
:10D0F000FFFFFFFFFFFFFFFFFFFFFFFFFFFFFFFF40
:10D10000FFFFFFFFFFFFFFFFFFFF92240000006D06
:10D11000DBFFFFFFFFFFFFFFFFFFFFFFFFFFFFFF43
:10D12000FFFFFFFFFFFFFFDB6D0000002492FFFF0A
:10D13000FFFFFFFFFFFFFFFFFFFFFFFFFFFFFFFFFF
:10D14000FFFFFFFFFFFFFFFFFFFFFFDB49000000C6
:10D150002449B6FFFFFFFFFFFFFFFFFFFFFFFFFFB9
:10D16000FFFFFFFFFFB6492400000049DBFFFFFF80
:10D17000FFFFFFFFFFFFFFFFFFFFFFFFFFFFFFFFBF
:10D18000FFFFFFFFFFFFFFFFFFFFFFFFFF922400F6
:10D19000000000246DB6DBFFFFFFFFFFFFFFFFFF76
:10D1A000FFDBB66D24000000002492FFFFFFFFFFAD
:10D1B000FFFFFFFFFFFFFFFFFFFFFFFFFFFFFFFF7F
:10D1C000FFFFFFFFFFFFFFFFFFFFFFFFFFFFFFB6B8
:10D1D0004900000000002424494949494949494976
:10D1E0002424000000000049B6FFFFFFFFFFFFFFFF
:10D1F000FFFFFFFFFFFFFFFFFFFFFFFFFFFFFFFF3F
:10D20000FFFFFFFFFFFFFFFFFFFFFFFFFFFFFFFF2E
:10D21000FFDB6D492400000000000000000000005A
:10D2200000000024496DDBFFFFFFFFFFFFFFFFFF52
:10D23000FFFFFFFFFFFFFFFFFFFFFFFFFFFFFFFFFE
:10D24000FFFFFFFFFFFFFFFFFFFFFFFFFFFFFFFFEE
:10D25000FFFFFFFFDBDB926D4924240000242449FB
:10D260006D92DBDBFFFFFFFFFFFFFFFFFFFFFFFF15
:10D27000FFFFFFFFFFFFFFFFFFFFFFFFFFFFFFFFBE
:10D28000FFFFFFFFFFFFFFFFFFFFFFFFFFFFFFFFAE
:10D29000FFDB6D24240000000000000000000000FF
:10D2A000000000244992DBFFFFFFFFFFFFFFFFFFAD
:10D2B000FFFFFFFFFFFFFFFFFFFFFFFFFFFFFFFF7E
:10D2C000FFFFFFFFFFFFFFFFFFFFFFFFFFFFFFDB92
:10D2D00049240000000000000000000000000000E1
:10D2E000000000000000246DDBFFFFFFFFFFFFFFD9
:10D2F000FFFFFFFFFFFFFFFFFFFFFFFFFFFFFFFF3E
:10D30000FFFFFFFFFFFFFFFFFFFFFFFFFFFFFF49E3
:10D310000000242449494949494949494949494959
:10D32000494949492424000049FFFFFFFFFFFFFF4F
:10D33000FFFFFFFFFFFFFFFFFFFFFFFFFFFFFFFFFD
:10D34000FFFFFFFFFFFFFFFFFFFFFFFFFFFF922435
:10D35000002492FFFFFFFFFFFFFFFFFFFFFFFFFF24
:10D36000FFFFFFFFFF92240024B6FFFFFFFFFFFF38
:10D37000FFFFFFFFFFFFFFFFFFFFFFFFFFFFFFFFBD
:10D38000FFFFFFFFFFFFFFFFFFFFFFFFFFFF6D003E
:10D39000006DFFFFFFFFFFFFFFFFFFFFFFFFFFFF2E
:10D3A000FFFFFFFFFFFF6D00246DFFFFFFFFFFFF8B
:10D3B000FFFFFFFFFFFFFFFFFFFFFFFFFFFFFFFF7D
:10D3C000FFFFFFFFFFFFFFFFFFFFFFFFFFFF490022
:10D3D0002492FFFFFFFFFFFFFFFFFFFFFFFFFFFFA5
:10D3E000FFFFFFFFFFFF92000049FFFFFFFFFFFF6E
:10D3F000FFFFFFFFFFFFFFFFFFFFFFFFFFFFFFFF3D
:10D40000FFFFFFFFFFFFFFFFFFFFFFFFFFFF4900E1
:10D410002492FFFFFFFFFFFFFFFFFFFFFFFFFFFF64
:10D42000FFFFFFFFFFFF92000049FFFFFFFFFFFF2D
:10D43000FFFFFFFFFFFFFFFFFFFFFFFFFFFFFFFFFC
:10D44000FFFFFFFFFFFFFFFFFFFFFFFFFFFF4900A1
:10D450002492FFFFFFFFFFFFFFFFFFFFFFFFFFFF24
:10D46000FFFFFFFFFFFF92000049FFFFFFFFFFFFED
:10D47000FFFFFFFFFFFFFFFFFFFFFFFFFFFFFFFFBC
:10D48000FFFFFFFFFFFFFFFFFFFFFFFFFFFF490061
:10D490002492FFFFFFFFFFFFFFFFFFFFFFFFFFFFE4
:10D4A000FFFFFFFFFFFF92000049FFFFFFFFFFFFAD
:10D4B000FFFFFFFFFFFFFFFFFFFFFFFFFFFFFFFF7C
:10D4C000FFFFFFFFFFFFFFFFFFFFFFFFFFFF490021
:10D4D0002492FFFFFFFFFFFFFFFFFFFFFFFFFFFFA4
:10D4E000FFFFFFFFFFFF92000049FFFFFFFFFFFF6D
:10D4F000FFFFFFFFFFFFFFFFFFFFFFFFFFFFFFFF3C
:10D50000FFFFFFFFFFFFFFFFFFFFFFFFFFFF4900E0
:10D510002492FFFFFFFFFFFFFFFFFFFFFFFFFFFF63
:10D52000FFFFFFFFFFFF92000049FFFFFFFFFFFF2C
:10D53000FFFFFFFFFFFFFFFFFFFFFFFFFFFFFFFFFB
:10D54000FFFFFFFFFFFFFFFFFFFFFFFFFFFF4900A0
:10D550002492FFFFFFFFFFFFFFFFFFFFFFFFFFFF23
:10D56000FFFFFFFFFFFF92000049FFFFFFFFFFFFEC
:10D57000FFFFFFFFFFFFFFFFFFFFFFFFFFFFFFFFBB
:10D58000FFFFFFFFFFFFFFFFFFFFFFFFFFFF490060
:10D590002492FFFFFFFFFFFFFFFFFFFFFFFFFFFFE3
:10D5A000FFFFFFFFFFFF92000049FFFFFFFFFFFFAC
:10D5B000FFFFFFFFFFFFFFFFFFFFFFFFFFFFFFFF7B
:10D5C000FFFFFFFFFFFFFFFFFFFFFFFFFFFF490020
:10D5D0002492FFFFFFFFFFFFFFFFFFFFFFFFFFFFA3
:10D5E000FFFFFFFFFFFF92000049FFFFFFFFFFFF6C
:10D5F000FFFFFFFFFFFFFFFFFFFFFFFFFFFFFFFF3B
:10D60000FFFFFFFFFFFFFFFFFFFFFFFFFFFF4900DF
:10D610002492FFFFFFFFFFFFFFFFFFFFFFFFFFFF62
:10D62000FFFFFFFFFFFF92000049FFFFFFFFFFFF2B
:10D63000FFFFFFFFFFFFFFFFFFFFFFFFFFFFFFFFFA
:10D64000FFFFFFFFFFFFFFFFFFFFFFFFFFFF49009F
:10D650002492FFFFFFFFFFFFFFFFFFFFFFFFFFFF22
:10D66000FFFFFFFFFFFF92000049FFFFFFFFFFFFEB
:10D67000FFFFFFFFFFFFFFFFFFFFFFFFFFFFFFFFBA
:10D68000FFFFFFFFFFFFFFFFFFFFFFFFFF922400F1
:10D6900024B6FFFFFFFFFFFFFFFFFFFFFFFFFFFFBE
:10D6A000FFFFFFFFFFFF92240024B6FFFFFFFFFFF5
:10D6B000FFFFFFFFFFFFFFFFFFFFFFFFFFFFFFFF7A
:10D6C000FFFFFFFFFFFFFFFFFFFFFFFFB624002468
:10D6D00092DBFFFFFFFFFFFFFFFFFFFFFFFFFFFFEB
:10D6E000FFFFFFFFFFFFDB92240049DBFFFFFFFF8F
:10D6F000FFFFFFFFFFFFFFFFFFFFFFFFFFFFFFFF3A
:10D70000FFFFFFFFFFFFFFFFFFFFFFDB490024924A
:10D71000FFFFFFFFFFFFFFFFFFFFFFFFFFFFFFFF19
:10D72000FFFFFFFFFFFFFFFF92240049DBFFFFFF2A
:10D73000FFFFFFFFFFFFFFFFFFFFFFFFFFFFFFFFF9
:10D74000FFFFFFFFFFFFFFFFFFFFB66D00006DFF54
:10D75000FFFFFFFFFFFFFFFFFFFFFFFFFFFFFFFFD9
:10D76000FFFFFFFFFFFFFFFFFF6D00246DDBFFFFEB
:10D77000FFFFFFFFFFFFFFFFFFFFFFFFFFFFFFFFB9
:10D78000FFFFFFFFFFFFFFFFFFB624240049DBFF81
:10D79000FFFFFFFFFFFFFFFFFFFFFFFFFFFFFFFF99
:10D7A000FFFFFFFFFFFFFFFFFFDB49002449DBFF17
:10D7B000FFFFFFFFFFFFFFFFFFFFFFFFFFFFFFFF79
:10D7C000FFFFFFFFFFFFFFFFDB49000024DBFFFF40
:10D7D000FFFFFFFFFFFFFFFFFFFFFFFFFFFFFFFF59
:10D7E000FFFFFFFFFFFFFFFFFFFFB624000049DB45
:10D7F000FFFFFFFFFFFFFFFFFFFFFFFFFFFFFFFF39
:10D80000FFFFFFFFFFFFFFFF6D000024B6FFFFFFDC
:10D81000FFFFFFFFFFFFFFFFFFFFFFFFFFFFFFFF18
:10D82000FFFFFFFFFFFFFFFFFFFFFF922400006DE0
:10D83000FFFFFFFFFFFFFFFFFFFFFFFFFFFFFFFFF8
:10D84000FFFFFFFFFFFFFF6D24002492FFFFFFFF9C
:10D85000FFFFFFFFFFFFFFFFFFFFFFFFFFFFFFFFD8
:10D86000FFFFFFFFFFFFFFFFFFFFFFFF92240024EA
:10D8700092FFFFFFFFFFFFFFFFFFFFFFFFFFFFFF25
:10D88000FFFFFFFFFFFFB6240049B6FFFFFFFFFFCA
:10D89000FFFFFFFFFFFFFFFFFFFFFFFFFFFFFFFF98
:10D8A000FFFFFFFFFFFFFFFFFFFFFFFFFFB62400AB
:10D8B00024B6FFFFFFFFFFFFFFFFFFFFFFFFFFFF9C
:10D8C000FFFFFFFFFFB6240024B6FFFFFFFFFFFFAF
:10D8D000FFFFFFFFFFFFFFFFFFFFFFFFFFFFFFFF58
:10D8E000FFFFFFFFFFFFFFFFFFFFFFFFFFFFB6246C
:10D8F0000024DBFFFFFFFFFFFFFFFFFFFFFFFFFF36
:10D90000FFFFFFFF9249002492FFFFFFFFFFFFFF91
:10D91000FFFFFFFFFFFFFFFFFFFFFFFFFFFFFFFF17
:10D92000FFFFFFFFFFFFFFFFFFFFFFFFFFFFFF9274
:10D93000240049B6FFFFFFFFFFFFFFFFFFFFFFFFD0
:10D94000FFFFFF922400006DFFFFFFFFFFFFFFFFBF
:10D95000FFFFFFFFFFFFFFFFFFFFFFFFFFFFFFFFD7
:10D96000FFFFFFFFFFFFFFFFFFFFFFFFFFFFFFFFC7
:10D970006D002424B6FFFFFFFFFFFFFFFFFFFFFF47
:10D98000FFFFB624000049FFFFFFFFFFFFFFFFFF7F
:10D99000FFFFFFFFFFFFFFFFFFFFFFFFFFFFFFFF97
:10D9A000FFFFFFFFFFFFFFFFFFFFFFFFFFFFFFFF87
:10D9B000DB49000024DBFFFFFFFFFFFFFFFFFFFF4E
:10D9C000FFDB24000024DBFFFFFFFFFFFFFFFFFF63
:10D9D000FFFFFFFFFFFFFFFFFFFFFFFFFFFFFFFF57
:10D9E000FFFFFFFFFFFFFFFFFFFFFFFFFFFFFFFF47
:10D9F000FFDB24000049FFFFFFFFFFFFFFFFFFFFEA
:10DA0000FF49000049B6FFFFFFFFFFFFFFFFFFFFD9
:10DA1000FFFFFFFFFFFFFFFFFFFFFFFFFFFFFFFF16
:10DA2000FFFFFFFFFFFFFFFFFFFFFFFFFFFFFFFF06
:10DA3000FFFFB64900006DFFFFFFFFFFFFFFFFFF85
:10DA40006D240049FFFFFFFFFFFFFFFFFFFFFFFF08
:10DA5000FFFFFFFFFFFFFFFFFFFFFFFFFFFFFFFFD6
:10DA6000FFFFFFFFFFFFFFFFFFFFFFFFFFFFFFFFC6
:10DA7000FFFFFFFF49002492FFFFFFFFFFFFFF9220
:10DA8000240024DBFFFFFFFFFFFFFFFFFFFFFFFF7F
:10DA9000FFFFFFFFFFFFFFFFFFFFFFFFFFFFFFFF96
:10DAA000FFFFFFFFFFFFFFFFFFFFFFFFFFFFFFFF86
:10DAB000FFFFFFFFDB240024B6FFFFFFFFFF492429
:10DAC0000024B6FFFFFFFFFFFFFFFFFFFFFFFFFF89
:10DAD000FFFFFFFFFFFFFFFFFFFFFFFFFFFFFFFF56
:10DAE000FFFFFFFFFFFFFFFFFFFFFFFFFFFFFFFF46
:10DAF000FFFFFFFFFFB62400246DFFFFFF6D000056
:10DB000024B6FFFFFFFFFFFFFFFFFFFFFFFFFFFF49
:10DB1000FFFFFFFFFFFFFFFFFFFFFFFFFFFFFFFF15
:10DB2000FFFFFFFFFFFFFFFFFFFFFFFFFFFFFFFF05
:10DB3000FFFFFFFFFFFF922400006DFF9224000013
:10DB400024496D6D6D6D6D6D6D6D6D6D6D6D6D6D72
:10DB50006D6D6D6D6D6D6D6D6D6D6D6D6D6D6D6DF5
:10DB60006D6D6D6D6D6D6D6D6D6D6D6D6D6D6D6DE5
:10DB70006D6D6D6D6D6D4924000024B624000000AC
:10DB80000000000000000000000000000000000095
:10DB90000000000000000000000000000000000085
:10DBA0000000000000000000000000000000000075
:10DBB0000000000000000000000000496D24242443
:10DBC0002424242424242424242424242424242415
:10DBD0002424242424242424242424242424242405
:10DBE00024242424242424242424242424242424F5
:10DBF000242424242424242424242492FFFFFFFF0B
:10DC0000FFFFFFFFFFFFFFFFFFFFFFFFFFFFFFFF24
:10DC1000FFFFFFFFFFFFFFFFFFFFFFFFFFFFFFFF14
:10DC2000FFFFFFFFFFFFFFFFFFFFFFFFFFFFFFFF04
:10DC3000FFFFFFFFFFFFFFFFFFFFFFFFFFFFFFFFF4
:10DC4000FFFFFFFFFFFFFFFFFFFFFFFFFFFFFFFFE4
:10DC5000FFFFFFFFFFFFFFFFFFFFFFFFFFFFFFFFD4
:10DC6000FFFFFFFFFFFFFFFFFFFFFFFFFFFFFFFFC4
:10DC7000FFFFFFFFFFFFFFFFFFFFFFFFFFFFFFFFB4
:10DC8000FFFFFFFFFFFFFFFFFFFFFFFFFFFFFFFFA4
:10DC9000FFFFFFFFFFFFFFFFFFFFFFFFFFFFFFFF94
:10DCA000FFFFFFFFFFFFFFFFFFFFFFFFFFFFFFFF84
:10DCB000FFFFFFFFFFFFFFFFFFFFFFFFFFFFFFFF74
:10DCC000FFFFFFFFFFFFFFFFFFFFFFFFFFFFFFFF64
:10DCD000FFFFFFFFFFFFFFFFFFFFFFFFFFFFFFFF54
:10DCE000FFFFFFFFFFFFFFFFFFFFFFFFFFFFFFFF44
:10DCF000FFFFFFFFFFFFFFFFFFFFFFFFFFFFFFFF34
:10DD0000FFFFFFFFFFFFFFFFFFFFFFFFFFFFFFFF23
:10DD1000FFFFFFFFFFFFFFFFFFFFFFFFFFFFFFFF13
:10DD2000FFFFFFFFFFFFFFFFFFFFFFFFFFFFFFFF03
:10DD3000FFFFFFFFFFFFFFFFFFFFFFFFFFFFFFFFF3
:10DD4000FFFFFFFFFFFFFFFFFFFFFFFFFFFFFFFFE3
:10DD5000FFFFFFFFFFFFFFFFFFFFFFFFFFFFFFFFD3
:10DD6000FFFFFFFFFFFFFFFFFFFFFFFFFFFFFFFFC3
:10DD7000FFFFFFFFFFFFFFFFFFFFFFFFFFFFFFFFB3
:10DD8000FFFFFFFFFFFFFFFFFFFFFFFFFFFFFFFFA3
:10DD9000FFFFDBFFFFFFFFFFFFFFFFFFFFFFFFFFB7
:10DDA000FFFFFFFFFFFFFFFFFFFFFFFFFFFFFFFF83
:10DDB000FFFFFFFFFFFFFFFFFFFFFFFFFFFFFFFF73
:10DDC000FFFFFFFFFFFFFFFFFFFFFFFFFFFFFFFF63
:10DDD000FFB64949B6FFFFFFFFFFFFFFFFFFFFFF51
:10DDE000FFFFFFB64949DBFFFFFFFFFFFFFFFFFF1C
:10DDF000FFFFFFFFFFFFFFFFFFFFFFFFFFFFFFFF33
:10DE0000FFFFFFFFFFFFFFFFFFFFFFFFFFFFFFFF22
:10DE1000FFB6240049DBDBFFFFFFFFFFFFFFFFFF33
:10DE2000FFDBB6490024B6FFFFFFFFFFFFFFFFFF48
:10DE3000FFFFFFFFFFFFFFFFFFFFFFFFFFFFFFFFF2
:10DE4000FFFFFFFFFFFFFFFFFFFFFFFFFFFFFFFFE2
:10DE5000FFFF6D2400496DFFFFFFFFFFFFFFFFFF86
:10DE6000DB6D4900246DFFFFFFFFFFFFFFFFFFFF9A
:10DE7000FFFFFFFFFFFFFFFFFFFFFFFFFFFFFFFFB2
:10DE8000FFFFFFFFFFFFFFFFFFFFFFFFFFFFFFFFA2
:10DE9000FFFFFF6D2400246DFFFFFFFFFFFFFFDB8F
:10DEA0006D2400246DFFFFFFFFFFFFFFFFFFFFFF5B
:10DEB000FFFFFFFFFFFFFFFFFFFFFFFFFFFFFFFF72
:10DEC000FFFFFFFFFFFFFFFFFFFFFFFFFFFFFFFF62
:10DED000FFFFFFDB6D2400246DFFFFFFFFFFDB6D05
:10DEE0002400246DFFFFFFFFFFFFFFFFFFFFFFFF89
:10DEF000FFFFFFFFFFFFFFFFFFFFFFFFFFFFFFFF32
:10DF0000FFFFFFFFFFFFFFFFFFFFFFFFFFFFFFFF21
:10DF1000FFFFFFFFDB6D4900246DFFFFFFDB6D247A
:10DF200000496DFFFFFFFFFFFFFFFFFFFFFFFFFF48
:10DF3000FFFFFFFFFFFFFFFFFFFFFFFFFFFFFFFFF1
:10DF4000FFFFFFFFFFFFFFFFFFFFFFFFFFFFFFFFE1
:10DF5000FFFFFFFFFFDBB64900246DDBDB6D240014
:10DF600049DBFFFFFFFFFFFFFFFFFFFFFFFFFFFF9B
:10DF7000FFFFFFFFFFFFFFFFFFFFFFFFFFFFFFFFB1
:10DF8000FFFFFFFFFFFFFFFFFFFFFFFFFFFFFFFFA1
:10DF9000FFFFFFFFFFFFFFB6490024494924004966
:10DFA000DBFFFFFFFFFFFFFFFFFFFFFFFFFFFFFFA5
:10DFB000FFFFFFFFFFFFFFFFFFFFFFFFFFFFFFFF71
:10DFC000FFFFFFFFFFFFFFFFFFFFFFFFFFFFFFFF61
:10DFD000FFFFFFFFFFFFFFFFB6490000000049DB26
:10DFE000FFFFFFFFFFFFFFFFFFFFFFFFFFFFFFFF41
:10DFF000FFFFFFFFFFFFFFFFFFFFFFFFFFFFFFFF31
:10E00000FFFFFFFFFFFFFFFFFFFFFFFFFFFFFFFF20
:10E01000FFFFFFFFFFFFFFFFFF6D0000000092FF0B
:10E02000FFFFFFFFFFFFFFFFFFFFFFFFFFFFFFFF00
:10E03000FFFFFFFFFFFFFFFFFFFFFFFFFFFFFFFFF0
:10E04000FFFFFFFFFFFFFFFFFFFFFFFFFFFFFFFFE0
:10E05000FFFFFFFFFFFFFFFF92240000000024B638
:10E06000FFFFFFFFFFFFFFFFFFFFFFFFFFFFFFFFC0
:10E07000FFFFFFFFFFFFFFFFFFFFFFFFFFFFFFFFB0
:10E08000FFFFFFFFFFFFFFFFFFFFFFFFFFFFFFFFA0
:10E09000FFFFFFFFFFFFFF922400246D6D2400248B
:10E0A000B6FFFFFFFFFFFFFFFFFFFFFFFFFFFFFFC9
:10E0B000FFFFFFFFFFFFFFFFFFFFFFFFFFFFFFFF70
:10E0C000FFFFFFFFFFFFFFFFFFFFFFFFFFFFFFFF60
:10E0D000FFFFFFFFFFDB9224002492FFFF9224004A
:10E0E00024B6DBFFFFFFFFFFFFFFFFFFFFFFFFFF88
:10E0F000FFFFFFFFFFFFFFFFFFFFFFFFFFFFFFFF30
:10E10000FFFFFFFFFFFFFFFFFFFFFFFFFFFFFFFF1F
:10E11000FFFFFFFFDB4924002492FFFFFFFF922453
:10E12000002449DBFFFFFFFFFFFFFFFFFFFFFFFFB3
:10E13000FFFFFFFFFFFFFFFFFFFFFFFFFFFFFFFFEF
:10E14000FFFFFFFFFFFFFFFFFFFFFFFFFFFFFFFFDF
:10E15000FFFFFFDB4900002492FFFFFFFFFFFF925C
:10E1600024000049DBFFFFFFFFFFFFFFFFFFFFFF72
:10E17000FFFFFFFFFFFFFFFFFFFFFFFFFFFFFFFFAF
:10E18000FFFFFFFFFFFFFFFFFFFFFFFFFFFFFFFF9F
:10E19000FFFFDB4900242492FFFFFFFFFFFFFFFF8B
:10E1A0009224000049DBFFFFFFFFFFFFFFFFFFFF9F
:10E1B000FFFFFFFFFFFFFFFFFFFFFFFFFFFFFFFF6F
:10E1C000FFFFFFFFFFFFFFFFFFFFFFFFFFFFFFFF5F
:10E1D000FFDB4900006D92FFFFFFFFFFFFFFFFFF26
:10E1E000FF9249000049DBFFFFFFFFFFFFFFFFFF3A
:10E1F000FFFFFFFFFFFFFFFFFFFFFFFFFFFFFFFF2F
:10E20000FFFFFFFFFFFFFFFFFFFFFFFFFFFFFFFF1E
:10E21000FF9200006DFFFFFFFFFFFFFFFFFFFFFF0B
:10E22000FFFFDB490024B6FFFFFFFFFFFFFFFFFFFB
:10E23000FFFFFFFFFFFFFFFFFFFFFFFFFFFFFFFFEE
:10E24000FFFFFFFFFFFFFFFFFFFFFFFFFFFFFFFFDE
:10E25000FFDB6D6DFFFFFFFFFFFFFFFFFFFFFFFF16
:10E26000FFFFFFDB6D6DDBFFFFFFFFFFFFFFFFFF2A
:10E27000FFFFFFFFFFFFFFFFFFFFFFFFFFFFFFFFAE
:10E28000FFFFFFFFFFFFFFFFFFFFFFFFFFFFFFFF9E
:10E29000FFFFFFFFFFFFFFFFFFFFFF4949FFFFFFFA
:10E2A000FFFFFFFFFFFFFFFFFFFFFFFFFFFFFFFF7E
:10E2B000FFFFFFFFFFFFFFFFFFFFFFFFFFFFFFFF6E
:10E2C000FFFFFFFFFFFFFFFFFFFFFFFFFFFFFFFF5E
:10E2D000FFFFFFFFFFFFFFFFFFFFDB0000DBFFFF94
:10E2E000FFFFFFFFFFFFFFFFFFFFFFFFFFFFFFFF3E
:10E2F000FFFFFFFFFFFFFFFFFFFFFFFFFFFFFFFF2E
:10E30000FFFFFFFFFFFFFFFFFFFFFFFFFFFFFFFF1D
:10E31000FFFFFFFFFFFFFFFFFFFFDB0000DBFFFF53
:10E32000FFFFFFFFFFFFFFFFFFFFFFFFFFFFFFFFFD
:10E33000FFFFFFFFFFFFFFFFFFFFFFFFFFFFFFFFED
:10E34000FFFFFFFFFFFFFFFFFFFFFFFFFFFFFFFFDD
:10E35000FFFFFFFFFFFFFFFFFFFFDB0000DBFFFF13
:10E36000FFFFFFFFFFFFFFFFFFFFFFFFFFFFFFFFBD
:10E37000FFFFFFFFFFFFFFFFFFFFFFFFFFFFFFFFAD
:10E38000FFFFFFFFFFFFFFFFFFFFFFFFFFFFFFFF9D
:10E39000FFFFFFFFFFFFFFFFFFFFDB0000DBFFFFD3
:10E3A000FFFFFFFFFFFFFFFFFFFFFFFFFFFFFFFF7D
:10E3B000FFFFFFFFFFFFFFFFFFFFFFFFFFFFFFFF6D
:10E3C000FFFFFFFFFFFFFFFFFFFFFFFFFFFFFFFF5D
:10E3D000FFFFFFFFFFFFFFFFFFFFDB0000DBFFFF93
:10E3E000FFFFFFFFFFFFFFFFFFFFFFFFFFFFFFFF3D
:10E3F000FFFFFFFFFFFFFFFFFFFFFFFFFFFFFFFF2D
:10E40000FFFFFFFFFFFFFFFFFFFFFFFFFFFFFFFF1C
:10E41000FFFFFFFFFFFFFFFFFFFFDB0000DBFFFF52
:10E42000FFFFFFFFFFFFFFFFFFFFFFFFFFFFFFFFFC
:10E43000FFFFFFFFFFFFFFFFFFFFFFFFFFFFFFFFEC
:10E44000FFFFFFFFFFFFFFFFFFFFFFFFFFFFFFFFDC
:10E45000FFFFFFFFFFFFFFFFFFFFDB0000DBFFFF12
:10E46000FFFFFFFFFFFFFFFFFFFFFFFFFFFFFFFFBC
:10E47000FFFFFFFFFFFFFFFFFFFFFFFFFFFFFFFFAC
:10E48000FFFFFFFFFFFFFFFFFFFFFFFFFFFFFFFF9C
:10E49000FFFFFFFFFFFFFFFFFFFFDB0000DBFFFFD2
:10E4A000FFFFFFFFFFFFFFFFFFFFFFFFFFFFFFFF7C
:10E4B000FFFFFFFFFFFFFFFFFFFFFFFFFFFFFFFF6C
:10E4C000FFFFFFFFFFFFFFFFFFFFFFFFFFFFFFFF5C
:10E4D000FFFFFFFFFFFFFFFFFFFFDB0000DBFFFF92
:10E4E000FFFFFFFFFFFFFFFFFFFFFFFFFFFFFFFF3C
:10E4F000FFFFFFFFFFFFFFFFFFFFFFFFFFFFFFFF2C
:10E50000FFFFFFFFFFFFFFFFFFFFFFFFFFFFFFFF1B
:10E51000FFFFFFFFFFFFFFFFFFFFDB0000DBFFFF51
:10E52000FFFFFFFFFFFFFFFFFFFFFFFFFFFFFFFFFB
:10E53000FFFFFFFFFFFFFFFFFFFFFFFFFFFFFFFFEB
:10E54000FFFFFFFFFFFFFFFFFFFFFFFFFFFFFFFFDB
:10E55000FFFFFFFFFFFFFFFFFFFFDB0000DBFFFF11
:10E56000FFFFFFFFFFFFFFFFFFFFFFFFFFFFFFFFBB
:10E57000FFFFFFFFFFFFFFFFFFFFFFFFFFFFFFFFAB
:10E58000FFFFFFFFFFFFFFFFFFFFFFFFFFFFFFFF9B
:10E59000FFFFFFFFFFFFFFFFFFFFDB0000DBFFFFD1
:10E5A000FFFFFFFFFFFFFFFFFFFFFFFFFFFFFFFF7B
:10E5B000FFFFFFFFFFFFFFFFFFFFFFFFFFFFFFFF6B
:10E5C000FFFFFFFFFFFFFFFFFFFFFFFFFFFFFFFF5B
:10E5D000FFFFFFFFFFFFFFFFFFFFDB0000DBFFFF91
:10E5E000FFFFFFFFFFFFFFFFFFFFFFFFFFFFFFFF3B
:10E5F000FFFFFFFFFFFFFFFFFFFFFFFFFFFFFFFF2B
:10E60000FFFFFFFFFFFFFFFFFFFFFFFFFFFFFFFF1A
:10E61000FFFFFFFFFFFFFFFFFFFFDB0000DBFFFF50
:10E62000FFFFFFFFFFFFFFFFFFFFFFFFFFFFFFFFFA
:10E63000FFFFFFFFFFFFFFFFFFFFFFFFFFFFFFFFEA
:10E64000FFFFFFFFFFFFFFFFFFFFFFFFFFFFFFFFDA
:10E65000FFFFFFFFFFFFFFFFFFFFDB0000DBFFFF10
:10E66000FFFFFFFFFFFFFFFFFFFFFFFFFFFFFFFFBA
:10E67000FFFFFFFFFFFFFFFFFFFFFFFFFFFFFFFFAA
:10E68000FFFFFFFFFFFFFFFFFFFFFFFFFFFFFFFF9A
:10E69000FFFFFFFFFFFFFFFFFFFFDB0000DBFFFFD0
:10E6A000FFFFFFFFFFFFFFFFFFFFFFFFFFFFFFFF7A
:10E6B000FFFFFFFFFFFFFFFFFFFFFFFFFFFFFFFF6A
:10E6C000FFFFFFFFFFFFFFFFFFFFFFFFFFFFFFFF5A
:10E6D000FFFFFFFFFFFFFFFFFFFFDB0000DBFFFF90
:10E6E000FFFFFFFFFFFFFFFFFFFFFFFFFFFFFFFF3A
:10E6F000FFFFFFFFFFFFFFFFFFFFFFFFFFFFFFFF2A
:10E70000FFFFFFFFFFFFFFFFFFFFFFFFFFFFFFFF19
:10E71000FFFFFFFFFFFFFFFFFFFFDB0000DBFFFF4F
:10E72000FFFFFFFFFFFFFFFFFFFFFFFFFFFFFFFFF9
:10E73000FFFFFFFFFFFFFFFFFFFFFFFFFFFFFFFFE9
:10E74000FFFFFFFFFFFFFFFFFFFFFFFFFFFFFFFFD9
:10E75000FFFFFFFFFFFFFFFFFFFFDB0000DBFFFF0F
:10E76000FFFFFFFFFFFFFFFFFFFFFFFFFFFFFFFFB9
:10E77000FFFFFFFFFFFFFFFFFFFFFFFFFFFFFFFFA9
:10E78000FFFFFFFFFFFFFFFFFFFFFFFFFFFFFFFF99
:10E79000FFFFFFFFFFFFFFFFFFFFDB0000DBFFFFCF
:10E7A000FFFFFFFFFFFFFFFFFFFFFFFFFFFFFFFF79
:10E7B000FFFFFFFFFFFFFFFFFFFFFFFFFFB649491E
:10E7C00049494949494949494949494949494949B9
:10E7D000496DDBFFFFFFFFFFFFFFDB0000DBFFFFFB
:10E7E000FFFFFFFFFFDB6D49494949494949494955
:10E7F00049494949494949494949B6FF92000000F8
:10E800000000000000000000000000000000000008
:10E8100000006DFFFFFFFFFFFFFFDB0000DBFFFFDE
:10E82000FFFFFFFFFF6D0000000000000000000080
:10E830000000000000000000000000922400000022
:10E8400000000000000000000000000000000000C8
:10E850000024B6FFFFFFFFFFFFFFDB0000DBFFFF31
:10E86000FFFFFFFFFFB624000000000000000000D3
:10E87000000000000000000000000024000049FF2C
:10E88000FFFFFFFFFFFFFFFFFFFFFFFFFFFFFFFF98
:10E89000FFFFFFFFFFFFFFFFFFFFDB0000DBFFFFCE
:10E8A000FFFFFFFFFFFFFFFFFFFFFFFFFFFFFFFF78
:10E8B000FFFFFFFFFFFFFFFFFF490000000049FFD0
:10E8C000FFFFFFFFFFFFFFFFFFFFFFFFFFFFFFFF58
:10E8D000FFFFFFFFFFFFFFFFFFFFDB0000DBFFFF8E
:10E8E000FFFFFFFFFFFFFFFFFFFFFFFFFFFFFFFF38
:10E8F000FFFFFFFFFFFFFFFFFF490000000049FF90
:10E90000FFFFFFFFFFFFFFFFFFFFFFFFFFFFFFFF17
:10E91000FFFFFFFFFFFFFFFFFFFFDB0000DBFFFF4D
:10E92000FFFFFFFFFFFFFFFFFFFFFFFFFFFFFFFFF7
:10E93000FFFFFFFFFFFFFFFFFF490000000049FF4F
:10E94000FFFFFFFFFFFFFFFFFFFFFFFFFFFFFFFFD7
:10E95000FFFFFFFFFFFFFFFFFFFFDB0000DBFFFF0D
:10E96000FFFFFFFFFFFFFFFFFFFFFFFFFFFFFFFFB7
:10E97000FFFFFFFFFFFFFFFFFF490000000049FF0F
:10E98000FFFFFFFFFFFFFFFFFFFFFFFFFFFFFFFF97
:10E99000FFFFFFFFFFFFFFFFFFFFDB0000DBFFFFCD
:10E9A000FFFFFFFFFFFFFFFFFFFFFFFFFFFFFFFF77
:10E9B000FFFFFFFFFFFFFFFFFF490000000049FFCF
:10E9C000FFFFFFFFFFFFFFFFFFFFFFFFFFFFFFFF57
:10E9D000FFFFFFFFFFFFFFFFFFFFDB0000DBFFFF8D
:10E9E000FFFFFFFFFFFFFFFFFFFFFFFFFFFFFFFF37
:10E9F000FFFFFFFFFFFFFFFFFF490000000049FF8F
:10EA0000FFFFFFFFFFFFFFFFFFFFFFFFFFFFFFFF16
:10EA1000FFFFFFFFFFFFFFFFFFFFDB0000DBFFFF4C
:10EA2000FFFFFFFFFFFFFFFFFFFFFFFFFFFFFFFFF6
:10EA3000FFFFFFFFFFFFFFFFFF490000000049FF4E
:10EA4000FFFFFFFFFFFFFFFFFFFFFFFFFFFFFFFFD6
:10EA5000FFFFFFFFFFFFFFFFFFFFDB0000DBFFFF0C
:10EA6000FFFFFFFFFFFFFFFFFFFFFFFFFFFFFFFFB6
:10EA7000FFFFFFFFFFFFFFFFFF490000000049FF0E
:10EA8000FFFFFFFFFFFFFFFFFFFFFFFFFFFFFF494C
:10EA900049DBFFFFFFFFFFFFFFFFDB0000DBFFFFA6
:10EAA000FFFFFFFFFFFFDB4949FFFFFFFFFFFFFF06
:10EAB000FFFFFFFFFFFFFFFFFF490000000049FFCE
:10EAC000FFFFFFFFFFFFFFFFFFFFFFFFFFFFDB2455
:10EAD0000049FFFFFFFFFFFFFFFFDB0000DBFFFF41
:10EAE000FFFFFFFFFFFF490024DBFFFFFFFFFFFFEA
:10EAF000FFFFFFFFFFFFFFFFFF490000000049FF8E
:10EB0000FFFFFFFFFFFFFFFFFFFFFFFFFFFFFF49CB
:10EB1000000049FFFFFFFFFFFFFFDB0000DBFFFFFF
:10EB2000FFFFFFFFFF49000049FFFFFFFFFFFFFF5F
:10EB3000FFFFFFFFFFFFFFFFFF490000000049FF4D
:10EB4000FFFFFFFFFFFFFFFFFFFFFFFFFFFFFFFFD5
:10EB500049000049FFFFFFFFFFFFDB0000DBFFFF75
:10EB6000FFFFFFFF49000049FFFFFFFFFFFFFFFF1F
:10EB7000FFFFFFFFFFFFFFFFFF490000000049FF0D
:10EB8000FFFFFFFFFFFFFFFFFFFFFFFFFFFFFFFF95
:10EB9000FF4900006DFFFFFFFFFFDB0000DBFFFF11
:10EBA000FFFFFF6D000049FFFFFFFFFFFFFFFFFFBB
:10EBB000FFFFFFFFFFFFFFFFFF490000000049FFCD
:10EBC000FFFFFFFFFFFFFFFFFFFFFFFFFFFFFFFF55
:10EBD000FFDB24002492FFFFFFFFDB0000DBFFFFD1
:10EBE000FFFF92240024DBFFFFFFFFFFFFFFFFFF7B
:10EBF000FFFFFFFFFFFFFFFFFF490000000049FF8D
:10EC0000FFFFFFFFFFFFFFFFFFFFFFFFFFFFFFFF14
:10EC1000FFFFDB24000092FFFFFFDB0000DBFFFFB4
:10EC2000FF92000024DBFFFFFFFFFFFFFFFFFFFF5E
:10EC3000FFFFFFFFFFFFFFFFFF490000000049FF4C
:10EC4000FFFFFFFFFFFFFFFFFFFFFFFFFFFFFFFFD4
:10EC5000FFFFFFB6240024B6FFFFDB0000DBFFFF51
:10EC6000B6240024B6FFFFFFFFFFFFFFFFFFFFFFFB
:10EC7000FFFFFFFFFFFFFFFFFF490000000049FF0C
:10EC8000FFFFFFFFFFFFFFFFFFFFFFFFFFFFFFFF94
:10EC9000FFFFFFFFB6240024B6FFDB0000DBFFB65A
:10ECA000240024B6FFFFFFFFFFFFFFFFFFFFFFFF72
:10ECB000FFFFFFFFFFFFFFFFFF490000000049FFCC
:10ECC000FFFFFFFFFFFFFFFFFFFFFFFFFFFFFFFF54
:10ECD000FFFFFFFFFF92000024DBDB0000DBDB24F3
:10ECE000000092FFFFFFFFFFFFFFFFFFFFFFFFFF9F
:10ECF000FFFFFFFFFFFFFFFFFF490000000049FF8C
:10ED0000FFFFFFFFFFFFFFFFFFFFFFFFFFFFFFFF13
:10ED1000FFFFFFFFFFFF92240024B60000B624008F
:10ED20002492FFFFFFFFFFFFFFFFFFFFFFFFFFFF3B
:10ED3000FFFFFFFFFFFFFFFFFF490000000049FF4B
:10ED4000FFFFFFFFFFFFFFFFFFFFFFFFFFFFFFFFD3
:10ED5000FFFFFFFFFFFFFF6D000024000024000005
:10ED60006DFFFFFFFFFFFFFFFFFFFFFFFFFFFFFF45
:10ED7000FFFFFFFFFFFFFFFFFF490000000049FF0B
:10ED8000FFFFFFFFFFFFFFFFFFFFFFFFFFFFFFFF93
:10ED9000FFFFFFFFFFFFFFFF4900000000000049E9
:10EDA000FFFFFFFFFFFFFFFFFFFFFFFFFFFFFFFF73
:10EDB000FFFFFFFFFFFFFFFFFF490000000049FFCB
:10EDC000FFFFFFFFFFFFFFFFFFFFFFFFFFFFFFFF53
:10EDD000FFFFFFFFFFFFFFFFFF490000000049FFAB
:10EDE000FFFFFFFFFFFFFFFFFFFFFFFFFFFFFFFF33
:10EDF000FFFFFFFFFFFFFFFFFF490000000049FF8B
:10EE0000FFFFFFFFFFFFFFFFFFFFFFFFFFFFFFFF12
:10EE1000FFFFFFFFFFFFFFFFFFFF49000049FFFF6C
:10EE2000FFFFFFFFFFFFFFFFFFFFFFFFFFFFFFFFF2
:10EE3000FFFFFFFFFFFFFFFFFF490000000049FF4A
:10EE4000FFFFFFFFFFFFFFFFFFFFFFFFFFFFFFFFD2
:10EE5000FFFFFFFFFFFFFFFFFFFFDB4949DBFFFF76
:10EE6000FFFFFFFFFFFFFFFFFFFFFFFFFFFFFFFFB2
:10EE7000FFFFFFFFFFFFFFFFFF490000000049FF0A
:10EE8000FFFFFFFFFFFFFFFFFFFFFFFFFFFFFFFF92
:10EE9000FFFFFFFFFFFFFFFFFFFFFFFFFFFFFFFF82
:10EEA000FFFFFFFFFFFFFFFFFFFFFFFFFFFFFFFF72
:10EEB000FFFFFFFFFFFFFFFFFF490000000049FFCA
:10EEC000FFFFFFFFFFFFFFFFFFFFFFFFFFFFFFFF52
:10EED000FFFFFFFFFFFFFFFFFFFFFFFFFFFFFFFF42
:10EEE000FFFFFFFFFFFFFFFFFFFFFFFFFFFFFFFF32
:10EEF000FFFFFFFFFFFFFFFFFF490000000049FF8A
:10EF0000FFFFFFFFFFFFFFFFFFFFFFFFFFFFFFFF11
:10EF1000FFFFFFFFFFFFFFFFFFFFFFFFFFFFFFFF01
:10EF2000FFFFFFFFFFFFFFFFFFFFFFFFFFFFFFFFF1
:10EF3000FFFFFFFFFFFFFFFFFF490000000049FF49
:10EF4000FFFFFFFFFFFFFFFFFFFFFFFFFFFFFFFFD1
:10EF5000FFFFFFFFFFFFFFFFFFFFFFFFFFFFFFFFC1
:10EF6000FFFFFFFFFFFFFFFFFFFFFFFFFFFFFFFFB1
:10EF7000FFFFFFFFFFFFFFFFFF490000000049FF09
:10EF8000FFFFFFFFFFFFFFFFFFFFFFFFFFFFFFFF91
:10EF9000FFFFFFFFFFFFFFFFFFFFFFFFFFFFFFFF81
:10EFA000FFFFFFFFFFFFFFFFFFFFFFFFFFFFFFFF71
:10EFB000FFFFFFFFFFFFFFFFFF490000000049FFC9
:10EFC000FFFFFFFFFFFFFFFFFFFFFFFFFFFFFFFF51
:10EFD000FFFFFFFFFFFFFFFFFFFFFFFFFFFFFFFF41
:10EFE000FFFFFFFFFFFFFFFFFFFFFFFFFFFFFFFF31
:10EFF000FFFFFFFFFFFFFFFFFF490000000049FF89
:10F00000FFFFFFFFFFFFFFFFFFFFFFFFFFFFFFFF10
:10F01000FFFFFFFFFFFFFFFFFFFFFFFFFFFFFFFF00
:10F02000FFFFFFFFFFFFFFFFFFFFFFFFFFFFFFFFF0
:10F03000FFFFFFFFFFFFFFFFFF490000000049FF48
:10F04000FFFFFFFFFFFFFFFFFFFFFFFFFFFFFFFFD0
:10F05000FFFFFFFFFFFFFFFFFFFFFFFFFFFFFFFFC0
:10F06000FFFFFFFFFFFFFFFFFFFFFFFFFFFFFFFFB0
:10F07000FFFFFFFFFFFFFFFFFF490000000049FF08
:10F08000FFFFFFFFFFFFFFFFFFFFFFFFFFFFFFFF90
:10F09000FFFFFFFFFFFFFFFFFFFFFFFFFFFFFFFF80
:10F0A000FFFFFFFFFFFFFFFFFFFFFFFFFFFFFFFF70
:10F0B000FFFFFFFFFFFFFFFFFF490000000049FFC8
:10F0C000FFFFFFFFFFFFFFFFFFFFFFFFFFFFFFFF50
:10F0D000FFFFFFFFFFFFFFFFFFFFFFFFFFFFFFFF40
:10F0E000FFFFFFFFFFFFFFFFFFFFFFFFFFFFFFFF30
:10F0F000FFFFFFFFFFFFFFFFFF490000000049FF88
:10F10000FFFFFFFFFFFFFFFFFFFFFFFFFFFFFFFF0F
:10F11000FFFFFFFFFFFFFFFFFFFFFFFFFFFFFFFFFF
:10F12000FFFFFFFFFFFFFFFFFFFFFFFFFFFFFFFFEF
:10F13000FFFFFFFFFFFFFFFFFF490000000049FF47
:10F14000FFFFFFFFFFFFFFFFFFFFFFFFFFFFFFFFCF
:10F15000FFFFFFFFFFFFFFFFFFFFFFFFFFFFFFFFBF
:10F16000FFFFFFFFFFFFFFFFFFFFFFFFFFFFFFFFAF
:10F17000FFFFFFFFFFFFFFFFFF490000000049FF07
:10F18000FFFFFFFFFFFFFFFFFFFFFFFFFFFFFFFF8F
:10F19000FFFFFFFFFFFFFFFFFFFFFFFFFFFFFFFF7F
:10F1A000FFFFFFFFFFFFFFFFFFFFFFFFFFFFFFFF6F
:10F1B000FFFFFFFFFFFFFFFFFF490000240024497E
:10F1C00049494949494949494949494949494949AF
:10F1D000494949494949494949494949494949499F
:10F1E000494949494949494949494949494949498F
:10F1F0004949494949494949492400246D000000C9
:10F2000000000000000000000000000000000000FE
:10F2100000000000000000000000000000000000EE
:10F2200000000000000000000000000000000000DE
:10F2300000000000000000000000006DFF6D2400D1
:10F2400000000000000000000000000000000000BE
:10F2500000000000000000000000000000000000AE
:10F26000000000000000000000000000000000009E
:10F27000000000000000000000246DFFFFFFFFFF02
:10F28000FFFFFFFFFFFFFFFFFFFFFFFFFFFFFFFF8E
:10F29000FFFFFFFFFFFFFFFFFFFFDB4949DBFFFF32
:10F2A000FFFFFFFFFFFFFFFFFFFFFFFFFFFFFFFF6E
:10F2B000FFFFFFFFFFFFFFFFFFFFFFFFFFFFFFFF5E
:10F2C000FFFFFFFFFFFFFFFFFFFFFFFFFFFFFFFF4E
:10F2D000FFFFFFFFFFFFFFFFFFFF49000049FFFFA8
:10F2E000FFFFFFFFFFFFFFFFFFFFFFFFFFFFFFFF2E
:10F2F000FFFFFFFFFFFFFFFFFFFFFFFFFFFFFFFF1E
:10F30000FFFFFFFFFFFFFFFFFFFFFFFFFFFFFFFF0D
:10F31000FFFFFFFFFFFFFFFFFF490000000049FF65
:10F32000FFFFFFFFFFFFFFFFFFFFFFFFFFFFFFFFED
:10F33000FFFFFFFFFFFFFFFFFFFFFFFFFFFFFFFFDD
:10F34000FFFFFFFFFFFFFFFFFFFFFFFFFFFFFFFFCD
:10F35000FFFFFFFFFFFFFFFF490000000000004923
:10F36000FFFFFFFFFFFFFFFFFFFFFFFFFFFFFFFFAD
:10F37000FFFFFFFFFFFFFFFFFFFFFFFFFFFFFFFF9D
:10F38000FFFFFFFFFFFFFFFFFFFFFFFFFFFFFFFF8D
:10F39000FFFFFFFFFFFFFF6D0000240000240000BF
:10F3A0006DFFFFFFFFFFFFFFFFFFFFFFFFFFFFFFFF
:10F3B000FFFFFFFFFFFFFFFFFFFFFFFFFFFFFFFF5D
:10F3C000FFFFFFFFFFFFFFFFFFFFFFFFFFFFFFFF4D
:10F3D000FFFFFFFFFFFF92240024B60000B62400C9
:10F3E0002492FFFFFFFFFFFFFFFFFFFFFFFFFFFF75
:10F3F000FFFFFFFFFFFFFFFFFFFFFFFFFFFFFFFF1D
:10F40000FFFFFFFFFFFFFFFFFFFFFFFFFFFFFFFF0C
:10F41000FFFFFFFFFF92000024DBDB0000DBDB24AB
:10F42000000092FFFFFFFFFFFFFFFFFFFFFFFFFF57
:10F43000FFFFFFFFFFFFFFFFFFFFFFFFFFFFFFFFDC
:10F44000FFFFFFFFFFFFFFFFFFFFFFFFFFFFFFFFCC
:10F45000FFFFFFFFB6240024B6FFDB0000DBFFB692
:10F46000240024B6FFFFFFFFFFFFFFFFFFFFFFFFAA
:10F47000FFFFFFFFFFFFFFFFFFFFFFFFFFFFFFFF9C
:10F48000FFFFFFFFFFFFFFFFFFFFFFFFFFFFFFFF8C
:10F49000FFFFFFB6240024B6FFFFDB0000DBFFFF09
:10F4A000B6240024B6FFFFFFFFFFFFFFFFFFFFFFB3
:10F4B000FFFFFFFFFFFFFFFFFFFFFFFFFFFFFFFF5C
:10F4C000FFFFFFFFFFFFFFFFFFFFFFFFFFFFFFFF4C
:10F4D000FFFFDB24000092FFFFFFDB0000DBFFFFEC
:10F4E000FF92000024DBFFFFFFFFFFFFFFFFFFFF96
:10F4F000FFFFFFFFFFFFFFFFFFFFFFFFFFFFFFFF1C
:10F50000FFFFFFFFFFFFFFFFFFFFFFFFFFFFFFFF0B
:10F51000FFDB24002492FFFFFFFFDB0000DBFFFF87
:10F52000FFFF92240024DBFFFFFFFFFFFFFFFFFF31
:10F53000FFFFFFFFFFFFFFFFFFFFFFFFFFFFFFFFDB
:10F54000FFFFFFFFFFFFFFFFFFFFFFFFFFFFFFFFCB
:10F55000FF4900006DFFFFFFFFFFDB0000DBFFFF47
:10F56000FFFFFF6D000049FFFFFFFFFFFFFFFFFFF1
:10F57000FFFFFFFFFFFFFFFFFFFFFFFFFFFFFFFF9B
:10F58000FFFFFFFFFFFFFFFFFFFFFFFFFFFFFFFF8B
:10F5900049000049FFFFFFFFFFFFDB0000DBFFFF2B
:10F5A000FFFFFFFF49000049FFFFFFFFFFFFFFFFD5
:10F5B000FFFFFFFFFFFFFFFFFFFFFFFFFFFFFFFF5B
:10F5C000FFFFFFFFFFFFFFFFFFFFFFFFFFFFFF4901
:10F5D000000049FFFFFFFFFFFFFFDB0000DBFFFF35
:10F5E000FFFFFFFFFF49000049FFFFFFFFFFFFFF95
:10F5F000FFFFFFFFFFFFFFFFFFFFFFFFFFFFFFFF1B
:10F60000FFFFFFFFFFFFFFFFFFFFFFFFFFFFDB2409
:10F610000049FFFFFFFFFFFFFFFFDB0000DBFFFFF5
:10F62000FFFFFFFFFFFF490024DBFFFFFFFFFFFF9E
:10F63000FFFFFFFFFFFFFFFFFFFFFFFFFFFFFFFFDA
:10F64000FFFFFFFFFFFFFFFFFFFFFFFFFFFFFF4980
:10F6500049DBFFFFFFFFFFFFFFFFDB0000DBFFFFDA
:10F66000FFFFFFFFFFFFDB4949FFFFFFFFFFFFFF3A
:10F67000FFFFFFFFFFFFFFFFFFFFFFFFFFFFFFFF9A
:10F68000FFFFFFFFFFFFFFFFFFFFFFFFFFFFFFFF8A
:10F69000FFFFFFFFFFFFFFFFFFFFDB0000DBFFFFC0
:10F6A000FFFFFFFFFFFFFFFFFFFFFFFFFFFFFFFF6A
:10F6B000FFFFFFFFFFFFFFFFFFFFFFFFFFFFFFFF5A
:10F6C000FFFFFFFFFFFFFFFFFFFFFFFFFFFFFFFF4A
:10F6D000FFFFFFFFFFFFFFFFFFFFDB0000DBFFFF80
:10F6E000FFFFFFFFFFFFFFFFFFFFFFFFFFFFFFFF2A
:10F6F000FFFFFFFFFFFFFFFFFFFFFFFFFFFFFFFF1A
:10F70000FFFFFFFFFFFFFFFFFFFFFFFFFFFFFFFF09
:10F71000FFFFFFFFFFFFFFFFFFFFDB0000DBFFFF3F
:10F72000FFFFFFFFFFFFFFFFFFFFFFFFFFFFFFFFE9
:10F73000FFFFFFFFFFFFFFFFFFFFFFFFFFFFFFFFD9
:10F74000FFFFFFFFFFFFFFFFFFFFFFFFFFFFFFFFC9
:10F75000FFFFFFFFFFFFFFFFFFFFDB0000DBFFFFFF
:10F76000FFFFFFFFFFFFFFFFFFFFFFFFFFFFFFFFA9
:10F77000FFFFFFFFFFFFFFFFFFFFFFFFFFFFFFFF99
:10F78000FFFFFFFFFFFFFFFFFFFFFFFFFFFFFFFF89
:10F79000FFFFFFFFFFFFFFFFFFFFDB0000DBFFFFBF
:10F7A000FFFFFFFFFFFFFFFFFFFFFFFFFFFFFFFF69
:10F7B000FFFFFFFFFFFFFFFFFFFFFFFFFFB649490E
:10F7C00049494949494949494949494949494949A9
:10F7D000496DDBFFFFFFFFFFFFFFDB0000DBFFFFEB
:10F7E000FFFFFFFFFFDB6D49494949494949494945
:10F7F00049494949494949494949B6FF92000000E8
:10F8000000000000000000000000000000000000F8
:10F8100000006DFFFFFFFFFFFFFFDB0000DBFFFFCE
:10F82000FFFFFFFFFF6D0000000000000000000070
:10F830000000000000000000000000922400000012
:10F8400000000000000000000000000000000000B8
:10F850000024B6FFFFFFFFFFFFFFDB0000DBFFFF21
:10F86000FFFFFFFFFFB624000000000000000000C3
:10F87000000000000000000000000024000049FF1C
:10F88000FFFFFFFFFFFFFFFFFFFFFFFFFFFFFFFF88
:10F89000FFFFFFFFFFFFFFFFFFFFDB0000DBFFFFBE
:10F8A000FFFFFFFFFFFFFFFFFFFFFFFFFFFFFFFF68
:10F8B000FFFFFFFFFFFFFFFFFF490000000049FFC0
:10F8C000FFFFFFFFFFFFFFFFFFFFFFFFFFFFFFFF48
:10F8D000FFFFFFFFFFFFFFFFFFFFDB0000DBFFFF7E
:10F8E000FFFFFFFFFFFFFFFFFFFFFFFFFFFFFFFF28
:10F8F000FFFFFFFFFFFFFFFFFF490000000049FF80
:10F90000FFFFFFFFFFFFFFFFFFFFFFFFFFFFFFFF07
:10F91000FFFFFFFFFFFFFFFFFFFFDB0000DBFFFF3D
:10F92000FFFFFFFFFFFFFFFFFFFFFFFFFFFFFFFFE7
:10F93000FFFFFFFFFFFFFFFFFF490000000049FF3F
:10F94000FFFFFFFFFFFFFFFFFFFFFFFFFFFFFFFFC7
:10F95000FFFFFFFFFFFFFFFFFFFFDB0000DBFFFFFD
:10F96000FFFFFFFFFFFFFFFFFFFFFFFFFFFFFFFFA7
:10F97000FFFFFFFFFFFFFFFFFF490000000049FFFF
:10F98000FFFFFFFFFFFFFFFFFFFFFFFFFFFFFFFF87
:10F99000FFFFFFFFFFFFFFFFFFFFDB0000DBFFFFBD
:10F9A000FFFFFFFFFFFFFFFFFFFFFFFFFFFFFFFF67
:10F9B000FFFFFFFFFFFFFFFFFF490000000049FFBF
:10F9C000FFFFFFFFFFFFFFFFFFFFFFFFFFFFFFFF47
:10F9D000FFFFFFFFFFFFFFFFFFFFDB0000DBFFFF7D
:10F9E000FFFFFFFFFFFFFFFFFFFFFFFFFFFFFFFF27
:10F9F000FFFFFFFFFFFFFFFFFF490000000049FF7F
:10FA0000FFFFFFFFFFFFFFFFFFFFFFFFFFFFFFFF06
:10FA1000FFFFFFFFFFFFFFFFFFFFDB0000DBFFFF3C
:10FA2000FFFFFFFFFFFFFFFFFFFFFFFFFFFFFFFFE6
:10FA3000FFFFFFFFFFFFFFFFFF490000000049FF3E
:10FA4000FFFFFFFFFFFFFFFFFFFFFFFFFFFFFFFFC6
:10FA5000FFFFFFFFFFFFFFFFFFFFDB0000DBFFFFFC
:10FA6000FFFFFFFFFFFFFFFFFFFFFFFFFFFFFFFFA6
:10FA7000FFFFFFFFFFFFFFFFFF490000000049FFFE
:10FA8000FFFFFFFFFFFFFFFFFFFFFFFFFFFFFFFF86
:10FA9000FFFFFFFFFFFFFFFFFFFFDB0000DBFFFFBC
:10FAA000FFFFFFFFFFFFFFFFFFFFFFFFFFFFFFFF66
:10FAB000FFFFFFFFFFFFFFFFFF490000000049FFBE
:10FAC000FFFFFFFFFFFFFFFFFFFFFFFFFFFFFFFF46
:10FAD000FFFFFFFFFFFFFFFFFFFFDB0000DBFFFF7C
:10FAE000FFFFFFFFFFFFFFFFFFFFFFFFFFFFFFFF26
:10FAF000FFFFFFFFFFFFFFFFFF490000000049FF7E
:10FB0000FFFFFFFFFFFFFFFFFFFFFFFFFFFFFFFF05
:10FB1000FFFFFFFFFFFFFFFFFFFFDB0000DBFFFF3B
:10FB2000FFFFFFFFFFFFFFFFFFFFFFFFFFFFFFFFE5
:10FB3000FFFFFFFFFFFFFFFFFF490000000049FF3D
:10FB4000FFFFFFFFFFFFFFFFFFFFFFFFFFFFFFFFC5
:10FB5000FFFFFFFFFFFFFFFFFFFFDB0000DBFFFFFB
:10FB6000FFFFFFFFFFFFFFFFFFFFFFFFFFFFFFFFA5
:10FB7000FFFFFFFFFFFFFFFFFF490000000049FFFD
:10FB8000FFFFFFFFFFFFFFFFFFFFFFFFFFFFFFFF85
:10FB9000FFFFFFFFFFFFFFFFFFFFDB0000DBFFFFBB
:10FBA000FFFFFFFFFFFFFFFFFFFFFFFFFFFFFFFF65
:10FBB000FFFFFFFFFFFFFFFFFF490000000049FFBD
:10FBC000FFFFFFFFFFFFFFFFFFFFFFFFFFFFFFFF45
:10FBD000FFFFFFFFFFFFFFFFFFFFDB0000DBFFFF7B
:10FBE000FFFFFFFFFFFFFFFFFFFFFFFFFFFFFFFF25
:10FBF000FFFFFFFFFFFFFFFFFF490000000049FF7D
:10FC0000FFFFFFFFFFFFFFFFFFFFFFFFFFFFFFFF04
:10FC1000FFFFFFFFFFFFFFFFFFFFDB0000DBFFFF3A
:10FC2000FFFFFFFFFFFFFFFFFFFFFFFFFFFFFFFFE4
:10FC3000FFFFFFFFFFFFFFFFFF490000000049FF3C
:10FC4000FFFFFFFFFFFFFFFFFFFFFFFFFFFFFFFFC4
:10FC5000FFFFFFFFFFFFFFFFFFFFDB0000DBFFFFFA
:10FC6000FFFFFFFFFFFFFFFFFFFFFFFFFFFFFFFFA4
:10FC7000FFFFFFFFFFFFFFFFFF490000000049FFFC
:10FC8000FFFFFFFFFFFFFFFFFFFFFFFFFFFFFFFF84
:10FC9000FFFFFFFFFFFFFFFFFFFFDB0000DBFFFFBA
:10FCA000FFFFFFFFFFFFFFFFFFFFFFFFFFFFFFFF64
:10FCB000FFFFFFFFFFFFFFFFFF490000000049FFBC
:10FCC000FFFFFFFFFFFFFFFFFFFFFFFFFFFFFFFF44
:10FCD000FFFFFFFFFFFFFFFFFFFFDB0000DBFFFF7A
:10FCE000FFFFFFFFFFFFFFFFFFFFFFFFFFFFFFFF24
:10FCF000FFFFFFFFFFFFFFFFFF490000000049FF7C
:10FD0000FFFFFFFFFFFFFFFFFFFFFFFFFFFFFFFF03
:10FD1000FFFFFFFFFFFFFFFFFFFFDB0000DBFFFF39
:10FD2000FFFFFFFFFFFFFFFFFFFFFFFFFFFFFFFFE3
:10FD3000FFFFFFFFFFFFFFFFFF490000000049FF3B
:10FD4000FFFFFFFFFFFFFFFFFFFFFFFFFFFFFFFFC3
:10FD5000FFFFFFFFFFFFFFFFFFFFDB0000DBFFFFF9
:10FD6000FFFFFFFFFFFFFFFFFFFFFFFFFFFFFFFFA3
:10FD7000FFFFFFFFFFFFFFFFFF490000000049FFFB
:10FD8000FFFFFFFFFFFFFFFFFFFFFFFFFFFFFFFF83
:10FD9000FFFFFFFFFFFFFFFFFFFFDB0000DBFFFFB9
:10FDA000FFFFFFFFFFFFFFFFFFFFFFFFFFFFFFFF63
:10FDB000FFFFFFFFFFFFFFFFFF490000000049FFBB
:10FDC000FFFFFFFFFFFFFFFFFFFFFFFFFFFFFFFF43
:10FDD000FFFFFFFFFFFFFFFFFFFFDB0000DBFFFF79
:10FDE000FFFFFFFFFFFFFFFFFFFFFFFFFFFFFFFF23
:10FDF000FFFFFFFFFFFFFFFFFF490000000049FF7B
:10FE0000FFFFFFFFFFFFFFFFFFFFFFFFFFFFFFFF02
:10FE1000FFFFFFFFFFFFFFFFFFFFDB0000DBFFFF38
:10FE2000FFFFFFFFFFFFFFFFFFFFFFFFFFFFFFFFE2
:10FE3000FFFFFFFFFFFFFFFFFF490000000049FF3A
:10FE4000FFFFFFFFFFFFFFFFFFFFFFFFFFFFFFFFC2
:10FE5000FFFFFFFFFFFFFFFFFFFFFF4949FFFFFF1E
:10FE6000FFFFFFFFFFFFFFFFFFFFFFFFFFFFFFFFA2
:10FE7000FFFFFFFFFFFFFFFFFF490000000049FFFA
:10FE8000FFFFFFFFFFFFFFFFFFFFFFFFFFFFFFFF82
:10FE9000FFFFFFFFFFFFFFFFFFFFFFFFFFFFFFFF72
:10FEA000FFFFFFFFFFFFFFFFFFFFFFFFFFFFFFFF62
:10FEB000FFFFFFFFFFFFFFFFFF490000000049FFBA
:10FEC000FFFFFFFFFFFFFFFFFFFFFFFFFFFFFFFF42
:10FED000FFFFFFFFFFFFFFFFFFFFFFFFFFFFFFFF32
:10FEE000FFFFFFFFFFFFFFFFFFFFFFFFFFFFFFFF22
:10FEF000FFFFFFFFFFFFFFFFFF490000000049FF7A
:10FF0000FFFFFFFFFFFFFFFFFFFFFFFFFFFFFFFF01
:10FF1000FFFFFFFFFFFFFFFFFFFFFFFFFFFFFFFFF1
:10FF2000FFFFFFFFFFFFFFFFFFFFFFFFFFFFFFFFE1
:10FF3000FFFFFFFFFFFFFFFFFF490000000049FF39
:10FF4000FFFFFFFFFFFFFFFFFFFFFFFFFFFFFFFFC1
:10FF5000FFFFFFFFFFFFFFFFFFFFFFFFFFFFFFFFB1
:10FF6000FFFFFFFFFFFFFFFFFFFFFFFFFFFFFFFFA1
:10FF7000FFFFFFFFFFFFFFFFFF490000000049FFF9
:10FF8000FFFFFFFFFFFFFFFFFFFFFFFFFFFFFFFF81
:10FF9000FFFFFFFFFFFFFFFFFFFFFFFFFFFFFFFF71
:10FFA000FFFFFFFFFFFFFFFFFFFFFFFFFFFFFFFF61
:10FFB000FFFFFFFFFFFFFFFFFF490000000049FFB9
:10FFC000FFFFFFFFFFFFFFFFFFFFFFFFFFFFFFFF41
:10FFD000FFFFFFFFFFFFFFFFFFFFFFFFFFFFFFFF31
:10FFE000FFFFFFFFFFFFFFFFFFFFFFFFFFFFFFFF21
:10FFF000FFFFFFFFFFFFFFFFFF490000000049FF79
:020000040803EF
:10000000FFFFFFFFFFFFFFFFFFFFFFFFFFFFFFFF00
:10001000FFFFFFFFFFFFFFFFFFFFFFFFFFFFFFFFF0
:10002000FFFFFFFFFFFFFFFFFFFFFFFFFFFFFFFFE0
:10003000FFFFFFFFFFFFFFFFFF490000000049FF38
:10004000FFFFFFFFFFFFFFFFFFFFFFFFFFFFFFFFC0
:10005000FFFFFFFFFFFFFFFFFFFFFFFFFFFFFFFFB0
:10006000FFFFFFFFFFFFFFFFFFFFFFFFFFFFFFFFA0
:10007000FFFFFFFFFFFFFFFFFF490000000049FFF8
:10008000FFFFFFFFFFFFFFFFFFFFFFFFFFFFFFFF80
:10009000FFFFFFFFFFFFFFFFFFFFFFFFFFFFFFFF70
:1000A000FFFFFFFFFFFFFFFFFFFFFFFFFFFFFFFF60
:1000B000FFFFFFFFFFFFFFFFFF490000000049FFB8
:1000C000FFFFFFFFFFFFFFFFFFFFFFFFFFFFFFFF40
:1000D000FFFFFFFFFFFFFFFFFFFFFFFFFFFFFFFF30
:1000E000FFFFFFFFFFFFFFFFFFFFFFFFFFFFFFFF20
:1000F000FFFFFFFFFFFFFFFFFF490000000049FF78
:10010000FFFFFFFFFFFFFFFFFFFFFFFFFFFFFFFFFF
:10011000FFFFFFFFFFFFFFFFFFFFFFFFFFFFFFFFEF
:10012000FFFFFFFFFFFFFFFFFFFFFFFFFFFFFFFFDF
:10013000FFFFFFFFFFFFFFFFFF490000000049FF37
:10014000FFFFFFFFFFFFFFFFFFFFFFFFFFFFFFFFBF
:10015000FFFFFFFFFFFFFFFFFFFFFFFFFFFFFFFFAF
:10016000FFFFFFFFFFFFFFFFFFFFFFFFFFFFFFFF9F
:10017000FFFFFFFFFFFFFFFFFF490000000049FFF7
:10018000FFFFFFFFFFFFFFFFFFFFFFFFFFFFFFFF7F
:10019000FFFFFFFFFFFFFFFFFFFFFFFFFFFFFFFF6F
:1001A000FFFFFFFFFFFFFFFFFFFFFFFFFFFFFFFF5F
:1001B000FFFFFFFFFFFFFFFFFF490000240024496E
:1001C000494949494949494949494949494949499F
:1001D000494949494949494949494949494949498F
:1001E000494949494949494949494949494949497F
:1001F0004949494949494949492400246D000000B9
:1002000000000000000000000000000000000000EE
:1002100000000000000000000000000000000000DE
:1002200000000000000000000000000000000000CE
:1002300000000000000000000000006DFF6D2400C1
:1002400000000000000000000000000000000000AE
:10025000000000000000000000000000000000009E
:10026000000000000000000000000000000000008E
:10027000000000000000000000246DFFFFFFFFFFF2
:10028000FFFFFFFFFF6D4924242424242424242479
:10029000242424242424242424242424242424241E
:1002A000242424242424242424242424242424240E
:1002B000242424242424242424244992FFFFFFFFFF
:1002C000FFFFFFFFDB240000000000000000000033
:1002D000000000000000000000000000000000001E
:1002E000000000000000000000000000000000000E
:1002F000000000000000000000000049FFFFFFFFB9
:10030000FFFFFFFFDB2400000000000000000000F2
:1003100000000000000000000000000000000000DD
:1003200000000000000000000000000000000000CD
:10033000000000000000000000000049FFFFFFFF78
:10034000FFFFFFFFDB0000006D929292929292926B
:1003500092922400004992929292929292929249A1
:100360000000249292929292929292926D000000DA
:100370006D929292929292926D000049FFFFFFFF60
:10038000FFFFFFFFDB000024DBFFFFFFFFFFFFFF9E
:10039000FFFF490000B6FFFFFFFFFFFFFFFFFFB6B3
:1003A000000049FFFFFFFFFFFFFFFFFFFF240024C6
:1003B000DBFFFFFFFFFFFFFFDB240049FFFFFFFF25
:1003C000FFFFFFFFDB000024DBFFFFFFFFFFFFFF5E
:1003D000FFFF490000B6FFFFFFFFFFFFFFFFFFB673
:1003E000000049FFFFFFFFFFFFFFFFFFFF24002486
:1003F000DBFFFFFFFFFFFFFFDB240049FFFFFFFFE5
:10040000FFFFFFFFDB000024DBFFFFFFFFFFFFFF1D
:10041000FFFF490000B6FFFFFFFFFFFFFFFFFFB632
:10042000000049FFFFFFFFFFFFFFFFFFFF24002445
:10043000DBFFFFFFFFFFFFFFDB240049FFFFFFFFA4
:10044000FFFFFFFFDB000024DBFFFFFFFFFFFFFFDD
:10045000FFFF490000B6FFFFFFFFFFFFFFFFFFB6F2
:10046000000049FFFFFFFFFFFFFFFFFFFF24002405
:10047000DBFFFFFFFFFFFFFFDB240049FFFFFFFF64
:10048000FFFFFFFFDB000024DBFFFFFFFFFFFFFF9D
:10049000FFFF490000B6FFFFFFFFFFFFFFFFFFB6B2
:1004A000000049FFFFFFFFFFFFFFFFFFFF240024C5
:1004B000DBFFFFFFFFFFFFFFDB240049FFFFFFFF24
:1004C000FFFFFFFFDB000024DBFFFFFFFFFFFFFF5D
:1004D000FFFF49000092FFFFFFFFFFFFFFFFFF92BA
:1004E000000049FFFFFFFFFFFFFFFFFFDB240024A9
:1004F000B6FFFFFFFFFFFFFFDB240049FFFFFFFF09
:10050000FFFFFFFFDB000000496D6D6D6D6D6D6DD0
:100510006D6D240000496D6D6D6D6D6D6D6D6D4976
:100520000000246D6D6D6D6D6D6D6D6D6D00000065
:10053000496D6D6D6D6D6D6D6D000049FFFFFFFFC5
:10054000FFFFFFFFDB0000000000000000000000D4
:10055000000000000000000000000000000000009B
:10056000000000000000000000000000000000008B
:10057000000000000000000000000049FFFFFFFF36
:10058000FFFFFFFFDB000000000000000000000094
:10059000000000000000000000000000000000005B
:1005A000000000000000000000000000000000004B
:1005B000000000000000000000000049FFFFFFFFF6
:1005C000FFFFFFFFDB00000049494949494949490C
:1005D00049490000002449494949494949494924B0
:1005E0000000004949494949494949494900000031
:1005F000244949494949494949000049FFFFFFFF4A
:10060000FFFFFFFFDB000024B6DBDBDBDBDBDBDB3C
:10061000DBDB49000092DBDBDBDBDBDBDBDBDB9204
:10062000000049DBDBDBDBDBDBDBDBDBB6240000F4
:10063000B6DBDBDBDBDBDBDBB6240049FFFFFFFFE8
:10064000FFFFFFFFDB000024DBFFFFFFFFFFFFFFDB
:10065000FFFF490000B6FFFFFFFFFFFFFFFFFFB6F0
:10066000000049FFFFFFFFFFFFFFFFFFFF24002403
:10067000DBFFFFFFFFFFFFFFDB240049FFFFFFFF62
:10068000FFFFFFFFDB000024DBFFFFFFFFFFFFFF9B
:10069000FFFF490000B6FFFFFFFFFFFFFFFFFFB6B0
:1006A000000049FFFFFFFFFFFFFFFFFFFF240024C3
:1006B000DBFFFFFFFFFFFFFFDB240049FFFFFFFF22
:1006C000FFFFFFFFDB000024DBFFFFFFFFFFFFFF5B
:1006D000FFFF490000B6FFFFFFFFFFFFFFFFFFB670
:1006E000000049FFFFFFFFFFFFFFFFFFFF24002483
:1006F000DBFFFFFFFFFFFFFFDB240049FFFFFFFFE2
:10070000FFFFFFFFDB000024DBFFFFFFFFFFFFFF1A
:10071000FFFF490000B6FFFFFFFFFFFFFFFFFFB62F
:10072000000049FFFFFFFFFFFFFFFFFFFF24002442
:10073000DBFFFFFFFFFFFFFFDB240049FFFFFFFFA1
:10074000FFFFFFFFDB000024DBFFFFFFFFFFFFFFDA
:10075000FFFF490000B6FFFFFFFFFFFFFFFFFFB6EF
:10076000000049FFFFFFFFFFFFFFFFFFFF24002402
:10077000DBFFFFFFFFFFFFFFDB240049FFFFFFFF61
:10078000FFFFFFFFDB000024DBFFFFFFFFFFFFFF9A
:10079000FFFF490000B6FFFFFFFFFFFFFFFFFFB6AF
:1007A000000049FFFFFFFFFFFFFFFFFFFF240024C2
:1007B000DBFFFFFFFFFFFFFFDB240049FFFFFFFF21
:1007C000FFFFFFFFDB000024DBFFFFFFFFFFFFFF5A
:1007D000FFFF490000B6FFFFFFFFFFFFFFFFFFB66F
:1007E000000049FFFFFFFFFFFFFFFFFFFF24002482
:1007F000DBFFFFFFFFFFFFFFDB240049FFFFFFFFE1
:10080000FFFFFFFFDB000024DBFFFFFFFFFFFFFF19
:10081000FFFF490000B6FFFFFFFFFFFFFFFFFFB62E
:10082000000049FFFFFFFFFFFFFFFFFFFF24002441
:10083000DBFFFFFFFFFFFFFFDB240049FFFFFFFFA0
:10084000FFFFFFFFDB000024DBFFFFFFFFFFFFFFD9
:10085000FFFF490000B6FFFFFFFFFFFFFFFFFFB6EE
:10086000000049FFFFFFFFFFFFFFFFFFFF24002401
:10087000DBFFFFFFFFFFFFFFDB240049FFFFFFFF60
:10088000FFFFFFFFDB000024DBFFFFFFFFFFFFFF99
:10089000FFFF490000B6FFFFFFFFFFFFFFFFFFB6AE
:1008A000000049FFFFFFFFFFFFFFFFFFFF240024C1
:1008B000DBFFFFFFFFFFFFFFDB240049FFFFFFFF20
:1008C000FFFFFFFFDB000024DBFFFFFFFFFFFFFF59
:1008D000FFFF490000B6FFFFFFFFFFFFFFFFFFB66E
:1008E000000049FFFFFFFFFFFFFFFFFFFF24002481
:1008F000DBFFFFFFFFFFFFFFDB240049FFFFFFFFE0
:10090000FFFFFFFFDB000024DBFFFFFFFFFFFFFF18
:10091000FFFF490000B6FFFFFFFFFFFFFFFFFFB62D
:10092000000049FFFFFFFFFFFFFFFFFFFF24002440
:10093000DBFFFFFFFFFFFFFFDB240049FFFFFFFF9F
:10094000FFFFFFFFDB000024DBFFFFFFFFFFFFFFD8
:10095000FFFF490000B6FFFFFFFFFFFFFFFFFFB6ED
:10096000000049FFFFFFFFFFFFFFFFFFFF24002400
:10097000DBFFFFFFFFFFFFFFDB240049FFFFFFFF5F
:10098000FFFFFFFFDB000024DBFFFFFFFFFFFFFF98
:10099000FFFF490000B6FFFFFFFFFFFFFFFFFFB6AD
:1009A000000049FFFFFFFFFFFFFFFFFFFF240024C0
:1009B000DBFFFFFFFFFFFFFFDB240049FFFFFFFF1F
:1009C000FFFFFFFFDB000024DBFFFFFFFFFFFFFF58
:1009D000FFFF490000B6FFFFFFFFFFFFFFFFFFB66D
:1009E000000049FFFFFFFFFFFFFFFFFFFF24002480
:1009F000DBFFFFFFFFFFFFFFDB240049FFFFFFFFDF
:100A0000FFFFFFFFDB000024DBFFFFFFFFFFFFFF17
:100A1000FFFF490000B6FFFFFFFFFFFFFFFFFFB62C
:100A2000000049FFFFFFFFFFFFFFFFFFFF2400243F
:100A3000DBFFFFFFFFFFFFFFDB240049FFFFFFFF9E
:100A4000FFFFFFFFDB000024DBFFFFFFFFFFFFFFD7
:100A5000FFFF490000B6FFFFFFFFFFFFFFFFFFB6EC
:100A6000000049FFFFFFFFFFFFFFFFFFFF240024FF
:100A7000DBFFFFFFFFFFFFFFDB240049FFFFFFFF5E
:100A8000FFFFFFFFDB000024DBFFFFFFFFFFFFFF97
:100A9000FFFF490000B6FFFFFFFFFFFFFFFFFFB6AC
:100AA000000049FFFFFFFFFFFFFFFFFFFF240024BF
:100AB000DBFFFFFFFFFFFFFFDB240049FFFFFFFF1E
:100AC000FFFFFFFFDB000024DBFFFFFFFFFFFFFF57
:100AD000FFFF490000B6FFFFFFFFFFFFFFFFFFB66C
:100AE000000049FFFFFFFFFFFFFFFFFFFF2400247F
:100AF000DBFFFFFFFFFFFFFFDB240049FFFFFFFFDE
:100B0000FFFFFFFFDB000024DBFFFFFFFFFFFFFF16
:100B1000FFFF490000B6FFFFFFFFFFFFFFFFFFB62B
:100B2000000049FFFFFFFFFFFFFFFFFFFF2400243E
:100B3000DBFFFFFFFFFFFFFFDB240049FFFFFFFF9D
:100B4000FFFFFFFFDB000024DBFFFFFFFFFFFFFFD6
:100B5000FFFF490000B6FFFFFFFFFFFFFFFFFFB6EB
:100B6000000049FFFFFFFFFFFFFFFFFFFF240024FE
:100B7000DBFFFFFFFFFFFFFFDB240049FFFFFFFF5D
:100B8000FFFFFFFFDB000024DBFFFFFFFFFFFFFF96
:100B9000FFFF490000B6FFFFFFFFFFFFFFFFFFB6AB
:100BA000000049FFFFFFFFFFFFFFFFFFFF240024BE
:100BB000DBFFFFFFFFFFFFFFDB240049FFFFFFFF1D
:100BC000FFFFFFFFDB240024DBFFFFFFFFFFFFFF32
:100BD000FFFF490000B6FFFFFFFFFFFFFFFFFFB66B
:100BE000000049FFFFFFFFFFFFFFFFFFFF2400247E
:100BF000DBFFFFFFFFFFFFFFDB240049FFFFFFFFDD
:100C0000FFFFFFFFDB492449FFFFFFFFFFFFFFFF5F
:100C1000FFFF490000B6FFFFFFFFFFFFFFFFFFB62A
:100C2000000049FFFFFFFFFFFFFFFFFFFF2400243D
:100C3000DBFFFFFFFFFFFFFFDB240049FFFFFFFF9C
:100C4000FFFFDBDBB6242449B6DBDBFFFFFFFFFF42
:100C5000FFFF490000B6FFFFFFFFFFFFFFFFFFB6EA
:100C6000000049FFFFFFFFFFFFFFFFFFFF240024FD
:100C7000DBFFFFFFFFFFFFFFDB240049FFFFFFFF5C
:100C8000FFDB926D24000000496D92DBFFFFFFFF48
:100C9000FFFF490000B6FFFFFFFFFFFFFFFFFFB6AA
:100CA000000049FFFFFFFFFFFFFFFFFFFF240024BD
:100CB000DBFFFFFFFFFFFFFFDB240049FFFFFFFF1C
:100CC000B66D4924000000000024496DB6FFFFFF07
:100CD000FFFF490000B6FFFFFFFFFFFFFFFFFFB66A
:100CE000000049FFFFFFFFFFFFFFFFFFFF2400247D
:100CF000DBFFFFFFFFFFFFFFDB240049FFFFFFB625
:100D00004900000000000000000000006DB6FFFF79
:100D1000FFFF490000B6FFFFFFFFFFFFFFFFFFB629
:100D2000000049FFFFFFFFFFFFFFFFFFFF2400243C
:100D3000DBFFFFFFFFFFFFFFDB240049FFFFB6499A
:100D400000002449929292926D492400246DB6FFCE
:100D5000FFFF490000B6FFFFFFFFFFFFFFFFFFB6E9
:100D6000000049FFFFFFFFFFFFFFFFFFFF240024FC
:100D7000DBFFFFFFFFFFFFFFDB240049FFDB6D0010
:100D800000246DB6DBDBDBDBDB924924002492DB45
:100D9000FFFF490000B6FFFFFFFFFFFFFFFFFFB6A9
:100DA000000049FFFFFFFFFFFFFFFFFFFF240024BC
:100DB000DBFFFFFFFFFFFFFFDB240049FF92240062
:100DC0002492DBFFDB6D496DDBFFDB6D240024B675
:100DD000FFFF490000B6FFFFFFFFFFFFFFFFFFB669
:100DE000000049FFFFFFFFFFFFFFFFFFFF2400247C
:100DF000DBFFFFFFFFFFFFFFDB240049DB490000B3
:100E00006DDBFFFFB624246DFFFFFFB64900006DC8
:100E1000DBFF6D0000B6FFFFFFFFFFFFFFFFFFB628
:100E200024006DFFFFFFFFFFFFFFFFFFFF490024CE
:100E3000DBFFFFFFFFFFFFFFFF2400499224002498
:100E4000B6FFFFB66D000049FFFFFFFF9224004987
:100E5000B6FF922449B6FFFFFFFFFFFFFFFFFFB67B
:100E6000492492FFFFFFFFFFFFFFFFFFFF6D2449B3
:100E7000DBFFFFFFFFFFFFFFFF6D246D6D00006DC7
:100E8000DBFFFF9224004992FFFFFFFFB66D0024B5
:100E90006DFFDBB6B6DBFFFFFFFFFFFFFFFFFFDBF2
:100EA000B692DBFFFFFFFFFFFFFFFFFFFFB6B6B607
:100EB000FFFFFFFFFFFFFFFFFFB6B6B6490024B6F6
:100EC000FFFFB64900006DDBFFFFFFFFDB92000074
:100ED00049FFFFFFFFFFFFFFFFFFFFFFFFFFFFFFD8
:100EE000FFFFFFFFFFFFFFFFFFFFFFFFFFFFFFFF12
:100EF000FFFFFFFFFFFFFFFFFFFFFFFF490024DBB6
:100F0000FFDB6D24002492FFFFFFFFFFFFB6000010
:100F100049FFFFFFFFFFFFFFFFFFFFFFFFFFFFFF97
:100F2000FFFFFFFFFFFFFFFFFFFFFFFFFFFFFFFFD1
:100F3000FFFFFFFFFFFFFFFFFFFFFFFF490024DB75
:100F4000FFDB4900002492DBFFFFFFFFFFB600003C
:100F500049FFFFFFFFFFFFFFFFFFFFFFFFFFFFFF57
:100F6000FFFFFFFFFFFFFFFFFFFFFFFFFFFFFFFF91
:100F7000FFFFFFFFFFFFFFFFFFFFFFFF490024DB35
:100F8000FFDB49000000246DB6DBFFFFFFB6000069
:100F900049FFFFFFFFFFFFFFFFFFFFFFFFFFFFFF17
:100FA000FFFFFFFFFFFFFFFFFFFFFFFFFFFFFFFF51
:100FB000FFFFFFFFFFFFFFFFFFFFFFFF490024DBF5
:100FC000FFFF926D240000244992B6FFFFB6000097
:100FD00049FFFFFFFFFFFFFFFFFFFFFFFFFFFFFFD7
:100FE000FFFFFFFFFFFFFFFFFFFFFFFFFFFFFFFF11
:100FF000FFFFFFFFFFFFFFFFFFFFFFFF49002492FE
:10100000FFFFFFDB9224000000246DFFDB92000055
:101010006DFFFFFFFFFFFFFFFFFFFFFFFFFFFFFF72
:10102000FFFFFFFFFFFFFFFFFFFFFFFFFFFFFFFFD0
:10103000FFFFFFFFFFFFFFFFFFFFFFFF6D24006DBE
:10104000DBFFFFFFDBB66D4900246DFFB6490024CE
:1010500092FFFFFFFFFFFFFFFFFFFFFFFFFFFFFF0D
:10106000FFFFFFFFFFFFFFFFFFFFFFFFFFFFFFFF90
:10107000FFFFFFFFFFFFFFFFFFFFFFFFB649002459
:1010800092FFFFFFFFFFDB9249496DDB922400498D
:10109000B6FFFFFFFFFFFFFFFFFFFFFFFFFFFFFFA9
:1010A000FFFFFFFFFFFFFFFFFFFFFFFFFFFFFFFF50
:1010B000FFFFFFFFFFFFFFFFFFFFFFFFDB6D0000F4
:1010C00049B6FFFFFFFFFFFFDBDBDBB64900009205
:1010D000DBFFFFFFFFFFFFFFFFFFFFFFFFFFFFFF44
:1010E000FFFFFFFFFFFFFFFFFFFFFFFFFFFFFFFF10
:1010F000FFFFFFFFFFFFFFFFFFFFFFFFFF92240047
:10110000246DB6DBFFFFFFFFFFDBB66D240049B6A1
:10111000FFFFFFFFFFFFFFFFFFFFFFFFFFFFFFFFDF
:10112000FFFFFFFFFFFFFFFFFFFFFFFFFFFFFFFFCF
:10113000FFFFFFFFFFFFFFFFFFFFFFFFFFDB6D0074
:1011400000004992DBFFFFFFDB924900002492DBA5
:10115000FFFFFFFFFFFFFFFFFFFFFFFFFFFFFFFF9F
:10116000FFFFFFFFFFFFFFFFFFFFFFFFFFFFFFFF8F
:10117000FFFFFFFFFFFFFFFFFFFFFFFFFFFFB66D5A
:10118000240024496D6D6D6D6D490000246DDBFFF9
:10119000FFFFFFFFFFFFFFFFFFFFFFFFFFFFFFFF5F
:1011A000FFFFFFFFFFFFFFFFFFFFFFFFFFFFFFFF4F
:1011B000FFFFFFFFFFFFFFFFFFFFFFFFFFFFFFB688
:1011C0006D24000000000000000000246DDBFFFF24
:1011D000FFFFFFFFFFFFFFFFFFFFFFFFFFFFFFFF1F
:1011E000FFFFFFFFFFFFFFFFFFFFFFFFFFFFFFFF0F
:1011F000FFFFFFFFFFFFFFFFFFFFFFFFFFFFFFFFFF
:10120000B69249240000000000244992DBFFFFFF52
:10121000FFFFFFFFFFFFFFFFFFFFFFFFFFFFFFFFDE
:10122000FFFFFFFFFFFFFFFFFFFFFFFFFFFFFFFFCE
:10123000FFFFFFFFFFFFFFFFFFFFFFFFFFFFFFFFBE
:10124000FFDBB66D49492449496DB6FFFFFFFFFF3B
:10125000FFFFFFFFFFFFFFFFFFFFFFFFFFFFFFFF9E
:10126000FFFFFFFFFFFFFFFFFFFFFFFFFFFFFFFF8E
:10127000FFFFFFFFFFFFFFFFFFFFFFFFFFFFFFFF7E
:10128000FFFFFFFFFFB69249B6FFFFFFFFFFFFFF23
:10129000FFFFFFFFFFB692240000000000000000E7
:1012A000000000000000000000000000000000003E
:1012B0000000000000242449B6FFFFFFFFFFFFFFEE
:1012C000FFFFFFFFB624000024B6FFFFFFFFFFFF74
:1012D000FFFFFFFFFF6D2400000000000000000082
:1012E00000000000000000000000000000000000FE
:1012F0000000000000000000246DB6FFFFFFFFFFAC
:10130000FFFFFFB624000000002449FFFFFFFFFF9E
:10131000FFFFFFFFFFDBB6494949494949494949B0
:10132000494949494949494949494949494949492D
:101330004949494949494924000024DBFFFFFFFF8F
:10134000FFFFB6240000000000000049FFFFFFFF80
:10135000FFFFFFFFFFFFFFFFFFFFFFFFFFFFFFFF9D
:10136000FFFFFFFFFFFFFFFFFFFFFFFFFFFFFFFF8D
:10137000FFFFFFFFFFFFFFDB24000092FFFFFFFFE7
:10138000FF492400242400002424000049FFFFFF1B
:10139000FFFFFFFFFFFFFFFFFFFFFFFFFFFFFFFF5D
:1013A000FFFFFFFFFFFFFFFFFFFFFFFFFFFFFFFF4D
:1013B000FFFFFFFFFFFFFFFF92000024FFFFFFFF83
:1013C00049000000924900004992490000496DFF20
:1013D000FFFFFFFFFFFFFFFFFFFFFFFFFFFFFFFF1D
:1013E000FFFFFFFFFFFFFFFFFFFFFFFFFFFFFFFF0D
:1013F000FFFFFFFFFFFFFFFFDB000000FFFFDB49F8
:1014000000002492FF49000049FFFF4900000092BC
:10141000FFFFFFFFFFFFFFFFFFFFFFFFFFFFFFFFDC
:10142000FFFFFFFFFFFFFFFFFFFFFFFFFFFFFFFFCC
:10143000FFFFFFFFFFFFFFFFDB000000FF6D490024
:10144000004992FFFF49000049FFFFFF49000000EB
:101450006DFFFFFFFFFFFFFFFFFFFFFFFFFFFFFF2E
:10146000FFFFFFFFFFFFFFFFFFFFFFFFFFFFFFFF8C
:10147000FFFFFFFFFFFFFFFFDB0000009200000007
:1014800049FFFFFFFF49000049FFFFFFFF4924001C
:101490000092DBFFFFFFFFFFFFFFFFFFFFFFFFFFEC
:1014A000FFFFFFFFFFFFFFFFFFFFFFFFFFFFFFFF4C
:1014B000FFFFFFFFFFFFFFFFDB00000024000049EC
:1014C000FFFFFFFFFF49000049FFFFFFFFFFDB2495
:1014D00000246DFFFFFFFFFFFFFFFFFFFFFFFFFF88
:1014E000FFFFFFFFFFFFFFFFFFFFFFFFFFFFFFFF0C
:1014F000FFFFFFFFFFFFFFFFDB00000092496DFFD2
:10150000FFFFFFFFFF49000049FFFFFFFFFFFFDB79
:101510004992DBFFFFFFFFFFFFFFFFFFFFFFFFFF22
:10152000FFFFFFFFFFFFFFFFFFFFFFFFFFFFFFFFCB
:10153000FFFFFFFFFFFFFFFFDB000000FFFFFFFFDC
:10154000FFFFFFFFFF49000049FFFFFFFFFFFFFF15
:10155000FFFFFFFFFFFFFFFFFFFFFFFFFFFFFFFF9B
:10156000FFFFFFFFFFFFFFFFFFFFFFFFFFFFFFFF8B
:10157000FFFFFFFFFFFFFFFFDB000000FFFFFFFF9C
:10158000FFFFFFFFFF49000049FFFFFFFFFFFFFFD5
:10159000FFFFFFFFFFFFFFFFFFFFFFFFFFFFFFFF5B
:1015A000FFFFFFFFFFFFFFFFFFFFFFFFFFFFFFFF4B
:1015B000FFFFFFFFFFFFFFFFDB000000FFFFFFFF5C
:1015C000FFFFFFFFFF49000049FFFFFFFFFFFFFF95
:1015D000FFFFFFFFFFFFFFFFFFFFFFFFFFFFFFFF1B
:1015E000FFFFFFFFFFFFFFFFFFFFFFFFFFFFFFFF0B
:1015F000FFFFFFFFFFFFFFFFDB000000FFFFFFFF1C
:10160000FFFFFFFFFF49000049FFFFFFFFFFFFFF54
:10161000FFFFFFFFFFFFFFFFFFFFFFFFFFFFFFFFDA
:10162000FFFFFFFFFFFFFFFFFFFFFFFFFFFFFFFFCA
:10163000FFFFFFFFFFFFFFFFDB000000FFFFFFFFDB
:10164000FFFFFFFFFF49000049FFFFFFFFFFFFFF14
:10165000FFFFFFFFFFFFFFFFFFFFFFFFFFFFFFFF9A
:10166000FFFFFFFFFFFFFFFFFFFFFFFFFFFFFFFF8A
:10167000FFFFFFFFFFFFFFFFDB000000FFFFFFFF9B
:10168000FFFFFFFFFF49000049FFFFFFFFFFFFFFD4
:10169000FFFFFFFFFFFFFFFFFFFFFFFFFFFFFFFF5A
:1016A000FFFFFFFFFFFFFFFFFFFFFFFFFFFFFFFF4A
:1016B000FFFFFFFFFFFFFFFFDB000000FFFFFFFF5B
:1016C000FFFFFFFFFF49000049FFFFFFFFFFFFFF94
:1016D000FFFFFFFFFFFFFFFFFFFFFFFFFFFFFFFF1A
:1016E000FFFFFFFFFFFFFFFFFFFFFFFFFFFFFFFF0A
:1016F000FFFFFFFFFFFFFFFFDB000000FFFFFFFF1B
:10170000FFFFFFFFFF49000049FFFFFFFFFFFFFF53
:10171000FFFFFFFFFFFFFFFFFFFFFFFFFFFFFFFFD9
:10172000FFFFFFFFFFFFFFFFFFFFFFFFFFFFFFFFC9
:10173000FFFFFFFFFFFFFFFFDB000000FFFFFFFFDA
:10174000FFFFFFFFFF49000049FFFFFFFFFFFFFF13
:10175000FFFFFFFFFFFFFFFFFFFFFFFFFFFFFFFF99
:10176000FFFFFFFFFFFFFFFFFFFFFFFFFFFFFFFF89
:10177000FFFFFFFFFFFFFFFFDB000000FFFFFFFF9A
:10178000FFFFFFFFFF49000049FFFFFFFFFFFFFFD3
:10179000FFFFFFFFFFFFFFFFFFFFFFFFFFFFFFFF59
:1017A000FFFFFFFFFFFFFFFFFFFFFFFFFFFFFFFF49
:1017B000FFFFFFFFFFFFFFFFDB000000FFFFFFFF5A
:1017C000FFFFFFFFFF49000049FFFFFFFFFFFFFF93
:1017D000FFFFFFFFFFFFFFFFFFFFFFFFFFFFFFFF19
:1017E000FFFFFFFFFFFFFFFFFFFFFFFFFFFFFFFF09
:1017F000FFFFFFFFFFFFFFFFDB000000FFFFFFFF1A
:10180000FFFFFFFFFF49000049FFFFFFFFFFFFFF52
:10181000FFFFFFFFFFFFFFFFFFFFFFFFFFFFFFFFD8
:10182000FFFFFFFFFFFFFFFFFFFFFFFFFFFFFFFFC8
:10183000FFFFFFFFFFFFFFFFDB000000FFFFFFFFD9
:10184000FFFFFFFFFF49000049FFFFFFFFFFFFFF12
:10185000FFFFFFFFFFFFFFFFFFFFFFFFFFFFFFFF98
:10186000FFFFFFFFFFFFFFFFFFFFFFFFFFFFFFFF88
:10187000FFFFFFFFFFFFFFFFDB000000FFFFFFFF99
:10188000FFFFFFFFFF49000049FFFFFFFFFFFFFFD2
:10189000FFFFFFFFFFFFFFFFFFFFFFFFFFFFFFFF58
:1018A000FFFFFFFFFFFFFFFFFFFFFFFFFFFFFFFF48
:1018B000FFFFFFFFFFFFFFFFDB000000FFFFFFFF59
:1018C000FFFFFFFFFF49000049FFFFFFFFFFFFFF92
:1018D000FFFFFFFFFFFFFFFFFFFFFFFFFFFFFFFF18
:1018E000FFFFFFFFFFFFFFFFFFFFFFFFFFFFFFFF08
:1018F000FFFFFFFFFFFFFFFFDB000000FFFFFFFF19
:10190000FFFFFFFFFF49000049FFFFFFFFFFFFFF51
:10191000FFFFFFFFFFFFFFFFFFFFFFFFFFFFFFFFD7
:10192000FFFFFFFFFFFFFFFFFFFFFFFFFFFFFFFFC7
:10193000FFFFFFFFFFFFFFFFDB000000FFFFFFFFD8
:10194000FFFFFFFFFF49000049FFFFFFFFFFFFFF11
:10195000FFFFFFFFFFFFFFFFFFFFFFFFFFFFFFFF97
:10196000FFFFFFFFFFFFFFFFFFFFFFFFFFFFFFFF87
:10197000FFFFFFFFFFFFFFFFDB000000FFFFFFFF98
:10198000FFFFFFFFFF49000049FFFFFFFFFFFFFFD1
:10199000FFFFFFFFFFFFFFFFFFFFFFFFFFFFFFFF57
:1019A000FFFFFFFFFFFFFFFFFFFFFFFFFFFFFFFF47
:1019B000FFFFFFFFFFFFFFFFDB000000FFFFFFFF58
:1019C000FFFFFFFFFF49000049FFFFFFFFFFFFFF91
:1019D000FFFFFFFFFFFFFFFFFFFFFFFFFFFFFFFF17
:1019E000FFFFFFFFFFFFFFFFFFFFFFFFFFFFFFFF07
:1019F000FFFFFFFFFFFFFFFFDB000000FFFFFFFF18
:101A0000FFFFFFFFFF49000049FFFFFFFFFFFFFF50
:101A1000FFFFFFFFFFFFFFFFFFFFFFFFFFFFFFFFD6
:101A2000FFFFFFFFFFFFFFFFFFFFFFFFFFFFFFFFC6
:101A3000FFFFFFFFFFFFFFFFDB000000FFFFFFFFD7
:101A4000FFFFFFFFFF49000049FFFFFFFFFFFFFF10
:101A5000FFFFFFFFFFFFFFFFFFFFFFFFFFFFFFFF96
:101A6000FFFFFFFFFFFFFFFFFFFFFFFFFFFFFFFF86
:101A7000FFFFFFFFFFFFFFFFDB000000FFFFFFFF97
:101A8000FFFFFFFFFF49000049FFFFFFFFFFFFFFD0
:101A9000FFFFFFFFFFFFFFFFFFFFFFFFFFFFFFFF56
:101AA000FFFFFFFFFFFFFFFFFFFFFFFFFFFFFFFF46
:101AB000FFFFFFFFFFFFFFFFDB000000FFFFFFFF57
:101AC000FFFFFFFFFF49000049FFFFFFFFFFFFFF90
:101AD000FFFFFFFFFFFFFFFFFFFFFFFFFFFFFFFF16
:101AE000FFFFFFFFFFFFFFFFFFFFFFFFFFFFFFFF06
:101AF000FFFFFFFFFFFFFFFFDB000000FFFFFFFF17
:101B0000FFFFFFFFFF49000049FFFFFFFFFFFFFF4F
:101B1000FFFFFFFFFFFFFFFFFFFFFFFFFFFFFFFFD5
:101B2000FFFFFFFFFFFFFFFFFFFFFFFFFFFFFFFFC5
:101B3000FFFFFFFFFFFFFFFFDB000000FFFFFFFFD6
:101B4000FFFFFFFFFF49000049FFFFFFFFFFFFFF0F
:101B5000FFFFFFFFFFFFFFFFFFFFFFFFFFFFFFFF95
:101B6000FFFFFFFFFFFFFFFFFFFFFFFFFFFFFFFF85
:101B7000FFFFFFFFFFFFFFFFDB000000FFFFFFFF96
:101B8000FFFFFFFFFF49000049FFFFFFFFFFFFFFCF
:101B9000FFFFFFFFFFFFFFFFFFFFFFFFFFFFFFFF55
:101BA000FFFFFFFFFFFFFFFFFFFFFFFFFFFFFFFF45
:101BB000FFFFFFFFFFFFFFFFDB000000FFFFFFFF56
:101BC000FFFFFFFFFF49000049FFFFFFFFFFFFFF8F
:101BD000FFFFFFFFFFFFFFFFFFFFFFFFFFFFFFFF15
:101BE000FFFFFFFFFFFFFFFFFFFFFFFFFFFFFFFF05
:101BF000FFFFFFFFFFFFFFFFDB000000FFFFFFFF16
:101C0000FFFFFFFFFF49000049FFFFFFFFFFFFFF4E
:101C1000FFFFFFFFFFFFFFFFFFFFFFFFFFFFFFFFD4
:101C2000FFFFFFFFFFFFFFFFFFFFFFFFFFFFFFFFC4
:101C3000FFFFFFFFFFFFFFFFDB000000FFFFFFFFD5
:101C4000FFFFFFFFFF49000049FFFFFFFFFFFFFF0E
:101C5000FFFFFFFFFFFFFFFFFFFFFFFFFFFFFFFF94
:101C6000FFFFFFFFFFFFFFFFFFFFFFFFFFFFFFFF84
:101C7000FFFFFFFFFFFFFFFFDB000000FFFFFFFF95
:101C8000FFFFFFFFFF49000049FFFFFFFFFFFFFFCE
:101C9000FFFFFFFFFFFFFFFFFFFFFFFFFFFFFFFF54
:101CA000FFFFFFFFFFFFFFFFFFFFFFFFFFFFFFFF44
:101CB000FFFFFFFFFFFFFFFFDB000000FFFFFFFF55
:101CC000FFFFFFFFFF49000049FFFFFFFFFFFFFF8E
:101CD000FFFFFFFFFFFFFFFFFFFFFFFFFFFFFFFF14
:101CE000FFFFFFFFFFFFFFFFFFFFFFFFFFFFFFFF04
:101CF000FFFFFFFFFFFFFFFFDB000000FFFFFFFF15
:101D0000FFFFFFFFFF49000049FFFFFFFFFFFFFF4D
:101D1000FFFFFFFFFFFFFFFFFFFFFFFFFFFFFFFFD3
:101D2000FFFFFFFFFFFFFFFFFFFFFFFFFFFFFFFFC3
:101D3000FFFFFFFFFFFFFFFFDB000000FFFFFFFFD4
:101D4000FFFFFFFFFF49000049FFFFFFFFFFFFFF0D
:101D5000FFFFFFFFFFFFFFFFFFFFFFFFFFFFFFFF93
:101D6000FFFFFFFFFFFFFFFFFFFFFFFFFFFFFFFF83
:101D7000FFFFFFFFFFFFFFFFDB000000FFFFFFFF94
:101D8000FFFFFFFFFF49000049FFFFFFFFFFFFFFCD
:101D9000FFFFFFFFFFFFFFFFFFFFFFFFFFFFFFFF53
:101DA000FFFFFFFFFFFFFFFFFFFFFFFFFFFFFFFF43
:101DB000FFFFFFFFFFFFFFFFDB000000FFFFFFFF54
:101DC000FFFFFFFFFF49000049FFFFFFFFFFFFFF8D
:101DD000FFFFFFFFFFFFFFFFFFFFFFFFFFFFFFFF13
:101DE000FFFFFFFFFFFFFFFFFFFFFFFFFFFFFFFF03
:101DF000FFFFFFFFFFFFFFFFDB000000FFFFFFFF14
:101E0000FFFFFFFFFF49000049FFFFFFFFFFFFFF4C
:101E1000FFFFFFFFFFFFFFFFFFFFFFFFFFFFFFFFD2
:101E2000FFFFFFFFFFFFFFFFFFFFFFFFFFFFFFFFC2
:101E3000FFFFFFFFFFFFFFFFDB000000FFFFFFFFD3
:101E4000FFFFFFFFFF49000049FFFFFFFFFFFFFF0C
:101E5000FFFFFFFFFFFFFFFFFFFFFFFFFFFFFFFF92
:101E6000FFFFFFFFFFFFFFFFFFFFFFFFFFFFFFFF82
:101E7000FFFFFFFFFFFFFFFFDB000000FFFFFFFF93
:101E8000FFFFFFFFFF49000049FFFFFFFFFFFFFFCC
:101E9000FFFFFFFFFFFFFFFFFFFFFFFFFFFFFFFF52
:101EA000FFFFFFFFFFFFFFFFFFFFFFFFFFFFFFFF42
:101EB000FFFFFFFFFFFFFFFFDB000000FFFFFFFF53
:101EC000FFFFFFFFFF49000049FFFFFFFFFFFFFF8C
:101ED000FFFFFFFFFFFFFFFFFFFFFFFFFFFFFFFF12
:101EE000FFFFFFFFFFFFFFFFFFFFFFFFFFFFFFFF02
:101EF000FFFFFFFFFFFFFFFFDB000000FFFFFFFF13
:101F0000FFFFFFFFFF49000049FFFFFFFFFFFFFF4B
:101F1000FFFFFFFFFFFFFFFFFFFFFFFFFFFFFFFFD1
:101F2000FFFFFFFFFFFFFFFFFFFFFFFFFFFFFFFFC1
:101F3000FFFFFFFFFFFFFFFFDB000000FFFFFFFFD2
:101F4000FFFFFFFFFF49000049FFFFFFFFFFFFFF0B
:101F5000FFFFFFFFFFFFFFFFFFFFFFFFFFFFFFFF91
:101F6000FFFFFFFFFFFFFFFFFFFFFFFFFFFFFFFF81
:101F7000FFFFFFFFFFFFFFFFDB000000FFFFFFFF92
:101F8000FFFFFFFFFF49000049FFFFFFFFFFFFFFCB
:101F9000FFFFFFFFFFFFFFFFFFFFFFFFFFFFFFFF51
:101FA000FFFFFFFFFFFFFFFFFFFFFFFFFFFFFFFF41
:101FB000FFFFFFFFFFFFFFFFDB000000FFFFFFFF52
:101FC000FFFFFFFFFF49000049FFFFFFFFFFFFFF8B
:101FD000FFFFFFFFFFFFFFFFFFFFFFFFFFFFFFFF11
:101FE000FFFFFFFFFFFFFFFFFFFFFFFFFFFFFFFF01
:101FF000FFFFFFFFFFFFFFFFDB000000FFFFFFFF12
:10200000FFFFFFFFFF49000049FFFFFFFFFFFFFF4A
:10201000FFFFFFFFFFFFFFFFFFFFFFFFFFFFFFFFD0
:10202000FFFFFFFFFFFFFFFFFFFFFFFFFFFFFFFFC0
:10203000FFFFFFFFFFFFFFFFDB000000FFFFFFFFD1
:10204000FFFFFFFFFF49000049FFFFFFFFFFFFFF0A
:10205000FFFFFFFFFFFFFFFFFFFFFFFFFFFFFFFF90
:10206000FFFFFFFFFFFFFFFFFFFFFFFFFFFFFFFF80
:10207000FFFFFFFFFFFFFFFFDB000000FFFFFFFF91
:10208000FFFFFFFFFF49000049FFFFFFFFFFFFFFCA
:10209000FFFFFFFFFFFFFFFFFFFFFFFFFFFFFFFF50
:1020A000FFFFFFFFFFFFFFFFFFFFFFFFFFFFFFFF40
:1020B000FFFFFFFFFFFFFFFFDB000000FFFFFFFF51
:1020C000FFFFFFFFFF49000049FFFFFFFFFFFFFF8A
:1020D000FFFFFFFFFFFFFFFFFFFFFFFFFFFFFFFF10
:1020E000FFFFFFFFFFFFFFFFFFFFFFFFFFFFFFFF00
:1020F000FFFFFFFFFFFFFFFFDB000000FFFFFFFF11
:10210000FFFFFFFFFF49000049FFFFFFFFFFFFFF49
:10211000FFFFFFFFFFFFFFFFFFFFFFFFFFFFFFFFCF
:10212000FFFFFFFFFFFFFFFFFFFFFFFFFFFFFFFFBF
:10213000FFFFFFFFFFFFFFFFDB000000FFFFFFFFD0
:10214000FFFFFFFFFF6D240049FFFFFFFFFFFFFFC1
:10215000FFFFFFFFFFFFFFFFFFFFFFFFFFFFFFFF8F
:10216000FFFFFFFFFFFFFFFFFFFFFFFFFFFFFFFF7F
:10217000FFFFFFFFFFFFFFFF92000024FFFFFFFFB5
:10218000FFFFFFFFFFB66D002492DBFFFFFFFFFFA5
:10219000FFFFFFFFFFFFFFFFFFFFFFFFFFFFFFFF4F
:1021A000FFFFFFFFFFFFFFFFFFFFFFFFFFFFFFFF3F
:1021B000FFFFFFFFFFFFFFDB2400006DFFFFFFFFBE
:1021C000FFFFFFFFFFFFDB24002424494949494961
:1021D000494949494949494949494949494949496F
:1021E000494949494949494949494949494949495F
:1021F0004949494949494924000024DBFFFFFFFFC1
:10220000FFFFFFFFFFFFFFB62400000000000000FB
:1022100000000000000000000000000000000000BE
:1022200000000000000000000000000000000000AE
:102230000000000000000000246DB6FFFFFFFFFF5C
:10224000FFFFFFFFFFFFFFFFDB6D492400000000E1
:10225000000000000000000000000000000000007E
:10226000000000000000000000000000000000006E
:102270000000000000002449B6FFFFFF0405060728
:1022800008030202020200C1814001C0804101C076
:10229000804100C1814001C0804100C1814000C136
:1022A000814001C0804101C0804100C1814000C126
:1022B000814001C0804100C1814001C0804101C016
:1022C000804100C1814001C0804100C1814000C106
:1022D000814001C0804100C1814001C0804101C0F6
:1022E000804100C1814000C1814001C0804101C0E6
:1022F000804100C1814001C0804100C1814000C1D6
:10230000814001C0804101C0804100C1814000C1C5
:10231000814001C0804100C1814001C0804101C0B5
:10232000804100C1814000C1814001C0804101C0A5
:10233000804100C1814001C0804100C1814000C195
:10234000814001C0804100C1814001C0804101C085
:10235000804100C1814001C0804100C1814000C175
:10236000814001C0804101C0804100C1814000C165
:10237000814001C0804100C1814001C0804101C055
:10238000804100C1814000C0C101C30302C2C60632
:1023900007C705C5C404CC0C0DCD0FCFCE0E0ACA9D
:1023A000CB0BC90908C8D81819D91BDBDA1A1EDEED
:1023B000DF1FDD1D1CDC14D4D515D71716D6D2129D
:1023C00013D311D1D010F03031F133F3F23236F6AD
:1023D000F737F53534F43CFCFD3DFF3F3EFEFA3A5D
:1023E0003BFB39F9F83828E8E929EB2B2AEAEE2EED
:1023F0002FEF2DEDEC2CE42425E527E7E62622E25D
:10240000E323E12120E0A06061A163A3A26266A6AC
:10241000A767A56564A46CACAD6DAF6F6EAEAA6A1C
:102420006BAB69A9A86878B8B979BB7B7ABABE7E6C
:102430007FBF7DBDBC7CB47475B577B7B67672B21C
:10244000B373B17170B050909151935352929656AC
:102450005797559594549C5C5D9D5F9F9E5E5A9ADC
:102460009B5B99595898884849894B8B8A4A4E8E6C
:102470008F4F8D4D4C8C44848545874746868242DC
:10248000438341818040F763131302010100000080
:10249000010203040607080902040608020C0810DA
:1024A000C02403080000002098010000A0010008DB
:1024B0001825030898010020605500002E540008DC
:1024C000011712A02303142008C314A010040C63E6
:1024D000400BDBDE20FD45A19F9919FE4BDBDE02A0
:1024E0006BFFFF0AC9020A1DFF010B1C1084020BBF
:1024F0001CE00740110A1C0440110A1DF8400A1D87
:1025000080400143022C017CC2EB0B380008000222
:0825100003040607080900009E
:0400000508000141AD
:00000001FF
