:020000040800F2
:100000006054002059010008991E0008C31400081C
:10001000951E0008FD040008ED4B000800000000DC
:10002000000000000000000000000000DD2D0008BE
:100030003909000800000000712400088D32000812
:1000400073010008730100087301000873010008C0
:100050007301000873010008990B00087301000880
:1000600073010008730100087301000873010008A0
:100070007301000873010008730100087301000890
:100080007301000873010008730100087301000880
:100090007301000873010008730100087301000870
:1000A0007301000873010008730100087301000860
:1000B00073010008C54200087301000873010008BD
:1000C0007301000873010008730100087301000840
:1000D00073010008F147000873010008730100086C
:1000E0007301000873010008730100087301000820
:1000F0007301000873010008730100087301000810
:1001000073010008730100087301000873010008FF
:1001100073010008730100087301000873010008EF
:1001200073010008730100087301000873010008DF
:1001300073010008730100087301000873010008CF
:10014000DFF810D000F01AF800480047B551000859
:10015000AFF30080605400200648804706480047FF
:10016000FEE7FEE7FEE7FEE7FEE7FEE7FEE7FEE767
:10017000FEE7FEE7A932000841010008064C074DE2
:1001800006E0E06840F0010394E807009847103467
:10019000AC42F6D3FFF7D8FF241D0308441D030823
:1001A00070B58C1810F8015B15F0070301D110F839
:1001B000013B2A1106D110F8012B03E010F8016B66
:1001C00001F8016B5B1EF9D12B0705D40023521EE9
:1001D0000DD401F8013BFAE710F8013BCB1A921C51
:1001E00003E013F8015B01F8015B521EF9D5A1424F
:1001F000D8D3002070BD000070B50E4805780E48B9
:10020000057003200C4948700020887003210A48BB
:1002100000F076F904460849CC70201208710520D8
:1002200081F83200084690F83220002004F07CFC6F
:1002300070BD0000CE0F0020E00F00202DE9F05F20
:100240002C4807782C4890ED010AF2EE040A20EEC3
:10025000200ABCEEC00A10EE100A84B22046E11754
:1002600004EB1161C1F30728E11704EB11610912D6
:10027000A4EB012101F0FF091F4890ED000AF2EE06
:10028000040A20EE200ABCEEC00A10EE100A85B265
:100290002846E91705EB1161C1F3072AE91705EBB9
:1002A00011610912A5EB012101F0FF0B1348077042
:1002B00003201249487004208870084680F80380A3
:1002C00080F8049080F805A080F806B0072100F0BF
:1002D00017F906460949CE7130120872092081F8D3
:1002E0003200084690F83220002004F01DFCBDE8E2
:1002F000F09F0000CE0F002078110020E00F0020BA
:1003000010B5044890F8332000F13401002004F0C7
:100310000BFC10BDE00F00202DE9F0418046B8F144
:10032000000F05D14FF6FF7542F2041637460DE077
:10033000B8F1010F05D142F204154FF6FF762F46B2
:1003400004E042F204152E464FF6FF774FF49B73FC
:10035000E0223C21084603F059FE002404E0284630
:1003600003F0DEFE601CC4B2552CF8DBE0231A4615
:1003700094213C2003F04AFE002404E0284603F0C8
:10038000CFFE601CC4B2582CF8DB4FF49B73E02204
:100390009421084603F03AFE002404E0284603F0C6
:1003A000BFFE601CC4B2552CF8DB4FF49B731A4699
:1003B00094213C2003F02AFE002404E0284603F0A8
:1003C000AFFE601CC4B2582CF8DBCC2375223C2154
:1003D000084603F01BFE002404E0304603F0A0FEB4
:1003E000601CC4B2572CF8DB75231A4694213C20BC
:1003F00003F00CFE002404E0304603F091FE601C84
:10040000C4B2582CF8DBCC2375229421084603F0A3
:10041000FDFD002404E0304603F082FE601CC4B2FF
:10042000572CF8DBCC231A4694213C2003F0EEFD38
:10043000002404E0304603F073FE601CC4B2582C64
:10044000F8DB61230A223C21084603F0DFFD00248B
:1004500004E0384603F064FE601CC4B2572CF8DB9D
:100460000A231A4694213C2003F0D0FD002404E026
:10047000384603F055FE601CC4B2582CF8DB6123EB
:100480000A229421084603F0C1FD002404E0384606
:1004900003F046FE601CC4B2572CF8DB61231A46F9
:1004A00094213C2003F0B2FD002404E0384603F020
:1004B00037FE601CC4B2582CF8DBBDE8F0817047F1
:1004C00010B502F0A7F803F045FE01F02BFCFFF792
:1004D000F6FF01F047FA04F01EFC02F02BFC02F0DC
:1004E000CDF904F07FF903F0AFFE01F0D6FC00F087
:1004F0002BFB01F0B9F901F0AFFC10BD00BFFEE726
:1005000070B502460C46FF25FF2309E012F8010BE7
:1005100080EA03010648405C80EA05030548455C23
:10052000201EA4F10106B4B2F0D143EA052070BD4B
:100530000C1B03080C1C030810B501460F4BD878A0
:100540001A7941B1431CDBB218460D4CA45CA3429E
:100550000ADB002008E0031EA0F10104E0B203D191
:10056000074B9B5C5B1ED8B2044BD8700A23034C2C
:10057000E3710123034C637010BD0000681100207B
:10058000081B03085C11002070B505460D4804796E
:10059000601CC0B20446042800DB002401200A4984
:1005A0000870084804710A200649C8710749085DA7
:1005B00002F0A6FC012006498870002005498870D9
:1005C00070BD0000681100201B010020041B0308FF
:1005D0005C110020250100202DE9F14F86B09F48D5
:1005E00000799F4911F800A0BAF1040F09D0BAF1BF
:1005F000050F5AD0BAF1060F7BD0BAF1070F77D1A9
:10060000A0E009269748007805460290642095FBF3
:10061000F0F0C0B28DF80600642095FBF0F100FB0D
:100620001150C0B2054603900A2095FBF0F0C0B20D
:100630008DF805000A2095FBF0F100FB1150C0B2C7
:10064000054604908DF804508448C078022802DDE5
:1006500002208249C8708148C078022804D102264D
:100660000398C830029013E09DF8060002280FDBC3
:100670007A48C078012804D104260498F03002900A
:1006800006E09DF80500042802DB0726F72002900B
:100690004FF0000B0298F72801DD701EC6B26F48BC
:1006A000C07801A900EB010877E009266D4844787D
:1006B00027463C460A2097FBF0F100FB1140C0B2F0
:1006C0008DF804000A2097FBF0F0C0B28DF8050009
:1006D0006248C078012802DD01206049C8704FF0EF
:1006E000000B5E48C07801A900EB010855E000E06E
:1006F00052E009265B48847827463C460A2097FB4F
:10070000F0F100FB1140C0B28DF804000A2097FB05
:10071000F0F0C0B28DF805005048C078012802DD25
:1007200001204E49C8704D48C078012800D10126EB
:100730004FF0000B4948C07801A900EB010804F014
:1007400035FB2AE009264748C47805940A20059C11
:1007500094FBF0F100FB1140C0B28DF804000A20B8
:10076000059C94FBF0F0C0B28DF805003B48C078C2
:10077000012802DD01203949C8703848C0780128B5
:1007800000D101264FF0000B3448C07801A900EBDE
:10079000010804F00BFB00E000BF00BF98F80090D8
:1007A000069820B109F1010000F0FF0903E0A9F16A
:1007B000010000F0FF09B14505DD069810B14FF0CA
:1007C000000900E0B14688F80090BAF1040F13D197
:1007D0009DF80600642110FB01F09DF8051001EB67
:1007E000810100EB41009DF804100844C5B2F72DCB
:1007F00000DDF7251B480570BAF1050F09D19DF8FA
:1008000004009DF8051001EB810100EB4100154942
:100810004870BAF1060F09D19DF804009DF8051043
:1008200001EB810100EB41000E498870BAF1070F1E
:1008300009D19DF804009DF8051001EB810100EB42
:1008400041000849C8700020044988700A20C87116
:1008500001200549487007B0BDE8F08F68110020FD
:10086000041B0308D70F00205C11002000200FE0BC
:100870001149095C114A125C914203DD1049095C7F
:100880000D4A11540C49095C0E4A1154411CC8B25E
:100890000428EDDB0849097901F00F01072905DD7E
:1008A0000549097901F0F001034A117102490979FA
:1008B000044A117170470000CE0F00200C1D030880
:1008C000101D0308D70F002070B5002413E04FF669
:1008D000FF7000EA44260A49701800F0E3FA054662
:1008E00042F22830854203DB4FF6FF70854200D18B
:1008F00003E0601C84B20A2CE9DB00BF304670BD07
:1009000000F8030810B509480078012803D008480A
:10091000C07A012800D110BD064890F8330006289F
:1009200000DAF8E700F022F800BFF4E71B0100202E
:1009300018110020E00F0020704700B5034603E0C7
:100940004FF47A7000F005F8181EA3F10103F7D1F7
:1009500000BD07E0002101E04A1C91B21529FBDB34
:10096000421E90B20028F5DC704700002DE9F041EE
:100970004C48047800274C4890F83300801E81B220
:1009800049483430FFF7BCFD0646474890F833002D
:10099000801E454934310D5C434890F83300401EB9
:1009A000085C05EB002085B23F4890F8340050BB4E
:1009B0003D4890F83500062825D13B4890F8330093
:1009C000082820D1384890F8370010B901F048FFC6
:1009D00065E0354890F83700012860D13348007A47
:1009E00002285CD00120314908722F4890F8390064
:1009F0002F49087001202D4988722E490871042062
:100A000002F07EFA4BE0284890F83400A04246D12C
:100A1000F4B3254890F83500032802D006283ED1CB
:100A200012E0214890F8380030B91F4890F839009A
:100A3000012801D1FFF7E0FB1B4890F839000E2890
:100A400001D1FFF7FBFB00BF174890F83700C12822
:100A500025D1FFF755FC144890F8391090F838006C
:100A600001EB002000EE100AB8EEC00AF2EE040A14
:100A700080EE201ABCEEC10A10EE100A0C49487034
:100A80000846407863280ADA08464078054900E0BD
:100A900005E0487002F0A4F9052002F031FABDE843
:100AA000F0810000CE0F0020E00F0020C20F0020D8
:100AB000D70F00202501002070B506460D4880891B
:100AC00000F23F1083B20B488289EF21002003F02F
:100AD0009DFA00240AE0002504E0304603F020FBE4
:100AE000681C85B2F02DF8DB601C84B2B4F5A07FE1
:100AF000F1DB70BD424C002010B500200849C872DF
:100B000008490870C870487088700549C871087233
:100B10000449087102F0F4F901F04AF910BD00002F
:100B2000181100201B01002008B506208DF80000D8
:100B300000208DF801008DF8020001208DF80300DF
:100B4000684601F0B7F908BD0EB50120ADF8080000
:100B500002208DF80A0028208DF80B0002A90D480C
:100B600000F01EFA0121084601F044FD002108466C
:100B700000F0F6F90120009000208DF8040010200C
:100B80008DF8050001208DF80600684600F02EF86B
:100B90000EBD00000008014010B5012000F012F861
:100BA00030B1012000F008F804F078FA014908702B
:100BB00010BD00001A0100200149086070470000C4
:100BC00014040140014600200022074B1B6803EA81
:100BD0000102054B14331B680B4013B10AB101200D
:100BE00000E000207047000000040140002123497C
:100BF0008279002A3AD00A46126803689A430B4663
:100C00001A600A1D126803689A430B1D1A60027964
:100C100011440A6803681A430A60184A08321268C5
:100C200003689A43154B08331A601A1D126803684B
:100C30009A43124B0C331A604279102A0ED11A1FB4
:100C4000126803681A430D4B08331A601A1D1268A4
:100C500003681A43094B0C331A600DE007494279C7
:100C600011440A6803681A430A6005E002791144D6
:100C70000A6803689A430A60704700000004014054
:100C800010B501200D498870C87000200871FFF769
:100C900033FF00200A4988720A48C07900B910BDA4
:100CA000002405E00848005D08490855601CC4B2EE
:100CB000042CF7DB02F094F800BFF0E725010020D8
:100CC000C20F002068110020D70F0020CE0F002097
:100CD00030B504460425B4F1046F24D3681F00F036
:100CE00004F90546042D1CD12448006840F0020098
:100CF00022499039C1F890000846C0F89440D0F8D5
:100D0000900040F040001D490860681F00F0EDF8B9
:100D100005461A489038D0F8900020F00200174994
:100D20000860284630BD164800684FF0006101EBAE
:100D30008020401EA0421FD3480000F0C3F80546A3
:100D4000042D19D10D489038006940F002000B497C
:100D50009039086108464461006940F0400008612C
:100D6000C80300F0AFF8054604489038006920F049
:100D700002000249903908612846D3E790200240DA
:100D8000E0F7FF1F04200B49C96801F0010109B118
:100D900001200EE00749C96801F0040109B10220F1
:100DA00007E00449C96801F0100109B1032000E01F
:100DB000042070470020024004200B49096801F01C
:100DC000010109B101200EE00749096801F00401A1
:100DD00009B1022007E00449096801F0100109B1D6
:100DE000032000E0042070478C2002400348006983
:100DF00040F0800001490861704700000020024077
:100E000070B504460D460426B4F1046F1ED34FF4AA
:100E1000704000F06AF80646042E15D11F4800689D
:100E200040F001001D49086025804FF4704000F03B
:100E30005CF8064619489038D0F8900020F0010080
:100E400016499039C1F89000304670BD14480068CA
:100E50004FF0006101EB8020401EA0421CD34FF4F4
:100E6000704000F02FF80646042E15D10B4890383C
:100E7000006940F0010009499039086125804FF46C
:100E8000704000F01FF8064604489038006920F0D2
:100E900001000249903908613046D6E790200240AF
:100EA000E0F7FF1F01460888704700000248034929
:100EB00048600348486070472301674500200240AE
:100EC000AB89EFCD00B502460423FFF75BFF034675
:100ED00003E0FFF757FF0346521E012B01D1002A02
:100EE000F7D102B90523184600BD00B50246042318
:100EF000FFF762FF034603E0FFF75EFF0346521E63
:100F0000012B01D1002AF7D102B90523184600BDF3
:100F100030B50346A12921DBA12B0DDBA92B0BDC6E
:100F2000A1F1A100A3F1A104C4EB041505EB441445
:100F300000EB4400504330BDB02B0FDBF72B0DDC32
:100F4000A1F1A100A3F1B004C4EB041505EB441416
:100F500000EB440000F24E305043ECE70020EAE79B
:100F600030B500228B071C0F0F2303FA04F20B4B42
:100F70008C1053F824309343084C8D1044F82530DE
:100F800023468C1053F824308C07240F00FA04F405
:100F90002343024C8D1044F8253030BD0800014039
:100FA0002DE9F04102460025002600200023002400
:100FB000002791F803C00CF00F0591F803C00CF066
:100FC000100CBCF1000F03D091F802C04CEA0505EB
:100FD00091F800C0BCF1000F31D0146800202BE064
:100FE0004FF0010C0CFA00F3B1F800C00CEA030654
:100FF0009E4220D183004FF00F0C0CFA03F7BC4344
:1010000005FA03FC4CEA040491F803C0BCF1280F74
:1010100006D14FF0010C0CFA00FCC2F814C00AE033
:1010200091F803C0BCF1480F05D14FF0010C0CFA48
:1010300000FCC2F810C0401C0828D1D31460B1F8DD
:1010400000C0BCF1FF0F34DD546800202EE000F139
:10105000080C4FF0010808FA0CF3B1F800C00CEAD4
:1010600003069E4221D183004FF00F0C0CFA03F7C8
:10107000BC4305FA03FC4CEA040491F803C0BCF13C
:10108000280F05D100F1080C08FA0CF8C2F81480FA
:1010900091F803C0BCF1480F07D100F1080C4FF0E4
:1010A000010808FA0CF8C2F81080401C0828CED3BA
:1010B0005460BDE8F081000010B5B0F5003F7AD073
:1010C00037DCB0F5807F77D015DC082875D009DCD7
:1010D000B0F1004F72D0012871D0022875D00428D9
:1010E0006FD173E010286DD030286CD040286BD0C1
:1010F000C028F5D1D5E0B0F5805F6DD00CDCB0F53F
:10110000007F77D0B0F5407F75D0B0F5006F73D019
:10111000B0F5406FE4D10AE1B0F5804F6DD0B0F585
:10112000C04F6BD0B0F5004F51D0B0F5803FD7D154
:101130004EE0D44BC21A98426FD01DDCB0F1007F54
:101140006CD00CDCB0F5802F44D0B0F5002F44D02B
:10115000B0F5801F42D0B0F1807FC1D111E1B0F174
:10116000806F78D06FF080420244002A74D01F2A2A
:1011700073D03F2AB4D12FE1C34C131BA2426DD0D0
:101180000CDC802A6BD0B2F5C07F69D0B2F5607FED
:1011900067D0BE4B1A44002AA2D133E1B3F5802FA9
:1011A0007CD0B3F5402F7AD0B3F5A01F78D0B3F53B
:1011B000E01F95D128E10CE081E00CE02FE01EE07B
:1011C00003E05CE139E04DE05AE000BF00BF00BF42
:1011D00000BF00BF00BF00BF00BF00BFAC4A5268E5
:1011E0008243AB4B5A60012903D11A46526802432D
:1011F0005A6045E171E07EE08BE0A6E0B3E0A44AEE
:101200005268A44B1A40A24B5A60012904D11A46D5
:10121000526842F001025A6032E1DEE0BFE09C4ACF
:1012200052689C4B1A409A4B5A60012904D11A46C5
:10123000526842F000425A6022E1954A526822F018
:101240003002934B5A60012904D11A46526842F089
:1012500010025A6014E1B0E0BDE0D1E0D3E0BDE09F
:10126000BDE0CEE08A4A526822F03002884B5A60D4
:10127000012904D11A46526842F030025A60FFE058
:10128000834A526822F0C002814B5A60012904D17E
:101290001A46526842F040025A60F1E0C5E0D2E0DE
:1012A000DFE07B4A526822F0C002794B5A60012984
:1012B00004D11A46526842F0C0025A60E0E0744A13
:1012C000526822F44072724B5A60012904D11A46C6
:1012D000526842F480725A60D2E06D4A526822F439
:1012E00040726B4B5A60012904D11A46526842F48D
:1012F00000725A60C4E0664A526822F44072644B3D
:101300005A60012904D11A46526842F440725A6068
:10131000B6E05F4A526822F440625D4B5A60012990
:1013200004D11A46526842F400625A60A8E0584A52
:10133000526822F44062564B5A60012904D11A4681
:10134000526842F440625A609AE0514A526822F46C
:10135000C0424F4B5A60012904D11A46526842F4E8
:1013600080425A608CE04A4A526822F4C042484B9C
:101370005A60012904D11A46526842F4C0425A60A8
:101380007EE0434A526822F0E062414B5A600129F4
:1013900004D11A46526842F080725A6070E03C4AAA
:1013A000526822F0E0623A4B5A60012904D11A4691
:1013B000526842F000725A6062E0354A526822F088
:1013C000E062334B5A60012904D11A46526842F058
:1013D00080625A6054E000BF00BF00BF00BF2C4ACB
:1013E000D269C0F315039A43294BDA61012906D16A
:1013F0001A46D269C0F315031A43254BDA613FE060
:1014000000BF00BF00BF00BF214AD269C0F315036F
:101410009A431F4BDA61012906D11A46D269C0F3FB
:1014200015031A431A4BDA612AE0194AD26922F4E9
:10143000C012174BDA61012904D11A46D26942F46D
:101440000022DA611CE0124AD26922F4C012104B69
:10145000DA61012904D11A46D26942F48012DA61B4
:101460000EE00B4AD26922F4C012094BDA6101295D
:1014700004D11A46D26942F4C012DA6100E000BF1A
:1014800000BF10BD8000004080FF03008000FEFF11
:1014900000000140FEFFFF7F0246002093680B40E2
:1014A0000BB1012000E000207047416170470161ED
:1014B00070474FF6FF710180022181700421C170D5
:1014C000704700BFFEE700002DE9F04104460E46DC
:1014D00017464FF00008002020704FF48071274815
:1014E000FFF7E5FF80251FE04FF400712348FFF769
:1014F000DEFF0120FFF72DFA3846FFF72AFA032016
:10150000FFF727FA4FF480711C48FFF7C5FF10B1B1
:101510002078284320704FF400711848FFF7C5FF6A
:101520000120FFF716FA6D10002DDDDC2EB94FF407
:1015300080711248FFF7B9FF04E04FF480710F4843
:10154000FFF7B5FF0120FFF704FA4FF400710B48D5
:10155000FFF7ADFF0520FFF7FCF94FF400710748D6
:10156000FFF7A3FF4FF480710448FFF7A0FF14209A
:10157000FFF7EFF94046BDE8F0810000000C0140A4
:1015800010B54FF480710F48FFF791FF0120FFF76E
:10159000E0F94FF400710B48FFF789FF0120FFF7D6
:1015A000D8F94FF480710748FFF77FFF0A20FFF753
:1015B000D0F94FF400710348FFF777FF0A20FFF7D7
:1015C000C8F910BD000C014010B54FF400710F4870
:1015D000FFF76BFF0120FFF7BCF94FF480710B4858
:1015E000FFF763FF0120FFF7B4F94FF400710748DC
:1015F000FFF75DFF0A20FFF7ACF94FF48071034855
:10160000FFF755FF0A20FFF7A4F910BD000C0140B9
:1016100070B505460026802421E004EA050028B9BB
:101620004FF480711E48FFF740FF04E04FF48071D3
:101630001B48FFF73CFF0120FFF78BF94FF40071C7
:101640001748FFF734FF0520FFF783F94FF40071C7
:101650001348FFF72AFF0120FFF77BF96410002CE5
:10166000DBDC4FF480710E48FFF721FF4FF400716F
:101670000B48FFF71CFF0120FFF76BF94FF4807157
:101680000748FFF709FF00B101264FF40071044835
:10169000FFF70BFF1420FFF75CF9304670BD000028
:1016A000000C01402DE9F04104460E4617464FF06C
:1016B00000080020207002212248FFF7F8FE802554
:1016C0001CE004211F48FFF7F2FE0120FFF741F95B
:1016D0003846FFF73EF90320FFF73BF9022119488E
:1016E000FFF7DAFE10B12078284320700421154856
:1016F000FFF7DBFE0120FFF72CF96D10002DE0DC79
:1017000026B902210F48FFF7D0FE03E002210D4861
:10171000FFF7CDFE0120FFF71CF904210948FFF770
:10172000C6FE0520FFF715F904210648FFF7BDFEA8
:1017300002210448FFF7BBFE1420FFF70AF94046D8
:10174000BDE8F0810008014010B502210D48FFF707
:10175000AEFE0120FFF7FDF804210A48FFF7A7FEBF
:101760000120FFF7F6F802210648FFF79EFE0A2047
:10177000FFF7EFF804210348FFF797FE0A20FFF771
:10178000E8F810BD0008014070B505460026802429
:101790001DE004EA050020B902211B48FFF785FE81
:1017A00003E002211848FFF782FE0120FFF7D1F87D
:1017B00004211548FFF77BFE0520FFF7CAF8042136
:1017C0001148FFF772FE0120FFF7C3F86410002CE8
:1017D000DFDC02210C48FFF76AFE04210A48FFF70C
:1017E00066FE0120FFF7B5F802210748FFF754FE17
:1017F00000B1012604210448FFF757FE1420FFF72B
:10180000A8F8304670BD00000008014030B502461F
:101810000B46FF20002113E0555C684008240BE0D4
:1018200000F0800525B1312585EA4005E8B201E0E8
:101830004506280E651EECB2002CF1DC4D1CE9B209
:101840009942E9DB30BD2DE9F04105460E461446CC
:1018500031462846FFF7DAFF0746A74202D00220AA
:10186000BDE8F0810020FBE708B50620ADF80000D8
:1018700001208DF8020014208DF80300694602480B
:10188000FFF78EFB08BD0000000801402DE9FC4178
:1018900005460E4617463A46002101A8FFF702FF0B
:1018A000044634B9002211460DF10500FFF7FAFE97
:1018B00004462CB9002231466846FFF7F3FE044681
:1018C00034B99DF80020022101A8FFF7BCFF0446AF
:1018D0009DF805009DF8041040EA0120288020466C
:1018E000BDE8FC8101490870704700004C010020F0
:1018F00010B5FFF729FF05490978012202EB4101E4
:10190000C8B2FFF741FF0446204610BD4C0100203D
:1019100010B50446202C10D006DC012C19D0042C64
:101920001AD0102C1BD104E0402C0ED0802C16D1E4
:1019300007E00120FEF728FE12E00020FEF74CFE33
:101940000EE00120FEF748FE0AE00120FEF7F4FD5C
:1019500006E0FFF795F903E000F014FE00BF00BFBA
:1019600000BF10BD7047000010B504460848007A5B
:10197000012808D1074800780749087001F030FABB
:101980000220034908722046FFF7C2FF10BD000085
:10199000C20F0020D70F0020CE0F002070B53C48AA
:1019A000407A012800D170BD3A48007900B9FAE7C1
:1019B00000203849087101F06DFA04462046E1170D
:1019C00004EB1161C1F30725E6B23148407A0228E1
:1019D00037D030488079012833D12E48407CA84246
:1019E0002DD125BB2B48407801281AD12948007CED
:1019F00018B92848007C012813D02648007C1028FC
:101A000007D10120244908712249087CFFF7ACFF67
:101A100007E021480079012803D11E49087CFFF71F
:101A2000A3FF00201B4948700846057407E01948C9
:101A3000407820B9012017494870084605741548B8
:101A400045741348407A03281BD012484079012876
:101A500017D11048C07BB04211D11EB900200D49EA
:101A600008700CE00B48007848B90B480079012851
:101A700005D13046FFF778FF012006490870054878
:101A8000C673002003494871887100BF8BE70000CE
:101A9000C20F0020181100202501002000B54B487E
:101AA000C379052B00DB05234948408949F22631DB
:101AB000884205D04648408947F2937188423DD11B
:101AC000C3EBC300434901EB400210784249087060
:101AD000507848705088488090888880D088C88026
:101AE000108908815089488190898881032002F0FB
:101AF00013FB3949488802F013FB4FF4047002F0DD
:101B00000BFB3549888802F00BFB40F2112002F0F4
:101B100003FB3149C88802F003FB40F2122002F0B7
:101B2000FBFA2D49088902F0FBFA40F2132002F07B
:101B3000F3FA2949488902F0F3FA46E0C3EBC300FF
:101B4000264901EB4002107823490870507848700C
:101B50005088488090888880D088C8801089088103
:101B60005089488190898881362002F0D5FA1A4937
:101B7000488802F0D5FA2A2002F0CEFA1649898860
:101B8000081202F0CDFA1449087902F0C9FA124994
:101B9000C988081202F0C4FA0F49887902F0C0FA25
:101BA0002B2002F0B9FA0C490989081202F0B8FAA0
:101BB0000949087A02F0B4FA07494989081202F083
:101BC000AFFA0549887A02F0ABFA00BDCE0F0020CB
:101BD0005C110020FC520008424C002050530008C9
:101BE00010B548484078C0B94748C07928B9474837
:101BF0000078012801D1FFF743F84348407860B1ED
:101C00004148808948B900203F49487040484078A1
:101C10003F490870012001F073F93A48407800B953
:101C200010BD002201213B4802F05EFD0220354933
:101C3000487008460079487101221146354802F083
:101C400053FD3048007920B14FF400513248FFF77E
:101C50002CFC324804682B4840790A2818D2DFE867
:101C600000F0170817170B0E1114170500F04EFBA4
:101C700011E000F0D9F90EE000F05EF90BE001F0A0
:101C80004FFA08E001F0F0F905E001F0A3FA02E0F4
:101C900000F0CAF900BF00BF20480068001B1949C6
:101CA000088108464078022812D1002048708870C8
:101CB000C8701B484078062802DB0020184948708D
:101CC0001048018916484278083020F8121016E0B2
:101CD0001348407818B906201149487006E01048AA
:101CE0004078062802DB01200D494870054802892A
:101CF0000B484078401E0A49083121F8102000BFE7
:101D00008EE700005C110020681100201B010020FC
:101D10001201002000040040000C0140504C002043
:101D20003011002008B58020ADF8000002208DF8A9
:101D3000020010208DF8030069461A48FFF730F9B9
:101D40002020ADF8000069461748FFF729F9102058
:101D5000ADF8000069461448FFF722F92020ADF8DD
:101D6000000069461148FFF71BF90820ADF8000094
:101D700069460C48FFF714F980210A48FFF795FBE4
:101D800020210948FFF791FB10210748FFF78DFB41
:101D900020210648FFF78BFB08210248FFF785FB4F
:101DA00008BD00000008014000100140001801407B
:101DB00010B500200249087003F084F910BD00003E
:101DC0001201002010B500F005FD0948007858B94F
:101DD000002405E00748005D05490855601CC4B2B1
:101DE000042CF7DB00F0FCFFFEF740FD10BD000007
:101DF000CE0F0020101D030838B50446102C00DD5E
:101E000000241048807801281AD10F48007868B95A
:101E10000C48047000780D4901EBC0050C480068BF
:101E20000090D5E9001201F0D1FA09E006480478E3
:101E3000102C00DD0024074931F81400FEF73CFEA9
:101E400038BD00005C110020020000202054000872
:101E5000205500080600002008B57020ADF80000ED
:101E600001208DF8020010208DF803006946084813
:101E7000FFF796F840210648FFF719FB2021044898
:101E8000FFF715FB10210248FFF711FB08BD00000A
:101E90000008014000BFFEE7704710B54FF4A06096
:101EA00000F040F802F0FCF9FEF73EFE02F0E2FC22
:101EB00010BD000070B5002100230F22C47804B3C8
:101EC000154C246804F4E064C4F5E064210AC1F10F
:101ED0000403CA40447804FA03F18478144021438F
:101EE00009010E4C0678A155047804F01F05012461
:101EF000AC4005786D11AD0005F1E025C5F8004155
:101F000009E0047804F01F050124AC40044D067874
:101F1000761145F8264070BD0CED00E000E400E0CD
:101F200080E100E002490143024A1160704700006D
:101F30000000FA050CED00E01EB5354804780020DD
:101F400002900A2094FBF0F100FB11403030C0B247
:101F50008DF80800642094FBF0F100FB11400A2189
:101F600090FBF1F03030C0B28DF80900642094FB92
:101F7000F0F03030C0B28DF80A0026480078022810
:101F800005D00220FFF738FF0220224908702249BD
:101F9000C878FEF7C1F921482149097830F81100C5
:101FA00020491F4A127831F81210CDE900109DF82F
:101FB00008200523F321482001F0D8FD17481849CF
:101FC000097830F811001749154A127831F81210C3
:101FD000CDE900109DF8092005238921482001F052
:101FE000C5FD0E480E49097830F811000D490C4A1C
:101FF000127831F81210CDE900109DF80A2005235F
:102000001E21482001F0B2FD0220024948701EBD89
:10201000D70F0020250100206811002006000020B5
:10202000020000202600002070B52DED028B86B046
:102030006A4890ED010AB0EE408AB2EE040A28EE3A
:10204000000ABCEEC00A10EE104A90ED000AF2EE53
:10205000040A20EE200ABCEEC00A10EE105ABCEEB4
:10206000C80A10EE100A86B2002003905C4840783F
:102070000A2190FBF1F03030C0B28DF80C005848C6
:10208000407890FBF1F201FB12003030C0B28DF8C5
:102090000D0000F0B1F804A9204602F084FB05A968
:1020A000284602F080FB9DF81000302819D14D48D9
:1020B0004D49097830F811004C494B4A127831F8F3
:1020C0001210CDE900109DF81120052384215C2019
:1020D00001F04CFD84235C22AC21104601F0ECF9A8
:1020E00016E09DF8100098B13E483F49097830F855
:1020F00011003E493C4A127831F8121005220223A1
:10210000CDE90021029004AA5C21084601F042FFBB
:1021100034483549097830F811003449324A127888
:1021200031F81210CDE900109DF813200523B621D7
:102130005C2001F01BFD4FF6FF700323062268218F
:102140000090A82002F03CFF26482749097830F883
:1021500011002649244A127831F812100022042373
:10216000CDE90021029005AA0A21B42001F012FF56
:102170001C481D49097830F811004FF44071CDE931
:1021800000109DF80C2003230E21762001F0EEFCB8
:1021900014481549097830F811004FF44071CDE921
:1021A00000109DF80D2003231E21762001F0DEFC97
:1021B0000F48C089012803D00E48C078012809D1F2
:1021C0000C48C178304602F02DFE00200849C88135
:1021D0000849C87006B0BDEC028B70BD78110020B4
:1021E000CE0F002006000020020000202600002064
:1021F000504C00202501002008B53D48D0ED010AD3
:102200003C484078401C00EE100AB8EEC00AF4EEDC
:10221000C00AF1EE10FA03D801203749087011E026
:102220003348D0ED010A33484078401C00EE100AD4
:10223000B8EEC00AF4EEC00AF1EE10FA02DD00209A
:102240002D4908702D48007868B12B48007850B9A6
:102250000020FFF7D1FD0121002002F0E3FD002066
:10226000264908701CE025480078012818D022482B
:102270000078012814D11E48807A012806D1202137
:102280001F48FFF714F90020194988720120FFF751
:10229000B3FD0121002002F0C5FD0120174908709F
:1022A00015484078012810D11448407801280CD0F6
:1022B0001448406800901448D0E90A12009801F0D0
:1022C00085F801200D49487011E00B48407870B93D
:1022D0000A48407858B10B48406800900A48D0E955
:1022E0000812009801F072F800200449487008BDF7
:1022F00078110020CE0F00201001002025010020C1
:102300000010014020550008205400082DE9FE412E
:102310004A480088FEF7D0FB494890F80080012029
:10232000474908704748408947F29371884228D14D
:102330004548007820B191245A25C4261E2703E081
:102340007824AA2555266E273C4800884FF6FF7151
:1023500001220623CDE9002102903CA22946204615
:1023600001F018FE354800884DF6DB6100221E237F
:10237000CDE90021029039A23946304601F00AFE2B
:1023800056E03048408949F22631884228D12E480B
:10239000007820B191245A25C4261E2703E0782412
:1023A000AA2555266E27254800884FF6FF71012281
:1023B0000623CDE90021029024A22946204601F0FF
:1023C000E9FD1E4800884DF6DB6100221E23CDE9A1
:1023D0000021029021A23946304601F0DBFD27E0C2
:1023E0001948007820B1EB245A25C8261E2703E09F
:1023F0007824AA2555266E27104800884FF6FF71CD
:1024000001220623CDE90021029010A22946204690
:1024100001F0C0FD094800884DF6DB6100221E2353
:10242000CDE9002102900DA23946304601F0B2FDFF
:10243000034880F80080BDE8FE8100000400002011
:10244000020000205C110020424C002048535F43F2
:102450006162696E657420202020200056312E3084
:102460003020202020323032332D30352D303800CE
:102470007047F0B5074627B94FF6FF7542F20416CC
:1024800003E042F204154FF6FF7640F22B13B4221C
:102490002C21084601F0BAFD002404E0284601F092
:1024A0003FFE601CC4B2782CF8DBB4231A46A4218A
:1024B0002D2001F0ABFD002404E0284601F030FEA1
:1024C000601CC4B2762CF8DB40F22B13B422A4219A
:1024D000084601F09BFD002404E0284601F020FEA0
:1024E000601CC4B2782CF8DB40F22B131A46A421EE
:1024F0002D2001F08BFD002404E0284601F010FEA1
:10250000601CC4B2762CF8DB8B2314222C210846E5
:1025100001F07CFD002404E0304601F001FE601C67
:10252000C4B2782CF8DB14231A46A4212D2001F024
:102530006DFD002404E0304601F0F2FD601CC4B2E1
:10254000762CF8DB8B231422A421084601F05EFDD3
:10255000002404E0304601F0E3FD601CC4B2782C96
:10256000F8DB8B231A46A4212D2001F04FFD002417
:1025700004E0304601F0D4FD601CC4B2762CF8DBD8
:10258000F0BD000010B5012007498870C870002018
:102590000871FEF7B1FA0020044988720448C07936
:1025A00000B910BD00BFFCE725010020C20F0020CC
:1025B0006811002029B1064A52690243044B5A614E
:1025C00004E0034A52698243014B5A61704700009C
:1025D0000010024029B1064AD2690243044BDA6175
:1025E00004E0034AD2698243014BDA61704700007C
:1025F0000010024029B1064A92690243044B9A61D5
:1026000004E0034A92698243014B9A6170470000DB
:102610000010024010B54FF4803000F0B5F80121F1
:102620000802FFF7C7FF01210448FFF7D3FF01218C
:1026300044F67D00FFF7DEFF10BD00000300001828
:10264000F0B50022002100240023484D6D6805F0FC
:102650000C0222B1042A05D0082A3ED105E0444DDF
:1026600005603DE0424D05603AE0404D6D6805F47F
:1026700080343E4D6D683F4E05EA060101F0C045CD
:1026800035B901F47015B5F5701F01D0022500E0D1
:10269000012501F0C046C1F3834747EA5666A919F0
:1026A0001CB9354D4D4305600BE0304D6D6805F4A8
:1026B00000351DB1304D4D43056002E02C4D4D43BA
:1026C00005602A4D6D6805F000452DB92B4E056853
:1026D000B54201D93546056002E0254D056000BFD1
:1026E00000BF224D6D68C5F30212204D6D6805F0E4
:1026F000800515B1224DAD5C00E000252B46056834
:10270000DD404560194D6D68C5F30122174D6D68B8
:1027100005F4806515B11A4DAD5C00E000252B462F
:102720004568DD408560114D6D68C5F3C1220F4DD0
:102730006D6805F4005515B1114DAD5C00E0002544
:102740002B464568DD40C560084D6D68C5F3813294
:10275000064D6D6805F080550DB142F00402094D3B
:10276000AB5CC568B5FBF3F50561F0BD0010024038
:1027700000127A0000003C6000093D0000A24A04FB
:10278000141D03081C1D03081149096821F4803138
:102790000F4A11601146096821F480211160B0F5DB
:1027A000803F03D0B0F5802F0ED106E008490968BC
:1027B00041F48031064A116007E00549096841F497
:1027C000A021034A116000E000BF00BF7047000075
:1027D000001002402DE9F04700250026A846FEF72C
:1027E00065FBFEF771F88146484602F013FCFEF7E0
:1027F000FDFA002411E01849A01C31F810004540F2
:1028000004F1220031F81000464004F1420031F892
:10281000100080EA0808601C84B2052CEBDB002461
:1028200015E025B90C49A01C31F810700BE02EB949
:10283000094904F1220031F8107004E0064904F15E
:10284000420031F8107005490F55601C84B2052C08
:10285000E7DBBDE8F0870000604C0020CE0F0020D1
:1028600010B5FEF749F902F0DDFC002002490870BE
:1028700000F0B6FA10BD0000CE0F002008B54FF4EE
:102880004070ADF8000001208DF8020014208DF892
:10289000030069460148FEF783FB08BD000C0140B8
:1028A00038B50446204600F077F9684600F03AFA59
:1028B00005460121002000F075F938BD10B544200F
:1028C000FFF7EEFF10BD30B502460B46FF2000219A
:1028D00013E0555C684008240BE000F0800525B14A
:1028E000312585EA4005E8B201E04506280E651E5F
:1028F000ECB2002CF1DC4D1CE9B29942E9DB30BDB1
:102900002B4989780A2918DB00EE100AB8EE400A34
:10291000DFED280A20EE200A9FED271AC0EE010AFB
:102920002349897800EE101AB8EE400A30EE800A8A
:10293000F2EE040A30EE600A70471D4989780029DA
:1029400034DB1B4989780A2930DA00EE100AB8EE28
:10295000400ADFED180A20EE200A9FED171AC0EE9C
:10296000010A1349897800EE101AB8EE400A30EED9
:10297000C00AB5EEC00AF1EE10FA02D89FED0F0AB8
:10298000DAE700EE100AB8EE400ADFED0A0A20EEA0
:10299000200A9FED091AC0EE010A0549897800EE68
:1029A000101AB8EE400A30EEC00AC5E700BFC3E710
:1029B000D70F00200000C84200FF7F470000000042
:1029C0003149C9780A291CDB00EE100AB8EE400A2A
:1029D000DFED2E0A20EE200A9FED2D1AC0EE010A2F
:1029E0009FED2C0A70EEC00A2749C97800EE101A34
:1029F000B8EE400A30EE800AF2EE040A30EE600AC9
:102A000070472149C97800293CDB1F49C9780A2948
:102A100038DA00EE100AB8EE400ADFED1C0A20EEAC
:102A2000200ADFED1B0A80EE201A9FED1A0A71EED4
:102A3000400A1549C97800EE101AB8EE400A30EE87
:102A4000C00AB5EEC00AF1EE10FA02D89FED120AE4
:102A5000D6E700EE100AB8EE400ADFED0C0A20EED1
:102A6000200ADFED0B0A80EE201A9FED0A0A71EEB4
:102A7000400A0549C97800EE101AB8EE400A30EE57
:102A8000C00ABDE700BFBBE7D70F002000002F43FF
:102A900000FF7F4700003442000000002DE9F041B4
:102AA00005460E46144631462846FFF70CFF0746FA
:102AB000A74202D00220BDE8F0810020FBE72DE90B
:102AC000FC4105460E4617463A46002101A8FEF78E
:102AD000FBFC044634B9002211460DF10500FEF757
:102AE000F3FC04462CB9002231466846FEF7ECFCA4
:102AF000044634B99DF80020022101A8FFF7CEFF5B
:102B000004469DF805009DF8041040EA0120288045
:102B10002046BDE8FC8100007CB505460E4600F06D
:102B2000E7F8044624B94FF4604000F0EFF804469B
:102B300014B900F0CDF804462CB90022114601A8C2
:102B4000FFF7BDFF04462CB9002201216846FFF7BC
:102B5000B6FF04469CB9BDF80400FFF731FF85EDD0
:102B6000000A95ED000AF2EE040A30EE600A85EDE7
:102B7000000ABDF80000FFF7C3FE86ED000AFEF76D
:102B800023FD0448807A012802D0012000F0B8F922
:102B900020467CBDC20F002001490870704700002C
:102BA0004901002070B506460D4600F0A1F8044624
:102BB000002C72D1002E57D0012E2BD0022E7FD1A7
:102BC000052D22D2DFE805F003090F151B0042F2A4
:102BD0002F0000F09BF804431AE042F22D1000F0A1
:102BE00095F8044314E042F22B2000F08FF80443E0
:102BF0000EE042F2293000F089F8044308E042F286
:102C00002A7000F083F8044302E044F0800400BF1F
:102C100000BF58E0052D22D2DFE805F003090F15AB
:102C20001B0042F2240000F071F804431AE042F263
:102C3000261000F06BF8044314E042F2202000F06C
:102C400065F804430EE042F2223000F05FF80443DE
:102C500008E042F2217000F059F8044302E044F029
:102C6000800400BF00BF2EE0052D24D2DFE805F070
:102C700003090F171D0042F2320000F047F8044329
:102C80001CE042F2301000F041F8044316E042F23A
:102C9000362000F03BF8044310E015E010E042F26B
:102CA000343000F033F8044308E042F2377000F0AB
:102CB0002DF8044302E044F0800400BF00BF02E0AE
:102CC00044F0800400BF00BFFEF77EFC204670BDCC
:102CD00010B5FEF755FC05490978012202EB4101C8
:102CE000C8B2FEF795FC0446204610BD49010020FD
:102CF00010B5FEF745FC044909784906080EFEF7B1
:102D000087FC0446204610BD4901002070B50446EA
:102D10002012FEF77DFC0546E0B2FEF779FC054384
:102D2000284670BD70B50546FFF7E2FF0446204611
:102D300070BD000008B501210D20FFF75BFC68465F
:102D4000FEF7B7FB4FF4C850ADF8000002208DF835
:102D5000020018208DF8030069461948FEF720F993
:102D6000C220ADF8000069461648FEF719F90121A6
:102D70001548FEF7A1F901211448FEF79DF902203C
:102D80001349086000BF1248001D006800F00100F0
:102D90000028F8D10F480E49091F08600E480C4959
:102DA0008839C1F8840000BF09480830006800F085
:102DB00080000028F8D106491031086008BD0000E5
:102DC00000080140000C01400000204000040040C9
:102DD0008820024023016745AB89EFCD7047000092
:102DE0002DE9F0410026FDF741FD00240EE02648C4
:102DF000055D6E402549A01C21F81050203021F8B7
:102E00001050203021F81050601C84B2042CEEDBEE
:102E10001E488681A0F84C60A0F88C60FDF754FD38
:102E20000746384602F0F6F800241DE01749A01CBA
:102E300031F81010164A32F81000814211D11349AE
:102E400004F1220031F8101032F81000814208D14C
:102E50000E4904F1420031F8101032F8100081429E
:102E600000D003E0601C84B2052CDFDB00BF052C22
:102E700007DA07480088401C04490880384602F0F9
:102E8000DFF8BDE8F0810000CE0F0020604E00208A
:102E9000604C00201848C27B417C4079012805D154
:102EA000002216480078082800D1012212488079B3
:102EB00001281DD1002111480078102801D11021CE
:102EC00016E00E480078022801D1202110E00B48BE
:102ED0000078012801D180210AE0084800782028E4
:102EE00001D1402104E005480078042800D10421E4
:102EF00002EB012080B27047181100201A01002057
:102F000017494978022903D10321154A517002E07B
:102F10000121134A51700121114A91700021114A77
:102F200051701170D17091700F494A784978491CDD
:102F30000D4B5970052A02DB00211A46517000F032
:102F40007F01074A117108494A78891C885407494A
:102F50000A6805494B78143141F823207047000076
:102F60005C1100208411002030110020504C002002
:102F700010B500F001F810BD1CB5002001900090C4
:102F80003648006840F480303449086000BF334858
:102F9000006800F4003000900198401C01900098F7
:102FA00018B90198B0F5405FF1D141F2883001F0D5
:102FB0001FFE2A48006800F4003010B10120009084
:102FC00001E0002000900098012845D12348406886
:102FD000224948600846406820F46050486008462E
:102FE000406840F4005048600846406820F4E060C3
:102FF00048600846406840F4806048600846406881
:103000001749084015494860084640681549084373
:10301000124948600846006840F08070086000BFB0
:103020000E48006800F000700028F9D00B48406896
:1030300020F00300094948600846406840F002005B
:10304000486000BF0548406800F00C000828F9D12E
:103050004FF4FA7001F0CCFD1CBD000000100240DE
:10306000FFFFC01F000021A03EB527488578002043
:1030700002900A2D03DA2D208DF8090002E02B20A2
:103080008DF809000A2095FBF0F100FB115030305B
:10309000C0B28DF8080007241C480078A04204D074
:1030A000E0B2FEF7A9FE19490C701949C878FFF77C
:1030B000E0F918481849097830F811001749164AFC
:1030C000127831F81210CDE900109DF80820052380
:1030D000DC21482000F04AFD0E480F49097830F8FD
:1030E00011000E490C4A127831F81210CDE9001087
:1030F0009DF8092005233C21482000F037FD0220DF
:10310000024948703EBD0000D70F00202501002075
:103110006811002006000020020000202600002088
:103120001EB526484478002002900A2094FBF0F057
:103130003030C0B28DF809000A2094FBF0F100FB9A
:1031400011403030C0B28DF808001D4800780328C7
:1031500005D00320FEF750FE0320194908701949D5
:10316000C878FFF786F918481849097830F811002F
:103170001749164A127831F81210CDE900109DF85F
:1031800008200523DC21482000F0F0FC0E480F4900
:10319000097830F811000E490C4A127831F81210F3
:1031A000CDE900109DF8092005233C21482000F0BE
:1031B000DDFC0220024948701EBD0000D70F002030
:1031C00025010020681100200600002002000020D8
:1031D000260000203EB52748C578002002900A2D21
:1031E00003DA2D208DF8090002E02B208DF809006C
:1031F0000A2095FBF0F100FB11503030C0B28DF881
:10320000080008241C480078A04204D0E0B2FEF771
:10321000F3FD19490C701949C878FFF72AF91848C5
:103220001849097830F811001749164A127831F810
:103230001210CDE900109DF808200523DC2148205C
:1032400000F094FC0E480F49097830F811000E493F
:103250000C4A127831F81210CDE900109DF80920BF
:1032600005233C21482000F081FC022002494870DF
:103270003EBD0000D70F002025010020681100206E
:1032800006000020020000202600002005480079EA
:10329000012803D100200349087102E001200149FF
:1032A000087170472001002010B51A48006840F4EA
:1032B0007000184908601848006840F0010016497D
:1032C00008600846406815490840134948600846A8
:1032D000006813490840104908600846006820F457
:1032E00080200860084640680E4908400A49486046
:1032F0000846006B0C490840074908634FF41F005B
:103300008860FFF735FE4FF00060024980390860A1
:1033100010BD000088ED00E0001002400C00FFE846
:10332000FFFFF6FEFFFF001700FFFEFE10B50120B5
:1033300021494872FEF746FD00F0F8FE80211F4843
:10334000FEF7B5F84FF47A70FDF7F7FA80211B48C5
:10335000FEF7ABF820211A48FEF7A9F84FF47A706F
:10336000FDF7EBFA20211648FEF79FF810211448CC
:10337000FEF79DF84FF47A70FDF7DFFA1021104840
:10338000FEF793F808210D48FEF791F84FF47A7094
:10339000FDF7D3FA08210948FEF787F8002006490F
:1033A000C8714872074908704FF47A7006498880DE
:1033B000FDF7A2FB10BD0000C20F00200008014075
:1033C00000100140020D0020504C00202DE9F74F65
:1033D00082B03848007818B3BDF80A0035498989A9
:1033E000084485B2BDF80A00324989890844BDF80D
:1033F0000E10084486B2BDF80870BDF80800BDF88C
:103400000C1008441FFA80F8BDF80CA0701E83B29F
:10341000A8F1010081B22A46384600F0F7FD1BE012
:10342000BDF80850BDF80800BDF80C10084486B27D
:10343000BDF80A70BDF80A00BDF80E1008441FFA66
:1034400080F8BDF80CA0A8F1010083B2701E81B213
:103450003A46284600F0DAFD049800F10360009037
:103460004FF000091FE009FB0AF00190002413E06F
:10347000204604EBD0714910A4EB410121B9019819
:103480002044009951F810B01FFA8BF000F048FE6C
:103490004FEA1B4B601C84B2701BA042E8DC09F1B0
:1034A00001001FFA80F9A8EB07004845DBDC05B0F6
:1034B000BDE8F08F424C00202DE9F84F05460E463E
:1034C00090461F462A4800782A4901EBC000406810
:1034D00000F103600090B54201DAB84501DBBDE8B8
:1034E000F88F2548007840B1701E83B2781E81B2F3
:1034F0002A46404600F08AFD07E0781E83B2701E1F
:1035000081B24246284600F081FDC1462CE000BF52
:10351000C9EB091005EB001B00241EE017480078DA
:1035200090B9204604EBD0714910A4EB410121B9B8
:103530000BEB0400009951F810A01FFA8AF000F07C
:10354000EFFD4FEA1A4A06E00D490C4A127831F8AD
:10355000120000F0E5FD601C84B2701BA042DDDCAF
:1035600009F101001FFA80F9B945D0DB00BFB6E7C9
:103570005C11002020540008424C00200200002072
:103580000600002010B54FF48051FE48FDF78FFF74
:103590000A20FDF7D2F94FF48051FA48FDF785FF74
:1035A0006420FDF7CAF94FF48051F648FDF77FFF1C
:1035B0004FF4FA70FDF7C1F9F348408947F293716F
:1035C00088427CD1012000F0A7FD4FF4807000F00C
:1035D000A7FDFEF763FA902000F09EFD4FF4004037
:1035E00000F09EFD4FF4806000F096FD4FF4C44063
:1035F00000F096FD40F2014000F08EFD002000F04A
:103600008FFD40F2044000F087FD002000F088FDAF
:10361000FF2000F081FD012000F082FD4FF4817059
:1036200000F07AFD4FF4D87000F07AFD4FF4E260BC
:1036300000F072FD102000F073FD40F2127000F0F7
:103640006BFD0F2000F06CFD40F2527000F064FD45
:103650002F2000F065FD0220FDF76FF94FF4607038
:1036600000F05AFD40F2031000F05AFD40F28130A4
:1036700000F052FD45F61B4000F052FD40F2823052
:1036800000F04AFD40F6013000F04AFD40F2833080
:1036900000F042FD40F2156000F042FD4FF4617011
:1036A00000F03AFD40F2111000F03AFD40F2853092
:1036B00000F032FD40F2031000F032FD00E045E082
:1036C00040F2863000F028FD49F6174000F028FD52
:1036D00040F2873000F020FD40F2076000F020FD4E
:1036E0004FF4627000F018FD40F2146000F018FD15
:1036F00040F2893000F010FD40F2111000F010FD92
:1037000040F2027000F008FD572000F009FDFF2094
:1037100000F002FD002000F003FD072000F0FCFC9B
:103720004FF4807000F0FCFC0620FDF706F94FF422
:10373000007000F0F1FC002000F0F2FC40F20120EB
:1037400000F0EAFC002000F0EBFC0DE28E4840891E
:1037500049F2263188427CD140F2027000F0DCFC54
:1037600043F2080000F0DCFC40F2057000F0D4FCED
:10377000362000F0D5FC40F20B7000F0CDFC41F299
:10378000132000F0CDFC012000F0C6FC4FF4807047
:1037900000F0C6FC022000F0BFFC4FF4807000F087
:1037A000BFFCFEF77BF9902000F0B6FC4FF4004020
:1037B00000F0B6FC082000F0AFFC40F2022000F060
:1037C000AFFC092000F0A8FC002000F0A9FC0C20B0
:1037D00000F0A2FC002000F0A3FC0F2000F09CFCF5
:1037E000002000F09DFC4FF4807000F095FC00205C
:1037F00000F096FC4FF4817000F08EFC002000F089
:103800008FFC40F2031000F087FC002000F088FCE1
:103810001420FDF792F84FF4807000F07DFC41F227
:10382000901000F07DFC40F2011000F075FC40F2B9
:10383000272000F075FC0520FDF77FF84FF481701C
:1038400000F06AFC9F2000F06BFC0520FDF775F886
:1038500000E0C9E040F2031000F05EFC4FF4345089
:1038600000F05EFC40F2812000F056FC0E2000F0DB
:1038700057FC0520FDF761F84FF4007000F04CFC98
:10388000002000F04DFC40F2012000F045FC00203B
:1038900000F046FC4FF4407000F03EFC002000F0C9
:1038A0003FFC40F2013000F037FC40F2077000F0BE
:1038B00037FC40F2023000F02FFC40F2066000F0CE
:1038C0002FFC40F2053000F027FC002000F028FC1F
:1038D00040F2063000F020FC4FF4506000F020FC75
:1038E00040F2073000F018FC40F2067000F018FCBF
:1038F0004FF4427000F010FC052000F011FC40F283
:10390000093000F009FC072000F00AFC4FF4437076
:1039100000F002FC002000F003FC40F20D3000F04B
:10392000FBFB0A2000F0FCFB4FF4806000F0F4FB8E
:103930004FF4445000F0F4FB40F2014000F0ECFB87
:10394000012000F0EDFB40F2044000F0E5FB002018
:1039500000F0E6FB4FF4A06000F0DEFB002000F07A
:10396000DFFB40F2015000F0D7FB002000F0D8FB55
:1039700040F2025000F0D0FB002000F0D1FB40F2FA
:10398000035003E0000C01405C11002000F0C4FB78
:10399000002000F0C5FB40F2045000F0BDFB002009
:1039A00000F0BEFB40F2055000F0B6FB002000F036
:1039B000B7FB102000F0B0FB102000F0B1FB11208D
:1039C00000F0AAFB4FF4C06000F0AAFB202000F03A
:1039D000A3FB022000F0A4FB072000F09DFB40F2B7
:1039E000731000F09DFBBFE0112000F095FB7820E4
:1039F000FCF7A3FF362000F08FFBC02000F090FB07
:103A00003A2000F089FB552000F08AFBB22000F03C
:103A100083FB0C2000F084FB0C2000F081FB0020D5
:103A200000F07EFB332000F07BFB332000F078FBBE
:103A3000B72000F071FB462000F072FBBB2000F0C5
:103A40006BFB1B2000F06CFBC02000F065FB2C2002
:103A500000F066FBC22000F05FFB012000F060FB7D
:103A6000C32000F059FB0F2000F05AFBC42000F0E7
:103A700053FB202000F054FBC62000F04DFB0F202C
:103A800000F04EFBD02000F047FBA42000F048FBE4
:103A9000A12000F045FBD62000F03EFBA12000F065
:103AA0003FFBE02000F038FBF02000F039FB002065
:103AB00000F036FB062000F033FB042000F030FB62
:103AC000052000F02DFB052000F02AFB312000F03E
:103AD00027FB442000F024FB482000F021FB362087
:103AE00000F01EFB122000F01BFB122000F018FB60
:103AF0002B2000F015FB342000F012FBE12000F039
:103B00000BFBF02000F00CFB0B2000F009FB0F205A
:103B100000F006FB0F2000F003FB0D2000F000FB7F
:103B2000262000F0FDFA312000F0FAFA432000F0E0
:103B3000F7FA472000F0F4FA382000F0F1FA1420E8
:103B400000F0EEFA142000F0EBFA2C2000F0E8FA76
:103B5000322000F0E5FA212000F0DEFA292000F002
:103B6000DBFA2C2000F0D8FA10BD00002DE9FF4F41
:103B700089B0894614469B4600200290844800780C
:103B8000844901EBC000406800F103600090824866
:103B900000EBCB00407806907F4800EBCB004068FC
:103BA0000490202C00DA2024A4F12000C4B2BBF140
:103BB000080F37D2DFE80BF0050C131A0421282F69
:103BC00000BF764810F8345000EBC400466830E07F
:103BD000734810F8345000EBC400466829E071487F
:103BE00010F8345000EBC400466822E06E4810F82C
:103BF000345000EBC40046681BE06C4810F83450A9
:103C000000EBC400466814E0694810F8345000EB3B
:103C1000C40046680DE0674810F8345000EBC4005B
:103C2000466806E05D4810F8345000EBC400466872
:103C300000BF00BF0698C11700EB5171C1F3CF0858
:103C400005FB08F080B20790049806FB080004907A
:103C5000002712E097FBF5F005FB107000FB0881D0
:103C600097FBF5F0401C081A80B203900498C15DE0
:103C7000514A03981154781C87B207988742E9DBB0
:103C800006990998084480B2059009EB05001FFACF
:103C900080FA4A480078E0B14848808900F5A07071
:103CA0000599884205DC4548808900F5A07080B2FE
:103CB0000590BAF1F00F01DB4FF0F00A0598401EB5
:103CC00083B2AAF1010081B24846099A00F09EF938
:103CD00013E00598F02801DBF0200590BAF5A07FED
:103CE00001DB4FF4A07AAAF1010083B20598401ECF
:103CF00081B24A46099800F089F9002008903EE018
:103D0000089800FB08F080B2039008984844C0EB84
:103D10000011099800EB011600272AE003983844A7
:103D20002549085C0290002007901DE00799029841
:103D3000084100F0010018B1169800F0F1F90EE00A
:103D40001F48007818B1179800F0EAF907E00098CA
:103D500050F816100191019988B200F0E1F9761C33
:103D60000798401C80B2079007980828DEDB781C73
:103D700087B24745D2DB0898401C80B20890AAEB76
:103D8000090108988142BBDC28460DB0BDE8F08FE0
:103D90005C11002020540008C44A01089401010865
:103DA00074260108E42E0108CC47010854CA000813
:103DB00068F20008185400086C010020424C0020F2
:103DC000020000202DE9FF4F87B00E466B480078B7
:103DD0006B4901EBC000406800F103600090694945
:103DE0000A9831F830900A9801EBC000408804909E
:103DF0000A9801EBC000406803900498C11700EBDB
:103E000051714FEAE10A09FB0AF085B2099A51782B
:103E100010782A46FDF77CF803990844039003982C
:103E200000F10360039000241FE0E11704EB91719F
:103E30008910A4EB810111B903980059019094FBFA
:103E4000F9F009FB104000FB0AA194FBF9F0401CBB
:103E5000081A80B206900198C1B24B4A06981154D4
:103E60000198000A0190601C84B2AC42DDDB049929
:103E7000079808441FFA80FB06EB090087B2434805
:103E80000078C0B14148808900F5A070584505DC34
:103E90003E48808900F5A0701FFA80FBF02F00DB00
:103EA000F027ABF1010083B2781E81B23046079A49
:103EB00000F0ACF812E0BBF1F00F01DB4FF0F00BBB
:103EC000B7F5A07F01DB4FF4A077781E83B2ABF18A
:103ED000010081B23246079800F098F84FF00008D0
:103EE00045E008FB0AF080B2069006EB0800C0EB44
:103EF0000011079800EB01100290002431E00698B1
:103F000020442149085C0590002526E005982841B9
:103F100000F0010018B1149800F002F915E01C48F7
:103F2000007818B1159800F0FBF80EE0009902989F
:103F300051F81000019005F0010010B10198000C3B
:103F40000190019988B200F0EBF805F0010010B182
:103F50000298401C0290681C85B2082DD6DB601CBC
:103F600084B25445CBDB08F101001FFA80F8B81B7E
:103F70004045B6DC48460BB0BDE8F08F5C11002030
:103F800020540008445500086C010020424C0020D9
:103F9000020000202DE9FE4F06460F4614469846C3
:103FA000DDE90D9A3D4602964FF0000B27E02078A0
:103FB00000B926E0207880280DDACDE9009A227831
:103FC00029460C9B0298FFF7D1FD284485B2B5F530
:103FD000A07F0FDB15E0CDE9009A224629460C9B15
:103FE0000298FFF7EFFE284485B2B5F5A07F00DB0D
:103FF00007E0641C641C0BF101001FFA80FBC34541
:10400000D5DB00BF2846BDE8FE8F000030B5054671
:104010000C463F48408949F22631884205D03C4849
:10402000408947F2937188422ED14FF4047000F01A
:1040300073F8284600F074F840F2112000F06CF894
:10404000204600F06DF840F2122000F065F81046AE
:1040500000F066F840F2132000F05EF8184600F019
:104060005FF84FF4007000F057F8002000F058F8A7
:1040700040F2012000F050F8002000F051F840F22A
:10408000022000F049F842E022480078F0B12A20EE
:1040900000F042F8101200F043F8D0B200F040F8FF
:1040A000181200F03DF8D8B200F03AF82B2000F0DA
:1040B00033F8281200F034F8E8B200F031F820129A
:1040C00000F02EF8E0B200F02BF81DE02A2000F0FE
:1040D00023F8281200F024F8E8B200F021F82012AA
:1040E00000F01EF8E0B200F01BF82B2000F014F8EE
:1040F000101200F015F8D0B200F012F8181200F00B
:104100000FF8D8B200F00CF82C2000F005F830BD04
:104110005C110020424C00204FF0C04108807047E5
:1041200001490880704700000000026010B532208D
:10413000FCF703FCFFF726FA0020FCF7BDFCA020EB
:10414000FCF7FBFB4FF400510148FDF7AEF910BD41
:10415000000C014008B54FF40050ADF800001020ED
:104160008DF8030002208DF8020069463348FCF701
:1041700017FF4FF68070ADF8000018208DF803008F
:1041800002208DF8020069462D48FCF709FF4CF229
:104190000370ADF8000018208DF8030002208DF8A0
:1041A000020069462748FCF7FBFE4FF48050ADF84B
:1041B000000010208DF8030002208DF802006946EF
:1041C0001E48FCF7EDFE4FF40060ADF8000018202B
:1041D0008DF8030002208DF8020069461948FCF7AB
:1041E000DFFE8020ADF8000018208DF803000220CB
:1041F0008DF8020069461348FCF7D2FE2020ADF886
:10420000000018208DF8030002208DF80200694696
:104210000C48FCF7C5FE1020ADF8000018208DF802
:10422000030002208DF8020069460648FCF7B8FE3C
:104230004FF400510148FDF73AF908BD000C014068
:1042400000180140001401401FB5124800681249CF
:10425000B0FBF1F0401E84B2684600F09BFA4FF4C8
:104260007A700290ADF800400020ADF80C0001908B
:1042700069460A4800F042FA0121084800F014FAA1
:1042800001221146054800F02FFA0121034800F0F1
:104290000EFA1FBD5801002040420F0000040040EC
:1042A00008B51D208DF8000001208DF801000020C8
:1042B0008DF8020001208DF803006846FDF7FAFD35
:1042C00008BD000010B50121DD4800F0FCF9002810
:1042D0007ED0DC480068401CDA4908600121D848DB
:1042E00000F0E2F9D8480068401CD7490860084649
:1042F0008068401C886008468068B0F57A7F0ED3DD
:10430000D2488078012803D1D149081FFEF704FC68
:104310000020CD49886008468089401C8881CA48B1
:1043200080893C2804DB0020C74988810120C8819E
:10433000C84890F83300A8B1C64890F8341190F8F6
:104340003401401EC34A82F8340159B90120114694
:1043500081F83501FCF7D6FA0020BE4981F8350115
:1043600081F83300BC48407BA8B1BB48407B401E6D
:10437000B9494873B9484078022816D00846407BAE
:10438000052190FBF1F201FB120070B90120B24946
:104390000871487109E0B1484078022805D01F2013
:1043A000AD494873012008718871FDF7F7FAAC48F0
:1043B000C08820B1AA48C088401EA949C880A94821
:1043C000408920B1A7484089401EA649488100E0A5
:1043D000B4E0A548C08820B1A348C088401EA249C7
:1043E000C88099498888411E974A918018BB4FF42C
:1043F0007A701146888020219C48FDF756F880216C
:104400009B48FDF752F808219948FDF74EF8102116
:104410009648FDF74AF89348C07920B19148C07991
:10442000401E9049C8718F48808920B18D4880898D
:10443000401E8C4988818F48007800287ED08448AF
:10444000001F90ED010AB5EEC00AF1EE10FAF5D0AA
:104450008948007820B101282BD0022828D181E09A
:104460007B48001FD0ED010A84484078C01C00EE54
:10447000100AB8EEC00AF4EEC00AF1EE10FA14DB2E
:10448000012000F0FBFD6F4800687D4988420FD392
:10449000002000F0F3FD012000F0B4FE0220764978
:1044A000087000206749086002E001207249087026
:1044B000C4E074480078012809D16548001F90EDD8
:1044C000010A714880ED000A00206E4908706048BA
:1044D000001FD0ED010A6948407800EE100AB8EEDE
:1044E000400AF4EEC00AF1EE10FA06D2002000F005
:1044F000C5FD00205349086033E05548001F90ED8A
:10450000010A6148D0ED000AB4EEE00AF1EE10FABB
:104510001DDD5E480068401C5C4908600846006874
:104520005B4988421DD900205849086000F0A6FD6B
:10453000012000F067FE0020424900E07FE00860B3
:1045400002204D49087001204E49087009E040489A
:10455000001F90ED010A4C4880ED000A00204B49F5
:1045600008606BE020214248FCF796FF10B900205C
:1045700000F084FD01203649091F88723148006827
:104580004EF6602188420BD342480078012807D1BB
:1045900000F028FE00203F4908702A4908604CE0DE
:1045A000284800683C4988420CD33C4800780128E0
:1045B00008D1002000F016FE00203849087021497B
:1045C00008603AE01F4800684EF66021884212D326
:1045D00010212748FCF760FF01280CD130480078F3
:1045E000012808D1002000F00DFE00202C490870A1
:1045F0001449086021E013480068274988421CD309
:1046000020211B48FCF748FF012816D124480078D8
:1046100098B92248007880B91E48007868B900200F
:10462000084908600120144908701A4908701B499C
:1046300008701B4908701B49087000BF00BF10BDFF
:104640000004004034010020504C002025010020CF
:104650007C110020E00F0020181100205C110020C8
:104660001201002068110020841100200010014078
:10467000000801402C0100204F010020CE0F002037
:1046800020BF020044010020400100203C01002026
:10469000E093040045010020C027090046010020E6
:1046A0004701002048010020CA430282704721B11F
:1046B000028842F00102028004E002884FF6FE7395
:1046C0001A400280704730B50246002000230024C3
:1046D000158A05EA0103958905EA010413B10CB1B5
:1046E000012000E0002030BD1AB183890B43838193
:1046F00002E083898B438381704700000022028897
:104700001C4B984211D0B0F1804F0ED01A4B9842FA
:104710000BD01A4B984208D0194B984205D0194B30
:10472000984202D0184B984205D14FF68F731A4029
:104730008B8813439AB2154B984207D0144B98427A
:1047400004D04FF6FF431A408B891A4302808B68CE
:10475000C3620B880385074B984205D0064B9842ED
:1047600002D0064B984201D18B7B038601238382C2
:1047700070470000002C014000340140004001401F
:104780000004004000080040000C00400010004001
:10479000001400404FF6FF7181600021018081818B
:1047A0004160817370474FF47A72B0FBF2F302FB01
:1047B00013026423B2FBF3F230320A706422B0FBBE
:1047C000F2F302FB13020A23B2FBF3F230324A7017
:1047D0000A22B0FBF2F302FB13023032CA702E221F
:1047E0008A70704710B500F0FBF800F069F810BD52
:1047F00010B540F225511D4800F0A3F818B31B482E
:1048000000F08CF9C4B240F22551184800F042F88B
:10481000174890F83300FF281CDC154890F8350144
:10482000012817D0124890F8331090F83300401C3C
:104830000F4A82F8330002F1340044540420114638
:1048400081F8340106E00A48B0F83601401C0849F6
:10485000A1F8360140F22771044800F072F820B147
:1048600040F22771014800F015F810BD00380140F2
:10487000E00F002008B525208DF8000000208DF8FD
:1048800001008DF8020001208DF803006846FDF755
:1048900011FB08BD01F40072B2F5007F00D100BF2A
:1048A000CA430280704721B1828942F4005282815A
:1048B00004E082894DF6FF731A4082817047000040
:1048C0001FB501210420FDF795FE01218803FDF7A6
:1048D00091FE684600F07EF94FF4164000904FF4C8
:1048E0008050ADF804000020ADF80600ADF80800D7
:1048F000ADF80C000C20ADF80A006946094800F03C
:10490000A1F8012240F22551064800F044F80022A7
:1049100040F22771034800F03EF801210148FFF7FB
:10492000C2FF1FBD0038014002460020B1F5007FE4
:1049300000D100BF13880B400BB1012000E0002024
:10494000704770B50246002400230025002040F681
:104950006A16B14200D100BFC1F3421501F01F0336
:10496000012606FA03F3012D02D19689334006E0B1
:10497000022D02D1168A334001E0968A33400C1290
:10498000012606FA04F41688344013B10CB1012054
:1049900000E0002070BDF0B503460024002600258D
:1049A000002040F66A17B94200D100BF1846C1F393
:1049B000421401F01F06012707FA06F5012C01D168
:1049C0000C3004E0022C01D1103000E014301AB198
:1049D00007682F43076002E00768AF430760F0BD38
:1049E00008B54FF40070ADF8000002208DF8020009
:1049F00010208DF8030069461048FCF7D1FA4FF4F7
:104A00000070ADF8000002208DF8020018208DF82B
:104A1000030069460A48FCF7C3FA4FF48060ADF81A
:104A2000000004208DF8030069460548FCF7B8FA39
:104A30004FF400710148FCF738FD08BD001001403B
:104A4000000801402DE9F04786B005460E460024D7
:104A5000A24600BFA1460027B08900B100BF2F4683
:104A60002C8A4CF6FF700440F08804432C82AC89F9
:104A70004EF6F3100440B088318908437189084329
:104A80000443AC81AC8A4FF6FF400440B089044334
:104A9000AC8201A8FDF7D4FD1F48874202D1DDF8A2
:104AA00010A001E0DDF80CA0A88900F4004040B19E
:104AB0000AEBCA0000EB0A1031684900B0FBF1F8BC
:104AC00007E00AEBCA0000EB0A1031688900B0FB6E
:104AD000F1F86420B8FBF0F004012009642101FB27
:104AE0001089A88900F4004040B1322000EBC900D1
:104AF000B0FBF1F000F00700044308E0322000EBC7
:104B000009106421B0FBF1F000F00F0004432C8188
:104B100006B0BDE8F08700000038014001468888F3
:104B2000C0F30800704700002DE9F04105460E462D
:104B3000174625B94FF400710A48FCF7B8FC002469
:104B400005E0315D284600F00FF8601CC4B2BC429D
:104B5000F7DB25B94FF400710248FCF7A6FCBDE86D
:104B6000F08100000010014070B504460D465CB9AC
:104B70002946134800F02AF800BF40211048FFF7EB
:104B8000D3FE0028F9D01AE0012C0BD129460D489C
:104B900000F01CF800BF40210A48FFF7C5FE0028BE
:104BA000F9D00CE0022C0AD12946074800F00EF893
:104BB00000BF40210448FFF7B7FE0028F9D070BDC0
:104BC000003801400044004000480040C1F30802A2
:104BD000828070474FF41651016000218180C180AE
:104BE00001810C21418100218181704700BFFEE7D6
:104BF000002100E0491C8142FCD3704751B1820082
:104C0000A2F1C042126842F001038200A2F1C04248
:104C1000136009E08200A2F1C0421268034B1A40FF
:104C20008300A3F1C0431A6070470000FEFF0F002D
:104C3000D0E901121143C26811430269114342696C
:104C4000114382691143C2691143026A1143426AE6
:104C50001143826A1143C26A1143026B1143026815
:104C60009200A2F1C0421160816808290BD101684D
:104C70008900A1F1C041096841F040020168890042
:104C8000A1F1C0410A60416B0968426B526841EA78
:104C90000211426B926841EA0221426B928941EA19
:104CA0000241426B128A41EA0251426B127D41EA93
:104CB0000261426B926911430268521C9200A2F198
:104CC000C0421160C16AB1F5804F1BD1816B096888
:104CD000826B526841EA0211826B926841EA0221BA
:104CE000826B128A41EA0251826B127D41EA0261B3
:104CF000826B9269114302689200A2F1C042C2F82D
:104D0000041107E06FF0704201688900A1F1C04111
:104D1000C1F80421704700B59DB001210802FDF7DC
:104D200049FC02200090002001901E2002900020EB
:104D300003900490059006900220079000200890B0
:104D40000320099000200A900B900C900D900E907B
:104D50001020119000200F90109013901290159039
:104D600018904FF4805017908000199000201690F2
:104D700014901A9007A81C90CDF86CD00EA8FFF7DD
:104D800057FF01210020FFF739FF1DB000BD02E0F1
:104D900008C8121F08C1002AFAD1704770470020C6
:104DA00001E001C1121F002AFBD1704710B519485C
:104DB0000078012816D11848D0ED010A174840782C
:104DC000C01C00EE100AB8EEC00AF4EEC00AF1EE04
:104DD00010FA07DD80211248FCF769FB00200D491D
:104DE000087015E00C48D0ED010A0C484078401CD2
:104DF00000EE100AB8EEC00AF4EEC00AF1EE10FAA6
:104E000006D280210648FCF750FB012001490870BA
:104E100010BD00005201002078110020CE0F0020AC
:104E2000000801402DE9F8430746884600260F2573
:104E3000B8F1000F17D135483549098820F81170AD
:104E400033480088401C1E2190FBF1F201FB120048
:104E50002F4908802F4800681E2804DA2D48006872
:104E6000401C2C4908602A480688002447E029484D
:104E700000681E2816DA254830F8140026494978BB
:104E8000884202DC4FF4FC6901E04FF6E0791F48EC
:104E9000CDF8009030F8143005221721284600F094
:104EA0008FF824E0194830F816001B4949788842E9
:104EB00002DC4FF4FC6901E04FF6E079A81D83B2F3
:104EC0002A4654211720FEF7F7FA1048CDF8009033
:104ED00030F8163005221721284600F071F8701CB2
:104EE00086B21E2096FBF0F100FB116086B2B5F58C
:104EF000967F02DA05F1090085B2601CC4B205484C
:104F000000688442B3DBBDE8F88300008609002016
:104F10000C01002008010020CE0F002010B523480E
:104F2000007820B1012806D002283DD123E00120DD
:104F30001F49487038E001201D4948701D48D0EDD8
:104F4000010A1D484078401C00EE100AB8EEC00A65
:104F5000F4EEC00AF1EE10FA0ADB012000F08EF840
:104F600020211648FCF798FA10B9002000F086F8C6
:104F7000FFF71CFF18E000200D4948700D48D0EDE8
:104F8000010A0D484078401C00EE100AB8EEC00A35
:104F9000F4EEC00AF1EE10FA05D8002000F032F964
:104FA00001200249087000BF00BF10BD4F01002062
:104FB0001001002078110020CE0F002000080140D1
:104FC0002DE9F04305460E4617461C46DDF81C90B9
:104FD0004FF000081E2C00DD1E24E81983B206EBFA
:104FE000440081B22A463046FFF710F84FF000081F
:104FF00006E04846FFF794F808F101001FFA80F830
:10500000012000EB4400791C48434045F1DCBDE839
:10501000F083000070B5054607482E18002408E00C
:105020003046FBF73FFF054921F81400B61C601C11
:1050300084B2FF2CF4DD70BD00F80308604C002042
:1050400070B505460B482E18FBF730FF3046FBF7CE
:105050003FFE002408E0084830F814103046FBF703
:10506000CFFEB61C601C84B2FF2CF4DDFBF7BEFE45
:1050700070BD000000F80308604E002010B5044623
:10508000012C04D140210448FCF70FFA03E0402131
:105090000148FCF70CFA10BD0008014038B50024A7
:1050A0005020FCF71FFC14B9FCF722FC04462CB975
:1050B000002201216846FCF7E9FB0446BDF8000028
:1050C000001238BD10B50446082C60D2DFE804F0A9
:1050D0005F04111E2B38455220213448FCF7E5F9B6
:1050E00010213248FCF7E1F980213148FCF7DFF963
:1050F0005AE080212E48FCF7D8F910212B48FCF704
:10510000D4F920212948FCF7D2F94DE08021284824
:10511000FCF7CBF920212548FCF7C7F910212348DB
:10512000FCF7C5F940E010212048FCF7BEF98021CA
:105130001F48FCF7BCF920211C48FCF7B8F933E004
:1051400020211A48FCF7B1F980211948FCF7AFF982
:1051500010211648FCF7ABF926E080211448FCF733
:10516000A4F920211148FCF7A2F910210F48FCF7FF
:105170009EF919E080210E48FCF799F920210B488F
:10518000FCF795F910210948FCF791F90CE0802112
:105190000748FCF78AF920210448FCF786F910211A
:1051A0000248FCF782F900BF00BF10BD00100140AB
:1051B00000080140FBF784F9FEF7B8F8FDF77EFB25
:1051C0000120064988700020C87001200449087039
:1051D00003E0FCF705FDFFF7A1FEFAE7250100203B
:1051E0002C01002010B50446012C04D110210448E4
:1051F000FCF75BF903E010210148FCF758F910BDFA
:105200000008014010B50446012C04D120210448B7
:10521000FCF74BF903E020210148FCF748F910BDE9
:10522000000801400021234A1170D170224A1170F8
:10523000204A51709170214A117291711D4A117169
:1052400000202FE00022C0EBC00101EB81031949CF
:10525000891D01EB83018A71C0EBC00101EB810361
:105260001449891D01EB83018A80C0EBC00101EB69
:1052700081031149891D01EB83018A71C0EBC001D3
:1052800001EB81030C49891D01EB83018A80C0EB8E
:10529000C00101EB81030849891D01EB8301CA713B
:1052A000411CC8B20228CDDB0021054A5170034AD7
:1052B000D1717047E20A0020C4090020C20F00200B
:1052C00068110020C50098006B003E0011007201BB
:1052D0002C01E600A0005A00C50098006B003E00BB
:1052E00011004F010901C3007D0037000C000C00C4
:1052F000E1000C004001F000E100F0000000B010FF
:105300000000EF0000008F01000001009810000075
:10531000EF0000008F0100000001B0100000EF005E
:1053200000008F010000010198100000EF00000054
:105330008F0100000002B0100000EF0000008F019C
:105340000000010298100000EF0000008F01000033
:10535000000048000000EF0000008F010000010085
:10536000E8002000AF010000EF002000000148002D
:105370000000EF0000008F0100000101E8002000A4
:10538000AF010000EF002000000248000000EF0025
:1053900000008F0100000102E8002000AF010000C2
:1053A000EF002000FFFFDBDEB6B592946D6B494A3B
:1053B0002421000002040801020408108601C30031
:1053C0008601C300A60089006C00A60089006C005D
:1053D00097007A005D0097007A005D0023010601C6
:1053E000E90023010601E900640147012A01A10047
:1053F00084006700650048002B00BF00A200850004
:10540000000000000000000000000000000000009C
:10541000000000000000000000000000000000008C
:10542000F000400100001000F000400100001300F7
:10543000F000400100001600F000400100001900DB
:105440002F00240000001C002F00240000101C006E
:105450000800100000201C00F000400100001D00AA
:10546000F0004001000020002F00240000625100E5
:105470002F002400008451002F00240000A65100BA
:105480002F00240000C851002F00240000EA510022
:105490002F002400000C52002F002400002E520088
:1054A0002F002400005052002F00240000725200F0
:1054B0002F002400009452002F00240000B6520058
:1054C0002F00240000D852002F00240000FA5200C0
:1054D0002F002400001C53002F002400003E530026
:1054E0002F002400006053002F002400008253008E
:1054F0002F00240000A453002F00240000C65300F6
:105500002F00240000E853002F002400000A54005C
:105510002F002400002C54002F002400004E5400C3
:1055200000000000B4000E01B20062008A006200B8
:10553000620062003A0062001C00620096001800DF
:10554000180027011800180000001F00280028007C
:10555000006027001000100000A03E002000200086
:105560000060420018001800003B550000000000D9
:10557000000000000000000000000000000000002B
:10558000000000000000000000000000000000001B
:10559000000000000000000000000000000000000B
:1055A00000000000000000000000000000000000FB
:1055B00000000000000000000000000000000000EB
:1055C00000000000000000000000000000000000DB
:1055D00000000000000000000000000000000000CB
:1055E00000000000000000000000000000000000BB
:1055F00000000000000000000000000000000000AB
:10560000000000000000000000000000000000009A
:10561000000000000000000000000000000000008A
:10562000000000000000000000000000000000007A
:10563000000000000000000000000000000000006A
:10564000000000000000000000000000000000005A
:10565000000000000000000000000000000000004A
:10566000000000000000000000000000000000003A
:10567000000000000000000000000000000000002A
:10568000000000000000000000000000000000001A
:10569000000000000000000000000000000000000A
:1056A00000000000000000000000000000000000FA
:1056B00000000000000000000000000000000000EA
:1056C00000000000000000000000000000000003D7
:1056D00003030000000000000000000000000000C4
:1056E00000000000000000000000000000000000BA
:1056F00000FFFFFFFFFF00000000000000000000AF
:105700000000000000000000000000000000000099
:1057100000000000FFFFFFFFFF000000000000008E
:105720000000000000000000000000000000000079
:1057300000000000000000E0FFFFFF80000000000C
:105740000000000000000000000000000000000059
:105750000000000000000000000000F0F8F0000071
:105760000000000000000000000000000000000039
:10577000000000000000000000000000000F3F3F9C
:105780003F0F0000000000000000000000000000CB
:105790000000000000000000000000000000000009
:1057A00080E0E0E080000000000000000000000059
:1057B00000000000000000000000000000000000E9
:1057C00000000000000000000000000000000000D9
:1057D00000000000000000000000000000000000C9
:1057E00000000000000000000000000000000000B9
:1057F00000000000000000000000000000000000A9
:105800000000000000000001010101010100000191
:105810000101010101000000000000000000000083
:1058200000000000000000000000FFFFFFFFFFFF7E
:105830000000FFFFFFFFFFFF00000000000000006E
:1058400000000000000000000000000000C0FCFCA0
:10585000FCFCC00000C0FCFCFCFCC0000000000020
:105860000000000000000000000000000000000038
:105870000000000000000000000000000000000028
:105880000000000000000000000000000000000018
:105890000000000000000000000000000000000008
:1058A00000000000000000000000000000000000F8
:1058B00000000000000000000000000000000000E8
:1058C00000000000000000000000000000000000D8
:1058D00000000000000000000000000000000000C8
:1058E00000000000000000000000000000000000B8
:1058F00000000000000000000000000000000000A8
:105900000000000000000000000000000000000097
:105910000000000000000000000000000000000087
:105920000000000000000000000000000000000077
:105930000000000000000000000000000000000067
:10594000000000000000000103030100000000034C
:105950000303000000000000000000000000000041
:1059600000000000000000000007FFFFFFF0000043
:10597000001FFFFFFF00000000000000000000000B
:10598000000000000000001E3F3F3F3FFFFFFFFF01
:105990003F3F3F3FFFFFFFFF3F1E000000000000B2
:1059A0000000000000000000000000000001FFFFF8
:1059B000FFF80000000FFFFFFFE000000000000004
:1059C000000000000000000000000000001E3F3F3B
:1059D000FFFFFFFF3F3F3F3FFFFFFFFF3F3F3F1EF8
:1059E00000000000000000000000000000000000B7
:1059F0000000FFFFFFFC00000007FFFFFFF00000BA
:105A00000000000000000000000000000000000096
:105A10000000000080E0E0E000000000C0E0E0C026
:105A20000000000000000000000000000000000076
:105A30000000000000000000000000000000000066
:105A40000000000000000000000000000000000056
:105A50000000000000000000000000000000000046
:105A60000000000000000000000000000000000036
:105A70000000000000000000000000000000000026
:105A80000001030303FFFF03030101000000000006
:105A90000000000000000000000000000000000006
:105AA000071F7FFFFEFCF8F0FFFFF0F8FEFFFF3F4F
:105AB0000F000000000000000000000000000000D7
:105AC000000000FEFFFFFF07030100FFFF000000D2
:105AD000E0F0F0E000000000000000000000000026
:105AE00000000000000000C0E0F0F8FCFCFEFFFF3A
:105AF0007F7F3F1F1F0F0300000000000000000019
:105B00000000000000000000071F1F1F030000002E
:105B100000FFFF80C0E0F0FFFFFF7F0000000000FB
:105B2000000000000000000000000080F8FEFFFF01
:105B30007F1F0F07FFFF03070F3FFFFFFCE0000081
:105B40000000000000000000000000000000000055
:105B50000080C0C0E0E0F0FFFFF0F0E0C080000097
:105B60000000000000000000000000000000000035
:105B700000000000000000000000FEFE0000000029
:105B80000000000000000000000000000000000015
:105B90000000000000000000000000000000000005
:105BA00000000000000000000000000000000000F5
:105BB00000000000000000000000000101010100E1
:105BC00000000000000000000000000000010100D3
:105BD00000000000000000000000073FFFFFF8E0A9
:105BE000E0F8FFFF3F0700000000000000031F7FF8
:105BF000F8E00000000000000000000000FFFFFFD0
:105C0000FF00000000FFFFFFFF00000000031F7FF8
:105C1000F8E00000000000000000000000000000AC
:105C200000E0F0F8F83C38F8F8F0C00000031F7FFF
:105C3000F8E000010307070F070707030100000052
:105C400000000000000000000000000000031F7FB3
:105C5000FCE00000003FFFFFFFC00000C0FFFFFFAF
:105C60003F000000000000000000000000031F7F54
:105C7000FCE0000000000000F8FFFFFF0701010743
:105C8000FFFFFFF8000000000000000000000070AF
:105C9000F0E0000000000000000000000080C0E014
:105CA000E0E0E0C080000000000000000000000014
:105CB00000000000000000000000000000000000E4
:105CC00000000000000000000000000000000000D4
:105CD00000000000000000000000000000000000C4
:105CE00000000000000000000000000000000000B4
:105CF0000000000000000000000001010303030396
:105D0000030101000000000000000000000000008E
:105D1000000000000000000000001F7FFFFFFCF8F3
:105D2000F0F0F0FCFFFFFF3F0F000000000000005C
:105D300000000000000000000000000000FCFFFF69
:105D4000FF3F0701070F1FFFFFFEFCF000000000F0
:105D50000000000000000000000000000000030739
:105D60001F1FFFFFFEFFFFFFFFCFC3010000000367
:105D70000F0F0F0300000000000000000000003FB4
:105D8000FFFFFFFFE080000000C0F0FCFEFFFF7F90
:105D90003F3FFFFFFFF88000000000000000000010
:105DA0000000E0F8FEFFFF7F1F0F070707070F1F28
:105DB000FFFFFFFEFCFEFFFF7F1F0F030000000040
:105DC00000000000000000000080C0C0E0E0E0E053
:105DD000E0E0C0C0800000000000C0E0E0E0800023
:105DE00000000000000000000000000000000000B3
:105DF00000000000000000000000000000000000A3
:105E00000000000000000000000000000000000092
:105E10000000000000000000000000000000000082
:105E2000000000000000000000000000000101016F
:105E3000010101000000000000000000000000005F
:105E40000000000000000000000000000000000052
:105E5000FFFFFFFFFFFF0000000000000000000048
:105E60000000000000000000000000000000000032
:105E7000000000C0FCFCFCFCC000000000000000B2
:105E80000000000000000000000000000000000012
:105E90000000000000000000000000000000000002
:105EA00000000000000000000000000000000000F2
:105EB00000000000000000000000000000000000E2
:105EC00000000000000000000000000000000000D2
:105ED00000000000000000000000000000000000C2
:105EE00000000000000000000000000000000000B2
:105EF00000000000000000000000000000000000A2
:105F00000000000000000000000000000000000091
:105F10000000000000000000000000000000000081
:105F20000000000000000000000000000000000071
:105F30000000000000000000000000000000000061
:105F40000000000000000000000000000000000051
:105F50000000000000000000000000000000000041
:105F60000000000000000000000000000000000130
:105F7000030300000000000000000000000000001B
:105F8000000000000000000000000000000000030E
:105F90001F7FFFFCC00000000000000000000000A8
:105FA00000000000000000000000000000000000F1
:105FB000077FFFFFFFE0000000000000000000007E
:105FC00000000000000000000000000000000000D1
:105FD00000001FFFFFFFFFC00000000000000000E6
:105FE00000000000000000000000000000000000B1
:105FF0000000000000FFFFFFFFFF000000000000A6
:106000000000000000000000000000000000000090
:106010000000000000000000E0FFFFFFFF0F000095
:106020000000000000000000000000000000000070
:1060300000000000000000000000000080F8FFFFEA
:10604000FF1F000000000000000000000000000032
:106050000000000000000000000000000000000040
:106060000000E0F8FEFF0F0000000000000000004C
:106070000000000000000000000000000000000020
:106080000000000000000000000000000000000010
:106090000000000000000000000000000000000000
:1060A00000000000030301000000000000000000E9
:1060B00000000000000000000000000000000000E0
:1060C00000000000000000C0FCFF7F1F0300000074
:1060D00000000000000000000000000000000000C0
:1060E000000000000000000000000000E0FFFFFFD3
:1060F0007F0700000000000000000000000000001A
:10610000000000000000000000000000000000008F
:10611000C0FFFFFFFF1F00000000000000000000A4
:10612000000000000000000000000000000000006F
:1061300000000000FFFFFFFFFF0000000000000064
:10614000000000000000000000000000000000004F
:1061500000000000000007FFFFFFFFE0000000005C
:10616000000000000000000000000000000000002F
:1061700000000000000000001FFFFFFFF88000008B
:10618000000000000000000000000000000000000F
:106190000000000000000000000FFFFEF8E000001B
:1061A00000000000000000000000000000000000EF
:1061B00000000000000000000000000000000000DF
:1061C00000000000000000000000000000000000CF
:1061D00000000000000000000000000000000000BF
:1061E00000000000070F0700000000000000000092
:1061F000000000000000000000000000000000009F
:10620000001E3E1F0F0F07FFFFFF070F0F1F3E1E51
:10621000000000000000000000000000000000007E
:1062200000000000000001079FBFFCE0FCBF9F07CB
:10623000010000000000000000000000000000005D
:10624000000000000000000000C0E0E0800000004E
:1062500080E0E0C00000000000000000000000003E
:10626000000000000000000000000000000000002E
:10627000000000000000000000000000000000001E
:10628000000000000000000000000000000000000E
:1062900000000000000000000000000000000000FE
:1062A00000000000000000000000000000000000EE
:1062B00000000000000000000000000000000000DE
:1062C00000000000000000000000000000000000CE
:1062D00000000000000000000000000000000000BE
:1062E00000000000000000000000000000000000AE
:1062F000000000000000000000000000000000009E
:10630000000000000000000000000000000000008D
:10631000000000000000000000000000000000007D
:10632000000000000000000000000000000000006D
:10633000000000000000000000000000000000005D
:10634000000000030303030300000000000000003E
:10635000000000000000000000000000000000003D
:10636000000000000000FFFFFFFFFF000000000032
:10637000000000000000000000000000000000001D
:1063800000007F7F7F7F7F7F7FFFFFFFFFFF7F7F9B
:106390007F7F7F7F7F000000000000000000000082
:1063A000000000000080808080808080FFFFFFFF71
:1063B000FF8080808080808000000000000000005E
:1063C000000000000000000000000000000000F8D5
:1063D000F8F8F8F8000000000000000000000000DD
:1063E00000000000000000000000000000000000AD
:1063F000000000000000000000000000000000009D
:10640000000000000000000000000000000000008C
:10641000000000000000000000000000000000007C
:10642000000000000000000000000000000000006C
:10643000000000000000000000000000000000005C
:10644000000000000000000000000000000000004C
:10645000000000000000000000000000000000003C
:10646000000000000000000000000000000000002C
:10647000000000000000000000000000000000001C
:10648000000000000000000000000000000000000C
:1064900000000000000000000000000000000000FC
:1064A00000000000000000000000000000000000EC
:1064B00000000000000000000000000000000000DC
:1064C00000000000000000000000000000000000CC
:1064D00000000000000000000000000000000000BC
:1064E00000000000000000000000000000000000AC
:1064F000000000000000000000000000000000009C
:106500000000000000071F1F0F0700000000000030
:10651000000000000000000000000000000000007B
:106520000000000000000000C0F0FFFFFE000000BF
:10653000000000000000000000000000000000005B
:10654000000000000000000000000078F8F0C0002B
:10655000000000000000000000000000000000003B
:10656000000000000000000000000000000000002B
:10657000000000000000000000000000000000001B
:10658000000000000000000000000000000000000B
:1065900000000000000000000000000000000000FB
:1065A00000000000000000000000000000000000EB
:1065B00000000000000000000000000000000000DB
:1065C00000000000000000000000000000000000CB
:1065D00000000000000000000000000000000000BB
:1065E00000000000000000000000000000000000AB
:1065F000000000000000000000000E1F1F3F3F3F92
:106600003F3F3F3F3F3F3F3F3F3F3F3F3F3F3F3F9A
:106610003F3F1F1F0E0000000000000000000000B0
:10662000808080808080808080808080808080806A
:1066300080808080800000000000000000000000DA
:10664000000000000000000000000000000000004A
:10665000000000000000000000000000000000003A
:10666000000000000000000000000000000000002A
:10667000000000000000000000000000000000001A
:10668000000000000000000000000000000000000A
:1066900000000000000000000000000000000000FA
:1066A00000000000000000000000000000000000EA
:1066B00000000000000000000000000000000000DA
:1066C00000000000000000000000000000000000CA
:1066D00000000000000000000000000000000000BA
:1066E00000000000000000000000000000000000AA
:1066F000000000000000000000000000000000009A
:106700000000000000000000000000000000000089
:106710000000000000000000000000000000000079
:106720000000000000000000000000000000000069
:106730000000000000000000000000000000000059
:106740000000000000000000000000000000000049
:106750000000000000000000000000000000000039
:106760000000000000000000000000000000000029
:1067700000000000000000000000000F3F3F3F0F3E
:106780000000000000000000000000000000000009
:10679000000000000000000000000000000080E099
:1067A000E0E08000000000000000000000000000A9
:1067B00000000000000000000000000000000000D9
:1067C00000000000000000000000000000000000C9
:1067D00000000000000000000000000000000000B9
:1067E00000000000000000000000000000000000A9
:1067F0000000000000000000000000000000000099
:106800000000000000000000000000030301000081
:106810000000000000000000000000000000000078
:10682000000000000000000000000000017FFFFFEA
:10683000F800000000000000000000000000000060
:10684000000000000000000000000000000001FF48
:10685000FFFFF0000000000000000000000000004A
:106860000000000000000000000000000000000028
:1068700003FFFFFFE0000000000000000000000038
:106880000000000000000000000000000000000008
:10689000000007FFFFFFC000000000000000000034
:1068A00000000000000000000000000000000000E8
:1068B000000000000FFFFFFF80000000000000004C
:1068C00000000000000000000000000000000000C8
:1068D00000000000000000C0E0E000000000000038
:1068E00000000000000000000000000000000000A8
:1068F0000000000000000000000000000000000098
:106900000000000000000000000000000000000087
:106910000000000000000000000000000000000077
:106920000000000000000000000000000000000067
:106930000000000000000000000000000000000057
:106940000000000000000000000000000101010143
:106950000101010000000000000000000000000034
:1069600000000000000000030F1F3F7FFFFFFEFC40
:10697000F8F8F8F8F8FCFEFF7F7F3F1F07030000E0
:10698000000000000000000007FFFFFFFFFFFFF80E
:106990008000000000000000000080F0FFFFFFFF0B
:1069A000FF7F070000000000000000FFFFFFFFFF67
:1069B000FFFF00000000000000000000000000FFDA
:1069C000FFFFFFFFFFFF0000000000000000F8FFD6
:1069D000FFFFFFFFFF0700000000000000000000B5
:1069E0000007FFFFFFFFFFFFF800000000000000AE
:1069F000000080F0F8FEFFFFFF7F1F0F070707076B
:106A0000070F1F7FFFFFFFFEFCF0C000000000002B
:106A1000000000000000000000008080C0C0E0E036
:106A2000E0E0E0E0E0C0C080800000000000000086
:106A30000000000000000000000000000000000056
:106A40000000000000000000000000000000000046
:106A50000000000000000000000000000000000036
:106A60000000000000000000000000000000000026
:106A70000000000000000000000000000000000016
:106A80000000000000000000000000000101010102
:106A900000000000000000000000000000000000F6
:106AA0000000000000000000000103070F3F7FFF0F
:106AB000FFFFFF7F0000000000000000000000005A
:106AC000000000000F1F3F3F7F7FFEFEFCF8F0E05C
:106AD000FFFFFFFFFFFFFF000000000000000000BD
:106AE0000000000000000000808080000000000026
:106AF000000000FFFFFFFFFFFFFF0000000000009D
:106B00000000000000000000000000000000000085
:106B1000000000000000FFFFFFFFFFFFFF0000007C
:106B20000000000000000000000000000000000065
:106B3000000000000000000000FFFFFFFFFFFFFF5C
:106B40000000000000000000000000000000000045
:106B500000000000000000000000000080C0E0E035
:106B6000E0C0800000000000000000000000000005
:106B70000000000000000000000000000000000015
:106B80000000000000000000000000000000000005
:106B900000000000000000000000000000000000F5
:106BA00000000000000000000000000000000000E5
:106BB00000000000000000000000000000000000D5
:106BC00000000101010101010101000000000000BD
:106BD000000000000000000000000000030F1F3F45
:106BE0007F7FFFFFFEFCF8F8F8F8F8FCFCFEFFFFE3
:106BF0007F7F3F0F0700000000000000000078FCCE
:106C0000FEFEFEFCF8C000000000000000000000D6
:106C10000083FFFFFFFFFFFFFE00000000000000F9
:106C20000000000000000000000000000001030759
:106C30000F1F3F7FFFFFFEFCF8F0C00000000000C8
:106C400000000000000000000103070F1F3F7FFF4E
:106C5000FFFEFCF8F0E0C080000000000000000033
:106C600000000000000000071F7FFFFFFFFFFFFF85
:106C7000EFCF8F0F0F0F0F0F0F0F0F0F0F0F0F0F04
:106C80000F07030000000000000080C0E0E0E0E02B
:106C9000E0E0E0E0E0E0E0E0E0E0E0E0E0E0E0E0F4
:106CA000E0E0E0E0C0800000000000000000000024
:106CB00000000000000000000000000000000000D4
:106CC00000000000000000000000000000000000C4
:106CD00000000000000000000000000000000000B4
:106CE00000000000000000000000000000000000A4
:106CF0000000000000000000000000000101010190
:106D0000010101010100000000000000000000007E
:106D100000000000000000070F1F3F7F7FFFFEFC08
:106D2000F8F8F8F8F8FCFCFEFFFF7F7F3F0F030048
:106D300000000000000000000000E0F0F0F0F0C0F3
:106D40000000000000000000010307FFFFFFFFFF3D
:106D5000FEFC000000000000000000000000000039
:106D6000000000387CFCFCFCFCFCFCFCFEFEFFFF91
:106D7000FFDF8F0703010000000000000000010793
:106D80000F1F1F0F070000000000000000000000A0
:106D90000000C0FFFFFFFFFFFF7F000000000000BA
:106DA0000000E0F8FCFEFFFFFF3F1F0F070707078B
:106DB00007070F1F3FFFFFFFFFFEF8F080000000F6
:106DC000000000000000000000008080C0C0E0E083
:106DD000E0E0E0E0E0E0C0C0C080000000000000B3
:106DE00000000000000000000000000000000000A3
:106DF0000000000000000000000000000000000093
:106E00000000000000000000000000000000000082
:106E10000000000000000000000000000000000072
:106E20000000000000000000000000000000000062
:106E30000000000000000000000000000000000151
:106E40000303030301000000000000000000000035
:106E50000000000000000000000000000003071F09
:106E60003FFFFFFFFFFFFFFFFF00000000000000EB
:106E70000000000000000000000001030F1F7FFF62
:106E8000FFFCF8E0C0FFFFFFFFFFFFFF0000000076
:106E9000000000000000000001070F3F7FFFFFFC23
:106EA000F0E0800000000000FFFFFFFFFFFFFF0099
:106EB00000000000000000001E3FFFFFFFFFFFFF7B
:106EC0009F1F1F1F1F1F1F1F1F1F1FFFFFFFFFFFF2
:106ED000FFFF1F1F1F1F0F07000000008080C0C0A2
:106EE000C0C0C0C0C0C0C0C0C0C0C0C0C0C0FFFF24
:106EF000FFFFFFFFFFC0C0C0C08000000000000017
:106F00000000000000000000000000000000000081
:106F10000080C0E0E0E0C080000000000000000051
:106F20000000000000000000000000000000000061
:106F30000000000000000000000000000000000051
:106F40000000000000000000000000000000000041
:106F50000000000000000000000000000000000031
:106F60000000000000000000000000000000000120
:106F70000101010101010101010101010101010101
:106F800001010000000000000000000000000003FC
:106F90003FFFFFFFFFFFFCFCFCFCFCFCFCFCFCFCDF
:106FA000FCFCFCFCFCF8700000000000000000008D
:106FB0000007FFFFFFFFFFFFC00101010303030301
:106FC00003030101010000000000000000000000B8
:106FD0000000001CFFFFFFFFFFFEFCFCF8F0F0F0DC
:106FE000F0F0F0F8FCFEFFFFFF7F3F1F07000000FE
:106FF0000000000000010307070703010000000074
:1070000000000000000000000080FFFFFFFFFFFF06
:10701000FF00000000000000C0F0FCFEFFFFFF7F4B
:107020003F1F0F0707070707070F1F3FFFFFFFFE61
:10703000FCF8E0000000000000000000000000007C
:107040008080C0C0E0E0E0E0E0E0E0E0E0C0C0C0A0
:1070500080000000000000000000000000000000B0
:107060000000000000000000000000000000000020
:107070000000000000000000000000000000000010
:107080000000000000000000000000000000000000
:1070900000000000000000000000000000000000F0
:1070A00000000000000000000000000000000001DF
:1070B00001010101010101000000000000000000C9
:1070C00000000000000000000000030F1F3F7F7F52
:1070D000FFFEFCFCF8F8F8F8FCFCFEFF7F7F3F1F8A
:1070E00007000000000000000000013FFFFFFFFF5D
:1070F000FFFFE0800001010303030303030181C1DB
:10710000E0E0E0C0000000000000000000FFFFFF22
:10711000FFFFFFFF9F3F7EFCF8F0F0F0F0F0F8F883
:10712000FEFFFFFF7F3F1F07000000000000000080
:10713000F8FFFFFFFFFFFFFF8000000000000000DE
:107140000000000080FFFFFFFFFFFFFF00000000C6
:107150000000000080E0F8FCFFFFFFFF3F1F0F076B
:10716000070707070F1F3FFFFFFFFFFCF8E00000C6
:107170000000000000000000000000000080C0C00F
:10718000C0E0E0E0E0E0E0E0C0C0C080000000005F
:1071900000000000000000000000000000000000EF
:1071A00000000000000000000000000000000000DF
:1071B00000000000000000000000000000000000CF
:1071C00000000000000000000000000000000000BF
:1071D00000000000000000000000000000000000AF
:1071E0000000010101010101010101010101010191
:1071F0000101010101010101010100000000000085
:1072000000000000F0F8FCFCFCFCFCFCFCFCFCFCBE
:10721000FCFCFCFCFCFCFFFFFFFFFFFFFFFC780019
:10722000000000000000000000000000000000005E
:107230000000000003071F7FFFFFFFFCF0E080005D
:10724000000000000000000000000000000000003E
:1072500000000001073FFFFFFFFFFEF0C00000003D
:10726000000000000000000000000000000000001E
:1072700000000000073FFFFFFFFFFFFFE0000000EE
:1072800000000000000000000000000000000000FE
:107290000000000000007FFFFFFFFFFFFFFC000079
:1072A00000000000000000000000000000000000DE
:1072B00000000000000000000080C0E0E0E0C080AE
:1072C00000000000000000000000000000000000BE
:1072D00000000000000000000000000000000000AE
:1072E000000000000000000000000000000000009E
:1072F000000000000000000000000000000000008E
:10730000000000000000000000000000000000007D
:10731000000000000000000000000000000000006D
:107320000000000001010101010101010000000055
:107330000000000000000000000000000000000746
:107340001F3F3F7FFFFFFEFCF8F8F8F8F8F8FCFE5F
:10735000FFFF7F3F3F0F070000000000000000001C
:1073600000F0FEFFFFFFFFFF070301000000000029
:1073700000010307FFFFFFFFFFFEF0000000000019
:10738000000000000103078FDFFFFFFFFEFEFCFC93
:10739000FCFCFCFCFEFFFFFFFFDF8F07030100008A
:1073A0000000000000003FFFFFFFFFFFFFC00000E4
:1073B00000000000000000000080C0FFFFFFFFFF92
:1073C000FF3F00000000000000C0F0FCFEFFFFFFD8
:1073D000FF3F1F0F0707070707070F1F3FFFFFFFAD
:1073E000FFFEFCF0C00000000000000000000000F4
:1073F000008080C0C0C0E0E0E0E0E0E0E0E0C0C0CD
:10740000C0808000000000000000000000000000BC
:10741000000000000000000000000000000000006C
:10742000000000000000000000000000000000005C
:10743000000000000000000000000000000000004C
:10744000000000000000000000000000000000003C
:10745000000000000000000000000000000001012A
:107460000101010101000000000000000000000017
:10747000000000000000000001070F3F3F7FFFFFFA
:10748000FEFCF8F8F8F8F8FCFEFFFF7F3F3F0F071F
:10749000010000000000000000003FFFFFFFFFFFB1
:1074A000FFC00000000000000000000000C0FFFF5F
:1074B000FFFFFFFF7F0700000000000000C0F8FE94
:1074C000FFFFFFFF7F1F0F070303030303070F1FC8
:1074D0007FFEFFFFFFFFFFFFFF0000000000000036
:1074E0000000000181C1E0E0E0F0F0F0F0F0F0E039
:1074F000E0C080017FFFFFFFFFFFFFE00000000012
:107500000000000020FCFEFFFFFF7F1F0F0F07079A
:1075100007070F0F1F3FFFFFFFFEFCF0C00000003A
:1075200000000000000000000000008080C0C0E0FB
:10753000E0E0E0E0E0E0E0C0C080800000000000AB
:10754000000000000000000000000000000000003B
:10755000000000000000000000000000000000002B
:10756000000000000000000000000000000000001B
:10757000000000000000000000000000000000000B
:1075800000000000000000000000000000000000FB
:1075900000000000000000000000000000000000EB
:1075A00000000000000000000000000000000000DB
:1075B00000000000000000000000000000000000CB
:1075C00000000000000000000000000000000000BB
:1075D0000000000000000F3F3F3F0F0000000000D0
:1075E000000000000000000000000000000000009B
:1075F00000000000000000000080E0E0E0800000EB
:10760000000000000000000000000000000000007A
:10761000000000000000000000000000000000006A
:10762000000000000000000000000000000000005A
:107630000000000000000000000000000000000F3B
:107640003F3F3F0F0000000000000000000000006E
:10765000000000000000000000000000000000002A
:10766000000080E0E0E0800000000000000000007A
:10767000000000000000000000000000000000000A
:1076800000000000000000000000000000000000FA
:1076900000000000000000000000000000000000EA
:1076A00000000000000000000000000000000000DA
:1076B00000000000000000000000000000000000CA
:1076C00000000000000000000000000000000000BA
:1076D00000000000000000000000000000000000AA
:1076E000000000000000000000000000000000009A
:1076F000000000000000000000000000000000008A
:107700000000000000000000000000000000000079
:10771000000F3F3F3F0F000000000000000000008E
:107720000000000000000000000000000000000059
:107730000000000080E0E0E08000000000000000A9
:107740000000000000000000000000000000000039
:107750000000000000000000000000000000000029
:107760000000000000000000000000000000000019
:10777000000000000000000000000F1F1F0F0700A6
:1077800000000000000000000000000000000000F9
:1077900000000000000000000000000000E0F1FF19
:1077A000FFFE0000000000000000000000000000DC
:1077B00000000000000000000000000000000000C9
:1077C00078F8F0C000000000000000000000000099
:1077D00000000000000000000000000000000000A9
:1077E0000000000000000000000000000000000099
:1077F0000000000000000000000000000000000089
:107800000000000000000000000000000000000078
:107810000000000000000000000000000000000068
:107820000000000000000000000000000000000058
:107830000000000000010103070F0000000000002D
:107840000000000000000000000000000001010333
:1078500007070F1F3F3F7FFFFFFEFCFCF800000003
:1078600000000000000000000000000000007FFF9A
:10787000FFFFFFFFF3F3E1C0C08000000000000045
:1078800000000000000000000000000000000000F8
:107890000080C0E0E0F0F8F8FCFEFFFF7F3F3F1FF4
:1078A0000F0F0700000000000000000000000000B3
:1078B0000000000000000000000000000000008048
:1078C000C0E0E0F0F8FC0000000000000000000054
:1078D00000000000000000000000000000000000A8
:1078E0000000000000000000000000000000000098
:1078F0000000000000000000000000000000000088
:107900000000000000000000000000000000000077
:107910000000000000000000000000000000000067
:107920000000000000000000000000000000000057
:107930000000000000000000000000000000000047
:107940000000000000000000000000000000000037
:107950000000000000000000000000000000000027
:107960000000000000000000000000000000000017
:107970000000000000000000000000000000000007
:107980000000000000001F1F1F1F1F1F1F1F1F1FC1
:107990001F1F1F1F1F1F1F1F0000000000000000EF
:1079A000000000000000000000E0E0E0E0E0E0E0B7
:1079B000E0E0E0E0E0E0E0E0E0E0E0000000000027
:1079C000000000000000000000000000FFFFFFFFBB
:1079D000FFFFFFFFFFFFFFFFFFFFFFFFFFFF0000B5
:1079E0000000000000000000000000000000000097
:1079F0000000000000000000000000000000000087
:107A00000000000000000000000000000000000076
:107A10000000000000000000000000000000000066
:107A20000000000000000000000000000000000056
:107A30000000000000000000000000000000000046
:107A40000000000000000000000000000000000036
:107A50000000000000000000000000000000000026
:107A60000000000000000000000000000000000016
:107A70000000000000000000000000000000000006
:107A800000000000000000000000000000000000F6
:107A900000000000000000000000000000000F07D0
:107AA00003010100000000000000000000000000D1
:107AB00000000000000000000000000000000000C6
:107AC00000F8FCFCFEFFFF7F3F3F1F0F0F07030185
:107AD00001000000000000000000000000000000A5
:107AE0000000000000000000000080C0C0E1F3F3CF
:107AF000FFFFFFFFFF7F000000000000000000000C
:107B000000000000000000070F0F1F3F3F7FFFFF36
:107B1000FEFCF8F8F0E0C0C08000000000000000AB
:107B200000000000000000000000FCF8F0E0E0C0F1
:107B300080000000000000000000000000000000C5
:107B40000000000000000000000000000000000035
:107B50000000000000000000000000000000000025
:107B60000000000000000000000000000000000015
:107B70000000000000000000000000000000000005
:107B800000000000000000000000000000000000F5
:107B900000000000000000000000000000000000E5
:107BA00000000000000000000000000000000000D5
:107BB00000000000000000000000000101030303BA
:107BC00003030101000000000000000000000000AD
:107BD000000000000000000000010F3F7FFFFFF8E1
:107BE000F0F0F0F0F8FEFFFF7F1F03000000000040
:107BF000000000000000000000000000F8FCFCF89D
:107C0000F0000000000000030FFFFFFFFFFC00007A
:107C10000000000000000000000000000000000064
:107C2000000000000000071F7FFFFFFCF8E0C0001D
:107C30000000000000000000000000000000000044
:107C40000000000000000000F8FEFEFEE000000062
:107C50000000000000000000000000000000000024
:107C600000000000000000000000000F3F3F3F0F39
:107C70000000000000000000000000000000000004
:107C8000000000000000000000000000000080E094
:107C9000E0E08000000000000000000000000000A4
:107CA00000000000000000000000000000000000D4
:107CB00000000000000000000000000000000000C4
:107CC00000000000000000000000000000000000B4
:107CD00000000000000000000000000000000000A4
:107CE0000000000000000000000000000000000094
:107CF000000000000000000000000000010101037E
:107D0000030303030303010101000000000000005E
:107D10000000000000000000030F1F3F7F7EFCFCFE
:107D2000F8F8F0F0F0F0F0F0F8F8F8FCFE7F3F1F04
:107D30000F030000000000000F3FFFFFF8E080008D
:107D400001070F1F3F3F3F3F3F1F07071F1F1F1F19
:107D500000C0F0FFFFFF3F010007FFFFFFF800003A
:107D6000001F7FFFFFFFF0C080000000C0FFFFFF8B
:107D7000FFFF8000000000FFFFFFFF00FFFFFFFF8D
:107D8000000000FFFFFFFFFF0000000000000001F7
:107D9000FFFFFFFF80000000031FFFFFFFE000F078
:107DA000FFFFFF1F0100E0FEFFFFFF1F07030307A8
:107DB0000F3FFFFFFFFFCF070F1F7FFFFCF8E00023
:107DC00000000080F0FCFFFF3F0F0703C1C0E0E0B0
:107DD000E0E0C08000C0E0E0E0E0E0C08081030FB0
:107DE0003F3F3F3C00000000000080C0F0F0F8FC86
:107DF000FC7E7E3E3F3F3F3F3F3F3F3F7E7EFEFC5F
:107E0000FCF8F0E0C00000000000000000000000EE
:107E10000000000000000000000000000000000062
:107E20000000000000000000000000000000000052
:107E30000000000000000000010303030303010031
:107E40000000000000000000000000000000000032
:107E50000000000000000000073FFFFFFFFFFFFFE2
:107E6000FFFFFF1F030000000000000000000000F3
:107E70000000000000000000031FFFFFFFFFFFFCE9
:107E8000C000E0FEFFFFFFFF7F0F010000000000C9
:107E9000000000000000000000073FFFFFFFFFFFA1
:107EA000F8800000000000C0FCFFFFFFFFFF3F075D
:107EB000000000000000000000031FFFFFFFFFFFA5
:107EC000FFFF3F3F3F3F3F3F3F3F3F3FBFFFFFFF82
:107ED000FFFFFFFF1F03000000000F7FFFFFFFFFFA
:107EE000FFF8C000000000000000000000000000DB
:107EF0000000E0FCFFFFFFFFFF7F0F000080C0E0FD
:107F0000E0E0C000000000000000000000000000F1
:107F10000000000000000080C0E0E0E0C080000041
:107F20000000000000000000000000000000000051
:107F30000000000000000000000000000000000041
:107F40000000000000000000000000000000000031
:107F50000000000000000000000000000000000021
:107F6000000000000000000000000001010101010C
:107F700001010101010101010101010101010000F3
:107F80000000000000000000000000007FFFFFFF75
:107F9000FFFFFFF8F8F8F8F8F8F8F8F8F8FCFCFE3E
:107FA000FFFFFF7F3F1F070000000000000000FFF1
:107FB000FFFFFFFFFFFF00000000000000000000C7
:107FC000000001CFFFFFFFFFFFFE000000000000E8
:107FD0000000FFFFFFFFFFFFFF7E7E7E7E7E7E7E36
:107FE0007E7E7EFEFFFFFFFFEFEFC78703000000EE
:107FF0000000000000FFFFFFFFFFFFFF0000000088
:1080000000000000000000000080E0FFFFFFFFFF15
:10801000FF3F000000000000FFFFFFFFFFFFFF0722
:10802000070707070707070707070F0F1F7FFFFF50
:10803000FFFFFEF8E000000000000080C0E0E0E08C
:10804000E0E0E0E0E0E0E0E0E0E0E0E0E0E0E0E030
:10805000C0C0C08000000000000000000000000060
:108060000000000000000000000000000000000010
:108070000000000000000000000000000000000000
:1080800000000000000000000000000000000000F0
:1080900000000000000000000000000000000000E0
:1080A00000000000000000000000000001010103CA
:1080B00003030303030301010100000000000000AB
:1080C0000000000000000000030F1F3F7FFFFFFFC4
:1080D000FEFCFCF8F8F8F8F8FCFCFEFFFF7F7F3FA1
:1080E0001F07010000000000033FFFFFFFFFFFFE2E
:1080F000E08000000000000000000000000000C060
:10810000F0FCFEFEFEFC0000000000FFFFFFFFFF92
:10811000FFFF000000000000000000000000000061
:108120000000000000000000000000000000E0FE71
:10813000FFFFFFFFFF1F0300000000000000000022
:108140000000000000010F3F7F7F7F3F0C00000018
:10815000000000C0F0F8FCFEFFFFFF3F3F1F0F0FC5
:108160000F0F0F0F1F1F3F7FFFFFFFFEF8F0C00034
:1081700000000000000000000000000080C0C0C03F
:10818000E0E0E0E0E0E0E0E0C0C0C080000000002F
:1081900000000000000000000000000000000000DF
:1081A00000000000000000000000000000000000CF
:1081B00000000000000000000000000000000000BF
:1081C00000000000000000000000000000000000AF
:1081D000000000000000000000000000000000009F
:1081E0000001010101010101010101010101010180
:1081F000010100000000000000000000000000007D
:1082000000007FFFFFFFFFFFFFFCFCFCFCFCFCFC11
:10821000FCFCFEFEFEFFFFFF7F3F1F0F070100007B
:108220000000000000FFFFFFFFFFFFFF0000000055
:1082300000000000000000000080E0FEFFFFFFFFE4
:10824000FF3F030000000000FFFFFFFFFFFFFF00F4
:10825000000000000000000000000000000000FF1F
:10826000FFFFFFFFFFFF0000000000FFFFFFFFFF19
:10827000FFFF000000000000000000000000000000
:10828000031FFFFFFFFFFFFFF00000000000FFFFE4
:10829000FFFFFFFFFF0F0F0F0F0F0F0F0F0F0F1F2E
:1082A0001F3FFFFFFFFFFEFCF8E0000000000000A2
:1082B0000080C0E0E0E0E0E0E0E0E0E0E0E0E0E01E
:1082C000E0E0E0E0C0C080800000000000000000AE
:1082D000000000000000000000000000000000009E
:1082E000000000000000000000000000000000008E
:1082F000000000000000000000000000000000007E
:10830000000000000000000000000000000000006D
:108310000000000000000000000000000101010159
:10832000010101010101010101010101010101013D
:10833000010101000000000000000000007FFFFFBD
:10834000FFFFFFFFFCFCFCFCFCFCFCFCFCFCFCFC61
:10835000FCFCFCFCFCFCF8700000000000000000CD
:10836000FFFFFFFFFFFFFF00000000000000000014
:1083700000000000000000000000000000000000FD
:10838000000000FFFFFFFFFFFFFFFEFEFEFEFEFE00
:10839000FEFEFEFEFEFEFEFEFEFEFE7C0000000077
:1083A000000000000000FFFFFFFFFFFFFF000000D4
:1083B00000000000000000000000000000000000BD
:1083C000000000000000000000FFFFFFFFFFFFFFB4
:1083D0000F0F0F0F0F0F0F0F0F0F0F0F0F0F0F0FAD
:1083E0000F0F0F07000000000000000080C0E0E059
:1083F000E0E0E0E0E0E0E0E0E0E0E0E0E0E0E0E07D
:10840000E0E0E0E0E0E0C00000000000000000006C
:10841000000000000000000000000000000000005C
:10842000000000000000000000000000000000004C
:10843000000000000000000000000000000000003C
:10844000000000000000000000000000000000002C
:108450000000000000000001010101010101010113
:108460000101010101010101010101010000000000
:1084700000000000000000007FFFFFFFFFFFFFFC87
:10848000FCFCFCFCFCFCFCFCFCFCFCFCFCFCFCF830
:108490007000000000000000000000FFFFFFFFFF71
:1084A000FFFF0000000000000000000000000000CE
:1084B0000000000000000000000000000000FFFFBE
:1084C000FFFFFFFFFF7E7E7E7E7E7E7E7E7E7E7E47
:1084D0007E7E7E3C000000000000000000000000E6
:1084E00000FFFFFFFFFFFFFF000000000000000093
:1084F000000000000000000000000000000000007C
:1085000000000000FFFFFFFFFFFFFF000000000072
:10851000000000000000000000000000000000005B
:108520000000000000000080C0E0E0E0C08000002B
:10853000000000000000000000000000000000003B
:10854000000000000000000000000000000000002B
:10855000000000000000000000000000000000001B
:10856000000000000000000000000000000000000B
:1085700000000000000000000000000000000000FB
:1085800000000000000000000000000000000000EB
:1085900000000000000000000101010303030303C9
:1085A00003030303010100000000000000000000BD
:1085B00000000000030F1F3F7FFFFFFFFEFCFCF8E1
:1085C000F8F8F8F8F8FCFCFEFFFFFF7F3F1F0701FB
:1085D00000000000033FFFFFFFFFFFFEE080000000
:1085E000000000000000000000000080C0F0F8FC67
:1085F000FCF8F000000000FFFFFFFFFFFFFF00009E
:108600000000000000000000070F0F0F0F0F0F0FFA
:108610000F0F0F0F0F0703000000E0FEFFFFFFFF2B
:10862000FF3F03000000000000000080C0C0C0C089
:10863000C0C0C0C0FFFFFFFFFFFF000000000080C0
:10864000E0F8FCFEFFFFFF7F3F1F1F0F0F0F0F0F14
:108650000F0F1F1F3F3F7FFFFFFEFEFCF0000000DB
:1086600000000000000000008080C0C0C0E0E0E02A
:10867000E0E0E0E0E0E0C0C0C0808000000000007A
:1086800000000000000000000000000000000000EA
:1086900000000000000000000000000000000000DA
:1086A00000000000000000000000000000000000CA
:1086B00000000000000000000000000000000000BA
:1086C00000000000000000000000000003030301A0
:1086D000000000000000000000000000000000009A
:1086E0000001030301000000000000000000FFFF84
:1086F000FFFFFFFF0000000000000000000000007E
:10870000000000FFFFFFFFFFFF000000000000006F
:1087100000FFFFFFFFFFFF0000000000000000005F
:10872000000000000000FFFFFFFFFFFF000000004F
:1087300000000000FFFFFFFFFFFFFEFEFEFEFEFE4B
:10874000FEFEFEFEFEFEFEFEFEFFFFFFFFFFFF0041
:1087500000000000000000FFFFFFFFFFFF0000001F
:10876000000000000000000000000000FFFFFFFF0D
:10877000FFFF0000000000000000FFFFFFFFFFFF01
:10878000000000000000000000000000000000FFEA
:10879000FFFFFFFFFF000000000000000080C0E0BE
:1087A000E0C08000000000000000000000000000A9
:1087B000000080C0E0E0C080000000000000000079
:1087C00000000000000000000000000000000000A9
:1087D0000000000000000000000000000000000099
:1087E0000000000000000000000000000000000089
:1087F0000000000000000000000000000000000079
:108800000000000000000001030301000000000060
:108810000000000000000000000000000000000058
:10882000000000000000000000FFFFFFFFFFFF004E
:108830000000000000000000000000000000000038
:10884000000000000000000000000000FFFFFFFF2C
:10885000FFFF00000000000000000000000000001A
:10886000000000000000000000000000000000FF09
:10887000FFFFFFFFFF0000000000000000000000FD
:1088800000000000000000000000000000000000E8
:108890000000FFFFFFFFFFFF0000000000000000DE
:1088A00000000000000000000000000000000000C8
:1088B0000000000000FFFFFFFFFFFF0000000000BE
:1088C00000000000000000000000000000000000A8
:1088D000000000000000000080C0E0E0C080000058
:1088E0000000000000000000000000000000000088
:1088F0000000000000000000000000000000000078
:108900000000000000000000000000000000000067
:108910000000000000000000000000000000000057
:108920000000000000000000000000000000000047
:108930000000000000000000000000000000000037
:108940000000000000000000000000000000030321
:108950000301000000000000000000000000000013
:108960000000000000000000000000000000000007
:10897000FFFFFFFFFFFF00000000000000000000FD
:1089800000000000000000000000000000000000E7
:10899000000000FFFFFFFFFFFF00000000000000DD
:1089A00000000000000000000000000000000000C7
:1089B000000000000000FFFFFFFFFFFF00000000BD
:1089C000000000000000000000003F7F7F7F3F1F8D
:1089D000000000000000000000FFFFFFFFFFFF009D
:1089E00000000000000000000000000000C0F8FED1
:1089F000FFFFFFFF3F1F0F0F0F1F1FFFFFFFFFFEB8
:108A0000F8C00000000000000000000000000000AE
:108A10000000000080C0C0E0E0E0E0E0E0E0C0C0B6
:108A200080000000000000000000000000000000C6
:108A30000000000000000000000000000000000036
:108A40000000000000000000000000000000000026
:108A50000000000000000000000000000000000016
:108A60000000000000000000000000000000000006
:108A700000000000000000000000000000030303ED
:108A800001000000000000000000000000000000E5
:108A9000010303030100000000000000000000FFCC
:108AA000FFFFFFFFFF000000000000000001030FB8
:108AB0001F7FFFFFFFFFFCF8E00000000000000048
:108AC0000000FFFFFFFFFFFF00000103071F3FFF44
:108AD000FFFFFEFCF8F0C080000000000000000076
:108AE0000000000000FFFFFFFFFFFF3F7FFFFFFED2
:108AF000FCFFFFFFFF7F1F0F0300000000000000CE
:108B00000000000000000000FFFFFFFFFFFFF0E09B
:108B1000C000000000C0F0FCFFFFFFFFFF3F0F039D
:108B20000000000000000000000000FFFFFFFFFF4A
:108B3000FF0000000000000000000000C0F0FCFF8B
:108B4000FFFFFFFF3F0F000000000000000080C09B
:108B5000E0E0C08000000000000000000000000015
:108B6000000000C0E0E0E0E0C00000000000000005
:108B700000000000000000000000000000000000F5
:108B800000000000000000000000000000000000E5
:108B900000000000000000000000000000000000D5
:108BA00000000000000000000000000000000000C5
:108BB00000000000000000000103030100000000AD
:108BC00000000000000000000000000000000000A5
:108BD00000000000000000000000FFFFFFFFFFFF9B
:108BE0000000000000000000000000000000000085
:108BF00000000000000000000000000000FFFFFF78
:108C0000FFFFFF0000000000000000000000000067
:108C10000000000000000000000000000000000054
:108C2000FFFFFFFFFFFF000000000000000000004A
:108C30000000000000000000000000000000000034
:108C4000000000FFFFFFFFFFFF000000000000002A
:108C50000000000000000000000000000000000014
:108C6000000000000000FFFFFFFFFFFF0F0F0F0FCE
:108C70000F0F0F0F0F0F0F0F0F0F0F070300000045
:108C800000000000000000000080C0E0E0E0E0E044
:108C9000E0E0E0E0E0E0E0E0E0E0E0E0E0E0C08054
:108CA00000000000000000000000000000000000C4
:108CB00000000000000000000000000000000000B4
:108CC00000000000000000000000000000000000A4
:108CD0000000000000000000000000000000000094
:108CE0000000000000000000000000000000000084
:108CF000000000010101010101010000000000006D
:108D0000000000000000000001010101010101005C
:108D1000000000007FFFFFFFFFFFFFFFFFFF3F019D
:108D20000000000000000000013FFFFFFFFFFFFF09
:108D3000FFFFFF7F000000FFFFFFFFFFFFE0FFFFDF
:108D4000FFFFFF0F0000000000000FFFFFFFFFFF0D
:108D5000E0FFFFFFFFFFFF000000FFFFFFFFFFFF3F
:108D60000000F8FFFFFFFF7F030000037FFFFFFF0E
:108D7000FFF80000FFFFFFFFFFFF000000FFFFFF05
:108D8000FFFFFF000000C0FEFFFFFFFF1F1FFFFFF0
:108D9000FFFFFEC0000000FFFFFFFFFFFF0000001D
:108DA000FFFFFFFFFFFF0000000000F0FFFFFFFFDD
:108DB000FFFFFFFFF00000000000FFFFFFFFFFFFCD
:108DC00000000080C0E0E0E0800000000000000043
:108DD000C0E0E0E0E0C00000000000000080C0E073
:108DE000E0E0800000000000000000000000000043
:108DF0000000000000000000000000000000000073
:108E00000000000000000000000000000000000062
:108E10000000000000000000000000000000000052
:108E2000000000000000000000000000000001033E
:108E3000030301000000000000000000000000002B
:108E40000000000303030300000000000000000016
:108E50007FFFFFFFFFFFFF7F0F0300000000000008
:108E60000000000000FFFFFFFFFFFF000000000008
:108E7000000000FFFFFFFFFFFFFCFFFFFFFF3F0FB2
:108E80000300000000000000FFFFFFFFFFFF0000E5
:108E9000000000000000FFFFFFFFFFFF0000C0F028
:108EA000FCFFFFFFFF3F0F03000000FFFFFFFFFF7E
:108EB000FF0000000000000000FFFFFFFFFFFF00B9
:108EC0000000000000C0F0FCFFFFFFFF3F0FFFFFAE
:108ED000FFFFFFFF0000000000000000FFFFFFFF9A
:108EE000FFFF00000000000000000000C0F0FCFFD9
:108EF000FFFFFFFFFFFFFF000000000000000080F9
:108F0000C0E0E0C0800000000000000000000000A1
:108F1000000000C0C0E0E0E0C080000000000000F1
:108F20000000000000000000000000000000000041
:108F30000000000000000000000000000000000031
:108F40000000000000000000000000000000000021
:108F50000000000000000000000000000000000011
:108F60000000000000000000000000000000000100
:108F700001010303030303030303010101000000D4
:108F8000000000000000000000000001070F3F7F0C
:108F90007FFFFFFFFEFCF8F8F8F8F8F8FCFEFFFF93
:108FA000FF7F7F3F0F07010000000000033FFFFF2E
:108FB000FFFFFFFEE0800000000000000000000056
:108FC000000080E0FEFFFFFFFFFF3F03000000FF07
:108FD000FFFFFFFFFFFF0000000000000000000097
:108FE0000000000000000000FFFFFFFFFFFFFF0088
:108FF0000000E0FEFFFFFFFFFF3F03000000000056
:10900000000000000000000000033FFFFFFFFFFF23
:10901000FEE00000000000C0F0F8FCFEFFFFFF7F54
:109020003F1F0F0F0F0F0F0F1F3F7FFFFFFFFFFEB1
:10903000F8F0C00000000000000000000000000088
:1090400080C0C0C0E0E0E0E0E0E0E0E0C0C0C080A0
:109050000000000000000000000000000000000010
:109060000000000000000000000000000000000000
:1090700000000000000000000000000000000000F0
:1090800000000000000000000000000000000000E0
:1090900000000000000000000000000000000000D0
:1090A00000000000000101010101010101010101B5
:1090B00001010101010000000000000000000000AB
:1090C0000000000000007FFFFFFFFFFFF8F8F8F846
:1090D000F8F8F8F8FCFCFEFFFFFF7F3F1F070000D9
:1090E000000000000000000000FFFFFFFFFFFF0086
:1090F0000000000000000000000081FFFFFFFFFFF4
:10910000FFFF00000000000000000000FFFFFFFF65
:10911000FFFF1F1F1F1F1F1F1F1F3F3F7FFFFFFF5F
:10912000FFFEFCF08000000000000000000000FFD7
:10913000FFFFFFFFFFC0C0C0C0C0C0C0C0C0C0C0F4
:10914000808000000000000000000000000000001F
:109150000000FFFFFFFFFFFF000000000000000015
:1091600000000000000000000000000000000000FF
:10917000000000000080C0E0E0C0800000000000AF
:1091800000000000000000000000000000000000DF
:1091900000000000000000000000000000000000CF
:1091A00000000000000000000000000000000000BF
:1091B00000000000000000000000000000000000AF
:1091C000000000000000000000000000000000009F
:1091D000000000000000000000000000000000008F
:1091E0000000000000010101030303030303030364
:1091F000010101000000000000000000000000006C
:109200000001070F3F7F7FFFFFFFFEFCF8F8F8F833
:10921000F8F8FCFEFFFFFF7F7F3F0F070100000013
:109220000000033FFFFFFFFFFFFEE08000000000A3
:10923000000000000000000080E0FEFFFFFFFFFFD5
:109240003F03000000FFFFFFFFFFFFFF00000000E3
:109250000000000000000000000000000000FFFF10
:10926000FFFFFFFFFF000000E0FEFFFFFFFFFF3FEB
:109270000300000000000E0F0F0F0707030100039B
:109280003FFFFFFFFFFFFEE00000000000C0F0F81E
:10929000FEFFFFFFFF7F3F1F0F0F0F8FCFDFFFFF8F
:1092A000FFFFFFFFFFFFFFF3C3010000000000000E
:1092B00000000000000080C0C0C0E0E0E0E0E0E0AE
:1092C000E0E0C0C0C080C0C0E0F0F8FCFCFC7C0066
:1092D000000000000000000000000000000000008E
:1092E000000000000000000000000000000000007E
:1092F000000000000000000000000000000000006E
:10930000000000000000000000000000000000005D
:109310000000000000000000000000010101010148
:109320000101010101010101010101010000000031
:109330000000000000000000000000007FFFFFFFB1
:10934000FFFFF8F8F8F8F8F8F8F8F8F8FCFEFFFF77
:10935000FF7F3F1F0F01000000000000000000FF22
:10936000FFFFFFFFFF000000000000000000000002
:109370000001FFFFFFFFFFFFFE00000000000000F4
:109380000000FFFFFFFFFFFF3F3F3F3F3F3F3F3FEB
:109390003F7F7FFFFEFCFCF8F0E0C0000000000013
:1093A0000000000000FFFFFFFFFFFF0000000000C3
:1093B00080C0E0F8FEFFFFFF7F3F0F0701000000C5
:1093C0000000000000000000FFFFFFFFFFFF0000A3
:1093D000000000000000000080E0F8FEFFFFFFFF3B
:1093E0007F0F01000000000000000080C0E0E0C02E
:1093F000800000000000000000000000000000806D
:10940000C0E0E0E0C000000000000000000000003C
:10941000000000000000000000000000000000004C
:10942000000000000000000000000000000000003C
:10943000000000000000000000000000000000002C
:10944000000000000000000000000000000000001C
:1094500000000000000000000001010303030303FB
:1094600003030301010000000000000000000000F1
:10947000000000000000030F3F7FFFFFFEFCF8F03C
:10948000F0F0F0F0F0F8FCFFFFFF7F3F0F0100006D
:10949000000000000000000000FCFFFFFFFFFF1FB6
:1094A0000707030301010000000000E0F0F8F8F0F6
:1094B000C000000000000000000000000080C0E0CC
:1094C000F0F8F8FCFCFEFEFEFFFFFFFF7F7F3F3F52
:1094D0001F0F070300000000000000000000071F2E
:1094E0001F1F1F0F0100000000000000000080800F
:1094F000C0F0FFFFFFFFFF7F000000000000000042
:109500000000F0FCFEFFFFFF7F1F0F0707070707A4
:10951000070F0F1F7FFFFFFEFCF0C00000000000E0
:1095200000000000000000000080C0C0C0E0E0E0DB
:10953000E0E0E0E0E0C0C0C080000000000000000B
:10954000000000000000000000000000000000001B
:10955000000000000000000000000000000000000B
:1095600000000000000000000000000000000000FB
:1095700000000000000000000000000000000000EB
:1095800000000000000000000000000000010101D8
:1095900001010101010101010101010101010101BB
:1095A000010101010100000000000000000070F84E
:1095B000FCFCFCFCFCFCFCFCFCFFFFFFFFFFFFFCD9
:1095C000FCFCFCFCFCFCFCFCF87000000000000053
:1095D000000000000000000000000000FFFFFFFF8F
:1095E000FFFF00000000000000000000000000007D
:1095F000000000000000000000000000000000FF6C
:10960000FFFFFFFFFF00000000000000000000005F
:10961000000000000000000000000000000000004A
:109620000000FFFFFFFFFFFF000000000000000040
:10963000000000000000000000000000000000002A
:109640000000000000FFFFFFFFFFFF000000000020
:10965000000000000000000000000000000000000A
:10966000000000000000000080C0E0E0C0800000BA
:1096700000000000000000000000000000000000EA
:1096800000000000000000000000000000000000DA
:1096900000000000000000000000000000000000CA
:1096A00000000000000000000000000000000000BA
:1096B00000000000000000000000000000000000AA
:1096C0000000000000000000000000010303010092
:1096D000000000000000000000000000000000008A
:1096E00001030301000000000000000000FFFFFF75
:1096F000FFFFFF000000000000000000000000006D
:109700000000FFFFFFFFFFFF00000000000000005F
:10971000FFFFFFFFFFFF000000000000000000004F
:109720000000000000FFFFFFFFFFFF00000000003F
:10973000000000FFFFFFFFFFFF000000000000002F
:109740000000000000000000FFFFFFFFFFFF00001F
:10975000000000000000FEFFFFFFFFFF030000000D
:109760000000000000000000000003FFFFFFFFFFFB
:10977000FF000000000000000000E0F8FEFFFFFF17
:109780007F3F1F0F0F0F0F0F0F0F1F3F7FFFFFFFB9
:10979000FEFCF000000000000000000000000000DF
:1097A000008080C0C0C0E0E0E0E0E0E0E0E0C0C0F9
:1097B000C080000000000000000000000000000069
:1097C0000000000000000000000000000000000099
:1097D0000000000000000000000000000000000089
:1097E0000000000000000000000000000000000079
:1097F0000000000000000000000000000000000069
:10980000000000000103030301000000000000004D
:10981000000000000000000000000303030100003E
:10982000000000000000F8FFFFFFFFFF3F03000003
:1098300000000000000000000000011FFFFFFFFF0C
:10984000FFF8000000000000000080F8FFFFFFFFAD
:10985000FF1F010000000000000000000FFFFFFFDD
:10986000FFFFF0800000000000000000000000008A
:10987000F0FFFFFFFFFF1F0100000000000FFFFFD0
:10988000FFFFFEF0000000000000000000000000EC
:109890000000000000E0FEFFFFFFFF1F01000FFFC0
:1098A000FFFFFFFEE00000000000000000000000DD
:1098B00000000000000000000000E0FCFFFFFFFFD0
:1098C000FFFFFFFFFCC000000000000000000000E0
:1098D0000000000000000000000000000000008008
:1098E000C0E0E0E0E0C080000000000000000000F8
:1098F0000000000000000000000000000000000068
:109900000000000000000000000000000000000057
:109910000000000000000000000000000000000047
:109920000000000000000000000000000000000037
:109930000000000000000000000000000000030321
:109940000300000000000000000000010303030109
:1099500000000000000000000000030303000000FE
:10996000FEFFFFFFFF03000000000000037FFFFF7A
:10997000FFFFFF7F0300000000000003FFFFFFFF69
:10998000FE000000F8FFFFFFFF070000000007FFD8
:10999000FFFFFE80FEFFFFFF070000000007FFFF44
:1099A000FFFFF80000000000F0FFFFFFFF070000CE
:1099B0001FFFFFFFF8000000F8FFFFFF1F00000778
:1099C000FFFFFFFFF000000000000000E0FFFFFFCE
:1099D000FF0F7FFFFFFFF00000000000F0FFFFFF20
:1099E0007F0FFFFFFFFFE00000000000000000000D
:1099F000C0FFFFFFFFFFFFFEC000000000000000EF
:109A0000C0FEFFFFFFFFFFFFC000000000000000DE
:109A10000000000000C0E0E0E0C000000000000026
:109A20000000000000C0E0E0E0C000000000000016
:109A30000000000000000000000000000000000026
:109A40000000000000000000000000000000000016
:109A50000000000000000000000000000000000006
:109A600000000000000000000000000000000000F6
:109A700000000000000000000000010303030100DB
:109A800000000000000000000000000000000103D2
:109A9000030301000000000000000000F0FCFFFFD5
:109AA000FFFF7F3F0F0100000000000000030F3F99
:109AB000FFFFFFFFFEF800000000000000000000B4
:109AC0000000C0F0FCFFFFFFFF7F1F07071F3FFFE5
:109AD000FFFFFFFEF8E08000000000000000000033
:109AE000000000000000000000C3FFFFFFFFFFFFB9
:109AF000FFFFFFFFC30000000000000000000000A7
:109B00000000000000000001071F3FFFFFFFFFFFF4
:109B1000FCF0F0FCFEFFFFFFFF3F1F07010000000D
:109B200000000000000000071F7FFFFFFFFFFEF89E
:109B3000E08000000000000080E0F8FEFFFFFFFF73
:109B40007F1F0700000000000000C0E0E0E0E0C070
:109B50008000000000000000000000000000008005
:109B6000C0E0E0E0C0800000000000000000000055
:109B700000000000000000000000000000000000E5
:109B800000000000000000000000000000000000D5
:109B900000000000000000000000000000000000C5
:109BA00000000000000000000000000000000000B5
:109BB000000000000103030301000000000000009A
:109BC000000000000000000000000103030301008A
:109BD000000000000000E0FCFFFFFFFFFF3F0F035D
:109BE00000000000000000000001071F7FFFFFFFD2
:109BF000FFFCF0000000000000000000C0F0F8FED4
:109C0000FFFFFFFF3F07010001071F7FFFFFFFFE70
:109C1000FCF0C00000000000000000000000000098
:109C200000000080E0F8FEFFFFFF7FFFFFFFFEF86F
:109C3000E0800000000000000000000000000000C4
:109C400000000000000000000000FFFFFFFFFFFF1A
:109C5000FF00000000000000000000000000000005
:109C600000000000000000000000000000FFFFFFF7
:109C7000FFFFFFFF000000000000000000000000E8
:109C800000000000000000000000000000000000D4
:109C900080C0E0E0E0C080000000000000000000A4
:109CA00000000000000000000000000000000000B4
:109CB00000000000000000000000000000000000A4
:109CC0000000000000000000000000000000000094
:109CD0000000000000000000000000000000000084
:109CE0000000000000000000000000000000000074
:109CF0000101010101010101010101010101010154
:109D0000010101010101010101000000000000004A
:109D10000000F0F8F8F8F8F8F8F8F8F8F8F8F8F8BB
:109D2000F8F8F8F9FFFFFFFFFFFFFFFFFE0000005C
:109D30000000000000000000000000000000000023
:109D40000001070F3F7FFFFFFFFFFEF8F0C080001C
:109D50000000000000000000000000000000000102
:109D6000071F3FFFFFFFFFFFFCF8E0C000000000FF
:109D70000000000000000000000000000003071FBA
:109D80003FFFFFFFFFFFFCF8E08000000000000045
:109D90000000000000000000000000000F1F7FFF17
:109DA000FFFFFFFFFFF7E78707070707070707071B
:109DB00007070707070707070707030000000080DA
:109DC000C0E0E0E0E0E0E0E0E0E0E0E0E0E0E0E0B3
:109DD000E0E0E0E0E0E0E0E0E0E0E0E0E0C0000063
:109DE0000000000000000000000000000000000073
:109DF0000000000000000000000000000000000063
:109E00000000000000000000000000000000000052
:109E10000000000000000000000000000000000042
:109E20000000000000000000000000010303030325
:109E30000303030300000000000000000000000016
:109E400000000000000000000000000000FFFFFF15
:109E5000FFFFF0F0F0F0F000000000000000000054
:109E600000000000000000000000000000000000F2
:109E7000FFFFFFFFFF0000000000000000000000E7
:109E800000000000000000000000000000000000D2
:109E9000000000FFFFFFFFFF0000000000000000C7
:109EA00000000000000000000000000000000000B2
:109EB000000000000000FFFFFFFFFF0000000000A7
:109EC0000000000000000000000000000000000092
:109ED000000000000000000000FFFFFFFFFF000087
:109EE0000000000000000000000000000000000072
:109EF000000000000000000000000000FFFFFFFF66
:109F0000FF00000000000000000000000000000052
:109F1000000000000000000000000000000000F051
:109F2000F8FCFCFCFCFCFCFCFC0000000000000059
:109F30000000000000000000000000000000000021
:109F40000000000000000000000000000000000011
:109F50000000000000000000000000000000000001
:109F600000000000030301000000000000000000EA
:109F700000000000000000000000000000000000E1
:109F800000000000000080FFFFFF1F000000000035
:109F900000000000000000000000000000000000C1
:109FA0000000000000000000000000FEFFFF3F0076
:109FB00000000000000000000000000000000000A1
:109FC000000000000000000000000000000000FC95
:109FD000FFFFFF0100000000000000000000000083
:109FE0000000000000000000000000000000000071
:109FF000000000F8FFFFFF03000000000000000069
:10A000000000000000000000000000000000000050
:10A0100000000000000000F0FFFFFF07000000004C
:10A020000000000000000000000000000000000030
:10A030000000000000000000000000C0E0E0C000E0
:10A040000000000000000000000000000000000010
:10A050000000000000000000000000000000000000
:10A0600000000000000000000000000000000000F0
:10A0700000000000000000000000000000000000E0
:10A0800000000000000000000000000000000000D0
:10A0900000000000000000000000000000000001BF
:10A0A000030303030303030100000000000000009A
:10A0B00000000000000000000000000000000000A0
:10A0C0000000E0F0F0F0F0FFFFFFFFFF00000000F5
:10A0D0000000000000000000000000000000000080
:10A0E00000000000000000000000FFFFFFFFFF0075
:10A0F0000000000000000000000000000000000060
:10A1000000000000000000000000000000FFFFFF52
:10A11000FFFF000000000000000000000000000041
:10A12000000000000000000000000000000000002F
:10A13000FFFFFFFFFF000000000000000000000024
:10A14000000000000000000000000000000000000F
:10A15000000000FFFFFFFFFF000000000000000004
:10A1600000000000000000000000000000000000EF
:10A17000000000000000FFFFFFFFFF0000000000E4
:10A1800000000000000000000000000000000000CF
:10A190000000000078FCFCFCFCFCFCFCF8F000007B
:10A1A00000000000000000000000000000000000AF
:10A1B000000000000000000000000000000000009F
:10A1C000000000000000000000000000000000008F
:10A1D000000000000000000000000000000000007F
:10A1E0000001030303030000000000000000000062
:10A1F000000000000000000000000000000000005F
:10A200000000031FFFFFFFFFFFFF0F000000000023
:10A21000000000000000000000000000000000003E
:10A22000000000073FFFFFFFF880C0FCFFFFFF1F9B
:10A23000010000000000000000000000000000001D
:10A2400000000000047CFCFCFCF88000000000C062
:10A25000FCFCFCFC3C0400000000000000000000CE
:10A2600000000000000000000000000000000000EE
:10A2700000000000000000000000000000000000DE
:10A2800000000000000000000000000000000000CE
:10A2900000000000000000000000000000000000BE
:10A2A00000000000000000000000000000000000AE
:10A2B000000000000000000000000000000000009E
:10A2C000000000000000000000000000000000008E
:10A2D000000000000000000000000000000000007E
:10A2E000000000000000000000000000000000006E
:10A2F000000000000000000000000000000000005E
:10A30000000000000000000000000000000000004D
:10A31000000000000000000000000000000000003D
:10A32000000000000000000000000000000000002D
:10A33000000000000000000000000000000000001D
:10A34000000000000000000000000000000000000D
:10A3500000000000000000000000000000000000FD
:10A3600000000000000000000000000000000000ED
:10A3700000000000000000000000000000000000DD
:10A3800000000000000000000000000000000000CD
:10A3900000000000000000000000000000000000BD
:10A3A00000000000000000000000000000000000AD
:10A3B000000000000000000000000000000000009D
:10A3C000000000000000000000000000000000008D
:10A3D000000000000000000000000000000000007D
:10A3E000000000000000000000000000000000006D
:10A3F000000000000000000000000000000000005D
:10A40000000000000000000000E0E0E0E0E0E0E02C
:10A41000E0E0E0E0E0E0E0E0E0E0E0E000000000BC
:10A42000000000000000000000000000000000002C
:10A43000000000000000000000000000000000001C
:10A44000000000000000000000000000000000000C
:10A4500001010101010000000000000000000000F7
:10A4600000000000000000000000000000000000EC
:10A470000000000080E0F0FCFE3E0600000000004E
:10A4800000000000000000000000000000000000CC
:10A4900000000000000000000000000000000000BC
:10A4A00000000000000000000000000000000000AC
:10A4B000000000000000000000000000000000009C
:10A4C000000000000000000000000000000000008C
:10A4D000000000000000000000000000000000007C
:10A4E000000000000000000000000000000000006C
:10A4F000000000000000000000000000000000005C
:10A50000000000000000000000000000000000004B
:10A51000000000000000000000000000000000003B
:10A52000000000000000000000000000000000002B
:10A53000000000000000000000000000000000001B
:10A54000000000000000000000000000000000000B
:10A5500000000000000000000000000000000000FB
:10A5600000000000000000000000000000000000EB
:10A5700000000000000000000000000000000000DB
:10A5800000000000000000000000000000000000CB
:10A5900000000000000000000000000000000000BB
:10A5A00000000000000000000000000000000000AB
:10A5B000000000000000000000000000000000009B
:10A5C000000000000000000000000000000000008B
:10A5D000000000030F0F1F1F3F3F3F3F3F3F3F1F44
:10A5E0001F0F070000000000000000000000000036
:10A5F0000000000000F8FCFCF8E080800000010191
:10A6000081C3FFFFFFFFFF0000000000000000000B
:10A6100000000000000000030F1F3F7F7E7CF8F861
:10A62000F8F0F0F0E0FFFFFFFFFF00000000000087
:10A6300000000000000000000000FCFFFFFFFF1F03
:10A640000F070707070F1F7EFCFFFFFFFF07000034
:10A65000000000000000000000000000000000807A
:10A66000C0E0E0E0E0E0C0C08000000080C0E0E0CA
:10A67000800000000000000000000000000000005A
:10A6800000000000000000000000000000000000CA
:10A6900000000000000000000000000000000000BA
:10A6A00000000000000000000000000000000000AA
:10A6B000000000000000000000000000000000009A
:10A6C0000000000000000000030303000000000081
:10A6D000000000000000000000000000000000007A
:10A6E00000000000000000000000FFFFFFFFFF006F
:10A6F000000000000000000000000000000000005A
:10A7000000000000000000000000000000FFFFFF4C
:10A71000FFFF03070F1F3F3F3F3F3F1F1F0F030078
:10A720000000000000000000000000000000000029
:10A73000FFFFFFFFFFFEE0C08000000080C0F8FFC9
:10A74000FFFFFF0F000000000000000000000000FD
:10A75000000000FFFFFFFFFF0100000000000000FD
:10A760000000FFFFFFFFFF000000000000000000EE
:10A77000000000000000FFFFFFFFFFFE3F0F070784
:10A7800007070F1FFFFFFFFEF000000000000000A2
:10A7900000000000000000000080E0E0E080000019
:10A7A00080C0E0E0E0E0E0C08000000000000000C9
:10A7B0000000000000000000000000000000000099
:10A7C0000000000000000000000000000000000089
:10A7D0000000000000000000000000000000000079
:10A7E0000000000000000000000000000000000069
:10A7F0000000000000000000000000000000000059
:10A800000000000000000000000000000000000048
:10A810000000000000000000000000000000000038
:10A820000000000000000000000000000000000028
:10A830000000000000000000000000000000000018
:10A840000000000000000000000001070F1F1F3F74
:10A850003F3F3F3F3F1F0F07030100000000000084
:10A860000000000000000000000000077FFFFFFF65
:10A87000F8E0800000000080E0F8FEFEFC00000030
:10A880000000000000000000000000000000FFFFCA
:10A89000FFFFFF00000000000000000000030703AE
:10A8A00000000000000000000000000000000000A8
:10A8B0000080F0FCFFFFFF1F0F070707070F3FFF98
:10A8C000FFFEFCE0000000000000000000000000AF
:10A8D000000000000000000080C0C0E0E0E0E0E018
:10A8E000E0C08080000000000000000000000000C8
:10A8F0000000000000000000000000000000000058
:10A900000000000000000000000000000000000047
:10A910000000000000000000000000000000000037
:10A920000000000000000000000000000000000027
:10A930000000000000000000000000000000000017
:10A9400000000000000000000000000003030301FD
:10A9500000000000000000000000000000000000F7
:10A960000000000000000000000000000000FFFFE9
:10A97000FFFFFF00000000000000000000000000DA
:10A9800000000000030F1F1F3F3F3F3F3F1F0F0707
:10A9900003FFFFFFFFFF00000000000000000000B9
:10A9A00000000000000FFFFFFFFFF8E08000000044
:10A9B00080C0E0FEFFFFFFFFFF000000000000007E
:10A9C0000000000000000000FFFFFFFFFF0000008C
:10A9D00000000000000003FFFFFFFFFF0000000079
:10A9E000000000000000000000000000F0FEFFFF7B
:10A9F000FF1F0F070707070F3FFEFFFFFFFFFF00C7
:10AA00000000000000000000000000000000000046
:10AA1000000080C0E0E0E0E0E0C080000080E0E016
:10AA2000E0800000000000000000000000000000C6
:10AA30000000000000000000000000000000000016
:10AA40000000000000000000000000000000000006
:10AA500000000000000000000000000000000000F6
:10AA600000000000000000000000000000000000E6
:10AA700000000000000000000000000000000000D6
:10AA800000000000000000000000000000000000C6
:10AA900000000000000000000000000000000000B6
:10AAA00000000000000000000000000000000000A6
:10AAB0000000000000000000000000000000000096
:10AAC00001070F1F1F3F3F3F3F3F1F1F0F070100A1
:10AAD0000000000000000000000000000000000076
:10AAE00000077FFFFFFFF0C08000000080C0F0FF84
:10AAF000FFFF7F07000000000000000000000000D2
:10AB000000000000FFFFFFFFFFF8F8F8F8F8F8F882
:10AB1000F8F8F8F8F8F0C0000000000000000000AD
:10AB20000000000000000080F0FCFFFF7F1F0F0707
:10AB30000707070F1F3F7FFFFC0000000000000019
:10AB4000000000000000000000000000000080C0C5
:10AB5000C0E0E0E0E0E0E0C0C080000000000000F5
:10AB600000000000000000000000000000000000E5
:10AB700000000000000000000000000000000000D5
:10AB800000000000000000000000000000000000C5
:10AB900000000000000000000000000000000000B5
:10ABA00000000000000000000000000000000000A5
:10ABB0000000000000000101030303030301000083
:10ABC0000000000000000000000000000000000085
:10ABD000000000000000001FFFFFFFFFF8F0F0F092
:10ABE000F0E0000000000000000000000000000095
:10ABF000000000000000001F1F1FFFFFFFFFFF1FDE
:10AC00001F1F0F00000000000000000000000000F7
:10AC100000000000000000000000808080FFFFFFB7
:10AC2000FFFF8080800000000000000000000000A6
:10AC30000000000000000000000000000000000014
:10AC4000FFFFFFFFFF000000000000000000000009
:10AC500000000000000000000000000000000000F4
:10AC6000000000FFFFFFFFFF0000000000000000E9
:10AC700000000000000000000000000000000000D4
:10AC800000000000000080E0E0E080000000000024
:10AC900000000000000000000000000000000000B4
:10ACA00000000000000000000000000000000000A4
:10ACB0000000000000000000000000000000000094
:10ACC0000000000000000000000000000000000084
:10ACD0000000000000000000000000000000000074
:10ACE0000000000000000000000000000000000064
:10ACF0000000000000000000000000000000000054
:10AD00000000000000000000000000000000000043
:10AD10000000000000000000000000000000000033
:10AD20000000000000000000000000000000000023
:10AD3000000000000003070F1F3F3F3F3F3F1F0F72
:10AD400007030F3F3F3F1F0000000000000000000E
:10AD50000000000000000FFFFFFFFFF8C0800000B0
:10AD6000000080E0FCFFFFFFFFFF0000000000008C
:10AD7000000000000000000000FFFFFFFFFF0000D8
:10AD80000000000000000000FFFFFFFFFF000000C8
:10AD900000000000000000000000000000F0FEFFC6
:10ADA000FFFF1F0F070707070F3FFEFFFFFFFFFF14
:10ADB0000000000000000000000000000000000093
:10ADC000070F0F83C1E0E0E0E0E0C0800003FFFF79
:10ADD000FFFFFE0000000000000000000000000077
:10ADE000000000E0F8FCFCFE7E3F3F3F3F3F7FFE5F
:10ADF000FEFEFCF0E000000000000000000000008B
:10AE00000000000000000000000000000000000042
:10AE10000000000000000000000000000000000032
:10AE20000000000000000000000003030300000019
:10AE30000000000000000000000000000000000012
:10AE4000000000000000000000000000FFFFFFFF06
:10AE5000FF000000000000000000000000000000F3
:10AE6000000000000000000000000000000000FFE3
:10AE7000FFFFFFFF030F1F1F3F3F3F3F3F1F0F031A
:10AE800000000000000000000000000000000000C2
:10AE90000000FFFFFFFFFFF0C08000000080E0FF28
:10AEA000FFFFFFFF000000000000000000000000A6
:10AEB0000000000000FFFFFFFFFF00000000000097
:10AEC0000000FFFFFFFFFF00000000000000000087
:10AED0000000000000000000FFFFFFFFFF00000077
:10AEE0000000000000FFFFFFFFFF00000000000067
:10AEF0000000000000000000000000C0E0E0E08072
:10AF0000000000000000000080E0E0E080000000A1
:10AF10000000000000000000000000000000000031
:10AF20000000000000000000000000000000000021
:10AF30000000000000000000000000000000000011
:10AF40000000000000000000000000000000000001
:10AF500000000000000000000000000000000000F1
:10AF600000000000000003030301000000000000D7
:10AF700000000000000000000000000000000000D1
:10AF80000000000000000000F8FCFCFCF8000000DD
:10AF900000000000000000000000000000000000B1
:10AFA00000000000000000000000000F3F3F3F0FC6
:10AFB0000000000000000000000000000000000091
:10AFC0000000000000000000000000000000FFFF83
:10AFD000FFFFFF0000000000000000000000000074
:10AFE0000000000000000000000000000000000061
:10AFF00000FFFFFFFFFF0000000000000000000056
:10B000000000000000000000000000000000000040
:10B0100000000000FFFFFFFFFF0000000000000035
:10B020000000000000000000000000000000000020
:10B030000000000000000080E0E0E0800000000070
:10B040000000000000000000000000000000000000
:10B0500000000000000000000000000000000000F0
:10B0600000000000000000000000000000000000E0
:10B0700000000000000000000000000000000000D0
:10B0800000000000000000000000000000000000C0
:10B0900000000000000000000000000000000000B0
:10B0A0000003030301000000000000000000000096
:10B0B0000000000000000000000000000000000090
:10B0C000000000F8FCFCFCF800000000000000009C
:10B0D0000000000000000000000000000000000070
:10B0E0000000000000000F3F3F3F0F000000000085
:10B0F0000000000000000000000000000000000050
:10B10000000000000000000000FFFFFFFFFF000044
:10B11000000000000000000000000000000000002F
:10B12000000000000000000000000000FFFFFFFF23
:10B13000FF00000000000000000000000000000010
:10B14000000000000000000000000000000000FF00
:10B15000FFFFFFFF000000000000000000000000F3
:10B1600000000000000000000000000000000000DF
:10B170000000FFFFFFFFFF000000000000000000D4
:10B1800000000000000000000000000000000000BF
:10B1900000007F7FFFFFFFFEFCE0000000000000DA
:10B1A000000000000000000000000000000000009F
:10B1B000000000000000000000000000000000008F
:10B1C000000000000000000000000000000000007F
:10B1D0000000000000000000000000000303030066
:10B1E000000000000000000000000000000000005F
:10B1F0000000000000000000000000000000FFFF51
:10B20000FFFFFF0000000000000000000000000041
:10B21000000000000000000000000000000000002E
:10B2200000FFFFFFFFFF0000000001070F3F3F3F4F
:10B230000C00000000000000000000000000000002
:10B2400000000000FFFFFFFFFF030F1F7FFFFFF85D
:10B25000F0C08000000000000000000000000000BE
:10B2600000000000000000FFFFFFFFFFFEFCF0FCFD
:10B27000FFFFFF3F0701000000000000000000008A
:10B2800000000000000000000000FFFFFFFFFF00C3
:10B2900000000080E0FCFFFFFF3F0F000000000007
:10B2A0000000000000000000000000000080E0E05E
:10B2B000E0800000000000000080C0E0E0C000006E
:10B2C000000000000000000000000000000000007E
:10B2D000000000000000000000000000000000006E
:10B2E000000000000000000000000000000000005E
:10B2F000000000000000000000000000000000004E
:10B30000000000000000000000000000000000003D
:10B310000000000000000003030300000000000024
:10B32000000000000000000000000000000000001D
:10B33000000000000000000000FFFFFFFFFF000012
:10B3400000000000000000000000000000000000FD
:10B35000000000000000000000000000FFFFFFFFF1
:10B36000FF000000000000000000000000000000DE
:10B37000000000000000000000000000000000FFCE
:10B38000FFFFFFFF000000000000000000000000C1
:10B3900000000000000000000000000000000000AD
:10B3A0000000FFFFFFFFFF000000000000000000A2
:10B3B000000000000000000000000000000000008D
:10B3C0000000000000FFFFFFFFFF00000000000082
:10B3D000000000000000000000000000000000006D
:10B3E000000000000000000080E0E0E080000000BD
:10B3F000000000000000000000000000000000004D
:10B40000000000000000000000000000000000003C
:10B41000000000000000000000000000000000002C
:10B42000000000000000000000000000000000001C
:10B43000000000000000000000000000000000000C
:10B4400000000000000000000000000000000000FC
:10B4500000000000000000000000000000000000EC
:10B4600000000000000000000000000000000000DC
:10B4700000000000000000000000000000000000CC
:10B4800000000000000000000000000000000000BC
:10B490000000000000001F3F3F3F0F070F1F1F3F2E
:10B4A0003F3F3F1F1F0701070F1F3F3F3F3F1F1F2A
:10B4B000070100000000000000FFFFFFFFFFF08019
:10B4C00000000000C0FFFFFFFFFFF080000000C091
:10B4D000FFFFFFFFFF00000000000000FFFFFFFF75
:10B4E000FF00000000000000FFFFFFFFFF00000062
:10B4F000000000FFFFFFFFFF00000000000000FF52
:10B50000FFFFFFFF00000000000000FFFFFFFFFF44
:10B51000000000000000FFFFFFFFFF000000000030
:10B52000000080E0E0E0800000000000000080E01B
:10B53000E0E08000000000000080E0E0E08000002B
:10B5400000000000000000000000000000000000FB
:10B5500000000000000000000000000000000000EB
:10B5600000000000000000000000000000000000DB
:10B5700000000000000000000000000000000000CB
:10B5800000000000000000000000000000000000BB
:10B5900000000000000000000000000000000000AB
:10B5A000000000000000000000000000000000009B
:10B5B000000000000000000000000000000000008B
:10B5C000000000000000000000000000000000007B
:10B5D000001F3F3F3F0F030F1F1F3F3F3F3F3F1FD6
:10B5E0000F07000000000000000000000000000045
:10B5F00000000000FFFFFFFFFFF0C08000000080A0
:10B60000E0FFFFFFFFFF000000000000000000005F
:10B6100000000000000000FFFFFFFFFF000000002F
:10B6200000000000FFFFFFFFFF000000000000001F
:10B6300000000000000000000000FFFFFFFFFF000F
:10B6400000000000000000FFFFFFFFFF00000000FF
:10B650000000000000000000000000000080E0E0AA
:10B66000E080000000000000000080E0E0E08000DA
:10B6700000000000000000000000000000000000CA
:10B6800000000000000000000000000000000000BA
:10B6900000000000000000000000000000000000AA
:10B6A000000000000000000000000000000000009A
:10B6B000000000000000000000000000000000008A
:10B6C000000000000000000000000000000000007A
:10B6D000000000000000000000000000000000006A
:10B6E000000000000000000000000000000000005A
:10B6F000000000000000000000000000000000004A
:10B700000000000000000000000000000001070F22
:10B710001F1F3F3F3F3F3F3F1F1F0F07010000001C
:10B720000000000000000000000000000000077F93
:10B73000FFFFFFF8C0800000000080C0F8FFFFFF9F
:10B740007F07000000000000000000000000000073
:10B7500000FFFFFFFFFF00000000000000000000EE
:10B76000FFFFFFFFFF0000000000000000000000DE
:10B770000000000000F0FCFFFFFF1F0F0707070796
:10B780000F3FFFFFFFFCF000000000000000000082
:10B79000000000000000000000000080C0C0E0E0E9
:10B7A000E0E0E0E0C0C08000000000000000000019
:10B7B0000000000000000000000000000000000089
:10B7C0000000000000000000000000000000000079
:10B7D0000000000000000000000000000000000069
:10B7E0000000000000000000000000000000000059
:10B7F0000000000000000000000000000000000049
:10B800000000000000000000000000000000000038
:10B810000000000000000000000000000000000028
:10B820000000000000000000000000000000000018
:10B830000000000000000000000000000000000008
:10B84000000000000000001F3F3F3F0F01070F1FD7
:10B850003F3F3F3F3F1F0F07030000000000000075
:10B8600000000000000000000000FFFFFFFFFFFEDF
:10B87000E0808000000080C0F8FFFFFF7F0F000025
:10B8800000000000000000000000000000FFFFFFBB
:10B89000FFFF03000000000000000000FFFFFFFFAB
:10B8A000FF00000000000000000000000000000099
:10B8B000FFFFFFFFFFFE3F0F0F0707070F3FFFFFD1
:10B8C000FFFEF0000000000000000000000000008B
:10B8D000000000FFFFFFFFFF000080C0E0E0E0E0AD
:10B8E000E0C0800000000000000000000000000038
:10B8F000000000000000FEFFFFFFFC000000000051
:10B900000000000000000000000000000000000037
:10B910000000000000000000000000000000000027
:10B920000000000000000000000000000000000017
:10B930000000000000000000000000000000000007
:10B9400000000000000000000000000000000000F7
:10B9500000000000000000000000000000000000E7
:10B9600000000000000000000000000000000000D7
:10B9700000000000000000000000000000000000C7
:10B9800000000003070F1F3F3F3F3F3F1F0F07030C
:10B990001F3F3F3F1F0000000000000000000000AC
:10B9A000000000000FFFFFFFFFF8E08000000080B4
:10B9B00080E0FEFFFFFFFFFF00000000000000002E
:10B9C00000000000000000FFFFFFFFFF000000007C
:10B9D000000000000003FFFFFFFFFF000000000069
:10B9E0000000000000000000000080F0FEFFFFFFEC
:10B9F0003F0F0707070F0F3FFEFFFFFFFFFF00008E
:10BA00000000000000000000000000000000000036
:10BA10000080C0E0E0E0E0E0C0800000FFFFFFFF4A
:10BA2000FF00000000000000000000000000000017
:10BA3000000000000000000000000000000000FE08
:10BA4000FFFFFFFC000000000000000000000000FD
:10BA500000000000000000000000000000000000E6
:10BA600000000000000000000000000000000000D6
:10BA700000000000000000000000000000000000C6
:10BA800000000000000000000000000000000000B6
:10BA900000000000000000000000000000000000A6
:10BAA0000000000000000000000000000000000096
:10BAB000000000000000000000000000000F3F3FF9
:10BAC0003F0F070F3F3F3F3F1F0F030000000000E5
:10BAD0000000000000000000000000000000000066
:10BAE000FFFFFFFFFFFCC0808080C0C0C0000000DF
:10BAF0000000000000000000000000000000000046
:10BB0000000000FFFFFFFFFF00000000000000003A
:10BB10000000000000000000000000000000000025
:10BB2000000000000000FFFFFFFFFF00000000001A
:10BB30000000000000000000000000000000000005
:10BB400000000000000000000080E0E0E080000055
:10BB500000000000000000000000000000000000E5
:10BB600000000000000000000000000000000000D5
:10BB700000000000000000000000000000000000C5
:10BB800000000000000000000000000000000000B5
:10BB900000000000000000000000000000000000A5
:10BBA0000000000000000000000000000000000095
:10BBB0000000000000000000000000000000000085
:10BBC0000000000000000000000000000000000075
:10BBD0000000000000000000000000000000000065
:10BBE0000000000000000000000000000000000055
:10BBF000000000000000000000070F1F1F3F3E3E36
:10BC00003E3E3F1F1F0F0701000000000000000024
:10BC10000000000000000000000000FCFFFFFFFF2C
:10BC20000F0703030101C1F0F8F0F000000000006D
:10BC30000000000000000000000000000000010300
:10BC4000C1C1E0F0F0F0F8F8FCFEFF7F7F1F0700B5
:10BC500000000000000000000000000000000000E4
:10BC600000FCFFFFFF3F1F0F0707070F1FFFFFFF2E
:10BC7000FEF00000000000000000000000000000D6
:10BC800000000000000080C0C0E0E0E0E0E0E0C0B4
:10BC9000C080000000000000000000000000000064
:10BCA0000000000000000000000000000000000094
:10BCB0000000000000000000000000000000000084
:10BCC0000000000000000000000000000000000074
:10BCD0000000000000000000000000000000000064
:10BCE0000000000000000000000000000000000153
:10BCF0000101000000000000000000000000000042
:10BD00000000000000000000000000000000000033
:10BD1000007FFFFFFF7F0000000000000000000028
:10BD20000000000000000000000000000000000013
:10BD3000000F1F1FFFFFFFFFFF1F1F1F0F0000004F
:10BD400000000000000000000000000000000000F3
:10BD500000000000008080FFFFFFFFFF8080800068
:10BD600000000000000000000000000000000000D3
:10BD700000000000000000000000FFFFFFFFFF00C8
:10BD800000000000000000000000000000000000B3
:10BD900000000000000000000000000000FEFFFFA7
:10BDA000FFFF0F07070F070300000000000000005F
:10BDB0000000000000000000000000000000000083
:10BDC0000080C0E0E0E0E0E0C0C000000000000053
:10BDD0000000000000000000000000000000000063
:10BDE0000000000000000000000000000000000053
:10BDF0000000000000000000000000000000000043
:10BE00000000000000000000000000000000000032
:10BE10000000000000000000000000000000000022
:10BE20000000000000000000000000000000000012
:10BE30000000000000000000000000000000000002
:10BE400000000000000000000000000000000000F2
:10BE500000000000000000000000000000000000E2
:10BE600000000000000000000000000000000F3F84
:10BE70003F3F0F00000000000000000F3F3F3F0F5A
:10BE800000000000000000000000000000000000B2
:10BE900000FFFFFFFFFF0000000000000000FFFFA9
:10BEA000FFFFFF0000000000000000000000000095
:10BEB00000000000FFFFFFFFFF0000000000000087
:10BEC00000FFFFFFFFFF0000000000000000000077
:10BED00000000000000000F8FFFFFFFF3F0F070712
:10BEE000070F1F7EFFFFFFFFFF00000000000000A4
:10BEF00000000000000000000000000080C0E0E042
:10BF0000E0E0E0C0C0800080E0E0E0C000000000B1
:10BF10000000000000000000000000000000000021
:10BF20000000000000000000000000000000000011
:10BF30000000000000000000000000000000000001
:10BF400000000000000000000000000000000000F1
:10BF500000000000000000000000000000000000E1
:10BF600000000000000000000000000000000000D1
:10BF700000000000000000000000000000000000C1
:10BF800000000000000000000000000000000000B1
:10BF900000000000000000000000000000000000A1
:10BFA00000000000000000001F3F3F1F03000000D2
:10BFB00000000000011F3F3F1F00000000000000C4
:10BFC000000000000000000000000080F8FFFFFFFC
:10BFD0001F00000000001FFFFFFFF88000000000AE
:10BFE0000000000000000000000000000000000051
:10BFF00080FCFFFFFF070007FFFFFFFC8000000041
:10C000000000000000000000000000000000000030
:10C010000000000000C0FCFFFF3FFFFFFCC000006D
:10C020000000000000000000000000000000000010
:10C0300000000000000000000000C0E0E0E0C000E0
:10C0400000000000000000000000000000000000F0
:10C0500000000000000000000000000000000000E0
:10C0600000000000000000000000000000000000D0
:10C0700000000000000000000000000000000000C0
:10C0800000000000000000000000000000000000B0
:10C0900000000000000000000000000000000000A0
:10C0A0000000000000000000000000000000000090
:10C0B0000000000000000000000000000000000080
:10C0C0000000000000000000000000000000000070
:10C0D0000000000000000000000000000000000060
:10C0E0000000001F3F3F1F03000000000000071F6B
:10C0F0003F3F1F07000000000000031F3F3F1F00DD
:10C1000000000000000080FCFFFFFF0F00000000A7
:10C110003FFFFFFFFFFFFF3F000000000FFFFFFF9B
:10C12000FC80000000000000000000E0FFFFFF3F77
:10C130000003FFFFFFF80000FCFFFFFF03003FFFCD
:10C14000FFFFE00000000000000000000000000011
:10C15000F0FFFFFFFFFFFFE000000000E0FFFFFF38
:10C16000FFFFFFF0000000000000000000000000E2
:10C170000000000080C0E0E0C000000000000000FF
:10C1800000C0E0E0C08000000000000000000000EF
:10C19000000000000000000000000000000000009F
:10C1A000000000000000000000000000000000008F
:10C1B000000000000000000000000000000000007F
:10C1C000000000000000000000000000000000006F
:10C1D000000000000000000000000000000000005F
:10C1E000000000000000000000000000000000004F
:10C1F000000000000000000000000000000000003F
:10C20000000000000000000000000000000000002E
:10C210000000000000000000000000000000043FDB
:10C220003F3F0F030000000000031F3F3F3F04009B
:10C2300000000000000000000000000000000000FE
:10C24000000080F0FCFFFFFF1F071FFFFFFFFCE067
:10C25000800000000000000000000000000000005E
:10C2600000000000000000010FFFFFFFFFFFFFFFC5
:10C270000F010000000000000000000000000000AE
:10C2800000000000000000031F7FFFFFFEF0C00061
:10C29000C0F0FEFFFF7F1F03000000000000000051
:10C2A00000000000000000000000C0E0E0C08000CE
:10C2B00000000000000080C0E0E0C00000000000BE
:10C2C000000000000000000000000000000000006E
:10C2D000000000000000000000000000000000005E
:10C2E000000000000000000000000000000000004E
:10C2F000000000000000000000000000000000003E
:10C30000000000000000000000000000000000002D
:10C31000000000000000000000000000000000001D
:10C32000000000000000000000000000000000000D
:10C3300000000000000000000000000000000000FD
:10C3400000000000000000000000000000000000ED
:10C350000000000000000000000F3F3F3F0700000A
:10C36000000000000000031F3F3F1F00000000000E
:10C3700000000000000000000000000080F8FFFF47
:10C38000FF7F0300000000013FFFFFFFF880000077
:10C39000000000000000000000000000000000009D
:10C3A00000C0FCFFFFFF1F00000FFFFFFFFCC000ED
:10C3B000000000000000000000000000000000007D
:10C3C000000000000000C0FCFFFFFF7FFFFFFEE059
:10C3D000000000000000000000000000000000005D
:10C3E0000000000000000000000001EFFFFFFFFF61
:10C3F000E00000000000000000000000000000005D
:10C4000000000000000000083E3F3F3F7FFFFEFEAF
:10C41000F8E0000000000000000000000000000044
:10C42000000000000000000000000000000000000C
:10C4300000000000000000000000000000000000FC
:10C4400000000000000000000000000000000000EC
:10C4500000000000000000000000000000000000DC
:10C4600000000000000000000000000000000000CC
:10C4700000000000000000000000000000000000BC
:10C4800000000000000000000000000000000000AC
:10C4900000000000001F1F1F1F1F1F1F1F1F1F1F47
:10C4A0001F1F1F1F0F000000000000000000000001
:10C4B0000000000000000000808080808080808379
:10C4C0008FFFFFFFFEF8E08000000000000000008A
:10C4D0000000000000000000000000000001070F45
:10C4E0003FFFFFFEF8E080000000000000000000B9
:10C4F00000000000000000000000000000071F7F97
:10C50000FFFFFFFFE7870707070707070707030086
:10C51000000000000000000000000000000000001B
:10C52000C0E0E0E0E0E0E0E0E0E0E0E0E0E0E0E02B
:10C53000E0C000000000000000000000000000005B
:10C5400000000000000000000000000000000000EB
:10C5500000000000000000000000000000000000DB
:10C5600000000000000000000000000000000000CB
:10C5700000000000000000000000000000000000BB
:10C5800000000000000000000000000000000000AB
:10C59000010303030300000000000000000000008E
:10C5A000000000000000000000000000000000008B
:10C5B0001F7FFFFFFFFCF8F8F00000000000000004
:10C5C000000000000000000000000000000000006B
:10C5D000000000FFFFFFFFFF000000000000000060
:10C5E000000000000000000000000000000000004B
:10C5F00000000001030FFFFFFFFFF8000000000034
:10C60000000000000000000000000000000000002A
:10C610000000000000FCFEFFFFFFFFCF0300000052
:10C62000000000000000000000000000000000000A
:10C630000000000000000000000000C0FFFFFFFF3E
:10C640007F0000000000000000000000000000006B
:10C65000000000000000000000000000000000FFDB
:10C66000FFFFFFFF000000000000000000000000CE
:10C6700000000000000000000000000000000000BA
:10C680000000E0F8FCFEFFFFFF7F3C000000000020
:10C69000000000000000000000000000000000009A
:10C6A000000000000000000000000000000000008A
:10C6B000000000000000000000000000000000007A
:10C6C0000000000000000103030100000000000062
:10C6D000000000000000000000000000000000005A
:10C6E000000000000000000000FFFFFFFF0000004E
:10C6F000000000000000000000000000000000003A
:10C70000000000000000000000000000FFFFFFFF2D
:10C710000000000000000000000000000000000019
:10C72000000000000000000000000000000000FF0A
:10C73000FFFFFF00000000000000000000000000FC
:10C7400000000000000000000000000000000000E9
:10C750000000FFFFFFFF00000000000000000000DD
:10C7600000000000000000000000000000000000C9
:10C770000000000000FFFFFFFF00000000000000BD
:10C7800000000000000000000000000000000000A9
:10C790000000000000000000FFFFFFFF000000009D
:10C7A0000000000000000000000000000000000089
:10C7B0000000000000000000000000FEFFFFFE007F
:10C7C0000000000000000000000000000000000069
:10C7D0000000000000000000000000000000000059
:10C7E0000000000000000000000000000000000049
:10C7F0000000000000000000000000000000000336
:10C80000030303010000000000000000000000001E
:10C810000000000000000000000000000000000018
:10C8200000F0F8F8FCFFFFFF7F1F00000000000091
:10C8300000000000000000000000000000000000F8
:10C840000000000000000000FFFFFFFFFF000000ED
:10C8500000000000000000000000000000000000D8
:10C860000000000000000000000000F8FFFFFFFFD4
:10C870001F03010000000000000000000000000095
:10C8800000000000000000000000000000000003A5
:10C89000CFFFFFFFFFFEFC000000000000000000D3
:10C8A0000000000000000000000000000000000088
:10C8B000007FFFFFFFFFC00000000000000000003D
:10C8C0000000000000000000000000000000000068
:10C8D00000000000FFFFFFFFFF000000000000005D
:10C8E0000000000000000000000000000000000048
:10C8F0000000003C7F7FFFFFFEFCF8E0000000002E
:10C900000000000000000000000000000000000027
:10C910000000000000000000000000000000000017
:10C920000000000000000000000000000000000007
:10C9300000000000000000000000000000000000F7
:10C9400000000000000000000000000000000000E7
:10C9500000000000000000000000000000000000D7
:10C9600000000000000000000000000000000000C7
:10C9700000000000000000000000000000000000B7
:10C9800000000001010101010000000000000000A2
:10C990000000010000000000000000000000000096
:10C9A0000000003F7FFFFEFEFEFEFFFF7F7F3F1F78
:10C9B0001F1F1F3F7FFF000000000000000000005D
:10C9C000000000000000E080000000000000008087
:10C9D000C0C0E0E0E0E0C080000000000000000017
:10C9E0000000000000000000000000000000000047
:10C9F0000000000000000000000000000000000037
:10CA00000000000000000000000000000000000026
:10CA10000000000000000000000000000000000016
:10CA20000000000000000000000000000000000006
:10CA300000000000000000000000000000000000F6
:10CA400000000000000000000000000000000000E6
:10CA50000000000023000000000000002300000090
:10CA60002300000023000000460000002300000017
:10CA700069000000230000008C000000230000007B
:10CA8000AF00000023000000D200000023000000DF
:10CA9000F500000023000000180100002300000042
:10CAA0003B010000230000005E01000023000000A5
:10CAB0008101000023000000A40100002300000009
:10CAC000C701000023000000EA010000230000006D
:10CAD0000D020000230000003002000023000000CF
:10CAE0005302000023000000760200002300000033
:10CAF0009902000023000000BC0200002300000097
:10CB0000DF020000230000000203000023000000F9
:10CB1000250300002300000048030000230000005C
:10CB20006B030000230000008E03000023000000C0
:10CB3000B103000023000000D40300002300000024
:10CB4000F7030000230000001A0400002300000087
:10CB50003D040000230000006004000023000000EA
:10CB60008304000023000000A6040000230000004E
:10CB7000C904000023000000EC04000023000000B2
:10CB80000F05000023000000320500002300000014
:10CB90005505000023000000780500002300000078
:10CBA0009B05000023000000BE05000023000000DC
:10CBB000E10500002300000004060000230000003F
:10CBC00027060000230000004A06000023000000A2
:10CBD0006D06000023000000900600002300000006
:10CBE000B306000023000000D6060000230000006A
:10CBF000F9060000230000001C07000023000000CD
:10CC00003F0700002300000062070000230000002F
:10CC10008507000023000000A80700002300000093
:10CC2000CB07000023000000EE07000023000000F7
:10CC30001108000023000000340800002300000059
:10CC400057080000230000007A08000023000000BD
:10CC50009D08000023000000C00800002300000021
:10CC6000E308000023000000060900002300000084
:10CC700029090000230000004C09000023000000E7
:10CC80006F0900002300000092090000230000004B
:10CC9000B509000023000000D809000023000000AF
:10CCA000FB090000230000001E0A00002300000012
:10CCB000410A000023000000640A00002300000075
:10CCC000870A000023000000AA0A000023000000D9
:10CCD000CD0A000023000000F00A0000230000003D
:10CCE000130B000023000000360B0000230000009F
:10CCF000590B0000230000007C0B00002300000003
:10CD00009F0B000023000000C20B00002300000066
:10CD1000E50B000023000000080C000023000000C9
:10CD20002B0C0000230000004E0C0000230000002C
:10CD3000710C000023000000940C00002300000090
:10CD4000B70C000023000000DA0C00000000000017
:10CD500000000000000000000000000000000000D3
:10CD600000000000000000000000000000000000C3
:10CD700000000000000000000000000000000000B3
:10CD800000000000000000000000000000000000A3
:10CD90000000000000000000000000000000000093
:10CDA0000000000000000000000000000000000083
:10CDB0000000000000000000000000000000000073
:10CDC0000000000000007FFFFF00000000000000E6
:10CDD00000000000000000000000FEFFFC0000005A
:10CDE0000000000000000000000000000000078FAD
:10CDF000070000000000000000000000000000002C
:10CE000000000080000000000000000000000000A2
:10CE10000000000000000000000000000000000012
:10CE2000000000000000000000FFFFFF0000FFFF07
:10CE3000FF00000000000000000000000080808073
:10CE40000000808080000000000000000000000062
:10CE500000000000000000000000000000000000D2
:10CE600000000000000000000000000000000000C2
:10CE700000000000000000000000000000000000B2
:10CE80000000000000000000000000000303037F1A
:10CE9000FF630307FFFF0300000000000000000025
:10CEA000C1C1FFFFE1C1C7FFFFC1C1000000000019
:10CEB00000000000E0FFFFF0E0E3FFFFE0E0E00043
:10CEC00000000000000000000080800000008000E2
:10CED0000000000000000000000000000000000052
:10CEE000010F0F0000000000000000000000000023
:10CEF000001F7FFFF0FFFFE0FC7F3F00000000000D
:10CF00000000000000C0F0F8FCFFFF3E1F0F07010B
:10CF1000000000000000000000FCFF7F07FFFF038F
:10CF200007FFFEF800000000000000000000008085
:10CF3000C0FFFFC080800000000000000000000073
:10CF400000000000000000000000000000000000E1
:10CF5000000000003F7FE0C0E07F1F000000010FE5
:10CF600078E0000000000000C0F0381838F0C0037E
:10CF70000F78E003070C0C0703000000000000001E
:10CF8000030F7CE0000000FEFF0101FFFE00000037
:10CF900000000000C00000000000000000808000D1
:10CFA0000000000000000000000000000000000081
:10CFB00000000000000000000000001F7F7FE0E094
:10CFC000F1FF7F1F00000000000000000001070FBC
:10CFD000FFFCFE7FFFE7C100070F07000000000015
:10CFE00000F8FEFF0F030303C7FFFFFEFEFF07036A
:10CFF00000000000000000008080808080000000B1
:10D0000000008000000000000000000000000000A0
:10D0100000000000000000000000000000FFFFFF13
:10D020000000000000000000000000000000000000
:10D030000080808000000000000000000000000070
:10D0400000000000000000000000000000000000E0
:10D0500000000000000000000000000000000000D0
:10D0600000000000000000000000000000000000C0
:10D0700000000000000000000000000000000000B0
:10D080000000031F7FF0000000000000000000000F
:10D0900000000000003FFFFF8000000000000000D3
:10D0A000000000000000000000FCFFFF0100000085
:10D0B0000000000000000000000000000000C0F8B8
:10D0C000FE0F000000000000000000000000000053
:10D0D0000000000000000000000000000000000050
:10D0E0000000000000F07F1F0300000000000000AF
:10D0F0000000000000000000000080FFFF3F000073
:10D10000000000000000000000000000000001FF1F
:10D11000FFFC000000000000000000000000000014
:10D12000000FFEF8C000000000000000000000003A
:10D1300000000000000000000303000000000000E9
:10D1400000000000000000000038181DFFFF1D183F
:10D15000380000000000000000000000000070E047
:10D160000080E070000000000000000000000000EF
:10D1700000000000000000000000000000000000AF
:10D18000000000000000000000000000000000009F
:10D19000000000000000000000000000000000008F
:10D1A000000000000000000000000000000000007F
:10D1B000000F0F0F00000000000000000000000042
:10D1C000001E1E1E1EFFFFFF1E1E1E1E0000000072
:10D1D000000000000000000000F8F8F80000000067
:10D1E000000000000000000000000000000000003F
:10D1F000000000000000000000000000000000002F
:10D20000000000000000000000000000000000001E
:10D21000000000000000000000000000000000000E
:10D2200000000000000000000000000000000000FE
:10D23000000000000000000000070F0F07000000C2
:10D24000000000000000000000000000000C9CF83E
:10D25000E0000000000000000000000000000000EE
:10D2600000000000000000000000000000000000BE
:10D2700000000000000000000000000000000000AE
:10D28000000000000000000000003C3C3C3C3C3C36
:10D290003C3C3C3C3C3C3C3C3C3C00000000000036
:10D2A000000000000000000000000000000000007E
:10D2B000000000000000000000000000000000006E
:10D2C000000000000000000000000000000000005E
:10D2D000000000000000000000000000000000004E
:10D2E000000000000000000000000000000000003E
:10D2F000000000000000000000000000000000002E
:10D300000000070F07000000000000000000000000
:10D31000000000000000008000000000000000008D
:10D3200000000000000000000000000000000000FD
:10D33000000000000000000000000000000007FFE7
:10D34000F8000000000000000000000000000000E5
:10D35000000FFFF8000000000000000000000000C7
:10D36000000000001FFFF0000000000000000000AF
:10D3700000000000000000008080000000000000AD
:10D38000000000000000000000000000000000009D
:10D39000000000000000000000000000000000008D
:10D3A0000000031F3F7F7CF0E0E0E0F07C7F3F0F58
:10D3B000010000000000FFFFFFFF00000000000070
:10D3C00000FFFFFFFF0000000000C0F8FEFF1F0786
:10D3D000030303071FFFFEF8E00000000000000049
:10D3E00000000080808080800000000000000000BD
:10D3F000000000000000000000000000000000002D
:10D4000000000000000001030307070F1E7FFFFF5D
:10D410007F00000000000000000080C0C08080008D
:10D4200000FFFFFFFF000000000000000000000000
:10D430000000000000FFFFFFFF00000000000000F0
:10D4400000000000000000000000808000000000DC
:10D4500000000000000000000000000000000000CC
:10D46000000000000000000000000F1F3F7F78F068
:10D47000E0E0E0F0F87F7F3F0F0000000000008058
:10D480008000000103070F1F7EFCF8F0C0000000C1
:10D490000000071F3F7FFFF7E7C78707070707075A
:10D4A00007000000000000808080808080808080F5
:10D4B00080808080800000000000000000000000EC
:10D4C0000000000000000000000000000000061F37
:10D4D0003F7E70E0E0E0E0F07F7F3F0F0000000063
:10D4E0000000000000003838383878FCFEFFCF8795
:10D4F000010000000000F8FCFE1F07030303030700
:10D500000FFFFEFCF0000000000000000000808023
:10D51000808080800000000000000000000000000B
:10D5200000000000000000000000000000000000FB
:10D5300000000000000001030F1F7EFFFFFF7F00BF
:10D54000000000000001030F1F7CF8E0C00000FF96
:10D55000FFFFFF000000000000E0F0F0F0F0F0F04E
:10D56000F0F0F0FFFFFFFFF0F0F00000000000001F
:10D5700000000000000000008080000000000000AB
:10D58000000000000000000000000000000000009B
:10D59000000000000000001FFFFFFFF0F0F0F0F0BF
:10D5A000F0F0F0F00000000000003CFEFCFC383021
:10D5B000707070787C3F1F0F0300000000003C7EFD
:10D5C0003F0F0703030303070FFFFEFCF0000000FB
:10D5D000000000000000808080808080000000004B
:10D5E000000000000000000000000000000000003B
:10D5F0000000000000000000000000071F3F7CF05A
:10D60000E0E0E0F0F87E3E1E000000000000FFFFBA
:10D61000FFFF1C38707070787C3F1F0F0300000004
:10D620000000C0F8FEFF1F07030303070FFFFEFC07
:10D63000F00000000000000000000080808080807A
:10D6400000000000000000000000000000000000DA
:10D650000000000000000000000000000000E0F0FA
:10D66000F0F0F0F0F0F0F1F7FFFFFEF870000000CE
:10D6700000000000000000071F7FFFF8C00000004E
:10D680000000000000000000000FFFFFFFFC000092
:10D69000000000000000000000000000000080808A
:10D6A00080000000000000000000000000000000FA
:10D6B000000000000000000000000000000000006A
:10D6C00000000F3F7F7FF0E0E0E0E0F07F7F3F1F52
:10D6D000000000000001C7EFFFFE7C383838387CBE
:10D6E000FEFFEF870100000000F0FCFEFF0F0703C4
:10D6F000030303070FFFFEFCF00000000000000022
:10D700000000808080808080000000000000000019
:10D710000000000000000000000000000000000009
:10D720000000000000071F3F7F78F0E0E0E0E0F03D
:10D730007C3F1F0F0100000000E0F8FCFE1F0F07F8
:10D740000707070E1CFFFFFFFF00000000003C3E24
:10D750003F1F0703030307071FFEFCF080000000C4
:10D760000000000000008080808080000000000039
:10D7700000000000000000000000000000000000A9
:10D780000000000000000000000000010000000098
:10D790000000000000000000000000000000E0F0B9
:10D7A000E000000000000000000000000000000099
:10D7B0000000070F0700000000000000000000004C
:10D7C00000000000000000800000000000000000D9
:10D7D0000000000000000000000000000000000049
:10D7E0000000000000000000000000000000000138
:10D7F0000000000000000000000000000000000029
:10D800000000E0F0E0000000000000000000000068
:10D810000000000000000F0F0700000000000000E3
:10D82000000000000000000000009CF8E000000084
:10D8300000000000000000000000000000000000E8
:10D8400000000000000000000000000000000000D8
:10D850000000000000010303070F1F00000000008C
:10D8600000000000003E7F7FF7E7E3C1C1800000B9
:10D8700000000000000000000000000080C0E0E0A8
:10D88000F0F87C0000000000000000000000000034
:10D890000000000000000000000000000000000088
:10D8A0000000000000000000000000000000000078
:10D8B000000000000001010101010101010101015D
:10D8C000000000000000000000E3E3E3E3E3E3E323
:10D8D000E3E3E3E3000000000000000000C0C0C07C
:10D8E000C0C0C0C0C0C0C0C0000000000000000038
:10D8F0000000000000000000000000000000000028
:10D900000000000000000000000000000000000017
:10D910000000000000000000001F0F0703030100CB
:10D9200000000000000000000000000000008081F6
:10D93000C1E3E7F77F7F3E00000000000000000029
:10D94000007CF8F0E0E0C080000000000000000073
:10D9500000000000000000000000000000000000C7
:10D9600000000000000000000000000000000000B7
:10D97000000000000000000000000000001F3F7CCD
:10D98000F0E0E0F07F3F0F0000000000000000002A
:10D9900000800000071F3FFCF0E080000000000056
:10D9A0000000000000000000C7CF8700000000005A
:10D9B00000000000000000000000000000800000E7
:10D9C0000000000000000000000000000000000057
:10D9D0000000000000000000000000000000000047
:10D9E000000000070E1C387061E1E1E0E0F17179A0
:10D9F0003C1F0700001FFFC0031F7FFCE0C0C0E00A
:10DA00007FFFFF000080FFFF00FCFF03FCFFFF071C
:10DA10000303071FFFFF03070E7CF080000080E078
:10DA2000783C9E8E8787070787878F0E1E3C78601D
:10DA300000000000000000000000000000000000E6
:10DA4000000000000000000000031F7FFEFE7F1F9B
:10DA50000300000000000000000000073FFFFDE1A0
:10DA60000101E1FFFF3F070000000000000F7FFF02
:10DA7000FCE0E0E0E0E0E0E0E0FEFF7F0F0000001F
:10DA80000000808000000000000000000000808096
:10DA90000000000000000000000000000000000086
:10DAA000000000000000000000007FFFFFFFF0F01A
:10DAB000F0F0F0F8FF7F3F0F000000000000FFFFD4
:10DAC000FFFF1C1C1C1C1C3CFEFFE7C301000000E8
:10DAD0000000FFFFFFFF0707070707070FFFFFFE15
:10DAE000F8000000000000808080808080808080BE
:10DAF00080000000000000000000000000000000A6
:10DB00000000000000000000000000000000070FFF
:10DB10003F7F7CF8F0F0F0F0787E3F1F0F000000B0
:10DB200000FFFFFFFF0000000000000000008081F8
:10DB3000810000000080F0FCFE7F1F0F0707070731
:10DB40000F3FFEFCF000000000000000000000801D
:10DB50008080808080000000000000000000000045
:10DB600000000000000000000000000000000000B5
:10DB700000007FFFFFFFF0F0F0F0F0F87E3F1F079E
:10DB8000010000000000FFFFFFFF00000000000098
:10DB900000FFFFFFFF0000000000FFFFFFFF07077F
:10DBA0000707070F7FFEFCF0C000000000000080A8
:10DBB0008080808080808080000000000000000065
:10DBC0000000000000000000000000000000000055
:10DBD0000000000000007FFFFFFFF0F0F0F0F0F029
:10DBE000F0F0F060000000000000FFFFFFFF3C3C91
:10DBF0003C3C3C3C3C3C3C00000000000000FFFF83
:10DC0000FFFF0707070707070707070700000000D0
:10DC10000000008080808080808080808080808084
:10DC200000000000000000000000000000000000F4
:10DC3000000000000000000000007FFFFFFFF0F088
:10DC4000F0F0F0F0F0F06000000000000000FFFFD6
:10DC5000FFFF3C3C3C3C3C3C3C180000000000000A
:10DC60000000FFFFFFFF00000000000000000000B8
:10DC700000000000000000808000000000000000A4
:10DC80000000000000000000000000000000000094
:10DC90000000000000000000000000000000071F5E
:10DCA0003F3F7C78F0F0F0F0F8FC7E7F3F0F000003
:10DCB00000FFFFFFFF0000000000060F0F0F0F0F17
:10DCC0008F0F07000080F0FCFE7F1F0F070707077C
:10DCD000070F0FFFFEFCF8000000000000000080AE
:10DCE0008080808080800000000000000000000034
:10DCF0000000000000000000000000000000000024
:10DD000000007FFFFF7F000000000000007FFFFF9A
:10DD10007F0000000000FFFFFFFF3C3C3C3C3C3C20
:10DD20003CFFFFFFFF0000000000FFFFFFFF0000BF
:10DD30000000000000FFFFFFFF0000000000008067
:10DD40008000000000000000000080800000000053
:10DD500000000000000000000000000000000000C3
:10DD60000000000000007FFFFF7F000000000000B7
:10DD700000000000000000000000FFFFFFFF0000A7
:10DD80000000000000000000000000000000FFFF95
:10DD9000FFFF000000000000000000000000000085
:10DDA0000000008080000000000000000000000073
:10DDB0000000000000000000000000000000000063
:10DDC0000000000000000000000000000000000053
:10DDD000007FFFFF7F000000000000000001010045
:10DDE0000000000000FFFFFFFF0000000000000037
:10DDF00000F8FEFF1F0707070FFFFFFEF0000000FF
:10DE00000000000000000000808080808000000092
:10DE10000000000000000000000000000000000002
:10DE200000000000000000000000000000007FFF74
:10DE3000FF7F00000003070F3F7EFCF8600000003A
:10DE40000000FFFFFFFF3F7EFCFCFFFF8F03000091
:10DE5000000000000000FFFFFFFF0000000000C006
:10DE6000F0FEFF3F0F030000000000808000000074
:10DE700000000000000000808000000000000000A2
:10DE80000000000000000000000000000000000092
:10DE900000007FFFFF7F0000000000000000000086
:10DEA000000000000000FFFFFFFF00000000000076
:10DEB00000000000000000000000FFFFFFFF070758
:10DEC00007070707070707000000000000000080A1
:10DED00080808080808080808080800000000000C2
:10DEE0000000000000000000000000000000000032
:10DEF00000000000007FFFFFFFFFFF1F0000000089
:10DF00000F7FFFFFFFFF7F0000FFFFFFFF00FCFF11
:10DF10007F03037FFFFC00FFFFFFFF0000FFFFFF09
:10DF2000FF0000F0FFFFFFFFF00000FFFFFFFF001A
:10DF300000008080000000000080800000000000E1
:10DF400080800000000000000000000000000000D1
:10DF5000000000000000000000007FFFFFFF3F0FF7
:10DF600003000000007FFFFF7F0000000000FFFFB4
:10DF7000FFFF80F0FC7F1F0700FFFFFFFF00000096
:10DF80000000FFFFFFFF00000080E0F8FEFFFFFF42
:10DF9000FF00000000000080800000000000000082
:10DFA00000808080000000000000000000000000F1
:10DFB0000000000000000000000000000000071F3B
:10DFC0003F7F7CF8F0F0F0F0F87C7F3F1F07000007
:10DFD00000FFFFFFFF00000000000000000000FF46
:10DFE000FFFFFF000080F0FCFE7F1F0F0707070701
:10DFF0000F1F7FFEFCF0800000000000000000808A
:10E000008080808080000000000000000000000090
:10E010000000000000000000000000000000000000
:10E0200000007FFFFFFFF0F0F0F0F0F87F7F3F0F80
:10E03000000000000000FFFFFFFF1E1E1E1E1E3E10
:10E04000FCFCF8E0000000000000FFFFFFFF000004
:10E050000000000000000000000000000000008040
:10E060008000000000000000000000000000000030
:10E0700000000000000000000000000000000000A0
:10E08000000000000000071F3F7F7CF8F0F0F0F078
:10E09000F87C7F3F1F07000000FFFFFFFF0000002C
:10E0A00000000000000000FFFFFFFF000080F0FC08
:10E0B000FE7F1F0F07E7E7773F1F7FFFFFF381001A
:10E0C00000000000000000808080808080000080D0
:10E0D000C0C0E0C000000000000000000000000020
:10E0E000000000000000000000007FFFFFFFF0F0D4
:10E0F000F0F0F0F0F87F7F3F0F0000000000FFFF1E
:10E10000FFFF1C1C1C1E1F1F3BF9F0F0C00000008D
:10E110000000FFFFFFFF0000000080E0F8FEFF3F6F
:10E120000F000000000000808000000000000000E0
:10E13000000080808000000000000000000000005F
:10E14000000000000000000000000000000F3F7F02
:10E150007FF0E0E0E0E0F07C7F3F1E000000000088
:10E1600000C0E0F0F8F87C7C7C3E3E1F1F0F0703E8
:10E170000000000000F8FEFF3F0703030303070F42
:10E18000FFFEFCF80000000000000000008080801E
:10E19000808080800000000000000000000000007F
:10E1A000000000000000000000000000000000006F
:10E1B00060F0F0F0F0F0FFFFFFFFF0F0F0F0F06043
:10E1C00000000000000000000000FFFFFFFF000053
:10E1D0000000000000000000000000000000FFFF41
:10E1E000FFFF000000000000000000000000000031
:10E1F000000000808000000000000000000000001F
:10E20000000000000000000000000000000000000E
:10E210000000000000007FFFFF7F00000000000002
:10E22000007FFFFF7F0000000000FFFFFFFF0000F6
:10E230000000000000FFFFFFFF0000000000F0FCF6
:10E24000FEFF1F0F0707070F1FFFFEFCE000000087
:10E2500000000000000080808080808000000000BE
:10E2600000000000000000000000000000000000AE
:10E2700000000000000000000078FFFF3F030000E6
:10E2800000000000033FFFFF78000000000000F0E6
:10E29000FFFF3F030000033FFFFEF000000000000F
:10E2A0000000000000E0FEFF3F3FFFFEE000000036
:10E2B000000000000000000000000000808000005E
:10E2C000000000000000000000000000000000004E
:10E2D0000000000000000000000000007CFF7F0143
:10E2E0000000001FFFFCFF1F000000017FFFFC007B
:10E2F00000F8FFFF03017FFFF000F0FF7F0103FF45
:10E30000FFF800000000E0FFFFFFFEC0000000C0BB
:10E31000FEFFFFFFE0000000000000008080000022
:10E3200000000000008080000000000000000000ED
:10E3300000000000000000000000000000000000DD
:10E3400000F8FE7F1F070000030F3FFFFC60000086
:10E350000000000000000081F7FFFFFFFFF7C10091
:10E360000000000000000000071F7FFEF8E0808032
:10E37000E0F8FE7F1F0700000000000080808000A2
:10E38000000000000000008080000000000000008D
:10E39000000000000000000000000000000000007D
:10E3A0000000000000F8FE7F1F0701000001071FAA
:10E3B0007FFEF8200000000000000080E0F8FF7FF2
:10E3C0007FFFF8E080000000000000000000000077
:10E3D0000000FFFFFFFF0000000000000000000041
:10E3E000000000000000008080000000000000002D
:10E3F000000000000000000000000000000000001D
:10E40000000000000000000000F0F0F0F0F0F0F07C
:10E41000F0F3FFFFFFFE78000000000000000000A6
:10E42000030F1F7FFEF8F0C0000000000000000096
:10E430000F1F7FFFFFF7C707070707070707070734
:10E44000000000000080808080808080808080804C
:10E4500080808080000000000000000000000000BC
:10E46000000000000000000000000000007FFFFF2F
:10E47000E0E0E000000000000000000000000000FC
:10E4800000FFFFFF0000000000000000000000008F
:10E490000000000000FFFFFF00000000000000007F
:10E4A000000000000000000000FCFEFE0E0E0E004A
:10E4B000000000000000000000000000000000005C
:10E4C000000000000000000000000000000000004C
:10E4D000E0FF3F000000000000000000000000001E
:10E4E0000000000000C0FF7F0000000000000000EE
:10E4F0000000000000000000000080FEFF0300009C
:10E50000000000000000000000000000000000000B
:10E51000800000000000000000000000000000007B
:10E5200000000000000000000000000000000000EB
:10E5300000000000E0E0E0FFFF7F000000000000BE
:10E540000000000000000000000000FFFFFF0000CE
:10E55000000000000000000000000000000000FFBC
:10E56000FFFF0000000000000000000000000000AD
:10E570000E0E0EFEFEFC0000000000000000000079
:10E58000000000000000000000000000000000008B
:10E590000000000000000000000000073FFFFC7FBB
:10E5A0000F0000000000000000000000000878F8E4
:10E5B000E00000C0F8F818000000000000000000B3
:10E5C000000000000000000000000000000000004B
:10E5D000000000000000000000000000000000003B
:10E5E000000000000000000000000000000000002B
:10E5F000000000000000000000000000000000001B
:10E60000000000000000000000000000000000000A
:10E6100000000000000000000000000000000000FA
:10E6200000000000000000000000000000000000EA
:10E6300000000000000000000C0C0C0C0C0C0C0C7A
:10E640000C0C0C00000000000000000000000000A6
:10E6500000000000000000000000000000000000BA
:10E6600000C0E0F8180000000000000000000000FA
:10E67000000000000000000000000000000000009A
:10E68000000000000000000000000000000000008A
:10E69000000000000000000000000000000000007A
:10E6A000000000000000000000000000000000006A
:10E6B000000000000000000000000000000000005A
:10E6C0000000000000000000000101010101010044
:10E6D0000000000000000000000078F8F1E1C3C372
:10E6E000C3E7FFFFFF3F000000000000003CFFFF0A
:10E6F000FFC78383870EFEFFFFFF030000000000BB
:10E700000000008080808080000000008080000089
:10E7100000000000000000000000000000000000F9
:10E720000000000000000000007FFFFF7F000001EC
:10E7300001010101000000000000000000FFFFFFD8
:10E74000FF78E0C0C0E0F0FFFF7F0F000000000096
:10E7500000FFFFFFFF1E070303070FFFFFFCF00092
:10E7600000000000000080800000008080808000A9
:10E770000000000000000000000000000000000099
:10E780000000000000000000000000000000000089
:10E790000000010101010100000000000000000074
:10E7A00000073F7FFFF8E0C0C0C0E0F87C38000001
:10E7B0000000000000F0FCFEFF1F07030303071F1B
:10E7C0003E3C0000000000000000000000008080CF
:10E7D00080808000000000000000000000000000B9
:10E7E0000000000000000000000000000000000029
:10E7F000000000000101010100007FFFFF7F000019
:10E8000000000000001F7FFFFFF0C0C0E078FFFFA6
:10E81000FFFF00000000000000F0FEFFFF0F0303F9
:10E82000071EFFFFFFFF00000000000000000000C7
:10E8300080808080000000808000000000000000D8
:10E8400000000000000000000000000000000000C8
:10E8500000000000000000000000010101010100B3
:10E860000000000000000000000F3F7FFFF3C3C363
:10E87000C3C3F3FF7F1F00000000000000F0FCFE98
:10E88000FF8F87838383878F9E9C0000000000009A
:10E8900000000000000080808080800000000000F8
:10E8A0000000000000000000000000000000000068
:10E8B000000000000000000001013F7FFFFFE1E1D8
:10E8C000E06000000000000000000000C0C0FFFF8A
:10E8D000FFFFC0C08000000000000000000000003A
:10E8E0000000FFFFFFFF000000000000000000002C
:10E8F0000000000000000080800000000000000018
:10E900000000000000000000000000000000000007
:10E9100000000000000000000000000000000000F7
:10E9200001010101000000010100000000000000E1
:10E93000000F7FFFFFF0C0C0C070FFFFFFFF0000AF
:10E940000000000000F0FEFFFF0F0303030EFFFFB7
:10E95000FFFF00000000000000003C3EBE8F8787E4
:10E96000070FFEFEFCF000000000000000000000A9
:10E970000000000000000000000000000000000097
:10E98000007FFFFF7F000001010101000000000087
:10E990000000000000FFFFFFFF70C0C0C0E0FFFFED
:10E9A000FF3F00000000000000FFFFFFFF0000002D
:10E9B0000000FFFFFFFF000000000000000080805B
:10E9C0000000000000000080800000000000000047
:10E9D0000000000000000000000000000000000037
:10E9E000000000000060F1F1600000000000000085
:10E9F000000000000000000000FFFFFFFF0000001B
:10EA000000000000000000000000000000FFFFFF09
:10EA1000FF000000000000000000000000000000F7
:10EA200000008080000000000000000000000000E6
:10EA300000000000000000000000000000000000D6
:10EA400000000000000000000060F1F16000000024
:10EA500000000000000000000000000000FFFFFFB9
:10EA6000FF000000000000000000000000000000A7
:10EA700000FFFFFFFF00000000000000000000009A
:10EA8000000000000FFFFFFEF80000000000000083
:10EA90000000000000000000000000000000000076
:10EAA00000000000000000000000000000007FFFE8
:10EAB000FF7F0000000000010100000000000000D6
:10EAC0000000FFFFFFFF070F3F7FF9F0E0000000AD
:10EAD000000000000000FFFFFFFFE080C0F8FE7FA5
:10EAE0001F07000000000000000000808000000000
:10EAF0000000000080800000000000000000000016
:10EB00000000000000000000000000000000000005
:10EB1000007FFFFF7F0000000000000000000000F9
:10EB20000000000000FFFFFFFF00000000000000E9
:10EB3000000000000000000000FFFFFFFF000000D9
:10EB400000000000000000000000000000008080C5
:10EB500000000000000000000000000000000000B5
:10EB600000000000000000000000000000000000A5
:10EB7000000000000000010100000001010101008F
:10EB8000000000010101010000FFFFFFFFE0C0C025
:10EB9000E0FFFFFF7FF0C0C0E0FFFFFF00FFFFFFCF
:10EBA000FF00000000FFFFFFFF00000000FFFFFF6D
:10EBB0000000808000000000000080800000000055
:10EBC0000000808000000000000000000000000045
:10EBD0000000000000000000000001010000000132
:10EBE00001010100000000000000000000FFFFFF25
:10EBF000FF70E0C0C0E0FFFFFF3F0000000000002A
:10EC000000FFFFFFFF0000000000FFFFFFFF00000C
:10EC10000000000000008080000000000000008074
:10EC20008000000000000000000000000000000064
:10EC300000000000000000000000000000000000D4
:10EC400000010101010101000000000000000000BE
:10EC5000000F3F7FFFF0E0C0C0E0F0FF7F3F0F00FC
:10EC60000000000000F0FCFEFF0F070303070FFF8A
:10EC7000FEFCF0000000000000000000008080802A
:10EC80008080800000000000000000000000000004
:10EC90000000000000000000000000000000000074
:10ECA000000001010000000101010100000000005E
:10ECB0000000000000FFFFFFFF78E0C0C0E0F0FFB1
:10ECC000FF3F0F000000000000FFFFFFFF1E0703D3
:10ECD00003070FFFFFFCF0000000000000FEFFFF35
:10ECE000FE00008080808000000000000000000026
:10ECF0000000000000000000000000000000000014
:10ED000000000000000000000101010100000001FE
:10ED10000100000000000000000F7FFFFFF0C0C0F6
:10ED2000E078FFFFFFFF00000000000000F0FEFFA2
:10ED3000FF0F0303071EFFFFFFFF0000000000009E
:10ED400000000000808080800000FEFFFFFE0000C9
:10ED500000000000000000000000000000000000B3
:10ED6000000000000000000000000101000001019F
:10ED700001000000000000000000000000FFFFFF95
:10ED8000FF78E0E0E0F0E00000000000000000009C
:10ED900000FFFFFFFF000000000000000000000077
:10EDA0000000000000008080000000000000000063
:10EDB0000000000000000000000000000000000053
:10EDC0000000000000000000000000000000000043
:10EDD000010101010100000000000000000000002E
:10EDE000003CFFFFFFC7C3C3E3F9F9780000000050
:10EDF00000000000001C3F1F8F8383C3C7FFFFFE7E
:10EE00007C00000000000000000000008080808086
:10EE100080800000000000000000000000000000F2
:10EE200000000000000000000000000000000000E2
:10EE300001017FFFFF7F01010000000000000000D2
:10EE400000000000C0C0FFFFFFFFC0C08000000046
:10EE500000000000000000000000FEFFFFFF0303B1
:10EE6000030300000000000000000000000000009C
:10EE70008080808080000000000000000000000012
:10EE80000000000000000000000000000000000082
:10EE9000000000000000010100000000000000016F
:10EEA000010000000000000000FFFFFFFF00000065
:10EEB0000000FFFFFFFF00000000000000FCFFFF5C
:10EEC000FF070303070EFFFFFFFF00000000000025
:10EED00000000080808080800000008080000000B2
:10EEE0000000000000000000000000000000000022
:10EEF0000000000000000000000001010000000010
:10EF000000000001010000000000000000E0FEFF22
:10EF10003F030000031FFFFCE000000000000000B2
:10EF2000000000C0F8FF3F3FFFF8C00000000000F5
:10EF300000000000000000000000808000000000D1
:10EF400000000000000000000000000000000000C1
:10EF500000000000000000000000000000010101AE
:10EF6000000000000001010100000000000001019C
:10EF700000E0FEFF1F0000033FFFF0FF3F03000023
:10EF80001FFFFEE0000000E0FEFF1FFFFC8000808E
:10EF9000FCFF1FFFFEE000000000000000808080FA
:10EFA00000000000008080800000000000000000E1
:10EFB0000000000000000000000000000000000051
:10EFC000000001010000000000010100000000003D
:10EFD0000000000000C0F0FC7F1F071F7FFCF0C096
:10EFE000000000000000000000030F3FFEF8E0F802
:10EFF000FE3F0F03000000000000000000808000C2
:10F000000000000000008080000000000000000000
:10F0100000000000000000000000000000000000F0
:10F0200000000000000001010000000000000001DD
:10F03000010000000000000000E0FEFF3F030000B0
:10F04000011FFFFEE000000000000000000000E0E3
:10F05000FCFF3F3FFFFCE00000000000000000005C
:10F06000000707070FFFFEF8C000000000000000C7
:10F070000000000000000000000000000000000090
:10F080000000000000000000000101010101010179
:10F0900001010101000000000000000080C0C0C0AC
:10F0A000C1C3CFFFFFFCF0E0000000000000000043
:10F0B000030F1F7FFFF3E383030303030300000039
:10F0C00000000000008080808080808080808080C0
:10F0D00080000000000000000000000000000000B0
:10F0E0000000000000000000000000000000003FE1
:10F0F0007FFFF0F0000000000000000000000000B2
:10F10000000307FFFEF80000000000000000000000
:10F110000000000000C0E0FF7F3F00000000000092
:10F120000000000000000000000000FCFEFF0F0FC8
:10F1300000000000000000000000000000000000CF
:10F1400000000000000000000000000000000000BF
:10F1500000FFFFFF000000000000000000000000B2
:10F160000000000000FFFFFF0000000000000000A2
:10F17000000000000000000000FFFFFF0000000092
:10F1800000000000000000000000000000FEFFFF83
:10F19000000000000000000000000000000000006F
:10F1A000000000000000000000000000000000005F
:10F1B00000000000F0F0FF7F3F00000000000000B2
:10F1C00000000000000000000000F8FEFF07030040
:10F1D00000000000000000000000000000001F7F91
:10F1E000FFE0C00000000000000000000000000080
:10F1F0000F0FFFFEFC0000000000000000000000F8
:10F2000000000000000000000000000000000000FE
:10F2100000000000000000000000000000000000EE
:10F22000000000000000000000000000001F3C3C47
:10F230003C3C1E1F0F0F0E3E0000000000000000AF
:10F2400000000000000000000000000000000000BE
:10F2500000000000000000000000000000000000AE
:10F26000000000000000000014000000000000008A
:10F27000140000001400000014000000280000002A
:10F28000140000003C0000001400000050000000CA
:10F29000140000006400000014000000780000006A
:10F2A000140000008C00000014000000A00000000A
:10F2B00014000000B400000014000000C8000000AA
:10F2C00014000000DC00000014000000F00000004A
:10F2D00014000000040100001400000018010000E8
:10F2E000140000002C010000140000004001000088
:10F2F0001400000054010000140000006801000028
:10F30000140000007C0100001400000090010000C7
:10F3100014000000A401000014000000B801000067
:10F3200014000000CC01000014000000E001000007
:10F3300014000000F40100001400000008020000A6
:10F34000140000001C020000140000003002000045
:10F3500014000000440200001400000058020000E5
:10F36000140000006C020000140000008002000085
:10F37000140000009402000014000000A802000025
:10F3800014000000BC02000014000000D0020000C5
:10F3900014000000E402000014000000F802000065
:10F3A000140000000C030000140000002003000003
:10F3B00014000000340300001400000048030000A3
:10F3C000140000005C030000140000007003000043
:10F3D00014000000840300001400000098030000E3
:10F3E00014000000AC03000014000000C003000083
:10F3F00014000000D403000014000000E803000023
:10F4000014000000FC0300001400000010040000C1
:10F410001400000024040000140000003804000060
:10F42000140000004C040000140000006004000000
:10F4300014000000740400001400000088040000A0
:10F44000140000009C04000014000000B004000040
:10F4500014000000C404000014000000D8040000E0
:10F4600014000000EC04000014000000000500007F
:10F47000140000001405000014000000280500001E
:10F48000140000003C0500001400000050050000BE
:10F49000140000006405000014000000780500005E
:10F4A000140000008C05000014000000A0050000FE
:10F4B00014000000B405000014000000C80500009E
:10F4C00014000000DC05000014000000F00500003E
:10F4D00014000000040600001400000018060000DC
:10F4E000140000002C06000014000000400600007C
:10F4F000140000005406000014000000680600001C
:10F50000140000007C0600001400000090060000BB
:10F5100014000000A406000014000000B80600005B
:10F5200014000000CC06000014000000E0060000FB
:10F5300014000000F406000014000000080700009A
:10F54000140000001C070000140000003007000039
:10F5500014000000440700001400000058070000D9
:10F56000000000000000000000000000000000009B
:10F57000000000000F0F00000000FEFE0000000071
:10F5800060600000000F0F00000F0F00808000007F
:10F59000808000000000000000000000010F0E004D
:10F5A00000030F0E00C6C6DFFFE6C6C6DFFFE6C6D5
:10F5B000C600E0E0800000E0E0000000000003077B
:10F5C0000E0C1F0C0E0703000000C1E16030FF307D
:10F5D000181F0F00000080C0E060F860E0C08000ED
:10F5E000000003070C080C070300000001070E08C9
:10F5F0000000000000C0E0301030E0C30F3C70C7D6
:10F600008F1810180F0700000000000060E0800055
:10F61000000080C0602060C0800000000003070C74
:10F620000C0C0C070300000000070F98F070387CEA
:10F63000CE87030E0C000080C0E060606060C0C038
:10F6400080C06000000F0F000080800000000000FC
:10F6500000000003060800003FFFC000000000801B
:10F66000E0780C020000080603000000000000C063
:10F67000FF3F0000020C78E080000202020F0F0240
:10F6800002020040C08080C0400000000000000076
:10F690000000000000000001010000000000001850
:10F6A000181818FFFF181818180000000000008034
:10F6B00080000000000000000000000000000000CA
:10F6C0000000000064780000000000000000000C52
:10F6D0000C0C0C0C0C0000000000000000000000EE
:10F6E000000000000000000000000060600000005A
:10F6F0000000030F0C00073FF8C00060E08000002E
:10F70000000001070E0C0C0C0C0607010000FFFFA7
:10F71000000000000000FFFF000000C0C06060604B
:10F7200060E0C000000000000103030F0F000000B4
:10F7300000000080800000FFFF00000000000000CB
:10F74000000000E0E0000000000003070E0C0C0CBD
:10F750000C0E070300000000010306060C38F0C081
:10F76000000060E0E06060606060606000000307CF
:10F770000E0C0C0C0E0703000000010100003030DD
:10F7800070D89F0F000080C0E060606060C0C00063
:10F790000000000000000103070F000000000E1E23
:10F7A00036E6C606FFFF0606000000000000000067
:10F7B000E0E00000000000030F0C0C0C0C0C0C002F
:10F7C000000031F1E020606060703F1F000080C0E9
:10F7D000E060606060C0C00000000003070C0C0C1B
:10F7E0000C0E07030000FFFF3020606060703F1FB9
:10F7F00000000080C060606060C0C00000000C0CB1
:10F800000C0C0C0C0D0F0E0C0000000000071F78F4
:10F81000E080000000000000E0E0000000000000C8
:10F8200000000003070C0C0C0C070300000007CFBE
:10F83000F830303030F8CF07000080C0E060606002
:10F8400060E0C08000000107060C0C0C0C060301F0
:10F850000000E1F91C0C0C0C0819FFFE000080C030
:10F86000E060606060C080000000000000000000F8
:10F8700000C0C00000000060600000000000000048
:10F88000000000C0C000000000647800000000001C
:10F89000000000000001010300001038286C44C67D
:10F8A000C68383010000000000000000000000800B
:10F8B0000000000000000000000000000000C6C6BC
:10F8C000C6C6C6C6C6C6C6C6000000000000000008
:10F8D0000000000000000301010000000000000023
:10F8E0000000018383C6C6446C28381000008000E5
:10F8F0000000000000000000000003070E0C0C0CCC
:10F900000C0E07030000000000000E1E3870E0809F
:10F910000000000000006060000000000000000027
:10F9200001030706060C0C0C0C0C0C0E0607030159
:10F930000000001F7FE0800F3F7060C0C0C0613FCB
:10F94000FCC000C3FF7E000080E070389CCCEE66F7
:10F950006666C6E6E6666CCC9830200000000000C3
:10F96000030F0C0F030000000000030F7CFC8C0C45
:10F970008CFC7C0F030060E08000000000000000B1
:10F9800080E06000000F0F0C0C0C0C0C0E07030045
:10F99000000000FFFF303030303070F8CF0700003B
:10F9A00000E0E0606060606060E0C0800000000136
:10F9B00007060E0C0C0C0C0E0703010000FEFF8363
:10F9C0000000000000000001838200000080C0C031
:10F9D000E060606060E0C080000000000F0F0C0C71
:10F9E0000C0C0C0C06070300000000FFFF000000D9
:10F9F0000000000001FFFE000000E0E060606060C9
:10FA00006060C0C080000000000F0F0C0C0C0C0CDC
:10FA10000C0C0C0C000000FFFF3030303030303068
:10FA20003000000000E0E060606060606060606086
:10FA30000000000F0F0C0C0C0C0C0C0C0C00000048
:10FA4000FFFF3030303030303000000000E0E000A8
:10FA5000000000000000000000000103060E0C0C76
:10FA60000C0C0C0E07030100007CFF83000000005B
:10FA700018181818189F1F0000000080C0C0606090
:10FA8000606060E0C0C08000000F0F000000000058
:10FA90000000000F0F0000FFFF30303030303030FA
:10FAA00030FFFF0000E0E00000000000000000E088
:10FAB000E00000000F0F00000000FFFF000000004A
:10FAC000E0E00000000000000000000F0F00000058
:10FAD000030300000000FFFF00000080C0E0606042
:10FAE000E0C080000000000F0F0000000103070EBF
:10FAF0000C08000000FFFF1870F8FC8E07030000E0
:10FB0000000000E0E0000000000080C0E060200095
:10FB1000000F0F00000000000000000000FFFF00C9
:10FB2000000000000000000000E0E0606060606035
:10FB3000606000000F0F0E070000000000000007CB
:10FB40000E0F0F0000FFFF00C0F81F0300031FF897
:10FB5000C000FFFF0000E0E000000000E060E00007
:10FB6000000000E0E000000F0F07030000000000AD
:10FB7000000F0F0000FFFF0080E0701C0E0301FF6C
:10FB8000FF0000E0E000000000000080C0E0E000B6
:10FB900000000103060E0C0C0C0C0E060301000005
:10FBA00000FEFF83000000000000000083FFFE0055
:10FBB00000000080C0E060606060E0C08000000085
:10FBC00000000F0F0C0C0C0C0C0C0E0703000000B7
:10FBD000FFFF18181818181838F0E0000000E0E0CF
:10FBE0000000000000000000000000000103060EFD
:10FBF0000C0C0C0C0E060703000000FEFF83000037
:10FC000000000101010083FFFC0000000080C0E053
:10FC100060606060E0C0E060300000000F0F0C0C1E
:10FC20000C0C0C0C0E070300000000FFFF303030FE
:10FC3000303C3F77E1C000000000E0E00000000041
:10FC4000000080E0E0200000000307060C0C0C0C14
:10FC50000C060703000003C3E16030303030181891
:10FC60000F0700000080C0E06060606060C0C0807E
:10FC7000000C0C0C0C0C0F0F0C0C0C0C0C000000EE
:10FC80000000FFFF00000000000000000000E0E0B6
:10FC90000000000000000F0F000000000000000046
:10FCA0000F0F0000FFFF0100000000000001FFFF38
:10FCB00000000080C0E060606060E0C08000000C78
:10FCC0000F0700000000000000070F0C0080F0FE8E
:10FCD0001F0300031FFEF0800000000000C0E06072
:10FCE000E0C0000000000C0F030000000000030F44
:10FCF0000C0F030000000000030F0C00C0F87F078A
:10FD000000073FF8C00080F83F0700077FF8C000F9
:10FD100000000080E060E080000000000080E06003
:10FD2000E08000000000080C0E0701000001070E33
:10FD30000C08000000000387DE787CDE87030000EB
:10FD4000002060E0C0000000000000C0E06020086B
:10FD50000C0F03010000000001030F0C080000005D
:10FD600080C0F03F3FF0C0800000000000000000B5
:10FD700000E0E0000000000000000C0C0C0C0C0C7B
:10FD80000C0D0F0E0C00000001070E1830E0C00033
:10FD900000000060E0E060606060606060606000E3
:10FDA000000F0F0C0C0000FFFF00000000FEFE061D
:10FDB00006000C0F0300000000C0F83F0700000021
:10FDC0000080E060000C0C0F0F00000000FFFF003F
:10FDD000000606FEFE000000070F0F07000010F0EF
:10FDE000E00000E0F0100000000000000000000053
:10FDF0000000000000000000000000000000000003
:10FE000000000000000006060606060606060606B6
:10FE1000060600080C0600000000000000000000BC
:10FE200000000000000000000000000000000000D2
:10FE3000000000006367C6C6CCCCCCFF7F0000008A
:10FE4000C0E060606060C0C0E02000000F0F0000F4
:10FE500000000000000000FFFF60C0C0C0E07F1F86
:10FE60000000E0E0C0606060E0C000000000000052
:10FE700000000000000000001F7F60C0C0C0E071F3
:10FE800031000000C0E0606060E0C0800000000061
:10FE900000000000000F0F00001F7FE0C0C0C06026
:10FEA000FFFF000000C0E0606060C0E0E000000014
:10FEB00000000000000000000000001F7F6CCCCCA0
:10FEC000CCCC6C7C1C000000C0C060606060E0C0F6
:10FED00080000000070F0C0CC0C0FFFFC0C0000076
:10FEE000E0E0000000000000000000000000000052
:10FEF0001F7FE0C0C0C060FFFF00000CCCE666665C
:10FF000066CEFCF800000F0F0000000000000000AB
:10FF100000FFFF60C0C0C0E07F3F0000E0E00000E5
:10FF2000000000E0E000000C0C000000FFFF0000FB
:10FF300000E0E00000000C0C0000FFFF0006FEFCEB
:10FF400000000F0F0000000000000000FFFF0C1C6D
:10FF50003E77E1C08000E0E000000080E0E02000AB
:10FF60000F0F0000FFFF0000E0E0000000000000B5
:10FF7000000000000000000000000000FFFF60C063
:10FF8000C0C0FF3F60C0C0C0FF7F0000E0E00000D5
:10FF90000000E0E000000000E0E0000000000000E1
:10FFA00000000000000000FFFF60C0C0C0E07F3F15
:10FFB0000000E0E00000000000E0E00000000000C1
:10FFC0000000000000000000001F7F60C0C0C0C033
:10FFD000607F1F000000C0C060606060C0C00000A3
:10FFE000000000000000000000000000FFFF60C0F3
:10FFF000C0C0E07F1F0000FEFEC0606060E0C00087
:020000040801F1
:10000000000000000000000000000000001F7FE072
:10001000C0C0C060FFFF000000C0E0606060C0FEC4
:10002000FE000000000000000000FFFF60C0C0C034
:1000300000E0E00000000000000000000000000000
:10004000000000387CCCCCCCC6C66723000080C042
:100050006060606060C0800000070F000000C0FFAB
:10006000FFC0C00000C0E0606000000000000000B1
:10007000000000000000FFFF0000000000FFFF0084
:100080000080C0E0606060C0E0E0000000000000B0
:10009000000000000000C0F03C0F0300030F3CF024
:1000A000C000000000C0E0C0000000000000000030
:1000B0000000000000000000000000C0F81E070063
:1000C0000F7EE07E0F00071EF8C0000000C0E0E0D9
:1000D000000000E0E0C000000000000000000000A0
:1000E00000000080C0F13B0E0E3BF1C0802060E0BC
:1000F00080000080E06020000000000000000000A0
:10010000000000C0F83E0F01033FFCC000000606DF
:10011000068EFCF0800000000000000000000000DF
:100120000000C1C3C7CEDCF8F0E0E0E0E060606052
:100130006060600000070F0C0C000C1EFFF1000057
:10014000000000FCFE06060000000F0F000000008B
:10015000FFFF00000000FFFF0000000C0C0F070075
:1001600000000000F3FF1E0C000606FEFC0000006D
:1001700000000000000000000000000018303030D7
:1001800018180C0C0C180000000000000000000003
:100190000000000006000000000000000600000053
:1001A00006000000070000000C0000000C0000002A
:1001B000130000000C0000001F00000013000000EE
:1001C0002B0000000E0000003E00000004000000B4
:1001D0004C00000007000000500000000700000075
:1001E00057000000080000005E0000000C00000046
:1001F000660000000600000072000000070000001A
:1002000078000000060000007F00000006000000EB
:10021000850000000C0000008B0000000C000000B6
:10022000970000000C000000A30000000C0000007C
:10023000AF0000000C000000BB0000000C0000003C
:10024000C70000000C000000D30000000C000000FC
:10025000DF0000000C000000EB0000000C000000BC
:10026000F700000006000000030100000600000087
:10027000090100000C0000000F0100000C0000004C
:100280001B0100000C000000270100000C00000012
:1002900033010000150000003F0100000D000000C8
:1002A000540100000E000000610100000F0000007A
:1002B0006F0100000F0000007E0100000E00000032
:1002C0008D0100000D0000009B01000010000000E7
:1002D000A80100000E000000B801000006000000A8
:1002E000C60100000B000000CC0100000E00000061
:1002F000D70100000C000000E50100001100000023
:10030000F10100000E0000000202000010000000D9
:10031000100200000E00000020020000100000008B
:100320002E0200000F0000003E0200000E00000040
:100330004D0200000C0000005B0200000E000000F7
:10034000670200000D0000007502000015000000AB
:10035000820200000E000000970200000E00000064
:10036000A50200000D000000B3020000060000001E
:10037000C002000006000000C602000006000000E7
:10038000CC02000008000000D20200000C000000B7
:10039000DA02000007000000E60200000C00000086
:1003A000ED0200000B000000F90200000B0000004D
:1003B000040300000B0000000F0300000C0000000D
:1003C0001A03000006000000260300000B000000D6
:1003D0002C0300000B0000003703000005000000A4
:1003E0004203000004000000470300000A00000070
:1003F0004B03000004000000550300001000000043
:10040000590300000B000000690300000C0000000D
:10041000740300000B000000800300000B000000CC
:100420008B03000007000000960300000B00000093
:100430009D03000006000000A80300000B00000060
:10044000AE0300000B000000B90300000F00000025
:10045000C40300000A000000D30300000B000000EA
:10046000DD03000009000000E803000007000000B1
:10047000F103000006000000F80300000700000080
:10048000FE0300000C000000050400000000000056
:10049000000000000000000000000000000000005C
:1004A000000000000000000000000000000000004C
:1004B000000000000000000000000000000000003C
:1004C00000000101010000000000000000FFFFFF2C
:1004D0000000000000000000E0FFE000000000005D
:1004E00000000007C7070000000000000000000037
:1004F00000000000000001010100000001010100F6
:100500000000FEFFFE000000FEFFFE0000000000F5
:1005100000000000000000000000000000000000DB
:1005200000000000000000000000000000000000CB
:1005300000000000000000000101010000000001B7
:10054000010100000003030303037FFFFFC3030354
:10055000037FFFFF830300008383839FFFFFF383F9
:1005600083839FFFFFF383838300008083FFFFFC6F
:1005700080808087FFFFFC808080808000000000FA
:10058000000000000000000000000000000000006B
:100590000000000000000101030301010000000051
:1005A00000000000001F7FFFE1C0C0FFFFC0C0E0EF
:1005B000F87818000000000000C0C0E0E070FFFF05
:1005C0003838381C1F0F0300000060787C1E0E07AF
:1005D00007FFFF07070E1EFCF8E000000000000008
:1005E00000000000E0E0000000000000000000004B
:1005F00000000000010101010100000000000000F6
:1006000000000000010101000000000000000000E7
:100610001F7FFFE0808080E0FF7F1F00000000035D
:100620000F3FFCF0C0000000000000000000008050
:10063000E0F07818181838F0E081071F7EF8E083A2
:100640000F1F3C3030303C1F0F0300000000000043
:1006500000000000030F1F7CF0E080000000F0FCB1
:10066000FE0F03030307FEFCF00000000000000083
:10067000000000000000000000000000000000007A
:10068000000000000000000000000000000000006A
:100690000000010101010100000000000000000055
:1006A0000000000000003E7FFFE3C0C0C1E3FF7F09
:1006B0003E00000000000000000003070F1E38F895
:1006C000F0F0F8FEDF8703010103070706000000D2
:1006D00000E0F8FC3E0E07070707070F8EDEFCF868
:1006E000FCFE0F06040000000000000000000000F7
:1006F00000000000000000000000000000000001F9
:10070000010100000000FEFFFE00000000000000EC
:1007100000000000000000000000000000000000D9
:1007200000000000000000000101000000000001C6
:10073000071F7CF0C000000000003FFFFFC000006A
:10074000000000000000F0FEFF0F000000000000AD
:100750000000000080E0F83C0E02000000000101F3
:100760000000000000000000000000C0F07C1F0737
:1007700001000000000000000000C0FFFF3F00007B
:100780000000000000000FFFFEF000000000020E5D
:100790003CF8E080000000000000000000000101C3
:1007A000010000000000001030393B1FFFFCFF1F5C
:1007B0003B39301000000080C08000000080C08005
:1007C0000000000000000000000000000000000029
:1007D0000000000000000000000000000000000019
:1007E0000000000000000000000000000000000009
:1007F00000000000000000000000001F1F1F00009C
:10080000000000000000000038383838383838FF61
:10081000FFFF383838383838380000000000000052
:10082000000000F0F0F000000000000000000000F8
:1008300000000000000000000000000000000000B8
:1008400000000000000000000000000000000000A8
:100850000000000000000000000000000000000098
:100860000000000707070000000000000008F8E093
:100870000000000000000000000000000000000078
:100880000000000000000000000000000007070753
:100890000707070707070700000000000000000027
:1008A0000000000000000000000000000000000048
:1008B0000000000000000000000000000000000038
:1008C0000000000000000000000000000000000028
:1008D0000007070700000000000000000000000003
:1008E0000000000000000000000101010000000005
:1008F000000F7FFFF0800000011FFFFEF0000000EE
:10090000031FFFFCE00000000000000000000000EA
:1009100000000000000000000000010101010101D1
:100920000100000000000000031F7FFCF0E0C0C0D9
:10093000C0C0C0E0F0FC7F1F030000FFFFFF00000D
:10094000000000000000000000FFFFFF000080F03A
:10095000FC7E1E0F07070707070F1E7EFCF08000B6
:100960000000000000000000000000000000000087
:100970000000000000000000000000000001010075
:10098000000000000000000000070F0E1C3C78FF74
:10099000FFFF000000000000000000000000000059
:1009A0000000FFFFFF00000000000000000000004A
:1009B0000000000000FFFFFF00000000000000003A
:1009C0000000000000000000000000000000000027
:1009D0000000000000000000010101010101010010
:1009E0000000000000000C3C7CF0E0E0C0C0C0C093
:1009F000C0E0E0F07F3F1F000000000000000001A9
:100A00000103070F1E3CF8F0C0800000030F1F3FDA
:100A100077F7E7C7870707070707070707000000FB
:100A200000000000000000000000000000000000C6
:100A300000000000000000010101010101000000B0
:100A400000000000000C3C7CF8E0E0C0C0C0C0C06A
:100A5000E0F17F7F1E000000000000000000307009
:100A60007070F0F0F8FC9F0F07000060787C3E0E7D
:100A70000707070707070F0E3EFCF8E0000000001D
:100A80000000000000000000000000000000000066
:100A90000000000000000000000000000001010054
:100AA0000000000000000000000003070F3E7CFF74
:100AB000FFFF000000000003070F3F7DF1E1C101CF
:100AC0000101FFFFFF0101010000C0C0C0C0C0C0A4
:100AD000C0C0C0C0C0FFFFFFC0C0C0000000000019
:100AE0000000000000000000000000000000000006
:100AF00000000001010101010101010101010101E9
:100B000000000000077FFFF8C0C1C1C1C1C1C1C062
:100B1000C0C0C000000030F0F0E0E0C0C0C0C0C005
:100B2000C0E0E0F87F3F0F000060787C1E0E0707F2
:100B3000070707070E0E3CFCF0C000000000000095
:100B400000000000000000000000000000000000A5
:100B5000000000000001010101010100000000008F
:100B60000000010F3F7EF8E0E0C0C0C0C0C0E0F868
:100B70007C3C0C0000FFFFFF1C307060E0E0E0E018
:100B8000F070783F1F07000080F0F83C1E0E07074A
:100B90000707070F0E3EFCF8E00000000000000011
:100BA0000000000000000000000000000000010143
:100BB0000101010101010101010101010101010026
:100BC00000C0C0C0C0C0C0C0C0C0C0C3C7CEDCF081
:100BD000E0C00000000000000000071F7FF8E08078
:100BE00000000000000000000000000FFFFFF00008
:100BF00000000000000000000000000000000000F5
:100C000000000000000000000000000000000000E4
:100C100000000101010101010100000000000000CD
:100C2000001F7FFFF1E0C0C0C0C0C0E0F17F7F1FA8
:100C3000000000030F9FDCF8F07070707070F8F81F
:100C4000DC9F0F030000E0F8FC1E0E0F07070707EC
:100C500007070E1EFCF8E000000000000000000086
:100C60000000000000000000000000000000000084
:100C70000001010101010101000000000000000F5E
:100C80003F7FF8E0E0C0C0C0C0C0E0E0F87F1F03D5
:100C90000000C0F0F83C1C1E0E0E0E0E0C1C18704E
:100CA000FFFFFF000060787C1E0E07070707070F95
:100CB0000E1EFCF8E0000000000000000000000034
:100CC0000000000000000000000000000000000024
:100CD000000000000000000303030000000000000B
:100CE000008080800000000000000007070700006F
:100CF00000000000000000000000000000000000F4
:100D000000000000000000000003030300000000DA
:100D1000000000808080000000000000000707073E
:100D20000000000000000008F8E0000000000000E3
:100D300000000000000000000000000000000000B3
:100D4000000000000000000000000101030307078D
:100D5000060E0E1C00000000387C7CEEEEC6C7C7F5
:100D6000838301010000000000000000000000007B
:100D7000000000008080C0C0C0E0E0700000000003
:100D80000000000000000000000000000000000063
:100D90000000000000000000000000000000000053
:100DA000000000000000000003030303030303032B
:100DB000030303030303030300000000838383830F
:100DC00083838383838383838383838300000000FF
:100DD0008080808080808080808080808080808013
:100DE0000000000000000000000000000000000003
:100DF00000000000000000000000000000000000F3
:100E00000000000000000000000000001C0E0E06A4
:100E100007070303010100000000000000000000BC
:100E20000000000001018383C7C7C6EEEE7C7C385A
:100E30000000000070E0E0C0C0C080800000000042
:100E400000000000000000000000000000000000A2
:100E50000000000000000000000000000000000092
:100E60000101010101010100000000000000000C6F
:100E70003C7CF0E0C0C0C0C0C0E0F17F7F1F00003C
:100E800000000000000000030F1F3E78F0E0C0806B
:100E900000000000000000000000C7C7C7000000FD
:100EA0000000000000000000000000000000000042
:100EB0000000000000000000000000000000000032
:100EC0000000000000000001010101010101010119
:100ED0000000000000000000000000000000000012
:100EE0000001070F1E3C7870F0E0E1E3C3C3C3C309
:100EF000C1C1C0E0E3E3F3787C3E1F0F03000000B4
:100F00000000000F7FFFF08000071F3FFCF0E0C0F3
:100F100080808080C0E0FFFFFFF80000000081FFBC
:100F2000FFFF0000000000F0FEFF0F0301E0F8FEED
:100F30001E0F070707070E1E3CFEFFFF87070F0E59
:100F40001E7CF8F0C1010100000000000080C0E03C
:100F5000F07078383C1C1C1E0E0E0E0E0E0E0E0E7F
:100F60000E1C1C1C387870E0C080000000000000DF
:100F7000000000000000010101010100000000006C
:100F800000000000000000000000010F3FFEF8C05C
:100F9000F8FE3F0F01000000000000000000010FFC
:100FA0007FFFF7C70707070707C7F7FF7F0F010096
:100FB0000000030F7FFEF0C00000000000000000F2
:100FC000000000C0F0FE7F0F0300000000000000E2
:100FD0000000000000000000000000000000000011
:100FE00000000001010101010101010101010101F4
:100FF00000000000000000000000FFFFFFC0C0C0B4
:10100000C0C0C0C0C0C0E0F1FF7F1E0000000000F3
:1010100000FFFFFF707070707070707070F0F8FCFF
:101020009F0F030000000000FFFFFF0707070707EF
:1010300007070707070E1EFCF8E00000000000008D
:1010400000000000000000000000000000000000A0
:10105000000000000000000000000000010101018C
:101060000101010000000000000000000000010F6D
:101070001F3F78F0E0E0C0C0C0C0C0E0E0F07C3EC0
:101080001E040000000000FEFFFF01000000000041
:10109000000000000000000000010100000000004E
:1010A00000C0F0F83C1E0E0F0707070707070F1ECA
:1010B0003E7CF8F08000000000000000000000000E
:1010C0000000000000000000000000000000000020
:1010D0000000000101010101010101010101010103
:1010E000000000000000000000000000FFFFFFC043
:1010F000C0C0C0C0C0C0C0C0C0E0F0787E1F0F013B
:101100000000000000FFFFFF0000000000000000E2
:10111000000000000000FFFFFF0000000000FFFFD4
:10112000FF0707070707070707070F0E1E3CFCF01E
:10113000E0000000000000000000000000000000CF
:10114000000000000000000000000000000000009F
:10115000010101010101010101010101010101017F
:1011600001000000000000FFFFFFC0C0C0C0C0C001
:10117000C0C0C0C0C0C0C0C0000000000000FFFF71
:10118000FF38383838383838383838383838000088
:101190000000000000FFFFFF07070707070707071A
:1011A000070707070707070000000000000000000E
:1011B000000000000000000000000000000000002F
:1011C0000000000101010101010101010101010112
:1011D0000101010000000000FFFFFFC0C0C0C0C04F
:1011E000C0C0C0C0C0C0C0C00000000000FFFFFF02
:1011F0003838383838383838383838000000000087
:101200000000FFFFFF0000000000000000000000E1
:1012100000000000000000000000000000000000CE
:1012200000000000000000000000000000000000BE
:1012300000000001010101010101010000000000A6
:1012400000000000000000071F3F7C70F0E0E0C0DD
:10125000C0C0C0C0C0C0E0E0F07C3E1E0000000086
:1012600000FEFFFF0100000000000000001C1C1C2D
:101270001C1C1C1C1C1F1F1F0000000000C0F0F8DD
:101280007C1C1E0E0E070707070707070F0E1E1C04
:10129000FCF8F80000000000000000000000000062
:1012A000000000000000000000000000000000003E
:1012B000000000010101000000000000000000002B
:1012C000000000010101000000000000FFFFFF001E
:1012D000000000000000000000000000FFFFFF0011
:1012E0000000000000FFFFFF707070707070707081
:1012F0007070707070FFFFFF000000000000FFFFC3
:10130000FF00000000000000000000000000FFFFE0
:10131000FF000000000000000000000000000000CE
:1013200000000000000000000000000000000000BD
:10133000010101000000000000FFFFFF00000000AD
:101340000000FFFFFF000000000000FFFFFF0000A3
:10135000000000000000000000000000000000008D
:10136000000000000000010101000000000000007A
:101370000000000000000000FFFFFF000000000070
:1013800000000000000000000000FFFFFF00000060
:1013900000F0FCFE1E0F070707070F1EFEFCF00003
:1013A000000000000000000000000000000000003D
:1013B000000000000000000101010000000000002A
:1013C0000000000000000101010100000000FFFF1B
:1013D000FF000000000103070F1E3C78F0E0C08012
:1013E0000000000000FFFFFF1E3C78F0E0F8FC1E4C
:1013F0000F0703000000000000000000FFFFFF00D7
:101400000000000000000000C0E0F07C3E0F070379
:1014100000000000000000000000000000000000CC
:1014200000000000000000000000010101000000B9
:1014300000000000000000000000000000FFFFFFAF
:10144000000000000000000000000000000000009C
:10145000FFFFFF000000000000000000000000008F
:10146000000000FFFFFF0707070707070707070739
:10147000070700000000000000000000000000005E
:101480000000000000000000000101010101000057
:101490000000000000000000000000010101010147
:1014A000000000000000FFFFFFF0FEFF0F01000042
:1014B0000000000000010F7FFEF0FFFFFF000000B2
:1014C000000000FFFFFF0000C0F8FF3F0300000026
:1014D000031FFFF8C00000FFFFFF00000000000036
:1014E000FFFFFF0000000080F0FE7F0F7FFEF00096
:1014F00000000000FFFFFF000000000000000000EF
:1015000000000000000000000000000000000000DB
:1015100000000000000000000000010101010000C7
:1015200000000000000000000000010101000000B8
:10153000000000FFFFFFF87C1F0F03010000000008
:10154000000000FFFFFF000000000000FFFFFF00A1
:10155000000080E0F87C3F0F03010000FFFFFF0068
:101560000000000000FFFFFF00000000000000007E
:1015700080E0F07C3FFFFFFF000000000000000063
:10158000000000000000000000000000000000005B
:101590000000000000000000000000000000010149
:1015A0000101010101000000000000000000000036
:1015B0000001071F3F7870E0E0C0C0C0C0C0C0C0DD
:1015C000E0F0707C3F1F070100000000FFFFFF01FB
:1015D000000000000000000000000000000000010A
:1015E000FFFFFF0000000000C0F0F87C1C1E0E078B
:1015F0000707070707070E1E1C7CF8F0C000000055
:1016000000000000000000000000000000000000DA
:1016100000000000000000000000000000000101C8
:1016200001010101010101010101010100000000AE
:101630000000000000FFFFFFC0C0C0C0C0C0C0C0AD
:10164000C0C0E0F07F3F1F0000000000FFFFFF1C54
:101650001C1C1C1C1C1C1C1C1C3878F0E08000008E
:10166000000000FFFFFF000000000000000000007D
:10167000000000000000000000000000000000006A
:10168000000000000000000000000000000000005A
:101690000000000000000000010101010101000044
:1016A000000000000000000000000001071F3F785C
:1016B000F0E0E0C0C0C0C0C0C0E0E0F0783F1F076D
:1016C000010000000000FFFFFF010000000000001B
:1016D000000000000000000001FFFFFF000000000C
:1016E0000000C0F0F83C1E0E0E0707072777773F73
:1016F0003E1E3EFFF7C30101000000000000000095
:101700000000000000000000000000000000008059
:1017100080C0000000000000010101010101010181
:1017200001010101010101000000000000000000B2
:1017300000FFFFFFC0C0C0C0C0C0C0C0C0C0C0E08C
:10174000F0FF7F1F000000000000FFFFFF38383867
:101750003838383C3E3F3F7B71F0E0C080000000ED
:10176000000000FFFFFF000000000000000000C0BC
:10177000E0F8FC3F1F07010000000000000000002F
:101780000000000000000000000000000000000059
:101790000000000000000000000001010101010143
:1017A0000100000000000000000000001F3F7FF16A
:1017B000E0C0C0C0C0C0C0E0E0F07C3C0C00000055
:1017C00000000101C1C0E0E0707070783838383C2A
:1017D0001C1E0F070300000000C0F0F87C1E0E0F57
:1017E0000707070707070F0E1EFCF8E000000000C0
:1017F00000000000000000000000000000000000E9
:1018000000000000000001010101010101010101CE
:101810000101010101010101010000C0C0C0C0C0FF
:10182000C0C0C0FFFFFFC0C0C0C0C0C0C0C000007B
:101830000000000000000000FFFFFF0000000000AB
:1018400000000000000000000000000000FFFFFF9B
:101850000000000000000000000000000000000088
:101860000000000000000000000000000000000078
:101870000001010100000000000000000000000065
:1018800000010101000000000000FFFFFF00000058
:1018900000000000000000000000FFFFFF0000004B
:1018A000000000FFFFFF000000000000000000003B
:1018B000000000FFFFFF000000000000C0F0FC3E41
:1018C0001E0E070707070707070E1E7CFCF0C00067
:1018D0000000000000000000000000000000000008
:1018E00000000000000000000000000101010000F5
:1018F00000000000000000000000000000000001E7
:10190000010180E0FCFF1F07000000000000000054
:10191000000000071FFFFCE08000000080E0FCFFEB
:101920001F070000000000071FFFFCE08000000010
:1019300000000000000080E0FCFF3F073FFFFCE0EC
:101940008000000000000000000000000000000017
:101950000000000000000000000000000000010185
:101960000100000000000000000000000001010173
:101970000101000000000000000000000000010163
:10198000010080F8FF7F0700000000000000000752
:101990003FFFF8C0F8FF3F07000000000000000014
:1019A000077FFFF88000000080F8FF7F070000003D
:1019B000031FFFFCE00000000000E0FCFF1F03002D
:1019C0000000077FFFF8800000000000000080F8A2
:1019D000FF7F0F7FFFF8C000000000000000000044
:1019E00080F8FF7F0F7FFFF88000000000000000FC
:1019F00000000000000000000000000000000000E7
:101A000000000000000000000000000000000000D6
:101A100000000001010101000000000000000000C2
:101A2000000000000101010100000080C0F0F83C4E
:101A30001F0F03010001030F1F3CF8F0C0800000DE
:101A4000000000000000010387DFFEF8FEFF8703AF
:101A5000010000000000000103071F3E78F0E08055
:101A6000000000000080E0F0783E1F070301000046
:101A70000000000000000000000000000000000066
:101A80000000000000010101010000000000000052
:101A90000000000000000000010101010080E0F0F2
:101AA000783E1F0703000000000003071F3E78F088
:101AB000E0800000000000000000C0E0F87F1F7F11
:101AC000F8E0C0000000000000000000000000007E
:101AD00000000000FFFFFF00000000000000000009
:101AE00000000000000000000000000000000000F6
:101AF00000000000000000000000000101010101E1
:101B000001010101010101010101010000000000CA
:101B1000C0C0C0C0C0C0C0C0C1C3CFDFFEF8F0E0CD
:101B20000000000000000001030F1F3CF8F0E080FF
:101B300000000000000000000F1F3FFFF7C78707ED
:101B40000707070707070707070707000000000048
:101B50000000000000000000000000000000000085
:101B600000000001010101010101000000FFFFFF71
:101B7000C0C0C0C0000000FFFFFF00000000000068
:101B800000FFFFFF00000000000000FEFEFE0E0E42
:101B90000E0E000101010000000000000080F0FFB7
:101BA0007F0F0000000000000000F0FEFF1F01009A
:101BB000000000000000E0FCFF1F03000000000028
:101BC000000000000000010101010101010000000E
:101BD000C0C0C0C0FFFFFF00000000000000FFFF0A
:101BE000FF00000000000000FFFFFF0000000E0EDD
:101BF0000E0EFEFEFE0000000000000000000101CD
:101C0000010000000000000000000001073FFEF09E
:101C1000C0F0FE3F0701000000000878F8F08000E7
:101C20000000000080F0F8780800000000000000CC
:101C300000000000000000000000000000000000A4
:101C40000000000000000000000000000000000094
:101C50000000000000000000000000000000000084
:101C60000000000000000000000000000000000074
:101C70000000000000000000000000000000000064
:101C80000000000000000000000000000000000054
:101C900000000000000000000E0E0E0E0E0E0E0ED4
:101CA0000E0E0E0E0E0E0E0E0E0E0E000101010196
:101CB00000000000000000000080C0E0F010000004
:101CC0000000000000000000000000000000000014
:101CD0000000000000000000000000000000000004
:101CE00000000000000000000000000000000000F4
:101CF00000000000000000000000000001010103DE
:101D000003030303030301000000000030F0F1E1CE
:101D1000C38383838387C7C7FFFF7F00000078FEEC
:101D2000FECF87878787878E0E1CFEFFFF0100008E
:101D300000000000000000000000000000000000A3
:101D40000000000101010000000000000000000090
:101D5000000000000000FFFFFF0001010303030378
:101D6000030101000000000000FFFFFFF0E0C08061
:101D7000808080C0C0F0FF7F1F000000FFFFFF3C9D
:101D80000E0E070707070F1E3EFCF8C000000000FC
:101D90000000000000000000000000000000000043
:101DA0000000000000000000000000000000000033
:101DB000000000000000010103030303030301010D
:101DC00000000000001F7FFFF0C0C0808080808086
:101DD000C0E0F070300000E0F8FC3E0E0F0707078F
:101DE00007070E1E7C786000000000000000000065
:101DF00000000000000000000000000000000000E3
:101E000000000000000000000101010000000000CF
:101E10000001010303030303010100FFFFFF0000B2
:101E2000000F7FFFF0C0C080808080C0C0F0FFFF47
:101E3000FF000000C0F8FC3E1E0F070707070E0E4C
:101E40003CFFFFFF00000000000000000000000059
:101E50000000000000000000000000000000000082
:101E60000000000000000000000000000000000171
:101E700001030303030303010100000000001F7FAF
:101E8000FFE7C7C78787878787C7E7FF7F1F0000F0
:101E9000E0F8FC3E0E0F07070707070E1E3C382030
:101EA0000000000000000000000000000000000032
:101EB0000000000000000000010101010103030314
:101EC0007FFFFFE3C3C3C3808080FFFFFF8080806C
:101ED00080000000FFFFFF00000000000000000085
:101EE00000000000000000000000000000000000F2
:101EF00000000000000000000000000001010303DA
:101F00000303030101000303030000000F7FFFF040
:101F1000C0C080808080C0C0F0FFFFFF000000C014
:101F2000F8FC3E0E0F070707070F0E3CFFFFFF00F0
:101F3000000070787C3C1E0E0E0E0E0E0E1C3CF83F
:101F4000F0C00000000001010100000000000000DE
:101F5000000000000000000000FFFFFF000101037F
:101F6000030303030301000000000000FFFFFFF074
:101F7000C0C080808080C0E0FFFF7F00000000FFC5
:101F8000FFFF000000000000000000FFFFFF000056
:101F90000000000000000000000000000000000041
:101FA000000000000001010100000000C3C3C300E5
:101FB000000000FFFFFF00000000FFFFFF00000027
:101FC000000000000000000000010101000000000E
:101FD0000000C3C3C3000000000000FFFFFF0000BB
:101FE00000000000FFFFFF0000000E0E1EFEFCF0D0
:101FF00000000000000001010100000000000000DE
:102000000000000000000000FFFFFF0000000000D3
:1020100000010303030200000000FFFFFF0F1E1F6B
:102020003F7BF1E0C080000000000000FFFFFF00E8
:102030000000C0E0F07C3E1F07030100000000002C
:10204000000000000000000000000000000000018F
:10205000010100000000FFFFFF00000000FFFFFF84
:1020600000000000FFFFFF00000000000000000073
:102070000000000000000000000000000000000060
:10208000000000000000000000000000000000034D
:102090000303000101030303030301000000010126
:1020A000030303030301010000000000FFFFFF70B2
:1020B000C08080808080C0FFFF7FE0C08080808003
:1020C00080C0FFFF7F00000000FFFFFF0000000056
:1020D00000000000FFFFFF0000000000000000FF04
:1020E000FFFF0000000000000000000000000000F2
:1020F00000000000000000000000000000000000E0
:1021000000000000000000000000000000000000CF
:1021100000000000000003030300010103030303A8
:10212000030301000000000000FFFFFFF0C0C080BB
:10213000808080C0E0FFFF7F00000000FFFFFF0005
:102140000000000000000000FFFFFF000000000092
:10215000000000000000000000000000000000007F
:10216000000000000000000000000000000000006F
:102170000000000000000101030303030303010149
:1021800000000000001F7FFFF0C0C080808080C082
:10219000C0F0FF7F1F0000E0F8FC3E0E0F070707AE
:1021A000070F0E3EFCF8E0000000000000000000F9
:1021B000000000000000000000000000000000001F
:1021C000000000000000000000000000000000030C
:1021D00003030001010303030303010100000000E6
:1021E0000000FFFFFF70E0C080808080C0C0F0FF73
:1021F0007F1F000000FFFFFF3C0E0E070707070FC1
:102200000E3EFCF0C0000000FEFEFE0000000000DC
:1022100000000000000000000000000000000000BE
:1022200000000000000000000000000000000000AE
:102230000101030303030301010003030300000082
:102240001F7FFFF0C0C080808080C0E070FFFFFF74
:10225000000000C0F0FC3E1E0F070707070E0E3CF3
:10226000FFFFFF0000000000000000000000000071
:10227000000000FEFEFE0000000000000000000064
:102280000000000000000303030001030303030335
:102290000000FFFFFFE0C080808080000000FFFFA3
:1022A000FF0000000000000000000000000000002F
:1022B000000000000000000000000000000000001E
:1022C00000000000000000000001010303030303FD
:1022D00003030101000000000078FCFECE8F8F8711
:1022E00087878783C3E3E36100000030383C1E0E1C
:1022F0000707878787878FCEFEFCF000000000006D
:1023000000000000000000000000000000000000CD
:1023100000000000000000000303037F7FFF0303B1
:102320000303808080FFFFFF80808080000000FC2E
:10233000FEFF070707070000000000000000000084
:10234000000000000000000000000000000000008D
:102350000000000000030303000000000000000074
:102360000003030300000000FFFFFF000000000067
:1023700000000000FFFFFF00000000F8FCFE1F0F40
:10238000070707070E0C38FFFFFF000000000000E2
:10239000000000000000000000000000000000003D
:1023A000000000000000000000000000000000002D
:1023B000020303010000000000000000000103030D
:1023C0000200C0F0FE7F0F01000000010F3FFEF091
:1023D000C0000000000080F0FC7F0F7FFCF0800058
:1023E00000000000000000000000000000000000ED
:1023F00000000000000000000000000000000000DD
:1024000000000000000000000000000000030303C3
:1024100000000000000000000303030000000000B3
:1024200000000003030380E0FCFF1F030000000F17
:10243000FFFCC0F8FF0F000000031FFFFCE080005E
:10244000000000E0FC7F0FFFFCC000000080FCFFEC
:102450000F7FFCE000000000000000000000000012
:10246000000000000000000000000000000000006C
:10247000000000000000000000000000000000005C
:102480000002030303010000000000000001030339
:10249000020000C0E0F07C3F0F0F1F7CF8F0C0800E
:1024A000000103071F3EF8F0C0C0F0F83E1F0F0305
:1024B000010000000000000000000000000000001B
:1024C000000000000000000000000000000000000C
:1024D00000000002030301000000000000000103EF
:1024E0000303000000C0F8FF3F07000000073FFFA4
:1024F000FCE000000000000000E0FCFF1FFFFEF019
:10250000800000000000000E0E0E1E7CF8F0C000DF
:1025100000000000000000000000000000000000BB
:102520000000000000000000000303030303030396
:102530000303030303030300000080808080818382
:10254000878FBEF8F0E0C0800000071F3F7FF7E7ED
:10255000C7870707070707070700000000000000FC
:10256000000000000000000000000000000000006B
:102570000000000101010100000000007FFFFFE0FA
:10258000C0C0C00007070F1DFDF8E00000000000FC
:10259000000080C0FFFF3F000000000000000000BE
:1025A000F0FCFC1E0E0E0E000000010101000000F8
:1025B000000000FFFFFF000000000000FFFFFF0021
:1025C0000000000000FFFFFF000000000000FFFF10
:1025D000FF000000010101010000000000000000F8
:1025E000C0C0C0E0FFFF3F0000000000000000008E
:1025F000E0F8FD1D0F070700000000007FFFFFC08F
:10260000800000000E0E0E1EFCFCF000000000001A
:1026100000000000000000000000000000000000BA
:1026200000000000000000000000000000000000AA
:102630000000000000000000001C38787070707806
:10264000383C1C1E0E0E0E1C1C3800000000000042
:10265000000000000000000000000000000000007A
:10266000000000000000000000000000000000006A
:10267000000000000A000000000000000B00000045
:102680000A0000000C00000015000000130000000C
:102690002100000013000000340000001F000000B3
:1026A000470000001700000066000000070000005F
:1026B0007D0000000C000000840000000C00000001
:1026C000900000000E0000009C00000014000000BC
:1026D000AA0000000A000000BE0000000C0000007C
:1026E000C80000000A000000D40000000A0000003A
:1026F000DE00000013000000E800000013000000EE
:10270000FB000000130000000E0100001300000099
:10271000210100001300000034010000130000003C
:1027200047010000130000005A01000013000000E0
:102730006D01000013000000800100001300000084
:10274000930100000A000000A60100000A0000003A
:10275000B001000014000000BA01000014000000E5
:10276000CE01000014000000E20100001300000090
:10277000F60100002400000009020000170000001C
:102780002D020000170000004402000019000000A4
:102790005B02000019000000740200001700000036
:1027A0008D02000015000000A40200001B000000C4
:1027B000B902000019000000D40200000900000066
:1027C000ED02000012000000F602000017000000F9
:1027D00008030000130000001F0300001D0000009C
:1027E00032030000190000004F0300001B0000002E
:1027F0006803000017000000830300001B000000B6
:102800009A03000019000000B50300001700000043
:10281000CE03000015000000E503000019000000D1
:10282000FA03000017000000130400002400000059
:102830002A040000170000004E04000017000000EA
:1028400065040000150000007C0400000A00000080
:10285000910400000A0000009B0400000A00000030
:10286000A504000011000000AF04000013000000E8
:10287000C00400000C000000D3040000120000009F
:10288000DF04000013000000F1040000120000004B
:1028900004050000130000001605000012000000EF
:1028A000290500000A0000003B050000130000009D
:1028B0004505000013000000580500000700000057
:1028C0006B05000009000000720500001200000006
:1028D0007B050000070000008D0500001D000000C2
:1028E0009405000013000000B10500001200000074
:1028F000C405000013000000D6050000130000000E
:10290000E90500000C000000FC05000012000000BA
:10291000080600000A0000001A060000130000006C
:102920002406000011000000370600001900000016
:1029300048060000100000006106000011000000C1
:102940007106000011000000820600000C0000006B
:1029500093060000090000009F0600000C00000024
:10296000A806000014000000B406000000000000EB
:1029700000000000001F0000E800001C001C000018
:10298000000000000202071A02031E02004078C085
:102990004078C0404000000F111F100800003008B0
:1029A000FC88F000000E11110E00030C1000000056
:1029B0000000000830C000708888700000000E1110
:1029C000110E000000000070888848301068080070
:1029D000001C0000000000030C100000F8060100BD
:1029E00000100C0300000106F800080A1C0A080089
:1029F00000000000000000000000070000000000D0
:102A0000808080F0808080000000000000000E00C8
:102A100000000000000040404000000000000008EE
:102A200000000000000718000018E0000000000F80
:102A3000101010100F0000F008080808F000000443
:102A4000081F000000000000F8000000000810103F
:102A500010100F00000818284888080000081011FE
:102A600011110E00001008080808F0000000000313
:102A70000C1F00000020E02020F8200000031D11A2
:102A800011111000009008080808F000000F101144
:102A90001111080000F088080808F000001010105C
:102AA000131C1000000038C000000000000E1111BF
:102AB00011110E0000F008080808F000000F1010B7
:102AC00010110F00001088888810E000000200003C
:102AD0000008000000020000000E000000000101DC
:102AE0000202040000804040202010000002020288
:102AF000020202020000404040404040400000040A
:102B00000202010100000010202040408000000C63
:102B10001010110E0000006880000000000106087F
:102B20000912121211130804030000F804F2090933
:102B3000091179890A32C400000000010E100E014B
:102B4000000000001860C0404040C0601800001F36
:102B500011111111110E0000F80808080808F00002
:102B600000070810101008040000E0100808081002
:102B70002000001F1010101008070000F8080808B7
:102B80000810E000001F1111111111110000F808C8
:102B9000080808080800001F11111111100000F8A2
:102BA00000000000000000070810101010080400CA
:102BB00000E0100808888890E000001F0101010172
:102BC000011F0000F80000000000F800001F0000D6
:102BD000F80000000000001F000030080808F000A6
:102BE000001F000001020408100000F8408080402F
:102BF00020100800001F00000000000000F8080876
:102C000008080800001F0C03000000030C1F000050
:102C1000F80000E018E00000F800001F08060100BE
:102C2000001F0000F80000806010F8000007081086
:102C300010101008070000E0100808080810E00055
:102C4000001F10101010100F0000F880808080808E
:102C500000000007081010101008070000E010081E
:102C600008282810E800001F10101010100F000096
:102C7000F8808080C0B00800000E11111110100CF7
:102C800000003008080888887000001010101F101D
:102C900010100000000000F800000000001F0000FD
:102CA0000000001F0000E01008080810E0000018F5
:102CB0000601000000010618000000008060186096
:102CC000800000000018070000000F100F00000037
:102CD000071800000000E018E0000000E018E00025
:102CE000000000100C0201020C10000008304080AF
:102CF0004030080000100C0300030C10000000001E
:102D000000F800000000000010101116181000005C
:102D10000818688808080800001F100000FF01005C
:102D2000001807000000000000E0180000101F005D
:102D30000001FF00000007080700000080000000FD
:102D400080000000000000000000000001010101FF
:102D50000101010000100800000000000001020253
:102D60000201000030484850F800001F0102020133
:102D70000000F8080808F00000010202020100004B
:102D8000F0080808100000010202011F0000F0080E
:102D90000808F8000001020202010000F04848485B
:102DA000D00000020F12000000F800000001020233
:102DB00001030000F2090911FE00001F01020201D7
:102DC0000000F8000000F80000130000F800000008
:102DD00013000001FE00001F000001020000F84087
:102DE000C0300800001F0000F800000301020201CB
:102DF000010202010000F8000000F8000000F800E5
:102E00000003010202010000F8000000F8000001C8
:102E1000020202010000F0080808F00000030102AD
:102E200002010000FF100808F00000010202010387
:102E30000000F0080810FF00000301020000F80085
:102E400000000001020202010000904848483000E2
:102E500000020F02000000F8080000030000000359
:102E60000000F0080808F80000030000000300005C
:102E700000E018E000000003000000030000000371
:102E8000000000E018E000E018E00000000201008F
:102E90000102000008B040B0080000030000000379
:102EA000000001E11EE00000000202020302000037
:102EB00008384888080000000F10000040BE0100DC
:102EC000001F0000FE0000100F00000001BE4000C7
:102ED00000000101010000010000800000808080EE
:102EE000800000000400000000000000030000005B
:102EF00004000000050000000700000009000000B9
:102F00000C00000007000000150000000C0000008D
:102F10001C0000000A000000280000000300000060
:102F20003200000005000000350000000500000030
:102F30003A000000060000003F0000000900000009
:102F400045000000040000004E00000005000000E5
:102F500052000000040000005700000006000000BE
:102F60005B00000008000000610000000700000096
:102F70006900000008000000700000000800000068
:102F80007800000008000000800000000800000039
:102F90008800000008000000900000000800000009
:102FA0009800000008000000A000000008000000D9
:102FB000A800000004000000B000000004000000B1
:102FC000B400000008000000B80000000900000084
:102FD000C000000008000000C90000000700000059
:102FE000D10000000E000000D80000000B0000001F
:102FF000E600000009000000F100000009000000E8
:10300000FA000000090000000301000009000000B0
:103010000C01000008000000150100000A0000007B
:103020001D0100000900000027010000030000004E
:103030003001000007000000330100000A0000001A
:103040003A01000008000000440100000B000000ED
:103050004C01000009000000570100000A000000B8
:1030600060010000090000006A0100000A00000081
:1030700073010000090000007D010000090000004C
:1030800086010000090000008F0100000900000017
:10309000980100000B000000A10100000F000000DB
:1030A000AC01000009000000BB01000009000000A5
:1030B000C401000009000000CD0100000400000070
:1030C000D601000006000000DA0100000400000044
:1030D000E001000007000000E4010000090000001A
:1030E000EB01000004000000F401000007000000F4
:1030F000F801000007000000FF01000007000000C9
:1031000006020000070000000D020000070000009A
:1031100014020000050000001B0200000700000070
:10312000200200000700000027020000030000004A
:103130002E02000004000000310200000700000021
:1031400035020000030000003C0200000B000000FC
:103150003F020000070000004A02000007000000D4
:1031600051020000070000005802000007000000A4
:103170005F0200000500000066020000070000007A
:103180006B02000005000000720200000700000052
:1031900077020000070000007E0200000B00000024
:1031A00085020000070000009002000007000000F8
:1031B00097020000070000009E02000005000000CA
:1031C000A502000003000000AA02000005000000A4
:1031D000AD02000009000000B20200000000000083
:1031E00000000000000000000000000000000000DF
:1031F00000000000000000000000000000000003CC
:1032000003000000000000FFFF000000000000FCC1
:10321000FC000000000000C0C0000000000303002C
:1032200000000003030000F8F800000000F8F800B8
:10323000000000000000000000000000000000008E
:103240000000000000000000000303000000000078
:10325000030300000C0C0C0FFFFC8C0C0C0C0FFF7C
:10326000FC0C0C0018191FFFF8181818191FFFF88C
:103270001818180000C0C00000000000C0C0000006
:103280000000000000000001030303070303010026
:10329000000000000078FEC6830303FF0181C1E047
:1032A00060000000000C0F03010000FF808081C35C
:1032B0007F3E00000000008080C0C0F0C0C0808061
:1032C00000000000000000010303030301000000F0
:1032D0000000000001030200000000000000007C6C
:1032E000FF83010183FF7C000003071E78E081015A
:1032F0000101000000000000000080808081030FB9
:103300003CF0C000003EFFC18080C1FF3E000000D5
:10331000000000000040C0800000000000000080AD
:10332000C0C0C0C080000000000000000101030315
:103330000303030100000000000000000000F0F99A
:103340008D070307068CFCF0000000000000003E23
:103350007FE3C1800000C0E1713B0F1F3F7B610034
:10336000000000008080C0C0C0C0C080800000801D
:10337000C0C08000000303000000F8F80000000057
:103380000000000000000000000000000001030237
:10339000000000031F7CE08000000000FFFF000031
:1033A000000000000000E0F81E0701000002030119
:1033B0000000000000000080E07C1F03000000000F
:1033C000000000FFFF00000001071EF8E000000001
:1033D00000000000000303000000000040C46E7CF9
:1033E000F8F87C6EC44000000000000000000000FF
:1033F00000000000000000000000000000000000CD
:1034000000000000000000000000000000000000BC
:103410000000003F3F0000000000000000C0C0C0EE
:10342000C0C0C0FFFFC0C0C0C0C0C00000000000DE
:10343000000000000000000000000000000000008C
:10344000000000000000000000000000000000007C
:10345000000000000000C6FC0000000000000000AA
:10346000000000000000000000000000000000302C
:10347000303030303030000000000000000000002C
:10348000000000000000000000000000000000003C
:1034900000000000000000000000C0C000000000AC
:1034A0000000000000000303000000031FFEE00016
:1034B00000073FF8C0000000C0C08000000000000E
:1034C00000000001010303030303010100000000E9
:1034D000001FFFE080000000000080E0FF1F0000F0
:1034E00000F8FF070100000000000107FFF80000DE
:1034F0000000008080C0C0C0C0C08080000000000C
:1035000000000000000000000303000000000000B5
:10351000000018383070E0E0FFFF000000000000FD
:103520000000000000000000FFFF0000000000009D
:103530000000000000000000C0C00000000000000B
:103540000000000101030303030303010000000066
:103550000030F0C080000000000081C3FF7C00004C
:1035600000000103060C0C183060C0800000000051
:1035700000C0C0C0C0C0C0C0C0C0C0C0C0C000008B
:103580000000000103030303030301000000000027
:103590000060E0C080000303038787FD780000001F
:1035A000000C0F0301000000000081C3FF7C00003D
:1035B0000000008080C0C0C0C0C08080000000004B
:1035C00000000000000000000000010303000000F4
:1035D0000000000003070E1C70E0C0FFFF000000A9
:1035E000003878F898181818181818FFFF181800DD
:1035F0000000000000000000000000C0C00000004B
:10360000000000030303030303030303030000009C
:103610000007FFF6060C0C0C0C0C0607030000005C
:10362000000C0F030100000000000103FEFC00007D
:103630000000008080C0C0C0C0C0808000000000CA
:103640000000000001010303030303010000000068
:10365000000F7FF1C3820606060683C3E160000007
:1036600000F8FE870100000000000183FF7C0000DD
:103670000000000080C0C0C0C0C08080000000000A
:103680000003030303030303030303030303000013
:103690000000000000000003071C306080000000F4
:1036A00000000000031FFCE000000000000000001C
:1036B00000000000C0C0000000000000000000008A
:1036C00000000001010303030303010100000000E7
:1036D000000078FD87030303030387FD78000000E3
:1036E000003CFFC381000000000081C3FF3C0000DC
:1036F0000000008080C0C0C0C0C08080000000000A
:1037000000000001010303030303010100000000A6
:10371000003EFFC180000000000080C1FF1F0000CC
:10372000000687C3C16060606041C18FFEF0000089
:1037300000000080C0C0C0C0C08080000000000049
:103740000000000000000000000000181800000049
:103750000000000000000000000000C0C0000000E9
:103760000000000000000000000000181800000029
:103770000000000000000000000000C6FC00000087
:103780000000000000000000000000000000000039
:1037900000000103030306060C0C1C18183000007F
:1037A0000000C0E06060303018181C0C0C060000EF
:1037B0000000000000000000000000000000000009
:1037C00000000000000000000000000000000000F9
:1037D000000C0C0C0C0C0C0C0C0C0C0C0C0C00004D
:1037E0000030303030303030303030303030000069
:1037F00000000000000000000000000000000000C9
:1038000000000000000000000000000000000000B8
:1038100000003018181C0C0C0606030303010000FE
:103820000000060C0C1C181830306060E0C000006E
:103830000000000000000000000000000000000088
:103840000000000101030303030303010100000062
:103850000030F0C08080000000000183C7FE7C00C3
:10386000000000000000003C7CE0C0800000000080
:1038700000000000000000C0C000000000000000C8
:103880000000000000000000000101030303030327
:103890000303030101010000000000000000000715
:1038A0001F3C70E0C1878E8C181818180C0E079FEB
:1038B0009CC0E0703C1F07000000FFFF0100007C7F
:1038C000FF83010000000101030FFFF00001010769
:1038D0001EFCF000000000C0E078180C0E86C6C781
:1038E000C3C3C3830383C3C3C6C6860C0C1830206E
:1038F00000000000000000000303030000000000BF
:103900000000000000000000073FFCE000E0FC3F7A
:103910000700000000000000071FFCF030303030CE
:10392000303030F0FC1F07000000C0C00000000075
:10393000000000000000000000C0C0000000030301
:103940000303030303030303030301000000000058
:1039500000FFFF01010101010101010183C7FE7C9C
:1039600000000000FFFF8080808080808080808059
:10397000C1E37F3E000000C0C0C0C0C0C0C0C0C026
:10398000C0C0C080800000000000000000010103F2
:10399000030303030303010100000000000F3F784D
:1039A000E0C0808000000000000080C0E0703000B7
:1039B00000E0FC1E070301000000000000010103FD
:1039C0000F1E180000000000008080C0C0C0C0C0F2
:1039D000C0C0808000000000000003030303030355
:1039E0000303030303030100000000000000FFFFC6
:1039F0000000000000000000008080C0F03F0F00C9
:103A00000000FFFF000000000000000000010103B3
:103A10000FFCF0000000C0C0C0C0C0C0C0C0C0C02B
:103A2000C0808000000000000000030303030303C4
:103A300003030303030303030300000000FFFF016C
:103A4000010101010101010101010100000000006B
:103A5000FFFF808080808080808080808080000068
:103A6000000000C0C0C0C0C0C0C0C0C0C0C0C0C096
:103A7000C0C00000000003030303030303030303A8
:103A800003030303000000FFFF0101010101010125
:103A90000101010000000000FFFF80808080808025
:103AA000808080800000000000C0C0000000000096
:103AB0000000000000000000000000000001010103
:103AC00003030303030303010100000000000007D8
:103AD0003F78E0C080800000000000008080C0E0EF
:103AE0007010000000E0FC1E070301010000000050
:103AF000C0C0C0C1C1C3FFFE0000000000000080C4
:103B00008080C0C0C0C0C0C0C080808000000000F5
:103B1000000003030000000000000000000000009F
:103B2000030300000000FFFF010101010101010189
:103B300001010101FFFF00000000FFFF8080808085
:103B40008080808080808080FFFF00000000C0C0F7
:103B5000000000000000000000000000C0C00000E5
:103B60000000000303000000000000FFFF00000051
:103B7000000000FFFF000000000000C0C0000000C7
:103B8000000000000000000000000303000000002F
:103B90000000000000000000FFFF0000000E0F0307
:103BA000000000000001FFFE000000008080C0C097
:103BB000C0C0C080800000000000030300000000BF
:103BC00000000000000103030200000000FFFF00EE
:103BD0000103070F1F3970E0C080000000000000E3
:103BE000FFFFE0C0800080C0E0783C1F07030000BA
:103BF000000000C0C00000000000000000000080C5
:103C0000C0C04000000003030000000000000000EE
:103C1000000000000000FFFF0000000000000000A6
:103C2000000000000000FFFF000000000000000096
:103C3000000000000000C0C0C0C0C0C0C0C0C0C004
:103C4000C0C0C0000000000303030100000000002A
:103C50000000000001030303000000000000FFFF5C
:103C6000C0F83F070000000000073FF8C0FFFF005A
:103C70000000000000FFFF000080F07E0F010F7EBB
:103C8000F0800000FFFF000000000000C0C0000046
:103C9000000000C0C0C00000000000C0C000000064
:103CA000000003030300000000000000000000000B
:103CB000030300000000FFFFC0E0701C0E030100C2
:103CC00000000000FFFF00000000FFFF00000000F8
:103CD0000080C070380E0703FFFF00000000C0C066
:103CE0000000000000000000000000C0C0C0000094
:103CF00000000000000101010303030303030101AD
:103D000001000000000000073F78E0C08080000054
:103D1000000000008080C0E0783F070000E0FC1E4B
:103D200007030101000000000000010103071EFC61
:103D3000E0000000000000808080C0C0C0C0C0C0A3
:103D400080808000000000000000030303030303E1
:103D500003030303030301010000000000FFFF0051
:103D600000000000000000000081C3FF7C00000094
:103D7000FFFFC0C0C0C0C0C0C0C0C0C080800000C5
:103D8000000000C0C00000000000000000000000B3
:103D90000000000000000000000101010303030314
:103DA0000303010101000000000000073F78E0C0AC
:103DB00080800000000000008080C0E0783F0700A5
:103DC00000E0FC1E070301010000000406060703D3
:103DD00003071FFCF0000000000000008080C0C04E
:103DE000C0C0C0C0C0808080C0E06000000003038D
:103DF00003030303030303030303030100000000A1
:103E00000000FFFF0101010101010101010183C760
:103E1000FE7C00000000FFFF808080808080C0E08A
:103E2000F89C0E07010000000000C0C00000000068
:103E30000000000000000080C0C000000000000082
:103E40000101030303030303030101000000000059
:103E50000078FECF870703030303018181C0F030A0
:103E60000000001C1E070301000080808080C0C18C
:103E7000E3FF3C0000000000008080C0C0C0C0C064
:103E8000C0C080800000000003030303030303039A
:103E9000030303030303030300000000000000FF0B
:103EA000FF0000000000000000000000000000FF14
:103EB000FF0000000000000000000000000000C043
:103EC000C00000000000000000000303000000002C
:103ED0000000000000000000030300000000FFFFDE
:103EE000000000000000000000000000FFFF0000D4
:103EF0000000FCFF070101000000000000010107B5
:103F0000FEFC0000000000000080C0C0C0C0C0C0B7
:103F1000C0C080000000000000030301000000009A
:103F200000000000000000010303000000C0F83F93
:103F30000701000000000001073FF8C0000000007A
:103F4000000000C0F83F07010F3FF8C0000000006C
:103F5000000000000000000000C0C0C00000000021
:103F6000000000000303000000000000000000004B
:103F70000303030000000000000000000003030032
:103F800000F0FF0F0100000000031FFEE000E0FC56
:103F90001F0300000000010FFFF00000000000F010
:103FA000FE1F010F7FF8C00000000000C0F87F0F67
:103FB000011FFEE0000000000000000000C0C0C0C3
:103FC0000000000000000000000000C0C0C00000B1
:103FD00000000000000203030100000000000000D8
:103FE0000000010303020000000080C0F0381C0F35
:103FF000030F1C38F0C080000000000001030F1CFC
:104000003870C080C0F0381C0F0301000040C0C0F1
:1040100080000000000000000000000080C0C040E0
:104020000203010000000000000000000000010386
:1040300003020000C0E0703C0E070101071E3C7047
:10404000E0C000000000000000000080FFFF8000D2
:104050000000000000000000000000000000C0C0E0
:10406000000000000000000000030303030303033B
:10407000030303030303030000000000000000002B
:1040800003070E3870E0800000000001070E1C706E
:10409000E0C0000000000000000000C0C0C0C0C0C0
:1040A000C0C0C0C0C0C0C0C0C0C0C00000000303CA
:1040B000030303000000FFFF000000000000FFFFFB
:1040C000000000000000FFFF0303030003030000E3
:1040D0000000000000E0FE1F03000000000000C020
:1040E000F83F0700000000000080C0C00003030389
:1040F0000303000000000000FFFF000000000000BC
:10410000FFFF000000030303FFFF000000000000AA
:10411000000103030100000000000000031F7CE019
:104120008080E07C1F030000008080000000000011
:10413000000000808000000000000000000000007F
:10414000000000000000000000000000000000006F
:10415000000000000000000000000000000000005F
:10416000000000000000000000000000000000004F
:10417000000000000303030303030303030303031B
:10418000030303030002030301000000000000001A
:1041900080C040000000000000000000000000009F
:1041A000000000000000000000000000000000000F
:1041B0000000000000000000020E0C1C1818181867
:1041C000181C0F070000000F3F3160606060E1C104
:1041D000C3FFFF0000000080C0C0C0C0C0C080009E
:1041E00080C0400000000303000000000000000049
:1041F000000000000000FFFF060C18181818180C2B
:104200000F0701000000FFFF030100000000010193
:1042100007FEFC000000C0C00080C0C0C0C0C0805D
:10422000000000000000000000000000000000008E
:1042300000000001070E0C181818181C0E070300C8
:1042400000FCFF03010000000001030F0C00000050
:10425000008080C0C0C0C0C080000000000000001E
:104260000000000000000000030300000001070F31
:104270000C18181818180C06FFFF000000FCFE07A9
:104280000101000000000103FFFF000000000080AA
:1042900080C0C0C0C0C08000C0C0000000000000DE
:1042A00000000000000000000000000001070E0CEC
:1042B00018181818180C0E07010000FCFF67616140
:1042C000606060606161E3E2000000008080C0C067
:1042D000C0C0C0C080000000000001030303031839
:1042E00018FFFF1818180000FFFF0000000000C0B2
:1042F000C0000000000000000000000000000000FE
:10430000000000000001070F0C18181818180C0EF8
:104310001F1F000000FCFE07010000000000010359
:10432000FFFF000000181E8687C3C3C3C3C3868E69
:10433000FCF000000000030300000000000000008B
:10434000000000000000FFFF0E0C18181818180CD1
:104350000F0300000000FFFF00000000000000004D
:10436000FFFF00000000C0C00000000000000000CF
:10437000C0C0000000000303000000001F1F000079
:104380000000FFFF00000000C0C0000000000303A9
:10439000000000001F1F00000000FFFF00000303DB
:1043A000FEFC00000000030300000000000000000D
:1043B00000000000FFFF0000000103070E1C1810A2
:1043C0000000FFFF7060E0F0FC1E0F030000000023
:1043D000C0C000000000000080C0C0400000030317
:1043E00000000000FFFF00000000FFFF00000000D1
:1043F000C0C000000000000000000000000000003D
:1044000000000000000000000000000000001F1F6E
:10441000060C181818181C0F070E0C181818181C62
:104420000F0700000000FFFF00000000000000FF79
:10443000FF00000000000000FFFF00000000C0C0FF
:1044400000000000000000C0C000000000000000EC
:10445000C0C00000000000000000000000000000DC
:104460000000000000001F1F060C18181818180C78
:104470000F0700000000FFFF000000000000000028
:10448000FFFF00000000C0C00000000000000000AE
:10449000C0C000000000000000000000000000009C
:1044A0000000000001070F0C18181818180C0F074F
:1044B000010000FCFF070100000000000107FFFCF5
:1044C000000000008080C0C0C0C0C080800000002C
:1044D00000000000000000000000000000000000DC
:1044E00000001F1F060C18181818180C0F070100E1
:1044F0000000FFFF030100000000000107FEF800BC
:104500000000FFFF0080C0C0C0C0C08000000000ED
:10451000000000000000000000000000000000009B
:104520000001070F0C18181818180C061F1F0000A0
:1045300000FCFE070101000000000103FFFF000076
:104540000000000080C0C0C0C0C08000FFFF0000AD
:1045500000000000000000000000001F1F0E1818DF
:1045600018180000FFFF00000000000000C0C0009D
:10457000000000000000000000000000000000003B
:10458000000000070F0C18181818180C0E06000071
:104590000086C7E3E16070707030393F0E000000A4
:1045A0000080C0C0C0C0C0C0808000000000010307
:1045B000000000001818FFFF181818000000FFFF87
:1045C00000000000000080C0C0C0C000000000006B
:1045D00000000000000000000000000000001F1F9D
:1045E00000000000000000001F1F00000000FEFF90
:1045F0000100000000000103FFFF00000000008038
:1046000080C0C0C0C0C08000C0C00000000000006A
:10461000000000000000000000181F07010000005B
:10462000000001071F180000C0F87E0F010F3EF0C8
:10463000C00000000000000080C0800000000000FA
:10464000000000000000000000000000000000006A
:104650000000001C1F0300000000010F1C0F0100E0
:10466000000000031F1C0080F07C1F011FFCC00025
:10467000C0FC1F011FFCF080000000000080C08013
:10468000000000000080C08000000000000000006A
:1046900000000000000000000010181E07030000CA
:1046A0000003070E1C1000000307DEFC70F8DE0795
:1046B00003000040C0C000000000000000C0C04077
:1046C00000000000000000000000000000181F07AC
:1046D000000000000000010F1E100000E0FC1F039E
:1046E000030F7EF0800000000003038FFEF08000C7
:1046F00000000000000000000000000000000000BA
:1047000000000018181818181818191B1F1E180078
:104710000003070E1C3870E0C08000000000C0C01D
:10472000C0C0C0C0C0C0C0C0C0C0C0000000000049
:10473000000103030300000000FFFF8000000030C1
:104740003078CF8700000000000000FCFE03030368
:104750000000030300000000FFFF00000000FFFF57
:1047600000000000FFFF0000030303010000000041
:1047700000000000FFFF0000000000000087CF786D
:10478000303000030307FEFC0000000000000000C2
:104790000000000000000000000000000001010314
:1047A00003030301010100000001010000C08000BB
:1047B0000000008080C0C0C0C080800000000000F9
:1047C00000000000000000000000000008000000E1
:1047D0000000000008000000080000000A000000BF
:1047E00010000000100000001A000000100000007F
:1047F0002A000000190000003A0000001300000029
:1048000053000000050000006600000009000000E1
:104810006B00000009000000740000000B000000A5
:104820007D0000001000000088000000080000006B
:104830009800000009000000A0000000080000002F
:10484000A900000008000000B100000010000000F6
:10485000B900000010000000C900000010000000B6
:10486000D900000010000000E90000001000000066
:10487000F900000010000000090100001000000015
:1048800019010000100000002901000010000000C4
:10489000390100001000000049010000080000007C
:1048A0005901000008000000610100001000000034
:1048B00069010000100000007901000010000000F4
:1048C0008901000010000000990100001C00000098
:1048D000A901000013000000C50100001300000042
:1048E000D801000014000000EB01000014000000DB
:1048F000FF0100001300000013020000110000007F
:10490000260200001600000037020000140000001C
:104910004D02000008000000610200000E000000CF
:104920006902000013000000770200001000000080
:104930008A020000170000009A0200001400000024
:10494000B102000016000000C502000013000000C4
:10495000DB02000016000000EE0200001400000060
:104960000403000013000000180300001000000002
:104970002B030000140000003B03000013000000A4
:104980004F0300001C000000620300001300000041
:104990007E030000120000009103000011000000DF
:1049A000A303000008000000B4030000080000009A
:1049B000BC03000008000000C40300000E0000005B
:1049C000CC03000010000000DA0300000900000022
:1049D000EA0300000F000000F303000010000000D5
:1049E000020400000E00000012040000100000008D
:1049F000200400000F000000300400000700000049
:104A00003F040000100000004604000010000000F9
:104A100056040000060000006604000006000000C6
:104A20006C0400000E00000072040000060000008C
:104A30008004000018000000860400001000000040
:104A40009E0400000F000000AE04000010000000F3
:104A5000BD04000010000000CD04000009000000AB
:104A6000DD0400000E000000E60400000800000065
:104A7000F404000010000000FC0400000D00000021
:104A80000C05000013000000190500000D000000D7
:104A90002C0500000D000000390500000E0000008C
:104AA0004605000009000000540500000600000053
:104AB0005D05000009000000630500001000000013
:104AC0006C0500000C18000060F5000813280000B9
:104AD0008C0401080A1000006C2901081020000055
:104AE000DC3101080C18000060F5000823480000C4
:104AF0006C550008142800004CCD00082040000030
:104B000014540008FFFFFFFFFFFFFFFFFFFFFFFF41
:104B1000FFFFFFFFFFFFFFFFFFFFFFFFFFFFDBDBED
:104B2000B6B692929292B6B6DBDBFFFFFFFFFFFFB5
:104B3000FFFFFFFFFFFFFFFFFFFFFFFFFFFFFFFF85
:104B4000FFFFFFFFFFFFFFFFFFFFFFFFFFFFFFFF75
:104B5000FFFFFFFFFFFFFFFFFFFFDB92492424243D
:104B600000000000000000002424244992DBFFFF25
:104B7000FFFFFFFFFFFFFFFFFFFFFFFFFFFFFFFF45
:104B8000FFFFFFFFFFFFFFFFFFFFFFFFFFFFFFFF35
:104B9000FFFFFFFFFFFFFFDBB64900000000000042
:104BA000242424242424242400000000000049B6E6
:104BB000DBFFFFFFFFFFFFFFFFFFFFFFFFFFFFFF29
:104BC000FFFFFFFFFFFFFFFFFFFFFFFFFFFFFFFFF5
:104BD000FFFFFFFFFFDB6D2400000000244992B6B9
:104BE000DBDBDBDBDBDBDBDBB69249240000000038
:104BF000246DDBFFFFFFFFFFFFFFFFFFFFFFFFFF56
:104C0000FFFFFFFFFFFFFFFFFFFFFFFFFFFFFFFFB4
:104C1000FFFFFFDB6D240000002449B6FFFFFFFF0C
:104C2000FFFFFFFFFFFFFFFFFFFFFFFFB66D240049
:104C30000000246DDBFFFFFFFFFFFFFFFFFFFFFF13
:104C4000FFFFFFFFFFFFFFFFFFFFFFFFFFFFFFFF74
:104C5000FFFF922400000049B6FFFFFFFFFFFFFFA8
:104C6000FFFFFFFFFFFFFFFFFFFFFFFFFFFFFFB69D
:104C7000490000002492FFFFFFFFFFFFFFFFFFFF3F
:104C8000FFFFFFFFFFFFFFFFFFFFFFFFFFFFFFFF34
:104C9000DB4900000049B6FFFFFFFFFFFFFFFFFFFA
:104CA000FFFFFFFFFFFFFFFFFFFFFFFFFFFFFFFF14
:104CB000FFB64900000049DBFFFFFFFFFFFFFFFFDA
:104CC000FFFFFFFFFFFFFFFFFFFFFFFFFFFFFFB63D
:104CD0002400002492FFFFFFFFFFFFFFFFFFFFFF05
:104CE000FFFFFFFFFFFFFFFFFFFFFFFFFFFFFFFFD4
:104CF000FFFFFF9224000024B6FFFFFFFFFFFFFF2E
:104D0000FFFFFFFFFFFFFFFFFFFFFFFFFFFFB624D7
:104D1000000049DBFFFFFFFFFFFFFFFFFFFFFFFF7B
:104D2000FFFFFFFFFFFFFFFFFFFFFFFFFFFFFFFF93
:104D3000FFFFFFFFDB49000024B6FFFFFFFFFFFF7F
:104D4000FFFFFFFFFFFFFFFFFFFFFFFFFF922400BA
:104D50002492FFFFFFFFFFFFFFFFFFFFFFFFFFFFAB
:104D6000FFFFFFFFFFFFFFFFFFFFFFFFFFFFFFFF53
:104D7000FFFFFFFFFFFF9224002492FFFFFFFFFFD2
:104D8000FFFFFFFFFFFFFFFFFFFFFFFFB624002431
:104D900092FFFFFFFFFFFFFFFFFFFFFFFFFFFFFF90
:104DA000FFFFFFFFFFFFFFFFFFFFFFFFFFFFFFFF13
:104DB000FFFFFFFFFFFFFF92240024B6FFFFFFFF6E
:104DC000FFFFFFFFFFFFFFFFFFFFFFB6240024B63A
:104DD000FFFFFFFFFFFFFFFFFFFFFFFFFFFFFFFFE3
:104DE000FFFFFFFFFFFFFFFFFFFFFFFFFFFFFFFFD3
:104DF000FFFFFFFFFFFFFFFFB6240024B6FFFFFF0A
:104E0000FFFFFFFFFFFFFFFFFFFFDB24002492FFF8
:104E1000FFFFFFFFFFFFFFFFFFFFFFFFFFFFFFFFA2
:104E2000FFFFFFFFFFFFFFFFFFFFFFFFFFFFFFFF92
:104E3000FFFFFFFFFFFFFFFFFF92240024DBFFFFC8
:104E4000FFFFFFFFFFFFFFFFFFFF49000092FFFF93
:104E5000FFFFFFFFFFFFFFFFFFFFFFFFFFFFFFFF62
:104E6000FFFFFFFFFFFFFFFFFFFFFFFFFFFFFFFF52
:104E7000FFFFFFFFFFFFFFFFFFFF92000049FFFF63
:104E8000FFFFFFFFFFFFFFFFFF6D00006DFFFFFF54
:104E9000FFFFFFFFFFFFFFFFFFFFFFFFFFFFFFFF22
:104EA000FFFFFFFFFFFFFFFFFFFFFFFFFFFFFFFF12
:104EB000FFFFFFFFFFFFFFFFFFFFFF6D00006DFF24
:104EC000FFFFFFFFFFFFFFFFDB240024FFFFFFFFCB
:104ED000FFFFFFFFFFFFFFFFFFFFFFFFFFFFFFFFE2
:104EE000FFFFFFFFFFFFFFFFFFFFFFFFFFFFFFFFD2
:104EF000FFFFFFFFFFFFFFFFFFFFFFFF240024DB9B
:104F0000FFFFFFFFFFFFFFFF490024DBFFFFFFFF65
:104F1000FFFFFFFFFFFFFFFFFFFFFFFFFFFFFFFFA1
:104F2000FFFFFFFFFFFFFFFFFFFFFFFFFFFFFFFF91
:104F3000FFFFFFFFFFFFFFFFFFFFFFFFB62400495A
:104F4000FFFFFFFFFFFFFF9200006DFFFFFFFFFF6E
:104F5000FFFFFFFFFFFFFFFFFFFFFFFFFFFFFFFF61
:104F6000FFFFFFFFFFFFFFFFFFFFFFFFFFFFFFFF51
:104F7000FFFFFFFFFFFFFFFFFFFFFFFFFF6D0000D1
:104F800092FFFFFFFFFFFF490024DBFFFFFFFFFF52
:104F9000FFFFFFFFFFFFFFFFFFFFFFFFFFFFFFFF21
:104FA000FFFFFFFFFFFFFFFFFFFFFFFFFFFFFFFF11
:104FB000FFFFFFFFFFFFFFFFFFFFFFFFFFDB2400FF
:104FC00049FFFFFFFFFFB624006DFFFFFFFFFFFF5C
:104FD000FFFFFFFFFFFFFFFFFFFFFFFFFFFFFFFFE1
:104FE000FFFFFFFFFFFFFFFFFFFFFFFFFFFFFFFFD1
:104FF000FFFFFFFFFFFFFFFFFFFFFFFFFFFF6D0052
:1050000024B6FFFFFFFF490024DBFFFFFFFFFFFF88
:10501000FFFFFFFFFFFFFFFFFFFFFFFFFFFFFFFFA0
:10502000FFFFFFFFFFFFFFFFFFFFFFFFFFFFFFFF90
:10503000FFFFFFFFFFFFFFFFFFFFFFFFFFFFDB247F
:105040000049FFFFFFDB000049FFFFFFFFFFFFFFFD
:10505000FFFFFFFFFFFFFFFFFFFFFFFFFFFFFFFF60
:10506000FFFFFFFFFFFFFFFFFFFFFFFFFFFFFFFF50
:10507000FFFFFFFFFFFFFFFFFFFFFFFFFFFFFF49F6
:105080000000DBFFFF920000B6FFFFFFFFFFFFFF06
:10509000FFFFFFFFFFFFFFFFFFFFFFFFFFFFFFFF20
:1050A000FFFFFFFFFFFFFFFFFFFFFFFFFFFFFFFF10
:1050B000FFFFFFFFFFFFFFFFFFFFFFFFFFFFFFB649
:1050C000000092FFFF490024FFFFFFFFFFFFFFFFEB
:1050D000FFFFFFFFFFFFFFFFFFFFFFFFFFFFFFFFE0
:1050E000FFFFFFFFFFFFFFFFFFFFFFFFFFFFFFFFD0
:1050F000FFFFFFFFFFFFFFFFFFFFFFFFFFFFFFFFC0
:10510000240049FFFF24006DFFFFFFFFFFFFFFFFAB
:10511000FFFFFFFFFFFFFFFFFFFFFFFFFFFFFFFF9F
:10512000FFFFFFFFFFFFFFFFFFFFFFFFFFFFFFFF8F
:10513000FFFFFFFFFFFFFFFFFFFFFFFFFFFFFFFF7F
:105140006D0024FFDB2400B6FFFFFFFFFFFFFFFF22
:10515000FFFFFFFFFFFFFFFFFFFFFFFFFFFFFFFF5F
:10516000FFFFFFFFFFFFFFFFFFFFFFFFFFFFFFFF4F
:10517000FFFFFFFFFFFFFFFFFFFFFFFFFFFFFFFF3F
:10518000B60024DB920024DBFFFFFFFFFFFFFFFFE1
:10519000FFFFDBFFFFFFFFFFFFFFFFFFFFFFFFFF43
:1051A000FFFFFFFFFFFFFFFFFFFFFFFFFFFFFFFF0F
:1051B000FFFFFFFFFFFFFFFFFFFFFFFFFFFFFFFFFF
:1051C000DB2400B66D0024DBFFFFFFFFFFFFFFFFC6
:1051D000FF92246DFFFFFFFFFFFFFFFFFFFFFFFFB9
:1051E000FFFFFFFFFFFFDB4949DBFFFFFFFFFFFF83
:1051F000FFFFFFFFFFFFFFFFFFFFFFFFFFFFFFFFBF
:10520000DB24006D490024FFFFFFFFFFFFFFFFFFCE
:10521000FF490000FFFFFFFFFFFFFFFFFFFFFFFF52
:10522000FFFFFFFFFFFFDB0000DBFFFFFFFFFFFFD4
:10523000B649002492FFFFFFFFFFFFFFFFFFFFFFC4
:10524000FF240049240049FFFFFFFFFFFFFFFFFF8E
:10525000FF490000FFFFFFFFFFFFFFFFFFFFFFFF12
:10526000FFFFFFFFFFFFDB0000DBFFFFFFFFFF9201
:10527000240000000049FFFFFFFFFFFFFFFFFFFFCB
:10528000FF490024240049FFFFFFFFFFFFFFFFFF4E
:10529000FF490000DBDBDBDBDBDBDBDBDBDBDBDB82
:1052A000DBDBDBDBDBDB920000DBFFFFFFFFFF2450
:1052B000002449240000B6FFFFFFFFFFFFFFFFFFB0
:1052C000FF490024000049FFFFFFFFFFFFFFFFFF32
:1052D000FF49000000000000000000000000000086
:1052E000000000000000000000DBFFFFFFFFDB24E8
:1052F0000092FFDB00006DFFFFFFFFFFFFFFFFFFDE
:10530000FF490024000049FFFFFFFFFFFFFFFFFFF1
:10531000FF49000000000000000000000000000045
:10532000000000000000000024DBFFFFFFFFDB2483
:105330000092FFDB00006DFFFFFFFFFFFFFFFFFF9D
:10534000FF490000240049FFFFFFFFFFFFFFFFFFB1
:10535000FF490000DBDBDBDBDBDBDBDBDBDBDBDBC1
:10536000DBDBDBDBDBDBDBB6B6FFFFFFFFFFFF24B6
:10537000002449240000B6FFFFFFFFFFFFFFFFFFEF
:10538000FF490024240049FFFFFFFFFFFFFFFFFF4D
:10539000FF490000FFFFFFFFFFFFFFFFFFFFFFFFD1
:1053A000FFFFFFFFFFFFFFFFFFFFFFFFFFFFFF927A
:1053B00024000000006DFFFFFFFFFFFFFFFFFFFF66
:1053C000FF490024490049FFFFFFFFFFFFFFFFFFE8
:1053D000FF490000FFFFFFFFFFFFFFFFFFFFFFFF91
:1053E000FFFFFFFFFFFFFFFFFFFFFFFFFFFFFFFFCD
:1053F000DB6D2449B6FFFFFFFFFFFFFFFFFFFFFF4D
:10540000FF4900496D0024FFFFFFFFFFFFFFFFFF83
:10541000FF6D0024FFFFFFFFFFFFFFFFFFFFFFFF08
:10542000FFFFFFFFFFFFFFFFFFFFFFFFFFFFFFFF8C
:10543000FFFFFFFFFFFFFFFFFFFFFFFFFFFFFFFF7C
:10544000FF24006D920024DBFFFFFFFFFFFFFFFF43
:10545000FFFFB6DBFFFFFFFFFFFFFFFFFFFFFFFFC9
:10546000FFFFFFFFFFFFFFFFFFFFFFFFFFFFFFFF4C
:10547000FFFFFFFFFFFFFFFFFFFFFFFFFFFFFFFF3C
:10548000DB240092B60000B6FFFFFFFFFFFFFFFF27
:10549000FFFFFFFFFFFFFFFFFFFFFFFFFFFFFFFF1C
:1054A000FFFFFFFFFFFFFFFFFFFFFFFFFFFFFFFF0C
:1054B000FFFFFFFFFFFFFFFFFFFFFFFFFFFFFFFFFC
:1054C000B60000B6DB240092FFFFFFFFFFFFFFFFE7
:1054D000FFFFFFFFFFFFFFFFFFFFFFFFFFFFFFFFDC
:1054E000FFFFFFFFFFFFFFFFFFFFFFFFFFFFFFFFCC
:1054F000FFFFFFFFFFFFFFFFFFFFFFFFFFFFFFFFBC
:10550000920024DBFF490024FFFFFFFFFFFFFFFFA6
:10551000FFFFFFFFFFFFFFFFFFFFFFFFFFFFFFFF9B
:10552000FFFFFFFFFFFFFFFFFFFFFFFFFFFFFFFF8B
:10553000FFFFFFFFFFFFFFFFFFFFFFFFFFFFFFFF7B
:10554000240049FFFF6D0000DBFFFFFFFFFFFFFFAF
:10555000FFFFFFFFFFFFFFFFFFFFFFFFFFFFFFFF5B
:10556000FFFFFFFFFFFFFFFFFFFFFFFFFFFFFFFF4B
:10557000FFFFFFFFFFFFFFFFFFFFFFFFFFFFFFDB5F
:1055800000006DFFFFB600006DFFFFFFFFFFFFFF94
:10559000FFFFFFFFFFFFFFFFFFFFFFFFFFFFFFFF1B
:1055A000FFFFFFFFFFFFFFFFFFFFFFFFFFFFFFFF0B
:1055B000FFFFFFFFFFFFFFFFFFFFFFFFFFFFFF6D8D
:1055C0000000B6FFFFFF240024FFFFFFFFFFFFFFE7
:1055D000FFFFFFFFFFFFFFFFFFFFFFFFFFFFFFFFDB
:1055E000FFFFFFFFFFFFFFFFFFFFFFFFFFFFFFFFCB
:1055F000FFFFFFFFFFFFFFFFFFFFFFFFFFFFFF2496
:105600000024FFFFFFFF920000B6FFFFFFFFFFFF38
:10561000FFFFFFFFFFFFFFFFFFFFFFFFFFFFFFFF9A
:10562000FFFFFFFFFFFFFFFFFFFFFFFFFFFFFFFF8A
:10563000FFFFFFFFFFFFFFFFFFFFFFFFFFFFB600C2
:105640000092FFFFFFFFDB240024FFFFFFFFFFFFAF
:10565000FFFFFFFFFFFFFFFFFFFFFFFFFFFFFFFF5A
:10566000FFFFFFFFFFFFFFFFFFFFFFFFFFFFFFFF4A
:10567000FFFFFFFFFFFFFFFFFFFFFFFFFFFF240014
:1056800024DBFFFFFFFFFF6D000092FFFFFFFFFF26
:10569000FFFFFFFFFFFFFFFFFFFFFFFFFFFFFFFF1A
:1056A000FFFFFFFFFFFFFFFFFFFFFFFFFFFFFFFF0A
:1056B000FFFFFFFFFFFFFFFFFFFFFFFFFF92000065
:1056C0006DFFFFFFFFFFFFFF240024DBFFFFFFFF55
:1056D000FFFFFFFFFFFFFFFFFFFFFFFFFFFFFFFFDA
:1056E000FFFFFFFFFFFFFFFFFFFFFFFFFFFFFFFFCA
:1056F000FFFFFFFFFFFFFFFFFFFFFFFFDB24002493
:10570000FFFFFFFFFFFFFFFF9200006DFFFFFFFFA6
:10571000FFFFFFFFFFFFFFFFFFFFFFFFFFFFFFFF99
:10572000FFFFFFFFFFFFFFFFFFFFFFFFFFFFFFFF89
:10573000FFFFFFFFFFFFFFFFFFFFFFFF6D00009276
:10574000FFFFFFFFFFFFFFFFFF49000092FFFFFF8A
:10575000FFFFFFFFFFFFFFFFFFFFFFFFFFFFFFFF59
:10576000FFFFFFFFFFFFFFFFFFFFFFFFFFFFFFFF49
:10577000FFFFFFFFFFFFFFFFFFFFFF92000049FF5A
:10578000FFFFFFFFFFFFFFFFFFDB240024DBFFFF26
:10579000FFFFFFFFFFFFFFFFFFFFFFFFFFFFFFFF19
:1057A000FFFFFFFFFFFFFFFFFFFFFFFFFFFFFFFF09
:1057B000FFFFFFFFFFFFFFFFFFFFDB240024DBFFF6
:1057C000FFFFFFFFFFFFFFFFFFFFB6240024DBFF0B
:1057D000FFFFFFFFFFFFFFFFFFFFFFFFFFFFFFFFD9
:1057E000FFFFFFFFFFFFFFFFFFFFFFFFFFFFFFFFC9
:1057F000FFFFFFFFFFFFFFFFFFDB240024B6FFFFDB
:10580000FFFFFFFFFFFFFFFFFFFFFF6D000049DB12
:10581000FFFFFFFFFFFFFFFFFFFFFFFFFFFFFFFF98
:10582000FFFFFFFFFFFFFFFFFFFFFFFFFFFFFFFF88
:10583000FFFFFFFFFFFFFFFFDB4900006DFFFFFFE2
:10584000FFFFFFFFFFFFFFFFFFFFFFFF6D000049AE
:10585000DBFFFFFFFFFFFFFFFFFFFFFFFFFFFFFF7C
:10586000FFFFFFFFFFFFFFFFFFFFFFFFFFFFFFFF48
:10587000FFFFFFFFFFFFFFDB4900006DFFFFFFFFA2
:10588000FFFFFFFFFFFFFFFFFFFFFFFFFF490000DC
:1058900024DBFFFFFFFFFFFFFFFFFFFFFFFFFFFF17
:1058A000FFFFFFFFFFFFFFFFFFFFFFFFFFFFFFFF08
:1058B000FFFFFFFFFFFFDB24000049FFFFFFFFFFAB
:1058C000FFFFFFFFFFFFFFFFFFFFFFFFFFFF6D0079
:1058D000002492FFFFFFFFFFFFFFFFFFFFFFFFFF1F
:1058E000FFFFFFFFFFFFFFFFFFFFFFFFFFFFFFFFC8
:1058F000FFFFFFFFFF922400006DFFFFFFFFFFFF90
:10590000FFFFFFFFFFFFFFFFFFFFFFFFFFFFFF6D39
:105910002400006DDBFFFFFFFFFFFFFFFFFFFFFF26
:10592000FFFFFFFFFFFFFFFFFFFFFFFFFFFFFFFF87
:10593000FFFFFFDB6D0000246DFFFFFFFFFFFFFF98
:10594000FFFFFFFFFFFFFFFFFFFFFFFFFFFFFFFF67
:10595000B62400002492FFFFFFFFFFFFFFFFFFFFC1
:10596000FFFFFFFFFFFFFFFFFFFFFFFFFFFFFFFF47
:10597000FFFF9224000024B6FFFFFFFFFFFFFFFFA1
:10598000FFFFFFFFFFFFFFFFFFFFFFFFFFFFFFFF27
:10599000FFDB4924000024B6FFFFFFFFFFFFFFFFEE
:1059A000FFFFFFFFFFFFFFFFFFFFFFFFFFFFFFFF07
:1059B000B62400000049DBFFFFFFFFFFFFFFFFFFF2
:1059C000FFFFFFFFFFFFFFFFFFFFFFFFFFFFFFFFE7
:1059D000FFFFFFB624000000246DDBFFFFFFFFFF89
:1059E000FFFFFFFFFFFFFFFFFFFFFFFFFFDB6D2458
:1059F00000000024B6FFFFFFFFFFFFFFFFFFFFFFD8
:105A0000FFFFFFFFFFFFFFFFFFFFFFFFFFFFFFFFA6
:105A1000FFFFFFFFFF6D2400000000246DB6DBFFD9
:105A2000FFFFFFFFFFFFFFFFFFDBB66D240000005D
:105A300000246DFFFFFFFFFFFFFFFFFFFFFFFFFFE2
:105A4000FFFFFFFFFFFFFFFFFFFFFFFFFFFFFFFF66
:105A5000FFFFFFFFFFFFDB92240000000000242473
:105A60004949494949494949242400000000002482
:105A700092DBFFFFFFFFFFFFFFFFFFFFFFFFFFFFC7
:105A8000FFFFFFFFFFFFFFFFFFFFFFFFFFFFFFFF26
:105A9000FFFFFFFFFFFFFFFFFFDB6D49240000005A
:105AA000000000000000000000000024496DDBFF42
:105AB000FFFFFFFFFFFFFFFFFFFFFFFFFFFFFFFFF6
:105AC000FFFFFFFFFFFFFFFFFFFFFFFFFFFFFFFFE6
:105AD000FFFFFFFFFFFFFFFFFFFFFFFFDBDB926D1D
:105AE00049242400002424496D92DBDBFFFFFFFFE3
:105AF000FFFFFFFFFFFFFFFFFFFFFFFFFFFFFFFFB6
:105B0000FFFFFFFFFFFFFFFFFFFFFFFFB692242411
:105B10000000000000000000000000000000000085
:105B20000000000000000000000000000000002451
:105B3000DBFFFFFFFFFFFFFFFFFFFFFFFFFFFFFF99
:105B4000FFFFFFFFFFFFFFFFFFFF926D2424000018
:105B50000000000000000000000000000000000045
:105B60000000000000000000000000000000000035
:105B70006DDBFFFFFFFFFFFFFFFFFFFFFFFFFFFFEB
:105B8000FFFFFFFFFFFFFFFFB6490000000049498C
:105B90004949494949494949494949494949494975
:105BA000494949494949494949494949494949248A
:105BB0000092FFFFFFFFFFFFFFFFFFFFFFFFFFFF61
:105BC000FFFFFFFFFFFFFFDB492400009292DBDBBA
:105BD000DBDBDBDBDBDBDBDBDBDBDBDBDBDBDBDB15
:105BE000DBDBDBDBDBDBDBDBDBDBDBDBDBDBB649BC
:105BF0000092FFFFFFFFFFFFFFFFFFFFFFFFFFFF21
:105C0000FFFFFFFFFFFFB649000092FFFFFFFFFF0E
:105C1000FFFFFFFFFFFFFFFFFFFFFFFFFFFFFFFF94
:105C2000FFFFFFFFFFFFFFFFFFFFFFFFFFFFDB495E
:105C30000092FFFFFFFFFFFFFFFFFFFFFFFFFFFFE0
:105C4000FFFFFFFFFFFF49240049FFFFFFFFFFFFAA
:105C5000FFFFFFFFFFFFFFFFFFFFFFFFFFFFFFFF54
:105C6000FFFFFFFFFFFFFFFFFFFFFFFFFFFFDB491E
:105C70000092FFFFFFFFFFFFFFFFFFFFFFFFFFFFA0
:105C8000FFFFFFFFFF92000092FFFFFFFFFFFFFFFC
:105C9000FFFFFFFFFFFFFFFFFFFFFFFFFFFFFFFF14
:105CA000FFFFFFFFFFFFFFFFFFFFFFFFFFFFDB49DE
:105CB0000092FFFFFFFFFFFFFFFFFFFFFFFFFFFF60
:105CC000FFFFFFFFFF6D0000FFFFFFFFFFFFFFFF74
:105CD000FFFFFFFFFFFFFFFFFFFFFFFFFFFFFFFFD4
:105CE000FFFFFFFFFFFFFFFFFFFFFFFFFFFFDB499E
:105CF0000092FFFFFFFFFFFFFFFFFFFFFFFFFFFF20
:105D0000FFFFFFFFB6240092FFFFFFFFFFFFFFFF33
:105D1000FFFFFFFFFFFFFFFFFFFFFFFFFFFFFFFF93
:105D2000FFFFFFFFFFFFFFFFFFFFFFFFFFFFDB495D
:105D30000092FFFFFFFFFFFFFFFFFFFFFFFFFFFFDF
:105D4000FFFFFFFF92240092FFFFFFFFFFFFFFFF17
:105D5000FFFFFFFFFFFFFFFFFFFFFFFFFFFFFFFF53
:105D6000FFFFFFFFFFFFFFFFFFFFFFFFFFFFDB491D
:105D70000092FFFFFFFFFFFFFFFFFFFFFFFFFFFF9F
:105D8000FFFFFFFF240049DBFFFFFFFFFFFFFFFFD7
:105D9000FFFFFFFFFFFFFFFFFFFFFFFFFFFFFFFF13
:105DA000FFFFFFFFFFFFFFFFFFFFFFFFFFFFDB49DD
:105DB0000092FFFFFFFFFFFFDBDBDBDBDBDBDBDB7F
:105DC000DBDBDBFF240049DBFFFFFFFFFFFFFFFF03
:105DD000FFFFFFFFFFFFFFFFFFFFFFFFFFFFFFFFD3
:105DE000FFFFFFFFFFFFFFFFFFFFFFFFFFFFDB499D
:105DF0000092FFFFFFFFFF9249494949494949493C
:105E00004949496D000049DBFFFFFFFFFFFFFFFF2E
:105E1000FFFFFFFFFFFFFFFFFFFFFFFFFFFFFFFF92
:105E2000FFFFFFFFFFFFFFFFFFFFFFFFFFFFDB495C
:105E30000092FFFFFFFFDB490000000000000000B0
:105E400000000024000049DBFFFFFFFFFFFFFFFF12
:105E5000FFFFFFFFFFFFFFFFFFFFFFFFFFFFFFFF52
:105E6000FFFFFFFFFFFFFFFFFFFFFFFFFFFFDB491C
:105E70000092FFFFFFFFFFB692929292929292924F
:105E8000929292B6000049DBFFFFFFFFFFFFFFFF8A
:105E9000FFFFFFFFFFFFFFFFFFFFFFFFFFFFFFFF12
:105EA000FFFFFFFFFFFFFFFFFFFFFFFFFFFFDB49DC
:105EB0000092FFFFFFFFFFFFFFFFFFFFFFFFFFFF5E
:105EC000FFFFFFFF000049DBFFFFFFFFFFFFFFFFBA
:105ED000FFFFFFFFFFFFFFFFFFFFFFFFFFFFFFFFD2
:105EE000FFFFFFFFFFFFFFFFFFFFFFFFFFFFDB499C
:105EF0000092FFFFFFFFFFFFFFFFFFFFFFFFFFFF1E
:105F0000FFFFFFFF000049DBFFFFFFFFFFFFFFFF79
:105F1000FFFFFFFFFFFFFFFFFFFFFFFFFFFFFFFF91
:105F2000FFFFFFFFFFFFFFFFFFFFFFFFFFFFDB495B
:105F30000092FFFFFFFFFFFFFFFFFFFFFFFFFFFFDD
:105F4000FFFFFFFF000049DBFFFFFFFFFFFFFFFF39
:105F5000FFFFFFFFFFFFFFFFFFFFFFFFFFFFFFFF51
:105F6000FFFFFFFFFFFFFFFFFFFFFFFFFFFFDB491B
:105F70000092FFFFFFFFFFFFFFFFFFFFFFFFFFFF9D
:105F8000FFFFFFFF000049DBFFFFFFFFFFFFFFFFF9
:105F9000FFFFFFFFFFFFFFFFFFFFFFFFFFFFFFFF11
:105FA000FFFFFFFFFFFFFFFFFFFFFFFFFFFFDB49DB
:105FB0000092FFFFFFFFFFFFFFFFFFFFFFFFFFFF5D
:105FC000FFFFFFFF000049DBFFFFFFFFFFFFFFFFB9
:105FD000FFFFFFFFFFFFFFFFFFFFFFFFFFFFFFFFD1
:105FE000FFFFFFFFFFFFFFFFFFFFFFFFFFFFDB499B
:105FF0000092FFFFFFFFFFFFFFFFFFFFFFFFFFFF1D
:10600000FFFFFFFF000049DBFFFFFFFFFFFFFFFF78
:10601000FFFFFFFFFFFFFFFFFFFFFFFFFFFFFFFF90
:10602000FFFFFFFFFFFFFFFFFFFFFFFFFFFFDB495A
:106030000092FFFFFFFFFFFFFFFFFFFFFFFFFFFFDC
:10604000FFFFFFFF000049DBFFFFFFFFFFFFFFFF38
:10605000FFFFFFFFFFFFFFFFFFFFFFFFFFFFFFFF50
:10606000FFFFFFFFFFFFFFFFFFFFFFFFFFFFDB491A
:106070000092FFFFFFFFFFFFFFFFFFFFFFFFFFFF9C
:10608000FFFFFFFF000049DBFFFFFFFFFFFFFFFFF8
:10609000FFFFFFFFFFFFFFFFFFFFFFFFFFFFFFFF10
:1060A000FFFFFFFFFFFFFFFFFFFFFFFFFFFFDB49DA
:1060B0000092FFFFFFFFFFFFDBDBDBDBDBDBDBDB7C
:1060C000DBDBDBFF000049DBFFFFFFFFFFFFFFFF24
:1060D000FFFFFFFFFFFFFFFFFFFFFFFFFFFFFFFFD0
:1060E000FFFFFFFFFFFFFFFFFFFFFFFFFFFFDB499A
:1060F0000092FFFFFFFFFF92494949494949494939
:106100004949496D000049DBFFFFFFFFFFFFFFFF2B
:10611000FFFFFFFFFFFFFFFFFFFFFFFFFFFFFFFF8F
:10612000FFFFFFFFFFFFFFFFFFFFFFFFFFFFDB4959
:106130000092FFFFFFFFDB490000000000000000AD
:1061400000000024000049DBFFFFFFFFFFFFFFFF0F
:10615000FFFFFFFFFFFFFFFFFFFFFFFFFFFFFFFF4F
:10616000FFFFFFFFFFFFFFFFFFFFFFFFFFFFDB4919
:106170000092FFFFFFFFFFB692929292929292924C
:10618000929292B6000049DBFFFFFFFFFFFFFFFF87
:10619000FFFFFFFFFFFFFFFFFFFFFFFFFFFFFFFF0F
:1061A000FFFFFFFFFFFFFFFFFFFFFFFFFFFFDB49D9
:1061B0000092FFFFFFFFFFFFFFFFFFFFFFFFFFFF5B
:1061C000FFFFFFFF000049DBFFFFFFFFFFFFFFFFB7
:1061D000FFFFFFFFFFFFFFFFFFFFFFFFFFFFFFFFCF
:1061E000FFFFFFFFFFFFFFFFFFFFFFFFFFFFDB4999
:1061F0000092FFFFFFFFFFFFFFFFFFFFFFFFFFFF1B
:10620000FFFFFFFF000049DBFFFFFFFFFFFFFFFF76
:10621000FFFFFFFFFFFFFFFFFFFFFFFFFFFFFFFF8E
:10622000FFFFFFFFFFFFFFFFFFFFFFFFFFFFDB4958
:106230000092FFFFFFFFFFFFFFFFFFFFFFFFFFFFDA
:10624000FFFFFFFF000049DBFFFFFFFFFFFFFFFF36
:10625000FFFFFFFFFFFFFFFFFFFFFFFFFFFFFFFF4E
:10626000FFFFFFFFFFFFFFFFFFFFFFFFFFFFDB4918
:106270000092FFFFFFFFFFFFFFFFFFFFFFFFFFFF9A
:10628000FFFFFFFF000049DBFFFFFFFFFFFFFFFFF6
:10629000FFFFFFFFFFFFFFFFFFFFFFFFFFFFFFFF0E
:1062A000FFFFFFFFFFFFFFFFFFFFFFFFFFFFDB49D8
:1062B0000092FFFFFFFFFFFFFFFFFFFFFFFFFFFF5A
:1062C000FFFFFFFF000049DBFFFFFFFFFFFFFFFFB6
:1062D000FFFFFFFFFFFFFFFFFFFFFFFFFFFFFFFFCE
:1062E000FFFFFFFFFFFFFFFFFFFFFFFFFFFFDB4998
:1062F0000092FFFFFFFFFFFFFFFFFFFFFFFFFFFF1A
:10630000FFFFFFFF000049DBFFFFFFFFFFFFFFFF75
:10631000FFFFFFFFFFFFFFFFFFFFFFFFFFFFFFFF8D
:10632000FFFFFFFFFFFFFFFFFFFFFFFFFFFFDB4957
:106330000092FFFFFFFFFFFFFFFFFFFFFFFFFFFFD9
:10634000FFFFFFFF000049DBFFFFFFFFFFFFFFFF35
:10635000FFFFFFFFFFFFFFFFFFFFFFFFFFFFFFFF4D
:10636000FFFFFFFFFFFFFFFFFFFFFFFFFFFFDB4917
:106370000092FFFFFFFFFFFFFFFFFFFFFFFFFFFF99
:10638000FFFFFFFF000049DBFFFFFFFFFFFFFFFFF5
:10639000FFFFFFFFFFFFFFFFFFFFFFFFFFFFFFFF0D
:1063A000FFFFFFFFFFFFFFFFFFFFFFFFFFFFDB49D7
:1063B0000092FFFFFFFFFFFFDBDBDBDBDBDBDBDB79
:1063C000DBDBDBFF000049DBFFFFFFFFFFFFFFFF21
:1063D000FFFFFFFFFFFFFFFFFFFFFFFFFFFFFFFFCD
:1063E000FFFFFFFFFFFFFFFFFFFFFFFFFFFFDB4997
:1063F0000092FFFFFFFFFF92494949494949494936
:106400004949496D000049DBFFFFFFFFFFFFFFFF28
:10641000FFFFFFFFFFFFFFFFFFFFFFFFFFFFFFFF8C
:10642000FFFFFFFFFFFFFFFFFFFFFFFFFFFFDB4956
:106430000092FFFFFFFFDB490000000000000000AA
:1064400000000024240049DBFFFFFFFFFFFFFFFFE8
:10645000FFFFFFFFFFFFFFFFFFFFFFFFFFFFFFFF4C
:10646000FFFFFFFFFFFFFFFFFFFFFFFFFFFFDB4916
:106470000092FFFFFFFFFFB6929292929292929249
:10648000929292B66D2424B6FFFFFFFFFFFFFFFF3D
:10649000FFFFFFFFFFFFFFFFFFFFFFFFFFFFFFFF0C
:1064A000FFFFFFFFFFFFFFFFFFFFFFFFFFFFDB49D6
:1064B0000092FFFFFFFFFFFFFFFFFFFFFFFFFFFF58
:1064C000FFFFFFFF92240092FFFFFFFFFFFFFFFF90
:1064D000FFFFFFFFFFFFFFFFFFFFFFFFFFFFFFFFCC
:1064E000FFFFFFFFFFFFFFFFFFFFFFFFFFFFDB4996
:1064F0000092FFFFFFFFFFFFFFFFFFFFFFFFFFFF18
:10650000FFFFFFFFFF6D0024FFFFFFFFFFFFFFFF07
:10651000FFFFFFFFFFFFFFFFFFFFFFFFFFFFFFFF8B
:10652000FFFFFFFFFFFFFFFFFFFFFFFFFFFFDB4955
:106530000092FFFFFFFFFFFFFFFFFFFFFFFFFFFFD7
:10654000FFFFFFFFFF6D0000B6FFFFFFFFFFFFFF34
:10655000FFFFFFFFFFFFFFFFFFFFFFFFFFFFFFFF4B
:10656000FFFFFFFFFFFFFFFFFFFFFFFFFFFFDB4915
:106570000092FFFFFFFFFFFFFFFFFFFFFFFFFFFF97
:10658000FFFFFFFFFFFF0000006DFFFFFFFFFFFFAA
:10659000FFFFFFFFFFFFFFFFFFFFFFFFFFFFFFFF0B
:1065A000FFFFFFFFFFFFFFFFFFFFFFFFFFFFDB49D5
:1065B0000092FFFFFFFFFFFFFFFFFFFFFFFFFFFF57
:1065C000FFFFFFFFFFFF6D240024B6FFFFFFFFFF6B
:1065D000FFFFFFFFFFFFFFFFFFFFFFFFFFFFFFFFCB
:1065E000FFFFFFFFFFFFFFFFFFFFFFFFFFFFDB4995
:1065F0000092FFFFFFFFFFFFFFFFFFFFFFFFFFFF17
:10660000FFFFFFFFFFFFFFDB00000000DBDBFFFF02
:10661000FFFFFFFFFFFFFFFFFFFFFFFFFFFFFFFF8A
:10662000FFFFFFFFFFFFFFFFFFFFFFFFFFFFDB4954
:106630000092FFFFFFFFFFFFFFFFFFFFFFFFFFFFD6
:10664000FFFFFFFFFFFFFFFF6D240000494992920B
:10665000929292929292929292929292929292921A
:1066600092929292929292929292929292926D249D
:106670000092FFFFFFFFFFFFFFFFFFFFFFFFFFFF96
:10668000FFFFFFFFFFFFFFFFFFFF492400000000A7
:1066900000000000000000000000000000000000FA
:1066A00000000000000000000000000000000000EA
:1066B00024B6FFFFFFFFFFFFFFFFFFFFFFFFFFFF0E
:1066C000FFFFFFFFFFFFFFFFFFFFDBB66D4900008D
:1066D00000000000000000000000000000000000BA
:1066E00000000000000000000000000000000000AA
:1066F00092DBFFFFFFFFFFFFFFFFFFFFFFFFFFFF3B
:10670000FFFFFFFFFFFFFFFFFFFFFFFFFFFFFFFF99
:10671000000049FFFFFFFFFFFFFFFFFFFFFFFFFF3D
:10672000FFFFFFFFFF920000FFFFFFFFFFFFFFFFE4
:10673000FFFFFFFFFFFFFFFFFFFFFFFFFFFFFFFF69
:10674000FFFFFFFFFFFFFFFFFFFFFFFFFFFFFFFF59
:10675000000049DBFFFFFFFFFFFFFFFFFFFFFFFF21
:10676000FFFFFFFFFF920000FFFFFFFFFFFFFFFFA4
:10677000FFFFFFFFFFFFFFFFFFFFFFFFFFFFFFFF29
:10678000FFFFFFFFFFFFFFFFFFFFFFFFFFFFFFFF19
:10679000000049DBFFFFFFFFFFFFFFFFFFFFFFFFE1
:1067A000FFFFFFFFFF920000FFFFFFFFFFFFFFFF64
:1067B000FFFFFFFFFFFFFFFFFFFFFFFFFFFFFFFFE9
:1067C000FFFFFFFFFFFFFFFFFFFFFFFFFFFFFFFFD9
:1067D000000049DBFFFFFFFFFFFFFFFFFFFFFFFFA1
:1067E000FFFFFFFFFF920000FFFFFFFFFFFFFFFF24
:1067F000FFFFFFFFFFFFFFFFFFFFFFFFFFFFFFFFA9
:10680000FFFFFFFFFFFFFFFFFFFFFFFFFFFFFFFF98
:10681000000049DBFFFFFFFFFFFFFFFFFFFFFFFF60
:10682000FFFFFFFFFF920000FFFFFFFFFFFFFFFFE3
:10683000FFFFFFFFFFFFFFFFFFFFFFFFFFFFFFFF68
:10684000FFFFFFFFFFFFFFFFFFFFFFFFFFFFFFFF58
:10685000000049DBFFFFFFFFFFFFFFFFFFFFFFFF20
:10686000FFFFFFFFFF920000FFFFFFFFFFFFFFFFA3
:10687000FFFFFFFFFFFFFFFFFFFFFFFFFFFFFFFF28
:10688000FFFFFFFFFFFFFFFFFFFFFFFFFFFFFFFF18
:10689000492424B6FFFFFFFFFFFFFFFFFFFFFFFFBD
:1068A000FFFFFFFFFF6D0024FFFFFFFFFFFFFFFF64
:1068B000FFFFFFFFFFFFFFFFFFFFFFFFFFFFFFFFE8
:1068C000FFFFFFFFFFFFFFFFFFFFFFFFFFFFFFFFD8
:1068D00092240092FFFFFFFFFFFFFFFFFFFFFFFF7C
:1068E000FFFFFFFFDB490049FFFFFFFFFFFFFFFF47
:1068F000FFFFFFFFFFFFFFFFFFFFFFFFFFFFFFFFA8
:10690000FFFFFFFFFFFFFFFFFFFFFFFFFFFFFFFF97
:10691000FF6D0024FFFFFFFFFFFFFFFFFFFFFFFFF3
:10692000FFFFFFFF242400B6FFFFFFFFFFFFFFFF75
:10693000FFFFFFFFFFFFFFFFFFFFFFFFFFFFFFFF67
:10694000FFFFFFFFFFFFFFFFFFFFFFFFFFFFFFFF57
:10695000FF6D0000B6FFFFFFFFFFFFFFFFFFFFFF20
:10696000FFFFFFDB000024B6FFFFFFFFFFFFFFFF7D
:10697000FFFFFFFFFFFFFFFFFFFFFFFFFFFFFFFF27
:10698000FFFFFFFFFFFFFFFFFFFFFFFFFFFFFFFF17
:10699000FFFF0000006DFFFFFFFFFFFFFFFFFFFF96
:1069A000FFFFB6490000FFFFFFFFFFFFFFFFFFFFF4
:1069B000FFFFFFFFFFFFFFFFFFFFFFFFFFFFFFFFE7
:1069C000FFFFFFFFFFFFFFFFFFFFFFFFFFFFFFFFD7
:1069D000FFFF6D240024B6FFFFFFFFFFFFFFFFFF57
:1069E000FFDB49240049FFFFFFFFFFFFFFFFFFFF21
:1069F000FFFFFFFFFFFFFFFFFFFFFFFFFFFFFFFFA7
:106A0000FFFFFFFFFFFFFFFFFFFFFFFFFFFFFFFF96
:106A1000FFFFFFDB00000000DBDBFFFFFFFFFFDB12
:106A20002400000092FFFFFFFFFFFFFFFFFFFFFFBB
:106A3000FFFFFFFFFFFFFFFFFFFFFFFFFFFFFFFF66
:106A4000FFFFFFFFFFFFFFFFFFFFFFFFFFFFFFFF56
:106A5000FFFFFFFF6D2400004949929292926D4919
:106A600024000049FFFFFFFFFFFFFFFFFFFFFFFFC5
:106A7000FFFFFFFFFFFFFFFFFFFFFFFFFFFFFFFF26
:106A8000FFFFFFFFFFFFFFFFFFFFFFFFFFFFFFFF16
:106A9000FFFFFFFFFFFF492400000000000000008F
:106AA0000024FFFFFFFFFFFFFFFFFFFFFFFFFFFFD0
:106AB000FFFFFFFFFFFFFFFFFFFFFFFFFFFFFFFFE6
:106AC000FFFFFFFFFFFFFFFFFFFFFFFFFFFFFFFFD6
:106AD000FFFFFFFFFFFFDBB66D6D24240024496D2F
:106AE000B6DBFFFFFFFFFFFFFFFFFFFFFFFFFFFF23
:106AF000FFFFFFFFFFFFFFFFFFFFFFFFFFFFFFFFA6
:106B0000FFFFFFFFFF6D24000000000000000000F9
:106B10000000000000000000000000000000000075
:106B20000000000000000000000000000000000065
:106B3000000000000000000000246DFFFFFFFFFFC9
:106B4000FFFFFFFF6D0000000000000000000000DC
:106B50000000000000000000000000000000000035
:106B60000000000000000000000000000000000025
:106B700000000000000000000000006DFFFFFFFFAC
:106B8000FFFFFFFF24002449494949494949494930
:106B90004949494949494949494949494949494965
:106BA0004949494949494949494949494949494955
:106BB000494949494949494949240024FFFFFFFF00
:106BC000FFFFFFFF000049FFFFFFFFFFFFFFFFFF89
:106BD000FFFFFFFFFFFFFFFFFFFFFFFFFFFFFFFFC5
:106BE000FFFFFFFFFFFFFFFFFFFFFFFFFFFFFFFFB5
:106BF000FFFFFFFFFFFFFFFFFF490024FFFFFFFF35
:106C0000FFFFFFFF000049FFFFFFFFFFFFFFFFFF48
:106C1000FFFFFFFFFFFFFFFFFFFFFFFFFFFFFFFF84
:106C2000FFFFFFFFFFFFFFFFFFFFFFFFFFFFFFFF74
:106C3000FFFFFFFFFFFFFFFFFF490024FFFFFFFFF4
:106C4000FFFFFFFF000049FFFFFFFFFFFFFFFFFF08
:106C5000FFFFFFFFFFFFFFFFFFFFFFFFFFFFFFFF44
:106C6000FFFFFFFFFFFFFFFFFFFFFFFFFFFFFFFF34
:106C7000FFFFFFFFFFFFFFFFFF490024FFFFFFFFB4
:106C8000FFFFFFFF000049FFFFFFFFFFFFFFFFFFC8
:106C9000FFFFFFFFFFFFFFFFFFFFFFFFFFFFFFFF04
:106CA000FFFFFFFFFFFFFFFFFFFFFFFFFFFFFFFFF4
:106CB000FFFFFFFFFFFFFFFFFF490024FFFFFFFF74
:106CC000FFFFFFFF000049FFFFFFFFFFFFFFFFFF88
:106CD000FFFFFFFFFFFFFFFFFFFFFFFFFFFFFFFFC4
:106CE000FFFFFFFFFFFFFFFFFFFFFFFFFFFFFFFFB4
:106CF000FFFFFFFFFFFFFFFFFF490024FFFFFFFF34
:106D0000FFFFFFFF000049FFFFFFFFFFFFFFFFFF47
:106D1000FFFFFFFFFFFFFFFFFFFFFFFFFFFFFFFF83
:106D2000FFFFFFFFFFFFFFFFFFFFFFFFFFFFFFFF73
:106D3000FFFFFFFFFFFFFFFFFF490024FFFFFFFFF3
:106D4000FFFFFFFF000049FFFFFFFFFFFFFFFFFF07
:106D5000FFFFFFFFFFFFFFFFFFFFFFFFFFFFFFFF43
:106D6000FFFFFFFFFFFFFFFFFFFFFFFFFFFFFFFF33
:106D7000FFFFFFFFFFFFFFFFFF490024FFFFFFFFB3
:106D8000FFFFFFFF000049FFFFFFFFFFFFFFFFFFC7
:106D9000FFFFFFFFFFFFFFFFFFFFFFFFFFFFFFFF03
:106DA000FFFFFFFFFFFFFFFFFFFFFFFFFFFFFFFFF3
:106DB000FFFFFFFFFFFFFFFFFF490024FFFFFFFF73
:106DC000FFFFFFFF000049FFFFFFFFFFFFFFFFFF87
:106DD000FFFFFFFFFFFFFFFFFFFFFFFFFFFFFFFFC3
:106DE000FFFFFFFFFFFFFFFFFFFFFFFFFFFFFFFFB3
:106DF000FFFFFFFFFFFFFFFFFF490024FFFFFFFF33
:106E0000FFFFFFFF000049FFFFFFFFFFFFFFFFFF46
:106E1000FFFFFFFFFFFFFFFFFFFFFFFFFFFFFFFF82
:106E2000FFFFFFFFFFFFFFFFFFFFFFFFFFFFFFFF72
:106E3000FFFFFFFFFFFFFFFFFF490024FFFFFFFFF2
:106E4000FFFFFFFF000049FFFFFFFFFFFFFFFFFF06
:106E5000FFFFFFFFFFFFFFFFFFFFFFFFFFFFFFFF42
:106E6000FFFFFFFFFFFFFFFFFFFFFFFFFFFFFFFF32
:106E7000FFFFFFFFFFFFFFFFFF490024FFFFFFFFB2
:106E8000FFFFFFFF000049FFFFFFFFFFFFFFFFFFC6
:106E9000FFFFFFFFFFFFFFFFFFFFFFFFFFFFFFFF02
:106EA000FFFFFFFFFFFFFFFFFFFFFFFFFFFFFFFFF2
:106EB000FFFFFFFFFFFFFFFFFF490024FFFFFFFF72
:106EC000FFFFFFFF000049FFFFFFFFFFFFFFFFFF86
:106ED000FFFFFFFFFFFFFFFFFFFFFFFFFFFFFFFFC2
:106EE000FFFFFFFFFFFFFFFFFFFFFFFFFFFFFFFFB2
:106EF000FFFFFFFFFFFFFFFFFF490024FFFFFFFF32
:106F0000FFFFFFFF000049FFFFFFFFFFFFFFFFFF45
:106F1000FFFFFFFFFFFFFFFFFFFFFFFFFFFFFFFF81
:106F2000FFFFFFFFFFFFFFFFFFFFFFFFFFFFFFFF71
:106F3000FFFFFFFFFFFFFFFFFF490024FFFFFFFFF1
:106F4000FFFFFFFF000049FFFFFFFFFFFFFFFFFF05
:106F5000FFFFFFFFFFFFFFFFFFFFFFFFFFFFFFFF41
:106F6000FFFFFFFFFFFFFFFFFFFFFFFFFFFFFFFF31
:106F7000FFFFFFFFFFFFFFFFFF490024FFFFFFFFB1
:106F8000FFFFFFFF000049FFFFFFFFFFFFFFFFFFC5
:106F9000FFFFFFFFFFFFFFFFFFFFFFFFFFFFFFFF01
:106FA000FFFFFFFFFFFFFFFFFFFFFFFFFFFFFFFFF1
:106FB000FFFFFFFFFFFFFFFFFF490024FFFFFFFF71
:106FC000FFFFFFFF000049FFFFFFFFFFFFFFFFFF85
:106FD000FFFFFFFFFFFFFFFFFFFFFFFFFFFFFFFFC1
:106FE000FFFFFFFFFFFFFFFFFFFFFFFFFFFFFFFFB1
:106FF000FFFFFFFFFFFFFFFFFF490024FFFFFFFF31
:10700000FFFFFFFF000049FFFFFFFFFFFFFFFFFF44
:10701000FFFFFFFFFFFFFFFFFFFFFFFFFFFFFFFF80
:10702000FFFFFFFFFFFFFFFFFFFFFFFFFFFFFFFF70
:10703000FFFFFFFFFFFFFFFFFF490024FFFFFFFFF0
:10704000FFFFFFFF000049FFFFFFFFFFFFFFFFFF04
:10705000FFFFFFFFFFFFFFFFFFFFFFFFFFFFFFFF40
:10706000FFFFFFFFFFFFFFFFFFFFFFFFFFFFFFFF30
:10707000FFFFFFFFFFFFFFFFFF490024FFFFFFFFB0
:10708000B6496DFF000049FFFFFFFFFFFFFFFFFF55
:10709000FFFFFFFFFFFFFFFFFFFFFFFFFFFFFFFF00
:1070A000FFFFFFFFFFFFFFFFFFFFFFFFFFFFFFFFF0
:1070B000FFFFFFFFFFFFFFFFFF490024FFFFFFFF70
:1070C00000000092000049FFFFFFFFFFFFFFFFFFEE
:1070D000FFFFFFFFFFFFFFFFFFFFFFFFFFFFFFFFC0
:1070E000FFFFFFFFFFFFFFFFFFFFFFFFFFFFFFFFB0
:1070F000FFFFFFFFFFFFFFFFFF490024FFFFFFFF30
:107100006D000024000049FFFFFFFFFFFFFFFFFFAE
:10711000FFFFFFFFFFFFFFFFFFFFFFFFFFFFFFFF7F
:10712000FFFFFFFFFFFFFFFFFFB62400000000008E
:10713000000000000000000000000024FFFFFFFF2F
:10714000FF490000000049FFFFFFFFFFFFFFFFFFB7
:10715000FFFFFFFFFFFFFFFFFFFFFFFFFFFFFFFF3F
:10716000FFFFFFFFFFFFFFFFFF49000000000000DF
:10717000000000000000000000000024FFFFFFFFEF
:10718000FF490000000049FFFFFFFFFFFFFFFFFF77
:10719000FFFFFFFFFFFFFFFFFFFFFFFFFFFFFFFFFF
:1071A000FFFFFFFFFFFFFFFFFF490000494949497B
:1071B0004949494949494924000024B6FFFFFFFFD6
:1071C000FF490000000049FFFFFFFFFFFFFFFFFF37
:1071D000FFFFFFFFFFFFFFFFFFFFFFFFFFFFFFFFBF
:1071E000FFFFFFFFFFFFFFFFFF490024FFFFFFFF3F
:1071F000FFFFFFFFFFFF92240024B6FFFFFFFFFF0A
:10720000FF490000000049FFFFFFFFFFFFFFFFFFF6
:10721000FFFFFFFFFFFFFFFFFFFFFFFFFFFFFFFF7E
:10722000FFFFFFFFFFFFFFFFFF490024FFFFFFFFFE
:10723000FFFFFFFFFF92000024B6FFFFFFFFFFFFED
:10724000FF490000000049FFFFFFFFFFFFFFFFFFB6
:10725000FFFFFFFFFFFFFFFFFFFFFFFFFFFFFFFF3E
:10726000FFFFFFFFFFFFFFFFFF490024FFFFFFFFBE
:10727000FFFFFFFF92240024B6FFFFFFFFFFFFFF89
:10728000FF490000000049FFFFFFFFFFFFFFFFFF76
:10729000FFFFFFFFFFFFFFFFFFFFFFFFFFFFFFFFFE
:1072A000FFFFFFFFFFFFFFFFFF490024FFFFFFFF7E
:1072B000FFFFFF92000024B6FFFFFFFFFFFFFFFF6D
:1072C000FF490000000049FFFFFFFFFFFFFFFFFF36
:1072D000FFFFFFFFFFFFFFFFFFFFFFFFFFFFFFFFBE
:1072E000FFFFFFFFFFFFFFFFFF490024FFFFFFFF3E
:1072F000FFFF92240024B6FFFFFFFFFFFFFFFFFF09
:10730000FF490000000049FFFFFFFFFFFFFFFFFFF5
:10731000FFFFFFFFFFFFFFFFFFFFFFFFFFFFFFFF7D
:10732000FFFFFFFFFFFFFFFFFF490024FFFFFFFFFD
:10733000FF92000024B6FFFFFFFFFFFFFFFFFFFFEC
:10734000FF490000000049FFFFFFFFFFFFFFFFFFB5
:10735000FFFFFFFFFFFFFFFFFFFFFFFFFFFFFFFF3D
:10736000FFFFFFFFFFFFFFFFFF490024FFFFFFFFBD
:1073700092240024B6FFFFFFFFFFFFFFFFFFFFFF88
:10738000FF490000000049FFFFFFFFFFFFFFFFFF75
:10739000FFFFFFFFFFFFFFFFFFFFFFFFFFFFFFFFFD
:1073A000FFFFFFFFFFFFFFFFFF490024FFFFFF92EA
:1073B000000024B6FFFFFFFFFFFFFFFFFFFFFFFFFF
:1073C000FF490000000049FFFFFFFFFFFFFFFFFF35
:1073D000FFFFFFFFFFFFFFFFFFFFFFFFFFFFFFFFBD
:1073E000FFFFFFFFFFFFFFFFFF490024FFFF922485
:1073F0000024B6FFFFFFFFFFFFFFFFFFFFFFFFFFC0
:10740000FF490000000049FFFFFFFFFFFFFFFFFFF4
:10741000FFFFFFFFFFFFFFFFFFFFFFFFFFFFFFFF7C
:10742000FFFFFFFFFFFFFFFFFF490024FF92000067
:1074300024B6FFFFFFFFFFFFFFFFFFFFFFFFFFFF80
:10744000FF490000000049FFFFFFFFFFFFFFFFFFB4
:10745000FFFFFFFFFFFFFFFFFFFFFFFFFFFFFFFF3C
:10746000FFFFFFFFFFFFFFFFFF49002492240024DE
:10747000B6FFFFFFFFFFFFFFFFFFFFFFFFFFFFFF65
:10748000FF490000000049FFFFFFFFFFFFFFFFFF74
:10749000FFFFFFFFFFFFFFFFFFFFFFFFFFFFFFFFFC
:1074A000FFFFFFFFFFFFFFFFFF490000000024B6C2
:1074B000FFFFFFFFFFFFFFFFFFFFFFFFFFFFFFFFDC
:1074C000FF490000000049FFFFFFFFFFFFFFFFFF34
:1074D000FFFFFFFFFFFFFFFFFFFFFFFFFFFFFFFFBC
:1074E000FFFFFFFFFFFFFFFFFF4900000024B6FF83
:1074F000FFFFFFFFFFFFFFFFFFFFFFFFFFFFFFFF9C
:10750000FF4900002400000000000000000000000F
:10751000000000000000000000000000000000006B
:1075200000000000000000000000000024B6FFFF83
:10753000FFFFFFFFFFFFFFFFFFFFFFFFFFFFFFFF5B
:10754000FF49000092000000000000000000000061
:10755000000000000000000000000000000000002B
:10756000000000000000000000000024B6FFFFFF44
:10757000FFFFFFFFFFFFFFFFFFFFFFFFFFFFFFFF1B
:10758000FF490000FFB64949494949494949494924
:10759000494949494949494949494949494949495B
:1075A0004949494949494949494949B6FFFFFFFF06
:1075B000FFFFFFFFFFFFFFFFFFFFFFFFFFFFFFFFDB
:1075C000FF490000FFFFFFFFFFFFFFFFFFFFFFFF7F
:1075D000FFFFFFFFFFFFFFFFFFFFFFFFFFFFFFFFBB
:1075E000FFFFFFFFFFFFFFFFFFFFFFFFFFFFFFFFAB
:1075F000FFFFFFFFFFFFFFFFFFFFFFFFFFFFFFFF9B
:10760000FF490000FFFFFFFFFFFFFFFFFFFFFFFF3E
:10761000FFFFFFFFFFFFFFFFFFFFFFFFFFFFFFFF7A
:10762000FFFFFFFFFFFFFFFFFFFFFFFFFFFFFFFF6A
:10763000FFFFFFFFFFFFFFFFFFFFFFFFFFFFFFFF5A
:10764000FF490000FFFFFFFFFFFFFFFFFFFFFFFFFE
:10765000FFFFFFFFFFFFFFFFFFFFFFFFFFFFFFFF3A
:10766000FFFFFFFFFFFFFFFFFFFFFFFFFFFFFFFF2A
:10767000FFDB494949494949494949494949494932
:1076800049240000FFFFFFFFFFFFFFFFFFDBFFFFBD
:10769000FFFFFFFFFFFFFFFFFFFFFFFFFFFFFFFFFA
:1076A000FFFFFFFFFFFFFFFFFFFFFFFFFFFFFFFFEA
:1076B000FF49000000000000000000000000000082
:1076C00000000024FFFFFFFFFFFFFFFF492492FFA0
:1076D000FFFFFFFFFFFFFFFFFFFFFFFFFFFFFFFFBA
:1076E000FFFFFFFFFFFFFFFFFFFFFFFFFFFFFFFFAA
:1076F000FF49000000000000000000000000000042
:1077000000000092FFFFFFFFFFFFFFFF000049FFA7
:10771000FFFFFFFFFFFFFFFFFFFFFFFFFFFFFFFF79
:10772000FFFFFFFFFFFFFFFFFFFFFFFFFFFFFFFF69
:10773000FF490024FFFFFFFFFFFFFFFFFFFFDB24E8
:1077400000006DFFFFFFFFFFFFFFFFFF000049FF8D
:10775000FFFFFFFFFFFFFFFFFFFFFFFFFFFFFFFF39
:10776000FFFFFFFFFFFFFFFFFFFFFFFFFFFFFFFF29
:10777000FF490024FFFFFFFFFFFFFFFFFFB62400CC
:107780000092FFFFFFFFFFFFFFFFFFFF000049FF29
:10779000FFFFFFFFFFFFFFFFFFFFFFFFFFFFFFFFF9
:1077A000FFFFFFFFFFFFFFFFFFFFFFFFFFFFFFFFE9
:1077B000FF490024FFFFFFFFFFFFFFFFDB24000066
:1077C0006DFFFFFFFFFFFFFFFFFFFFFF000049FF0F
:1077D000FFFFFFFFFFFFFFFFFFFFFFFFFFFFFFFFB9
:1077E000FFFFFFFFFFFFFFFFFFFFFFFFFFFFFFFFA9
:1077F000FF490024FFFFFFFFFFFFFFDB2400009293
:10780000FFFFFFFFFFFFFFFFFFFFFFFF000049FF3C
:10781000FFFFFFFFFFFFFFFFFFFFFFFFFFFFFFFF78
:10782000FFFFFFFFFFFFFFFFFFFFFFFFFFFFFFFF68
:10783000FF490024FFFFFFFFFFFFDB2400006DFF77
:10784000FFFFFFFFFFFFFFFFFFFFFFFF000049FFFC
:10785000FFFFFFFFFFFFFFFFFFFFFFFFFFFFFFFF38
:10786000FFFFFFFFFFFFFFFFFFFFFFFFFFFFFFFF28
:10787000FF490024FFFFFFFFFFDB24000092FFFF12
:10788000FFFFFFFFFFFFFFFFFFFFFFFF000049FFBC
:10789000FFFFFFFFFFFFFFFFFFFFFFFFFFFFFFFFF8
:1078A000FFFFFFFFFFFFFFFFFFFFFFFFFFFFFFFFE8
:1078B000FF490024FFFFFFFFDB2400006DFFFFFFF7
:1078C000FFFFFFFFFFFFFFFFFFFFFFFF000049FF7C
:1078D000FFFFFFFFFFFFFFFFFFFFFFFFFFFFFFFFB8
:1078E000FFFFFFFFFFFFFFFFFFFFFFFFFFFFFFFFA8
:1078F000FF490024FFFFFFDB24000092FFFFFFFF92
:10790000FFFFFFFFFFFFFFFFFFFFFFFF000049FF3B
:10791000FFFFFFFFFFFFFFFFFFFFFFFFFFFFFFFF77
:10792000FFFFFFFFFFFFFFFFFFFFFFFFFFFFFFFF67
:10793000FF490024FFFFDB2400006DFFFFFFFFFF76
:10794000FFFFFFFFFFFFFFFFFFFFFFFF000049FFFB
:10795000FFFFFFFFFFFFFFFFFFFFFFFFFFFFFFFF37
:10796000FFFFFFFFFFFFFFFFFFFFFFFFFFFFFFFF27
:10797000FF490024FFDB24000092FFFFFFFFFFFF11
:10798000FFFFFFFFFFFFFFFFFFFFFFFF000049FFBB
:10799000FFFFFFFFFFFFFFFFFFFFFFFFFFFFFFFFF7
:1079A000FFFFFFFFFFFFFFFFFFFFFFFFFFFFFFFFE7
:1079B000FF490024DB2400006DFFFFFFFFFFFFFFF6
:1079C000FFFFFFFFFFFFFFFFFFFFFFFF000049FF7B
:1079D000FFFFFFFFFFFFFFFFFFFFFFFFFFFFFFFFB7
:1079E000FFFFFFFFFFFFFFFFFFFFFFFFFFFFFFFFA7
:1079F000FF49002424000092FFFFFFFFFFFFFFFF6D
:107A0000FFFFFFFFFFFFFFFFFFFFFFFF000049FF3A
:107A1000FFFFFFFFFFFFFFFFFFFFFFFFFFFFFFFF76
:107A2000FFFFFFFFFFFFFFFFFFFFFFFFFFFFFFFF66
:107A3000FF49000000006DFFFFFFFFFFFFFFFFFF9A
:107A4000FFFFFFFFFFFFFFFFFFFFFFFF24002449B1
:107A50004949494949494949494949494949494996
:107A60004949494949494949494949494949494986
:107A7000492400000092FFFFFFFFFFFFFFFFFFFF11
:107A8000FFFFFFFFFFFFFFFFFFFFFFFF6D00000095
:107A900000000000000000000000000000000000E6
:107AA00000000000000000000000000000000000D6
:107AB000000000006DFFFFFFFFFFFFFFFFFFFFFF64
:107AC000FFFFFFFFFFFFFFFFFFFFFFFFFF6D24240E
:107AD0002424242424242424242424242424242466
:107AE0002424242424242424242424242424242456
:107AF00024242492FFFFFFFFFFFFFFFFFFFFFFFF94
:107B0000FFFFFFFFFFB649000000000092FFFFFFEC
:107B1000FFFFFFFFFFFFFFFFFFFFFFFFFFFFFFFF75
:107B2000FFFFFFFFFFFFFFFFFFFFFFFFFFFFFFFF65
:107B3000FFFFFFFFFFFFFFFFFFFFFFFFFFFFFFFF55
:107B4000FFFFFFFFB62400000000000024DBFFFF62
:107B5000FFFFFFFFFFFFFFFFFFFFFFFFFFFFFFFF35
:107B6000FFFFFFFFFFFFFFFFFFFFFFFFFFFFFFFF25
:107B7000FFFFFFFFFFFFFFFFFFFFFFFFFFFFFFFF15
:107B8000FFFFFFFF4900244949494924006DFFFFD9
:107B9000FFFFFFFFFFFFFFFFFFFFFFFFFFFFFFFFF5
:107BA000FFFFFFFFFFFFFFFFFFFFFFFFFFFFFFFFE5
:107BB000FFFFFFFFFFFFFFFFFFFFFFFFFFFFFFFFD5
:107BC000FFFFFFFF000049FFFFFFFF490000B6FF76
:107BD000FFFFFFFFFFFFFFFFFFFFFFFFFFFFFFFFB5
:107BE000FFFFFFFFFFFFFFFFFFFFFFFFFFFFFFFFA5
:107BF000FFFFFFFFFFFFFFFFFFFFFFFFFFFFFFFF95
:107C0000FFFFFFFF000049FFFFFFFFDB000049FF10
:107C1000FFFFFFFFFFFFFFFFFFFFFFFFFFFFFFFF74
:107C2000FFFFFFFFFFFFFFFFFFFFFFFFFFFFFFFF64
:107C3000FFFFFFFFFFFFFFFFFFFFFFFFFFFFFFFF54
:107C4000FFFFFFFF000049FFFFFFFFFF6D0024B6AD
:107C5000FFFFFFFFFFFFFFFFFFFFFFFFFFFFFFFF34
:107C6000FFFFFFFFFFFFFFFFFFFFFFFFFFFFFFFF24
:107C7000FFFFFFFFFFFFFFFFFFFFFFFFFFFFFFFF14
:107C8000FFFFFFFF000049FFFFFFFFFFDB24002491
:107C9000FFFFFFFFFFFFFFFFFFFFFFFFFFFFFFFFF4
:107CA000FFFFFFFFFFFFFFFFFFFFFFFFFFFFFFFFE4
:107CB000FFFFFFFFFFFFFFFFFFFFFFFFFFFFFFFFD4
:107CC000FFFFFFFF000049FFFFFFFFFFFF6D000008
:107CD00092FFFFFFFFFFFFFFFFFFFFFFFFFFFFFF21
:107CE000FFFFFFFFFFFFFFFFFFFFFFFFFFFFFFFFA4
:107CF000FFFFFFFFFFFFFFFFFFFFFFFFFFFFFFFF94
:107D0000FFFFFFFF000049FFFFFFFFFFFFFF240011
:107D100024FFFFFFFFFFFFFFFFFFFFFFFFFFFFFF4E
:107D2000FFFFFFFFFFFFFFFFFFFFFFFFFFFFFFFF63
:107D3000FFFFFFFFFFFFFFFFFFFFFFFFFFFFFFFF53
:107D4000FFFFFFFF000049FFFFFFFFFFFFFF920063
:107D50000092FFFFFFFFFFFFFFFFFFFFFFFFFFFF9F
:107D6000FFFFFFFFFFFFFFFFFFFFFFFFFFFFFFFF23
:107D7000FFFFFFFFFFFFFFFFFFFFFFFFFFFFFFFF13
:107D8000FFFFFFFF000049FFFFFFFFFFFFFFFF2492
:107D90000024DBFFFFFFFFFFFFFFFFFFFFFFFFFFF1
:107DA000FFFFFFFFFFFFFFFFFFFFFFFFFFFFFFFFE3
:107DB000FFFFFFFFFFFFFFFFFFFFFFFFFFFFFFFFD3
:107DC000FFFFFFFF000049FFFFFFFFFFFFFFFF92E4
:107DD00000006DFFFFFFFFFFFFFFFFFFFFFFFFFF43
:107DE000FFFFFFFFFFFFFFFFFFFFFFFFFFFFFFFFA3
:107DF000FFFFFFFFFFFFFFFFFFFFFFFFFFFFFFFF93
:107E0000FFFFFFFF000049FFFFFFFFFFFFFFFFFF36
:107E1000490024DBFFFFFFFFFFFFFFFFFFFFFFFF26
:107E2000FFFFFFFFFFFFFFFFFFFFFFFFFFFFFFFF62
:107E3000FFFFFFFFFFFFFFFFFFFFFFFFFFFFFFFF52
:107E4000FFFFFFFF000049FFFFFFFFFFFFFFFFFFF6
:107E5000DB240049FFFFFFFFFFFFFFFFFFFFFFFFE6
:107E6000FFFFFFFFFFFFFFFFFFFFFFFFFFFFFFFF22
:107E7000FFFFFFFFFFFFFFFFFFFFFFFFFFFFFFFF12
:107E8000FFFFFFFF000049FFFFFFFFFFFFFFFFFFB6
:107E9000FF490000B6FFFFFFFFFFFFFFFFFFFFFFEF
:107EA000FFFFFFFFFFFFFFDBDBDBDBDBDBDBDBDB26
:107EB000DBDBDBDBDBDBDBDBFFFFFFFFFFFFFFFFF2
:107EC000FFFFFFFF000049FFFFFFFFFFFFFFFFFF76
:107ED000FFDB000049FFFFFFFFFFFFFFFFFFFFFF8A
:107EE000FFFFFFB66D4924242400000000000000BD
:107EF00000000000000000244992FFFFFFFFFFFF89
:107F0000FFFFFFFF000049FFFFFFFFFFFFFFFFFF35
:107F1000FFFF6D0000B6FFFFFFFFFFFFFFFFFFFF4A
:107F2000B649000000000000000000000000000052
:107F30000000000000000000000024B6FFFFFFFF6B
:107F4000FFFFFFFF000049FFFFFFFFFFFFFFFFFFF5
:107F5000FFFFDB240024FFFFFFFFFFFFFFFF6D2477
:107F60000000000000244992B6B6DBDBDBDBDBDB84
:107F7000DBDBDBDBDBDBB66D2400000049FFFFFF52
:107F8000FFFFFFFF000049FFFFFFFFFFFFFFFFFFB5
:107F9000FFFFFF6D000092FFFFFFFFFF9224000034
:107FA00000244992DBFFFFFFFFFFFFFFFFFFFFFF02
:107FB000FFFFFFFFFFFFFFFFFF9224000024DBFF16
:107FC000FFFFFFFF000049FFFFFFFFFFFFFFFFFF75
:107FD000FFFFFFFF240024DBFFFFDB49000000243C
:107FE00092DBFFFFFFFFFFFFFFFFFFFFFFFFFFFF32
:107FF000FFFFFFFFFFFFFFFFFFFFDB49000024DB68
:10800000FFFFFFFF000049FFFFFFFFFFFFFFFFFF34
:10801000FFFFFFFFB6000092FFB62400002492FF8E
:10802000FFFFFFFFFFFFFFFFFFFFFFFFFFFFFFFF60
:10803000FFFFFFFFFFFFFFFFFFFFFFFF6D00004996
:10804000FFFFFFFF000049FFFFFFFFFFFFFFFFFFF4
:10805000FFFFFFFFFF4900246D2400006DDBFFFFE1
:10806000FFFFFFFFFFFFFFFFFFFFFFFFFFFFFFFF20
:10807000FFFFFFFFFFFFFFFFFFFFFFFFFF490000C4
:108080006DFFFFFF000049FFFFFFFFFFFFFFFFFF46
:10809000FFFFFFFFFFB6000000002492FFFFFFFF7D
:1080A000FFFFFFFFFFFFFFFFFFFFFFFFFFFFFFFFE0
:1080B000FFFFFFFFFFFFFFFFFFFFFFFFFFFF2400AA
:1080C00024DBFFFF000049FFFFFFFFFFFFFFFFFF73
:1080D000FFFFFFFFFFFF49000024B6FFFFFFFFFF88
:1080E000FFFFFFFFFFFFFFFFFFFFFFFFFFFFFFFFA0
:1080F000FFFFFFFFFFFFFFFFFFFFFFFFFFFFB624B4
:108100000049FFFF000049FFFFFFFFFFFFFFFFFFE8
:10811000FFFFFFFFFFFFDB2424B6FFFFFFFFFFFF92
:10812000FFFFFFFFFFFFFFFFFFFFFFFFFFFFFFFF5F
:10813000FFFFFFFFFFFFFFFFFFFFFFFFFFFFFF4905
:108140000000B6FF000049FFFFFFFFFFFFFFFFFF3A
:10815000FFFFFFFFFFFFFFDBDBFFFFFFFFFFFFFF77
:10816000FFFFFFFFFFFFFFFFFFFFFFFFFFFFFFFF1F
:10817000FFFFFFFFFFFFFFFFFFFFFFFFFFFFFFDB33
:10818000000049FF000049FFFFFFFFFFFFFFFFFF67
:10819000FFFFFFFFFFFFFFFFFFFFFFFFFFFFFFFFEF
:1081A000FFFFFFFFFFFFFFFFFFFFFFFFFFFFFFFFDF
:1081B000FFFFFFFFFFFFFFFFFFFFFFFFFFFFFFFFCF
:1081C000490024DB000049FFFFFFFFFFFFFFFFFF27
:1081D000FFFFFFFFFFFFFFFFFFFFFFFFFFFFFFFFAF
:1081E000FFFFFFFFFFFFFFFFFFFFFFFFFFFFFFFF9F
:1081F000FFFFFFFFFFFFFFFFFFFFFFFFFFFFFFFF8F
:10820000B60000B6000049FFFFFFFFFFFFFFFFFFC2
:10821000FFFFFFFFFFFFFFFFFFFFFFFFFFFFFFFF6E
:10822000FFFFFFFFFFFFFFFFFFFFFFFFFFFFFFFF5E
:10823000FFFFFFFFFFFFFFFFFFFFFFFFFFFFFFFF4E
:10824000DB240092000049FFFFFFFFFFFFFFFFFF5D
:10825000FFFFFFFFFFFFFFFFFFFFFFFFFFFFFFFF2E
:10826000FFFFFFFFFFFFFFFFFFFFFFFFFFFFFFFF1E
:10827000FFFFFFFFFFFFFFFFFFFFFFFFFFFFFFFF0E
:10828000FF240049000049FFFFFFFFFFFFFFFFFF42
:10829000FFFFFFFFFFFFFFFFFFFFFFFFFFFFFFFFEE
:1082A000FFFFFFFFFFFFFFFFFFFFFFFFFFFFFFFFDE
:1082B000FFFFFFFFFFFFFFFFFFFFFFFFFFFFFFFFCE
:1082C000FF490024000049FFFFFFFFFFFFFFFFFF02
:1082D000FFFFFFFFFFFFFFFFFFFFFFFFFFFFFFFFAE
:1082E000FFFFFFFFFFFFFFFFFFFFFFFFFFFFFFFF9E
:1082F000FFFFFFFFFFFFFFFFFFFFFFFFFFFFFFFF8E
:10830000FF490024000049FFFFFFFFFFFFFFFFFFC1
:10831000FFFFFFFFFFFFFFFFFFFFFFFFFFFFFFFF6D
:10832000FFFFFFFFFFFFFFFFFFFFFFFFFFFFFFFF5D
:10833000FFFFFFFFFFFFFFFFFFFFFFFFFFFFFFFF4D
:10834000FF490024000049FFFFFFFFFFFFFFFFFF81
:10835000FFFFFFFFFFFFFFFFFFFFFFFFFFFFFFFF2D
:10836000FFFFFFFFFFFFFFFFFFFFFFFFFFFFFFFF1D
:10837000FFFFFFFFFFFFFFFFFFFFFFFFFFFFFFFF0D
:10838000FF490024000049FFFFFFFFFFFFFFFFFF41
:10839000FFFFFFFFFFFFFFFFFFFFFFFFFFFFFFFFED
:1083A000FFFFFFFFFFFFFFFFFFFFFFFFFFFFFFFFDD
:1083B000FFFFFFFFFFFFFFFFFFFFFFFFFFFFFFFFCD
:1083C000FF240049000049FFFFFFFFFFFFFFFFFF01
:1083D000FFFFFFFFFFFFFFFFFFFFFFFFFFFFFFFFAD
:1083E000FFFFFFFFFFFFFFFFFFFFFFFFFFFFFFFF9D
:1083F000FFFFFFFFFFFFFFFFFFFFFFFFFFFFFFFF8D
:10840000DB240092000049FFFFFFFFFFFFFFFFFF9B
:10841000FFFFFFFFFFFFFFFFFFFFFFFFFFFFFFFF6C
:10842000FFFFFFFFFFFFFFFFFFFFFFFFFFFFFFFF5C
:10843000FFFFFFFFFFFFFFFFFFFFFFFFFFFFFFFF4C
:10844000B60000B6000049FFFFFFFFFFFFFFFFFF80
:10845000FFFFFFFFFFFFFFFFFFFFFFFFFFFFFFFF2C
:10846000FFFFFFFFFFFFFFFFFFFFFFFFFFFFFFFF1C
:10847000FFFFFFFFFFFFFFFFFFFFFFFFFFFFFFFF0C
:10848000490024DB000049FFFFFFFFFFFFFFFFFF64
:10849000FFFFFFFFFFFFFFDBDBFFFFFFFFFFFFFF34
:1084A000FFFFFFFFFFFFFFFFFFFFFFFFFFFFFFFFDC
:1084B000FFFFFFFFFFFFFFFFFFFFFFFFFFFFFFDBF0
:1084C000000049FF000049FFFFFFFFFFFFFFFFFF24
:1084D000FFFFFFFFFFFFDB2424B6FFFFFFFFFFFFCF
:1084E000FFFFFFFFFFFFFFFFFFFFFFFFFFFFFFFF9C
:1084F000FFFFFFFFFFFFFFFFFFFFFFFFFFFFFF4942
:108500000000B6FF000049FFFFFFFFFFFFFFFFFF76
:10851000FFFFFFFFFFFF49000024B6FFFFFFFFFF43
:10852000FFFFFFFFFFFFFFFFFFFFFFFFFFFFFFFF5B
:10853000FFFFFFFFFFFFFFFFFFFFFFFFFFFFB6246F
:108540000049FFFF000049FFFFFFFFFFFFFFFFFFA4
:10855000FFFFFFFFFFB6000000002492FFFFFFFFB8
:10856000FFFFFFFFFFFFFFFFFFFFFFFFFFFFFFFF1B
:10857000FFFFFFFFFFFFFFFFFFFFFFFFFFFF2400E5
:1085800024DBFFFF000049FFFFFFFFFFFFFFFFFFAE
:10859000FFFFFFFFFF4900246D2400006DDBFFFF9C
:1085A000FFFFFFFFFFFFFFFFFFFFFFFFFFFFFFFFDB
:1085B000FFFFFFFFFFFFFFFFFFFFFFFFFF4900007F
:1085C0006DFFFFFF000049FFFFFFFFFFFFFFFFFF01
:1085D000FFFFFFFFB6000092FFB62400002492FFC9
:1085E000FFFFFFFFFFFFFFFFFFFFFFFFFFFFFFFF9B
:1085F000FFFFFFFFFFFFFFFFFFFFFFFF6D000049D1
:10860000FFFFFFFF000049FFFFFFFFFFFFFFFFFF2E
:10861000FFFFFFFF240024DBFFFFDB4900000024F5
:1086200092DBFFFFFFFFFFFFFFFFFFFFFFFFFFFFEB
:10863000FFFFFFFFFFFFFFFFFFFFDB49000024DB21
:10864000FFFFFFFF000049FFFFFFFFFFFFFFFFFFEE
:10865000FFFFFF6D000092FFFFFFFFFF922400006D
:1086600000244992DBFFFFFFFFFFFFFFFFFFFFFF3B
:10867000FFFFFFFFFFFFFFFFFF9224000024DBFF4F
:10868000FFFFFFFF000049FFFFFFFFFFFFFFFFFFAE
:10869000FFFFDB240024FFFFFFFFFFFFFFFF6D2430
:1086A0000000000000244992B6B6DBDBDBDBDBDB3D
:1086B000DBDBDBDBDBDBB66D2400000049FFFFFF0B
:1086C000FFFFFFFF000049FFFFFFFFFFFFFFFFFF6E
:1086D000FFFF6D0000B6FFFFFFFFFFFFFFFFFFFF83
:1086E000B64900000000000000000000000000008B
:1086F0000000000000000000000024B6FFFFFFFFA4
:10870000FFFFFFFF000049FFFFFFFFFFFFFFFFFF2D
:10871000FFDB000049FFFFFFFFFFFFFFFFFFFFFF41
:10872000FFFFFFB66D492424240000000000000074
:1087300000000000000000244992FFFFFFFFFFFF40
:10874000FFFFFFFF000049FFFFFFFFFFFFFFFFFFED
:10875000FF490000B6FFFFFFFFFFFFFFFFFFFFFF26
:10876000FFFFFFFFFFFFFFDBDBDBDBDBDBDBDBDB5D
:10877000DBDBDBDBDBDBDBDBFFFFFFFFFFFFFFFF29
:10878000FFFFFFFF000049FFFFFFFFFFFFFFFFFFAD
:10879000DB240049FFFFFFFFFFFFFFFFFFFFFFFF9D
:1087A000FFFFFFFFFFFFFFFFFFFFFFFFFFFFFFFFD9
:1087B000FFFFFFFFFFFFFFFFFFFFFFFFFFFFFFFFC9
:1087C000FFFFFFFF000049FFFFFFFFFFFFFFFFFF6D
:1087D000490024DBFFFFFFFFFFFFFFFFFFFFFFFF5D
:1087E000FFFFFFFFFFFFFFFFFFFFFFFFFFFFFFFF99
:1087F000FFFFFFFFFFFFFFFFFFFFFFFFFFFFFFFF89
:10880000FFFFFFFF000049FFFFFFFFFFFFFFFF9299
:1088100000006DFFFFFFFFFFFFFFFFFFFFFFFFFFF8
:10882000FFFFFFFFFFFFFFFFFFFFFFFFFFFFFFFF58
:10883000FFFFFFFFFFFFFFFFFFFFFFFFFFFFFFFF48
:10884000FFFFFFFF000049FFFFFFFFFFFFFFFF24C7
:108850000024DBFFFFFFFFFFFFFFFFFFFFFFFFFF26
:10886000FFFFFFFFFFFFFFFFFFFFFFFFFFFFFFFF18
:10887000FFFFFFFFFFFFFFFFFFFFFFFFFFFFFFFF08
:10888000FFFFFFFF000049FFFFFFFFFFFFFF920018
:108890000092FFFFFFFFFFFFFFFFFFFFFFFFFFFF54
:1088A000FFFFFFFFFFFFFFFFFFFFFFFFFFFFFFFFD8
:1088B000FFFFFFFFFFFFFFFFFFFFFFFFFFFFFFFFC8
:1088C000FFFFFFFF000049FFFFFFFFFFFFFF240046
:1088D00024FFFFFFFFFFFFFFFFFFFFFFFFFFFFFF83
:1088E000FFFFFFFFFFFFFFFFFFFFFFFFFFFFFFFF98
:1088F000FFFFFFFFFFFFFFFFFFFFFFFFFFFFFFFF88
:10890000FFFFFFFF000049FFFFFFFFFFFF6D0000BB
:1089100092FFFFFFFFFFFFFFFFFFFFFFFFFFFFFFD4
:10892000FFFFFFFFFFFFFFFFFFFFFFFFFFFFFFFF57
:10893000FFFFFFFFFFFFFFFFFFFFFFFFFFFFFFFF47
:10894000FFFFFFFF000049FFFFFFFFFFDB240024C4
:10895000FFFFFFFFFFFFFFFFFFFFFFFFFFFFFFFF27
:10896000FFFFFFFFFFFFFFFFFFFFFFFFFFFFFFFF17
:10897000FFFFFFFFFFFFFFFFFFFFFFFFFFFFFFFF07
:10898000FFFFFFFF000049FFFFFFFFFF6D0024B660
:10899000FFFFFFFFFFFFFFFFFFFFFFFFFFFFFFFFE7
:1089A000FFFFFFFFFFFFFFFFFFFFFFFFFFFFFFFFD7
:1089B000FFFFFFFFFFFFFFFFFFFFFFFFFFFFFFFFC7
:1089C000FFFFFFFF000049FFFFFFFFDB240049FF1F
:1089D000FFFFFFFFFFFFFFFFFFFFFFFFFFFFFFFFA7
:1089E000FFFFFFFFFFFFFFFFFFFFFFFFFFFFFFFF97
:1089F000FFFFFFFFFFFFFFFFFFFFFFFFFFFFFFFF87
:108A0000FFFFFFFF000049FFFFFFFF490000B6FF27
:108A1000FFFFFFFFFFFFFFFFFFFFFFFFFFFFFFFF66
:108A2000FFFFFFFFFFFFFFFFFFFFFFFFFFFFFFFF56
:108A3000FFFFFFFFFFFFFFFFFFFFFFFFFFFFFFFF46
:108A4000FFFFFFFF4900244949494924006DFFFF0A
:108A5000FFFFFFFFFFFFFFFFFFFFFFFFFFFFFFFF26
:108A6000FFFFFFFFFFFFFFFFFFFFFFFFFFFFFFFF16
:108A7000FFFFFFFFFFFFFFFFFFFFFFFFFFFFFFFF06
:108A8000FFFFFFFFB62400000000000024DBFFFF13
:108A9000FFFFFFFFFFFFFFFFFFFFFFFFFFFFFFFFE6
:108AA000FFFFFFFFFFFFFFFFFFFFFFFFFFFFFFFFD6
:108AB000FFFFFFFFFFFFFFFFFFFFFFFFFFFFFFFFC6
:108AC000FFFFFFFFFFB649000000000092FFFFFF1D
:108AD000FFFFFFFFFFFFFFFFFFFFFFFFFFFFFFFFA6
:108AE000FFFFFFFFFFFFFFFFFFFFFFFFFFFFFFFF96
:108AF000FFFFFFFFFFFFFFFFFFFFFFFFFFFFFFFF86
:108B0000FFFFFFFFFFB649000000000092FFFFFFDC
:108B1000FFFFFFFFFFFFFFFFFFFFFFFFFFFFFFFF65
:108B2000FFFFFFFFFFFFFFFFFFFFFFFFFFFFFFFF55
:108B3000FFFFFFFFFFFFFFFFFFFFFFFFFFFFFFFF45
:108B4000FFFFFFFFB62400000000000024DBFFFF52
:108B5000FFFFFFFFFFFFFFFFFFFFFFFFFFFFFFFF25
:108B6000FFFFFFFFFFFFFFFFFFFFFFFFFFFFFFFF15
:108B7000FFFFFFFFFFFFFFFFFFFFFFFFFFFFFFFF05
:108B8000FFFFFFFF4900244949494924006DFFFFC9
:108B9000FFFFFFFFFFFFFFFFFFFFFFFFFFFFFFFFE5
:108BA000FFFFFFFFFFFFFFFFFFFFFFFFFFFFFFFFD5
:108BB000FFFFFFFFFFFFFFFFFFFFFFFFFFFFFFFFC5
:108BC000FFFFFFFF000049FFFFFFFF490000B6FF66
:108BD000FFFFFFFFFFFFFFFFFFFFFFFFFFFFFFFFA5
:108BE000FFFFFFFFFFFFFFFFFFFFFFFFFFFFFFFF95
:108BF000FFFFFFFFFFFFFFFFFFFFFFFFFFFFFFFF85
:108C0000FFFFFFFF000049FFFFFFFFDB240049FFDC
:108C1000FFFFFFFFFFFFFFFFFFFFFFFFFFFFFFFF64
:108C2000FFFFFFFFFFFFFFFFFFFFFFFFFFFFFFFF54
:108C3000FFFFFFFFFFFFFFFFFFFFFFFFFFFFFFFF44
:108C4000FFFFFFFF000049FFFFFFFFFF6D0024B69D
:108C5000FFFFFFFFFFFFFFFFFFFFFFFFFFFFFFFF24
:108C6000FFFFFFFFFFFFFFFFFFFFFFFFFFFFFFFF14
:108C7000FFFFFFFFFFFFFFFFFFFFFFFFFFFFFFFF04
:108C8000FFFFFFFF000049FFFFFFFFFFDB24002481
:108C9000FFFFFFFFFFFFFFFFFFFFFFFFFFFFFFFFE4
:108CA000FFFFFFFFFFFFFFFFFFFFFFFFFFFFFFFFD4
:108CB000FFFFFFFFFFFFFFFFFFFFFFFFFFFFFFFFC4
:108CC000FFFFFFFF000049FFFFFFFFFFFF6D0000F8
:108CD00092FFFFFFFFFFFFFFFFFFFFFFFFFFFFFF11
:108CE000FFFFFFFFFFFFFFFFFFFFFFFFFFFFFFFF94
:108CF000FFFFFFFFFFFFFFFFFFFFFFFFFFFFFFFF84
:108D0000FFFFFFFF000049FFFFFFFFFFFFFF240001
:108D100024DBFFFFFFFFFFFFFFFFFFFFFFFFFFFF62
:108D2000FFFFFFFFFFFFFFFFFFFFFFFFFFFFFFFF53
:108D3000FFFFFFFFFFFFFFFFFFFFFFFFFFFFFFFF43
:108D4000FFFFFFFF000049FFFFFFFFFFFFFFB6002F
:108D5000006DFFFFFFFFFFFFFFFFFFFFFFFFFFFFB4
:108D6000FFFFFFFFFFFFFFFFFFFFFFFFFFFFFFFF13
:108D7000FFFFFFFFFFFFFFFFFFFFFFFFFFFFFFFF03
:108D8000FFFFFFFF000049FFFFFFFFFFFFFFFF495D
:108D90000000DBFFFFFFFFFFFFFFFFFFFFFFFFFF05
:108DA000FFFFFFFFFFFFFFFFFFFFFFFFFFFFFFFFD3
:108DB000FFFFFFFFFFFFFFFFFFFFFFFFFFFFFFFFC3
:108DC000FFFFFFFF000049FFFFFFFFFFFFFFFFB6B0
:108DD000000049FFFFFFFFFFFFFFFFFFFFFFFFFF57
:108DE000FFFFFFFFFFFFFFFFFFFFFFFFFFFFFFFF93
:108DF000FFFFFFFFFFFFFFFFFFFFFFFFFFFFFFFF83
:108E0000FFFFFFFF000049FFFFFFFFFFFFFFFFFF26
:108E1000490024DBFFFFFFFFFFFFFFFFFFFFFFFF16
:108E2000FFFFFFFFFFFFFFFFFFFFFFFFFFFFFFFF52
:108E3000FFFFFFFFFFFFFFFFFFFFFFFFFFFFFFFF42
:108E4000FFFFFFFF000049FFFFFFFFFFFFFFFFFFE6
:108E5000DB240049FFFFFFFFFFFFFFFFFFFFFFFFD6
:108E6000FFFFFFFFFFFFFFFFFFFFFFFFFFFFFFFF12
:108E7000FFFFFFFFFFFFFFFFFFFFFFFFFFFFFFFF02
:108E8000FFFFFFFF000049FFFFFFFFFFFFFFFFFFA6
:108E9000FF490000B6FFFFFFFFFFFFFFFFFFFFFFDF
:108EA000FFFFFFFFFFFFFFDBDBDBDBDBDBDBDBDB16
:108EB000DBDBDBDBDBDBDBDBFFFFFFFFFFFFFFFFE2
:108EC000FFFFFFFF000049FFFFFFFFFFFFFFFFFF66
:108ED000FFDB240049FFFFFFFFFFFFFFFFFFFFFF56
:108EE000FFFFDB926D4924242400000000000000F5
:108EF00000000000000000002449DBFFFFFFFFFF2F
:108F0000FFFFFFFF000049FFFFFFFFFFFFFFFFFF25
:108F1000FFFF920000B6FFFFFFFFFFFFFFFFFFDB39
:108F2000B649000000000000000000000000000042
:108F300000000000000000000000246DFFFFFFFFA4
:108F4000FFFFFFFF000049FFFFFFFFFFFFFFFFFFE5
:108F5000FFFFDB240024FFFFFFFFFFFFFFDB4924AF
:108F60000000000000246D92B6B6DBDBDBDBDBDB50
:108F7000DBDBDBDBDBDBDB924900000024DBFFFF1C
:108F8000FFFFFFFF000049FFFFFFFFFFFFFFFFFFA5
:108F9000FFFFFF9200006DFFFFFFFFFF6D24000049
:108FA00000244992DBFFFFFFFFFFFFFFFFFFFFFFF2
:108FB000FFFFFFFFFFFFFFFFFFB649000024B6FFE2
:108FC000FFFFFFFF000049FFFFFFFFFFFFFFFFFF65
:108FD000FFFFFFFF240024DBFFFFB6240000004951
:108FE000B6FFFFFFFFFFFFFFFFFFFFFFFFFFFFFFDA
:108FF000FFFFFFFFFFFFFFFFFFFFFF6D000024DB10
:10900000FFFFFFFF000049FFFFFFFFFFFFFFFFFF24
:10901000FFFFFFFFB624006DFF9200000049B6FF7E
:10902000FFFFFFFFFFFFFFFFFFFFFFFFFFFFFFFF50
:10903000FFFFFFFFFFFFFFFFFFFFFFFF9224002462
:10904000FFFFFFFF000049FFFFFFFFFFFFFFFFFFE4
:10905000FFFFFFFFFF4900004900000092FFFFFFF4
:10906000FFFFFFFFFFFFFFFFFFFFFFFFFFFFFFFF10
:10907000FFFFFFFFFFFFFFFFFFFFFFFFFF9200006B
:1090800049FFFFFF000049FFFFFFFFFFFFFFFFFF5A
:10909000FFFFFFFFFFB60000000024B6FFFFFFFF49
:1090A000FFFFFFFFFFFFFFFFFFFFFFFFFFFFFFFFD0
:1090B000FFFFFFFFFFFFFFFFFFFFFFFFFFFF490075
:1090C00024B6FFFF000049FFFFFFFFFFFFFFFFFF88
:1090D000FFFFFFFFFFFF6D000024DBFFFFFFFFFF2F
:1090E000FFFFFFFFFFFFFFFFFFFFFFFFFFFFFFFF90
:1090F000FFFFFFFFFFFFFFFFFFFFFFFFFFFFDB247F
:109100000024FFFF000049FFFFFFFFFFFFFFFFFFFD
:10911000FFFFFFFFFFFFDB2424DBFFFFFFFFFFFF5D
:10912000FFFFFFFFFFFFFFFFFFFFFFFFFFFFFFFF4F
:10913000FFFFFFFFFFFFFFFFFFFFFFFFFFFFFF6DD1
:109140000000B6FF000049FFFFFFFFFFFFFFFFFF2A
:10915000FFFFFFFFFFFFFFFFFFFFFFFFFFFFFFFF1F
:10916000FFFFFFFFFFFFFFFFFFFFFFFFFFFFFFFF0F
:10917000FFFFFFFFFFFFFFFFFFFFFFFFFFFFFFFFFF
:10918000240049FF000049FFFFFFFFFFFFFFFFFF33
:10919000FFFFFFFFFFFFFFFFFFFFFFFFFFFFFFFFDF
:1091A000FFFFFFFFFFFFFFFFFFFFFFFFFFFFFFFFCF
:1091B000FFFFFFFFFFFFFFFFFFFFFFFFFFFFFFFFBF
:1091C0006D0024DB000049FFFFFFFFFFFFFFFFFFF3
:1091D000FFFFFFFFFFFFFFFFFFFFFFFFFFFFFFFF9F
:1091E000FFFFFFFFFFFFFFFFFFFFFFFFFFFFFFFF8F
:1091F000FFFFFFFFFFFFFFFFFFFFFFFFFFFFFFFF7F
:10920000B60000B6000049FFFFFFFFFFFFFFFFFFB2
:10921000FFFFFFFFFFFFFFFFFFFFFFFFFFFFFFFF5E
:10922000FFFFFFFFFFFFFFFFFFFFFFFFFFFFFFFF4E
:10923000FFFFFFFFFFFFFFFFFFFFFFFFFFFFFFFF3E
:10924000DB24006D000049FFFFFFFFFFFFFFFFFF72
:10925000FFFFFFFFFFFFFFFFFFFFFFFFFFFFFFFF1E
:10926000FFFFFFFFFFFFFFFFFFFFFFFFFFFFFFFF0E
:10927000FFFFFFFFFFFFFFFFFFFFFFFFFFFFFFFFFE
:10928000FF490049000049FFFFFFFFFFFFFFFFFF0D
:10929000FFFFFFFFFFFFFFFFFFFFFFFFFFFFFFFFDE
:1092A000FFFFFFFFFFFFFFFFFFFFFFFFFFFFFFFFCE
:1092B000FFFFFFFFFFFFFFFFFFFFFFFFFFFFFFFFBE
:1092C000FF490024000049FFFFFFFFFFFFFFFFFFF2
:1092D000FFFFFFFFFFFFFFFFFFFFFFFFFFFFFFFF9E
:1092E000FFFFFFFFFFFFFFFFFFFFFFFFFFFFFFFF8E
:1092F000FFFFFFFFFFFFFFFFFFFFFFFFFFFFFFFF7E
:10930000FF490000000049FFFFFFFFFFFFFFFFFFD5
:10931000FFFFFFFFFFFFFFFFFFFFFFFFFFFFFFFF5D
:10932000FFFFFFFFFFFFFFFFFFFFFFFFFFFFFFFF4D
:10933000FFFFFFFFFFFFFFFFFFFFFFFFFFFFFFFF3D
:10934000FF490024000049FFFFFFFFFFFFFFFFFF71
:10935000FFFFFFFFFFFFFFFFFFFFFFFFFFFFFFFF1D
:10936000FFFFFFFFFFFFFFFFFFFFFFFFFFFFFFFF0D
:10937000FFFFFFFFFFFFFFFFFFFFFFFFFFFFFFFFFD
:10938000FF490024000049FFFFFFFFFFFFFFFFFF31
:10939000FFFFFFFFFFFFFFFFFFFFFFFFFFFFFFFFDD
:1093A000FFFFFFFFFFFFFFFFFFFFFFFFFFFFFFFFCD
:1093B000FFFFFFFFFFFFFFFFFFFFFFFFFFFFFFFFBD
:1093C000FF240049000049FFFFFFFFFFFFFFFFFFF1
:1093D000FFFFFFFFFFFFFFFFFFFFFFFFFFFFFFFF9D
:1093E000FFFFFFFFFFFFFFFFFFFFFFFFFFFFFFFF8D
:1093F000FFFFFFFFFFFFFFFFFFFFFFFFFFFFFFFF7D
:10940000DB240092000049FFFFFFFFFFFFFFFFFF8B
:10941000FFFFFFFFFFFFFFFFFFFFFFFFFFFFFFFF5C
:10942000FFFFFFFFFFFFFFFFFFFFFFFFFFFFFFFF4C
:10943000FFFFFFFFFFFFFFFFFFFFFFFFFFFFFFFF3C
:10944000B60000DB000049FFFFFFFFFFFFFFFFFF4B
:10945000FFFFFFFFFFFFFFFFFFFFFFFFFFFFFFFF1C
:10946000FFFFFFFFFFFFFFFFFFFFFFFFFFFFFFFF0C
:10947000FFFFFFFFFFFFFFFFFFFFFFFFFFFFFFFFFC
:10948000490024FF000049FFFFFFFFFFFFFFFFFF30
:10949000FFFFFFFFFFFFFFB6B6FFFFFFFFFFFFFF6E
:1094A000FFFFFFFFFFFFFFFFFFFFFFFFFFFFFFFFCC
:1094B000FFFFFFFFFFFFFFFFFFFFFFFFFFFFFFDBE0
:1094C00000006DFF000049FFFFFFFFFFFFFFFFFFF0
:1094D000FFFFFFFFFFFFB6242492FFFFFFFFFFFF08
:1094E000FFFFFFFFFFFFFFFFFFFFFFFFFFFFFFFF8C
:1094F000FFFFFFFFFFFFFFFFFFFFFFFFFFFFFF6D0E
:109500000000DBFF492492FFFFFFFFFFFFFFFFFF8B
:10951000FFFFFFFFFFFF4900000092FFFFFFFFFF7B
:10952000FFFFFFFFFFFFFFFFFFFFFFFFFFFFFFFF4B
:10953000FFFFFFFFFFFFFFFFFFFFFFFFFFFFDB243A
:10954000006DFFFFFFDBFFFFFFFFFFFFFFFFFFFFE0
:10955000FFFFFFFFFFB600000000246DFFFFFFFFCD
:10956000FFFFFFFFFFFFFFFFFFFFFFFFFFFFFFFF0B
:10957000FFFFFFFFFFFFFFFFFFFFFFFFFFFF4900B0
:1095800024DBFFFFFFFFFFFFFFFFFFFFDBB6FFFF57
:10959000FFFFFFFFFF4900249224000049DBFFFF8B
:1095A000FFFFFFFFFFFFFFFFFFFFFFFFFFFFFFFFCB
:1095B000FFFFFFFFFFFFFFFFFFFFFFFFFF6D00004B
:1095C00092FFFFFFFFFFFFFFFFFFFFB624006DFFCD
:1095D000FFFFFFFFB624006DFFDB240000246DDBDE
:1095E000FFFFFFFFFFFFFFFFFFFFFFFFFFFFFFFF8B
:1095F000FFFFFFFFFFFFFFFFFFFFFFFF6D24006D79
:10960000FFFFFFFFFFFFFFFFFFFFB624000092FFF9
:10961000FFFFFFFF490024DBFFFFFF6D2400000078
:109620006DDBFFFFFFFFFFFFFFFFFFFFFFFFFFFF00
:10963000FFFFFFFFFFFFFFFFFFFFFF6D000049FF80
:10964000FFFFFFFFFFFFFFFFFFB624000092FFFFB9
:10965000FFFFFFB600006DFFFFFFFFFFB6490000F0
:109660000024496DB6FFFFFFFFFFFFFFFFFFFFFF75
:10967000FFFFFFFFFFFFFFFFFFB649000049FFFFAD
:10968000FFFFFFFFFFFFFFFFB62400006DFFFFFF9E
:10969000FFFFFF490024DBFFFFFFFFFFFFFF9249B1
:1096A000240000000000496D92B6DBDBDBDBDBDB76
:1096B000DBDBDBDBDBDBDB92490000246DFFFFFF44
:1096C000FFFFFFFFFFFFFFB624000092FFFFFFFF39
:1096D000FFFFDB24006DFFFFFFFFFFFFFFFFFFFF2A
:1096E000DB922400000000000000000000000000E9
:1096F0000000000000000000000049B6FFFFFFFF6F
:10970000FFFFFFFFFFFFB62400006DFFFFFFFFFF1D
:10971000FFFFDB2424DBFFFFFFFFFFFFFFFFFFFF57
:10972000FFFFFFDB924949242424000000000000D1
:10973000000000000000242449B6FFFFFFFFFFFFE8
:10974000FFFFFFFFFFB624000092FFFFFFFFFFFFB8
:10975000FFFFFFFFFFFFFFFFFFFFFFFFFFFFFFFF19
:10976000FFFFFFFFFFFFFFFFDBDBDBDBDBDBDBDB29
:10977000DBDBDBDBDBDBDBFFFFFFFFFFFFFFFFFFF5
:10978000FFFFFFFFDB2400006DFFFFFFFFFFFFFF78
:10979000FFFFFFFFFFFFFFFFFFFFFFFFFFFFFFFFD9
:1097A000FFFFFFFFFFFFFFFFFFFFFFFFFFFFFFFFC9
:1097B000FFFFFFFFFFFFFFFFFFFFFFFFFFFFFFFFB9
:1097C000FFFFFFFF2400006DFFFFFFFFFFFFFFFF14
:1097D000FFFFFFFFFFFFFFFFFFFFFFFFFFFFFFFF99
:1097E000FFFFFFFFFFFFFFFFFFFFFFFFFFFFFFFF89
:1097F000FFFFFFFFFFFFFFFFFFFFFFFFFFFFFFFF79
:10980000FFFFFFFF4900000092FFFFFFFFFFFFFF88
:10981000FFFFFFFFFFFFFFFFFFFFFFFFFFFFFFFF58
:10982000FFFFFFFFFFFFFFFFFFFFFFFFFFFFFFFF48
:10983000FFFFFFFFFFFFFFFFFFFFFFFFFFFFFFFF38
:10984000FFFFFFFFFF6D00000049DBFFFFFFFFFF91
:10985000FFFFFFFFFFFFFFFFFFFFFFFFFFFFFFFF18
:10986000FFFFFFFFFFFFFFFFFFFFFFFFFFFFFFFF08
:10987000FFFFFFFFFFFFFFFFFFFFFFFFFFFFFFFFF8
:10988000FFFFFFFFFFFFB624000024B6FFFFFFFF2E
:10989000FFFFFFFFFFFFFFFFFFFFFFFFFFFFFFFFD8
:1098A000FFFFFFFFFFFFFFFFFFFFFFFFFFFFFFFFC8
:1098B000FFFFFFFFFFFFFFFFFFFFFFFFFFFFFFFFB8
:1098C000FFFFFFFFFFFFFFDB490000246DFFFFFFED
:1098D000FFFFFFFFFFFFFFFFFFFFFFFFFFFFFFFF98
:1098E000FFFFFFFFFFFFFFFFFFFFFFFFFFFFFFFF88
:1098F000FFFFFFFFFFFFFFFFFFFFFFFFFFFFFFFF78
:10990000FFFFFFFFFFFFFFFFFF9224000049DBFF87
:10991000FFFFFFFFFFFFFFFFFFFFFFFFFFFFFFFF57
:10992000FFFFFFFFFFFFFFFFFFFFFFFFFFFFFFFF47
:10993000FFFFFFFFFFFFFFFFFFFFFFFFFFFFFFFF37
:10994000FFFFFFFFFFFFFFFFFFFFDB24000024926C
:10995000FFFFFFFFFFFFFFFFFFFFFFFFFFFFFFFF17
:10996000FFFFFFFFFFFFFFFFFFFFFFFFFFFFFFFF07
:10997000FFFFFFFFFFFFFFFFFFFFFFFFFFFFFFFFF7
:10998000FFFFFFFFFFFFFFFFFFFFFFFF6D24000052
:109990006DFFFFFFFFFFFFFFFFFFFFFFFFFFFFFF69
:1099A000FFFFFFFFFFFFFFFFFFFFFFFFFFFFFFFFC7
:1099B000FFFFFFFFFFFFFFFFFFFFFFFFFFFFFFFFB7
:1099C000FFFFFFFFFFFFFFFFFFFFFFFFFFB62400CA
:1099D0000024B6FFFFFFFFFFFFFFFFFFFFFFFFFFBA
:1099E000FFFFFFFFFFFFFFFFFFFFFFFFFFFFFFFF87
:1099F000FFFFFFFFFFFFFFFFFFFFFFFFFFFFFFFF77
:109A0000FFFFFFFFFFFFFFFFFFFFFFFFFFFFDB4940
:109A100000002492FFFFFFFFFFFFFFFFFFFFFFFF9C
:109A2000FFFFFFFFFFFFFFFFFFFFFFFFFFFFFFFF46
:109A3000FFFFFFFFFFFFFFFFFFFFFFFFFFFFFFFF36
:109A4000FFFFFFFFFFFFFFFFFFFFFFFFFFFFFFFF26
:109A50009224000049FFFFFFFFFFFFFFFFFFFFFF12
:109A6000FFFFFFFFFFFFFFFFFFFFFFFFFFFFFFFF06
:109A7000FFFFFFFFFFFFFFFFFFFFFFFFFFFFFFFFF6
:109A8000FFFFFFFFFFFFFFFFFFFFFFFFFFFFFFFFE6
:109A9000FFB6240024DBFFFFFFFFFFFFFFFFFFFFF8
:109AA000FFFFFFFFFFFFFFFFFFFFFFFFFFFFFFFFC6
:109AB000FFFFFFFFFFFFFFFFFFFFFFFFFFFFFFFFB6
:109AC000FFFFFFFFFFFFFFFFFFFFFFFFFFFFFFFFA6
:109AD000FFFFDB6D6DFFFFFFFFFFFFFFFFFFFFFFDE
:109AE000FFFFFFFFFFFFFFFFFFFFFFFFFFFFFFFF86
:109AF000FFFFFFFFFFFFFFFFFFFFFFFFFFFFFFFF76
:109B0000FFFFFFFFFFB649000000000092FFFFFFCC
:109B1000FFFFFFFFFFFFFFFFFFFFFFFFFFFFFFFF55
:109B2000FFFFFFFFFFFFFFFFFFFFFFFFFFFFFFFF45
:109B3000FFFFFFFFFFFFFFFFFFFFFFFFFFFFFFFF35
:109B4000FFFFFFFFB62400000000000024DBFFFF42
:109B5000FFFFFFFFFFFFFFFFFFFFFFFFFFFFFFFF15
:109B6000FFFFFFFFFFFFFFFFFFFFFFFFFFFFFFFF05
:109B7000FFFFFFFFFFFFFFFFFFFFFFFFFFFFFFFFF5
:109B8000FFFFFFFF4900244949494924006DFFFFB9
:109B9000FFFFFFFFFFFFFFFFFFFFFFFFFFFFFFFFD5
:109BA000FFFFFFFFFFFFFFFFFFFFFFFFFFFFFFFFC5
:109BB000FFFFFFFFFFFFFFFFFFFFFFFFFFFFFFFFB5
:109BC000FFFFFFFF000049FFFFFFFF490000B6FF56
:109BD000FFFFFFFFFFFFFFFFFFFFFFFFFFFFFFFF95
:109BE000FFFFFFFFFFFFFFFFFFFFFFFFFFFFFFFF85
:109BF000FFFFFFFFFFFFFFFFFFFFFFFFFFFFFFFF75
:109C0000FFFFFFFF000049FFFFFFFFDB240049FFCC
:109C1000FFFFFFFFFFFFFFFFFFFFFFFFFFFFFFFF54
:109C2000FFFFFFFFFFFFFFFFFFFFFFFFFFFFFFFF44
:109C3000FFFFFFFFFFFFFFFFFFFFFFFFFFFFFFFF34
:109C4000FFFFFFFF000049FFFFFFFFFF6D0024B68D
:109C5000FFFFFFFFFFFFFFFFFFFFFFFFFFFFFFFF14
:109C6000FFFFFFFFFFFFFFFFFFFFFFFFFFFFFFFF04
:109C7000FFFFFFFFFFFFFFFFFFFFFFFFFFFFFFFFF4
:109C8000FFFFFFFF000049FFFFFFFFFFDB24002471
:109C9000FFFFFFFFFFFFFFFFFFFFFFFFFFFFFFFFD4
:109CA000FFFFFFFFFFFFFFFFFFFFFFFFFFFFFFFFC4
:109CB000FFFFFFFFFFFFFFFFFFFFFFFFFFFFFFFFB4
:109CC000FFFFFFFF000049FFFFFFFFFFFF6D0000E8
:109CD00092FFFFFFFFFFFFFFFFFFFFFFFFFFFFFF01
:109CE000FFFFFFFFFFFFFFFFFFFFFFFFFFFFFFFF84
:109CF000FFFFFFFFFFFFFFFFFFFFFFFFFFFFFFFF74
:109D0000FFFFFFFF000049FFFFFFFFFFFFFF2400F1
:109D100024DBFFFFFFFFFFFFFFFFFFFFFFFFFFFF52
:109D2000FFFFFFFFFFFFFFFFFFFFFFFFFFFFFFFF43
:109D3000FFFFFFFFFFFFFFFFFFFFFFFFFFFFFFFF33
:109D4000FFFFFFFF000049FFFFFFFFFFFFFFB6001F
:109D50000092FFFFFFFFFFFFFFFFFFFFFFFFFFFF7F
:109D6000FFFFFFFFFFFFFFFFFFFFFFFFFFFFFFFF03
:109D7000FFFFFFFFFFFFFFFFFFFFFFFFFFFFFFFFF3
:109D8000FFFFFFFF000049FFFFFFFFFFFFFFFF494D
:109D90000024DBFFFFFFFFFFFFFFFFFFFFFFFFFFD1
:109DA000FFFFFFFFFFFFFFFFFFFFFFFFFFFFFFFFC3
:109DB000FFFFFFFFFFFFFFFFFFFFFFFFFFFFFFFFB3
:109DC000FFFFFFFF000049FFFFFFFFFFFFFFFFB6A0
:109DD00000006DFFFFFFFFFFFFFFFFFFFFFFFFFF23
:109DE000FFFFFFFFFFFFFFFFFFFFFFFFFFFFFFFF83
:109DF000FFFFFFFFFFFFFFFFFFFFFFFFFFFFFFFF73
:109E0000FFFFFFFF000049FFFFFFFFFFFFFFFFFF16
:109E1000490024DBFFFFFFFFFFFFFFFFFFFFFFFF06
:109E2000FFFFFFFFFFFFFFFFFFFFFFFFFFFFFFFF42
:109E3000FFFFFFFFFFFFFFFFFFFFFFFFFFFFFFFF32
:109E4000FFFFFFFF000049FFFFFFFFFFFFFFFFFFD6
:109E5000DB240049FFFFFFFFFFFFFFFFFFFFFFFFC6
:109E6000FFFFFFFFFFFFFFFFFFFFFFFFFFFFFFFF02
:109E7000FFFFFFFFFFFFFFFFFFFFFFFFFFFFFFFFF2
:109E8000FFFFFFFF000049FFFFFFFFFFFFFFFFFF96
:109E9000FF490000B6FFFFFFFFFFFFFFFFFFFFFFCF
:109EA000FFFFFFFFFFFFFFDBDBDBB6B6B6B6B6B6E4
:109EB000B6B6B6B6B6B6DBDBFFFFFFFFFFFFFFFFB0
:109EC000FFFFFFFF000049FFFFFFFFFFFFFFFFFF56
:109ED000FFDB000049FFFFFFFFFFFFFFFFFFFFFF6A
:109EE000FFFFFF926D4924242400000000000000C1
:109EF0000000000000000024496DFFFFFFFFFFFF8E
:109F0000FFFFFFFF000049FFFFFFFFFFFFFFFFFF15
:109F1000FFFF6D0000B6FFFFFFFFFFFFFFFFFFDB4E
:109F2000B649000000000000000000000000000032
:109F3000000000000000000000002492FFFFFFFF6F
:109F4000FFFFFFFF000049FFFFFFFFFFFFFFFFFFD5
:109F5000FFFFDB240024FFFFFFFFFFFFFFDB6D247B
:109F60000000000000246D92B6DBDBDBDBDBDBDB1B
:109F7000DBDBDBDBDBDBB6922400000049DBFFFF31
:109F8000FFFFFFFF000049FFFFFFFFFFFFFFFFFF95
:109F9000FFFFFF6D00006DFFFFFFFFFF9224000039
:109FA00000244992DBFFFFFFFFFFFFFFFFFFFFFFE2
:109FB000FFFFFFFFFFFFFFFFFF9224000024DBFFF6
:109FC000FFFFFFFF000049FFFFFFFFFFFFFFFFFF55
:109FD000FFFFFFFF240024DBFFFFDB4900000049F7
:109FE000B6DBFFFFFFFFFFFFFFFFFFFFFFFFFFFFEE
:109FF000FFFFFFFFFFFFFFFFFFFFDB49000024DB48
:10A00000FFFFFFFF000049FFFFFFFFFFFFFFFFFF14
:10A01000FFFFFFFFB600006DFF922400002492FFB7
:10A02000FFFFFFFFFFFFFFFFFFFFFFFFFFFFFFFF40
:10A03000FFFFFFFFFFFFFFFFFFFFFFFF6D00004976
:10A04000FFFFFFFF000049FFFFFFFFFFFFFFFFFFD4
:10A05000FFFFFFFFFF4900246D2400006DFFFFFF9D
:10A06000FFFFFFFFFFFFFFFFFFFFFFFFFFFFFFFF00
:10A07000FFFFFFFFFFFFFFFFFFFFFFFFFF490000A4
:10A080006DFFFFFF000049FFFFFFFFFFFFFFFFFF26
:10A09000FFFFFFFFFFB60000000024B6FFFFFFFF39
:10A0A000FFFFFFFFFFFFFFFFFFFFFFFFFFFFFFFFC0
:10A0B000FFFFFFFFFFFFFFFFFFFFFFFFFFFF24008A
:10A0C00024DBFFFF000049FFFFFFFFFFFFFFFFFF53
:10A0D000FFFFFFFFFFFF49000024B6FFFFFFFFFF68
:10A0E000FFFFFFFFFFFFFFFFFFFFFFFFFFFFFFFF80
:10A0F000FFFFFFFFFFFFFFFFFFFFFFFFFFFFB62494
:10A100000049FFFF000049FFFFFFFFFFFFFFFFFFC8
:10A11000FFFFFFFFFFFFDB2424B6FFFFFFFFFFFF72
:10A12000FFFFFFFFFFFFFFFFFFFFFFFFFFFFFFFF3F
:10A13000FFFFFFFFFFFFFFFFFFFFFFFFFFFFFF49E5
:10A140000000B6FF000049FFFFFFFFFFFFFFFFFF1A
:10A15000FFFFFFFFFFFFFFDBDBFFFFFFFFFFFFFF57
:10A16000FFFFFFFFFFFFFFFFFFFFFFFFFFFFFFFFFF
:10A17000FFFFFFFFFFFFFFFFFFFFFFFFFFFFFFDB13
:10A18000000049FF000049FFFFFFFFFFFFFFFFFF47
:10A19000FFFFFFFFFFFFFFFFFFFFFFFFFFFFFFFFCF
:10A1A000FFFFFFFFFFFFFFFFFFFFFFFFFFFFFFFFBF
:10A1B000FFFFFFFFFFFFFFFFFFFFFFFFFFFFFFFFAF
:10A1C000490024DB000049FFFFFFFFFFFFFFFFFF07
:10A1D000FFFFFFFFFFFFFFFFFFFFFFFFFFFFFFFF8F
:10A1E000FFFFFFFFFFFFFFFFFFFFFFFFFFFFFFFF7F
:10A1F000FFFFFFFFFFFFFFFFFFFFFFFFFFFFFFFF6F
:10A20000B60000B6000049FFFFFFFFFFFFFFFFFFA2
:10A21000FFFFFFFFFFFFFFFFFFFFFFFFFFFFFFFF4E
:10A22000FFFFFFFFFFFFFFFFFFFFFFFFFFFFFFFF3E
:10A23000FFFFFFFFFFFFFFFFFFFFFFFFFFFFFFFF2E
:10A24000DB24006D000049FFFFFFFFFFFFFFFFFF62
:10A25000FFFFFFFFFFFFFFFFFFFFFFFFFFFFFFFF0E
:10A26000FFFFFFFFFFFFFFFFFFFFFFFFFFFFFFFFFE
:10A27000FFFFFFFFFFFFFFFFFFFFFFFFFFFFFFFFEE
:10A28000FF240049000049FFFFFFFFFFFFFFFFFF22
:10A29000FFFFFFFFFFFFFFFFFFFFFFFFFFFFFFFFCE
:10A2A000FFFFFFFFFFFFFFFFFFFFFFFFFFFFFFFFBE
:10A2B000FFFFFFFFFFFFFFFFFFFFFFFFFFFFFFFFAE
:10A2C000FF490024000049FFFFFFFFFFFFFFFFFFE2
:10A2D000FFFFFFFFFFFFFFFFFFFFFFFFFFFFFFFF8E
:10A2E000FFFFFFFFFFFFFFFFFFFFFFFFFFFFFFFF7E
:10A2F000FFFFFFFFFFFFFFFFFFFFFFFFFFFFFFFF6E
:10A30000FF490024000049FFFFFFFFFFFFFFFFFFA1
:10A31000FFFFFFFFFFFFFFFFFFFFFFFFFFFFFFFF4D
:10A32000FFFFFFFFFFFFFFFFFFFFFFFFFFFFFFFF3D
:10A33000FFFFFFFFFFFFFFFFFFFFFFFFFFFFFFFF2D
:10A34000FF490024000049FFFFFFFFFFFFFFFFFF61
:10A35000FFFFFFFFFFFFFFFFFFFFFFFFFFFFFFFF0D
:10A36000FFFFFFFFFFFFFFFFFFFFFFFFFFFFFFFFFD
:10A37000FFFFFFFFFFFFFFFFFFFFFFFFFFFFFFFFED
:10A38000FF490024000049FFFFFFFFFFFFFFFFFF21
:10A39000FFFFFFFFFFFFFFFFFFFFFFFFFFFFFFFFCD
:10A3A000FFFFFFFFFFFFFFFFFFFFFFFFFFFFFFFFBD
:10A3B000FFFFFFFFFFFFFFFFFFFFFFFFFFFFFFFFAD
:10A3C000FF240049000049FFFFFFFFFFFFFFFFFFE1
:10A3D000FFFFFFFFFFFFFFFFFFFFFFFFFFFFFFFF8D
:10A3E000FFFFFFFFFFFFFFFFFFFFFFFFFFFFFFFF7D
:10A3F000FFFFFFFFFFFFFFFFFFFFFFFFFFFFFFFF6D
:10A40000DB240092000049FFFFFFFFFFFFFFFFFF7B
:10A41000FFFFFFFFFFFFFFFFFFFFFFFFFFFFFFFF4C
:10A42000FFFFFFFFFFFFFFFFFFFFFFFFFFFFFFFF3C
:10A43000FFFFFFFFFFFFFFFFFFFFFFFFFFFFFFFF2C
:10A44000B60000B6000049FFFFFFFFFFFFFFFFFF60
:10A45000FFFFFFFFFFFFFFFFFFFFFFFFFFFFFFFF0C
:10A46000FFFFFFFFFFFFFFFFFFFFFFFFFFFFFFFFFC
:10A47000FFFFFFFFFFFFFFFFFFFFFFFFFFFFFFFFEC
:10A48000490024FF000049FFFFFFFFFFFFFFFFFF20
:10A49000FFFFFFFFFFFFFFDBDBFFFFFFFFFFFFFF14
:10A4A000FFFFFFFFFFFFFFFFFFFFFFFFFFFFFFFFBC
:10A4B000FFFFFFFFFFFFFFFFFFFFFFFFFFFFFFDBD0
:10A4C000000049FF000049FFFFFFFFFFFFFFFFFF04
:10A4D000FFFFFFFFFFFF922424B6FFFFFFFFFFFFF8
:10A4E000FFFFFFFFFFFFFFFFFFFFFFFFFFFFFFFF7C
:10A4F000FFFFFFFFFFFFFFFFFFFFFFFFFFFFFF6DFE
:10A500000000DBFF000049FFFFFFFFFFFFFFFFFF31
:10A51000FFFFFFFFFF9200000000B6FFFFFFFFFFFD
:10A52000FFFFFFFFFFFFFFFFFFFFFFFFFFFFFFFF3B
:10A53000FFFFFFFFFFFFFFFFFFFFFFFFFFFFDB242A
:10A540000049FFFF000049FFFFFFFFFFFFFFFFFF84
:10A55000FFFFFFFF9224002400002492FFFFFFFF73
:10A56000FFFFFFFFFFFFFFFFFFFFFFFFFFFFFFFFFB
:10A57000FFFFFFFFFFFFFFFFFFFFFFFFFFFF4900A0
:10A5800024DBFFFF240049FFFFFFFFFFFFFFFFFF6A
:10A59000FFFFFFFF240024B6B624000049DBFFFFC5
:10A5A000FFFFFFFFFFFFFFFFFFFFFFFFFFFFFFFFBB
:10A5B000FFFFFFFFFFFFFFFFFFFFFFFFFF6D00003B
:10A5C0006DFFFFFF9249DBFFFFFFFFFFFFFFFFFF74
:10A5D000FFFFFFFF9249B6FFFFB6240000246DFF86
:10A5E000FFFFFFFFFFFFFFFFFFFFFFFFFFFFFFFF7B
:10A5F000FFFFFFFFFFFFFFFFFFFFFFFF9224004968
:10A60000FFFFFFFFFFFFFFFFFFFFFFFFFFFFFFFF5A
:10A61000FFFFFFFFFFFFFFFFFFFFDB4900000024FC
:10A6200092DBFFFFFFFFFFFFFFFFFFFFFFFFFFFFCB
:10A63000FFFFFFFFFFFFFFFFFFFFFF6D000049FF70
:10A64000FFFFFFFFFFFFFFFFFFFFFFFFFFFFFFFF1A
:10A65000FFFFFFFFFFFFFFFFFFFFFFFFB62400002C
:10A660000024496DB6FFFFFFFFFFFFFFFFFFFFFF65
:10A67000FFFFFFFFFFFFFFFFFFB649000049FFFF9D
:10A68000FFFFFFFFFFFFFFFFFFFFFFFFFFFFFFFFDA
:10A69000FFFFFFFFFFFFFFFFFFFFFFFFFFFF9249ED
:10A6A000240000000024496D92B6DBDBDBDBDBDB42
:10A6B000DBDBDBDBDBDBDB92490000246DFFFFFF34
:10A6C000FFFFFFFFFFFFFFFFFFFFFFFFFFFFFFFF9A
:10A6D000FFFFFFFFFFFFFFFFFFFFFFFFFFFFFFFF8A
:10A6E000DB6D2400000000000000000000000000FE
:10A6F0000000000000000000000024B6FFFFFFFF84
:10A70000FFFFFFFF6D0092FFFFFFFFFFFFFFFFFF57
:10A71000FF92006DFFFFFFFFFFFFFFFFFFFFFFFF47
:10A72000FFFFFFB69249492424242424242424240E
:10A7300024242424242424244992FFFFFFFFFFFF24
:10A74000FFFFFFFF24002492FFFFFFFFFFFFFFFF3B
:10A7500092240024FFFFFFFFFFFFFFFFFFFFFFFF2B
:10A76000FFFFFFFFFFFFFFFFDBDBDBDBDBDBDBDB19
:10A77000DBDBDBDBDBDBDBFFFFFFFFFFFFFFFFFFE5
:10A78000FFFFFFFFB624000092FFFFFFFFFFFF92D5
:10A79000000024B6FFFFFFFFFFFFFFFFFFFFFFFFEB
:10A7A000FFFFFFFFFFFFFFFFFFFFFFFFFFFFFFFFB9
:10A7B000FFFFFFFFFFFFFFFFFFFFFFFFFFFFFFFFA9
:10A7C000FFFFFFFFFFB624002492FFFFFFFF92244C
:10A7D0000024B6FFFFFFFFFFFFFFFFFFFFFFFFFFAC
:10A7E000FFFFFFFFFFFFFFFFFFFFFFFFFFFFFFFF79
:10A7F000FFFFFFFFFFFFFFFFFFFFFFFFFFFFFFFF69
:10A80000FFFFFFFFFFFFB624000092FFFF92000052
:10A8100024B6FFFFFFFFFFFFFFFFFFFFFFFFFFFF6C
:10A82000FFFFFFFFFFFFFFFFFFFFFFFFFFFFFFFF38
:10A83000FFFFFFFFFFFFFFFFFFFFFFFFFFFFFFFF28
:10A84000FFFFFFFFFFFFFFB62400249292240024A5
:10A85000B6FFFFFFFFFFFFFFFFFFFFFFFFFFFFFF51
:10A86000FFFFFFFFFFFFFFFFFFFFFFFFFFFFFFFFF8
:10A87000FFFFFFFFFFFFFFFFFFFFFFFFFFFFFFFFE8
:10A88000FFFFFFFFFFFFFFFFB6240000000024B61C
:10A89000FFFFFFFFFFFFFFFFFFFFFFFFFFFFFFFFC8
:10A8A000FFFFFFFFFFFFFFFFFFFFFFFFFFFFFFFFB8
:10A8B000FFFFFFFFFFFFFFFFFFFFFFFFFFFFFFFFA8
:10A8C000FFFFFFFFFFFFFFFFFFB600000000B6FF26
:10A8D000FFFFFFFFFFFFFFFFFFFFFFFFFFFFFFFF88
:10A8E000FFFFFFFFFFFFFFFFFFFFFFFFFFFFFFFF78
:10A8F000FFFFFFFFFFFFFFFFFFFFFFFFFFFFFFFF68
:10A90000FFFFFFFFFFFFFFFFFF920000000092FF2D
:10A91000FFFFFFFFFFFFFFFFFFFFFFFFFFFFFFFF47
:10A92000FFFFFFFFFFFFFFFFFFFFFFFFFFFFFFFF37
:10A93000FFFFFFFFFFFFFFFFFFFFFFFFFFFFFFFF27
:10A94000FFFFFFFFFFFFFFFF92240024240024925B
:10A95000FFFFFFFFFFFFFFFFFFFFFFFFFFFFFFFF07
:10A96000FFFFFFFFFFFFFFFFFFFFFFFFFFFFFFFFF7
:10A97000FFFFFFFFFFFFFFFFFFFFFFFFFFFFFFFFE7
:10A98000FFFFFFFFFFFFFF92000024B6B624000088
:10A9900092FFFFFFFFFFFFFFFFFFFFFFFFFFFFFF34
:10A9A000FFFFFFFFFFFFFFFFFFFFFFFFFFFFFFFFB7
:10A9B000FFFFFFFFFFFFFFFFFFFFFFFFFFFFFFFFA7
:10A9C000FFFFFFFFFFFF92240024B6FFFFB6240025
:10A9D0002492FFFFFFFFFFFFFFFFFFFFFFFFFFFFCF
:10A9E000FFFFFFFFFFFFFFFFFFFFFFFFFFFFFFFF77
:10A9F000FFFFFFFFFFFFFFFFFFFFFFFFFFFFFFFF67
:10AA0000FFFFFFFFFF92000024B6FFFFFFFFB62409
:10AA1000000092FFFFFFFFFFFFFFFFFFFFFFFFFFB1
:10AA2000FFFFFFFFFFFFFFFFFFFFFFFFFFFFFFFF36
:10AA3000FFFFFFFFFFFFFFFFFFFFFFFFFFFFFFFF26
:10AA4000FFFFFFFF92240024B6FFFFFFFFFFFFB6CA
:10AA500024002492FFFFFFFFFFFFFFFFFFFFFFFF28
:10AA6000FFFFFFFFFFFFFFFFFFFFFFFFFFFFFFFFF6
:10AA7000FFFFFFFFFFFFFFFFFFFFFFFFFFFFFFFFE6
:10AA8000FFFFFFFF240024B6FFFFFFFFFFFFFFFFD4
:10AA9000B6240024FFFFFFFFFFFFFFFFFFFFFFFFC4
:10AAA000FFFFFFFFFFFFFFFFFFFFFFFFFFFFFFFFB6
:10AAB000FFFFFFFFFFFFFFFFFFFFFFFFFFFFFFFFA6
:10AAC000FFFFFFFF9249B6FFFFFFFFFFFFFFFFFF02
:10AAD000FFB64992FFFFFFFFFFFFFFFFFFFFFFFFF2
:10AAE000FFFFFFFFFFFFFFFFFFFFFFFFFFFFFFFF76
:10AAF000FFFFFFFFFFFFFFFFFFFFFFFFFFFFFFFF66
:10AB0000FFFFFFFFFFFFFFFFFFFFFFFFFFDB6D24E6
:10AB10000000000000000000000000000000000035
:10AB20000000000000000000000000000000000025
:10AB30000000000000000000246DDBFFFFFFFFFFAE
:10AB4000FFFFFFFFFFFFFFFFFFFFFFFFDB24000012
:10AB500000000000000000000000000000000000F5
:10AB600000000000000000000000000000000000E5
:10AB70000000000000000000000024DBFFFFFFFFDA
:10AB8000FFFFFFFFFFFFFFFFFFFFFFFF6D00000064
:10AB900000000000000000000000000000000000B5
:10ABA00000000000000000000000000000000000A5
:10ABB00000000000000000000000006DFFFFFFFF2C
:10ABC000FFFFFFFFFFFFFFFFFFFFFFFF0000000091
:10ABD0000000000000000000000000000000000075
:10ABE0000000000000000000000000000000000065
:10ABF000000000000000000000000024FFFFFFFF35
:10AC0000FFFFFFFFFFFFFFFFFFFFFFFF0000000050
:10AC1000FFFFFFFFFFFFFFFFFFFFFFFFFFFFFFFF44
:10AC2000FFFFFFFFFFFFFFFFFFFFFFFFFFFFFFFF34
:10AC3000FFFFFFFFFFFFFFFF00000000FFFFFFFF20
:10AC4000FFFFFFFFFFFFFFFFFFFFFFFF0000000010
:10AC5000FFFFFFFFFFFFFFFFFFFFFFFFFFFFFFFF04
:10AC6000FFFFFFFFFFFFFFFFFFFFFFFFFFFFFFFFF4
:10AC7000FFFFFFFFFFFFFFFF00000000FFFFFFFFE0
:10AC8000FFFFFFFFFFFFFFFFFFFFFFFF00000000D0
:10AC9000FFFFFFFFFFFFFFFFFFFFFFFFFFFFFFFFC4
:10ACA000FFFFFFFFFFFFFFFFFFFFFFFFFFFFFFFFB4
:10ACB000FFFFFFFFFFFFFFFF00000000FFFFFFFFA0
:10ACC000FFFFFFFFFFFFFFFFFFFFFFFF0000000090
:10ACD000FFFFFFFFFFFFFFFFFFFFFFFFFFFFFFFF84
:10ACE000FFFFFFFFFFFFFFFFFFFFFFFFFFFFFFFF74
:10ACF000FFFFFFFFFFFFFFFF00000000FFFFFFFF60
:10AD0000FFFFFFFFFFFFFFFFFFFFFFFF000000004F
:10AD1000FFFF000000000000000000000000000035
:10AD20000000000000000000000000000000000023
:10AD3000000000000000FFFF00000000FFFFFFFF19
:10AD4000FFFFFFFFFFFFFFFFFFFFFFFF000000000F
:10AD5000FFFF0000000000000000000000000000F5
:10AD600000000000000000000000000000000000E3
:10AD7000000000000000FFFF00000000FFFFFFFFD9
:10AD8000FFFFFFFFFFFFFFFFFFFFFFFF00000000CF
:10AD9000FFFF0000000000000000000000000000B5
:10ADA00000000000000000000000000000000000A3
:10ADB000000000000000FFFF00000000FFFFFFFF99
:10ADC000FFFFFFFFFFFFFFFFFFFFFFFF000000008F
:10ADD000FFFF000000000000000000000000000075
:10ADE0000000000000000000000000000000000063
:10ADF000000000000000FFFF00000000FFFFFFFF59
:10AE0000FFFFFFFFFFFFFFFFFFFFFFFF000000004E
:10AE1000FFFFFFFFFFFFFFFFFFFFFFFFFFFFFFFF42
:10AE2000FFFFFFFFFFFFFFFFFFFFFFFFFFFFFFFF32
:10AE3000FFFFFFFFFFFFFFFF00000000FFFFFFFF1E
:10AE4000FFFFFFFFFFFFFFFFFFFFFFFF000000000E
:10AE5000FFFFFFFFFFFFFFFFFFFFFFFFFFFFFFFF02
:10AE6000FFFFFFFFFFFFFFFFFFFFFFFFFFFFFFFFF2
:10AE7000FFFFFFFFFFFFFFFF00000000FFFFFFFFDE
:10AE8000FFFFFFFFFFFFFFFFFFFFFFFF00000000CE
:10AE9000FFFF0000000000000000000000000000B4
:10AEA00000000000000000000000000000000000A2
:10AEB000000000000000FFFF00000000FFFFFFFF98
:10AEC000FFFFFFFFFFFFFFFFFFFFFFFF000000008E
:10AED000FFFF000000000000000000000000000074
:10AEE0000000000000000000000000000000000062
:10AEF000000000000000FFFF00000000FFFFFFFF58
:10AF0000FFFFFFFFFFFFFFFFFFFFFFFF000000004D
:10AF1000FFFF000000000000000000000000000033
:10AF20000000000000000000000000000000000021
:10AF3000000000000000FFFF00000000FFFFFFFF17
:10AF4000FFFFFFFFFFFFFFFFFFFFFFFF000000000D
:10AF5000FFFF0000000000000000000000000000F3
:10AF600000000000000000000000000000000000E1
:10AF7000000000000000FFFF00000000FFFFFFFFD7
:10AF8000FFFFFFFFFFFFFFFFFFFFFFFF00000000CD
:10AF9000FFFFFFFFFFFFFFFFFFFFFFFFFFFFFFFFC1
:10AFA000FFFFFFFFFFFFFFFFFFFFFFFFFFFFFFFFB1
:10AFB000FFFFFFFFFFFFFFFF00000000FFFFFFFF9D
:10AFC000FFFFFFFFFFFFFFFFFFFFFFFF000000008D
:10AFD000FFFFFFFFFFFFFFFFFFFFFFFFFFFFFFFF81
:10AFE000FFFFFFFFFFFFFFFFFFFFFFFFFFFFFFFF71
:10AFF000FFFFFFFFFFFFFFFF00000000FFFFFFFF5D
:10B00000FFFFFFFFFFFFFFFFFFFFFFFF000000004C
:10B01000FFFFFFFFFFFFFFFFFFFFFFFFFFFFFFFF40
:10B02000FFFFFFFFFFFFFFFFFFFFFFFFFFFFFFFF30
:10B03000FFFFFFFFFFFFFFFF00000000FFFFFFFF1C
:10B04000FFFFFFFFFFFFFFFFFFFFFFFF000000000C
:10B05000FFFFFFFFFFFFFFFFFFFFFFFFFFFFFFFF00
:10B06000FFFFFFFFFFFFFFFFFFFFFFFFFFFFFFFFF0
:10B07000FFFFFFFFFFFFFFFF00000000FFFFFFFFDC
:10B08000FFFFFFFFFFFFFFFFFFFFFFFF00000000CC
:10B09000FFFF0000000000000000000000000000B2
:10B0A00000000000000000000000000000000000A0
:10B0B000000000000000FFFF00000000FFFFFFFF96
:10B0C000FFFFFFFFFFFFFFFFFFFFFFFF000000008C
:10B0D000FFFF000000000000000000000000000072
:10B0E0000000000000000000000000000000000060
:10B0F000000000000000FFFF00000000FFFFFFFF56
:10B10000FFFFFFFFFFFFFFFFFFFFFFFF000000004B
:10B11000FFFF000000000000000000000000000031
:10B12000000000000000000000000000000000001F
:10B13000000000000000FFFF00000000FFFFFFFF15
:10B14000FFFFFFFFFFFFFFFFFFFFFFFF000000000B
:10B15000FFFF0000000000000000000000000000F1
:10B1600000000000000000000000000000000000DF
:10B17000000000000000FFFF00000000FFFFFFFFD5
:10B18000FFFFFFFFFFFFFFFFFFFFFFFF00000000CB
:10B19000FFFFFFFFFFFFFFFFFFFFFFFFFFFFFFFFBF
:10B1A000FFFFFFFFFFFFFFFFFFFFFFFFFFFFFFFFAF
:10B1B000FFFFFFFFFFFFFFFF00000000FFFFFFFF9B
:10B1C000FFFFFFFFFFFFFFFFFFFFFFFF000000008B
:10B1D000FFFFFFFFFFFFFFFFFFFFFFFFFFFFFFFF7F
:10B1E000FFFFFFFFFFFFFFFFFFFFFFFFFFFFFFFF6F
:10B1F000FFFFFFFFFFFFFFFF00000000FFFFFFFF5B
:10B20000FFFFFFFFFFFFFFFFFFFFFFFF000000004A
:10B21000FFFFFFFFFFFFFFFFFFFFFFFFFFFFFFFF3E
:10B22000FFFFFFFFFFFFFFFFFFFFFFFFFFFFFFFF2E
:10B23000FFFFFFFFFFFFFFFF00000000FFFFFFFF1A
:10B24000FFFFFFFFFFFFFFFFFFFFFFFF000000000A
:10B25000FFFFFFFFFFFFFFFFFFFFFFFFFFFFFFFFFE
:10B26000FFFFFFFFFFFFFFFFFFFFFFFFFFFFFFFFEE
:10B27000FFFFFFFFFFFFFFFF00000000FFFFFFFFDA
:10B28000FFFFFFFFFFFFFFFFFFFFFFFF00000000CA
:10B29000FFFFFFFFFFFFFFFFFFFFFFFFFFFFFFFFBE
:10B2A000FFFFFFFFFFFFFFFFFFFFFFFFFFFFFFFFAE
:10B2B000FFFFFFFFFFFFFFFF00000000FFFFFFFF9A
:10B2C000FFFFFFFFFFFFFFFFFFFFFFFF000000008A
:10B2D000FFFFFFFFFFFFFFFFFFFFFFFFFFFFFFFF7E
:10B2E000FFFFFFFFFFFFFFFFFFFFFFFFFFFFFFFF6E
:10B2F000FFFFFFFFFFFFFFFF00000000FFFFFFFF5A
:10B30000FFFFFFFFFFFFFFFFFFFFFFFF0000000049
:10B31000FFFF00000000000000000000000000002F
:10B32000000000000000000000000000000000001D
:10B33000000000000000FFFF00000000FFFFFFFF13
:10B34000FFFFFFFFFFFFFFFFFFFFFFFF0000000009
:10B35000FFFF0000000000000000000000000000EF
:10B3600000000000000000000000000000000000DD
:10B37000000000000000FFFF00000000FFFFFFFFD3
:10B38000FFFFFFFFFFFFFFFFFFFFFFFF00000000C9
:10B39000FFFF0000000000000000000000000000AF
:10B3A000000000000000000000000000000000009D
:10B3B000000000000000FFFF00000000FFFFFFFF93
:10B3C000FFFFFFFFFFFFFFFFFFFFFFFF0000000089
:10B3D000FFFF00000000000000000000000000006F
:10B3E000000000000000000000000000000000005D
:10B3F000000000000000FFFF00000000FFFFFFFF53
:10B40000FFFFFFFFFFFFFFFFFFFFFFFF0000000048
:10B41000FFFFFFFFFFFFFFFFFFFFFFFFFFFFFFFF3C
:10B42000FFFFFFFFFFFFFFFFFFFFFFFFFFFFFFFF2C
:10B43000FFFFFFFFFFFFFFFF00000000FFFFFFFF18
:10B44000FFFFFFFFFFFFFFFFFFFFFFFF0000000008
:10B45000FFFFFFFFFFFFFFFFFFFFFFFFFFFFFFFFFC
:10B46000FFFFFFFFFFFFFFFFFFFFFFFFFFFFFFFFEC
:10B47000FFFFFFFFFFFFFFFF00000000FFFFFFFFD8
:10B48000FFFFFFFFFFFFFFFFFFFFFFFF00000000C8
:10B49000FFFF0000000000000000000000000000AE
:10B4A000000000000000000000000000000000009C
:10B4B000000000000000FFFF00000000FFFFFFFF92
:10B4C000FFFFFFFFFFFFFFFFFFFFFFFF0000000088
:10B4D000FFFF00000000000000000000000000006E
:10B4E000000000000000000000000000000000005C
:10B4F000000000000000FFFF00000000FFFFFFFF52
:10B50000FFFFFFFFFFFFFFFFFFFFFFFF0000000047
:10B51000FFFF00000000000000000000000000002D
:10B52000000000000000000000000000000000001B
:10B53000000000000000FFFF00000000FFFFFFFF11
:10B54000FFFFFFFFFFFFFFFFFFFFFFFF0000000007
:10B55000FFFF0000000000000000000000000000ED
:10B5600000000000000000000000000000000000DB
:10B57000000000000000FFFF00000000FFFFFFFFD1
:10B58000FFFFFFFFFFFFFFFFFFFFFFFF00000000C7
:10B59000FFFFFFFFFFFFFFFFFFFFFFFFFFFFFFFFBB
:10B5A000FFFFFFFFFFFFFFFFFFFFFFFFFFFFFFFFAB
:10B5B000FFFFFFFFFFFFFFFF00000000FFFFFFFF97
:10B5C000FFFFFFFFFFFFFFFFFFFFFFFF0000000087
:10B5D000FFFFFFFFFFFFFFFFFFFFFFFFFFFFFFFF7B
:10B5E000FFFFFFFFFFFFFFFFFFFFFFFFFFFFFFFF6B
:10B5F000FFFFFFFFFFFFFFFF00000000FFFFFFFF57
:10B60000FFFFFFFFFFFFFFFFFFFFFFFF0000000046
:10B61000FFFFFFFFFFFFFFFFFFFFFFFFFFFFFFFF3A
:10B62000FFFFFFFFFFFFFFFFFFFFFFFFFFFFFFFF2A
:10B63000FFFFFFFFFFFFFFFF00000000FFFFFFFF16
:10B64000FFFFFFFFFFFFFFFFFFFFFFFF0000000006
:10B65000FFFFFFFFFFFFFFFFFFFFFFFFFFFFFFFFFA
:10B66000FFFFFFFFFFFFFFFFFFFFFFFFFFFFFFFFEA
:10B67000FFFFFFFFFFFFFFFF00000000FFFFFFFFD6
:10B68000FFFFFFFFFFFFFFFFFFFFFFFF00000000C6
:10B69000FFFF0000000000000000000000000000AC
:10B6A000000000000000000000000000000000009A
:10B6B000000000000000FFFF00000000FFFFFFFF90
:10B6C000FFFFFFFFFFFFFFFFFFFFFFFF0000000086
:10B6D000FFFF00000000000000000000000000006C
:10B6E000000000000000000000000000000000005A
:10B6F000000000000000FFFF00000000FFFFFFFF50
:10B70000FFFFFFFFFFFFFFFFFFFFFFFF0000000045
:10B71000FFFF00000000000000000000000000002B
:10B720000000000000000000000000000000000019
:10B73000000000000000FFFF00000000FFFFFFFF0F
:10B74000FFFFFFFFFFFFFFFFFFFFFFFF0000000005
:10B75000FFFF0000000000000000000000000000EB
:10B7600000000000000000000000000000000000D9
:10B77000000000000000FFFF00000000FFFFFFFFCF
:10B78000FFFFFFFFFFFFFFFFFFFFFFFF00000000C5
:10B79000FFFFFFFFFFFFFFFFFFFFFFFFFFFFFFFFB9
:10B7A000FFFFFFFFFFFFFFFFFFFFFFFFFFFFFFFFA9
:10B7B000FFFFFFFFFFFFFFFF00000000FFFFFFFF95
:10B7C000FFFFFFFFFFFFFFFFFFFFFFFF0000000085
:10B7D000FFFFFFFFFFFFFFFFFFFFFFFFFFFFFFFF79
:10B7E000FFFFFFFFFFFFFFFFFFFFFFFFFFFFFFFF69
:10B7F000FFFFFFFFFFFFFFFF00000000FFFFFFFF55
:10B80000FFFFFFFFFFFFFFFFFFFFFFFF0000000044
:10B81000FFFF00000000000000000000000000002A
:10B820000000000000000000000000000000000018
:10B83000000000000000FFFF00000000FFFFFFFF0E
:10B84000FFFFFFFFFFFFFFFFFFFFFFFF0000000004
:10B85000FFFF0000000000000000000000000000EA
:10B8600000000000000000000000000000000000D8
:10B87000000000000000FFFF00000000FFFFFFFFCE
:10B88000FFFFFFFFFFFFFFFFFFFFFFFF00000000C4
:10B89000FFFF0000000000000000000000000000AA
:10B8A0000000000000000000000000000000000098
:10B8B000000000000000FFFF00000000FFFFFFFF8E
:10B8C000FFFFFFFFFFFFFFFFFFFFFFFF0000000084
:10B8D000FFFF00000000000000000000000000006A
:10B8E0000000000000000000000000000000000058
:10B8F000000000000000FFFF00000000FFFFFFFF4E
:10B90000FFFFFFFFFFFFFFFFFFFFFFFF0000000043
:10B91000FFFFFFFFFFFFFFFFFFFFFFFFFFFFFFFF37
:10B92000FFFFFFFFFFFFFFFFFFFFFFFFFFFFFFFF27
:10B93000FFFFFFFFFFFFFFFF00000000FFFFFFFF13
:10B94000FFFFFFFFFFFFFFFFFFFFFFFF0000000003
:10B95000FFFFFFFFFFFFFFFFFFFFFFFFFFFFFFFFF7
:10B96000FFFFFFFFFFFFFFFFFFFFFFFFFFFFFFFFE7
:10B97000FFFFFFFFFFFFFFFF00000000FFFFFFFFD3
:10B98000FFFFFFFFFFFFFFFFFFFFFFFF00000000C3
:10B99000FFFFFFFFFFFFFFFFFFFFFFFFFFFFFFFFB7
:10B9A000FFFFFFFFFFFFFFFFFFFFFFFFFFFFFFFFA7
:10B9B000FFFFFFFFFFFFFFFF00000000FFFFFFFF93
:10B9C000FFFFFFFFFFFFFFFFFFFFFFFF0000000083
:10B9D000FFFFFFFFFFFFFFFFFFFFFFFFFFFFFFFF77
:10B9E000FFFFFFFFFFFFFFFFFFFFFFFFFFFFFFFF67
:10B9F000FFFFFFFFFFFFFFFF00000000FFFFFFFF53
:10BA0000FFFFFFFFFFFFFFFFFFFFFFFF0000000042
:10BA10000000000000000000000000000000000026
:10BA20000000000000000000000000000000000016
:10BA3000000000000000000000000024FFFFFFFFE6
:10BA4000FFFFFFFFFFFFFFFFFFFFFFFF6D00000095
:10BA500000000000000000000000000000000000E6
:10BA600000000000000000000000000000000000D6
:10BA700000000000000000000000006DFFFFFFFF5D
:10BA8000FFFFFFFFFFFFFFFFFFFFFFFFDB240000C3
:10BA900000000000000000000000000000000000A6
:10BAA0000000000000000000000000000000000096
:10BAB0000000000000000000000024DBFFFFFFFF8B
:10BAC000FFFFFFFFFFFFFFFFFFFFFFFFFFDB6D003B
:10BAD0000000000000000000000000000000000066
:10BAE0000000000000000000000000000000000056
:10BAF0000000000000000000006DDBFFFFFFFFFF03
:10BB0000FFFFFFFF24000000000000000000000015
:10BB10000000000000DBFFFFFFFF240049FFDB24E3
:10BB200000B6FFFF000092FFDB2400000024FFFFAF
:10BB3000FFFFDB2400000000000000000000000008
:10BB400000000024240000000000000000000000AD
:10BB50000000000000DBFFFFFFFF240049FFDB24A3
:10BB600000B6FFFF000092FFDB2400000024FFFF6F
:10BB7000FFFFDB24000000000000000000000000C8
:10BB8000000000242400246D6D6D6D6D6D6D6D6D74
:10BB90006D6D490000DBFFFFFFFF240049FFFF92AE
:10BBA0006DDBFFFF000092FFFF926D240024929254
:10BBB000FFFFDB2400496D6D6D6D6D6D6D6D6D6DFD
:10BBC0006D240024240049FFFFFFFFFFFFFFFFFF5C
:10BBD000FFFFB60000DBFFFFFFFF240049FFFFFF70
:10BBE000FFFFFFFF000092FFFFFFFF490000000082
:10BBF000DBFFDB2400B6FFFFFFFFFFFFFFFFFFFFC0
:10BC0000FF490024240049FFFFFFDBDBDBDBDBDB3C
:10BC1000FFFFB60000DBFFFFDBDB240049FFFFFF77
:10BC2000FFFFFFFF000092FFFFFFDB49000024241D
:10BC3000DBFFDB2400B6FFFFDBDBDBDBDBDBFFFF57
:10BC4000FF490024240049FFFF2424242424242421
:10BC5000DBFFB60000DBFFDB2424000049FFFFFF11
:10BC6000FFFFFFFF000092FFFF2400000024FFFF02
:10BC7000FFFFDB2400B6FF9224242424242449FF60
:10BC8000FF490024240049FFDB24000000000000DD
:10BC9000DBFFB60000DBFFDB000000006DFFFFFFF5
:10BCA000FFFFFFFF000092FFFF2400000049FFFF9D
:10BCB000FFFFDB2400B6FF6D00000000000024FF42
:10BCC000FF490024240049FFDB240000000000009D
:10BCD000DBFFB60000DBFFDB000092DBDBFFFFFFDA
:10BCE000FFFFFFFFDBDBFFFFFFDBDBDBDBB64949F1
:10BCF000DBFFDB2400B6FF6D00000000000024FF26
:10BD0000FF490024240049FFDB240000000000005C
:10BD1000DBFFB60000DBFFDB0000DBFFFFFFFFFF08
:10BD2000FFFFFFFFFFFFFFFFFFFFFFFFFFDB000045
:10BD3000DBFFDB2400B6FF6D00000000000024FFE5
:10BD4000FF490024240049FFDB240000000000001C
:10BD5000DBFFB60000DBFFDB6D6DDBFFFFDBDBDB5A
:10BD6000DBDBDBDBDBDBFFFFFFDBDBFFFFDB2424DD
:10BD7000DBFFDB2400B6FF6D00000000000024FFA5
:10BD8000FF490024240049FFDB24000000000000DC
:10BD9000DBFFB60000DBFFFFFFFFFFFFDB00000063
:10BDA00000000000000092FFDB0000DBFFFFFFFF50
:10BDB000FFFFDB2400B6FF6D00000000000024FF41
:10BDC000FF490024240049FFDB240000000000009C
:10BDD000DBFFB60000DBFFFFFFFFFFFFDB00000023
:10BDE00000000000000092FFDB0000DBFFFFFFFF10
:10BDF000FFFFDB2400B6FF6D00000000000024FF01
:10BE0000FF490024240049FFFFDBDBDBDBDBDBDB5E
:10BE1000FFFFB60000DBFFFFFFFFB692926D6D6D76
:10BE20006D240000DBDBFFFFFFDBB69292B6FFFF65
:10BE3000FFFFDB2400B6FFDBDBDBDBDBDBDBDBFF79
:10BE4000FF490024240049FFFFFFFFFFFFFFFFFF22
:10BE5000FFFFB60000DBFFFFFFFF240049FFFFFFED
:10BE6000FF6D0000FFFFFFFFFFFFB6000024FFFF94
:10BE7000FFFFDB2400B6FFFFFFFFFFFFFFFFFFFF19
:10BE8000FF490024240024929292929292929292DC
:10BE90009292490000DBFFFFDBDB240049DBDBFF84
:10BEA000FF924924DBDBDBDBDBDB92000024DBDB06
:10BEB000FFFFDB24006D9292929292929292929264
:10BEC0009224002424000000000000000000000074
:10BED0000000000000DBFFDB00000000000024FF8A
:10BEE000FFFFFF490000000000000000000000000C
:10BEF000DBFFDB2400000000000000000000000069
:10BF0000000000246D242424242424242424242414
:10BF10002424242449DBFFDB00000000000024FF70
:10BF2000FFFFFF49000000000000000000000000CB
:10BF3000DBFFFF492424242424242424242424242F
:10BF40002424246DFFFFFFFFFFFFFFFFFFFFFFFF24
:10BF5000FFFFFFFFFFFFFFFFDBDB240049DBDBFF11
:10BF6000FFFFFFDBDB92000000B6DB240024DBDBFD
:10BF7000FFFFFFFFFFFFFFFFFFFFFFFFFFFFFFFFD1
:10BF8000FFFFFFFFFFFFFFFFFFFFFFFFFFFFFFFFC1
:10BF9000FFFFFFFFFFFFFFFFFFFF240049FFFFFF41
:10BFA000FFFFFFFFFFDB000024DBFF490024FFFF52
:10BFB000FFFFFFFFFFFFFFFFFFFFFFFFFFFFFFFF91
:10BFC000FFFFFFFFFFFFFFFFFF9292DBFFFF929259
:10BFD000FFFFFF92929292DBFFFF926DB6FFFFB6DA
:10BFE00092929292FFDB000024DBFFB66D6D92927D
:10BFF0009292B6FFFFFFFFFFFFFF92929292B6FF71
:10C00000FFFFFFFFFFFFFFFFDB2400B6FFDB0000A9
:10C01000DBFFDB0000000092FFFFFFFFFFFFFF24BC
:10C0200000000000FFDB000024DBFFFFFFDB00005F
:10C03000000049FFFFFFFFFFFFFF0000000024FF9B
:10C04000FFFFFFFFFFFFFFFFDB2400B6FFDB000069
:10C05000DBFFDB0000000092FFFFFFFFFFFFFF247C
:10C0600000000000FFDB000024DBFFFFFFDB00001F
:10C07000000049FFFFFFFFFFFFFF0000000024FF5B
:10C08000FFFFFFFFB692929292FFFFFFFFDB0000DF
:10C09000DBFFFFFFFFFFFFFFFFFF6D246DFFFFFFD3
:10C0A000FFFFFFFFFFDB000024DBFFFFFFFFDBDB09
:10C0B000240049FFFF6D24B6FFFF000092FFDB0064
:10C0C000000000242400000024DBFFFFFFDB000051
:10C0D000DBFFFFFFFFFFFFFFFFFF240049FFFFFF24
:10C0E000FFFFFFFFFFDB000024DBFFFFFFFFFFFF81
:10C0F000240049FFFF240092FFFF000092FFDB00B5
:10C10000000000246D24242449B6DBDBDBB62424A4
:10C110006D92929292FFFFFFFFFF240049FFFFDB29
:10C12000DBDBDBFFFFDB000024DBFFFFFFFFB6B63E
:10C1300024002492926D4992B6B6000049926D0097
:10C1400000000024FFFFFFFFDB2400000049FFFF89
:10C150002400000024DBFFFFFFFF240049FFB6009E
:10C16000000000B6FFDB000024DBFFFFFFDB000068
:10C170000000000000DBFFDB00000000000000000A
:10C1800000000024FFFFFFFFDB0000000024FFFF92
:10C190002400002449FFFFFFDBDB492449FF920014
:10C1A000000000B6FFB6000000B6DBDBDBB62424DF
:10C1B0002424242424FFFFDB2424242424242424D2
:10C1C000242424496D242424240000000000242475
:10C1D000000049FFFFFFFF922424FFDB49242400D5
:10C1E0000000002424240000000000000049DBDBE4
:10C1F000DBDBDBDBFFFFFFFFDBDBDBDBDBDBDBDBFF
:10C20000DBDBDBFF2400000000000000000000007A
:10C2100000006DFFFFFFFF6D0000FFFF2400000026
:10C220000000000000000000000000000049FFFFC7
:10C23000FFFFFFFFFFFFFFFFFFFFFFFFFFFFFFFF0E
:10C24000FFFFFFFF926D6D6D6D6D6D6D6D490000AF
:10C2500092DBB69292FFFFDBB6B6FFFF2400006DC3
:10C260006D240000496D490000B6DBDBDBDBFFFF1E
:10C27000FFFFFF9292FFFFB69292FFFFFFFFFF9238
:10C28000929292B6FFFFFFFFFFFFFFFFFFDB000070
:10C29000DBFFB60024DBFFFFFFFFFFFF240024DBF2
:10C2A000FF490000DBFFB60024DBFFFFFFFFFFFFBD
:10C2B000FFFFDB0024DBFF6D0000FFFFFFFFDB0063
:10C2C00000000024FFFFFFFFFFFFFFFFFFDB000078
:10C2D000DBFFB60024DBFFFFFFFFFFFF240024DBB2
:10C2E000FF490000DBFFB60024DBFFFFFFFFFFFF7D
:10C2F000FFFFDB0024DBFF6D0000FFFFFFFFDB0023
:10C3000000000024240000000000000000000000E5
:10C310000000000000000092FFDB000049FFDB246A
:10C3200000000000DBFFB60024DBFFFFFFDB0000A6
:10C33000DBFFDB00000000000000FFFF6D000000DD
:10C3400000000024240000000000000000000000A5
:10C350000000000000000092FFDB000049FFDB242A
:10C3600000000000DBFFB60024DBFFFFFFDB000066
:10C37000DBFFDB00000000000000FFFF6D0000009D
:10C380000000002424000000006D6D6D6D6D6D6D6A
:10C390006D6D6D6D6D6D6DDBFFDB000049FFFF9214
:10C3A0006D240000DBFFB600006D929292926D6DDD
:10C3B000DBFFFF6D6D6D6D6D6D6DFFFF6D0000003E
:10C3C00000496D922400000024DBFFFFFFFFFFFF08
:10C3D000FFFFFFFFFFFFFFFFFFDB000049FFFFFF45
:10C3E000FF490000DBFFB600000000000024FFFF53
:10C3F000FFFFFFFFFFFFFFFFFFFFFFFF6D000000DC
:10C4000000B6FFFF6D24242449FFFFFFDBDBDBDBED
:10C41000DBDBFFFFFFFFFFDBDB9200246DDBDBDB01
:10C42000DB240000DBFFB62424242424246DFFFF3A
:10C43000FFDBDBDBDBDBDBFFFFFFDBDB6D24240073
:10C4400000B6FFFFFFFFFFFFFFFFFF6D2424242442
:10C45000242449FFFFFFFF49000049FFDB240000BF
:10C4600000000000DBFFFFFFFFFFFFFFFFFFFFFFFC
:10C470004924242424242492FFFF000092FFB600C4
:10C4800000B6FFFFFFFFFFFFFFFFFF4900000000B6
:10C49000000024FFFFFFFF49000049FFFF240000C8
:10C4A00000000000DBFFFFFFFFFFFFFFFFFFFFFFBC
:10C4B0002400000000000092FFFF00006DFFB600A6
:10C4C00000B6FFFF6D4992FFFF6D4992B6B6B6B652
:10C4D000B6B6B6FFFFFFFF49000049FFFFDBDBDB1D
:10C4E000DBDBDBDB4949B6FFDB6D6DDBFFDB49499D
:10C4F00000002492B6B6B6B624240000002424001E
:10C500000024246D240049FFDB2400B6FFFFFFFF59
:10C51000FFFFFFFFFFFFFF49000049FFFFFFFFFF95
:10C52000FFFFFFFF000092FFDB0000DBFFDB0000EE
:10C53000000024FFFFFFFFDB000000000000000000
:10C5400000000024240049DBB64949DBFFFF92923A
:10C550009292929292929224000049FFFFDBDBFFBD
:10C56000FFDBDBDB00006DDB920000DBFFDB0000AC
:10C57000242449B6DBFFFFDB0000496D6D6D6D6D56
:10C580006D6D6D922400000024DBFFFFFFDB0000D7
:10C590000000000000000000000049FFB60024DB9E
:10C5A000FF6D000000000000000000DBFFDB00006A
:10C5B000DBFFB60024DBFFDB0000DBFFFFFFFFFF3C
:10C5C000FFFFFFFF2400000024DBFFFFFFDB000074
:10C5D0000000000000000000000049FFB60024DB5E
:10C5E000FF6D000000000000000000DBFFDB00002A
:10C5F000DBFFB60024DBFFDB0000DBFFFFFFFFFFFC
:10C60000FFFFFFFFDBDB920024DBFFFFFFDB00000F
:10C61000246D6D6D6D6D6D24000049FFFFDBDB49FE
:10C620000024DBDBDBDBDBDBDBDBDBFFFFDB00005A
:10C63000DBFFFFDBDBFFFFFFFFFFFFFFFFFFFFFF76
:10C64000FFFFFFFFFFFFB60024DBFFFFFFDB000063
:10C6500092FFFFFFFFFFFF6D000049FFFFFFFF4953
:10C660000024FFFFFFFFFFFFFFFFFFFFFFDB0000D6
:10C67000DBFFFFFFFFFFFFFFFFFFFFFFFFFFFFFFEE
:10C68000FFFFFFFFDBB692496DFFFFFFFFDB0000FE
:10C6900092FFFFDBDBFFFF6D000024929292926D10
:10C6A0006D92FFFFFFFFFFFFFFFFFFDBDBB6494996
:10C6B000DBFFFFFFFFFFFFFFFFFFFFFFFFFFFFFFAE
:10C6C000FFFFFFFF490049FFFFFFFFFFFFDB000007
:10C6D00092FFDB2424DBFF6D00000000000000B6A9
:10C6E000FFFFFFFFFFFFB62449FFFF490049FFFF9F
:10C6F000FFFFFF4924242424242424242424242444
:10C700002424246D49246DFFFFDBDBDBDB9200007A
:10C7100092FFDB2424DBFF6D00000024242424DBB3
:10C72000FFFFFFFFFFFFB60024DBFF490024FFFFF0
:10C73000FFFFDB24000000000000000000000000FC
:10C7400000000024FFDBFFFFFF24000000000000CA
:10C7500092FFFFDBDBFFFF6D000049FFFFFFFFFFE4
:10C76000FFFF92929292926D92FFFF490000242463
:10C77000DBFFDB240092DBDBDBDBDBDBDBDBDBDBC0
:10C78000DB240024FFFFFFFFFF2400000000000067
:10C7900092FFFFFFFFFFFF6D000049FFFFFFFFFF5C
:10C7A000FFDB0000000049FFFFFFFF490000000021
:10C7B000DBFFDB2400B6FFFFFFFFFFFFFFFFFFFFF4
:10C7C000FF490024FFFFFFFFFFDBDBDBDB92000004
:10C7D00049929292929292240000002449FFFFFF16
:10C7E000FFDB0000000049FFFFFFFFB66D490000BE
:10C7F000DBFFDB2400B6FFB6929292929292B6FFD4
:10C80000FF490024240049FFFFFFFFFFFFDB00007A
:10C8100000000000000000000000000024DBFF49D1
:10C820000024FFFFFFFFFFFFDB2400B6FFDB00005B
:10C83000DBFFDB2400B6FF6D00000000000024FFDA
:10C84000FF490024240049FFFFFFFFFFFFDB6D6D60
:10C850006D6D6D6D6D6D6D6D6D6D6D6D92FFFF49E3
:10C860000024FFFFFFFFFFFFDB2400B6FFDB00001B
:10C87000DBFFDB2400B6FF6D00000000000024FF9A
:10C88000FF490024926D6D92929292DBFFFFFFFFB1
:10C89000FFFFFFFFFFFFFFFFFFFFFFFFFFFFFF495E
:10C8A00000249292929292926D0000B6FFFFFFFFD9
:10C8B000FFFFDB2400B6FF6D00000000000024FF36
:10C8C000FF490024FFFFB600000000B6FFFFFFFF96
:10C8D000FFFFFFFFFFFFFFFFFFFFFFFFFFFFFF491E
:10C8E0000000000000000000000000B6FFFFFFFF96
:10C8F000FFFFDB2400B6FF6D00000000000024FFF6
:10C90000FF490024DBDB9200000000B6FFFFDBDB09
:10C91000FFFFFFFFFFFFFFFFFFFFFFDBDBDBDB2492
:10C920000000242424242400004949B6DBDBDBDB9F
:10C93000FFFFDB2400B6FF6D00000000000024FFB5
:10C94000FF49002449000000000000B6FFDB0000A2
:10C95000DBFFFFFFFFFFFFFFFFFFB600000000004F
:10C960000024FFFFFFFF920000DBFF4900000000F2
:10C97000DBFFDB2400B6FF6D00000000000024FF99
:10C98000FF49002449000000000000B6FFDB000062
:10C99000B6FFFFFFFFFFFFFFFFFFB6000000000034
:10C9A0000024FFFFFFFFB60024DBFF6D24242424B6
:10C9B000DBFFDB2400B6FF922424242424246DFF13
:10C9C000FF490024DBDB9200000000B6FFDB000023
:10C9D00024246DFFFFFFFFFF6D246DDBDBDBDB2419
:10C9E00000002424DBFFB60024DBFFFFDBDBDBDB06
:10C9F000FFFFDB2400B6FFFFFFFFFFFFFFFFFFFF8E
:10CA0000FF490024FFFFB600000000B6FFDB000076
:10CA1000000049FFFFFFFFFF240049FFFFFFFF4920
:10CA200000000000DBFFB60000DBFFFFFFFFFFFFA1
:10CA3000FFFFDB2400B6FFFFFFFFFFFFFFFFFFFF4D
:10CA4000FF490024B69292B6B6B6B692926D000037
:10CA50000000249292FFFFFF240049FFFF929224DE
:10CA600000006D6D92924900004949DBFFFF9292F0
:10CA7000FFFFDB240024242424242424242424242D
:10CA800024000024240049FFFFFFFF4900000000AC
:10CA90000000000000DBFFFF240049FFDB24000052
:10CAA0000024FFFF24000000000000B6FFDB0000B0
:10CAB000DBFFDB240000000000000000000000009D
:10CAC00000000024240049FFFFFFFF490000000090
:10CAD0000000000000DBFFFF240049FFDB24000012
:10CAE0000024FFFF24000000000000B6FFDB000070
:10CAF000DBFFDB240000000000000000000000005D
:10CB000000000024926D242424242424242424249A
:10CB100024242424242424242424242424242424D5
:10CB200024242424242424242424242424242424C5
:10CB3000242424242424242449496D92DBDBFFFF90
:10CB4000FFFFFFFF4924000000000000000000007C
:10CB500000000000000000000000000000000000D5
:10CB600000000000000000000000000000000000C5
:10CB7000000000000000000000002424496DB6DB26
:10CB8000FFFFFFFF4900000024494949494949493D
:10CB90004949494949494949494949494949494905
:10CBA00049494949494949494949494949494949F5
:10CBB00049494949494949494924240000246D9279
:10CBC000DBFFFFFF4900002492DBFFFFFFFFFFFFB9
:10CBD000FFFFFFFFFFFFFFFFFFFFFFFFFFFFFFFF65
:10CBE000FFFFFFFFFFFFFFFFFFFFFFFFFFFFFFFF55
:10CBF000FFFFFFFFFFFFFFFFDBB66D4900000049AD
:10CC0000B6DBFFFF49000024B6FFFFFFFFFFFFFF79
:10CC1000FFFFFFFFFFFFFFFFFFFFFFFFFFFFFFFF24
:10CC2000FFFFFFFFFFFFFFFFFFFFFFFFFFFFFFFF14
:10CC3000FFFFFFFFFFFFFFFFFFFFDBB649240024DC
:10CC40006D92FFFF49000024B6FFFFFFFFFFFFFFCB
:10CC5000FFFFDBB6B6B6DBFFFFFFFFFFFFFFFFFF07
:10CC6000FFFFFFFFFFFFFFFFFFFFFFFFFFFFFFFFD4
:10CC7000FFFFFFFFFFFFFFFFFFFFFFFFB66D00009D
:10CC8000246DDBFF49000024B6FFFFFFFFFFFFFF1D
:10CC9000FFFF9249242492DBFFFFFFFFFFFFFFFF0E
:10CCA000FFFFFFFFFFFFFFFFFFFFFFFFFFFFFFFF94
:10CCB000FFFFFFFFFFFFFFFFFFFFFFFFDBB62400CB
:10CCC0000049DBFF49000024B6FFFFFFFFFFFFFF25
:10CCD000FFFF9249000049B6DBFFFFFFFFFFFFFFA8
:10CCE000FFFFFFFFFFFFFFFFFFFFFFFFFFFFFFFF54
:10CCF000FFFFFFFFFFFFFFFFFFFFFFFFFFB6240067
:10CD00000024DBFF49000024B6FFFFFFFFFFFFFF09
:10CD1000FFFFB66D2400246DB6FFFFFFFFFFFFFF8E
:10CD2000FFFFFFDBB692926D6D6D6D6D9292DBDB56
:10CD3000FFFFFFFFFFFFFFFFFFFFFFFFFFB6240026
:10CD40000024DBFF49000024B6FFFFFFFFFFFFFFC9
:10CD5000FFFFDBB64900002492DBFFFFFFFFFFFF70
:10CD6000FFDB9292492424000000000024496D92C8
:10CD7000B6DBFFFFFFFFFFFFFFFFFFFFFFB6240053
:10CD80000024DBFF49000024B6FFFFFFFFFFFFFF89
:10CD9000FFFFFFFF6D2400006DB6FFFFFFFFFFFFE9
:10CDA000B66D24000000000000000000000000003C
:10CDB000246DDBFFFFFFFFFFFFFFFFFFFFB6240037
:10CDC0000024DBFF49000024B6FFFFFFFFFFFFFF49
:10CDD000FFFFFFFF92492400496DDBFFFFFFDB925D
:10CDE00049240000244992B6B6B6B6926D490000B7
:10CDF00000244992FFFFFFFFFFFFFFFFFFB6240063
:10CE00000024DBFF49000024B6FFFFFFFFFFFFFF08
:10CE1000FFFFFFFFDB9249000024496D92924924F5
:10CE20000000244992B6DBFFFFFFFFFFDBB66D4930
:10CE300000000049DBDBFFFFFFFFFFFFFFB6240020
:10CE40000024DBFF49000024B6FFFFFFFFFFFFFFC8
:10CE5000FFFFFFFFFFDB6D2400000000000000006B
:10CE600000246DB6FFFFFFFFFFFFFFFFFFFFDBB6F4
:10CE7000492400246DB6FFFFFFFFFFFFFFB624002B
:10CE80000024DBFF49000024B6FFFFFFFFFFFFFF88
:10CE9000FFFFFFFFFFFFB66D240000000000000051
:10CEA000246DB6DBFFFFFFFFFFFFFFFFFFFFFFDB90
:10CEB000924900004992FFFFFFFFFFFFFFB62400E9
:10CEC0000024DBFF49000024B6FFFFFFFFFFFFFF48
:10CED000FFFFFFFFFFFFDBDBB6B6B6B66D24000039
:10CEE0004992FFFFFFFFFFFFFFFFFFFFFFFFFFFF75
:10CEF000DB6D0000006DFFFFFFFFFFFFFFB62400AA
:10CF00000024DBFF49000024B6FFFFFFFFFFFFFF07
:10CF1000FFFFFFFFFFFFFFFFFFFFFFFFB64900001E
:10CF200049B6FFFFFFFFFFFFFFFFFFFFFFFFFFFF10
:10CF3000FF920000006DFFFFFFFFFFFFFFB6240020
:10CF40000024DBFF49000024B6FFFFFFFFFFFFFFC7
:10CF5000FFFFFFFFFFFFFFFFDBDBDBDB9249000092
:10CF60004992FFFFFFFFFFFFFFFFFFFFFFFFFFFFF4
:10CF7000DB920000006DFFFFFFFFFFFFFFB6240004
:10CF80000024DBFF49000024B6FFFFFFFFFFFFFF87
:10CF9000FFFFFFFFFFFFB692494924242400000051
:10CFA000246DDBFFFFFFFFFFFFFFFFFFFFFFFFDB46
:10CFB000B66D0000246DFFFFFFFFFFFFFFB62400EA
:10CFC0000024DBFF49000024B6FFFFFFFFFFFFFF47
:10CFD000FFFFFFFFFFDB92240000000000000000C5
:10CFE000244992DBFFFFFFFFFFFFFFFFFFFFFFB6BC
:10CFF0006D2400246D92FFFFFFFFFFFFFFB62400AA
:10D000000024DBFF49000024B6FFFFFFFFFFFFFF06
:10D01000FFFFFFFFDBB64900000024242424240086
:10D0200000004992DBDBFFFFFFFFFFFFFFDBB66D78
:10D0300000000049B6DBFFFFFFFFFFFFFFB6240043
:10D040000024DBFF49000024B6FFFFFFFFFFFFFFC6
:10D05000FFFFFFFFB66D2400246DB6DBFFFFB66D4A
:10D0600024000024496DB6DBFFFFDBDB926D242436
:10D070000000246DFFFFFFFFFFFFFFFFFFB624004E
:10D080000024DBFF49000024B6FFFFFFFFFFFFFF86
:10D09000FFFFFFFF922400004992DBFFFFFFFFDB51
:10D0A0006D490000002449494949494924240000A8
:10D0B0002449B6DBFFFFFFFFFFFFFFFFFFB62400A1
:10D0C0000024DBFF49000024B6FFFFFFFFFFFFFF46
:10D0D000FFFFDBDB6D0000006DDBFFFFFFFFFFFFED
:10D0E000DBB66D4924240000000000000024244920
:10D0F00092B6FFFFFFFFFFFFFFFFFFFFFFB6240019
:10D100000024DBFF49000024B6FFFFFFFFFFFFFF05
:10D11000FFFFB69224002449B6DBFFFFFFFFFFFFAD
:10D12000FFFFDBB6926D492424242424496DB6DB2D
:10D13000FFFFFFFFFFFFFFFFFFFFFFFFFFB6240022
:10D140000024DBFF49000024B6FFFFFFFFFFFFFFC5
:10D15000FFFF924900004992DBFFFFFFFFFFFFFF47
:10D16000FFFFFFFFFFFFDBDBDBDBDBDBDBFFFFFFCB
:10D17000FFFFFFFFFFFFFFFFFFFFFFFFFFB62400E2
:10D180000024DBFF49000024B6FFFFFFFFFFFFFF85
:10D19000FFFF924924246DB6FFFFFFFFFFFFFFFF53
:10D1A000FFFFFFFFFFFFFFFFFFFFFFFFFFFFFFFF8F
:10D1B000FFFFFFFFFFFFFFFFFFFFFFFFFFB62400A2
:10D1C0000024DBFF49000024B6FFFFFFFFFFFFFF45
:10D1D000FFFFB6926D6DB6FFFFFFFFFFFFFFFFFF82
:10D1E000FFFFFFFFFFFFFFFFFFFFFFFFFFFFFFFF4F
:10D1F000FFFFFFFFFFFFFFFFFFFFFFFFFFB6240062
:10D200000024DBFF49000024B6FFFFFFFFFFFFFF04
:10D21000FFFFFFFFFFFFFFFFFFFFFFFFFFFFFFFF1E
:10D22000FFFFFFFFFFFFFFFFFFFFFFFFFFFFFFFF0E
:10D23000FFFFFFFFFFFFFFFFFFFFFFFFFFB6240021
:10D240000024DBFF49000024B6FFFFFFFFFFFFFFC4
:10D25000FFFFFFFFFFFFFFFFFFFFFFFFFFFFFFFFDE
:10D26000FFFFFFFFFFFFFFFFFFFFFFFFFFFFFFFFCE
:10D27000FFFFFFFFFFFFFFFFFFFFFFFFFFB62400E1
:10D280000024DBFF49000024B6FFFFFFFFFFFFFF84
:10D29000FFFFFFFFFFFFFFFFFFFFFFFFFFFFFFFF9E
:10D2A000FFFFFFFFFFFFFFFFFFFFFFFFFFFFFFFF8E
:10D2B000FFFFFFFFFFFFFFFFFFFFFFFFFFB62400A1
:10D2C0000024DBFF49000024B6FFFFFFFFFFFFFF44
:10D2D000FFFFFFFFFFFFFFFFFFFFFFFFDBDBFFFFA6
:10D2E000FFFFFFFFDBDBFFFFFFFFFFFFDBDBDBFF02
:10D2F000FFFFFFFFFFFFFFFFFFFFFFFFFFB6240061
:10D300000024DBFF49000024B6FFFFFFFFFFFFFF03
:10D31000FFFFFFFFFFFFFFFFFFFFB692494992DBD0
:10D32000FFFFDB92494992B6FFFFFFB649496DB650
:10D33000FFFFFFFFFFFFFFFFFFFFFFFFFFB6240020
:10D340000024DBFF49000024B6FFFFFFFFFFFFFFC3
:10D35000FFFFFFFFFFFFFFFFFFFFB64900006DB6B5
:10D36000FFFFDB6D00004992FFFFDB92000024927B
:10D37000FFFFFFFFFFFFFFFFFFFFFFFFFFB62400E0
:10D380000024DBFF49000024B6FFFFFFFFFFFFFF83
:10D39000FFFFFFFFFFFFFFFFFFFF9224000049B6E2
:10D3A000FFFFB64900002492FFFFDB6D0000006D17
:10D3B000FFFFFFFFFFFFFFFFFFFFFFFFFFB62400A0
:10D3C0000024DBFF49000024B6FFFFFFFFFFFFFF43
:10D3D000FFFFFFFFFFFFFFFFFFFF9224000049B6A2
:10D3E000FFFFB64900002492FFFFDB6D0000006DD7
:10D3F000FFFFFFFFFFFFFFFFFFFFFFFFFFB6240060
:10D400000024DBFF49000024B6FFFFFFFFFFFFFF02
:10D41000FFFFFFFFFFFFFFFFFFFF9224000049B661
:10D42000FFFFB64900002492FFFFDB6D0000006D96
:10D43000FFFFFFFFFFFFFFFFFFFFFFFFFFB624001F
:10D440000024DBFF49000024B6FFFFFFFFFFFFFFC2
:10D45000FFFFFFFFFFFFFFFFFFFF9224000049B621
:10D46000FFFFB64900002492FFFFDB6D0000006D56
:10D47000FFFFFFFFFFFFFFFFFFFFFFFFFFB62400DF
:10D480000024DBFF49000024B6FFFFFFFFFFFFFF82
:10D49000FFFFFFFFFFFFFFFFFFFF9224000049B6E1
:10D4A000FFFFB64900002492FFFFDB6D0000006D16
:10D4B000FFFFFFFFFFFFFFFFFFFFFFFFFFB624009F
:10D4C0000024DBFF49000024B6FFFFFFFFFFFFFF42
:10D4D000FFFFFFFFFFFFFFFFFFFF9224000049B6A1
:10D4E000FFFFB64900002492FFFFDB6D0000006DD6
:10D4F000FFFFFFFFFFFFFFFFFFFFFFFFFFB624005F
:10D500000024DBFF49000024B6FFFFFFFFFFFFFF01
:10D51000FFFFFFFFFFFFFFFFFFFF9224000049B660
:10D52000FFFFB64900002492FFFFDB6D0000006D95
:10D53000FFFFFFFFFFFFFFFFFFFFFFFFFFB624001E
:10D540000024DBFF49000024B6FFFFFFFFFFFFFFC1
:10D55000FFFFFFFFFFFFFFFFFFFF9224000049B620
:10D56000FFFFB64900002492FFFFDB920000246D0C
:10D57000FFFFFFFFFFFFFFFFFFFFFFFFFFB62400DE
:10D580000024DBFF49000024B6FFFFFFFFFFFFFF81
:10D59000FFFFFFFFFFFFFFFFFFFF9224000049B6E0
:10D5A000FFFFB64900002492FFFFFFB649494992A8
:10D5B000FFFFFFFFFFFFFFFFFFFFFFFFFFB624009E
:10D5C0000024DBFF49000024B6FFFFFFFFFFFFFF41
:10D5D000FFFFFFFFFFFFFFFFFFFF9224000049B6A0
:10D5E000FFFFB64900002492FFFFFFFFDBDBDBFFFC
:10D5F000FFFFFFFFFFFFFFFFFFFFFFFFFFB624005E
:10D600000024DBFF49000024B6FFFFFFFFFFFFFF00
:10D61000FFFFFFFFFFFFFFFFFFFF9224000049B65F
:10D62000FFFFB64900002492FFFFFFDBB6B6B6DB72
:10D63000FFFFFFFFFFFFFFFFFFFFFFFFFFB624001D
:10D640000024DBFF49000024B6FFFFFFFFFFFFFFC0
:10D65000FFFFFFFFFFFFFFFFFFFF9224000049B61F
:10D66000FFFFB64900002492FFFFFF922424499255
:10D67000FFFFFFFFFFFFFFFFFFFFFFFFFFB62400DD
:10D680000024DBFF49000024B6FFFFFFFFFFFFFF80
:10D69000FFFFFFFFFFFFFFFFFFFF9249000049B6BA
:10D6A000FFFFB64900002492FFFFDB920000006DEF
:10D6B000FFFFFFFFFFFFFFFFFFFFFFFFFFB624009D
:10D6C0000024DBFF49000024B6FFFFFFFFFFFFFF40
:10D6D000FFFFFFFFFFFFFFFFFFFFB64924246DB6EA
:10D6E000FFFFB64900002492FFFFDB6D0000006DD4
:10D6F000FFFFFFFFFFFFFFFFFFFFFFFFFFB624005D
:10D700000024DBFF49000024B6FFFFFFFFFFFFFFFF
:10D71000FFFFFFFFFFFFFFFFFFFFDB929292B6DBF1
:10D72000FFFFB64900002492FFFFDB920000246D4A
:10D73000FFFFFFFFFFFFFFFFFFFFFFFFFFB624001C
:10D740000024DBFF49000024B6FFFFFFFFFFFFFFBF
:10D75000FFFFFFFFFFFFFFFFFFFFFFFFFFFFFFFFD9
:10D76000FFFFB64900002492FFFFFFB649496DB69E
:10D77000FFFFFFFFFFFFFFFFFFFFFFFFFFB62400DC
:10D780000024DBFF49000024B6FFFFFFFFFFFFFF7F
:10D79000FFFFFFFFFFFFFFFFFFFFFFFFFFFFFFFF99
:10D7A000FFFFB64900002492FFFFFFFFDBDBDBFF3A
:10D7B000FFFFFFFFFFFFFFFFFFFFFFFFFFB624009C
:10D7C0000024DBFF49000024B6FFFFFFFFFFFFFF3F
:10D7D000FFFFFFFFFFFFFFFFFFFFFFFFFFFFFFFF59
:10D7E000FFFFB64900002492FFFFFFFFFFFFFFFF8E
:10D7F000FFFFFFFFFFFFFFFFFFFFFFFFFFB624005C
:10D800000024DBFF49000024B6FFFFFFFFFFFFFFFE
:10D81000FFFFFFFFFFFFFFFFFFFFFFFFFFFFFFFF18
:10D82000FFFFB64900002492FFFFFFFFFFFFFFFF4D
:10D83000FFFFFFFFFFFFFFFFFFFFFFFFFFB624001B
:10D840000024DBFF49000024B6FFFFFFFFFFFFFFBE
:10D85000FFFFFFFFFFFFFFFFFFFFFFFFFFFFFFFFD8
:10D86000FFFFB64900002492FFFFFFFFFFFFFFFF0D
:10D87000FFFFFFFFFFFFFFFFFFFFFFFFFFB62400DB
:10D880000024DBFF49000024B6FFFFFFFFFFFFFF7E
:10D89000FFFFFFFFFFFFFFFFFFFFFFFFFFFFFFFF98
:10D8A000FFFFB64900002492FFFFFFFFFFFFFFFFCD
:10D8B000FFFFFFFFFFFFFFFFFFFFFFFFFFB624009B
:10D8C0000024DBFF49000024B6FFFFFFFFFFFFFF3E
:10D8D000FFFFFFFFFFFFFFFFFFFFFFFFFFFFFFFF58
:10D8E000FFFFB66D00004992FFFFFFFFFFFFFFFF44
:10D8F000FFFFFFFFFFFFFFFFFFFFFFFFFFDB242412
:10D900000049DBFF4924002492DBFFFFFFFFFFFFFC
:10D91000FFFFFFFFFFFFFFFFFFFFFFFFFFFFFFFF17
:10D92000FFFFDB9249496DB6FFFFFFFFFFFFFFFFDF
:10D93000FFFFFFFFFFFFFFFFFFFFFFFFFFDB6D4963
:10D94000496DDBFF6D4900006D92DBFFFFFFFFFFBC
:10D95000FFFFFFFFFFFFFFFFFFFFFFFFFFFFFFFFD7
:10D96000FFFFFFFFDBDBFFFFFFFFFFFFFFFFFFFF0F
:10D97000FFFFFFFFFFFFFFFFFFFFFFFFFFFFFFDBDB
:10D98000DBFFFFFFB66D24002449B6FFFFFFFFFF5A
:10D99000FFFFFFFFFFFFFFFFFFFFFFFFFFFFFFFF97
:10D9A000FFFFFFFFFFFFFFFFFFFFFFFFFFFFFFFF87
:10D9B000FFFFFFFFFFFFFFFFFFFFFFFFFFFFFFFF77
:10D9C000FFFFFFFFDBB6492400246DB6DBFFFFFF3E
:10D9D000FFFFFFFFFFFFFFFFFFFFFFFFFFFFFFFF57
:10D9E000FFFFFFFFFFFFFFFFFFFFFFFFFFFFFFFF47
:10D9F000FFFFFFFFFFFFFFFFFFFFFFFFFFFFFFFF37
:10DA0000FFFFFFFFFFDB6D490000244992B6DBFFFB
:10DA1000FFFFFFFFFFFFFFFFFFFFFFFFFFFFFFFF16
:10DA2000FFFFFFFFFFFFFFFFFFFFFFFFFFFFFFFF06
:10DA3000FFFFFFFFFFFFFFFFFFFFFFFFFFFFFFFFF6
:10DA4000FFFFFFFFFFFFDBB6492400002424494904
:10DA50004949494949494949494949494949494936
:10DA60004949494949494949494949494949494926
:10DA70004949494949494949494949494949494916
:10DA800049496D92FFFFFFFFB69249240000000054
:10DA90000000000000000000000000000000000086
:10DAA0000000000000000000000000000000000076
:10DAB0000000000000000000000000000000000066
:10DAC00000002449FFFFFFFFFFFFB6926D492424A9
:10DAD0002424242424242424242424242424242406
:10DAE00024242424242424242424242424242424F6
:10DAF00024242424242424242424242424242424E6
:10DB00002424496DFFFFFFFFFFFFFFFFFFFFFFFF23
:10DB1000FFFFFFFFFFFFFFFFFFFFFFFFFFFFFFFF15
:10DB2000FFFFFFFFFFFFFFDBB6926D49492424246E
:10DB300049496D92B6DBFFFFFFFFFFFFFFFFFFFFCD
:10DB4000FFFFFFFFFFFFFFFFFFFFFFFFFFFFFFFFE5
:10DB5000FFFFFFFFFFFFFFFFFFFFFFFFFFFFFFFFD5
:10DB6000FFFFFFFFFFDB926D49242400000000004F
:10DB700000002424496D92B6DBFFFFFFFFFFFFFF8B
:10DB8000FFFFFFFFFFFFFFFFFFFFFFFFFFFFFFFFA5
:10DB9000FFFFFFFFFFFFFFFFFFFFFFFFFFFFFFFF95
:10DBA000FFFFFFFFB66D2400000000000000000032
:10DBB000000000000000004992DBFFFFFFFFFFFFB5
:10DBC000FFFFFFFFFFFFFFFFFFFFFFFFFFFFFFFF65
:10DBD000FFFFFFFFFFFFFFFFFFFFFFFFFFFFFFFF55
:10DBE000FFFFDB6D2424000024496D92B6B6B6B663
:10DBF000B692926D240000002449B6FFFFFFFFFF9C
:10DC0000FFFFFFFFFFFFFFFFFFFFFFFFFFFFFFFF24
:10DC1000FFFFFFFFFFFFFFFFFFFFFFFFFFFFFFFF14
:10DC2000FFB66D240000244992B6DBDBFFFFFFFF47
:10DC3000FFFFDBB6926D492400004992DBFFFFFF36
:10DC4000FFFFFFFFFFFFFFFFFFFFFFFFFFFFFFFFE4
:10DC5000FFFFFFFFFFFFFFFFFFFFFFFFFFFFFFFFD4
:10DC6000B6490000244992DBFFFFFFFFFFFFFFFFE3
:10DC7000FFFFFFFFFFDBB66D2400002492FFFFFFD4
:10DC8000FFFFFFFFFFFFFFFFFFFFFFFFFFFFFFFFA4
:10DC9000FFFFFFFFFFFFFFFFFFFFFFFFFFFFFFB6DD
:10DCA0004900002492B6DBFFFFFFFFFFFFFFFFFFED
:10DCB000FFFFFFFFFFFFFFDB924900002492DBFF25
:10DCC000FFFFFFFFFFFFFFFFFFFFFFFFFFFFFFFF64
:10DCD000FFFFFFFFFFFFFFFFFFFFFFFFFFFFB64953
:10DCE00000004992DBFFFFFFFFFFFFFFFFFFFFFF89
:10DCF000FFFFFFFFFFFFFFFFFFB64924002492FF55
:10DD0000FFFFFFFFFFFFFFFFFFFFFFFFFFFFFFFF23
:10DD1000FFFFFFFFFFFFFFFFFFFFFFFFFFDB6D00C8
:10DD20000024B6DBFFFFFFFFFFFFFFFFFFFFFFFF4A
:10DD3000FFFFFFFFFFFFFFFFFFFFB66D000049B6CB
:10DD4000FFFFFFFFFFFFFFFFFFFFFFB69292FFFF06
:10DD5000FFFFFFFFFFFFFFFFFFFFFFFFDB9224003E
:10DD60004992DBFFFFFFFFFFFFFFFFFFFFFFFFFF0A
:10DD7000FFFFFFFFFFFFFFFFFFFFFFB66D00006D1E
:10DD8000DBFFFFFFFFFFFFFFFFFFFF492449DBFF32
:10DD9000FFFFFFFFFFFFFFFFFFFFFFFFB649000090
:10DDA00092DBFFFFFFFFFFFFFFFFFFFFFFDBDBDB80
:10DDB000DBDBFFFFFFFFFFFFFFFFFFFFB6240024B9
:10DDC00092FFFFFFFFFFFFFFFFFFFF49002492DBF1
:10DDD000FFFFFFFFFFFFFFFFFFFFFFFF6D00006D75
:10DDE000DBFFFFFFFFFFFFFFFFFFFFFFDB492424F7
:10DDF000496DB6FFFFFFFFFFFFFFFFFFFF9224000B
:10DE000024DBFFFFFFFFFFFFFFFFFF92240049B667
:10DE1000FFFFFFFFFFFFFFFFFFFFFFB6240024B659
:10DE2000FFFFFFFFFFFFFFFFFFFFFFFFB624000024
:10DE30000024496DB6DBFFFFFFFFFFFFFFDB49005A
:10DE40000092DBFFFFFFFFFFFFFFFFDB6D00006DB8
:10DE5000DBFFFFFFFFFFFFFFFFFFDB9224246DFFCF
:10DE6000FFFFFFFFFFFFFFFFFFFFFFFFDB49242452
:10DE70002400000049B6FFFFFFFFFFFFFFFF9224D1
:10DE80000049B6FFFFFFFFFFFFFFFFFF922400499D
:10DE900092FFFFFFFFFFFFFFFFFFFF922449B6FF46
:10DEA000FFFFFFFFFFFFFFFFFFFFFFFFFFDBB6B638
:10DEB00092492400004992FFFFFFFFFFFFFFDB6D47
:10DEC000000092FFFFFFFFFFFFFFFFFFDB6D000081
:10DED0006DDBFFFFFFFFFFFFFFFFFFB692B6FFFF07
:10DEE000FFFFFFFFFFFFFFFFFFFFFFFFFFFFFFFF42
:10DEF000DBB66D49000049B6FFFFFFFFFFFFFF9251
:10DF000000006DFFFFFFFFFFFFFFFFFFDBB62400F8
:10DF100024B6DBFFFFFFFFFFFFFFFFFFFFFFFFFF59
:10DF2000FFFFFFFFFFFFFFFFFFFFFFFFFFFFFFFF01
:10DF3000FFFFFFB64900006DDBFFFFFFFFFFFFB6ED
:10DF4000240049DBFFFFFFFFFFFFFF924924000091
:10DF5000002449494949494949494949494949499F
:10DF6000494949494949494949494949496D92DB22
:10DF7000FFFFFFFF9249002492FFFFFFFFFFFFDB3F
:10DF80006D002492FFFFFFFFFFFFFF6D0000000008
:10DF90000000000000000000000000000000000081
:10DFA0000000000000000000000000000024499272
:10DFB000DBFFFFFFDB92000049DBFFFFFFFFFFDB22
:10DFC00092000092FFFFFFFFFFFFFF6D24000000A3
:10DFD0000000000000000000000000000000000041
:10DFE000000000000000000000000000000000240D
:10DFF00092DBFFFFFFB624002492FFFFFFFFFFFF2D
:10E00000B624006DFFFFFFFFFFFFFFDBB692B6B641
:10E01000B6B6B6B6B6B6B6B6B6B6B6B6B6B6B6B6A0
:10E02000B6B6B6B6B6B6B6B6B6B6B692926D240069
:10E0300024B6FFFFFFDB6D24006DFFFFFFFFFFFF36
:10E04000DB240049FFFFFFFFFFFFFFFFFFFFFFFF94
:10E05000FFFFFFFFFFFFFFFFFFFFFFFFFFFFFFFFD0
:10E06000FFFFFFFFFFFFFFFFFFFFFFFFFFB66D009A
:10E07000006DFFFFFFFFB6240049DBFFFFFFFFFF3E
:10E08000DB240049FFFFFFFFFFFFFFFFFFFFFFFF54
:10E09000FFFFFFFFFFFFFFFFFFFFFFFFFFFFFFFF90
:10E0A000FFFFFFFFFFFFFFFFFFFFFFFFFFFFB624A4
:10E0B0000049B6FFFFFFDB240024DBFFFFFFFFFF6B
:10E0C000DB240049FFFFFFFFFFFFFFFFFFFFFFFF14
:10E0D000FFFFFFFFFFFFFFFFFFFFFFFFFFFFFFFF50
:10E0E000FFFFFFFFFFFFFFFFFFFFFFFFFFFFDB491A
:10E0F0000049B6FFFFFFFF490024DBFFFFFFFFFFE2
:10E10000FF240049FFFFFFFFFFFFFFFFFFFFFFFFAF
:10E11000FFFFFFFFFFFFFFFFFFFFFFFFFFFFFFFF0F
:10E12000FFFFFFFFFFFFFFFFFFFFFFFFFFFFDB49D9
:10E130000049B6FFFFFFFF490024DBFFFFFFFFFFA1
:10E14000DB240049FFFFFFFFFFFFFFFFFFFFFFFF93
:10E15000FFFFFFFFFFFFFFFFFFFFFFFFFFFFFFFFCF
:10E16000FFFFFFFFFFFFFFFFFFFFFFFFFFFFB624E3
:10E170000049B6FFFFFFDB240024DBFFFFFFFFFFAA
:10E18000DB240049FFFFFFFFFFFFFFFFFFFFFFFF53
:10E19000FFFFFFFFFFFFFFFFFFFFFFFFFFFFFFFF8F
:10E1A000FFFFFFFFFFFFFFFFFFFFFFFFFFDB92000F
:10E1B000006DDBFFFFFFB6240049DBFFFFFFFFFF21
:10E1C000DB240049FFDBDBDBDBDBDBDBDBDBDBDB9F
:10E1D000DBDBDBDBDBDBDBDBDBDBDBDBDBDBDBDB8F
:10E1E000DBDBDBDBDBDBDBDBDBDBDBDBDB9224005A
:10E1F0000092FFFFFFDB92240049DBFFFFFFFFFFE0
:10E20000B624006D92494949494949494949494912
:10E21000494949494949494949494949494949496E
:10E22000494949494949494949494949242400003A
:10E230006DDBFFFFFFDB49002492FFFFFFFFFFDBE9
:10E24000920024926D000000000000000000000019
:10E2500000000000000000000000000000000000BE
:10E260000000000000000000000000000000244941
:10E27000B6FFFFFFFFB6240049B6FFFFFFFFFFDB3D
:10E28000490024B66D2400000000000000000000DA
:10E29000000000000000000000000000000000007E
:10E2A00000000000000000000000000024496DDBB9
:10E2B000FFFFFFFFB66D00006DFFFFFFFFFFFFB622
:10E2C000240049DBDBB6B6B6B6B6B6B6B6B6B6B659
:10E2D00092922400004992B6B6B6B6B6B6B6B6B6B5
:10E2E000B6B6B6B6B6B6B6B6B6B6B6B6B6B6DBFF60
:10E2F000FFFFFFDB6D240049B6FFFFFFFFFFFF922A
:10E3000000006DFFFFFFFFFFFFFFFFFFFFFFFFFFAD
:10E31000FFDB6D240049B6FFFFFFFFFFDBB6DBFF2D
:10E32000FFFFFFFFFFFFFFFFFFFFFFFFFFFFFFFFFD
:10E33000FFDBB66D24002492FFFFFFFFFFFFB66DE9
:10E34000000092FFFFFFFFFFFFFFFFFFFFFFFFFF48
:10E35000FFFFDB6D002492FFFFFFFFFF6D496DFFA4
:10E36000FFFFFFFFFFFFFFFFFFFFFFFFFFFFFFDBE1
:10E37000B66D240000246DDBFFFFFFFFFFFF92243A
:10E380000049B6FFFFFFFFFFFFFFFFFFFFFFFFFF9B
:10E39000FFFFFF92000092FFFFFFFFFF490024B63E
:10E3A000FFFFFFFFFFFFFFFFFFFFFFDB926D6D49E8
:10E3B000492400002492DBFFFFFFFFFFFFDB490041
:10E3C0000092FFFFFFFFFFFFFFFFFFFFFFFFFFFFC9
:10E3D000FFFFFF92000092FFFFFFFFFF6D0000496B
:10E3E000B6FFFFFFFFFFFFFFFFFFFFDB490000005D
:10E3F0000000244992DBFFFFFFFFFFFFDB6D2400DD
:10E4000049DBFFFFFFFFFFFFFFFFFFFFFFFFFFFFF6
:10E41000FFFFDB6D000092FFFFFFFFFFB64900002A
:10E420006DDBFFFFFFFFFFFFFFFFFFDB4900002465
:10E43000244992DBFFFFFFFFFFFFFFFFB62400240C
:10E4400092FFFFFFFFFFFFFFFFFFFFFFFFFFFFFF49
:10E45000FFDB92240049B6FFFFFFFFFFFF9224007D
:10E460002492DBFFFFFFFFFFFFFFFFFFB6929292B8
:10E47000B6B6DBFFFFFFFFFFFFFFFFB64900246DCD
:10E48000DBFFFFFFFFFFFFFFDBDBDBDBDBDBDBDBE0
:10E49000DBB64900006DDBFFFFFFFFFFFFDB6D0018
:10E4A000002492DBFFFFFFFFFFFFFFFFFFFFFFFFE7
:10E4B000FFFFFFFFFFFFFFFFFFFFB649000049B668
:10E4C000FFFFFFFFFFFFDB6D4924242424242424C5
:10E4D0002424000049B6FFFFFFFFFFFFFFFFDB49D9
:10E4E00000002492DBFFFFFFFFFFFFFFFFFFFFFFA6
:10E4F000FFFFFFFFFFFFFFFFDB9249000024B6FF95
:10E50000FFFFFFFFFFFFDB490000000000000000ED
:10E510000000000049DBFFFFFFFFFFFFFFFFFFB62A
:10E520006D2400246DB6DBFFFFFFFFFFFFFFFFFF41
:10E53000FFFFFFFFFFFFFFB6924900004992DBFF9C
:10E54000FFFFFFFFFFFFDB6D242424242424242469
:10E550002400000049DBFFFFFFFFFFFFFFFFFFFF7D
:10E56000B6492400004992DBFFFFFFFFFFFFFFFFDA
:10E57000FFFFFFFFFFDBB6492400004992FFFFFFCA
:10E58000FFFFFFFFFFFFFFDBB6B6B6B6B6B6B6B607
:10E59000B69224002492DBFFFFFFFFFFFFFFFFFF87
:10E5A000FFB66D24000024496D92B6DBFFFFFFFF2C
:10E5B000FFDBDBB69249240000006DB6DBFFFFFFF6
:10E5C000FFFFFFFFFFFFFFFFFFFFFFFFFFFFFFFF5B
:10E5D000FFDB6D240049B6FFFFFFFFFFFFFFFFFFDA
:10E5E000FFFFDB924924000024496D6D92929292C4
:10E5F00092926D4924000024496DB6FFFFFFFFFF92
:10E60000FFFFFFFFFFFFFFFFFFFFFFFFFFFFFFFF1A
:10E61000FFFFDB6D000092FFFFFFFFFFFFFFFFFF2B
:10E62000FFFFFFFFDB6D2400000000000000000082
:10E63000000000000000246DB6FFFFFFFFFFFFFF9A
:10E64000FFFFFFFFFFFFFFFFFFFFFFFFFFFFFFFFDA
:10E65000FFFFFF92000092FFFFFFFFFFFFFFFFFFA2
:10E66000FFFFFFFFFFDBB6926D49240000000000B2
:10E67000000024496D92B6DBFFFFFFFFFFFFFFFFA5
:10E68000FFFFFFFFFFFFFFFFFFFFFFFFFFFFFFFF9A
:10E69000FFFFFF92000092FFFFFFFFFFFFFFFFFF62
:10E6A000FFFFFFFFFFFFFFFFDB92926D49494949E2
:10E6B000496D6D92B6DBFFFFFFFFFFFFFFFFFFFF1E
:10E6C000FFFFFFFFFFFFFFFFFFFFFFFFFFFFFFFF5A
:10E6D000FFFFDB6D000092FFFFFFFFFFFFFFFFFF6B
:10E6E000FFFFFFFFFFFFFFFFFFFFFFFFFFFFFFFF3A
:10E6F000FFFFFFFFFFFFFFFFFFFFFFFFFFFFFFFF2A
:10E70000FFFFFFFFFFFFFFFFFFFFFFFFFFFFFFFF19
:10E71000FFDB92240049B6FFFFFFFFFFFFFFFFFF73
:10E72000FFFFFFFFFFFFFFFFFFFFFFFFFFFFFFFFF9
:10E73000FFFFFFFFFFFFFFFFFFFFFFFFFFFFFFFFE9
:10E74000FFFFFFFFDBDBDBDBDBDBDBDBDBDBDBDB89
:10E75000B6922400006DDBFFFFFFFFFFFFFFFFFF0E
:10E76000FFFFFFFFFFFFFFFFFFFFFFFFFFFFFFFFB9
:10E77000FFFFFFFFFFFFFFFFFFFFFFFFFFFFFFFFA9
:10E78000FFFFFFFF9249242424242424242424244A
:10E790002424000049B6FFFFFFFFFFFFFFFFFFFF3C
:10E7A000FFFFFFFFFFFFFFFFFFFFFFFFFFFFFFFF79
:10E7B000FFFFFFFFFFFFFFFFFFFFFFFFFFFFFFFF69
:10E7C000FFFFFFFF6D0000000000000000000000E0
:10E7D00000002449B6FFFFFFFFFFFFFFFFFFFFFF21
:10E7E000FFFFFFFFFFFFFFFFFFFFFFFFFFFFFFFF39
:10E7F000FFFFFFFFFFFFFFFFFFFFFFFFFFFFFFFF29
:10E80000FFFFFFFF6D2400242424242424000000A3
:10E81000000049B6FFFFFFFFFFFFFFFFFFFFFFFF05
:10E82000FFFFFFFFFFFFFFFFFFFFFFFFFFFFFFFFF8
:10E83000FFFFFFFFFFFFFFFFFFFFFFFFFFFFFFFFE8
:10E84000FFFFFFFFDBDBDBDBDBDBDBDBDBB6924988
:10E85000000049B6FFFFFFFFFFFFFFFFFFFFFFFFC5
:10E86000FFFFFFFFFFFFFFFFFFFFFFFFFFFFFFFFB8
:10E87000FFFFFFFFFFFFFFFFFFFFFFFFFFFFFFFFA8
:10E88000FFFFFFFFFFFFFFFFFFFFFFFFFFFFDB9229
:10E8900049002492FFFFFFFFFFFFFFFFFFFFFFFF85
:10E8A000FFFFFFFFFFFFFFFFFFFFFFFFFFFFFFFF78
:10E8B000FFFFFFFFFFFFFFFFFFFFFFFFFFFFFFFF68
:10E8C000FFFFFFFFFFFFFFFFFFFFFFFFFFFFFFDB7C
:10E8D0009200006DFFFFFFFFFFFFFFFFFFFFFFFF45
:10E8E000FFFFFFFFFFFFFFFFFFFFFFFFFFFFFFFF38
:10E8F000FFFFFFFFFFFFFFFFFFFFFFFFFFFFFFFF28
:10E90000FFFFFFFFFFFFFFFFFFFFFFFFFFFFFFFF17
:10E91000B600006DFFFFFFFFFFFFFFFFFFFFFFFFE0
:10E92000FFFFFFFFFFFFFFFFFFFFFFFFFFFFFFFFF7
:10E93000FFFFFFFFFFFFFFFFFFFFFFFFFFFFFFFFE7
:10E94000FFFFFFFFFFFFFFFFFFFFFFFFFFFFFFFFD7
:10E95000B600006DFFFFFFFFFFFFFFFFFFFFFFFFA0
:10E96000FFFFFFFFFFFFFFFFFFFFFFFFFFFFFFFFB7
:10E97000FFFFFFFFFFFFFFFFFFFFFFFFFFFFFFFFA7
:10E98000FFFFFFFFFFFFFFFFFFFFFFFFFFFFFFDBBB
:10E990009200006DFFFFFFFFFFFFFFFFFFFFFFFF84
:10E9A000FFFFFFFFFFFFFFFFFFFFFFFFFFFFFFFF77
:10E9B000FFFFFFFFFFFFFFFFFFFFFFFFFFFFFFFF67
:10E9C000FFFFFFFFFFFFFFFFFFFFFFFFFFFFDB92E8
:10E9D00049002492FFFFFFFFFFFFFFFFFFFFFFFF44
:10E9E000FFFFFFFFFFFFFFFFFFFFFFFFFFFFFFFF37
:10E9F000FFFFFFFFFFFFFFFFFFFFFFFFFFFFFFFF27
:10EA0000FFFFFFFFFFFFFFDBDBB6B6B6B6B69249EE
:10EA100000006DDBFFFFFFFFFFFFFFFFFFFFFFFFBA
:10EA2000FFFFFFFFFFFFFFFFFFFFFFFFFFFFFFFFF6
:10EA3000FFFFFFFFFFFFFFFFFFFFFFFFFFFFFFFFE6
:10EA4000FFFFFFFFFFFFDB49240000000000000084
:10EA50000024B6FFFFFFFFFFFFFFFFFFFFFFFFFFE9
:10EA6000FFFFFFFFFFFFFFFFFFFFFFFFFFFFFFFFB6
:10EA7000FFFFFFFFFFFFFFFFFFFFFFFFFFFFFFFFA6
:10EA8000FFFFFFFFFFFFDB49000000000000002444
:10EA90004992FFFFFFFFFFFFFFFFFFFFFFFFFFFFA9
:10EAA000FFFFFFFFFFFFFFFFFFFFFFFFFFFFFFFF76
:10EAB000FFFFFFFFFFFFFFFFFFFFFFFFFFFFFFFF66
:10EAC000FFFFFFFFFFFFDB6D492424242424496D51
:10EAD000B6FFFFFFFFFFFFFFFFFFFFFFFFFFFFFF8F
:10EAE000FFFFFFFFFFFFFFFFFFFFFFFFFFFFFFFF36
:10EAF000FFFFFFFFFFFFFFFFFFFFFFFFFFFFFFFF26
:10EB0000FFFFFFFFFFFFFFFFFFFFFFFFFFFFFFFF15
:10EB1000FFFFFFFFFFFFFFFFFFFFFFFFFFFFFFFF05
:10EB2000FFFFFFFFFFFFFFFFFFFFFFFFFFFFFFFFF5
:10EB3000FFFFFFFFFFFFFFFFFFFFFFFFFFFFFFFFE5
:10EB4000B66D6DB6FFFFFFFFFFFFFFFFFFFFFFFF8B
:10EB5000FFFFFFFFFFFFFFFFFFFFFFFFFFFFFFFFC5
:10EB6000FFFFFFFFFFFFFFFFFFFFFFFFFFFFFFFFB5
:10EB7000FFFFFFFFFFFFFFFFFFFFFFFFFFFFFFDBC9
:10EB80006D24246DFFFFFFFFFFFFFFFFFFFFFFFF6F
:10EB9000FFFFFFFFFFFFFFFFFFFFFFFFFFFFFFFF85
:10EBA000FFFFFFFFFFFFFFFFFFFFFFFFFFFFFFFF75
:10EBB000FFFFFFFFFFFFFFFFFFFFFFFFFFFFFFB6AE
:10EBC0004900246DFFFFFFFFFFFFFFFFFFFFFFFF77
:10EBD000FFFFFFFFFFFFFFFFFFFFFFFFFFFFFFFF45
:10EBE000FFFFFFFFFFFFFFFFFFFFFFFFFFFFFFFF35
:10EBF000FFFFFFFFFFFFFFFFFFFFFFFFFFFFFF6DB7
:10EC000024002492FFFFFFFFFFFFFFFFFFFFFFFF36
:10EC1000FFFFFFFFFFFFFFFFFFFFFFFFFFFFFFFF04
:10EC2000FFFFFFFFFFFFFFFFFFFFFFFFFFFFFFFFF4
:10EC3000FFFFFFFFFFFFFFFFFFFFFFFFFFFFDB49BE
:10EC4000000049B6FFFFFFFFFFFFFFFFFFFFFFFFD1
:10EC5000FFFFFFFFFFFFFFFFFFFFFFFFFFFFFFFFC4
:10EC6000FFFFFFFFFFFFFFFFFFFFFFFFFFFFFFFFB4
:10EC7000FFFFFFFFFFFFFFFFFFFFFFFFFFFFB624C8
:10EC800000006DFFFFFFFFFFFFFFFFFFFFFFFFFF24
:10EC9000FFFFFFFFFFFFFFFFFFFFFFFFFFFFFFFF84
:10ECA000FFFFFFFFFFFFFFFFFFFFFFFFFFFFFFFF74
:10ECB000FFFFFFFFFFFFFFFFFFFFFFFFFFDB9200F4
:10ECC000002492FFFFFFFFFFFFFFFFFFFFFFFFFF9B
:10ECD000DBB6926D6D6D92DBFFFFFFFFFFFFFFFF65
:10ECE000FFFFFFFFFFFFFFFFFFFFFFFFFFFFFFFF34
:10ECF000FFFFFFFFFFFFFFFFFFFFFFFFFFB66D00FE
:10ED00002449B6FFFFFFFFFFFFFFFFFFFFFFFFDB11
:10ED1000924924240024496DB6DBFFFFFFFFFFFF6B
:10ED2000FFFFFFFFFFFFFFFFFFFFFFFFFFFFFFFFF3
:10ED3000FFFFFFFFDBDBDBDBDBDBDBB6B66D2400DD
:10ED40004992DBFFFFFFFFFFFFFFFFFFFFFFDB6DD0
:10ED50002400000000000000246DDBFFFFFFFFFF28
:10ED6000FFFFFFFFFFFFFFFFFFFFFFFFFFDBDBDB1F
:10ED7000DBB6B6929292926D6D4949492424000007
:10ED80006DDBFFFFFFFFFFFFFFFFFFFFFFFF92496C
:10ED900000246D92926D2400004992DBFFDBDBDBE7
:10EDA000DBB6B6B6B69292926D6D6D494949494946
:10EDB00049242424242424242400000000000024C6
:10EDC00092FFFFFFFFFFFFDBB6B6B6B6B6B649004F
:10EDD000006DB6DBFFDB922400004992926D6D6DF1
:10EDE0006D494949494924242400000000000000DD
:10EDF00000000000000000242449494949496D925F
:10EE0000DBFFFFFFFFFFB6924924002449490000C1
:10EE100024DBFFFFFFFFDB6D0000000000000000AF
:10EE200000000000000000000000000000000000E2
:10EE30002449492400002492B6B6B6DBDBDBFFFF91
:10EE4000FFFFFFFFFF9224240000000000000000ED
:10EE500024DBFFFFFFFFFF6D0000000000242424DF
:10EE60004949496D6D6D6D9292B6B6926D00002460
:10EE70006DB69249002449DBFFFFFFFFFFFFFFFF54
:10EE8000FFFFFFFFB649000024496D492400000040
:10EE900024DBFFFFFFFFFF6D0000006D9292929256
:10EEA000B6B6B6B6B6DBDBDBDBFFFFDB6D002449B5
:10EEB000B6FFB64900246DFFFFFFFFFFFFFFFFFF16
:10EEC000FFFFFFFF6D2400246DDBDBB66D49000002
:10EED00024DBFFFFFFFFFF6D000024DBFFFFFFFFD0
:10EEE000FFFFFFFFFFFFFFFFFFFFFFDB6D00246D54
:10EEF000B6FF9249004992FFFFFFFFFFFFFFFFFFB0
:10EF0000FFFFFFFF49000049DBFFFFFFDB9224000A
:10EF100024DBFFFFFFFFFF6D000024DBFFFFFFFF8F
:10EF2000FFFFFFFFFFFFFFFFFFFFFFB64900496D37
:10EF3000DBDB9224004992FFFFFFFFFFFFFFFFFF93
:10EF4000FFFFFFFF2400006DFFFFFFFFFFB624005F
:10EF500024DBFFFFFFFFFF6D000024DBFFFFFFFF4F
:10EF6000FFFFFFFFFFFFFFFFFFFFFFB649004992D2
:10EF7000DBDB6D242449B6FFFFFFFFFFFFFFFFFF30
:10EF8000FFFFFFFF49000049DBFFFFFFDBB6240066
:10EF900024DBFFFFFFFFFF6D000024DBFFFFFFFF0F
:10EFA000FFFFFFFFFFFFFFFFFFFFFF9224006DB693
:10EFB000DBDB6D00246DDBFFFFFFFFFFFFFFFFFFCB
:10EFC000FFFFFFFF6D2400246DDBFFDB6D490000B8
:10EFD00024DBFFFFFFFFFF6D000024DBFFFFFFFFCF
:10EFE000FFFFFFFFFFFFFFFFFFFFFF9200006DDB52
:10EFF000FFDB4900246DFFFFFFFFFFFFFFFFFFFF67
:10F00000FFFFFFFFB649000024496D4924000000BE
:10F0100024DBFFFFFFFFFF6D000024DBFFFFFFFF8E
:10F02000FFFFFFFFFFFFFFFFFFFFFF92000092DBEC
:10F03000FFDB24002492FFFFFFFFFFFFFFFFFFFF26
:10F04000FFFFFFFFDB9249240000000000000000EA
:10F0500024DBFFFFFFFFFF6D000024DBFFFFFFFF4E
:10F06000FFFFFFFFFFFFFFFFFFFFFF6D000092FFAD
:10F07000FFB624004992FFFFFFFFFFFFFFFFFFFFE6
:10F08000FFFFFFFFFFDBB69249240024494900003F
:10F0900024DBFFFFFFFFFF6D000024DBFFFFFFFF0E
:10F0A000FFFFFFFFFFFFFFFFFFFFDB6D002492FF6D
:10F0B000FFB6240049B6FFFFFFFFFFFFFFFFFFFF82
:10F0C000FFFFFFFFFFFFFFDBB6B6B6B6B692240028
:10F0D00024DBFFFFFFFFFF6D000024DBFFFFFFFFCE
:10F0E000FFFFFFFFFFFFFFFFFFDBB6490024B6FF76
:10F0F000DB9224246DB6FFFFFFFFFFFFFFFFFFFF42
:10F10000FFFFFFFFFFFFFFFFFFFFFFFFFFDB24000D
:10F1100024DBFFFFFFFFFF6D000024DBFFFFFFFF8D
:10F12000FFFFFFFFFFFFFFFFFFDBB6490049B6FF10
:10F13000DB92242492B6FFFFFFFFFFFFFFFFFFFFDC
:10F14000FFFFFFFFFFFFFFFFFFFFFFFFFFDB2400CD
:10F1500024DBFFFFFFFFFF6D000024DBFFFFFFFF4D
:10F16000FFFFFFFFFFFFFFFFFFB69249006DDBFFD0
:10F17000DB6D242492DBFFFFFFFFFFFFFFFFFFFF9C
:10F18000FFFFFFFFFFFFFFFFFFFFFFFFFFDB24008D
:10F1900024DBFFFFFFFFFF6D000024DBFFFFFFFF0D
:10F1A000FFFFFFFFFFFFFFFFFFB692240092DBFF90
:10F1B000B6490049B6DBFFFFFFFFFFFFFFFFFFFF80
:10F1C000FFFFFFFFFFFFFFFFFFFFFFFFFFDB24004D
:10F1D00024DBFFFFFFFFFF6D000024DBFFFFFFFFCD
:10F1E000FFFFFFFFFFFFFFFFFF926D240092DBFF99
:10F1F000B6490049B6DBFFFFFFFFFFFFFFFFFFFF40
:10F20000FFFFFFFFFFFFFFFFFFFFFFFFFFDB24000C
:10F2100024DBFFFFFFFFFF6D000024DBFFFFFFFF8C
:10F22000FFFFFFFFFFFFFFFFFF92490024B6FFFF34
:10F23000B624006DDBFFFFFFFFFFFFFFFFFFFFFFB7
:10F24000FFFFFFFFFFFFFFFFFFFFFFFFFFDB2400CC
:10F2500024DBFFFFFFFFFF6D000024DBFFFFFFFF4C
:10F26000FFFFFFFFFFFFFFFFFF6D490024DBFFFFF4
:10F270009224006DFFFFFFFFFFFFFFFFFFFFFFFF77
:10F28000FFFFFFFFFFFFFFFFFFFFFFFFFFDB24008C
:10F2900024DBFFFFFFFFFF6D000024DBFFFFFFFF0C
:10F2A000FFFFFFFFFFFFFFFFFF6D240024DBFFFFD9
:10F2B00092000092FFFFFFFFFFFFFFFFFFFFFFFF36
:10F2C000FFFFFFFFFFFFFFFFFFFFFFFFFFDB24004C
:10F2D00024DBFFFFFFFFFF6D000024DBFFFFFFFFCC
:10F2E000FFFFFFFFFFFFFFFFDB6D240049DBFFFF98
:10F2F0006D000092FFFFFFFFFFFFFFFFFFFFFFFF1B
:10F30000FFFFFFFFFFFFFFFFFFFFFFFFFFDB24000B
:10F3100024DBFFFFFFFFFF6D000024DBFFFFFFFF8B
:10F32000FFFFFFFFFFFFFFFFDB49240049FFFFDB7B
:10F330006D002492FFFFFFFFFFFFFFFFFFFFFFFFB6
:10F34000FFFFFFFFFFFFFFFFFFFFFFFFFFDB2400CB
:10F3500024DBFFFFFFFFFF6D000024DBFFFFFFFF4B
:10F36000FFFFFFFFFFFFFFFFB64924246DFFDBB661
:10F370006D0049B6FFFFFFFFFFFFFFFFFFFFFFFF2D
:10F38000FFFFFFFFFFFFFFFFFFFFFFFFFFDB24008B
:10F3900024DBFFFFFFFFFF6D000024DBFFFFFFFF0B
:10F3A000FFFFFFFFFFFFFFFF9224242492FFDBB645
:10F3B000490049B6FFFFFFFFFFFFFFFFFFFFFFFF11
:10F3C000FFFFFFFFFFFFFFFFFFFFFFFFFFDB24004B
:10F3D00024DBFFFFFFFFFF6D000024DBFFFFFFFFCB
:10F3E000FFFFFFFFFFFFFFDB9224244992FFB6924D
:10F3F00049006DDBFFFFFFFFFFFFFFFFFFFFFFFF88
:10F40000FFFFFFFFFFFFFFFFFFFFFFFFFFDB24000A
:10F4100024DBFFFFFFFFFF6D000024DBFFFFFFFF8A
:10F42000FFFFFFFFFFFFFFDB6D240049B6FFB66D56
:10F4300024246DDBFFFFFFFFFFFFFFFFFFFFFFFF48
:10F44000FFFFFFFFFFFFFFFFFFFFFFFFFFDB2400CA
:10F4500024DBFFFFFFFFFF6D000024DBFFFFFFFF4A
:10F46000FFFFFFFFFFFFFFDB49000049DBFF926D5D
:10F47000242492DBFFFFFFFFFFFFFFFFFFFFFFFFE3
:10F48000FFFFFFFFFFFFFFFFFFFFFFFFFFDB24008A
:10F4900024DBFFFFFFFFFF6D000024DBFFFFFFFF0A
:10F4A000FFFFFFFFFFFFFFDB4900006DFFFF9249F9
:10F4B0000024B6FFFFFFFFFFFFFFFFFFFFFFFFFF7F
:10F4C000FFFFFFFFFFFFFFFFFFFFFFFFFFDB24004A
:10F4D00024DBFFFFFFFFFF6D000024DBFFFFFFFFCA
:10F4E000FFFFFFFFFFFFFFDB2400006DFFFF922403
:10F4F0000024B6FFFFFFFFFFFFFFFFFFFFFFFFFF3F
:10F50000FFFFFFFFFFFFFFFFFFFFFFFFFFDB240009
:10F5100024DBFFFFFFFFFF6D000024DBFFFFFFFF89
:10F52000FFFFFFFFFFFFFFB624000092FFFF6D24E7
:10F530000024DBFFFFFFFFFFFFFFFFFFFFFFFFFFD9
:10F54000FFFFFFFFFFFFFFFFFFFFFFFFFFDB2400C9
:10F5500024DBFFFFFFFFFF6D000024DBFFFFFFFF49
:10F56000FFFFFFFFFFFFFFB624002492FFFF6D00A7
:10F570000049DBFFFFFFFFFFFFFFFFFFFFFFFFFF74
:10F58000FFFFFFFFFFFFDBB66D4949496D6D0000CE
:10F5900024DBFFFFFFFFFF6D000024DBFFFFFFFF09
:10F5A000FFFFFFFFFFFFDB9224242492FFDB4900D3
:10F5B0000049DBFFFFFFFFFFFFFFFFFFFFFFFFFF34
:10F5C000FFFFFFFFFFB66D49240000002424000068
:10F5D00024DBFFFFFFFFFF6D000024DBFFFFFFFFC9
:10F5E000FFFFFFFFFFFFDB6D242449B6FFB6490094
:10F5F000246DDBFFFFFFFFFFFFFFFFFFFFFFFFFFAC
:10F60000FFFFFFFFDB6D00000000000000000000B6
:10F6100024DBFFFFFFFFFF6D000024DBFFFFFFFF88
:10F62000FFFFFFFFFFFFDB6D00496DB6FFB649002E
:10F63000246DDBFFFFFFFFFFFFFFFFFFFFFFFFFF6B
:10F64000FFFFFFFF9224002449B6B6924924000030
:10F6500024DBFFFFFFFFFF6D000024DBFFFFFFFF48
:10F66000FFFFFFFFFFFFB64900496DDBFF9224005B
:10F670002492FFFFFFFFFFFFFFFFFFFFFFFFFFFFE2
:10F68000FFFFFFFF49000049B6FFFFDBB6922400F1
:10F6900024DBFFFFFFFFFF6D000024DBFFFFFFFF08
:10F6A000FFFFFFFFFFFFB649006D92DBFF6D2400F7
:10F6B00049B6FFFFFFFFFFFFFFFFFFFFFFFFFFFF59
:10F6C000FFFFFFFF4900006DFFFFFFFFFFB62400B3
:10F6D00024DBFFFFFFFFFF6D000024DBFFFFFFFFC8
:10F6E000FFFFFFFFFFFF9224006D92FFFF6D2400DC
:10F6F00049B6FFFFFFFFFFFFFFFFFFFFFFFFFFFF19
:10F70000FFFFFFFF4900006DFFFFFFFFDBB6240096
:10F7100024DBFFFFFFFFFF6D000024DBFFFFFFFF87
:10F72000FFFFFFFFFFFF92000092B6FFDB490000E2
:10F7300049DBFFFFFFFFFFFFFFFFFFFFFFFFFFFFB3
:10F74000FFFFFFFF4900004992DBFFDB926D0000E5
:10F7500024DBFFFFFFFFFF6D000024DBFFFFFFFF47
:10F76000FFFFFFFFFFFF6D000092B6FFDB240000EC
:10F770006DDBFFFFFFFFFFFFFFFFFFFFFFFFFFFF4F
:10F78000FFFFFFFF922400004992B6924924000037
:10F7900024DBFFFFFFFFFF6D000024DBFFFFFFFF07
:10F7A000FFFFFFFFFFFF6D002492DBFFDB24000063
:10F7B0006DFFFFFFFFFFFFFFFFFFFFFFFFFFFFFFEB
:10F7C000FFFFFFFFDB6D00000000000000000000F5
:10F7D00024DBFFFFFFFFFF6D000024DBFFFFFFFFC7
:10F7E000FFFFFFFFFFDB6D0024B6DBFFB624000048
:10F7F00092FFFFFFFFFFFFFFFFFFFFFFFFFFFFFF86
:10F80000FFFFFFFFFFB6926D2400000024240000DC
:10F8100024DBFFFFFFFFFF6D000024DBFFFFFFFF86
:10F82000FFFFFFFFFFB6490049B6DBFFB60000242B
:10F8300092FFFFFFFFFFFFFFFFFFFFFFFFFFFFFF45
:10F84000FFFFFFFFFFFFFFDB926D6D6D926D2400E8
:10F8500024DBFFFFFFFFFF6D000024DBFFFFFFFF46
:10F86000FFFFFFFFFFB649006DB6DBDB92002449C6
:10F87000B6FFFFFFFFFFFFFFFFFFFFFFFFFFFFFFE1
:10F88000FFFFFFFFFFFFFFFFFFFFFFFFFFDB240086
:10F8900024DBFFFFFFFFFF6D000024DBFFFFFFFF06
:10F8A000FFFFFFFFFF9224246DDBDBDB6D002449AB
:10F8B000B6FFFFFFFFFFFFFFFFFFFFFFFFFFFFFFA1
:10F8C000FFFFFFFFFFFFFFFFFFFFFFFFFFDB240046
:10F8D00024DBFFFFFFFFFF6D0000006D92B6DBFF32
:10F8E000FFFFFFFFFF6D242492DBFFB66D00496D23
:10F8F000B6FFFFFFFFFFFFFFFFFFFFFFFFFFFFFF61
:10F90000FFFFFFFFFFFFFFFFFFFFFFFFFFDB4900E0
:10F9100049FFFFFFFFFFFF9200000024496D6D9239
:10F92000B6B6DBDBDB49002492FFFFB64900499203
:10F93000DBFFFFFFFFFFFFFFFFFFFFFFFFFFFFFFFB
:10F94000FFFFFFFFFFFFFFFFFFFFFFFFFFFF926DC6
:10F9500092FFFFFFFFFFFFB64924000000000000F8
:10F9600024496D9292240024B6FFFFB624006DB6A0
:10F97000DBFFFFFFFFFFFFFFFFFFFFFFFFFFFFFFBB
:10F98000FFFFFFFFFFFFFFFFFFFFFFFFFFFFDBDBCF
:10F99000DBFFFFFFFFFFFFFFDBB6926D4924240072
:10F9A00000002424240000006DB6B66D24006DB65E
:10F9B000FFFFFFFFFFFFFFFFFFFFFFFFFFFFFFFF57
:10F9C000FFFFFFFFFFFFFFFFFFFFFFFFFFFFFFFF47
:10F9D000FFFFFFFFFFFFFFFFFFFFFFDBB692926D10
:10F9E00049492424000000002449492400006D9264
:10F9F000DBFFFFFFFFFFFFFFFFFFFFFFFFFFFFFF3B
:10FA0000FFFFFFFFFFFFFFFFFFFFFFFFFFFFFFFF06
:10FA1000FFFFFFFFFFFFFFFFFFFFFFFFFFFFFFFFF6
:10FA2000DBB6926D49242400000000000000244948
:10FA300092B6DBFFFFFFFFFFFFFFFFFFFFFFFFFFB0
:10FA4000FFFFFFFFFFFFFFFFFFFFFFFFFFFFFFFFC6
:10FA5000FFFFFFFFFFFFFFFFFFFFFFFFFFFFFFFFB6
:10FA6000FFFFFFDBDBDBB6926D49490000000000C1
:10FA7000242449B6FFFFFFFFFFFFFFFFFFFFFFFF4B
:10FA8000FFFFFFFFFFFFFFFFFFFFFFFFFFFFFFFF86
:10FA9000FFFFFFFFFFFFFFFFFFFFFFFFFFFFFFFF76
:10FAA000FFFFFFFFFFFFFFDBDBB6B6926D49492486
:10FAB000242449B6FFFFFFFFFFFFFFFFFFFFFFFF0B
:10FAC000FFFFFFFFFFFFFFFFFFFFFFFFFFFFFFFF46
:10FAD000FFFFFFFFFFFFFFFFFFFFFFFFFFFFFFFF36
:10FAE000FFFFFFFFFFFFFFFFFFFFFFFFFFDBB69200
:10FAF0006D6D92DBFFFFFFFFFFFFFFFFFFFFFFFFCB
:10FB0000FFFFFFFFFFFFFFFFFFFFFFFFFFFFFFFF05
:10FB1000FFFFFFFFFFFFFFFFFFFFFFFFFFFFFFFFF5
:10FB2000FFFFFFFFFFFFFFFFFFFFFFFFFFFFFFFFE5
:10FB3000FFFFFFFFFFFFFFFFFFFFFFFFFFFFFFFFD5
:10FB4000B66D6DB6FFFFFFFFFFFFFFFFFFFFFFFF7B
:10FB5000FFFFFFFFFFFFFFFFFFFFFFFFFFFFFFFFB5
:10FB6000FFFFFFFFFFFFFFFFFFFFFFFFFFFFFFFFA5
:10FB7000FFFFFFFFFFFFFFFFFFFFFFFFFFFFFFDBB9
:10FB80006D24246DFFFFFFFFFFFFFFFFFFFFFFFF5F
:10FB9000FFFFFFFFFFFFFFFFFFFFFFFFFFFFFFFF75
:10FBA000FFFFFFFFFFFFFFFFFFFFFFFFFFFFFFFF65
:10FBB000FFFFFFFFFFFFFFFFFFFFFFFFFFFFFFB69E
:10FBC0004900246DFFFFFFFFFFFFFFFFFFFFFFFF67
:10FBD000FFFFFFFFFFFFFFFFFFFFFFFFFFFFFFFF35
:10FBE000FFFFFFFFFFFFFFFFFFFFFFFFFFFFFFFF25
:10FBF000FFFFFFFFFFFFFFFFFFFFFFFFFFFFFF6DA7
:10FC000024002492FFFFFFFFFFFFFFFFFFFFFFFF26
:10FC1000FFFFFFFFFFFFFFFFFFFFFFFFFFFFFFFFF4
:10FC2000FFFFFFFFFFFFFFFFFFFFFFFFFFFFFFFFE4
:10FC3000FFFFFFFFFFFFFFFFFFFFFFFFFFFFDB49AE
:10FC4000000049B6FFFFFFFFFFFFFFFFFFFFFFFFC1
:10FC5000FFFFFFFFFFFFFFFFFFFFFFFFFFFFFFFFB4
:10FC6000FFFFFFFFFFFFFFFFFFFFFFFFFFFFFFFFA4
:10FC7000FFFFFFFFFFFFFFFFFFFFFFFFFFFFB624B8
:10FC800000006DFFFFFFFFFFFFFFFFFFFFFFFFFF14
:10FC9000FFFFFFFFFFFFFFFFFFFFFFFFFFFFFFFF74
:10FCA000FFFFFFFFFFFFFFFFFFFFFFFFFFFFFFFF64
:10FCB000FFFFFFFFFFFFFFFFFFFFFFFFFFDB9200E4
:10FCC000002492FFFFFFFFFFFFFFFFFFFFFFFFFF8B
:10FCD000DBB6926D6D6D92DBFFFFFFFFFFFFFFFF55
:10FCE000FFFFFFFFFFFFFFFFFFFFFFFFFFFFFFFF24
:10FCF000FFFFFFFFFFFFFFFFFFFFFFFFFFB66D00EE
:10FD00002449B6FFFFFFFFFFFFFFFFFFFFFFFFDB01
:10FD1000924924240024496DB6DBFFFFFFFFFFFF5B
:10FD2000FFFFFFFFFFFFFFFFFFFFFFFFFFFFFFFFE3
:10FD3000FFFFFFFFDBDBDBDBDBDBDBB6B66D2400CD
:10FD40004992DBFFFFFFFFFFFFFFFFFFFFFFDB6DC0
:10FD50002400000000000000246DDBFFFFFFFFFF18
:10FD6000FFFFFFFFFFFFFFFFFFFFFFFFFFDBDBDB0F
:10FD7000DBB6B6929292926D6D49494924240000F7
:10FD80006DDBFFFFFFFFFFFFFFFFFFFFFFFF92495C
:10FD900000246D92926D2400004992DBFFDBDBDBD7
:10FDA000DBB6B6B6B69292926D6D6D494949494936
:10FDB00049242424242424242400000000000024B6
:10FDC000B6FFFFFFFFFFFFDBB6B6B6B6B6B649001B
:10FDD000006DB6DBFFDB922400004992926D6D6DE1
:10FDE0006D494949494924242400000000000000CD
:10FDF00000000000000000242449494949496D924F
:10FE0000DBFFFFFFFFFFB6924924002449490000B1
:10FE100024DBFFFFFFFFDB6D00000000000000009F
:10FE20000000000000000000000000000024242466
:10FE30002449492400002492B6B6B6DBDBDBFFFF81
:10FE4000FFFFFFFFFF9224240000000000000000DD
:10FE500024DBFFFFFFFFFF6D0000000000242424CF
:10FE60004949496D6D6D6D9292B6B6B6B6DBDBDB76
:10FE7000DBDB9249002449DBFFFFFFFFFFFFFFFFB1
:10FE8000FFFFFFFFB649000024496D492400000030
:10FE900024DBFFFFFFFFFF6D0000006D9292929246
:10FEA000B6B6B6B6B6DBDBDBDBFFFFFFFFFFFFFF5F
:10FEB000FFFFB64900246DFFFFFFFFFFFFFFFFFFBD
:10FEC000FFFFFFFF6D2400246DDBDBB66D490000F2
:10FED00024DBFFFFFFFFFF6D000024DBFFFFFFFFC0
:10FEE000FFFFFFFFFFFFFFFFFFFFFFFFFFFFFFFF22
:10FEF000FFFF924900246DFFFFFFFFFFFFFFFFFFA1
:10FF0000FFFFFFFF49000049DBFFFFFFDB922400FA
:10FF100024DBFFFFFFFFFF6D000024DBFFFFFFFF7F
:10FF2000FFFFFFFFFFFFFFFFFFFFFFFFFFFFFFFFE1
:10FF3000FFFF9224002449DBFFFFFFFFFFFFFFFFCD
:10FF4000FFFFFFFF2400006DFFFFFFFFFFB624004F
:10FF500024DBFFFFFFFFFF6D000024DBFFFFFFFF3F
:10FF6000FFFFFFFFFFFFFFFFFFFFFFFFFFFFFFFFA1
:10FF7000FFDB6D2400002492DBFFFFFFFFFFFFFF8C
:10FF8000FFFFFFFF49000049DBFFFFFFDBB6240056
:10FF900024DBFFFFFFFFFF6D000024DBFFFFFFFFFF
:10FFA000FFFFFFFFFFFFFFFFFFFFFFFFFFFFFFFF61
:10FFB000FFDB6D0000000049B6FFFFFFFFFFFFFF02
:10FFC000FFFFFFFF6D2400246DDBFFDB6D490000A8
:10FFD00024DBFFFFFFFFFF6D000024DBFFFFFFFFBF
:10FFE000FFFFFFFFFFFFFFFFFFFFFFFFFFFFFFFF21
:10FFF000FFDB4900000000006DDBFFFFFFFFFFFF9C
:020000040802F0
:10000000FFFFFFFFB649000024496D4924000000AE
:1000100024DBFFFFFFFFFF6D000024DBFFFFFFFF7E
:10002000FFFFFFFFFFFFFFFFFFFFFFFFFFFFFFFFE0
:10003000FFDB240000244900246DDBFFFFFFFFFFEE
:10004000FFFFFFFFDB9249240000000000000000DA
:1000500024DBFFFFFFFFFF6D000024DBFFFFFFFF3E
:10006000FFFFFFFFFFFFFFFFFFFFFFFFFFFFFFFFA0
:10007000FFB62400246D92240024B6DBFFFFFFFFAF
:10008000FFFFFFFFFFDBB69249240024494900002F
:1000900024DBFFFFFFFFFF6D000024DBFFFFFFFFFE
:1000A000FFFFFFFFFFFFFFFFFFFFFFFFFFFFFFFF60
:1000B000FFB624004992DB6D2400496DDBFFFFFF92
:1000C000FFFFFFFFFFFFFFDBB6B6B6B6B692240018
:1000D00024DBFFFFFFFFFF6D000024DBFFFFFFFFBE
:1000E000FFFFFFFFFFFFFFFFFFFFFFFFFFFFFFFF20
:1000F000DB9224246DB6FFB64900242492DBFFFF77
:10010000FFFFFFFFFFFFFFFFFFFFFFFFFFDB2400FD
:1001100024DBFFFFFFFFFF6D000024DBFFFFFFFF7D
:10012000FFFFFFFFFFFFFFFFFFFFFFFFFFFFFFFFDF
:10013000DB92242492B6FFFF9249000049B6FFFFEC
:10014000FFFFFFFFFFFFFFFFFFFFFFFFFFDB2400BD
:1001500024DBFFFFFFFFFF6D000024DBFFFFFFFF3D
:10016000FFFFFFFFFFFFFFFFFFFFFFFFFFFFFFFF9F
:10017000DB6D242492DBFFFFDB922400006DDBFFAC
:10018000FFFFFFFFFFFFFFFFFFFFFFFFFFDB24007D
:1001900024DBFFFFFFFFFF6D000024DBFFFFFFFFFD
:1001A000FFFFFFFFFFFFFFFFFFFFFFFFFFFFFFFF5F
:1001B000B6490049B6DBFFFFFFDB6D2400246DDB91
:1001C000FFFFFFFFFFFFFFFFFFFFFFFFFFDB24003D
:1001D00024DBFFFFFFFFFF6D000024DBFFFFFFFFBD
:1001E000FFFFFFFFFFFFFFFFFFFFFFFFFFFFFFFF1F
:1001F000B6490049B6DBFFFFFFFFB6922400249208
:10020000DBFFFFFFFFFFFFFFFFFFFFFFFFDB240020
:1002100024DBFFFFFFFFFF6D000024DBFFFFFFFF7C
:10022000FFFFFFFFFFFFFFFFFFFFFFFFFFFFFFFFDE
:10023000B624006DDBFFFFFFFFFFFFDB6D240049ED
:10024000B6FFFFFFFFFFFFFFFFFFFFFFFFDB240005
:1002500024DBFFFFFFFFFF6D000024DBFFFFFFFF3C
:10026000FFFFFFFFFFFFFFFFFFFFFFFFFFFFFFFF9E
:100270009224006DFFFFFFFFFFFFFFFFDB6D00001B
:100280006DB6DBFFFFFFFFFFFFFFFFFFFFDB24007B
:1002900024DBFFFFFFFFFF6D000024DBFFFFFFFFFC
:1002A000FFFFFFFFFFFFFFFFFFFFFFFFFFFFFFFF5E
:1002B00092000092FFFFFFFFFFFFFFFFFFB6490024
:1002C0002449B6FFFFFFFFFFFFFFFFFFFFDB240016
:1002D00024DBFFFFFFFFFF6D000024DBFFFFFFFFBC
:1002E000FFFFFFFFFFFFFFFFFFFFFFFFFFFFFFFF1E
:1002F0006D000092FFFFFFFFFFFFFFFFFFDB6D00C0
:1003000000006DDBFFFFFFFFFFFFFFFFFFDB2400AF
:1003100024DBFFFFFFFFFF6D000024DBFFFFFFFF7B
:10032000FFFFFFFFFFFFFFFFFFFFFFFFFFFFFFDB01
:100330006D002492FFFFFFFFFFFFFFFFFFB66D0080
:10034000000049B6FFFFFFFFFFFFFFFFFFDB2400B8
:1003500024DBFFFFFFFFFF6D000024DBFFFFFFFF3B
:10036000FFFFFFFFFFFFFFFFFFFFFFFFFFFFDBB60A
:100370006D0049B6FFFFFFFFFFFFFFDBB66D2400F6
:10038000242492DBFFFFFFFFFFFFFFFFFFDB2400C2
:1003900024DBFFFFFFFFFF6D000024DBFFFFFFFFFB
:1003A000FFFFFFFFFFFFFFFFFFFFFFFFFFFFDBB6CA
:1003B000490049B6FFFFFFFFFFFFB6924900002446
:1003C0006D92DBFFFFFFFFFFFFFFFFFFFFDB24005E
:1003D00024DBFFFFFFFFFF6D000024DBFFFFFFFFBB
:1003E000FFFFFFFFFFFFFFFFFFFFFFFFFFFFB692D3
:1003F00049006DDBFFFFFFFFDB92492400002492E0
:10040000DBFFFFFFFFFFFFFFFFFFFFFFFFDB24001E
:1004100024DBFFFFFFFFFF6D000024DBFFFFFFFF7A
:10042000FFFFFFFFFFFFFFFFFFFFFFFFFFFFB66DB7
:1004300024246DDBFFFFFFB66D2400002449B6DBEA
:10044000FFFFFFFFFFFFFFFFFFFFFFFFFFDB2400BA
:1004500024DBFFFFFFFFFF6D000024DBFFFFFFFF3A
:10046000FFFFFFFFFFFFFFFFFFFFFFFFFFFF926D9B
:10047000242492DBFFDBB66D240024246DB6FFFF3D
:10048000FFFFFFFFFFFFFFFFFFFFFFFFFFDB24007A
:1004900024DBFFFFFFFFFF6D000024DBFFFFFFFFFA
:1004A000FFFFFFFFFFFFFFFFFFFFFFFFFFFF92497F
:1004B000002492DBB692240000246D92DBFFFFFF44
:1004C000FFFFFFFFFFFFFFFFFFFFFFFFFFDB24003A
:1004D00024DBFFFFFFFFFF6D000024DBFFFFFFFFBA
:1004E000FFFFFFFFFFFFFFFFFFFFFFFFFFFF922464
:1004F0000024926D492400004992DBFFFFFFFFFFBB
:10050000FFFFFFFFFFFFFFFFFFFFFFFFFFDB2400F9
:1005100024DBFFFFFFFFFF6D000024DBFFFFFFFF79
:10052000FFFFFFFFFFFFFFFFFFFFFFFFFFFF6D2448
:10053000000049240000002492DBFFFFFFFFFFFFC3
:10054000FFFFFFFFFFFFFFFFFFFFFFFFFFDB2400B9
:1005500024DBFFFFFFFFFF6D000024DBFFFFFFFF39
:10056000FFFFFFFFFFFFFFFFFFFFFFFFFFFF6D002C
:100570000000000000000024B6FFFFFFFFFFFFFFA8
:10058000FFFFFFFFFFFFDBB66D4949496D6D0000BE
:1005900024DBFFFFFFFFFF6D000024DBFFFFFFFFF9
:1005A000FFFFFFFFFFFFFFFFFFFFFFFFFFDB490034
:1005B000000000244924000092FFFFFFFFFFFFFF1F
:1005C000FFFFFFFFFFB66D49240000002424000058
:1005D00024DBFFFFFFFFFF6D000024DBFFFFFFFFB9
:1005E000FFFFFFFFFFFFFFFFFFFFFFFFFFB6490019
:1005F00000244992926D00006DDBFFFFFFFFFFFFBB
:10060000FFFFFFFFDB6D00000000000000000000A6
:1006100024DBFFFFFFFFFF6D000024DBFFFFFFFF78
:10062000FFFFFFFFFFFFFFFFFFFFFFFFFFB64900D8
:100630000049B6FFDBB649004992FFFFFFFFFFFF0D
:10064000FFFFFFFF9224002449B6B6924924000020
:1006500024DBFFFFFFFFFF6D000024DBFFFFFFFF38
:10066000FFFFFFFFFFFFFFFFFFFFFFFFFF922400E1
:100670002492DBFFFFDB9200246DDBFFFFFFFFFF17
:10068000FFFFFFFF49000049B6FFFFDBB6922400E1
:1006900024DBFFFFFFFFFF6D000024DBFFFFFFFFF8
:1006A000FFFFFFFFFFFFFFFFFFFFFFFFFF6D2400C6
:1006B00049B6FFFFFFFFB6240049DBFFFFFFFFFF46
:1006C000FFFFFFFF4900006DFFFFFFFFFFB62400A3
:1006D00024DBFFFFFFFFFF6D000024DBFFFFFFFFB8
:1006E000FFFFFFFFFFFFFFFFFFFFFFFFFF6D240086
:1006F00049B6FFFFFFFFDB49002492DBFFFFFFFF4E
:10070000FFFFFFFF4900006DFFFFFFFFDBB6240086
:1007100024DBFFFFFFFFFF6D000024DBFFFFFFFF77
:10072000FFFFFFFFFFFFFFFFFFFFFFFFDB490000B1
:1007300049DBFFFFFFFFFF9224006D92DBFFFFFF0D
:10074000FFFFFFFF4900004992DBFFDB926D0000D5
:1007500024DBFFFFFFFFFF6D000024DBFFFFFFFF37
:10076000FFFFFFFFFFFFFFFFFFFFFFFFDB24000096
:100770006DDBFFFFFFFFFF924900246DDBFFFFFFF2
:10078000FFFFFFFF922400004992B6924924000027
:1007900024DBFFFFFFFFFF6D000024DBFFFFFFFFF7
:1007A000FFFFFFFFFFFFFFFFFFFFFFFFDB24000056
:1007B0006DFFFFFFDBDBB69224000049B6FFFFFFB1
:1007C000FFFFFFFFDB6D00000000000000000000E5
:1007D00024DBFFFFFFFFFF6D000024DBFFFFFFFFB7
:1007E000FFFFFFFFFFFFFFFFFFFFFFFFB62400003B
:1007F00092FFDBB66D49240000000049B6FFFFFF01
:10080000FFFFFFFFFFB6926D2400000024240000CC
:1008100024DBFFFFFFFFFF6D000024DBFFFFFFFF76
:10082000FFFFFFFFFFFFFFFFFFFFFFFFB60000001E
:10083000496D6D4924000000246D92B6FFFFFFFF53
:10084000FFFFFFFFFFFFFFDB926D6D6D926D2400D8
:1008500024DBFFFFFFFFFF6D000024DBFFFFFFFF36
:10086000FFFFFFFFFFFFFFFFFFFFFFDB9200000026
:10087000242400002424496D92B6FFFFFFFFFFFFF0
:10088000FFFFFFFFFFFFFFFFFFFFFFFFFFDB240076
:1008900024DBFFFFFFFFFF6D000024DBFFFFFFFFF6
:1008A000FFFFFFFFFFFFFFFFFFFFFFDB6D0000000B
:1008B000000000496D92B6DBFFFFFFFFFFFFFFFF67
:1008C000FFFFFFFFFFFFFFFFFFFFFFFFFFDB240036
:1008D00024DBFFFFFFFFFF6D0000006D92B6DBFF22
:1008E000FFFFFFFFFFFFFFFFFFFFFFB66D000000F0
:1008F000496D92B6DBDBFFFFFFFFFFFFFFFFFFFF4E
:10090000FFFFFFFFFFFFFFFFFFFFFFFFFFDB4900D0
:1009100049FFFFFFFFFFFF9200000024496D6D9229
:10092000B6B6DBDBFFFFFFFFFFFFFFB64900244940
:1009300092DBFFFFFFFFFFFFFFFFFFFFFFFFFFFF58
:10094000FFFFFFFFFFFFFFFFFFFFFFFFFFFF926DB6
:1009500092FFFFFFFFFFFFB64924000000000000E8
:1009600024496D9292DBDBFFFFFFFFB62400499222
:10097000DBFFFFFFFFFFFFFFFFFFFFFFFFFFFFFFAB
:10098000FFFFFFFFFFFFFFFFFFFFFFFFFFFFDBDBBF
:10099000DBFFFFFFFFFFFFFFDBB6926D4924240062
:1009A000000024242449496D92B6B66D24006DB62A
:1009B000FFFFFFFFFFFFFFFFFFFFFFFFFFFFFFFF47
:1009C000FFFFFFFFFFFFFFFFFFFFFFFFFFFFFFFF37
:1009D000FFFFFFFFFFFFFFFFFFFFFFDBB692926D00
:1009E00049492424000000002449492400006D9254
:1009F000DBFFFFFFFFFFFFFFFFFFFFFFFFFFFFFF2B
:100A0000FFFFFFFFFFFFFFFFFFFFFFFFFFFFFFFFF6
:100A1000FFFFFFFFFFFFFFFFFFFFFFFFFFFFFFFFE6
:100A2000DBB6926D49242400000000000000244938
:100A300092B6DBFFFFFFFFFFFFFFFFFFFFFFFFFFA0
:100A4000FFFFFFFFFFFFFFFFFFFFFFFFFFFFFFFFB6
:100A5000FFFFFFFFFFFFFFFFFFFFFFFFFFFFFFFFA6
:100A6000FFFFFFDBDBDBB6926D49490000000000B1
:100A700024246DB6FFFFFFFFFFFFFFFFFFFFFFFF17
:100A8000FFFFFFFFFFFFFFFFFFFFFFFFFFFFFFFF76
:100A9000FFFFFFFFFFFFFFFFFFFFFFFFFFFFFFFF66
:100AA000FFFFFFFFFFFFFFDBDBB6B6926D49492476
:100AB000242449B6FFFFFFFFFFFFFFFFFFFFFFFFFB
:100AC000FFFFFFFFFFFFFFFFFFFFFFFFFFFFFFFF36
:100AD000FFFFFFFFFFFFFFFFFFFFFFFFFFFFFFFF26
:100AE000FFFFFFFFFFFFFFFFFFFFFFFFFFDBB692F0
:100AF0006D6D92DBFFFFFFFFFFFFFFFFFFFFFFFFBB
:100B0000FFFFFFFFFFFFFFFFFFFFFFFFFFFFFFFFF5
:100B1000FFFFFFFFFFFFFFFFFFFFFFFFFFFFFFFFE5
:100B2000FFFFFFFFFFFFFFFFFFFFFFFFFFFFFFFFD5
:100B3000FFFFFFFFFFFFFFFFFFFFFFFFFFB66D6D32
:100B400092FFFFFFFFFFFFFFFFFFFFFFFFFFFFFF22
:100B5000FFFFFFFFFFFFFFFFFFFFFFFFFFFFFFFFA5
:100B6000FFFFFFFFFFFFFFFFFFFFFFFFFFFFFFFF95
:100B7000FFFFFFFFFFFFFFFFFFFFFFFFFF922424A8
:100B800049DBFFFFFFFFFFFFFFFFFFFFFFFFFFFF4F
:100B9000FFFFFFFFFFFFFFFFFFFFFFFFFFFFFFFF65
:100BA000FFFFFFFFFFFFFFFFFFFFFFFFFFFFFFFF55
:100BB000FFFFFFFFFFFFFFFFFFFFFFFFDB6D0000F9
:100BC00049DBFFFFFFFFFFFFFFFFFFFFFFFFFFFF0F
:100BD000FFFFFFFFFFFFFFFFFFFFFFFFFFFFFFFF25
:100BE000FFFFFFFFFFFFFFFFFFFFFFFFFFFFFFFF15
:100BF000FFFFFFFFFFFFFFFFFFFFFFFF9249002402
:100C00006DDBFFFFFFFFFFFFFFFFFFFFFFFFFFFFAA
:100C1000FFFFFFFFFFFFFFFFFFFFFFFFFFFFFFFFE4
:100C2000FFFFFFFFFFFFFFFFFFFFFFFFFFFFFFFFD4
:100C3000FFFFFFFFFFFFFFFFFFFFFFFF6D240049E6
:100C4000B6FFFFFFFFFFFFFFFFFFFFFFFFFFFFFFFD
:100C5000FFFFFFFFFFFFFFFFFFFFFFFFFFFFFFFFA4
:100C6000FFFFFFFFFFFFFFFFFFFFFFFFFFFFFFFF94
:100C7000FFFFFFFFFFFFFFFFFFFFFFDB4900246DCA
:100C8000DBFFFFFFFFFFFFFFFFFFFFFFFFFFFFFF98
:100C9000FFFFFFFFFFFFFFFFFFFFFFFFFFFFFFFF64
:100CA000FFFFFFFFFFFFFFFFFFFFFFFFFFFFFFFF54
:100CB000FFFFFFFFFFFFFFFFFFFFFFB624002492AF
:100CC000FFFFFFFFFFFFFFFFFFFFFFFFFFFFFFFF34
:100CD000B692926D6D92B6FFFFFFFFFFFFFFFFFF21
:100CE000FFFFFFFFFFFFFFFFFFFFFFFFFFFFFFFF14
:100CF000FFFFFFFFFFFFFFFFFFFFDB9224246DB626
:100D0000FFFFFFFFFFFFFFFFFFFFFFFFFFFFDBB660
:100D10006D24240000246DB6DBFFFFFFFFFFFFFF03
:100D2000FFFFFFFFFFFFFFFFFFFFFFFFFFFFFFFFD3
:100D3000FFFFDBDBDBDBDBDBDBB69249004992DB71
:100D4000FFFFFFFFFFFFFFFFFFFFFFFFFFFFB624D7
:100D50000000000000000024B6FFFFFFFFFFFFFFC0
:100D6000FFFFFFFFFFFFFFFFFFFFFFDBDBDBDBB66C
:100D7000B69292926D6D6D49494924000049DBFF9E
:100D8000FFFFFFFFFFFFFFFFFFFFFFFFFFB6490071
:100D900024496D92924900006DB6FFFFDBDBDBB6A4
:100DA000B6B6B69292926D6D6D494949494949244A
:100DB0002424242424242400000000002492FFFF83
:100DC000FFFFFFFFFFFFFFDBB6B6B6B6B66D240030
:100DD00049B6B6FFDBB64900244992926D6D6D6D40
:100DE000494949492424242400000000000000004F
:100DF00000000000242424494949496D6DB6FFFFD5
:100E0000FFFFFFFFFFFFB66D2424002449240000EC
:100E100092FFFFFFFFFF92000000000000000000B3
:100E20000000000000000000000000000000244955
:100E3000490000006D92B6B6B6DBDBFFFFFFFFFF97
:100E4000FFFFFFFFFF9224000000000000000000F1
:100E5000B6FFFFFFFFFF920000000000242424499A
:100E600049496D6D6D929292B6926D00002492DBAD
:100E7000B6240024B6FFFFFFFFFFFFFFFFFFFFFFC9
:100E8000FFFFFFFFB649000049496D4924000000FB
:100E9000B6FFFFFFFFFFB60000249292929292B637
:100EA000B6B6B6DBDBDBDBFFFFDB6D002449B6FF4C
:100EB000B6490049DBFFFFFFFFFFFFFFFFFFFFFF1A
:100EC000FFFFFFFF6D24004992DBDBB66D240000BD
:100ED000B6FFFFFFFFFFB600006DFFFFFFFFFFFF44
:100EE000FFFFFFFFFFFFFFFFFFDB6D00246DB6DBA1
:100EF0009224006DDBFFFFFFFFFFFFFFFFFFFFFFFF
:100F0000FFFFFFFF490024B6DBFFFFFFB6490000EB
:100F1000B6FFFFFFFFFFB600006DFFFFFFFFFFFF03
:100F2000FFFFFFFFFFFFFFFFFFB64900496DDBDB5F
:100F30009224246DDBFFFFFFFFFFFFFFFFFFFFFF9A
:100F4000FFFFFFFF240024DBFFFFFFFFDB49000062
:100F5000B6FFFFFFFFFFB600006DFFFFFFFFFFFFC3
:100F6000FFFFFFFFFFFFFFFFFFB649006D92DBDBD6
:100F70006D242492DBFFFFFFFFFFFFFFFFFFFFFF5A
:100F8000FFFFFFFF490024B6FFFFFFFFDB49000022
:100F9000B6FFFFFFFFFFB600006DFFFFFFFFFFFF83
:100FA000FFFFFFFFFFFFFFFFFF9224006DB6DBDBBB
:100FB000490024B6FFFFFFFFFFFFFFFFFFFFFFFF1A
:100FC000FFFFFFFF6D240049B6DBFFDB6D2400004F
:100FD000B6FFFFFFFFFFB600006DFFFFFFFFFFFF43
:100FE000FFFFFFFFFFFFFFFFFF92240092DBFFDB0D
:100FF000490049B6FFFFFFFFFFFFFFFFFFFFFFFFB5
:10100000FFFFFFFFB649002449496D492400000055
:10101000B6FFFFFFFFFFB600006DFFFFFFFFFFFF02
:10102000FFFFFFFFFFFFFFFFFF6D000092FFFFB616
:10103000240049DBFFFFFFFFFFFFFFFFFFFFFFFF74
:10104000FFFFFFFFDB922400000000000000000013
:10105000B6FFFFFFFFFFB600006DFFFFFFFFFFFFC2
:10106000FFFFFFFFFFFFFFFFFF6D0000B6FFFFB6B2
:10107000240049FFFFFFFFFFFFFFFFFFFFFFFFFF10
:10108000FFFFFFFFFFDBB6492424002449240000B2
:10109000B6FFFFFFFFFFB600006DFFFFFFFFFFFF82
:1010A000FFFFFFFFFFFFFFFFDB490024B6FFFFB696
:1010B00000006DFFFFFFFFFFFFFFFFFFFFFFFFFFD0
:1010C000FFFFFFFFFFFFFFDBB6B6B6B6B649000075
:1010D000B6FFFFFFFFFFB600006DFFFFFFFFFFFF42
:1010E000FFFFFFFFFFFFFFFFDB490024B6FFFF927A
:1010F00000006DFFFFFFFFFFFFFFFFFFFFFFFFFF90
:10110000FFFFFFFFFFFFFFFFFFFFFFFFFF6D00007F
:10111000B6FFFFFFFFFFB600006DFFFFFFFFFFFF01
:10112000FFFFFFFFFFFFFFFFB6490049DBFFDB9238
:10113000002492FFFFFFFFFFFFFFFFFFFFFFFFFF06
:10114000FFFFFFFFFFFFFFFFFFFFFFFFFF6D00003F
:10115000B6FFFFFFFFFFB600006DFFFFFFFFFFFFC1
:10116000FFFFFFFFFFFFFFFF9224006DDBFFDB6D42
:10117000002492FFFFFFFFFFFFFFFFFFFFFFFFFFC6
:10118000FFFFFFFFFFFFFFFFFFFFFFFFFF6D0000FF
:10119000B6FFFFFFFFFFB600006DFFFFFFFFFFFF81
:1011A000FFFFFFFFFFFFFFDB92242492DBFFB64926
:1011B0000049B6FFFFFFFFFFFFFFFFFFFFFFFFFF3D
:1011C000FFFFFFFFFFFFFFFFFFFFFFFFFF6D0000BF
:1011D000B6FFFFFFFFFFB600006DFFFFFFFFFFFF41
:1011E000FFFFFFFFFFFFFFDB6D242492DBFFB66DE7
:1011F000246DDBFFFFFFFFFFFFFFFFFFFFFFFFFF90
:10120000FFFFFFFFFFFFFFFFFFFFFFFFFF6D00007E
:10121000B6FFFFFFFFFFB600006DFFFFFFFFFFFF00
:10122000FFFFFFFFFFFFFFDB490024B6FFFFDB925C
:101230004992DBFFFFFFFFFFFFFFFFFFFFFFFFFF05
:10124000FFFFFFFFFFFFFFFFFFFFFFFFFF6D00003E
:10125000B6FFFFFFFFFFB600006DFFFFFFFFFFFFC0
:10126000FFFFFFFFFFFFFFDB490024DBFFFFFFFF66
:10127000DBFFFFFFB6926D494924496D92DBFFFF0A
:10128000FFFFFFFFFFFFFFFFFFFFFFFFFF6D0000FE
:10129000B6FFFFFFFFFFB600006DFFFFFFFFFFFF80
:1012A000FFFFFFFFFFFFFFDB240049DBFFFFFFFF26
:1012B000FFFFB6924924240000000000246D92B67E
:1012C000DBFFFFFFFFFFFFFFFFFFFFFFFF6D0000E2
:1012D000B6FFFFFFFFFFB600006DFFFFFFFFFFFF40
:1012E000FFFFFFFFFFFFFFB6240049FFFFFFFFFFE7
:1012F000FFB66D0000002424242424240000244987
:1013000092DBFFFFFFFFFFFFFFFFFFFFFF6D00000E
:10131000B6FFFFFFFFFFB600006DFFFFFFFFFFFFFF
:10132000FFFFFFFFFFFFFFB624006DFFFFFFFFFF82
:10133000B6490000246D6DB6DBDBB692492400008F
:101340002492DBFFFFFFFFFFFFFFFFFFFF6D0000A9
:10135000B6FFFFFFFFFFB600006DFFFFFFFFFFFFBF
:10136000FFFFFFFFFFFFDB9224246DFFFFFFFFDB8A
:101370006D24004992DBDBFFFFFFFFDBB66D242409
:101380000049B6FFFFFFFFFFFFFFFFFFFF6D0000FB
:10139000B6FFFFFFFFFFB600006DFFFFFFFFFFFF7F
:1013A000FFFFFFFFFFFFDB6D242492FFFFFFFF9293
:1013B000240049B6FFFFFFFFDBDBFFFFFFDB9249A5
:1013C00000006DDBFFFFFFFFFFFFFFFFFF6D000071
:1013D000B6FFFFFFFFFFB600006DFFFFFFFFFFFF3F
:1013E000FFFFFFFFFFFFB66D004992FFFFFFB66DE5
:1013F000002492FFFFFFFFDB494992FFFFFFDB92D2
:1014000049002492FFFFFFFFFFFFFFFFFF6D000079
:10141000B6FFFFFFFFFFB600006DFFFFFFFFFFFFFE
:10142000FFFFFFFFFFFFB6490049B6FFFFFF922411
:101430000049B6FFFFFFFFB624006DFFFFFFFFDB93
:101440009224246DFFFFFFFFFFFFFFFFFF6D0000F1
:10145000B6FFFFFFFFFFB600006DFFFFFFFFFFFFBE
:10146000FFFFFFFFFFFFB649006DDBFFFFFF9200AC
:101470000092DBFFDBB6B66D000049B6DBDBFFFF99
:10148000B6240049FFFFFFFFFFFFFFFFFF6D0000D5
:10149000B6FFFFFFFFFFB600006DFFFFFFFFFFFF7E
:1014A000FFFFFFFFFFFF9224006DDBFFFFFF6D00DA
:1014B0000092FFFF922424000000002449B6FFFFA1
:1014C000DB240049FFFFFFFFFFFFFFFFFF6D000070
:1014D000B6FFFFFFFFFFB600006DFFFFFFFFFFFF3E
:1014E000FFFFFFFFFFFF92000092FFFFFFFF6D0075
:1014F0000092FFFF6D240000000000002492FFFF17
:10150000FF492449FFFFFFFFFFFFFFFFFF6D0000C2
:10151000B6FFFFFFFFFFB600006DFFFFFFFFFFFFFD
:10152000FFFFFFFFFFFF6D000092FFFFFFFF6D0059
:101530000092FFFFB66D6D490000246D92B6FFFF6B
:10154000FFB69292FFFFFFFFFFFFFFFFDB490000A6
:10155000B6FFFFFFFFFFB600006DFFFFFFFFFFFFBD
:10156000FFFFFFFFFFFF6D002492FFFFFFFF9224AC
:10157000006DDBFFFFFFFFB600006DDBFFFFFFFF2D
:10158000FFFFFFFFFFFFDB926D4949496D2400001B
:10159000B6FFFFFFFFFFB600006DFFFFFFFFFFFF7D
:1015A000FFFFFFFFFFDB6D0024B6FFFFFFFFB64923
:1015B000004992FFFFFFFFB6492492FFFFFFFFFFA4
:1015C000FFFFFFFFFFB66D240000000024000000B5
:1015D000B6FFFFFFFFFFB600006DFFFFFFFFFFFF3D
:1015E000FFFFFFFFFFB6490049B6FFFFFFFFDB9299
:1015F000000049DBFFFFFFDB9292B6FFFFFFFFFF1A
:10160000FFFFFFFFDB6D0000000000000000000096
:10161000B6FFFFFFFFFFB600006DFFFFFFFFFFFFFC
:10162000FFFFFFFFFFB649006DB6FFFFFFFFFFB6EC
:101630002400246DDBFFFFFFFFFFFFFFFFFFFFFF25
:10164000FFFFFFFF9224004992B6B69249000000C6
:10165000B6FFFFFFFFFFB600006DFFFFFFFFFFFFBC
:10166000FFFFFFFFFF9224246DDBFFFFFFFFFFDB87
:10167000922400244992B6DBFFFFFFFFFFFFFFFF2C
:10168000FFFFFFFF49002492DBFFFFDBB6240000D1
:10169000B6FFFFFFFFFFB600006DFFFFFFFFFFFF7C
:1016A000FFFFFFFFFF6D242492DBFFDB9292DBFF45
:1016B000DB9224000024496D6D92DBFFFFFFFFFFEA
:1016C000FFFFFFFF240024DBFFFFFFFFDB490000DB
:1016D000B6FFFFFFFFFFB600006DFFFFFFFFFFFF3C
:1016E000FFFFFFFFFF6D002492FFDB9224006DDB04
:1016F000FFDB924924000000002492FFFFFFFFFF60
:10170000FFFFFFFF490024DBFFFFFFFFDB49000075
:10171000B6FFFFFFFFFFB600006DFFFFFFFFFFFFFB
:10172000FFFFFFFFFF490024B6FFDB4900006DDB30
:10173000FFFFFFDB92494924244992FFFFFFFFFF8F
:10174000FFFFFFFF49002492B6DBFFDB922400007D
:10175000B6FFFFFFFFFFB600006DFFFFFFFFFFFFBB
:10176000FFFFFFFFDB240024DBFFDB2400006DDB39
:10177000FFFFFFFFDBB6B69292B6DBFFFFFFFFFF76
:10178000FFFFFFFF922400246D92B6922400000018
:10179000B6FFFFFFFFFFB600006DFFFFFFFFFFFF7B
:1017A000FFFFFFFFDB240049DBFFB624000092FFB0
:1017B000FFFFFFFFFFFFFFFFFFFFFFFFFFFFFFFF39
:1017C000FFFFFFFFDB6D00000000000000000000D5
:1017D000B6FFFFFFFFFFB600006DFFFFFFFFFFFF3B
:1017E000FFFFFFDBB6240049DBFFB600000092FFDD
:1017F000FFFFFFFFFFFFFFFFFFFFFFFFFFFFFFFFF9
:10180000FFFFFFFFFFB66D49240000002400000029
:10181000B6FFFFFFFFFFB600006DFFFFFFFFFFFFFA
:10182000FFFFFFDBB624246DDBFF9200002492FF54
:10183000FFFFFFFFFFFFFFFFFFFFFFFFFFFFFFFFB8
:10184000FFFFFFFFFFFFDB926D6D6D6D92240000C7
:10185000B6FFFFFFFFFFB600006DFFFFFFFFFFFFBA
:10186000FFFFFFB69200246DDBDB92002424B6FF5D
:10187000FFFFFFFFFFFFFFFFFFFFFFFFFFFFFFFF78
:10188000FFFFFFFFFFFFFFFFFFFFFFFFDB49000040
:10189000B6FFFFFFFFFFB600006DFFFFFFFFFFFF7A
:1018A000FFFFFF926D002492FFDB6D002449B6FF1D
:1018B000FFFFFFFFFFFFFFFFFFFFFFFFFFFFFFFF38
:1018C000FFFFFFFFFFFFFFFFFFFFFFFFFF6D0000B8
:1018D000B6FFFFFFFFFFB60000249292B6DBFFFFCA
:1018E000FFFFFF6D490049B6FFB66D00496DDBFF94
:1018F000FFFFFFFFFFFFFFFFFFFFFFFFFFFFFFFFF8
:10190000FFFFFFFFFFFFFFFFFFFFFFFFFF6D002453
:10191000B6FFFFFFFFFFB62400002424496D92B6F6
:10192000DBDBB649490049B6FFB649004992DBFF07
:10193000FFFFFFFFFFFFFFFFFFFFFFFFFFFFFFFFB7
:10194000FFFFFFFFFFFFFFFFFFFFFFFFFF926D6D38
:10195000DBFFFFFFFFFFDB6D240000000000002421
:10196000496D6D24240049B6FF9224006DB6DBFF5B
:10197000FFFFFFFFFFFFFFFFFFFFFFFFFFFFFFFF77
:10198000FFFFFFFFFFFFFFFFFFFFFFFFFFFFDBDBAF
:10199000FFFFFFFFFFFFFFDBB6926D6D49240000E4
:1019A0000024240000002492B66D24006DB6FFFFD1
:1019B000FFFFFFFFFFFFFFFFFFFFFFFFFFFFFFFF37
:1019C000FFFFFFFFFFFFFFFFFFFFFFFFFFFFFFFF27
:1019D000FFFFFFFFFFFFFFFFFFFFDBB6B6926D4982
:1019E0004924000000000024492400006DB6DBFFFC
:1019F000FFFFFFFFFFFFFFFFFFFFFFFFFFFFFFFFF7
:101A0000FFFFFFFFFFFFFFFFFFFFFFFFFFFFFFFFE6
:101A1000FFFFFFFFFFFFFFFFFFFFFFFFFFFFFFDBFA
:101A2000B69249242400000000000000246D92B604
:101A3000DBFFFFFFFFFFFFFFFFFFFFFFFFFFFFFFDA
:101A4000FFFFFFFFFFFFFFFFFFFFFFFFFFFFFFFFA6
:101A5000FFFFFFFFFFFFFFFFFFFFFFFFFFFFFFFF96
:101A6000FFFFDBDBDBB6926D2400000000002424C6
:101A700049DBFFFFFFFFFFFFFFFFFFFFFFFFFFFF50
:101A8000FFFFFFFFFFFFFFFFFFFFFFFFFFFFFFFF66
:101A9000FFFFFFFFFFFFFFFFFFFFFFFFFFFFFFFF56
:101AA000FFFFFFFFFFFFDBB6B6926D4949242424F8
:101AB00049B6FFFFFFFFFFFFFFFFFFFFFFFFFFFF35
:101AC000FFFFFFFFFFFFFFFFFFFFFFFFFFFFFFFF26
:101AD000FFFFFFFFFFFFFFFFFFFFFFFFFFFFFFFF16
:101AE000FFFFFFFFFFFFFFFFFFFFFFDBB6926D6D04
:101AF00092DBFFFFFFFFFFFFFFFFFFFFFFFFFFFF87
:101B0000FFFFFFFFFFFFFFFFFFFFFFFFFFFFFFFFE5
:101B1000FFFFFFFFFFFFFFFFFFFFFFFFFFFFFFFFD5
:101B2000FFFFDB6D24246DFFFFFFFFFFFFFFFFFFC3
:101B3000FFFFFFFFFFFFFFFFFFFFFFFFFFFFFFFFB5
:101B4000FFFFFFFFFFFFFFFFFFFFFFFFFFFFFFFFA5
:101B5000FFFFFFFFFFFFFFFFFFFFFFFFFFFFFFFF95
:101B6000FFB624000000006D92FFFFFFFFFFFFFFA4
:101B7000FFFFFFFFFFFFFFFFFFFFFFFFFFFFFFFF75
:101B8000FFFFFFFFFFFFFFFFFFFFFFFFFFFFFFFF65
:101B9000FFFFFFFFFFFFFFFFFFFFFFFFFFFFFFFF55
:101BA000FF2400002424000024FFFFFFFFFFFFFFAD
:101BB000FFFFFFFFFFFFFFFFFFFFFFFFFFFFFFFF35
:101BC000FFFFFFFFFFFFFFFFFFFFFFFFFFFFFFFF25
:101BD000FFFFFFFFFFFFFFFFFFFFFFFFFFFFFFB65E
:101BE00092000000B6B600000092FFFFFFFFFFFF6B
:101BF000FFFFFFFFFFFFFFFFFFFFFFFFFFFFFFFFF5
:101C0000FFFFFFFFFFFFFFFFFFFFFFFFFFFFFFFFE4
:101C1000FFFFFFFFFFFFFFFFFFFFFFFFFFFFFF498A
:101C20000000246DFFFF6D000000B6FFFFFFFFFF07
:101C3000FFFFFFFFFFFFFFFFFFFFFFFFFFFFFFFFB4
:101C4000FFFFFFFFFFFFFFFFFFFFFFFFFFFFFFFFA4
:101C5000FFFFFFFFFFFFFFFFFFFFFFFFFFFF920000
:101C6000000092FFFFFFFF24000024B6FFFFFFFFEC
:101C7000FFFFFFFFFFFFFFFFFFFFFFFFFFFFFFFF74
:101C8000FFFFFFFFFFFFFFFFFFFFFFFFFFFFFFFF64
:101C9000FFFFFFFFFFFFFFFFFFFFFFFFFFDB240052
:101CA000006DFFFFFFFFFF9249000024FFFFFFFFD1
:101CB000FFFFFFFFFFFFFFFFFFFFFFFFFFFFFFFF34
:101CC000FFFFFFFFFFFFFFFFFFFFFFFFFFFFFFFF24
:101CD000FFFFFFFFFFFFFFFFFFFFFFFF922400005A
:101CE00024DBFFFFFFFFFFFFDB2400006DFFFFFF92
:101CF000FFFFFFFFFFFFFFFFFFFFFFFFFFFFFFFFF4
:101D0000FFFFFFFFFFFFFFFFFFFFFFFFFFFFFFFFE3
:101D1000FFFFFFFFFFFFFFFFFFFFFFDB2400006D62
:101D200092FFFFFFFFFFFFFFFF6D00002449FFFF51
:101D3000FFFFFFFFFFFFFFFFFFFFFFFFFFFFFFFFB3
:101D4000FFFFFFFFFFFFFFFFFFFFFFFFFFFFFFFFA3
:101D5000FFFFFFFFFFFFFFFFFFFFDB49000024DB6A
:101D6000FFFFFFFFFFFFFFFFFFFF4924000092FF7F
:101D7000FFFFFFFFFFFFFFFFFFFFFFFFFFFFFFFF73
:101D8000FFFFFFFFFFFFFFFFFFFFFFFFFFFFFFFF63
:101D9000FFFFFFFFFFFFFFFFFFFF2424000092FF74
:101DA000FFFFFFFFFFFFFFFFFFFFFF6D000024DBD2
:101DB000FFFFFFFFFFFFFFFFFFFFFFFFFFFFFFFF33
:101DC000FFFFFFFFFFFFFFFFFFFFFFFFFFFFFFFF23
:101DD000FFFFFFFFFFFFFFFFFF490000246DFFFF34
:101DE000FFFFFFFFFFFFFFFFFFFFFFFF2400006D6E
:101DF00092FFFFFFFFFFFFFFFFFFFFFFFFFFFFFF60
:101E0000FFFFFFFFFFFFFFFFFFFFFFFFFFFFFFFFE2
:101E1000FFFFFFFFFFFFFFFFB624000092FFFFFF61
:101E2000FFFFFFFFFFFFFFFFFFFFFFFF9224000008
:101E300024FFFFFFFFFFFFFFFFFFFFFFFFFFFFFF8D
:101E4000FFFFFFFFFFFFFFFFFFFFFFFFFFFFFFFFA2
:101E5000FFFFFFFFFFFFFF6D24000049FFFFFFFFB3
:101E6000FFFFFFFFFFFFFFFFFFFFFFFFFFB60000C9
:101E70000092FFFFFFFFFFFFFFFFFFFFFFFFFFFFDE
:101E8000FFFFFFFFFFFFFFFFFFFFFFFFFFFFFFFF62
:101E9000FFFFFFFFFFFFB624000049DBFFFFFFFF4E
:101EA000FFFFFFFFFFFFFFFFFFFFFFFFFFFF6D00D3
:101EB0000000B6FFFFFFFFFFFFFFFFFFFFFFFFFF79
:101EC000FFFFFFFFFFFFFFFFFFFFFFFFFFFFFFFF22
:101ED000FFFFFFFFFFFF24000049FFFFFFFFFFFFA1
:101EE000FFFFFFFFFFFFFFFFFFFFFFFFFFFFFF24DD
:101EF000000024B6FFFFFFFFFFFFFFFFFFFFFFFF14
:101F0000FFFFFFFFFFFFFFFFFFFFFFFFFFFFFFFFE1
:101F1000FFFFFFFFDB49000024DBFFFFFFFFFFFFA8
:101F2000FFFFFFFFFFFFFFFFFFFFFFFFFFFFFF922E
:101F300049000024FFFFFFFFFFFFFFFFFFFFFFFF40
:101F4000FFFFFFFFFFFFFFFFFFFFFFFFFFFFFFFFA1
:101F5000FFFFFFFF490000246DFFFFFFFFFFFFFFB2
:101F6000FFFFFFFFFFFFFFFFFFFFFFFFFFFFFFFF81
:101F7000DB2400006DFFFFFFFFFFFFFFFFFFFFFF00
:101F8000FFFFFFFFFFFFFFFFFFFFFFFFFFFFFFFF61
:101F9000FFFFFF92000024B6FFFFFFFFFFFFFFFFE0
:101FA000FFFFFFFFFFFFFFFFFFFFFFFFFFFFFFFF41
:101FB000FF6D00002449FFFFFFFFFFFFFFFFFFFF52
:101FC000FFFFFFFFFFFFFFFFFFFFFFFFFFFFFFFF21
:101FD000FFFF6D2400006DFFFFFFFFFFFFFFFFFF0E
:101FE000FFFFFFFFFFFFFFFFFFFFFFFFFFFFFFFF01
:101FF000FFFF4924000092FFFFFFFFFFFFFFFFFFED
:10200000FFFFFFFFFFFFFFFFFFFFFFFFFFFFFFFFE0
:10201000FF9200002424FFFFFFFFFFFFFFFFFFFFF1
:10202000FFFFFFFFFFFFFFFFFFFFFFFFFFFFFFFFC0
:10203000FFFFFF6D000024DBFFFFFFFFFFFFFFFF3F
:10204000FFFFFFFFFFFFFFFFFFFFFFFFFFFFFFFFA0
:10205000DB24000049DBFFFFFFFFFFFFFFFFFFFF67
:10206000FFFFFFFFFFFFFFFFFFFFFFFFFFFFFFFF80
:10207000FFFFFFFF2400006D92FFFFFFFFFFFFFF48
:10208000FFFFFFFFFFFFFFFFFFFFFFFFFFFFFF92CD
:102090006D000024DBFFFFFFFFFFFFFFFFFFFFFFDF
:1020A000FFFFFFFFFFFFFFFFFFFFFFFFFFFFFFFF40
:1020B000FFFFFFFF9224000024FFFFFFFFFFFFFF51
:1020C000FFFFFFFFFFFFFFFFFFFFFFFFFFFFDB241F
:1020D000000024B6FFFFFFFFFFFFFFFFFFFFFFFF32
:1020E000FFFFFFFFFFFFFFFFFFFFFFFFFFFFFFFF00
:1020F000FFFFFFFFFFB600000092FFFFFFFFFFFFA3
:10210000FFFFFFFFFFFFFFFFFFFFFFFFFFFF6D0070
:102110000024B6FFFFFFFFFFFFFFFFFFFFFFFFFFF2
:10212000FFFFFFFFFFFFFFFFFFFFFFFFFFFFFFFFBF
:10213000FFFFFFFFFFFF6D000000B6FFFFFFFFFF87
:10214000FFFFFFFFFFFFFFFFFFFFFFFFFF9200000A
:102150000092FFFFFFFFFFFFFFFFFFFFFFFFFFFFFB
:10216000FFFFFFFFFFFFFFFFFFFFFFFFFFFFFFFF7F
:10217000FFFFFFFFFFFFFF24000024B6FFFFFFFF6C
:10218000FFFFFFFFFFFFFFFFFFFFFFFF6D000024CA
:1021900049FFFFFFFFFFFFFFFFFFFFFFFFFFFFFF05
:1021A000FFFFFFFFFFFFFFFFFFFFFFFFFFFFFFFF3F
:1021B000FFFFFFFFFFFFFF9249000024FFFFFFFF2B
:1021C000FFFFFFFFFFFFFFFFFFFFFFB624000092AE
:1021D000DBFFFFFFFFFFFFFFFFFFFFFFFFFFFFFF33
:1021E000FFFFFFFFFFFFFFFFFFFFFFFFFFFFFFFFFF
:1021F000FFFFFFFFFFFFFFFFDB2400006DFFFFFF7E
:10220000FFFFFFFFFFFFFFFFFFFFB649000049FF91
:10221000FFFFFFFFFFFFFFFFFFFFFFFFFFFFFFFFCE
:10222000FFFFFFFFFFFFFFFFFFFFFFFFFFFFFFFFBE
:10223000FFFFFFFFFFFFFFFFFF6D00002449FFFFCF
:10224000FFFFFFFFFFFFFFFFFFDB24000000B6FFE3
:10225000FFFFFFFFFFFFFFFFFFFFFFFFFFFFFFFF8E
:10226000FFFFFFFFFFFFFFFFFFFFFFFFFFFFFFFF7E
:10227000FFFFFFFFFFFFFFFFFFFF4924000092FF6A
:10228000FFFFFFFFFFFFFFFFFF4900002492FFFF5A
:10229000FFFFFFFFFFFFFFFFFFFFFFFFFFFFFFFF4E
:1022A000FFFFFFFFFFFFFFFFFFFFFFFFFFFFFFFF3E
:1022B000FFFFFFFFFFFFFFFFFFFFFF6D000024DBBD
:1022C000FFFFFFFFFFFFFFDB92000000B6FFFFFFF5
:1022D000FFFFFFFFFFFFFFFFFFFFFFFFFFFFFFFF0E
:1022E000FFFFFFFFFFFFFFFFFFFFFFFFFFFFFFFFFE
:1022F000FFFFFFFFFFFFFFFFFFFFFFFF2400006D59
:1023000092FFFFFFFFFFFF492400006DFFFFFFFF6B
:10231000FFFFFFFFFFFFFFFFFFFFFFFFFFFFFFFFCD
:10232000FFFFFFFFFFFFFFFFFFFFFFFFFFFFFFFFBD
:10233000FFFFFFFFFFFFFFFFFFFFFFFF92240000F3
:1023400024FFFFFFFFFFB62400006DDBFFFFFFFF50
:10235000FFFFFFFFFFFFFFFFFFFFFFFFFFFFFFFF8D
:10236000FFFFFFFFFFFFFFFFFFFFFFFFFFFFFFFF7D
:10237000FFFFFFFFFFFFFFFFFFFFFFFFFFB60000B4
:102380000092FFFFFFDB24000049FFFFFFFFFFFF7C
:10239000FFFFFFFFFFFFFFFFFFFFFFFFFFFFFFFF4D
:1023A000FFFFFFFFFFFFFFFFFFFFFFFFFFFFFFFF3D
:1023B000FFFFFFFFFFFFFFFFFFFFFFFFFFFF6D00BE
:1023C0000000B6FFB624000024DBFFFFFFFFFFFF85
:1023D000FFFFFFFFFFFFFFFFFFFFFFFFFFFFFFFF0D
:1023E000FFFFFFFFFFFFFFFFFFFFFFFFFFFFFFFFFD
:1023F000FFFFFFFFFFFFFFFFFFFFFFFFFFFFFF24C8
:10240000000024B6240000000000000000000000CE
:1024100000000000000000000024DBFFFFFFFFFFC2
:10242000FFFFFFFFFFFFFFFFFFFFFFFFFFDB2400BA
:10243000000000000000000000000000000000009C
:102440000000002424000000000000000000000044
:102450000000000000000000000092FFFFFFFFFFEF
:10246000FFFFFFFFFFFFFFFFFFFFFFFFDB9200000B
:10247000000000000000000000000000000000005C
:1024800000000024DB9249494949494949494949E1
:1024900049494949494900000024FFFFFFFFFFFF68
:1024A000FFFFFFFFFFFFFFFFFFFFFFFFFFFF240016
:1024B000000049494949494949494949494949491E
:1024C000494992DBFFFFFFFFFFFFFFFFFFFFFFFF19
:1024D000FFFFFFFFDB6D000024B6FFFFFFFFFFFFE4
:1024E000FFFFFFFFFFFFFFFFFFFFFFFFFFFFB62420
:1024F00000006DDBFFFFFFFFFFFFFFFFFFFFFFFFA0
:10250000FFFFFFFFFFFFFFFFFFFFFFFFFFFFFFFFDB
:10251000FFFFFFFF6D00002449FFFFFFFFFFFFFFEC
:10252000FFFFFFFFFFFFFFFFFFFFFFFFFFFFFF4971
:102530002400006DFFFFFFFFFFFFFFFFFFFFFFFF16
:10254000FFFFFFFFFFFFFFFFFFFFFFFFFFFFFFFF9B
:10255000FFFFFFB600000092DBFFFFFFFFFFFFFF62
:10256000FFFFFFFFFFFFFFFFFFFFFFFFFFFFFFDB9F
:1025700092000000B6FFFFFFFFFFFFFFFFFFFFFF1E
:10258000FFFFFFFFFFFFFFFFFFFFFFFFFFFFFFFF5B
:10259000FFFFB649000049FFFFFFFFFFFFFFFFFFFE
:1025A000FFFFFFFFFFFFFFFFFFFFFFFFFFFFFFFF3B
:1025B000FF49000049B6FFFFFFFFFFFFFFFFFFFFDE
:1025C000FFFFFFFFFFFFFFFFFFFFFFFFFFFFFFFF1B
:1025D000FFDB24000000B6FFFFFFFFFFFFFFFFFF50
:1025E000FFFFFFFFFFFFFFFFFFFFFFFFFFFFFFFFFB
:1025F000FFB600000024DBFFFFFFFFFFFFFFFFFF30
:10260000FFFFFFFFFFFFFFFFFFFFFFFFFFFFFFFFDA
:10261000FF4900002492FFFFFFFFFFFFFFFFFFFFC6
:10262000FFFFFFFFFFFFFFFFFFFFFFFFFFFFFFFFBA
:10263000FFFF9224000049FFFFFFFFFFFFFFFFFFA6
:10264000FFFFFFFFFFFFFFFFFFFFFFFFFFFFFFFF9A
:10265000B624000092FFFFFFFFFFFFFFFFFFFFFF19
:10266000FFFFFFFFFFFFFFFFFFFFFFFFFFFFFFFF7A
:10267000FFFFFF92000024B6FFFFFFFFFFFFFFFFF9
:10268000FFFFFFFFFFFFFFFFFFFFFFFFFFFFFF6DEC
:1026900024000049FFFFFFFFFFFFFFFFFFFFFFFFD9
:1026A000FFFFFFFFFFFFFFFFFFFFFFFFFFFFFFFF3A
:1026B000FFFFFFFF490000246DFFFFFFFFFFFFFF4B
:1026C000FFFFFFFFFFFFFFFFFFFFFFFFFFFFDB2419
:1026D000000049DBFFFFFFFFFFFFFFFFFFFFFFFFE2
:1026E000FFFFFFFFFFFFFFFFFFFFFFFFFFFFFFFFFA
:1026F000FFFFFFFFDB49000024DBFFFFFFFFFFFFC1
:10270000FFFFFFFFFFFFFFFFFFFFFFFFFFFF49008E
:102710000024FFFFFFFFFFFFFFFFFFFFFFFFFFFFA3
:10272000FFFFFFFFFFFFFFFFFFFFFFFFFFFFFFFFB9
:10273000FFFFFFFFFFFF24000049FFFFFFFFFFFF38
:10274000FFFFFFFFFFFFFFFFFFFFFFFFDB6D00004D
:1027500024B6FFFFFFFFFFFFFFFFFFFFFFFFFFFFAD
:10276000FFFFFFFFFFFFFFFFFFFFFFFFFFFFFFFF79
:10277000FFFFFFFFFFFFB62400006DDBFFFFFFFF41
:10278000FFFFFFFFFFFFFFFFFFFFFFFF6D000024C4
:1027900049FFFFFFFFFFFFFFFFFFFFFFFFFFFFFFFF
:1027A000FFFFFFFFFFFFFFFFFFFFFFFFFFFFFFFF39
:1027B000FFFFFFFFFFFFFF492400006DFFFFFFFF4A
:1027C000FFFFFFFFFFFFFFFFFFFFFFB600000092CC
:1027D000DBFFFFFFFFFFFFFFFFFFFFFFFFFFFFFF2D
:1027E000FFFFFFFFFFFFFFFFFFFFFFFFFFFFFFFFF9
:1027F000FFFFFFFFFFFFFFDB92000000B6FFFFFFC0
:10280000FFFFFFFFFFFFFFFFFFFFB649000049FF8B
:10281000FFFFFFFFFFFFFFFFFFFFFFFFFFFFFFFFC8
:10282000FFFFFFFFFFFFFFFFFFFFFFFFFFFFFFFFB8
:10283000FFFFFFFFFFFFFFFFFF49000049B6FFFF5B
:10284000FFFFFFFFFFFFFFFFFFDB24000000B6FFDD
:10285000FFFFFFFFFFFFFFFFFFFFFFFFFFFFFFFF88
:10286000FFFFFFFFFFFFFFFFFFFFFFFFFFFFFFFF78
:10287000FFFFFFFFFFFFFFFFFFB600000024DBFFAD
:10288000FFFFFFFFFFFFFFFFFF4900002492FFFF54
:10289000FFFFFFFFFFFFFFFFFFFFFFFFFFFFFFFF48
:1028A000FFFFFFFFFFFFFFFFFFFFFFFFFFFFFFFF38
:1028B000FFFFFFFFFFFFFFFFFFFF9224000049FF24
:1028C000FFFFFFFFFFFFFFFFB624000092FFFFFFA7
:1028D000FFFFFFFFFFFFFFFFFFFFFFFFFFFFFFFF08
:1028E000FFFFFFFFFFFFFFFFFFFFFFFFFFFFFFFFF8
:1028F000FFFFFFFFFFFFFFFFFFFFFF92000024B677
:10290000FFFFFFFFFFFFFF6D24000049FFFFFFFFF8
:10291000FFFFFFFFFFFFFFFFFFFFFFFFFFFFFFFFC7
:10292000FFFFFFFFFFFFFFFFFFFFFFFFFFFFFFFFB7
:10293000FFFFFFFFFFFFFFFFFFFFFFFF4900002436
:102940006DFFFFFFFFFFDB24000049DBFFFFFFFF00
:10295000FFFFFFFFFFFFFFFFFFFFFFFFFFFFFFFF87
:10296000FFFFFFFFFFFFFFFFFFFFFFFFFFFFFFFF77
:10297000FFFFFFFFFFFFFFFFFFFFFFFFDB4900003F
:1029800024DBFFFFFFFF49000024FFFFFFFFFFFFE5
:10299000FFFFFFFFFFFFFFFFFFFFFFFFFFFFFFFF47
:1029A000FFFFFFFFFFFFFFFFFFFFFFFFFFFFFFFF37
:1029B000FFFFFFFFFFFFFFFFFFFFFFFFFFFF240001
:1029C0000049FFFFDB6D000024B6FFFFFFFFFFFFA4
:1029D000FFFFFFFFFFFFFFFFFFFFFFFFFFFFFFFF07
:1029E000FFFFFFFFFFFFFFFFFFFFFFFFFFFFFFFFF7
:1029F000FFFFFFFFFFFFFFFFFFFFFFFFFFFFB6240B
:102A000000006DDB6D00002449FFFFFFFFFFFFFFAB
:102A1000FFFFFFFFFFFFFFFFFFFFFFFFFFFFFFFFC6
:102A2000FFFFFFFFFFFFFFFFFFFFFFFFFFFFFFFFB6
:102A3000FFFFFFFFFFFFFFFFFFFFFFFFFFFFFF495C
:102A40002400006D2400002424494949494949498A
:102A500049494949494949494949494949494949E6
:102A600049494949494949494949494949494949D6
:102A700049494949494949494949494949494924EB
:102A800024000024490000000000000000000000B5
:102A90000000000000000000000000000000000036
:102AA0000000000000000000000000000000000026
:102AB0000000000000000000000000000000000016
:102AC00000000049DB92240000000000000000002C
:102AD00000000000000000000000000000000000F6
:102AE00000000000000000000000000000000000E6
:102AF00000000000000000000000000000000000D6
:102B0000002492DBDB9224000000000000000000A3
:102B100000000000000000000000000000000000B5
:102B200000000000000000000000000000000000A5
:102B30000000000000000000000000000000000095
:102B4000002492DB490000000000000000000000AB
:102B50000000000000000000000000000000000075
:102B60000000000000000000000000000000000065
:102B70000000000000000000000000000000000055
:102B80000000004924000024244949494949494991
:102B900049494949494949494949494949494949A5
:102BA0004949494949494949494949494949494995
:102BB00049494949494949494949494949494924AA
:102BC000240000246D00002449FFFFFFFFFFFFFFEA
:102BD000FFFFFFFFFFFFFFFFFFFFFFFFFFFFFFFF05
:102BE000FFFFFFFFFFFFFFFFFFFFFFFFFFFFFFFFF5
:102BF000FFFFFFFFFFFFFFFFFFFFFFFFFFFFFF499B
:102C00002400006DDB6D000024B6FFFFFFFFFFFF17
:102C1000FFFFFFFFFFFFFFFFFFFFFFFFFFFFFFFFC4
:102C2000FFFFFFFFFFFFFFFFFFFFFFFFFFFFFFFFB4
:102C3000FFFFFFFFFFFFFFFFFFFFFFFFFFFFB624C8
:102C400000006DDBFFFF49000024FFFFFFFFFFFFD7
:102C5000FFFFFFFFFFFFFFFFFFFFFFFFFFFFFFFF84
:102C6000FFFFFFFFFFFFFFFFFFFFFFFFFFFFFFFF74
:102C7000FFFFFFFFFFFFFFFFFFFFFFFFFFFF24003E
:102C80000049FFFFFFFFDB24000049DBFFFFFFFFE0
:102C9000FFFFFFFFFFFFFFFFFFFFFFFFFFFFFFFF44
:102CA000FFFFFFFFFFFFFFFFFFFFFFFFFFFFFFFF34
:102CB000FFFFFFFFFFFFFFFFFFFFFFFFDB490000FC
:102CC00024DBFFFFFFFFFF6D24000049FFFFFFFF34
:102CD000FFFFFFFFFFFFFFFFFFFFFFFFFFFFFFFF04
:102CE000FFFFFFFFFFFFFFFFFFFFFFFFFFFFFFFFF4
:102CF000FFFFFFFFFFFFFFFFFFFFFFFF4900002473
:102D00006DFFFFFFFFFFFFFFB624000092FFFFFFF4
:102D1000FFFFFFFFFFFFFFFFFFFFFFFFFFFFFFFFC3
:102D2000FFFFFFFFFFFFFFFFFFFFFFFFFFFFFFFFB3
:102D3000FFFFFFFFFFFFFFFFFFFFFF92000024B632
:102D4000FFFFFFFFFFFFFFFFFF4900002492FFFF8F
:102D5000FFFFFFFFFFFFFFFFFFFFFFFFFFFFFFFF83
:102D6000FFFFFFFFFFFFFFFFFFFFFFFFFFFFFFFF73
:102D7000FFFFFFFFFFFFFFFFFFFF9224000049FF5F
:102D8000FFFFFFFFFFFFFFFFFFDB24000000B6FF98
:102D9000FFFFFFFFFFFFFFFFFFFFFFFFFFFFFFFF43
:102DA000FFFFFFFFFFFFFFFFFFFFFFFFFFFFFFFF33
:102DB000FFFFFFFFFFFFFFFFFFB600000024DBFF68
:102DC000FFFFFFFFFFFFFFFFFFFFB649000049FFC6
:102DD000FFFFFFFFFFFFFFFFFFFFFFFFFFFFFFFF03
:102DE000FFFFFFFFFFFFFFFFFFFFFFFFFFFFFFFFF3
:102DF000FFFFFFFFFFFFFFFFFF49000049B6FFFF96
:102E0000FFFFFFFFFFFFFFFFFFFFFFB60000009285
:102E1000DBFFFFFFFFFFFFFFFFFFFFFFFFFFFFFFE6
:102E2000FFFFFFFFFFFFFFFFFFFFFFFFFFFFFFFFB2
:102E3000FFFFFFFFFFFFFFDB92000000B6FFFFFF79
:102E4000FFFFFFFFFFFFFFFFFFFFFFFF6D000024FD
:102E500049FFFFFFFFFFFFFFFFFFFFFFFFFFFFFF38
:102E6000FFFFFFFFFFFFFFFFFFFFFFFFFFFFFFFF72
:102E7000FFFFFFFFFFFFFF492400006DFFFFFFFF83
:102E8000FFFFFFFFFFFFFFFFFFFFFFFFDB6D000006
:102E900024B6FFFFFFFFFFFFFFFFFFFFFFFFFFFF66
:102EA000FFFFFFFFFFFFFFFFFFFFFFFFFFFFFFFF32
:102EB000FFFFFFFFFFFFB62400006DDBFFFFFFFFFA
:102EC000FFFFFFFFFFFFFFFFFFFFFFFFFFFF4900C7
:102ED0000024FFFFFFFFFFFFFFFFFFFFFFFFFFFFDC
:102EE000FFFFFFFFFFFFFFFFFFFFFFFFFFFFFFFFF2
:102EF000FFFFFFFFFFFF24000049FFFFFFFFFFFF71
:102F0000FFFFFFFFFFFFFFFFFFFFFFFFFFFFDB24D0
:102F1000000049DBFFFFFFFFFFFFFFFFFFFFFFFF99
:102F2000FFFFFFFFFFFFFFFFFFFFFFFFFFFFFFFFB1
:102F3000FFFFFFFFDB49000024DBFFFFFFFFFFFF78
:102F4000FFFFFFFFFFFFFFFFFFFFFFFFFFFFFF6D23
:102F500024000049FFFFFFFFFFFFFFFFFFFFFFFF10
:102F6000FFFFFFFFFFFFFFFFFFFFFFFFFFFFFFFF71
:102F7000FFFFFFFF490000246DFFFFFFFFFFFFFF82
:102F8000FFFFFFFFFFFFFFFFFFFFFFFFFFFFFFFF51
:102F9000B624000092FFFFFFFFFFFFFFFFFFFFFFD0
:102FA000FFFFFFFFFFFFFFFFFFFFFFFFFFFFFFFF31
:102FB000FFFFFF92000024B6FFFFFFFFFFFFFFFFB0
:102FC000FFFFFFFFFFFFFFFFFFFFFFFFFFFFFFFF11
:102FD000FF4900002492FFFFFFFFFFFFFFFFFFFFFD
:102FE000FFFFFFFFFFFFFFFFFFFFFFFFFFFFFFFFF1
:102FF000FFFF9224000049FFFFFFFFFFFFFFFFFFDD
:10300000FFFFFFFFFFFFFFFFFFFFFFFFFFFFFFFFD0
:10301000FFDB24000000B6FFFFFFFFFFFFFFFFFF05
:10302000FFFFFFFFFFFFFFFFFFFFFFFFFFFFFFFFB0
:10303000FFB600000024DBFFFFFFFFFFFFFFFFFFE5
:10304000FFFFFFFFFFFFFFFFFFFFFFFFFFFFFFFF90
:10305000FFFFB649000049FFFFFFFFFFFFFFFFFF33
:10306000FFFFFFFFFFFFFFFFFFFFFFFFFFFFFFFF70
:10307000FF49000049B6FFFFFFFFFFFFFFFFFFFF13
:10308000FFFFFFFFFFFFFFFFFFFFFFFFFFFFFFFF50
:10309000FFFFFFB600000092DBFFFFFFFFFFFFFF17
:1030A000FFFFFFFFFFFFFFFFFFFFFFFFFFFFFFDB54
:1030B00092000000B6FFFFFFFFFFFFFFFFFFFFFFD3
:1030C000FFFFFFFFFFFFFFFFFFFFFFFFFFFFFFFF10
:1030D000FFFFFFFF6D00002449FFFFFFFFFFFFFF21
:1030E000FFFFFFFFFFFFFFFFFFFFFFFFFFFFFF49A6
:1030F0002400006DFFFFFFFFFFFFFFFFFFFFFFFF4B
:10310000FFFFFFFFFFFFFFFFFFFFFFFFFFFFFFFFCF
:10311000FFFFFFFFDB6D000024B6FFFFFFFFFFFF97
:10312000FFFFFFFFFFFFFFFFFFFFFFFFFFFFB624D3
:1031300000006DDBFFFFFFFFFFFFFFFFFFFFFFFF53
:10314000FFFFFFFFDB92494949494949494949493C
:1031500049494949494900000024FFFFFFFFFFFF9B
:10316000FFFFFFFFFFFFFFFFFFFFFFFFFFFF240049
:103170000000494949494949494949494949494951
:10318000494992DB2400000000000000000000001C
:103190000000000000000000000092DBFFFFFFFFC6
:1031A000FFFFFFFFFFFFFFFFFFFFFFFFFF9200009A
:1031B000000000000000000000000000000000000F
:1031C00000000024240000000000000000000000B7
:1031D00000000000000000000024DBFFFFFFFFFFF5
:1031E000FFFFFFFFFFFFFFFFFFFFFFFFFFDB2400ED
:1031F00000000000000000000000000000000000CF
:1032000000000024B624000024FFFFFFFFFFFFFFA3
:10321000FFFFFFFFFFFFFFFFFFFFFFFFFFFFFFFFBE
:10322000FFFFFFFFFFFFFFFFFFFFFFFFFFFFFFFFAE
:10323000FFFFFFFFFFFFFFFFFFFFFFFFFFFFDB249D
:10324000000024B6FFB60000006DFFFFFFFFFFFF88
:10325000FFFFFFFFFFFFFFFFFFFFFFFFFFFFFFFF7E
:10326000FFFFFFFFFFFFFFFFFFFFFFFFFFFFFFFF6E
:10327000FFFFFFFFFFFFFFFFFFFFFFFFFFFF490013
:103280000024DBFFFFFF92000000B6FFFFFFFFFFFF
:10329000FFFFFFFFFFFFFFFFFFFFFFFFFFFFFFFF3E
:1032A000FFFFFFFFFFFFFFFFFFFFFFFFFFFFFFFF2E
:1032B000FFFFFFFFFFFFFFFFFFFFFFFFDB6D0000D2
:1032C00024B6FFFFFFFFFF2400002492FFFFFFFF53
:1032D000FFFFFFFFFFFFFFFFFFFFFFFFFFFFFFFFFE
:1032E000FFFFFFFFFFFFFFFFFFFFFFFFFFFFFFFFEE
:1032F000FFFFFFFFFFFFFFFFFFFFFFFF6D00002449
:1033000049FFFFFFFFFFFF926D000024FFFFFFFF5B
:10331000FFFFFFFFFFFFFFFFFFFFFFFFFFFFFFFFBD
:10332000FFFFFFFFFFFFFFFFFFFFFFFFFFFFFFFFAD
:10333000FFFFFFFFFFFFFFFFFFFFFFB60000009250
:10334000DBFFFFFFFFFFFFFFDB2400006DFFFFFF40
:10335000FFFFFFFFFFFFFFFFFFFFFFFFFFFFFFFF7D
:10336000FFFFFFFFFFFFFFFFFFFFFFFFFFFFFFFF6D
:10337000FFFFFFFFFFFFFFFFFFFF9224000049FF59
:10338000FFFFFFFFFFFFFFFFFF9200002449FFFF49
:10339000FFFFFFFFFFFFFFFFFFFFFFFFFFFFFFFF3D
:1033A000FFFFFFFFFFFFFFFFFFFFFFFFFFFFFFFF2D
:1033B000FFFFFFFFFFFFFFFFFFB600000024DBFF62
:1033C000FFFFFFFFFFFFFFFFFFFF492400006DFF2E
:1033D000FFFFFFFFFFFFFFFFFFFFFFFFFFFFFFFFFD
:1033E000FFFFFFFFFFFFFFFFFFFFFFFFFFFFFFFFED
:1033F000FFFFFFFFFFFFFFFFFF49000049B6FFFF90
:10340000FFFFFFFFFFFFFFFFFFFFFF6D000024DB5B
:10341000FFFFFFFFFFFFFFFFFFFFFFFFFFFFFFFFBC
:10342000FFFFFFFFFFFFFFFFFFFFFFFFFFFFFFFFAC
:10343000FFFFFFFFFFFFFFDB92000024B6FFFFFF4F
:10344000FFFFFFFFFFFFFFFFFFFFFFFF240000491B
:1034500092FFFFFFFFFFFFFFFFFFFFFFFFFFFFFFE9
:10346000FFFFFFFFFFFFFFFFFFFFFFFFFFFFFFFF6C
:10347000FFFFFFFFFFFFFF492400006DFFFFFFFF7D
:10348000FFFFFFFFFFFFFFFFFFFFFFFFB62400006E
:1034900024FFFFFFFFFFFFFFFFFFFFFFFFFFFFFF17
:1034A000FFFFFFFFFFFFFFFFFFFFFFFFFFFFFFFF2C
:1034B000FFFFFFFFFFFF9200000092FFFFFFFFFFF3
:1034C000FFFFFFFFFFFFFFFFFFFFFFFFFFB6000053
:1034D000006DFFFFFFFFFFFFFFFFFFFFFFFFFFFF8D
:1034E000FFFFFFFFFFFFFFFFFFFFFFFFFFFFFFFFEC
:1034F000FFFFFFFFFFB62400006DFFFFFFFFFFFF90
:10350000FFFFFFFFFFFFFFFFFFFFFFFFFFFF920037
:103510000000B6FFFFFFFFFFFFFFFFFFFFFFFFFF02
:10352000FFFFFFFFFFFFFFFFFFFFFFFFFFFFFFFFAB
:10353000FFFFFFFFB624000024DBFFFFFFFFFFFFBC
:10354000FFFFFFFFFFFFFFFFFFFFFFFFFFFFFF2466
:1035500000002492FFFFFFFFFFFFFFFFFFFFFFFFC1
:10356000FFFFFFFFFFFFFFFFFFFFFFFFFFFFFFFF6B
:10357000FFFFFFDB2400006D92FFFFFFFFFFFFFF57
:10358000FFFFFFFFFFFFFFFFFFFFFFFFFFFFFF92B8
:103590006D000024FFFFFFFFFFFFFFFFFFFFFFFFA6
:1035A000FFFFFFFFFFFFFFFFFFFFFFFFFFFFFFFF2B
:1035B000FFFFDB49000024DBFFFFFFFFFFFFFFFFF2
:1035C000FFFFFFFFFFFFFFFFFFFFFFFFFFFFFFFF0B
:1035D000DB2400006DFFFFFFFFFFFFFFFFFFFFFF8A
:1035E000FFFFFFFFFFFFFFFFFFFFFFFFFFFFFFFFEB
:1035F000FFFF2424000092FFFFFFFFFFFFFFFFFFFC
:10360000FFFFFFFFFFFFFFFFFFFFFFFFFFFFFFFFCA
:10361000FF9200002449FFFFFFFFFFFFFFFFFFFFB6
:10362000FFFFFFFFFFFFFFFFFFFFFFFFFFFFFFFFAA
:10363000FF490000246DFFFFFFFFFFFFFFFFFFFFBB
:10364000FFFFFFFFFFFFFFFFFFFFFFFFFFFFFFFF8A
:10365000FFFF492400006DFFFFFFFFFFFFFFFFFF9B
:10366000FFFFFFFFFFFFFFFFFFFFFFFFFFFFFFFF6A
:10367000B624000092FFFFFFFFFFFFFFFFFFFFFFE9
:10368000FFFFFFFFFFFFFFFFFFFFFFFFFFFFFFFF4A
:10369000FFFFFF6D000024DBFFFFFFFFFFFFFFFFC9
:1036A000FFFFFFFFFFFFFFFFFFFFFFFFFFFFFF6DBC
:1036B00024000049FFFFFFFFFFFFFFFFFFFFFFFFA9
:1036C000FFFFFFFFFFFFFFFFFFFFFFFFFFFFFFFF0A
:1036D000FFFFFFFF2400004992FFFFFFFFFFFFFFF6
:1036E000FFFFFFFFFFFFFFFFFFFFFFFFFFFFDB24E9
:1036F000000049DBFFFFFFFFFFFFFFFFFFFFFFFFB2
:10370000FFFFFFFFFFFFFFFFFFFFFFFFFFFFFFFFC9
:10371000FFFFFFFFB624000024FFFFFFFFFFFFFFB6
:10372000FFFFFFFFFFFFFFFFFFFFFFFFFFFF49005E
:103730000024FFFFFFFFFFFFFFFFFFFFFFFFFFFF73
:10374000FFFFFFFFFFFFFFFFFFFFFFFFFFFFFFFF89
:10375000FFFFFFFFFFB60000006DFFFFFFFFFFFF51
:10376000FFFFFFFFFFFFFFFFFFFFFFFFDB49000041
:1037700024B6FFFFFFFFFFFFFFFFFFFFFFFFFFFF7D
:10378000FFFFFFFFFFFFFFFFFFFFFFFFFFFFFFFF49
:10379000FFFFFFFFFFFF92000000B6FFFFFFFFFFEC
:1037A000FFFFFFFFFFFFFFFFFFFFFFFF49000024B8
:1037B0006DFFFFFFFFFFFFFFFFFFFFFFFFFFFFFFAB
:1037C000FFFFFFFFFFFFFFFFFFFFFFFFFFFFFFFF09
:1037D000FFFFFFFFFFFFFF2400002492FFFFFFFF1A
:1037E000FFFFFFFFFFFFFFFFFFFFFF92000024B678
:1037F000FFFFFFFFFFFFFFFFFFFFFFFFFFFFFFFFD9
:10380000FFFFFFFFFFFFFFFFFFFFFFFFFFFFFFFFC8
:10381000FFFFFFFFFFFFFF926D000024FFFFFFFF90
:10382000FFFFFFFFFFFFFFFFFFFF6D2400006DFFA5
:10383000FFFFFFFFFFFFFFFFFFFFFFFFFFFFFFFF98
:10384000FFFFFFFFFFFFFFFFFFFFFFFFFFFFFFFF88
:10385000FFFFFFFFFFFFFFFFDB2400006DFFFFFF07
:10386000FFFFFFFFFFFFFFFFFF9200002424FFFF89
:10387000FFFFFFFFFFFFFFFFFFFFFFFFFFFFFFFF58
:10388000FFFFFFFFFFFFFFFFFFFFFFFFFFFFFFFF48
:10389000FFFFFFFFFFFFFFFFFF9200002449FFFF34
:1038A000FFFFFFFFFFFFFFFFDB24000049DBFFFFFF
:1038B000FFFFFFFFFFFFFFFFFFFFFFFFFFFFFFFF18
:1038C000FFFFFFFFFFFFFFFFFFFFFFFFFFFFFFFF08
:1038D000FFFFFFFFFFFFFFFFFFFF492400006DFF19
:1038E000FFFFFFFFFFFFFF926D000024DBFFFFFFE4
:1038F000FFFFFFFFFFFFFFFFFFFFFFFFFFFFFFFFD8
:10390000FFFFFFFFFFFFFFFFFFFFFFFFFFFFFFFFC7
:10391000FFFFFFFFFFFFFFFFFFFFFF6D000024DB46
:10392000FFFFFFFFFFFFDB2400002492FFFFFFFFEC
:10393000FFFFFFFFFFFFFFFFFFFFFFFFFFFFFFFF97
:10394000FFFFFFFFFFFFFFFFFFFFFFFFFFFFFFFF87
:10395000FFFFFFFFFFFFFFFFFFFFFFFF2400004906
:1039600092FFFFFFFFFF6D000024DBFFFFFFFFFF63
:10397000FFFFFFFFFFFFFFFFFFFFFFFFFFFFFFFF57
:10398000FFFFFFFFFFFFFFFFFFFFFFFFFFFFFFFF47
:10399000FFFFFFFFFFFFFFFFFFFFFFFFB624000059
:1039A00024FFFFFFFF9200000092FFFFFFFFFFFFD9
:1039B000FFFFFFFFFFFFFFFFFFFFFFFFFFFFFFFF17
:1039C000FFFFFFFFFFFFFFFFFFFFFFFFFFFFFFFF07
:1039D000FFFFFFFFFFFFFFFFFFFFFFFFFFB600003E
:1039E000006DFFFF6D24000049FFFFFFFFFFFFFF99
:1039F000FFFFFFFFFFFFFFFFFFFFFFFFFFFFFFFFD7
:103A0000FFFFFFFFFFFFFFFFFFFFFFFFFFFFFFFFC6
:103A1000FFFFFFFFFFFFFFFFFFFFFFFFFFFF920022
:103A20000000B6B600000092B6FFFFFFFFFFFFFFE9
:103A3000FFFFFFFFFFFFFFFFFFFFFFFFFFFFFFFF96
:103A4000FFFFFFFFFFFFFFFFFFFFFFFFFFFFFFFF86
:103A5000FFFFFFFFFFFFFFFFFFFFFFFFFFFFFF2451
:103A600000002424000024FFFFFFFFFFFFFFFFFFF3
:103A7000FFFFFFFFFFFFFFFFFFFFFFFFFFFFFFFF56
:103A8000FFFFFFFFFFFFFFFFFFFFFFFFFFFFFFFF46
:103A9000FFFFFFFFFFFFFFFFFFFFFFFFFFFFFF92A3
:103AA0006D0000000024B6FFFFFFFFFFFFFFFFFFD8
:103AB000FFFFFFFFFFFFFFFFFFFFFFFFFFFFFFFF16
:103AC000FFFFFFFFFFFFFFFFFFFFFFFFFFFFFFFF06
:103AD000FFFFFFFFFFFFFFFFFFFFFFFFFFFFFFFFF6
:103AE000FF6D24246DDBFFFFFFFFFFFFFFFFFFFFE4
:103AF000FFFFFFFFFFFFFFFFFFFFFFFFFFFFFFFFD6
:103B0000FFFFFFFFFFFFFFFFFFFFFFFFFFFFFF497B
:103B100049DBFFFFFFFFFFFFFFFFFFFFFFFFFFFF8F
:103B2000FFFFFFFFFFFFFFFFFFFFFFFFFFFFFFFFA5
:103B3000FFFFFFFFFFFFFFFFFFFFFFFFFFFFFFFF95
:103B4000FFFFFFFFFFFFFFFFFFFFFFFFFFFFDB00A8
:103B500000246DDBFFFFFFFFFFFFFFFFFFFFFFFF05
:103B6000FFFFFFFFFFFFFFFFFFFFFFFFFFFFFFFF65
:103B7000FFFFFFFFFFFFFFFFFFFFFFFFFFFFFFFF55
:103B8000FFFFFFFFFFFFFFFFFFFFFFFFFFFFDB2444
:103B90000000002492FFFFFFFFFFFFFFFFFFFFFF7A
:103BA000FFFFFFFFFFFFFFFFFFFFFFFFFFFFFFFF25
:103BB000FFFFFFFFFFFFFFFFFFFFFFFFFFFFFFFF15
:103BC000FFFFFFFFFFFFFFFFFFFFFFFFFFFFDB2404
:103BD000000000000049B6FFFFFFFFFFFFFFFFFFEF
:103BE000FFFFFFFFFFFFFFFFFFFFFFFFFFFFFFFFE5
:103BF000FFFFFFFFFFFFFFFFFFFFFFFFFFFFFFFFD5
:103C0000FFFFFFFFFFFFFFFFFFFFFFFFFFFFFF249F
:103C1000006D92240000006DDBFFFFFFFFFFFFFF40
:103C2000FFFFFFFFFFFFFFFFFFFFFFFFFFFFFFFFA4
:103C3000FFFFFFFFFFFFFFFFFFFFFFFFFFFFFFFF94
:103C4000FFFFFFFFFFFFFFFFFFFFFFFFFFFFFF245F
:103C50000049FFFF92240000246DFFFFFFFFFFFFDC
:103C6000FFFFFFFFFFFFFFFFFFFFFFFFFFFFFFFF64
:103C7000FFFFFFFFFFFFFFFFFFFFFFFFFFFFFFFF54
:103C8000FFFFFFFFFFFFFFFFFFFFFFFFFFFFFF49FA
:103C90000049FFFFFFDB4924000024B6FFFFFFFFC0
:103CA000FFFFFFFFFFFFFFFFFFFFFFFFFFFFFFFF24
:103CB000FFFFFFFFFFFFFFFFFFFFFFFFFFFFFFFF14
:103CC000FFFFFFFFFFFFFFFFFFFFFFFFFFFFFF49BA
:103CD0000024FFFFFFFFFFB62400002449DBFFFFA5
:103CE000FFFFFFFFFFFFFFFFFFFFFFFFFFFFFFFFE4
:103CF000FFFFFFFFFFFFFFFFFFFFFFFFFFFFFFFFD4
:103D0000FFFFFFFFFFFFFFFFFFFFFFFFFFFFFF4979
:103D10000000FFFFFFFFFFFFFF6D240000006DDBD1
:103D2000FFFFFFFFFFFFFFFFFFFFFFFFFFFFFFFFA3
:103D3000FFFFFFFFFFFFFFFFFFFFFFFFFFFFFFFF93
:103D4000FFFFFFFFFFFFFFFFFFFFFFFFFFFFFF6D15
:103D50000000DBFFFFFFFFFFFFFFDB6D0000002423
:103D600092FFFFFFFFFFFFFFFFFFFFFFFFFFFFFFD0
:103D7000FFFFFFFFFFFFFFFFFFFFFFFFFFFFFFFF53
:103D8000FFFFFFFFFFFFFFFFFFFFFFFFFFFFFF92B0
:103D90000000B6FFFFFFFFFFFFFFFFFFB649000077
:103DA0000049DBFFFFFFFFFFFFFFFFDBDBDBDBDBB0
:103DB000DBDBFFFFFFFFFFFFFFFFFFFFFFFFFFFF5B
:103DC000FFFFFFFFFFFFFFFFFFFFFFFFFFFFFFB64C
:103DD0000000B6FFFFFFFFFFFFFFFFFFFFFF922482
:103DE0000000246DDBFFFFFF924949242424242492
:103DF0002424244992DBFFFFFFFFFFFFFFFFFFFFAB
:103E0000FFFFFFFFFFFFFFFFFFFFFFFFFFFFFFDBE6
:103E1000000092FFFFFFFFFFFFFFFFFFFFFFFFFF1D
:103E20006D24000024926D240000000000000000BA
:103E300000000000000049B6FFFFFFFFFFFFFFFF8B
:103E4000FFFFFFFFFFFFFFFFFFFFFFFFFFFFFFDBA6
:103E500000006DFFFFFFFFFFFFFFFFFFFFFFFFFF02
:103E6000FFDB4900000000000000496D92B6B6B6C5
:103E7000B66D49240000002449B6FFFFFFFFFFFF95
:103E8000FFFFFFFFFFFFFFFFFFFFFFFFFFDB6D24D3
:103E9000000049FFFFFFFFFFFFFFFFFFFFFFFFFFE6
:103EA000FFFF92240000244992FFFFFFFFFFFFFF66
:103EB000FFFFFFFFB649240000006DFFFFFFFFFF7B
:103EC000FFFFFFFFFFFFFFFFFFFFDB6D242400006C
:103ED0000024B6FFFFFFFFFFFFFFFFFFFFFFFFFF15
:103EE000FF4900000049DBFFFFFFFFFFFFFFFFFF6F
:103EF000FFFFFFFFFFFFDB6D00000024DBFFFFFF84
:103F0000FFFFFFFFFFFFFFDB9224000000002449BA
:103F100092FFFFFFFFFFFFFFFFFFFFFFFFFFFFFF1E
:103F20004900002492FFFFFFFFFFFFFFFFFFFFFF9D
:103F3000FFFFFFFFFFFFFFFFDB49000024B6FFFF8D
:103F4000FFFFFFFFFF924924000000002492DBFFE7
:103F5000FFFFFFFFFFFFFFFFFFFFFFFFFFFFFF4927
:103F6000000049DBFFFFFFFFFFFFFFFFFFFFFFFF39
:103F7000FFFFFFFFFFFFFFFFFFFF92000024B6FFE0
:103F8000FFFFFFFF4900000000246DDBFFFFFFFF84
:103F9000FFFFFFFFFFFFFFFFFFFFFFFFFFFF4900E6
:103FA0000049FFFFFFFFFFFFFFFFFFFFFFFFFFFFD6
:103FB000FFFFFFFFFFFFFFFFFFFFFF92240024DB57
:103FC000FFFFFFFF2400000024DBFFFFFFFFFFFFD8
:103FD000FFFFFFFFFFFFFFFFFFFFFFFFFF6D000081
:103FE00049FFFFFFFFFFFFFFFFFFFFFFFFFFFFFF97
:103FF000FFFFFFFFFFFFFFFFFFFFFFFF92000049F2
:10400000FFFFFFFFDB492400002492FFFFFFFFFFBB
:10401000FFFFFFFFFFFFFFFFFFFFFFFFDB24002489
:10402000FFFFFFFFFFFFFFFFFFFFFFFFFFFFFFFFA0
:10403000FFFFFFFFFFFFFFFFFFFFFFFFFF6D000020
:104040006DFFFFFFFFFFDB4900000024B6FFFFFF0D
:10405000FFFFFFFFFFFFFFFFFFFFFFFF490024B649
:10406000FFFFFFFFFFFFFFFFFFFFFFFFFFFFFFFF60
:10407000FFFFFFFFFFFFFFFFFFFFFFFFFFFF24002A
:1040800024DBFFFFFFFFFFFF922400000049DBFF5E
:10409000FFFFFFFFFFFFFFFFFFFFFF9200006DFF2D
:1040A000FFFFFFFFFFFFFFFFFFFFFFFFFFFFFFFF20
:1040B000FFFFFFFFFFFFFFFFFFFFFFFFFFFFB62434
:1040C0000049FFFFFFFFFFFFFFFF92240000246D68
:1040D000FFFFFFFFFFFFFFFFFFFFFF490024FFFF80
:1040E000FFFFFFFFFFFFFFFFFFFFFFFFFFFFFFFFE0
:1040F000FFFFFFFFFFFFFFFFFFFFFFFFFFFFFF4986
:104100000000DBFFFFFFFFFFFFFFFFDB4924000094
:1041100024B6FFFFFFFFFFFFFFFFDB240092FFFF3E
:10412000FFFFFFFFFFFFFFFFFFFFFFFFFFFFFFFF9F
:10413000FFFFFFFFFFFFFFFFFFFFFFFFFFFFFFB6D8
:1041400000006DFFFFFFFFFFFFFFFFFFFFB649000D
:10415000000049B6FFFFFFFFFFFF6D0024DBFFFFFC
:10416000FFFFFFFFFFFFFFFFFFFFFFFFFFFFFFFF5F
:10417000FFFFFFFFFFFFFFFFFFFFFFFFFFFFFFFF4F
:10418000490024FFFFFFFFFFFFFFFFFFFFFFFF923C
:104190002400000049DBFFFFFFFF240049FFFFFF71
:1041A000FFFFFFFFFFFFFFFFFFFFFFFFFFFFFFFF1F
:1041B000FFFFFFFFFFFFFFFFFFFFFFFFFFFFFFFF0F
:1041C000920024DBFFFFFFFFFFFFFFFFFFFFFFFF6A
:1041D000DB6D000000246DFFFFDB00006DFFFFFFC3
:1041E000FFFFFFFFFFFFFFFFFFFFFFFFFFFFFFFFDF
:1041F000FFFFFFFFFFFFFFFFFFFFFFFFFFFFFFFFCF
:10420000DB240092FFFFFFFFFFFFFFFFFFFFFFFF29
:10421000FFFFDB4924000024B6920000B6FFFFFF39
:10422000FFFFFFFFFFFFFFFFFFFFFFFFFFFFFFFF9E
:10423000FFFFFFFFFFFFFFFFFFFFFFFFFFFFFFFF8E
:10424000FF24006DFFFFFFFFFFFFFFFFFFFFFFFFEA
:10425000FFFFFFFFB624000000240000DBFFFFFF8C
:10426000FFFFFFFFFFFFFFFFFFFFFFFFFFFFFFFF5E
:10427000FFFFFFFFFFFFFFFFFFFFFFFFFFFFFFFF4E
:10428000FF490049FFFFFFFFFFFFFFFFFFFFFFFFA9
:10429000FFFFFFFFFFFF922400000000FFFFFFFF72
:1042A000FFFFFFFFFFFFFFFFFFFFFFFFFFFFFFFF1E
:1042B000FFFFFFFFFFFFFFFFFFFFFFFFFFFFFFFF0E
:1042C000FF490024FFFFFFFFFFFFFFFFFFFFFFFF8E
:1042D000FFFFFFFFFFFFFFDB6D240000FFFFFFFF7D
:1042E000FFFFFFFFFFFFFFFFFFFFFFFFFFFFFFFFDE
:1042F000FFFFFFFFFFFFFFFFFFFFFFFFFFFFFFFFCE
:10430000FF490000FFFFFFFFFFFFFFFFFFFFFFFF71
:10431000FFFFFFFFFFFFFFDB6D240000FFFFFFFF3C
:10432000FFFFFFFFFFFFFFFFFFFFFFFFFFFFFFFF9D
:10433000FFFFFFFFFFFFFFFFFFFFFFFFFFFFFFFF8D
:10434000FF490000FFFFFFFFFFFFFFFFFFFFFFFF31
:10435000FFFFFFFFFFFF922400000000FFFFFFFFB1
:10436000FFFFFFFFFFFFFFFFFFFFFFFFFFFFFFFF5D
:10437000FFFFFFFFFFFFFFFFFFFFFFFFFFFFFFFF4D
:10438000FF490024FFFFFFFFFFFFFFFFFFFFFFFFCD
:10439000FFFFFFFFB624000000240000DBFFFFFF4B
:1043A000FFFFFFFFFFFFFFFFFFFFFFFFFFFFFFFF1D
:1043B000FFFFFFFFFFFFFFFFFFFFFFFFFFFFFFFF0D
:1043C000FF490049FFFFFFFFFFFFFFFFFFFFFFFF68
:1043D000FFFFDB4924000024B6920000B6FFFFFF78
:1043E000FFFFFFFFFFFFFFFFFFFFFFFFFFFFFFFFDD
:1043F000FFFFFFFFFFFFFFFFFFFFFFFFFFFFFFFFCD
:10440000FF24006DFFFFFFFFFFFFFFFFFFFFFFFF28
:10441000DB6D000000246DFFFFDB00006DFFFFFF80
:10442000FFFFFFFFFFFFFFFFFFFFFFFFFFFFFFFF9C
:10443000FFFFFFFFFFFFFFFFFFFFFFFFFFFFFFFF8C
:10444000DB240092FFFFFFFFFFFFFFFFFFFFFF9254
:10445000240000006DDBFFFFFFFF240049FFFFFF8A
:10446000FFFFFFFFFFFFFFFFFFFFFFFFFFFFFFFF5C
:10447000FFFFFFFFFFFFFFFFFFFFFFFFFFFFFFFF4C
:10448000920024DBFFFFFFFFFFFFFFFFFFB64900A5
:10449000000049B6FFFFFFFFFFFF6D0024DBFFFFB9
:1044A000FFFFFFFFFFFFFFFFFFFFFFFFFFFFFFFF1C
:1044B000FFFFFFFFFFFFFFFFFFFFFFFFFFFFFFFF0C
:1044C000490024FFFFFFFFFFFFFFFFDB492400003F
:1044D00024B6FFFFFFFFFFFFFFFFDB240092FFFF7B
:1044E000FFFFFFFFFFFFFFFFFFFFFFFFFFFFFFFFDC
:1044F000FFFFFFFFFFFFFFFFFFFFFFFFFFFFFFB615
:1045000000006DFFFFFFFFFFFFFF92240000246DFE
:10451000FFFFFFFFFFFFFFFFFFFFFF490024FFFF3B
:10452000FFFFFFFFFFFFFFFFFFFFFFFFFFFFFFFF9B
:10453000FFFFFFFFFFFFFFFFFFFFFFFFFFFFFF4941
:104540000000DBFFFFFFFFFF922400000049DBFFBC
:10455000FFFFFFFFFFFFFFFFFFFFFF9200006DFF68
:10456000FFFFFFFFFFFFFFFFFFFFFFFFFFFFFFFF5B
:10457000FFFFFFFFFFFFFFFFFFFFFFFFFFFFB6246F
:104580000049FFFFFFFFDB4900000049B6FFFFFFC6
:10459000FFFFFFFFFFFFFFFFFFFFFFFF490024B604
:1045A000FFFFFFFFFFFFFFFFFFFFFFFFFFFFFFFF1B
:1045B000FFFFFFFFFFFFFFFFFFFFFFFFFFFF2400E5
:1045C00024DBFFFFDB492400002492FFFFFFFFFFF5
:1045D000FFFFFFFFFFFFFFFFFFFFFFFFDB240024C4
:1045E000FFFFFFFFFFFFFFFFFFFFFFFFFFFFFFFFDB
:1045F000FFFFFFFFFFFFFFFFFFFFFFFFFF6D00005B
:104600006DFFFFFF2400000049DBFFFFFFFFFFFFFE
:10461000FFFFFFFFFFFFFFFFFFFFFFFFFF6D00003A
:1046200049FFFFFFFFFFFFFFFFFFFFFFFFFFFFFF50
:10463000FFFFFFFFFFFFFFFFFFFFFFFF92000049AB
:10464000FFFFFFFF49000000246DDBFFFFFFFFFFBE
:10465000FFFFFFFFFFFFFFFFFFFFFFFFFFFF49001F
:104660000049FFFFFFFFFFFFFFFFFFFFFFFFFFFF0F
:10467000FFFFFFFFFFFFFFFFFFFFFF92240024DB90
:10468000FFFFFFFFFF9224000000246DDBFFFFFF10
:10469000FFFFFFFFFFFFFFFFFFFFFFFFFFFFFF49E0
:1046A000000049DBFFFFFFFFFFFFFFFFFFFFFFFFF2
:1046B000FFFFFFFFFFFFFFFFFFFF92000024B6FF99
:1046C000FFFFFFFFFFFFFFB6240000002449DBFFD0
:1046D000FFFFFFFFFFFFFFFFFFFFFFFFFFFFFFFFEA
:1046E0004900002492FFFFFFFFFFFFFFFFFFFFFFD6
:1046F000FFFFFFFFFFFFFFFFDB49000024B6FFFFC6
:10470000FFFFFFFFFFFFFFFFFF9249240000006D46
:10471000DBFFFFFFFFFFFFFFFFFFFFFFFFFFFFFFCD
:10472000FF6D00000049DBFFFFFFFFFFFFFFFFFF02
:10473000FFFFFFFFFFFFDB6D00000024DBFFFFFF3B
:10474000FFFFFFFFFFFFFFFFFFFFFFB64900000075
:104750002449DBFFFFFFFFFFFFFFFFFFFFFFFFFF1E
:10476000FFFF92240000244992FFFFFFFFFFFFFF9D
:10477000FFFFFFFFB649240000006DFFFFFFFFFFB2
:10478000FFFFFFFFFFFFFFFFFFFFFFFFFFB6492413
:1047900000006DFFFFFFFFFFFFFFFFFFFFFFFFFFB9
:1047A000FFDB4900000000000000496D92B6B6B67C
:1047B000B66D49240000002449B6FFFFFFFFFFFF4C
:1047C000FFFFFFFFFFFFFFFFFFFFFFFFFFFFFFB642
:1047D00000006DFFFFFFFFFFFFFFFFFFFFFFFFFF79
:1047E0006D24000024926D240000000000000000F1
:1047F00000000000000049B6FFFFFFFFFFFFFFFFC2
:10480000FFFFFFFFFFFFFFFFFFFFFFFFFFFFFFDBDC
:10481000000092FFFFFFFFFFFFFFFFFFFFFF92245B
:104820000000246DDBFFFFFFB64949242424242423
:104830002424244992DBFFFFFFFFFFFFFFFFFFFF60
:10484000FFFFFFFFFFFFFFFFFFFFFFFFFFFFFFB6C1
:104850000000B6FFFFFFFFFFFFFFFFFFB6490000AC
:104860000049DBFFFFFFFFFFFFFFFFDBDBDBDBDBE5
:10487000DBDBFFFFFFFFFFFFFFFFFFFFFFFFFFFF90
:10488000FFFFFFFFFFFFFFFFFFFFFFFFFFFFFF92A5
:104890000000DBFFFFFFFFFFFFFFDB6D00000024D8
:1048A00092FFFFFFFFFFFFFFFFFFFFFFFFFFFFFF85
:1048B000FFFFFFFFFFFFFFFFFFFFFFFFFFFFFFFF08
:1048C000FFFFFFFFFFFFFFFFFFFFFFFFFFFFFF6D8A
:1048D0000000DBFFFFFFFFFFFF6D240000006DDB2A
:1048E000FFFFFFFFFFFFFFFFFFFFFFFFFFFFFFFFD8
:1048F000FFFFFFFFFFFFFFFFFFFFFFFFFFFFFFFFC8
:10490000FFFFFFFFFFFFFFFFFFFFFFFFFFFFFF496D
:104910000000FFFFFFFFFFB62400002449DBFFFF7C
:10492000FFFFFFFFFFFFFFFFFFFFFFFFFFFFFFFF97
:10493000FFFFFFFFFFFFFFFFFFFFFFFFFFFFFFFF87
:10494000FFFFFFFFFFFFFFFFFFFFFFFFFFFFFF492D
:104950000024FFFFFFDB4924000024B6FFFFFFFF18
:10496000FFFFFFFFFFFFFFFFFFFFFFFFFFFFFFFF57
:10497000FFFFFFFFFFFFFFFFFFFFFFFFFFFFFFFF47
:10498000FFFFFFFFFFFFFFFFFFFFFFFFFFFFFF49ED
:104990000049FFFF92240000246DFFFFFFFFFFFF8F
:1049A000FFFFFFFFFFFFFFFFFFFFFFFFFFFFFFFF17
:1049B000FFFFFFFFFFFFFFFFFFFFFFFFFFFFFFFF07
:1049C000FFFFFFFFFFFFFFFFFFFFFFFFFFFFFF24D2
:1049D000006D92240000006DDBFFFFFFFFFFFFFF73
:1049E000FFFFFFFFFFFFFFFFFFFFFFFFFFFFFFFFD7
:1049F000FFFFFFFFFFFFFFFFFFFFFFFFFFFFFFFFC7
:104A0000FFFFFFFFFFFFFFFFFFFFFFFFFFFFDB24B5
:104A1000000000000049B6FFFFFFFFFFFFFFFFFFA0
:104A2000FFFFFFFFFFFFFFFFFFFFFFFFFFFFFFFF96
:104A3000FFFFFFFFFFFFFFFFFFFFFFFFFFFFFFFF86
:104A4000FFFFFFFFFFFFFFFFFFFFFFFFFFFFDB2475
:104A50000000002492FFFFFFFFFFFFFFFFFFFFFFAB
:104A6000FFFFFFFFFFFFFFFFFFFFFFFFFFFFFFFF56
:104A7000FFFFFFFFFFFFFFFFFFFFFFFFFFFFFFFF46
:104A8000FFFFFFFFFFFFFFFFFFFFFFFFFFFFDB0059
:104A900000246DDBFFFFFFFFFFFFFFFFFFFFFFFFB6
:104AA000FFFFFFFFFFFFFFFFFFFFFFFFFFFFFFFF16
:104AB000FFFFFFFFFFFFFFFFFFFFFFFFFFFFFFFF06
:104AC000FFFFFFFFFFFFFFFFFFFFFFFFFFFFFF49AC
:104AD00049DBFFFFFFFFFFFFFFFFFFFFFFFFFFFFC0
:104AE000FFFFFFFFFFFFFFFFFFFFFFFFFFFFFFFFD6
:104AF000FFFFFFFFFFFFFFFFFFFFFFFFFFFFFFFFC6
:104B0000FFFFFFFFFFFFFFFFFFFFFFFFFFFFFFFFB5
:104B1000FFFFFFFFFFFFFFFFFFDBDB92926D4924EA
:104B20002400002424496D92B6DBFFFFFFFFFFFF46
:104B3000FFFFFFFFFFFFFFFFFFFFFFFFFFFFFFFF85
:104B4000FFFFFFFFFFFFFFFFFFFFFFFFFFFFFFFF75
:104B5000FFFFFFFFFFFFDB6D4924000000000000A6
:104B600000000000000000000024496D6DDBFFFF25
:104B7000FFFFFFFFFFFFFFFFFFFFFFFFFFFFFFFF45
:104B8000FFFFFFFFFFFFFFFFFFFFFFFFFFFFFFFF35
:104B9000FFFFFFDB92240000000000242424494989
:104BA000492400004949242400000000000049B6BF
:104BB000FFFFFFFFFFFFFFFFFFFFFFFFFFFFFFFF05
:104BC000FFFFFFFFFFFFFFFFFFFFFFFFFFFFFFFFF5
:104BD000FFDB6D2400000000246DB6DBDBFFFFFF70
:104BE000FF6D0000FFFFFFDBB692490000000000F0
:104BF0002492FFFFFFFFFFFFFFFFFFFFFFFFFFFF0D
:104C0000FFFFFFFFFFFFFFFFFFFFFFFFFFFFFFDBD8
:104C10006D24000000246DB6FFFFFFFFFFFFFFFFC4
:104C2000FF6D0000FFFFFFFFFFFFFFDBB649240021
:104C3000000024B6FFFFFFFFFFFFFFFFFFFFFFFFA6
:104C4000FFFFFFFFFFFFFFFFFFFFFFFFFFFF9224BC
:104C500000000024B6FFFFFFFFFFFFFFFFFFFFFF85
:104C6000FF6D0000FFFFFFFFFFFFFFFFFFFFDB9275
:104C70002400000049DBFFFFFFFFFFFFFFFFFFFFF6
:104C8000FFFFFFFFFFFFFFFFFFFFFFFFDB4900000C
:104C900000000024FFFFFFFFFFFFFFFFFFFFFFFFFC
:104CA000FFDB496DFFFFFFFFFFFFFFFFFFFFFFFF80
:104CB000490000000024B6FFFFFFFFFFFFFFFFFFDA
:104CC000FFFFFFFFFFFFFFFFFFFFFF492400000082
:104CD000926D00006DFFFFFFFFFFFFFFFFFFFFFF73
:104CE000FFFFFFFFFFFFFFFFFFFFFFFFFFFFFF9241
:104CF0000000496D0000246DFFFFFFFFFFFFFFFF75
:104D0000FFFFFFFFFFFFFFFFFFDB4900000049DB64
:104D1000FFFF49246DFFFFFFFFFFFFFFFFFFFFFFC6
:104D2000FFFFFFFFFFFFFFFFFFFFFFFFFFFFFF9200
:104D30002424FFFF9224000049FFFFFFFFFFFFFF35
:104D4000FFFFFFFFFFFFFFFFDB240000006DFFFF01
:104D5000FFFFFFDBFFFFFFFFFFFFFFFFFFFFFFFF87
:104D6000FFFFFFFFFFFFFFFFFFFFFFFFFFFFFFFF53
:104D7000DBFFFFFFFFDB24000049FFFFFFFFFFFF1A
:104D8000FFFFFFFFFFFFFFDB2400004992FFFFFF53
:104D9000FFFFFFFFFFFFFFFFFFFFFFFFFFFFFFFF23
:104DA000FFFFFFFFFFFFFFFFFFFFFFFFFFFFFFFF13
:104DB000FFFFFFFFFFFFFF49000049FFFFFFFFFF6D
:104DC000FFFFFFFFFFFFFF4900006DFFFFFFFFFF39
:104DD000FFFFFFFFFFFFFFFFFFFFFFFFFFFFFFFFE3
:104DE000FFFFFFFFFFFFFFFFFFFFFFFFFFFFFFFFD3
:104DF000FFFFFFFFFFFFFFFF4900004992FFFFFF9A
:104E0000FFFFFFFFFFFF4900006DFFFFFFFFFFFFF8
:104E1000FFFFFFFFFFFFFFFFFFFFFFFFFFFFFFFFA2
:104E2000FFFFFFFFFFFFFFFFFFFFFFFFFFFFFFFF92
:104E3000FFFFFFFFFFFFFFFFFF49000024DBFFFF35
:104E4000FFFFFFFFFF6D000049FFFFFFFFFFFFFFB8
:104E5000FFFFFFFFFFFFFFFFFFFFFFFFFFFFFFFF62
:104E6000FFFFFFFFFFFFFFFFFFFFFFFFFFFFFFFF52
:104E7000FFFFFFFFFFFFFFFFFFDB24000024FFFF1A
:104E8000FFFFFFFFDB240024DBFFFFFFFFFFFFFF2F
:104E9000FFFFFFFFFFFFFFFFFFFFFFFFFFFFFFFF22
:104EA000FFFFFFFFFFFFFFFFFFFFFFFFFFFFFFFF12
:104EB000FFFFFFFFFFFFFFFFFFFFB62400006DFFB6
:104EC000FFFFFFFF490024B6FFFFFFFFFFFFFFFFCB
:104ED000FFFFFFFFFFFFFFFFFFFFFFFFFFFFFFFFE2
:104EE000FFFFFFFFFFFFFFFFFFFFFFFFFFFFFFFFD2
:104EF000FFFFFFFFFFFFFFFFFFFFFF92490024B608
:104F0000FFFFFFFF92246DFFFFFFFFFFFFFFFFFF8B
:104F1000FFFFFFFFFFFFFFFFFFFFFFFFFFFFFFFFA1
:104F2000FFFFFFFFFFFFFFFFFFFFFFFFFFFFFFFF91
:104F3000FFFFFFFFFFFFFFFFFFFFFFDBB6000024C7
:104F4000FFFFFFFFFFFFFFFFFFFFFFFFFFFFFFFF71
:104F5000FFFFFFFFFFFFFFFFFFFFFFFFFFFFFFFF61
:104F6000FFFFFFFFFFFFFFFFFFFFFFFFFFFFFFFF51
:104F7000FFFFFFFFFFFFFFFFFFFFB624240000003D
:104F800092FFFFFFFFFFFFFFFFFFFFFFFFFFFFFF9E
:104F9000FFFFFFFFFFFFFFFFFFFFFFFFFFFFFFFF21
:104FA000FFFFFFFFFFFFFFFFFFFFFFFFFFFFFFFF11
:104FB000FFFFFFFFFFFFFFFFFFFF2400002424008F
:104FC00024FFFFFFFFFFFFFFFFFFFFFFFFFFFFFFCC
:104FD000FFFFFFFFFFFFFFFFFFFFFFFFFFFFFFFFE1
:104FE000FFFFFFFFFFFFFFFFFFFFFFFFFFFFFFFFD1
:104FF000FFFFFFFFFFFFFFFFFFFF922424B6920099
:1050000000B6FFFFFFFFFFFFFFFFFFFFFFFFFFFFF8
:10501000FFFFFFFFFFFFFFFFFFFFFFFFFFFFFFFFA0
:10502000FFFFFFFFFFFFFFFFFFFFFFFFFFFFFFFF90
:10503000FFFFFFFFFFFFFFFFFFFFFFFFFFFFDB247F
:105040000049FFFFFFFFFFFFFFFFFFFFFFFFFFFF25
:10505000FFFFFFFFFFFFFFFFFFFFFFFFFFFFFFFF60
:10506000FFFFFFFFFFFFFFFFFFFFFFFFFFFFFFFF50
:10507000FFFFFFFFFFFFFFFFFFFFFFFFFFFFFF49F6
:105080000000DBFFFFFFFFFFFFFFFFFFFFFFFFFF52
:10509000FFFFFFFFFFFFFFFFFFFFFFFFFFFFFFFF20
:1050A000FFFFFFFFFFFFFFFFFFFFFFFFFFFFFFFF10
:1050B000FFFFFFFFFFFFFFFFFFFFFFFFFFFFFFB649
:1050C00000006DFFFFFFFFFFFFFFFFFFFFFFFFFF80
:1050D000FFFFFFFFFFFFFFFFFFFFFFFFFFFFFFFFE0
:1050E000FFFFFFFFFFFFFFFFFFFFFFFFFFFFFFFFD0
:1050F000FFFFFFFFFFFFFFFFFFFFFFFFFFFFFFFFC0
:10510000240049FFFFFFFFFFFFFFFFFFFFFFFFFF3F
:10511000FFFFFFFFFFFFFFFFFFFFFFFFFFFFFFFF9F
:10512000FFFFFFFFFFFFFFFFFFFFFFFFFFFFFFFF8F
:10513000FFFFFFFFFFFFFFFFFFFFFFFFFFFFFFFF7F
:105140006D0024DBFFFFFFFFFFFFFFFFFFFFFFFFFF
:10515000FFFFFFFFFFFFFFFFFFFFFFFFFFFFFFFF5F
:10516000FFFFFFFFFFFFFFFFFFFFFFFFFFFFFFFF4F
:10517000FFFFFFFFFFFFFFFFFFFFFFFFFFFFFFFF3F
:10518000B60000DBFFFFFFFFFFFFFFFFFFFFFFFF9A
:10519000FFFFFFFFFFFFFFFFFFFFFFFFFFFFFFFF1F
:1051A000FFFFFFFFFFFFFFFFFFFFFFFFFFFFFFFF0F
:1051B000FFFFFFFFFFFFFFFFFFFFFFFFFFFFFFFFFF
:1051C000DB240092FFFFFFFFFFFFFFFFFFFFFFFF5A
:1051D000FFFFFFFFFFFFFFFFFFFFFFFFFFFFFFFFDF
:1051E000FFFFFFFFFFFFFFFFFFFFFFFFFFFFFFFFCF
:1051F000FFFFFFFFFFFFFFFFFFFFFFFFFFFFFFFFBF
:10520000FF24006DFFFFFFFFFFFFFFFFFFFFFFFF1A
:10521000FFFFFFFFFFFFFFFFFFFFFFFFFFFFFFFF9E
:10522000FFDBDBFFFFFFFFFFFFFFFFFFFFFFFFFFD6
:10523000FFFFFFFFFFFFFFFFFFFFFFFFFFFFFFFF7E
:10524000FF490049FFFFFFFFFFFFFFFFFFFFFFFFD9
:10525000FFFFFFFFFFFFFFFFFFFFFFFFFFFFFFDB82
:1052600049240024B6FFFFFFFFFFFFFFFFFFFFFF02
:10527000FFFFFFFFFFFFFFFFFFFFFFFFFFFFFFFF3E
:10528000FF490024FFFFFFFFFFFFFFFFFFFFFFFFBE
:10529000FFFFFFFFFFFFFFFFFFFFFFFFFFFFFF49D4
:1052A0000000000024DBFFFFFFFFFFFFFFFFFFFF09
:1052B000FFFFFFFFFFFFFFFFFFFFFFFFFFFFDBDB46
:1052C000DB490024FFFFFFFFFFFFFFFFFFFFFFFFA2
:1052D000FFFFFFFFFFFFFFFFFFFFFFFFFFFFDB24DD
:1052E0000000000000B6FFFFFFFFFFFFFFFFFFFF12
:1052F000FFFFFFFFFFFFFFFFFFFFFFFFFF92240005
:1053000000000000FFFFFFFFFFFFFFFFFFFFFFFFA9
:10531000FFFFFFFFFFFFFFFFFFFFFFFFFFFFDB249C
:105320000000000000B6FFFFFFFFFFFFFFFFFFFFD1
:10533000FFFFFFFFFFFFFFFFFFFFFFFFFF922400C4
:1053400000000000FFFFFFFFFFFFFFFFFFFFFFFF69
:10535000FFFFFFFFFFFFFFFFFFFFFFFFFFFFFF4913
:105360000000000024DBFFFFFFFFFFFFFFFFFFFF48
:10537000FFFFFFFFFFFFFFFFFFFFFFFFFFFFDBDB85
:10538000DB490024FFFFFFFFFFFFFFFFFFFFFFFFE1
:10539000FFFFFFFFFFFFFFFFFFFFFFFFFFFFFFDB41
:1053A0004924000024DBFFFFFFFFFFFFFFFFFFFF9B
:1053B000FFFFFFFFFFFFFFFFFFFFFFFFFFFFFFFFFD
:1053C000FF490024FFFFFFFFFFFFFFFFFFFFFFFF7D
:1053D000FFFFFFFFFFFFFFFFFFFFFFFFFFFFFFFFDD
:1053E000FFDB9200006DFFFFFFFFFFFFFFFFFFFFEE
:1053F000FFFFFFFFFFFFFFFFFFFFFFFFFFFFFFFFBD
:10540000FF490049FFFFFFFFFFFFFFFFFFFFFFFF17
:10541000FFFFFFFFFFFFFFFFFFFFFFFFFFFFFFFF9C
:10542000FFFFFF490000B6FFFFFFFFFFFFFFFFFF89
:10543000FFFFFFFFFFFFFFFFFFFFFFFFFFFFFFFF7C
:10544000FF24006DFFFFFFFFFFFFFFFFFFFFFFFFD8
:10545000FFFFFFFFFFFFFFFFFFFFFFFFFFFFFFFF5C
:10546000FFFFFFDB000049FFFFFFFFFFFFFFFFFF24
:10547000FFFFFFFFFFFFFFFFFFFFFFFFFFFFFFFF3C
:10548000DB240092FFFFFFFFFFFFFFFFFFFFFFFF97
:10549000FFFFFFFFFFFFFFFFFFFFFFFFFFFFFFFF1C
:1054A000FFFFFFFF6D0000B6FFFFFFFFFFFFFFFFE5
:1054B000FFFFFFFFFFFFFFFFFFFFFFFFFFFFFFFFFC
:1054C000B60000DBFFFFFFFFFFFFFFFFFFFFFFFF57
:1054D000FFFFFFFFFFFFFFFFFFFFFFFFFFFFFFFFDC
:1054E000FFFFFFFFDB240024FFFFFFFFFFFFFFFFA5
:1054F000FFFFFFFFFFFFFFFFFFFFFFFFFFFFFFFFBC
:105500006D0024DBFFFFFFFFFFFFFFFFFFFFFFFF3B
:10551000FFFFFFFFFFFFFFFFFFFFFFFFFFFFFFFF9B
:10552000FFFFFFFFFF9200006DFFFFFFFFFFFFFF88
:10553000FFFFFFFFFFFFFFFFFFFFFFFFFFFFFFFF7B
:10554000240049FFFFFFFFFFFFFFFFFFFFFFFFFFFB
:10555000FFFFFFFFFFFFFFFFFFFFFFFFFFFFFFFF5B
:10556000FFFFFFFFFFFF490024DBFFFFFFFFFFFFFF
:10557000FFFFFFFFFFFFFFFFFFFFFFFFFFFFFFB684
:1055800000006DFFFFFFFFFFFFFFFFFFFFFFFFFFBB
:10559000FFFFFFFFFFFFFFFFFFFFFFFFFFFFFFFF1B
:1055A000FFFFFFFFFFFFDB240049FFFFFFFFFFFFBF
:1055B000FFFFFFFFFFFFFFFFFFFFFFFFFFFFFF49B1
:1055C0000000DBFFFFFFFFFFFFFFFFFFFFFFFFFF0D
:1055D000FFFFFFFFFFFFFFFFFFFFFFFFFFFFFFFFDB
:1055E000FFFFFFFFFFFFFF6D000092FFFFFFFFFFC8
:1055F000FFFFFFFFFFFFFFFFFFFFFFFFFFFFDB24BA
:105600000049FFFFFFFFFFFFFFFFFFFFFFFFFFFF5F
:10561000FFFFFFFFFFFFFFFFFFFFFFFFFFFFFFFF9A
:10562000FFFFFFFFFFFFFFDB240024FFFFFFFFFF63
:10563000FFFFFFFFFFFFFFFFFFFF922424B6920052
:1056400000B6FFFFFFFFFFFFFFFFFFFFFFFFFFFFB2
:10565000FFFFFFFFFFFFFFFFFFFFFFFFFFFFFFFF5A
:10566000FFFFFFFFFFFFFFFF9200006DB6FFFFFF90
:10567000FFFFFFFFFFFFFFFFFFFF240000242400C8
:1056800024FFFFFFFFFFFFFFFFFFFFFFFFFFFFFF05
:10569000FFFFFFFFFFFFFFFFFFFFFFFFFFFFFFFF1A
:1056A000FFFFFFFFFFFFFFFFFF49000049FFFFFF74
:1056B000FFFFFFFFFFFFFFFFFFFFB62424000000F6
:1056C00092FFFFFF922492FFFFFFFFFFFFFFFFFF0C
:1056D000FFFFFFFFFFFFFFFFFFFFFFFFFFFFFFFFDA
:1056E000FFFFFFFFFFFFFFFFFFB6246DB6FFFFFFC9
:1056F000FFFFFFFFFFFFFFFFFFFFFFDBB600002400
:10570000FFFFFFFF490024DBFFFFFFFFFFFFFFFF5D
:10571000FFFFFFFFFFFFFFFFFFFFFFFFFFFFFFFF99
:10572000FFFFFFFFFFFFFFFFFFFFFFFFFFFFFFFF89
:10573000FFFFFFFFFFFFFFFFFFFFFF92490024B6BF
:10574000FFFFFFFFB6240024FFFFFFFFFFFFFFFF67
:10575000FFFFFFFFFFFFFFFFFFFFFFFFFFFFFFFF59
:10576000FFFFFFFFFFFFFFFFFFFFFFFFFFFFFFFF49
:10577000FFFFFFFFFFFFFFFFFFFFB62400006DFFED
:10578000FFFFFFFFFF6D000049FFFFFFFFFFFFFF6F
:10579000FFFFFFFFFFFFFFFFFFFFFFFFFFFFFFFF19
:1057A000FFFFFFFFFFFFFFFFFFFFFFFFFFFFFFFF09
:1057B000FFFFFFFFFFFFFFFFFFDB24000024FFFFD1
:1057C000FFFFFFFFFFFF4900006DFFFFFFFFFFFF2F
:1057D000FFFFFFFFFFFFFFFFFFFFFFFFFFFFFFFFD9
:1057E000FFFFFFFFFFFFFFFFFFFFFFFFFFFFFFFFC9
:1057F000FFFFFFFFFFFFFFFFFF49000024DBFFFF6C
:10580000FFFFFFFFFFFFFF4900006DFFFFFFFFFFEE
:10581000FFFFFFFFFFFFFFFFFFFFFFFFFFFFFFFF98
:10582000FFFFFFFFFFFFFFFFFFFFFFFFFFFFFFFF88
:10583000FFFFFFFFFFFFFFFF4900004992FFFFFF4F
:10584000FFFFFFFFFFFFFFDB2400004992FFFFFF88
:10585000FFFFFFFFFFFFFFFFFFFFFFFFFFFFFFFF58
:10586000FFFFFFFFFFFFFFFFFFFFFFFFFFFFFFFF48
:10587000FFFFFFFFFFFFFF49000049FFFFFFFFFFA2
:10588000FFFFFFFFFFFFFFFFDB240000006DFFFFB6
:10589000FFFFFFDBFFFFFFFFFFFFFFFFFFFFFFFF3C
:1058A000FFFFFFFFFFFFFFFFFFFFFFFFFFFFFFFF08
:1058B000DBFFFFFFFFDB24000049FFFFFFFFFFFFCF
:1058C000FFFFFFFFFFFFFFFFFFDB4900000049DB99
:1058D000FFFF49246DFFFFFFFFFFFFFFFFFFFFFFFB
:1058E000FFFFFFFFFFFFFFFFFFFFFFFFFFFFFF9235
:1058F0002424FFFF9224000049FFFFFFFFFFFFFF6A
:10590000FFFFFFFFFFFFFFFFFFFFFF6D49000000EC
:10591000926D00006DFFFFFFFFFFFFFFFFFFFFFF26
:10592000FFFFFFFFFFFFFFFFFFFFFFFFFFFFFF92F4
:105930000000496D0000246DFFFFFFFFFFFFFFFF28
:10594000FFFFFFFFFFFFFFFFFFFFFFFFFF6D0000F7
:1059500000000024FFFFFFFFFFFFFFFFFFFFFFFF2F
:10596000FFDB496DFFFFFFFFFFFFFFFFFFFFFFFFB3
:10597000490000000024B6FFFFFFFFFFFFFFFFFF0D
:10598000FFFFFFFFFFFFFFFFFFFFFFFFFFFFB6244B
:1059900000000024B6FFFFFFFFFFFFFFFFFFFFFF38
:1059A000FF6D0000FFFFFFFFFFFFFFFFFFFFDB9228
:1059B0002400000049DBFFFFFFFFFFFFFFFFFFFFA9
:1059C000FFFFFFFFFFFFFFFFFFFFFFFFFFFFFFFFE7
:1059D0009224000000246DB6FFFFFFFFFFFFFFFFD2
:1059E000FF6D0000FFFFFFFFFFFFFFDBB66D240030
:1059F000000024B6FFFFFFFFFFFFFFFFFFFFFFFFD9
:105A0000FFFFFFFFFFFFFFFFFFFFFFFFFFFFFFFFA6
:105A1000FFFF6D2400000000246DB6DBDBFFFFFFFD
:105A2000FF6D0000FFFFFFDBB692490000000000A1
:105A30002492FFFFFFFFFFFFFFFFFFFFFFFFFFFFBE
:105A4000FFFFFFFFFFFFFFFFFFFFFFFFFFFFFFFF66
:105A5000FFFFFFFFB649000000000024242449494D
:105A6000492400004949242400000000000049B6F0
:105A7000FFFFFFFFFFFFFFFFFFFFFFFFFFFFFFFF36
:105A8000FFFFFFFFFFFFFFFFFFFFFFFFFFFFFFFF26
:105A9000FFFFFFFFFFFFDB6D492424000000000033
:105AA00000000000000000000024496D6DDBFFFFD6
:105AB000FFFFFFFFFFFFFFFFFFFFFFFFFFFFFFFFF6
:105AC000FFFFFFFFFFFFFFFFFFFFFFFFFFFFFFFFE6
:105AD000FFFFFFFFFFFFFFFFFFDBDBB6926D4924F7
:105AE0002400002424496D92B6DBFFFFFFFFFFFF77
:105AF000FFFFFFFFFFFFFFFFFFFFFFFFFFFFFFFFB6
:105B0000FFFFFFFF9249B6FFFFFFFFFFFFFFFFFF11
:105B1000FFFFFFFFFFFFFFFFFFFFFFFFFFFFFFFF95
:105B2000FFFFFFFFFFFFFFFFFFFFFFFFFFFFFFFF85
:105B3000FFFFFFFFFFFFFFFFFFFFFFFFFFFFFFFF75
:105B4000FFB649B6240024B6FFFFFFFFFFFFFFFFAB
:105B5000FFFFFFFFFFFFFFFFFFFFFFFFFFFFFFFF55
:105B6000FFFFFFFFFFFFFFFFFFFFFFFFFFFFFFFF45
:105B7000FFFFFFFFFFFFFFFFFFFFFFFFFFFFFFFF35
:105B8000B624004992240024B6FFFFFFFFFFFFFF69
:105B9000FFFFFFFFFFFFFFFFFFFFFFFFFFFFFFFF15
:105BA000FFFFFFFFFFFFFFFFFFFFFFFFFFFFFFFF05
:105BB000FFFFFFFFFFFFFFFFFFFFFFFFFFFFFFB63E
:105BC000000024B6FF92000024B6FFFFFFFFFFFF96
:105BD000FFFFFFFFFFFFFFFFFFFFFFFFFFFFFFFFD5
:105BE000FFFFFFFFFFFFFFFFFFFFFFFFFFFFFFFFC5
:105BF000FFFFFFFFFFFFFFFFFFFFFFFFFFFFB624D9
:105C00000000B6FFFFFF92240024B6FFFFFFFFFF56
:105C1000FFFFFFFFFFFFFFFFFFFFFFFFFFFFFFFF94
:105C2000FFFFFFFFFFFFFFFFFFFFFFFFFFFFFFFF84
:105C3000FFFFFFFFFFFFFFFFFFFFFFFFFFB60000BB
:105C400024B6FFFFFFFFFF92000024B6FFFFFFFF17
:105C5000FFFFFFFFFFFFFFFFFFFFFFFFFFFFFFFF54
:105C6000FFFFFFFFFFFFFFFFFFFFFFFFFFFFFFFF44
:105C7000FFFFFFFFFFFFFFFFFFFFFFFFB624000056
:105C8000B6FFFFFFFFFFFFFF92240024B6FFFFFFD8
:105C9000FFFFFFFFFFFFFFFFFFFFFFFFFFFFFFFF14
:105CA000FFFFFFFFFFFFFFFFFFFFFFFFFFFFFFFF04
:105CB000FFFFFFFFFFFFFFFFFFFFFFB6000024B65F
:105CC000FFFFFFFFFFFFFFFFFF92000024B6FFFF73
:105CD000FFFFFFFFFFFFFFFFFFFFFFFFFFFFFFFFD4
:105CE000FFFFFFFFFFFFFFFFFFFFFFFFFFFFFFFFC4
:105CF000FFFFFFFFFFFFFFFFFFFFB6240000B6FF1F
:105D0000FFFFFFFFFFFFFFFFFFFF92240024B6FF0E
:105D1000FFFFFFFFFFFFFFFFFFB64992FFFFFFFFFF
:105D2000FFFFFFFFFFFFFFFFFFFFFFFF9249DBFFCA
:105D3000FFFFFFFFFFFFFFFFFF92000024B6FFFF02
:105D4000FFFFFFFFFFFFFFFFFFFFFF92000024B6F2
:105D5000FFFFFFFFFFFFFFFFFF490024FFFFFFFFE3
:105D6000FFFFFFFFFFFFFFFFFFFFFFFF00006DFFD3
:105D7000FFFFFFFFFFFFFFFF92240000B6FFFFFFC2
:105D8000FFFFFFFFFFFFFFFFFFFFFFFF9224002445
:105D9000B6FFFFFFFFFFFFFFFF490024FFFFFFFFEC
:105DA000FFFFFFFFFFFFFFFFFFFFFFFF00006DFF93
:105DB000FFFFFFFFFFFFFF92000024B6FFFFFFFF82
:105DC000FFFFFFFFFFFFFFFFFFFFFFFFFF9200004E
:105DD00024B6FFFFFFFFFFFFFF490024FFFFFFFF87
:105DE000FFFFFFFFFFFFFFFFFFFFFFFF00006DFF53
:105DF000FFFFFFFFFFFF92240000B6FFFFFFFFFF42
:105E0000FFFFFFFFFFFFFFFFFFFFFFFFFFFF9224EA
:105E10000024B6FFFFFFFFFFFF490024FFFFFFFF45
:105E2000FFFFFFFFFFFFFFFFFFFFFFFF00006DFF12
:105E3000FFFFFFFFFF92000024B6FFFFFFFFFFFF01
:105E4000FFFFFFFFFFFFFFFFFFFFFFFFFFFFFF92CF
:105E5000000024B6FFFFFFFFFF490024FFFFFFFF04
:105E6000FFFFFFFFFFFFFFFFFFFFFFFF00006DFFD2
:105E7000FFFFFFFF92240000B6FFFFFFFFFFFFFFC1
:105E8000FFFFFFFFFFFFFFFFFFFFFFFFFFFFFFFF22
:105E900092240024B6FFFFFFFF490024FFFFFFFF0D
:105EA000FFFFFFFFFFFFFFFFFFFFFFFF00006DFF92
:105EB000FFFFFF92000024B6FFFFFFFFFFFFFFFF81
:105EC000FFFFFFFFFFFFFFFFFFFFFFFFFFFFFFFFE2
:105ED000FF92000024B6FFFFFF490024FFFFFFFFF1
:105EE000FFFFFFFFFFFFFFFFFFFFFFFF00006DFF52
:105EF000FFFF92240000B6FFFFFFFFFFFFFFFFFF41
:105F0000FFFFFFFFFFFFFFFFFFFFFFFFFFFFFFFFA1
:105F1000FFFF92240024B6FFFF490024FFFFFFFF8C
:105F2000FFFFFFFFFFFFFFFFFFFFFFFF00006DFF11
:105F3000FF92000024B6FFFFFFFFFFFFFFFFFFFF00
:105F4000FFFFFFFFFFFFFFFFFFFFFFFFFFFFFFFF61
:105F5000FFFFFF92000024B6FF490024FFFFFFFF70
:105F6000FFFFFFFFFFFFFFFFFFFFFFFF00006DFFD1
:105F700092240000B6FFFFFFFFFFFFFFFFFFFFFFC0
:105F8000FFFFFFFFFFFFFFFFFFFFFFFFFFFFFFFF21
:105F9000FFFFFFFF92240024B6490024FFFFFFFF0C
:105FA000FFFFFFFFFFFFFFFFFFFFFFFF00006D92FE
:105FB000000024B6FFFFFFFFFFFFFFFFFFFFFFFF13
:105FC000FFFFFFFFFFFFFFFFFFFFFFFFFFFFFFFFE1
:105FD000FFFFFFFFFF92000024240024FFFFFFFFCC
:105FE000FFFFFFFFFFFFFFFFFFFFFFFF0000242475
:105FF0000000B6FFFFFFFFFFFFFFFFFFFFFFFFFFF8
:10600000FFFFFFFFFFFFFFFFFFFFFFFFFFFFFFFFA0
:10601000FFFFFFFFFFFF922400000024FFFFFFFFB0
:10602000FFFFFFFFFFFFFFFFFFFFFFFF000000007C
:1060300024B6FFFFFFFFFFFFFFFFFFFFFFFFFFFF94
:10604000FFFFFFFFFFFFFFFFFFFFFFFFB66D4949A7
:10605000494949494949492400000024FFFFFFFFFD
:10606000FFFFFFFFFFFFFFFFFFFFFFFF000000003C
:10607000244949494949494949496DDBFFFFFFFF27
:10608000FFFFFFFFFFFFFFFFFFFFFFFF24000000F8
:10609000000000000000000000000024FFFFFFFFE0
:1060A000FFFFFFFFFFFFFFFFFFFFFFFF00000000FC
:1060B000000000000000000000000049FFFFFFFF9B
:1060C000FFFFFFFFFFFFFFFFFFFFFFFF6D0000006F
:1060D000000000000000000000000092FFFFFFFF32
:1060E000FFFFFFFFFFFFFFFFFFFFFFFF6D0000004F
:1060F000000000000000000000002492FFFFFFFFEE
:10610000FFFFFFFFFFFFFFFFFFFFFFFFFFFFFFFF9F
:10611000FFFFFFFFFFFFFFFFFFFFFFFFFFFFFFFF8F
:10612000FFFFFFFFFFFFFFFFFFFFFFFFFFFFFFFF7F
:10613000FFFFFFFFFFFFFFFFFFFFFFFFFFFFFFFF6F
:10614000FFFFFFFFFFFFFFFFFFFFFFFFFFFFFFFF5F
:10615000FFFFFFFFFFFFFFFFFFFFFFFFFFFFFFFF4F
:10616000FFFFFFFFFFFFFFFFFFFFFFFFFFFFFFFF3F
:10617000FFFFFFFFFFFFFFFFFFFFFFFFFFFFFFFF2F
:10618000FFFFFFFFFFFFFFFFFFFFFFFFFFFFFFFF1F
:10619000FFFFFFFFFFFFFFFFFFFFFFFFFFFFFFFF0F
:1061A000FFFFFFFFFFFFFFFFFFFFFFFFFFFFFFFFFF
:1061B000FFFFFFFFFFFFFFFFFFFFFFFFFFFFFFFFEF
:1061C000FFFFFFFFFFFFFFFFFFFFFFFFFFFFFFFFDF
:1061D000FFFFFFFFFFFFFFFFFFFFFFFFFFFFFFFFCF
:1061E000FFFFFFFFFFFFFFFFFFFFFFFFFFFFFFFFBF
:1061F000FFFFFFFFFFFFFFFFFFFFFFFFFFFFFFFFAF
:10620000FFFFFFFFFFFFFFFFFFFFFFFFFFFFFFFF9E
:10621000FFFFFFFFFFFFFFFFFFFFFFFFFFFFFFFF8E
:10622000FFFFFFFFFFFFFFFFFFFFFFFFFFFFFFFF7E
:10623000FFFFFFFFFFFFFFFFFFFFFFFFFFFFFFFF6E
:10624000FFFFFFFFFFFFFFFFFFFFFFFFFFFFFFFF5E
:10625000FFFFFFFFFFFFFFFFFFFFFFFFFFFFFFFF4E
:10626000FFFFFFFFFFFFFFFFFFFFFFFFFFFFFFFF3E
:10627000FFFFFFFFFFFFFFFFFFFFFFFFFFFFFFFF2E
:10628000FFFFFFFFFFFFFFFFFFFFFFFFFFFFFFFF1E
:10629000FFFFFFFFFFFFFFFFFFFFFFFFFFFFFFFF0E
:1062A000FFFFFFFFFFFFFFFFFFFFFFFFFFFFFFFFFE
:1062B000FFFFFFFFFFFFFFFFFFFFFFFFFFFFFFFFEE
:1062C000FFFFFFFFFFFFFFFFFFFFFFFFFFFFFFFFDE
:1062D000FFFFFFFFFFFFFFFFFFFFFFFFFFFFFFFFCE
:1062E000FFFFFFFFFFFFFFFFFFFFFFFFFFFFFFFFBE
:1062F000FFFFFFFFFFFFFFFFFFFFFFFFFFFFFFFFAE
:10630000FFFFFFFFFFFFFFFFFFFFFFFFFFFFFFFF9D
:10631000FFFFFFFFFFFFFFFFFFFFFFFFFFFFFFFF8D
:10632000FFFFFFFFFFFFFFFFFFFFFFFFFFFFFFFF7D
:10633000FFFFFFFFFFFFFFFFFFFFFFFFFFFFFFFF6D
:10634000FFFFFFFFFFFFFFFFFFFFFFFFFFFFFFFF5D
:10635000FFFFFFFFFFFFFFFFFFFFFFFFFFFFFFFF4D
:10636000FFFFFFFFFFFFFFFFFFFFFFFFFFFFFFFF3D
:10637000FFFFFFFFFFFFFFFFFFFFFFFFFFFFFFFF2D
:10638000FFFFFFFFFFFFFFFFFFFFFFFFFFFFFFFF1D
:10639000FFFFFFFFFFFFFFFFFFFFFFFFFFFFFFFF0D
:1063A000FFFFFFFFFFFFFFFFFFFFFFFFFFFFFFFFFD
:1063B000FFFFFFFFFFFFFFFFFFFFFFFFFFFFFFFFED
:1063C000FFFFFFFFFFFFFFFFFFFFFFFFFFFFFFFFDD
:1063D000FFFFFFFFFFFFFFFFFFFFFFFFFFFFFFFFCD
:1063E000FFFFFFFFFFFFFFFFFFFFFFFFFFFFFFFFBD
:1063F000FFFFFFFFFFFFFFFFFFFFFFFFFFFFFFFFAD
:10640000FFFFFFFFFFFFFFFFFFFFFFFFFFFFFFFF9C
:10641000FFFFFFFFFFFFFFFFFFFFFFFFFFFFFFFF8C
:10642000FFFFFFFFFFFFFFFFFFFFFFFFFFFFFFFF7C
:10643000FFFFFFFFFFFFFFFFFFFFFFFFFFFFFFFF6C
:10644000FFFFFFFFFFFFFFFFFFFFFFFFFFFFFFFF5C
:10645000FFFFFFFFFFFFFFFFFFFFFFFFFFFFFFFF4C
:10646000FFFFFFFFFFFFFFFFFFFFFFFFFFFFFFFF3C
:10647000FFFFFFFFFFFFFFFFFFFFFFFFFFFFFFFF2C
:10648000FFFFFFFFFFFFFFFFFFFFFFFFFFFFFFFF1C
:10649000FFFFFFFFFFFFFFFFFFFFFFFFFFFFFFFF0C
:1064A000FFFFFFFFFFFFFFFFFFFFFFFFFFFFFFFFFC
:1064B000FFFFFFFFFFFFFFFFFFFFFFFFFFFFFFFFEC
:1064C000FFFFFFFFFFFFFFFFFFFFFFFFFFFFFFFFDC
:1064D000FFFFFFFFFFFFFFFFFFFFFFFFFFFFFFFFCC
:1064E000FFFFFFFFFFFFFFFFFFFFFFFFFFFFFFFFBC
:1064F000FFFFFFFFFFFFFFFFFFFFFFFFFFFFFFFFAC
:10650000FFFFFFFFFFFFFFFFFFFFFFFF6D0000002A
:10651000000000000000000000000092FFFFFFFFED
:10652000FFFFFFFFFFFFFFFFFFFFFFFF6D0000000A
:10653000000000000000000000000092FFFFFFFFCD
:10654000FFFFFFFFFFFFFFFFFFFFFFFF2400000033
:10655000000000000000000000000024FFFFFFFF1B
:10656000FFFFFFFFFFFFFFFFFFFFFFFF0000000037
:10657000000000000000000000000049FFFFFFFFD6
:10658000FFFFFFFFFFFFFFFFFFFFFFFFB66D494962
:10659000494949494949492400000024FFFFFFFFB8
:1065A000FFFFFFFFFFFFFFFFFFFFFFFF00000000F7
:1065B000244949494949494949496DDBFFFFFFFFE2
:1065C000FFFFFFFFFFFFFFFFFFFFFFFFFFFFFFFFDB
:1065D000FFFFFFFFFFFF922400000024FFFFFFFFEB
:1065E000FFFFFFFFFFFFFFFFFFFFFFFF00000000B7
:1065F00024B6FFFFFFFFFFFFFFFFFFFFFFFFFFFFCF
:10660000FFFFFFFFFFFFFFFFFFFFFFFFFFFFFFFF9A
:10661000FFFFFFFFFF92000024240024FFFFFFFF85
:10662000FFFFFFFFFFFFFFFFFFFFFFFF000024242E
:106630000000B6FFFFFFFFFFFFFFFFFFFFFFFFFFB1
:10664000FFFFFFFFFFFFFFFFFFFFFFFFFFFFFFFF5A
:10665000FFFFFFFF92240024B6490024FFFFFFFF45
:10666000FFFFFFFFFFFFFFFFFFFFFFFF00006D9237
:10667000000024B6FFFFFFFFFFFFFFFFFFFFFFFF4C
:10668000FFFFFFFFFFFFFFFFFFFFFFFFFFFFFFFF1A
:10669000FFFFFF92000024B6FF490024FFFFFFFF29
:1066A000FFFFFFFFFFFFFFFFFFFFFFFF00006DFF8A
:1066B00092240000B6FFFFFFFFFFFFFFFFFFFFFF79
:1066C000FFFFFFFFFFFFFFFFFFFFFFFFFFFFFFFFDA
:1066D000FFFF92240024B6FFFF490024FFFFFFFFC5
:1066E000FFFFFFFFFFFFFFFFFFFFFFFF00006DFF4A
:1066F000FFB6000024B6FFFFFFFFFFFFFFFFFFFF15
:10670000FFFFFFFFFFFFFFFFFFFFFFFFFFFFFFFF99
:10671000FF92000024B6FFFFFF490024FFFFFFFFA8
:10672000FFFFFFFFFFFFFFFFFFFFFFFF00006DFF09
:10673000FFFFB6240000B6FFFFFFFFFFFFFFFFFFD4
:10674000FFFFFFFFFFFFFFFFFFFFFFFFFFFFFFFF59
:1067500092240024B6FFFFFFFF490024FFFFFFFF44
:10676000FFFFFFFFFFFFFFFFFFFFFFFF00006DFFC9
:10677000FFFFFFB6000024B6FFFFFFFFFFFFFFFF94
:10678000FFFFFFFFFFFFFFFFFFFFFFFFFFFFFF9286
:10679000000024B6FFFFFFFFFF490024FFFFFFFFBB
:1067A000FFFFFFFFFFFFFFFFFFFFFFFF00006DFF89
:1067B000FFFFFFFFB6240000B6FFFFFFFFFFFFFF54
:1067C000FFFFFFFFFFFFFFFFFFFFFFFFFFFF922421
:1067D0000024B6FFFFFFFFFFFF490024FFFFFFFF7C
:1067E000FFFFFFFFFFFFFFFFFFFFFFFF00006DFF49
:1067F000FFFFFFFFFFB6000024B6FFFFFFFFFFFF14
:10680000FFFFFFFFFFFFFFFFFFFFFFFFFF92000003
:1068100024B6FFFFFFFFFFFFFF490024FFFFFFFF3C
:10682000FFFFFFFFFFFFFFFFFFFFFFFF00006DFF08
:10683000FFFFFFFFFFFFB6240000B6FFFFFFFFFFD3
:10684000FFFFFFFFFFFFFFFFFFFFFFFF922400247A
:10685000B6FFFFFFFFFFFFFFFF490024FFFFFFFF21
:10686000FFFFFFFFFFFFFFFFFFFFFFFF00006DFFC8
:10687000FFFFFFFFFFFFFFB6000024B6FFFFFFFF93
:10688000FFFFFFFFFFFFFFFFFFFFFF92000024B6A7
:10689000FFFFFFFFFFFFFFFFFF490024FFFFFFFF98
:1068A000FFFFFFFFFFFFFFFFFFFFFFFF00006DFF88
:1068B000FFFFFFFFFFFFFFFFB6240000B6FFFFFF53
:1068C000FFFFFFFFFFFFFFFFFFFF92240024B6FF43
:1068D000FFFFFFFFFFFFFFFFFFB64992FFFFFFFF34
:1068E000FFFFFFFFFFFFFFFFFFFFFFFF9249DBFFFF
:1068F000FFFFFFFFFFFFFFFFFFB6000024B6FFFF13
:10690000FFFFFFFFFFFFFFFFFF92000024B6FFFF26
:10691000FFFFFFFFFFFFFFFFFFFFFFFFFFFFFFFF87
:10692000FFFFFFFFFFFFFFFFFFFFFFFFFFFFFFFF77
:10693000FFFFFFFFFFFFFFFFFFFFB6240000B6FFD2
:10694000FFFFFFFFFFFFFFFF92240024B6FFFFFFC2
:10695000FFFFFFFFFFFFFFFFFFFFFFFFFFFFFFFF47
:10696000FFFFFFFFFFFFFFFFFFFFFFFFFFFFFFFF37
:10697000FFFFFFFFFFFFFFFFFFFFFFB6000024B692
:10698000FFFFFFFFFFFFFF92000024B6FFFFFFFFA6
:10699000FFFFFFFFFFFFFFFFFFFFFFFFFFFFFFFF07
:1069A000FFFFFFFFFFFFFFFFFFFFFFFFFFFFFFFFF7
:1069B000FFFFFFFFFFFFFFFFFFFFFFFFB624000009
:1069C000B6FFFFFFFFFF92240024B6FFFFFFFFFF8B
:1069D000FFFFFFFFFFFFFFFFFFFFFFFFFFFFFFFFC7
:1069E000FFFFFFFFFFFFFFFFFFFFFFFFFFFFFFFFB7
:1069F000FFFFFFFFFFFFFFFFFFFFFFFFFFB60000EE
:106A000024B6FFFFFF92000024B6FFFFFFFFFFFF49
:106A1000FFFFFFFFFFFFFFFFFFFFFFFFFFFFFFFF86
:106A2000FFFFFFFFFFFFFFFFFFFFFFFFFFFFFFFF76
:106A3000FFFFFFFFFFFFFFFFFFFFFFFFFFFFB6248A
:106A40000000B6FF92240024B6FFFFFFFFFFFFFF08
:106A5000FFFFFFFFFFFFFFFFFFFFFFFFFFFFFFFF46
:106A6000FFFFFFFFFFFFFFFFFFFFFFFFFFFFFFFF36
:106A7000FFFFFFFFFFFFFFFFFFFFFFFFFFFFFFB66F
:106A8000000024B6240024B6FFFFFFFFFFFFFFFF36
:106A9000FFFFFFFFFFFFFFFFFFFFFFFFFFFFFFFF06
:106AA000FFFFFFFFFFFFFFFFFFFFFFFFFFFFFFFFF6
:106AB000FFFFFFFFFFFFFFFFFFFFFFFFFFFFFFFFE6
:106AC000B62400499249B6FFFFFFFFFFFFFFFFFF1B
:106AD000FFFFFFFFFFFFFFFFFFFFFFFFFFFFFFFFC6
:106AE000FFFFFFFFFFFFFFFFFFFFFFFFFFFFFFFFB6
:106AF000FFFFFFFFFFFFFFFFFFFFFFFFFFFFFFFFA6
:106B0000FFB649B6FFFFFFFFFFFFFFFFFFFFFFFFDD
:106B1000FFFFFFFFFFFFFFFFFFFFFFFFFFFFFFFF85
:106B2000FFFFFFFFFF490000000000000000000021
:106B30000024B6FFFFFFFFFFFFFFFFFFFFFFFFFF88
:106B4000FFFFFFFFFFFFFFFFFFFFFFFFFFFFFFFF55
:106B5000FFFFFFFFFFFFFFFFFFFFFFFFFFFFFFFF45
:106B6000FFFFFFFFDB00000000000000000000004E
:106B700000000092FFFFFFFFFFFFFFFFFFFFFFFF8F
:106B8000FFFFFFFFFFFFFFFFFFFFFFFFFFFFFFFF15
:106B9000FFFFFFFFFFFFFFFFFFFFFFFFFFFFFFFF05
:106BA000FFFFFFFFDB0000244949494949494949A2
:106BB00049240024DBFFFFFFFFFFFFFFFFFFFFFF74
:106BC000FFFFFFFFFFFFFFFFFFFFFFFFFFFFFFFFD5
:106BD000FFFFFFFFFFFFFFFFFFFFFFFFFFFFFFFFC5
:106BE000FFFFFFFFDB000092FFFFFFFFFFFFFFFF44
:106BF000FF6D000092FFFFFFFFFFFFFFFFFFFFFFA2
:106C0000FFFFFFFFFFFFFFFFFFFFFFFFFFFFFFFF94
:106C1000FFFFFFFFFFFFFFFFFFFFFFFFFFFFFFFF84
:106C2000FFFFFFFFDB000092FFFFFFFFFFFFFFFF03
:106C3000FF6D000092FFFFFFFFFFFFFFFFFFFFFF61
:106C4000FFFFFFFFFFB66D49494949494949494995
:106C500049494949494949494949494949494949A4
:106C60004949494949000092FFFFFFFFFFFFFFFF2D
:106C7000FF6D000092FFFFFFFFFFFFFFFFFFFFFF21
:106C8000FFFFFFFFB6000000000000000000000052
:106C900000000000000000000000000000000000F4
:106CA0000000000000000092FFFFFFFFFFFFFFFF5A
:106CB000FF6D000092FFFFFFFFFFFFFFFFFFFFFFE1
:106CC000FFFFFFFF240000000000000000000000A4
:106CD00000000000000000000000000000000000B4
:106CE0000000000000000092FFFFFFFFFFFFFFFF1A
:106CF000FF6D000092FFFFFFFFFFFFFFFFFFFFFFA1
:106D0000FFFFFFFF000024FFFFFFFFFFFFFFFFFF6C
:106D1000FFFFFFFFFFFFFFFFFFFFFFFFFFFFFFFF83
:106D2000FFFFFFFFDB000092FFFFFFFFFFFFFFFF02
:106D3000FF6D000092FFFFFFFFFFDBDBDBDBDBFF14
:106D4000FFFFFFFF000024FFFFFFFFFFFFFFFFFF2C
:106D5000FFFFFFFFFFFFFFFFFFFFFFFFFFFFFFFF43
:106D6000FFFFFFFFDB000092FFFFFFFFFFFFFFFFC2
:106D7000FF6D000092FFFFFF9249240000002424D1
:106D80006DFFFFFF000024FFFFFFFFFFFFFFFFFF7E
:106D9000FFFFFFFFFFFFFFFFFFFFFFFFFFFFFFFF03
:106DA000FFFFFFFFDB000092FFFFFFFFFFFFFFFF82
:106DB000FF6D000092FFDB240000000000000000D7
:106DC0000024DBFF000024FFFFFFFFFFFFFFFFFFAA
:106DD000FFFFFFFFFFFFFFFFFFFFFFFFFFFFFFFFC3
:106DE000FFFFFFFFDB000092FFFFFFFFFFFFFFFF42
:106DF000FF6D00009292240000006DB6DBDB922450
:106E0000000024FF000024FFFFFFFFFFFFFFFFFF44
:106E1000FFFFFFFFFFFFFFFFFFFFFFFFFFFFFFFF82
:106E2000FFFFFFFFDB000092FFFFFFFFFFFFFFFF01
:106E3000FF6D00006D24000049FFFFFFFFFFFFDB37
:106E4000490000B6000024FFFFFFFFFFFFFFFFFF28
:106E5000FFFFFFFFFFFFFFFFFFFFFFFFFFFFFFFF42
:106E6000FFFFFFFFDB000092FFFFFFFFFFFFFFFFC1
:106E7000FF6D000000000092FFFFFFFFFFFFFFFF1C
:106E8000B600006D000024FFFFFFFFFFFFFFFFFFC4
:106E9000FFFFFFFFFFFFFFFFFFFFFFFFFFFFFFFF02
:106EA000FFFFFFFFDB000092FFFFFFFFFFFFFFFF81
:106EB000FF6D000000006DFFFFFFFFFFFFFFFFFF02
:106EC000FF240049000024FFFFFFFFFFFFFFFFFF3B
:106ED000FFFFFFFFFFFFFFFFFFFFFFFFFFFFFFFFC2
:106EE000FFFFFFFFDB000092FFFFFFFFFFFFFFFF41
:106EF000FF6D00000024FFFFFFFFFFFFFFFFFFFF0C
:106F0000FF240024000024FFFFFFFFFFFFFFFFFF1F
:106F1000FFFFFFFFFFFFFFFFFFFFFFFFFFFFFFFF81
:106F2000FFFFFFFFDB000092FFFFFFFFFFFFFFFF00
:106F3000FF6D00000092FFFFFFFFFFFFFFFFFFFF5D
:106F4000FF240000000024FFFFFFFFFFFFFFFFFF03
:106F5000FFFFFFFFFFFFFFFFFFFFFFFFFFFFFFFF41
:106F6000FFFFFFFFDB000092FFFFFFFFFFFFFFFFC0
:106F7000FF6D000024DBFFFFFFFFFFFFFFFFFFFFB0
:106F8000DB240024000024FFFFFFFFFFFFFFFFFFC3
:106F9000FFFFFFFFFFFFFFFFFFFFFFFFFFFFFFFF01
:106FA000FFFFFFFFDB000092FFFFFFFFFFFFFFFF80
:106FB000FF6D00006DFFFFFFFFFFFFFFFFFFFFFF03
:106FC000B6000092000024FFFFFFFFFFFFFFFFFF5E
:106FD000FFFFFFFFFFFFFFFFFFFFFFFFFFFFFFFFC1
:106FE000FFFFFFFFDB000092FFFFFFFFFFFFFFFF40
:106FF000FF6D000092FFFFFFFFFFFFFFFFFFFFFF9E
:10700000490000B6000024FFFFFFFFFFFFFFFFFF66
:10701000FFFFFFFFFFFFFFFFFFFFFFFFFFFFFFFF80
:10702000FFFFFFFFDB000092FFFFFFFFFFFFFFFFFF
:10703000FF6D000092FFFFFFFFFFFFFFFFFFFFB6A6
:10704000000024FF000024FFFFFFFFFFFFFFFFFF02
:10705000FFFFFFFFFFFFFFFFFFFFFFFFFFFFFFFF40
:10706000FFFFFFFFDB000092FFFFFFFFFFFFFFFFBF
:10707000FF6D000092FFFFFFFFFFFFFFFFFFFF24F8
:10708000000092FF000024FFFFFFFFFFFFFFFFFF54
:10709000FFFFFFFFFFFFFFFFFFFFFFFFFFFFFFFF00
:1070A000FFFFFFFFDB000092FFFFFFFFFFFFFFFF7F
:1070B000FF6D000092FFFFFFFFFFFFFFFFFF6D006E
:1070C0000049FFFF000024FFFFFFFFFFFFFFFFFF5E
:1070D000FFFFFFFFFFFFFFFFFFFFFFFFFFFFFFFFC0
:1070E000FFFFFFFFDB000092FFFFFFFFFFFFFFFF3F
:1070F000FF6D000092FFFFFFFFFFFFFFFF6D00002D
:1071000024DBFFFF000024FFFFFFFFFFFFFFFFFF67
:10711000FFFFFFFFFFFFFFFFFFFFFFFFFFFFFFFF7F
:10712000FFFFFFFFDB000092FFFFFFFFFFFFFFFFFE
:10713000FF6D000092FFFFFFFFFFFFFF92000024A2
:10714000B6FFFFFF000024FFFFFFFFFFFFFFFFFF71
:10715000FFFFFFFFFFFFFFFFFFFFFFFFFFFFFFFF3F
:10716000FFFFFFFFDB000092FFFFFFFFFFFFFFFFBE
:10717000FF6D000092FFFFFFFFFFFF6D0000009218
:10718000FFFFFFFF000024FFFFFFFFFFFFFFFFFFE8
:10719000FFFFFFFFFFFFFFFFFFFFFFFFFFFFFFFFFF
:1071A000FFFFFFFFDB000092FFFFFFFFFFFFFFFF7E
:1071B000FF6D000092FFFFFFFFFF6D00000092FFD8
:1071C000FFFFFFFF000024FFFFFFFFFFFFFFFFFFA8
:1071D000FFFFFFFFFFFFFFFFFFFFFFFFFFFFFFFFBF
:1071E000FFFFFFFFDB000092FFFFFFFFFFFFFFFF3E
:1071F000FF6D000092FFFFFFDB2400000092FFFF05
:10720000FFFFFFFF000024FFFFFFFFFFFFFFFFFF67
:10721000FFFFFFFFFFFFFFFFFFFFFFFFFFFFFFFF7E
:10722000FFFFFFFFDB000092FFFFFFFFFFFFFFFFFD
:10723000FF6D000092FFFF9200000024B6FFFFFFE9
:10724000FFFFFFFF000024FFFFFFFFFFFFFFFFFF27
:10725000FFFFFFFFFFFFFFFFFFFFFFFFFFFFFFFF3E
:10726000FFFFFFFFDB000092FFFFFFFFFFFFFFFFBD
:10727000FF6D000092B64900000049DBFFFFFFFFF1
:10728000FFFFFFFF000024B6DBDBDBDBDBDBDBDB50
:10729000DBDBDBDBDBDBDBDBDBDBDBDBDBDBDBDB3E
:1072A000DBDBDBDB9200006DDBDBDBDBDBDBDBDB9B
:1072B000DB6D0000240000002492FFFFFFFFFFFFB2
:1072C000FFFFFFFF000000000000000000000000C2
:1072D00000000000000000000000000000000000AE
:1072E000000000000000000000000000000000009E
:1072F0000000000000000049DBFFFFFFFFFFFFFF71
:10730000FFFFFFFF00000000000000000000000081
:10731000000000000000000000000000000000006D
:10732000000000000000000000000000000000005D
:1073300000000000000092FFFFFFFFFFFFFFFFFFC4
:10734000FFFFFFFF000024B6DBDBDBDBDBDBDBDB8F
:10735000DBDBDBDBDBDBDBDBDBDBDBDBDBDBDBDB7D
:10736000DBDBDBDB9200006DDBDBDBDBDBDBDBDBDA
:10737000DB6D000000002492FFFFFFFFFFFFFFFF17
:10738000FFFFFFFF000024FFFFFFFFFFFFFFFFFFE6
:10739000FFFFFFFFFFFFFFFFFFFFFFFFFFFFFFFFFD
:1073A000FFFFFFFFDB000092FFFFFFFFFFFFFFFF7C
:1073B000FF6D00002400000024DBFFFFFFFFFFFF44
:1073C000FFFFFFFF000024FFFFFFFFFFFFFFFFFFA6
:1073D000FFFFFFFFFFFFFFFFFFFFFFFFFFFFFFFFBD
:1073E000FFFFFFFFDB000092FFFFFFFFFFFFFFFF3C
:1073F000FF6D00009292240000246DFFFFFFFFFF4D
:10740000FFFFFFFF000024FFFFFFFFFFFFFFFFFF65
:10741000FFFFFFFFFFFFFFFFFFFFFFFFFFFFFFFF7C
:10742000FFFFFFFFDB000092FFFFFFFFFFFFFFFFFB
:10743000FF6D000092FFDB4900000049DBFFFFFF0A
:10744000FFFFFFFF000024FFFFFFFFFFFFFFFFFF25
:10745000FFFFFFFFFFFFFFFFFFFFFFFFFFFFFFFF3C
:10746000FFFFFFFFDB000092FFFFFFFFFFFFFFFFBB
:10747000FF6D000092FFFFFFB600000024B6FFFF83
:10748000FFFFFFFF000024FFFFFFFFFFFFFFFFFFE5
:10749000FFFFFFFFFFFFFFFFFFFFFFFFFFFFFFFFFC
:1074A000FFFFFFFFDB000092FFFFFFFFFFFFFFFF7B
:1074B000FF6D000092FFFFFFFFDB24000024B6FFFA
:1074C000FFFFFFFF000024FFFFFFFFFFFFFFFFFFA5
:1074D000FFFFFFFFFFFFFFFFFFFFFFFFFFFFFFFFBC
:1074E000FFFFFFFFDB000092FFFFFFFFFFFFFFFF3B
:1074F000FF6D000092FFFFFFFFFFFF49000024B671
:10750000FFFFFFFF000024FFFFFFFFFFFFFFFFFF64
:10751000FFFFFFFFFFFFFFFFFFFFFFFFFFFFFFFF7B
:10752000FFFFFFFFDB000092FFFFFFFFFFFFFFFFFA
:10753000FF6D000092FFFFFFFFFFFFFF49000024E7
:10754000DBFFFFFF000024FFFFFFFFFFFFFFFFFF48
:10755000FFFFFFFFFFFFFFFFFFFFFFFFFFFFFFFF3B
:10756000FFFFFFFFDB000092FFFFFFFFFFFFFFFFBA
:10757000FF6D000092FFFFFFFFFFFFFFFF6D0000A8
:1075800049FFFFFF000024FFFFFFFFFFFFFFFFFF9A
:10759000FFFFFFFFFFFFFFFFFFFFFFFFFFFFFFFFFB
:1075A000FFFFFFFFDB000092FFFFFFFFFFFFFFFF7A
:1075B000FF6D000092FFFFFFFFFFFFFFFFDB4900B1
:1075C000006DFFFF000024FFFFFFFFFFFFFFFFFF35
:1075D000FFFFFFFFFFFFFFFFFFFFFFFFFFFFFFFFBB
:1075E000FFFFFFFFDB000092FFFFFFFFFFFFFFFF3A
:1075F000FF6D000092FFFFFFFFFFFFFFFFFFDB2497
:107600000000B6FF000024FFFFFFFFFFFFFFFFFFAA
:10761000FFFFFFFFFFFFFFFFFFFFFFFFFFFFFFFF7A
:10762000FFFFFFFFDB000092FFFFFFFFFFFFFFFFF9
:10763000FF6D000092FFFFFFFFFFFFFFFFFFFF92C4
:10764000000049FF000024FFFFFFFFFFFFFFFFFFD7
:10765000FFFFFFFFFFFFFFFFFFFFFFFFFFFFFFFF3A
:10766000FFFFFFFFDB000092FFFFFFFFFFFFFFFFB9
:10767000FF6D000092FFFFFFFFFFFFFFFFFFFFDB3B
:10768000490000DB000024FFFFFFFFFFFFFFFFFFBB
:10769000FFFFFFFFFFFFFFFFFFFFFFFFFFFFFFFFFA
:1076A000FFFFFFFFDB000092FFFFFFFFFFFFFFFF79
:1076B000FF6D000092FFFFFFFFFFFFFFFFFFFFFFD7
:1076C00092000092000024FFFFFFFFFFFFFFFFFF7B
:1076D000FFFFFFFFFFFFFFFFFFFFFFFFFFFFFFFFBA
:1076E000FFFFFFFFDB000092FFFFFFFFFFFFFFFF39
:1076F000FF6D000024FFFFFFFFFFFFFFFFFFFFFF05
:10770000DB240049000024FFFFFFFFFFFFFFFFFF16
:10771000FFFFFFFFFFFFFFFFFFFFFFFFFFFFFFFF79
:10772000FFFFFFFFDB000092FFFFFFFFFFFFFFFFF8
:10773000FF6D000024B6FFFFFFFFFFFFFFFFFFFF0D
:10774000FF240024000024FFFFFFFFFFFFFFFFFFD7
:10775000FFFFFFFFFFFFFFFFFFFFFFFFFFFFFFFF39
:10776000FFFFFFFFDB000092FFFFFFFFFFFFFFFFB8
:10777000FF6D00000049FFFFFFFFFFFFFFFFFFFF5E
:10778000FF240024000024FFFFFFFFFFFFFFFFFF97
:10779000FFFFFFFFFFFFFFFFFFFFFFFFFFFFFFFFF9
:1077A000FFFFFFFFDB000092FFFFFFFFFFFFFFFF78
:1077B000FF6D000000006DFFFFFFFFFFFFFFFFFFF9
:1077C000FF240024000024FFFFFFFFFFFFFFFFFF57
:1077D000FFFFFFFFFFFFFFFFFFFFFFFFFFFFFFFFB9
:1077E000FFFFFFFFDB000092FFFFFFFFFFFFFFFF38
:1077F000FF6D0000000024B6FFFFFFFFFFFFFFFF4B
:10780000B624006D000024FFFFFFFFFFFFFFFFFF16
:10781000FFFFFFFFFFFFFFFFFFFFFFFFFFFFFFFF78
:10782000FFFFFFFFDB000092FFFFFFFFFFFFFFFFF7
:10783000FF6D00002424000092FFFFFFFFFFFFFF09
:107840006D0000B6000024FFFFFFFFFFFFFFFFFFFA
:10785000FFFFFFFFFFFFFFFFFFFFFFFFFFFFFFFF38
:10786000FFFFFFFFDB000092FFFFFFFFFFFFFFFFB7
:10787000FF6D000092920000004992DBFFFFB649C5
:10788000000024DB000024FFFFFFFFFFFFFFFFFFDE
:10789000FFFFFFFFFFFFFFFFFFFFFFFFFFFFFFFFF8
:1078A000FFFFFFFFDB000092FFFFFFFFFFFFFFFF77
:1078B000FF6D000092FF9224000000000000000015
:1078C000000092FF000024FFFFFFFFFFFFFFFFFF0C
:1078D000FFFFFFFFFFFFFFFFFFFFFFFFFFFFFFFFB8
:1078E000FFFFFFFFDB000092FFFFFFFFFFFFFFFF37
:1078F000FF6D000092FFFFDB6D0000000000000044
:1079000024B6FFFF000024FFFFFFFFFFFFFFFFFF84
:10791000FFFFFFFFFFFFFFFFFFFFFFFFFFFFFFFF77
:10792000FFFFFFFFDB000092FFFFFFFFFFFFFFFFF6
:10793000FF6D000092FFFFFFFFFFB66D6D6D92B609
:10794000FFFFFFFF24002449494949494949494962
:107950004949494949494949494949494949494997
:107960004949494949000092FFFFFFFFFFFFFFFF20
:10797000FF6D000092FFFFFFFFFFFFFFFFFFFFFF14
:10798000FFFFFFFF92000000000000000000000069
:1079900000000000000000000000000000000000E7
:1079A0000000000000000092FFFFFFFFFFFFFFFF4D
:1079B000FF6D000092FFFFFFFFFFFFFFFFFFFFFFD4
:1079C000FFFFFFFFFF922400000000000000000006
:1079D00000000000000000000000000000000000A7
:1079E0000000000000000092FFFFFFFFFFFFFFFF0D
:1079F000FF6D000092FFFFFFFFFFFFFFFFFFFFFF94
:107A0000FFFFFFFFFFFFFFFFFFFFFFFFFFFFFFFF86
:107A1000FFFFFFFFFFFFFFFFFFFFFFFFFFFFFFFF76
:107A2000FFFFFFFFDB000092FFFFFFFFFFFFFFFFF5
:107A3000FF6D000092FFFFFFFFFFFFFFFFFFFFFF53
:107A4000FFFFFFFFFFFFFFFFFFFFFFFFFFFFFFFF46
:107A5000FFFFFFFFFFFFFFFFFFFFFFFFFFFFFFFF36
:107A6000FFFFFFFFDB0000244949494949494949D3
:107A70004924000092FFFFFFFFFFFFFFFFFFFFFF12
:107A8000FFFFFFFFFFFFFFFFFFFFFFFFFFFFFFFF06
:107A9000FFFFFFFFFFFFFFFFFFFFFFFFFFFFFFFFF6
:107AA000FFFFFFFFDB0000000000000000000000FF
:107AB00000000024DBFFFFFFFFFFFFFFFFFFFFFFD2
:107AC000FFFFFFFFFFFFFFFFFFFFFFFFFFFFFFFFC6
:107AD000FFFFFFFFFFFFFFFFFFFFFFFFFFFFFFFFB6
:107AE000FFFFFFFFFF490000000000000000000052
:107AF000002449DBFFFFFFFFFFFFFFFFFFFFFFFF4A
:107B0000FFFFFFFFFFFFFFFFFFFFFFFFFFFFFFFF85
:107B1000FFFFFFFFFFFFFFFFFFFFFFFFFFDBB6924F
:107B20006D4924242424496D92DBFFFFFFFFFFFFF2
:107B3000FFFFFFFFFFFFFFFFFFFFFFFFFFFFFFFF55
:107B4000FFFFFFFFFFFFFFFFFFFFFFFFFFFFFFFF45
:107B5000FFFFFFFFFFFFFFFFFFFFDBB66D242424C5
:107B600024000000000000242424496DB6FFFFFF1C
:107B7000FFFFFFFFFFFFFFFFFFFFFFFFFFFFFFFF15
:107B8000FFFFFFFFFFFFFFFFFFFFFFFFFFFFFFFF05
:107B9000FFFFFFFFFFFFFFFFFF92492400000024CB
:107BA000242424242424242400000000246DB6FF6F
:107BB000FFFFFFFFFFFFFFFFFFFFFFFFFFFFFFFFD5
:107BC000FFFFFFFFFFFFFFFFFFFFFFFFFFFFFFFFC5
:107BD000FFFFFFFFFFFFFFDB492400000024246DAF
:107BE00092B6DBDBDBDBB69249242400000024499B
:107BF000DBFFFFFFFFFFFFFFFFFFFFFFFFFFFFFFB9
:107C0000FFFFFFFFFFFFFFFFFFFFFFFFFFFFFFFF84
:107C1000FFFFFFFFFFFF9224000024246DDBFFFF26
:107C2000FFFFFFFFFFFFFFFFFFFFB649240000003B
:107C30002492FFFFFFFFFFFFFFFFFFFFFFFFFFFF9C
:107C4000FFFFFFFFFFFFFFFFFFFFFFFFFFFFFFFF44
:107C5000FFFFFFFFFF6D2400004992DBFFFFFFFFE6
:107C6000FFFFFFFFFFFFFFFFFFFFFFFFB66D2400D9
:107C700000246DDBFFFFFFFFFFFFFFFFFFFFFFFFA4
:107C8000FFFFFFFFFFFFFFFFFFFFFFFFFFFFFFFF04
:107C9000FFFFFFDB490000246DDBFFFFFFFFFFFF5D
:107CA000FFFFFFFFFFFFFFFFFFFFFFFFFFFFB649E3
:107CB00000000049DBFFFFFFFFFFFFFFFFFFFFFFAB
:107CC000FFFFFFFFFFFFFFFFFFFFFFFFFFFFFFFFC4
:107CD000FFFFDB49000024B6FFFFFFFFFFFFFFFFB0
:107CE000FFFFFFFFFFFFFFFFFFFFFFFFFFFFFFFFA4
:107CF0009224000049DBFFFFFFFFFFFFFFFFFFFFB4
:107D0000FFFFFFFFFFFFFFFFFFFFFFFFFFFFFFFF83
:107D1000FFFF49000024B6FFFFFFFFFFFFFFFFFF4B
:107D2000FFFFFFFFFFFFFFFFFFFFFFFFFFFFFFFF63
:107D3000FFB624000049FFFFFFFFFFFFFFFFFFFF2B
:107D4000FFFFFFFFFFFFFFFFFFFFFFFFFFFFFFFF43
:107D5000FF6D000024DBFFFFFFFFFFFFFFFFFFFFC2
:107D6000FFFFFFFFFFFFFFFFFFFFFFFFFFFFFFFF23
:107D7000FFFFB624000049FFFFFFFFFFFFFFFFFFEB
:107D8000FFFFFFFFFFFFFFFFFFFFFFFFFFFFFFFF03
:107D9000B6000024B6FFFFFFFFFFFFFFFFFFFFFF5E
:107DA000FFFFFFFFFFFFFFFFFFFFFFFFFFFFFFFFE3
:107DB000FFFFFFB62400006DFFFFFFFFFFFFFFFF87
:107DC000FFFFFFFFFFFFFFFFFFFFFFFFFFFFFFDBE7
:107DD000240024B6FFFFFFFFFFFFFFFFFFFFFFFFB1
:107DE000FFFFFFFFFFFFFFFFFFFFFFFFFFFFFFFFA3
:107DF000FFFFFFFFB6240024B6FFFFFFFFFFFFFFDA
:107E0000FFFFFFFFFFFFFFFFFFFFFFFFFFFFFF6D14
:107E100000006DFFFFFFFFFFFFFFFFFFFFFFFFFF02
:107E2000FFFFFFFFFFFFFFFFFFFFFFFFFFFFFFFF62
:107E3000FFFFFFFFFF92000049DBFFFFFFFFFFFF97
:107E4000FFFFFFFFFFFFFFFFFFFFFFFFFFFFDB2441
:107E50000049FFFFFFFFFFFFFFFFFFFFFFFFFFFFE7
:107E6000FFFFFFFFFFFFFFFFFFFFFFFFFFFFFFFF22
:107E7000FFFFFFFFFFFF6D00006DFFFFFFFFFFFF34
:107E8000FFFFFFFFDB92DBFFFFFFFFFFFFFF49006C
:107E900024B6FFFFFFFFFFFFFFFFFFFFFFFFFFFF16
:107EA000FFFFFFFFFFFFFFFFFFFFFFFFFFFFFFFFE2
:107EB000FFFFFFFFFFFFDB240000DBFFFFFFFFFFF3
:107EC000FFFFFFFF49006DFFFFFFFFFFFFDB00002B
:107ED00049FFFFFFFFFFFFFFFFFFFFFFFFFFFFFF68
:107EE000FFFFFFFFFFFFFFFFFFFFFFFFFFFFFFFFA2
:107EF000FFFFFFFFFFFFFF92000049FFFFFFFFFFB3
:107F0000FFFFFFFF490024DBFFFFFFFFFF490024C5
:107F1000B6FFFFFFFFFFFFFFFFFFFFFFFFFFFFFFBA
:107F2000FFFFFFFFFFFFFFFFFFFFFFFFFFFFFFFF61
:107F3000FFFFFFFFFFFFFFFF490024DBFFFFFFFF05
:107F4000FFFFFFFFB6000092FFFFFFFFDB240049A9
:107F5000FFFFFFFFFFFFFFFFFFFFFFFFFFFFFFFF31
:107F6000FFFFFFFFFFFFFFFFFFFFFFFFFFFFFFFF21
:107F7000FFFFFFFFFFFFFFFF92000092FFFFFFFFE9
:107F8000FFFFFFFFFF240024DBFFFFFF920000B68E
:107F9000FFFFFFFFFFFFFFFFFFFFFFFFFFFFFFFFF1
:107FA000FFFFFFFFFFFFFFFFFFFFFFFFFFFFFFFFE1
:107FB000FFFFFFFFFFFFFFFFFF240024FFFFFFFF86
:107FC000FFFFFFFFFF9200006DFFFFFF490024DB72
:107FD000FFFFFFFF9249DBFFFFFFFFFFFFFFFFFFF8
:107FE000FFFFFFFFFFFFFFFFFFFFFFFFFFFFFFFFA1
:107FF000FFFFFFFFFFFFFFFFFF6D0000B6FFFFFF6A
:10800000FFFFFFFFFFDB240024DBFFDB240049FF31
:10801000FFFFDB6D000092FFFFFFFFFFFFFFFFFF91
:10802000FFFFFFFFFFFFFFFFFFFFFFFFFFFFFFFF60
:10803000FFFFFFFFFFFFFFFFFFDB00006DFFFFFF04
:10804000FFFFFFFFFFFF92000092FF92000092FFF0
:10805000FFDB49240000B6FFFFFFFFFFFFFFFFFF2C
:10806000FFFFFFFFFFFFFFFFFFFFFFFFFFFFFFFF20
:10807000FFFFFFFFFFFFFFFFFFFF240024FFFFFFC5
:10808000FFFFFFFFFFFFDB240024FF6D0000FFFF69
:10809000B64900002492FFFFFFFFFFFFFFFFFFFF35
:1080A000FFFFFFFFFFFFFFFFFFFFFFFFFFFFFFFFE0
:1080B000FFFFFFFFFFFFFFFFFFFF920024DBFFFF3B
:1080C000FFFFFFFFFFFFFF4900006D490024FF9203
:1080D00024000024B6FFFFFFFFFFFFFFFFFFFFFFAD
:1080E000FFFFFFFFFFFFFFFFFFFFFFFFFFFFFFFFA0
:1080F000FFFFFFFFFFFFFFFFFFFFDB2449FFFFFF45
:10810000FFFFFFFFFFFFFFDB240024240049922430
:10811000000049B6FFFFFFFFFFFFFFFFFFFFFFFF6C
:10812000FFFFFFFFFFFFFFFFFFFFFFFFFFFFFFFF5F
:10813000FFFFFFFFFFFFFFFFFFFFFFFFFFFFFFFF4F
:10814000FFFFFFFFFFFFFFFF6D0000000024240082
:10815000006DDBFFFFFFFFFFFFFFFFFFFFFFFFFFE4
:10816000FFFFFFFFFFFFFFFFFFFFFFFFFFFFFFFF1F
:10817000FFFFFFFFFFFFFFFFFFFFFFFFFFFFFFFF0F
:10818000FFFFFFFFFFFFFFFFDB24000000000024D4
:108190006DFFFFFFFFFFFFFFFFFFFFFFFFFFFFFF81
:1081A000FFFFFFFFFFFFFFFFFFFFFFFFFFFFFFFFDF
:1081B000FFFFFFFFFFFFFFFFFFFFFFFFFFFFFFFFCF
:1081C000FFFFFFFFFFFFFFFFFF6D00000000249295
:1081D000FFFFFFFFFFFFFFFFFFFFFFFFFFFFFFFFAF
:1081E000FFFFFFFFFFFFFFFFFFFFFFFFFFFFFFFF9F
:1081F000FFFFFFFFFFFFFFFFFFFFFFFFFFFFFFFF8F
:10820000FFFFFFFFFFFFFFFFFFDB00000024B6FFC3
:10821000FFFFFFFFFFFFFFFFFFFFFFFFFFFFFFFF6E
:10822000FFFFFFFFFFFFFFFFFFFFFFFFFFFFFFFF5E
:10823000FFFFFFFFFFFFFFFFFFFFFFFFFFFFFFFF4E
:10824000FFFFFFFFFFFFFFFFFFFF6D0049DBFFFFA9
:10825000FFFFFFFFFFFFFFFFFFFFFFFFFFFFFFFF2E
:10826000FFFFFFFFFFFFFFFFFFFFFFFFFFFFFFFF1E
:10827000FFFFFFFFFFFFFFFFFFFFFFFFFFFFFFFF0E
:10828000FFFFFFFFFFFFFFFFFFFFFFB6DBFFFFFF6B
:10829000FFFFFFFFFFFFFFFFFFFFFFFFFFFFFFFFEE
:1082A000FFFFFFFFFFFFFFFFFFFFFFFFFFFFFFFFDE
:1082B000FFFFFFFFFFFFFFFFFFFFFFFFFFFFFFFFCE
:1082C000FFFFFFFFFFFFFFFFFFFFFFFFFFFFFFFFBE
:1082D000FFFFFFFFFFFFFFFFFFFFFFFFFFFFFFFFAE
:1082E000FFFFFFFFFFFFFFFFFFFFFFFFFFFFFFFF9E
:1082F000FFFFFFFFFFFFFFFFFFFFFFFFFFFFFFFF8E
:10830000FFFFFFFFFFFFFFFFFFFFFFFFFFFFFFFF7D
:10831000FFFFFFFFFFFFFFFFFFFFFFFFFFFFFFFF6D
:10832000FFFFFFFFFFFFFFFFFFFFFFFFFFFFFFFF5D
:10833000FFFFFFFFFFFFFFFFFFFFFFFFFFFFFFFF4D
:10834000FFFFFFFFFFFFFFFFFFFFFFFFFFFFFFFF3D
:10835000FFFFFFFFFFFFFFFFFFFFFFFFFFFFFFFF2D
:10836000FFFFFFFFFFFFFFFFFFFFFFFFFFFFFFFF1D
:10837000FFFFFFFFFFFFFFFFFFFFFFDBB6FFFFFF7A
:10838000FFFFFFFFFFFFFFFFFFFFFFFFFFFFFFFFFD
:10839000FFFFFFFFFFFFFFFFFFFFFFFFFFFFFFFFED
:1083A000FFFFFFFFFFFFFFFFFFFFFFFFFFFFFFFFDD
:1083B000FFFFFFFFFFFFFFFFFFFFB6490092FFFF38
:1083C000FFFFFFFFFFFFFFFFFFFFFFFFFFFFFFFFBD
:1083D000FFFFFFFFFFFFFFFFFFFFFFFFFFFFFFFFAD
:1083E000FFFFFFFFFFFFFFFFFFFFFFFFFFFFFFFF9D
:1083F000FFFFFFFFFFFFFFFFFF9224000024FFFFAE
:10840000FFFFFFFFFFFFFFFFFFFFFFFFFFFFFFFF7C
:10841000FFFFFFFFFFFFFFFFFFFFFFFFFFFFFFFF6C
:10842000FFFFFFFFFFFFFFFFFFFFFFFFFFFFFFFF5C
:10843000FFFFFFFFFFFFFFFF92240000000092FFFD
:10844000FFFFFFFFFFFFFFFFFFFFFFFFFFFFFFFF3C
:10845000FFFFFFFFFFFFFFFFFFFFFFFFFFFFFFFF2C
:10846000FFFFFFFFFFFFFFFFFFFFFFFFFFFFFFFF1C
:10847000FFFFFFFFFFFFDB6D24000000000049DB72
:10848000FFFFFFFFFFFFFFFFFFFFFFFFFFFFFFFFFC
:10849000FFFFFFFFFFFFFFFFFFFFFFFFFFFFFFFFEC
:1084A000FFFFFFFFFFFFFFFFFFFFFFFFFFFFFFFFDC
:1084B000FFFFFFFFFFB649000024240000000092E8
:1084C000FFFFFFFFFFFFFFFFFFFFFFFFFFFFFFFFBC
:1084D000FFFFFFFFFFFFFFFFFFFFFFFFFFFFFFFFAC
:1084E000FFFFFFFFFFFFFFFFFFFFFFFFFFFFFFFF9C
:1084F000FFFFFFFFB624000024B62400242400243C
:10850000FFFFFFFFFFFFFFFFFFFFDB2449FFFFFF30
:10851000FFFFFFFFFFFFFFFFFFFFFFFFFFFFFFFF6B
:10852000FFFFFFFFFFFFFFFFFFFFFFFFFFFFFFFF5B
:10853000FFFFFF9224000024B6FF00006D490000F9
:1085400092FFFFFFFFFFFFFFFFFFDB0000B6FFFF13
:10855000FFFFFFFFFFFFFFFFFFFFFFFFFFFFFFFF2B
:10856000FFFFFFFFFFFFFFFFFFFFFFFFFFFFFFFF1B
:10857000FFDB6D24000049DBFFB6000092DB240026
:1085800024FFFFFFFFFFFFFFFFFFDB24006DFFFF66
:10859000FFFFFFFFFFFFFFFFFFFFFFFFFFFFFFFFEB
:1085A000FFFFFFFFFFFFFFFFFFFFFFFFFFFFFFFFDB
:1085B000FF6D0000246DDBFFFF6D0024DBFF6D000D
:1085C00000B6FFFFFFFFFFFFFFFFFF490000FFFFB7
:1085D000FFFFFFFFFFFFFFFFFFFFFFFFFFFFFFFFAB
:1085E000FFFFFFFFFFFFFFFFFFFFFFFFFFFFFFFF9B
:1085F000FF49002492FFFFFFFF240024FFFFDB243C
:108600000049FFFFFFFFFFFFFFFFFF6D0000B6FF08
:10861000FFFFFFFFFFFFFFFFFFFFFFFFFFFFFFFF6A
:10862000FFFFFFFFFFFFFFFFFFFFFFFFFFFFFFFF5A
:10863000FFB649B6FFFFFFFFDB24006DFFFFFF49D8
:108640000000B6FFFFFFFFFFFFFFFFDB240049FF35
:10865000FFFFFFFFFFFFFFFFFFFFFFFFFFFFFFFF2A
:10866000FFFFFFFFFFFFFFFFFFFFFFFFFFFFFFFF1A
:10867000FFFFFFFFFFFFFFFF6D0024B6FFFFFFB608
:10868000000049FFFFFFFFFFFFFFFFFF490024B687
:10869000FFFFFFFFFFFFFFFFFFFFFFFFFFFFFFFFEA
:1086A000FFFFFFFFFFFFFFFFFFFFFFFFFFFFFFFFDA
:1086B000FFFFFFFFFFFFFFDB240024FFFFFFFFFFA3
:1086C000490024DBFFFFFFFFFFFFFFFFB600006D47
:1086D000FFFFFFFFFFFFFFFFFFFFFFFFFFFFFFFFAA
:1086E000FFFFFFFFFFFFFFFFFFFFFFFFFFFFFFFF9A
:1086F000FFFFFFFFFFFFFF92000092FFFFFFFFFF62
:10870000B600006DFFFFFFFFFFFFFFFFFF490024E2
:10871000B6FFFFFFFFFFFFFFFFFFFFFFFFFFFFFFB2
:10872000FFFFFFFFFFFFFFFFFFFFFFFFFFFFFFFF59
:10873000FFFFFFFFFFFFFF240000FFFFFFFFFFFF22
:10874000FF49006DFFFFFFFFFFFFFFFFFFB60000C7
:1087500049FFFFFFFFFFFFFFFFFFFFFFFFFFFFFFDF
:10876000FFFFFFFFFFFFFFFFFFFFFFFFFFFFFFFF19
:10877000FFFFFFFFFFFF9200006DFFFFFFFFFFFF06
:10878000FFDB92DBFFFFFFFFFFFFFFFFFFFF490063
:108790000092FFFFFFFFFFFFFFFFFFFFFFFFFFFF55
:1087A000FFFFFFFFFFFFFFFFFFFFFFFFFFFFFFFFD9
:1087B000FFFFFFFFFFDB240024DBFFFFFFFFFFFFC6
:1087C000FFFFFFFFFFFFFFFFFFFFFFFFFFFFDB24B8
:1087D0000000B6FFFFFFFFFFFFFFFFFFFFFFFFFFF0
:1087E000FFFFFFFFFFFFFFFFFFFFFFFFFFFFFFFF99
:1087F000FFFFFFFFFF49000092FFFFFFFFFFFFFFAA
:10880000FFFFFFFFFFFFFFFFFFFFFFFFFFFFFF92E5
:10881000000024DBFFFFFFFFFFFFFFFFFFFFFFFF65
:10882000FFFFFFFFFFFFFFFFFFFFFFFFFFFFFFFF58
:10883000FFFFFFFF92000049FFFFFFFFFFFFFFFF69
:10884000FFFFFFFFFFFFFFFFFFFFFFFFFFFFFFFF38
:108850006D000049DBFFFFFFFFFFFFFFFFFFFFFF92
:10886000FFFFFFFFFFFFFFFFFFFFFFFFFFFFFFFF18
:10887000FFFFFF92240024DBFFFFFFFFFFFFFFFF4E
:10888000FFFFFFFFFFFFFFFFFFFFFFFFFFFFFFFFF8
:10889000DB24000049DBFFFFFFFFFFFFFFFFFFFFBF
:1088A000FFFFFFFFFFFFFFFFFFFFFFFFFFFFFFFFD8
:1088B000FFFFB624002492FFFFFFFFFFFFFFFFFF33
:1088C000FFFFFFFFFFFFFFFFFFFFFFFFFFFFFFFFB8
:1088D000FFDB24000049DBFFFFFFFFFFFFFFFFFF7F
:1088E000FFFFFFFFFFFFFFFFFFFFFFFFFFFFFFFF98
:1088F000FF922400006DFFFFFFFFFFFFFFFFFFFF60
:10890000FFFFFFFFFFFFFFFFFFFFFFFFFFFFFFFF77
:10891000FFFFB624000024B6FFFFFFFFFFFFFFFFAD
:10892000FFFFFFFFFFFFFFFFFFFFFFFFFFFFFFFF57
:10893000922400006DFFFFFFFFFFFFFFFFFFFFFF1F
:10894000FFFFFFFFFFFFFFFFFFFFFFFFFFFFFFFF37
:10895000FFFFFFB6490000246DDBFFFFFFFFFFFFB5
:10896000FFFFFFFFFFFFFFFFFFFFFFFFFFFFB66DF2
:108970000000006DFFFFFFFFFFFFFFFFFFFFFFFF96
:10898000FFFFFFFFFFFFFFFFFFFFFFFFFFFFFFFFF7
:10899000FFFFFFFFDB492400004992DBFFFFFFFFE1
:1089A000FFFFFFFFFFFFFFFFFFFFFFFFDB92240042
:1089B00000246DFFFFFFFFFFFFFFFFFFFFFFFFFF33
:1089C000FFFFFFFFFFFFFFFFFFFFFFFFFFFFFFFFB7
:1089D000FFFFFFFFFFFF6D24000024246DB6FFFFA3
:1089E000FFFFFFFFFFFFFFFFFFFFB66D240000004A
:1089F00024B6FFFFFFFFFFFFFFFFFFFFFFFFFFFFAB
:108A0000FFFFFFFFFFFFFFFFFFFFFFFFFFFFFFFF76
:108A1000FFFFFFFFFFFFFFB6492400000024246D85
:108A200092B6DBDBDBDBB6926D2424000000244928
:108A3000DBFFFFFFFFFFFFFFFFFFFFFFFFFFFFFF6A
:108A4000FFFFFFFFFFFFFFFFFFFFFFFFFFFFFFFF36
:108A5000FFFFFFFFFFFFFFFFFF92492400000024FC
:108A6000242424242424242424000000246DB6FF7C
:108A7000FFFFFFFFFFFFFFFFFFFFFFFFFFFFFFFF06
:108A8000FFFFFFFFFFFFFFFFFFFFFFFFFFFFFFFFF6
:108A9000FFFFFFFFFFFFFFFFFFFFDBB66D24242476
:108AA00024000000000000242424496DB6FFFFFFCD
:108AB000FFFFFFFFFFFFFFFFFFFFFFFFFFFFFFFFC6
:108AC000FFFFFFFFFFFFFFFFFFFFFFFFFFFFFFFFB6
:108AD000FFFFFFFFFFFFFFFFFFFFFFFFFFDBDB925B
:108AE0006D4924242424496D92DBDBFFFFFFFFFF47
:108AF000FFFFFFFFFFFFFFFFFFFFFFFFFFFFFFFF86
:108B0000FFFFFFFFFFDB6D242424242424242424DE
:108B10002424242424242424242424242424242415
:108B200024242424242424242424244992FFFFFFE1
:108B3000FFFFFFFFFFFFFFFFFFFFFFFFFFFFFFFF45
:108B4000FFFFFFFFFF4900000000000000000000E1
:108B50000000000000000000000000000000000015
:108B60000000000000000000000000002492FFFF51
:108B7000FFFFFFFFFFFFFFFFFFFFFFFFFFFFFFFF05
:108B8000FFFFFFFFB60000242424242424242424EF
:108B90002424242424242424242424242424242495
:108BA0002424242424242424242424240024DBFF17
:108BB000FFFFFFFFFFFFFFFFFFFFFFFFFFFFFFFFC5
:108BC000FFFFFFFF490024B6DBDBDBDBDBDBDBDBAE
:108BD000DBDBDBDBDBDBDBDBDBDBDBDBDBDBDBDBE5
:108BE000DBDBDBDBDBDBDBDBDBDBDB6D000092FF1E
:108BF000FFFFFFFFFFFFFFFFFFFFFFFFFFFFFFFF85
:108C0000FFFFFFFF240049FFFFFFFFFFFFFFFFFF04
:108C1000FFFFFFFFFFFFFFFFFFFFFFFFFFFFFFFF64
:108C2000FFFFFFFFFFFFFFFFFFFFFFFF00006DFFE4
:108C3000FFFFFFFFFFFFFFFFFFFFFFFFFFFFFFFF44
:108C4000FFFFFFFF240049FFFFFFFFFFFFFFFFFFC4
:108C5000FFFFFFFFFFFFFFFFFFFFFFFFFFFFFFFF24
:108C6000FFFFFFFFFFFFFFFFFFFFFFFF00006DFFA4
:108C7000FFFFFFFFFFFFFFFFFFFFFFFFFFFFFFFF04
:108C8000FFFFFFFF240049FFFFFFFFFFFFFFFFFF84
:108C9000FFFFFFFFFFFFFFFFFFFFFFFFFFFFFFFFE4
:108CA000FFFFFFFFFFFFFFFFFFFFFFFF00006DFF64
:108CB000FFFFFFFFFFFFFFFFFFFFFFFFFFFFFFFFC4
:108CC000FFFFFFFF240049FFFFFFFFFFFFFFFFFF44
:108CD000FFFFFFFFFFFFFFFFFFFFFFFFFFFFFFFFA4
:108CE000FFFFFFFFFFFFFFFFFFFFFFFF00006DFF24
:108CF000FFFFFFFFFFFFFFFFFFFFFFFFFFFFFFFF84
:108D0000FFFFFFFF240049FFFFFFFFFFFFFFFFFF03
:108D1000FFFFFFFFFFFFFFFFFFFFFFFFFFFFFFFF63
:108D2000FFFFFFFFFFFFFFFFFFFFFFFF00006DFFE3
:108D3000FFFFFFFFFFFFFFFFFFFFFFFFFFFFFFFF43
:108D4000FFFFFFFF240049FFFFFFFFFFFFFFFFFFC3
:108D5000FFFFFFFFFFFFFFFFFFFFFFFFFFFFFFFF23
:108D6000FFFFFFFFFFFFFFFFFFFFFFFF00006DFFA3
:108D7000FFFFFFFFFFFFFFFFFFFFFFFFFFFFFFFF03
:108D8000FFFFFFFF240049FFFFFFFFFFFFFFFFFF83
:108D9000FFFFFFFFFFFFFFFFFFFFFFFFFFFFFFFFE3
:108DA000FFFFFFFFFFFFFFFFFFFFFFFF00006DFF63
:108DB000FFFFFFFFFFFFFFFFFFFFFFFFFFFFFFFFC3
:108DC000FFFFFFFF240049FFFFFFFFFFFFFFFFFF43
:108DD000FFFFFFFFFFFFFFFFFFFFFFFFFFFFFFFFA3
:108DE000FFFFFFFFFFFFFFFFFFFFFFFF00006DFF23
:108DF000FFFFFFFFFFFFFFFFFFFFFFFFFFFFFFFF83
:108E0000FFFFFFFF240049FFFFFFFFFFFFFFFFFF02
:108E1000FFFFFFFFFFFFFFFFFFFFFFFFFFFFFFFF62
:108E2000FFFFFFFFFFFFFFFFFFFFFFFF000049DB2A
:108E3000DBDBDBDBDBDBFFFFFFFFFFFFFFFFFFFF1A
:108E4000FFFFFFFF240049FFFFFFFFFFFFFFFFFFC2
:108E5000FFFFFFFFFFFFFFFFFFFFFFFFFFFFFFFF22
:108E6000FFFFFFFFFFFFFFFFFFFFFFFF00000024EA
:108E7000242424242424496D92DBFFFFFFFFFFFFFD
:108E8000FFFFFFFF240049FFFFFFFFFFFFFFFFFF82
:108E9000FFFFFFFFFFFFFFFFFFFFFFFFFFFFFFFFE2
:108EA000FFFFFFFFFFFFFFFFFFFFFFFF00000000CE
:108EB0000000000000000000244992DBFFFFFFFFDC
:108EC000FFFFFFFF240049FFFFFFFFFFFFFFFFFF42
:108ED000FFFFFFFFFFFFFFFFFFFFFFFFFFFFFFFFA2
:108EE000FFFFFFFFFFFFFFFFFFFFFFFF000000246A
:108EF000242424242424240000000049B6FFFFFF7A
:108F0000FFFFFFFF240049FFFFFFFFFFFFFFFFFF01
:108F1000FFFFFFFFFFFFFFFFFFFFFFFFFFFFFFFF61
:108F2000FFFFFFFFFFFFFFFFFFFFFFFF000049FF05
:108F3000FFFFFFFFFFDBB66D2424000024B6FFFF18
:108F4000FFFFFFFF240049FFFFFFFFFFFFFFFFFFC1
:108F5000FFFFFFFFFFFFFFFFFFFFFFFFFFFFFFFF21
:108F6000FFFFFFFFFFFFFFFFFFFFFFFF00006DFFA1
:108F7000FFFFFFFFFFFFFFFFDB924900002492FF8E
:108F8000FFFFFFFF240049FFFFFFFFFFFFFFFFFF81
:108F9000FFFFFFFFFFFFFFFFFFFFFFFFFFFFFFFFE1
:108FA000FFFFFFFFFFFFFFFFFFFFFFFF00006DFF61
:108FB000FFFFFFFFFFFFFFFFFFFFDB6D240024B675
:108FC000FFFFFFFF240049FFFFFFFFFFFFFFFFFF41
:108FD000FFFFFFFFFFFFFFFFFFFFFFFFFFFFFFFFA1
:108FE000FFFFFFFFFFFFFFFFFFFFFFFF00006DFF21
:108FF000FFFFFFFFFFFFFFFFFFFFFFFF6D000024EC
:10900000DBFFFFFF240049FFFFFFFFFFFFFFFFFF24
:10901000FFFFFFFFFFFFFFFFFFFFFFFFFFFFFFFF60
:10902000FFFFFFFFFFFFFFFFFFFFFFFF00006DFFE0
:10903000FFFFFFFFFFFFFFFFFFFFFFFFFF490000F4
:1090400049FFFFFF240049FFFFFFFFFFFFFFFFFF76
:10905000FFFFFFFFFFFFFFFFFFFFFFFFFFFFFFFF20
:10906000FFFFFFFFFFFFFFFFFFFFFFFF00006DFFA0
:10907000FFFFFFFFFFFFFFFFFFFFFFFFFFDB4900D9
:1090800000B6FFFF240049FFFFFFFFFFFFFFFFFFC8
:10909000FFFFFFFFFFFFFFFFFFFFFFFFFFFFFFFFE0
:1090A000FFFFFFFFFFFFFFFFFFFFFFFF00006DFF60
:1090B000FFFFFFFFFFFFFFFFFFFFFFFFFFFFB624E4
:1090C0000049FFFF240049FFFFFFFFFFFFFFFFFFF5
:1090D000FFFFFFFFFFFFFFFFFFFFFFFFFFFFFFFFA0
:1090E000FFFFFFFFFFFFFFFFFFFFFFFF00006DFF20
:1090F000FFFFFFFFFFFFFFFFFFFFFFFFFFFFFF4936
:109100000000B6FF240049FFFFFFFFFFFFFFFFFF46
:10911000FFFFFFFFFFFFFFFFFFFFFFFFFFFFFFFF5F
:10912000FFFFFFFFFFFFFFFFFFFFFFFF00006DFFDF
:10913000FFFFFFFFFFFFFFFFFFFFFFFFFFFFFFB688
:1091400000006DFF240049FFFFFFFFFFFFFFFFFF4F
:10915000FFFFFFFFFFFFFFFFFFFFFFFFFFFFFFFF1F
:10916000FFFFFFFFFFFFFFFFFFFFFFFF00006DFF9F
:10917000FFFFFFFFFFFFFFFFFFFFFFFFFFFFFFFFFF
:10918000490024DB240049FFFFFFFFFFFFFFFFFF33
:10919000FFFFFFFFFFFFFFFFFFFFFFFFFFFFFFFFDF
:1091A000FFFFFFFFFFFFFFFFFFFFFFFF00006DFF5F
:1091B000FFFFFFFFFFFFFFFFFFFFFFFFFFFFFFFFBF
:1091C000B60000DB240049FFFFFFFFFFFFFFFFFFAA
:1091D000FFFFFFFFFFFFFFFFFFFFFFB649496DFFE6
:1091E000FFFFFFFFFFFFFFFFFFFFFFFF00006DFF1F
:1091F000FFFFFFFFFFFFFFFFFFFFFFFFFFFFFFFF7F
:10920000DB000092240049FFFFFFFFFFFFFFFFFF8D
:10921000FFFFFFFFFFFFFFFFFFFFB6240000004935
:10922000DBFFFFFFFFFFFFFFFFFFFFFF00006DFF02
:10923000FFFFFFFFFFFFFFFFFFFFFFFFFFFFFFFF3E
:10924000DB24006D240049FFFFFFFFFFFFFFFFFF4E
:10925000FFFFFFFFFFFFFFFFFFDB24000000000018
:109260006DFFFFFFFFFFFFFFFFFFFFFF00006DFF30
:10927000FFFFFFFFFFFFFFFFFFFFFFFFFFFFFFFFFE
:10928000FF490049240049FFFFFFFFFFFFFFFFFFE9
:10929000FFDB926D6D6D6D6D924900004992240067
:1092A00024DBFFFFFFFFFFFFFFFFFFFF00006DFF5D
:1092B000FFFFFFFFFFFFFFFFFFFFFFFFFFFFFFFFBE
:1092C000FF490024240049FFFFFFFFFFFFFFFFFFCE
:1092D000FF6D00000000000000000000FFFFB6006E
:1092E00000DBFFFFFFFFFFFFFFFFFFFF00006DFF41
:1092F000FFFFFFFFFFFFFFFFFFFFFFFFFFFFFFFF7E
:10930000FF490024240049FFFFFFFFFFFFFFFFFF8D
:10931000FF6D00000000000000000000DBFFB60051
:1093200000DBFFFFFFFFFFFFFFFFFFFF00006DFF00
:10933000FFFFFFFFFFFFFFFFFFFFFFFFFFFFFFFF3D
:10934000FF490024240049FFFFFFFFFFFFFFFFFF4D
:10935000FFDB926D6D6D6D6D6D49000049922400CB
:1093600024DBFFFFFFFFFFFFFFFFFFFF00006DFF9C
:10937000FFFFFFFFFFFFFFFFFFFFFFFFFFFFFFFFFD
:10938000FF490024240049FFFFFFFFFFFFFFFFFF0D
:10939000FFFFFFFFFFFFFFFFFFDB240000000000D7
:1093A0006DFFFFFFFFFFFFFFFFFFFFFF00006DFFEF
:1093B000FFFFFFFFFFFFFFFFFFFFFFFFFFFFFFFFBD
:1093C000FF490049240049FFFFFFFFFFFFFFFFFFA8
:1093D000FFFFFFFFFFFFFFFFFFFFB6240000004974
:1093E000DBFFFFFFFFFFFFFFFFFFFFFF00006DFF41
:1093F000FFFFFFFFFFFFFFFFFFFFFFFFFFFFFFFF7D
:10940000DB24006D240049FFFFFFFFFFFFFFFFFF8C
:10941000FFFFFFFFFFFFFFFFFFFFFFB649496DDBC7
:10942000FFFFFFFFFFFFFFFFFFFFFFFF00006DFFDC
:10943000FFFFFFFFFFFFFFFFFFFFFFFFFFFFFFFF3C
:10944000DB000092240049FFFFFFFFFFFFFFFFFF4B
:10945000FFFFFFFFFFFFFFFFFFFFFFFFFFFFFFFF1C
:10946000FFFFFFFFFFFFFFFFFFFFFFFF00006DFF9C
:10947000FFFFFFFFFFFFFFFFFFFFFFFFFFFFFFFFFC
:10948000B60000DB240049FFFFFFFFFFFFFFFFFFE7
:10949000FFFFFFFFFFFFFFFFFFFFFFFFFFFFFFFFDC
:1094A000FFFFFFFFFFFFFFFFFFFFFFFF00006DFF5C
:1094B000FFFFFFFFFFFFFFFFFFFFFFFFFFFFFFFFBC
:1094C000490024DB240049FFFFFFFFFFFFFFFFFFF0
:1094D000FFFFFFFFFFFFFFFFFFFFFFFFFFFFFFFF9C
:1094E000FFFFFFFFFFFFFFFFFFFFFFFF00006DFF1C
:1094F000FFFFFFFFFFFFFFFFFFFFFFFFFFFFFFB6C5
:1095000000006DFF240049FFFFFFFFFFFFFFFFFF8B
:10951000FFFFFFFFFFFFFFFFFFFFFFFFFFFFFFFF5B
:10952000FFFFFFFFFFFFFFFFFFFFFFFF00006DFFDB
:10953000FFFFFFFFFFFFFFFFFFFFFFFFFFFFFF49F1
:109540000000B6FF240049FFFFFFFFFFFFFFFFFF02
:10955000FFFFFFFFFFFFFFFFFFFFFFFFFFFFFFFF1B
:10956000FFFFFFFFFFFFFFFFFFFFFFFF00006DFF9B
:10957000FFFFFFFFFFFFFFFFFFFFFFFFFFFFB6241F
:109580000049FFFF240049FFFFFFFFFFFFFFFFFF30
:10959000FFFFFFFFFFFFFFFFFFFFFFFFFFFFFFFFDB
:1095A000FFFFFFFFFFFFFFFFFFFFFFFF00006DFF5B
:1095B000FFFFFFFFFFFFFFFFFFFFFFFFFFDB490094
:1095C00000B6FFFF240049FFFFFFFFFFFFFFFFFF83
:1095D000FFFFFFFFFFFFFFFFFFFFFFFFFFFFFFFF9B
:1095E000FFFFFFFFFFFFFFFFFFFFFFFF00006DFF1B
:1095F000FFFFFFFFFFFFFFFFFFFFFFFFFF4900002F
:1096000049FFFFFF240049FFFFFFFFFFFFFFFFFFB0
:10961000FFFFFFFFFFFFFFFFFFFFFFFFFFFFFFFF5A
:10962000FFFFFFFFFFFFFFFFFFFFFFFF00006DFFDA
:10963000FFFFFFFFFFFFFFFFFFFFFFFF6D000024A5
:10964000DBFFFFFF240049FFFFFFFFFFFFFFFFFFDE
:10965000FFFFFFFFFFFFFFFFFFFFFFFFFFFFFFFF1A
:10966000FFFFFFFFFFFFFFFFFFFFFFFF00006DFF9A
:10967000FFFFFFFFFFFFFFFFFFFFDB6D240024B6AE
:10968000FFFFFFFF240049FFFFFFFFFFFFFFFFFF7A
:10969000FFFFFFFFFFFFFFFFFFFFFFFFFFFFFFFFDA
:1096A000FFFFFFFFFFFFFFFFFFFFFFFF00006DFF5A
:1096B000FFFFFFFFFFFFFFFFDB924900002492FF47
:1096C000FFFFFFFF240049FFFFFFFFFFFFFFFFFF3A
:1096D000FFFFFFFFFFFFFFFFFFFFFFFFFFFFFFFF9A
:1096E000FFFFFFFFFFFFFFFFFFFFFFFF000049FF3E
:1096F000FFFFFFFFFFDBB66D2424000024B6FFFF51
:10970000FFFFFFFF240049FFFFFFFFFFFFFFFFFFF9
:10971000FFFFFFFFFFFFFFFFFFFFFFFFFFFFFFFF59
:10972000FFFFFFFFFFFFFFFFFFFFFFFF0000002421
:10973000242424242424240000000049B6FFFFFF31
:10974000FFFFFFFF240049FFFFFFFFFFFFFFFFFFB9
:10975000FFFFFFFFFFFFFFFFFFFFFFFFFFFFFFFF19
:10976000FFFFFFFFFFFFFFFFFFFFFFFF0000000005
:109770000000000000000000244992DBFFFFFFFF13
:10978000FFFFFFFF240049FFFFFFFFFFFFFFFFFF79
:10979000FFFFFFFFFFFFFFFFFFFFFFFFFFFFFFFFD9
:1097A000FFFFFFFFFFFFFFFFFFFFFFFF00000024A1
:1097B000242424242424496D92DBFFFFFFFFFFFFB4
:1097C000FFFFFFFF240049FFFFFFFFFFFFFFFFFF39
:1097D000FFFFFFFFFFFFFFFFFFFFFFFFFFFFFFFF99
:1097E000FFFFFFFFFFFFFFFFFFFFFFFF000049DB61
:1097F000DBDBDBDBDBDBFFFFFFFFFFFFFFFFFFFF51
:10980000FFFFFFFF240049FFFFFFFFFFFFFFFFFFF8
:10981000FFFFFFFFFFFFFFFFFFFFFFFFFFFFFFFF58
:10982000FFFFFFFFFFFFFFFFFFFFFFFF00006DFFD8
:10983000FFFFFFFFFFFFFFFFFFFFFFFFFFFFFFFF38
:10984000FFFFFFFF240049FFFFFFFFFFFFFFFFFFB8
:10985000FFFFFFFFFFFFFFFFFFFFFFFFFFFFFFFF18
:10986000FFFFFFFFFFFFFFFFFFFFFFFF00006DFF98
:10987000FFFFFFFFFFFFFFFFFFFFFFFFFFFFFFFFF8
:10988000FFFFFFFF240049FFFFFFFFFFFFFFFFFF78
:10989000FFFFFFFFFFFFFFFFFFFFFFFFFFFFFFFFD8
:1098A000FFFFFFFFFFFFFFFFFFFFFFFF00006DFF58
:1098B000FFFFFFFFFFFFFFFFFFFFFFFFFFFFFFFFB8
:1098C000FFFFFFFF240049FFFFFFFFFFFFFFFFFF38
:1098D000FFFFFFFFFFFFFFFFFFFFFFFFFFFFFFFF98
:1098E000FFFFFFFFFFFFFFFFFFFFFFFF00006DFF18
:1098F000FFFFFFFFFFFFFFFFFFFFFFFFFFFFFFFF78
:10990000FFFFFFFF240049FFFFFFFFFFFFFFFFFFF7
:10991000FFFFFFFFFFFFFFFFFFFFFFFFFFFFFFFF57
:10992000FFFFFFFFFFFFFFFFFFFFFFFF00006DFFD7
:10993000FFFFFFFFFFFFFFFFFFFFFFFFFFFFFFFF37
:10994000FFFFFFFF240049FFFFFFFFFFFFFFFFFFB7
:10995000FFFFFFFFFFFFFFFFFFFFFFFFFFFFFFFF17
:10996000FFFFFFFFFFFFFFFFFFFFFFFF00006DFF97
:10997000FFFFFFFFFFFFFFFFFFFFFFFFFFFFFFFFF7
:10998000FFFFFFFF240049FFFFFFFFFFFFFFFFFF77
:10999000FFFFFFFFFFFFFFFFFFFFFFFFFFFFFFFFD7
:1099A000FFFFFFFFFFFFFFFFFFFFFFFF00006DFF57
:1099B000FFFFFFFFFFFFFFFFFFFFFFFFFFFFFFFFB7
:1099C000FFFFFFFF240049FFFFFFFFFFFFFFFFFF37
:1099D000FFFFFFFFFFFFFFFFFFFFFFFFFFFFFFFF97
:1099E000FFFFFFFFFFFFFFFFFFFFFFFF00006DFF17
:1099F000FFFFFFFFFFFFFFFFFFFFFFFFFFFFFFFF77
:109A0000FFFFFFFF490024B6DBDBDBDBDBDBDBDB5F
:109A1000DBDBDBDBDBDBDBDBDBDBDBDBDBDBDBDB96
:109A2000DBDBDBDBDBDBDBDBDBDBDB6D000092FFCF
:109A3000FFFFFFFFFFFFFFFFFFFFFFFFFFFFFFFF36
:109A4000FFFFFFFFB6000024242424242424242420
:109A500024242424242424242424242424242424C6
:109A60002424242424242424242424240024DBFF48
:109A7000FFFFFFFFFFFFFFFFFFFFFFFFFFFFFFFFF6
:109A8000FFFFFFFFFF490000000000000000000092
:109A900000000000000000000000000000000000C6
:109AA0000000000000000000000000002492FFFF02
:109AB000FFFFFFFFFFFFFFFFFFFFFFFFFFFFFFFFB6
:109AC000FFFFFFFFFFDB6D2424242424242424240F
:109AD0002424242424242424242424242424242446
:109AE00024242424242424242424244992FFFFFF12
:109AF000FFFFFFFFFFFFFFFFFFFFFFFFFFFFFFFF76
:109B0000FFFFFFFFFFFF9224242424242424242485
:109B10002424242424242424242424242424242405
:109B2000242424242424242424242449B6FFFFFFAD
:109B3000FFFFFFFFFFFFFFFFFFFFFFFFFFFFFFFF35
:109B4000FFFFFFFFFF4900000000000000000000D1
:109B50000000000000000000000000000000000005
:109B60000000000000000000000000002492FFFF41
:109B7000FFFFFFFFFFFFFFFFFFFFFFFFFFFFFFFFF5
:109B8000FFFFFFFFB60000242424242424242424DF
:109B90002424242424242424242424242424242485
:109BA0002424242424242424242424240024DBFF07
:109BB000FFFFFFFFFFFFFFFFFFFFFFFFFFFFFFFFB5
:109BC000FFFFFFFF6D0024B6DBDBDBDBDBDBDBDB7A
:109BD000DBDBDBDBDBDBDBDBDBDBDBDBDBDBDBDBD5
:109BE000DBDBDBDBDBDBDBDBDBDBDB6D000092FF0E
:109BF000FFFFFFFFFFFFFFFFFFFFFFFFFFFFFFFF75
:109C0000FFFFFFFF240049FFFFFFFFFFFFFFFFFFF4
:109C1000FFFFFFFFFFFFFFFFFFFFFFFFFFFFFFFF54
:109C2000FFFFFFFFFFFFFFFFFFFFFFFF00006DFFD4
:109C3000FFFFFFFFFFFFFFFFFFFFFFFFFFFFFFFF34
:109C4000FFFFFFFF240049FFFFFFFFFFFFFFFFFFB4
:109C5000FFFFFFFFFFFFFFFFFFFFFFFFFFFFFFFF14
:109C6000FFFFFFFFFFFFFFFFFFFFFFFF00006DFF94
:109C7000FFFFFFFFFFFFFFFFFFFFFFFFFFFFFFFFF4
:109C8000FFFFFFFF240049FFFFFFFFFFFFFFFFFF74
:109C9000FFFFFFFFFFFFFFFFFFFFFFFFFFFFFFFFD4
:109CA000FFFFFFFFFFFFFFFFFFFFFFFF00006DFF54
:109CB000FFFFFFFFFFFFFFFFFFFFFFFFFFFFFFFFB4
:109CC000FFFFFFFF240049FFFFFFFFFFFFFFFFFF34
:109CD000FFFFFFFFFFFFFFFFFFFFFFFFFFFFFFFF94
:109CE000FFFFFFFFFFFFFFFFFFFFFFFF00006DFF14
:109CF000FFFFFFFFFFFFFFFFFFFFFFFFFFFFFFFF74
:109D0000FFFFFFFF240049FFFFFFFFFFFFFFFFFFF3
:109D1000FFFFFFFFFFFFFFFFFFFFFFFFFFFFFFFF53
:109D2000FFFFFFFFFFFFFFFFFFFFFFFF00006DFFD3
:109D3000FFFFFFFFFFFFFFFFFFFFFFFFFFFFFFFF33
:109D4000FFFFFFFF240049FFFFFFFFFFFFFFFFFFB3
:109D5000FFFFFFFFFFFFFFFFFFFFFFFFFFFFFFFF13
:109D6000FFFFFFFFFFFFFFFFFFFFFFFF00006DFF93
:109D7000FFFFFFFFFFFFFFFFFFFFFFFFFFFFFFFFF3
:109D8000FFFFFFFF240049FFFFFFFFFFFFFFFFFF73
:109D9000FFFFFFFFFFFFFFFFFFFFFFFFFFFFFFFFD3
:109DA000FFFFFFFFFFFFFFFFFFFFFFFF00006DFF53
:109DB000FFFFFFFFFFFFFFFFFFFFFFFFFFFFFFFFB3
:109DC000FFFFFFFF240049FFFFFFFFFFFFFFFFFF33
:109DD000FFFFFFFFFFFFFFFFFFFFFFFFFFFFFFFF93
:109DE000FFFFFFFFFFFFFFFFFFFFFFFF00006DFF13
:109DF000FFFFFFFFFFFFFFFFFFFFFFFFFFFFFFFF73
:109E0000FFFFFFFF240049FFFFFFFFFFFFFFFFFFF2
:109E1000FFFFFFFFFFFFFFFFFFFFFFFFFFFFFFFF52
:109E2000FFFFFFFFFFFFFFFFFFFFFFFF00006DFFD2
:109E3000FFDBDBDBDBDBFFFFFFFFFFFFFFFFFFFFE6
:109E4000FFFFFFFF240049FFFFFFFFFFFFFFFFFFB2
:109E5000FFFFFFFFFFFFFFFFFFFFFFFFFFFFFFFF12
:109E6000FFFFFFFFFFFFFFFFFFFFFFFF0000499223
:109E70006D4924242424496DB6FFFFFFFFFFFFFF37
:109E8000FFFFFFFF240049FFFFFFFFFFFFFFFFFF72
:109E9000FFFFFFFFFFFFFFFFFFFFFFFFFFFFFFFFD2
:109EA000FFFFFFFFFFFFFFFFFFFFFFFF00000000BE
:109EB00000000000000000002449B6FFFFFFFFFF84
:109EC000FFFFFFFF240049FFFFFFFFFFFFFFFFFF32
:109ED000FFFFFFFFFFFFFFFFFFFFFFFFFFFFFFFF92
:109EE000FFFFFFFFFFFFFFFFFFFFFFFF000000007E
:109EF00024242424242424000000246DDBFFFFFFFD
:109F0000FFFFFFFF240049FFFFFFFFFFFFFFFFFFF1
:109F1000FFFFFFFFFFFFFFFFFFFFFFFFFFFFFFFF51
:109F2000FFFFFFFFFFFFFFFFFFFFFFDB00002449F4
:109F300092B6DBFFFFDB92492400000049DBFFFF04
:109F4000FFFFFFFF240049FFFFFFFFFFFFFFFFFFB1
:109F5000FFFFFFFFFFFFFFFFFFFFFFFFFFFFFFFF11
:109F6000FFFFFFFFFFFFFFFFFFFFFFFF000049FFB5
:109F7000FFFFFFFFFFFFFFFFDB6D24000049DBFF5A
:109F8000FFFFFFFF240049FFFFFFFFFFFFFFFFFF71
:109F9000FFFFFFFFFFFFFFFFFFFFFFFFFFFFFFFFD1
:109FA000FFFFFFFFFFFFFFFFFFFFFFFF00006DFF51
:109FB000FFFFFFFFFFFFFFFFFFFFB649000049DB88
:109FC000FFFFFFFF240049FFFFFFFFFFFFFFFFFF31
:109FD000FFFFFFFFFFFFFFFFFFFFFFFFFFFFFFFF91
:109FE000FFFFFFFFFFFFFFFFFFFFFFFF00006DFF11
:109FF000FFFFFFFFFFFFFFFFFFFFFFDB2400006D00
:10A00000FFFFFFFF240049FFFFFFFFFFFFFFFFFFF0
:10A01000FFFFFFFFFFFFFFFFFFFFFFFFFFFFFFFF50
:10A02000FFFFFFFFFFFFFFFFFFFFFFFF00006DFFD0
:10A03000FFFFFFFFFFFFFFFFFFFFFFFFDB2400002D
:10A0400092FFFFFF240049FFFFFFFFFFFFFFFFFF1D
:10A05000FFFFFFFFFFFFFFFFFFFFFFFFFFFFFFFF10
:10A06000FFFFFFFFFFFFFFFFFFFFFFFF00006DFF90
:10A07000FFFFFFFFFFFFFFFFFFFFFFFFFFB6240013
:10A0800024FFFFFF240049FFFFFFFFFFFFFFFFFF4B
:10A09000FFFFFFFFFFFFFFFFFFFFFFFFFFFFFFFFD0
:10A0A000FFFFFFFFFFFFFFFFFFFFFFFF00006DFF50
:10A0B000FFFFFFFFFFFFFFFFFFFFFFFFFFFF6D0041
:10A0C0000092FFFF240049FFFFFFFFFFFFFFFFFF9C
:10A0D000FFFFFFFFFFFFFFFFFFFFFFFFFFFFFFFF90
:10A0E000FFFFFFFFFFFFFFFFFFFFFFFF00006DFF10
:10A0F000FFFFFFFFFFFFFFFFFFFFFFFFFFFFDB246F
:10A100000049FFFF240049FFFFFFFFFFFFFFFFFFA4
:10A11000FFFFFFFFFFFFFFFFFFFFFFFFFFFFFFFF4F
:10A12000FFFFFFFFFFFFFFFFFFFFFFFF00006DFFCF
:10A13000FFFFFFFFFFFFFFFFFFFFFFFFFFFFFF6DC1
:10A140000000B6FF240049FFFFFFFFFFFFFFFFFFF6
:10A15000FFFFFFFFFFFFFFFFFFFFFFFFFFFFFFFF0F
:10A16000FFFFFFFFFFFFFFFFFFFFFFFF00006DFF8F
:10A17000FFFFFFFFFFFFFFFFFFFFFFFFFFFFFFB638
:10A1800000006DFF240049FFFFFFFFFFFFFFFFFFFF
:10A19000FFFFFFFFFFFFFFFFFFFFFFFFFFFFFFFFCF
:10A1A000FFFFFFFFFFFFFFFFFFFFFFFF00006DFF4F
:10A1B000FFFFFFFFFFFFFFFFFFFFFFFFFFFFFFFFAF
:10A1C000240049FF240049FFFFFFFFFFFFFFFFFFBF
:10A1D000FFFFFFFFFFFFFFFFFFFFFFB6494992FFB1
:10A1E000FFFFFFFFFFFFFFFFFFFFFFFF00006DFF0F
:10A1F000FFFFFFFFFFFFFFFFFFFFFFFFFFFFFFFF6F
:10A20000920024DB240049FFFFFFFFFFFFFFFFFF59
:10A21000FFFFFFFFFFFFFFFFFFFF92240000004949
:10A22000FFFFFFFFFFFFFFFFFFFFFFFF00006DFFCE
:10A23000FFFFFFFFFFFFFFFFFFFFFFFFFFFFFFFF2E
:10A24000B60000DB240049FFFFFFFFFFFFFFFFFF19
:10A25000FFFFFFFFFFFFFFFFFFDB24000000000008
:10A2600092FFFFFFFFFFFFFFFFFFFFFF00006DFFFB
:10A27000FFFFFFFFFFFFFFFFFFFFFFFFFFFFFFFFEE
:10A28000DB0000B6240049FFFFFFFFFFFFFFFFFFD9
:10A29000FFDB926D6D6D6D6D924900006D92240033
:10A2A00049FFFFFFFFFFFFFFFFFFFFFF00006DFF04
:10A2B000FFFFFFFFFFFFFFFFFFFFFFFFFFFFFFFFAE
:10A2C000DB240092240049FFFFFFFFFFFFFFFFFF99
:10A2D000FF6D00000000000000000000FFFF920082
:10A2E00024DBFFFFFFFFFFFFFFFFFFFF00006DFF0D
:10A2F000FFFFFFFFFFFFFFFFFFFFFFFFFFFFFFFF6E
:10A30000DB240092240049FFFFFFFFFFFFFFFFFF58
:10A31000FF6D00000000000000000000FFFF920041
:10A3200024DBFFFFFFFFFFFFFFFFFFFF00006DFFCC
:10A33000FFFFFFFFFFFFFFFFFFFFFFFFFFFFFFFF2D
:10A34000DB240092240049FFFFFFFFFFFFFFFFFF18
:10A35000FFDB926D6D6D6D6D6D4900006D92240097
:10A3600049FFFFFFFFFFFFFFFFFFFFFF00006DFF43
:10A37000FFFFFFFFFFFFFFFFFFFFFFFFFFFFFFFFED
:10A38000DB240092240049FFFFFFFFFFFFFFFFFFD8
:10A39000FFFFFFFFFFFFFFFFFFDB240000000000C7
:10A3A00092FFFFFFFFFFFFFFFFFFFFFF00006DFFBA
:10A3B000FFFFFFFFFFFFFFFFFFFFFFFFFFFFFFFFAD
:10A3C000DB0000B6240049FFFFFFFFFFFFFFFFFF98
:10A3D000FFFFFFFFFFFFFFFFFFFF92240000004988
:10A3E000FFFFFFFFFFFFFFFFFFFFFFFF00006DFF0D
:10A3F000FFFFFFFFFFFFFFFFFFFFFFFFFFFFFFFF6D
:10A40000B60000DB240049FFFFFFFFFFFFFFFFFF57
:10A41000FFFFFFFFFFFFFFFFFFFFFFB6494992FF6E
:10A42000FFFFFFFFFFFFFFFFFFFFFFFF00006DFFCC
:10A43000FFFFFFFFFFFFFFFFFFFFFFFFFFFFFFFF2C
:10A44000920024DB240049FFFFFFFFFFFFFFFFFF17
:10A45000FFFFFFFFFFFFFFFFFFFFFFFFFFFFFFFF0C
:10A46000FFFFFFFFFFFFFFFFFFFFFFFF00006DFF8C
:10A47000FFFFFFFFFFFFFFFFFFFFFFFFFFFFFFFFEC
:10A48000240049FF240049FFFFFFFFFFFFFFFFFFFC
:10A49000FFFFFFFFFFFFFFFFFFFFFFFFFFFFFFFFCC
:10A4A000FFFFFFFFFFFFFFFFFFFFFFFF00006DFF4C
:10A4B000FFFFFFFFFFFFFFFFFFFFFFFFFFFFFFDBD0
:10A4C00000006DFF240049FFFFFFFFFFFFFFFFFFBC
:10A4D000FFFFFFFFFFFFFFFFFFFFFFFFFFFFFFFF8C
:10A4E000FFFFFFFFFFFFFFFFFFFFFFFF00006DFF0C
:10A4F000FFFFFFFFFFFFFFFFFFFFFFFFFFFFFF6DFE
:10A500000000B6FF240049FFFFFFFFFFFFFFFFFF32
:10A51000FFFFFFFFFFFFFFFFFFFFFFFFFFFFFFFF4B
:10A52000FFFFFFFFFFFFFFFFFFFFFFFF00006DFFCB
:10A53000FFFFFFFFFFFFFFFFFFFFFFFFFFFFDB242A
:10A540000049FFFF240049FFFFFFFFFFFFFFFFFF60
:10A55000FFFFFFFFFFFFFFFFFFFFFFFFFFFFFFFF0B
:10A56000FFFFFFFFFFFFFFFFFFFFFFFF00006DFF8B
:10A57000FFFFFFFFFFFFFFFFFFFFFFFFFFFF6D007C
:10A580000092FFFF240049FFFFFFFFFFFFFFFFFFD7
:10A59000FFFFFFFFFFFFFFFFFFFFFFFFFFFFFFFFCB
:10A5A000FFFFFFFFFFFFFFFFFFFFFFFF00006DFF4B
:10A5B000FFFFFFFFFFFFFFFFFFFFFFFFFFB62400CE
:10A5C00024FFFFFF240049FFFFFFFFFFFFFFFFFF06
:10A5D000FFFFFFFFFFFFFFFFFFFFFFFFFFFFFFFF8B
:10A5E000FFFFFFFFFFFFFFFFFFFFFFFF00006DFF0B
:10A5F000FFFFFFFFFFFFFFFFFFFFFFFFDB24000068
:10A6000092FFFFFF240049FFFFFFFFFFFFFFFFFF57
:10A61000FFFFFFFFFFFFFFFFFFFFFFFFFFFFFFFF4A
:10A62000FFFFFFFFFFFFFFFFFFFFFFFF00006DFFCA
:10A63000FFFFFFFFFFFFFFFFFFFFFFDB49000049B8
:10A64000FFFFFFFF240049FFFFFFFFFFFFFFFFFFAA
:10A65000FFFFFFFFFFFFFFFFFFFFFFFFFFFFFFFF0A
:10A66000FFFFFFFFFFFFFFFFFFFFFFFF00006DFF8A
:10A67000FFFFFFFFFFFFFFFFFFFFB649000049DBC1
:10A68000FFFFFFFF240049FFFFFFFFFFFFFFFFFF6A
:10A69000FFFFFFFFFFFFFFFFFFFFFFFFFFFFFFFFCA
:10A6A000FFFFFFFFFFFFFFFFFFFFFFFF00006DFF4A
:10A6B000FFFFFFFFFFFFFFFFDB6D24000049DBFF13
:10A6C000FFFFFFFF240049FFFFFFFFFFFFFFFFFF2A
:10A6D000FFFFFFFFFFFFFFFFFFFFFFFFFFFFFFFF8A
:10A6E000FFFFFFFFFFFFFFFFFFFFFFFF00006DFF0A
:10A6F000FFFFFFFFFFFFDB6D2400000024DBFFFFF7
:10A70000FFFFFFFF240049FFFFFFFFFFFFFFFFFFE9
:10A71000FFFFFFFFFFFFFFFFFFFFFFFFFFFFFFFF49
:10A72000FFFFFFFFFFFFFFFFFFFFFFFF00006DFFC9
:10A73000FFFFFFFFFF9224000000246DDBFFFFFFFF
:10A74000FFFFFFFF240049FFFFFFFFFFFFFFFFFFA9
:10A75000FFFFFFFFFFFFFFFFFFFFFFFFFFFFFFFF09
:10A76000FFFFFFFFFFFFFFFFFFFFFFFF00006DFF89
:10A77000FFFFFFFFFF4900002449B6FFFFFFFFFF77
:10A78000FFFFFFFF240049FFFFFFFFFFFFFFFFFF69
:10A79000FFFFFFFFFFFFFFFFFFFFFFFFFFFFFFFFC9
:10A7A000FFFFFFFFFFFFFFFFFFFFFFFF00006DFF49
:10A7B000FFFFFFFFFF6D246DB6DBFFFFFFFFFFFF15
:10A7C000FFFFFFFF240049FFFFFFFFFFFFFFFFFF29
:10A7D000FFFFFFFFFFFFFFFFFFFFFFFFFFFFFFFF89
:10A7E000FFFFFFFFFFFFFFFFFFFFFFFF00006DFF09
:10A7F000FFFFFFFFFFFFDBFFFFFFFFFFFFFFFFFF8D
:10A80000FFFFFFFF240049FFFFFFFFFFFFFFFFFFE8
:10A81000FFFFFFFFFFFFFFFFFFFFFFFFFFFFFFFF48
:10A82000FFFFFFFFFFFFFFFFFFFFFFFF00006DFFC8
:10A83000FFFFFFFFFFFFFFFFFFFFFFFFFFFFFFFF28
:10A84000FFFFFFFF240049FFFFFFFFFFFFFFFFFFA8
:10A85000FFFFFFFFFFFFFFFFFFFFFFFFFFFFFFFF08
:10A86000FFFFFFFFFFFFFFFFFFFFFFFF00006DFF88
:10A87000FFFFFFFFFFFFFFFFFFFFFFFFFFFFFFFFE8
:10A88000FFFFFFFF240049FFFFFFFFFFFFFFFFFF68
:10A89000FFFFFFFFFFFFFFFFFFFFFFFFFFFFFFFFC8
:10A8A000FFFFFFFFFFFFFFFFFFFFFFFF00006DFF48
:10A8B000FFFFFFFFFFFFFFFFFFFFFFFFFFFFFFFFA8
:10A8C000FFFFFFFF240049FFFFFFFFFFFFFFFFFF28
:10A8D000FFFFFFFFFFFFFFFFFFFFFFFFFFFFFFFF88
:10A8E000FFFFFFFFFFFFFFFFFFFFFFFF00006DFF08
:10A8F000FFFFFFFFFFFFFFFFFFFFFFFFFFFFFFFF68
:10A90000FFFFFFFF240049FFFFFFFFFFFFFFFFFFE7
:10A91000FFFFFFFFFFFFFFFFFFFFFFFFFFFFFFFF47
:10A92000FFFFFFFFFFFFFFFFFFFFFFFF00006DFFC7
:10A93000FFFFFFFFFFFFFFFFFFFFFFFFFFFFFFFF27
:10A94000FFFFFFFF240049FFFFFFFFFFFFFFFFFFA7
:10A95000FFFFFFFFFFFFFFFFFFFFFFFFFFFFFFFF07
:10A96000FFFFFFFFFFFFFFFFFFFFFFFF00006DFF87
:10A97000FFFFFFFFFFFFFFFFFFFFFFFFFFFFFFFFE7
:10A98000FFFFFFFF240049FFFFFFFFFFFFFFFFFF67
:10A99000FFFFFFFFFFFFFFFFFFFFFFFFFFFFFFFFC7
:10A9A000FFFFFFFFFFFFFFFFFFFFFFFF00006DFF47
:10A9B000FFFFFFFFFFFFFFFFFFFFFFFFFFFFFFFFA7
:10A9C000FFFFFFFF240049FFFFFFFFFFFFFFFFFF27
:10A9D000FFFFFFFFFFFFFFFFFFFFFFFFFFFFFFFF87
:10A9E000FFFFFFFFFFFFFFFFFFFFFFFF00006DFF07
:10A9F000FFFFFFFFFFFFFFFFFFFFFFFFFFFFFFFF67
:10AA0000FFFFFFFF6D0024B6DBDBDBDBDBDBDBDB2B
:10AA1000DBDBDBDBDBDBDBDBDBDBDBDBDBDBDBDB86
:10AA2000DBDBDBDBDBDBDBDBDBDBDB6D000092FFBF
:10AA3000FFFFFFFFFFFFFFFFFFFFFFFFFFFFFFFF26
:10AA4000FFFFFFFFB6000024242424242424242410
:10AA500024242424242424242424242424242424B6
:10AA60002424242424242424242424240024DBFF38
:10AA7000FFFFFFFFFFFFFFFFFFFFFFFFFFFFFFFFE6
:10AA8000FFFFFFFFFF490000000000000000000082
:10AA900000000000000000000000000000000000B6
:10AAA0000000000000000000000000002492FFFFF2
:10AAB000FFFFFFFFFFFFFFFFFFFFFFFFFFFFFFFFA6
:10AAC000FFFFFFFFFFFF92242424242424242424B6
:10AAD0002424242424242424242424242424242436
:10AAE000242424242424242424242449B6FFFFFFDE
:10AAF000FFFFFFFFFFFFFFFFFFFFFFFFFFFFFFFF66
:10AB0000FFFFFFFFFFFFFFFFFFFFFFFFFFFFFF92C2
:10AB10002400000000000000000000000000000011
:10AB200000000000002424496D92DBDBFFFFFFFFE3
:10AB3000FFFFFFFFFFFFFFFFFFFFFFFFFFFFFFFF25
:10AB4000FFFFFFFFFFFFFFFFFFFFFFFFFFDB240013
:10AB500000000000000000000000000000000000F5
:10AB6000000000000000000000000024496DDBFF31
:10AB7000FFFFFFFFFFFFFFFFFFFFFFFFFFFFFFFFE5
:10AB8000FFFFFFFFFFFFFFFFFFFFFFFFFF240000AE
:10AB9000244949494949494949494949494949246F
:10ABA00000000049494949492424000000000049A7
:10ABB000B6FFFFFFFFFFFFFFFFFFFFFFFFFFFFFFEE
:10ABC000FFFFFFFFFFFFFFFFFFFFFFFF920000926D
:10ABD000FFFFFFFFFFFFFFFFFFFFFFFFFFFFFFFF85
:10ABE00092000092FFFFFFFFFFDBB66D2400000024
:10ABF00000246DFFFFFFFFFFFFFFFFFFFFFFFFFFD1
:10AC0000FFFFFFFFFFFFFFFFFFFFFFFF490024FFE4
:10AC1000FFFFFFFFFFFFFFFFFFFFFFFFFFFFFFFF44
:10AC2000FF240049FFFFFFFFFFFFFFFFFFB66D247A
:10AC300000000024B6FFFFFFFFFFFFFFFFFFFFFF45
:10AC4000FFFFFFFFFFFFFFFFFFFFFFFF240049FFA4
:10AC5000FFFFFFFFFFFFFFFFFFFFFFFFFFFFFFFF04
:10AC6000FF490000FFFFFFFFFFFFFFFFFFFFFFFFA8
:10AC7000922400002449DBFFFFFFFFFFFFFFFFFFDF
:10AC8000FFFFFFFFFFFFFFFFFFFFFFFF000049FF88
:10AC9000FFFFFFFFFFFFFFFFFFFFFFFFFFFFFFFFC4
:10ACA000FF490000FFFFFFFFFFFFFFFFFFFFFFFF68
:10ACB000FFFF9224000024B6FFFFFFFFFFFFFFFF0E
:10ACC000FFFFFFFFFFFFFFFFFFFFFFFF000049FF48
:10ACD000FFFFFFFFFFFFFFFFFFFFFFFFFFFFFFFF84
:10ACE000FF490000FFFFFFFFFFFFFFFFFFFFFFFF28
:10ACF000FFFFFFDB490000246DFFFFFFFFFFFFFFA9
:10AD0000FFFFFFFFFFFFFFFFFFFFFFFF000049FF07
:10AD1000FFFFFFFFFFFFFFFFFFFFFFFFFFFFFFFF43
:10AD2000FF490000FFFFFFFFFFFFFFFFFFFFFFFFE7
:10AD3000FFFFFFFFFF922400006DFFFFFFFFFFFFFB
:10AD4000FFFFFFFFFFFFFFFFFFFFFFFF000049FFC7
:10AD5000FFFFFFFFFFFFFFFFFFFFFFFFFFFFFFFF03
:10AD6000FF490000FFFFFFFFFFFFFFFFFFFFFFFFA7
:10AD7000FFFFFFFFFFFFB62400006DFFFFFFFFFF97
:10AD8000FFFFFFFFFFFFFFFFFFFFFFFF240049FF63
:10AD9000FFFFFFFFFFFFFFFFFFFFFFFFFFFFFFFFC3
:10ADA000FF490000FFFFFFFFFFFFFFFFFFFFFFFF67
:10ADB000FFFFFFFFFFFFFFDB2400006DFFFFFFFF32
:10ADC000FFFFFFFFFFFFFFFFFFFFFFFF490024FF23
:10ADD000FFFFFFFFFFFFFFFFFFFFFFFFFFFFFFFF83
:10ADE000FF240049FFFFFFFFFFFFFFFFFFFFFFFF03
:10ADF000FFFFFFFFFFFFFFFFDB2400006DFFFFFFF2
:10AE0000FFFFFFFFFFFFFFFFFFFFFFFF920000922A
:10AE1000FFFFFFFFFFFFFFFFFFFFFFFFFFFFFFFF42
:10AE200092000092FFFFFFFFFFFFFFFFFFFFFFFF0A
:10AE3000FFFFFFFFFFFFFFFFFFDB240024B6FFFF44
:10AE4000FFFFFFFFFFFFFFFFFFFFFFFFFF240000EB
:10AE500024494949494949494949494949494924AC
:10AE6000000024FFFFFFFFFFFFFFFFFFFFFFFFFFCB
:10AE7000FFFFFFFFFFFFFFFFFFFFB6240024DBFF04
:10AE8000FFFFFFFFFFFFFFFFFFFFFFFFFFDB2400D0
:10AE900000000000000000000000000000000000B2
:10AEA0000024DBFFFFFFFFFFFFFFFFFFFFFFFFFFB0
:10AEB000FFFFFFFFFFFFFFFFFFFFFF92000049FFC3
:10AEC000FFFFFFFFFFFFFFFFFFFFFFFFFFFFFF92FF
:10AED00024240000000000000000000000002424E2
:10AEE00092FFFFFFFFFFFFFFFFFFFFFFFFFFFFFFDF
:10AEF000FFFFFFFFFFFFFFFFFFFFFFFF490024B63B
:10AF0000FFFFFFFFFFFFFFFFFFFFFFFFFFFFFFFF51
:10AF1000FFFFFFFFFFFFFFFFFFFFFFFFFFFFFFFF41
:10AF2000FFFFFFFFFFFFFFFFFFFFFFFFFFFFFFFF31
:10AF3000FFFFFFFFFFFFFFFFFFFFFFFFDB240024FA
:10AF4000FFFFFFFFFFFFFFFFFFFFFFFFFFFFFFFF11
:10AF5000FFFFFFFFFFFFFFFFFFFFFFFFFFFFFFFF01
:10AF6000FFFFFFFFFFFFFFFFFFFFFFFFFFFFFFFFF1
:10AF7000FFFFFFFFFFFFFFFFFFFFFFFFFF6D000071
:10AF80006DFFFFFFFFFFFFFFFFFFFFFFFFFFFFFF63
:10AF9000FFFFFFFFFFFFFFFFFFFFFFFFFFFFFFFFC1
:10AFA000FFFFFFFFFFFFFFFFFFFFFFFFFFFFFFFFB1
:10AFB000FFFFFFFFFFFFFFFFFFFFFFFFFFFF24007B
:10AFC00024FFFFFFFFFFFFFFFFFFFFFFFFFFFFFF6C
:10AFD000FFFFFFFFFFFFFFFFFFFFFFFFFFFFFFFF81
:10AFE000FFFFFFFFFFFFFFFFFFFFFFFFFFFFFFFF71
:10AFF000FFFFFFFFFFFFFFFFFFFFFFFFFFFF9200CD
:10B0000000B6FFFFFFFFFFFFFFFFFFFFFFFFFFFF98
:10B01000FFFFFFFFFFFFFFFFFFFFFFFFFFFFFFFF40
:10B02000FFFFFFFFFFFFFFFFFFFFFFFFFFFFFFFF30
:10B03000FFFFFFFFFFFFFFFFFFFFFFFFFFFFDB241F
:10B040000049FFFFFFFFFFFFFFFFFFFFFFFFFFFFC5
:10B05000FFFFFFFFFFFFFFFFFFFFFFFFFFFFFFFF00
:10B06000FFFFFFFFFFFFFFFFFFFFFFFFFFFFFFFFF0
:10B07000FFFFFFFFFFFFFFFFFFFFFFFFFFFFFF6D72
:10B080000000DBFFFFFFFFFFFFFFFFFFFFFFFFFFF2
:10B09000FFFFFFFFFFFFFFFFFFFFFFFFFFFFFFFFC0
:10B0A000FFFFFFFFFFFFFFFFFFFFFFFFFFFFFFFFB0
:10B0B000FFFFFFFFFFFFFFFFFFFFFFFFFFFFFFB6E9
:10B0C00000006DFFFFFFFFFFFFFFFFFFFFFFFFFF20
:10B0D000FFFFFFFFFFFFFFFFFFFFFFFFFFFFFFFF80
:10B0E000FFFFFFFFFFFFFFFFFFFFFFFFFFFFFFFF70
:10B0F000FFFFFFFFFFFFFFFFFFFFFFFFFFFFFFFF60
:10B10000240049FFFFFFFFFFFFFFFFFFFFFFFFFFDF
:10B11000FFFFFFFFFFFFFFFFFFFFFFFFFFFFFFFF3F
:10B12000FFFFFFFFFFFFFFFFFFFFFFFFFFFFFFFF2F
:10B13000FFFFFFFFFFFFFFFFFFFFFFFFFFFFFFFF1F
:10B140006D0024DBFFFFFFFFFFFFFFFFFFFFFFFF9F
:10B15000FFFFFFFFFFFFFFFFFFFFFFFFFFFFFFFFFF
:10B16000FFFFFFFFFFFFFFFFFFFFFFFFFFFFFFFFEF
:10B17000FFFFFFFFFFFFFFFFFFFFFFFFFFFFFFFFDF
:10B18000B60000DBFFFFFFFFFFFFFFFFFFFFFFFF3A
:10B19000FFFFFFFFFFFFFFFFFFFFFFFFFFFFFFFFBF
:10B1A000FFFFFFFFFFFFFFFFFFFFFFFFFFFFFFFFAF
:10B1B000FFFFFFFFFFFFFFFFFFFFFFFFFFFFFFFF9F
:10B1C000DB240092FFFFFFFFFFFFFFFFFFFFFFFFFA
:10B1D000FFFFFFFFFFFFFFFFFFFFFFFFFFFFFFFF7F
:10B1E000FFFFFFFFFFFFFFFFFFFFFFFFFFFFFFFF6F
:10B1F000FFFFFFFFFFFFFFFFFFFFFFFFFFFFFFFF5F
:10B20000FF24006D6D00000049FFFFFFFFFFFFFFFF
:10B21000FFFFFFFFFFFFFFFFFFFFFFFFFFFFFFFF3E
:10B22000FFFFFFFFFFFFFFFFFFFFFFFFFFFFFFFF2E
:10B23000FFFFFFFFFFFFFFFFFFFFFFFFFFFFFFFF1E
:10B24000FF4900490000000000DBFFFFFFFFFFFF98
:10B25000FFFFFFFFFFFFFFFFFFFFFFFFFFFFFFFFFE
:10B26000FFFFFFFFFFFFFFFFFFFFFFFFFFFFFFFFEE
:10B27000FFFFFFFFFFFFFFFFFFFFFFFFFFFFFFFFDE
:10B28000FF4900240000000000DBFFFFFFFFFFFF7D
:10B29000FFFFFFFFFFFFFFFFFFFFFFFFFFFFFFFFBE
:10B2A000FFFFFFFFFFFFFFFFFFFFFFFFFFFFFFFFAE
:10B2B000FFFFFFFFFFFFFFFFFFFFFFFFFFFFFFFF9E
:10B2C000FF4900240000000000DBFFFFFFFFFFFF3D
:10B2D000FFFFFFFFFFFFFFFFFFFFFFFFFFFFFFFF7E
:10B2E000FFFFFFFFFFFFFFFFFFFFFFFFFFFFFFFF6E
:10B2F000FFFFFFFFFFFFFFFFFFFFFFFFFFFFFFFF5E
:10B30000FF4900000000000000DBFFFFFFFFFFFF20
:10B31000FFFFFFFFFFFFFFFFFFFFFFFFFFFFFFFF3D
:10B32000FFFFFFFFFFFFFFFFFFFFFFFFFFFFFFFF2D
:10B33000FFFFFFFFFFFFFFFFFFFFFFFFFFFFFFFF1D
:10B34000FF4900240000000000DBFFFFFFFFFFFFBC
:10B35000FFFFFFFFFFFFFFFFFFFFFFFFFFFFFFFFFD
:10B36000FFFFFFFFFFFFFFFFFFFFFFFFFFFFFFFFED
:10B37000FFFFFFFFFFFFFFFFFFFFFFFFFFFFFFFFDD
:10B38000FF4900240000000000DBFFFFFFFFFFFF7C
:10B39000FFFFFFFFFFFFFFFFFFFFFFFFFFFFFFFFBD
:10B3A000FFFFFFFFFFFFFFFFFFFFFFFFFFFFFFFFAD
:10B3B000FFFFFFFFFFFFFFFFFFFFFFFFFFFFFFFF9D
:10B3C000FF4900240000000049FFFFFFFFFFFFFFCF
:10B3D000FFFFFFFFFFFFFFFFFFFFFFFFFFFFFFFF7D
:10B3E000FFFFFFFFFFFFFFFFFFFFFFFFFFFFFFFF6D
:10B3F000FFFFFFFFFFFFFFFFFFFFFFFFFFFFFFFF5D
:10B40000FF490049000049FFFFFFFFFFFFFFFFFF6B
:10B41000FFFFFFFFFFFFFFFFFFFFFFFFFFFFFFFF3C
:10B42000FFFFFFFFFFFFFFFFFFFFFFFFFFFFFFFF2C
:10B43000FFFFFFFFFFFFFFFFFFFFFFFFFFFFFFFF1C
:10B44000FF24006D000049FFFFFFFFFFFFFFFFFF2C
:10B45000FFFFFFFFFFFFFFFFFFFFFFFFFFFFFFFFFC
:10B46000FFFFFFFFFFFFFFFFFFFFFFFFFFFFFFFFEC
:10B47000FFFFFFFFFFFFFFFFFFFFFFFFFFFFFFFFDC
:10B48000DB240092000049FFFFFFFFFFFFFFFFFFEB
:10B49000FFFFFFFFFFFFFFFFFFFFFFFFFFFFFFFFBC
:10B4A000FFFFFFFFFFFFFFFFFFFFFFFFFFFFFFFFAC
:10B4B000FFFFFFFFFFFFFFFFFFFFFFFFFFFFFFFF9C
:10B4C000B60000DB000049FFFFFFFFFFFFFFFFFFAB
:10B4D000FFFFFFFFFFFFFFFFFFFFFFFFFFFFFFFF7C
:10B4E000FFFFFFFFFFFFFFFFFFFFFFFFFFFFFFFF6C
:10B4F000FFFFFFFFFFFFFFFFFFFFFFFFFFFFFFFF5C
:10B500006D0024DB000049FFFFFFFFFFFFFFFFFF8F
:10B51000FFFFFFFFFFFFFFFFFFFFFFFFFFFFFFFF3B
:10B52000FFFFFFFFFFFFFFFFFFFFFFFFFFFFFFFF2B
:10B53000FFFFFFFFFFFFFFFFFFFFFFFFFFFFFFFF1B
:10B54000240049FF000049FFFFFFFFFFFFFFFFFF4F
:10B55000FFFFFFFFFFFFFFFFFFFFFFFFFFFFFFFFFB
:10B56000FFFFFFFFFFFFFFFFFFFFFFFFFFFFFFFFEB
:10B57000FFFFFFFFFFFFFFFFFFFFFFFFFFFFFFB624
:10B5800000006DFF240049FFFFFFFFFFFFFFFFFFEB
:10B59000FFFFFFFFFFFFFFFFFFFFFFFFFFFFFFFFBB
:10B5A000FFFFFFFFFFFFFFFFFFFFFFFFFFFFFFFFAB
:10B5B000FFFFFFFFFFFFFFFFFFFFFFFFFFFFFF6D2D
:10B5C0000000DBFF920024DBFFFFFFFFFFFFFFFF18
:10B5D000FFFFFFFFFFFFFFFFFFFFFFFFFFFFFFFF7B
:10B5E000FFFFFFFFFFFFFFFFFFFFFFFFFFFFFFFF6B
:10B5F000FFFFFFFFFFFFFFFFFFFFFFFFFFFFFF2436
:10B600000049FFFFDB24006DFFFFFFFFFFFFFFFF8F
:10B61000FFFFFFFFFFFFFFFFFFFFFFFFFFFFFFFF3A
:10B62000FFFFFFFFFFFFFFFFFFFFFFFFFFFFFFFF2A
:10B63000FFFFFFFFFFFFFFFFFFFFFFFFFFFF920086
:10B6400000B6FFFFFF490024FFFFFFFFFFFFFFFFE2
:10B65000FFFFFFFFFFFFFFFFFFFFFFFFFFFFFFFFFA
:10B66000FFFFFFFFFFFFFFFFFFFFFFFFFFFFFFFFEA
:10B67000FFFFFFFFFFFFFFFFFFFFFFFFFFFF2400B4
:10B6800024FFFFFFFF92000092FFFFFFFFFFFFFF7D
:10B69000FFFFFFFFFFFFFFFFFFFFFFFFFFFFFFFFBA
:10B6A000FFFFFFFFFFFFFFFFFFFFFFFFFFFFFFFFAA
:10B6B000FFFFFFFFFFFFFFFFFFFFFFFFFF6D00002A
:10B6C0006DFFFFFFFFFF240049FFFFFFFFFFFFFFAC
:10B6D000FFFFFFFFFFFFFFFFFFFFFFFFFFFFFFFF7A
:10B6E000FFFFFFFFFFFFFFFFFFFFFFFFFFFFFFFF6A
:10B6F000FFFFFFFFFFFFFFFFFFFFFFFFDB24002433
:10B70000FFFFFFFFFFFF920024DBFFFFFFFFFF9221
:10B7100024000000000000000000000000000024E1
:10B7200092FFFFFFFFFFFFFFFFFFFFFFFFFFFFFF96
:10B73000FFFFFFFFFFFFFFFFFFFFFFFF490024B6F2
:10B74000FFFFFFFFFFFFDB24006DFFFFFFDB240097
:10B7500000000000000000000000000000000000E9
:10B760000024DBFFFFFFFFFFFFFFFFFFFFFFFFFFE7
:10B77000FFFFFFFFFFFFFFFFFFFFFF92000049FFFA
:10B78000FFFFFFFFFFFFFF490024FFFFFF24000032
:10B790002449494949494949494949494949492463
:10B7A000000024FFFFFFFFFFFFFFFFFFFFFFFFFF82
:10B7B000FFFFFFFFFFFFFFFFFFFFB6240024DBFFBB
:10B7C000FFFFFFFFFFFFFF92000092FF9200009239
:10B7D000FFFFFFFFFFFFFFFFFFFFFFFFFFFFFFFF79
:10B7E00092000092FFFFFFFFFFFFFFFFFFFFFFFF41
:10B7F000FFFFFFFFFFFFFFFFFFDB240024B6FFFF7B
:10B80000FFFFFFFFFFFFFFFF240049FF490024FF68
:10B81000FFFFFFFFFFFFFFFFFFFFFFFFFFFFFFFF38
:10B82000FF240049FFFFFFFFFFFFFFFFFFFFFFFFB8
:10B83000FFFFFFFFFFFFFFFFDB2400006DFFFFFFA7
:10B84000FFFFFFFFFFFFFFFF920024DB240049FF03
:10B85000FFFFFFFFFFFFFFFFFFFFFFFFFFFFFFFFF8
:10B86000FF490000FFFFFFFFFFFFFFFFFFFFFFFF9C
:10B87000FFFFFFFFFFFFFFDB2400006DFFFFFFFF67
:10B88000FFFFFFFFFFFFFFFFDB24006D000049FF0C
:10B89000FFFFFFFFFFFFFFFFFFFFFFFFFFFFFFFFB8
:10B8A000FF490000FFFFFFFFFFFFFFFFFFFFFFFF5C
:10B8B000FFFFFFFFFFFFB62400006DFFFFFFFFFF4C
:10B8C000FFFFFFFFFFFFFFFFFF490024000049FFCC
:10B8D000FFFFFFFFFFFFFFFFFFFFFFFFFFFFFFFF78
:10B8E000FF490000FFFFFFFFFFFFFFFFFFFFFFFF1C
:10B8F000FFFFFFFFFF922400006DFFFFFFFFFFFF30
:10B90000FFFFFFFFFFFFFFFFFF920000000049FF66
:10B91000FFFFFFFFFFFFFFFFFFFFFFFFFFFFFFFF37
:10B92000FF490000FFFFFFFFFFFFFFFFFFFFFFFFDB
:10B93000FFFFFFDB490000246DFFFFFFFFFFFFFF5C
:10B94000FFFFFFFFFFFFFFFFFFFF2400000049FF95
:10B95000FFFFFFFFFFFFFFFFFFFFFFFFFFFFFFFFF7
:10B96000FF490000FFFFFFFFFFFFFFFFFFFFFFFF9B
:10B97000FFFF9224000024B6FFFFFFFFFFFFFFFF41
:10B98000FFFFFFFFFFFFFFFFFFFF9200000049FFE7
:10B99000FFFFFFFFFFFFFFFFFFFFFFFFFFFFFFFFB7
:10B9A000FF490000FFFFFFFFFFFFFFFFFFFFFFFF5B
:10B9B000922400002449DBFFFFFFFFFFFFFFFFFF92
:10B9C000FFFFFFFFFFFFFFFFFFFFDB24000024FF5F
:10B9D000FFFFFFFFFFFFFFFFFFFFFFFFFFFFFFFF77
:10B9E000FF240049FFFFFFFFFFFFFFFFFFB66D24AD
:10B9F00000000024B6FFFFFFFFFFFFFFFFFFFFFF78
:10BA0000FFFFFFFFFFFFFFFFFFFFFF490000009266
:10BA1000FFFFFFFFFFFFFFFFFFFFFFFFFFFFFFFF36
:10BA200092000092FFFFFFFFFFDBB66D24000000D5
:10BA300000246DFFFFFFFFFFFFFFFFFFFFFFFFFF82
:10BA4000FFFFFFFFFFFFFFFFFFFFFF92000000006F
:10BA500024494949494949494949494949494924A0
:10BA600000000049494949492424000000000049D8
:10BA7000B6FFFFFFFFFFFFFFFFFFFFFFFFFFFFFF1F
:10BA8000FFFFFFFFFFFFFFFFFFFFFFFF240000009E
:10BA900000000000000000000000000000000000A6
:10BAA000000000000000000000000024496DDBFFE2
:10BAB000FFFFFFFFFFFFFFFFFFFFFFFFFFFFFFFF96
:10BAC000FFFFFFFFFFFFFFFFFFFFFFFFB6240000A8
:10BAD0000000000000000000000000000000000066
:10BAE00000000000002424496D92DBDBFFFFFFFF14
:10BAF000FFFFFFFFFFFFFFFFFFFFFFFFFFFFFFFF56
:10BB0000FFFFFFFFFFFFFFFFFFFFFFFFFFFFFFFF45
:10BB1000FFFFFFFFFFFFFFFFFFDB6D2400000000C2
:10BB2000000000000000000000000000246DDBFFAA
:10BB3000FFFFFFFFFFFFFFFFFFFFFFFFFFFFFFFF15
:10BB4000FFFFFFFFFFFFFFFFFFFFFFFFFFFFFFFF05
:10BB5000FFFFFFFFFFFFFFFF6D0000000000000080
:10BB60000000000000000000000000000000246D44
:10BB7000FFFFFFFFFFFFFFFFFFFFFFFFFFFFFFFFD5
:10BB8000FFFFFFFFFFFFFFFFFFFFFFFFFFFFFFFFC5
:10BB9000FFFFFFFFFFFFFF6D0000244949494949AE
:10BBA00049494949494949494949494949240000BC
:10BBB0006DFFFFFFFFFFFFFFFFFFFFFFFFFFFFFF27
:10BBC000FFFFFFFFFFFFFFFFFFFFFFFFFFFFFFFF85
:10BBD000FFFFFFFFFFFFB6240000B6FFFFFFFFFFE0
:10BBE000FFFFFFFFFFFFFFFFFFFFFFFFFFB60000AC
:10BBF00024B6FFFFFFFFFFFFFFFFFFFFFFFFFFFF79
:10BC0000FFFFFFFFFFFFFFFFFFFFFFFFFFFFFFFF44
:10BC1000FFFFFFFFFFFF49000092FFFFFFFFFFFF55
:10BC2000FFFFFFFFFFFFFFFFFFFFFFFFFFFF920090
:10BC3000006DFFFFFFFFFFFFFFFFFFFFFFFFFFFFA5
:10BC4000FFFFFFFFFFFFFFFFFFFFFFFFFFFFFFFF04
:10BC5000FFFFFFFFFFFF490000B6FFFFFFFFFFFFF1
:10BC6000FFFFFFFFFFFFFFFFFFFFFFFFFFFFB6002C
:10BC70000049FFFFFFFFFFFFFFFFFFFFFFFFFFFF89
:10BC8000FFFFFFFFFFFFFFFFFFFFFFFFFFFFFFFFC4
:10BC9000FFFFFFFFFFFF490000B6FFFFFFFFFFFFB1
:10BCA000FFFFFFFFFFFFFFFFFFFFFFFFFFFFB600EC
:10BCB0000049FFFFFFFFFFFFFFFFFFFFFFFFFFFF49
:10BCC000FFFFFFFFFFFFFFFFFFFFFFFFFFFFFFFF84
:10BCD000FFFFFFFFFFFF490000B6FFFFFFFFFFFF71
:10BCE000FFFFFFFFFFFFFFFFFFFFFFFFFFFFB600AC
:10BCF0000049FFFFFFFFFFFFFFFFFFFFFFFFFFFF09
:10BD0000FFFFFFFFFFFFFFFFFFFFFFFFFFFFFFFF43
:10BD1000FFFFFFFFFFFF490000B6FFFFFFFFFFFF30
:10BD2000FFFFFFFFFFFFFFFFFFFFFFFFFFFFB6006B
:10BD30000049FFFFFFFFFFFFFFFFFFFFFFFFFFFFC8
:10BD4000FFFFFFFFFFFFFFFFFFFFFFFFFFFFFFFF03
:10BD5000FFFFFFFFFFFF490000B6FFFFFFFFFFFFF0
:10BD6000FFFFFFFFFFFFFFFFFFFFFFFFFFFFB6002B
:10BD70000049FFFFFFFFFFFFFFFFFFFFFFFFFFFF88
:10BD8000FFFFFFFFFFFFFFFFFFFFFFFFFFFFFFFFC3
:10BD9000FFFFFFFFFFFF490000B6FFFFFFFFFFFFB0
:10BDA000FFFFFFFFFFFFFFFFFFFFFFFFFFFFB600EB
:10BDB0000049FFFFFFFFFFFFFFFFFFFFFFFFFFFF48
:10BDC000FFFFFFFFFFFFFFFFFFFFFFFFFFFFFFFF83
:10BDD000FFFFFFFFFFFF490000B6FFFFFFFFFFFF70
:10BDE000FFFFFFFFFFFFFFFFFFFFFFFFFFFFB600AB
:10BDF0000049FFFFFFFFFFFFFFFFFFFFFFFFFFFF08
:10BE0000FFFFFFFFFFFFFFFFFFFFFFFFFFFFFFFF42
:10BE1000FFFFFFFFFFFF490000B6FFFFFFFFFFFF2F
:10BE2000FFFFFFFFFFFFFFFFFFFFFFFFFFFFB6006A
:10BE30000049FFFFFFFFFFFFFFFFFFFFFFFFFFFFC7
:10BE4000FFFFFFFFFFFFFFFFFFFFFFFFFFFFFFFF02
:10BE5000FFFFFFFFFFFF490000B6FFFFFFFFFFFFEF
:10BE6000FFFFFFFFFFFFFFFFFFFFFFFFFFFFB6002A
:10BE70000049FFFFFFFFFFFFFFFFFFFFFFFFFFFF87
:10BE8000FFFFFFFFFFFFFFFFFFFFFFFFFFFFFFFFC2
:10BE9000FFFFFFFFFFFF490000B6FFFFFFFFFFFFAF
:10BEA000FFFFFFFFFFFFFFFFFFFFFFFFFFFFB600EA
:10BEB0000049FFFFFFFFFFFFFFFFFFFFFFFFFFFF47
:10BEC000FFFFFFFFFFFFFFFFFFFFFFFFFFFFFFFF82
:10BED000FFFFFFFFFFFF490000B6FFFFFFFFFFFF6F
:10BEE000FFFFFFFFFFFFFFFFFFFFFFFFFFFFB600AA
:10BEF0000049FFFFFFFFFFFFFFFFFFFFFFFFFFFF07
:10BF0000FFFFFFFFFFFFFFFFFFFFFFFFFFFFFFFF41
:10BF1000FFFFFFFFFF6D000024DBFFFFFFFFFFFFC0
:10BF2000FFFFFFFFFFFFFFFFFFFFFFFFFFFFDB0044
:10BF300000006DFFFFFFFFFFFFFFFFFFFFFFFFFFA1
:10BF4000FFFFFFFFFFFFFFFFFFFFFFFFFFFFFFFF01
:10BF5000FFFFFFFF6D00002492FFFFFFFFFFFFFFC9
:10BF6000FFFFFFFFFFFFFFFFFFFFFFFFFFFFFF6D73
:10BF700000000092FFFFFFFFFFFFFFFFFFFFFFFF3B
:10BF8000FFFFFFFFFFFFFFFFFFFFFFFFFFFFFFFFC1
:10BF9000FFFFFF9200000092FFFFFFFFFFFFFFFF88
:10BFA000FFFFFFFFFFFFFFFFFFFFFFFFFFFFFFFFA1
:10BFB0006D000000B6FFFFFFFFFFFFFFFFFFFFFF69
:10BFC000FFFFFFFFFFFFFFFFFFFFFFFFFFFFFFFF81
:10BFD000FFFFB600000092FFFFFFFFFFFFFFFFFF24
:10BFE000FFFFFFFFFFFFFFFFFFFFFFFFFFFFFFFF61
:10BFF000FF6D000024B6FFFFFFFFFFFFFFFFFFFF05
:10C00000FFFFFFFFFFFFFFFFFFFFFFFFFFFFFFFF40
:10C01000FFB624000092FFFFFFFFFFFFFFFFFFFFBF
:10C02000FFFFFFFFFFFFFFFFFFFFFFFFFFFFFFFF20
:10C03000FFFF6D000024B6FFFFFFFFFFFFFFFFFFC4
:10C04000FFFFFFFFFFFFFFFFFFFFFFFFFFFFFFFF00
:10C05000B624000049FFFFFFFFFFFFFFFFFFFFFFC8
:10C06000FFFFFFFFFFFFFFFFFFFFFFFFFFFFFFFFE0
:10C07000FFFFFF49000024DBFFFFFFFFFFFFFFFF83
:10C08000FFFFFFFFFFFFFFFFFFFFFFFFFFFFFFDBE4
:10C0900024000049FFFFFFFFFFFFFFFFFFFFFFFF3F
:10C0A000FFFFFFFFFFFFFFFFFFFFFFFFFFFFFFFFA0
:10C0B000FFFFFFFF24000024DBFFFFFFFFFFFFFF68
:10C0C000FFFFFFFFFFFFFFFFFFFFFFFFFFFFDB247F
:10C0D000000049FFFFFFFFFFFFFFFFFFFFFFFFFF24
:10C0E000FFFFFFFFFFFFFFFFFFFFFFFFFFFFFFFF60
:10C0F000FFFFFFFFDB49000024DBFFFFFFFFFFFF27
:10C10000FFFFFFFFFFFFFFFFFFFFFFFFFFDB490018
:10C110000049DBFFFFFFFFFFFFFFFFFFFFFFFFFF08
:10C12000FFFFFFFFFFFFFFFFFFFFFFFFFFFFFFFF1F
:10C13000FFFFFFFFFFB624000049FFFFFFFFFFFFE7
:10C14000FFFFFFFFFFFFFFFFFFFFFFFFFF490000B3
:10C1500024DBFFFFFFFFFFFFFFFFFFFFFFFFFFFFEE
:10C16000FFFFFFFFFFFFFFFFFFFFFFFFFFFFFFFFDF
:10C17000FFFFFFFFFFFFDB24000049FFFFFFFFFF82
:10C18000FFFFFFFFFFFFFFFFFFFFFFFF6D0000242A
:10C19000DBFFFFFFFFFFFFFFFFFFFFFFFFFFFFFFD3
:10C1A000FFFFFFFFFFFFFFFFFFFFFFFFFFFFFFFF9F
:10C1B000FFFFFFFFFFFFFFB62400006DFFFFFFFF43
:10C1C000FFFFFFFFFFFFFFFFFFFFFF6D000024B633
:10C1D000FFFFFFFFFFFFFFFFFFFFFFFFFFFFFFFF6F
:10C1E000FFFFFFFFFFFFFFFFFFFFFFFFFFFFFFFF5F
:10C1F000FFFFFFFFFFFFFFFFB60000006DFFFFFF27
:10C20000FFFFFFFFFFFFFFFFFFFF6D00000092FF3A
:10C21000FFFFFFFFFFFFFFFFFFFFFFFFFFFFFFFF2E
:10C22000FFFFFFFFFFFFFFFFFFFFFFFFFFFFFFFF1E
:10C23000FFFFFFFFFFFFFFFFFF9200000092FFFFE5
:10C24000FFFFFFFFFFFFFFFFFF6D000000B6FFFFD6
:10C25000FFFFFFFFFFFFFFFFFFFFFFFFFFFFFFFFEE
:10C26000FFFFFFFFFFFFFFFFFFFFFFFFFFFFFFFFDE
:10C27000FFFFFFFFFFFFFFFFFFFF9200000092FFA5
:10C28000FFFFFFFFFFFFFFFF9200000092FFFFFF95
:10C29000FFFFFFFFFFFFFFFFFFFFFFFFFFFFFFFFAE
:10C2A000FFFFFFFFFFFFFFFFFFFFFFFFFFFFFFFF9E
:10C2B000FFFFFFFFFFFFFFFFFFFFFF6D000000B666
:10C2C000FFFFFFFFFFFFFFB60000006DFFFFFFFF56
:10C2D000FFFFFFFFFFFFFFFFFFFFFFFFFFFFFFFF6E
:10C2E000FFFFFFFFFFFFFFFFFFFFFFFFFFFFFFFF5E
:10C2F000FFFFFFFFFFFFFFFFFFFFFFFF6D000024B9
:10C30000B6FFFFFFFFFFB62400006DFFFFFFFFFF3A
:10C31000FFFFFFFFFFFFFFFFFFFFFFFFFFFFFFFF2D
:10C32000FFFFFFFFFFFFFFFFFFFFFFFFFFFFFFFF1D
:10C33000FFFFFFFFFFFFFFFFFFFFFFFFFF490000C1
:10C3400024DBFFFFFFB62400006DFFFFFFFFFFFFB0
:10C35000FFFFFFFFFFFFFFFFFFFFFFFFFFFFFFFFED
:10C36000FFFFFFFFFFFFFFFFFFFFFFFFFFFFFFFFDD
:10C37000FFFFFFFFFFFFFFFFFFFFFFFFFFFF490082
:10C380000024B6FFDB24000024B6DBDBDBDBDBDBD9
:10C39000DBDBDBDBDBDBDBDBDBDBDBDBDBDBDBDBED
:10C3A000DBDBDBDBDBDBDBDBDBDBDBDBDBDBDBDBDD
:10C3B000DBDBDBDBDBDBDBDBDBDBDBDBDBDBB624A9
:10C3C000000049DB49000000000000000000000000
:10C3D000000000000000000000000000000000005D
:10C3E000000000000000000000000000000000004D
:10C3F000000000000000000000000000000000003D
:10C400000000006D49000000000000000000000076
:10C41000000000000000000000000000000000001C
:10C42000000000000000000000000000000000000C
:10C4300000000000000000000000000000000000FC
:10C440000000006DFFDBDBDBDBDBDBDBDBDBDBDB17
:10C45000DBDBDBDBDBDBDBDBDBDBDBDBDBDBDBDB2C
:10C46000DBDBDBDBDBDBDBDBDBDBDBDBDBDBDBDB1C
:10C47000DBDBDBDBDBDBDBDBDBDBDBDBDBDBDBDB0C
:10C48000DBDBDBFFFFFFFFFFFFFFFFFFFFFFFFFF28
:10C49000FFFFFFFFFFFFFFFFFFFFFFFFFFFFFFFFAC
:10C4A000FFFFFFFFFFFFFFFFFFFFFFFFFFFFFFFF9C
:10C4B000FFFFFFFFFFFFFFFFFFFFFFFFFFFFFFFF8C
:10C4C000FFFFFFFFFFFFFFFFFFFFFFFFFFFFFFFF7C
:10C4D000FFFFFFFFFFFFFFFFFFFFFFFFFFFFFFFF6C
:10C4E000FFFFFFFFFFFFFFFFFFFFFFFFFFFFFFFF5C
:10C4F000FFFFFFFFFFFFFFFFFFFFFFFFFFFFFFFF4C
:10C50000FFFFFFFFFFFFFFFFFFFFFFFFFFFFFFFF3B
:10C51000FFFFFFFFFFFFFFFFFFFFFFFFFFFFFFFF2B
:10C52000FFFFFFFFFFFFFFFFFFFFFFFFFFFFFFFF1B
:10C53000FFFFFFFFFFFFFFFFFFFFFFFFFFFFFFFF0B
:10C54000FFFFFFFFFFFFFFFFFFFFFFFFFFFFFFFFFB
:10C55000FFFFFFFFFFFFFFFFFFFFFFFFFFFFFFFFEB
:10C56000FFFFFFFFFFFFFFFFFFFFFFFFFFFFFFFFDB
:10C57000FFFFFFFFFFFFFFFFFFFFFFFFFFFFFFFFCB
:10C58000FFFFFFFFFFFFFFFFFFFFFFFFFFFFFFFFBB
:10C59000FFFFFFFFFFFFFFFFFFFFDBDBFFFFFFFFF3
:10C5A000FFFFFFFFFFFFFFFFFFFFFFFFDBDBFFFFE3
:10C5B000FFFFFFFFFFFFFFFFFFFFFFFFFFFFFFFF8B
:10C5C000FFFFFFFFFFFFFFFFFFFFFFFFFFFFFFFF7B
:10C5D000FFFFFFFFFFFFFFFFFF6D0024B6FFFFFF20
:10C5E000FFFFFFFFFFFFFFFFFFFFFFB6240092FFEB
:10C5F000FFFFFFFFFFFFFFFFFFFFFFFFFFFFFFFF4B
:10C60000FFFFFFFFFFFFFFFFFFFFFFFFFFFFFFFF3A
:10C61000FFFFFFFFFFFFFFFFFF49000092FFFFFF4B
:10C62000FFFFFFFFFFFFFFFFFFFFFF92000049FF3B
:10C63000FFFFFFFFFFFFFFFFFFFFFFFFFFFFFFFF0A
:10C64000FFFFFFFFFFFFFFFFFFFFFFFFFFFFFFFFFA
:10C65000FFFFFFFFFFFFFFFFFF49000092FFFFFF0B
:10C66000FFFFFFFFFFFFFFFFFFFFFF6D00006DFFFC
:10C67000FFFFFFFFFFFFFFFFFFFFFFFFFFFFFFFFCA
:10C68000FFFFFFFFFFFFFFFFFFFFFFFFFFFFFFFFBA
:10C69000FFFFFFFFFFFFFFFFFFB6000049DBFFFFCB
:10C6A000FFFFFFFFFFFFFFFFFFFFDB240000DBFFBB
:10C6B000FFFFFFFFFFFFFFFFFFFFFFFFFFFFFFFF8A
:10C6C000FFFFFFFFFFFFFFFFFFFFFFFFFFFFFFFF7A
:10C6D000FFFFFFFFFFFFFFFFFFFF24000092FFFFB0
:10C6E000FFFFFFFFFFFFFFFFFFFF6D000024FFFFC5
:10C6F000FFFFFFFFFFFFFFFFFFFFFFFFFFFFFFFF4A
:10C70000FFFFFFFFFFFFFFFFFFFFFFDB4924B6FF37
:10C71000FFFFFFFFFFFFFFFFFFFFB600000092FFDC
:10C72000FFFFFFFFFFFFFFFFFF92000024B6FFFFA8
:10C73000FFFFFFFFFFFFFFFFFFB62449DBFFFFFF07
:10C74000FFFFFFFFFFFFFFFFFFFFFF92000024FF3F
:10C75000FFFFFFFFFFFFFFFFFFFFFF6D0000006D0A
:10C76000FFFFFFFFFFFFFFDB490000006DFFFFFF42
:10C77000FFFFFFFFFFFFFFFFFF240000B6FFFFFFEB
:10C78000FFFFFFFFFFFFFFFFFFFFFFDB490000B6DA
:10C79000FFFFFFFFFFFFFFFFFFFFFFFF6D00000038
:10C7A000246DB6DBDBB6490000000092FFFFFFFFFF
:10C7B000FFFFFFFFFFFFFFFF92000049DBFFFFFFCE
:10C7C000FFFFFFFFFFFFFFFFFFFFFFFF920000499A
:10C7D000DBFFFFFFFFFFFFFFFFFFFFFFFFB62400B0
:10C7E00000000000000000000024B6FFFFFFFFFF74
:10C7F000FFFFFFFFFFFFFFDB24000092FFFFFFFFB3
:10C80000FFFFFFFFFFFFFFFFFFFFFFFFFF24000011
:10C8100092FFFFFFFFFFFFFFFFFFFFFFFFFFFF6D27
:10C82000492424000024244992FFFFFFFFFFFFFF5B
:10C83000FFFFFFFFFFFFFF6D000049FFFFFFFFFF4E
:10C84000FFFFFFFFFFFFFFFFFFFFFFFFFFB600003F
:10C850002492FFFFFFFFFFFFFFFFFFFFFFFFFFFF30
:10C86000FFDBDBDBDBDBDBFFFFFFFFFFFFFFFFFFB0
:10C87000FFFFFFFFFFFF92000000DBFFFFFFFFFF56
:10C88000FFFFFFFFFFFFFFFFFFFFFFFFFFFF920024
:10C890000024B6FFFFFFFFFFFFFFFFFFFFFFFFFFCB
:10C8A000FFFFFFFFFFFFFFFFFFFFFFFFFFFFFFFF98
:10C8B000FFFFFFFFFF9224000092FFFFFFFFFFFF3B
:10C8C000FFFFFFFFFFFFFFFFFFFFFFFFFFFFFF492E
:10C8D000000024B6FFFFFFFFFFFFFFFFFFFFFFFF8A
:10C8E000FFFFFFFFFFFFFFFFFFFFFFFFFFFFFFFF58
:10C8F000FFFFFFFF9224000049FFFFFFFFFFFFFF44
:10C90000FFFFFFFFFFFFFFFFFFFFFFFFFFFFFFFF37
:10C910004900000092FFFFFFFFFFFFFFFFFFFFFF47
:10C92000FFFFFFFFFFFFFFFFFFFFFFFFFFFFFFFF17
:10C93000FFFFFF6D0000006DFFFFFFFFFFFFFFFF28
:10C94000FFFFFFFFFFFFFFFFFFFFFFFFFFFFFFFFF7
:10C95000FF6D00000049DBFFFFFFFFFFFFFFFFFF50
:10C96000FFFFFFFFFFFFFFFFFFFFFFFFFFFFFFFFD7
:10C97000FFB64900000092FFFFFFFFFFFFFFFFFF30
:10C98000FFFFFFFFFFFFFFFFFFFFFFFFFFFFFFFFB7
:10C99000FFFF92240000006DDBFFFFFFFFFFFFFFA2
:10C9A000FFFFFFFFFFFFFFFFFFFFFFFFFFFFFFDBBB
:10C9B0006D0000002492FFFFFFFFFFFFFFFFFFFF5E
:10C9C000FFFFFFFFFFFFFFFFFFFFFFFFFFFFFFFF77
:10C9D000FFFFFFDB490000002449B6FFFFFFFFFF18
:10C9E000FFFFFFFFFFFFFFFFFFFFFFFFFFB6492431
:10C9F00000000049DBFFFFFFFFFFFFFFFFFFFFFF1E
:10CA0000FFFFFFFFFFFFFFFFFFFFFFFFFFFFFFFF36
:10CA1000FFFFFFFFFF922400000000246DB6DBFF44
:10CA2000FFFFFFFFFFFFFFFFFFDBB66D24000000ED
:10CA3000002492FFFFFFFFFFFFFFFFFFFFFFFFFF4D
:10CA4000FFFFFFFFFFFFFFFFFFFFFFFFFFFFFFFFF6
:10CA5000FFFFFFFFFFFFFFB6490000000000242496
:10CA600049494949494949492424000000000049ED
:10CA7000B6FFFFFFFFFFFFFFFFFFFFFFFFFFFFFF0F
:10CA8000FFFFFFFFFFFFFFFFFFFFFFFFFFFFFFFFB6
:10CA9000FFFFFFFFFFFFFFFFFFDB6D4924000000EA
:10CAA000000000000000000000000024496DDBFFD2
:10CAB000FFFFFFFFFFFFFFFFFFFFFFFFFFFFFFFF86
:10CAC000FFFFFFFFFFFFFFFFFFFFFFFFFFFFFFFF76
:10CAD000FFFFFFFFFFFFFFFFFFFFFFFFDBDB926DAD
:10CAE00049242400002424496D92DBDBFFFFFFFF73
:10CAF000FFFFFFFFFFFFFFFFFFFFFFFFFFFFFFFF46
:10CB0000FFFFFFFFFFFFFFFFFFFFFFFFFFFFFFFF35
:10CB1000FFFFFFFFFFFFFFFFFFDB6D24240000008E
:10CB20000000000000000000000000244992DBFF2C
:10CB3000FFFFFFFFFFFFFFFFFFFFFFFFFFFFFFFF05
:10CB4000FFFFFFFFFFFFFFFFFFFFFFFFFFFFFFFFF5
:10CB5000FFFFFFFFFFFFFFDB492400000000000094
:10CB60000000000000000000000000000000246D34
:10CB7000DBFFFFFFFFFFFFFFFFFFFFFFFFFFFFFFE9
:10CB8000FFFFFFFFFFFFFFFFFFFFFFFFFFFFFFFFB5
:10CB9000FFFFFFFFFFFFFF490000242449494949E7
:10CBA00049494949494949494949494924240000D1
:10CBB00049FFFFFFFFFFFFFFFFFFFFFFFFFFFFFF3B
:10CBC000FFFFFFFFFFFFFFFFFFFFFFFFFFFFFFFF75
:10CBD000FFFFFFFFFFFF9224002492FFFFFFFFFFF4
:10CBE000FFFFFFFFFFFFFFFFFFFFFFFFFF9224009C
:10CBF00024B6FFFFFFFFFFFFFFFFFFFFFFFFFFFF69
:10CC0000FFFFFFFFFFFFFFFFFFFFFFFFFFFFFFFF34
:10CC1000FFFFFFFFFFFF6D00006DFFFFFFFFFFFF46
:10CC2000FFFFFFFFFFFFFFFFFFFFFFFFFFFF6D00A5
:10CC3000246DFFFFFFFFFFFFFFFFFFFFFFFFFFFF71
:10CC4000FFFFFFFFFFFFFFFFFFFFFFFFFFFFFFFFF4
:10CC5000FFFFFFFFFFFF49002492FFFFFFFFFFFFE1
:10CC6000FFFFFFFFFFFFFFFFFFFFFFFFFFFF920040
:10CC70000049FFFFFFFFFFFFFFFFFFFFFFFFFFFF79
:10CC8000FFFFFFFFFFFFFFFFFFFFFFFFFFFFFFFFB4
:10CC9000FFFFFFFFFFFF49002492FFFFFFFFFFFFA1
:10CCA000FFFFFFFFFFFFFFFFFFFFFFFFFFFF920000
:10CCB0000049FFFFFFFFFFFFFFFFFFFFFFFFFFFF39
:10CCC000FFFFFFFFFFFFFFFFFFFFFFFFFFFFFFFF74
:10CCD000FFFFFFFFFFFF49002492FFFFFFFFFFFF61
:10CCE000FFFFFFFFFFFFFFFFFFFFFFFFFFFF9200C0
:10CCF0000049FFFFFFFFFFFFFFFFFFFFFFFFFFFFF9
:10CD0000FFFFFFFFFFFFFFFFFFFFFFFFFFFFFFFF33
:10CD1000FFFFFFFFFFFF49002492FFFFFFFFFFFF20
:10CD2000FFFFFFFFFFFFFFFFFFFFFFFFFFFF92007F
:10CD30000049FFFFFFFFFFFFFFFFFFFFFFFFFFFFB8
:10CD4000FFFFFFFFFFFFFFFFFFFFFFFFFFFFFFFFF3
:10CD5000FFFFFFFFFFFF49002492FFFFFFFFFFFFE0
:10CD6000FFFFFFFFFFFFFFFFFFFFFFFFFFFF92003F
:10CD70000049FFFFFFFFFFFFFFFFFFFFFFFFFFFF78
:10CD8000FFFFFFFFFFFFFFFFFFFFFFFFFFFFFFFFB3
:10CD9000FFFFFFFFFFFF49002492FFFFFFFFFFFFA0
:10CDA000FFFFFFFFFFFFFFFFFFFFFFFFFFFF9200FF
:10CDB0000049FFFFFFFFFFFFFFFFFFFFFFFFFFFF38
:10CDC000FFFFFFFFFFFFFFFFFFFFFFFFFFFFFFFF73
:10CDD000FFFFFFFFFFFF49002492FFFFFFFFFFFF60
:10CDE000FFFFFFFFFFFFFFFFFFFFFFFFFFFF9200BF
:10CDF0000049FFFFFFFFFFFFFFFFFFFFFFFFFFFFF8
:10CE0000FFFFFFFFFFFFFFFFFFFFFFFFFFFFFFFF32
:10CE1000FFFFFFFFFFFF49002492FFFFFFFFFFFF1F
:10CE2000FFFFFFFFFFFFFFFFFFFFFFFFFFFF92007E
:10CE30000049FFFFFFFFFFFFFFFFFFFFFFFFFFFFB7
:10CE4000FFFFFFFFFFFFFFFFFFFFFFFFFFFFFFFFF2
:10CE5000FFFFFFFFFFFF49002492FFFFFFFFFFFFDF
:10CE6000FFFFFFFFFFFFFFFFFFFFFFFFFFFF92003E
:10CE70000049FFFFFFFFFFFFFFFFFFFFFFFFFFFF77
:10CE8000FFFFFFFFFFFFFFFFFFFFFFFFFFFFFFFFB2
:10CE9000FFFFFFFFFFFF49002492FFFFFFFFFFFF9F
:10CEA000FFFFFFFFFFFFFFFFFFFFFFFFFFFF9200FE
:10CEB0000049FFFFFFFFFFFFFFFFFFFFFFFFFFFF37
:10CEC000FFFFFFFFFFFFFFFFFFFFFFFFFFFFFFFF72
:10CED000FFFFFFFFFFFF49002492FFFFFFFFFFFF5F
:10CEE000FFFFFFFFFFFFFFFFFFFFFFFFFFFF9200BE
:10CEF0000049FFFFFFFFFFFFFFFFFFFFFFFFFFFFF7
:10CF0000FFFFFFFFFFFFFFFFFFFFFFFFFFFFFFFF31
:10CF1000FFFFFFFFFF92240024B6FFFFFFFFFFFF8C
:10CF2000FFFFFFFFFFFFFFFFFFFFFFFFFFFF922459
:10CF30000024B6FFFFFFFFFFFFFFFFFFFFFFFFFF24
:10CF4000FFFFFFFFFFFFFFFFFFFFFFFFFFFFFFFFF1
:10CF5000FFFFFFFFB624002492DBFFFFFFFFFFFF70
:10CF6000FFFFFFFFFFFFFFFFFFFFFFFFFFFFDB9262
:10CF7000240049DBFFFFFFFFFFFFFFFFFFFFFFFF75
:10CF8000FFFFFFFFFFFFFFFFFFFFFFFFFFFFFFFFB1
:10CF9000FFFFFFDB49002492FFFFFFFFFFFFFFFFC2
:10CFA000FFFFFFFFFFFFFFFFFFFFFFFFFFFFFFFF91
:10CFB00092240049DBFFFFFFFFFFFFFFFFFFFFFFA2
:10CFC000FFFFFFFFFFFFFFFFFFFFFFFFFFFFFFFF71
:10CFD000FFFFB66D00006DFFFFFFFFFFFFFFFFFFCC
:10CFE000FFFFFFFFFFFFFFFFFFFFFFFFFFFFFFFF51
:10CFF000FF6D00246DDBFFFFFFFFFFFFFFFFFFFF63
:10D00000FFFFFFFFFFFFFFFFFFFFFFFFFFFFFFFF30
:10D01000FFB624240049DBFFFFFFFFFFFFFFFFFFF8
:10D02000FFFFFFFFFFFFFFFFFFFFFFFFFFFFFFFF10
:10D03000FFDB49002449DBFFFFFFFFFFFFFFFFFF8E
:10D04000FFFFFFFFFFFFFFFFFFFFFFFFFFFFFFFFF0
:10D05000DB49000024DBFFFFFFFFFFFFFFFFFFFFB7
:10D06000FFFFFFFFFFFFFFFFFFFFFFFFFFFFFFFFD0
:10D07000FFFFB624000049DBFFFFFFFFFFFFFFFFBC
:10D08000FFFFFFFFFFFFFFFFFFFFFFFFFFFFFFFFB0
:10D090006D000024B6FFFFFFFFFFFFFFFFFFFFFF54
:10D0A000FFFFFFFFFFFFFFFFFFFFFFFFFFFFFFFF90
:10D0B000FFFFFF922400006DFFFFFFFFFFFFFFFF58
:10D0C000FFFFFFFFFFFFFFFFFFFFFFFFFFFFFF6D02
:10D0D00024002492FFFFFFFFFFFFFFFFFFFFFFFF82
:10D0E000FFFFFFFFFFFFFFFFFFFFFFFFFFFFFFFF50
:10D0F000FFFFFFFF9224002492FFFFFFFFFFFFFFCF
:10D10000FFFFFFFFFFFFFFFFFFFFFFFFFFFFB62453
:10D110000049B6FFFFFFFFFFFFFFFFFFFFFFFFFF1D
:10D12000FFFFFFFFFFFFFFFFFFFFFFFFFFFFFFFF0F
:10D13000FFFFFFFFFFB6240024B6FFFFFFFFFFFF46
:10D14000FFFFFFFFFFFFFFFFFFFFFFFFFFB6240012
:10D1500024B6FFFFFFFFFFFFFFFFFFFFFFFFFFFF03
:10D16000FFFFFFFFFFFFFFFFFFFFFFFFFFFFFFFFCF
:10D17000FFFFFFFFFFFFB6240024DBFFFFFFFFFFE1
:10D18000FFFFFFFFFFFFFFFFFFFFFFFF92490024AC
:10D1900092FFFFFFFFFFFFFFFFFFFFFFFFFFFFFF0C
:10D1A000FFFFFFFFFFFFFFFFFFFFFFFFFFFFFFFF8F
:10D1B000FFFFFFFFFFFFFF92240049B6FFFFFFFFC5
:10D1C000FFFFFFFFFFFFFFFFFFFFFF922400006D47
:10D1D000FFFFFFFFFFFFFFFFFFFFFFFFFFFFFFFF5F
:10D1E000FFFFFFFFFFFFFFFFFFFFFFFFFFFFFFFF4F
:10D1F000FFFFFFFFFFFFFFFF6D002424B6FFFFFFCF
:10D20000FFFFFFFFFFFFFFFFFFFFB624000049FF06
:10D21000FFFFFFFFFFFFFFFFFFFFFFFFFFFFFFFF1E
:10D22000FFFFFFFFFFFFFFFFFFFFFFFFFFFFFFFF0E
:10D23000FFFFFFFFFFFFFFFFDB49000024DBFFFFD5
:10D24000FFFFFFFFFFFFFFFFFFDB24000024DBFFEA
:10D25000FFFFFFFFFFFFFFFFFFFFFFFFFFFFFFFFDE
:10D26000FFFFFFFFFFFFFFFFFFFFFFFFFFFFFFFFCE
:10D27000FFFFFFFFFFFFFFFFFFDB24000049FFFF71
:10D28000FFFFFFFFFFFFFFFFFF49000049B6FFFF61
:10D29000FFFFFFFFFFFFFFFFFFFFFFFFFFFFFFFF9E
:10D2A000FFFFFFFFFFFFFFFFFFFFFFFFFFFFFFFF8E
:10D2B000FFFFFFFFFFFFFFFFFFFFB64900006DFF0D
:10D2C000FFFFFFFFFFFFFFFF6D240049FFFFFFFF90
:10D2D000FFFFFFFFFFFFFFFFFFFFFFFFFFFFFFFF5E
:10D2E000FFFFFFFFFFFFFFFFFFFFFFFFFFFFFFFF4E
:10D2F000FFFFFFFFFFFFFFFFFFFFFFFF490024923B
:10D30000FFFFFFFFFFFFFF92240024DBFFFFFFFF73
:10D31000FFFFFFFFFFFFFFFFFFFFFFFFFFFFFFFF1D
:10D32000FFFFFFFFFFFFFFFFFFFFFFFFFFFFFFFF0D
:10D33000FFFFFFFFFFFFFFFFFFFFFFFFDB240024D6
:10D34000B6FFFFFFFFFF49240024B6FFFFFFFFFFEA
:10D35000FFFFFFFFFFFFFFFFFFFFFFFFFFFFFFFFDD
:10D36000FFFFFFFFFFFFFFFFFFFFFFFFFFFFFFFFCD
:10D37000FFFFFFFFFFFFFFFFFFFFFFFFFFB62400E0
:10D38000246DFFFFFF6D000024B6FFFFFFFFFFFFCE
:10D39000FFFFFFFFFFFFFFFFFFFFFFFFFFFFFFFF9D
:10D3A000FFFFFFFFFFFFFFFFFFFFFFFFFFFFFFFF8D
:10D3B000FFFFFFFFFFFFFFFFFFFFFFFFFFFF9224C5
:10D3C00000006DFF9224000024496D6D6D6D6D6D40
:10D3D0006D6D6D6D6D6D6D6D6D6D6D6D6D6D6D6D7D
:10D3E0006D6D6D6D6D6D6D6D6D6D6D6D6D6D6D6D6D
:10D3F0006D6D6D6D6D6D6D6D6D6D6D6D6D6D4924CA
:10D40000000024B62400000000000000000000001E
:10D41000000000000000000000000000000000000C
:10D4200000000000000000000000000000000000FC
:10D4300000000000000000000000000000000000EC
:10D44000000000496D24242424242424242424249A
:10D45000242424242424242424242424242424248C
:10D46000242424242424242424242424242424247C
:10D47000242424242424242424242424242424246C
:10D4800024242492FFFFFFFFFFFFFFFFFFFFFFFFAA
:10D49000FFFFFFFFFFFFFFFFFFFFFFFFFFFFFFFF9C
:10D4A000FFFFFFFFFFFFFFFFFFFFFFFFFFFFFFFF8C
:10D4B000FFFFFFFFFFFFFFFFFFFFFFFFFFFFFFFF7C
:10D4C000FFFFFFFFFFFFFFFFFFFFFFFFFFFFFFFF6C
:10D4D000FFFFFFFFFFFFFFFFFFFFFFFFFFFFFFFF5C
:10D4E000FFFFFFFFFFFFFFFFFFFFFFFFFFFFFFFF4C
:10D4F000FFFFFFFFFFFFFFFFFFFFFFFFFFFFFFFF3C
:10D50000FFFFFFFFFFFFFFFFFFFFFFFFFFFFFFFF2B
:10D51000FFFFFFFFFFFFFFFFFFFFFFFFFFFFFFFF1B
:10D52000FFFFFFFFFFFFFFFFFFFFFFFFFFFFFFFF0B
:10D53000FFFFFFFFFFFFFFFFFFFFFFFFFFFFFFFFFB
:10D54000FFFFFFFFFFFFFFFFFFFFFFFFFFFFFFFFEB
:10D55000FFFFFFFFFFFFFFFFFFFFFFFFFFFFFFFFDB
:10D56000FFFFFFFFFFFFFFFFFFFFFFFFFFFFFFFFCB
:10D57000FFFFFFFFFFFFFFFFFFFFFFFFFFFFFFFFBB
:10D58000FFFFFFFFFFFFFFFFFFFFFFFFFFFFFFFFAB
:10D59000FFFFFFFFFFFFFFFFFFFFFFFFFFFFFFFF9B
:10D5A000FFFFFFFFFFFFFFFFFFFFFFFFFFFFFFFF8B
:10D5B000FFFFFFFFFFFFFFFFFFFFFFFFFFFFFFFF7B
:10D5C000FFFFFFFFFFFFFFFFFFFFFFFFFFFFFFFF6B
:10D5D000FFFFFFFFFFFFFFFFFFFFFFFFFFFFFFFF5B
:10D5E000FFFFFFFFFFFFFFFFFFFFFFFFFFFFFFFF4B
:10D5F000FFFFFFFFFFFFFFFFFFFFFFFFFFFFFFFF3B
:10D60000FFFFFFFFFFFFFFFFFFFFFFFFFFFFFFFF2A
:10D61000FFFFFFFFFFFFFFFFFFFFDBFFFFFFFFFF3E
:10D62000FFFFFFFFFFFFFFFFFFFFFFFFFFFFFFFF0A
:10D63000FFFFFFFFFFFFFFFFFFFFFFFFFFFFFFFFFA
:10D64000FFFFFFFFFFFFFFFFFFFFFFFFFFFFFFFFEA
:10D65000FFFFFFFFFFFFFFFFFFB64949B6FFFFFFD8
:10D66000FFFFFFFFFFFFFFFFFFFFFFB64949DBFFA3
:10D67000FFFFFFFFFFFFFFFFFFFFFFFFFFFFFFFFBA
:10D68000FFFFFFFFFFFFFFFFFFFFFFFFFFFFFFFFAA
:10D69000FFFFFFFFFFFFFFFFFFB6240049DBDBFFBB
:10D6A000FFFFFFFFFFFFFFFFFFDBB6490024B6FFD0
:10D6B000FFFFFFFFFFFFFFFFFFFFFFFFFFFFFFFF7A
:10D6C000FFFFFFFFFFFFFFFFFFFFFFFFFFFFFFFF6A
:10D6D000FFFFFFFFFFFFFFFFFFFF6D2400496DFF0E
:10D6E000FFFFFFFFFFFFFFFFDB6D4900246DFFFF22
:10D6F000FFFFFFFFFFFFFFFFFFFFFFFFFFFFFFFF3A
:10D70000FFFFFFFFFFFFFFFFFFFFFFFFFFFFFFFF29
:10D71000FFFFFFFFFFFFFFFFFFFFFF6D2400246DF2
:10D72000FFFFFFFFFFFFFFDB6D2400246DFFFFFF06
:10D73000FFFFFFFFFFFFFFFFFFFFFFFFFFFFFFFFF9
:10D74000FFFFFFFFFFFFFFFFFFFFFFFFFFFFFFFFE9
:10D75000FFFFFFFFFFFFFFFFFFFFFFDB6D24002444
:10D760006DFFFFFFFFFFDB6D2400246DFFFFFFFF58
:10D77000FFFFFFFFFFFFFFFFFFFFFFFFFFFFFFFFB9
:10D78000FFFFFFFFFFFFFFFFFFFFFFFFFFFFFFFFA9
:10D79000FFFFFFFFFFFFFFFFFFFFFFFFDB6D490004
:10D7A000246DFFFFFFDB6D2400496DFFFFFFFFFFCE
:10D7B000FFFFFFFFFFFFFFFFFFFFFFFFFFFFFFFF79
:10D7C000FFFFFFFFFFFFFFFFFFFFFFFFFFFFFFFF69
:10D7D000FFFFFFFFFFFFFFFFFFFFFFFFFFDBB6497C
:10D7E00000246DDBDB6D240049DBFFFFFFFFFFFF43
:10D7F000FFFFFFFFFFFFFFFFFFFFFFFFFFFFFFFF39
:10D80000FFFFFFFFFFFFFFFFFFFFFFFFFFFFFFFF28
:10D81000FFFFFFFFFFFFFFFFFFFFFFFFFFFFFFB661
:10D820004900244949240049DBFFFFFFFFFFFFFFB8
:10D83000FFFFFFFFFFFFFFFFFFFFFFFFFFFFFFFFF8
:10D84000FFFFFFFFFFFFFFFFFFFFFFFFFFFFFFFFE8
:10D85000FFFFFFFFFFFFFFFFFFFFFFFFFFFFFFFFD8
:10D86000B6490000000049DBFFFFFFFFFFFFFFFF9D
:10D87000FFFFFFFFFFFFFFFFFFFFFFFFFFFFFFFFB8
:10D88000FFFFFFFFFFFFFFFFFFFFFFFFFFFFFFFFA8
:10D89000FFFFFFFFFFFFFFFFFFFFFFFFFFFFFFFF98
:10D8A000FF6D0000000092FFFFFFFFFFFFFFFFFF83
:10D8B000FFFFFFFFFFFFFFFFFFFFFFFFFFFFFFFF78
:10D8C000FFFFFFFFFFFFFFFFFFFFFFFFFFFFFFFF68
:10D8D000FFFFFFFFFFFFFFFFFFFFFFFFFFFFFFFF58
:10D8E00092240000000024B6FFFFFFFFFFFFFFFFB0
:10D8F000FFFFFFFFFFFFFFFFFFFFFFFFFFFFFFFF38
:10D90000FFFFFFFFFFFFFFFFFFFFFFFFFFFFFFFF27
:10D91000FFFFFFFFFFFFFFFFFFFFFFFFFFFFFF9284
:10D920002400246D6D240024B6FFFFFFFFFFFFFFDE
:10D93000FFFFFFFFFFFFFFFFFFFFFFFFFFFFFFFFF7
:10D94000FFFFFFFFFFFFFFFFFFFFFFFFFFFFFFFFE7
:10D95000FFFFFFFFFFFFFFFFFFFFFFFFFFDB922443
:10D96000002492FFFF92240024B6DBFFFFFFFFFF9D
:10D97000FFFFFFFFFFFFFFFFFFFFFFFFFFFFFFFFB7
:10D98000FFFFFFFFFFFFFFFFFFFFFFFFFFFFFFFFA7
:10D99000FFFFFFFFFFFFFFFFFFFFFFFFDB4924004B
:10D9A0002492FFFFFFFF9224002449DBFFFFFFFFCB
:10D9B000FFFFFFFFFFFFFFFFFFFFFFFFFFFFFFFF77
:10D9C000FFFFFFFFFFFFFFFFFFFFFFFFFFFFFFFF67
:10D9D000FFFFFFFFFFFFFFFFFFFFFFDB490000240A
:10D9E00092FFFFFFFFFFFF9224000049DBFFFFFFD4
:10D9F000FFFFFFFFFFFFFFFFFFFFFFFFFFFFFFFF37
:10DA0000FFFFFFFFFFFFFFFFFFFFFFFFFFFFFFFF26
:10DA1000FFFFFFFFFFFFFFFFFFFFDB490024249212
:10DA2000FFFFFFFFFFFFFFFF9224000049DBFFFF26
:10DA3000FFFFFFFFFFFFFFFFFFFFFFFFFFFFFFFFF6
:10DA4000FFFFFFFFFFFFFFFFFFFFFFFFFFFFFFFFE6
:10DA5000FFFFFFFFFFFFFFFFFFDB4900006D92FFAD
:10DA6000FFFFFFFFFFFFFFFFFF9249000049DBFFC1
:10DA7000FFFFFFFFFFFFFFFFFFFFFFFFFFFFFFFFB6
:10DA8000FFFFFFFFFFFFFFFFFFFFFFFFFFFFFFFFA6
:10DA9000FFFFFFFFFFFFFFFFFF9200006DFFFFFF93
:10DAA000FFFFFFFFFFFFFFFFFFFFDB490024B6FF83
:10DAB000FFFFFFFFFFFFFFFFFFFFFFFFFFFFFFFF76
:10DAC000FFFFFFFFFFFFFFFFFFFFFFFFFFFFFFFF66
:10DAD000FFFFFFFFFFFFFFFFFFDB6D6DFFFFFFFF9E
:10DAE000FFFFFFFFFFFFFFFFFFFFFFDB6D6DDBFFB2
:10DAF000FFFFFFFFFFFFFFFFFFFFFFFFFFFFFFFF36
:10DB0000FFFFFFFFFFFFFFFFFFFFFFFFFFFFFFFF25
:10DB1000FFFFFFFFFFFFFFFFFFFFFFFFFFFFFFFF15
:10DB2000FFFFFF4949FFFFFFFFFFFFFFFFFFFFFF71
:10DB3000FFFFFFFFFFFFFFFFFFFFFFFFFFFFFFFFF5
:10DB4000FFFFFFFFFFFFFFFFFFFFFFFFFFFFFFFFE5
:10DB5000FFFFFFFFFFFFFFFFFFFFFFFFFFFFFFFFD5
:10DB6000FFFFDB0000DBFFFFFFFFFFFFFFFFFFFF0B
:10DB7000FFFFFFFFFFFFFFFFFFFFFFFFFFFFFFFFB5
:10DB8000FFFFFFFFFFFFFFFFFFFFFFFFFFFFFFFFA5
:10DB9000FFFFFFFFFFFFFFFFFFFFFFFFFFFFFFFF95
:10DBA000FFFFDB0000DBFFFFFFFFFFFFFFFFFFFFCB
:10DBB000FFFFFFFFFFFFFFFFFFFFFFFFFFFFFFFF75
:10DBC000FFFFFFFFFFFFFFFFFFFFFFFFFFFFFFFF65
:10DBD000FFFFFFFFFFFFFFFFFFFFFFFFFFFFFFFF55
:10DBE000FFFFDB0000DBFFFFFFFFFFFFFFFFFFFF8B
:10DBF000FFFFFFFFFFFFFFFFFFFFFFFFFFFFFFFF35
:10DC0000FFFFFFFFFFFFFFFFFFFFFFFFFFFFFFFF24
:10DC1000FFFFFFFFFFFFFFFFFFFFFFFFFFFFFFFF14
:10DC2000FFFFDB0000DBFFFFFFFFFFFFFFFFFFFF4A
:10DC3000FFFFFFFFFFFFFFFFFFFFFFFFFFFFFFFFF4
:10DC4000FFFFFFFFFFFFFFFFFFFFFFFFFFFFFFFFE4
:10DC5000FFFFFFFFFFFFFFFFFFFFFFFFFFFFFFFFD4
:10DC6000FFFFDB0000DBFFFFFFFFFFFFFFFFFFFF0A
:10DC7000FFFFFFFFFFFFFFFFFFFFFFFFFFFFFFFFB4
:10DC8000FFFFFFFFFFFFFFFFFFFFFFFFFFFFFFFFA4
:10DC9000FFFFFFFFFFFFFFFFFFFFFFFFFFFFFFFF94
:10DCA000FFFFDB0000DBFFFFFFFFFFFFFFFFFFFFCA
:10DCB000FFFFFFFFFFFFFFFFFFFFFFFFFFFFFFFF74
:10DCC000FFFFFFFFFFFFFFFFFFFFFFFFFFFFFFFF64
:10DCD000FFFFFFFFFFFFFFFFFFFFFFFFFFFFFFFF54
:10DCE000FFFFDB0000DBFFFFFFFFFFFFFFFFFFFF8A
:10DCF000FFFFFFFFFFFFFFFFFFFFFFFFFFFFFFFF34
:10DD0000FFFFFFFFFFFFFFFFFFFFFFFFFFFFFFFF23
:10DD1000FFFFFFFFFFFFFFFFFFFFFFFFFFFFFFFF13
:10DD2000FFFFDB0000DBFFFFFFFFFFFFFFFFFFFF49
:10DD3000FFFFFFFFFFFFFFFFFFFFFFFFFFFFFFFFF3
:10DD4000FFFFFFFFFFFFFFFFFFFFFFFFFFFFFFFFE3
:10DD5000FFFFFFFFFFFFFFFFFFFFFFFFFFFFFFFFD3
:10DD6000FFFFDB0000DBFFFFFFFFFFFFFFFFFFFF09
:10DD7000FFFFFFFFFFFFFFFFFFFFFFFFFFFFFFFFB3
:10DD8000FFFFFFFFFFFFFFFFFFFFFFFFFFFFFFFFA3
:10DD9000FFFFFFFFFFFFFFFFFFFFFFFFFFFFFFFF93
:10DDA000FFFFDB0000DBFFFFFFFFFFFFFFFFFFFFC9
:10DDB000FFFFFFFFFFFFFFFFFFFFFFFFFFFFFFFF73
:10DDC000FFFFFFFFFFFFFFFFFFFFFFFFFFFFFFFF63
:10DDD000FFFFFFFFFFFFFFFFFFFFFFFFFFFFFFFF53
:10DDE000FFFFDB0000DBFFFFFFFFFFFFFFFFFFFF89
:10DDF000FFFFFFFFFFFFFFFFFFFFFFFFFFFFFFFF33
:10DE0000FFFFFFFFFFFFFFFFFFFFFFFFFFFFFFFF22
:10DE1000FFFFFFFFFFFFFFFFFFFFFFFFFFFFFFFF12
:10DE2000FFFFDB0000DBFFFFFFFFFFFFFFFFFFFF48
:10DE3000FFFFFFFFFFFFFFFFFFFFFFFFFFFFFFFFF2
:10DE4000FFFFFFFFFFFFFFFFFFFFFFFFFFFFFFFFE2
:10DE5000FFFFFFFFFFFFFFFFFFFFFFFFFFFFFFFFD2
:10DE6000FFFFDB0000DBFFFFFFFFFFFFFFFFFFFF08
:10DE7000FFFFFFFFFFFFFFFFFFFFFFFFFFFFFFFFB2
:10DE8000FFFFFFFFFFFFFFFFFFFFFFFFFFFFFFFFA2
:10DE9000FFFFFFFFFFFFFFFFFFFFFFFFFFFFFFFF92
:10DEA000FFFFDB0000DBFFFFFFFFFFFFFFFFFFFFC8
:10DEB000FFFFFFFFFFFFFFFFFFFFFFFFFFFFFFFF72
:10DEC000FFFFFFFFFFFFFFFFFFFFFFFFFFFFFFFF62
:10DED000FFFFFFFFFFFFFFFFFFFFFFFFFFFFFFFF52
:10DEE000FFFFDB0000DBFFFFFFFFFFFFFFFFFFFF88
:10DEF000FFFFFFFFFFFFFFFFFFFFFFFFFFFFFFFF32
:10DF0000FFFFFFFFFFFFFFFFFFFFFFFFFFFFFFFF21
:10DF1000FFFFFFFFFFFFFFFFFFFFFFFFFFFFFFFF11
:10DF2000FFFFDB0000DBFFFFFFFFFFFFFFFFFFFF47
:10DF3000FFFFFFFFFFFFFFFFFFFFFFFFFFFFFFFFF1
:10DF4000FFFFFFFFFFFFFFFFFFFFFFFFFFFFFFFFE1
:10DF5000FFFFFFFFFFFFFFFFFFFFFFFFFFFFFFFFD1
:10DF6000FFFFDB0000DBFFFFFFFFFFFFFFFFFFFF07
:10DF7000FFFFFFFFFFFFFFFFFFFFFFFFFFFFFFFFB1
:10DF8000FFFFFFFFFFFFFFFFFFFFFFFFFFFFFFFFA1
:10DF9000FFFFFFFFFFFFFFFFFFFFFFFFFFFFFFFF91
:10DFA000FFFFDB0000DBFFFFFFFFFFFFFFFFFFFFC7
:10DFB000FFFFFFFFFFFFFFFFFFFFFFFFFFFFFFFF71
:10DFC000FFFFFFFFFFFFFFFFFFFFFFFFFFFFFFFF61
:10DFD000FFFFFFFFFFFFFFFFFFFFFFFFFFFFFFFF51
:10DFE000FFFFDB0000DBFFFFFFFFFFFFFFFFFFFF87
:10DFF000FFFFFFFFFFFFFFFFFFFFFFFFFFFFFFFF31
:10E00000FFFFFFFFFFFFFFFFFFFFFFFFFFFFFFFF20
:10E01000FFFFFFFFFFFFFFFFFFFFFFFFFFFFFFFF10
:10E02000FFFFDB0000DBFFFFFFFFFFFFFFFFFFFF46
:10E03000FFFFFFFFFFFFFFFFFFFFFFFFFFFFFFFFF0
:10E04000FFFFFFFFFFB64949494949494949494945
:10E050004949494949494949496DDBFFFFFFFFFFEC
:10E06000FFFFDB0000DBFFFFFFFFFFFFFFDB6D4972
:10E070004949494949494949494949494949494910
:10E080004949B6FF920000000000000000000000B7
:10E09000000000000000000000006DFFFFFFFFFF18
:10E0A000FFFFDB0000DBFFFFFFFFFFFFFF6D000056
:10E0B0000000000000000000000000000000000060
:10E0C000000000922400000000000000000000009A
:10E0D00000000000000000000024B6FFFFFFFFFF6B
:10E0E000FFFFDB0000DBFFFFFFFFFFFFFFB62400A9
:10E0F0000000000000000000000000000000000020
:10E1000000000024000049FFFFFFFFFFFFFFFFFFAB
:10E11000FFFFFFFFFFFFFFFFFFFFFFFFFFFFFFFF0F
:10E12000FFFFDB0000DBFFFFFFFFFFFFFFFFFFFF45
:10E13000FFFFFFFFFFFFFFFFFFFFFFFFFFFFFFFFEF
:10E14000FF490000000049FFFFFFFFFFFFFFFFFF47
:10E15000FFFFFFFFFFFFFFFFFFFFFFFFFFFFFFFFCF
:10E16000FFFFDB0000DBFFFFFFFFFFFFFFFFFFFF05
:10E17000FFFFFFFFFFFFFFFFFFFFFFFFFFFFFFFFAF
:10E18000FF490000000049FFFFFFFFFFFFFFFFFF07
:10E19000FFFFFFFFFFFFFFFFFFFFFFFFFFFFFFFF8F
:10E1A000FFFFDB0000DBFFFFFFFFFFFFFFFFFFFFC5
:10E1B000FFFFFFFFFFFFFFFFFFFFFFFFFFFFFFFF6F
:10E1C000FF490000000049FFFFFFFFFFFFFFFFFFC7
:10E1D000FFFFFFFFFFFFFFFFFFFFFFFFFFFFFFFF4F
:10E1E000FFFFDB0000DBFFFFFFFFFFFFFFFFFFFF85
:10E1F000FFFFFFFFFFFFFFFFFFFFFFFFFFFFFFFF2F
:10E20000FF490000000049FFFFFFFFFFFFFFFFFF86
:10E21000FFFFFFFFFFFFFFFFFFFFFFFFFFFFFFFF0E
:10E22000FFFFDB0000DBFFFFFFFFFFFFFFFFFFFF44
:10E23000FFFFFFFFFFFFFFFFFFFFFFFFFFFFFFFFEE
:10E24000FF490000000049FFFFFFFFFFFFFFFFFF46
:10E25000FFFFFFFFFFFFFFFFFFFFFFFFFFFFFFFFCE
:10E26000FFFFDB0000DBFFFFFFFFFFFFFFFFFFFF04
:10E27000FFFFFFFFFFFFFFFFFFFFFFFFFFFFFFFFAE
:10E28000FF490000000049FFFFFFFFFFFFFFFFFF06
:10E29000FFFFFFFFFFFFFFFFFFFFFFFFFFFFFFFF8E
:10E2A000FFFFDB0000DBFFFFFFFFFFFFFFFFFFFFC4
:10E2B000FFFFFFFFFFFFFFFFFFFFFFFFFFFFFFFF6E
:10E2C000FF490000000049FFFFFFFFFFFFFFFFFFC6
:10E2D000FFFFFFFFFFFFFFFFFFFFFFFFFFFFFFFF4E
:10E2E000FFFFDB0000DBFFFFFFFFFFFFFFFFFFFF84
:10E2F000FFFFFFFFFFFFFFFFFFFFFFFFFFFFFFFF2E
:10E30000FF490000000049FFFFFFFFFFFFFFFFFF85
:10E31000FFFFFFFFFFFFFF4949DBFFFFFFFFFFFF9D
:10E32000FFFFDB0000DBFFFFFFFFFFFFFFFFDB491D
:10E3300049FFFFFFFFFFFFFFFFFFFFFFFFFFFFFFA3
:10E34000FF490000000049FFFFFFFFFFFFFFFFFF45
:10E35000FFFFFFFFFFFFDB240049FFFFFFFFFFFF81
:10E36000FFFFDB0000DBFFFFFFFFFFFFFFFF4900B8
:10E3700024DBFFFFFFFFFFFFFFFFFFFFFFFFFFFFAC
:10E38000FF490000000049FFFFFFFFFFFFFFFFFF05
:10E39000FFFFFFFFFFFFFF49000049FFFFFFFFFFF7
:10E3A000FFFFDB0000DBFFFFFFFFFFFFFF49000077
:10E3B00049FFFFFFFFFFFFFFFFFFFFFFFFFFFFFF23
:10E3C000FF490000000049FFFFFFFFFFFFFFFFFFC5
:10E3D000FFFFFFFFFFFFFFFF49000049FFFFFFFFB7
:10E3E000FFFFDB0000DBFFFFFFFFFFFF49000049ED
:10E3F000FFFFFFFFFFFFFFFFFFFFFFFFFFFFFFFF2D
:10E40000FF490000000049FFFFFFFFFFFFFFFFFF84
:10E41000FFFFFFFFFFFFFFFFFF4900006DFFFFFF52
:10E42000FFFFDB0000DBFFFFFFFFFF6D000049FF88
:10E43000FFFFFFFFFFFFFFFFFFFFFFFFFFFFFFFFEC
:10E44000FF490000000049FFFFFFFFFFFFFFFFFF44
:10E45000FFFFFFFFFFFFFFFFFFDB24002492FFFF12
:10E46000FFFFDB0000DBFFFFFFFF92240024DBFF48
:10E47000FFFFFFFFFFFFFFFFFFFFFFFFFFFFFFFFAC
:10E48000FF490000000049FFFFFFFFFFFFFFFFFF04
:10E49000FFFFFFFFFFFFFFFFFFFFDB24000092FFF6
:10E4A000FFFFDB0000DBFFFFFF92000024DBFFFF2C
:10E4B000FFFFFFFFFFFFFFFFFFFFFFFFFFFFFFFF6C
:10E4C000FF490000000049FFFFFFFFFFFFFFFFFFC4
:10E4D000FFFFFFFFFFFFFFFFFFFFFFB6240024B693
:10E4E000FFFFDB0000DBFFFFB6240024B6FFFFFFC9
:10E4F000FFFFFFFFFFFFFFFFFFFFFFFFFFFFFFFF2C
:10E50000FF490000000049FFFFFFFFFFFFFFFFFF83
:10E51000FFFFFFFFFFFFFFFFFFFFFFFFB624002409
:10E52000B6FFDB0000DBFFB6240024B6FFFFFFFFD1
:10E53000FFFFFFFFFFFFFFFFFFFFFFFFFFFFFFFFEB
:10E54000FF490000000049FFFFFFFFFFFFFFFFFF43
:10E55000FFFFFFFFFFFFFFFFFFFFFFFFFF92000036
:10E5600024DBDB0000DBDB24000092FFFFFFFFFF6A
:10E57000FFFFFFFFFFFFFFFFFFFFFFFFFFFFFFFFAB
:10E58000FF490000000049FFFFFFFFFFFFFFFFFF03
:10E59000FFFFFFFFFFFFFFFFFFFFFFFFFFFF9224D3
:10E5A0000024B60000B624002492FFFFFFFFFFFF07
:10E5B000FFFFFFFFFFFFFFFFFFFFFFFFFFFFFFFF6B
:10E5C000FF490000000049FFFFFFFFFFFFFFFFFFC3
:10E5D000FFFFFFFFFFFFFFFFFFFFFFFFFFFFFF6DDD
:10E5E00000002400002400006DFFFFFFFFFFFFFF7D
:10E5F000FFFFFFFFFFFFFFFFFFFFFFFFFFFFFFFF2B
:10E60000FF490000000049FFFFFFFFFFFFFFFFFF82
:10E61000FFFFFFFFFFFFFFFFFFFFFFFFFFFFFFFF0A
:10E620004900000000000049FFFFFFFFFFFFFFFF60
:10E63000FFFFFFFFFFFFFFFFFFFFFFFFFFFFFFFFEA
:10E64000FF490000000049FFFFFFFFFFFFFFFFFF42
:10E65000FFFFFFFFFFFFFFFFFFFFFFFFFFFFFFFFCA
:10E66000FF490000000049FFFFFFFFFFFFFFFFFF22
:10E67000FFFFFFFFFFFFFFFFFFFFFFFFFFFFFFFFAA
:10E68000FF490000000049FFFFFFFFFFFFFFFFFF02
:10E69000FFFFFFFFFFFFFFFFFFFFFFFFFFFFFFFF8A
:10E6A000FFFF49000049FFFFFFFFFFFFFFFFFFFFE4
:10E6B000FFFFFFFFFFFFFFFFFFFFFFFFFFFFFFFF6A
:10E6C000FF490000000049FFFFFFFFFFFFFFFFFFC2
:10E6D000FFFFFFFFFFFFFFFFFFFFFFFFFFFFFFFF4A
:10E6E000FFFFDB4949DBFFFFFFFFFFFFFFFFFFFFEE
:10E6F000FFFFFFFFFFFFFFFFFFFFFFFFFFFFFFFF2A
:10E70000FF490000000049FFFFFFFFFFFFFFFFFF81
:10E71000FFFFFFFFFFFFFFFFFFFFFFFFFFFFFFFF09
:10E72000FFFFFFFFFFFFFFFFFFFFFFFFFFFFFFFFF9
:10E73000FFFFFFFFFFFFFFFFFFFFFFFFFFFFFFFFE9
:10E74000FF490000000049FFFFFFFFFFFFFFFFFF41
:10E75000FFFFFFFFFFFFFFFFFFFFFFFFFFFFFFFFC9
:10E76000FFFFFFFFFFFFFFFFFFFFFFFFFFFFFFFFB9
:10E77000FFFFFFFFFFFFFFFFFFFFFFFFFFFFFFFFA9
:10E78000FF490000000049FFFFFFFFFFFFFFFFFF01
:10E79000FFFFFFFFFFFFFFFFFFFFFFFFFFFFFFFF89
:10E7A000FFFFFFFFFFFFFFFFFFFFFFFFFFFFFFFF79
:10E7B000FFFFFFFFFFFFFFFFFFFFFFFFFFFFFFFF69
:10E7C000FF490000000049FFFFFFFFFFFFFFFFFFC1
:10E7D000FFFFFFFFFFFFFFFFFFFFFFFFFFFFFFFF49
:10E7E000FFFFFFFFFFFFFFFFFFFFFFFFFFFFFFFF39
:10E7F000FFFFFFFFFFFFFFFFFFFFFFFFFFFFFFFF29
:10E80000FF490000000049FFFFFFFFFFFFFFFFFF80
:10E81000FFFFFFFFFFFFFFFFFFFFFFFFFFFFFFFF08
:10E82000FFFFFFFFFFFFFFFFFFFFFFFFFFFFFFFFF8
:10E83000FFFFFFFFFFFFFFFFFFFFFFFFFFFFFFFFE8
:10E84000FF490000000049FFFFFFFFFFFFFFFFFF40
:10E85000FFFFFFFFFFFFFFFFFFFFFFFFFFFFFFFFC8
:10E86000FFFFFFFFFFFFFFFFFFFFFFFFFFFFFFFFB8
:10E87000FFFFFFFFFFFFFFFFFFFFFFFFFFFFFFFFA8
:10E88000FF490000000049FFFFFFFFFFFFFFFFFF00
:10E89000FFFFFFFFFFFFFFFFFFFFFFFFFFFFFFFF88
:10E8A000FFFFFFFFFFFFFFFFFFFFFFFFFFFFFFFF78
:10E8B000FFFFFFFFFFFFFFFFFFFFFFFFFFFFFFFF68
:10E8C000FF490000000049FFFFFFFFFFFFFFFFFFC0
:10E8D000FFFFFFFFFFFFFFFFFFFFFFFFFFFFFFFF48
:10E8E000FFFFFFFFFFFFFFFFFFFFFFFFFFFFFFFF38
:10E8F000FFFFFFFFFFFFFFFFFFFFFFFFFFFFFFFF28
:10E90000FF490000000049FFFFFFFFFFFFFFFFFF7F
:10E91000FFFFFFFFFFFFFFFFFFFFFFFFFFFFFFFF07
:10E92000FFFFFFFFFFFFFFFFFFFFFFFFFFFFFFFFF7
:10E93000FFFFFFFFFFFFFFFFFFFFFFFFFFFFFFFFE7
:10E94000FF490000000049FFFFFFFFFFFFFFFFFF3F
:10E95000FFFFFFFFFFFFFFFFFFFFFFFFFFFFFFFFC7
:10E96000FFFFFFFFFFFFFFFFFFFFFFFFFFFFFFFFB7
:10E97000FFFFFFFFFFFFFFFFFFFFFFFFFFFFFFFFA7
:10E98000FF490000000049FFFFFFFFFFFFFFFFFFFF
:10E99000FFFFFFFFFFFFFFFFFFFFFFFFFFFFFFFF87
:10E9A000FFFFFFFFFFFFFFFFFFFFFFFFFFFFFFFF77
:10E9B000FFFFFFFFFFFFFFFFFFFFFFFFFFFFFFFF67
:10E9C000FF490000000049FFFFFFFFFFFFFFFFFFBF
:10E9D000FFFFFFFFFFFFFFFFFFFFFFFFFFFFFFFF47
:10E9E000FFFFFFFFFFFFFFFFFFFFFFFFFFFFFFFF37
:10E9F000FFFFFFFFFFFFFFFFFFFFFFFFFFFFFFFF27
:10EA0000FF490000000049FFFFFFFFFFFFFFFFFF7E
:10EA1000FFFFFFFFFFFFFFFFFFFFFFFFFFFFFFFF06
:10EA2000FFFFFFFFFFFFFFFFFFFFFFFFFFFFFFFFF6
:10EA3000FFFFFFFFFFFFFFFFFFFFFFFFFFFFFFFFE6
:10EA4000FF490000240024494949494949494949A5
:10EA50004949494949494949494949494949494926
:10EA60004949494949494949494949494949494916
:10EA70004949494949494949494949494949494906
:10EA8000492400246D000000000000000000000088
:10EA90000000000000000000000000000000000076
:10EAA0000000000000000000000000000000000066
:10EAB0000000000000000000000000000000000056
:10EAC0000000006DFF6D2400000000000000000049
:10EAD0000000000000000000000000000000000036
:10EAE0000000000000000000000000000000000026
:10EAF0000000000000000000000000000000000016
:10EB000000246DFFFFFFFFFFFFFFFFFFFFFFFFFF81
:10EB1000FFFFFFFFFFFFFFFFFFFFFFFFFFFFFFFF05
:10EB2000FFFFDB4949DBFFFFFFFFFFFFFFFFFFFFA9
:10EB3000FFFFFFFFFFFFFFFFFFFFFFFFFFFFFFFFE5
:10EB4000FFFFFFFFFFFFFFFFFFFFFFFFFFFFFFFFD5
:10EB5000FFFFFFFFFFFFFFFFFFFFFFFFFFFFFFFFC5
:10EB6000FFFF49000049FFFFFFFFFFFFFFFFFFFF1F
:10EB7000FFFFFFFFFFFFFFFFFFFFFFFFFFFFFFFFA5
:10EB8000FFFFFFFFFFFFFFFFFFFFFFFFFFFFFFFF95
:10EB9000FFFFFFFFFFFFFFFFFFFFFFFFFFFFFFFF85
:10EBA000FF490000000049FFFFFFFFFFFFFFFFFFDD
:10EBB000FFFFFFFFFFFFFFFFFFFFFFFFFFFFFFFF65
:10EBC000FFFFFFFFFFFFFFFFFFFFFFFFFFFFFFFF55
:10EBD000FFFFFFFFFFFFFFFFFFFFFFFFFFFFFFFF45
:10EBE0004900000000000049FFFFFFFFFFFFFFFF9B
:10EBF000FFFFFFFFFFFFFFFFFFFFFFFFFFFFFFFF25
:10EC0000FFFFFFFFFFFFFFFFFFFFFFFFFFFFFFFF14
:10EC1000FFFFFFFFFFFFFFFFFFFFFFFFFFFFFF6D96
:10EC200000002400002400006DFFFFFFFFFFFFFF36
:10EC3000FFFFFFFFFFFFFFFFFFFFFFFFFFFFFFFFE4
:10EC4000FFFFFFFFFFFFFFFFFFFFFFFFFFFFFFFFD4
:10EC5000FFFFFFFFFFFFFFFFFFFFFFFFFFFF92240C
:10EC60000024B60000B624002492FFFFFFFFFFFF40
:10EC7000FFFFFFFFFFFFFFFFFFFFFFFFFFFFFFFFA4
:10EC8000FFFFFFFFFFFFFFFFFFFFFFFFFFFFFFFF94
:10EC9000FFFFFFFFFFFFFFFFFFFFFFFFFF920000EF
:10ECA00024DBDB0000DBDB24000092FFFFFFFFFF23
:10ECB000FFFFFFFFFFFFFFFFFFFFFFFFFFFFFFFF64
:10ECC000FFFFFFFFFFFFFFFFFFFFFFFFFFFFFFFF54
:10ECD000FFFFFFFFFFFFFFFFFFFFFFFFB624002442
:10ECE000B6FFDB0000DBFFB6240024B6FFFFFFFF0A
:10ECF000FFFFFFFFFFFFFFFFFFFFFFFFFFFFFFFF24
:10ED0000FFFFFFFFFFFFFFFFFFFFFFFFFFFFFFFF13
:10ED1000FFFFFFFFFFFFFFFFFFFFFFB6240024B64A
:10ED2000FFFFDB0000DBFFFFB6240024B6FFFFFF80
:10ED3000FFFFFFFFFFFFFFFFFFFFFFFFFFFFFFFFE3
:10ED4000FFFFFFFFFFFFFFFFFFFFFFFFFFFFFFFFD3
:10ED5000FFFFFFFFFFFFFFFFFFFFDB24000092FF2D
:10ED6000FFFFDB0000DBFFFFFF92000024DBFFFF63
:10ED7000FFFFFFFFFFFFFFFFFFFFFFFFFFFFFFFFA3
:10ED8000FFFFFFFFFFFFFFFFFFFFFFFFFFFFFFFF93
:10ED9000FFFFFFFFFFFFFFFFFFDB24002492FFFFC9
:10EDA000FFFFDB0000DBFFFFFFFF92240024DBFFFF
:10EDB000FFFFFFFFFFFFFFFFFFFFFFFFFFFFFFFF63
:10EDC000FFFFFFFFFFFFFFFFFFFFFFFFFFFFFFFF53
:10EDD000FFFFFFFFFFFFFFFFFF4900006DFFFFFF89
:10EDE000FFFFDB0000DBFFFFFFFFFF6D000049FFBF
:10EDF000FFFFFFFFFFFFFFFFFFFFFFFFFFFFFFFF23
:10EE0000FFFFFFFFFFFFFFFFFFFFFFFFFFFFFFFF12
:10EE1000FFFFFFFFFFFFFFFF49000049FFFFFFFF6C
:10EE2000FFFFDB0000DBFFFFFFFFFFFF49000049A2
:10EE3000FFFFFFFFFFFFFFFFFFFFFFFFFFFFFFFFE2
:10EE4000FFFFFFFFFFFFFFFFFFFFFFFFFFFFFFFFD2
:10EE5000FFFFFFFFFFFFFF49000049FFFFFFFFFF2C
:10EE6000FFFFDB0000DBFFFFFFFFFFFFFF490000AC
:10EE700049FFFFFFFFFFFFFFFFFFFFFFFFFFFFFF58
:10EE8000FFFFFFFFFFFFFFFFFFFFFFFFFFFFFFFF92
:10EE9000FFFFFFFFFFFFDB240049FFFFFFFFFFFF36
:10EEA000FFFFDB0000DBFFFFFFFFFFFFFFFF49006D
:10EEB00024DBFFFFFFFFFFFFFFFFFFFFFFFFFFFF61
:10EEC000FFFFFFFFFFFFFFFFFFFFFFFFFFFFFFFF52
:10EED000FFFFFFFFFFFFFF4949DBFFFFFFFFFFFFD2
:10EEE000FFFFDB0000DBFFFFFFFFFFFFFFFFDB4952
:10EEF00049FFFFFFFFFFFFFFFFFFFFFFFFFFFFFFD8
:10EF0000FFFFFFFFFFFFFFFFFFFFFFFFFFFFFFFF11
:10EF1000FFFFFFFFFFFFFFFFFFFFFFFFFFFFFFFF01
:10EF2000FFFFDB0000DBFFFFFFFFFFFFFFFFFFFF37
:10EF3000FFFFFFFFFFFFFFFFFFFFFFFFFFFFFFFFE1
:10EF4000FFFFFFFFFFFFFFFFFFFFFFFFFFFFFFFFD1
:10EF5000FFFFFFFFFFFFFFFFFFFFFFFFFFFFFFFFC1
:10EF6000FFFFDB0000DBFFFFFFFFFFFFFFFFFFFFF7
:10EF7000FFFFFFFFFFFFFFFFFFFFFFFFFFFFFFFFA1
:10EF8000FFFFFFFFFFFFFFFFFFFFFFFFFFFFFFFF91
:10EF9000FFFFFFFFFFFFFFFFFFFFFFFFFFFFFFFF81
:10EFA000FFFFDB0000DBFFFFFFFFFFFFFFFFFFFFB7
:10EFB000FFFFFFFFFFFFFFFFFFFFFFFFFFFFFFFF61
:10EFC000FFFFFFFFFFFFFFFFFFFFFFFFFFFFFFFF51
:10EFD000FFFFFFFFFFFFFFFFFFFFFFFFFFFFFFFF41
:10EFE000FFFFDB0000DBFFFFFFFFFFFFFFFFFFFF77
:10EFF000FFFFFFFFFFFFFFFFFFFFFFFFFFFFFFFF21
:10F00000FFFFFFFFFFFFFFFFFFFFFFFFFFFFFFFF10
:10F01000FFFFFFFFFFFFFFFFFFFFFFFFFFFFFFFF00
:10F02000FFFFDB0000DBFFFFFFFFFFFFFFFFFFFF36
:10F03000FFFFFFFFFFFFFFFFFFFFFFFFFFFFFFFFE0
:10F04000FFFFFFFFFFB64949494949494949494935
:10F050004949494949494949496DDBFFFFFFFFFFDC
:10F06000FFFFDB0000DBFFFFFFFFFFFFFFDB6D4962
:10F070004949494949494949494949494949494900
:10F080004949B6FF920000000000000000000000A7
:10F09000000000000000000000006DFFFFFFFFFF08
:10F0A000FFFFDB0000DBFFFFFFFFFFFFFF6D000046
:10F0B0000000000000000000000000000000000050
:10F0C000000000922400000000000000000000008A
:10F0D00000000000000000000024B6FFFFFFFFFF5B
:10F0E000FFFFDB0000DBFFFFFFFFFFFFFFB6240099
:10F0F0000000000000000000000000000000000010
:10F1000000000024000049FFFFFFFFFFFFFFFFFF9B
:10F11000FFFFFFFFFFFFFFFFFFFFFFFFFFFFFFFFFF
:10F12000FFFFDB0000DBFFFFFFFFFFFFFFFFFFFF35
:10F13000FFFFFFFFFFFFFFFFFFFFFFFFFFFFFFFFDF
:10F14000FF490000000049FFFFFFFFFFFFFFFFFF37
:10F15000FFFFFFFFFFFFFFFFFFFFFFFFFFFFFFFFBF
:10F16000FFFFDB0000DBFFFFFFFFFFFFFFFFFFFFF5
:10F17000FFFFFFFFFFFFFFFFFFFFFFFFFFFFFFFF9F
:10F18000FF490000000049FFFFFFFFFFFFFFFFFFF7
:10F19000FFFFFFFFFFFFFFFFFFFFFFFFFFFFFFFF7F
:10F1A000FFFFDB0000DBFFFFFFFFFFFFFFFFFFFFB5
:10F1B000FFFFFFFFFFFFFFFFFFFFFFFFFFFFFFFF5F
:10F1C000FF490000000049FFFFFFFFFFFFFFFFFFB7
:10F1D000FFFFFFFFFFFFFFFFFFFFFFFFFFFFFFFF3F
:10F1E000FFFFDB0000DBFFFFFFFFFFFFFFFFFFFF75
:10F1F000FFFFFFFFFFFFFFFFFFFFFFFFFFFFFFFF1F
:10F20000FF490000000049FFFFFFFFFFFFFFFFFF76
:10F21000FFFFFFFFFFFFFFFFFFFFFFFFFFFFFFFFFE
:10F22000FFFFDB0000DBFFFFFFFFFFFFFFFFFFFF34
:10F23000FFFFFFFFFFFFFFFFFFFFFFFFFFFFFFFFDE
:10F24000FF490000000049FFFFFFFFFFFFFFFFFF36
:10F25000FFFFFFFFFFFFFFFFFFFFFFFFFFFFFFFFBE
:10F26000FFFFDB0000DBFFFFFFFFFFFFFFFFFFFFF4
:10F27000FFFFFFFFFFFFFFFFFFFFFFFFFFFFFFFF9E
:10F28000FF490000000049FFFFFFFFFFFFFFFFFFF6
:10F29000FFFFFFFFFFFFFFFFFFFFFFFFFFFFFFFF7E
:10F2A000FFFFDB0000DBFFFFFFFFFFFFFFFFFFFFB4
:10F2B000FFFFFFFFFFFFFFFFFFFFFFFFFFFFFFFF5E
:10F2C000FF490000000049FFFFFFFFFFFFFFFFFFB6
:10F2D000FFFFFFFFFFFFFFFFFFFFFFFFFFFFFFFF3E
:10F2E000FFFFDB0000DBFFFFFFFFFFFFFFFFFFFF74
:10F2F000FFFFFFFFFFFFFFFFFFFFFFFFFFFFFFFF1E
:10F30000FF490000000049FFFFFFFFFFFFFFFFFF75
:10F31000FFFFFFFFFFFFFFFFFFFFFFFFFFFFFFFFFD
:10F32000FFFFDB0000DBFFFFFFFFFFFFFFFFFFFF33
:10F33000FFFFFFFFFFFFFFFFFFFFFFFFFFFFFFFFDD
:10F34000FF490000000049FFFFFFFFFFFFFFFFFF35
:10F35000FFFFFFFFFFFFFFFFFFFFFFFFFFFFFFFFBD
:10F36000FFFFDB0000DBFFFFFFFFFFFFFFFFFFFFF3
:10F37000FFFFFFFFFFFFFFFFFFFFFFFFFFFFFFFF9D
:10F38000FF490000000049FFFFFFFFFFFFFFFFFFF5
:10F39000FFFFFFFFFFFFFFFFFFFFFFFFFFFFFFFF7D
:10F3A000FFFFDB0000DBFFFFFFFFFFFFFFFFFFFFB3
:10F3B000FFFFFFFFFFFFFFFFFFFFFFFFFFFFFFFF5D
:10F3C000FF490000000049FFFFFFFFFFFFFFFFFFB5
:10F3D000FFFFFFFFFFFFFFFFFFFFFFFFFFFFFFFF3D
:10F3E000FFFFDB0000DBFFFFFFFFFFFFFFFFFFFF73
:10F3F000FFFFFFFFFFFFFFFFFFFFFFFFFFFFFFFF1D
:10F40000FF490000000049FFFFFFFFFFFFFFFFFF74
:10F41000FFFFFFFFFFFFFFFFFFFFFFFFFFFFFFFFFC
:10F42000FFFFDB0000DBFFFFFFFFFFFFFFFFFFFF32
:10F43000FFFFFFFFFFFFFFFFFFFFFFFFFFFFFFFFDC
:10F44000FF490000000049FFFFFFFFFFFFFFFFFF34
:10F45000FFFFFFFFFFFFFFFFFFFFFFFFFFFFFFFFBC
:10F46000FFFFDB0000DBFFFFFFFFFFFFFFFFFFFFF2
:10F47000FFFFFFFFFFFFFFFFFFFFFFFFFFFFFFFF9C
:10F48000FF490000000049FFFFFFFFFFFFFFFFFFF4
:10F49000FFFFFFFFFFFFFFFFFFFFFFFFFFFFFFFF7C
:10F4A000FFFFDB0000DBFFFFFFFFFFFFFFFFFFFFB2
:10F4B000FFFFFFFFFFFFFFFFFFFFFFFFFFFFFFFF5C
:10F4C000FF490000000049FFFFFFFFFFFFFFFFFFB4
:10F4D000FFFFFFFFFFFFFFFFFFFFFFFFFFFFFFFF3C
:10F4E000FFFFDB0000DBFFFFFFFFFFFFFFFFFFFF72
:10F4F000FFFFFFFFFFFFFFFFFFFFFFFFFFFFFFFF1C
:10F50000FF490000000049FFFFFFFFFFFFFFFFFF73
:10F51000FFFFFFFFFFFFFFFFFFFFFFFFFFFFFFFFFB
:10F52000FFFFDB0000DBFFFFFFFFFFFFFFFFFFFF31
:10F53000FFFFFFFFFFFFFFFFFFFFFFFFFFFFFFFFDB
:10F54000FF490000000049FFFFFFFFFFFFFFFFFF33
:10F55000FFFFFFFFFFFFFFFFFFFFFFFFFFFFFFFFBB
:10F56000FFFFDB0000DBFFFFFFFFFFFFFFFFFFFFF1
:10F57000FFFFFFFFFFFFFFFFFFFFFFFFFFFFFFFF9B
:10F58000FF490000000049FFFFFFFFFFFFFFFFFFF3
:10F59000FFFFFFFFFFFFFFFFFFFFFFFFFFFFFFFF7B
:10F5A000FFFFDB0000DBFFFFFFFFFFFFFFFFFFFFB1
:10F5B000FFFFFFFFFFFFFFFFFFFFFFFFFFFFFFFF5B
:10F5C000FF490000000049FFFFFFFFFFFFFFFFFFB3
:10F5D000FFFFFFFFFFFFFFFFFFFFFFFFFFFFFFFF3B
:10F5E000FFFFDB0000DBFFFFFFFFFFFFFFFFFFFF71
:10F5F000FFFFFFFFFFFFFFFFFFFFFFFFFFFFFFFF1B
:10F60000FF490000000049FFFFFFFFFFFFFFFFFF72
:10F61000FFFFFFFFFFFFFFFFFFFFFFFFFFFFFFFFFA
:10F62000FFFFDB0000DBFFFFFFFFFFFFFFFFFFFF30
:10F63000FFFFFFFFFFFFFFFFFFFFFFFFFFFFFFFFDA
:10F64000FF490000000049FFFFFFFFFFFFFFFFFF32
:10F65000FFFFFFFFFFFFFFFFFFFFFFFFFFFFFFFFBA
:10F66000FFFFDB0000DBFFFFFFFFFFFFFFFFFFFFF0
:10F67000FFFFFFFFFFFFFFFFFFFFFFFFFFFFFFFF9A
:10F68000FF490000000049FFFFFFFFFFFFFFFFFFF2
:10F69000FFFFFFFFFFFFFFFFFFFFFFFFFFFFFFFF7A
:10F6A000FFFFDB0000DBFFFFFFFFFFFFFFFFFFFFB0
:10F6B000FFFFFFFFFFFFFFFFFFFFFFFFFFFFFFFF5A
:10F6C000FF490000000049FFFFFFFFFFFFFFFFFFB2
:10F6D000FFFFFFFFFFFFFFFFFFFFFFFFFFFFFFFF3A
:10F6E000FFFFFF4949FFFFFFFFFFFFFFFFFFFFFF96
:10F6F000FFFFFFFFFFFFFFFFFFFFFFFFFFFFFFFF1A
:10F70000FF490000000049FFFFFFFFFFFFFFFFFF71
:10F71000FFFFFFFFFFFFFFFFFFFFFFFFFFFFFFFFF9
:10F72000FFFFFFFFFFFFFFFFFFFFFFFFFFFFFFFFE9
:10F73000FFFFFFFFFFFFFFFFFFFFFFFFFFFFFFFFD9
:10F74000FF490000000049FFFFFFFFFFFFFFFFFF31
:10F75000FFFFFFFFFFFFFFFFFFFFFFFFFFFFFFFFB9
:10F76000FFFFFFFFFFFFFFFFFFFFFFFFFFFFFFFFA9
:10F77000FFFFFFFFFFFFFFFFFFFFFFFFFFFFFFFF99
:10F78000FF490000000049FFFFFFFFFFFFFFFFFFF1
:10F79000FFFFFFFFFFFFFFFFFFFFFFFFFFFFFFFF79
:10F7A000FFFFFFFFFFFFFFFFFFFFFFFFFFFFFFFF69
:10F7B000FFFFFFFFFFFFFFFFFFFFFFFFFFFFFFFF59
:10F7C000FF490000000049FFFFFFFFFFFFFFFFFFB1
:10F7D000FFFFFFFFFFFFFFFFFFFFFFFFFFFFFFFF39
:10F7E000FFFFFFFFFFFFFFFFFFFFFFFFFFFFFFFF29
:10F7F000FFFFFFFFFFFFFFFFFFFFFFFFFFFFFFFF19
:10F80000FF490000000049FFFFFFFFFFFFFFFFFF70
:10F81000FFFFFFFFFFFFFFFFFFFFFFFFFFFFFFFFF8
:10F82000FFFFFFFFFFFFFFFFFFFFFFFFFFFFFFFFE8
:10F83000FFFFFFFFFFFFFFFFFFFFFFFFFFFFFFFFD8
:10F84000FF490000000049FFFFFFFFFFFFFFFFFF30
:10F85000FFFFFFFFFFFFFFFFFFFFFFFFFFFFFFFFB8
:10F86000FFFFFFFFFFFFFFFFFFFFFFFFFFFFFFFFA8
:10F87000FFFFFFFFFFFFFFFFFFFFFFFFFFFFFFFF98
:10F88000FF490000000049FFFFFFFFFFFFFFFFFFF0
:10F89000FFFFFFFFFFFFFFFFFFFFFFFFFFFFFFFF78
:10F8A000FFFFFFFFFFFFFFFFFFFFFFFFFFFFFFFF68
:10F8B000FFFFFFFFFFFFFFFFFFFFFFFFFFFFFFFF58
:10F8C000FF490000000049FFFFFFFFFFFFFFFFFFB0
:10F8D000FFFFFFFFFFFFFFFFFFFFFFFFFFFFFFFF38
:10F8E000FFFFFFFFFFFFFFFFFFFFFFFFFFFFFFFF28
:10F8F000FFFFFFFFFFFFFFFFFFFFFFFFFFFFFFFF18
:10F90000FF490000000049FFFFFFFFFFFFFFFFFF6F
:10F91000FFFFFFFFFFFFFFFFFFFFFFFFFFFFFFFFF7
:10F92000FFFFFFFFFFFFFFFFFFFFFFFFFFFFFFFFE7
:10F93000FFFFFFFFFFFFFFFFFFFFFFFFFFFFFFFFD7
:10F94000FF490000000049FFFFFFFFFFFFFFFFFF2F
:10F95000FFFFFFFFFFFFFFFFFFFFFFFFFFFFFFFFB7
:10F96000FFFFFFFFFFFFFFFFFFFFFFFFFFFFFFFFA7
:10F97000FFFFFFFFFFFFFFFFFFFFFFFFFFFFFFFF97
:10F98000FF490000000049FFFFFFFFFFFFFFFFFFEF
:10F99000FFFFFFFFFFFFFFFFFFFFFFFFFFFFFFFF77
:10F9A000FFFFFFFFFFFFFFFFFFFFFFFFFFFFFFFF67
:10F9B000FFFFFFFFFFFFFFFFFFFFFFFFFFFFFFFF57
:10F9C000FF490000000049FFFFFFFFFFFFFFFFFFAF
:10F9D000FFFFFFFFFFFFFFFFFFFFFFFFFFFFFFFF37
:10F9E000FFFFFFFFFFFFFFFFFFFFFFFFFFFFFFFF27
:10F9F000FFFFFFFFFFFFFFFFFFFFFFFFFFFFFFFF17
:10FA0000FF490000000049FFFFFFFFFFFFFFFFFF6E
:10FA1000FFFFFFFFFFFFFFFFFFFFFFFFFFFFFFFFF6
:10FA2000FFFFFFFFFFFFFFFFFFFFFFFFFFFFFFFFE6
:10FA3000FFFFFFFFFFFFFFFFFFFFFFFFFFFFFFFFD6
:10FA4000FF49000024002449494949494949494995
:10FA50004949494949494949494949494949494916
:10FA60004949494949494949494949494949494906
:10FA700049494949494949494949494949494949F6
:10FA8000492400246D000000000000000000000078
:10FA90000000000000000000000000000000000066
:10FAA0000000000000000000000000000000000056
:10FAB0000000000000000000000000000000000046
:10FAC0000000006DFF6D2400000000000000000039
:10FAD0000000000000000000000000000000000026
:10FAE0000000000000000000000000000000000016
:10FAF0000000000000000000000000000000000006
:10FB000000246DFFFFFFFFFFFFFFFFFFFF6D492494
:10FB100024242424242424242424242424242424A5
:10FB20002424242424242424242424242424242495
:10FB30002424242424242424242424242424242485
:10FB400024244992FFFFFFFFFFFFFFFFDB2400009B
:10FB500000000000000000000000000000000000A5
:10FB60000000000000000000000000000000000095
:10FB70000000000000000000000000000000000085
:10FB800000000049FFFFFFFFFFFFFFFFDB24000035
:10FB90000000000000000000000000000000000065
:10FBA0000000000000000000000000000000000055
:10FBB0000000000000000000000000000000000045
:10FBC00000000049FFFFFFFFFFFFFFFFDB00000019
:10FBD0006D92929292929292929224000049929205
:10FBE00092929292929292490000249292929292D0
:10FBF000929292926D0000006D92929292929292E5
:10FC00006D000049FFFFFFFFFFFFFFFFDB00002447
:10FC1000DBFFFFFFFFFFFFFFFFFF490000B6FFFF15
:10FC2000FFFFFFFFFFFFFFB6000049FFFFFFFFFFE1
:10FC3000FFFFFFFFFF240024DBFFFFFFFFFFFFFFAD
:10FC4000DB240049FFFFFFFFFFFFFFFFDB00002475
:10FC5000DBFFFFFFFFFFFFFFFFFF490000B6FFFFD5
:10FC6000FFFFFFFFFFFFFFB6000049FFFFFFFFFFA1
:10FC7000FFFFFFFFFF240024DBFFFFFFFFFFFFFF6D
:10FC8000DB240049FFFFFFFFFFFFFFFFDB00002435
:10FC9000DBFFFFFFFFFFFFFFFFFF490000B6FFFF95
:10FCA000FFFFFFFFFFFFFFB6000049FFFFFFFFFF61
:10FCB000FFFFFFFFFF240024DBFFFFFFFFFFFFFF2D
:10FCC000DB240049FFFFFFFFFFFFFFFFDB000024F5
:10FCD000DBFFFFFFFFFFFFFFFFFF490000B6FFFF55
:10FCE000FFFFFFFFFFFFFFB6000049FFFFFFFFFF21
:10FCF000FFFFFFFFFF240024DBFFFFFFFFFFFFFFED
:10FD0000DB240049FFFFFFFFFFFFFFFFDB000024B4
:10FD1000DBFFFFFFFFFFFFFFFFFF490000B6FFFF14
:10FD2000FFFFFFFFFFFFFFB6000049FFFFFFFFFFE0
:10FD3000FFFFFFFFFF240024DBFFFFFFFFFFFFFFAC
:10FD4000DB240049FFFFFFFFFFFFFFFFDB00002474
:10FD5000DBFFFFFFFFFFFFFFFFFF49000092FFFFF8
:10FD6000FFFFFFFFFFFFFF92000049FFFFFFFFFFC4
:10FD7000FFFFFFFFDB240024B6FFFFFFFFFFFFFFB5
:10FD8000DB240049FFFFFFFFFFFFFFFFDB00000058
:10FD9000496D6D6D6D6D6D6D6D6D240000496D6DFE
:10FDA0006D6D6D6D6D6D6D490000246D6D6D6D6DCA
:10FDB0006D6D6D6D6D000000496D6D6D6D6D6D6DDE
:10FDC0006D000049FFFFFFFFFFFFFFFFDB000000AA
:10FDD0000000000000000000000000000000000023
:10FDE0000000000000000000000000000000000013
:10FDF0000000000000000000000000000000000003
:10FE000000000049FFFFFFFFFFFFFFFFDB000000D6
:10FE100000000000000000000000000000000000E2
:10FE200000000000000000000000000000000000D2
:10FE300000000000000000000000000000000000C2
:10FE400000000049FFFFFFFFFFFFFFFFDB00000096
:10FE50004949494949494949494900000024494912
:10FE60004949494949494924000000494949494902
:10FE700049494949490000002449494949494949F2
:10FE800049000049FFFFFFFFFFFFFFFFDB000024E9
:10FE9000B6DBDBDBDBDBDBDBDBDB49000092DBDB68
:10FEA000DBDBDBDBDBDBDB92000049DBDBDBDBDB33
:10FEB000DBDBDBDBB6240000B6DBDBDBDBDBDBDB49
:10FEC000B6240049FFFFFFFFFFFFFFFFDB00002418
:10FED000DBFFFFFFFFFFFFFFFFFF490000B6FFFF53
:10FEE000FFFFFFFFFFFFFFB6000049FFFFFFFFFF1F
:10FEF000FFFFFFFFFF240024DBFFFFFFFFFFFFFFEB
:10FF0000DB240049FFFFFFFFFFFFFFFFDB000024B2
:10FF1000DBFFFFFFFFFFFFFFFFFF490000B6FFFF12
:10FF2000FFFFFFFFFFFFFFB6000049FFFFFFFFFFDE
:10FF3000FFFFFFFFFF240024DBFFFFFFFFFFFFFFAA
:10FF4000DB240049FFFFFFFFFFFFFFFFDB00002472
:10FF5000DBFFFFFFFFFFFFFFFFFF490000B6FFFFD2
:10FF6000FFFFFFFFFFFFFFB6000049FFFFFFFFFF9E
:10FF7000FFFFFFFFFF240024DBFFFFFFFFFFFFFF6A
:10FF8000DB240049FFFFFFFFFFFFFFFFDB00002432
:10FF9000DBFFFFFFFFFFFFFFFFFF490000B6FFFF92
:10FFA000FFFFFFFFFFFFFFB6000049FFFFFFFFFF5E
:10FFB000FFFFFFFFFF240024DBFFFFFFFFFFFFFF2A
:10FFC000DB240049FFFFFFFFFFFFFFFFDB000024F2
:10FFD000DBFFFFFFFFFFFFFFFFFF490000B6FFFF52
:10FFE000FFFFFFFFFFFFFFB6000049FFFFFFFFFF1E
:10FFF000FFFFFFFFFF240024DBFFFFFFFFFFFFFFEA
:020000040803EF
:10000000DB240049FFFFFFFFFFFFFFFFDB000024B1
:10001000DBFFFFFFFFFFFFFFFFFF490000B6FFFF11
:10002000FFFFFFFFFFFFFFB6000049FFFFFFFFFFDD
:10003000FFFFFFFFFF240024DBFFFFFFFFFFFFFFA9
:10004000DB240049FFFFFFFFFFFFFFFFDB00002471
:10005000DBFFFFFFFFFFFFFFFFFF490000B6FFFFD1
:10006000FFFFFFFFFFFFFFB6000049FFFFFFFFFF9D
:10007000FFFFFFFFFF240024DBFFFFFFFFFFFFFF69
:10008000DB240049FFFFFFFFFFFFFFFFDB00002431
:10009000DBFFFFFFFFFFFFFFFFFF490000B6FFFF91
:1000A000FFFFFFFFFFFFFFB6000049FFFFFFFFFF5D
:1000B000FFFFFFFFFF240024DBFFFFFFFFFFFFFF29
:1000C000DB240049FFFFFFFFFFFFFFFFDB000024F1
:1000D000DBFFFFFFFFFFFFFFFFFF490000B6FFFF51
:1000E000FFFFFFFFFFFFFFB6000049FFFFFFFFFF1D
:1000F000FFFFFFFFFF240024DBFFFFFFFFFFFFFFE9
:10010000DB240049FFFFFFFFFFFFFFFFDB000024B0
:10011000DBFFFFFFFFFFFFFFFFFF490000B6FFFF10
:10012000FFFFFFFFFFFFFFB6000049FFFFFFFFFFDC
:10013000FFFFFFFFFF240024DBFFFFFFFFFFFFFFA8
:10014000DB240049FFFFFFFFFFFFFFFFDB00002470
:10015000DBFFFFFFFFFFFFFFFFFF490000B6FFFFD0
:10016000FFFFFFFFFFFFFFB6000049FFFFFFFFFF9C
:10017000FFFFFFFFFF240024DBFFFFFFFFFFFFFF68
:10018000DB240049FFFFFFFFFFFFFFFFDB00002430
:10019000DBFFFFFFFFFFFFFFFFFF490000B6FFFF90
:1001A000FFFFFFFFFFFFFFB6000049FFFFFFFFFF5C
:1001B000FFFFFFFFFF240024DBFFFFFFFFFFFFFF28
:1001C000DB240049FFFFFFFFFFFFFFFFDB000024F0
:1001D000DBFFFFFFFFFFFFFFFFFF490000B6FFFF50
:1001E000FFFFFFFFFFFFFFB6000049FFFFFFFFFF1C
:1001F000FFFFFFFFFF240024DBFFFFFFFFFFFFFFE8
:10020000DB240049FFFFFFFFFFFFFFFFDB000024AF
:10021000DBFFFFFFFFFFFFFFFFFF490000B6FFFF0F
:10022000FFFFFFFFFFFFFFB6000049FFFFFFFFFFDB
:10023000FFFFFFFFFF240024DBFFFFFFFFFFFFFFA7
:10024000DB240049FFFFFFFFFFFFFFFFDB0000246F
:10025000DBFFFFFFFFFFFFFFFFFF490000B6FFFFCF
:10026000FFFFFFFFFFFFFFB6000049FFFFFFFFFF9B
:10027000FFFFFFFFFF240024DBFFFFFFFFFFFFFF67
:10028000DB240049FFFFFFFFFFFFFFFFDB0000242F
:10029000DBFFFFFFFFFFFFFFFFFF490000B6FFFF8F
:1002A000FFFFFFFFFFFFFFB6000049FFFFFFFFFF5B
:1002B000FFFFFFFFFF240024DBFFFFFFFFFFFFFF27
:1002C000DB240049FFFFFFFFFFFFFFFFDB000024EF
:1002D000DBFFFFFFFFFFFFFFFFFF490000B6FFFF4F
:1002E000FFFFFFFFFFFFFFB6000049FFFFFFFFFF1B
:1002F000FFFFFFFFFF240024DBFFFFFFFFFFFFFFE7
:10030000DB240049FFFFFFFFFFFFFFFFDB000024AE
:10031000DBFFFFFFFFFFFFFFFFFF490000B6FFFF0E
:10032000FFFFFFFFFFFFFFB6000049FFFFFFFFFFDA
:10033000FFFFFFFFFF240024DBFFFFFFFFFFFFFFA6
:10034000DB240049FFFFFFFFFFFFFFFFDB0000246E
:10035000DBFFFFFFFFFFFFFFFFFF490000B6FFFFCE
:10036000FFFFFFFFFFFFFFB6000049FFFFFFFFFF9A
:10037000FFFFFFFFFF240024DBFFFFFFFFFFFFFF66
:10038000DB240049FFFFFFFFFFFFFFFFDB0000242E
:10039000DBFFFFFFFFFFFFFFFFFF490000B6FFFF8E
:1003A000FFFFFFFFFFFFFFB6000049FFFFFFFFFF5A
:1003B000FFFFFFFFFF240024DBFFFFFFFFFFFFFF26
:1003C000DB240049FFFFFFFFFFFFFFFFDB000024EE
:1003D000DBFFFFFFFFFFFFFFFFFF490000B6FFFF4E
:1003E000FFFFFFFFFFFFFFB6000049FFFFFFFFFF1A
:1003F000FFFFFFFFFF240024DBFFFFFFFFFFFFFFE6
:10040000DB240049FFFFFFFFFFFFFFFFDB000024AD
:10041000DBFFFFFFFFFFFFFFFFFF490000B6FFFF0D
:10042000FFFFFFFFFFFFFFB6000049FFFFFFFFFFD9
:10043000FFFFFFFFFF240024DBFFFFFFFFFFFFFFA5
:10044000DB240049FFFFFFFFFFFFFFFFDB24002449
:10045000DBFFFFFFFFFFFFFFFFFF490000B6FFFFCD
:10046000FFFFFFFFFFFFFFB6000049FFFFFFFFFF99
:10047000FFFFFFFFFF240024DBFFFFFFFFFFFFFF65
:10048000DB240049FFFFFFFFFFFFFFFFDB4924499B
:10049000FFFFFFFFFFFFFFFFFFFF490000B6FFFF69
:1004A000FFFFFFFFFFFFFFB6000049FFFFFFFFFF59
:1004B000FFFFFFFFFF240024DBFFFFFFFFFFFFFF25
:1004C000DB240049FFFFFFFFFFFFDBDBB6242449ED
:1004D000B6DBDBFFFFFFFFFFFFFF490000B6FFFFBA
:1004E000FFFFFFFFFFFFFFB6000049FFFFFFFFFF19
:1004F000FFFFFFFFFF240024DBFFFFFFFFFFFFFFE5
:10050000DB240049FFFFFFFFFFDB926D24000000AA
:10051000496D92DBFFFFFFFFFFFF490000B6FFFFC1
:10052000FFFFFFFFFFFFFFB6000049FFFFFFFFFFD8
:10053000FFFFFFFFFF240024DBFFFFFFFFFFFFFFA4
:10054000DB240049FFFFFFFFB66D492400000000D7
:100550000024496DB6FFFFFFFFFF490000B6FFFF13
:10056000FFFFFFFFFFFFFFB6000049FFFFFFFFFF98
:10057000FFFFFFFFFF240024DBFFFFFFFFFFFFFF64
:10058000DB240049FFFFFFB6490000000000000027
:10059000000000006DB6FFFFFFFF490000B6FFFF3F
:1005A000FFFFFFFFFFFFFFB6000049FFFFFFFFFF58
:1005B000FFFFFFFFFF240024DBFFFFFFFFFFFFFF24
:1005C000DB240049FFFFB649000024499292929231
:1005D0006D492400246DB6FFFFFF490000B6FFFF00
:1005E000FFFFFFFFFFFFFFB6000049FFFFFFFFFF18
:1005F000FFFFFFFFFF240024DBFFFFFFFFFFFFFFE4
:10060000DB240049FFDB6D0000246DB6DBDBDBDBA8
:10061000DB924924002492DBFFFF490000B6FFFF74
:10062000FFFFFFFFFFFFFFB6000049FFFFFFFFFFD7
:10063000FFFFFFFFFF240024DBFFFFFFFFFFFFFFA3
:10064000DB240049FF9224002492DBFFDB6D496D1F
:10065000DBFFDB6D240024B6FFFF490000B6FFFF7F
:10066000FFFFFFFFFFFFFFB6000049FFFFFFFFFF97
:10067000FFFFFFFFFF240024DBFFFFFFFFFFFFFF63
:10068000DB240049DB4900006DDBFFFFB624246D4D
:10069000FFFFFFB64900006DDBFF6D0000B6FFFFF6
:1006A000FFFFFFFFFFFFFFB624006DFFFFFFFFFF0F
:1006B000FFFFFFFFFF490024DBFFFFFFFFFFFFFFFE
:1006C000FF24004992240024B6FFFFB66D000049C4
:1006D000FFFFFFFF92240049B6FF922449B6FFFFB7
:1006E000FFFFFFFFFFFFFFB6492492FFFFFFFFFF61
:1006F000FFFFFFFFFF6D2449DBFFFFFFFFFFFFFF51
:10070000FF6D246D6D00006DDBFFFF9224004992A8
:10071000FFFFFFFFB66D00246DFFDBB6B6DBFFFF0A
:10072000FFFFFFFFFFFFFFDBB692DBFFFFFFFFFFD7
:10073000FFFFFFFFFFB6B6B6FFFFFFFFFFFFFFFFA4
:10074000FFB6B6B6490024B6FFFFB64900006DDB20
:10075000FFFFFFFFDB92000049FFFFFFFFFFFFFFEE
:10076000FFFFFFFFFFFFFFFFFFFFFFFFFFFFFFFF99
:10077000FFFFFFFFFFFFFFFFFFFFFFFFFFFFFFFF89
:10078000FFFFFFFF490024DBFFDB6D24002492FF05
:10079000FFFFFFFFFFB6000049FFFFFFFFFFFFFF66
:1007A000FFFFFFFFFFFFFFFFFFFFFFFFFFFFFFFF59
:1007B000FFFFFFFFFFFFFFFFFFFFFFFFFFFFFFFF49
:1007C000FFFFFFFF490024DBFFDB4900002492DB31
:1007D000FFFFFFFFFFB6000049FFFFFFFFFFFFFF26
:1007E000FFFFFFFFFFFFFFFFFFFFFFFFFFFFFFFF19
:1007F000FFFFFFFFFFFFFFFFFFFFFFFFFFFFFFFF09
:10080000FFFFFFFF490024DBFFDB49000000246DF0
:10081000B6DBFFFFFFB6000049FFFFFFFFFFFFFF52
:10082000FFFFFFFFFFFFFFFFFFFFFFFFFFFFFFFFD8
:10083000FFFFFFFFFFFFFFFFFFFFFFFFFFFFFFFFC8
:10084000FFFFFFFF490024DBFFFF926D240000241F
:100850004992B6FFFFB6000049FFFFFFFFFFFFFF11
:10086000FFFFFFFFFFFFFFFFFFFFFFFFFFFFFFFF98
:10087000FFFFFFFFFFFFFFFFFFFFFFFFFFFFFFFF88
:10088000FFFFFFFF49002492FFFFFFDB92240000DF
:1008900000246DFFDB9200006DFFFFFFFFFFFFFFF5
:1008A000FFFFFFFFFFFFFFFFFFFFFFFFFFFFFFFF58
:1008B000FFFFFFFFFFFFFFFFFFFFFFFFFFFFFFFF48
:1008C000FFFFFFFF6D24006DDBFFFFFFDBB66D490F
:1008D00000246DFFB649002492FFFFFFFFFFFFFFDA
:1008E000FFFFFFFFFFFFFFFFFFFFFFFFFFFFFFFF18
:1008F000FFFFFFFFFFFFFFFFFFFFFFFFFFFFFFFF08
:10090000FFFFFFFFB649002492FFFFFFFFFFDB92CE
:1009100049496DDB92240049B6FFFFFFFFFFFFFF4F
:10092000FFFFFFFFFFFFFFFFFFFFFFFFFFFFFFFFD7
:10093000FFFFFFFFFFFFFFFFFFFFFFFFFFFFFFFFC7
:10094000FFFFFFFFDB6D000049B6FFFFFFFFFFFF6A
:10095000DBDBDBB649000092DBFFFFFFFFFFFFFFA1
:10096000FFFFFFFFFFFFFFFFFFFFFFFFFFFFFFFF97
:10097000FFFFFFFFFFFFFFFFFFFFFFFFFFFFFFFF87
:10098000FFFFFFFFFF922400246DB6DBFFFFFFFF98
:10099000FFDBB66D240049B6FFFFFFFFFFFFFFFF3F
:1009A000FFFFFFFFFFFFFFFFFFFFFFFFFFFFFFFF57
:1009B000FFFFFFFFFFFFFFFFFFFFFFFFFFFFFFFF47
:1009C000FFFFFFFFFFDB6D0000004992DBFFFFFF31
:1009D000DB924900002492DBFFFFFFFFFFFFFFFFD8
:1009E000FFFFFFFFFFFFFFFFFFFFFFFFFFFFFFFF17
:1009F000FFFFFFFFFFFFFFFFFFFFFFFFFFFFFFFF07
:100A0000FFFFFFFFFFFFB66D240024496D6D6D6D84
:100A10006D490000246DDBFFFFFFFFFFFFFFFFFFBD
:100A2000FFFFFFFFFFFFFFFFFFFFFFFFFFFFFFFFD6
:100A3000FFFFFFFFFFFFFFFFFFFFFFFFFFFFFFFFC6
:100A4000FFFFFFFFFFFFFFB66D2400000000000066
:100A5000000000246DDBFFFFFFFFFFFFFFFFFFFF34
:100A6000FFFFFFFFFFFFFFFFFFFFFFFFFFFFFFFF96
:100A7000FFFFFFFFFFFFFFFFFFFFFFFFFFFFFFFF86
:100A8000FFFFFFFFFFFFFFFFB692492400000000B9
:100A900000244992DBFFFFFFFFFFFFFFFFFFFFFF87
:100AA000FFFFFFFFFFFFFFFFFFFFFFFFFFFFFFFF56
:100AB000FFFFFFFFFFFFFFFFFFFFFFFFFFFFFFFF46
:100AC000FFFFFFFFFFFFFFFFFFDBB66D4949244932
:100AD000496DB6FFFFFFFFFFFFFFFFFFFFFFFFFFB7
:100AE000FFFFFFFFFFFFFFFFFFFFFFFFFFFFFFFF16
:100AF000FFFFFFFFFFFFFFFFFFFFFFFFFFFFFFFF06
:100B0000FFFFFFFFFFFFFFFFFFFFFFFFFFB6924961
:100B1000B6FFFFFFFFFFFFFFFFFFFFFFFFB69224BF
:100B200000000000000000000000000000000000C5
:100B30000000000000000000000000000024244924
:100B4000B6FFFFFFFFFFFFFFFFFFFFFFB624000020
:100B500024B6FFFFFFFFFFFFFFFFFFFFFF6D240035
:100B60000000000000000000000000000000000085
:100B70000000000000000000000000000000000075
:100B8000246DB6FFFFFFFFFFFFFFFFB6240000004C
:100B9000002449FFFFFFFFFFFFFFFFFFFFDBB64918
:100BA00049494949494949494949494949494949B5
:100BB00049494949494949494949494949494924CA
:100BC000000024DBFFFFFFFFFFFFB6240000000052
:100BD00000000049FFFFFFFFFFFFFFFFFFFFFFFFD8
:100BE000FFFFFFFFFFFFFFFFFFFFFFFFFFFFFFFF15
:100BF000FFFFFFFFFFFFFFFFFFFFFFFFFFFFFFDB29
:100C000024000092FFFFFFFFFF492400242400007E
:100C10002424000049FFFFFFFFFFFFFFFFFFFFFF4E
:100C2000FFFFFFFFFFFFFFFFFFFFFFFFFFFFFFFFD4
:100C3000FFFFFFFFFFFFFFFFFFFFFFFFFFFFFFFFC4
:100C400092000024FFFFFFFF4900000092490000CE
:100C50004992490000496DFFFFFFFFFFFFFFFFFFC3
:100C6000FFFFFFFFFFFFFFFFFFFFFFFFFFFFFFFF94
:100C7000FFFFFFFFFFFFFFFFFFFFFFFFFFFFFFFF84
:100C8000DB000000FFFFDB4900002492FF49000069
:100C900049FFFF4900000092FFFFFFFFFFFFFFFF3A
:100CA000FFFFFFFFFFFFFFFFFFFFFFFFFFFFFFFF54
:100CB000FFFFFFFFFFFFFFFFFFFFFFFFFFFFFFFF44
:100CC000DB000000FF6D4900004992FFFF49000072
:100CD00049FFFFFF490000006DFFFFFFFFFFFFFF1F
:100CE000FFFFFFFFFFFFFFFFFFFFFFFFFFFFFFFF14
:100CF000FFFFFFFFFFFFFFFFFFFFFFFFFFFFFFFF04
:100D0000DB0000009200000049FFFFFFFF490000E8
:100D100049FFFFFFFF4924000092DBFFFFFFFFFFB9
:100D2000FFFFFFFFFFFFFFFFFFFFFFFFFFFFFFFFD3
:100D3000FFFFFFFFFFFFFFFFFFFFFFFFFFFFFFFFC3
:100D4000DB00000024000049FFFFFFFFFF49000017
:100D500049FFFFFFFFFFDB2400246DFFFFFFFFFFC4
:100D6000FFFFFFFFFFFFFFFFFFFFFFFFFFFFFFFF93
:100D7000FFFFFFFFFFFFFFFFFFFFFFFFFFFFFFFF83
:100D8000DB00000092496DFFFFFFFFFFFF490000FD
:100D900049FFFFFFFFFFFFDB4992DBFFFFFFFFFF84
:100DA000FFFFFFFFFFFFFFFFFFFFFFFFFFFFFFFF53
:100DB000FFFFFFFFFFFFFFFFFFFFFFFFFFFFFFFF43
:100DC000DB000000FFFFFFFFFFFFFFFFFF49000008
:100DD00049FFFFFFFFFFFFFFFFFFFFFFFFFFFFFFD9
:100DE000FFFFFFFFFFFFFFFFFFFFFFFFFFFFFFFF13
:100DF000FFFFFFFFFFFFFFFFFFFFFFFFFFFFFFFF03
:100E0000DB000000FFFFFFFFFFFFFFFFFF490000C7
:100E100049FFFFFFFFFFFFFFFFFFFFFFFFFFFFFF98
:100E2000FFFFFFFFFFFFFFFFFFFFFFFFFFFFFFFFD2
:100E3000FFFFFFFFFFFFFFFFFFFFFFFFFFFFFFFFC2
:100E4000DB000000FFFFFFFFFFFFFFFFFF49000087
:100E500049FFFFFFFFFFFFFFFFFFFFFFFFFFFFFF58
:100E6000FFFFFFFFFFFFFFFFFFFFFFFFFFFFFFFF92
:100E7000FFFFFFFFFFFFFFFFFFFFFFFFFFFFFFFF82
:100E8000DB000000FFFFFFFFFFFFFFFFFF49000047
:100E900049FFFFFFFFFFFFFFFFFFFFFFFFFFFFFF18
:100EA000FFFFFFFFFFFFFFFFFFFFFFFFFFFFFFFF52
:100EB000FFFFFFFFFFFFFFFFFFFFFFFFFFFFFFFF42
:100EC000DB000000FFFFFFFFFFFFFFFFFF49000007
:100ED00049FFFFFFFFFFFFFFFFFFFFFFFFFFFFFFD8
:100EE000FFFFFFFFFFFFFFFFFFFFFFFFFFFFFFFF12
:100EF000FFFFFFFFFFFFFFFFFFFFFFFFFFFFFFFF02
:100F0000DB000000FFFFFFFFFFFFFFFFFF490000C6
:100F100049FFFFFFFFFFFFFFFFFFFFFFFFFFFFFF97
:100F2000FFFFFFFFFFFFFFFFFFFFFFFFFFFFFFFFD1
:100F3000FFFFFFFFFFFFFFFFFFFFFFFFFFFFFFFFC1
:100F4000DB000000FFFFFFFFFFFFFFFFFF49000086
:100F500049FFFFFFFFFFFFFFFFFFFFFFFFFFFFFF57
:100F6000FFFFFFFFFFFFFFFFFFFFFFFFFFFFFFFF91
:100F7000FFFFFFFFFFFFFFFFFFFFFFFFFFFFFFFF81
:100F8000DB000000FFFFFFFFFFFFFFFFFF49000046
:100F900049FFFFFFFFFFFFFFFFFFFFFFFFFFFFFF17
:100FA000FFFFFFFFFFFFFFFFFFFFFFFFFFFFFFFF51
:100FB000FFFFFFFFFFFFFFFFFFFFFFFFFFFFFFFF41
:100FC000DB000000FFFFFFFFFFFFFFFFFF49000006
:100FD00049FFFFFFFFFFFFFFFFFFFFFFFFFFFFFFD7
:100FE000FFFFFFFFFFFFFFFFFFFFFFFFFFFFFFFF11
:100FF000FFFFFFFFFFFFFFFFFFFFFFFFFFFFFFFF01
:10100000DB000000FFFFFFFFFFFFFFFFFF490000C5
:1010100049FFFFFFFFFFFFFFFFFFFFFFFFFFFFFF96
:10102000FFFFFFFFFFFFFFFFFFFFFFFFFFFFFFFFD0
:10103000FFFFFFFFFFFFFFFFFFFFFFFFFFFFFFFFC0
:10104000DB000000FFFFFFFFFFFFFFFFFF49000085
:1010500049FFFFFFFFFFFFFFFFFFFFFFFFFFFFFF56
:10106000FFFFFFFFFFFFFFFFFFFFFFFFFFFFFFFF90
:10107000FFFFFFFFFFFFFFFFFFFFFFFFFFFFFFFF80
:10108000DB000000FFFFFFFFFFFFFFFFFF49000045
:1010900049FFFFFFFFFFFFFFFFFFFFFFFFFFFFFF16
:1010A000FFFFFFFFFFFFFFFFFFFFFFFFFFFFFFFF50
:1010B000FFFFFFFFFFFFFFFFFFFFFFFFFFFFFFFF40
:1010C000DB000000FFFFFFFFFFFFFFFFFF49000005
:1010D00049FFFFFFFFFFFFFFFFFFFFFFFFFFFFFFD6
:1010E000FFFFFFFFFFFFFFFFFFFFFFFFFFFFFFFF10
:1010F000FFFFFFFFFFFFFFFFFFFFFFFFFFFFFFFF00
:10110000DB000000FFFFFFFFFFFFFFFFFF490000C4
:1011100049FFFFFFFFFFFFFFFFFFFFFFFFFFFFFF95
:10112000FFFFFFFFFFFFFFFFFFFFFFFFFFFFFFFFCF
:10113000FFFFFFFFFFFFFFFFFFFFFFFFFFFFFFFFBF
:10114000DB000000FFFFFFFFFFFFFFFFFF49000084
:1011500049FFFFFFFFFFFFFFFFFFFFFFFFFFFFFF55
:10116000FFFFFFFFFFFFFFFFFFFFFFFFFFFFFFFF8F
:10117000FFFFFFFFFFFFFFFFFFFFFFFFFFFFFFFF7F
:10118000DB000000FFFFFFFFFFFFFFFFFF49000044
:1011900049FFFFFFFFFFFFFFFFFFFFFFFFFFFFFF15
:1011A000FFFFFFFFFFFFFFFFFFFFFFFFFFFFFFFF4F
:1011B000FFFFFFFFFFFFFFFFFFFFFFFFFFFFFFFF3F
:1011C000DB000000FFFFFFFFFFFFFFFFFF49000004
:1011D00049FFFFFFFFFFFFFFFFFFFFFFFFFFFFFFD5
:1011E000FFFFFFFFFFFFFFFFFFFFFFFFFFFFFFFF0F
:1011F000FFFFFFFFFFFFFFFFFFFFFFFFFFFFFFFFFF
:10120000DB000000FFFFFFFFFFFFFFFFFF490000C3
:1012100049FFFFFFFFFFFFFFFFFFFFFFFFFFFFFF94
:10122000FFFFFFFFFFFFFFFFFFFFFFFFFFFFFFFFCE
:10123000FFFFFFFFFFFFFFFFFFFFFFFFFFFFFFFFBE
:10124000DB000000FFFFFFFFFFFFFFFFFF49000083
:1012500049FFFFFFFFFFFFFFFFFFFFFFFFFFFFFF54
:10126000FFFFFFFFFFFFFFFFFFFFFFFFFFFFFFFF8E
:10127000FFFFFFFFFFFFFFFFFFFFFFFFFFFFFFFF7E
:10128000DB000000FFFFFFFFFFFFFFFFFF49000043
:1012900049FFFFFFFFFFFFFFFFFFFFFFFFFFFFFF14
:1012A000FFFFFFFFFFFFFFFFFFFFFFFFFFFFFFFF4E
:1012B000FFFFFFFFFFFFFFFFFFFFFFFFFFFFFFFF3E
:1012C000DB000000FFFFFFFFFFFFFFFFFF49000003
:1012D00049FFFFFFFFFFFFFFFFFFFFFFFFFFFFFFD4
:1012E000FFFFFFFFFFFFFFFFFFFFFFFFFFFFFFFF0E
:1012F000FFFFFFFFFFFFFFFFFFFFFFFFFFFFFFFFFE
:10130000DB000000FFFFFFFFFFFFFFFFFF490000C2
:1013100049FFFFFFFFFFFFFFFFFFFFFFFFFFFFFF93
:10132000FFFFFFFFFFFFFFFFFFFFFFFFFFFFFFFFCD
:10133000FFFFFFFFFFFFFFFFFFFFFFFFFFFFFFFFBD
:10134000DB000000FFFFFFFFFFFFFFFFFF49000082
:1013500049FFFFFFFFFFFFFFFFFFFFFFFFFFFFFF53
:10136000FFFFFFFFFFFFFFFFFFFFFFFFFFFFFFFF8D
:10137000FFFFFFFFFFFFFFFFFFFFFFFFFFFFFFFF7D
:10138000DB000000FFFFFFFFFFFFFFFFFF49000042
:1013900049FFFFFFFFFFFFFFFFFFFFFFFFFFFFFF13
:1013A000FFFFFFFFFFFFFFFFFFFFFFFFFFFFFFFF4D
:1013B000FFFFFFFFFFFFFFFFFFFFFFFFFFFFFFFF3D
:1013C000DB000000FFFFFFFFFFFFFFFFFF49000002
:1013D00049FFFFFFFFFFFFFFFFFFFFFFFFFFFFFFD3
:1013E000FFFFFFFFFFFFFFFFFFFFFFFFFFFFFFFF0D
:1013F000FFFFFFFFFFFFFFFFFFFFFFFFFFFFFFFFFD
:10140000DB000000FFFFFFFFFFFFFFFFFF490000C1
:1014100049FFFFFFFFFFFFFFFFFFFFFFFFFFFFFF92
:10142000FFFFFFFFFFFFFFFFFFFFFFFFFFFFFFFFCC
:10143000FFFFFFFFFFFFFFFFFFFFFFFFFFFFFFFFBC
:10144000DB000000FFFFFFFFFFFFFFFFFF49000081
:1014500049FFFFFFFFFFFFFFFFFFFFFFFFFFFFFF52
:10146000FFFFFFFFFFFFFFFFFFFFFFFFFFFFFFFF8C
:10147000FFFFFFFFFFFFFFFFFFFFFFFFFFFFFFFF7C
:10148000DB000000FFFFFFFFFFFFFFFFFF49000041
:1014900049FFFFFFFFFFFFFFFFFFFFFFFFFFFFFF12
:1014A000FFFFFFFFFFFFFFFFFFFFFFFFFFFFFFFF4C
:1014B000FFFFFFFFFFFFFFFFFFFFFFFFFFFFFFFF3C
:1014C000DB000000FFFFFFFFFFFFFFFFFF49000001
:1014D00049FFFFFFFFFFFFFFFFFFFFFFFFFFFFFFD2
:1014E000FFFFFFFFFFFFFFFFFFFFFFFFFFFFFFFF0C
:1014F000FFFFFFFFFFFFFFFFFFFFFFFFFFFFFFFFFC
:10150000DB000000FFFFFFFFFFFFFFFFFF490000C0
:1015100049FFFFFFFFFFFFFFFFFFFFFFFFFFFFFF91
:10152000FFFFFFFFFFFFFFFFFFFFFFFFFFFFFFFFCB
:10153000FFFFFFFFFFFFFFFFFFFFFFFFFFFFFFFFBB
:10154000DB000000FFFFFFFFFFFFFFFFFF49000080
:1015500049FFFFFFFFFFFFFFFFFFFFFFFFFFFFFF51
:10156000FFFFFFFFFFFFFFFFFFFFFFFFFFFFFFFF8B
:10157000FFFFFFFFFFFFFFFFFFFFFFFFFFFFFFFF7B
:10158000DB000000FFFFFFFFFFFFFFFFFF49000040
:1015900049FFFFFFFFFFFFFFFFFFFFFFFFFFFFFF11
:1015A000FFFFFFFFFFFFFFFFFFFFFFFFFFFFFFFF4B
:1015B000FFFFFFFFFFFFFFFFFFFFFFFFFFFFFFFF3B
:1015C000DB000000FFFFFFFFFFFFFFFFFF49000000
:1015D00049FFFFFFFFFFFFFFFFFFFFFFFFFFFFFFD1
:1015E000FFFFFFFFFFFFFFFFFFFFFFFFFFFFFFFF0B
:1015F000FFFFFFFFFFFFFFFFFFFFFFFFFFFFFFFFFB
:10160000DB000000FFFFFFFFFFFFFFFFFF490000BF
:1016100049FFFFFFFFFFFFFFFFFFFFFFFFFFFFFF90
:10162000FFFFFFFFFFFFFFFFFFFFFFFFFFFFFFFFCA
:10163000FFFFFFFFFFFFFFFFFFFFFFFFFFFFFFFFBA
:10164000DB000000FFFFFFFFFFFFFFFFFF4900007F
:1016500049FFFFFFFFFFFFFFFFFFFFFFFFFFFFFF50
:10166000FFFFFFFFFFFFFFFFFFFFFFFFFFFFFFFF8A
:10167000FFFFFFFFFFFFFFFFFFFFFFFFFFFFFFFF7A
:10168000DB000000FFFFFFFFFFFFFFFFFF4900003F
:1016900049FFFFFFFFFFFFFFFFFFFFFFFFFFFFFF10
:1016A000FFFFFFFFFFFFFFFFFFFFFFFFFFFFFFFF4A
:1016B000FFFFFFFFFFFFFFFFFFFFFFFFFFFFFFFF3A
:1016C000DB000000FFFFFFFFFFFFFFFFFF490000FF
:1016D00049FFFFFFFFFFFFFFFFFFFFFFFFFFFFFFD0
:1016E000FFFFFFFFFFFFFFFFFFFFFFFFFFFFFFFF0A
:1016F000FFFFFFFFFFFFFFFFFFFFFFFFFFFFFFFFFA
:10170000DB000000FFFFFFFFFFFFFFFFFF490000BE
:1017100049FFFFFFFFFFFFFFFFFFFFFFFFFFFFFF8F
:10172000FFFFFFFFFFFFFFFFFFFFFFFFFFFFFFFFC9
:10173000FFFFFFFFFFFFFFFFFFFFFFFFFFFFFFFFB9
:10174000DB000000FFFFFFFFFFFFFFFFFF4900007E
:1017500049FFFFFFFFFFFFFFFFFFFFFFFFFFFFFF4F
:10176000FFFFFFFFFFFFFFFFFFFFFFFFFFFFFFFF89
:10177000FFFFFFFFFFFFFFFFFFFFFFFFFFFFFFFF79
:10178000DB000000FFFFFFFFFFFFFFFFFF4900003E
:1017900049FFFFFFFFFFFFFFFFFFFFFFFFFFFFFF0F
:1017A000FFFFFFFFFFFFFFFFFFFFFFFFFFFFFFFF49
:1017B000FFFFFFFFFFFFFFFFFFFFFFFFFFFFFFFF39
:1017C000DB000000FFFFFFFFFFFFFFFFFF490000FE
:1017D00049FFFFFFFFFFFFFFFFFFFFFFFFFFFFFFCF
:1017E000FFFFFFFFFFFFFFFFFFFFFFFFFFFFFFFF09
:1017F000FFFFFFFFFFFFFFFFFFFFFFFFFFFFFFFFF9
:10180000DB000000FFFFFFFFFFFFFFFFFF490000BD
:1018100049FFFFFFFFFFFFFFFFFFFFFFFFFFFFFF8E
:10182000FFFFFFFFFFFFFFFFFFFFFFFFFFFFFFFFC8
:10183000FFFFFFFFFFFFFFFFFFFFFFFFFFFFFFFFB8
:10184000DB000000FFFFFFFFFFFFFFFFFF4900007D
:1018500049FFFFFFFFFFFFFFFFFFFFFFFFFFFFFF4E
:10186000FFFFFFFFFFFFFFFFFFFFFFFFFFFFFFFF88
:10187000FFFFFFFFFFFFFFFFFFFFFFFFFFFFFFFF78
:10188000DB000000FFFFFFFFFFFFFFFFFF4900003D
:1018900049FFFFFFFFFFFFFFFFFFFFFFFFFFFFFF0E
:1018A000FFFFFFFFFFFFFFFFFFFFFFFFFFFFFFFF48
:1018B000FFFFFFFFFFFFFFFFFFFFFFFFFFFFFFFF38
:1018C000DB000000FFFFFFFFFFFFFFFFFF490000FD
:1018D00049FFFFFFFFFFFFFFFFFFFFFFFFFFFFFFCE
:1018E000FFFFFFFFFFFFFFFFFFFFFFFFFFFFFFFF08
:1018F000FFFFFFFFFFFFFFFFFFFFFFFFFFFFFFFFF8
:10190000DB000000FFFFFFFFFFFFFFFFFF490000BC
:1019100049FFFFFFFFFFFFFFFFFFFFFFFFFFFFFF8D
:10192000FFFFFFFFFFFFFFFFFFFFFFFFFFFFFFFFC7
:10193000FFFFFFFFFFFFFFFFFFFFFFFFFFFFFFFFB7
:10194000DB000000FFFFFFFFFFFFFFFFFF4900007C
:1019500049FFFFFFFFFFFFFFFFFFFFFFFFFFFFFF4D
:10196000FFFFFFFFFFFFFFFFFFFFFFFFFFFFFFFF87
:10197000FFFFFFFFFFFFFFFFFFFFFFFFFFFFFFFF77
:10198000DB000000FFFFFFFFFFFFFFFFFF4900003C
:1019900049FFFFFFFFFFFFFFFFFFFFFFFFFFFFFF0D
:1019A000FFFFFFFFFFFFFFFFFFFFFFFFFFFFFFFF47
:1019B000FFFFFFFFFFFFFFFFFFFFFFFFFFFFFFFF37
:1019C000DB000000FFFFFFFFFFFFFFFFFF6D2400B4
:1019D00049FFFFFFFFFFFFFFFFFFFFFFFFFFFFFFCD
:1019E000FFFFFFFFFFFFFFFFFFFFFFFFFFFFFFFF07
:1019F000FFFFFFFFFFFFFFFFFFFFFFFFFFFFFFFFF7
:101A000092000024FFFFFFFFFFFFFFFFFFB66D0006
:101A10002492DBFFFFFFFFFFFFFFFFFFFFFFFFFF42
:101A2000FFFFFFFFFFFFFFFFFFFFFFFFFFFFFFFFC6
:101A3000FFFFFFFFFFFFFFFFFFFFFFFFFFFFFFDBDA
:101A40002400006DFFFFFFFFFFFFFFFFFFFFDB2410
:101A50000024244949494949494949494949494989
:101A600049494949494949494949494949494949E6
:101A700049494949494949494949494949494924FB
:101A8000000024DBFFFFFFFFFFFFFFFFFFFFFFB6AC
:101A90002400000000000000000000000000000022
:101AA0000000000000000000000000000000000036
:101AB0000000000000000000000000000000000026
:101AC000246DB6FFFFFFFFFFFFFFFFFFFFFFFFFFDC
:101AD000DB6D492400000000000000000000000051
:101AE00000000000000000000000000000000000F6
:101AF0000000000000000000000000000000244979
:101B0000B6FFFFFF040506070302020200C1814081
:101B100001C0804101C0804100C1814001C08041BD
:101B200000C1814000C1814001C0804101C08041AD
:101B300000C1814000C1814001C0804100C181409D
:101B400001C0804101C0804100C1814001C080418D
:101B500000C1814000C1814001C0804100C181407D
:101B600001C0804101C0804100C1814000C181406D
:101B700001C0804101C0804100C1814001C080415D
:101B800000C1814000C1814001C0804101C080414D
:101B900000C1814000C1814001C0804100C181403D
:101BA00001C0804101C0804100C1814000C181402D
:101BB00001C0804101C0804100C1814001C080411D
:101BC00000C1814000C1814001C0804100C181400D
:101BD00001C0804101C0804100C1814001C08041FD
:101BE00000C1814000C1814001C0804101C08041ED
:101BF00000C1814000C1814001C0804100C18140DD
:101C000001C0804101C0804100C1814000C0C101CC
:101C1000C30302C2C60607C705C5C404CC0C0DCD5C
:101C20000FCFCE0E0ACACB0BC90908C8D81819D9CC
:101C30001BDBDA1A1EDEDF1FDD1D1CDC14D4D515FC
:101C4000D71716D6D21213D311D1D010F03031F1EC
:101C500033F3F23236F6F737F53534F43CFCFD3D1C
:101C6000FF3F3EFEFA3A3BFB39F9F83828E8E9290C
:101C7000EB2B2AEAEE2E2FEF2DEDEC2CE42425E5BC
:101C800027E7E62622E2E323E12120E0A06061A12C
:101C900063A3A26266A6A767A56564A46CACAD6DDC
:101CA000AF6F6EAEAA6A6BAB69A9A86878B8B9794C
:101CB000BB7B7ABABE7E7FBF7DBDBC7CB47475B57C
:101CC00077B7B67672B2B373B17170B0509091516C
:101CD0009353529296565797559594549C5C5D9D9C
:101CE0005F9F9E5E5A9A9B5B99595898884849898C
:101CF0004B8B8A4A4E8E8F4F8D4D4C8C448485453C
:101D0000874746868242438341818040F7631313AD
:101D10000100000001020304060708090204060886
:101D2000020C0810441D0308000000206C01000094
:101D3000A00100089C1D03086C010020F452000063
:101D40009E4D00089112A02303142008C314A01074
:101D5000040C63400BDBDE20FD45A19F9919FE4B6F
:101D6000DBDE026BFFFF0AC9020A1DFF010B1C101C
:101D700084020B1CE00740110A1C0440110A1DF8E4
:101D8000400A1D8040013D2A010101107CC2EB0B7D
:0C1D9000200008000203040607080900F8
:0400000508000141AD
:00000001FF
