:020000040800F2
:100000006054002059010008AD1E0008D7140008F4
:10001000A91E0008FD040008014C000800000000B3
:10002000000000000000000000000000F12D0008AA
:100030004D0900080000000085240008A1320008D6
:1000400073010008730100087301000873010008C0
:100050007301000873010008AD0B0008730100086C
:1000600073010008730100087301000873010008A0
:100070007301000873010008730100087301000890
:100080007301000873010008730100087301000880
:100090007301000873010008730100087301000870
:1000A0007301000873010008730100087301000860
:1000B00073010008D94200087301000873010008A9
:1000C0007301000873010008730100087301000840
:1000D0007301000805480008730100087301000857
:1000E0007301000873010008730100087301000820
:1000F0007301000873010008730100087301000810
:1001000073010008730100087301000873010008FF
:1001100073010008730100087301000873010008EF
:1001200073010008730100087301000873010008DF
:1001300073010008730100087301000873010008CF
:10014000DFF810D000F01AF800480047C951000845
:10015000AFF30080605400200648804706480047FF
:10016000FEE7FEE7FEE7FEE7FEE7FEE7FEE7FEE767
:10017000FEE7FEE7BD32000841010008064C074DCE
:1001800006E0E06840F0010394E807009847103467
:10019000AC42F6D3FFF7D8FF381D0308581D0308FB
:1001A00070B58C1810F8015B15F0070301D110F839
:1001B000013B2A1106D110F8012B03E010F8016B66
:1001C00001F8016B5B1EF9D12B0705D40023521EE9
:1001D0000DD401F8013BFAE710F8013BCB1A921C51
:1001E00003E013F8015B01F8015B521EF9D5A1424F
:1001F000D8D3002070BD000070B50E4805780E48B9
:10020000057003200C4948700020887003210A48BB
:1002100000F076F904460849CC70201208710520D8
:1002200081F83200084690F83220002004F086FC65
:1002300070BD0000CE0F0020E00F00202DE9F05F20
:100240002C4807782C4890ED010AF2EE040A20EEC3
:10025000200ABCEEC00A10EE100A84B22046E11754
:1002600004EB1161C1F30728E11704EB11610912D6
:10027000A4EB012101F0FF091F4890ED000AF2EE06
:10028000040A20EE200ABCEEC00A10EE100A85B265
:100290002846E91705EB1161C1F3072AE91705EBB9
:1002A00011610912A5EB012101F0FF0B1348077042
:1002B00003201249487004208870084680F80380A3
:1002C00080F8049080F805A080F806B0072100F0BF
:1002D00017F906460949CE7130120872092081F8D3
:1002E0003200084690F83220002004F027FCBDE8D8
:1002F000F09F0000CE0F002078110020E00F0020BA
:1003000010B5044890F8332000F13401002004F0C7
:1003100015FC10BDE00F00202DE9F0418046B8F13A
:10032000000F05D14FF6FF7542F2041637460DE077
:10033000B8F1010F05D142F204154FF6FF762F46B2
:1003400004E042F204152E464FF6FF774FF49B73FC
:10035000E0223C21084603F063FE002404E0284626
:1003600003F0E8FE601CC4B2552CF8DBE0231A460B
:1003700094213C2003F054FE002404E0284603F0BE
:10038000D9FE601CC4B2582CF8DB4FF49B73E022FA
:100390009421084603F044FE002404E0284603F0BC
:1003A000C9FE601CC4B2552CF8DB4FF49B731A468F
:1003B00094213C2003F034FE002404E0284603F09E
:1003C000B9FE601CC4B2582CF8DBCC2375223C214A
:1003D000084603F025FE002404E0304603F0AAFEA0
:1003E000601CC4B2572CF8DB75231A4694213C20BC
:1003F00003F016FE002404E0304603F09BFE601C70
:10040000C4B2582CF8DBCC2375229421084603F0A3
:1004100007FE002404E0304603F08CFE601CC4B2EA
:10042000572CF8DBCC231A4694213C2003F0F8FD2E
:10043000002404E0304603F07DFE601CC4B2582C5A
:10044000F8DB61230A223C21084603F0E9FD002481
:1004500004E0384603F06EFE601CC4B2572CF8DB93
:100460000A231A4694213C2003F0DAFD002404E01C
:10047000384603F05FFE601CC4B2582CF8DB6123E1
:100480000A229421084603F0CBFD002404E03846FC
:1004900003F050FE601CC4B2572CF8DB61231A46EF
:1004A00094213C2003F0BCFD002404E0384603F016
:1004B00041FE601CC4B2582CF8DBBDE8F0817047E7
:1004C00010B502F0B1F803F04FFE01F035FCFFF774
:1004D000F6FF01F051FA04F028FC02F035FC02F0BE
:1004E000D7F904F089F903F0B9FE01F0E0FC00F05F
:1004F00035FB01F0C3F901F0B9FC10BD00BFFEE708
:1005000070B502460C46FF25FF2309E012F8010BE7
:1005100080EA03010648405C80EA05030548455C23
:10052000201EA4F10106B4B2F0D143EA052070BD4B
:10053000201B0308201C030810B501460F4BD87878
:100540001A7941B1431CDBB218460D4CA45CA3429E
:100550000ADB002008E0031EA0F10104E0B203D191
:10056000074B9B5C5B1ED8B2044BD8700A23034C2C
:10057000E3710123034C637010BD0000681100207B
:100580001C1B03085C11002070B505460D4804795A
:10059000601CC0B20446042800DB002401200A4984
:1005A0000870084804710A200649C8710749085DA7
:1005B00002F0B0FC012006498870002005498870CF
:1005C00070BD0000681100201B010020181B0308EB
:1005D0005C110020250100202DE9F14F86B09F48D5
:1005E00000799F4911F800A0BAF1040F09D0BAF1BF
:1005F000050F5AD0BAF1060F7BD0BAF1070F77D1A9
:10060000A0E009269748007805460290642095FBF3
:10061000F0F0C0B28DF80600642095FBF0F100FB0D
:100620001150C0B2054603900A2095FBF0F0C0B20D
:100630008DF805000A2095FBF0F100FB1150C0B2C7
:10064000054604908DF804508448C078022802DDE5
:1006500002208249C8708148C078022804D102264D
:100660000398C830029013E09DF8060002280FDBC3
:100670007A48C078012804D104260498F03002900A
:1006800006E09DF80500042802DB0726F72002900B
:100690004FF0000B0298F72801DD701EC6B26F48BC
:1006A000C07801A900EB010877E009266D4844787D
:1006B00027463C460A2097FBF0F100FB1140C0B2F0
:1006C0008DF804000A2097FBF0F0C0B28DF8050009
:1006D0006248C078012802DD01206049C8704FF0EF
:1006E000000B5E48C07801A900EB010855E000E06E
:1006F00052E009265B48847827463C460A2097FB4F
:10070000F0F100FB1140C0B28DF804000A2097FB05
:10071000F0F0C0B28DF805005048C078012802DD25
:1007200001204E49C8704D48C078012800D10126EB
:100730004FF0000B4948C07801A900EB010804F014
:100740003FFB2AE009264748C47805940A20059C07
:1007500094FBF0F100FB1140C0B28DF804000A20B8
:10076000059C94FBF0F0C0B28DF805003B48C078C2
:10077000012802DD01203949C8703848C0780128B5
:1007800000D101264FF0000B3448C07801A900EBDE
:10079000010804F015FB00E000BF00BF98F80090CE
:1007A000069820B109F1010000F0FF0903E0A9F16A
:1007B000010000F0FF09B14505DD069810B14FF0CA
:1007C000000900E0B14688F80090BAF1040F13D197
:1007D0009DF80600642110FB01F09DF8051001EB67
:1007E000810100EB41009DF804100844C5B2F72DCB
:1007F00000DDF7251B480570BAF1050F09D19DF8FA
:1008000004009DF8051001EB810100EB4100154942
:100810004870BAF1060F09D19DF804009DF8051043
:1008200001EB810100EB41000E498870BAF1070F1E
:1008300009D19DF804009DF8051001EB810100EB42
:1008400041000849C8700020044988700A20C87116
:1008500001200549487007B0BDE8F08F68110020FD
:10086000181B0308D70F00205C110020002019E09E
:100870001649095C164A125C914203DD1549095C70
:10088000124A11541149095C124A125C914203DA6E
:100890001049095C0D4A11540C49095C0E4A115467
:1008A000411CC8B20428E3DB0849097901F00F01B3
:1008B000072905DD0549097901F0F001034A1171A5
:1008C00002490979044A117170470000CE0F0020D7
:1008D000201D0308241D0308D70F002070B5002435
:1008E00013E04FF6FF7000EA44260A49701800F042
:1008F000E3FA054642F22830854203DB4FF6FF70EB
:10090000854200D103E0601C84B20A2CE9DB00BF01
:10091000304670BD00F8030810B50948007801287A
:1009200003D00848C07A012800D110BD064890F8CD
:100930003300062800DAF8E700F022F800BFF4E7F9
:100940001B01002018110020E00F0020704700B5A7
:10095000034603E04FF47A7000F005F8181EA3F187
:100960000103F7D100BD07E0002101E04A1C91B26C
:100970001529FBDB421E90B20028F5DC7047000011
:100980002DE9F0414C48047800274C4890F833009A
:10099000801E81B249483430FFF7B2FD0646474811
:1009A00090F83300801E454934310D5C434890F87F
:1009B0003300401E085C05EB002085B23F4890F8EC
:1009C000340050BB3D4890F83500062825D13B48FF
:1009D00090F83300082820D1384890F8370010B933
:1009E00001F048FF65E0354890F83700012860D1F4
:1009F0003348007A02285CD00120314908722F4820
:100A000090F839002F49087001202D4988722E492D
:100A10000871042002F07EFA4BE0284890F8340078
:100A2000A04246D1F4B3254890F83500032802D0FF
:100A300006283ED112E0214890F8380030B91F480E
:100A400090F83900012801D1FFF7D6FB1B4890F838
:100A500039000E2801D1FFF7F1FB00BF174890F8CD
:100A60003700C12825D1FFF74BFC144890F8391006
:100A700090F8380001EB002000EE100AB8EEC00A32
:100A8000F2EE040A80EE201ABCEEC10A10EE100A43
:100A90000C4948700846407863280ADA08464078CE
:100AA000054900E005E0487002F0A4F9052002F0D5
:100AB00031FABDE8F0810000CE0F0020E00F0020E9
:100AC000C20F0020D70F00202501002070B5064678
:100AD0000D48808900F23F1083B20B488289EF21D4
:100AE000002003F09DFA00240AE0002504E03046CF
:100AF00003F020FB681C85B2F02DF8DB601C84B28B
:100B0000B4F5A07FF1DB70BD424C002010B5002091
:100B10000849C87208490870C8704870887005494B
:100B2000C87108720449087102F0F4F901F04AF939
:100B300010BD0000181100201B01002008B5062080
:100B40008DF8000000208DF801008DF802000120D2
:100B50008DF80300684601F0B7F908BD0EB5012015
:100B6000ADF8080002208DF80A0028208DF80B004F
:100B700002A90D4800F01EFA0121084601F044FDCB
:100B80000021084600F0F6F90120009000208DF8C1
:100B9000040010208DF8050001208DF8060068463D
:100BA00000F02EF80EBD00000008014010B5012035
:100BB00000F012F830B1012000F008F804F078FAE3
:100BC0000149087010BD00001A01002001490860A9
:100BD0007047000014040140014600200022074B2A
:100BE0001B6803EA0102054B14331B680B4013B169
:100BF0000AB1012000E0002070470000000401401D
:100C0000002123498279002A3AD00A4612680368F3
:100C10009A430B461A600A1D126803689A430B1D1B
:100C20001A60027911440A6803681A430A60184A74
:100C30000832126803689A43154B08331A601A1D6C
:100C4000126803689A43124B0C331A604279102AD7
:100C50000ED11A1F126803681A430D4B08331A602D
:100C60001A1D126803681A43094B0C331A600DE011
:100C70000749427911440A6803681A430A6005E08B
:100C8000027911440A6803689A430A6070470000B9
:100C90000004014010B501200D498870C870002083
:100CA0000871FFF733FF00200A4988720A48C079AB
:100CB00000B910BD002405E00848005D084908554A
:100CC000601CC4B2042CF7DB02F094F800BFF0E71C
:100CD00025010020C20F002068110020D70F00203E
:100CE000CE0F002030B504460425B4F1046F24D3A0
:100CF000681F00F004F90546042D1CD12448006843
:100D000040F0020022499039C1F890000846C0F82E
:100D10009440D0F8900040F040001D490860681FE2
:100D200000F0EDF805461A489038D0F8900020F011
:100D3000020017490860284630BD164800684FF089
:100D4000006101EB8020401EA0421FD3480000F04C
:100D5000C3F80546042D19D10D489038006940F0BC
:100D600002000B499039086108464461006940F06F
:100D700040000861C80300F0AFF805460448903809
:100D8000006920F002000249903908612846D3E743
:100D900090200240E0F7FF1F04200B49C96801F0D2
:100DA000010109B101200EE00749C96801F0040101
:100DB00009B1022007E00449C96801F0100109B136
:100DC000032000E0042070470020024004200B496B
:100DD000096801F0010109B101200EE00749096825
:100DE00001F0040109B1022007E00449096801F09B
:100DF000100109B1032000E0042070478C2002405C
:100E00000348006940F08000014908617047000014
:100E10000020024070B504460D460426B4F1046F6C
:100E20001ED34FF4704000F06AF80646042E15D128
:100E30001F48006840F001001D49086025804FF4FC
:100E4000704000F05CF8064619489038D0F89000E1
:100E500020F0010016499039C1F89000304670BD6D
:100E6000144800684FF0006101EB8020401EA04252
:100E70001CD34FF4704000F02FF80646042E15D115
:100E80000B489038006940F0010009499039086129
:100E900025804FF4704000F01FF806460448903853
:100EA000006920F001000249903908613046D6E718
:100EB00090200240E0F7FF1F0146088870470000BD
:100EC000024803494860034848607047230167456A
:100ED00000200240AB89EFCD00B502460423FFF7A6
:100EE0005BFF034603E0FFF757FF0346521E012B4B
:100EF00001D1002AF7D102B90523184600BD00B57B
:100F000002460423FFF762FF034603E0FFF75EFF9C
:100F10000346521E012B01D1002AF7D102B9052345
:100F2000184600BD30B50346A12921DBA12B0DDBFE
:100F3000A92B0BDCA1F1A100A3F1A104C4EB0415C2
:100F400005EB441400EB4400504330BDB02B0FDBE5
:100F5000F72B0DDCA1F1A100A3F1B004C4EB041543
:100F600005EB441400EB440000F24E305043ECE734
:100F70000020EAE730B500228B071C0F0F2303FA8D
:100F800004F20B4B8C1053F824309343084C8D1013
:100F900044F8253023468C1053F824308C07240F56
:100FA00000FA04F42343024C8D1044F8253030BD80
:100FB000080001402DE9F0410246002500260020EE
:100FC00000230024002791F803C00CF00F0591F8CE
:100FD00003C00CF0100CBCF1000F03D091F802C05C
:100FE0004CEA050591F800C0BCF1000F31D014683F
:100FF00000202BE04FF0010C0CFA00F3B1F800C018
:101000000CEA03069E4220D183004FF00F0C0CFA2D
:1010100003F7BC4305FA03FC4CEA040491F803C04F
:10102000BCF1280F06D14FF0010C0CFA00FCC2F8FD
:1010300014C00AE091F803C0BCF1480F05D14FF08D
:10104000010C0CFA00FCC2F810C0401C0828D1D3D7
:101050001460B1F800C0BCF1FF0F34DD546800200B
:101060002EE000F1080C4FF0010808FA0CF3B1F87B
:1010700000C00CEA03069E4221D183004FF00F0C02
:101080000CFA03F7BC4305FA03FC4CEA040491F89C
:1010900003C0BCF1280F05D100F1080C08FA0CF8C8
:1010A000C2F8148091F803C0BCF1480F07D100F1D9
:1010B000080C4FF0010808FA0CF8C2F81080401C28
:1010C0000828CED35460BDE8F081000010B5B0F51B
:1010D000003F7AD037DCB0F5807F77D015DC082868
:1010E00075D009DCB0F1004F72D0012871D0022810
:1010F00075D004286FD173E010286DD030286CD0E3
:1011000040286BD0C028F5D1D5E0B0F5805F6DD018
:101110000CDCB0F5007F77D0B0F5407F75D0B0F52E
:10112000006F73D0B0F5406FE4D10AE1B0F5804FA5
:101130006DD0B0F5C04F6BD0B0F5004F51D0B0F5C9
:10114000803FD7D14EE0D44BC21A98426FD01DDCFD
:10115000B0F1007F6CD00CDCB0F5802F44D0B0F53E
:10116000002F44D0B0F5801F42D0B0F1807FC1D1B4
:1011700011E1B0F1806F78D06FF080420244002A14
:1011800074D01F2A73D03F2AB4D12FE1C34C131B54
:10119000A2426DD00CDC802A6BD0B2F5C07F69D042
:1011A000B2F5607F67D0BE4B1A44002AA2D133E16A
:1011B000B3F5802F7CD0B3F5402F7AD0B3F5A01FC4
:1011C00078D0B3F5E01F95D128E10CE081E00CE088
:1011D0002FE01EE003E05CE139E04DE05AE000BFA3
:1011E00000BF00BF00BF00BF00BF00BF00BF00BF07
:1011F000AC4A52688243AB4B5A60012903D11A466C
:10120000526802435A6045E171E07EE08BE0A6E05F
:10121000B3E0A44A5268A44B1A40A24B5A60012979
:1012200004D11A46526842F001025A6032E1DEE00F
:10123000BFE09C4A52689C4B1A409A4B5A60012965
:1012400004D11A46526842F000425A6022E1954A9F
:10125000526822F03002934B5A60012904D11A4699
:10126000526842F010025A6014E1B0E0BDE0D1E0F3
:10127000D3E0BDE0BDE0CEE08A4A526822F0300201
:10128000884B5A60012904D11A46526842F0300254
:101290005A60FFE0834A526822F0C002814B5A60D4
:1012A000012904D11A46526842F040025A60F1E026
:1012B000C5E0D2E0DFE07B4A526822F0C002794B01
:1012C0005A60012904D11A46526842F0C0025A609D
:1012D000E0E0744A526822F44072724B5A6001296D
:1012E00004D11A46526842F480725A60D2E06D4AC4
:1012F000526822F440726B4B5A60012904D11A469D
:10130000526842F400725A60C4E0664A526822F49D
:101310004072644B5A60012904D11A46526842F463
:1013200040725A60B6E05F4A526822F440625D4BF8
:101330005A60012904D11A46526842F400625A6088
:10134000A8E0584A526822F44062564B5A6001297C
:1013500004D11A46526842F440625A609AE0514AF7
:10136000526822F4C0424F4B5A60012904D11A46F8
:10137000526842F480425A608CE04A4A526822F431
:10138000C042484B5A60012904D11A46526842F4BF
:10139000C0425A607EE0434A526822F0E062414B0C
:1013A0005A60012904D11A46526842F080725A608C
:1013B00070E03C4A526822F0E0623A4B5A600129E0
:1013C00004D11A46526842F000725A6062E0354A0F
:1013D000526822F0E062334B5A60012904D11A4668
:1013E000526842F080625A6054E000BF00BF00BF04
:1013F00000BF2C4AD269C0F315039A43294BDA6126
:10140000012906D11A46D269C0F315031A43254BA8
:10141000DA613FE000BF00BF00BF00BF214AD269D0
:10142000C0F315039A431F4BDA61012906D11A460E
:10143000D269C0F315031A431A4BDA612AE0194A3C
:10144000D26922F4C012174BDA61012904D11A467D
:10145000D26942F40022DA611CE0124AD26922F415
:10146000C012104BDA61012904D11A46D26942F444
:101470008012DA610EE00B4AD26922F4C012094BE5
:10148000DA61012904D11A46D26942F4C012DA6144
:1014900000E000BF00BF10BD8000004080FF0300DF
:1014A0008000FEFF00000140FEFFFF7F024600209B
:1014B00093680B400BB1012000E0002070474161B0
:1014C0007047016170474FF6FF7101800221817002
:1014D0000421C170704700BFFEE700002DE9F04114
:1014E00004460E4617464FF00008002020704FF4C7
:1014F00080712748FFF7E5FF80251FE04FF400715A
:101500002348FFF7DEFF0120FFF72DFA3846FFF7EB
:101510002AFA0320FFF727FA4FF480711C48FFF7DF
:10152000C5FF10B12078284320704FF4007118488F
:10153000FFF7C5FF0120FFF716FA6D10002DDDDC67
:101540002EB94FF480711248FFF7B9FF04E04FF451
:1015500080710F48FFF7B5FF0120FFF704FA4FF441
:1015600000710B48FFF7ADFF0520FFF7FCF94FF4C2
:1015700000710748FFF7A3FF4FF480710448FFF79D
:10158000A0FF1420FFF7EFF94046BDE8F08100000E
:10159000000C014010B54FF480710F48FFF791FF28
:1015A0000120FFF7E0F94FF400710B48FFF789FFC6
:1015B0000120FFF7D8F94FF480710748FFF77FFF4C
:1015C0000A20FFF7D0F94FF400710348FFF777FFC7
:1015D0000A20FFF7C8F910BD000C014010B54FF408
:1015E00000710F48FFF76BFF0120FFF7BCF94FF4C4
:1015F00080710B48FFF763FF0120FFF7B4F94FF448
:1016000000710748FFF75DFF0A20FFF7ACF94FF4C0
:1016100080710348FFF755FF0A20FFF7A4F910BDBA
:10162000000C014070B505460026802421E004EA44
:10163000050028B94FF480711E48FFF740FF04E011
:101640004FF480711B48FFF73CFF0120FFF78BF937
:101650004FF400711748FFF734FF0520FFF783F9B7
:101660004FF400711348FFF72AFF0120FFF77BF9C1
:101670006410002CDBDC4FF480710E48FFF721FF73
:101680004FF400710B48FFF71CFF0120FFF76BF9C7
:101690004FF480710748FFF709FF00B101264FF4AE
:1016A00000710448FFF70BFF1420FFF75CF9304688
:1016B00070BD0000000C01402DE9F04104460E46CB
:1016C00017464FF000080020207002212248FFF743
:1016D000F8FE80251CE004211F48FFF7F2FE0120E0
:1016E000FFF741F93846FFF73EF90320FFF73BF9D2
:1016F00002211948FFF7DAFE10B120782843207044
:1017000004211548FFF7DBFE0120FFF72CF96D10CF
:10171000002DE0DC26B902210F48FFF7D0FE03E0E0
:1017200002210D48FFF7CDFE0120FFF71CF904212F
:101730000948FFF7C6FE0520FFF715F90421064802
:10174000FFF7BDFE02210448FFF7BBFE1420FFF7A0
:101750000AF94046BDE8F0810008014010B50221B9
:101760000D48FFF7AEFE0120FFF7FDF804210A48FF
:10177000FFF7A7FE0120FFF7F6F802210648FFF762
:101780009EFE0A20FFF7EFF804210348FFF797FEBB
:101790000A20FFF7E8F810BD0008014070B50546C3
:1017A000002680241DE004EA050020B902211B4820
:1017B000FFF785FE03E002211848FFF782FE0120B3
:1017C000FFF7D1F804211548FFF77BFE0520FFF74E
:1017D000CAF804211148FFF772FE0120FFF7C3F891
:1017E0006410002CDFDC02210C48FFF76AFE0421A4
:1017F0000A48FFF766FE0120FFF7B5F80221074807
:10180000FFF754FE00B1012604210448FFF757FEFC
:101810001420FFF7A8F8304670BD00000008014012
:1018200030B502460B46FF20002113E0555C6840AE
:1018300008240BE000F0800525B1312585EA40053C
:10184000E8B201E04506280E651EECB2002CF1DC82
:101850004D1CE9B29942E9DB30BD2DE9F041054666
:101860000E46144631462846FFF7DAFF0746A742E0
:1018700002D00220BDE8F0810020FBE708B5062079
:10188000ADF8000001208DF8020014208DF803004F
:1018900069460248FFF78EFB08BD000000080140C2
:1018A0002DE9FC4105460E4617463A46002101A89F
:1018B000FFF702FF044634B9002211460DF105007E
:1018C000FFF7FAFE04462CB9002231466846FFF7BE
:1018D000F3FE044634B99DF80020022101A8FFF769
:1018E000BCFF04469DF805009DF8041040EA012065
:1018F00028802046BDE8FC8101490870704700003F
:101900004C01002010B5FFF729FF05490978012295
:1019100002EB4101C8B2FFF741FF0446204610BD6B
:101920004C01002010B50446202C10D006DC012C00
:1019300019D0042C1AD0102C1BD104E0402C0ED04E
:10194000802C16D107E00120FEF71EFE12E00020D9
:10195000FEF742FE0EE00120FEF73EFE0AE0012007
:10196000FEF7EAFD06E0FFF795F903E000F014FE4C
:1019700000BF00BF00BF10BD7047000010B5044697
:101980000848007A012808D10748007807490870FC
:1019900001F030FA0220034908722046FFF7C2FF27
:1019A00010BD0000C20F0020D70F0020CE0F002076
:1019B00070B53C48407A012800D170BD3A480079A2
:1019C00000B9FAE700203849087101F06DFA0446C1
:1019D0002046E11704EB1161C1F30725E6B2314857
:1019E000407A022837D030488079012833D12E48F8
:1019F000407CA8422DD125BB2B48407801281AD124
:101A00002948007C18B92848007C012813D02648B2
:101A1000007C102807D10120244908712249087C44
:101A2000FFF7ACFF07E021480079012803D11E49E8
:101A3000087CFFF7A3FF00201B4948700846057487
:101A400007E01948407820B9012017494870084636
:101A50000574154845741348407A03281BD0124872
:101A60004079012817D11048C07BB04211D11EB96E
:101A700000200D4908700CE00B48007848B90B486D
:101A80000079012805D13046FFF778FF012006498B
:101A900008700548C673002003494871887100BF6B
:101AA0008BE70000C20F0020181100202501002044
:101AB00000B54B48C379052B00DB05234948408915
:101AC00049F22631884205D04648408947F2937151
:101AD00088423DD1C3EBC300434901EB400210787B
:101AE00042490870507848705088488090888880B3
:101AF000D088C88010890881508948819089888160
:101B0000032002F013FB3949488802F013FB4FF41D
:101B1000047002F00BFB3549888802F00BFB40F2A1
:101B2000112002F003FB3149C88802F003FB40F2A8
:101B3000122002F0FBFA2D49088902F0FBFA40F26C
:101B4000132002F0F3FA2949488902F0F3FA46E03B
:101B5000C3EBC300264901EB40021078234908700B
:101B6000507848705088488090888880D088C88095
:101B7000108908815089488190898881362002F037
:101B8000D5FA1A49488802F0D5FA2A2002F0CEFA8E
:101B900016498988081202F0CDFA1449087902F032
:101BA000C9FA1249C988081202F0C4FA0F498879A3
:101BB00002F0C0FA2B2002F0B9FA0C490989081288
:101BC00002F0B8FA0949087A02F0B4FA07494989DB
:101BD000081202F0AFFA0549887A02F0ABFA00BDAC
:101BE000CE0F00205C11002010530008424C002052
:101BF0006453000810B548484078C0B94748C079D8
:101C000028B947480078012801D1FFF743F8434835
:101C1000407860B14148808948B900203F49487008
:101C2000404840783F490870012001F073F93A4874
:101C3000407800B910BD002201213B4802F05EFD52
:101C40000220354948700846007948710122114642
:101C5000354802F053FD3048007920B14FF400516F
:101C60003248FFF72CFC324804682B4840790A2898
:101C700018D2DFE800F0170817170B0E111417051C
:101C800000F04EFB11E000F0D9F90EE000F05EF933
:101C90000BE001F04FFA08E001F0F0F905E001F087
:101CA000A3FA02E000F0CAF900BF00BF20480068B4
:101CB000001B1949088108464078022812D10020EB
:101CC00048708870C8701B484078062802DB0020E6
:101CD000184948701048018916484278083020F8A1
:101CE000121016E01348407818B9062011494870C0
:101CF00006E010484078062802DB01200D494870B4
:101D0000054802890B484078401E0A49083121F8ED
:101D1000102000BF8EE700005C1100206811002039
:101D20001B0100201201002000040040000C0140B3
:101D3000504C00203011002008B58020ADF8000084
:101D400002208DF8020010208DF8030069461A4821
:101D5000FFF730F92020ADF8000069461748FFF77B
:101D600029F91020ADF8000069461448FFF722F960
:101D70002020ADF8000069461148FFF71BF9082044
:101D8000ADF8000069460C48FFF714F980210A48B5
:101D9000FFF795FB20210948FFF791FB1021074829
:101DA000FFF78DFB20210648FFF78BFB0821024837
:101DB000FFF785FB08BD000000080140001001404E
:101DC0000018014010B500200249087003F084F9A2
:101DD00010BD00001201002010B500F005FD0948FB
:101DE000007858B9002405E00748005D054908550A
:101DF000601CC4B2042CF7DB00F0FCFFFEF736FDDC
:101E000010BD0000CE0F0020241D030838B5044685
:101E1000102C00DD00241048807801281AD10F48CA
:101E2000007868B90C48047000780D4901EBC005D2
:101E30000C4800680090D5E9001201F0D1FA09E0E1
:101E400006480478102C00DD0024074931F81400FE
:101E5000FEF73CFE38BD00005C11002002000020AF
:101E600034540008345500080600002008B57020DE
:101E7000ADF8000001208DF8020010208DF803005D
:101E800069460848FFF796F840210648FFF719FB16
:101E900020210448FFF715FB10210248FFF711FB32
:101EA00008BD00000008014000BFFEE7704710B504
:101EB0004FF4A06000F040F802F0FCF9FEF73EFE9F
:101EC00002F0E2FC10BD000070B5002100230F22DB
:101ED000C47804B3154C246804F4E064C4F5E064E9
:101EE000210AC1F10403CA40447804FA03F184785A
:101EF0001440214309010E4C0678A155047804F0E2
:101F00001F050124AC4005786D11AD0005F1E025F9
:101F1000C5F8004109E0047804F01F050124AC4035
:101F2000044D0678761145F8264070BD0CED00E0B2
:101F300000E400E080E100E002490143024A116050
:101F4000704700000000FA050CED00E01EB53548B2
:101F50000478002002900A2094FBF0F100FB11406D
:101F60003030C0B28DF80800642094FBF0F100FB23
:101F700011400A2190FBF1F03030C0B28DF8090019
:101F8000642094FBF0F03030C0B28DF80A0026488F
:101F90000078022805D00220FFF738FF02202249EE
:101FA00008702249C878FEF7B7F921482149097815
:101FB00030F8110020491F4A127831F81210CDE98B
:101FC00000109DF808200523F321482001F0D8FDDA
:101FD00017481849097830F811001749154A12783E
:101FE00031F81210CDE900109DF809200523892150
:101FF000482001F0C5FD0E480E49097830F811005F
:102000000D490C4A127831F81210CDE900109DF8F4
:102010000A2005231E21482001F0B2FD02200249BA
:1020200048701EBDD70F0020250100206811002038
:1020300006000020020000202600002070B52DEDD3
:10204000028B86B06A4890ED010AB0EE408AB2EE8B
:10205000040A28EE000ABCEEC00A10EE104A90ED09
:10206000000AF2EE040A20EE200ABCEEC00A10EECE
:10207000105ABCEEC80A10EE100A86B20020039077
:102080005C4840780A2190FBF1F03030C0B28DF806
:102090000C005848407890FBF1F201FB1200303000
:1020A000C0B28DF80D0000F0B1F804A9204602F08E
:1020B00084FB05A9284602F080FB9DF8100030281B
:1020C00019D14D484D49097830F811004C494B4A17
:1020D000127831F81210CDE900109DF81120052377
:1020E00084215C2001F04CFD84235C22AC2110464D
:1020F00001F0ECF916E09DF8100098B13E483F4918
:10210000097830F811003E493C4A127831F8121033
:1021100005220223CDE90021029004AA5C21084691
:1021200001F042FF34483549097830F8110034494C
:10213000324A127831F81210CDE900109DF81320C0
:102140000523B6215C2001F01BFD4FF6FF70032331
:10215000062268210090A82002F03CFF264827496B
:10216000097830F811002649244A127831F8121003
:1021700000220423CDE90021029005AA0A21B420FF
:1021800001F012FF1C481D49097830F811004FF486
:102190004071CDE900109DF80C2003230E2176201C
:1021A00001F0EEFC14481549097830F811004FF49D
:1021B0004071CDE900109DF80D2003231E217620EB
:1021C00001F0DEFC0F48C089012803D00E48C0781A
:1021D000012809D10C48C178304602F02DFE0020BC
:1021E0000849C8810849C87006B0BDEC028B70BDB3
:1021F00078110020CE0F00200600002002000020F1
:1022000026000020504C00202501002008B53D4844
:10221000D0ED010A3C484078401C00EE100AB8EEB0
:10222000C00AF4EEC00AF1EE10FA03D801203749D3
:10223000087011E03348D0ED010A33484078401C63
:1022400000EE100AB8EEC00AF4EEC00AF1EE10FA81
:1022500002DD00202D4908702D48007868B12B4818
:10226000007850B90020FFF7D1FD0121002002F0D5
:10227000E3FD0020264908701CE02548007801286D
:1022800018D022480078012814D11E48807A0128ED
:1022900006D120211F48FFF714F900201949887240
:1022A0000120FFF7B3FD0121002002F0C5FD012050
:1022B0001749087015484078012810D11448407813
:1022C00001280CD01448406800901448D0E90A1244
:1022D000009801F085F801200D49487011E00B4885
:1022E000407870B90A48407858B10B48406800906F
:1022F0000A48D0E90812009801F072F80020044959
:10230000487008BD78110020CE0F00201001002079
:102310002501002000100140345500083454000805
:102320002DE9FE414A480088FEF7D0FB494890F865
:1023300000800120474908704748408947F293715F
:10234000884228D14548007820B191245A25C426D6
:102350001E2703E07824AA2555266E273C480088CE
:102360004FF6FF7101220623CDE9002102903CA225
:102370002946204601F018FE354800884DF6DB61FD
:1023800000221E23CDE90021029039A239463046B1
:1023900001F00AFE56E03048408949F22631884271
:1023A00028D12E48007820B191245A25C4261E2712
:1023B00003E07824AA2555266E27254800884FF685
:1023C000FF7101220623CDE90021029024A22946B3
:1023D000204601F0E9FD1E4800884DF6DB61002231
:1023E0001E23CDE90021029021A23946304601F09A
:1023F000DBFD27E01948007820B1EB245A25C826D8
:102400001E2703E07824AA2555266E271048008849
:102410004FF6FF7101220623CDE90021029010A2A0
:102420002946204601F0C0FD094800884DF6DB61D1
:1024300000221E23CDE9002102900DA2394630462C
:1024400001F0B2FD034880F80080BDE8FE81000085
:1024500004000020020000205C110020424C0020FB
:1024600048535F436162696E65742020202020001C
:1024700056312E303020202020323032332D30356E
:102480002D3038007047F0B5074627B94FF6FF7575
:1024900042F2041603E042F204154FF6FF7640F2D2
:1024A0002B13B4222C21084601F0BAFD002404E0CD
:1024B000284601F03FFE601CC4B2782CF8DBB42340
:1024C0001A46A4212D2001F0ABFD002404E028468B
:1024D00001F030FE601CC4B2762CF8DB40F22B1306
:1024E000B422A421084601F09BFD002404E0284604
:1024F00001F020FE601CC4B2782CF8DB40F22B13F4
:102500001A46A4212D2001F08BFD002404E028466A
:1025100001F010FE601CC4B2762CF8DB8B23142271
:102520002C21084601F07CFD002404E0304601F037
:1025300001FE601CC4B2782CF8DB14231A46A421D7
:102540002D2001F06DFD002404E0304601F0F2FD85
:10255000601CC4B2762CF8DB8B231422A42108461D
:1025600001F05EFD002404E0304601F0E3FD601C54
:10257000C4B2782CF8DB8B231A46A4212D2001F05D
:102580004FFD002404E0304601F0D4FD601CC4B2CD
:10259000762CF8DBF0BD000010B5012007498870EB
:1025A000C87000200871FEF7B1FA00200449887253
:1025B0000448C07900B910BD00BFFCE72501002028
:1025C000C20F00206811002029B1064A5269024357
:1025D000044B5A6104E0034A52698243014B5A6139
:1025E000704700000010024029B1064AD269024338
:1025F000044BDA6104E0034AD2698243014BDA6199
:10260000704700000010024029B1064A9269024357
:10261000044B9A6104E0034A92698243014B9A6138
:10262000704700000010024010B54FF4803000F0F9
:10263000B5F801210802FFF7C7FF01210448FFF7A1
:10264000D3FF012144F67D00FFF7DEFF10BD00003F
:1026500003000018F0B50022002100240023484D9B
:102660006D6805F00C0222B1042A05D0082A3ED17B
:1026700005E0444D05603DE0424D05603AE0404DC7
:102680006D6805F480343E4D6D683F4E05EA0601E5
:1026900001F0C04535B901F47015B5F5701F01D0D2
:1026A000022500E0012501F0C046C1F3834747EA57
:1026B0005666A9191CB9354D4D4305600BE0304DE8
:1026C0006D6805F400351DB1304D4D43056002E0E5
:1026D0002C4D4D4305602A4D6D6805F000452DB920
:1026E0002B4E0568B54201D93546056002E0254DFF
:1026F000056000BF00BF224D6D68C5F30212204D7A
:102700006D6805F0800515B1224DAD5C00E0002537
:102710002B460568DD404560194D6D68C5F3012203
:10272000174D6D6805F4806515B11A4DAD5C00E07C
:1027300000252B464568DD408560114D6D68C5F369
:10274000C1220F4D6D6805F4005515B1114DAD5CFA
:1027500000E000252B464568DD40C560084D6D68EA
:10276000C5F38132064D6D6805F080550DB142F01C
:102770000402094DAB5CC568B5FBF3F50561F0BD1E
:102780000010024000127A0000003C6000093D0089
:1027900000A24A04281D0308301D030811490968D6
:1027A00021F480310F4A11601146096821F480211B
:1027B0001160B0F5803F03D0B0F5802F0ED106E058
:1027C0000849096841F48031064A116007E005496B
:1027D000096841F4A021034A116000E000BF00BF76
:1027E00070470000001002402DE9F0470025002648
:1027F000A846FEF765FBFEF771F88146484602F0F1
:1028000013FCFEF7FDFA002411E01849A01C31F872
:102810001000454004F1220031F81000464004F158
:10282000420031F8100080EA0808601C84B2052CD0
:10283000EBDB002415E025B90C49A01C31F8107021
:102840000BE02EB9094904F1220031F8107004E0C0
:10285000064904F1420031F8107005490F55601C1B
:1028600084B2052CE7DBBDE8F0870000604C002057
:10287000CE0F002010B5FEF749F902F0DDFC002074
:102880000249087000F0B6FA10BD0000CE0F00201B
:1028900008B54FF44070ADF8000001208DF802003B
:1028A00014208DF8030069460148FEF783FB08BD3C
:1028B000000C014038B50446204600F077F9684620
:1028C00000F03AFA05460121002000F075F938BD04
:1028D00010B54420FFF7EEFF10BD30B502460B46A1
:1028E000FF20002113E0555C684008240BE000F055
:1028F000800525B1312585EA4005E8B201E04506AD
:10290000280E651EECB2002CF1DC4D1CE9B2994298
:10291000E9DB30BD2B4989780A2918DB00EE100A63
:10292000B8EE400ADFED280A20EE200A9FED271AB4
:10293000C0EE010A2349897800EE101AB8EE400A69
:1029400030EE800AF2EE040A30EE600A70471D494C
:102950008978002934DB1B4989780A2930DA00EEAE
:10296000100AB8EE400ADFED180A20EE200A9FEDAB
:10297000171AC0EE010A1349897800EE101AB8EE52
:10298000400A30EEC00AB5EEC00AF1EE10FA02D8E5
:102990009FED0F0ADAE700EE100AB8EE400ADFED0D
:1029A0000A0A20EE200A9FED091AC0EE010A054925
:1029B000897800EE101AB8EE400A30EEC00AC5E77A
:1029C00000BFC3E7D70F00200000C84200FF7F47C9
:1029D000000000003149C9780A291CDB00EE100A0A
:1029E000B8EE400ADFED2E0A20EE200A9FED2D1AE8
:1029F000C0EE010A9FED2C0A70EEC00A2749C97883
:102A000000EE101AB8EE400A30EE800AF2EE040A28
:102A100030EE600A70472149C97800293CDB1F4924
:102A2000C9780A2938DA00EE100AB8EE400ADFED5C
:102A30001C0A20EE200ADFED1B0A80EE201A9FED13
:102A40001A0A71EE400A1549C97800EE101AB8EE5C
:102A5000400A30EEC00AB5EEC00AF1EE10FA02D814
:102A60009FED120AD6E700EE100AB8EE400ADFED3D
:102A70000C0A20EE200ADFED0B0A80EE201A9FEDF3
:102A80000A0A71EE400A0549C97800EE101AB8EE3C
:102A9000400A30EEC00ABDE700BFBBE7D70F0020F9
:102AA00000002F4300FF7F47000034420000000079
:102AB0002DE9F04105460E46144631462846FFF7FB
:102AC0000CFF0746A74202D00220BDE8F08100209B
:102AD000FBE72DE9FC4105460E4617463A46002124
:102AE00001A8FEF7FBFC044634B9002211460DF1A3
:102AF0000500FEF7F3FC04462CB900223146684677
:102B0000FEF7ECFC044634B99DF80020022101A830
:102B1000FFF7CEFF04469DF805009DF8041040EA3B
:102B2000012028802046BDE8FC8100007CB50546D8
:102B30000E4600F0E7F8044624B94FF4604000F078
:102B4000EFF8044614B900F0CDF804462CB9002281
:102B5000114601A8FFF7BDFF04462CB90022012150
:102B60006846FFF7B6FF04469CB9BDF80400FFF7BE
:102B700031FF85ED000A95ED000AF2EE040A30EE11
:102B8000600A85ED000ABDF80000FFF7C3FE86ED80
:102B9000000AFEF723FD0448807A012802D00120B4
:102BA00000F0B8F920467CBDC20F00200149087032
:102BB000704700004901002070B506460D4600F040
:102BC000A1F80446002C72D1002E57D0012E2BD034
:102BD000022E7FD1052D22D2DFE805F003090F1563
:102BE0001B0042F22F0000F09BF804431AE042F26F
:102BF0002D1000F095F8044314E042F22B2000F071
:102C00008FF804430EE042F2293000F089F80443C3
:102C100008E042F22A7000F083F8044302E044F036
:102C2000800400BF00BF58E0052D22D2DFE805F088
:102C300003090F151B0042F2240000F071F8044351
:102C40001AE042F2261000F06BF8044314E042F25E
:102C5000202000F065F804430EE042F2223000F03C
:102C60005FF8044308E042F2217000F059F8044391
:102C700002E044F0800400BF00BF2EE0052D24D206
:102C8000DFE805F003090F171D0042F2320000F0E3
:102C900047F804431CE042F2301000F041F80443CE
:102CA00016E042F2362000F03BF8044310E015E055
:102CB00010E042F2343000F033F8044308E042F20E
:102CC000377000F02DF8044302E044F0800400BFA8
:102CD00000BF02E044F0800400BF00BFFEF77EFCAE
:102CE000204670BD10B5FEF755FC05490978012254
:102CF00002EB4101C8B2FEF795FC0446204610BD28
:102D00004901002010B5FEF745FC04490978490641
:102D1000080EFEF787FC0446204610BD490100203E
:102D200070B504462012FEF77DFC0546E0B2FEF7C2
:102D300079FC0543284670BD70B50546FFF7E2FFF4
:102D40000446204670BD000008B501210D20FFF7A4
:102D50005BFC6846FEF7B7FB4FF4C850ADF80000C7
:102D600002208DF8020018208DF8030069461948EA
:102D7000FEF720F9C220ADF8000069461648FEF7BC
:102D800019F901211548FEF7A1F901211448FEF7B0
:102D90009DF902201349086000BF1248001D006819
:102DA00000F001000028F8D10F480E49091F086003
:102DB0000E480C498839C1F8840000BF0948083022
:102DC000006800F080000028F8D106491031086042
:102DD00008BD000000080140000C01400000204038
:102DE000000400408820024023016745AB89EFCDF5
:102DF000704700002DE9F0410026FDF737FD002463
:102E00000EE02648055D6E402549A01C21F81050B3
:102E1000203021F81050203021F81050601C84B26E
:102E2000042CEEDB1E488681A0F84C60A0F88C6074
:102E3000FDF754FD0746384602F0F6F800241DE081
:102E40001749A01C31F81010164A32F810008142C0
:102E500011D1134904F1220031F8101032F810009A
:102E6000814208D10E4904F1420031F8101032F8C5
:102E70001000814200D003E0601C84B2052CDFDB2F
:102E800000BF052C07DA07480088401C0449088069
:102E9000384602F0DFF8BDE8F0810000CE0F0020D8
:102EA000604E0020604C00201848C27B417C407975
:102EB000012805D1002216480078082800D10122F7
:102EC0001248807901281DD100211148007810286E
:102ED00001D1102116E00E480078022801D12021EE
:102EE00010E00B480078012801D180210AE0084851
:102EF0000078202801D1402104E00548007804280A
:102F000000D1042102EB012080B27047181100208B
:102F10001A01002017494978022903D10321154AD3
:102F2000517002E00121134A51700121114A917040
:102F30000021114A51701170D17091700F494A7877
:102F40004978491C0D4B5970052A02DB00211A46AD
:102F5000517000F07F01074A117108494A78891CB5
:102F6000885407490A6805494B78143141F82320F1
:102F7000704700005C1100208411002030110020F7
:102F8000504C002010B500F001F810BD1CB5002019
:102F9000019000903648006840F480303449086061
:102FA00000BF3348006800F4003000900198401CD6
:102FB0000190009818B90198B0F5405FF1D141F245
:102FC000883001F01FFE2A48006800F4003010B17C
:102FD0000120009001E0002000900098012845D1D8
:102FE00023484068224948600846406820F4605001
:102FF00048600846406840F4005048600846406811
:1030000020F4E06048600846406840F48060486012
:103010000846406817490840154948600846406816
:1030200015490843124948600846006840F080701E
:10303000086000BF0E48006800F000700028F9D05A
:103040000B48406820F00300094948600846406882
:1030500040F00200486000BF0548406800F00C00E6
:103060000828F9D14FF4FA7001F0CCFD1CBD000026
:1030700000100240FFFFC01F000021A03EB52748FE
:103080008578002002900A2D03DA2D208DF80900A2
:1030900002E02B208DF809000A2095FBF0F100FBDF
:1030A00011503030C0B28DF8080007241C48007859
:1030B000A04204D0E0B2FEF7A9FE19490C701949EC
:1030C000C878FFF7E0F918481849097830F8110076
:1030D0001749164A127831F81210CDE900109DF800
:1030E00008200523DC21482000F04AFD0E480F4946
:1030F000097830F811000E490C4A127831F8121094
:10310000CDE900109DF8092005233C21482000F05E
:1031100037FD0220024948703EBD0000D70F002055
:103120002501002068110020060000200200002078
:10313000260000201EB526484478002002900A2070
:1031400094FBF0F03030C0B28DF809000A2094FBF7
:10315000F0F100FB11403030C0B28DF808001D487E
:103160000078032805D00320FEF750FE03201949FC
:1031700008701949C878FFF786F91848184909787E
:1031800030F811001749164A127831F81210CDE9BB
:1031900000109DF808200523DC21482000F0F0FCF9
:1031A0000E480F49097830F811000E490C4A127880
:1031B00031F81210CDE900109DF8092005233C21BB
:1031C000482000F0DDFC0220024948701EBD0000CE
:1031D000D70F0020250100206811002006000020E4
:1031E00002000020260000203EB52748C5780020B8
:1031F00002900A2D03DA2D208DF8090002E02B2021
:103200008DF809000A2095FBF0F100FB11503030D9
:10321000C0B28DF8080008241C480078A04204D0F1
:10322000E0B2FEF7F3FD19490C701949C878FFF7B1
:103230002AF918481849097830F811001749164A30
:10324000127831F81210CDE900109DF808200523FE
:10325000DC21482000F094FC0E480F49097830F832
:1032600011000E490C4A127831F81210CDE9001005
:103270009DF8092005233C21482000F081FC022014
:10328000024948703EBD0000D70F002025010020F4
:103290006811002006000020020000202600002007
:1032A00005480079012803D100200349087102E094
:1032B00001200149087170472001002010B51A480B
:1032C000006840F47000184908601848006840F031
:1032D000010016490860084640681549084013492E
:1032E00048600846006813490840104908600846CD
:1032F000006820F480200860084640680E490840B5
:103300000A4948600846006B0C49084007490863B1
:103310004FF41F008860FFF735FE4FF00060024950
:103320008039086010BD000088ED00E00010024008
:103330000C00FFE8FFFFF6FEFFFF001700FFFEFE98
:1033400010B5012021494872FEF746FD00F0F8FE55
:1033500080211F48FEF7B5F84FF47A70FDF7F7FAB1
:1033600080211B48FEF7ABF820211A48FEF7A9F888
:103370004FF47A70FDF7EBFA20211648FEF79FF81C
:1033800010211448FEF79DF84FF47A70FDF7DFFA2C
:1033900010211048FEF793F808210D48FEF791F828
:1033A0004FF47A70FDF7D3FA08210948FEF787F841
:1033B00000200649C8714872074908704FF47A70B6
:1033C00006498880FDF7A2FB10BD0000C20F002057
:1033D0000008014000100140020D0020504C002068
:1033E0002DE9F74F82B03848007818B3BDF80A00CD
:1033F00035498989084485B2BDF80A00324989896E
:103400000844BDF80E10084486B2BDF80870BDF837
:103410000800BDF80C1008441FFA80F8BDF80CA095
:10342000701E83B2A8F1010081B22A46384600F02E
:10343000F7FD1BE0BDF80850BDF80800BDF80C1002
:10344000084486B2BDF80A70BDF80A00BDF80E1037
:1034500008441FFA80F8BDF80CA0A8F1010083B25F
:10346000701E81B23A46284600F0DAFD049800F159
:10347000036000904FF000091FE009FB0AF0019083
:10348000002413E0204604EBD0714910A4EB410165
:1034900021B901982044009951F810B01FFA8BF01F
:1034A00000F048FE4FEA1B4B601C84B2701BA04228
:1034B000E8DC09F101001FFA80F9A8EB0700484594
:1034C000DBDC05B0BDE8F08F424C00202DE9F84F61
:1034D00005460E4690461F462A4800782A4901EBC9
:1034E000C000406800F103600090B54201DAB845C1
:1034F00001DBBDE8F88F2548007840B1701E83B22B
:10350000781E81B22A46404600F08AFD07E0781E08
:1035100083B2701E81B24246284600F081FDC1464A
:103520002CE000BFC9EB091005EB001B00241EE0D6
:103530001748007890B9204604EBD0714910A4EBED
:10354000410121B90BEB0400009951F810A01FFABA
:103550008AF000F0EFFD4FEA1A4A06E00D490C4AE6
:10356000127831F8120000F0E5FD601C84B2701B87
:10357000A042DDDC09F101001FFA80F9B945D0DB7A
:1035800000BFB6E75C11002034540008424C002014
:10359000020000200600002010B54FF48051FE48C4
:1035A000FDF78FFF0A20FDF7D2F94FF48051FA485A
:1035B000FDF785FF6420FDF7CAF94FF48051F64806
:1035C000FDF77FFF4FF4FA70FDF7C1F9F34840892A
:1035D00047F2937188427CD1012000F0A7FD4FF49F
:1035E000807000F0A7FDFEF763FA902000F09EFDCA
:1035F0004FF4004000F09EFD4FF4806000F096FD17
:103600004FF4C44000F096FD40F2014000F08EFD02
:10361000002000F08FFD40F2044000F087FD002004
:1036200000F088FDFF2000F081FD012000F082FD08
:103630004FF4817000F07AFD4FF4D87000F07AFDFD
:103640004FF4E26000F072FD102000F073FD40F2D4
:10365000127000F06BFD0F2000F06CFD40F2527014
:1036600000F064FD2F2000F065FD0220FDF76FF9EA
:103670004FF4607000F05AFD40F2031000F05AFD64
:1036800040F2813000F052FD45F61B4000F052FD43
:1036900040F2823000F04AFD40F6013000F04AFD71
:1036A00040F2833000F042FD40F2156000F042FD30
:1036B0004FF4617000F03AFD40F2111000F03AFD55
:1036C00040F2853000F032FD40F2031000F032FD90
:1036D00000E045E040F2863000F028FD49F6174052
:1036E00000F028FD40F2873000F020FD40F2076036
:1036F00000F020FD4FF4627000F018FD40F21460FD
:1037000000F018FD40F2893000F010FD40F2111079
:1037100000F010FD40F2027000F008FD572000F0AC
:1037200009FDFF2000F002FD002000F003FD07204E
:1037300000F0FCFC4FF4807000F0FCFC0620FDF76C
:1037400006F94FF4007000F0F1FC002000F0F2FCEC
:1037500040F2012000F0EAFC002000F0EBFC0DE25A
:103760008E48408949F2263188427CD140F202706D
:1037700000F0DCFC43F2080000F0DCFC40F20570D5
:1037800000F0D4FC362000F0D5FC40F20B7000F0C5
:10379000CDFC41F2132000F0CDFC012000F0C6FC6E
:1037A0004FF4807000F0C6FC022000F0BFFC4FF424
:1037B000807000F0BFFCFEF77BF9902000F0B6FCB3
:1037C0004FF4004000F0B6FC082000F0AFFC40F2DF
:1037D000022000F0AFFC092000F0A8FC002000F05F
:1037E000A9FC0C2000F0A2FC002000F0A3FC0F209C
:1037F00000F09CFC002000F09DFC4FF4807000F075
:1038000095FC002000F096FC4FF4817000F08EFCD7
:10381000002000F08FFC40F2031000F087FC002035
:1038200000F088FC1420FDF792F84FF4807000F04F
:103830007DFC41F2901000F07DFC40F2011000F0A0
:1038400075FC40F2272000F075FC0520FDF77FF89D
:103850004FF4817000F06AFC9F2000F06BFC0520A3
:10386000FDF775F800E0C9E040F2031000F05EFCDF
:103870004FF4345000F05EFC40F2812000F056FC22
:103880000E2000F057FC0520FDF761F84FF40070A2
:1038900000F04CFC002000F04DFC40F2012000F054
:1038A00045FC002000F046FC4FF4407000F03EFC68
:1038B000002000F03FFC40F2013000F037FC40F205
:1038C000077000F037FC40F2023000F02FFC40F2AD
:1038D000066000F02FFC40F2053000F027FC0020CD
:1038E00000F028FC40F2063000F020FC4FF450605D
:1038F00000F020FC40F2073000F018FC40F20670A7
:1039000000F018FC4FF4427000F010FC052000F0AD
:1039100011FC40F2093000F009FC072000F00AFC1D
:103920004FF4437000F002FC002000F003FC40F272
:103930000D3000F0FBFB0A2000F0FCFB4FF4806030
:1039400000F0F4FB4FF4445000F0F4FB40F201406F
:1039500000F0ECFB012000F0EDFB40F2044000F031
:10396000E5FB002000F0E6FB4FF4A06000F0DEFB7A
:10397000002000F0DFFB40F2015000F0D7FB0020F8
:1039800000F0D8FB40F2025000F0D0FB002000F025
:10399000D1FB40F2035003E0000C01405C11002019
:1039A00000F0C4FB002000F0C5FB40F2045000F022
:1039B000BDFB002000F0BEFB40F2055000F0B6FB5E
:1039C000002000F0B7FB102000F0B0FB102000F04A
:1039D000B1FB112000F0AAFB4FF4C06000F0AAFB7D
:1039E000202000F0A3FB022000F0A4FB072000F041
:1039F0009DFB40F2731000F09DFBBFE0112000F032
:103A000095FB7820FCF7A3FF362000F08FFBC02049
:103A100000F090FB3A2000F089FB552000F08AFB73
:103A2000B22000F083FB0C2000F084FB0C2000F09F
:103A300081FB002000F07EFB332000F07BFB332075
:103A400000F078FBB72000F071FB462000F072FB1D
:103A5000BB2000F06BFB1B2000F06CFBC02000F0D3
:103A600065FB2C2000F066FBC22000F05FFB01200C
:103A700000F060FBC32000F059FB0F2000F05AFB60
:103A8000C42000F053FB202000F054FBC62000F0BF
:103A90004DFB0F2000F04EFBD02000F047FBA42090
:103AA00000F048FBA12000F045FBD62000F03EFBD3
:103AB000A12000F03FFBE02000F038FBF02000F0F8
:103AC00039FB002000F036FB062000F033FB042019
:103AD00000F030FB052000F02DFB052000F02AFB54
:103AE000312000F027FB442000F024FB482000F0A8
:103AF00021FB362000F01EFB122000F01BFB1220E1
:103B000000F018FB2B2000F015FB342000F012FB16
:103B1000E12000F00BFBF02000F00CFB0B2000F08C
:103B200009FB0F2000F006FB0F2000F003FB0D2027
:103B300000F000FB262000F0FDFA312000F0FAFA38
:103B4000432000F0F7FA472000F0F4FA382000F0A4
:103B5000F1FA142000F0EEFA142000F0EBFA2C2019
:103B600000F0E8FA322000F0E5FA212000F0DEFA59
:103B7000292000F0DBFA2C2000F0D8FA10BD00005C
:103B80002DE9FF4F89B0894614469B4600200290DC
:103B900084480078844901EBC000406800F103606C
:103BA0000090824800EBCB00407806907F4800EB05
:103BB000CB0040680490202C00DA2024A4F12000DF
:103BC000C4B2BBF1080F37D2DFE80BF0050C131AB3
:103BD0000421282F00BF764810F8345000EBC400B1
:103BE000466830E0734810F8345000EBC400466873
:103BF00029E0714810F8345000EBC400466822E018
:103C00006E4810F8345000EBC40046681BE06C4866
:103C100010F8345000EBC400466814E0694810F80E
:103C2000345000EBC40046680DE0674810F834508B
:103C300000EBC400466806E05D4810F8345000EB25
:103C4000C400466800BF00BF0698C11700EB517161
:103C5000C1F3CF0805FB08F080B20790049806FB7B
:103C600008000490002712E097FBF5F005FB1070A8
:103C700000FB088197FBF5F0401C081A80B2039006
:103C80000498C15D514A03981154781C87B2079873
:103C90008742E9DB06990998084480B2059009EB50
:103CA00005001FFA80FA4A480078E0B14848808948
:103CB00000F5A0700599884205DC4548808900F52B
:103CC000A07080B20590BAF1F00F01DB4FF0F00A5E
:103CD0000598401E83B2AAF1010081B24846099AB4
:103CE00000F09EF913E00598F02801DBF020059024
:103CF000BAF5A07F01DB4FF4A07AAAF1010083B2EC
:103D00000598401E81B24A46099800F089F90020C2
:103D100008903EE0089800FB08F080B203900898F5
:103D20004844C0EB0011099800EB011600272AE077
:103D3000039838442549085C0290002007901DE054
:103D400007990298084100F0010018B1169800F098
:103D5000F1F90EE01F48007818B1179800F0EAF961
:103D600007E0009850F816100191019988B200F010
:103D7000E1F9761C0798401C80B207900798082844
:103D8000DEDB781C87B24745D2DB0898401C80B246
:103D90000890AAEB090108988142BBDC28460DB0C7
:103DA000BDE8F08F5C11002034540008D84A0108A7
:103DB000A801010888260108F82E0108E04701083B
:103DC00068CA00087CF200082C5400086C0100202E
:103DD000424C0020020000202DE9FF4F87B00E4624
:103DE0006B4800786B4901EBC000406800F103604C
:103DF000009069490A9831F830900A9801EBC000A8
:103E0000408804900A9801EBC00040680390049831
:103E1000C11700EB51714FEAE10A09FB0AF085B2C4
:103E2000099A517810782A46FDF77CF803990844DE
:103E30000390039800F10360039000241FE0E11752
:103E400004EB91718910A4EB810111B90398005919
:103E5000019094FBF9F009FB104000FB0AA194FBD0
:103E6000F9F0401C081A80B206900198C1B24B4A82
:103E7000069811540198000A0190601C84B2AC426B
:103E8000DDDB0499079808441FFA80FB06EB090064
:103E900087B243480078C0B14148808900F5A070DE
:103EA000584505DC3E48808900F5A0701FFA80FB6C
:103EB000F02F00DBF027ABF1010083B2781E81B256
:103EC0003046079A00F0ACF812E0BBF1F00F01DBCE
:103ED0004FF0F00BB7F5A07F01DB4FF4A077781E11
:103EE00083B2ABF1010081B23246079800F098F836
:103EF0004FF0000845E008FB0AF080B2069006EBA0
:103F00000800C0EB0011079800EB0110029000249C
:103F100031E0069820442149085C0590002526E000
:103F20000598284100F0010018B1149800F002F93A
:103F300015E01C48007818B1159800F0FBF80EE069
:103F40000099029851F81000019005F0010010B19D
:103F50000198000C0190019988B200F0EBF805F08F
:103F6000010010B10298401C0290681C85B2082D17
:103F7000D6DB601C84B25445CBDB08F101001FFA8C
:103F800080F8B81B4045B6DC48460BB0BDE8F08F62
:103F90005C11002034540008585500086C010020C2
:103FA000424C0020020000202DE9FE4F06460F463D
:103FB00014469846DDE90D9A3D4602964FF0000BF7
:103FC00027E0207800B926E0207880280DDACDE9B6
:103FD000009A227829460C9B0298FFF7D1FD2844CD
:103FE00085B2B5F5A07F0FDB15E0CDE9009A22463A
:103FF00029460C9B0298FFF7EFFE284485B2B5F5E1
:10400000A07F00DB07E0641C641C0BF101001FFAB9
:1040100080FBC345D5DB00BF2846BDE8FE8F00000E
:1040200030B505460C463F48408949F22631884262
:1040300005D03C48408947F2937188422ED14FF415
:10404000047000F073F8284600F074F840F2112074
:1040500000F06CF8204600F06DF840F2122000F0FD
:1040600065F8104600F066F840F2132000F05EF8A4
:10407000184600F05FF84FF4007000F057F8002089
:1040800000F058F840F2012000F050F8002000F055
:1040900051F840F2022000F049F842E0224800784E
:1040A000F0B12A2000F042F8101200F043F8D0B22C
:1040B00000F040F8181200F03DF8D8B200F03AF8DD
:1040C0002B2000F033F8281200F034F8E8B200F0AA
:1040D00031F8201200F02EF8E0B200F02BF81DE0CD
:1040E0002A2000F023F8281200F024F8E8B200F0AB
:1040F00021F8201200F01EF8E0B200F01BF82B208F
:1041000000F014F8101200F015F8D0B200F012F818
:10411000181200F00FF8D8B200F00CF82C2000F0C4
:1041200005F830BD5C110020424C00204FF0C0412A
:104130000880704701490880704700000000026055
:1041400010B53220FCF703FCFFF726FA0020FCF73D
:10415000BDFCA020FCF7FBFB4FF400510148FDF72C
:10416000AEF910BD000C014008B54FF40050ADF899
:10417000000010208DF8030002208DF8020069462F
:104180003348FCF717FF4FF68070ADF80000182099
:104190008DF8030002208DF8020069462D48FCF7D7
:1041A00009FF4CF20370ADF8000018208DF80300F1
:1041B00002208DF8020069462748FCF7FBFE4FF409
:1041C0008050ADF8000010208DF8030002208DF81B
:1041D000020069461E48FCF7EDFE4FF40060ADF8A2
:1041E000000018208DF8030002208DF802006946B7
:1041F0001948FCF7DFFE8020ADF8000018208DF88C
:10420000030002208DF8020069461348FCF7D2FE35
:104210002020ADF8000018208DF8030002208DF852
:10422000020069460C48FCF7C5FE1020ADF80000FE
:1042300018208DF8030002208DF802006946064818
:10424000FCF7B8FE4FF400510148FDF73AF908BDFC
:10425000000C014000180140001401401FB5124835
:1042600000681249B0FBF1F0401E84B2684600F0CD
:104270009BFA4FF47A700290ADF800400020ADF840
:104280000C00019069460A4800F042FA01210848F2
:1042900000F014FA01221146054800F02FFA01211E
:1042A000034800F00EFA1FBD5801002040420F00E5
:1042B0000004004008B51D208DF8000001208DF895
:1042C000010000208DF8020001208DF803006846EF
:1042D000FDF7FAFD08BD000010B50121DD4800F032
:1042E000FCF900287ED0DC480068401CDA490860F0
:1042F0000121D84800F0E2F9D8480068401CD749AD
:10430000086008468068401C886008468068B0F5F0
:104310007A7F0ED3D2488078012803D1D149081F73
:10432000FEF704FC0020CD49886008468089401CC7
:104330008881CA4880893C2804DB0020C7498881DD
:104340000120C881C84890F83300A8B1C64890F849
:10435000341190F83401401EC34A82F8340159B92F
:104360000120114681F83501FCF7D6FA0020BE493C
:1043700081F8350181F83300BC48407BA8B1BB48C7
:10438000407B401EB9494873B9484078022816D08E
:104390000846407B052190FBF1F201FB120070B949
:1043A0000120B2490871487109E0B14840780228FB
:1043B00005D01F20AD494873012008718871FDF7B1
:1043C000F7FAAC48C08820B1AA48C088401EA94965
:1043D000C880A948408920B1A7484089401EA64905
:1043E000488100E0B4E0A548C08820B1A348C08857
:1043F000401EA249C88099498888411E974A9180E9
:1044000018BB4FF47A701146888020219C48FDF734
:1044100056F880219B48FDF752F808219948FDF78E
:104420004EF810219648FDF74AF89348C07920B11C
:104430009148C079401E9049C8718F48808920B149
:104440008D488089401E8C4988818F4800780028DB
:104450007ED08448001F90ED010AB5EEC00AF1EE4F
:1044600010FAF5D08948007820B101282BD0022815
:1044700028D181E07B48001FD0ED010A84484078B4
:10448000C01C00EE100AB8EEC00AF4EEC00AF1EE4D
:1044900010FA14DB012000F0FBFD6F4800687D4935
:1044A00088420FD3002000F0F3FD012000F0B4FE9D
:1044B00002207649087000206749086002E0012068
:1044C00072490870C4E074480078012809D1654831
:1044D000001F90ED010A714880ED000A00206E492E
:1044E00008706048001FD0ED010A6948407800EE6E
:1044F000100AB8EE400AF4EEC00AF1EE10FA06D245
:10450000002000F0C5FD00205349086033E0554805
:10451000001F90ED010A6148D0ED000AB4EEE00AF8
:10452000F1EE10FA1DDD5E480068401C5C49086031
:10453000084600685B4988421DD900205849086038
:1045400000F0A6FD012000F067FE0020424900E0D7
:104550007FE0086002204D49087001204E49087034
:1045600009E04048001F90ED010A4C4880ED000A28
:1045700000204B4908606BE020214248FCF796FF81
:1045800010B9002000F084FD01203649091F88720F
:10459000314800684EF6602188420BD342480078CB
:1045A000012807D100F028FE00203F4908702A4961
:1045B00008604CE0284800683C4988420CD33C48DD
:1045C0000078012808D1002000F016FE00203849AC
:1045D0000870214908603AE01F4800684EF66021E3
:1045E000884212D310212748FCF760FF01280CD124
:1045F00030480078012808D1002000F00DFE00208E
:104600002C4908701449086021E0134800682749C4
:1046100088421CD320211B48FCF748FF012816D1F3
:104620002448007898B92248007880B91E4800785C
:1046300068B90020084908600120144908701A4927
:1046400008701B4908701B4908701B49087000BF9F
:1046500000BF10BD0004004034010020504C002079
:10466000250100207C110020E00F002018110020FF
:104670005C1100201201002068110020841100202C
:1046800000100140000801402C0100204F010020D3
:10469000CE0F002020BF0200440100204001002076
:1046A0003C010020E093040045010020C0270900E0
:1046B000460100204701002048010020CA43028231
:1046C000704721B1028842F00102028004E00288B2
:1046D0004FF6FE731A400280704730B50246002044
:1046E00000230024158A05EA0103958905EA0104DF
:1046F00013B10CB1012000E0002030BD1AB1838954
:104700000B43838102E083898B43838170470000E0
:10471000002202881C4B984211D0B0F1804F0ED07D
:104720001A4B98420BD01A4B984208D0194B98421A
:1047300005D0194B984202D0184B984205D14FF63C
:104740008F731A408B8813439AB2154B984207D047
:10475000144B984204D04FF6FF431A408B891A43FA
:1047600002808B68C3620B880385074B984205D093
:10477000064B984202D0064B984201D18B7B0386B0
:104780000123838270470000002C01400034014067
:10479000004001400004004000080040000C0040C0
:1047A00000100040001400404FF6FF7181600021AE
:1047B000018081814160817370474FF47A72B0FB50
:1047C000F2F302FB13026423B2FBF3F230320A70FD
:1047D0006422B0FBF2F302FB13020A23B2FBF3F2F2
:1047E00030324A700A22B0FBF2F302FB130230327D
:1047F000CA702E228A70704710B500F0FBF800F0E6
:1048000069F810BD10B540F225511D4800F0A3F81D
:1048100018B31B4800F08CF9C4B240F22551184877
:1048200000F042F8174890F83300FF281CDC1548C8
:1048300090F83501012817D0124890F8331090F8FD
:104840003300401C0F4A82F8330002F13400445414
:104850000420114681F8340106E00A48B0F8360118
:10486000401C0849A1F8360140F22771044800F0C5
:1048700072F820B140F22771014800F015F810BD20
:1048800000380140E00F002008B525208DF8000019
:1048900000208DF801008DF8020001208DF8030042
:1048A0006846FDF711FB08BD01F40072B2F5007F08
:1048B00000D100BFCA430280704721B1828942F40F
:1048C0000052828104E082894DF6FF731A40828192
:1048D000704700001FB501210420FDF795FE01215E
:1048E0008803FDF791FE684600F07EF94FF416400C
:1048F00000904FF48050ADF804000020ADF80600A1
:10490000ADF80800ADF80C000C20ADF80A006946BF
:10491000094800F0A1F8012240F22551064800F0B4
:1049200044F8002240F22771034800F03EF80121CC
:104930000148FFF7C2FF1FBD0038014002460020BA
:10494000B1F5007F00D100BF13880B400BB10120EF
:1049500000E00020704770B50246002400230025C7
:10496000002040F66A16B14200D100BFC1F34215E3
:1049700001F01F03012606FA03F3012D02D19689E7
:10498000334006E0022D02D1168A334001E0968AB8
:1049900033400C12012606FA04F41688344013B191
:1049A0000CB1012000E0002070BDF0B503460024EA
:1049B00000260025002040F66A17B94200D100BF4A
:1049C0001846C1F3421401F01F06012707FA06F545
:1049D000012C01D10C3004E0022C01D1103000E098
:1049E00014301AB107682F43076002E00768AF432D
:1049F0000760F0BD08B54FF40070ADF8000002206C
:104A00008DF8020010208DF8030069461048FCF76D
:104A1000D1FA4FF40070ADF8000002208DF80200CA
:104A200018208DF8030069460A48FCF7C3FA4FF4D2
:104A30008060ADF8000004208DF803006946054849
:104A4000FCF7B8FA4FF400710148FCF738FD08BDD7
:104A500000100140000801402DE9F04786B00546EE
:104A60000E460024A24600BFA1460027B08900B12F
:104A700000BF2F462C8A4CF6FF700440F088044398
:104A80002C82AC894EF6F3100440B088318908437B
:104A9000718908430443AC81AC8A4FF6FF4004405F
:104AA000B0890443AC8201A8FDF7D4FD1F488742BA
:104AB00002D1DDF810A001E0DDF80CA0A88900F417
:104AC000004040B10AEBCA0000EB0A10316849000F
:104AD000B0FBF1F807E00AEBCA0000EB0A103168FE
:104AE0008900B0FBF1F86420B8FBF0F00401200964
:104AF000642101FB1089A88900F4004040B13220F4
:104B000000EBC900B0FBF1F000F00700044308E03F
:104B1000322000EB09106421B0FBF1F000F00F002F
:104B200004432C8106B0BDE8F08700000038014046
:104B300001468888C0F30800704700002DE9F04165
:104B400005460E46174625B94FF400710A48FCF792
:104B5000B8FC002405E0315D284600F00FF8601C29
:104B6000C4B2BC42F7DB25B94FF400710248FCF730
:104B7000A6FCBDE8F08100000010014070B50446BD
:104B80000D465CB92946134800F02AF800BF4021C1
:104B90001048FFF7D3FE0028F9D01AE0012C0BD102
:104BA00029460D4800F01CF800BF40210A48FFF7D5
:104BB000C5FE0028F9D00CE0022C0AD1294607488E
:104BC00000F00EF800BF40210448FFF7B7FE0028B0
:104BD000F9D070BD0038014000440040004800405A
:104BE000C1F30802828070474FF416510160002122
:104BF0008180C18001810C21418100218181704728
:104C000000BFFEE7002100E0491C8142FCD3704751
:104C100051B18200A2F1C042126842F00103820049
:104C2000A2F1C042136009E08200A2F1C042126802
:104C3000034B1A408300A3F1C0431A607047000081
:104C4000FEFF0F00D0E901121143C268114302694F
:104C500011434269114382691143C2691143026AD7
:104C60001143426A1143826A1143C26A1143026BC3
:104C7000114302689200A2F1C042116081680829C4
:104C80000BD101688900A1F1C041096841F04002DF
:104C900001688900A1F1C0410A60416B0968426B5B
:104CA000526841EA0211426B926841EA0221426B6A
:104CB000928941EA0241426B128A41EA0251426BF7
:104CC000127D41EA0261426B926911430268521CF3
:104CD0009200A2F1C0421160C16AB1F5804F1BD1B0
:104CE000816B0968826B526841EA0211826B92689B
:104CF00041EA0221826B128A41EA0251826B127DE3
:104D000041EA0261826B9269114302689200A2F14A
:104D1000C042C2F8041107E06FF0704201688900D8
:104D2000A1F1C041C1F80421704700B59DB0012137
:104D30000802FDF749FC02200090002001901E208F
:104D400002900020039004900590069002200790A6
:104D5000002008900320099000200A900B900C90EE
:104D60000D900E901020119000200F901090139035
:104D70001290159018904FF4805017908000199061
:104D80000020169014901A9007A81C90CDF86CD0B3
:104D90000EA8FFF757FF01210020FFF739FF1DB0D4
:104DA00000BD02E008C8121F08C1002AFAD17047EE
:104DB0007047002001E001C1121F002AFBD170479B
:104DC00010B519480078012816D11848D0ED010A0D
:104DD00017484078C01C00EE100AB8EEC00AF4EE86
:104DE000C00AF1EE10FA07DD80211248FCF769FBDA
:104DF00000200D49087015E00C48D0ED010A0C4860
:104E00004078401C00EE100AB8EEC00AF4EEC00A6A
:104E1000F1EE10FA06D280210648FCF750FB012083
:104E20000149087010BD00005201002078110020D7
:104E3000CE0F0020000801402DE9F84307468846C0
:104E400000260F25B8F1000F17D1354835490988DC
:104E500020F8117033480088401C1E2190FBF1F2AD
:104E600001FB12002F4908802F4800681E2804DA31
:104E70002D480068401C2C4908602A4806880024F8
:104E800047E0294800681E2816DA254830F8140043
:104E900026494978884202DC4FF4FC6901E04FF66C
:104EA000E0791F48CDF8009030F814300522172122
:104EB000284600F08FF824E0194830F816001B4906
:104EC0004978884202DC4FF4FC6901E04FF6E07952
:104ED000A81D83B22A4654211720FEF7F7FA10487E
:104EE000CDF8009030F8163005221721284600F042
:104EF00071F8701C86B21E2096FBF0F100FB116069
:104F000086B2B5F5967F02DA05F1090085B2601C1C
:104F1000C4B2054800688442B3DBBDE8F8830000F2
:104F2000860900200C01002008010020CE0F00207F
:104F300010B52348007820B1012806D002283DD1C1
:104F400023E001201F49487038E001201D494870C6
:104F50001D48D0ED010A1D484078401C00EE100AA3
:104F6000B8EEC00AF4EEC00AF1EE10FA0ADB012036
:104F700000F08EF820211648FCF798FA10B90020AE
:104F800000F086F8FFF71CFF18E000200D4948707C
:104F90000D48D0ED010A0D484078401C00EE100A83
:104FA000B8EEC00AF4EEC00AF1EE10FA05D80020FF
:104FB00000F032F901200249087000BF00BF10BDA7
:104FC0004F0100201001002078110020CE0F00209A
:104FD000000801402DE9F04305460E4617461C46E1
:104FE000DDF81C904FF000081E2C00DD1E24E8198F
:104FF00083B206EB440081B22A463046FFF710F830
:105000004FF0000806E04846FFF794F808F1010069
:105010001FFA80F8012000EB4400791C484340450A
:10502000F1DCBDE8F083000070B5054607482E1896
:10503000002408E03046FBF73FFF054921F8140043
:10504000B61C601C84B2FF2CF4DD70BD00F80308B0
:10505000604C002070B505460B482E18FBF730FF5A
:105060003046FBF73FFE002408E0084830F81410F3
:105070003046FBF7CFFEB61C601C84B2FF2CF4DD7B
:10508000FBF7BEFE70BD000000F80308604E002074
:1050900010B50446012C04D140210448FCF70FFA56
:1050A00003E040210148FCF70CFA10BD0008014064
:1050B00038B500245020FCF71FFC14B9FCF722FC83
:1050C00004462CB9002201216846FCF7E9FB04469E
:1050D000BDF80000001238BD10B50446082C60D29F
:1050E000DFE804F05F04111E2B38455220213448BC
:1050F000FCF7E5F910213248FCF7E1F9802131484D
:10510000FCF7DFF95AE080212E48FCF7D8F910218E
:105110002B48FCF7D4F920212948FCF7D2F94DE0BF
:1051200080212848FCF7CBF920212548FCF7C7F956
:1051300010212348FCF7C5F940E010212048FCF776
:10514000BEF980211F48FCF7BCF920211C48FCF760
:10515000B8F933E020211A48FCF7B1F98021194849
:10516000FCF7AFF910211648FCF7ABF926E08021D7
:105170001448FCF7A4F920211148FCF7A2F91021EA
:105180000F48FCF79EF919E080210E48FCF799F9C9
:1051900020210B48FCF795F910210948FCF791F9FB
:1051A0000CE080210748FCF78AF920210448FCF72D
:1051B00086F910210248FCF782F900BF00BF10BD3C
:1051C0000010014000080140FBF77AF9FEF7B8F83B
:1051D000FDF77EFB0120064988700020C870012081
:1051E0000449087003E0FCF705FDFFF7A1FEFAE7AC
:1051F000250100202C01002010B50446012C04D10B
:1052000010210448FCF75BF903E010210148FCF78A
:1052100058F910BD0008014010B50446012C04D116
:1052200020210448FCF74BF903E020210148FCF75A
:1052300048F910BD000801400021234A1170D170C7
:10524000224A1170204A51709170214A1172917155
:105250001D4A117100202FE00022C0EBC00101EBBC
:1052600081031949891D01EB83018A71C0EBC001DB
:1052700001EB81031449891D01EB83018A80C0EB96
:10528000C00101EB81031149891D01EB83018A7182
:10529000C0EBC00101EB81030C49891D01EB8301C7
:1052A0008A80C0EBC00101EB81030849891D01EB35
:1052B0008301CA71411CC8B20228CDDB0021054A16
:1052C0005170034AD1717047E20A0020C4090020DE
:1052D000C20F002068110020C50098006B003E003E
:1052E000110072012C01E600A0005A00C5009800D0
:1052F0006B003E0011004F010901C3007D00370023
:105300000C000C00E1000C004001F000E100F00096
:105310000000B0100000EF0000008F01000001004D
:1053200098100000EF0000008F0100000001B01095
:105330000000EF0000008F01000001019810000044
:10534000EF0000008F0100000002B0100000EF002D
:1053500000008F010000010298100000EF00000023
:105360008F010000000048000000EF0000008F01E6
:1053700000000100E8002000AF010000EF00200065
:10538000000148000000EF0000008F010000010153
:10539000E8002000AF010000EF00200000024800FC
:1053A0000000EF0000008F0100000102E800200073
:1053B000AF010000EF002000FFFFDBDEB6B59294E6
:1053C0006D6B494A24210000020408010204081000
:1053D0008601C3008601C300A60089006C00A600F8
:1053E00089006C0097007A005D0097007A005D00EC
:1053F00023010601E90023010601E90064014701D8
:105400002A01A10084006700650048002B00BF004E
:10541000A200850000000000000000000000000065
:10542000000000000000000000000000000000007C
:1054300000000000F000400100001000F0004001FA
:1054400000001300F000400100001600F0004001D1
:10545000000019002D00250000001C002D00250073
:1054600000101C000800100000201C00F00040018B
:1054700000001D00F0004001000020002F0024006B
:10548000006251002F002400008451002F002400EE
:1054900000A651002F00240000C851002F00240056
:1054A00000EA51002F002400000C52002F002400BD
:1054B000002E52002F002400005052002F00240024
:1054C000007252002F002400009452002F0024008C
:1054D00000B652002F00240000D852002F002400F4
:1054E00000FA52002F002400001C53002F0024005B
:1054F000003E53002F002400006053002F002400C2
:10550000008253002F00240000A453002F00240029
:1055100000C653002F00240000E853002F00240091
:10552000000A54002F002400002C54002F002400F7
:10553000004E540000000000B4000E01B2006200F2
:105540008A006200620062003A0062001C00620091
:1055500096001800180027011800180000001F000E
:1055600028002800006027001000100000A03E0066
:10557000200020000060420018001800003B550089
:10558000000000000000000000000000000000001B
:10559000000000000000000000000000000000000B
:1055A00000000000000000000000000000000000FB
:1055B00000000000000000000000000000000000EB
:1055C00000000000000000000000000000000000DB
:1055D00000000000000000000000000000000000CB
:1055E00000000000000000000000000000000000BB
:1055F00000000000000000000000000000000000AB
:10560000000000000000000000000000000000009A
:10561000000000000000000000000000000000008A
:10562000000000000000000000000000000000007A
:10563000000000000000000000000000000000006A
:10564000000000000000000000000000000000005A
:10565000000000000000000000000000000000004A
:10566000000000000000000000000000000000003A
:10567000000000000000000000000000000000002A
:10568000000000000000000000000000000000001A
:10569000000000000000000000000000000000000A
:1056A00000000000000000000000000000000000FA
:1056B00000000000000000000000000000000000EA
:1056C00000000000000000000000000000000000DA
:1056D00000000000000000000000000000000000CA
:1056E00000000003030300000000000000000000B1
:1056F00000000000000000000000000000000000AA
:105700000000000000FFFFFFFFFF0000000000009E
:105710000000000000000000000000000000000089
:105720000000000000000000FFFFFFFFFF0000007E
:105730000000000000000000000000000000000069
:105740000000000000000000000000E0FFFFFF80FC
:105750000000000000000000000000000000000049
:10576000000000000000000000000000000000F049
:10577000F8F0000000000000000000000000000041
:105780000000000000000000000000000000000019
:10579000000F3F3F3F0F000000000000000000002E
:1057A00000000000000000000000000000000000F9
:1057B0000000000080E0E0E0800000000000000049
:1057C00000000000000000000000000000000000D9
:1057D00000000000000000000000000000000000C9
:1057E00000000000000000000000000000000000B9
:1057F00000000000000000000000000000000000A9
:105800000000000000000000000000000000000098
:105810000000000000000000000000010101010183
:105820000100000101010101010000000000000071
:105830000000000000000000000000000000FFFF6A
:10584000FFFFFFFF0000FFFFFFFFFFFF0000000062
:105850000000000000000000000000000000000048
:1058600000C0FCFCFCFCC00000C0FCFCFCFCC00058
:105870000000000000000000000000000000000028
:105880000000000000000000000000000000000018
:105890000000000000000000000000000000000008
:1058A00000000000000000000000000000000000F8
:1058B00000000000000000000000000000000000E8
:1058C00000000000000000000000000000000000D8
:1058D00000000000000000000000000000000000C8
:1058E00000000000000000000000000000000000B8
:1058F00000000000000000000000000000000000A8
:105900000000000000000000000000000000000097
:105910000000000000000000000000000000000087
:105920000000000000000000000000000000000077
:105930000000000000000000000000000000000067
:105940000000000000000000000000000000000057
:10595000000000000000000000000001030301003F
:10596000000000030303000000000000000000002E
:105970000000000000000000000000000007FFFF22
:10598000FFF00000001FFFFFFF000000000000000C
:1059900000000000000000000000001E3F3F3F3FED
:1059A000FFFFFFFF3F3F3F3FFFFFFFFF3F1E0000A6
:1059B00000000000000000000000000000000000E7
:1059C0000001FFFFFFF80000000FFFFFFFE00000F5
:1059D00000000000000000000000000000000000C7
:1059E000001E3F3FFFFFFFFF3F3F3F3FFFFFFFFF27
:1059F0003F3F3F1E000000000000000000000000CC
:105A0000000000000000FFFFFFFC00000007FFFF98
:105A1000FFF0000000000000000000000000000097
:105A2000000000000000000080E0E0E00000000056
:105A3000C0E0E0C000000000000000000000000026
:105A40000000000000000000000000000000000056
:105A50000000000000000000000000000000000046
:105A60000000000000000000000000000000000036
:105A70000000000000000000000000000000000026
:105A80000000000000000000000000000000000016
:105A9000000000000001030303FFFF0303010100F6
:105AA00000000000000000000000000000000000F6
:105AB00000000000071F7FFFFEFCF8F0FFFFF0F87A
:105AC000FEFFFF3F0F00000000000000000000008C
:105AD00000000000000000FEFFFFFF07030100FFC1
:105AE000FF000000E0F0F0E0000000000000000017
:105AF0000000000000000000000000C0E0F0F8FC22
:105B0000FCFEFFFF7F7F3F1F1F0F03000000000010
:105B1000000000000000000000000000071F1F1F21
:105B20000300000000FFFF80C0E0F0FFFFFF7F00E8
:105B300000000000000000000000000000000080E5
:105B4000F8FEFFFF7F1F0F07FFFF03070F3FFFFF59
:105B5000FCE0000000000000000000000000000069
:105B6000000000000080C0C0E0E0F0FFFFF0F0E0C7
:105B7000C0800000000000000000000000000000E5
:105B80000000000000000000000000000000FEFE19
:105B90000000000000000000000000000000000005
:105BA00000000000000000000000000000000000F5
:105BB00000000000000000000000000000000000E5
:105BC00000000000000000000000000000000001D4
:105BD00001010100000000000000000000000000C2
:105BE0000001010000000000000000000000073F6D
:105BF000FFFFF8E0E0F8FFFF3F07000000000000B3
:105C000000031F7FF8E0000000000000000000001B
:105C100000FFFFFFFF00000000FFFFFFFF0000008C
:105C200000031F7FF8E000000000000000000000FB
:105C30000000000000E0F0F8F83C38F8F8F0C00090
:105C400000031F7FF8E000010307070F07070703A2
:105C50000100000000000000000000000000000043
:105C600000031F7FFCE00000003FFFFFFFC00000BB
:105C7000C0FFFFFF3F000000000000000000000028
:105C800000031F7FFCE0000000000000F8FFFFFFA2
:105C900007010107FFFFFFF80000000000000000FF
:105CA00000000070F0E000000000000000000000B4
:105CB0000080C0E0E0E0E0C08000000000000000E4
:105CC00000000000000000000000000000000000D4
:105CD00000000000000000000000000000000000C4
:105CE00000000000000000000000000000000000B4
:105CF00000000000000000000000000000000000A4
:105D00000000000000000000000000000000010191
:105D10000303030303010100000000000000000072
:105D200000000000000000000000000000001F7FD5
:105D3000FFFFFCF8F0F0F0FCFFFFFF3F0F0000005A
:105D40000000000000000000000000000000000053
:105D500000FCFFFFFF3F0701070F1FFFFFFEFCF0E6
:105D60000000000000000000000000000000000033
:105D7000000003071F1FFFFFFEFFFFFFFFCFC30150
:105D8000000000030F0F0F030000000000000000E0
:105D90000000003FFFFFFFFFE080000000C0F0FCBC
:105DA000FEFFFF7F3F3FFFFFFFF880000000000085
:105DB000000000000000E0F8FEFFFF7F1F0F070754
:105DC00007070F1FFFFFFFFEFCFEFFFF7F1F0F03F4
:105DD0000000000000000000000000000080C0C0C3
:105DE000E0E0E0E0E0E0C0C0800000000000C0E0D3
:105DF000E0E0800000000000000000000000000063
:105E00000000000000000000000000000000000092
:105E10000000000000000000000000000000000082
:105E20000000000000000000000000000000000072
:105E30000000000000000000000000000000000062
:105E4000000101010101010000000000000000004C
:105E50000000000000000000000000000000000042
:105E600000000000FFFFFFFFFFFF00000000000038
:105E70000000000000000000000000000000000022
:105E800000000000000000C0FCFCFCFCC0000000A2
:105E90000000000000000000000000000000000002
:105EA00000000000000000000000000000000000F2
:105EB00000000000000000000000000000000000E2
:105EC00000000000000000000000000000000000D2
:105ED00000000000000000000000000000000000C2
:105EE00000000000000000000000000000000000B2
:105EF00000000000000000000000000000000000A2
:105F00000000000000000000000000000000000091
:105F10000000000000000000000000000000000081
:105F20000000000000000000000000000000000071
:105F30000000000000000000000000000000000061
:105F40000000000000000000000000000000000051
:105F50000000000000000000000000000000000041
:105F60000000000000000000000000000000000031
:105F70000000000000000000000000000000000021
:105F8000000000010303000000000000000000000A
:105F90000000000000000000000000000000000001
:105FA000000000031F7FFFFCC00000000000000095
:105FB00000000000000000000000000000000000E1
:105FC00000000000077FFFFFFFE00000000000006E
:105FD00000000000000000000000000000000000C1
:105FE0000000000000001FFFFFFFFFC000000000D6
:105FF00000000000000000000000000000000000A1
:10600000000000000000000000FFFFFFFFFF000095
:106010000000000000000000000000000000000080
:10602000000000000000000000000000E0FFFFFF93
:10603000FF0F000000000000000000000000000052
:106040000000000000000000000000000000000050
:1060500080F8FFFFFF1F00000000000000000000AC
:106060000000000000000000000000000000000030
:10607000000000000000E0F8FEFF0F00000000003C
:106080000000000000000000000000000000000010
:106090000000000000000000000000000000000000
:1060A00000000000000000000000000000000000F0
:1060B00000000000000000000303010000000000D9
:1060C00000000000000000000000000000000000D0
:1060D0000000000000000000000000C0FCFF7F1F67
:1060E00003000000000000000000000000000000AD
:1060F00000000000000000000000000000000000A0
:10610000E0FFFFFF7F07000000000000000000002C
:10611000000000000000000000000000000000007F
:1061200000000000C0FFFFFFFF1F00000000000094
:10613000000000000000000000000000000000005F
:106140000000000000000000FFFFFFFFFF00000054
:10615000000000000000000000000000000000003F
:106160000000000000000000000007FFFFFFFFE04C
:10617000000000000000000000000000000000001F
:106180000000000000000000000000001FFFFFFFF3
:10619000F880000000000000000000000000000087
:1061A000000000000000000000000000000FFFFEE3
:1061B000F8E0000000000000000000000000000007
:1061C00000000000000000000000000000000000CF
:1061D00000000000000000000000000000000000BF
:1061E00000000000000000000000000000000000AF
:1061F0000000000000000000070F07000000000082
:10620000000000000000000000000000000000008E
:1062100000000000001E3E1F0F0F07FFFFFF070FCB
:106220000F1F3E1E000000000000000000000000E4
:106230000000000000000000000001079FBFFCE01C
:10624000FCBF9F07010000000000000000000000EC
:1062500000000000000000000000000000C0E0E0BE
:106260008000000080E0E0C00000000000000000AE
:10627000000000000000000000000000000000001E
:10628000000000000000000000000000000000000E
:1062900000000000000000000000000000000000FE
:1062A00000000000000000000000000000000000EE
:1062B00000000000000000000000000000000000DE
:1062C00000000000000000000000000000000000CE
:1062D00000000000000000000000000000000000BE
:1062E00000000000000000000000000000000000AE
:1062F000000000000000000000000000000000009E
:10630000000000000000000000000000000000008D
:10631000000000000000000000000000000000007D
:10632000000000000000000000000000000000006D
:10633000000000000000000000000000000000005D
:10634000000000000000000000000000000000004D
:10635000000000000000000303030303000000002E
:10636000000000000000000000000000000000002D
:1063700000000000000000000000FFFFFFFFFF0022
:10638000000000000000000000000000000000000D
:106390000000000000007F7F7F7F7F7F7FFFFFFF87
:1063A000FFFF7F7F7F7F7F7F7F0000000000000076
:1063B000000000000000000000808080808080805D
:1063C000FFFFFFFFFF808080808080800000000052
:1063D00000000000000000000000000000000000BD
:1063E000000000F8F8F8F8F80000000000000000D5
:1063F000000000000000000000000000000000009D
:10640000000000000000000000000000000000008C
:10641000000000000000000000000000000000007C
:10642000000000000000000000000000000000006C
:10643000000000000000000000000000000000005C
:10644000000000000000000000000000000000004C
:10645000000000000000000000000000000000003C
:10646000000000000000000000000000000000002C
:10647000000000000000000000000000000000001C
:10648000000000000000000000000000000000000C
:1064900000000000000000000000000000000000FC
:1064A00000000000000000000000000000000000EC
:1064B00000000000000000000000000000000000DC
:1064C00000000000000000000000000000000000CC
:1064D00000000000000000000000000000000000BC
:1064E00000000000000000000000000000000000AC
:1064F000000000000000000000000000000000009C
:10650000000000000000000000000000000000008B
:10651000000000000000000000071F1F0F07000020
:10652000000000000000000000000000000000006B
:10653000000000000000000000000000C0F0FFFFAD
:10654000FE0000000000000000000000000000004D
:1065500000000000000000000000000000000078C3
:10656000F8F0C00000000000000000000000000083
:10657000000000000000000000000000000000001B
:10658000000000000000000000000000000000000B
:1065900000000000000000000000000000000000FB
:1065A00000000000000000000000000000000000EB
:1065B00000000000000000000000000000000000DB
:1065C00000000000000000000000000000000000CB
:1065D00000000000000000000000000000000000BB
:1065E00000000000000000000000000000000000AB
:1065F000000000000000000000000000000000009B
:1066000000000000000000000000000000000E1F5D
:106610001F3F3F3F3F3F3F3F3F3F3F3F3F3F3F3FAA
:106620003F3F3F3F3F3F1F1F0E00000000000000A4
:10663000000000008080808080808080808080805A
:1066400080808080808080808000000000000000CA
:10665000000000000000000000000000000000003A
:10666000000000000000000000000000000000002A
:10667000000000000000000000000000000000001A
:10668000000000000000000000000000000000000A
:1066900000000000000000000000000000000000FA
:1066A00000000000000000000000000000000000EA
:1066B00000000000000000000000000000000000DA
:1066C00000000000000000000000000000000000CA
:1066D00000000000000000000000000000000000BA
:1066E00000000000000000000000000000000000AA
:1066F000000000000000000000000000000000009A
:106700000000000000000000000000000000000089
:106710000000000000000000000000000000000079
:106720000000000000000000000000000000000069
:106730000000000000000000000000000000000059
:106740000000000000000000000000000000000049
:106750000000000000000000000000000000000039
:106760000000000000000000000000000000000029
:106770000000000000000000000000000000000019
:106780000000000000000000000000000000000FFA
:106790003F3F3F0F0000000000000000000000002D
:1067A00000000000000000000000000000000000E9
:1067B000000080E0E0E08000000000000000000039
:1067C00000000000000000000000000000000000C9
:1067D00000000000000000000000000000000000B9
:1067E00000000000000000000000000000000000A9
:1067F0000000000000000000000000000000000099
:106800000000000000000000000000000000000088
:106810000000000000000000000000000000000375
:106820000301000000000000000000000000000064
:106830000000000000000000000000000000000058
:10684000017FFFFFF80000000000000000000000D2
:106850000000000000000000000000000000000038
:10686000000001FFFFFFF00000000000000000003A
:106870000000000000000000000000000000000018
:106880000000000003FFFFFFE00000000000000028
:1068900000000000000000000000000000000000F8
:1068A00000000000000007FFFFFFC0000000000024
:1068B00000000000000000000000000000000000D8
:1068C00000000000000000000FFFFFFF800000003C
:1068D00000000000000000000000000000000000B8
:1068E0000000000000000000000000C0E0E0000028
:1068F0000000000000000000000000000000000098
:106900000000000000000000000000000000000087
:106910000000000000000000000000000000000077
:106920000000000000000000000000000000000067
:106930000000000000000000000000000000000057
:106940000000000000000000000000000000000047
:106950000000000000000000000000000000000037
:106960000101010101010100000000000000000020
:106970000000000000000000000000030F1F3F7F28
:10698000FFFFFEFCF8F8F8F8F8FCFEFF7F7F3F1FE2
:1069900007030000000000000000000007FFFFFFE9
:1069A000FFFFFFF88000000000000000000080F002
:1069B000FFFFFFFFFF7F070000000000000000FF57
:1069C000FFFFFFFFFFFF00000000000000000000CD
:1069D000000000FFFFFFFFFFFFFF000000000000BE
:1069E0000000F8FFFFFFFFFFFF07000000000000AE
:1069F000000000000007FFFFFFFFFFFFF80000009E
:106A000000000000000080F0F8FEFFFFFF7F1F0F76
:106A100007070707070F1F7FFFFFFFFEFCF0C000FF
:106A20000000000000000000000000000000808066
:106A3000C0C0E0E0E0E0E0E0E0C0C0808000000036
:106A40000000000000000000000000000000000046
:106A50000000000000000000000000000000000036
:106A60000000000000000000000000000000000026
:106A70000000000000000000000000000000000016
:106A80000000000000000000000000000000000006
:106A900000000000000000000000000000000000F6
:106AA00001010101000000000000000000000000E2
:106AB00000000000000000000000000000010307CB
:106AC0000F3F7FFFFFFFFF7F00000000000000007E
:106AD00000000000000000000F1F3F3F7F7FFEFE10
:106AE000FCF8F0E0FFFFFFFFFFFFFF0000000000E9
:106AF0000000000000000000000000008080800016
:106B000000000000000000FFFFFFFFFFFFFF00008C
:106B10000000000000000000000000000000000075
:106B200000000000000000000000FFFFFFFFFFFF6B
:106B3000FF00000000000000000000000000000056
:106B400000000000000000000000000000FFFFFF48
:106B5000FFFFFFFF00000000000000000000000039
:106B60000000000000000000000000000000000025
:106B700080C0E0E0E0C080000000000000000000F5
:106B80000000000000000000000000000000000005
:106B900000000000000000000000000000000000F5
:106BA00000000000000000000000000000000000E5
:106BB00000000000000000000000000000000000D5
:106BC00000000000000000000000000000000000C5
:106BD00000000000000001010101010101010000AD
:106BE00000000000000000000000000000000000A5
:106BF000030F1F3F7F7FFFFFFEFCF8F8F8F8F8FC5B
:106C0000FCFEFFFF7F7F3F0F070000000000000039
:106C1000000078FCFEFEFEFCF8C000000000000052
:106C2000000000000083FFFFFFFFFFFFFE000000E9
:106C30000000000000000000000000000000000054
:106C4000000103070F1F3F7FFFFFFEFCF8F0C000AD
:106C50000000000000000000000000000103070F1A
:106C60001F3F7FFFFFFEFCF8F0E0C0800000000047
:106C70000000000000000000000000071F7FFFFF71
:106C8000FFFFFFFFEFCF8F0F0F0F0F0F0F0F0F0F34
:106C90000F0F0F0F0F07030000000000000080C05F
:106CA000E0E0E0E0E0E0E0E0E0E0E0E0E0E0E0E0E4
:106CB000E0E0E0E0E0E0E0E0C08000000000000094
:106CC00000000000000000000000000000000000C4
:106CD00000000000000000000000000000000000B4
:106CE00000000000000000000000000000000000A4
:106CF0000000000000000000000000000000000094
:106D00000000000000000000000000000000000083
:106D1000010101010101010101000000000000006A
:106D20000000000000000000000000070F1F3F7F70
:106D30007FFFFEFCF8F8F8F8F8FCFCFEFFFF7F7F11
:106D40003F0F030000000000000000000000E0F022
:106D5000F0F0F0C00000000000000000010307FF99
:106D6000FFFFFFFFFEFC000000000000000000002D
:106D700000000000000000387CFCFCFCFCFCFCFC7B
:106D8000FEFEFFFFFFDF8F07030100000000000091
:106D9000000001070F1F1F0F070000000000000088
:106DA000000000000000C0FFFFFFFFFFFF7F0000AA
:106DB000000000000000E0F8FCFEFFFFFF3F1F0F97
:106DC0000707070707070F1F3FFFFFFFFFFEF8F04A
:106DD0008000000000000000000000000000808033
:106DE000C0C0E0E0E0E0E0E0E0E0C0C0C080000063
:106DF0000000000000000000000000000000000093
:106E00000000000000000000000000000000000082
:106E10000000000000000000000000000000000072
:106E20000000000000000000000000000000000062
:106E30000000000000000000000000000000000052
:106E40000000000000000000000000000000000042
:106E50000000000103030303010000000000000024
:106E60000000000000000000000000000000000022
:106E70000003071F3FFFFFFFFFFFFFFFFF000000B2
:106E800000000000000000000000000000000103FE
:106E90000F1F7FFFFFFCF8E0C0FFFFFFFFFFFFFFBA
:106EA00000000000000000000000000001070F3F8C
:106EB0007FFFFFFCF0E0800000000000FFFFFFFF0D
:106EC000FFFFFF0000000000000000001E3FFFFF6A
:106ED000FFFFFFFF9F1F1F1F1F1F1F1F1F1F1FFFE2
:106EE000FFFFFFFFFFFF1F1F1F1F0F070000000016
:106EF0008080C0C0C0C0C0C0C0C0C0C0C0C0C0C012
:106F0000C0C0FFFFFFFFFFFFFFC0C0C0C080000088
:106F10000000000000000000000000000000000071
:106F2000000000000080C0E0E0E0C0800000000041
:106F30000000000000000000000000000000000051
:106F40000000000000000000000000000000000041
:106F50000000000000000000000000000000000031
:106F60000000000000000000000000000000000021
:106F70000000000000000000000000000000000011
:106F800000000001010101010101010101010101F4
:106F900001010101010100000000000000000000EB
:106FA000000000033FFFFFFFFFFFFCFCFCFCFCFCBC
:106FB000FCFCFCFCFCFCFCFCFCF87000000000008D
:106FC000000000000007FFFFFFFFFFFFC0010101FD
:106FD000030303030303010101000000000000009C
:106FE000000000000000001CFFFFFFFFFFFEFCFC94
:106FF000F8F0F0F0F0F0F0F8FCFEFFFFFF7F3F1F2D
:10700000070000000000000000010307070703015C
:107010000000000000000000000000000080FFFFF2
:10702000FFFFFFFFFF00000000000000C0F0FCFEBB
:10703000FFFFFF7F3F1F0F0707070707070F1F3FD0
:10704000FFFFFFFEFCF8E000000000000000000071
:10705000000000008080C0C0E0E0E0E0E0E0E0E0B0
:10706000E0C0C0C080000000000000000000000080
:107070000000000000000000000000000000000010
:107080000000000000000000000000000000000000
:1070900000000000000000000000000000000000F0
:1070A00000000000000000000000000000000000E0
:1070B00000000000000000000000000000000000D0
:1070C00000000001010101010101010000000000B8
:1070D0000000000000000000000000000000030F9E
:1070E0001F3F7F7FFFFEFCFCF8F8F8F8FCFCFEFF7A
:1070F0007F7F3F1F07000000000000000000013FED
:10710000FFFFFFFFFFFFE080000101030303030314
:10711000030181C1E0E0E0C00000000000000000C9
:1071200000FFFFFFFFFFFFFF9F3F7EFCF8F0F0F046
:10713000F0F0F8F8FEFFFFFF7F3F1F0700000000A0
:1071400000000000F8FFFFFFFFFFFFFF80000000CE
:10715000000000000000000080FFFFFFFFFFFFFFB6
:10716000000000000000000080E0F8FCFFFFFFFFCF
:107170003F1F0F07070707070F1F3FFFFFFFFFFC1A
:10718000F8E0000000000000000000000000000027
:107190000080C0C0C0E0E0E0E0E0E0E0C0C0C0804F
:1071A00000000000000000000000000000000000DF
:1071B00000000000000000000000000000000000CF
:1071C00000000000000000000000000000000000BF
:1071D00000000000000000000000000000000000AF
:1071E000000000000000000000000000000000009F
:1071F0000000000000000101010101010101010185
:107200000101010101010101010101010101000070
:107210000000000000000000F0F8FCFCFCFCFCFC9E
:10722000FCFCFCFCFCFCFCFCFCFCFFFFFFFFFFFF8C
:10723000FFFC7800000000000000000000000000DB
:10724000000000000000000003071F7FFFFFFFFC9D
:10725000F0E08000000000000000000000000000DE
:107260000000000000000001073FFFFFFFFFFEF0ED
:10727000C00000000000000000000000000000004E
:107280000000000000000000073FFFFFFFFFFFFFBE
:10729000E00000000000000000000000000000000E
:1072A000000000000000000000007FFFFFFFFFFF64
:1072B000FFFC0000000000000000000000000000D3
:1072C0000000000000000000000000000080C0E09E
:1072D000E0E0C080000000000000000000000000AE
:1072E000000000000000000000000000000000009E
:1072F000000000000000000000000000000000008E
:10730000000000000000000000000000000000007D
:10731000000000000000000000000000000000006D
:10732000000000000000000000000000000000005D
:107330000000000000000000010101010101010145
:10734000000000000000000000000000000000003D
:10735000000000071F3F3F7FFFFFFEFCF8F8F8F832
:10736000F8F8FCFEFFFF7F3F3F0F07000000000022
:107370000000000000F0FEFFFFFFFFFF0703010019
:107380000000000000010307FFFFFFFFFFFEF00009
:1073900000000000000000000103078FDFFFFFFF77
:1073A000FEFEFCFCFCFCFCFCFEFFFFFFFFDF8F078A
:1073B000030100000000000000003FFFFFFFFFFF8F
:1073C000FFC0000000000000000000000080C0FFBF
:1073D000FFFFFFFFFF3F00000000000000C0F0FCC7
:1073E000FEFFFFFFFF3F1F0F0707070707070F1FDE
:1073F0003FFFFFFFFFFEFCF0C000000000000000A8
:1074000000000000008080C0C0C0E0E0E0E0E0E0FC
:10741000E0E0C0C0C080800000000000000000006C
:10742000000000000000000000000000000000005C
:10743000000000000000000000000000000000004C
:10744000000000000000000000000000000000003C
:10745000000000000000000000000000000000002C
:10746000000000000000000000000000000000001C
:107470000000010101010101010000000000000005
:1074800000000000000000000000000001070F3FA6
:107490003F7FFFFFFEFCF8F8F8F8F8FCFEFFFF7FE7
:1074A0003F3F0F07010000000000000000003FFF09
:1074B000FFFFFFFFFFC00000000000000000000011
:1074C00000C0FFFFFFFFFFFF7F070000000000007C
:1074D00000C0F8FEFFFFFFFF7F1F0F07030303033A
:1074E00003070F1F7FFEFFFFFFFFFFFFFF000000EE
:1074F000000000000000000181C1E0E0E0F0F0F0D9
:10750000F0F0F0E0E0C080017FFFFFFFFFFFFFE051
:10751000000000000000000020FCFEFFFFFF7F1FB6
:107520000F0F070707070F0F1F3FFFFFFFFEFCF0BE
:10753000C00000000000000000000000000000800B
:1075400080C0C0E0E0E0E0E0E0E0E0C0C0808000BB
:10755000000000000000000000000000000000002B
:10756000000000000000000000000000000000001B
:10757000000000000000000000000000000000000B
:1075800000000000000000000000000000000000FB
:1075900000000000000000000000000000000000EB
:1075A00000000000000000000000000000000000DB
:1075B00000000000000000000000000000000000CB
:1075C00000000000000000000000000000000000BB
:1075D00000000000000000000000000000000000AB
:1075E000000000000000000000000F3F3F3F0F00C0
:1075F000000000000000000000000000000000008B
:107600000000000000000000000000000080E0E03A
:10761000E08000000000000000000000000000000A
:10762000000000000000000000000000000000005A
:10763000000000000000000000000000000000004A
:10764000000000000000000000000000000000003A
:107650000000000F3F3F3F0F00000000000000004F
:10766000000000000000000000000000000000001A
:1076700000000000000080E0E0E08000000000006A
:1076800000000000000000000000000000000000FA
:1076900000000000000000000000000000000000EA
:1076A00000000000000000000000000000000000DA
:1076B00000000000000000000000000000000000CA
:1076C00000000000000000000000000000000000BA
:1076D00000000000000000000000000000000000AA
:1076E000000000000000000000000000000000009A
:1076F000000000000000000000000000000000008A
:107700000000000000000000000000000000000079
:107710000000000000000000000000000000000069
:1077200000000000000F3F3F3F0F0000000000007E
:107730000000000000000000000000000000000049
:10774000000000000000000080E0E0E08000000099
:107750000000000000000000000000000000000029
:107760000000000000000000000000000000000019
:107770000000000000000000000000000000000009
:1077800000000000000000000000000000000F1FCB
:107790001F0F0700000000000000000000000000B4
:1077A00000000000000000000000000000000000D9
:1077B00000E0F1FFFFFE00000000000000000000FC
:1077C00000000000000000000000000000000000B9
:1077D0000000000078F8F0C0000000000000000089
:1077E0000000000000000000000000000000000099
:1077F0000000000000000000000000000000000089
:107800000000000000000000000000000000000078
:107810000000000000000000000000000000000068
:107820000000000000000000000000000000000058
:107830000000000000000000000000000000000048
:10784000000000000000000000010103070F00001D
:107850000000000000000000000000000000000028
:107860000001010307070F1F3F3F7FFFFFFEFCFCE6
:10787000F800000000000000000000000000000010
:1078800000007FFFFFFFFFFFF3F3E1C0C0800000B7
:1078900000000000000000000000000000000000E8
:1078A000000000000080C0E0E0F0F8F8FCFEFFFF00
:1078B0007F3F3F1F0F0F0700000000000000000087
:1078C00000000000000000000000000000000000B8
:1078D00000000080C0E0E0F0F8FC000000000000C4
:1078E0000000000000000000000000000000000098
:1078F0000000000000000000000000000000000088
:107900000000000000000000000000000000000077
:107910000000000000000000000000000000000067
:107920000000000000000000000000000000000057
:107930000000000000000000000000000000000047
:107940000000000000000000000000000000000037
:107950000000000000000000000000000000000027
:107960000000000000000000000000000000000017
:107970000000000000000000000000000000000007
:1079800000000000000000000000000000000000F7
:10799000000000000000000000001F1F1F1F1F1F2D
:1079A0001F1F1F1F1F1F1F1F1F1F1F1F0000000063
:1079B00000000000000000000000000000E0E0E027
:1079C000E0E0E0E0E0E0E0E0E0E0E0E0E0E0E00097
:1079D00000000000000000000000000000000000A7
:1079E000FFFFFFFFFFFFFFFFFFFFFFFFFFFFFFFFA7
:1079F000FFFF000000000000000000000000000089
:107A00000000000000000000000000000000000076
:107A10000000000000000000000000000000000066
:107A20000000000000000000000000000000000056
:107A30000000000000000000000000000000000046
:107A40000000000000000000000000000000000036
:107A50000000000000000000000000000000000026
:107A60000000000000000000000000000000000016
:107A70000000000000000000000000000000000006
:107A800000000000000000000000000000000000F6
:107A900000000000000000000000000000000000E6
:107AA00000000000000000000000000000000000D6
:107AB00000000F07030101000000000000000000AB
:107AC00000000000000000000000000000000000B6
:107AD0000000000000F8FCFCFEFFFF7F3F3F1F0F8F
:107AE0000F0703010100000000000000000000007B
:107AF000000000000000000000000000000080C046
:107B0000C0E1F3F3FFFFFFFFFF7F00000000000074
:107B10000000000000000000000000070F0F1F3FE2
:107B20003F7FFFFFFEFCF8F8F0E0C0C080000000DF
:107B30000000000000000000000000000000FCF851
:107B4000F0E0E0C080000000000000000000000045
:107B50000000000000000000000000000000000025
:107B60000000000000000000000000000000000015
:107B70000000000000000000000000000000000005
:107B800000000000000000000000000000000000F5
:107B900000000000000000000000000000000000E5
:107BA00000000000000000000000000000000000D5
:107BB00000000000000000000000000000000000C5
:107BC00000000000000000000000000000000001B4
:107BD0000103030303030101000000000000000093
:107BE00000000000000000000000000000010F3F46
:107BF0007FFFFFF8F0F0F0F0F8FEFFFF7F1F0300BB
:107C00000000000000000000000000000000000074
:107C1000F8FCFCF8F0000000000000030FFFFFFF7D
:107C2000FFFC000000000000000000000000000059
:107C300000000000000000000000071F7FFFFFFCA5
:107C4000F8E0C0000000000000000000000000009C
:107C5000000000000000000000000000F8FEFEFE32
:107C6000E000000000000000000000000000000034
:107C70000000000000000000000000000000000FF5
:107C80003F3F3F0F00000000000000000000000028
:107C900000000000000000000000000000000000E4
:107CA000000080E0E0E08000000000000000000034
:107CB00000000000000000000000000000000000C4
:107CC00000000000000000000000000000000000B4
:107CD00000000000000000000000000000000000A4
:107CE0000000000000000000000000000000000094
:107CF0000000000000000000000000000000000084
:107D00000000000000000000000000000000000073
:107D10000101010303030303030301010100000048
:107D2000000000000000000000000000030F1F3FE3
:107D30007F7EFCFCF8F8F0F0F0F0F0F0F8F8F8FCDA
:107D4000FE7F3F1F0F030000000000000F3FFFFFFA
:107D5000F8E0800001070F1F3F3F3F3F3F1F07072D
:107D60001F1F1F1F00C0F0FFFFFF3F010007FFFFA5
:107D7000FFF80000001F7FFFFFFFF0C08000000041
:107D8000C0FFFFFFFFFF8000000000FFFFFFFF00BC
:107D9000FFFFFFFF000000FFFFFFFFFF00000000EC
:107DA00000000001FFFFFFFF80000000031FFFFF36
:107DB000FFE000F0FFFFFF1F0100E0FEFFFFFF1FDD
:107DC000070303070F3FFFFFFFFFCF070F1F7FFFD3
:107DD000FCF8E00000000080F0FCFFFF3F0F07030D
:107DE000C1C0E0E0E0E0C08000C0E0E0E0E0E0C072
:107DF0008081030F3F3F3F3C00000000000080C037
:107E0000F0F0F8FCFC7E7E3E3F3F3F3F3F3F3F3F70
:107E10007E7EFEFCFCF8F0E0C000000000000000E8
:107E20000000000000000000000000000000000052
:107E30000000000000000000000000000000000042
:107E40000000000000000000000000000103030328
:107E5000030301000000000000000000000000001B
:107E6000000000000000000000000000073FFFFFCE
:107E7000FFFFFFFFFFFFFF1F0300000000000000E7
:107E8000000000000000000000000000031FFFFFD2
:107E9000FFFFFFFCC000E0FEFFFFFFFF7F0F0100C0
:107EA00000000000000000000000000000073FFF8D
:107EB000FFFFFFFFF8800000000000C0FCFFFFFF95
:107EC000FFFF3F07000000000000000000031FFF4D
:107ED000FFFFFFFFFFFF3F3F3F3F3F3F3F3F3F3F32
:107EE000BFFFFFFFFFFFFFFF1F03000000000F7F2A
:107EF000FFFFFFFFFFF8C0000000000000000000CF
:107F0000000000000000E0FCFFFFFFFFFF7F0F000C
:107F10000080C0E0E0E0C0000000000000000000C1
:107F2000000000000000000000000080C0E0E0E071
:107F3000C080000000000000000000000000000001
:107F40000000000000000000000000000000000031
:107F50000000000000000000000000000000000021
:107F60000000000000000000000000000000000011
:107F70000000000000000000000000000000000100
:107F800001010101010101010101010101010101E1
:107F900001010000000000000000000000000000DF
:107FA0007FFFFFFFFFFFFFF8F8F8F8F8F8F8F8F8A0
:107FB000F8FCFCFEFFFFFF7F3F1F070000000000F2
:107FC000000000FFFFFFFFFFFFFF000000000000B8
:107FD00000000000000001CFFFFFFFFFFFFE0000D8
:107FE000000000000000FFFFFFFFFFFFFF7E7E7E1E
:107FF0007E7E7E7E7E7E7EFEFFFFFFFFEFEFC787E9
:10800000030000000000000000FFFFFFFFFFFFFF74
:108010000000000000000000000000000080E0FF01
:10802000FFFFFFFFFF3F000000000000FFFFFFFF1A
:10803000FFFFFF07070707070707070707070F0FD8
:108040001F7FFFFFFFFFFEF8E00000000000008040
:10805000C0E0E0E0E0E0E0E0E0E0E0E0E0E0E0E040
:10806000E0E0E0E0C0C0C0800000000000000000D0
:108070000000000000000000000000000000000000
:1080800000000000000000000000000000000000F0
:1080900000000000000000000000000000000000E0
:1080A00000000000000000000000000000000000D0
:1080B00000000000000000000000000000000000C0
:1080C0000101010303030303030301010100000095
:1080D000000000000000000000000000030F1F3F30
:1080E0007FFFFFFFFEFCFCF8F8F8F8F8FCFCFEFF51
:1080F000FF7F7F3F1F07010000000000033FFFFFDD
:10810000FFFFFFFEE0800000000000000000000014
:10811000000000C0F0FCFEFEFEFC0000000000FFBE
:10812000FFFFFFFFFFFF0000000000000000000055
:10813000000000000000000000000000000000003F
:108140000000E0FEFFFFFFFFFF1F03000000000034
:10815000000000000000000000010F3F7F7F7F3F14
:108160000C000000000000C0F0F8FCFEFFFFFF3F25
:108170003F1F0F0F0F0F0F0F1F1F3F7FFFFFFFFE50
:10818000F8F0C00000000000000000000000000047
:1081900080C0C0C0E0E0E0E0E0E0E0E0C0C0C0805F
:1081A00000000000000000000000000000000000CF
:1081B00000000000000000000000000000000000BF
:1081C00000000000000000000000000000000000AF
:1081D000000000000000000000000000000000009F
:1081E000000000000000000000000000000000008F
:1081F0000000000000010101010101010101010174
:108200000101010101010000000000000000000068
:108210000000000000007FFFFFFFFFFFFFFCFCFCF1
:10822000FCFCFCFCFCFCFEFEFEFFFFFF7F3F1F0F83
:10823000070100000000000000FFFFFFFFFFFFFF3D
:108240000000000000000000000000000080E0FED0
:10825000FFFFFFFFFF3F030000000000FFFFFFFFE5
:10826000FFFFFF0000000000000000000000000011
:10827000000000FFFFFFFFFFFFFF0000000000FF06
:10828000FFFFFFFFFFFF00000000000000000000F4
:1082900000000000031FFFFFFFFFFFFFF0000000D2
:1082A0000000FFFFFFFFFFFFFF0F0F0F0F0F0F0F6C
:1082B0000F0F0F1F1F3FFFFFFFFFFEFCF8E0000046
:1082C000000000000080C0E0E0E0E0E0E0E0E0E08E
:1082D000E0E0E0E0E0E0E0E0C0C08080000000001E
:1082E000000000000000000000000000000000008E
:1082F000000000000000000000000000000000007E
:10830000000000000000000000000000000000006D
:10831000000000000000000000000000000000005D
:10832000000000000000000000000000000000004D
:10833000010101010101010101010101010101012D
:108340000101010101010100000000000000000026
:10835000007FFFFFFFFFFFFFFCFCFCFCFCFCFCFCC4
:10836000FCFCFCFCFCFCFCFCFCFCF87000000000CD
:1083700000000000FFFFFFFFFFFFFF000000000004
:1083800000000000000000000000000000000000ED
:1083900000000000000000FFFFFFFFFFFFFFFEFEE8
:1083A000FEFEFEFEFEFEFEFEFEFEFEFEFEFEFE7C6F
:1083B00000000000000000000000FFFFFFFFFFFFC3
:1083C000FF000000000000000000000000000000AE
:1083D00000000000000000000000000000FFFFFFA0
:1083E000FFFFFFFF0F0F0F0F0F0F0F0F0F0F0F0FDD
:1083F0000F0F0F0F0F0F0F0700000000000000000D
:1084000080C0E0E0E0E0E0E0E0E0E0E0E0E0E0E0EC
:10841000E0E0E0E0E0E0E0E0E0E0C00000000000DC
:10842000000000000000000000000000000000004C
:10843000000000000000000000000000000000003C
:10844000000000000000000000000000000000002C
:10845000000000000000000000000000000000001C
:108460000000000000000000000000010101010107
:1084700001010101010101010101010101010101EC
:108480000000000000000000000000007FFFFFFF70
:10849000FFFFFFFCFCFCFCFCFCFCFCFCFCFCFCFC13
:1084A000FCFCFCF87000000000000000000000FF71
:1084B000FFFFFFFFFFFF00000000000000000000C2
:1084C00000000000000000000000000000000000AC
:1084D0000000FFFFFFFFFFFFFF7E7E7E7E7E7E7E31
:1084E0007E7E7E7E7E7E7E3C0000000000000000DE
:1084F0000000000000FFFFFFFFFFFFFF0000000083
:10850000000000000000000000000000000000006B
:108510000000000000000000FFFFFFFFFFFFFF0062
:10852000000000000000000000000000000000004B
:10853000000000000000000000000080C0E0E0E05B
:10854000C0800000000000000000000000000000EB
:10855000000000000000000000000000000000001B
:10856000000000000000000000000000000000000B
:1085700000000000000000000000000000000000FB
:1085800000000000000000000000000000000000EB
:1085900000000000000000000000000000000000DB
:1085A00000000000000000000000000001010103C5
:1085B00003030303030303030101000000000000A1
:1085C0000000000000000000030F1F3F7FFFFFFFBF
:1085D000FEFCFCF8F8F8F8F8F8FCFCFEFFFFFF7F63
:1085E0003F1F070100000000033FFFFFFFFFFFFEEA
:1085F000E08000000000000000000000000000809B
:10860000C0F0F8FCFCF8F000000000FFFFFFFFFFE7
:10861000FFFF00000000000000000000070F0F0F28
:108620000F0F0F0F0F0F0F0F0F0703000000E0FEDB
:10863000FFFFFFFFFF3F030000000000000000807D
:10864000C0C0C0C0C0C0C0C0FFFFFFFFFFFF000030
:1086500000000080E0F8FCFEFFFFFF7F3F1F1F0FC0
:108660000F0F0F0F0F0F1F1F3F3F7FFFFFFEFEFC7F
:10867000F000000000000000000000008080C0C08A
:10868000C0E0E0E0E0E0E0E0E0E0C0C0C08080000A
:1086900000000000000000000000000000000000DA
:1086A00000000000000000000000000000000000CA
:1086B00000000000000000000000000000000000BA
:1086C00000000000000000000000000000000000AA
:1086D000000000000000000000000000000000009A
:1086E0000303030100000000000000000000000080
:1086F0000000000000010303010000000000000072
:108700000000FFFFFFFFFFFF00000000000000006F
:1087100000000000000000FFFFFFFFFFFF0000005F
:108720000000000000FFFFFFFFFFFF00000000004F
:1087300000000000000000000000FFFFFFFFFFFF3F
:108740000000000000000000FFFFFFFFFFFFFEFE33
:10875000FEFEFEFEFEFEFEFEFEFEFEFEFEFFFFFF36
:10876000FFFFFF0000000000000000FFFFFFFFFF11
:10877000FF000000000000000000000000000000FA
:10878000FFFFFFFFFFFF0000000000000000FFFFF1
:10879000FFFFFFFF000000000000000000000000DD
:1087A000000000FFFFFFFFFFFF00000000000000CF
:1087B0000080C0E0E0C08000000000000000000079
:1087C00000000000000080C0E0E0C0800000000069
:1087D0000000000000000000000000000000000099
:1087E0000000000000000000000000000000000089
:1087F0000000000000000000000000000000000079
:108800000000000000000000000000000000000068
:108810000000000000000000000000010303010050
:108820000000000000000000000000000000000048
:1088300000000000000000000000000000FFFFFF3B
:10884000FFFFFF000000000000000000000000002B
:108850000000000000000000000000000000000018
:10886000FFFFFFFFFFFF000000000000000000000E
:1088700000000000000000000000000000000000F8
:10888000000000FFFFFFFFFFFF00000000000000EE
:1088900000000000000000000000000000000000D8
:1088A000000000000000FFFFFFFFFFFF00000000CE
:1088B00000000000000000000000000000000000B8
:1088C000000000000000000000FFFFFFFFFFFF00AE
:1088D0000000000000000000000000000000000098
:1088E00000000000000000000000000080C0E0E088
:1088F000C080000000000000000000000000000038
:108900000000000000000000000000000000000067
:108910000000000000000000000000000000000057
:108920000000000000000000000000000000000047
:108930000000000000000000000000000000000037
:108940000000000000000000000000000000000027
:108950000000000000000000000000000000000017
:1089600000000303030100000000000000000000FD
:1089700000000000000000000000000000000000F7
:1089800000000000FFFFFFFFFFFF000000000000ED
:1089900000000000000000000000000000000000D7
:1089A00000000000000000FFFFFFFFFFFF000000CD
:1089B00000000000000000000000000000000000B7
:1089C00000000000000000000000FFFFFFFFFFFFAD
:1089D00000000000000000000000000000003F7FD9
:1089E0007F7F3F1F000000000000000000FFFFFF2E
:1089F000FFFFFF000000000000000000000000007A
:108A000000C0F8FEFFFFFFFF3F1F0F0F0F1F1FFFEC
:108A1000FFFFFFFEF8C000000000000000000000A3
:108A2000000000000000000080C0C0E0E0E0E0E0E6
:108A3000E0E0C0C080000000000000000000000076
:108A40000000000000000000000000000000000026
:108A50000000000000000000000000000000000016
:108A60000000000000000000000000000000000006
:108A700000000000000000000000000000000000F6
:108A800000000000000000000000000000000000E6
:108A900000030303010000000000000000000000CC
:108AA00000000000010303030100000000000000BB
:108AB000000000FFFFFFFFFFFF00000000000000BC
:108AC0000001030F1F7FFFFFFFFFFCF8E000000025
:108AD000000000000000FFFFFFFFFFFF0000010398
:108AE000071F3FFFFFFFFEFCF8F0C0800000000002
:108AF000000000000000000000FFFFFFFFFFFF3F3D
:108B00007FFFFFFEFCFFFFFFFF7F1F0F0300000042
:108B1000000000000000000000000000FFFFFFFF59
:108B2000FFFFF0E0C000000000C0F0FCFFFFFFFF0F
:108B3000FF3F0F030000000000000000000000FFE6
:108B4000FFFFFFFFFF00000000000000000000002A
:108B5000C0F0FCFFFFFFFFFF3F0F00000000000020
:108B6000000080C0E0E0C0800000000000000000C5
:108B700000000000000000C0E0E0E0E0C0000000F5
:108B800000000000000000000000000000000000E5
:108B900000000000000000000000000000000000D5
:108BA00000000000000000000000000000000000C5
:108BB00000000000000000000000000000000000B5
:108BC000000000000000000000000000010303019D
:108BD0000000000000000000000000000000000095
:108BE0000000000000000000000000000000FFFF87
:108BF000FFFFFFFF00000000000000000000000079
:108C00000000000000000000000000000000000064
:108C100000FFFFFFFFFFFF0000000000000000005A
:108C20000000000000000000000000000000000044
:108C300000000000FFFFFFFFFFFF0000000000003A
:108C40000000000000000000000000000000000024
:108C500000000000000000FFFFFFFFFFFF0000001A
:108C60000000000000000000000000000000000004
:108C700000000000000000000000FFFFFFFFFFFFFA
:108C80000F0F0F0F0F0F0F0F0F0F0F0F0F0F0F07FC
:108C90000300000000000000000000000080C0E0B1
:108CA000E0E0E0E0E0E0E0E0E0E0E0E0E0E0E0E0C4
:108CB000E0E0C080000000000000000000000000B4
:108CC00000000000000000000000000000000000A4
:108CD0000000000000000000000000000000000094
:108CE0000000000000000000000000000000000084
:108CF0000000000000000000000000000000000074
:108D0000000000000000000101010101010100005C
:108D1000000000000000000000000000010101014F
:108D200001010100000000007FFFFFFFFFFFFFFFC8
:108D3000FFFF3F010000000000000000013FFFFFB7
:108D4000FFFFFFFFFFFFFF7F000000FFFFFFFFFFB0
:108D5000FFE0FFFFFFFFFF0F0000000000000FFF1C
:108D6000FFFFFFFFE0FFFFFFFFFFFF000000FFFF2F
:108D7000FFFFFFFF0000F8FFFFFFFF7F030000037E
:108D80007FFFFFFFFFF80000FFFFFFFFFFFF000076
:108D900000FFFFFFFFFFFF000000C0FEFFFFFFFF1F
:108DA0001F1FFFFFFFFFFEC0000000FFFFFFFFFFD0
:108DB000FF000000FFFFFFFFFFFF0000000000F0CA
:108DC000FFFFFFFFFFFFFFFFF00000000000FFFFBD
:108DD000FFFFFFFF00000080C0E0E0E08000000037
:108DE00000000000C0E0E0E0E0C000000000000083
:108DF0000080C0E0E0E08000000000000000000013
:108E00000000000000000000000000000000000062
:108E10000000000000000000000000000000000052
:108E20000000000000000000000000000000000042
:108E30000000000000000000000000000000000032
:108E40000000010303030100000000000000000017
:108E50000000000000000003030303000000000006
:108E6000000000007FFFFFFFFFFFFF7F0F030000F8
:108E7000000000000000000000FFFFFFFFFFFF00F8
:108E800000000000000000FFFFFFFFFFFFFCFFFFEE
:108E9000FFFF3F0F0300000000000000FFFFFFFF87
:108EA000FFFF0000000000000000FFFFFFFFFFFFCA
:108EB0000000C0F0FCFFFFFFFF3F0F03000000FFBA
:108EC000FFFFFFFFFF0000000000000000FFFFFFAA
:108ED000FFFFFF000000000000C0F0FCFFFFFFFFED
:108EE0003F0FFFFFFFFFFFFF00000000000000003A
:108EF000FFFFFFFFFFFF0000000000000000000078
:108F0000C0F0FCFFFFFFFFFFFFFFFF0000000000BD
:108F100000000080C0E0E0C0800000000000000011
:108F200000000000000000C0C0E0E0E0C0800000E1
:108F30000000000000000000000000000000000031
:108F40000000000000000000000000000000000021
:108F50000000000000000000000000000000000011
:108F60000000000000000000000000000000000001
:108F700000000000000000000000000000000000F1
:108F800000000001010103030303030303030101C4
:108F900001000000000000000000000000000001CF
:108FA000070F3F7F7FFFFFFFFEFCF8F8F8F8F8F8A7
:108FB000FCFEFFFFFF7F7F3F0F0701000000000066
:108FC000033FFFFFFFFFFFFEE08000000000000006
:108FD00000000000000080E0FEFFFFFFFFFF3F03F6
:108FE000000000FFFFFFFFFFFFFF00000000000088
:108FF000000000000000000000000000FFFFFFFF75
:10900000FFFFFF000000E0FEFFFFFFFFFF3F030048
:1090100000000000000000000000000000033FFF0F
:10902000FFFFFFFFFEE00000000000C0F0F8FCFEC4
:10903000FFFFFF7F3F1F0F0F0F0F0F0F1F3F7FFF20
:10904000FFFFFFFEF8F0C00000000000000000007D
:109050000000000080C0C0C0E0E0E0E0E0E0E0E050
:10906000C0C0C08000000000000000000000000040
:1090700000000000000000000000000000000000F0
:1090800000000000000000000000000000000000E0
:1090900000000000000000000000000000000000D0
:1090A00000000000000000000000000000000000C0
:1090B00000000000000000000001010101010101A9
:1090C0000101010101010101010000000000000097
:1090D000000000000000000000007FFFFFFFFFFF16
:1090E000F8F8F8F8F8F8F8F8FCFCFEFFFFFF7F3F0F
:1090F0001F070000000000000000000000FFFFFF4D
:10910000FFFFFF000000000000000000000081FFE2
:10911000FFFFFFFFFFFF0000000000000000000055
:10912000FFFFFFFFFFFF1F1F1F1F1F1F1F1F3F3FCF
:109130007FFFFFFFFFFEFCF080000000000000004A
:10914000000000FFFFFFFFFFFFC0C0C0C0C0C0C0E5
:10915000C0C0C0C08080000000000000000000000F
:10916000000000000000FFFFFFFFFFFF0000000005
:1091700000000000000000000000000000000000EF
:1091800000000000000000000080C0E0E0C080009F
:1091900000000000000000000000000000000000CF
:1091A00000000000000000000000000000000000BF
:1091B00000000000000000000000000000000000AF
:1091C000000000000000000000000000000000009F
:1091D000000000000000000000000000000000008F
:1091E000000000000000000000000000000000007F
:1091F0000000000000000000000101010303030360
:10920000030303030101010000000000000000004F
:10921000000000000001070F3F7F7FFFFFFFFEFC03
:10922000F8F8F8F8F8F8FCFEFFFFFF7F7F3F0F0724
:10923000010000000000033FFFFFFFFFFFFEE08092
:1092400000000000000000000000000080E0FEFFC1
:10925000FFFFFFFF3F03000000FFFFFFFFFFFFFFD7
:1092600000000000000000000000000000000000FE
:109270000000FFFFFFFFFFFFFF000000E0FEFFFF19
:10928000FFFFFF3F0300000000000E0F0F0F070756
:10929000030100033FFFFFFFFFFFFEE000000000AF
:1092A00000C0F0F8FEFFFFFFFF7F3F1F0F0F0F8F83
:1092B000CFDFFFFFFFFFFFFFFFFFFFF3C301000052
:1092C0000000000000000000000080C0C0C0E0E01E
:1092D000E0E0E0E0E0E0C0C0C080C0C0E0F0F8FC4A
:1092E000FCFC7C000000000000000000000000000A
:1092F000000000000000000000000000000000006E
:10930000000000000000000000000000000000005D
:10931000000000000000000000000000000000004D
:10932000000000000000000000000000000000013C
:10933000010101010101010101010101010101011D
:10934000000000000000000000000000000000001D
:109350007FFFFFFFFFFFF8F8F8F8F8F8F8F8F8F8E3
:10936000FCFEFFFFFF7F3F1F0F0100000000000019
:10937000000000FFFFFFFFFFFF00000000000000F3
:10938000000000000001FFFFFFFFFFFFFE000000E4
:10939000000000000000FFFFFFFFFFFF3F3F3F3FD7
:1093A0003F3F3F3F3F7F7FFFFEFCFCF8F0E0C00007
:1093B000000000000000000000FFFFFFFFFFFF00B3
:1093C0000000000080C0E0F8FEFFFFFF7F3F0F07B6
:1093D000010000000000000000000000FFFFFFFF90
:1093E000FFFF0000000000000000000080E0F8FE29
:1093F000FFFFFFFF7F0F0100000000000000008062
:10940000C0E0E0C08000000000000000000000009C
:1094100000000080C0E0E0E0C000000000000000AC
:10942000000000000000000000000000000000003C
:10943000000000000000000000000000000000002C
:10944000000000000000000000000000000000001C
:10945000000000000000000000000000000000000C
:1094600000000000000000000000000000010103F7
:1094700003030303030303010100000000000000D5
:1094800000000000000000000000030F3F7FFFFF0E
:10949000FEFCF8F0F0F0F0F0F0F8FCFFFFFF7F3F8B
:1094A0000F010000000000000000000000FCFFFFB2
:1094B000FFFFFF1F0707030301010000000000E09A
:1094C000F0F8F8F0C000000000000000000000000C
:1094D0000080C0E0F0F8F8FCFCFEFEFEFFFFFFFF9E
:1094E0007F7F3F3F1F0F07030000000000000000C8
:1094F0000000071F1F1F1F0F0100000000000000D9
:1095000000008080C0F0FFFFFFFFFF7F0000000031
:10951000000000000000F0FCFEFFFFFF7F1F0F07B0
:1095200007070707070F0F1F7FFFFFFEFCF0C000B4
:109530000000000000000000000000000080C0C02B
:10954000C0E0E0E0E0E0E0E0E0C0C0C0800000009B
:10955000000000000000000000000000000000000B
:1095600000000000000000000000000000000000FB
:1095700000000000000000000000000000000000EB
:1095800000000000000000000000000000000000DB
:1095900000000000000000000000000000000000CB
:1095A00000010101010101010101010101010101AC
:1095B00001010101010101010100000000000000A2
:1095C000000070F8FCFCFCFCFCFCFCFCFCFFFFFF5A
:1095D000FFFFFFFCFCFCFCFCFCFCFCFCF87000004A
:1095E000000000000000000000000000000000007B
:1095F000FFFFFFFFFFFF0000000000000000000071
:10960000000000000000000000000000000000005A
:10961000000000FFFFFFFFFFFF0000000000000050
:10962000000000000000000000000000000000003A
:10963000000000000000FFFFFFFFFFFF0000000030
:10964000000000000000000000000000000000001A
:10965000000000000000000000FFFFFFFFFFFF0010
:1096600000000000000000000000000000000000FA
:1096700000000000000000000000000080C0E0E0EA
:10968000C08000000000000000000000000000009A
:1096900000000000000000000000000000000000CA
:1096A00000000000000000000000000000000000BA
:1096B00000000000000000000000000000000000AA
:1096C000000000000000000000000000000000009A
:1096D0000000000000000000000000000000000189
:1096E0000303010000000000000000000000000073
:1096F0000000000001030301000000000000000062
:1097000000FFFFFFFFFFFF0000000000000000005F
:10971000000000000000FFFFFFFFFFFF000000004F
:1097200000000000FFFFFFFFFFFF0000000000003F
:10973000000000000000000000FFFFFFFFFFFF002F
:1097400000000000000000FFFFFFFFFFFF0000001F
:10975000000000000000000000000000FFFFFFFF0D
:10976000FFFF0000000000000000FEFFFFFFFFFF02
:10977000030000000000000000000000000003FFE4
:10978000FFFFFFFFFF000000000000000000E0F806
:10979000FEFFFFFF7F3F1F0F0F0F0F0F0F0F1F3F2A
:1097A0007FFFFFFFFEFCF000000000000000000053
:1097B00000000000008080C0C0C0E0E0E0E0E0E029
:1097C000E0E0C0C0C0800000000000000000000019
:1097D0000000000000000000000000000000000089
:1097E0000000000000000000000000000000000079
:1097F0000000000000000000000000000000000069
:109800000000000000000000000000000000000058
:10981000000000000000000001030303010000003D
:109820000000000000000000000000000000030332
:1098300003010000000000000000F8FFFFFFFFFF31
:109840003F03000000000000000000000000011FB6
:10985000FFFFFFFFFFF8000000000000000080F89D
:10986000FFFFFFFFFF1F01000000000000000000DD
:109870000FFFFFFFFFFFF08000000000000000006E
:1098800000000000F0FFFFFFFFFF1F0100000000CD
:10989000000FFFFFFFFFFEF00000000000000000CF
:1098A000000000000000000000E0FEFFFFFFFF1FBF
:1098B00001000FFFFFFFFFFEE000000000000000BE
:1098C0000000000000000000000000000000E0FCBC
:1098D000FFFFFFFFFFFFFFFFFCC0000000000000D4
:1098E0000000000000000000000000000000000078
:1098F00000000080C0E0E0E0E0C080000000000068
:109900000000000000000000000000000000000057
:109910000000000000000000000000000000000047
:109920000000000000000000000000000000000037
:109930000000000000000000000000000000000027
:109940000000000000000000000000000000000017
:1099500000000303030000000000000000000001FD
:1099600003030301000000000000000000000303E7
:1099700003000000FEFFFFFFFF03000000000000E7
:10998000037FFFFFFFFFFF7F0300000000000003D5
:10999000FFFFFFFFFE000000F8FFFFFFFF070000D2
:1099A000000007FFFFFFFE80FEFFFFFF0700000033
:1099B0000007FFFFFFFFF80000000000F0FFFFFFBF
:1099C000FF0700001FFFFFFFF8000000F8FFFFFF88
:1099D0001F000007FFFFFFFFF00000000000000075
:1099E000E0FFFFFFFF0F7FFFFFFFF0000000000020
:1099F000F0FFFFFF7F0FFFFFFFFFE0000000000010
:109A000000000000C0FFFFFFFFFFFFFEC0000000DE
:109A100000000000C0FEFFFFFFFFFFFFC0000000CE
:109A2000000000000000000000C0E0E0E0C0000016
:109A3000000000000000000000C0E0E0E0C0000006
:109A40000000000000000000000000000000000016
:109A50000000000000000000000000000000000006
:109A600000000000000000000000000000000000F6
:109A700000000000000000000000000000000000E6
:109A800000000000000000000000000000000103D2
:109A900003030100000000000000000000000000BF
:109AA00000000103030301000000000000000000AB
:109AB000F0FCFFFFFFFF7F3F0F01000000000000F0
:109AC00000030F3FFFFFFFFFFEF800000000000053
:109AD000000000000000C0F0FCFFFFFFFF7F1F0739
:109AE000071F3FFFFFFFFFFEF8E0800000000000BF
:109AF00000000000000000000000000000C3FFFFA5
:109B0000FFFFFFFFFFFFFFFFC3000000000000009A
:109B1000000000000000000000000001071F3FFFE0
:109B2000FFFFFFFFFCF0F0FCFEFFFFFFFF3F1F0702
:109B30000100000000000000000000071F7FFFFF81
:109B4000FFFFFEF8E08000000000000080E0F8FE6B
:109B5000FFFFFFFF7F1F0700000000000000C0E0C4
:109B6000E0E0E0C080000000000000000000000015
:109B700000000080C0E0E0E0C080000000000000C5
:109B800000000000000000000000000000000000D5
:109B900000000000000000000000000000000000C5
:109BA00000000000000000000000000000000000B5
:109BB00000000000000000000000000000000000A5
:109BC000000000000000000001030303010000008A
:109BD0000000000000000000000000000000010381
:109BE00003030100000000000000E0FCFFFFFFFF96
:109BF000FF3F0F0300000000000000000001071FEE
:109C00007FFFFFFFFFFCF0000000000000000000ED
:109C1000C0F0F8FEFFFFFFFF3F07010001071F7FB5
:109C2000FFFFFFFEFCF0C00000000000000000008D
:109C30000000000000000080E0F8FEFFFFFF7FFF53
:109C4000FFFFFEF8E08000000000000000000000C0
:109C50000000000000000000000000000000FFFF06
:109C6000FFFFFFFFFF0000000000000000000000F9
:109C700000000000000000000000000000000000E4
:109C800000FFFFFFFFFFFFFF0000000000000000DB
:109C900000000000000000000000000000000000C4
:109CA0000000000080C0E0E0E0C080000000000094
:109CB00000000000000000000000000000000000A4
:109CC0000000000000000000000000000000000094
:109CD0000000000000000000000000000000000084
:109CE0000000000000000000000000000000000074
:109CF0000000000000000000000000000000000064
:109D00000000000001010101010101010101010147
:109D10000101010101010101010101010100000036
:109D2000000000000000F0F8F8F8F8F8F8F8F8F88B
:109D3000F8F8F8F8F8F8F8F9FFFFFFFFFFFFFFFF6A
:109D4000FE00000000000000000000000000000015
:109D5000000000000001070F3F7FFFFFFFFFFEF83C
:109D6000F0C08000000000000000000000000000C3
:109D700000000001071F3FFFFFFFFFFFFCF8E0C0EE
:109D800000000000000000000000000000000000D3
:109D90000003071F3FFFFFFFFFFFFCF8E08000000C
:109DA00000000000000000000000000000000000B3
:109DB0000F1F7FFFFFFFFFFFFFF7E787070707077B
:109DC000070707070707070707070707070703002E
:109DD00000000080C0E0E0E0E0E0E0E0E0E0E0E0A3
:109DE000E0E0E0E0E0E0E0E0E0E0E0E0E0E0E0E073
:109DF000E0C00000000000000000000000000000C3
:109E00000000000000000000000000000000000052
:109E10000000000000000000000000000000000042
:109E20000000000000000000000000000000000032
:109E30000000000000000000000000000000000121
:109E400003030303030303030000000000000000FA
:109E50000000000000000000000000000000000002
:109E600000FFFFFFFFFFF0F0F0F0F0000000000047
:109E700000000000000000000000000000000000E2
:109E800000000000FFFFFFFFFF00000000000000D7
:109E900000000000000000000000000000000000C2
:109EA00000000000000000FFFFFFFFFF00000000B7
:109EB00000000000000000000000000000000000A2
:109EC00000000000000000000000FFFFFFFFFF0097
:109ED0000000000000000000000000000000000082
:109EE00000000000000000000000000000FFFFFF75
:109EF000FFFF000000000000000000000000000064
:109F00000000000000000000000000000000000051
:109F1000FFFFFFFFFF000000000000000000000046
:109F20000000000000000000000000000000000031
:109F3000000000F0F8FCFCFCFCFCFCFCFC00000059
:109F40000000000000000000000000000000000011
:109F50000000000000000000000000000000000001
:109F600000000000000000000000000000000000F1
:109F700000000000000000000303010000000000DA
:109F800000000000000000000000000000000000D1
:109F90000000000000000000000080FFFFFF1F0025
:109FA00000000000000000000000000000000000B1
:109FB000000000000000000000000000000000FEA3
:109FC000FFFF3F0000000000000000000000000054
:109FD0000000000000000000000000000000000081
:109FE000000000FCFFFFFF01000000000000000077
:109FF0000000000000000000000000000000000061
:10A0000000000000000000F8FFFFFF030000000058
:10A010000000000000000000000000000000000040
:10A020000000000000000000000000F0FFFFFF073C
:10A030000000000000000000000000000000000020
:10A04000000000000000000000000000000000C050
:10A05000E0E0C00000000000000000000000000080
:10A0600000000000000000000000000000000000F0
:10A0700000000000000000000000000000000000E0
:10A0800000000000000000000000000000000000D0
:10A0900000000000000000000000000000000000C0
:10A0A00000000000000000000000000000000000B0
:10A0B0000000000103030303030303010000000089
:10A0C0000000000000000000000000000000000090
:10A0D000000000000000E0F0F0F0F0FFFFFFFFFFE5
:10A0E0000000000000000000000000000000000070
:10A0F0000000000000000000000000000000FFFF62
:10A10000FFFFFF0000000000000000000000000052
:10A11000000000000000000000000000000000003F
:10A1200000FFFFFFFFFF0000000000000000000034
:10A13000000000000000000000000000000000001F
:10A1400000000000FFFFFFFFFF0000000000000014
:10A1500000000000000000000000000000000000FF
:10A1600000000000000000FFFFFFFFFF00000000F4
:10A1700000000000000000000000000000000000DF
:10A1800000000000000000000000FFFFFFFFFF00D4
:10A1900000000000000000000000000000000000BF
:10A1A000000000000000000078FCFCFCFCFCFCFC53
:10A1B000F8F00000000000000000000000000000B7
:10A1C000000000000000000000000000000000008F
:10A1D000000000000000000000000000000000007F
:10A1E000000000000000000000000000000000006F
:10A1F0000000000000010303030300000000000052
:10A20000000000000000000000000000000000004E
:10A21000000000000000031FFFFFFFFFFFFF0F0013
:10A22000000000000000000000000000000000002E
:10A2300000000000000000073FFFFFFFF880C0FCA7
:10A24000FFFFFF1F010000000000000000000000F1
:10A250000000000000000000047CFCFCFCF8800012
:10A26000000000C0FCFCFCFC3C04000000000000FE
:10A2700000000000000000000000000000000000DE
:10A2800000000000000000000000000000000000CE
:10A2900000000000000000000000000000000000BE
:10A2A00000000000000000000000000000000000AE
:10A2B000000000000000000000000000000000009E
:10A2C000000000000000000000000000000000008E
:10A2D000000000000000000000000000000000007E
:10A2E000000000000000000000000000000000006E
:10A2F000000000000000000000000000000000005E
:10A30000000000000000000000000000000000004D
:10A31000000000000000000000000000000000003D
:10A32000000000000000000000000000000000002D
:10A33000000000000000000000000000000000001D
:10A34000000000000000000000000000000000000D
:10A3500000000000000000000000000000000000FD
:10A3600000000000000000000000000000000000ED
:10A3700000000000000000000000000000000000DD
:10A3800000000000000000000000000000000000CD
:10A3900000000000000000000000000000000000BD
:10A3A00000000000000000000000000000000000AD
:10A3B000000000000000000000000000000000009D
:10A3C000000000000000000000000000000000008D
:10A3D000000000000000000000000000000000007D
:10A3E000000000000000000000000000000000006D
:10A3F000000000000000000000000000000000005D
:10A40000000000000000000000000000000000004C
:10A4100000000000000000000000000000E0E0E09C
:10A42000E0E0E0E0E0E0E0E0E0E0E0E0E0E0E0E02C
:10A43000000000000000000000000000000000001C
:10A44000000000000000000000000000000000000C
:10A4500000000000000000000000000000000000FC
:10A4600000000000010101010100000000000000E7
:10A4700000000000000000000000000000000000DC
:10A48000000000000000000080E0F0FCFE3E06003E
:10A4900000000000000000000000000000000000BC
:10A4A00000000000000000000000000000000000AC
:10A4B000000000000000000000000000000000009C
:10A4C000000000000000000000000000000000008C
:10A4D000000000000000000000000000000000007C
:10A4E000000000000000000000000000000000006C
:10A4F000000000000000000000000000000000005C
:10A50000000000000000000000000000000000004B
:10A51000000000000000000000000000000000003B
:10A52000000000000000000000000000000000002B
:10A53000000000000000000000000000000000001B
:10A54000000000000000000000000000000000000B
:10A5500000000000000000000000000000000000FB
:10A5600000000000000000000000000000000000EB
:10A5700000000000000000000000000000000000DB
:10A5800000000000000000000000000000000000CB
:10A5900000000000000000000000000000000000BB
:10A5A00000000000000000000000000000000000AB
:10A5B000000000000000000000000000000000009B
:10A5C000000000000000000000000000000000008B
:10A5D000000000000000000000000000000000007B
:10A5E00000000000000000030F0F1F1F3F3F3F3F10
:10A5F0003F3F3F1F1F0F070000000000000000004A
:10A60000000000000000000000F8FCFCF8E0808082
:10A610000000010181C3FFFFFFFFFF0000000000F9
:10A620000000000000000000000000030F1F3F7F3B
:10A630007E7CF8F8F8F0F0F0E0FFFFFFFFFF00008D
:10A640000000000000000000000000000000FCFF0F
:10A65000FFFFFF1F0F070707070F1F7EFCFFFFFF0E
:10A66000FF070000000000000000000000000000E4
:10A6700000000080C0E0E0E0E0E0C0C0800000003A
:10A6800080C0E0E08000000000000000000000004A
:10A6900000000000000000000000000000000000BA
:10A6A00000000000000000000000000000000000AA
:10A6B000000000000000000000000000000000009A
:10A6C000000000000000000000000000000000008A
:10A6D0000000000000000000000000000303030071
:10A6E000000000000000000000000000000000006A
:10A6F0000000000000000000000000000000FFFF5C
:10A70000FFFFFF000000000000000000000000004C
:10A710000000000000000000000000000000000039
:10A7200000FFFFFFFFFF03070F1F3F3F3F3F3F1F9C
:10A730001F0F0300000000000000000000000000E8
:10A7400000000000FFFFFFFFFFFEE0C080000000F0
:10A7500080C0F8FFFFFFFF0F0000000000000000B6
:10A7600000000000000000FFFFFFFFFF01000000ED
:10A77000000000000000FFFFFFFFFF0000000000DE
:10A7800000000000000000000000FFFFFFFFFFFED0
:10A790003F0F070707070F1FFFFFFFFEF000000036
:10A7A0000000000000000000000000000080E0E069
:10A7B000E080000080C0E0E0E0E0E0C08000000059
:10A7C0000000000000000000000000000000000089
:10A7D0000000000000000000000000000000000079
:10A7E0000000000000000000000000000000000069
:10A7F0000000000000000000000000000000000059
:10A800000000000000000000000000000000000048
:10A810000000000000000000000000000000000038
:10A820000000000000000000000000000000000028
:10A830000000000000000000000000000000000018
:10A840000000000000000000000000000000000008
:10A8500000000000000000000000000000000107F0
:10A860000F1F1F3F3F3F3F3F3F1F0F0703010000E8
:10A8700000000000000000000000000000000007D1
:10A880007FFFFFFFF8E0800000000080E0F8FEFEA0
:10A89000FC000000000000000000000000000000BC
:10A8A0000000FFFFFFFFFF000000000000000000AD
:10A8B000000307030000000000000000000000008B
:10A8C000000000000080F0FCFFFFFF1F0F070707DC
:10A8D000070F3FFFFFFEFCE000000000000000004B
:10A8E00000000000000000000000000080C0C0E088
:10A8F000E0E0E0E0E0C08080000000000000000038
:10A900000000000000000000000000000000000047
:10A910000000000000000000000000000000000037
:10A920000000000000000000000000000000000027
:10A930000000000000000000000000000000000017
:10A940000000000000000000000000000000000007
:10A9500000000000000000000000000000000000F7
:10A9600003030301000000000000000000000000DD
:10A9700000000000000000000000000000000000D7
:10A980000000FFFFFFFFFF000000000000000000CC
:10A990000000000000000000030F1F1F3F3F3F3F6B
:10A9A0003F1F0F0703FFFFFFFFFF00000000000035
:10A9B0000000000000000000000FFFFFFFFFF8E0B4
:10A9C0008000000080C0E0FEFFFFFFFFFF000000EE
:10A9D000000000000000000000000000FFFFFFFF7B
:10A9E000FF00000000000000000003FFFFFFFFFF6A
:10A9F0000000000000000000000000000000000057
:10AA0000F0FEFFFFFF1F0F070707070F3FFEFFFFC7
:10AA1000FFFFFF0000000000000000000000000039
:10AA200000000000000080C0E0E0E0E0E0C0800046
:10AA30000080E0E0E0800000000000000000000076
:10AA40000000000000000000000000000000000006
:10AA500000000000000000000000000000000000F6
:10AA600000000000000000000000000000000000E6
:10AA700000000000000000000000000000000000D6
:10AA800000000000000000000000000000000000C6
:10AA900000000000000000000000000000000000B6
:10AAA00000000000000000000000000000000000A6
:10AAB0000000000000000000000000000000000096
:10AAC0000000000000000000000000000000000086
:10AAD0000000000001070F1F1F3F3F3F3F3F1F1FA8
:10AAE0000F0701000000000000000000000000004F
:10AAF0000000000000077FFFFFFFF0C080000000A3
:10AB000080C0F0FFFFFF7F07000000000000000092
:10AB10000000000000000000FFFFFFFFFFF8F8F852
:10AB2000F8F8F8F8F8F8F8F8F8F0C00000000000BD
:10AB3000000000000000000000000080F0FCFFFFAB
:10AB40007F1F0F070707070F1F3F7FFFFC00000055
:10AB500000000000000000000000000000000000F5
:10AB6000000080C0C0E0E0E0E0E0E0C0C0800000A5
:10AB700000000000000000000000000000000000D5
:10AB800000000000000000000000000000000000C5
:10AB900000000000000000000000000000000000B5
:10ABA00000000000000000000000000000000000A5
:10ABB0000000000000000000000000000000000095
:10ABC0000000000000000000000001010303030377
:10ABD0000301000000000000000000000000000071
:10ABE00000000000000000000000001FFFFFFFFF4A
:10ABF000F8F0F0F0F0E000000000000000000000BD
:10AC000000000000000000000000001F1F1FFFFFE9
:10AC1000FFFFFF1F1F1F0F000000000000000000CB
:10AC20000000000000000000000000000000808024
:10AC300080FFFFFFFFFF8080800000000000000019
:10AC40000000000000000000000000000000000004
:10AC500000000000FFFFFFFFFF00000000000000F9
:10AC600000000000000000000000000000000000E4
:10AC700000000000000000FFFFFFFFFF00000000D9
:10AC800000000000000000000000000000000000C4
:10AC90000000000000000000000080E0E0E0800014
:10ACA00000000000000000000000000000000000A4
:10ACB0000000000000000000000000000000000094
:10ACC0000000000000000000000000000000000084
:10ACD0000000000000000000000000000000000074
:10ACE0000000000000000000000000000000000064
:10ACF0000000000000000000000000000000000054
:10AD00000000000000000000000000000000000043
:10AD10000000000000000000000000000000000033
:10AD20000000000000000000000000000000000023
:10AD30000000000000000000000000000000000013
:10AD400000000000000000000003070F1F3F3F3F0E
:10AD50003F3F1F0F07030F3F3F3F1F000000000052
:10AD6000000000000000000000000FFFFFFFFFF8E0
:10AD7000C0800000000080E0FCFFFFFFFFFF00003C
:10AD800000000000000000000000000000FFFFFFC6
:10AD9000FFFF00000000000000000000FFFFFFFFB9
:10ADA000FF000000000000000000000000000000A4
:10ADB00000F0FEFFFFFF1F0F070707070F3FFEFF13
:10ADC000FFFFFFFF00000000000000000000000087
:10ADD00000000000070F0F83C1E0E0E0E0E0C0806A
:10ADE0000003FFFFFFFFFE00000000000000000066
:10ADF00000000000000000E0F8FCFCFE7E3F3F3F4A
:10AE00003F3F7FFEFEFEFCF0E0000000000000007F
:10AE10000000000000000000000000000000000032
:10AE20000000000000000000000000000000000022
:10AE3000000000000000000000000000000003030C
:10AE400003000000000000000000000000000000FF
:10AE500000000000000000000000000000000000F2
:10AE6000FFFFFFFFFF0000000000000000000000E7
:10AE700000000000000000000000000000000000D2
:10AE8000000000FFFFFFFFFF030F1F1F3F3F3F3F7B
:10AE90003F1F0F0300000000000000000000000042
:10AEA000000000000000FFFFFFFFFFF0C080000077
:10AEB0000080E0FFFFFFFFFF000000000000000037
:10AEC000000000000000000000FFFFFFFFFF000087
:10AED000000000000000FFFFFFFFFF000000000077
:10AEE000000000000000000000000000FFFFFFFF66
:10AEF000FF0000000000000000FFFFFFFFFF000058
:10AF0000000000000000000000000000000000C081
:10AF1000E0E0E080000000000000000080E0E0E0F1
:10AF200080000000000000000000000000000000A1
:10AF30000000000000000000000000000000000011
:10AF40000000000000000000000000000000000001
:10AF500000000000000000000000000000000000F1
:10AF600000000000000000000000000000000000E1
:10AF700000000000000000000000030303010000C7
:10AF800000000000000000000000000000000000C1
:10AF9000000000000000000000000000F8FCFCFCC5
:10AFA000F8000000000000000000000000000000A9
:10AFB0000000000000000000000000000000000F82
:10AFC0003F3F3F0F000000000000000000000000B5
:10AFD0000000000000000000000000000000000071
:10AFE0000000FFFFFFFFFF00000000000000000066
:10AFF0000000000000000000000000000000000051
:10B000000000000000FFFFFFFFFF00000000000045
:10B010000000000000000000000000000000000030
:10B020000000000000000000FFFFFFFFFF00000025
:10B030000000000000000000000000000000000010
:10B04000000000000000000000000080E0E0E08060
:10B0500000000000000000000000000000000000F0
:10B0600000000000000000000000000000000000E0
:10B0700000000000000000000000000000000000D0
:10B0800000000000000000000000000000000000C0
:10B0900000000000000000000000000000000000B0
:10B0A00000000000000000000000000000000000A0
:10B0B0000000000000030303010000000000000086
:10B0C0000000000000000000000000000000000080
:10B0D00000000000000000F8FCFCFCF8000000008C
:10B0E0000000000000000000000000000000000060
:10B0F000000000000000000000000F3F3F3F0F0075
:10B10000000000000000000000000000000000003F
:10B1100000000000000000000000000000FFFFFF32
:10B12000FFFF000000000000000000000000000021
:10B13000000000000000000000000000000000000F
:10B14000FFFFFFFFFF000000000000000000000004
:10B1500000000000000000000000000000000000EF
:10B16000000000FFFFFFFFFF0000000000000000E4
:10B1700000000000000000000000000000000000CF
:10B18000000000000000FFFFFFFFFF0000000000C4
:10B1900000000000000000000000000000000000AF
:10B1A0000000000000007F7FFFFFFFFEFCE00000CA
:10B1B000000000000000000000000000000000008F
:10B1C000000000000000000000000000000000007F
:10B1D000000000000000000000000000000000006F
:10B1E000000000000000000000000000000000005F
:10B1F0000303030000000000000000000000000046
:10B20000000000000000000000000000000000003E
:10B210000000FFFFFFFFFF00000000000000000033
:10B22000000000000000000000000000000000001E
:10B230000000000000FFFFFFFFFF0000000001070B
:10B240000F3F3F3F0C000000000000000000000026
:10B250000000000000000000FFFFFFFFFF030F1FC2
:10B260007FFFFFF8F0C08000000000000000000039
:10B270000000000000000000000000FFFFFFFFFFD3
:10B28000FEFCF0FCFFFFFF3F070100000000000094
:10B290000000000000000000000000000000FFFFB0
:10B2A000FFFFFF0000000080E0FCFFFFFF3F0F00FA
:10B2B000000000000000000000000000000000008E
:10B2C0000080E0E0E0800000000000000080C0E0BE
:10B2D000E0C00000000000000000000000000000CE
:10B2E000000000000000000000000000000000005E
:10B2F000000000000000000000000000000000004E
:10B30000000000000000000000000000000000003D
:10B31000000000000000000000000000000000002D
:10B320000000000000000000000000030303000014
:10B33000000000000000000000000000000000000D
:10B3400000000000000000000000000000FFFFFF00
:10B35000FFFF0000000000000000000000000000EF
:10B3600000000000000000000000000000000000DD
:10B37000FFFFFFFFFF0000000000000000000000D2
:10B3800000000000000000000000000000000000BD
:10B39000000000FFFFFFFFFF0000000000000000B2
:10B3A000000000000000000000000000000000009D
:10B3B000000000000000FFFFFFFFFF000000000092
:10B3C000000000000000000000000000000000007D
:10B3D000000000000000000000FFFFFFFFFF000072
:10B3E000000000000000000000000000000000005D
:10B3F00000000000000000000000000080E0E0E02D
:10B4000080000000000000000000000000000000BC
:10B41000000000000000000000000000000000002C
:10B42000000000000000000000000000000000001C
:10B43000000000000000000000000000000000000C
:10B4400000000000000000000000000000000000FC
:10B4500000000000000000000000000000000000EC
:10B4600000000000000000000000000000000000DC
:10B4700000000000000000000000000000000000CC
:10B4800000000000000000000000000000000000BC
:10B4900000000000000000000000000000000000AC
:10B4A000000000000000000000001F3F3F3F0F07AA
:10B4B0000F1F1F3F3F3F3F1F1F0701070F1F3F3F4A
:10B4C0003F3F1F1F070100000000000000FFFFFFBB
:10B4D000FFFFF08000000000C0FFFFFFFFFFF080D3
:10B4E000000000C0FFFFFFFFFF00000000000000A1
:10B4F000FFFFFFFFFF00000000000000FFFFFFFF55
:10B50000FF000000000000FFFFFFFFFF0000000041
:10B51000000000FFFFFFFFFF00000000000000FF31
:10B52000FFFFFFFF000000000000FFFFFFFFFF0024
:10B5300000000000000080E0E0E08000000000006B
:10B54000000080E0E0E08000000000000080E0E01B
:10B55000E08000000000000000000000000000008B
:10B5600000000000000000000000000000000000DB
:10B5700000000000000000000000000000000000CB
:10B5800000000000000000000000000000000000BB
:10B5900000000000000000000000000000000000AB
:10B5A000000000000000000000000000000000009B
:10B5B000000000000000000000000000000000008B
:10B5C000000000000000000000000000000000007B
:10B5D000000000000000000000000000000000006B
:10B5E00000000000001F3F3F3F0F030F1F1F3F3FA2
:10B5F0003F3F3F1F0F070000000000000000000059
:10B600000000000000000000FFFFFFFFFFF0C0800F
:10B6100000000080E0FFFFFFFFFF000000000000CF
:10B620000000000000000000000000FFFFFFFFFF1F
:10B630000000000000000000FFFFFFFFFF0000000F
:10B640000000000000000000000000000000FFFFFC
:10B65000FFFFFF0000000000000000FFFFFFFFFFF2
:10B6600000000000000000000000000000000000DA
:10B670000080E0E0E080000000000000000080E0CA
:10B68000E0E080000000000000000000000000007A
:10B6900000000000000000000000000000000000AA
:10B6A000000000000000000000000000000000009A
:10B6B000000000000000000000000000000000008A
:10B6C000000000000000000000000000000000007A
:10B6D000000000000000000000000000000000006A
:10B6E000000000000000000000000000000000005A
:10B6F000000000000000000000000000000000004A
:10B700000000000000000000000000000000000039
:10B710000000000000000000000000000000000029
:10B720000001070F1F1F3F3F3F3F3F3F1F1F0F07F6
:10B730000100000000000000000000000000000008
:10B740000000077FFFFFFFF8C0800000000080C0FE
:10B75000F8FFFFFF7F07000000000000000000006E
:10B760000000000000FFFFFFFFFF000000000000DE
:10B7700000000000FFFFFFFFFF00000000000000CE
:10B78000000000000000000000F0FCFFFFFF1F0FA2
:10B79000070707070F3FFFFFFFFCF0000000000056
:10B7A0000000000000000000000000000000008019
:10B7B000C0C0E0E0E0E0E0E0C0C0800000000000C9
:10B7C0000000000000000000000000000000000079
:10B7D0000000000000000000000000000000000069
:10B7E0000000000000000000000000000000000059
:10B7F0000000000000000000000000000000000049
:10B800000000000000000000000000000000000038
:10B810000000000000000000000000000000000028
:10B820000000000000000000000000000000000018
:10B830000000000000000000000000000000000008
:10B8400000000000000000000000000000000000F8
:10B8500000000000000000000000001F3F3F3F0FFD
:10B8600001070F1F3F3F3F3F3F1F0F07030000002F
:10B870000000000000000000000000000000FFFFCA
:10B88000FFFFFFFEE0808000000080C0F8FFFFFFA8
:10B890007F0F00000000000000000000000000001A
:10B8A00000FFFFFFFFFF030000000000000000009A
:10B8B000FFFFFFFFFF00000000000000000000008D
:10B8C00000000000FFFFFFFFFFFE3F0F0F0707070D
:10B8D0000F3FFFFFFFFEF00000000000000000002F
:10B8E00000000000000000FFFFFFFFFF000080C01D
:10B8F000E0E0E0E0E0C080000000000000000000A8
:10B9000000000000000000000000FEFFFFFFFC0040
:10B910000000000000000000000000000000000027
:10B920000000000000000000000000000000000017
:10B930000000000000000000000000000000000007
:10B9400000000000000000000000000000000000F7
:10B9500000000000000000000000000000000000E7
:10B9600000000000000000000000000000000000D7
:10B9700000000000000000000000000000000000C7
:10B9800000000000000000000000000000000000B7
:10B990000000000000000003070F1F3F3F3F3F3F34
:10B9A0001F0F07031F3F3F3F1F0000000000000064
:10B9B00000000000000000000FFFFFFFFFF8E08024
:10B9C0000000008080E0FEFFFFFFFFFF000000009E
:10B9D0000000000000000000000000FFFFFFFFFF6C
:10B9E00000000000000000000003FFFFFFFFFF0059
:10B9F000000000000000000000000000000080F0D7
:10BA0000FEFFFFFF3F0F0707070F0F3FFEFFFFFF80
:10BA1000FFFF000000000000000000000000000028
:10BA2000000000000080C0E0E0E0E0E0C080000036
:10BA3000FFFFFFFFFF00000000000000000000000B
:10BA400000000000000000000000000000000000F6
:10BA5000000000FEFFFFFFFC0000000000000000EF
:10BA600000000000000000000000000000000000D6
:10BA700000000000000000000000000000000000C6
:10BA800000000000000000000000000000000000B6
:10BA900000000000000000000000000000000000A6
:10BAA0000000000000000000000000000000000096
:10BAB0000000000000000000000000000000000086
:10BAC0000000000000000000000000000000000076
:10BAD000000F3F3F3F0F070F3F3F3F3F1F0F030048
:10BAE0000000000000000000000000000000000056
:10BAF00000000000FFFFFFFFFFFCC0808080C0C08F
:10BB0000C000000000000000000000000000000075
:10BB100000000000000000FFFFFFFFFF000000002A
:10BB20000000000000000000000000000000000015
:10BB300000000000000000000000FFFFFFFFFF000A
:10BB400000000000000000000000000000000000F5
:10BB50000000000000000000000000000080E0E0A5
:10BB6000E080000000000000000000000000000075
:10BB700000000000000000000000000000000000C5
:10BB800000000000000000000000000000000000B5
:10BB900000000000000000000000000000000000A5
:10BBA0000000000000000000000000000000000095
:10BBB0000000000000000000000000000000000085
:10BBC0000000000000000000000000000000000075
:10BBD0000000000000000000000000000000000065
:10BBE0000000000000000000000000000000000055
:10BBF0000000000000000000000000000000000045
:10BC000000000000000000000000000000070F1FFF
:10BC10001F3F3E3E3E3E3F1F1F0F0701000000003A
:10BC2000000000000000000000000000000000FC18
:10BC3000FFFFFFFF0F0703030101C1F0F8F0F00061
:10BC400000000000000000000000000000000000F4
:10BC500000000103C1C1E0F0F0F0F8F8FCFEFF7F46
:10BC60007F1F07000000000000000000000000002F
:10BC70000000000000FCFFFFFF3F1F0F0707070F3A
:10BC80001FFFFFFFFEF000000000000000000000AA
:10BC90000000000000000000000080C0C0E0E0E004
:10BCA000E0E0E0C0C08000000000000000000000F4
:10BCB0000000000000000000000000000000000084
:10BCC0000000000000000000000000000000000074
:10BCD0000000000000000000000000000000000064
:10BCE0000000000000000000000000000000000054
:10BCF0000000000000000000000000000000000044
:10BD00000000000101010000000000000000000030
:10BD10000000000000000000000000000000000023
:10BD200000000000007FFFFFFF7F00000000000018
:10BD30000000000000000000000000000000000003
:10BD400000000000000F1F1FFFFFFFFFFF1F1F1F4E
:10BD50000F000000000000000000000000000000D4
:10BD60000000000000000000008080FFFFFFFFFFD8
:10BD70008080800000000000000000000000000043
:10BD80000000000000000000000000000000FFFFB5
:10BD9000FFFFFF00000000000000000000000000A6
:10BDA0000000000000000000000000000000000093
:10BDB00000FEFFFFFFFF0F07070F07030000000053
:10BDC0000000000000000000000000000000000073
:10BDD000000000000080C0E0E0E0E0E0C0C0000043
:10BDE0000000000000000000000000000000000053
:10BDF0000000000000000000000000000000000043
:10BE00000000000000000000000000000000000032
:10BE10000000000000000000000000000000000022
:10BE20000000000000000000000000000000000012
:10BE30000000000000000000000000000000000002
:10BE400000000000000000000000000000000000F2
:10BE500000000000000000000000000000000000E2
:10BE600000000000000000000000000000000000D2
:10BE700000000000000000000000000000000000C2
:10BE800000000F3F3F3F0F00000000000000000FC8
:10BE90003F3F3F0F000000000000000000000000D6
:10BEA0000000000000FFFFFFFFFF00000000000097
:10BEB0000000FFFFFFFFFF00000000000000000087
:10BEC0000000000000000000FFFFFFFFFF00000077
:10BED0000000000000FFFFFFFFFF00000000000067
:10BEE0000000000000000000000000F8FFFFFFFF5E
:10BEF0003F0F0707070F1F7EFFFFFFFFFF00000038
:10BF00000000000000000000000000000000000031
:10BF100080C0E0E0E0E0E0C0C0800080E0E0E0C0A1
:10BF20000000000000000000000000000000000011
:10BF30000000000000000000000000000000000001
:10BF400000000000000000000000000000000000F1
:10BF500000000000000000000000000000000000E1
:10BF600000000000000000000000000000000000D1
:10BF700000000000000000000000000000000000C1
:10BF800000000000000000000000000000000000B1
:10BF900000000000000000000000000000000000A1
:10BFA0000000000000000000000000000000000091
:10BFB0000000000000000000000000001F3F3F1FC5
:10BFC0000300000000000000011F3F3F1F000000B1
:10BFD00000000000000000000000000000000080E1
:10BFE000F8FFFFFF1F00000000001FFFFFFFF880A9
:10BFF0000000000000000000000000000000000041
:10C000000000000080FCFFFFFF070007FFFFFFFCB0
:10C0100080000000000000000000000000000000A0
:10C02000000000000000000000C0FCFFFF3FFFFF19
:10C03000FCC0000000000000000000000000000044
:10C040000000000000000000000000000000C0E050
:10C05000E0E0C00000000000000000000000000060
:10C0600000000000000000000000000000000000D0
:10C0700000000000000000000000000000000000C0
:10C0800000000000000000000000000000000000B0
:10C0900000000000000000000000000000000000A0
:10C0A0000000000000000000000000000000000090
:10C0B0000000000000000000000000000000000080
:10C0C0000000000000000000000000000000000070
:10C0D0000000000000000000000000000000000060
:10C0E0000000000000000000000000000000000050
:10C0F000000000000000001F3F3F1F030000000081
:10C100000000071F3F3F1F07000000000000031F43
:10C110003F3F1F0000000000000080FCFFFFFF0FFA
:10C12000000000003FFFFFFFFFFFFF3F0000000097
:10C130000FFFFFFFFC80000000000000000000E097
:10C14000FFFFFF3F0003FFFFFFF80000FCFFFFFFC2
:10C1500003003FFFFFFFE0000000000000000000C0
:10C1600000000000F0FFFFFFFFFFFFE00000000005
:10C17000E0FFFFFFFFFFFFF00000000000000000F5
:10C18000000000000000000080C0E0E0C0000000EF
:10C190000000000000C0E0E0C080000000000000DF
:10C1A000000000000000000000000000000000008F
:10C1B000000000000000000000000000000000007F
:10C1C000000000000000000000000000000000006F
:10C1D000000000000000000000000000000000005F
:10C1E000000000000000000000000000000000004F
:10C1F000000000000000000000000000000000003F
:10C20000000000000000000000000000000000002E
:10C21000000000000000000000000000000000001E
:10C22000000000000000000000000000000000000E
:10C230000000043F3F3F0F030000000000031F3FCA
:10C240003F3F04000000000000000000000000006C
:10C2500000000000000080F0FCFFFFFF1F071FFF31
:10C26000FFFFFCE080000000000000000000000074
:10C270000000000000000000000000010FFFFFFFB1
:10C28000FFFFFFFF0F0100000000000000000000A2
:10C290000000000000000000000000031F7FFFFFFF
:10C2A000FEF0C000C0F0FEFFFF7F1F030000000093
:10C2B0000000000000000000000000000000C0E0DE
:10C2C000E0C0800000000000000080C0E0E0C0008E
:10C2D000000000000000000000000000000000005E
:10C2E000000000000000000000000000000000004E
:10C2F000000000000000000000000000000000003E
:10C30000000000000000000000000000000000002D
:10C31000000000000000000000000000000000001D
:10C32000000000000000000000000000000000000D
:10C3300000000000000000000000000000000000FD
:10C3400000000000000000000000000000000000ED
:10C3500000000000000000000000000000000000DD
:10C36000000000000000000000000000000F3F3F40
:10C370003F070000000000000000031F3F3F1F00B8
:10C3800000000000000000000000000000000000AD
:10C3900080F8FFFFFF7F0300000000013FFFFFFF69
:10C3A000F880000000000000000000000000000015
:10C3B0000000000000C0FCFFFFFF1F00000FFFFF98
:10C3C000FFFCC000000000000000000000000000B2
:10C3D00000000000000000000000C0FCFFFFFF7F25
:10C3E000FFFFFEE000000000000000000000000071
:10C3F000000000000000000000000000000001EF4D
:10C40000FFFFFFFFE0000000000000000000000050
:10C410000000000000000000000000083E3F3F3F19
:10C420007FFFFEFEF8E000000000000000000000BA
:10C4300000000000000000000000000000000000FC
:10C4400000000000000000000000000000000000EC
:10C4500000000000000000000000000000000000DC
:10C4600000000000000000000000000000000000CC
:10C4700000000000000000000000000000000000BC
:10C4800000000000000000000000000000000000AC
:10C49000000000000000000000000000000000009C
:10C4A0000000000000000000001F1F1F1F1F1F1FB3
:10C4B0001F1F1F1F1F1F1F1F0F0000000000000075
:10C4C000000000000000000000000000808080806C
:10C4D000808080838FFFFFFFFEF8E0800000000077
:10C4E000000000000000000000000000000000004C
:10C4F0000001070F3FFFFFFEF8E080000000000092
:10C50000000000000000000000000000000000002B
:10C5100000071F7FFFFFFFFFE787070707070707E2
:10C5200007070300000000000000000000000000FA
:10C5300000000000C0E0E0E0E0E0E0E0E0E0E0E09B
:10C54000E0E0E0E0E0C000000000000000000000CB
:10C5500000000000000000000000000000000000DB
:10C5600000000000000000000000000000000000CB
:10C5700000000000000000000000000000000000BB
:10C5800000000000000000000000000000000000AB
:10C59000000000000000000000000000000000009B
:10C5A000000000000103030303000000000000007E
:10C5B000000000000000000000000000000000007B
:10C5C000000000001F7FFFFFFFFCF8F8F0000000F4
:10C5D000000000000000000000000000000000005B
:10C5E00000000000000000FFFFFFFFFF0000000050
:10C5F000000000000000000000000000000000003B
:10C600000000000000000001030FFFFFFFFFF80023
:10C61000000000000000000000000000000000001A
:10C62000000000000000000000FCFEFFFFFFFFCF45
:10C6300003000000000000000000000000000000F7
:10C64000000000000000000000000000000000C02A
:10C65000FFFFFFFF7F00000000000000000000005F
:10C6600000000000000000000000000000000000CA
:10C67000000000FFFFFFFFFF0000000000000000BF
:10C6800000000000000000000000000000000000AA
:10C69000000000000000E0F8FCFEFFFFFF7F3C0010
:10C6A000000000000000000000000000000000008A
:10C6B000000000000000000000000000000000007A
:10C6C000000000000000000000000000000000006A
:10C6D0000000000000000000000001030301000052
:10C6E000000000000000000000000000000000004A
:10C6F00000000000000000000000000000FFFFFF3D
:10C70000FF0000000000000000000000000000002A
:10C710000000000000000000000000000000000019
:10C72000FFFFFFFF0000000000000000000000000D
:10C7300000000000000000000000000000000000F9
:10C74000000000FFFFFFFF000000000000000000ED
:10C7500000000000000000000000000000000000D9
:10C76000000000000000FFFFFFFF000000000000CD
:10C7700000000000000000000000000000000000B9
:10C78000000000000000000000FFFFFFFF000000AD
:10C790000000000000000000000000000000000099
:10C7A000000000000000000000000000FFFFFFFF8D
:10C7B0000000000000000000000000000000000079
:10C7C000000000000000000000000000000000FE6B
:10C7D000FFFFFE000000000000000000000000005D
:10C7E0000000000000000000000000000000000049
:10C7F0000000000000000000000000000000000039
:10C800000000000000000000000000000000000028
:10C81000000000030303030100000000000000000B
:10C820000000000000000000000000000000000008
:10C830000000000000F0F8F8FCFFFFFF7F1F000081
:10C8400000000000000000000000000000000000E8
:10C85000000000000000000000000000FFFFFFFFDC
:10C86000FF000000000000000000000000000000C9
:10C87000000000000000000000000000000000F8C0
:10C88000FFFFFFFF1F030100000000000000000089
:10C890000000000000000000000000000000000098
:10C8A00000000003CFFFFFFFFFFEFC0000000000C0
:10C8B0000000000000000000000000000000000078
:10C8C00000000000007FFFFFFFFFC000000000002D
:10C8D0000000000000000000000000000000000058
:10C8E0000000000000000000FFFFFFFFFF0000004D
:10C8F0000000000000000000000000000000000038
:10C90000000000000000003C7F7FFFFFFEFCF8E01D
:10C910000000000000000000000000000000000017
:10C920000000000000000000000000000000000007
:10C9300000000000000000000000000000000000F7
:10C9400000000000000000000000000000000000E7
:10C9500000000000000000000000000000000000D7
:10C9600000000000000000000000000000000000C7
:10C9700000000000000000000000000000000000B7
:10C9800000000000000000000000000000000000A7
:10C990000000000000000001010101010000000092
:10C9A0000000000000000100000000000000000086
:10C9B000000000000000003F7FFFFEFEFEFEFFFFC4
:10C9C0007F7F3F1F1F1F1F3F7FFF000000000000F1
:10C9D00000000000000000000000E08000000000F7
:10C9E00000000080C0C0E0E0E0E0C0800000000087
:10C9F0000000000000000000000000000000000037
:10CA00000000000000000000000000000000000026
:10CA10000000000000000000000000000000000016
:10CA20000000000000000000000000000000000006
:10CA300000000000000000000000000000000000F6
:10CA400000000000000000000000000000000000E6
:10CA500000000000000000000000000000000000D6
:10CA600000000000000000002300000000000000A3
:10CA70002300000023000000230000004600000007
:10CA80002300000069000000230000008C0000006B
:10CA900023000000AF00000023000000D2000000CF
:10CAA00023000000F5000000230000001801000032
:10CAB000230000003B010000230000005E01000095
:10CAC000230000008101000023000000A4010000F9
:10CAD00023000000C701000023000000EA0100005D
:10CAE000230000000D0200002300000030020000BF
:10CAF0002300000053020000230000007602000023
:10CB0000230000009902000023000000BC02000086
:10CB100023000000DF0200002300000002030000E9
:10CB2000230000002503000023000000480300004C
:10CB3000230000006B030000230000008E030000B0
:10CB400023000000B103000023000000D403000014
:10CB500023000000F7030000230000001A04000077
:10CB6000230000003D0400002300000060040000DA
:10CB7000230000008304000023000000A60400003E
:10CB800023000000C904000023000000EC040000A2
:10CB9000230000000F050000230000003205000004
:10CBA0002300000055050000230000007805000068
:10CBB000230000009B05000023000000BE050000CC
:10CBC00023000000E105000023000000040600002F
:10CBD0002300000027060000230000004A06000092
:10CBE000230000006D0600002300000090060000F6
:10CBF00023000000B306000023000000D60600005A
:10CC000023000000F9060000230000001C070000BC
:10CC1000230000003F07000023000000620700001F
:10CC2000230000008507000023000000A807000083
:10CC300023000000CB07000023000000EE070000E7
:10CC40002300000011080000230000003408000049
:10CC50002300000057080000230000007A080000AD
:10CC6000230000009D08000023000000C008000011
:10CC700023000000E3080000230000000609000074
:10CC80002300000029090000230000004C090000D7
:10CC9000230000006F09000023000000920900003B
:10CCA00023000000B509000023000000D80900009F
:10CCB00023000000FB090000230000001E0A000002
:10CCC00023000000410A000023000000640A000065
:10CCD00023000000870A000023000000AA0A0000C9
:10CCE00023000000CD0A000023000000F00A00002D
:10CCF00023000000130B000023000000360B00008F
:10CD000023000000590B0000230000007C0B0000F2
:10CD1000230000009F0B000023000000C20B000056
:10CD200023000000E50B000023000000080C0000B9
:10CD3000230000002B0C0000230000004E0C00001C
:10CD400023000000710C000023000000940C000080
:10CD500023000000B70C000023000000DA0C0000E4
:10CD600000000000000000000000000000000000C3
:10CD700000000000000000000000000000000000B3
:10CD800000000000000000000000000000000000A3
:10CD90000000000000000000000000000000000093
:10CDA0000000000000000000000000000000000083
:10CDB0000000000000000000000000000000000073
:10CDC0000000000000000000000000000000000063
:10CDD000000000000000000000007FFFFF000000D6
:10CDE0000000000000000000000000000000FEFF46
:10CDF000FC00000000000000000000000000000037
:10CE00000000078F07000000000000000000000085
:10CE10000000000000000080000000000000000092
:10CE20000000000000000000000000000000000002
:10CE300000000000000000000000000000FFFFFFF5
:10CE40000000FFFFFF0000000000000000000000E5
:10CE500000808080000080808000000000000000D2
:10CE600000000000000000000000000000000000C2
:10CE700000000000000000000000000000000000B2
:10CE800000000000000000000000000000000000A2
:10CE90000000000000000000000000000000000092
:10CEA0000303037FFF630307FFFF0300000000008D
:10CEB00000000000C1C1FFFFE1C1C7FFFFC1C10009
:10CEC0000000000000000000E0FFFFF0E0E3FFFFD3
:10CED000E0E0E000000000000000000000808000B2
:10CEE00000008000000000000000000000000000C2
:10CEF00000000000010F0F00000000000000000013
:10CF000000000000001F7FFFF0FFFFE0FC7F3F00FC
:10CF1000000000000000000000C0F0F8FCFFFF3E31
:10CF20001F0F0701000000000000000000FCFF7F51
:10CF300007FFFF0307FFFEF80000000000000000ED
:10CF400000000080C0FFFFC08080000000000000E3
:10CF500000000000000000000000000000000000D1
:10CF600000000000000000003F7FE0C0E07F1F00E5
:10CF70000000010F78E0000000000000C0F0381849
:10CF800038F0C0030F78E003070C0C070300000023
:10CF900000000000030F7CE0000000FEFF0101FF25
:10CFA000FE00000000000000C000000000000000C3
:10CFB0000080800000000000000000000000000071
:10CFC0000000000000000000000000000000001F42
:10CFD0007F7FE0E0F1FF7F1F000000000000000005
:10CFE0000001070FFFFCFE7FFFE7C100070F0700EE
:10CFF0000000000000F8FEFF0F030303C7FFFFFE61
:10D00000FEFF070300000000000000008080808019
:10D010008000000000008000000000000000000010
:10D020000000000000000000000000000000000000
:10D0300000FFFFFF000000000000000000000000F3
:10D040000000000000808080000000000000000060
:10D0500000000000000000000000000000000000D0
:10D0600000000000000000000000000000000000C0
:10D0700000000000000000000000000000000000B0
:10D0800000000000000000000000000000000000A0
:10D09000000000000000031F7FF0000000000000FF
:10D0A0000000000000000000003FFFFF80000000C3
:10D0B00000000000000000000000000000FCFFFF76
:10D0C000010000000000000000000000000000005F
:10D0D0000000C0F8FE0F000000000000000000008B
:10D0E0000000000000000000000000000000000040
:10D0F000000000000000000000F07F1F030000009F
:10D10000000000000000000000000000000080FFA0
:10D11000FF3F0000000000000000000000000000D1
:10D12000000001FFFFFC0000000000000000000004
:10D1300000000000000FFEF8C0000000000000002A
:10D1400000000000000000000000000003030000D9
:10D150000000000000000000000000000038181D62
:10D16000FFFF1D1838000000000000000000000054
:10D17000000070E00080E07000000000000000008F
:10D18000000000000000000000000000000000009F
:10D19000000000000000000000000000000000008F
:10D1A000000000000000000000000000000000007F
:10D1B000000000000000000000000000000000006F
:10D1C00000000000000F0F0F000000000000000032
:10D1D00000000000001E1E1E1EFFFFFF1E1E1E1E62
:10D1E00000000000000000000000000000F8F8F857
:10D1F000000000000000000000000000000000002F
:10D20000000000000000000000000000000000001E
:10D21000000000000000000000000000000000000E
:10D2200000000000000000000000000000000000FE
:10D2300000000000000000000000000000000000EE
:10D2400000000000000000000000000000070F0FB9
:10D2500007000000000000000000000000000000C7
:10D26000000C9CF8E000000000000000000000003E
:10D2700000000000000000000000000000000000AE
:10D28000000000000000000000000000000000009E
:10D2900000000000000000000000000000003C3C16
:10D2A0003C3C3C3C3C3C3C3C3C3C3C3C3C3C000036
:10D2B000000000000000000000000000000000006E
:10D2C000000000000000000000000000000000005E
:10D2D000000000000000000000000000000000004E
:10D2E000000000000000000000000000000000003E
:10D2F000000000000000000000000000000000002E
:10D30000000000000000000000000000000000001D
:10D31000000000000000070F0700000000000000F0
:10D32000000000000000000000000080000000007D
:10D3300000000000000000000000000000000000ED
:10D3400000000000000000000000000000000000DD
:10D35000000007FFF80000000000000000000000CF
:10D3600000000000000FFFF80000000000000000B7
:10D3700000000000000000001FFFF000000000009F
:10D38000000000000000000000000000808000009D
:10D39000000000000000000000000000000000008D
:10D3A000000000000000000000000000000000007D
:10D3B000000000000000031F3F7F7CF0E0E0E0F091
:10D3C0007C7F3F0F010000000000FFFFFFFF000017
:10D3D0000000000000FFFFFFFF0000000000C0F899
:10D3E000FEFF1F07030303071FFFFEF8E000000016
:10D3F00000000000000000808080808000000000AD
:10D40000000000000000000000000000000000001C
:10D410000000000000000000000001030307070FE8
:10D420001E7FFFFF7F00000000000000000080C0A2
:10D43000C080800000FFFFFFFF0000000000000030
:10D44000000000000000000000FFFFFFFF000000E0
:10D4500000000000000000000000000000008080CC
:10D4600000000000000000000000000000000000BC
:10D4700000000000000000000000000000000F1F7E
:10D480003F7F78F0E0E0E0F0F87F7F3F0F000000A2
:10D49000000000808000000103070F1F7EFCF8F0F1
:10D4A000C00000000000071F3F7FFFF7E7C78707A6
:10D4B00007070707070000000000008080808080C9
:10D4C00080808080808080808000000000000000DC
:10D4D000000000000000000000000000000000004C
:10D4E0000000061F3F7E70E0E0E0E0F07F7F3F0F2E
:10D4F000000000000000000000003838383878FCD8
:10D50000FEFFCF87010000000000F8FCFE1F0703AC
:10D51000030303070FFFFEFCF00000000000000003
:10D5200000008080808080800000000000000000FB
:10D5300000000000000000000000000000000000EB
:10D540000000000000000000000001030F1F7EFF2C
:10D55000FFFF7F00000000000001030F1F7CF8E0C8
:10D56000C00000FFFFFFFF000000000000E0F0F03F
:10D57000F0F0F0F0F0F0F0FFFFFFFFF0F0F000004F
:10D58000000000000000000000000000808000009B
:10D59000000000000000000000000000000000008B
:10D5A00000000000000000000000001FFFFFFFF06F
:10D5B000F0F0F0F0F0F0F0F00000000000003CFEB1
:10D5C000FCFC3830707070787C3F1F0F0300000047
:10D5D00000003C7E3F0F0703030303070FFFFEFC21
:10D5E000F00000000000000000008080808080804B
:10D5F000000000000000000000000000000000002B
:10D600000000000000000000000000000000000713
:10D610001F3F7CF0E0E0E0F0F87E3E1E00000000DE
:10D620000000FFFFFFFF1C38707070787C3F1F0FF9
:10D63000030000000000C0F8FEFF1F0703030307FC
:10D640000FFFFEFCF0000000000000000000008062
:10D6500080808080000000000000000000000000CA
:10D6600000000000000000000000000000000000BA
:10D670000000E0F0F0F0F0F0F0F0F1F7FFFFFEF85E
:10D680007000000000000000000000071F7FFFF88E
:10D69000C00000000000000000000000000FFFFFBD
:10D6A000FFFC00000000000000000000000000007F
:10D6B00000008080800000000000000000000000EA
:10D6C000000000000000000000000000000000005A
:10D6D0000000000000000F3F7F7FF0E0E0E0E0F09E
:10D6E0007F7F3F1F000000000001C7EFFFFE7C3876
:10D6F0003838387CFEFFEF870100000000F0FCFEA8
:10D70000FF0F0703030303070FFFFEFCF0000000F9
:10D710000000000000008080808080800000000009
:10D7200000000000000000000000000000000000F9
:10D73000000000000000000000071F3F7F78F0E0BD
:10D74000E0E0E0F07C3F1F0F0100000000E0F8FC8B
:10D75000FE1F0F070707070E1CFFFFFFFF0000005B
:10D7600000003C3E3F1F0703030307071FFEFCF0BA
:10D7700080000000000000000000808080808000A9
:10D780000000000000000000000000000000000099
:10D790000000000000000000000000000000000188
:10D7A0000000000000000000000000000000000079
:10D7B0000000E0F0E00000000000000000000000B9
:10D7C000000000000000070F07000000000000003C
:10D7D00000000000000000000000008000000000C9
:10D7E0000000000000000000000000000000000039
:10D7F0000000000000000000000000000000000029
:10D800000000000100000000000000000000000017
:10D81000000000000000E0F0E00000000000000058
:10D82000000000000000000000000F0F07000000D3
:10D8300000000000000000000000000000009CF854
:10D84000E0000000000000000000000000000000F8
:10D8500000000000000000000000000000000000C8
:10D86000000000000000000000010303070F1F007C
:10D870000000000000000000003E7F7FF7E7E3C1EA
:10D88000C180000000000000000000000000000057
:10D8900080C0E0E0F0F87C00000000000000000024
:10D8A0000000000000000000000000000000000078
:10D8B0000000000000000000000000000000000068
:10D8C0000000000000000000000101010101010151
:10D8D00001010101000000000000000000E3E3E39B
:10D8E000E3E3E3E3E3E3E3E3000000000000000020
:10D8F00000C0C0C0C0C0C0C0C0C0C0C000000000E8
:10D900000000000000000000000000000000000017
:10D910000000000000000000000000000000000007
:10D92000000000000000000000000000001F0F07C2
:10D9300003030100000000000000000000000000E0
:10D9400000008081C1E3E7F77F7F3E000000000018
:10D9500000000000007CF8F0E0E0C0800000000063
:10D9600000000000000000000000000000000000B7
:10D9700000000000000000000000000000000000A7
:10D980000000000000000000000000000000000097
:10D99000001F3F7CF0E0E0F07F3F0F000000000040
:10D9A0000000000000800000071F3FFCF0E0800046
:10D9B000000000000000000000000000C7CF87004A
:10D9C0000000000000000000000000000000000057
:10D9D00000800000000000000000000000000000C7
:10D9E0000000000000000000000000000000000037
:10D9F00000000000000000070E1C387061E1E1E04B
:10DA0000E0F171793C1F0700001FFFC0031F7FFC7E
:10DA1000E0C0C0E07FFFFF000080FFFF00FCFF03CD
:10DA2000FCFFFF070303071FFFFF03070E7CF080C7
:10DA3000000080E0783C9E8E8787070787878F0EDF
:10DA40001E3C7860000000000000000000000000A4
:10DA500000000000000000000000000000031F7F25
:10DA6000FEFE7F1F03000000000000000000000712
:10DA70003FFFFDE10101E1FFFF3F07000000000063
:10DA8000000F7FFFFCE0E0E0E0E0E0E0E0FEFF7F91
:10DA90000F00000000008080000000000000000077
:10DAA0000000808000000000000000000000000076
:10DAB00000000000000000000000000000007FFFE8
:10DAC000FFFFF0F0F0F0F0F8FF7F3F0F00000000E4
:10DAD0000000FFFFFFFF1C1C1C1C1C3CFEFFE7C3DB
:10DAE000010000000000FFFFFFFF0707070707070F
:10DAF0000FFFFFFEF80000000000008080808080A3
:10DB00008080808080000000000000000000000095
:10DB10000000000000000000000000000000000005
:10DB20000000070F3F7F7CF8F0F0F0F0787E3F1F99
:10DB30000F00000000FFFFFFFF00000000000000DA
:10DB400000008081810000000080F0FCFE7F1F0F3C
:10DB5000070707070F3FFEFCF00000000000000071
:10DB600000000080808080808000000000000000B5
:10DB700000000000000000000000000000000000A5
:10DB80000000000000007FFFFFFFF0F0F0F0F0F871
:10DB90007E3F1F07010000000000FFFFFFFF0000A5
:10DBA0000000000000FFFFFFFF0000000000FFFF7B
:10DBB000FFFF07070707070F7FFEFCF0C00000000C
:10DBC00000000080808080808080808000000000D5
:10DBD0000000000000000000000000000000000045
:10DBE000000000000000000000007FFFFFFFF0F0D9
:10DBF000F0F0F0F0F0F0F060000000000000FFFF37
:10DC0000FFFF3C3C3C3C3C3C3C3C3C0000000000FA
:10DC10000000FFFFFFFF07070707070707070707C2
:10DC20000000000000000080808080808080808074
:10DC300080808080000000000000000000000000E4
:10DC400000000000000000000000000000007FFF56
:10DC5000FFFFF0F0F0F0F0F0F0F0600000000000E6
:10DC60000000FFFFFFFF3C3C3C3C3C3C3C180000FC
:10DC7000000000000000FFFFFFFF000000000000A8
:10DC80000000000000000000000000808000000094
:10DC90000000000000000000000000000000000084
:10DCA0000000000000000000000000000000000074
:10DCB0000000071F3F3F7C78F0F0F0F0F8FC7E7F1B
:10DCC0003F0F000000FFFFFFFF0000000000060FF5
:10DCD0000F0F0F0F8F0F07000080F0FCFE7F1F0F4C
:10DCE00007070707070F0FFFFEFCF8000000000002
:10DCF00000000080808080808080000000000000A4
:10DD00000000000000000000000000000000000013
:10DD10000000000000007FFFFF7F00000000000007
:10DD2000007FFFFF7F0000000000FFFFFFFF3C3C83
:10DD30003C3C3C3C3CFFFFFFFF0000000000FFFFBD
:10DD4000FFFF00000000000000FFFFFFFF000000D9
:10DD500000000080800000000000000000008080C3
:10DD600000000000000000000000000000000000B3
:10DD7000000000000000000000007FFFFF7F0000A7
:10DD80000000000000000000000000000000FFFF95
:10DD9000FFFF000000000000000000000000000085
:10DDA0000000FFFFFFFF0000000000000000000077
:10DDB0000000000000000080800000000000000063
:10DDC0000000000000000000000000000000000053
:10DDD0000000000000000000000000000000000043
:10DDE00000000000007FFFFF7F0000000000000037
:10DDF000000101000000000000FFFFFFFF00000025
:10DE00000000000000F8FEFF1F0707070FFFFFFEDE
:10DE1000F000000000000000000000008080808012
:10DE20008000000000000000000000000000000072
:10DE300000000000000000000000000000000000E2
:10DE400000007FFFFF7F00000003070F3F7EFCF80C
:10DE5000600000000000FFFFFFFF3F7EFCFCFFFFB3
:10DE60008F030000000000000000FFFFFFFF000024
:10DE7000000000C0F0FEFF3F0F0300000000008024
:10DE80008000000000000000000000808000000012
:10DE90000000000000000000000000000000000082
:10DEA0000000000000007FFFFF7F00000000000076
:10DEB00000000000000000000000FFFFFFFF000066
:10DEC0000000000000000000000000000000FFFF54
:10DED000FFFF070707070707070707000000000005
:10DEE0000000008080808080808080808080800032
:10DEF0000000000000000000000000000000000022
:10DF00000000000000000000007FFFFFFFFFFF1F78
:10DF1000000000000F7FFFFFFFFF7F0000FFFFFFFB
:10DF2000FF00FCFF7F03037FFFFC00FFFFFFFF00FC
:10DF300000FFFFFFFF0000F0FFFFFFFFF00000FF0A
:10DF4000FFFFFF00000080800000000000808000D4
:10DF500000000000808000000000000000000000C1
:10DF600000000000000000000000000000007FFF33
:10DF7000FFFF3F0F03000000007FFFFF7F00000056
:10DF80000000FFFFFFFF80F0FC7F1F0700FFFFFF87
:10DF9000FF0000000000FFFFFFFF00000080E0F82E
:10DFA000FEFFFFFFFF000000000000808000000077
:10DFB00000000000008080800000000000000000E1
:10DFC0000000000000000000000000000000000051
:10DFD0000000071F3F7F7CF8F0F0F0F0F87C7F3FF7
:10DFE0001F07000000FFFFFFFF000000000000000F
:10DFF000000000FFFFFFFF000080F0FCFE7F1F0F0E
:10E00000070707070F1F7FFEFCF0800000000000DD
:10E010000000008080808080800000000000000000
:10E0200000000000000000000000000000000000F0
:10E030000000000000007FFFFFFFF0F0F0F0F0F8BC
:10E040007F7F3F0F000000000000FFFFFFFF1E1E4C
:10E050001E1E1E3EFCFCF8E0000000000000FFFF5A
:10E06000FFFF0000000000000000000000000000B2
:10E0700000000080800000000000000000000000A0
:10E080000000000000000000000000000000000090
:10E0900000000000000000000000071F3F7F7CF828
:10E0A000F0F0F0F0F87C7F3F1F07000000FFFFFF5B
:10E0B000FF00000000000000000000FFFFFFFF0065
:10E0C0000080F0FCFE7F1F0F07E7E7773F1F7FFF11
:10E0D000FFF381000000000000000080808080804D
:10E0E00080000080C0C0E0C0000000000000000010
:10E0F00000000000000000000000000000007FFFA2
:10E10000FFFFF0F0F0F0F0F0F87F7F3F0F0000002D
:10E110000000FFFFFFFF1C1C1C1E1F1F3BF9F0F03F
:10E12000C00000000000FFFFFFFF0000000080E0D3
:10E13000F8FEFF3F0F00000000000080800000009C
:10E14000000000000000808080000000000000004F
:10E1500000000000000000000000000000000000BF
:10E16000000F3F7F7FF0E0E0E0E0F07C7F3F1E00AB
:10E170000000000000C0E0F0F8F87C7C7C3E3E1F10
:10E180001F0F07030000000000F8FEFF3F07030316
:10E190000303070FFFFEFCF8000000000000000072
:10E1A00000808080808080800000000000000000EF
:10E1B000000000000000000000000000000000005F
:10E1C0000000000060F0F0F0F0F0FFFFFFFFF0F063
:10E1D000F0F0F06000000000000000000000FFFF11
:10E1E000FFFF000000000000000000000000000031
:10E1F0000000FFFFFFFF0000000000000000000023
:10E20000000000000000008080000000000000000E
:10E2100000000000000000000000000000000000FE
:10E22000000000000000000000007FFFFF7F0000F2
:10E2300000000000007FFFFF7F0000000000FFFFE4
:10E24000FFFF00000000000000FFFFFFFF000000D4
:10E250000000F0FCFEFF1F0F0707070F1FFFFEFC6B
:10E26000E0000000000000000000808080808080CE
:10E27000000000000000000000000000000000009E
:10E280000000000000000000000000000078FFFF18
:10E290003F03000000000000033FFFFF7800000084
:10E2A000000000F0FFFF3F030000033FFFFEF0000F
:10E2B000000000000000000000E0FEFF3F3FFFFE06
:10E2C000E00000000000000000000000000000006E
:10E2D000808000000000000000000000000000003E
:10E2E000000000000000000000000000000000002E
:10E2F0007CFF7F010000001FFFFCFF1F00000001EA
:10E300007FFFFC0000F8FFFF03017FFFF000F0FF3C
:10E310007F0103FFFFF800000000E0FFFFFFFEC0E9
:10E32000000000C0FEFFFFFFE00000000000000052
:10E3300080800000000000000080800000000000DD
:10E3400000000000000000000000000000000000CD
:10E350000000000000F8FE7F1F070000030F3FFFD2
:10E36000FC6000000000000000000081F7FFFFFFDC
:10E37000FFF7C1000000000000000000071F7FFE43
:10E38000F8E08080E0F8FE7F1F070000000000003A
:10E3900080808000000000000000008080000000FD
:10E3A000000000000000000000000000000000006D
:10E3B000000000000000000000F8FE7F1F070100C1
:10E3C0000001071F7FFEF820000000000000008011
:10E3D000E0F8FF7F7FFFF8E0800000000000000011
:10E3E000000000000000FFFFFFFF00000000000031
:10E3F000000000000000000000000080800000001D
:10E40000000000000000000000000000000000000C
:10E4100000000000000000000000000000F0F0F02C
:10E42000F0F0F0F0F0F3FFFFFFFE780000000000D6
:10E4300000000000030F1F7FFEF8F0C00000000086
:10E44000000000000F1F7FFFFFF7C7070707070740
:10E450000707070700000000008080808080808020
:10E4600080808080808080800000000000000000AC
:10E47000000000000000000000000000000000009C
:10E48000007FFFFFE0E0E00000000000000000006F
:10E490000000000000FFFFFF00000000000000007F
:10E4A000000000000000000000FFFFFF000000006F
:10E4B00000000000000000000000000000FCFEFE64
:10E4C0000E0E0E0000000000000000000000000022
:10E4D000000000000000000000000000000000003C
:10E4E00000000000E0FF3F0000000000000000000E
:10E4F000000000000000000000C0FF7F00000000DE
:10E50000000000000000000000000000000080FE8D
:10E51000FF030000000000000000000000000000F9
:10E52000000000008000000000000000000000006B
:10E5300000000000000000000000000000000000DB
:10E540000000000000000000E0E0E0FFFF7F0000AE
:10E55000000000000000000000000000000000FFBC
:10E56000FFFF0000000000000000000000000000AD
:10E57000000000FFFFFF000000000000000000009E
:10E58000000000000E0E0EFEFEFC00000000000069
:10E59000000000000000000000000000000000007B
:10E5A0000000000000000000000000000000000764
:10E5B0003FFFFC7F0F000000000000000000000093
:10E5C000000878F8E00000C0F8F81800000000002B
:10E5D000000000000000000000000000000000003B
:10E5E000000000000000000000000000000000002B
:10E5F000000000000000000000000000000000001B
:10E60000000000000000000000000000000000000A
:10E6100000000000000000000000000000000000FA
:10E6200000000000000000000000000000000000EA
:10E6300000000000000000000000000000000000DA
:10E640000000000000000000000000000C0C0C0C9A
:10E650000C0C0C0C0C0C0C00000000000000000066
:10E6600000000000000000000000000000000000AA
:10E670000000000000C0E0F81800000000000000EA
:10E68000000000000000000000000000000000008A
:10E69000000000000000000000000000000000007A
:10E6A000000000000000000000000000000000006A
:10E6B000000000000000000000000000000000005A
:10E6C000000000000000000000000000000000004A
:10E6D0000000000000000000000000000001010137
:10E6E000010101000000000000000000000078F8B7
:10E6F000F1E1C3C3C3E7FFFFFF3F000000000000DC
:10E70000003CFFFFFFC78383870EFEFFFFFF030070
:10E710000000000000000080808080800000000079
:10E7200080800000000000000000000000000000E9
:10E73000000000000000000000000000007FFFFF5C
:10E740007F00000101010101000000000000000045
:10E7500000FFFFFFFF78E0C0C0E0F0FFFF7F0F0089
:10E760000000000000FFFFFFFF1E070303070FFF6D
:10E77000FFFCF0000000000000008080000000802E
:10E780008080800000000000000000000000000009
:10E790000000000000000000000000000000000079
:10E7A0000000000000000101010101000000000064
:10E7B0000000000000073F7FFFF8E0C0C0C0E0F8A5
:10E7C0007C3800000000000000F0FCFEFF1F070383
:10E7D0000303071F3E3C0000000000000000000093
:10E7E00000008080808080000000000000000000A9
:10E7F0000000000000000000000000000000000019
:10E8000000000000000000000101010100007FFF86
:10E81000FF7F000000000000001F7FFFFFF0C0C06E
:10E82000E078FFFFFFFF00000000000000F0FEFFA7
:10E83000FF0F0303071EFFFFFFFF000000000000A3
:10E8400000000000808080800000008080000000C8
:10E8500000000000000000000000000000000000B8
:10E8600000000000000000000000000000000101A6
:10E87000010101000000000000000000000F3F7FC8
:10E88000FFF3C3C3C3C3F3FF7F1F000000000000FA
:10E8900000F0FCFEFF8F87838383878F9E9C0000A0
:10E8A00000000000000000000000808080808000E8
:10E8B0000000000000000000000000000000000058
:10E8C00000000000000000000000000001013F7F88
:10E8D000FFFFE1E1E0600000000000000000000038
:10E8E000C0C0FFFFFFFFC0C08000000000000000AC
:10E8F000000000000000FFFFFFFF0000000000001C
:10E900000000000000000000000000808000000007
:10E9100000000000000000000000000000000000F7
:10E9200000000000000000000000000000000000E7
:10E9300000000000010101010000000101000000D1
:10E9400000000000000F7FFFFFF0C0C0C070FFFF9D
:10E95000FFFF00000000000000F0FEFFFF0F0303B8
:10E96000030EFFFFFFFF00000000000000003C3E20
:10E97000BE8F8787070FFEFEFCF00000000000003E
:10E980000000000000000000000000000000000087
:10E9900000000000007FFFFF7F0000010101010077
:10E9A000000000000000000000FFFFFFFF70C0C07B
:10E9B000C0E0FFFFFF3F00000000000000FFFFFF7E
:10E9C000FF0000000000FFFFFFFF0000000000004C
:10E9D0000000808000000000000000808000000037
:10E9E0000000000000000000000000000000000027
:10E9F00000000000000000000060F1F16000000075
:10EA000000000000000000000000000000FFFFFF09
:10EA1000FF000000000000000000000000000000F7
:10EA200000FFFFFFFF0000000000000000000000EA
:10EA300000000000000080800000000000000000D6
:10EA400000000000000000000000000000000000C6
:10EA50000000000000000000000000000060F1F174
:10EA60006000000000000000000000000000000046
:10EA700000FFFFFFFF00000000000000000000009A
:10EA80000000000000FFFFFFFF000000000000008A
:10EA900000000000000000000FFFFFFEF800000073
:10EAA0000000000000000000000000000000000066
:10EAB0000000000000000000000000000000000056
:10EAC00000007FFFFF7F0000000000010100000048
:10EAD000000000000000FFFFFFFF070F3F7FF9F07D
:10EAE000E0000000000000000000FFFFFFFFE080EA
:10EAF000C0F8FE7F1F07000000000000000000803B
:10EB00008000000000000000808000000000000085
:10EB100000000000000000000000000000000000F5
:10EB200000000000007FFFFF7F00000000000000E9
:10EB3000000000000000000000FFFFFFFF000000D9
:10EB400000000000000000000000000000FFFFFFC8
:10EB5000FF000000000000000000000000000000B6
:10EB600000008080000000000000000000000000A5
:10EB70000000000000000000000000000000000095
:10EB80000000000000000000000001010000000182
:10EB900001010100000000010101010000FFFFFF71
:10EBA000FFE0C0C0E0FFFFFF7FF0C0C0E0FFFFFF5D
:10EBB00000FFFFFFFF00000000FFFFFFFF0000005D
:10EBC00000FFFFFF00008080000000000000808048
:10EBD0000000000000008080000000000000000035
:10EBE0000000000000000000000000000000010123
:10EBF0000000000101010100000000000000000011
:10EC000000FFFFFFFF70E0C0C0E0FFFFFF3F00001C
:10EC10000000000000FFFFFFFF0000000000FFFFFA
:10EC2000FFFF0000000000000000808000000000E6
:10EC300000000080800000000000000000000000D4
:10EC400000000000000000000000000000000000C4
:10EC500000000000000101010101010000000000AE
:10EC600000000000000F3F7FFFF0E0C0C0E0F0FFB9
:10EC70007F3F0F000000000000F0FCFEFF0F0703C5
:10EC800003070FFFFEFCF000000000000000000082
:10EC90000080808080808000000000000000000074
:10ECA0000000000000000000000000000000000064
:10ECB000000000000000010100000001010101004E
:10ECC000000000000000000000FFFFFFFF78E0C030
:10ECD000C0E0F0FFFF3F0F000000000000FFFFFF5B
:10ECE000FF1E070303070FFFFFFCF00000000000FA
:10ECF00000FEFFFFFE00008080808000000000001A
:10ED00000000000000000000000000000000000003
:10ED100000000000000000000000000001010101EF
:10ED2000000000010100000000000000000F7FFF54
:10ED3000FFF0C0C0E078FFFFFFFF00000000000010
:10ED400000F0FEFFFF0F0303071EFFFFFFFF0000A1
:10ED50000000000000000000808080800000FEFFB6
:10ED6000FFFE0000000000000000000000000000A6
:10ED70000000000000000000000000000000010191
:10ED80000000010101000000000000000000000080
:10ED900000FFFFFFFF78E0E0E0F0E000000000008F
:10EDA0000000000000FFFFFFFF0000000000000067
:10EDB0000000000000000000000080800000000053
:10EDC0000000000000000000000000000000000043
:10EDD0000000000000000000000000000000000033
:10EDE000000000000101010101000000000000001E
:10EDF00000000000003CFFFFFFC7C3C3E3F9F97840
:10EE00000000000000000000001C3F1F8F8383C330
:10EE1000C7FFFFFE7C0000000000000000000000B3
:10EE200080808080808000000000000000000000E2
:10EE300000000000000000000000000000000000D2
:10EE40000000000001017FFFFF7F010100000000C2
:10EE50000000000000000000C0C0FFFFFFFFC0C0B6
:10EE60008000000000000000000000000000FEFF25
:10EE7000FFFF030303030000000000000000000088
:10EE80000000000080808080800000000000000002
:10EE90000000000000000000000000000000000072
:10EEA0000000000000000000000001010000000060
:10EEB00000000001010000000000000000FFFFFF53
:10EEC000FF0000000000FFFFFFFF00000000000047
:10EED00000FCFFFFFF070303070EFFFFFFFF00001B
:10EEE0000000000000000080808080800000008022
:10EEF0008000000000000000000000000000000092
:10EF000000000000000000000000000000000101FF
:10EF100000000000000000010100000000000000EF
:10EF200000E0FEFF3F030000031FFFFCE0000000C5
:10EF300000000000000000C0F8FF3F3FFFF8C000E5
:10EF400000000000000000000000000000008080C1
:10EF500000000000000000000000000000000000B1
:10EF600000000000000000000000000000000000A1
:10EF7000000101010000000000010101000000008B
:10EF80000000010100E0FEFF1F0000033FFFF0FF53
:10EF90003F0300001FFFFEE0000000E0FEFF1FFF38
:10EFA000FC800080FCFF1FFFFEE00000000000006E
:10EFB0000080808000000000008080800000000051
:10EFC0000000000000000000000000000000000041
:10EFD000000000000000010100000000000101002D
:10EFE000000000000000000000C0F0FC7F1F071FB1
:10EFF0007FFCF0C0000000000000000000030F3F95
:10F00000FEF8E0F8FE3F0F030000000000000000E3
:10F0100000808000000000000000808000000000F0
:10F0200000000000000000000000000000000000E0
:10F0300000000000000000000000010100000000CE
:10F0400000000001010000000000000000E0FEFFE1
:10F050003F030000011FFFFEE00000000000000071
:10F06000000000E0FCFF3F3FFFFCE000000000006C
:10F0700000000000000707070FFFFEF8C0000000B7
:10F080000000000000000000000000000000000080
:10F09000000000000000000000000000000101016D
:10F0A0000101010101010101000000000000000058
:10F0B00080C0C0C0C1C3CFFFFFFCF0E00000000073
:10F0C00000000000030F1F7FFFF3E383030303032C
:10F0D00003000000000000000080808080808080AD
:10F0E00080808080800000000000000000000000A0
:10F0F0000000000000000000000000000000000010
:10F100000000003F7FFFF0F0000000000000000062
:10F1100000000000000307FFFEF8000000000000F0
:10F12000000000000000000000C0E0FF7F3F000082
:10F13000000000000000000000000000000000FCD3
:10F14000FEFF0F0F000000000000000000000000A4
:10F1500000000000000000000000000000000000AF
:10F160000000000000FFFFFF0000000000000000A2
:10F17000000000000000000000FFFFFF0000000092
:10F1800000000000000000000000000000FFFFFF82
:10F19000000000000000000000000000000000006F
:10F1A00000FEFFFF00000000000000000000000063
:10F1B000000000000000000000000000000000004F
:10F1C0000000000000000000F0F0FF7F3F000000A2
:10F1D0000000000000000000000000000000F8FE39
:10F1E000FF07030000000000000000000000000016
:10F1F00000001F7FFFE0C0000000000000000000D2
:10F20000000000000F0FFFFEFC00000000000000E7
:10F2100000000000000000000000000000000000EE
:10F2200000000000000000000000000000000000DE
:10F2300000000000000000000000000000000000CE
:10F24000001F3C3C3C3C1E1F0F0F0E3E0000000008
:10F2500000000000000000000000000000000000AE
:10F26000000000000000000000000000000000009E
:10F27000000000000000000000000000140000007A
:10F280000000000014000000140000001400000042
:10F2900028000000140000003C00000014000000E2
:10F2A0005000000014000000640000001400000082
:10F2B00078000000140000008C0000001400000022
:10F2C000A000000014000000B400000014000000C2
:10F2D000C800000014000000DC0000001400000062
:10F2E000F000000014000000040100001400000001
:10F2F00018010000140000002C01000014000000A0
:10F30000400100001400000054010000140000003F
:10F3100068010000140000007C01000014000000DF
:10F320009001000014000000A4010000140000007F
:10F33000B801000014000000CC010000140000001F
:10F34000E001000014000000F401000014000000BF
:10F3500008020000140000001C020000140000005D
:10F3600030020000140000004402000014000000FD
:10F3700058020000140000006C020000140000009D
:10F38000800200001400000094020000140000003D
:10F39000A802000014000000BC02000014000000DD
:10F3A000D002000014000000E4020000140000007D
:10F3B000F8020000140000000C030000140000001C
:10F3C00020030000140000003403000014000000BB
:10F3D00048030000140000005C030000140000005B
:10F3E00070030000140000008403000014000000FB
:10F3F0009803000014000000AC030000140000009B
:10F40000C003000014000000D4030000140000003A
:10F41000E803000014000000FC03000014000000DA
:10F420001004000014000000240400001400000078
:10F4300038040000140000004C0400001400000018
:10F4400060040000140000007404000014000000B8
:10F4500088040000140000009C0400001400000058
:10F46000B004000014000000C404000014000000F8
:10F47000D804000014000000EC0400001400000098
:10F480000005000014000000140500001400000036
:10F4900028050000140000003C05000014000000D6
:10F4A0005005000014000000640500001400000076
:10F4B00078050000140000008C0500001400000016
:10F4C000A005000014000000B405000014000000B6
:10F4D000C805000014000000DC0500001400000056
:10F4E000F0050000140000000406000014000000F5
:10F4F00018060000140000002C0600001400000094
:10F500004006000014000000540600001400000033
:10F5100068060000140000007C06000014000000D3
:10F520009006000014000000A40600001400000073
:10F53000B806000014000000CC0600001400000013
:10F54000E006000014000000F406000014000000B3
:10F5500008070000140000001C0700001400000051
:10F5600030070000140000004407000014000000F1
:10F57000580700000000000000000000000000002C
:10F5800000000000000000000F0F00000000FEFE61
:10F590000000000060600000000F0F00000F0F006F
:10F5A000808000008080000000000000000000005B
:10F5B000010F0E0000030F0E00C6C6DFFFE6C6C631
:10F5C000DFFFE6C6C600E0E0800000E0E0000000EB
:10F5D000000003070E0C1F0C0E0703000000C1E122
:10F5E0006030FF30181F0F00000080C0E060F8603E
:10F5F000E0C08000000003070C080C0703000000B7
:10F6000001070E080000000000C0E0301030E0C329
:10F610000F3C70C78F1810180F0700000000000083
:10F6200060E08000000080C0602060C080000000BA
:10F630000003070C0C0C0C070300000000070F98D8
:10F64000F070387CCE87030E0C000080C0E0606054
:10F650006060C0C080C06000000F0F0000808000AC
:10F660000000000000000003060800003FFFC0008B
:10F6700000000080E0780C02000008060300000093
:10F68000000000C0FF3F0000020C78E08000020292
:10F69000020F0F0202020040C08080C04000000044
:10F6A0000000000000000000000000010100000058
:10F6B00000000018181818FFFF181818180000008C
:10F6C000000000808000000000000000000000003A
:10F6D000000000000000000064780000000000004E
:10F6E0000000000C0C0C0C0C0C00000000000000D2
:10F6F00000000000000000000000000000000060AA
:10F70000600000000000030F0C00073FF8C000601D
:10F71000E0800000000001070E0C0C0C0C06070135
:10F720000000FFFF000000000000FFFF000000C01D
:10F73000C060606060E0C000000000000103030FD3
:10F740000F00000000000080800000FFFF000000AC
:10F7500000000000000000E0E000000000000307DF
:10F760000E0C0C0C0C0E0703000000000103060633
:10F770000C38F0C0000060E0E060606060606060D5
:10F78000000003070E0C0C0C0E0703000000010123
:10F790000000303070D89F0F000080C0E0606060D3
:10F7A00060C0C0000000000000000103070F00005F
:10F7B00000000E1E36E6C606FFFF0606000000002B
:10F7C00000000000E0E00000000000030F0C0C0C43
:10F7D0000C0C0C00000031F1E020606060703F1FF5
:10F7E000000080C0E060606060C0C00000000003F6
:10F7F000070C0C0C0C0E07030000FFFF30206060AC
:10F8000060703F1F00000080C060606060C0C0008A
:10F8100000000C0C0C0C0C0C0D0F0E0C000000006A
:10F8200000071F78E080000000000000E0E000001A
:10F830000000000000000003070C0C0C0C07030084
:10F84000000007CFF830303030F8CF07000080C01C
:10F85000E060606060E0C08000000107060C0C0CF6
:10F860000C0603010000E1F91C0C0C0C0819FFFE4A
:10F87000000080C0E060606060C0800000000000A8
:10F880000000000000C0C000000000606000000038
:10F8900000000000000000C0C0000000006478000C
:10F8A000000000000000000000010103000010380B
:10F8B000286C44C6C68383010000000000000000DD
:10F8C00000000080000000000000000000000000B8
:10F8D0000000C6C6C6C6C6C6C6C6C6C6000000006C
:10F8E0000000000000000000000003010100000013
:10F8F000000000000000018383C6C6446C28381055
:10F90000000080000000000000000000000003076D
:10F910000E0C0C0C0C0E07030000000000000E1E65
:10F920003870E0800000000000006060000000000F
:10F930000000000001030706060C0C0C0C0C0C0E5A
:10F94000060703010000001F7FE0800F3F7060C0CA
:10F95000C0C0613FFCC000C3FF7E000080E0703883
:10F960009CCCEE666666C6E6E6666CCC98302000F7
:10F9700000000000030F0C0F030000000000030F45
:10F980007CFC8C0C8CFC7C0F030060E08000000091
:10F990000000000080E06000000F0F0C0C0C0C0C4D
:10F9A0000E070300000000FFFF303030303070F8E9
:10F9B000CF07000000E0E0606060606060E0C08051
:10F9C0000000000107060E0C0C0C0C0E07030100D2
:10F9D00000FEFF83000000000000000183820000A1
:10F9E0000080C0C0E060606060E0C0800000000097
:10F9F0000F0F0C0C0C0C0C0C06070300000000FF92
:10FA0000FF0000000000000001FFFE000000E0E039
:10FA1000606060606060C0C080000000000F0F0C7C
:10FA20000C0C0C0C0C0C0C0C000000FFFF303030E8
:10FA3000303030303000000000E0E0606060606036
:10FA4000606060600000000F0F0C0C0C0C0C0C0CC4
:10FA50000C000000FFFF303030303030300000004C
:10FA600000E0E000000000000000000000000103D2
:10FA7000060E0C0C0C0C0C0E07030100007CFF831F
:10FA80000000000018181818189F1F0000000080C0
:10FA9000C0C06060606060E0C0C08000000F0F0008
:10FAA000000000000000000F0F0000FFFF303030AA
:10FAB0003030303030FFFF0000E0E0000000000098
:10FAC000000000E0E00000000F0F00000000FFFF5A
:10FAD00000000000E0E00000000000000000000F57
:10FAE0000F000000030300000000FFFF0000008083
:10FAF000C0E06060E0C080000000000F0F00000068
:10FB00000103070E0C08000000FFFF1870F8FC8EC0
:10FB100007030000000000E0E0000000000080C0DB
:10FB2000E0602000000F0F00000000000000000057
:10FB300000FFFF00000000000000000000E0E060A7
:10FB400060606060606000000F0F0E070000000042
:10FB5000000000070E0F0F0000FFFF00C0F81F039A
:10FB600000031FF8C000FFFF0000E0E000000000FD
:10FB7000E060E000000000E0E000000F0F0703007D
:10FB800000000000000F0F0000FFFF0080E0701C6D
:10FB90000E0301FFFF0000E0E00000000000008015
:10FBA000C0E0E00000000103060E0C0C0C0C0E0679
:10FBB0000301000000FEFF830000000000000000C1
:10FBC00083FFFE0000000080C0E060606060E0C075
:10FBD0008000000000000F0F0C0C0C0C0C0C0E072A
:10FBE00003000000FFFF18181818181838F0E0007C
:10FBF0000000E0E000000000000000000000000045
:10FC00000103060E0C0C0C0C0E060703000000FE90
:10FC1000FF83000000000101010083FFFC000000E1
:10FC20000080C0E060606060E0C0E0603000000024
:10FC30000F0F0C0C0C0C0C0C0E070300000000FF47
:10FC4000FF303030303C3F77E1C000000000E0E0A2
:10FC500000000000000080E0E02000000003070634
:10FC60000C0C0C0C0C060703000003C3E1603030E1
:10FC7000303018180F0700000080C0E0606060603E
:10FC800060C0C080000C0C0C0C0C0F0F0C0C0C0C8A
:10FC90000C0000000000FFFF00000000000000005A
:10FCA0000000E0E00000000000000F0F0000000076
:10FCB000000000000F0F0000FFFF01000000000027
:10FCC0000001FFFF00000080C0E060606060E0C0F5
:10FCD0008000000C0F0700000000000000070F0C60
:10FCE0000080F0FE1F0300031FFEF08000000000F4
:10FCF00000C0E060E0C0000000000C0F0300000046
:10FD00000000030F0C0F030000000000030F0C00A5
:10FD1000C0F87F0700073FF8C00080F83F070007E2
:10FD20007FF8C00000000080E060E080000000007C
:10FD30000080E060E08000000000080C0E07010079
:10FD40000001070E0C08000000000387DE787CDE4F
:10FD500087030000002060E0C0000000000000C039
:10FD6000E06020080C0F03010000000001030F0CED
:10FD70000800000080C0F03F3FF0C080000000009D
:10FD80000000000000E0E0000000000000000C0C9B
:10FD90000C0C0C0C0C0D0F0E0C00000001070E18C3
:10FDA00030E0C00000000060E0E060606060606023
:10FDB00060606000000F0F0C0C0000FFFF000000EF
:10FDC00000FEFE0606000C0F0300000000C0F83F16
:10FDD000070000000080E060000C0C0F0F00000026
:10FDE00000FFFF00000606FEFE000000070F0F07E1
:10FDF000000010F0E00000E0F01000000000000043
:10FE000000000000000000000000000000000000F2
:10FE100000000000000000000000060606060606BE
:10FE200006060606060600080C0600000000000094
:10FE300000000000000000000000000000000000C2
:10FE400000000000000000006367C6C6CCCCCCFFF9
:10FE50007F000000C0E060606060C0C0E020000083
:10FE60000F0F000000000000000000FFFF60C0C096
:10FE7000C0E07F1F0000E0E0C0606060E0C0000004
:10FE80000000000000000000000000001F7F60C0B4
:10FE9000C0C0E07131000000C0E0606060E0C08080
:10FEA0000000000000000000000F0F00001F7FE0B6
:10FEB000C0C0C060FFFF000000C0E0606060C0E044
:10FEC000E000000000000000000000000000001F33
:10FED0007F6CCCCCCCCC6C7C1C000000C0C06060C3
:10FEE0006060E0C080000000070F0C0CC0C0FFFF86
:10FEF000C0C00000E0E000000000000000000000C2
:10FF0000000000001F7FE0C0C0C060FFFF00000CC9
:10FF1000CCE6666666CEFCF800000F0F000000001D
:10FF20000000000000FFFF60C0C0C0E07F3F000095
:10FF3000E0E00000000000E0E000000C0C00000029
:10FF4000FFFF000000E0E00000000C0C0000FFFFDD
:10FF50000006FEFC00000F0F000000000000000083
:10FF6000FFFF0C1C3E77E1C08000E0E00000008055
:10FF7000E0E020000F0F0000FFFF0000E0E00000C5
:10FF80000000000000000000000000000000000071
:10FF9000FFFF60C0C0C0FF3F60C0C0C0FF7F000067
:10FFA000E0E000000000E0E000000000E0E0000011
:10FFB0000000000000000000000000FFFF60C0C063
:10FFC000C0E07F3F0000E0E00000000000E0E00053
:10FFD000000000000000000000000000001F7F6023
:10FFE000C0C0C0C0607F1F000000C0C06060606013
:10FFF000C0C0000000000000000000000000000081
:020000040801F1
:10000000FFFF60C0C0C0E07F1F0000FEFEC0606058
:1000100060E0C000000000000000000000000000E0
:10002000001F7FE0C0C0C060FFFF000000C0E060B4
:100030006060C0FEFE000000000000000000FFFF46
:1000400060C0C0C000E0E000000000000000000050
:1000500000000000000000387CCCCCCCC6C6672372
:10006000000080C06060606060C0800000070F001A
:100070000000C0FFFFC0C00000C0E06060000000E2
:1000800000000000000000000000FFFF0000000072
:1000900000FFFF000080C0E0606060C0E0E00000A2
:1000A00000000000000000000000C0F03C0F030052
:1000B000030F3CF0C000000000C0E0C000000000E2
:1000C000000000000000000000000000000000C070
:1000D000F81E07000F7EE07E0F00071EF8C000002C
:1000E00000C0E0E0000000E0E0C000000000000010
:1000F0000000000000000080C0F13B0E0E3BF1C08C
:10010000802060E080000080E060200000000000AF
:1001100000000000000000C0F83E0F01033FFCC0DB
:1001200000000606068EFCF08000000000000000C3
:10013000000000000000C1C3C7CEDCF8F0E0E0E042
:10014000E06060606060600000070F0C0C000C1E37
:10015000FFF10000000000FCFE06060000000F0F8B
:1001600000000000FFFF00000000FFFF0000000C87
:100170000C0F070000000000F3FF1E0C000606FE37
:10018000FC00000000000000000000000000000073
:100190001830303018180C0C0C180000000000004B
:1001A0000000000000000000060000000000000049
:1001B0000600000006000000070000000C00000020
:1001C0000C000000130000000C0000001F000000E5
:1001D000130000002B0000000E0000003E00000095
:1001E000040000004C000000070000005000000068
:1001F0000700000057000000080000005E0000003B
:100200000C00000066000000060000007200000004
:100210000700000078000000060000007F000000DA
:1002200006000000850000000C0000008B000000AC
:100230000C000000970000000C000000A30000006C
:100240000C000000AF0000000C000000BB0000002C
:100250000C000000C70000000C000000D3000000EC
:100260000C000000DF0000000C000000EB000000AC
:100270000C000000F7000000060000000301000071
:1002800006000000090100000C0000000F01000042
:100290000C0000001B0100000C0000002701000002
:1002A0000C00000033010000150000003F010000B9
:1002B0000D000000540100000E000000610100006C
:1002C0000F0000006F0100000F0000007E01000021
:1002D0000E0000008D0100000D0000009B010000D9
:1002E00010000000A80100000E000000B80100008E
:1002F00006000000C60100000B000000CC01000059
:100300000E000000D70100000C000000E501000015
:1003100011000000F10100000E00000002020000C8
:1003200010000000100200000E000000200200007B
:10033000100000002E0200000F0000003E0200002E
:100340000E0000004D0200000C0000005B020000E7
:100350000E000000670200000D00000075020000A2
:1003600015000000820200000E000000970200004D
:100370000E000000A50200000D000000B302000006
:1003800006000000C002000006000000C6020000D7
:1003900006000000CC02000008000000D2020000AD
:1003A0000C000000DA02000007000000E602000076
:1003B0000C000000ED0200000B000000F90200003C
:1003C0000B000000040300000B0000000F030000FE
:1003D0000C0000001A0300000600000026030000C5
:1003E0000B0000002C0300000B000000370300008E
:1003F0000500000042030000040000004703000065
:100400000A0000004B030000040000005503000038
:1004100010000000590300000B00000069030000F9
:100420000C000000740300000B00000080030000BB
:100430000B0000008B030000070000009603000083
:100440000B0000009D03000006000000A803000050
:100450000B000000AE0300000B000000B903000019
:100460000F000000C40300000A000000D3030000D6
:100470000B000000DD03000009000000E80300009D
:1004800007000000F103000006000000F803000070
:1004900007000000FE0300000C000000050400003F
:1004A000000000000000000000000000000000004C
:1004B000000000000000000000000000000000003C
:1004C000000000000000000000000000000000002C
:1004D0000000000000000101010000000000000019
:1004E00000FFFFFF0000000000000000E0FFE00050
:1004F0000000000000000007C70700000000000027
:1005000000000000000000000000010101000000E8
:10051000010101000000FEFFFE000000FEFFFE00E2
:1005200000000000000000000000000000000000CB
:1005300000000000000000000000000000000000BB
:1005400000000000000000000000000001010100A8
:1005500000000001010100000003030303037FFF0B
:10056000FFC30303037FFFFF830300008383839F95
:10057000FFFFF38383839FFFFFF383838300008068
:1005800083FFFFFC80808087FFFFFC80808080806D
:10059000000000000000000000000000000000005B
:1005A0000000000000000000000001010303010141
:1005B0000000000000000000001F7FFFE1C0C0FF3E
:1005C000FFC0C0E0F87818000000000000C0C0E0E4
:1005D000E070FFFF3838381C1F0F03000000607800
:1005E0007C1E0E0707FFFF07070E1EFCF8E0000049
:1005F0000000000000000000E0E00000000000003B
:1006000000000000000000000101010101000000E5
:1006100000000000000000000101010000000000D7
:10062000000000001F7FFFE0808080E0FF7F1F0050
:10063000000000030F3FFCF0C000000000000000BD
:1006400000000080E0F07818181838F0E081071FEB
:100650007EF8E0830F1F3C3030303C1F0F0300005A
:100660000000000000000000030F1F7CF0E080008D
:100670000000F0FCFE0F03030307FEFCF000000087
:10068000000000000000000000000000000000006A
:10069000000000000000000000000000000000005A
:1006A0000000000000000101010101000000000045
:1006B000000000000000000000003E7FFFE3C0C01B
:1006C000C1E3FF7F3E0000000000000000000307C0
:1006D0000F1E38F8F0F0F8FEDF870301010307076B
:1006E0000600000000E0F8FC3E0E07070707070FB2
:1006F0008EDEFCF8FCFE0F06040000000000000087
:1007000000000000000000000000000000000000E9
:1007100000000001010100000000FEFFFE000000DB
:1007200000000000000000000000000000000000C9
:1007300000000000000000000000000001010000B7
:1007400000000001071F7CF0C000000000003FFF18
:10075000FFC00000000000000000F0FEFF0F0000DE
:10076000000000000000000080E0F83C0E020000E5
:10077000000001010000000000000000000000C0B7
:10078000F07C1F0701000000000000000000C0FF17
:10079000FF3F00000000000000000FFFFEF000001F
:1007A0000000020E3CF8E0800000000000000000A5
:1007B00000000101010000000000001030393B1F63
:1007C000FFFCFF1F3B39301000000080C08000009C
:1007D0000080C08000000000000000000000000059
:1007E0000000000000000000000000000000000009
:1007F00000000000000000000000000000000000F9
:100800000000000000000000000000000000001FC9
:100810001F1F0000000000000000000038383838BA
:10082000383838FFFFFF383838383838380000009B
:1008300000000000000000F0F0F0000000000000E8
:1008400000000000000000000000000000000000A8
:100850000000000000000000000000000000000098
:100860000000000000000000000000000000000088
:100870000000000000000007070700000000000063
:100880000008F8E000000000000000000000000088
:100890000000000000000000000000000000000058
:1008A0000007070707070707070707000000000002
:1008B0000000000000000000000000000000000038
:1008C0000000000000000000000000000000000028
:1008D0000000000000000000000000000000000018
:1008E00000000000000707070000000000000000F3
:1008F00000000000000000000000000000010101F5
:1009000000000000000F7FFFF0800000011FFFFECD
:10091000F0000000031FFFFCE000000000000000EA
:1009200000000000000000000000000000000101C5
:10093000010101010100000000000000031F7FFC15
:10094000F0E0C0C0C0C0C0E0F0FC7F1F030000FFAB
:10095000FFFF0000000000000000000000FFFFFF9C
:10096000000080F0FC7E1E0F07070707070F1E7EA2
:10097000FCF080000000000000000000000000000B
:100980000000000000000000000000000000000067
:1009900000010100000000000000000000070F0E31
:1009A0001C3C78FFFFFF000000000000000000007A
:1009B000000000000000FFFFFF000000000000003A
:1009C000000000000000000000FFFFFF000000002A
:1009D0000000000000000000000000000000000017
:1009E0000000000000000000000000000101010103
:1009F000010101000000000000000C3C7CF0E0E080
:100A0000C0C0C0C0C0E0E0F07F3F1F000000000099
:100A1000000000010103070F1E3CF8F0C080000039
:100A2000030F1F3F77F7E7C7870707070707070782
:100A300007000000000000000000000000000000AF
:100A400000000000000000000000000101010101A1
:100A50000100000000000000000C3C7CF8E0E0C059
:100A6000C0C0C0C0E0F17F7F1E0000000000000099
:100A7000000030707070F0F0F8FC9F0F070000600D
:100A8000787C3E0E0707070707070F0E3EFCF8E0CD
:100A90000000000000000000000000000000000056
:100AA0000000000000000000000000000000000046
:100AB000000101000000000000000000000003072A
:100AC0000F3E7CFFFFFF000000000003070F3F7D8B
:100AD000F1E1C1010101FFFFFF0101010000C0C000
:100AE000C0C0C0C0C0C0C0C0C0FFFFFFC0C0C00009
:100AF00000000000000000000000000000000000F6
:100B000000000000000000010101010101010101DC
:100B10000101010100000000077FFFF8C0C1C1C151
:100B2000C1C1C1C0C0C0C000000030F0F0E0E0C0F2
:100B3000C0C0C0C0C0E0E0F87F3F0F000060787C1C
:100B40001E0E0707070707070E0E3CFCF0C000004B
:100B50000000000000000000000000000000000095
:100B6000000000000000000000010101010101007F
:100B7000000000000000010F3F7EF8E0E0C0C0C0B0
:100B8000C0C0E0F87C3C0C0000FFFFFF1C30706030
:100B9000E0E0E0E0F070783F1F07000080F0F83CF4
:100BA0001E0E07070707070F0E3EFCF8E0000000C7
:100BB0000000000000000000000000000000000035
:100BC0000000010101010101010101010101010117
:100BD0000101010000C0C0C0C0C0C0C0C0C0C0C3CF
:100BE000C7CEDCF0E0C00000000000000000071FDE
:100BF0007FF8E08000000000000000000000000F0F
:100C0000FFFFF000000000000000000000000000F6
:100C100000000000000000000000000000000000D4
:100C200000000000000001010101010101000000BD
:100C300000000000001F7FFFF1E0C0C0C0C0C0E0A6
:100C4000F17F7F1F000000030F9FDCF8F0707070D1
:100C50007070F8F8DC9F0F030000E0F8FC1E0E0F28
:100C60000707070707070E1EFCF8E000000000005A
:100C70000000000000000000000000000000000074
:100C8000000000000001010101010101000000005D
:100C90000000000F3F7FF8E0E0C0C0C0C0C0E0E04F
:100CA000F87F1F030000C0F0F83C1C1E0E0E0E0E55
:100CB0000C1C1870FFFFFF000060787C1E0E0707F9
:100CC0000707070F0E1EFCF8E00000000000000000
:100CD0000000000000000000000000000000000014
:100CE00000000000000000000000000303030000FB
:100CF000000000000080808000000000000000076D
:100D000007070000000000000000000000000000D5
:100D100000000000000000000000000000030303CA
:100D20000000000000000080808000000000000043
:100D3000000707070000000000000008F8E00000BE
:100D400000000000000000000000000000000000A3
:100D50000000000000000000000000000000010191
:100D600003030707060E0E1C00000000387C7CEE13
:100D7000EEC6C7C783830101000000000000000029
:100D800000000000000000008080C0C0C0E0E070F3
:100D90000000000000000000000000000000000053
:100DA0000000000000000000000000000000000043
:100DB0000000000000000000000000000303030327
:100DC00003030303030303030303030300000000FF
:100DD00083838383838383838383838383838383E3
:100DE0000000000080808080808080808080808003
:100DF00080808080000000000000000000000000F3
:100E000000000000000000000000000000000000E2
:100E100000000000000000000000000000000000D2
:100E20001C0E0E060707030301010000000000006E
:100E3000000000000000000001018383C7C7C6EE68
:100E4000EE7C7C380000000070E0E0C0C0C0808014
:100E50000000000000000000000000000000000092
:100E60000000000000000000000000000000000082
:100E7000000000000101010101010100000000006B
:100E80000000000C3C7CF0E0C0C0C0C0C0E0F17FBE
:100E90007F1F000000000000000000030F1F3E78CD
:100EA000F0E0C08000000000000000000000C7C7A4
:100EB000C70000000000000000000000000000006B
:100EC0000000000000000000000000000000000022
:100ED000000000000000000000000001010101010D
:100EE00001010101000000000000000000000000FE
:100EF000000000000001070F1E3C7870F0E0E1E305
:100F0000C3C3C3C3C1C1C0E0E3E3F3787C3E1F0F9A
:100F1000030000000000000F7FFFF08000071F3F6C
:100F2000FCF0E0C080808080C0E0FFFFFFF80000A0
:100F3000000081FFFFFF0000000000F0FEFF0F0334
:100F400001E0F8FE1E0F070707070E1E3CFEFFFF1D
:100F500087070F0E1E7CF8F0C101010000000000A1
:100F60000080C0E0F07078383C1C1C1E0E0E0E0E87
:100F70000E0E0E0E0E1C1C1C387870E0C080000097
:100F8000000000000000000000000101010101005C
:100F90000000000000000000000000000000010F41
:100FA0003FFEF8C0F8FE3F0F010000000000000007
:100FB0000000010F7FFFF7C70707070707C7F7FF05
:100FC0007F0F01000000030F7FFEF0C00000000053
:100FD00000000000000000C0F0FE7F0F03000000D2
:100FE0000000000000000000000000000000000001
:100FF00000000000000000010101010101010101E8
:101000000101010100000000000000000000FFFFDE
:10101000FFC0C0C0C0C0C0C0C0C0E0F1FF7F1E00A4
:101020000000000000FFFFFF707070707070707043
:1010300070F0F8FC9F0F030000000000FFFFFF07A7
:101040000707070707070707070E1EFCF8E0000061
:101050000000000000000000000000000000000090
:101060000000000000000000000000000000000080
:101070000101010101010100000000000000000069
:101080000000010F1F3F78F0E0E0C0C0C0C0C0E02A
:10109000E0F07C3E1E040000000000FEFFFF0100A7
:1010A000000000000000000000000000000101003E
:1010B0000000000000C0F0F83C1E0E0F07070707F5
:1010C00007070F1E3E7CF8F08000000000000000C3
:1010D0000000000000000000000000000000000010
:1010E00000000000000000010101010101010101F7
:1010F00001010101000000000000000000000000EC
:10110000FFFFFFC0C0C0C0C0C0C0C0C0C0E0F0781A
:101110007E1F0F010000000000FFFFFF0000000025
:1011200000000000000000000000FFFFFF000000C2
:101130000000FFFFFF0707070707070707070F0E56
:101140001E3CFCF0E0000000000000000000000079
:10115000000000000000000000000000000000008F
:101160000000000001010101010101010101010173
:101170000101010101000000000000FFFFFFC0C0ED
:10118000C0C0C0C0C0C0C0C0C0C0C0C0000000005F
:101190000000FFFFFF3838383838383838383838EA
:1011A000383800000000000000FFFFFF07070707B6
:1011B00007070707070707070707070000000000E2
:1011C000000000000000000000000000000000001F
:1011D0000000000000000001010101010101010106
:1011E000010101010101010000000000FFFFFFC03B
:1011F000C0C0C0C0C0C0C0C0C0C0C0C000000000EF
:1012000000FFFFFF38383838383838383838380079
:10121000000000000000FFFFFF00000000000000D1
:1012200000000000000000000000000000000000BE
:1012300000000000000000000000000000000000AE
:101240000000000000000001010101010101010096
:101250000000000000000000000000071F3F7C703D
:10126000F0E0E0C0C0C0C0C0C0C0E0E0F07C3E1E06
:101270000000000000FEFFFF010000000000000071
:10128000001C1C1C1C1C1C1C1C1F1F1F0000000021
:1012900000C0F0F87C1C1E0E0E07070707070707A3
:1012A0000F0E1E1CFCF8F8000000000000000000FB
:1012B000000000000000000000000000000000002E
:1012C000000000000000000101010000000000001B
:1012D000000000000000000101010000000000000B
:1012E000FFFFFF0000000000000000000000000001
:1012F000FFFFFF000000000000FFFFFF7070707034
:10130000707070707070707070FFFFFF00000000F0
:101310000000FFFFFF0000000000000000000000D0
:101320000000FFFFFF0000000000000000000000C0
:1013300000000000000000000000000000000000AD
:1013400000000000010101000000000000FFFFFF9D
:10135000000000000000FFFFFF000000000000FF91
:10136000FFFF00000000000000000000000000007F
:10137000000000000000000000000101010000006A
:10138000000000000000000000000000FFFFFF0060
:101390000000000000000000000000000000FFFF4F
:1013A000FF00000000F0FCFE1E0F070707070F1EDE
:1013B000FEFCF00000000000000000000000000043
:1013C000000000000000000000000001010100001A
:1013D0000000000000000000000001010101000009
:1013E0000000FFFFFF000000000103070F1E3C7814
:1013F000F0E0C0800000000000FFFFFF1E3C78F01E
:10140000E0F8FC1E0F0703000000000000000000D1
:10141000FFFFFF000000000000000000C0E0F07CC3
:101420003E0F070300000000000000000000000065
:1014300000000000000000000000000000000101AA
:10144000010000000000000000000000000000009B
:1014500000FFFFFF0000000000000000000000008F
:1014600000000000FFFFFF0000000000000000007F
:1014700000000000000000FFFFFF07070707070745
:101480000707070707070000000000000000000032
:101490000000000000000000000000000001010149
:1014A0000101000000000000000000000000000139
:1014B00001010101000000000000FFFFFFF0FEFF3E
:1014C0000F0100000000000000010F7FFEF0FFFF91
:1014D000FF000000000000FFFFFF0000C0F8FF3F1A
:1014E00003000000031FFFF8C00000FFFFFF000023
:1014F00000000000FFFFFF0000000080F0FE7F0FF3
:101500007FFEF00000000000FFFFFF000000000071
:1015100000000000000000000000000000000000CB
:1015200000000000000000000000000000000101B9
:1015300001010000000000000000000000000101A7
:1015400001000000000000FFFFFFF87C1F0F0301F7
:1015500000000000000000FFFFFF0000000000008E
:10156000FFFFFF00000080E0F87C3F0F0301000058
:10157000FFFFFF000000000000FFFFFF0000000071
:101580000000000080E0F07C3FFFFFFF0000000053
:10159000000000000000000000000000000000004B
:1015A000000000000000000000000000000000003B
:1015B0000000010101010101010000000000000024
:1015C000000000000001071F3F7870E0E0C0C0C0CD
:1015D000C0C0C0C0E0F0707C3F1F070100000000E9
:1015E000FFFFFF01000000000000000000000000FD
:1015F00000000001FFFFFF0000000000C0F0F87CC9
:101600001C1E0E070707070707070E1E1C7CF8F0B5
:10161000C00000000000000000000000000000000A
:1016200000000000000000000000000000000000BA
:10163000000001010101010101010101010101019C
:10164000000000000000000000FFFFFFC0C0C0C09D
:10165000C0C0C0C0C0C0E0F07F3F1F00000000005D
:10166000FFFFFF1C1C1C1C1C1C1C1C1C1C3878F0C5
:10167000E0800000000000FFFFFF0000000000000D
:10168000000000000000000000000000000000005A
:10169000000000000000000000000000000000004A
:1016A0000000000000000000000000000101010136
:1016B0000101000000000000000000000000000127
:1016C000071F3F78F0E0E0C0C0C0C0C0C0E0E0F05D
:1016D000783F1F07010000000000FFFFFF0100002E
:1016E00000000000000000000000000001FFFFFFFC
:1016F000000000000000C0F0F83C1E0E0E070707B7
:101700002777773F3E1E3EFFF7C301010000000030
:1017100000000000000000000000000000000000C9
:101720000000008080C000000000000001010101F5
:10173000010101010101010101010100000000009E
:101740000000000000FFFFFFC0C0C0C0C0C0C0C09C
:10175000C0C0C0E0F0FF7F1F000000000000FFFFDE
:10176000FF3838383838383C3E3F3F7B71F0E0C0B6
:1017700080000000000000FFFFFF000000000000EC
:10178000000000C0E0F8FC3F1F070100000000005F
:101790000000000000000000000000000000000049
:1017A0000000000000000000000000000000010137
:1017B0000101010101000000000000000000000024
:1017C0001F3F7FF1E0C0C0C0C0C0C0E0E0F07C3C83
:1017D0000C00000000000101C1C0E0E070707078F2
:1017E0003838383C1C1E0F070300000000C0F0F81A
:1017F0007C1E0E0F0707070707070F0E1EFCF8E0F9
:1018000000000000000000000000000000000000D8
:1018100000000000000000000000010101010101C2
:10182000010101010101010101010101010000C0EB
:10183000C0C0C0C0C0C0C0FFFFFFC0C0C0C0C0C0EB
:10184000C0C000000000000000000000FFFFFF001B
:101850000000000000000000000000000000000088
:1018600000FFFFFF0000000000000000000000007B
:101870000000000000000000000000000000000068
:101880000000000000010101000000000000000055
:101890000000000000010101000000000000FFFF47
:1018A000FF00000000000000000000000000FFFF3B
:1018B000FF000000000000FFFFFF0000000000002C
:1018C00000000000000000FFFFFF0000000000001B
:1018D000C0F0FC3E1E0E070707070707070E1E7C19
:1018E000FCF0C0000000000000000000000000004C
:1018F00000000000000000000000000000000001E7
:1019000001010000000000000000000000000000D5
:1019100000000001010180E0FCFF1F070000000043
:1019200000000000000000071FFFFCE08000000036
:1019300080E0FCFF1F070000000000071FFFFCE025
:101940008000000000000000000080E0FCFF3F0776
:101950003FFFFCE0800000000000000000000000ED
:101960000000000000000000000000000000000077
:101970000000010101000000000000000000000064
:101980000001010101010000000000000000000052
:1019900000000101010080F8FF7F07000000000047
:1019A000000000073FFFF8C0F8FF3F0700000000FD
:1019B00000000000077FFFF88000000080F8FF7F34
:1019C00007000000031FFFFCE00000000000E0FC37
:1019D000FF1F03000000077FFFF8800000000000E9
:1019E000000080F8FF7F0F7FFFF8C00000000000BC
:1019F0000000000080F8FF7F0F7FFFF880000000EC
:101A000000000000000000000000000000000000D6
:101A100000000000000000000000000000000000C6
:101A200000000000000000010101010000000000B2
:101A30000000000000000000010101010000008022
:101A4000C0F0F83C1F0F03010001030F1F3CF8F02A
:101A5000C0800000000000000000010387DFFEF8E6
:101A6000FEFF8703010000000000000103071F3E86
:101A700078F0E080000000000080E0F0783E1F0772
:101A80000301000000000000000000000000000052
:101A90000000000000000000000101010100000042
:101AA0000000000000000000000000000101010132
:101AB0000080E0F0783E1F070300000000000307ED
:101AC0001F3E78F0E0800000000000000000C0E051
:101AD000F87F1F7FF8E0C000000000000000000059
:101AE0000000000000000000FFFFFF0000000000F9
:101AF00000000000000000000000000000000000E6
:101B000000000000000000000000000000000001D4
:101B100001010101010101010101010101010100B6
:101B200000000000C0C0C0C0C0C0C0C0C1C3CFDF83
:101B3000FEF8F0E00000000000000001030F1F3C71
:101B4000F8F0E08000000000000000000F1F3FFFE1
:101B5000F7C78707070707070707070707070700EC
:101B60000000000000000000000000000000000075
:101B7000000000000000000101010101010100005E
:101B800000FFFFFFC0C0C0C0000000FFFFFF00005B
:101B90000000000000FFFFFF00000000000000FE4A
:101BA000FEFE0E0E0E0E00010101000000000000FE
:101BB0000080F0FF7F0F0000000000000000F0FE3A
:101BC000FF1F0100000000000000E0FCFF1F0300F9
:101BD00000000000000000000000010101010101FF
:101BE00001000000C0C0C0C0FFFFFF0000000000F7
:101BF0000000FFFFFF00000000000000FFFFFF00EB
:101C000000000E0E0E0EFEFEFE00000000000000A2
:101C100000000101010000000000000000000001C0
:101C2000073FFEF0C0F0FE3F07010000000008780B
:101C3000F8F080000000000080F0F8780800000054
:101C40000000000000000000000000000000000094
:101C50000000000000000000000000000000000084
:101C60000000000000000000000000000000000074
:101C70000000000000000000000000000000000064
:101C80000000000000000000000000000000000054
:101C90000000000000000000000000000000000044
:101CA0000000000000000000000000000E0E0E0EFC
:101CB0000E0E0E0E0E0E0E0E0E0E0E0E0E0E0E0052
:101CC0000101010100000000000000000080C0E0F0
:101CD000F010000000000000000000000000000004
:101CE00000000000000000000000000000000000F4
:101CF00000000000000000000000000000000000E4
:101D000000000000000000000000000000000000D3
:101D100001010103030303030303010000000000AA
:101D200030F0F1E1C38383838387C7C7FFFF7F0060
:101D3000000078FEFECF87878787878E0E1CFEFF08
:101D4000FF01000000000000000000000000000093
:101D50000000000000000001010100000000000080
:101D600000000000000000000000FFFFFF00010174
:101D700003030303030101000000000000FFFFFF55
:101D8000F0E0C080808080C0C0F0FF7F1F000000B6
:101D9000FFFFFF3C0E0E070707070F1E3EFCF8C0B3
:101DA0000000000000000000000000000000000033
:101DB0000000000000000000000000000000000023
:101DC0000000000000000000000001010303030305
:101DD0000303010100000000001F7FFFF0C0C0806E
:101DE00080808080C0E0F070300000E0F8FC3E0EA3
:101DF0000F07070707070E1E7C7860000000000031
:101E000000000000000000000000000000000000D2
:101E100000000000000000000000000001010100BF
:101E2000000000000001010303030303010100FFA0
:101E3000FFFF0000000F7FFFF0C0C080808080C0E7
:101E4000C0F0FFFFFF000000C0F8FC3E1E0F0707B8
:101E500007070E0E3CFFFFFF00000000000000001F
:101E60000000000000000000000000000000000072
:101E70000000000000000000000000000000000062
:101E8000000000010103030303030301010000003C
:101E900000001F7FFFE7C7C78787878787C7E7FFE0
:101EA0007F1F0000E0F8FC3E0E0F07070707070E34
:101EB0001E3C382000000000000000000000000070
:101EC000000000000000000000000000010101010E
:101ED000010303037FFFFFE3C3C3C3808080FFFFD1
:101EE000FF80808080000000FFFFFF0000000000F6
:101EF00000000000000000000000000000000000E2
:101F000000000000000000000000000000000000D1
:101F100001010303030303010100030303000000A5
:101F20000F7FFFF0C0C080808080C0C0F0FFFFFF47
:101F3000000000C0F8FC3E0E0F070707070F0E3C1D
:101F4000FFFFFF00000070787C3C1E0E0E0E0E0E90
:101F50000E1C3CF8F0C00000000001010100000070
:101F600000000000000000000000000000FFFFFF74
:101F7000000101030303030303010000000000004C
:101F8000FFFFFFF0C0C080808080C0E0FFFF7F00C7
:101F9000000000FFFFFF000000000000000000FF45
:101FA000FFFF000000000000000000000000000033
:101FB000000000000000000000010101000000001E
:101FC000C3C3C300000000FFFFFF00000000FFFFCD
:101FD000FF000000000000000000000000010101FF
:101FE000000000000000C3C3C3000000000000FFA9
:101FF000FFFF000000000000FFFFFF0000000E0ECA
:102000001EFEFCF0000000000000010101000000C5
:10201000000000000000000000000000FFFFFF00C3
:102020000000000000010303030200000000FFFFA6
:10203000FF0F1E1F3F7BF1E0C0800000000000008A
:10204000FFFFFF000000C0E0F07C3E1F070301001F
:102050000000000000000000000000000000000080
:1020600000000001010100000000FFFFFF00000070
:1020700000FFFFFF00000000FFFFFF000000000066
:102080000000000000000000000000000000000050
:102090000000000000000000000000000000000040
:1020A0000000000303030001010303030303010015
:1020B000000001010303030303010100000000000D
:1020C000FFFFFF70C08080808080C0FFFF7FE0C086
:1020D0008080808080C0FFFF7F00000000FFFFFF46
:1020E0000000000000000000FFFFFF0000000000F3
:1020F000000000FFFFFF00000000000000000000E3
:1021000000000000000000000000000000000000CF
:1021100000000000000000000000000000000000BF
:1021200000000000000000000000030303000101A4
:1021300003030303030301000000000000FFFFFF8F
:10214000F0C0C080808080C0E0FFFF7F0000000002
:10215000FFFFFF000000000000000000FFFFFF0085
:10216000000000000000000000000000000000006F
:10217000000000000000000000000000000000005F
:102180000000000000000000000001010303030341
:102190000303010100000000001F7FFFF0C0C080AA
:1021A000808080C0C0F0FF7F1F0000E0F8FC3E0E82
:1021B0000F070707070F0E3EFCF8E00000000000C5
:1021C000000000000000000000000000000000000F
:1021D00000000000000000000000000000000000FF
:1021E00000000003030300010103030303030101D3
:1021F000000000000000FFFFFF70E0C080808080D2
:10220000C0C0F0FF7F1F000000FFFFFF3C0E0E0765
:102210000707070F0E3EFCF0C0000000FEFEFE00A8
:1022200000000000000000000000000000000000AE
:10223000000000000000000000000000000000009E
:102240000000000001010303030303010100030375
:10225000030000001F7FFFF0C0C080808080C0E0CE
:1022600070FFFFFF000000C0F0FC3E1E0F070707D5
:10227000070E0E3CFFFFFF00000000000000000002
:1022800000000000000000FEFEFE00000000000054
:102290000000000000000000000003030300010331
:1022A000030303030000FFFFFFE0C0808080800085
:1022B0000000FFFFFF000000000000000000000021
:1022C000000000000000000000000000000000000E
:1022D00000000000000000000000000000010103F9
:1022E0000303030303030101000000000078FCFE68
:1022F000CE8F8F8787878783C3E3E3610000003039
:10230000383C1E0E0707878787878FCEFEFCF000BC
:1023100000000000000000000000000000000000BD
:102320000000000000000000000000000303037F25
:102330007FFF03030303808080FFFFFF8080808096
:10234000000000FCFEFF0707070700000000000078
:10235000000000000000000000000000000000007D
:102360000000000000000000000303030000000064
:10237000000000000003030300000000FFFFFF0057
:102380000000000000000000FFFFFF00000000F858
:10239000FCFE1F0F070707070E0C38FFFFFF0000AA
:1023A000000000000000000000000000000000002D
:1023B000000000000000000000000000000000001D
:1023C0000000000002030301000000000000000004
:1023D000000103030200C0F0FE7F0F0100000001B6
:1023E0000F3FFEF0C0000000000080F0FC7F0F7F78
:1023F000FCF0800000000000000000000000000071
:1024000000000000000000000000000000000000CC
:1024100000000000000000000000000000000000BC
:10242000000303030000000000000000030303009A
:102430000000000000000003030380E0FCFF1F0316
:102440000000000FFFFCC0F8FF0F000000031FFF9B
:10245000FCE08000000000E0FC7F0FFFFCC00000FB
:102460000080FCFF0F7FFCE0000000000000000087
:10247000000000000000000000000000000000005C
:10248000000000000000000000000000000000004C
:102490000000000000020303030100000000000030
:1024A00000010303020000C0E0F07C3F0F0F1F7C1F
:1024B000F8F0C080000103071F3EF8F0C0C0F0F83C
:1024C0003E1F0F030100000000000000000000009C
:1024D00000000000000000000000000000000000FC
:1024E00000000000000000020303010000000000E3
:1024F000000001030303000000C0F8FF3F070000D5
:1025000000073FFFFCE000000000000000E0FCFFCF
:102510001FFFFEF0800000000000000E0E0E1E7C6B
:10252000F8F0C00000000000000000000000000003
:102530000000000000000000000000000003030392
:10254000030303030303030303030300000080806A
:1025500080808183878FBEF8F0E0C0800000071F75
:102560003F7FF7E7C7870707070707070700000050
:10257000000000000000000000000000000000005B
:102580000000000000000001010101000000000047
:102590007FFFFFE0C0C0C00007070F1DFDF8E0008F
:1025A00000000000000080C0FFFF3F0000000000AE
:1025B00000000000F0FCFC1E0E0E0E0000000101E9
:1025C00001000000000000FFFFFF0000000000000D
:1025D000FFFFFF000000000000FFFFFF0000000001
:1025E0000000FFFFFF0000000101010100000000EA
:1025F00000000000C0C0C0E0FFFF3F00000000007E
:1026000000000000E0F8FD1D0F07070000000000BB
:102610007FFFFFC0800000000E0E0E1EFCFCF000CD
:1026200000000000000000000000000000000000AA
:10263000000000000000000000000000000000009A
:10264000000000000000000000000000001C3878BE
:1026500070707078383C1C1E0E0E0E1C1C3800006A
:10266000000000000000000000000000000000006A
:10267000000000000000000000000000000000005A
:1026800000000000000000000A0000000000000040
:102690000B0000000A0000000C0000001500000004
:1026A00013000000210000001300000034000000AF
:1026B0001F00000047000000170000006600000037
:1026C000070000007D0000000C00000084000000F6
:1026D0000C000000900000000E0000009C000000B4
:1026E00014000000AA0000000A000000BE00000064
:1026F0000C000000C80000000A000000D400000028
:102700000A000000DE00000013000000E8000000E6
:1027100013000000FB000000130000000E01000089
:10272000130000002101000013000000340100002C
:102730001300000047010000130000005A010000D0
:10274000130000006D010000130000008001000074
:1027500013000000930100000A000000A601000021
:102760000A000000B001000014000000BA010000DF
:1027700014000000CE01000014000000E20100007F
:1027800013000000F6010000240000000902000010
:10279000170000002D020000170000004402000096
:1027A000190000005B020000190000007402000024
:1027B000170000008D02000015000000A4020000B8
:1027C0001B000000B902000019000000D402000044
:1027D00009000000ED02000012000000F6020000F7
:1027E0001700000008030000130000001F03000092
:1027F0001D00000032030000190000004F0300001C
:102800001B000000680300001700000083030000A5
:102810001B0000009A03000019000000B50300002F
:1028200017000000CE03000015000000E5030000C3
:1028300019000000FA030000170000001304000054
:10284000240000002A040000170000004E040000CD
:102850001700000065040000150000007C04000063
:102860000A000000910400000A0000009B04000020
:102870000A000000A504000011000000AF040000E1
:1028800013000000C00400000C000000D30400008E
:1028900012000000DF04000013000000F10400003B
:1028A00012000000040500001300000016050000DF
:1028B00012000000290500000A0000003B0500008E
:1028C000130000004505000013000000580500003B
:1028D000070000006B050000090000007205000001
:1028E000120000007B050000070000008D050000BD
:1028F0001D0000009405000013000000B105000059
:1029000012000000C405000013000000D6050000FE
:1029100013000000E90500000C000000FC050000A9
:1029200012000000080600000A0000001A0600005D
:10293000130000002406000011000000370600000C
:1029400019000000480600001000000061060000A9
:102950001100000071060000110000008206000056
:102960000C00000093060000090000009F06000014
:102970000C000000A806000014000000B4060000CF
:102980000000000000000000001F0000E800001C24
:10299000001C0000000000000202071A02031E02D1
:1029A000004078C04078C0404000000F111F100860
:1029B00000003008FC88F000000E11110E00030C1E
:1029C000100000000000000830C00070888870000F
:1029D00000000E11110E00000000007088884830C1
:1029E00010680800001C0000000000030C1000002C
:1029F000F806010000100C0300000106F800080AA8
:102A00001C0A080000000000000000000000070091
:102A100000000000808080F08080800000000000C6
:102A200000000E00000000000000404040000000D8
:102A30000000000800000000000718000018E00077
:102A40000000000F101010100F0000F00808080818
:102A5000F0000004081F000000000000F800000063
:102A60000008101010100F000008182848880800EF
:102A70000008101111110E00001008080808F000DD
:102A8000000000030C1F00000020E02020F82000C0
:102A900000031D1111111000009008080808F00033
:102AA000000F10111111080000F088080808F0004C
:102AB00000101010131C1000000038C000000000AF
:102AC000000E111111110E0000F008080808F000A6
:102AD000000F101010110F00001088888810E000FF
:102AE000000200000008000000020000000E0000CC
:102AF000000001010202040000804040202010007C
:102B00000002020202020202000040404040404037
:102B1000400000040202010100000010202040409B
:102B20008000000C1010110E0000006880000000F2
:102B3000000106080912121211130804030000F81C
:102B400004F20909091179890A32C4000000000160
:102B50000E100E01000000001860C0404040C06030
:102B60001800001F11111111110E0000F8080808BB
:102B70000808F00000070810101008040000E0101A
:102B8000080808102000001F10101010080700008F
:102B9000F80808080810E000001F111111111111A8
:102BA0000000F808080808080800001F111111119A
:102BB000100000F8000000000000000708101010CE
:102BC0001008040000E0100808888890E000001F4A
:102BD00001010101011F0000F80000000000F800E1
:102BE000001F0000F80000000000001F0000300877
:102BF0000808F000001F000001020408100000F89F
:102C00004080804020100800001F000000000000ED
:102C100000F8080808080800001F0C030000000363
:102C20000C1F0000F80000E018E00000F800001F92
:102C300008060100001F0000F80000806010F80086
:102C40000007081010101008070000E0100808081E
:102C50000810E000001F10101010100F0000F88086
:102C60008080808000000007081010101008070006
:102C700000E0100808282810E800001F10101010AD
:102C8000100F0000F8808080C0B00800000E111105
:102C90001110100C0000300808088888700000101F
:102CA00010101F1010100000000000F800000000BD
:102CB000001F00000000001F0000E01008080810BE
:102CC000E0000018060100000001061800000000E6
:102CD00080601860800000000018070000000F10DE
:102CE0000F000000071800000000E018E0000000DE
:102CF000E018E000000000100C0201020C100000BF
:102D0000083040804030080000100C0300030C1015
:102D10000000000000F80000000000001010111674
:102D2000181000000818688808080800001F100024
:102D300000FF0100001807000000000000E018007C
:102D400000101F000001FF0000000708070000003E
:102D50008000000080000000000000000000000073
:102D60000101010101010100001008000000000044
:102D7000000102020201000030484850F800001F24
:102D8000010202010000F8080808F0000001020238
:102D900002010000F0080808100000010202011FF3
:102DA0000000F0080808F80000010202020100001B
:102DB000F0484848D00000020F12000000F8000060
:102DC0000001020201030000F2090911FE00001FC8
:102DD000010202010000F8000000F80000130000EA
:102DE000F800000013000001FE00001F00000102B7
:102DF0000000F840C0300800001F0000F800000389
:102E000001020201010202010000F8000000F800C6
:102E10000000F8000003010202010000F8000000B9
:102E2000F8000001020202010000F0080808F000AA
:102E30000003010202010000FF100808F000000179
:102E4000020201030000F0080810FF000003010265
:102E50000000F8000000000102020201000090489A
:102E60004848300000020F02000000F8080000038C
:102E7000000000030000F0080808F800000300004C
:102E80000003000000E018E0000000030000000361
:102E900000000003000000E018E000E018E000007F
:102EA000000201000102000008B040B00800000369
:102EB00000000003000001E11EE000000002020229
:102EC0000302000008384888080000000F100000C6
:102ED00040BE0100001F0000FE0000100F000000B7
:102EE00001BE40000000010101000001000080005F
:102EF00000808080800000000400000000000000CE
:102F000003000000040000000500000007000000AE
:102F1000090000000C000000070000001500000080
:102F20000C0000001C0000000A0000002800000047
:102F30000300000032000000050000003500000022
:102F4000050000003A000000060000003F000000FD
:102F50000900000045000000040000004E000000D1
:102F600005000000520000000400000057000000AF
:102F7000060000005B000000080000006100000087
:102F80000700000069000000080000007000000059
:102F90000800000078000000080000008000000029
:102FA00008000000880000000800000090000000F9
:102FB000080000009800000008000000A0000000C9
:102FC00008000000A800000004000000B00000009D
:102FD00004000000B400000008000000B800000079
:102FE00009000000C000000008000000C900000047
:102FF00007000000D10000000E000000D800000013
:103000000B000000E600000009000000F1000000D5
:1030100009000000FA0000000900000003010000A0
:10302000090000000C01000008000000150100006C
:103030000A0000001D010000090000002701000037
:103040000300000030010000070000003301000011
:103050000A0000003A0100000800000044010000DE
:103060000B0000004C0100000900000057010000A7
:103070000A00000060010000090000006A01000071
:103080000A00000073010000090000007D0100003B
:103090000900000086010000090000008F01000007
:1030A00009000000980100000B000000A1010000D1
:1030B0000F000000AC01000009000000BB0100008F
:1030C00009000000C401000009000000CD0100005B
:1030D00004000000D601000006000000DA01000034
:1030E00004000000E001000007000000E40100000F
:1030F00009000000EB01000004000000F4010000E2
:1031000007000000F801000007000000FF010000B8
:103110000700000006020000070000000D0200008A
:103120000700000014020000050000001B02000060
:103130000700000020020000070000002702000036
:10314000030000002E020000040000003102000015
:103150000700000035020000030000003C020000F0
:103160000B0000003F020000070000004A020000C0
:103170000700000051020000070000005802000094
:10318000070000005F02000005000000660200006A
:10319000070000006B020000050000007202000042
:1031A0000700000077020000070000007E02000018
:1031B0000B000000850200000700000090020000E4
:1031C0000700000097020000070000009E020000B8
:1031D00005000000A502000003000000AA02000094
:1031E00005000000AD02000009000000B20200006E
:1031F00000000000000000000000000000000000CF
:1032000000000000000000000000000000000000BE
:103210000000000303000000000000FFFF000000AA
:10322000000000FCFC000000000000C0C000000026
:103230000003030000000003030000F8F800000092
:1032400000F8F8000000000000000000000000008E
:103250000000000000000000000000000003030068
:1032600000000000030300000C0C0C0FFFFC8C0C92
:103270000C0C0FFFFC0C0C0018191FFFF818181885
:10328000191FFFF81818180000C0C0000000000047
:10329000C0C000000000000000000001030303079D
:1032A00003030100000000000078FEC6830303FF53
:1032B0000181C1E060000000000C0F03010000FF6D
:1032C000808081C37F3E00000000008080C0C0F08D
:1032D000C0C0808000000000000000010303030361
:1032E00001000000000000000103020000000000D7
:1032F0000000007CFF83010183FF7C000003071EA8
:1033000078E08101010100000000000000008080E1
:103310008081030F3CF0C000003EFFC18080C1FFF0
:103320003E000000000000000040C08000000000DF
:1033300000000080C0C0C0C080000000000000008D
:10334000010103030303030100000000000000006B
:103350000000F0F98D070307068CFCF00000000068
:103360000000003E7FE3C1800000C0E1713B0F1F01
:103370003F7B6100000000008080C0C0C0C0C080F2
:1033800080000080C0C08000000303000000F8F847
:10339000000000000000000000000000000000002D
:1033A00000010302000000031F7CE0800000000019
:1033B000FFFF0000000000000000E0F81E07010011
:1033C000000203010000000000000080E07C1F03F9
:1033D00000000000000000FFFF00000001071EF8D1
:1033E000E0000000000000000003030000000000F7
:1033F00040C46E7CF8F87C6EC44000000000000001
:1034000000000000000000000000000000000000BC
:1034100000000000000000000000000000000000AC
:10342000000000000000003F3F000000000000001E
:1034300000C0C0C0C0C0C0FFFFC0C0C0C0C0C0008E
:10344000000000000000000000000000000000007C
:10345000000000000000000000000000000000006C
:1034600000000000000000000000C6FC000000009A
:10347000000000000000000000000000000000004C
:1034800000000030303030303030000000000000EC
:10349000000000000000000000000000000000002C
:1034A0000000000000000000000000000000C0C09C
:1034B0000000000000000000000003030000000303
:1034C0001FFEE00000073FF8C0000000C0C0800001
:1034D00000000000000000010103030303030101D9
:1034E00000000000001FFFE080000000000080E0FE
:1034F000FF1F000000F8FF070100000000000107A7
:10350000FFF800000000008080C0C0C0C0C0808004
:1035100000000000000000000000000003030000A5
:1035200000000000000018383070E0E0FFFF0000ED
:10353000000000000000000000000000FFFF00008D
:10354000000000000000000000000000C0C00000FB
:103550000000000000000001010303030303030156
:10356000000000000030F0C080000000000081C3B7
:10357000FF7C000000000103060C0C183060C080C6
:103580000000000000C0C0C0C0C0C0C0C0C0C0C0FB
:10359000C0C0000000000001030303030303010097
:1035A000000000000060E0C080000303038787FD87
:1035B00078000000000C0F0301000000000081C330
:1035C000FF7C00000000008080C0C0C0C0C08080C0
:1035D00000000000000000000000000000000103E7
:1035E000030000000000000003070E1C70E0C0FF95
:1035F000FF000000003878F898181818181818FFFD
:10360000FF1818000000000000000000000000C0CB
:10361000C0000000000000030303030303030303CF
:10362000030000000007FFF6060C0C0C0C0C06074C
:1036300003000000000C0F03010000000000010364
:10364000FEFC00000000008080C0C0C0C0C08080C0
:103650000000000000000000010103030303030158
:1036600000000000000F7FF1C3820606060683C338
:10367000E160000000F8FE87010000000000018307
:10368000FF7C00000000000080C0C0C0C0C080807F
:103690000000000000030303030303030303030309
:1036A000030300000000000000000003071C30605E
:1036B0008000000000000000031FFCE0000000008C
:1036C0000000000000000000C0C00000000000007A
:1036D00000000000000000010103030303030101D7
:1036E00000000000000078FD87030303030387FD4B
:1036F00078000000003CFFC381000000000081C38F
:10370000FF3C00000000008080C0C0C0C0C08080BE
:103710000000000000000001010303030303010196
:1037200000000000003EFFC180000000000080C1DA
:10373000FF1F0000000687C3C16060606041C18F49
:10374000FEF0000000000080C0C0C0C0C08080004B
:103750000000000000000000000000000000001851
:10376000180000000000000000000000000000C081
:10377000C000000000000000000000000000001871
:10378000180000000000000000000000000000C65B
:10379000FC0000000000000000000000000000002D
:1037A0000000000000000103030306060C0C1C18B7
:1037B000183000000000C0E06060303018181C0CA9
:1037C0000C060000000000000000000000000000E7
:1037D00000000000000000000000000000000000E9
:1037E00000000000000C0C0C0C0C0C0C0C0C0C0C55
:1037F0000C0C0000003030303030303030303030A1
:103800003030000000000000000000000000000058
:1038100000000000000000000000000000000000A8
:103820000000000000003018181C0C0C06060303F2
:10383000030100000000060C0C1C181830306060FA
:10384000E0C00000000000000000000000000000D8
:103850000000000000000001010303030303030153
:10386000010000000030F0C08080000000000183F3
:10387000C7FE7C00000000000000003C7CE0C0802F
:103880000000000000000000000000C0C0000000B8
:103890000000000000000000000000000001010323
:1038A0000303030303030301010100000000000000
:1038B000000000071F3C70E0C1878E8C1818181894
:1038C0000C0E079F9CC0E0703C1F07000000FFFF2C
:1038D0000100007CFF83010000000101030FFFF0E5
:1038E000000101071EFCF000000000C0E078180C89
:1038F0000E86C6C7C3C3C3830383C3C3C6C6860CB1
:103900000C1830200000000000000000030303003A
:10391000000000000000000000000000073FFCE085
:1039200000E0FC3F0700000000000000071FFCF063
:1039300030303030303030F0FC1F07000000C0C0A5
:1039400000000000000000000000000000C0C000F7
:103950000000030303030303030303030303010042
:103960000000000000FFFF01010101010101010150
:1039700083C7FE7C00000000FFFF80808080808085
:1039800080808080C1E37F3E000000C0C0C0C0C016
:10399000C0C0C0C0C0C0C0808000000000000000E7
:1039A00000010103030303030303010100000000FE
:1039B000000F3F78E0C0808000000000000080C061
:1039C000E070300000E0FC1E070301000000000072
:1039D000000101030F1E180000000000008080C0DD
:1039E000C0C0C0C0C0C08080000000000000030351
:1039F00003030303030303030303010000000000A8
:103A00000000FFFF0000000000000000008080C0F8
:103A1000F03F0F000000FFFF00000000000000006A
:103A2000000101030FFCF0000000C0C0C0C0C0C016
:103A3000C0C0C0C0C08080000000000000000303C0
:103A4000030303030303030303030303030000004F
:103A500000FFFF010101010101010101010101005C
:103A600000000000FFFF8080808080808080808058
:103A700080800000000000C0C0C0C0C0C0C0C0C086
:103A8000C0C0C0C0C0C000000000030303030303A4
:103A90000303030303030303000000FFFF0101010D
:103AA000010101010101010000000000FFFF808011
:103AB00080808080808080800000000000C0C00086
:103AC00000000000000000000000000000000000F6
:103AD00000010101030303030303030101000000CC
:103AE000000000073F78E0C0808000000000000078
:103AF0008080C0E07010000000E0FC1E07030101A0
:103B000000000000C0C0C0C1C1C3FFFE0000000033
:103B1000000000808080C0C0C0C0C0C0C080808065
:103B2000000000000000030300000000000000008F
:103B300000000000030300000000FFFF010101017D
:103B40000101010101010101FFFF00000000FFFF71
:103B5000808080808080808080808080FFFF000067
:103B60000000C0C0000000000000000000000000D5
:103B7000C0C000000000000303000000000000FFC0
:103B8000FF000000000000FFFF000000000000C078
:103B9000C00000000000000000000000000003035F
:103BA000000000000000000000000000FFFF000017
:103BB000000E0F03000000000001FFFE00000000E7
:103BC0008080C0C0C0C0C08080000000000003032F
:103BD00000000000000000000001030302000000DC
:103BE00000FFFF000103070F1F3970E0C0800000D5
:103BF00000000000FFFFE0C0800080C0E0783C1FB4
:103C000007030000000000C0C0000000000000002A
:103C100000000080C0C0400000000303000000005E
:103C200000000000000000000000FFFF0000000096
:103C300000000000000000000000FFFF0000000086
:103C400000000000000000000000C0C0C0C0C0C0F4
:103C5000C0C0C0C0C0C0C00000000003030301001A
:103C6000000000000000000001030303000000004A
:103C70000000FFFFC0F83F070000000000073FF80A
:103C8000C0FFFF000000000000FFFF000080F07E8A
:103C90000F010F7EF0800000FFFF00000000000019
:103CA000C0C00000000000C0C0C00000000000C094
:103CB000C00000000000030303000000000000003B
:103CC00000000000030300000000FFFFC0E0701CC4
:103CD0000E03010000000000FFFF00000000FFFFD6
:103CE000000000000080C070380E0703FFFF0000D6
:103CF0000000C0C00000000000000000000000C084
:103D0000C0C0000000000000000101010303030324
:103D10000303010101000000000000073F78E0C03C
:103D200080800000000000008080C0E0783F070035
:103D300000E0FC1E0703010100000000000001017B
:103D400003071EFCE0000000000000808080C0C06F
:103D5000C0C0C0C0808080000000000000000303DD
:103D60000303030303030303030301010000000033
:103D700000FFFF0000000000000000000081C3FF02
:103D80007C000000FFFFC0C0C0C0C0C0C0C0C0C039
:103D900080800000000000C0C000000000000000A3
:103DA0000000000000000000000000000001010110
:103DB00003030303030301010100000000000007E7
:103DC0003F78E0C080800000000000008080C0E0FC
:103DD000783F070000E0FC1E07030101000000041B
:103DE0000606070303071FFCF000000000000000A8
:103DF0008080C0C0C0C0C0C0C0808080C0E0600003
:103E0000000003030303030303030303030303018A
:103E1000000000000000FFFF01010101010101019C
:103E2000010183C7FE7C00000000FFFF80808080CE
:103E30008080C0E0F89C0E07010000000000C0C0B8
:103E4000000000000000000000000080C0C0000072
:103E50000000000001010303030303030301010049
:103E6000000000000078FECF8707030303030181F1
:103E700081C0F0300000001C1E070301000080809C
:103E80008080C0C1E3FF3C0000000000008080C0D3
:103E9000C0C0C0C0C0C08080000000000303030396
:103EA00003030303030303030303030300000000EE
:103EB000000000FFFF000000000000000000000004
:103EC000000000FFFF0000000000000000000000F4
:103ED000000000C0C000000000000000000003035C
:103EE00000000000000000000000000003030000CC
:103EF0000000FFFF000000000000000000000000C4
:103F0000FFFF00000000FCFF0701010000000000AF
:103F100000010107FEFC0000000000000080C0C09E
:103F2000C0C0C0C0C0C0800000000000000303018A
:103F3000000000000000000000000001030300007A
:103F400000C0F83F0701000000000001073FF8C073
:103F500000000000000000C0F83F07010F3FF8C05C
:103F600000000000000000000000000000C0C0C011
:103F7000000000000000000003030000000000003B
:103F80000000000003030300000000000000000028
:103F90000003030000F0FF0F0100000000031FFEFC
:103FA000E000E0FC1F0300000000010FFFF0000034
:103FB000000000F0FE1F010F7FF8C00000000000AD
:103FC000C0F87F0F011FFEE00000000000000000AD
:103FD00000C0C0C00000000000000000000000C0E1
:103FE000C0C0000000000000000203030100000048
:103FF000000000000000010303020000000080C078
:10400000F0381C0F030F1C38F0C0800000000000C7
:1040100001030F1C3870C080C0F0381C0F03010072
:104020000040C0C080000000000000000000000050
:1040300080C0C0400203010000000000000000003A
:104040000000010303020000C0E0703C0E07010104
:10405000071E3C70E0C0000000000000000000806F
:10406000FFFF8000000000000000000000000000D2
:104070000000C0C0000000000000000000030303B7
:10408000030303030303030303030300000000000F
:104090000000000003070E3870E0800000000001FF
:1040A000070E1C70E0C0000000000000000000C00F
:1040B000C0C0C0C0C0C0C0C0C0C0C0C0C0C0C000C0
:1040C00000000303030303000000FFFF00000000E3
:1040D0000000FFFF000000000000FFFF03030300DB
:1040E000030300000000000000E0FE1F03000000CA
:1040F000000000C0F83F0700000000000080C0C0C2
:10410000000303030303000000000000FFFF0000A2
:1041100000000000FFFF000000030303FFFF00009A
:104120000000000000010303010000000000000087
:10413000031F7CE08080E07C1F0300000080800083
:10414000000000000000008080000000000000006F
:10415000000000000000000000000000000000005F
:10416000000000000000000000000000000000004F
:10417000000000000000000000000000000000003F
:104180000000000000000000030303030303030317
:1041900003030303030303030002030301000000FE
:1041A0000000000080C0400000000000000000008F
:1041B00000000000000000000000000000000000FF
:1041C000000000000000000000000000020E0C1CB7
:1041D00018181818181C0F070000000F3F316060F6
:1041E0006060E1C1C3FFFF0000000080C0C0C0C02C
:1041F000C0C0800080C04000000003030000000039
:1042000000000000000000000000FFFF060C18186E
:104210001818180C0F0701000000FFFF0301000031
:104220000000010107FEFC000000C0C00080C0C00B
:10423000C0C0C080000000000000000000000000BE
:104240000000000000000001070E0C181818181CD0
:104250000E07030000FCFF03010000000001030F34
:104260000C000000008080C0C0C0C0C08000000002
:104270000000000000000000000000000303000038
:104280000001070F0C18181818180C06FFFF000083
:1042900000FCFE070101000000000103FFFF000019
:1042A0000000008080C0C0C0C0C08000C0C000004E
:1042B00000000000000000000000000000000000FE
:1042C00001070E0C18181818180C0E07010000FC36
:1042D000FF676161606060606161E3E200000000AF
:1042E0008080C0C0C0C0C0C08000000000000103CA
:1042F0000303031818FFFF1818180000FFFF000041
:10430000000000C0C000000000000000000000002D
:1043100000000000000000000001070F0C18181832
:1043200018180C0E1F1F000000FCFE070100000003
:1043300000000103FFFF000000181E8687C3C3C3EF
:10434000C3C3868EFCF000000000030300000000E1
:1043500000000000000000000000FFFF0E0C181815
:104360001818180C0F0300000000FFFF00000000E9
:1043700000000000FFFF00000000C0C000000000BF
:1043800000000000C0C000000000030300000000A7
:104390001F1F00000000FFFF00000000C0C0000061
:1043A00000000303000000001F1F00000000FFFFCB
:1043B00000000303FEFC00000000030300000000F7
:1043C0000000000000000000FFFF000000010307E4
:1043D0000E1C18100000FFFF7060E0F0FC1E0F03C1
:1043E00000000000C0C000000000000080C0C0400D
:1043F0000000030300000000FFFF00000000FFFFBB
:1044000000000000C0C0000000000000000000002C
:10441000000000000000000000000000000000009C
:1044200000001F1F060C181818181C0F070E0C1878
:104430001818181C0F0700000000FFFF0000000004
:10444000000000FFFF00000000000000FFFF000070
:104450000000C0C000000000000000C0C00000005C
:1044600000000000C0C000000000000000000000CC
:10447000000000000000000000001F1F060C1818BC
:104480001818180C0F0700000000FFFF00000000C4
:1044900000000000FFFF00000000C0C0000000009E
:1044A00000000000C0C0000000000000000000008C
:1044B000000000000000000001070F0C1818181879
:1044C000180C0F07010000FCFF07010000000000AE
:1044D0000107FFFC000000008080C0C0C0C0C08099
:1044E000800000000000000000000000000000004C
:1044F0000000000000001F1F060C18181818180CE8
:104500000F0701000000FFFF030100000000000191
:1045100007FEF8000000FFFF0080C0C0C0C0C080E0
:10452000000000000000000000000000000000008B
:10453000000000000001070F0C18181818180C06CE
:104540001F1F000000FCFE07010100000000010326
:10455000FFFF00000000000080C0C0C0C0C080009D
:10456000FFFF000000000000000000000000001F2E
:104570001F0E181818180000FFFF000000000000B0
:1045800000C0C000000000000000000000000000AB
:1045900000000000000000070F0C18181818180C75
:1045A0000E0600000086C7E3E16070707030393F8E
:1045B0000E0000000080C0C0C0C0C0C080800000ED
:1045C00000000103000000001818FFFF1818180071
:1045D0000000FFFF00000000000080C0C0C0C0005D
:1045E00000000000000000000000000000000000CB
:1045F00000001F1F00000000000000001F1F00003F
:104600000000FEFF0100000000000103FFFF0000AA
:104610000000008080C0C0C0C0C08000C0C00000DA
:1046200000000000000000000000000000181F074C
:1046300001000000000001071F180000C0F87E0FF5
:10464000010F3EF0C00000000000000080C08000AC
:10465000000000000000000000000000000000005A
:10466000000000000000001C1F0300000000010FFC
:104670001C0F0100000000031F1C0080F07C1F01C4
:104680001FFCC000C0FC1F011FFCF08000000000E8
:104690000080C080000000000080C080000000009A
:1046A0000000000000000000000000000010181EC4
:1046B000070300000003070E1C1000000307DEFCC8
:1046C00070F8DE0703000040C0C0000000000000DA
:1046D00000C0C0400000000000000000000000001A
:1046E00000181F07000000000000010F1E1000004E
:1046F000E0FC1F03030F7EF0800000000003038F27
:10470000FEF080000000000000000000000000003B
:104710000000000000000018181818181818191BBD
:104720001F1E18000003070E1C3870E0C080000038
:104730000000C0C0C0C0C0C0C0C0C0C0C0C0C000B9
:1047400000000000000103030300000000FFFF80E1
:10475000000000303078CF8700000000000000FC2F
:10476000FE0303030000030300000000FFFF00003E
:104770000000FFFF00000000FFFF00000303030133
:104780000000000000000000FFFF0000000000002B
:104790000087CF78303000030307FEFC00000000E4
:1047A0000000000000000000000000000000000009
:1047B00000010103030303010101000000010100E6
:1047C00000C080000000008080C0C0C0C0808000A9
:1047D00000000000000000000000000000000000D9
:1047E00008000000000000000800000008000000B1
:1047F0000A00000010000000100000001A00000075
:10480000100000002A000000190000003A0000001B
:1048100013000000530000000500000066000000C7
:10482000090000006B000000090000007400000097
:104830000B0000007D000000100000008800000058
:10484000080000009800000009000000A00000001F
:1048500008000000A900000008000000B1000000EE
:1048600010000000B900000010000000C9000000A6
:1048700010000000D900000010000000E900000056
:1048800010000000F9000000100000000901000005
:1048900010000000190100001000000029010000B4
:1048A0001000000039010000100000004901000064
:1048B000080000005901000008000000610100002C
:1048C00010000000690100001000000079010000E4
:1048D0001000000089010000100000009901000094
:1048E0001C000000A901000013000000C501000029
:1048F00013000000D801000014000000EB010000CC
:1049000014000000FF01000013000000130200006B
:10491000110000002602000016000000370200000F
:10492000140000004D0200000800000061020000B9
:104930000E00000069020000130000007702000072
:10494000100000008A020000170000009A02000018
:1049500014000000B102000016000000C5020000B3
:1049600013000000DB02000016000000EE02000051
:1049700014000000040300001300000018030000EE
:10498000100000002B030000140000003B03000097
:10499000130000004F0300001C0000006203000031
:1049A000130000007E0300001200000091030000CD
:1049B00011000000A303000008000000B403000081
:1049C00008000000BC03000008000000C403000051
:1049D0000E000000CC03000010000000DA0300000D
:1049E00009000000EA0300000F000000F3030000CC
:1049F00010000000020400000E000000120400007D
:104A000010000000200400000F000000300400002F
:104A1000070000003F0400001000000046040000F2
:104A200010000000560400000600000066040000AC
:104A3000060000006C0400000E000000720400007C
:104A4000060000008004000018000000860400003A
:104A5000100000009E0400000F000000AE040000E3
:104A600010000000BD04000010000000CD04000094
:104A700009000000DD0400000E000000E604000054
:104A800008000000F404000010000000FC04000016
:104A90000D0000000C0500001300000019050000C7
:104AA0000D0000002C0500000D000000390500007D
:104AB0000E0000004605000009000000540500003B
:104AC000060000005D05000009000000630500000D
:104AD000100000006C0500000C18000074F50008C0
:104AE00013280000A00401080A1000008029010812
:104AF00010200000F03101080C18000074F50008C7
:104B000023480000805500081428000060CD0008EC
:104B10002040000028540008FFFFFFFFFFFFFFFFB9
:104B2000FFFFFFFFFFFFFFFFFFFFFFFFFFFFFFFF95
:104B3000FFFFDBDBB6B692929292B6B6DBDBFFFFED
:104B4000FFFFFFFFFFFFFFFFFFFFFFFFFFFFFFFF75
:104B5000FFFFFFFFFFFFFFFFFFFFFFFFFFFFFFFF65
:104B6000FFFFFFFFFFFFFFFFFFFFFFFFFFFFDB92E6
:104B700049242424000000000000000024242449CB
:104B800092DBFFFFFFFFFFFFFFFFFFFFFFFFFFFFC6
:104B9000FFFFFFFFFFFFFFFFFFFFFFFFFFFFFFFF25
:104BA000FFFFFFFFFFFFFFFFFFFFFFDBB649000036
:104BB00000000000242424242424242400000000D5
:104BC000000049B6DBFFFFFFFFFFFFFFFFFFFFFF16
:104BD000FFFFFFFFFFFFFFFFFFFFFFFFFFFFFFFFE5
:104BE000FFFFFFFFFFFFFFFFFFDB6D240000000062
:104BF000244992B6DBDBDBDBDBDBDBDBB692492473
:104C000000000000246DDBFFFFFFFFFFFFFFFFFF41
:104C1000FFFFFFFFFFFFFFFFFFFFFFFFFFFFFFFFA4
:104C2000FFFFFFFFFFFFFFDB6D240000002449B6FC
:104C3000FFFFFFFFFFFFFFFFFFFFFFFFFFFFFFFF84
:104C4000B66D24000000246DDBFFFFFFFFFFFFFFB8
:104C5000FFFFFFFFFFFFFFFFFFFFFFFFFFFFFFFF64
:104C6000FFFFFFFFFFFF922400000049B6FFFFFF98
:104C7000FFFFFFFFFFFFFFFFFFFFFFFFFFFFFFFF44
:104C8000FFFFFFB6490000002492FFFFFFFFFFFF78
:104C9000FFFFFFFFFFFFFFFFFFFFFFFFFFFFFFFF24
:104CA000FFFFFFFFDB4900000049B6FFFFFFFFFFEA
:104CB000FFFFFFFFFFFFFFFFFFFFFFFFFFFFFFFF04
:104CC000FFFFFFFFFFB64900000049DBFFFFFFFFCA
:104CD000FFFFFFFFFFFFFFFFFFFFFFFFFFFFFFFFE4
:104CE000FFFFFFB62400002492FFFFFFFFFFFFFF3E
:104CF000FFFFFFFFFFFFFFFFFFFFFFFFFFFFFFFFC4
:104D0000FFFFFFFFFFFFFF9224000024B6FFFFFF1D
:104D1000FFFFFFFFFFFFFFFFFFFFFFFFFFFFFFFFA3
:104D2000FFFFB624000049DBFFFFFFFFFFFFFFFF8F
:104D3000FFFFFFFFFFFFFFFFFFFFFFFFFFFFFFFF83
:104D4000FFFFFFFFFFFFFFFFDB49000024B6FFFF6F
:104D5000FFFFFFFFFFFFFFFFFFFFFFFFFFFFFFFF63
:104D6000FF9224002492FFFFFFFFFFFFFFFFFFFFE2
:104D7000FFFFFFFFFFFFFFFFFFFFFFFFFFFFFFFF43
:104D8000FFFFFFFFFFFFFFFFFFFF9224002492FFC2
:104D9000FFFFFFFFFFFFFFFFFFFFFFFFFFFFFFFF23
:104DA000B624002492FFFFFFFFFFFFFFFFFFFFFF7E
:104DB000FFFFFFFFFFFFFFFFFFFFFFFFFFFFFFFF03
:104DC000FFFFFFFFFFFFFFFFFFFFFF92240024B65E
:104DD000FFFFFFFFFFFFFFFFFFFFFFFFFFFFFFB62C
:104DE000240024B6FFFFFFFFFFFFFFFFFFFFFFFFD1
:104DF000FFFFFFFFFFFFFFFFFFFFFFFFFFFFFFFFC3
:104E0000FFFFFFFFFFFFFFFFFFFFFFFFB6240024B0
:104E1000B6FFFFFFFFFFFFFFFFFFFFFFFFFFDB24EA
:104E2000002492FFFFFFFFFFFFFFFFFFFFFFFFFFD9
:104E3000FFFFFFFFFFFFFFFFFFFFFFFFFFFFFFFF82
:104E4000FFFFFFFFFFFFFFFFFFFFFFFFFF922400B9
:104E500024DBFFFFFFFFFFFFFFFFFFFFFFFF490016
:104E60000092FFFFFFFFFFFFFFFFFFFFFFFFFFFFBE
:104E7000FFFFFFFFFFFFFFFFFFFFFFFFFFFFFFFF42
:104E8000FFFFFFFFFFFFFFFFFFFFFFFFFFFF92009E
:104E90000049FFFFFFFFFFFFFFFFFFFFFF6D000067
:104EA0006DFFFFFFFFFFFFFFFFFFFFFFFFFFFFFFA4
:104EB000FFFFFFFFFFFFFFFFFFFFFFFFFFFFFFFF02
:104EC000FFFFFFFFFFFFFFFFFFFFFFFFFFFFFF6D84
:104ED00000006DFFFFFFFFFFFFFFFFFFDB2400244B
:104EE000FFFFFFFFFFFFFFFFFFFFFFFFFFFFFFFFD2
:104EF000FFFFFFFFFFFFFFFFFFFFFFFFFFFFFFFFC2
:104F0000FFFFFFFFFFFFFFFFFFFFFFFFFFFFFFFFB1
:104F1000240024DBFFFFFFFFFFFFFFFF490024DB2E
:104F2000FFFFFFFFFFFFFFFFFFFFFFFFFFFFFFFF91
:104F3000FFFFFFFFFFFFFFFFFFFFFFFFFFFFFFFF81
:104F4000FFFFFFFFFFFFFFFFFFFFFFFFFFFFFFFF71
:104F5000B6240049FFFFFFFFFFFFFF9200006DFF37
:104F6000FFFFFFFFFFFFFFFFFFFFFFFFFFFFFFFF51
:104F7000FFFFFFFFFFFFFFFFFFFFFFFFFFFFFFFF41
:104F8000FFFFFFFFFFFFFFFFFFFFFFFFFFFFFFFF31
:104F9000FF6D000092FFFFFFFFFFFF490024DBFFD2
:104FA000FFFFFFFFFFFFFFFFFFFFFFFFFFFFFFFF11
:104FB000FFFFFFFFFFFFFFFFFFFFFFFFFFFFFFFF01
:104FC000FFFFFFFFFFFFFFFFFFFFFFFFFFFFFFFFF1
:104FD000FFDB240049FFFFFFFFFFB624006DFFFF4A
:104FE000FFFFFFFFFFFFFFFFFFFFFFFFFFFFFFFFD1
:104FF000FFFFFFFFFFFFFFFFFFFFFFFFFFFFFFFFC1
:10500000FFFFFFFFFFFFFFFFFFFFFFFFFFFFFFFFB0
:10501000FFFF6D0024B6FFFFFFFF490024DBFFFF09
:10502000FFFFFFFFFFFFFFFFFFFFFFFFFFFFFFFF90
:10503000FFFFFFFFFFFFFFFFFFFFFFFFFFFFFFFF80
:10504000FFFFFFFFFFFFFFFFFFFFFFFFFFFFFFFF70
:10505000FFFFDB240049FFFFFFDB000049FFFFFFEC
:10506000FFFFFFFFFFFFFFFFFFFFFFFFFFFFFFFF50
:10507000FFFFFFFFFFFFFFFFFFFFFFFFFFFFFFFF40
:10508000FFFFFFFFFFFFFFFFFFFFFFFFFFFFFFFF30
:10509000FFFFFF490000DBFFFF920000B6FFFFFFAC
:1050A000FFFFFFFFFFFFFFFFFFFFFFFFFFFFFFFF10
:1050B000FFFFFFFFFFFFFFFFFFFFFFFFFFFFFFFF00
:1050C000FFFFFFFFFFFFFFFFFFFFFFFFFFFFFFFFF0
:1050D000FFFFFFB6000092FFFF490024FFFFFFFF24
:1050E000FFFFFFFFFFFFFFFFFFFFFFFFFFFFFFFFD0
:1050F000FFFFFFFFFFFFFFFFFFFFFFFFFFFFFFFFC0
:10510000FFFFFFFFFFFFFFFFFFFFFFFFFFFFFFFFAF
:10511000FFFFFFFF240049FFFF24006DFFFFFFFF9B
:10512000FFFFFFFFFFFFFFFFFFFFFFFFFFFFFFFF8F
:10513000FFFFFFFFFFFFFFFFFFFFFFFFFFFFFFFF7F
:10514000FFFFFFFFFFFFFFFFFFFFFFFFFFFFFFFF6F
:10515000FFFFFFFF6D0024FFDB2400B6FFFFFFFF12
:10516000FFFFFFFFFFFFFFFFFFFFFFFFFFFFFFFF4F
:10517000FFFFFFFFFFFFFFFFFFFFFFFFFFFFFFFF3F
:10518000FFFFFFFFFFFFFFFFFFFFFFFFFFFFFFFF2F
:10519000FFFFFFFFB60024DB920024DBFFFFFFFFD1
:1051A000FFFFFFFFFFFFDBFFFFFFFFFFFFFFFFFF33
:1051B000FFFFFFFFFFFFFFFFFFFFFFFFFFFFFFFFFF
:1051C000FFFFFFFFFFFFFFFFFFFFFFFFFFFFFFFFEF
:1051D000FFFFFFFFDB2400B66D0024DBFFFFFFFFB6
:1051E000FFFFFFFFFF92246DFFFFFFFFFFFFFFFFA9
:1051F000FFFFFFFFFFFFFFFFFFFFDB4949DBFFFF73
:10520000FFFFFFFFFFFFFFFFFFFFFFFFFFFFFFFFAE
:10521000FFFFFFFFDB24006D490024FFFFFFFFFFBE
:10522000FFFFFFFFFF490000FFFFFFFFFFFFFFFF42
:10523000FFFFFFFFFFFFFFFFFFFFDB0000DBFFFFC4
:10524000FFFFFFFFB649002492FFFFFFFFFFFFFFB4
:10525000FFFFFFFFFF240049240049FFFFFFFFFF7E
:10526000FFFFFFFFFF490000FFFFFFFFFFFFFFFF02
:10527000FFFFFFFFFFFFFFFFFFFFDB0000DBFFFF84
:10528000FFFFFF92240000000049FFFFFFFFFFFF28
:10529000FFFFFFFFFF490024240049FFFFFFFFFF3E
:1052A000FFFFFFFFFF490000DBDBDBDBDBDBDBDBE2
:1052B000DBDBDBDBDBDBDBDBDBDB920000DBFFFFF5
:1052C000FFFFFF24002449240000B6FFFFFFFFFF7B
:1052D000FFFFFFFFFF490024000049FFFFFFFFFF22
:1052E000FFFFFFFFFF49000000000000000000007A
:1052F00000000000000000000000000000DBFFFFD5
:10530000FFFFDB240092FFDB00006DFFFFFFFFFFCC
:10531000FFFFFFFFFF490024000049FFFFFFFFFFE1
:10532000FFFFFFFFFF490000000000000000000039
:1053300000000000000000000000000024DBFFFF70
:10534000FFFFDB240092FFDB00006DFFFFFFFFFF8C
:10535000FFFFFFFFFF490000240049FFFFFFFFFFA1
:10536000FFFFFFFFFF490000DBDBDBDBDBDBDBDB21
:10537000DBDBDBDBDBDBDBDBDBDBDBB6B6FFFFFF5B
:10538000FFFFFF24002449240000B6FFFFFFFFFFBA
:10539000FFFFFFFFFF490024240049FFFFFFFFFF3D
:1053A000FFFFFFFFFF490000FFFFFFFFFFFFFFFFC1
:1053B000FFFFFFFFFFFFFFFFFFFFFFFFFFFFFFFFFD
:1053C000FFFFFF9224000000006DFFFFFFFFFFFFC3
:1053D000FFFFFFFFFF490024490049FFFFFFFFFFD8
:1053E000FFFFFFFFFF490000FFFFFFFFFFFFFFFF81
:1053F000FFFFFFFFFFFFFFFFFFFFFFFFFFFFFFFFBD
:10540000FFFFFFFFDB6D2449B6FFFFFFFFFFFFFF3C
:10541000FFFFFFFFFF4900496D0024FFFFFFFFFF73
:10542000FFFFFFFFFF6D0024FFFFFFFFFFFFFFFFF8
:10543000FFFFFFFFFFFFFFFFFFFFFFFFFFFFFFFF7C
:10544000FFFFFFFFFFFFFFFFFFFFFFFFFFFFFFFF6C
:10545000FFFFFFFFFF24006D920024DBFFFFFFFF33
:10546000FFFFFFFFFFFFB6DBFFFFFFFFFFFFFFFFB9
:10547000FFFFFFFFFFFFFFFFFFFFFFFFFFFFFFFF3C
:10548000FFFFFFFFFFFFFFFFFFFFFFFFFFFFFFFF2C
:10549000FFFFFFFFDB240092B60000B6FFFFFFFF17
:1054A000FFFFFFFFFFFFFFFFFFFFFFFFFFFFFFFF0C
:1054B000FFFFFFFFFFFFFFFFFFFFFFFFFFFFFFFFFC
:1054C000FFFFFFFFFFFFFFFFFFFFFFFFFFFFFFFFEC
:1054D000FFFFFFFFB60000B6DB240092FFFFFFFFD7
:1054E000FFFFFFFFFFFFFFFFFFFFFFFFFFFFFFFFCC
:1054F000FFFFFFFFFFFFFFFFFFFFFFFFFFFFFFFFBC
:10550000FFFFFFFFFFFFFFFFFFFFFFFFFFFFFFFFAB
:10551000FFFFFFFF920024DBFF490024FFFFFFFF96
:10552000FFFFFFFFFFFFFFFFFFFFFFFFFFFFFFFF8B
:10553000FFFFFFFFFFFFFFFFFFFFFFFFFFFFFFFF7B
:10554000FFFFFFFFFFFFFFFFFFFFFFFFFFFFFFFF6B
:10555000FFFFFFFF240049FFFF6D0000DBFFFFFF9F
:10556000FFFFFFFFFFFFFFFFFFFFFFFFFFFFFFFF4B
:10557000FFFFFFFFFFFFFFFFFFFFFFFFFFFFFFFF3B
:10558000FFFFFFFFFFFFFFFFFFFFFFFFFFFFFFFF2B
:10559000FFFFFFDB00006DFFFFB600006DFFFFFFA8
:1055A000FFFFFFFFFFFFFFFFFFFFFFFFFFFFFFFF0B
:1055B000FFFFFFFFFFFFFFFFFFFFFFFFFFFFFFFFFB
:1055C000FFFFFFFFFFFFFFFFFFFFFFFFFFFFFFFFEB
:1055D000FFFFFF6D0000B6FFFFFF240024FFFFFF69
:1055E000FFFFFFFFFFFFFFFFFFFFFFFFFFFFFFFFCB
:1055F000FFFFFFFFFFFFFFFFFFFFFFFFFFFFFFFFBB
:10560000FFFFFFFFFFFFFFFFFFFFFFFFFFFFFFFFAA
:10561000FFFFFF240024FFFFFFFF920000B6FFFF03
:10562000FFFFFFFFFFFFFFFFFFFFFFFFFFFFFFFF8A
:10563000FFFFFFFFFFFFFFFFFFFFFFFFFFFFFFFF7A
:10564000FFFFFFFFFFFFFFFFFFFFFFFFFFFFFFFF6A
:10565000FFFFB6000092FFFFFFFFDB240024FFFFE7
:10566000FFFFFFFFFFFFFFFFFFFFFFFFFFFFFFFF4A
:10567000FFFFFFFFFFFFFFFFFFFFFFFFFFFFFFFF3A
:10568000FFFFFFFFFFFFFFFFFFFFFFFFFFFFFFFF2A
:10569000FFFF240024DBFFFFFFFFFF6D000092FFF0
:1056A000FFFFFFFFFFFFFFFFFFFFFFFFFFFFFFFF0A
:1056B000FFFFFFFFFFFFFFFFFFFFFFFFFFFFFFFFFA
:1056C000FFFFFFFFFFFFFFFFFFFFFFFFFFFFFFFFEA
:1056D000FF9200006DFFFFFFFFFFFFFF240024DBB0
:1056E000FFFFFFFFFFFFFFFFFFFFFFFFFFFFFFFFCA
:1056F000FFFFFFFFFFFFFFFFFFFFFFFFFFFFFFFFBA
:10570000FFFFFFFFFFFFFFFFFFFFFFFFFFFFFFFFA9
:10571000DB240024FFFFFFFFFFFFFFFF9200006D6F
:10572000FFFFFFFFFFFFFFFFFFFFFFFFFFFFFFFF89
:10573000FFFFFFFFFFFFFFFFFFFFFFFFFFFFFFFF79
:10574000FFFFFFFFFFFFFFFFFFFFFFFFFFFFFFFF69
:105750006D000092FFFFFFFFFFFFFFFFFF4900000A
:1057600092FFFFFFFFFFFFFFFFFFFFFFFFFFFFFFB6
:10577000FFFFFFFFFFFFFFFFFFFFFFFFFFFFFFFF39
:10578000FFFFFFFFFFFFFFFFFFFFFFFFFFFFFF9296
:10579000000049FFFFFFFFFFFFFFFFFFFFDB2400CB
:1057A00024DBFFFFFFFFFFFFFFFFFFFFFFFFFFFF08
:1057B000FFFFFFFFFFFFFFFFFFFFFFFFFFFFFFFFF9
:1057C000FFFFFFFFFFFFFFFFFFFFFFFFFFFFDB24E8
:1057D0000024DBFFFFFFFFFFFFFFFFFFFFFFB624FB
:1057E0000024DBFFFFFFFFFFFFFFFFFFFFFFFFFFC7
:1057F000FFFFFFFFFFFFFFFFFFFFFFFFFFFFFFFFB9
:10580000FFFFFFFFFFFFFFFFFFFFFFFFFFDB2400A6
:1058100024B6FFFFFFFFFFFFFFFFFFFFFFFFFF6D4E
:10582000000049DBFFFFFFFFFFFFFFFFFFFFFFFF60
:10583000FFFFFFFFFFFFFFFFFFFFFFFFFFFFFFFF78
:10584000FFFFFFFFFFFFFFFFFFFFFFFFDB49000040
:105850006DFFFFFFFFFFFFFFFFFFFFFFFFFFFFFFEA
:105860006D000049DBFFFFFFFFFFFFFFFFFFFFFFB2
:10587000FFFFFFFFFFFFFFFFFFFFFFFFFFFFFFFF38
:10588000FFFFFFFFFFFFFFFFFFFFFFDB4900006D92
:10589000FFFFFFFFFFFFFFFFFFFFFFFFFFFFFFFF18
:1058A000FF49000024DBFFFFFFFFFFFFFFFFFFFFBB
:1058B000FFFFFFFFFFFFFFFFFFFFFFFFFFFFFFFFF8
:1058C000FFFFFFFFFFFFFFFFFFFFDB24000049FF9B
:1058D000FFFFFFFFFFFFFFFFFFFFFFFFFFFFFFFFD8
:1058E000FFFF6D00002492FFFFFFFFFFFFFFFFFFA0
:1058F000FFFFFFFFFFFFFFFFFFFFFFFFFFFFFFFFB8
:10590000FFFFFFFFFFFFFFFFFF922400006DFFFF7F
:10591000FFFFFFFFFFFFFFFFFFFFFFFFFFFFFFFF97
:10592000FFFFFF6D2400006DDBFFFFFFFFFFFFFFA8
:10593000FFFFFFFFFFFFFFFFFFFFFFFFFFFFFFFF77
:10594000FFFFFFFFFFFFFFDB6D0000246DFFFFFF88
:10595000FFFFFFFFFFFFFFFFFFFFFFFFFFFFFFFF57
:10596000FFFFFFFFB62400002492FFFFFFFFFFFFB1
:10597000FFFFFFFFFFFFFFFFFFFFFFFFFFFFFFFF37
:10598000FFFFFFFFFFFF9224000024B6FFFFFFFF91
:10599000FFFFFFFFFFFFFFFFFFFFFFFFFFFFFFFF17
:1059A000FFFFFFFFFFDB4924000024B6FFFFFFFFDE
:1059B000FFFFFFFFFFFFFFFFFFFFFFFFFFFFFFFFF7
:1059C000FFFFFFFFB62400000049DBFFFFFFFFFFE2
:1059D000FFFFFFFFFFFFFFFFFFFFFFFFFFFFFFFFD7
:1059E000FFFFFFFFFFFFFFB624000000246DDBFF79
:1059F000FFFFFFFFFFFFFFFFFFFFFFFFFFFFFFFFB7
:105A0000FFDB6D2400000024B6FFFFFFFFFFFFFF58
:105A1000FFFFFFFFFFFFFFFFFFFFFFFFFFFFFFFF96
:105A2000FFFFFFFFFFFFFFFFFF6D240000000024CA
:105A30006DB6DBFFFFFFFFFFFFFFFFFFFFDBB66D74
:105A40002400000000246DFFFFFFFFFFFFFFFFFFAA
:105A5000FFFFFFFFFFFFFFFFFFFFFFFFFFFFFFFF56
:105A6000FFFFFFFFFFFFFFFFFFFFDB9224000000AF
:105A7000000024244949494949494949242400004E
:105A80000000002492DBFFFFFFFFFFFFFFFFFFFF8F
:105A9000FFFFFFFFFFFFFFFFFFFFFFFFFFFFFFFF16
:105AA000FFFFFFFFFFFFFFFFFFFFFFFFFFDB6D4972
:105AB000240000000000000000000000000000249E
:105AC000496DDBFFFFFFFFFFFFFFFFFFFFFFFFFF52
:105AD000FFFFFFFFFFFFFFFFFFFFFFFFFFFFFFFFD6
:105AE000FFFFFFFFFFFFFFFFFFFFFFFFFFFFFFFFC6
:105AF000DBDB926D49242400002424496D92DBDB1A
:105B0000FFFFFFFFFFFFFFFFFFFFFFFFFFFFFFFFA5
:105B1000FFFFFFFFFFFFFFFFFFFFFFFFFFFFFFFF95
:105B2000B6922424000000000000000000000000E5
:105B30000000000000000000000000000000000065
:105B400000000024DBFFFFFFFFFFFFFFFFFFFFFF61
:105B5000FFFFFFFFFFFFFFFFFFFFFFFFFFFF926D54
:105B600024240000000000000000000000000000ED
:105B70000000000000000000000000000000000025
:105B8000000000006DDBFFFFFFFFFFFFFFFFFFFFD7
:105B9000FFFFFFFFFFFFFFFFFFFFFFFFB649000012
:105BA00000004949494949494949494949494949F7
:105BB0004949494949494949494949494949494955
:105BC000494949240092FFFFFFFFFFFFFFFFFFFF4E
:105BD000FFFFFFFFFFFFFFFFFFFFFFDB4924000088
:105BE0009292DBDBDBDBDBDBDBDBDBDBDBDBDBDB97
:105BF000DBDBDBDBDBDBDBDBDBDBDBDBDBDBDBDBF5
:105C0000DBDBB6490092FFFFFFFFFFFFFFFFFFFF57
:105C1000FFFFFFFFFFFFFFFFFFFFB649000092FFFE
:105C2000FFFFFFFFFFFFFFFFFFFFFFFFFFFFFFFF84
:105C3000FFFFFFFFFFFFFFFFFFFFFFFFFFFFFFFF74
:105C4000FFFFDB490092FFFFFFFFFFFFFFFFFFFFAA
:105C5000FFFFFFFFFFFFFFFFFFFF49240049FFFF9A
:105C6000FFFFFFFFFFFFFFFFFFFFFFFFFFFFFFFF44
:105C7000FFFFFFFFFFFFFFFFFFFFFFFFFFFFFFFF34
:105C8000FFFFDB490092FFFFFFFFFFFFFFFFFFFF6A
:105C9000FFFFFFFFFFFFFFFFFF92000092FFFFFFEC
:105CA000FFFFFFFFFFFFFFFFFFFFFFFFFFFFFFFF04
:105CB000FFFFFFFFFFFFFFFFFFFFFFFFFFFFFFFFF4
:105CC000FFFFDB490092FFFFFFFFFFFFFFFFFFFF2A
:105CD000FFFFFFFFFFFFFFFFFF6D0000FFFFFFFF64
:105CE000FFFFFFFFFFFFFFFFFFFFFFFFFFFFFFFFC4
:105CF000FFFFFFFFFFFFFFFFFFFFFFFFFFFFFFFFB4
:105D0000FFFFDB490092FFFFFFFFFFFFFFFFFFFFE9
:105D1000FFFFFFFFFFFFFFFFB6240092FFFFFFFF23
:105D2000FFFFFFFFFFFFFFFFFFFFFFFFFFFFFFFF83
:105D3000FFFFFFFFFFFFFFFFFFFFFFFFFFFFFFFF73
:105D4000FFFFDB490092FFFFFFFFFFFFFFFFFFFFA9
:105D5000FFFFFFFFFFFFFFFF92240092FFFFFFFF07
:105D6000FFFFFFFFFFFFFFFFFFFFFFFFFFFFFFFF43
:105D7000FFFFFFFFFFFFFFFFFFFFFFFFFFFFFFFF33
:105D8000FFFFDB490092FFFFFFFFFFFFFFFFFFFF69
:105D9000FFFFFFFFFFFFFFFF240049DBFFFFFFFFC7
:105DA000FFFFFFFFFFFFFFFFFFFFFFFFFFFFFFFF03
:105DB000FFFFFFFFFFFFFFFFFFFFFFFFFFFFFFFFF3
:105DC000FFFFDB490092FFFFFFFFFFFFDBDBDBDBB9
:105DD000DBDBDBDBDBDBDBFF240049DBFFFFFFFF83
:105DE000FFFFFFFFFFFFFFFFFFFFFFFFFFFFFFFFC3
:105DF000FFFFFFFFFFFFFFFFFFFFFFFFFFFFFFFFB3
:105E0000FFFFDB490092FFFFFFFFFF92494949492D
:105E1000494949494949496D000049DBFFFFFFFFF6
:105E2000FFFFFFFFFFFFFFFFFFFFFFFFFFFFFFFF82
:105E3000FFFFFFFFFFFFFFFFFFFFFFFFFFFFFFFF72
:105E4000FFFFDB490092FFFFFFFFDB49000000007E
:105E50000000000000000024000049DBFFFFFFFFFE
:105E6000FFFFFFFFFFFFFFFFFFFFFFFFFFFFFFFF42
:105E7000FFFFFFFFFFFFFFFFFFFFFFFFFFFFFFFF32
:105E8000FFFFDB490092FFFFFFFFFFB69292929265
:105E900092929292929292B6000049DBFFFFFFFF2E
:105EA000FFFFFFFFFFFFFFFFFFFFFFFFFFFFFFFF02
:105EB000FFFFFFFFFFFFFFFFFFFFFFFFFFFFFFFFF2
:105EC000FFFFDB490092FFFFFFFFFFFFFFFFFFFF28
:105ED000FFFFFFFFFFFFFFFF000049DBFFFFFFFFAA
:105EE000FFFFFFFFFFFFFFFFFFFFFFFFFFFFFFFFC2
:105EF000FFFFFFFFFFFFFFFFFFFFFFFFFFFFFFFFB2
:105F0000FFFFDB490092FFFFFFFFFFFFFFFFFFFFE7
:105F1000FFFFFFFFFFFFFFFF000049DBFFFFFFFF69
:105F2000FFFFFFFFFFFFFFFFFFFFFFFFFFFFFFFF81
:105F3000FFFFFFFFFFFFFFFFFFFFFFFFFFFFFFFF71
:105F4000FFFFDB490092FFFFFFFFFFFFFFFFFFFFA7
:105F5000FFFFFFFFFFFFFFFF000049DBFFFFFFFF29
:105F6000FFFFFFFFFFFFFFFFFFFFFFFFFFFFFFFF41
:105F7000FFFFFFFFFFFFFFFFFFFFFFFFFFFFFFFF31
:105F8000FFFFDB490092FFFFFFFFFFFFFFFFFFFF67
:105F9000FFFFFFFFFFFFFFFF000049DBFFFFFFFFE9
:105FA000FFFFFFFFFFFFFFFFFFFFFFFFFFFFFFFF01
:105FB000FFFFFFFFFFFFFFFFFFFFFFFFFFFFFFFFF1
:105FC000FFFFDB490092FFFFFFFFFFFFFFFFFFFF27
:105FD000FFFFFFFFFFFFFFFF000049DBFFFFFFFFA9
:105FE000FFFFFFFFFFFFFFFFFFFFFFFFFFFFFFFFC1
:105FF000FFFFFFFFFFFFFFFFFFFFFFFFFFFFFFFFB1
:10600000FFFFDB490092FFFFFFFFFFFFFFFFFFFFE6
:10601000FFFFFFFFFFFFFFFF000049DBFFFFFFFF68
:10602000FFFFFFFFFFFFFFFFFFFFFFFFFFFFFFFF80
:10603000FFFFFFFFFFFFFFFFFFFFFFFFFFFFFFFF70
:10604000FFFFDB490092FFFFFFFFFFFFFFFFFFFFA6
:10605000FFFFFFFFFFFFFFFF000049DBFFFFFFFF28
:10606000FFFFFFFFFFFFFFFFFFFFFFFFFFFFFFFF40
:10607000FFFFFFFFFFFFFFFFFFFFFFFFFFFFFFFF30
:10608000FFFFDB490092FFFFFFFFFFFFFFFFFFFF66
:10609000FFFFFFFFFFFFFFFF000049DBFFFFFFFFE8
:1060A000FFFFFFFFFFFFFFFFFFFFFFFFFFFFFFFF00
:1060B000FFFFFFFFFFFFFFFFFFFFFFFFFFFFFFFFF0
:1060C000FFFFDB490092FFFFFFFFFFFFDBDBDBDBB6
:1060D000DBDBDBDBDBDBDBFF000049DBFFFFFFFFA4
:1060E000FFFFFFFFFFFFFFFFFFFFFFFFFFFFFFFFC0
:1060F000FFFFFFFFFFFFFFFFFFFFFFFFFFFFFFFFB0
:10610000FFFFDB490092FFFFFFFFFF92494949492A
:10611000494949494949496D000049DBFFFFFFFFF3
:10612000FFFFFFFFFFFFFFFFFFFFFFFFFFFFFFFF7F
:10613000FFFFFFFFFFFFFFFFFFFFFFFFFFFFFFFF6F
:10614000FFFFDB490092FFFFFFFFDB49000000007B
:106150000000000000000024000049DBFFFFFFFFFB
:10616000FFFFFFFFFFFFFFFFFFFFFFFFFFFFFFFF3F
:10617000FFFFFFFFFFFFFFFFFFFFFFFFFFFFFFFF2F
:10618000FFFFDB490092FFFFFFFFFFB69292929262
:1061900092929292929292B6000049DBFFFFFFFF2B
:1061A000FFFFFFFFFFFFFFFFFFFFFFFFFFFFFFFFFF
:1061B000FFFFFFFFFFFFFFFFFFFFFFFFFFFFFFFFEF
:1061C000FFFFDB490092FFFFFFFFFFFFFFFFFFFF25
:1061D000FFFFFFFFFFFFFFFF000049DBFFFFFFFFA7
:1061E000FFFFFFFFFFFFFFFFFFFFFFFFFFFFFFFFBF
:1061F000FFFFFFFFFFFFFFFFFFFFFFFFFFFFFFFFAF
:10620000FFFFDB490092FFFFFFFFFFFFFFFFFFFFE4
:10621000FFFFFFFFFFFFFFFF000049DBFFFFFFFF66
:10622000FFFFFFFFFFFFFFFFFFFFFFFFFFFFFFFF7E
:10623000FFFFFFFFFFFFFFFFFFFFFFFFFFFFFFFF6E
:10624000FFFFDB490092FFFFFFFFFFFFFFFFFFFFA4
:10625000FFFFFFFFFFFFFFFF000049DBFFFFFFFF26
:10626000FFFFFFFFFFFFFFFFFFFFFFFFFFFFFFFF3E
:10627000FFFFFFFFFFFFFFFFFFFFFFFFFFFFFFFF2E
:10628000FFFFDB490092FFFFFFFFFFFFFFFFFFFF64
:10629000FFFFFFFFFFFFFFFF000049DBFFFFFFFFE6
:1062A000FFFFFFFFFFFFFFFFFFFFFFFFFFFFFFFFFE
:1062B000FFFFFFFFFFFFFFFFFFFFFFFFFFFFFFFFEE
:1062C000FFFFDB490092FFFFFFFFFFFFFFFFFFFF24
:1062D000FFFFFFFFFFFFFFFF000049DBFFFFFFFFA6
:1062E000FFFFFFFFFFFFFFFFFFFFFFFFFFFFFFFFBE
:1062F000FFFFFFFFFFFFFFFFFFFFFFFFFFFFFFFFAE
:10630000FFFFDB490092FFFFFFFFFFFFFFFFFFFFE3
:10631000FFFFFFFFFFFFFFFF000049DBFFFFFFFF65
:10632000FFFFFFFFFFFFFFFFFFFFFFFFFFFFFFFF7D
:10633000FFFFFFFFFFFFFFFFFFFFFFFFFFFFFFFF6D
:10634000FFFFDB490092FFFFFFFFFFFFFFFFFFFFA3
:10635000FFFFFFFFFFFFFFFF000049DBFFFFFFFF25
:10636000FFFFFFFFFFFFFFFFFFFFFFFFFFFFFFFF3D
:10637000FFFFFFFFFFFFFFFFFFFFFFFFFFFFFFFF2D
:10638000FFFFDB490092FFFFFFFFFFFFFFFFFFFF63
:10639000FFFFFFFFFFFFFFFF000049DBFFFFFFFFE5
:1063A000FFFFFFFFFFFFFFFFFFFFFFFFFFFFFFFFFD
:1063B000FFFFFFFFFFFFFFFFFFFFFFFFFFFFFFFFED
:1063C000FFFFDB490092FFFFFFFFFFFFDBDBDBDBB3
:1063D000DBDBDBDBDBDBDBFF000049DBFFFFFFFFA1
:1063E000FFFFFFFFFFFFFFFFFFFFFFFFFFFFFFFFBD
:1063F000FFFFFFFFFFFFFFFFFFFFFFFFFFFFFFFFAD
:10640000FFFFDB490092FFFFFFFFFF924949494927
:10641000494949494949496D000049DBFFFFFFFFF0
:10642000FFFFFFFFFFFFFFFFFFFFFFFFFFFFFFFF7C
:10643000FFFFFFFFFFFFFFFFFFFFFFFFFFFFFFFF6C
:10644000FFFFDB490092FFFFFFFFDB490000000078
:106450000000000000000024240049DBFFFFFFFFD4
:10646000FFFFFFFFFFFFFFFFFFFFFFFFFFFFFFFF3C
:10647000FFFFFFFFFFFFFFFFFFFFFFFFFFFFFFFF2C
:10648000FFFFDB490092FFFFFFFFFFB6929292925F
:1064900092929292929292B66D2424B6FFFFFFFFE1
:1064A000FFFFFFFFFFFFFFFFFFFFFFFFFFFFFFFFFC
:1064B000FFFFFFFFFFFFFFFFFFFFFFFFFFFFFFFFEC
:1064C000FFFFDB490092FFFFFFFFFFFFFFFFFFFF22
:1064D000FFFFFFFFFFFFFFFF92240092FFFFFFFF80
:1064E000FFFFFFFFFFFFFFFFFFFFFFFFFFFFFFFFBC
:1064F000FFFFFFFFFFFFFFFFFFFFFFFFFFFFFFFFAC
:10650000FFFFDB490092FFFFFFFFFFFFFFFFFFFFE1
:10651000FFFFFFFFFFFFFFFFFF6D0024FFFFFFFFF7
:10652000FFFFFFFFFFFFFFFFFFFFFFFFFFFFFFFF7B
:10653000FFFFFFFFFFFFFFFFFFFFFFFFFFFFFFFF6B
:10654000FFFFDB490092FFFFFFFFFFFFFFFFFFFFA1
:10655000FFFFFFFFFFFFFFFFFF6D0000B6FFFFFF24
:10656000FFFFFFFFFFFFFFFFFFFFFFFFFFFFFFFF3B
:10657000FFFFFFFFFFFFFFFFFFFFFFFFFFFFFFFF2B
:10658000FFFFDB490092FFFFFFFFFFFFFFFFFFFF61
:10659000FFFFFFFFFFFFFFFFFFFF0000006DFFFF9A
:1065A000FFFFFFFFFFFFFFFFFFFFFFFFFFFFFFFFFB
:1065B000FFFFFFFFFFFFFFFFFFFFFFFFFFFFFFFFEB
:1065C000FFFFDB490092FFFFFFFFFFFFFFFFFFFF21
:1065D000FFFFFFFFFFFFFFFFFFFF6D240024B6FF5B
:1065E000FFFFFFFFFFFFFFFFFFFFFFFFFFFFFFFFBB
:1065F000FFFFFFFFFFFFFFFFFFFFFFFFFFFFFFFFAB
:10660000FFFFDB490092FFFFFFFFFFFFFFFFFFFFE0
:10661000FFFFFFFFFFFFFFFFFFFFFFDB00000000AA
:10662000DBDBFFFFFFFFFFFFFFFFFFFFFFFFFFFFC2
:10663000FFFFFFFFFFFFFFFFFFFFFFFFFFFFFFFF6A
:10664000FFFFDB490092FFFFFFFFFFFFFFFFFFFFA0
:10665000FFFFFFFFFFFFFFFFFFFFFFFF6D240000B5
:10666000494992929292929292929292929292929C
:1066700092929292929292929292929292929292FA
:1066800092926D240092FFFFFFFFFFFFFFFFFFFFCD
:10669000FFFFFFFFFFFFFFFFFFFFFFFFFFFF49249B
:1066A00000000000000000000000000000000000EA
:1066B00000000000000000000000000000000000DA
:1066C0000000000024B6FFFFFFFFFFFFFFFFFFFFFA
:1066D000FFFFFFFFFFFFFFFFFFFFFFFFFFFFDBB637
:1066E0006D490000000000000000000000000000F4
:1066F000000000000000000000000000000000009A
:106700000000000092DBFFFFFFFFFFFFFFFFFFFF26
:10671000FFFFFFFFFFFFFFFFFFFFFFFFFFFFFFFF89
:10672000FFFFFFFF000049FFFFFFFFFFFFFFFFFF2D
:10673000FFFFFFFFFFFFFFFFFF920000FFFFFFFFD4
:10674000FFFFFFFFFFFFFFFFFFFFFFFFFFFFFFFF59
:10675000FFFFFFFFFFFFFFFFFFFFFFFFFFFFFFFF49
:10676000FFFFFFFF000049DBFFFFFFFFFFFFFFFF11
:10677000FFFFFFFFFFFFFFFFFF920000FFFFFFFF94
:10678000FFFFFFFFFFFFFFFFFFFFFFFFFFFFFFFF19
:10679000FFFFFFFFFFFFFFFFFFFFFFFFFFFFFFFF09
:1067A000FFFFFFFF000049DBFFFFFFFFFFFFFFFFD1
:1067B000FFFFFFFFFFFFFFFFFF920000FFFFFFFF54
:1067C000FFFFFFFFFFFFFFFFFFFFFFFFFFFFFFFFD9
:1067D000FFFFFFFFFFFFFFFFFFFFFFFFFFFFFFFFC9
:1067E000FFFFFFFF000049DBFFFFFFFFFFFFFFFF91
:1067F000FFFFFFFFFFFFFFFFFF920000FFFFFFFF14
:10680000FFFFFFFFFFFFFFFFFFFFFFFFFFFFFFFF98
:10681000FFFFFFFFFFFFFFFFFFFFFFFFFFFFFFFF88
:10682000FFFFFFFF000049DBFFFFFFFFFFFFFFFF50
:10683000FFFFFFFFFFFFFFFFFF920000FFFFFFFFD3
:10684000FFFFFFFFFFFFFFFFFFFFFFFFFFFFFFFF58
:10685000FFFFFFFFFFFFFFFFFFFFFFFFFFFFFFFF48
:10686000FFFFFFFF000049DBFFFFFFFFFFFFFFFF10
:10687000FFFFFFFFFFFFFFFFFF920000FFFFFFFF93
:10688000FFFFFFFFFFFFFFFFFFFFFFFFFFFFFFFF18
:10689000FFFFFFFFFFFFFFFFFFFFFFFFFFFFFFFF08
:1068A000FFFFFFFF492424B6FFFFFFFFFFFFFFFFAD
:1068B000FFFFFFFFFFFFFFFFFF6D0024FFFFFFFF54
:1068C000FFFFFFFFFFFFFFFFFFFFFFFFFFFFFFFFD8
:1068D000FFFFFFFFFFFFFFFFFFFFFFFFFFFFFFFFC8
:1068E000FFFFFFFF92240092FFFFFFFFFFFFFFFF6C
:1068F000FFFFFFFFFFFFFFFFDB490049FFFFFFFF37
:10690000FFFFFFFFFFFFFFFFFFFFFFFFFFFFFFFF97
:10691000FFFFFFFFFFFFFFFFFFFFFFFFFFFFFFFF87
:10692000FFFFFFFFFF6D0024FFFFFFFFFFFFFFFFE3
:10693000FFFFFFFFFFFFFFFF242400B6FFFFFFFF65
:10694000FFFFFFFFFFFFFFFFFFFFFFFFFFFFFFFF57
:10695000FFFFFFFFFFFFFFFFFFFFFFFFFFFFFFFF47
:10696000FFFFFFFFFF6D0000B6FFFFFFFFFFFFFF10
:10697000FFFFFFFFFFFFFFDB000024B6FFFFFFFF6D
:10698000FFFFFFFFFFFFFFFFFFFFFFFFFFFFFFFF17
:10699000FFFFFFFFFFFFFFFFFFFFFFFFFFFFFFFF07
:1069A000FFFFFFFFFFFF0000006DFFFFFFFFFFFF86
:1069B000FFFFFFFFFFFFB6490000FFFFFFFFFFFFE4
:1069C000FFFFFFFFFFFFFFFFFFFFFFFFFFFFFFFFD7
:1069D000FFFFFFFFFFFFFFFFFFFFFFFFFFFFFFFFC7
:1069E000FFFFFFFFFFFF6D240024B6FFFFFFFFFF47
:1069F000FFFFFFFFFFDB49240049FFFFFFFFFFFF11
:106A0000FFFFFFFFFFFFFFFFFFFFFFFFFFFFFFFF96
:106A1000FFFFFFFFFFFFFFFFFFFFFFFFFFFFFFFF86
:106A2000FFFFFFFFFFFFFFDB00000000DBDBFFFFDE
:106A3000FFFFFFDB2400000092FFFFFFFFFFFFFFCF
:106A4000FFFFFFFFFFFFFFFFFFFFFFFFFFFFFFFF56
:106A5000FFFFFFFFFFFFFFFFFFFFFFFFFFFFFFFF46
:106A6000FFFFFFFFFFFFFFFF6D24000049499292E7
:106A700092926D4924000049FFFFFFFFFFFFFFFFD7
:106A8000FFFFFFFFFFFFFFFFFFFFFFFFFFFFFFFF16
:106A9000FFFFFFFFFFFFFFFFFFFFFFFFFFFFFFFF06
:106AA000FFFFFFFFFFFFFFFFFFFF49240000000083
:106AB000000000000024FFFFFFFFFFFFFFFFFFFFBC
:106AC000FFFFFFFFFFFFFFFFFFFFFFFFFFFFFFFFD6
:106AD000FFFFFFFFFFFFFFFFFFFFFFFFFFFFFFFFC6
:106AE000FFFFFFFFFFFFFFFFFFFFDBB66D6D2424FD
:106AF0000024496DB6DBFFFFFFFFFFFFFFFFFFFF35
:106B0000FFFFFFFFFFFFFFFFFFFFFFFFFFFFFFFF95
:106B1000FFFFFFFFFFFFFFFFFF6D240000000000ED
:106B20000000000000000000000000000000000065
:106B30000000000000000000000000000000000055
:106B400000000000000000000000000000246DFFB5
:106B5000FFFFFFFFFFFFFFFF6D00000000000000D0
:106B60000000000000000000000000000000000025
:106B70000000000000000000000000000000000015
:106B80000000000000000000000000000000006D98
:106B9000FFFFFFFFFFFFFFFF240024494949494948
:106BA0004949494949494949494949494949494955
:106BB0004949494949494949494949494949494945
:106BC00049494949494949494949494949240024C8
:106BD000FFFFFFFFFFFFFFFF000049FFFFFFFFFF79
:106BE000FFFFFFFFFFFFFFFFFFFFFFFFFFFFFFFFB5
:106BF000FFFFFFFFFFFFFFFFFFFFFFFFFFFFFFFFA5
:106C0000FFFFFFFFFFFFFFFFFFFFFFFFFF49002424
:106C1000FFFFFFFFFFFFFFFF000049FFFFFFFFFF38
:106C2000FFFFFFFFFFFFFFFFFFFFFFFFFFFFFFFF74
:106C3000FFFFFFFFFFFFFFFFFFFFFFFFFFFFFFFF64
:106C4000FFFFFFFFFFFFFFFFFFFFFFFFFF490024E4
:106C5000FFFFFFFFFFFFFFFF000049FFFFFFFFFFF8
:106C6000FFFFFFFFFFFFFFFFFFFFFFFFFFFFFFFF34
:106C7000FFFFFFFFFFFFFFFFFFFFFFFFFFFFFFFF24
:106C8000FFFFFFFFFFFFFFFFFFFFFFFFFF490024A4
:106C9000FFFFFFFFFFFFFFFF000049FFFFFFFFFFB8
:106CA000FFFFFFFFFFFFFFFFFFFFFFFFFFFFFFFFF4
:106CB000FFFFFFFFFFFFFFFFFFFFFFFFFFFFFFFFE4
:106CC000FFFFFFFFFFFFFFFFFFFFFFFFFF49002464
:106CD000FFFFFFFFFFFFFFFF000049FFFFFFFFFF78
:106CE000FFFFFFFFFFFFFFFFFFFFFFFFFFFFFFFFB4
:106CF000FFFFFFFFFFFFFFFFFFFFFFFFFFFFFFFFA4
:106D0000FFFFFFFFFFFFFFFFFFFFFFFFFF49002423
:106D1000FFFFFFFFFFFFFFFF000049FFFFFFFFFF37
:106D2000FFFFFFFFFFFFFFFFFFFFFFFFFFFFFFFF73
:106D3000FFFFFFFFFFFFFFFFFFFFFFFFFFFFFFFF63
:106D4000FFFFFFFFFFFFFFFFFFFFFFFFFF490024E3
:106D5000FFFFFFFFFFFFFFFF000049FFFFFFFFFFF7
:106D6000FFFFFFFFFFFFFFFFFFFFFFFFFFFFFFFF33
:106D7000FFFFFFFFFFFFFFFFFFFFFFFFFFFFFFFF23
:106D8000FFFFFFFFFFFFFFFFFFFFFFFFFF490024A3
:106D9000FFFFFFFFFFFFFFFF000049FFFFFFFFFFB7
:106DA000FFFFFFFFFFFFFFFFFFFFFFFFFFFFFFFFF3
:106DB000FFFFFFFFFFFFFFFFFFFFFFFFFFFFFFFFE3
:106DC000FFFFFFFFFFFFFFFFFFFFFFFFFF49002463
:106DD000FFFFFFFFFFFFFFFF000049FFFFFFFFFF77
:106DE000FFFFFFFFFFFFFFFFFFFFFFFFFFFFFFFFB3
:106DF000FFFFFFFFFFFFFFFFFFFFFFFFFFFFFFFFA3
:106E0000FFFFFFFFFFFFFFFFFFFFFFFFFF49002422
:106E1000FFFFFFFFFFFFFFFF000049FFFFFFFFFF36
:106E2000FFFFFFFFFFFFFFFFFFFFFFFFFFFFFFFF72
:106E3000FFFFFFFFFFFFFFFFFFFFFFFFFFFFFFFF62
:106E4000FFFFFFFFFFFFFFFFFFFFFFFFFF490024E2
:106E5000FFFFFFFFFFFFFFFF000049FFFFFFFFFFF6
:106E6000FFFFFFFFFFFFFFFFFFFFFFFFFFFFFFFF32
:106E7000FFFFFFFFFFFFFFFFFFFFFFFFFFFFFFFF22
:106E8000FFFFFFFFFFFFFFFFFFFFFFFFFF490024A2
:106E9000FFFFFFFFFFFFFFFF000049FFFFFFFFFFB6
:106EA000FFFFFFFFFFFFFFFFFFFFFFFFFFFFFFFFF2
:106EB000FFFFFFFFFFFFFFFFFFFFFFFFFFFFFFFFE2
:106EC000FFFFFFFFFFFFFFFFFFFFFFFFFF49002462
:106ED000FFFFFFFFFFFFFFFF000049FFFFFFFFFF76
:106EE000FFFFFFFFFFFFFFFFFFFFFFFFFFFFFFFFB2
:106EF000FFFFFFFFFFFFFFFFFFFFFFFFFFFFFFFFA2
:106F0000FFFFFFFFFFFFFFFFFFFFFFFFFF49002421
:106F1000FFFFFFFFFFFFFFFF000049FFFFFFFFFF35
:106F2000FFFFFFFFFFFFFFFFFFFFFFFFFFFFFFFF71
:106F3000FFFFFFFFFFFFFFFFFFFFFFFFFFFFFFFF61
:106F4000FFFFFFFFFFFFFFFFFFFFFFFFFF490024E1
:106F5000FFFFFFFFFFFFFFFF000049FFFFFFFFFFF5
:106F6000FFFFFFFFFFFFFFFFFFFFFFFFFFFFFFFF31
:106F7000FFFFFFFFFFFFFFFFFFFFFFFFFFFFFFFF21
:106F8000FFFFFFFFFFFFFFFFFFFFFFFFFF490024A1
:106F9000FFFFFFFFFFFFFFFF000049FFFFFFFFFFB5
:106FA000FFFFFFFFFFFFFFFFFFFFFFFFFFFFFFFFF1
:106FB000FFFFFFFFFFFFFFFFFFFFFFFFFFFFFFFFE1
:106FC000FFFFFFFFFFFFFFFFFFFFFFFFFF49002461
:106FD000FFFFFFFFFFFFFFFF000049FFFFFFFFFF75
:106FE000FFFFFFFFFFFFFFFFFFFFFFFFFFFFFFFFB1
:106FF000FFFFFFFFFFFFFFFFFFFFFFFFFFFFFFFFA1
:10700000FFFFFFFFFFFFFFFFFFFFFFFFFF49002420
:10701000FFFFFFFFFFFFFFFF000049FFFFFFFFFF34
:10702000FFFFFFFFFFFFFFFFFFFFFFFFFFFFFFFF70
:10703000FFFFFFFFFFFFFFFFFFFFFFFFFFFFFFFF60
:10704000FFFFFFFFFFFFFFFFFFFFFFFFFF490024E0
:10705000FFFFFFFFFFFFFFFF000049FFFFFFFFFFF4
:10706000FFFFFFFFFFFFFFFFFFFFFFFFFFFFFFFF30
:10707000FFFFFFFFFFFFFFFFFFFFFFFFFFFFFFFF20
:10708000FFFFFFFFFFFFFFFFFFFFFFFFFF490024A0
:10709000FFFFFFFFB6496DFF000049FFFFFFFFFF45
:1070A000FFFFFFFFFFFFFFFFFFFFFFFFFFFFFFFFF0
:1070B000FFFFFFFFFFFFFFFFFFFFFFFFFFFFFFFFE0
:1070C000FFFFFFFFFFFFFFFFFFFFFFFFFF49002460
:1070D000FFFFFFFF00000092000049FFFFFFFFFFDE
:1070E000FFFFFFFFFFFFFFFFFFFFFFFFFFFFFFFFB0
:1070F000FFFFFFFFFFFFFFFFFFFFFFFFFFFFFFFFA0
:10710000FFFFFFFFFFFFFFFFFFFFFFFFFF4900241F
:10711000FFFFFFFF6D000024000049FFFFFFFFFF9E
:10712000FFFFFFFFFFFFFFFFFFFFFFFFFFFFFFFF6F
:10713000FFFFFFFFFFFFFFFFFFFFFFFFFFB6240082
:10714000000000000000000000000000000000241B
:10715000FFFFFFFFFF490000000049FFFFFFFFFFA7
:10716000FFFFFFFFFFFFFFFFFFFFFFFFFFFFFFFF2F
:10717000FFFFFFFFFFFFFFFFFFFFFFFFFF490000D3
:1071800000000000000000000000000000000024DB
:10719000FFFFFFFFFF490000000049FFFFFFFFFF67
:1071A000FFFFFFFFFFFFFFFFFFFFFFFFFFFFFFFFEF
:1071B000FFFFFFFFFFFFFFFFFFFFFFFFFF49000093
:1071C000494949494949494949494924000024B69E
:1071D000FFFFFFFFFF490000000049FFFFFFFFFF27
:1071E000FFFFFFFFFFFFFFFFFFFFFFFFFFFFFFFFAF
:1071F000FFFFFFFFFFFFFFFFFFFFFFFFFF4900242F
:10720000FFFFFFFFFFFFFFFFFFFF92240024B6FFF9
:10721000FFFFFFFFFF490000000049FFFFFFFFFFE6
:10722000FFFFFFFFFFFFFFFFFFFFFFFFFFFFFFFF6E
:10723000FFFFFFFFFFFFFFFFFFFFFFFFFF490024EE
:10724000FFFFFFFFFFFFFFFFFF92000024B6FFFFDD
:10725000FFFFFFFFFF490000000049FFFFFFFFFFA6
:10726000FFFFFFFFFFFFFFFFFFFFFFFFFFFFFFFF2E
:10727000FFFFFFFFFFFFFFFFFFFFFFFFFF490024AE
:10728000FFFFFFFFFFFFFFFF92240024B6FFFFFF79
:10729000FFFFFFFFFF490000000049FFFFFFFFFF66
:1072A000FFFFFFFFFFFFFFFFFFFFFFFFFFFFFFFFEE
:1072B000FFFFFFFFFFFFFFFFFFFFFFFFFF4900246E
:1072C000FFFFFFFFFFFFFF92000024B6FFFFFFFF5D
:1072D000FFFFFFFFFF490000000049FFFFFFFFFF26
:1072E000FFFFFFFFFFFFFFFFFFFFFFFFFFFFFFFFAE
:1072F000FFFFFFFFFFFFFFFFFFFFFFFFFF4900242E
:10730000FFFFFFFFFFFF92240024B6FFFFFFFFFFF8
:10731000FFFFFFFFFF490000000049FFFFFFFFFFE5
:10732000FFFFFFFFFFFFFFFFFFFFFFFFFFFFFFFF6D
:10733000FFFFFFFFFFFFFFFFFFFFFFFFFF490024ED
:10734000FFFFFFFFFF92000024B6FFFFFFFFFFFFDC
:10735000FFFFFFFFFF490000000049FFFFFFFFFFA5
:10736000FFFFFFFFFFFFFFFFFFFFFFFFFFFFFFFF2D
:10737000FFFFFFFFFFFFFFFFFFFFFFFFFF490024AD
:10738000FFFFFFFF92240024B6FFFFFFFFFFFFFF78
:10739000FFFFFFFFFF490000000049FFFFFFFFFF65
:1073A000FFFFFFFFFFFFFFFFFFFFFFFFFFFFFFFFED
:1073B000FFFFFFFFFFFFFFFFFFFFFFFFFF4900246D
:1073C000FFFFFF92000024B6FFFFFFFFFFFFFFFF5C
:1073D000FFFFFFFFFF490000000049FFFFFFFFFF25
:1073E000FFFFFFFFFFFFFFFFFFFFFFFFFFFFFFFFAD
:1073F000FFFFFFFFFFFFFFFFFFFFFFFFFF4900242D
:10740000FFFF92240024B6FFFFFFFFFFFFFFFFFFF7
:10741000FFFFFFFFFF490000000049FFFFFFFFFFE4
:10742000FFFFFFFFFFFFFFFFFFFFFFFFFFFFFFFF6C
:10743000FFFFFFFFFFFFFFFFFFFFFFFFFF490024EC
:10744000FF92000024B6FFFFFFFFFFFFFFFFFFFFDB
:10745000FFFFFFFFFF490000000049FFFFFFFFFFA4
:10746000FFFFFFFFFFFFFFFFFFFFFFFFFFFFFFFF2C
:10747000FFFFFFFFFFFFFFFFFFFFFFFFFF490024AC
:1074800092240024B6FFFFFFFFFFFFFFFFFFFFFF77
:10749000FFFFFFFFFF490000000049FFFFFFFFFF64
:1074A000FFFFFFFFFFFFFFFFFFFFFFFFFFFFFFFFEC
:1074B000FFFFFFFFFFFFFFFFFFFFFFFFFF49000090
:1074C000000024B6FFFFFFFFFFFFFFFFFFFFFFFFEE
:1074D000FFFFFFFFFF490000000049FFFFFFFFFF24
:1074E000FFFFFFFFFFFFFFFFFFFFFFFFFFFFFFFFAC
:1074F000FFFFFFFFFFFFFFFFFFFFFFFFFF49000050
:107500000024B6FFFFFFFFFFFFFFFFFFFFFFFFFFAE
:10751000FFFFFFFFFF490000240000000000000003
:10752000000000000000000000000000000000005B
:10753000000000000000000000000000000000004B
:1075400024B6FFFFFFFFFFFFFFFFFFFFFFFFFFFF6F
:10755000FFFFFFFFFF490000920000000000000055
:10756000000000000000000000000000000000001B
:1075700000000000000000000000000000000024E7
:10758000B6FFFFFFFFFFFFFFFFFFFFFFFFFFFFFF54
:10759000FFFFFFFFFF490000FFB64949494949493C
:1075A000494949494949494949494949494949494B
:1075B000494949494949494949494949494949B6CE
:1075C000FFFFFFFFFFFFFFFFFFFFFFFFFFFFFFFFCB
:1075D000FFFFFFFFFF490000FFFFFFFFFFFFFFFF6F
:1075E000FFFFFFFFFFFFFFFFFFFFFFFFFFFFFFFFAB
:1075F000FFFFFFFFFFFFFFFFFFFFFFFFFFFFFFFF9B
:10760000FFFFFFFFFFFFFFFFFFFFFFFFFFFFFFFF8A
:10761000FFFFFFFFFF490000FFFFFFFFFFFFFFFF2E
:10762000FFFFFFFFFFFFFFFFFFFFFFFFFFFFFFFF6A
:10763000FFFFFFFFFFFFFFFFFFFFFFFFFFFFFFFF5A
:10764000FFFFFFFFFFFFFFFFFFFFFFFFFFFFFFFF4A
:10765000FFFFFFFFFF490000FFFFFFFFFFFFFFFFEE
:10766000FFFFFFFFFFFFFFFFFFFFFFFFFFFFFFFF2A
:10767000FFFFFFFFFFFFFFFFFFFFFFFFFFFFFFFF1A
:10768000FFFFFFFFFFDB494949494949494949494A
:107690004949494949240000FFFFFFFFFFFFFFFF61
:1076A000FFDBFFFFFFFFFFFFFFFFFFFFFFFFFFFF0E
:1076B000FFFFFFFFFFFFFFFFFFFFFFFFFFFFFFFFDA
:1076C000FFFFFFFFFF490000000000000000000076
:1076D0000000000000000024FFFFFFFFFFFFFFFF8E
:1076E000492492FFFFFFFFFFFFFFFFFFFFFFFFFFA8
:1076F000FFFFFFFFFFFFFFFFFFFFFFFFFFFFFFFF9A
:10770000FFFFFFFFFF490000000000000000000035
:107710000000000000000092FFFFFFFFFFFFFFFFDF
:10772000000049FFFFFFFFFFFFFFFFFFFFFFFFFF1D
:10773000FFFFFFFFFFFFFFFFFFFFFFFFFFFFFFFF59
:10774000FFFFFFFFFF490024FFFFFFFFFFFFFFFFD9
:10775000FFFFDB2400006DFFFFFFFFFFFFFFFFFFC8
:10776000000049FFFFFFFFFFFFFFFFFFFFFFFFFFDD
:10777000FFFFFFFFFFFFFFFFFFFFFFFFFFFFFFFF19
:10778000FFFFFFFFFF490024FFFFFFFFFFFFFFFF99
:10779000FFB624000092FFFFFFFFFFFFFFFFFFFF88
:1077A000000049FFFFFFFFFFFFFFFFFFFFFFFFFF9D
:1077B000FFFFFFFFFFFFFFFFFFFFFFFFFFFFFFFFD9
:1077C000FFFFFFFFFF490024FFFFFFFFFFFFFFFF59
:1077D000DB2400006DFFFFFFFFFFFFFFFFFFFFFF48
:1077E000000049FFFFFFFFFFFFFFFFFFFFFFFFFF5D
:1077F000FFFFFFFFFFFFFFFFFFFFFFFFFFFFFFFF99
:10780000FFFFFFFFFF490024FFFFFFFFFFFFFFDB3C
:1078100024000092FFFFFFFFFFFFFFFFFFFFFFFFBE
:10782000000049FFFFFFFFFFFFFFFFFFFFFFFFFF1C
:10783000FFFFFFFFFFFFFFFFFFFFFFFFFFFFFFFF58
:10784000FFFFFFFFFF490024FFFFFFFFFFFFDB24D7
:1078500000006DFFFFFFFFFFFFFFFFFFFFFFFFFFC8
:10786000000049FFFFFFFFFFFFFFFFFFFFFFFFFFDC
:10787000FFFFFFFFFFFFFFFFFFFFFFFFFFFFFFFF18
:10788000FFFFFFFFFF490024FFFFFFFFFFDB240096
:107890000092FFFFFFFFFFFFFFFFFFFFFFFFFFFF64
:1078A000000049FFFFFFFFFFFFFFFFFFFFFFFFFF9C
:1078B000FFFFFFFFFFFFFFFFFFFFFFFFFFFFFFFFD8
:1078C000FFFFFFFFFF490024FFFFFFFFDB24000055
:1078D0006DFFFFFFFFFFFFFFFFFFFFFFFFFFFFFF4A
:1078E000000049FFFFFFFFFFFFFFFFFFFFFFFFFF5C
:1078F000FFFFFFFFFFFFFFFFFFFFFFFFFFFFFFFF98
:10790000FFFFFFFFFF490024FFFFFFDB2400009281
:10791000FFFFFFFFFFFFFFFFFFFFFFFFFFFFFFFF77
:10792000000049FFFFFFFFFFFFFFFFFFFFFFFFFF1B
:10793000FFFFFFFFFFFFFFFFFFFFFFFFFFFFFFFF57
:10794000FFFFFFFFFF490024FFFFDB2400006DFF66
:10795000FFFFFFFFFFFFFFFFFFFFFFFFFFFFFFFF37
:10796000000049FFFFFFFFFFFFFFFFFFFFFFFFFFDB
:10797000FFFFFFFFFFFFFFFFFFFFFFFFFFFFFFFF17
:10798000FFFFFFFFFF490024FFDB24000092FFFF01
:10799000FFFFFFFFFFFFFFFFFFFFFFFFFFFFFFFFF7
:1079A000000049FFFFFFFFFFFFFFFFFFFFFFFFFF9B
:1079B000FFFFFFFFFFFFFFFFFFFFFFFFFFFFFFFFD7
:1079C000FFFFFFFFFF490024DB2400006DFFFFFFE6
:1079D000FFFFFFFFFFFFFFFFFFFFFFFFFFFFFFFFB7
:1079E000000049FFFFFFFFFFFFFFFFFFFFFFFFFF5B
:1079F000FFFFFFFFFFFFFFFFFFFFFFFFFFFFFFFF97
:107A0000FFFFFFFFFF49002424000092FFFFFFFF5C
:107A1000FFFFFFFFFFFFFFFFFFFFFFFFFFFFFFFF76
:107A2000000049FFFFFFFFFFFFFFFFFFFFFFFFFF1A
:107A3000FFFFFFFFFFFFFFFFFFFFFFFFFFFFFFFF56
:107A4000FFFFFFFFFF49000000006DFFFFFFFFFF8A
:107A5000FFFFFFFFFFFFFFFFFFFFFFFFFFFFFFFF36
:107A60002400244949494949494949494949494919
:107A70004949494949494949494949494949494976
:107A800049494949492400000092FFFFFFFFFFFFD9
:107A9000FFFFFFFFFFFFFFFFFFFFFFFFFFFFFFFFF6
:107AA0006D00000000000000000000000000000069
:107AB00000000000000000000000000000000000C6
:107AC00000000000000000006DFFFFFFFFFFFFFF50
:107AD000FFFFFFFFFFFFFFFFFFFFFFFFFFFFFFFFB6
:107AE000FF6D242424242424242424242424242432
:107AF0002424242424242424242424242424242446
:107B00002424242424242492FFFFFFFFFFFFFFFFEF
:107B1000FFFFFFFFFFFFFFFFFFB64900000000006F
:107B200092FFFFFFFFFFFFFFFFFFFFFFFFFFFFFFD2
:107B3000FFFFFFFFFFFFFFFFFFFFFFFFFFFFFFFF55
:107B4000FFFFFFFFFFFFFFFFFFFFFFFFFFFFFFFF45
:107B5000FFFFFFFFFFFFFFFFB62400000000000053
:107B600024DBFFFFFFFFFFFFFFFFFFFFFFFFFFFF24
:107B7000FFFFFFFFFFFFFFFFFFFFFFFFFFFFFFFF15
:107B8000FFFFFFFFFFFFFFFFFFFFFFFFFFFFFFFF05
:107B9000FFFFFFFFFFFFFFFF490024494949492438
:107BA000006DFFFFFFFFFFFFFFFFFFFFFFFFFFFF76
:107BB000FFFFFFFFFFFFFFFFFFFFFFFFFFFFFFFFD5
:107BC000FFFFFFFFFFFFFFFFFFFFFFFFFFFFFFFFC5
:107BD000FFFFFFFFFFFFFFFF000049FFFFFFFF491F
:107BE0000000B6FFFFFFFFFFFFFFFFFFFFFFFFFFEC
:107BF000FFFFFFFFFFFFFFFFFFFFFFFFFFFFFFFF95
:107C0000FFFFFFFFFFFFFFFFFFFFFFFFFFFFFFFF84
:107C1000FFFFFFFFFFFFFFFF000049FFFFFFFFDB4C
:107C2000000049FFFFFFFFFFFFFFFFFFFFFFFFFF18
:107C3000FFFFFFFFFFFFFFFFFFFFFFFFFFFFFFFF54
:107C4000FFFFFFFFFFFFFFFFFFFFFFFFFFFFFFFF44
:107C5000FFFFFFFFFFFFFFFF000049FFFFFFFFFFE8
:107C60006D0024B6FFFFFFFFFFFFFFFFFFFFFFFFD9
:107C7000FFFFFFFFFFFFFFFFFFFFFFFFFFFFFFFF14
:107C8000FFFFFFFFFFFFFFFFFFFFFFFFFFFFFFFF04
:107C9000FFFFFFFFFFFFFFFF000049FFFFFFFFFFA8
:107CA000DB240024FFFFFFFFFFFFFFFFFFFFFFFFBD
:107CB000FFFFFFFFFFFFFFFFFFFFFFFFFFFFFFFFD4
:107CC000FFFFFFFFFFFFFFFFFFFFFFFFFFFFFFFFC4
:107CD000FFFFFFFFFFFFFFFF000049FFFFFFFFFF68
:107CE000FF6D000092FFFFFFFFFFFFFFFFFFFFFFA1
:107CF000FFFFFFFFFFFFFFFFFFFFFFFFFFFFFFFF94
:107D0000FFFFFFFFFFFFFFFFFFFFFFFFFFFFFFFF83
:107D1000FFFFFFFFFFFFFFFF000049FFFFFFFFFF27
:107D2000FFFF240024FFFFFFFFFFFFFFFFFFFFFF18
:107D3000FFFFFFFFFFFFFFFFFFFFFFFFFFFFFFFF53
:107D4000FFFFFFFFFFFFFFFFFFFFFFFFFFFFFFFF43
:107D5000FFFFFFFFFFFFFFFF000049FFFFFFFFFFE7
:107D6000FFFF92000092FFFFFFFFFFFFFFFFFFFFFB
:107D7000FFFFFFFFFFFFFFFFFFFFFFFFFFFFFFFF13
:107D8000FFFFFFFFFFFFFFFFFFFFFFFFFFFFFFFF03
:107D9000FFFFFFFFFFFFFFFF000049FFFFFFFFFFA7
:107DA000FFFFFF240024DBFFFFFFFFFFFFFFFFFFBC
:107DB000FFFFFFFFFFFFFFFFFFFFFFFFFFFFFFFFD3
:107DC000FFFFFFFFFFFFFFFFFFFFFFFFFFFFFFFFC3
:107DD000FFFFFFFFFFFFFFFF000049FFFFFFFFFF67
:107DE000FFFFFF9200006DFFFFFFFFFFFFFFFFFFA0
:107DF000FFFFFFFFFFFFFFFFFFFFFFFFFFFFFFFF93
:107E0000FFFFFFFFFFFFFFFFFFFFFFFFFFFFFFFF82
:107E1000FFFFFFFFFFFFFFFF000049FFFFFFFFFF26
:107E2000FFFFFFFF490024DBFFFFFFFFFFFFFFFF16
:107E3000FFFFFFFFFFFFFFFFFFFFFFFFFFFFFFFF52
:107E4000FFFFFFFFFFFFFFFFFFFFFFFFFFFFFFFF42
:107E5000FFFFFFFFFFFFFFFF000049FFFFFFFFFFE6
:107E6000FFFFFFFFDB240049FFFFFFFFFFFFFFFFD6
:107E7000FFFFFFFFFFFFFFFFFFFFFFFFFFFFFFFF12
:107E8000FFFFFFFFFFFFFFFFFFFFFFFFFFFFFFFF02
:107E9000FFFFFFFFFFFFFFFF000049FFFFFFFFFFA6
:107EA000FFFFFFFFFF490000B6FFFFFFFFFFFFFFDF
:107EB000FFFFFFFFFFFFFFFFFFFFFFDBDBDBDBDB86
:107EC000DBDBDBDBDBDBDBDBDBDBDBDBFFFFFFFF72
:107ED000FFFFFFFFFFFFFFFF000049FFFFFFFFFF66
:107EE000FFFFFFFFFFDB000049FFFFFFFFFFFFFF7A
:107EF000FFFFFFFFFFFFFFB66D49242424000000B1
:107F00000000000000000000000000244992FFFF74
:107F1000FFFFFFFFFFFFFFFF000049FFFFFFFFFF25
:107F2000FFFFFFFFFFFF6D0000B6FFFFFFFFFFFF3A
:107F3000FFFFFFFFB6490000000000000000000046
:107F4000000000000000000000000000000024B657
:107F5000FFFFFFFFFFFFFFFF000049FFFFFFFFFFE5
:107F6000FFFFFFFFFFFFDB240024FFFFFFFFFFFFFA
:107F7000FFFF6D240000000000244992B6B6DBDB51
:107F8000DBDBDBDBDBDBDBDBDBDBB66D240000001C
:107F900049FFFFFFFFFFFFFF000049FFFFFFFFFF5B
:107FA000FFFFFFFFFFFFFF6D000092FFFFFFFFFFDE
:107FB0009224000000244992DBFFFFFFFFFFFFFF38
:107FC000FFFFFFFFFFFFFFFFFFFFFFFFFF92240008
:107FD0000024DBFFFFFFFFFF000049FFFFFFFFFF63
:107FE000FFFFFFFFFFFFFFFF240024DBFFFFDB4954
:107FF0000000002492DBFFFFFFFFFFFFFFFFFFFFFA
:10800000FFFFFFFFFFFFFFFFFFFFFFFFFFFFDB495A
:10801000000024DBFFFFFFFF000049FFFFFFFFFF21
:10802000FFFFFFFFFFFFFFFFB6000092FFB6240037
:10803000002492FFFFFFFFFFFFFFFFFFFFFFFFFF97
:10804000FFFFFFFFFFFFFFFFFFFFFFFFFFFFFFFF40
:108050006D000049FFFFFFFF000049FFFFFFFFFF2A
:10806000FFFFFFFFFFFFFFFFFF4900246D2400001B
:108070006DDBFFFFFFFFFFFFFFFFFFFFFFFFFFFFC6
:10808000FFFFFFFFFFFFFFFFFFFFFFFFFFFFFFFF00
:10809000FF4900006DFFFFFF000049FFFFFFFFFFEA
:1080A000FFFFFFFFFFFFFFFFFFB60000000024926D
:1080B000FFFFFFFFFFFFFFFFFFFFFFFFFFFFFFFFD0
:1080C000FFFFFFFFFFFFFFFFFFFFFFFFFFFFFFFFC0
:1080D000FFFF240024DBFFFF000049FFFFFFFFFF3D
:1080E000FFFFFFFFFFFFFFFFFFFF49000024B6FF78
:1080F000FFFFFFFFFFFFFFFFFFFFFFFFFFFFFFFF90
:10810000FFFFFFFFFFFFFFFFFFFFFFFFFFFFFFFF7F
:10811000FFFFB6240049FFFF000049FFFFFFFFFFFC
:10812000FFFFFFFFFFFFFFFFFFFFDB2424B6FFFF82
:10813000FFFFFFFFFFFFFFFFFFFFFFFFFFFFFFFF4F
:10814000FFFFFFFFFFFFFFFFFFFFFFFFFFFFFFFF3F
:10815000FFFFFF490000B6FF000049FFFFFFFFFFE0
:10816000FFFFFFFFFFFFFFFFFFFFFFDBDBFFFFFF67
:10817000FFFFFFFFFFFFFFFFFFFFFFFFFFFFFFFF0F
:10818000FFFFFFFFFFFFFFFFFFFFFFFFFFFFFFFFFF
:10819000FFFFFFDB000049FF000049FFFFFFFFFF7B
:1081A000FFFFFFFFFFFFFFFFFFFFFFFFFFFFFFFFDF
:1081B000FFFFFFFFFFFFFFFFFFFFFFFFFFFFFFFFCF
:1081C000FFFFFFFFFFFFFFFFFFFFFFFFFFFFFFFFBF
:1081D000FFFFFFFF490024DB000049FFFFFFFFFF17
:1081E000FFFFFFFFFFFFFFFFFFFFFFFFFFFFFFFF9F
:1081F000FFFFFFFFFFFFFFFFFFFFFFFFFFFFFFFF8F
:10820000FFFFFFFFFFFFFFFFFFFFFFFFFFFFFFFF7E
:10821000FFFFFFFFB60000B6000049FFFFFFFFFFB2
:10822000FFFFFFFFFFFFFFFFFFFFFFFFFFFFFFFF5E
:10823000FFFFFFFFFFFFFFFFFFFFFFFFFFFFFFFF4E
:10824000FFFFFFFFFFFFFFFFFFFFFFFFFFFFFFFF3E
:10825000FFFFFFFFDB240092000049FFFFFFFFFF4D
:10826000FFFFFFFFFFFFFFFFFFFFFFFFFFFFFFFF1E
:10827000FFFFFFFFFFFFFFFFFFFFFFFFFFFFFFFF0E
:10828000FFFFFFFFFFFFFFFFFFFFFFFFFFFFFFFFFE
:10829000FFFFFFFFFF240049000049FFFFFFFFFF32
:1082A000FFFFFFFFFFFFFFFFFFFFFFFFFFFFFFFFDE
:1082B000FFFFFFFFFFFFFFFFFFFFFFFFFFFFFFFFCE
:1082C000FFFFFFFFFFFFFFFFFFFFFFFFFFFFFFFFBE
:1082D000FFFFFFFFFF490024000049FFFFFFFFFFF2
:1082E000FFFFFFFFFFFFFFFFFFFFFFFFFFFFFFFF9E
:1082F000FFFFFFFFFFFFFFFFFFFFFFFFFFFFFFFF8E
:10830000FFFFFFFFFFFFFFFFFFFFFFFFFFFFFFFF7D
:10831000FFFFFFFFFF490024000049FFFFFFFFFFB1
:10832000FFFFFFFFFFFFFFFFFFFFFFFFFFFFFFFF5D
:10833000FFFFFFFFFFFFFFFFFFFFFFFFFFFFFFFF4D
:10834000FFFFFFFFFFFFFFFFFFFFFFFFFFFFFFFF3D
:10835000FFFFFFFFFF490024000049FFFFFFFFFF71
:10836000FFFFFFFFFFFFFFFFFFFFFFFFFFFFFFFF1D
:10837000FFFFFFFFFFFFFFFFFFFFFFFFFFFFFFFF0D
:10838000FFFFFFFFFFFFFFFFFFFFFFFFFFFFFFFFFD
:10839000FFFFFFFFFF490024000049FFFFFFFFFF31
:1083A000FFFFFFFFFFFFFFFFFFFFFFFFFFFFFFFFDD
:1083B000FFFFFFFFFFFFFFFFFFFFFFFFFFFFFFFFCD
:1083C000FFFFFFFFFFFFFFFFFFFFFFFFFFFFFFFFBD
:1083D000FFFFFFFFFF240049000049FFFFFFFFFFF1
:1083E000FFFFFFFFFFFFFFFFFFFFFFFFFFFFFFFF9D
:1083F000FFFFFFFFFFFFFFFFFFFFFFFFFFFFFFFF8D
:10840000FFFFFFFFFFFFFFFFFFFFFFFFFFFFFFFF7C
:10841000FFFFFFFFDB240092000049FFFFFFFFFF8B
:10842000FFFFFFFFFFFFFFFFFFFFFFFFFFFFFFFF5C
:10843000FFFFFFFFFFFFFFFFFFFFFFFFFFFFFFFF4C
:10844000FFFFFFFFFFFFFFFFFFFFFFFFFFFFFFFF3C
:10845000FFFFFFFFB60000B6000049FFFFFFFFFF70
:10846000FFFFFFFFFFFFFFFFFFFFFFFFFFFFFFFF1C
:10847000FFFFFFFFFFFFFFFFFFFFFFFFFFFFFFFF0C
:10848000FFFFFFFFFFFFFFFFFFFFFFFFFFFFFFFFFC
:10849000FFFFFFFF490024DB000049FFFFFFFFFF54
:1084A000FFFFFFFFFFFFFFFFFFFFFFDBDBFFFFFF24
:1084B000FFFFFFFFFFFFFFFFFFFFFFFFFFFFFFFFCC
:1084C000FFFFFFFFFFFFFFFFFFFFFFFFFFFFFFFFBC
:1084D000FFFFFFDB000049FF000049FFFFFFFFFF38
:1084E000FFFFFFFFFFFFFFFFFFFFDB2424B6FFFFBF
:1084F000FFFFFFFFFFFFFFFFFFFFFFFFFFFFFFFF8C
:10850000FFFFFFFFFFFFFFFFFFFFFFFFFFFFFFFF7B
:10851000FFFFFF490000B6FF000049FFFFFFFFFF1C
:10852000FFFFFFFFFFFFFFFFFFFF49000024B6FF33
:10853000FFFFFFFFFFFFFFFFFFFFFFFFFFFFFFFF4B
:10854000FFFFFFFFFFFFFFFFFFFFFFFFFFFFFFFF3B
:10855000FFFFB6240049FFFF000049FFFFFFFFFFB8
:10856000FFFFFFFFFFFFFFFFFFB6000000002492A8
:10857000FFFFFFFFFFFFFFFFFFFFFFFFFFFFFFFF0B
:10858000FFFFFFFFFFFFFFFFFFFFFFFFFFFFFFFFFB
:10859000FFFF240024DBFFFF000049FFFFFFFFFF78
:1085A000FFFFFFFFFFFFFFFFFF4900246D240000D6
:1085B0006DDBFFFFFFFFFFFFFFFFFFFFFFFFFFFF81
:1085C000FFFFFFFFFFFFFFFFFFFFFFFFFFFFFFFFBB
:1085D000FF4900006DFFFFFF000049FFFFFFFFFFA5
:1085E000FFFFFFFFFFFFFFFFB6000092FFB6240072
:1085F000002492FFFFFFFFFFFFFFFFFFFFFFFFFFD2
:10860000FFFFFFFFFFFFFFFFFFFFFFFFFFFFFFFF7A
:108610006D000049FFFFFFFF000049FFFFFFFFFF64
:10862000FFFFFFFFFFFFFFFF240024DBFFFFDB490D
:108630000000002492DBFFFFFFFFFFFFFFFFFFFFB3
:10864000FFFFFFFFFFFFFFFFFFFFFFFFFFFFDB4914
:10865000000024DBFFFFFFFF000049FFFFFFFFFFDB
:10866000FFFFFFFFFFFFFF6D000092FFFFFFFFFF17
:108670009224000000244992DBFFFFFFFFFFFFFF71
:10868000FFFFFFFFFFFFFFFFFFFFFFFFFF92240041
:108690000024DBFFFFFFFFFF000049FFFFFFFFFF9C
:1086A000FFFFFFFFFFFFDB240024FFFFFFFFFFFFB3
:1086B000FFFF6D240000000000244992B6B6DBDB0A
:1086C000DBDBDBDBDBDBDBDBDBDBB66D24000000D5
:1086D00049FFFFFFFFFFFFFF000049FFFFFFFFFF14
:1086E000FFFFFFFFFFFF6D0000B6FFFFFFFFFFFF73
:1086F000FFFFFFFFB649000000000000000000007F
:10870000000000000000000000000000000024B68F
:10871000FFFFFFFFFFFFFFFF000049FFFFFFFFFF1D
:10872000FFFFFFFFFFDB000049FFFFFFFFFFFFFF31
:10873000FFFFFFFFFFFFFFB66D4924242400000068
:108740000000000000000000000000244992FFFF2C
:10875000FFFFFFFFFFFFFFFF000049FFFFFFFFFFDD
:10876000FFFFFFFFFF490000B6FFFFFFFFFFFFFF16
:10877000FFFFFFFFFFFFFFFFFFFFFFDBDBDBDBDBBD
:10878000DBDBDBDBDBDBDBDBDBDBDBDBFFFFFFFFA9
:10879000FFFFFFFFFFFFFFFF000049FFFFFFFFFF9D
:1087A000FFFFFFFFDB240049FFFFFFFFFFFFFFFF8D
:1087B000FFFFFFFFFFFFFFFFFFFFFFFFFFFFFFFFC9
:1087C000FFFFFFFFFFFFFFFFFFFFFFFFFFFFFFFFB9
:1087D000FFFFFFFFFFFFFFFF000049FFFFFFFFFF5D
:1087E000FFFFFFFF490024DBFFFFFFFFFFFFFFFF4D
:1087F000FFFFFFFFFFFFFFFFFFFFFFFFFFFFFFFF89
:10880000FFFFFFFFFFFFFFFFFFFFFFFFFFFFFFFF78
:10881000FFFFFFFFFFFFFFFF000049FFFFFFFFFF1C
:10882000FFFFFF9200006DFFFFFFFFFFFFFFFFFF55
:10883000FFFFFFFFFFFFFFFFFFFFFFFFFFFFFFFF48
:10884000FFFFFFFFFFFFFFFFFFFFFFFFFFFFFFFF38
:10885000FFFFFFFFFFFFFFFF000049FFFFFFFFFFDC
:10886000FFFFFF240024DBFFFFFFFFFFFFFFFFFFF1
:10887000FFFFFFFFFFFFFFFFFFFFFFFFFFFFFFFF08
:10888000FFFFFFFFFFFFFFFFFFFFFFFFFFFFFFFFF8
:10889000FFFFFFFFFFFFFFFF000049FFFFFFFFFF9C
:1088A000FFFF92000092FFFFFFFFFFFFFFFFFFFFB0
:1088B000FFFFFFFFFFFFFFFFFFFFFFFFFFFFFFFFC8
:1088C000FFFFFFFFFFFFFFFFFFFFFFFFFFFFFFFFB8
:1088D000FFFFFFFFFFFFFFFF000049FFFFFFFFFF5C
:1088E000FFFF240024FFFFFFFFFFFFFFFFFFFFFF4D
:1088F000FFFFFFFFFFFFFFFFFFFFFFFFFFFFFFFF88
:10890000FFFFFFFFFFFFFFFFFFFFFFFFFFFFFFFF77
:10891000FFFFFFFFFFFFFFFF000049FFFFFFFFFF1B
:10892000FF6D000092FFFFFFFFFFFFFFFFFFFFFF54
:10893000FFFFFFFFFFFFFFFFFFFFFFFFFFFFFFFF47
:10894000FFFFFFFFFFFFFFFFFFFFFFFFFFFFFFFF37
:10895000FFFFFFFFFFFFFFFF000049FFFFFFFFFFDB
:10896000DB240024FFFFFFFFFFFFFFFFFFFFFFFFF0
:10897000FFFFFFFFFFFFFFFFFFFFFFFFFFFFFFFF07
:10898000FFFFFFFFFFFFFFFFFFFFFFFFFFFFFFFFF7
:10899000FFFFFFFFFFFFFFFF000049FFFFFFFFFF9B
:1089A0006D0024B6FFFFFFFFFFFFFFFFFFFFFFFF8C
:1089B000FFFFFFFFFFFFFFFFFFFFFFFFFFFFFFFFC7
:1089C000FFFFFFFFFFFFFFFFFFFFFFFFFFFFFFFFB7
:1089D000FFFFFFFFFFFFFFFF000049FFFFFFFFDB7F
:1089E000240049FFFFFFFFFFFFFFFFFFFFFFFFFF27
:1089F000FFFFFFFFFFFFFFFFFFFFFFFFFFFFFFFF87
:108A0000FFFFFFFFFFFFFFFFFFFFFFFFFFFFFFFF76
:108A1000FFFFFFFFFFFFFFFF000049FFFFFFFF49D0
:108A20000000B6FFFFFFFFFFFFFFFFFFFFFFFFFF9D
:108A3000FFFFFFFFFFFFFFFFFFFFFFFFFFFFFFFF46
:108A4000FFFFFFFFFFFFFFFFFFFFFFFFFFFFFFFF36
:108A5000FFFFFFFFFFFFFFFF490024494949492469
:108A6000006DFFFFFFFFFFFFFFFFFFFFFFFFFFFFA7
:108A7000FFFFFFFFFFFFFFFFFFFFFFFFFFFFFFFF06
:108A8000FFFFFFFFFFFFFFFFFFFFFFFFFFFFFFFFF6
:108A9000FFFFFFFFFFFFFFFFB62400000000000004
:108AA00024DBFFFFFFFFFFFFFFFFFFFFFFFFFFFFD5
:108AB000FFFFFFFFFFFFFFFFFFFFFFFFFFFFFFFFC6
:108AC000FFFFFFFFFFFFFFFFFFFFFFFFFFFFFFFFB6
:108AD000FFFFFFFFFFFFFFFFFFB6490000000000A0
:108AE00092FFFFFFFFFFFFFFFFFFFFFFFFFFFFFF03
:108AF000FFFFFFFFFFFFFFFFFFFFFFFFFFFFFFFF86
:108B0000FFFFFFFFFFFFFFFFFFFFFFFFFFFFFFFF75
:108B1000FFFFFFFFFFFFFFFFFFB64900000000005F
:108B200092FFFFFFFFFFFFFFFFFFFFFFFFFFFFFFC2
:108B3000FFFFFFFFFFFFFFFFFFFFFFFFFFFFFFFF45
:108B4000FFFFFFFFFFFFFFFFFFFFFFFFFFFFFFFF35
:108B5000FFFFFFFFFFFFFFFFB62400000000000043
:108B600024DBFFFFFFFFFFFFFFFFFFFFFFFFFFFF14
:108B7000FFFFFFFFFFFFFFFFFFFFFFFFFFFFFFFF05
:108B8000FFFFFFFFFFFFFFFFFFFFFFFFFFFFFFFFF5
:108B9000FFFFFFFFFFFFFFFF490024494949492428
:108BA000006DFFFFFFFFFFFFFFFFFFFFFFFFFFFF66
:108BB000FFFFFFFFFFFFFFFFFFFFFFFFFFFFFFFFC5
:108BC000FFFFFFFFFFFFFFFFFFFFFFFFFFFFFFFFB5
:108BD000FFFFFFFFFFFFFFFF000049FFFFFFFF490F
:108BE0000000B6FFFFFFFFFFFFFFFFFFFFFFFFFFDC
:108BF000FFFFFFFFFFFFFFFFFFFFFFFFFFFFFFFF85
:108C0000FFFFFFFFFFFFFFFFFFFFFFFFFFFFFFFF74
:108C1000FFFFFFFFFFFFFFFF000049FFFFFFFFDB3C
:108C2000240049FFFFFFFFFFFFFFFFFFFFFFFFFFE4
:108C3000FFFFFFFFFFFFFFFFFFFFFFFFFFFFFFFF44
:108C4000FFFFFFFFFFFFFFFFFFFFFFFFFFFFFFFF34
:108C5000FFFFFFFFFFFFFFFF000049FFFFFFFFFFD8
:108C60006D0024B6FFFFFFFFFFFFFFFFFFFFFFFFC9
:108C7000FFFFFFFFFFFFFFFFFFFFFFFFFFFFFFFF04
:108C8000FFFFFFFFFFFFFFFFFFFFFFFFFFFFFFFFF4
:108C9000FFFFFFFFFFFFFFFF000049FFFFFFFFFF98
:108CA000DB240024FFFFFFFFFFFFFFFFFFFFFFFFAD
:108CB000FFFFFFFFFFFFFFFFFFFFFFFFFFFFFFFFC4
:108CC000FFFFFFFFFFFFFFFFFFFFFFFFFFFFFFFFB4
:108CD000FFFFFFFFFFFFFFFF000049FFFFFFFFFF58
:108CE000FF6D000092FFFFFFFFFFFFFFFFFFFFFF91
:108CF000FFFFFFFFFFFFFFFFFFFFFFFFFFFFFFFF84
:108D0000FFFFFFFFFFFFFFFFFFFFFFFFFFFFFFFF73
:108D1000FFFFFFFFFFFFFFFF000049FFFFFFFFFF17
:108D2000FFFF240024DBFFFFFFFFFFFFFFFFFFFF2C
:108D3000FFFFFFFFFFFFFFFFFFFFFFFFFFFFFFFF43
:108D4000FFFFFFFFFFFFFFFFFFFFFFFFFFFFFFFF33
:108D5000FFFFFFFFFFFFFFFF000049FFFFFFFFFFD7
:108D6000FFFFB600006DFFFFFFFFFFFFFFFFFFFFEC
:108D7000FFFFFFFFFFFFFFFFFFFFFFFFFFFFFFFF03
:108D8000FFFFFFFFFFFFFFFFFFFFFFFFFFFFFFFFF3
:108D9000FFFFFFFFFFFFFFFF000049FFFFFFFFFF97
:108DA000FFFFFF490000DBFFFFFFFFFFFFFFFFFFAB
:108DB000FFFFFFFFFFFFFFFFFFFFFFFFFFFFFFFFC3
:108DC000FFFFFFFFFFFFFFFFFFFFFFFFFFFFFFFFB3
:108DD000FFFFFFFFFFFFFFFF000049FFFFFFFFFF57
:108DE000FFFFFFB6000049FFFFFFFFFFFFFFFFFF90
:108DF000FFFFFFFFFFFFFFFFFFFFFFFFFFFFFFFF83
:108E0000FFFFFFFFFFFFFFFFFFFFFFFFFFFFFFFF72
:108E1000FFFFFFFFFFFFFFFF000049FFFFFFFFFF16
:108E2000FFFFFFFF490024DBFFFFFFFFFFFFFFFF06
:108E3000FFFFFFFFFFFFFFFFFFFFFFFFFFFFFFFF42
:108E4000FFFFFFFFFFFFFFFFFFFFFFFFFFFFFFFF32
:108E5000FFFFFFFFFFFFFFFF000049FFFFFFFFFFD6
:108E6000FFFFFFFFDB240049FFFFFFFFFFFFFFFFC6
:108E7000FFFFFFFFFFFFFFFFFFFFFFFFFFFFFFFF02
:108E8000FFFFFFFFFFFFFFFFFFFFFFFFFFFFFFFFF2
:108E9000FFFFFFFFFFFFFFFF000049FFFFFFFFFF96
:108EA000FFFFFFFFFF490000B6FFFFFFFFFFFFFFCF
:108EB000FFFFFFFFFFFFFFFFFFFFFFDBDBDBDBDB76
:108EC000DBDBDBDBDBDBDBDBDBDBDBDBFFFFFFFF62
:108ED000FFFFFFFFFFFFFFFF000049FFFFFFFFFF56
:108EE000FFFFFFFFFFDB240049FFFFFFFFFFFFFF46
:108EF000FFFFFFFFFFFFDB926D49242424000000E9
:108F00000000000000000000000000002449DBFF1A
:108F1000FFFFFFFFFFFFFFFF000049FFFFFFFFFF15
:108F2000FFFFFFFFFFFF920000B6FFFFFFFFFFFF05
:108F3000FFFFFFDBB649000000000000000000005A
:108F40000000000000000000000000000000246D90
:108F5000FFFFFFFFFFFFFFFF000049FFFFFFFFFFD5
:108F6000FFFFFFFFFFFFDB240024FFFFFFFFFFFFEA
:108F7000FFDB49240000000000246D92B6B6DBDB65
:108F8000DBDBDBDBDBDBDBDBDBDBDB92490000009D
:108F900024DBFFFFFFFFFFFF000049FFFFFFFFFF94
:108FA000FFFFFFFFFFFFFF9200006DFFFFFFFFFFCE
:108FB0006D24000000244992DBFFFFFFFFFFFFFF4D
:108FC000FFFFFFFFFFFFFFFFFFFFFFFFFFB64900AF
:108FD0000024B6FFFFFFFFFF000049FFFFFFFFFF78
:108FE000FFFFFFFFFFFFFFFF240024DBFFFFB6248E
:108FF00000000049B6FFFFFFFFFFFFFFFFFFFFFF7D
:10900000FFFFFFFFFFFFFFFFFFFFFFFFFFFFFF6D02
:10901000000024DBFFFFFFFF000049FFFFFFFFFF11
:10902000FFFFFFFFFFFFFFFFB624006DFF92000070
:109030000049B6FFFFFFFFFFFFFFFFFFFFFFFFFF3E
:10904000FFFFFFFFFFFFFFFFFFFFFFFFFFFFFFFF30
:1090500092240024FFFFFFFF000049FFFFFFFFFFF6
:10906000FFFFFFFFFFFFFFFFFF4900004900000077
:1090700092FFFFFFFFFFFFFFFFFFFFFFFFFFFFFF6D
:10908000FFFFFFFFFFFFFFFFFFFFFFFFFFFFFFFFF0
:10909000FF92000049FFFFFF000049FFFFFFFFFFB5
:1090A000FFFFFFFFFFFFFFFFFFB60000000024B639
:1090B000FFFFFFFFFFFFFFFFFFFFFFFFFFFFFFFFC0
:1090C000FFFFFFFFFFFFFFFFFFFFFFFFFFFFFFFFB0
:1090D000FFFF490024B6FFFF000049FFFFFFFFFF2D
:1090E000FFFFFFFFFFFFFFFFFFFF6D000024DBFF1F
:1090F000FFFFFFFFFFFFFFFFFFFFFFFFFFFFFFFF80
:10910000FFFFFFFFFFFFFFFFFFFFFFFFFFFFFFFF6F
:10911000FFFFDB240024FFFF000049FFFFFFFFFFEC
:10912000FFFFFFFFFFFFFFFFFFFFDB2424DBFFFF4D
:10913000FFFFFFFFFFFFFFFFFFFFFFFFFFFFFFFF3F
:10914000FFFFFFFFFFFFFFFFFFFFFFFFFFFFFFFF2F
:10915000FFFFFF6D0000B6FF000049FFFFFFFFFFAC
:10916000FFFFFFFFFFFFFFFFFFFFFFFFFFFFFFFF0F
:10917000FFFFFFFFFFFFFFFFFFFFFFFFFFFFFFFFFF
:10918000FFFFFFFFFFFFFFFFFFFFFFFFFFFFFFFFEF
:10919000FFFFFFFF240049FF000049FFFFFFFFFF23
:1091A000FFFFFFFFFFFFFFFFFFFFFFFFFFFFFFFFCF
:1091B000FFFFFFFFFFFFFFFFFFFFFFFFFFFFFFFFBF
:1091C000FFFFFFFFFFFFFFFFFFFFFFFFFFFFFFFFAF
:1091D000FFFFFFFF6D0024DB000049FFFFFFFFFFE3
:1091E000FFFFFFFFFFFFFFFFFFFFFFFFFFFFFFFF8F
:1091F000FFFFFFFFFFFFFFFFFFFFFFFFFFFFFFFF7F
:10920000FFFFFFFFFFFFFFFFFFFFFFFFFFFFFFFF6E
:10921000FFFFFFFFB60000B6000049FFFFFFFFFFA2
:10922000FFFFFFFFFFFFFFFFFFFFFFFFFFFFFFFF4E
:10923000FFFFFFFFFFFFFFFFFFFFFFFFFFFFFFFF3E
:10924000FFFFFFFFFFFFFFFFFFFFFFFFFFFFFFFF2E
:10925000FFFFFFFFDB24006D000049FFFFFFFFFF62
:10926000FFFFFFFFFFFFFFFFFFFFFFFFFFFFFFFF0E
:10927000FFFFFFFFFFFFFFFFFFFFFFFFFFFFFFFFFE
:10928000FFFFFFFFFFFFFFFFFFFFFFFFFFFFFFFFEE
:10929000FFFFFFFFFF490049000049FFFFFFFFFFFD
:1092A000FFFFFFFFFFFFFFFFFFFFFFFFFFFFFFFFCE
:1092B000FFFFFFFFFFFFFFFFFFFFFFFFFFFFFFFFBE
:1092C000FFFFFFFFFFFFFFFFFFFFFFFFFFFFFFFFAE
:1092D000FFFFFFFFFF490024000049FFFFFFFFFFE2
:1092E000FFFFFFFFFFFFFFFFFFFFFFFFFFFFFFFF8E
:1092F000FFFFFFFFFFFFFFFFFFFFFFFFFFFFFFFF7E
:10930000FFFFFFFFFFFFFFFFFFFFFFFFFFFFFFFF6D
:10931000FFFFFFFFFF490000000049FFFFFFFFFFC5
:10932000FFFFFFFFFFFFFFFFFFFFFFFFFFFFFFFF4D
:10933000FFFFFFFFFFFFFFFFFFFFFFFFFFFFFFFF3D
:10934000FFFFFFFFFFFFFFFFFFFFFFFFFFFFFFFF2D
:10935000FFFFFFFFFF490024000049FFFFFFFFFF61
:10936000FFFFFFFFFFFFFFFFFFFFFFFFFFFFFFFF0D
:10937000FFFFFFFFFFFFFFFFFFFFFFFFFFFFFFFFFD
:10938000FFFFFFFFFFFFFFFFFFFFFFFFFFFFFFFFED
:10939000FFFFFFFFFF490024000049FFFFFFFFFF21
:1093A000FFFFFFFFFFFFFFFFFFFFFFFFFFFFFFFFCD
:1093B000FFFFFFFFFFFFFFFFFFFFFFFFFFFFFFFFBD
:1093C000FFFFFFFFFFFFFFFFFFFFFFFFFFFFFFFFAD
:1093D000FFFFFFFFFF240049000049FFFFFFFFFFE1
:1093E000FFFFFFFFFFFFFFFFFFFFFFFFFFFFFFFF8D
:1093F000FFFFFFFFFFFFFFFFFFFFFFFFFFFFFFFF7D
:10940000FFFFFFFFFFFFFFFFFFFFFFFFFFFFFFFF6C
:10941000FFFFFFFFDB240092000049FFFFFFFFFF7B
:10942000FFFFFFFFFFFFFFFFFFFFFFFFFFFFFFFF4C
:10943000FFFFFFFFFFFFFFFFFFFFFFFFFFFFFFFF3C
:10944000FFFFFFFFFFFFFFFFFFFFFFFFFFFFFFFF2C
:10945000FFFFFFFFB60000DB000049FFFFFFFFFF3B
:10946000FFFFFFFFFFFFFFFFFFFFFFFFFFFFFFFF0C
:10947000FFFFFFFFFFFFFFFFFFFFFFFFFFFFFFFFFC
:10948000FFFFFFFFFFFFFFFFFFFFFFFFFFFFFFFFEC
:10949000FFFFFFFF490024FF000049FFFFFFFFFF20
:1094A000FFFFFFFFFFFFFFFFFFFFFFB6B6FFFFFF5E
:1094B000FFFFFFFFFFFFFFFFFFFFFFFFFFFFFFFFBC
:1094C000FFFFFFFFFFFFFFFFFFFFFFFFFFFFFFFFAC
:1094D000FFFFFFDB00006DFF000049FFFFFFFFFF04
:1094E000FFFFFFFFFFFFFFFFFFFFB6242492FFFFF8
:1094F000FFFFFFFFFFFFFFFFFFFFFFFFFFFFFFFF7C
:10950000FFFFFFFFFFFFFFFFFFFFFFFFFFFFFFFF6B
:10951000FFFFFF6D0000DBFF492492FFFFFFFFFF0D
:10952000FFFFFFFFFFFFFFFFFFFF4900000092FF6B
:10953000FFFFFFFFFFFFFFFFFFFFFFFFFFFFFFFF3B
:10954000FFFFFFFFFFFFFFFFFFFFFFFFFFFFFFFF2B
:10955000FFFFDB24006DFFFFFFDBFFFFFFFFFFFFCF
:10956000FFFFFFFFFFFFFFFFFFB600000000246DBD
:10957000FFFFFFFFFFFFFFFFFFFFFFFFFFFFFFFFFB
:10958000FFFFFFFFFFFFFFFFFFFFFFFFFFFFFFFFEB
:10959000FFFF490024DBFFFFFFFFFFFFFFFFFFFF8F
:1095A000DBB6FFFFFFFFFFFFFF490024922400000E
:1095B00049DBFFFFFFFFFFFFFFFFFFFFFFFFFFFF95
:1095C000FFFFFFFFFFFFFFFFFFFFFFFFFFFFFFFFAB
:1095D000FF6D000092FFFFFFFFFFFFFFFFFFFFB6E1
:1095E00024006DFFFFFFFFFFB624006DFFDB2400AA
:1095F00000246DDBFFFFFFFFFFFFFFFFFFFFFFFF0B
:10960000FFFFFFFFFFFFFFFFFFFFFFFFFFFFFFFF6A
:109610006D24006DFFFFFFFFFFFFFFFFFFFFB6247C
:10962000000092FFFFFFFFFF490024DBFFFFFF6DFB
:10963000240000006DDBFFFFFFFFFFFFFFFFFFFFC8
:10964000FFFFFFFFFFFFFFFFFFFFFFFFFFFFFF6DBC
:10965000000049FFFFFFFFFFFFFFFFFFFFB62400F1
:109660000092FFFFFFFFFFB600006DFFFFFFFFFF4F
:10967000B64900000024496DB6FFFFFFFFFFFFFF62
:10968000FFFFFFFFFFFFFFFFFFFFFFFFFFB64900E8
:109690000049FFFFFFFFFFFFFFFFFFFFB6240000B1
:1096A0006DFFFFFFFFFFFF490024DBFFFFFFFFFF10
:1096B000FFFF9249240000000000496D92B6DBDBF9
:1096C000DBDBDBDBDBDBDBDBDBDBDB924900002432
:1096D0006DFFFFFFFFFFFFFFFFFFFFB624000092BB
:1096E000FFFFFFFFFFFFDB24006DFFFFFFFFFFFF1A
:1096F000FFFFFFFFDB9224000000000000000000DD
:10970000000000000000000000000000000049B65A
:10971000FFFFFFFFFFFFFFFFFFFFB62400006DFF0D
:10972000FFFFFFFFFFFFDB2424DBFFFFFFFFFFFF47
:10973000FFFFFFFFFFFFFFDB9249492424240000C5
:1097400000000000000000000000242449B6FFFFD4
:10975000FFFFFFFFFFFFFFFFFFB624000092FFFFA8
:10976000FFFFFFFFFFFFFFFFFFFFFFFFFFFFFFFF09
:10977000FFFFFFFFFFFFFFFFFFFFFFFFDBDBDBDB89
:10978000DBDBDBDBDBDBDBDBDBDBDBFFFFFFFFFF75
:10979000FFFFFFFFFFFFFFFFDB2400006DFFFFFF68
:1097A000FFFFFFFFFFFFFFFFFFFFFFFFFFFFFFFFC9
:1097B000FFFFFFFFFFFFFFFFFFFFFFFFFFFFFFFFB9
:1097C000FFFFFFFFFFFFFFFFFFFFFFFFFFFFFFFFA9
:1097D000FFFFFFFFFFFFFFFF2400006DFFFFFFFF04
:1097E000FFFFFFFFFFFFFFFFFFFFFFFFFFFFFFFF89
:1097F000FFFFFFFFFFFFFFFFFFFFFFFFFFFFFFFF79
:10980000FFFFFFFFFFFFFFFFFFFFFFFFFFFFFFFF68
:10981000FFFFFFFFFFFFFFFF4900000092FFFFFF78
:10982000FFFFFFFFFFFFFFFFFFFFFFFFFFFFFFFF48
:10983000FFFFFFFFFFFFFFFFFFFFFFFFFFFFFFFF38
:10984000FFFFFFFFFFFFFFFFFFFFFFFFFFFFFFFF28
:10985000FFFFFFFFFFFFFFFFFF6D00000049DBFF81
:10986000FFFFFFFFFFFFFFFFFFFFFFFFFFFFFFFF08
:10987000FFFFFFFFFFFFFFFFFFFFFFFFFFFFFFFFF8
:10988000FFFFFFFFFFFFFFFFFFFFFFFFFFFFFFFFE8
:10989000FFFFFFFFFFFFFFFFFFFFB624000024B61E
:1098A000FFFFFFFFFFFFFFFFFFFFFFFFFFFFFFFFC8
:1098B000FFFFFFFFFFFFFFFFFFFFFFFFFFFFFFFFB8
:1098C000FFFFFFFFFFFFFFFFFFFFFFFFFFFFFFFFA8
:1098D000FFFFFFFFFFFFFFFFFFFFFFDB490000244B
:1098E0006DFFFFFFFFFFFFFFFFFFFFFFFFFFFFFF1A
:1098F000FFFFFFFFFFFFFFFFFFFFFFFFFFFFFFFF78
:10990000FFFFFFFFFFFFFFFFFFFFFFFFFFFFFFFF67
:10991000FFFFFFFFFFFFFFFFFFFFFFFFFF9224009E
:109920000049DBFFFFFFFFFFFFFFFFFFFFFFFFFF20
:10993000FFFFFFFFFFFFFFFFFFFFFFFFFFFFFFFF37
:10994000FFFFFFFFFFFFFFFFFFFFFFFFFFFFFFFF27
:10995000FFFFFFFFFFFFFFFFFFFFFFFFFFFFDB2416
:1099600000002492FFFFFFFFFFFFFFFFFFFFFFFF4D
:10997000FFFFFFFFFFFFFFFFFFFFFFFFFFFFFFFFF7
:10998000FFFFFFFFFFFFFFFFFFFFFFFFFFFFFFFFE7
:10999000FFFFFFFFFFFFFFFFFFFFFFFFFFFFFFFFD7
:1099A0006D2400006DFFFFFFFFFFFFFFFFFFFFFFC4
:1099B000FFFFFFFFFFFFFFFFFFFFFFFFFFFFFFFFB7
:1099C000FFFFFFFFFFFFFFFFFFFFFFFFFFFFFFFFA7
:1099D000FFFFFFFFFFFFFFFFFFFFFFFFFFFFFFFF97
:1099E000FFB624000024B6FFFFFFFFFFFFFFFFFFCD
:1099F000FFFFFFFFFFFFFFFFFFFFFFFFFFFFFFFF77
:109A0000FFFFFFFFFFFFFFFFFFFFFFFFFFFFFFFF66
:109A1000FFFFFFFFFFFFFFFFFFFFFFFFFFFFFFFF56
:109A2000FFFFDB4900002492FFFFFFFFFFFFFFFF66
:109A3000FFFFFFFFFFFFFFFFFFFFFFFFFFFFFFFF36
:109A4000FFFFFFFFFFFFFFFFFFFFFFFFFFFFFFFF26
:109A5000FFFFFFFFFFFFFFFFFFFFFFFFFFFFFFFF16
:109A6000FFFFFFFF9224000049FFFFFFFFFFFFFF02
:109A7000FFFFFFFFFFFFFFFFFFFFFFFFFFFFFFFFF6
:109A8000FFFFFFFFFFFFFFFFFFFFFFFFFFFFFFFFE6
:109A9000FFFFFFFFFFFFFFFFFFFFFFFFFFFFFFFFD6
:109AA000FFFFFFFFFFB6240024DBFFFFFFFFFFFFE8
:109AB000FFFFFFFFFFFFFFFFFFFFFFFFFFFFFFFFB6
:109AC000FFFFFFFFFFFFFFFFFFFFFFFFFFFFFFFFA6
:109AD000FFFFFFFFFFFFFFFFFFFFFFFFFFFFFFFF96
:109AE000FFFFFFFFFFFFDB6D6DFFFFFFFFFFFFFFCE
:109AF000FFFFFFFFFFFFFFFFFFFFFFFFFFFFFFFF76
:109B0000FFFFFFFFFFFFFFFFFFFFFFFFFFFFFFFF65
:109B1000FFFFFFFFFFFFFFFFFFB64900000000004F
:109B200092FFFFFFFFFFFFFFFFFFFFFFFFFFFFFFB2
:109B3000FFFFFFFFFFFFFFFFFFFFFFFFFFFFFFFF35
:109B4000FFFFFFFFFFFFFFFFFFFFFFFFFFFFFFFF25
:109B5000FFFFFFFFFFFFFFFFB62400000000000033
:109B600024DBFFFFFFFFFFFFFFFFFFFFFFFFFFFF04
:109B7000FFFFFFFFFFFFFFFFFFFFFFFFFFFFFFFFF5
:109B8000FFFFFFFFFFFFFFFFFFFFFFFFFFFFFFFFE5
:109B9000FFFFFFFFFFFFFFFF490024494949492418
:109BA000006DFFFFFFFFFFFFFFFFFFFFFFFFFFFF56
:109BB000FFFFFFFFFFFFFFFFFFFFFFFFFFFFFFFFB5
:109BC000FFFFFFFFFFFFFFFFFFFFFFFFFFFFFFFFA5
:109BD000FFFFFFFFFFFFFFFF000049FFFFFFFF49FF
:109BE0000000B6FFFFFFFFFFFFFFFFFFFFFFFFFFCC
:109BF000FFFFFFFFFFFFFFFFFFFFFFFFFFFFFFFF75
:109C0000FFFFFFFFFFFFFFFFFFFFFFFFFFFFFFFF64
:109C1000FFFFFFFFFFFFFFFF000049FFFFFFFFDB2C
:109C2000240049FFFFFFFFFFFFFFFFFFFFFFFFFFD4
:109C3000FFFFFFFFFFFFFFFFFFFFFFFFFFFFFFFF34
:109C4000FFFFFFFFFFFFFFFFFFFFFFFFFFFFFFFF24
:109C5000FFFFFFFFFFFFFFFF000049FFFFFFFFFFC8
:109C60006D0024B6FFFFFFFFFFFFFFFFFFFFFFFFB9
:109C7000FFFFFFFFFFFFFFFFFFFFFFFFFFFFFFFFF4
:109C8000FFFFFFFFFFFFFFFFFFFFFFFFFFFFFFFFE4
:109C9000FFFFFFFFFFFFFFFF000049FFFFFFFFFF88
:109CA000DB240024FFFFFFFFFFFFFFFFFFFFFFFF9D
:109CB000FFFFFFFFFFFFFFFFFFFFFFFFFFFFFFFFB4
:109CC000FFFFFFFFFFFFFFFFFFFFFFFFFFFFFFFFA4
:109CD000FFFFFFFFFFFFFFFF000049FFFFFFFFFF48
:109CE000FF6D000092FFFFFFFFFFFFFFFFFFFFFF81
:109CF000FFFFFFFFFFFFFFFFFFFFFFFFFFFFFFFF74
:109D0000FFFFFFFFFFFFFFFFFFFFFFFFFFFFFFFF63
:109D1000FFFFFFFFFFFFFFFF000049FFFFFFFFFF07
:109D2000FFFF240024DBFFFFFFFFFFFFFFFFFFFF1C
:109D3000FFFFFFFFFFFFFFFFFFFFFFFFFFFFFFFF33
:109D4000FFFFFFFFFFFFFFFFFFFFFFFFFFFFFFFF23
:109D5000FFFFFFFFFFFFFFFF000049FFFFFFFFFFC7
:109D6000FFFFB6000092FFFFFFFFFFFFFFFFFFFFB7
:109D7000FFFFFFFFFFFFFFFFFFFFFFFFFFFFFFFFF3
:109D8000FFFFFFFFFFFFFFFFFFFFFFFFFFFFFFFFE3
:109D9000FFFFFFFFFFFFFFFF000049FFFFFFFFFF87
:109DA000FFFFFF490024DBFFFFFFFFFFFFFFFFFF77
:109DB000FFFFFFFFFFFFFFFFFFFFFFFFFFFFFFFFB3
:109DC000FFFFFFFFFFFFFFFFFFFFFFFFFFFFFFFFA3
:109DD000FFFFFFFFFFFFFFFF000049FFFFFFFFFF47
:109DE000FFFFFFB600006DFFFFFFFFFFFFFFFFFF5C
:109DF000FFFFFFFFFFFFFFFFFFFFFFFFFFFFFFFF73
:109E0000FFFFFFFFFFFFFFFFFFFFFFFFFFFFFFFF62
:109E1000FFFFFFFFFFFFFFFF000049FFFFFFFFFF06
:109E2000FFFFFFFF490024DBFFFFFFFFFFFFFFFFF6
:109E3000FFFFFFFFFFFFFFFFFFFFFFFFFFFFFFFF32
:109E4000FFFFFFFFFFFFFFFFFFFFFFFFFFFFFFFF22
:109E5000FFFFFFFFFFFFFFFF000049FFFFFFFFFFC6
:109E6000FFFFFFFFDB240049FFFFFFFFFFFFFFFFB6
:109E7000FFFFFFFFFFFFFFFFFFFFFFFFFFFFFFFFF2
:109E8000FFFFFFFFFFFFFFFFFFFFFFFFFFFFFFFFE2
:109E9000FFFFFFFFFFFFFFFF000049FFFFFFFFFF86
:109EA000FFFFFFFFFF490000B6FFFFFFFFFFFFFFBF
:109EB000FFFFFFFFFFFFFFFFFFFFFFDBDBDBB6B6B0
:109EC000B6B6B6B6B6B6B6B6B6B6DBDBFFFFFFFFC4
:109ED000FFFFFFFFFFFFFFFF000049FFFFFFFFFF46
:109EE000FFFFFFFFFFDB000049FFFFFFFFFFFFFF5A
:109EF000FFFFFFFFFFFFFF926D49242424000000B5
:109F0000000000000000000000000024496DFFFF79
:109F1000FFFFFFFFFFFFFFFF000049FFFFFFFFFF05
:109F2000FFFFFFFFFFFF6D0000B6FFFFFFFFFFFF1A
:109F3000FFFFFFDBB649000000000000000000004A
:109F4000000000000000000000000000000024925B
:109F5000FFFFFFFFFFFFFFFF000049FFFFFFFFFFC5
:109F6000FFFFFFFFFFFFDB240024FFFFFFFFFFFFDA
:109F7000FFDB6D240000000000246D92B6DBDBDB0C
:109F8000DBDBDBDBDBDBDBDBDBDBB69224000000D7
:109F900049DBFFFFFFFFFFFF000049FFFFFFFFFF5F
:109FA000FFFFFFFFFFFFFF6D00006DFFFFFFFFFFE3
:109FB0009224000000244992DBFFFFFFFFFFFFFF18
:109FC000FFFFFFFFFFFFFFFFFFFFFFFFFF922400E8
:109FD0000024DBFFFFFFFFFF000049FFFFFFFFFF43
:109FE000FFFFFFFFFFFFFFFF240024DBFFFFDB4934
:109FF00000000049B6DBFFFFFFFFFFFFFFFFFFFF91
:10A00000FFFFFFFFFFFFFFFFFFFFFFFFFFFFDB493A
:10A01000000024DBFFFFFFFF000049FFFFFFFFFF01
:10A02000FFFFFFFFFFFFFFFFB600006DFF92240060
:10A03000002492FFFFFFFFFFFFFFFFFFFFFFFFFF77
:10A04000FFFFFFFFFFFFFFFFFFFFFFFFFFFFFFFF20
:10A050006D000049FFFFFFFF000049FFFFFFFFFF0A
:10A06000FFFFFFFFFFFFFFFFFF4900246D240000FB
:10A070006DFFFFFFFFFFFFFFFFFFFFFFFFFFFFFF82
:10A08000FFFFFFFFFFFFFFFFFFFFFFFFFFFFFFFFE0
:10A09000FF4900006DFFFFFF000049FFFFFFFFFFCA
:10A0A000FFFFFFFFFFFFFFFFFFB60000000024B629
:10A0B000FFFFFFFFFFFFFFFFFFFFFFFFFFFFFFFFB0
:10A0C000FFFFFFFFFFFFFFFFFFFFFFFFFFFFFFFFA0
:10A0D000FFFF240024DBFFFF000049FFFFFFFFFF1D
:10A0E000FFFFFFFFFFFFFFFFFFFF49000024B6FF58
:10A0F000FFFFFFFFFFFFFFFFFFFFFFFFFFFFFFFF70
:10A10000FFFFFFFFFFFFFFFFFFFFFFFFFFFFFFFF5F
:10A11000FFFFB6240049FFFF000049FFFFFFFFFFDC
:10A12000FFFFFFFFFFFFFFFFFFFFDB2424B6FFFF62
:10A13000FFFFFFFFFFFFFFFFFFFFFFFFFFFFFFFF2F
:10A14000FFFFFFFFFFFFFFFFFFFFFFFFFFFFFFFF1F
:10A15000FFFFFF490000B6FF000049FFFFFFFFFFC0
:10A16000FFFFFFFFFFFFFFFFFFFFFFDBDBFFFFFF47
:10A17000FFFFFFFFFFFFFFFFFFFFFFFFFFFFFFFFEF
:10A18000FFFFFFFFFFFFFFFFFFFFFFFFFFFFFFFFDF
:10A19000FFFFFFDB000049FF000049FFFFFFFFFF5B
:10A1A000FFFFFFFFFFFFFFFFFFFFFFFFFFFFFFFFBF
:10A1B000FFFFFFFFFFFFFFFFFFFFFFFFFFFFFFFFAF
:10A1C000FFFFFFFFFFFFFFFFFFFFFFFFFFFFFFFF9F
:10A1D000FFFFFFFF490024DB000049FFFFFFFFFFF7
:10A1E000FFFFFFFFFFFFFFFFFFFFFFFFFFFFFFFF7F
:10A1F000FFFFFFFFFFFFFFFFFFFFFFFFFFFFFFFF6F
:10A20000FFFFFFFFFFFFFFFFFFFFFFFFFFFFFFFF5E
:10A21000FFFFFFFFB60000B6000049FFFFFFFFFF92
:10A22000FFFFFFFFFFFFFFFFFFFFFFFFFFFFFFFF3E
:10A23000FFFFFFFFFFFFFFFFFFFFFFFFFFFFFFFF2E
:10A24000FFFFFFFFFFFFFFFFFFFFFFFFFFFFFFFF1E
:10A25000FFFFFFFFDB24006D000049FFFFFFFFFF52
:10A26000FFFFFFFFFFFFFFFFFFFFFFFFFFFFFFFFFE
:10A27000FFFFFFFFFFFFFFFFFFFFFFFFFFFFFFFFEE
:10A28000FFFFFFFFFFFFFFFFFFFFFFFFFFFFFFFFDE
:10A29000FFFFFFFFFF240049000049FFFFFFFFFF12
:10A2A000FFFFFFFFFFFFFFFFFFFFFFFFFFFFFFFFBE
:10A2B000FFFFFFFFFFFFFFFFFFFFFFFFFFFFFFFFAE
:10A2C000FFFFFFFFFFFFFFFFFFFFFFFFFFFFFFFF9E
:10A2D000FFFFFFFFFF490024000049FFFFFFFFFFD2
:10A2E000FFFFFFFFFFFFFFFFFFFFFFFFFFFFFFFF7E
:10A2F000FFFFFFFFFFFFFFFFFFFFFFFFFFFFFFFF6E
:10A30000FFFFFFFFFFFFFFFFFFFFFFFFFFFFFFFF5D
:10A31000FFFFFFFFFF490024000049FFFFFFFFFF91
:10A32000FFFFFFFFFFFFFFFFFFFFFFFFFFFFFFFF3D
:10A33000FFFFFFFFFFFFFFFFFFFFFFFFFFFFFFFF2D
:10A34000FFFFFFFFFFFFFFFFFFFFFFFFFFFFFFFF1D
:10A35000FFFFFFFFFF490024000049FFFFFFFFFF51
:10A36000FFFFFFFFFFFFFFFFFFFFFFFFFFFFFFFFFD
:10A37000FFFFFFFFFFFFFFFFFFFFFFFFFFFFFFFFED
:10A38000FFFFFFFFFFFFFFFFFFFFFFFFFFFFFFFFDD
:10A39000FFFFFFFFFF490024000049FFFFFFFFFF11
:10A3A000FFFFFFFFFFFFFFFFFFFFFFFFFFFFFFFFBD
:10A3B000FFFFFFFFFFFFFFFFFFFFFFFFFFFFFFFFAD
:10A3C000FFFFFFFFFFFFFFFFFFFFFFFFFFFFFFFF9D
:10A3D000FFFFFFFFFF240049000049FFFFFFFFFFD1
:10A3E000FFFFFFFFFFFFFFFFFFFFFFFFFFFFFFFF7D
:10A3F000FFFFFFFFFFFFFFFFFFFFFFFFFFFFFFFF6D
:10A40000FFFFFFFFFFFFFFFFFFFFFFFFFFFFFFFF5C
:10A41000FFFFFFFFDB240092000049FFFFFFFFFF6B
:10A42000FFFFFFFFFFFFFFFFFFFFFFFFFFFFFFFF3C
:10A43000FFFFFFFFFFFFFFFFFFFFFFFFFFFFFFFF2C
:10A44000FFFFFFFFFFFFFFFFFFFFFFFFFFFFFFFF1C
:10A45000FFFFFFFFB60000B6000049FFFFFFFFFF50
:10A46000FFFFFFFFFFFFFFFFFFFFFFFFFFFFFFFFFC
:10A47000FFFFFFFFFFFFFFFFFFFFFFFFFFFFFFFFEC
:10A48000FFFFFFFFFFFFFFFFFFFFFFFFFFFFFFFFDC
:10A49000FFFFFFFF490024FF000049FFFFFFFFFF10
:10A4A000FFFFFFFFFFFFFFFFFFFFFFDBDBFFFFFF04
:10A4B000FFFFFFFFFFFFFFFFFFFFFFFFFFFFFFFFAC
:10A4C000FFFFFFFFFFFFFFFFFFFFFFFFFFFFFFFF9C
:10A4D000FFFFFFDB000049FF000049FFFFFFFFFF18
:10A4E000FFFFFFFFFFFFFFFFFFFF922424B6FFFFE8
:10A4F000FFFFFFFFFFFFFFFFFFFFFFFFFFFFFFFF6C
:10A50000FFFFFFFFFFFFFFFFFFFFFFFFFFFFFFFF5B
:10A51000FFFFFF6D0000DBFF000049FFFFFFFFFFB3
:10A52000FFFFFFFFFFFFFFFFFF9200000000B6FFED
:10A53000FFFFFFFFFFFFFFFFFFFFFFFFFFFFFFFF2B
:10A54000FFFFFFFFFFFFFFFFFFFFFFFFFFFFFFFF1B
:10A55000FFFFDB240049FFFF000049FFFFFFFFFF73
:10A56000FFFFFFFFFFFFFFFF922400240000249263
:10A57000FFFFFFFFFFFFFFFFFFFFFFFFFFFFFFFFEB
:10A58000FFFFFFFFFFFFFFFFFFFFFFFFFFFFFFFFDB
:10A59000FFFF490024DBFFFF240049FFFFFFFFFF0F
:10A5A000FFFFFFFFFFFFFFFF240024B6B6240000DB
:10A5B00049DBFFFFFFFFFFFFFFFFFFFFFFFFFFFF85
:10A5C000FFFFFFFFFFFFFFFFFFFFFFFFFFFFFFFF9B
:10A5D000FF6D00006DFFFFFF9249DBFFFFFFFFFFF4
:10A5E000FFFFFFFFFFFFFFFF9249B6FFFFB624000A
:10A5F00000246DFFFFFFFFFFFFFFFFFFFFFFFFFFD7
:10A60000FFFFFFFFFFFFFFFFFFFFFFFFFFFFFFFF5A
:10A6100092240049FFFFFFFFFFFFFFFFFFFFFFFF47
:10A62000FFFFFFFFFFFFFFFFFFFFFFFFFFFFDB4914
:10A630000000002492DBFFFFFFFFFFFFFFFFFFFF93
:10A64000FFFFFFFFFFFFFFFFFFFFFFFFFFFFFF6DAC
:10A65000000049FFFFFFFFFFFFFFFFFFFFFFFFFFBE
:10A66000FFFFFFFFFFFFFFFFFFFFFFFFFFFFFFFFFA
:10A67000B62400000024496DB6FFFFFFFFFFFFFF77
:10A68000FFFFFFFFFFFFFFFFFFFFFFFFFFB64900D8
:10A690000049FFFFFFFFFFFFFFFFFFFFFFFFFFFF7F
:10A6A000FFFFFFFFFFFFFFFFFFFFFFFFFFFFFFFFBA
:10A6B000FFFF9249240000000024496D92B6DBDBC5
:10A6C000DBDBDBDBDBDBDBDBDBDBDB924900002422
:10A6D0006DFFFFFFFFFFFFFFFFFFFFFFFFFFFFFF1C
:10A6E000FFFFFFFFFFFFFFFFFFFFFFFFFFFFFFFF7A
:10A6F000FFFFFFFFDB6D24000000000000000000F2
:10A70000000000000000000000000000000024B66F
:10A71000FFFFFFFFFFFFFFFF6D0092FFFFFFFFFF47
:10A72000FFFFFFFFFF92006DFFFFFFFFFFFFFFFF37
:10A73000FFFFFFFFFFFFFFB6924949242424242492
:10A740002424242424242424242424244992FFFF80
:10A75000FFFFFFFFFFFFFFFF24002492FFFFFFFF2B
:10A76000FFFFFFFF92240024FFFFFFFFFFFFFFFF1B
:10A77000FFFFFFFFFFFFFFFFFFFFFFFFDBDBDBDB79
:10A78000DBDBDBDBDBDBDBDBDBDBDBFFFFFFFFFF65
:10A79000FFFFFFFFFFFFFFFFB624000092FFFFFF58
:10A7A000FFFFFF92000024B6FFFFFFFFFFFFFFFF48
:10A7B000FFFFFFFFFFFFFFFFFFFFFFFFFFFFFFFFA9
:10A7C000FFFFFFFFFFFFFFFFFFFFFFFFFFFFFFFF99
:10A7D000FFFFFFFFFFFFFFFFFFB624002492FFFFF4
:10A7E000FFFF92240024B6FFFFFFFFFFFFFFFFFFE4
:10A7F000FFFFFFFFFFFFFFFFFFFFFFFFFFFFFFFF69
:10A80000FFFFFFFFFFFFFFFFFFFFFFFFFFFFFFFF58
:10A81000FFFFFFFFFFFFFFFFFFFFB624000092FFD7
:10A82000FF92000024B6FFFFFFFFFFFFFFFFFFFFC7
:10A83000FFFFFFFFFFFFFFFFFFFFFFFFFFFFFFFF28
:10A84000FFFFFFFFFFFFFFFFFFFFFFFFFFFFFFFF18
:10A85000FFFFFFFFFFFFFFFFFFFFFFB62400249273
:10A8600092240024B6FFFFFFFFFFFFFFFFFFFFFF63
:10A87000FFFFFFFFFFFFFFFFFFFFFFFFFFFFFFFFE8
:10A88000FFFFFFFFFFFFFFFFFFFFFFFFFFFFFFFFD8
:10A89000FFFFFFFFFFFFFFFFFFFFFFFFB6240000EA
:10A8A000000024B6FFFFFFFFFFFFFFFFFFFFFFFFDA
:10A8B000FFFFFFFFFFFFFFFFFFFFFFFFFFFFFFFFA8
:10A8C000FFFFFFFFFFFFFFFFFFFFFFFFFFFFFFFF98
:10A8D000FFFFFFFFFFFFFFFFFFFFFFFFFFB60000CF
:10A8E0000000B6FFFFFFFFFFFFFFFFFFFFFFFFFFBF
:10A8F000FFFFFFFFFFFFFFFFFFFFFFFFFFFFFFFF68
:10A90000FFFFFFFFFFFFFFFFFFFFFFFFFFFFFFFF57
:10A91000FFFFFFFFFFFFFFFFFFFFFFFFFF920000B2
:10A92000000092FFFFFFFFFFFFFFFFFFFFFFFFFFA2
:10A93000FFFFFFFFFFFFFFFFFFFFFFFFFFFFFFFF27
:10A94000FFFFFFFFFFFFFFFFFFFFFFFFFFFFFFFF17
:10A95000FFFFFFFFFFFFFFFFFFFFFFFF9224002429
:10A9600024002492FFFFFFFFFFFFFFFFFFFFFFFF19
:10A97000FFFFFFFFFFFFFFFFFFFFFFFFFFFFFFFFE7
:10A98000FFFFFFFFFFFFFFFFFFFFFFFFFFFFFFFFD7
:10A99000FFFFFFFFFFFFFFFFFFFFFF92000024B656
:10A9A000B624000092FFFFFFFFFFFFFFFFFFFFFF46
:10A9B000FFFFFFFFFFFFFFFFFFFFFFFFFFFFFFFFA7
:10A9C000FFFFFFFFFFFFFFFFFFFFFFFFFFFFFFFF97
:10A9D000FFFFFFFFFFFFFFFFFFFF92240024B6FFF2
:10A9E000FFB624002492FFFFFFFFFFFFFFFFFFFFE2
:10A9F000FFFFFFFFFFFFFFFFFFFFFFFFFFFFFFFF67
:10AA0000FFFFFFFFFFFFFFFFFFFFFFFFFFFFFFFF56
:10AA1000FFFFFFFFFFFFFFFFFF92000024B6FFFFD5
:10AA2000FFFFB624000092FFFFFFFFFFFFFFFFFFC5
:10AA3000FFFFFFFFFFFFFFFFFFFFFFFFFFFFFFFF26
:10AA4000FFFFFFFFFFFFFFFFFFFFFFFFFFFFFFFF16
:10AA5000FFFFFFFFFFFFFFFF92240024B6FFFFFF71
:10AA6000FFFFFFB624002492FFFFFFFFFFFFFFFF61
:10AA7000FFFFFFFFFFFFFFFFFFFFFFFFFFFFFFFFE6
:10AA8000FFFFFFFFFFFFFFFFFFFFFFFFFFFFFFFFD6
:10AA9000FFFFFFFFFFFFFFFF240024B6FFFFFFFFC4
:10AAA000FFFFFFFFB6240024FFFFFFFFFFFFFFFFB4
:10AAB000FFFFFFFFFFFFFFFFFFFFFFFFFFFFFFFFA6
:10AAC000FFFFFFFFFFFFFFFFFFFFFFFFFFFFFFFF96
:10AAD000FFFFFFFFFFFFFFFF9249B6FFFFFFFFFFF2
:10AAE000FFFFFFFFFFB64992FFFFFFFFFFFFFFFFE2
:10AAF000FFFFFFFFFFFFFFFFFFFFFFFFFFFFFFFF66
:10AB0000FFFFFFFFFFFFFFFFFFFFFFFFFFFFFFFF55
:10AB1000FFFFFFFFFFFFFFFFFFFFFFFFFFFFFFFF45
:10AB2000FFDB6D24000000000000000000000000BA
:10AB30000000000000000000000000000000000015
:10AB4000000000000000000000000000246DDBFF9A
:10AB5000FFFFFFFFFFFFFFFFFFFFFFFFFFFFFFFF05
:10AB6000DB240000000000000000000000000000E6
:10AB700000000000000000000000000000000000D5
:10AB8000000000000000000000000000000024DBC6
:10AB9000FFFFFFFFFFFFFFFFFFFFFFFFFFFFFFFFC5
:10ABA0006D00000000000000000000000000000038
:10ABB0000000000000000000000000000000000095
:10ABC0000000000000000000000000000000006D18
:10ABD000FFFFFFFFFFFFFFFFFFFFFFFFFFFFFFFF85
:10ABE0000000000000000000000000000000000065
:10ABF0000000000000000000000000000000000055
:10AC00000000000000000000000000000000002420
:10AC1000FFFFFFFFFFFFFFFFFFFFFFFFFFFFFFFF44
:10AC200000000000FFFFFFFFFFFFFFFFFFFFFFFF30
:10AC3000FFFFFFFFFFFFFFFFFFFFFFFFFFFFFFFF24
:10AC4000FFFFFFFFFFFFFFFFFFFFFFFF0000000010
:10AC5000FFFFFFFFFFFFFFFFFFFFFFFFFFFFFFFF04
:10AC600000000000FFFFFFFFFFFFFFFFFFFFFFFFF0
:10AC7000FFFFFFFFFFFFFFFFFFFFFFFFFFFFFFFFE4
:10AC8000FFFFFFFFFFFFFFFFFFFFFFFF00000000D0
:10AC9000FFFFFFFFFFFFFFFFFFFFFFFFFFFFFFFFC4
:10ACA00000000000FFFFFFFFFFFFFFFFFFFFFFFFB0
:10ACB000FFFFFFFFFFFFFFFFFFFFFFFFFFFFFFFFA4
:10ACC000FFFFFFFFFFFFFFFFFFFFFFFF0000000090
:10ACD000FFFFFFFFFFFFFFFFFFFFFFFFFFFFFFFF84
:10ACE00000000000FFFFFFFFFFFFFFFFFFFFFFFF70
:10ACF000FFFFFFFFFFFFFFFFFFFFFFFFFFFFFFFF64
:10AD0000FFFFFFFFFFFFFFFFFFFFFFFF000000004F
:10AD1000FFFFFFFFFFFFFFFFFFFFFFFFFFFFFFFF43
:10AD200000000000FFFF0000000000000000000025
:10AD30000000000000000000000000000000000013
:10AD400000000000000000000000FFFF0000000005
:10AD5000FFFFFFFFFFFFFFFFFFFFFFFFFFFFFFFF03
:10AD600000000000FFFF00000000000000000000E5
:10AD700000000000000000000000000000000000D3
:10AD800000000000000000000000FFFF00000000C5
:10AD9000FFFFFFFFFFFFFFFFFFFFFFFFFFFFFFFFC3
:10ADA00000000000FFFF00000000000000000000A5
:10ADB0000000000000000000000000000000000093
:10ADC00000000000000000000000FFFF0000000085
:10ADD000FFFFFFFFFFFFFFFFFFFFFFFFFFFFFFFF83
:10ADE00000000000FFFF0000000000000000000065
:10ADF0000000000000000000000000000000000053
:10AE000000000000000000000000FFFF0000000044
:10AE1000FFFFFFFFFFFFFFFFFFFFFFFFFFFFFFFF42
:10AE200000000000FFFFFFFFFFFFFFFFFFFFFFFF2E
:10AE3000FFFFFFFFFFFFFFFFFFFFFFFFFFFFFFFF22
:10AE4000FFFFFFFFFFFFFFFFFFFFFFFF000000000E
:10AE5000FFFFFFFFFFFFFFFFFFFFFFFFFFFFFFFF02
:10AE600000000000FFFFFFFFFFFFFFFFFFFFFFFFEE
:10AE7000FFFFFFFFFFFFFFFFFFFFFFFFFFFFFFFFE2
:10AE8000FFFFFFFFFFFFFFFFFFFFFFFF00000000CE
:10AE9000FFFFFFFFFFFFFFFFFFFFFFFFFFFFFFFFC2
:10AEA00000000000FFFF00000000000000000000A4
:10AEB0000000000000000000000000000000000092
:10AEC00000000000000000000000FFFF0000000084
:10AED000FFFFFFFFFFFFFFFFFFFFFFFFFFFFFFFF82
:10AEE00000000000FFFF0000000000000000000064
:10AEF0000000000000000000000000000000000052
:10AF000000000000000000000000FFFF0000000043
:10AF1000FFFFFFFFFFFFFFFFFFFFFFFFFFFFFFFF41
:10AF200000000000FFFF0000000000000000000023
:10AF30000000000000000000000000000000000011
:10AF400000000000000000000000FFFF0000000003
:10AF5000FFFFFFFFFFFFFFFFFFFFFFFFFFFFFFFF01
:10AF600000000000FFFF00000000000000000000E3
:10AF700000000000000000000000000000000000D1
:10AF800000000000000000000000FFFF00000000C3
:10AF9000FFFFFFFFFFFFFFFFFFFFFFFFFFFFFFFFC1
:10AFA00000000000FFFFFFFFFFFFFFFFFFFFFFFFAD
:10AFB000FFFFFFFFFFFFFFFFFFFFFFFFFFFFFFFFA1
:10AFC000FFFFFFFFFFFFFFFFFFFFFFFF000000008D
:10AFD000FFFFFFFFFFFFFFFFFFFFFFFFFFFFFFFF81
:10AFE00000000000FFFFFFFFFFFFFFFFFFFFFFFF6D
:10AFF000FFFFFFFFFFFFFFFFFFFFFFFFFFFFFFFF61
:10B00000FFFFFFFFFFFFFFFFFFFFFFFF000000004C
:10B01000FFFFFFFFFFFFFFFFFFFFFFFFFFFFFFFF40
:10B0200000000000FFFFFFFFFFFFFFFFFFFFFFFF2C
:10B03000FFFFFFFFFFFFFFFFFFFFFFFFFFFFFFFF20
:10B04000FFFFFFFFFFFFFFFFFFFFFFFF000000000C
:10B05000FFFFFFFFFFFFFFFFFFFFFFFFFFFFFFFF00
:10B0600000000000FFFFFFFFFFFFFFFFFFFFFFFFEC
:10B07000FFFFFFFFFFFFFFFFFFFFFFFFFFFFFFFFE0
:10B08000FFFFFFFFFFFFFFFFFFFFFFFF00000000CC
:10B09000FFFFFFFFFFFFFFFFFFFFFFFFFFFFFFFFC0
:10B0A00000000000FFFF00000000000000000000A2
:10B0B0000000000000000000000000000000000090
:10B0C00000000000000000000000FFFF0000000082
:10B0D000FFFFFFFFFFFFFFFFFFFFFFFFFFFFFFFF80
:10B0E00000000000FFFF0000000000000000000062
:10B0F0000000000000000000000000000000000050
:10B1000000000000000000000000FFFF0000000041
:10B11000FFFFFFFFFFFFFFFFFFFFFFFFFFFFFFFF3F
:10B1200000000000FFFF0000000000000000000021
:10B13000000000000000000000000000000000000F
:10B1400000000000000000000000FFFF0000000001
:10B15000FFFFFFFFFFFFFFFFFFFFFFFFFFFFFFFFFF
:10B1600000000000FFFF00000000000000000000E1
:10B1700000000000000000000000000000000000CF
:10B1800000000000000000000000FFFF00000000C1
:10B19000FFFFFFFFFFFFFFFFFFFFFFFFFFFFFFFFBF
:10B1A00000000000FFFFFFFFFFFFFFFFFFFFFFFFAB
:10B1B000FFFFFFFFFFFFFFFFFFFFFFFFFFFFFFFF9F
:10B1C000FFFFFFFFFFFFFFFFFFFFFFFF000000008B
:10B1D000FFFFFFFFFFFFFFFFFFFFFFFFFFFFFFFF7F
:10B1E00000000000FFFFFFFFFFFFFFFFFFFFFFFF6B
:10B1F000FFFFFFFFFFFFFFFFFFFFFFFFFFFFFFFF5F
:10B20000FFFFFFFFFFFFFFFFFFFFFFFF000000004A
:10B21000FFFFFFFFFFFFFFFFFFFFFFFFFFFFFFFF3E
:10B2200000000000FFFFFFFFFFFFFFFFFFFFFFFF2A
:10B23000FFFFFFFFFFFFFFFFFFFFFFFFFFFFFFFF1E
:10B24000FFFFFFFFFFFFFFFFFFFFFFFF000000000A
:10B25000FFFFFFFFFFFFFFFFFFFFFFFFFFFFFFFFFE
:10B2600000000000FFFFFFFFFFFFFFFFFFFFFFFFEA
:10B27000FFFFFFFFFFFFFFFFFFFFFFFFFFFFFFFFDE
:10B28000FFFFFFFFFFFFFFFFFFFFFFFF00000000CA
:10B29000FFFFFFFFFFFFFFFFFFFFFFFFFFFFFFFFBE
:10B2A00000000000FFFFFFFFFFFFFFFFFFFFFFFFAA
:10B2B000FFFFFFFFFFFFFFFFFFFFFFFFFFFFFFFF9E
:10B2C000FFFFFFFFFFFFFFFFFFFFFFFF000000008A
:10B2D000FFFFFFFFFFFFFFFFFFFFFFFFFFFFFFFF7E
:10B2E00000000000FFFFFFFFFFFFFFFFFFFFFFFF6A
:10B2F000FFFFFFFFFFFFFFFFFFFFFFFFFFFFFFFF5E
:10B30000FFFFFFFFFFFFFFFFFFFFFFFF0000000049
:10B31000FFFFFFFFFFFFFFFFFFFFFFFFFFFFFFFF3D
:10B3200000000000FFFF000000000000000000001F
:10B33000000000000000000000000000000000000D
:10B3400000000000000000000000FFFF00000000FF
:10B35000FFFFFFFFFFFFFFFFFFFFFFFFFFFFFFFFFD
:10B3600000000000FFFF00000000000000000000DF
:10B3700000000000000000000000000000000000CD
:10B3800000000000000000000000FFFF00000000BF
:10B39000FFFFFFFFFFFFFFFFFFFFFFFFFFFFFFFFBD
:10B3A00000000000FFFF000000000000000000009F
:10B3B000000000000000000000000000000000008D
:10B3C00000000000000000000000FFFF000000007F
:10B3D000FFFFFFFFFFFFFFFFFFFFFFFFFFFFFFFF7D
:10B3E00000000000FFFF000000000000000000005F
:10B3F000000000000000000000000000000000004D
:10B4000000000000000000000000FFFF000000003E
:10B41000FFFFFFFFFFFFFFFFFFFFFFFFFFFFFFFF3C
:10B4200000000000FFFFFFFFFFFFFFFFFFFFFFFF28
:10B43000FFFFFFFFFFFFFFFFFFFFFFFFFFFFFFFF1C
:10B44000FFFFFFFFFFFFFFFFFFFFFFFF0000000008
:10B45000FFFFFFFFFFFFFFFFFFFFFFFFFFFFFFFFFC
:10B4600000000000FFFFFFFFFFFFFFFFFFFFFFFFE8
:10B47000FFFFFFFFFFFFFFFFFFFFFFFFFFFFFFFFDC
:10B48000FFFFFFFFFFFFFFFFFFFFFFFF00000000C8
:10B49000FFFFFFFFFFFFFFFFFFFFFFFFFFFFFFFFBC
:10B4A00000000000FFFF000000000000000000009E
:10B4B000000000000000000000000000000000008C
:10B4C00000000000000000000000FFFF000000007E
:10B4D000FFFFFFFFFFFFFFFFFFFFFFFFFFFFFFFF7C
:10B4E00000000000FFFF000000000000000000005E
:10B4F000000000000000000000000000000000004C
:10B5000000000000000000000000FFFF000000003D
:10B51000FFFFFFFFFFFFFFFFFFFFFFFFFFFFFFFF3B
:10B5200000000000FFFF000000000000000000001D
:10B53000000000000000000000000000000000000B
:10B5400000000000000000000000FFFF00000000FD
:10B55000FFFFFFFFFFFFFFFFFFFFFFFFFFFFFFFFFB
:10B5600000000000FFFF00000000000000000000DD
:10B5700000000000000000000000000000000000CB
:10B5800000000000000000000000FFFF00000000BD
:10B59000FFFFFFFFFFFFFFFFFFFFFFFFFFFFFFFFBB
:10B5A00000000000FFFFFFFFFFFFFFFFFFFFFFFFA7
:10B5B000FFFFFFFFFFFFFFFFFFFFFFFFFFFFFFFF9B
:10B5C000FFFFFFFFFFFFFFFFFFFFFFFF0000000087
:10B5D000FFFFFFFFFFFFFFFFFFFFFFFFFFFFFFFF7B
:10B5E00000000000FFFFFFFFFFFFFFFFFFFFFFFF67
:10B5F000FFFFFFFFFFFFFFFFFFFFFFFFFFFFFFFF5B
:10B60000FFFFFFFFFFFFFFFFFFFFFFFF0000000046
:10B61000FFFFFFFFFFFFFFFFFFFFFFFFFFFFFFFF3A
:10B6200000000000FFFFFFFFFFFFFFFFFFFFFFFF26
:10B63000FFFFFFFFFFFFFFFFFFFFFFFFFFFFFFFF1A
:10B64000FFFFFFFFFFFFFFFFFFFFFFFF0000000006
:10B65000FFFFFFFFFFFFFFFFFFFFFFFFFFFFFFFFFA
:10B6600000000000FFFFFFFFFFFFFFFFFFFFFFFFE6
:10B67000FFFFFFFFFFFFFFFFFFFFFFFFFFFFFFFFDA
:10B68000FFFFFFFFFFFFFFFFFFFFFFFF00000000C6
:10B69000FFFFFFFFFFFFFFFFFFFFFFFFFFFFFFFFBA
:10B6A00000000000FFFF000000000000000000009C
:10B6B000000000000000000000000000000000008A
:10B6C00000000000000000000000FFFF000000007C
:10B6D000FFFFFFFFFFFFFFFFFFFFFFFFFFFFFFFF7A
:10B6E00000000000FFFF000000000000000000005C
:10B6F000000000000000000000000000000000004A
:10B7000000000000000000000000FFFF000000003B
:10B71000FFFFFFFFFFFFFFFFFFFFFFFFFFFFFFFF39
:10B7200000000000FFFF000000000000000000001B
:10B730000000000000000000000000000000000009
:10B7400000000000000000000000FFFF00000000FB
:10B75000FFFFFFFFFFFFFFFFFFFFFFFFFFFFFFFFF9
:10B7600000000000FFFF00000000000000000000DB
:10B7700000000000000000000000000000000000C9
:10B7800000000000000000000000FFFF00000000BB
:10B79000FFFFFFFFFFFFFFFFFFFFFFFFFFFFFFFFB9
:10B7A00000000000FFFFFFFFFFFFFFFFFFFFFFFFA5
:10B7B000FFFFFFFFFFFFFFFFFFFFFFFFFFFFFFFF99
:10B7C000FFFFFFFFFFFFFFFFFFFFFFFF0000000085
:10B7D000FFFFFFFFFFFFFFFFFFFFFFFFFFFFFFFF79
:10B7E00000000000FFFFFFFFFFFFFFFFFFFFFFFF65
:10B7F000FFFFFFFFFFFFFFFFFFFFFFFFFFFFFFFF59
:10B80000FFFFFFFFFFFFFFFFFFFFFFFF0000000044
:10B81000FFFFFFFFFFFFFFFFFFFFFFFFFFFFFFFF38
:10B8200000000000FFFF000000000000000000001A
:10B830000000000000000000000000000000000008
:10B8400000000000000000000000FFFF00000000FA
:10B85000FFFFFFFFFFFFFFFFFFFFFFFFFFFFFFFFF8
:10B8600000000000FFFF00000000000000000000DA
:10B8700000000000000000000000000000000000C8
:10B8800000000000000000000000FFFF00000000BA
:10B89000FFFFFFFFFFFFFFFFFFFFFFFFFFFFFFFFB8
:10B8A00000000000FFFF000000000000000000009A
:10B8B0000000000000000000000000000000000088
:10B8C00000000000000000000000FFFF000000007A
:10B8D000FFFFFFFFFFFFFFFFFFFFFFFFFFFFFFFF78
:10B8E00000000000FFFF000000000000000000005A
:10B8F0000000000000000000000000000000000048
:10B9000000000000000000000000FFFF0000000039
:10B91000FFFFFFFFFFFFFFFFFFFFFFFFFFFFFFFF37
:10B9200000000000FFFFFFFFFFFFFFFFFFFFFFFF23
:10B93000FFFFFFFFFFFFFFFFFFFFFFFFFFFFFFFF17
:10B94000FFFFFFFFFFFFFFFFFFFFFFFF0000000003
:10B95000FFFFFFFFFFFFFFFFFFFFFFFFFFFFFFFFF7
:10B9600000000000FFFFFFFFFFFFFFFFFFFFFFFFE3
:10B97000FFFFFFFFFFFFFFFFFFFFFFFFFFFFFFFFD7
:10B98000FFFFFFFFFFFFFFFFFFFFFFFF00000000C3
:10B99000FFFFFFFFFFFFFFFFFFFFFFFFFFFFFFFFB7
:10B9A00000000000FFFFFFFFFFFFFFFFFFFFFFFFA3
:10B9B000FFFFFFFFFFFFFFFFFFFFFFFFFFFFFFFF97
:10B9C000FFFFFFFFFFFFFFFFFFFFFFFF0000000083
:10B9D000FFFFFFFFFFFFFFFFFFFFFFFFFFFFFFFF77
:10B9E00000000000FFFFFFFFFFFFFFFFFFFFFFFF63
:10B9F000FFFFFFFFFFFFFFFFFFFFFFFFFFFFFFFF57
:10BA0000FFFFFFFFFFFFFFFFFFFFFFFF0000000042
:10BA1000FFFFFFFFFFFFFFFFFFFFFFFFFFFFFFFF36
:10BA20000000000000000000000000000000000016
:10BA30000000000000000000000000000000000006
:10BA400000000000000000000000000000000024D2
:10BA5000FFFFFFFFFFFFFFFFFFFFFFFFFFFFFFFFF6
:10BA60006D00000000000000000000000000000069
:10BA700000000000000000000000000000000000C6
:10BA80000000000000000000000000000000006D49
:10BA9000FFFFFFFFFFFFFFFFFFFFFFFFFFFFFFFFB6
:10BAA000DB24000000000000000000000000000097
:10BAB0000000000000000000000000000000000086
:10BAC000000000000000000000000000000024DB77
:10BAD000FFFFFFFFFFFFFFFFFFFFFFFFFFFFFFFF76
:10BAE000FFDB6D000000000000000000000000000F
:10BAF0000000000000000000000000000000000046
:10BB0000000000000000000000000000006DDBFFEE
:10BB1000FFFFFFFFFFFFFFFF240000000000000009
:10BB2000000000000000000000DBFFFFFFFF24001A
:10BB300049FFDB2400B6FFFF000092FFDB2400007A
:10BB40000024FFFFFFFFDB240000000000000000D6
:10BB5000000000000000002424000000000000009D
:10BB6000000000000000000000DBFFFFFFFF2400DA
:10BB700049FFDB2400B6FFFF000092FFDB2400003A
:10BB80000024FFFFFFFFDB24000000000000000096
:10BB900000000000000000242400246D6D6D6D6D18
:10BBA0006D6D6D6D6D6D490000DBFFFFFFFF2400C3
:10BBB00049FFFF926DDBFFFF000092FFFF926D24B3
:10BBC00000249292FFFFDB2400496D6D6D6D6D6D59
:10BBD0006D6D6D6D6D240024240049FFFFFFFFFF94
:10BBE000FFFFFFFFFFFFB60000DBFFFFFFFF2400AA
:10BBF00049FFFFFFFFFFFFFF000092FFFFFFFF492C
:10BC000000000000DBFFDB2400B6FFFFFFFFFFFFAB
:10BC1000FFFFFFFFFF490024240049FFFFFFDBDB9C
:10BC2000DBDBDBDBFFFFB60000DBFFFFDBDB240041
:10BC300049FFFFFFFFFFFFFF000092FFFFFFDB490F
:10BC400000002424DBFFDB2400B6FFFFDBDBDBDBB3
:10BC5000DBDBFFFFFF490024240049FFFF242424ED
:10BC600024242424DBFFB60000DBFFDB24240000B7
:10BC700049FFFFFFFFFFFFFF000092FFFF240000CE
:10BC80000024FFFFFFFFDB2400B6FF9224242424BE
:10BC9000242449FFFF490024240049FFDB2400003D
:10BCA00000000000DBFFB60000DBFFDB000000004F
:10BCB0006DFFFFFFFFFFFFFF000092FFFF2400006A
:10BCC0000049FFFFFFFFDB2400B6FF6D000000000E
:10BCD000000024FFFF490024240049FFDB2400006A
:10BCE00000000000DBFFB60000DBFFDB000092DBA2
:10BCF000DBFFFFFFFFFFFFFFDBDBFFFFFFDBDBDB2C
:10BD0000DBB64949DBFFDB2400B6FF6D0000000015
:10BD1000000024FFFF490024240049FFDB24000029
:10BD200000000000DBFFB60000DBFFDB0000DBFFF4
:10BD3000FFFFFFFFFFFFFFFFFFFFFFFFFFFFFFFF13
:10BD4000FFDB0000DBFFDB2400B6FF6D000000001E
:10BD5000000024FFFF490024240049FFDB240000E9
:10BD600000000000DBFFB60000DBFFDB6D6DDBFFDA
:10BD7000FFDBDBDBDBDBDBDBDBDBFFFFFFDBDBFF5F
:10BD8000FFDB2424DBFFDB2400B6FF6D0000000096
:10BD9000000024FFFF490024240049FFDB240000A9
:10BDA00000000000DBFFB60000DBFFFFFFFFFFFF2E
:10BDB000DB00000000000000000092FFDB0000DB61
:10BDC000FFFFFFFFFFFFDB2400B6FF6D0000000058
:10BDD000000024FFFF490024240049FFDB24000069
:10BDE00000000000DBFFB60000DBFFFFFFFFFFFFEE
:10BDF000DB00000000000000000092FFDB0000DB21
:10BE0000FFFFFFFFFFFFDB2400B6FF6D0000000017
:10BE1000000024FFFF490024240049FFFFDBDBDB97
:10BE2000DBDBDBDBFFFFB60000DBFFFFFFFFB692D3
:10BE3000926D6D6D6D240000DBDBFFFFFFDBB692C2
:10BE400092B6FFFFFFFFDB2400B6FFDBDBDBDBDBB3
:10BE5000DBDBDBFFFF490024240049FFFFFFFFFF7E
:10BE6000FFFFFFFFFFFFB60000DBFFFFFFFF240027
:10BE700049FFFFFFFF6D0000FFFFFFFFFFFFB60060
:10BE80000024FFFFFFFFDB2400B6FFFFFFFFFFFFE3
:10BE9000FFFFFFFFFF490024240024929292929218
:10BEA000929292929292490000DBFFFFDBDB24002A
:10BEB00049DBDBFFFF924924DBDBDBDBDBDB9200D2
:10BEC0000024DBDBFFFFDB24006D929292929292C2
:10BED000929292929224002424000000000000001C
:10BEE000000000000000000000DBFFDB000000009D
:10BEF000000024FFFFFFFF490000000000000000D9
:10BF000000000000DBFFDB24000000000000000058
:10BF100000000000000000246D2424242424242494
:10BF2000242424242424242449DBFFDB00000000F3
:10BF3000000024FFFFFFFF49000000000000000098
:10BF400000000000DBFFFF492424242424242424AF
:10BF5000242424242424246DFFFFFFFFFFFFFFFF80
:10BF6000FFFFFFFFFFFFFFFFFFFFFFFFDBDB240003
:10BF700049DBDBFFFFFFFFDBDB92000000B6DB24C9
:10BF80000024DBDBFFFFFFFFFFFFFFFFFFFFFFFFE3
:10BF9000FFFFFFFFFFFFFFFFFFFFFFFFFFFFFFFFB1
:10BFA000FFFFFFFFFFFFFFFFFFFFFFFFFFFF24007B
:10BFB00049FFFFFFFFFFFFFFFFDB000024DBFF491E
:10BFC0000024FFFFFFFFFFFFFFFFFFFFFFFFFFFF5B
:10BFD000FFFFFFFFFFFFFFFFFFFFFFFFFF9292DB6F
:10BFE000FFFF9292FFFFFF92929292DBFFFF926D12
:10BFF000B6FFFFB692929292FFDB000024DBFFB601
:10C000006D6D92929292B6FFFFFFFFFFFFFF92923B
:10C010009292B6FFFFFFFFFFFFFFFFFFDB2400B69A
:10C02000FFDB0000DBFFDB0000000092FFFFFFFFF3
:10C03000FFFFFF2400000000FFDB000024DBFFFF08
:10C04000FFDB0000000049FFFFFFFFFFFFFF0000D4
:10C05000000024FFFFFFFFFFFFFFFFFFDB2400B610
:10C06000FFDB0000DBFFDB0000000092FFFFFFFFB3
:10C07000FFFFFF2400000000FFDB000024DBFFFFC8
:10C08000FFDB0000000049FFFFFFFFFFFFFF000094
:10C09000000024FFFFFFFFFFB692929292FFFFFF86
:10C0A000FFDB0000DBFFFFFFFFFFFFFFFFFF6D2453
:10C0B0006DFFFFFFFFFFFFFFFFDB000024DBFFFF43
:10C0C000FFFFDBDB240049FFFF6D24B6FFFF00000C
:10C0D00092FFDB00000000242400000024DBFFFFAF
:10C0E000FFDB0000DBFFFFFFFFFFFFFFFFFF240080
:10C0F00049FFFFFFFFFFFFFFFFDB000024DBFFFF27
:10C10000FFFFFFFF240049FFFF240092FFFF000014
:10C1100092FFDB00000000246D24242449B6DBDB01
:10C12000DBB624246D92929292FFFFFFFFFF240062
:10C1300049FFFFDBDBDBDBFFFFDB000024DBFFFF76
:10C14000FFFFB6B624002492926D4992B6B6000065
:10C1500049926D0000000024FFFFFFFFDB24000078
:10C160000049FFFF2400000024DBFFFFFFFF240045
:10C1700049FFB600000000B6FFDB000024DBFFFF34
:10C18000FFDB00000000000000DBFFDB0000000020
:10C190000000000000000024FFFFFFFFDB000000A4
:10C1A0000024FFFF2400002449FFFFFFDBDB4924BC
:10C1B00049FF9200000000B6FFB6000000B6DBDBCE
:10C1C000DBB624242424242424FFFFDB2424242479
:10C1D00024242424242424496D242424240000001D
:10C1E00000002424000049FFFFFFFF922424FFDB0E
:10C1F0004924240000000024242400000000000042
:10C200000049DBDBDBDBDBDBFFFFFFFFDBDBDBDB5B
:10C21000DBDBDBDBDBDBDBFF2400000000000000FE
:10C220000000000000006DFFFFFFFF6D0000FFFF3A
:10C2300024000000000000000000000000000000DA
:10C240000049FFFFFFFFFFFFFFFFFFFFFFFFFFFFB3
:10C25000FFFFFFFFFFFFFFFF926D6D6D6D6D6D6D59
:10C260006D49000092DBB69292FFFFDBB6B6FFFF8E
:10C270002400006D6D240000496D490000B6DBDB31
:10C28000DBDBFFFFFFFFFF9292FFFFB69292FFFF03
:10C29000FFFFFF92929292B6FFFFFFFFFFFFFFFFAB
:10C2A000FFDB0000DBFFB60024DBFFFFFFFFFFFF2B
:10C2B000240024DBFF490000DBFFB60024DBFFFF86
:10C2C000FFFFFFFFFFFFDB0024DBFF6D0000FFFF30
:10C2D000FFFFDB0000000024FFFFFFFFFFFFFFFF69
:10C2E000FFDB0000DBFFB60024DBFFFFFFFFFFFFEB
:10C2F000240024DBFF490000DBFFB60024DBFFFF46
:10C30000FFFFFFFFFFFFDB0024DBFF6D0000FFFFEF
:10C31000FFFFDB00000000242400000000000000FC
:10C32000000000000000000000000092FFDB0000A1
:10C3300049FFDB2400000000DBFFB60024DBFFFF29
:10C34000FFDB0000DBFFDB00000000000000FFFF60
:10C350006D00000000000024240000000000000028
:10C36000000000000000000000000092FFDB000061
:10C3700049FFDB2400000000DBFFB60024DBFFFFE9
:10C38000FFDB0000DBFFDB00000000000000FFFF20
:10C390006D0000000000002424000000006D6D6DA1
:10C3A0006D6D6D6D6D6D6D6D6D6D6DDBFFDB000029
:10C3B00049FFFF926D240000DBFFB600006D9292F2
:10C3C00092926D6DDBFFFF6D6D6D6D6D6D6DFFFF9D
:10C3D0006D00000000496D922400000024DBFFFF87
:10C3E000FFFFFFFFFFFFFFFFFFFFFFFFFFDB00007F
:10C3F00049FFFFFFFF490000DBFFB600000000001F
:10C400000024FFFFFFFFFFFFFFFFFFFFFFFFFFFF16
:10C410006D00000000B6FFFF6D24242449FFFFFFDC
:10C42000DBDBDBDBDBDBFFFFFFFFFFDBDB92002483
:10C430006DDBDBDBDB240000DBFFB62424242424BB
:10C44000246DFFFFFFDBDBDBDBDBDBFFFFFFDBDB89
:10C450006D24240000B6FFFFFFFFFFFFFFFFFF6D0D
:10C4600024242424242449FFFFFFFF49000049FF1E
:10C47000DB24000000000000DBFFFFFFFFFFFFFFE9
:10C48000FFFFFFFF4924242424242492FFFF0000FF
:10C4900092FFB60000B6FFFFFFFFFFFFFFFFFF495F
:10C4A00000000000000024FFFFFFFF49000049FFDB
:10C4B000FF24000000000000DBFFFFFFFFFFFFFF85
:10C4C000FFFFFFFF2400000000000092FFFF0000BC
:10C4D0006DFFB60000B6FFFF6D4992FFFF6D4992F8
:10C4E000B6B6B6B6B6B6B6FFFFFFFF49000049FFC5
:10C4F000FFDBDBDBDBDBDBDB4949B6FFDB6D6DDB69
:10C50000FFDB494900002492B6B6B6B624240000E9
:10C51000002424000024246D240049FFDB2400B6FD
:10C52000FFFFFFFFFFFFFFFFFFFFFF49000049FF85
:10C53000FFFFFFFFFFFFFFFF000092FFDB0000DBBC
:10C54000FFDB0000000024FFFFFFFFDB0000000016
:10C550000000000000000024240049DBB64949DB4C
:10C56000FFFF92929292929292929224000049FF3F
:10C57000FFDBDBFFFFDBDBDB00006DDB920000DBC2
:10C58000FFDB0000242449B6DBFFFFDB0000496D20
:10C590006D6D6D6D6D6D6D922400000024DBFFFFED
:10C5A000FFDB00000000000000000000000049FF69
:10C5B000B60024DBFF6D000000000000000000DB7F
:10C5C000FFDB0000DBFFB60024DBFFDB0000DBFF4E
:10C5D000FFFFFFFFFFFFFFFF2400000024DBFFFF42
:10C5E000FFDB00000000000000000000000049FF29
:10C5F000B60024DBFF6D000000000000000000DB3F
:10C60000FFDB0000DBFFB60024DBFFDB0000DBFF0D
:10C61000FFFFFFFFFFFFFFFFDBDB920024DBFFFFDD
:10C62000FFDB0000246D6D6D6D6D6D24000049FF12
:10C63000FFDBDB490024DBDBDBDBDBDBDBDBDBFF26
:10C64000FFDB0000DBFFFFDBDBFFFFFFFFFFFFFF88
:10C65000FFFFFFFFFFFFFFFFFFFFB60024DBFFFF31
:10C66000FFDB000092FFFFFFFFFFFF6D000049FFAF
:10C67000FFFFFF490024FFFFFFFFFFFFFFFFFFFF5A
:10C68000FFDB0000DBFFFFFFFFFFFFFFFFFFFFFF00
:10C69000FFFFFFFFFFFFFFFFDBB692496DFFFFFFCC
:10C6A000FFDB000092FFFFDBDBFFFF6D0000249249
:10C6B0009292926D6D92FFFFFFFFFFFFFFFFFFDB86
:10C6C000DBB64949DBFFFFFFFFFFFFFFFFFFFFFF77
:10C6D000FFFFFFFFFFFFFFFF490049FFFFFFFFFFD5
:10C6E000FFDB000092FFDB2424DBFF6D0000000075
:10C6F000000000B6FFFFFFFFFFFFB62449FFFF4920
:10C700000049FFFFFFFFFF4924242424242424247C
:10C71000242424242424246D49246DFFFFDBDBDB47
:10C72000DB92000092FFDB2424DBFF6D000000247D
:10C73000242424DBFFFFFFFFFFFFB60024DBFF49BB
:10C740000024FFFFFFFFDB240000000000000000CA
:10C750000000000000000024FFDBFFFFFF240000BA
:10C760000000000092FFFFDBDBFFFF6D000049FFD0
:10C77000FFFFFFFFFFFF92929292926D92FFFF499F
:10C7800000002424DBFFDB240092DBDBDBDBDBDBD4
:10C79000DBDBDBDBDB240024FFFFFFFFFF240000EB
:10C7A0000000000092FFFFFFFFFFFF6D000049FF48
:10C7B000FFFFFFFFFFDB0000000049FFFFFFFF4915
:10C7C00000000000DBFFDB2400B6FFFFFFFFFFFFE0
:10C7D000FFFFFFFFFF490024FFFFFFFFFFDBDBDB65
:10C7E000DB920000499292929292922400000024DF
:10C7F00049FFFFFFFFDB0000000049FFFFFFFFB61E
:10C800006D490000DBFFDB2400B6FFB692929292E6
:10C810009292B6FFFF490024240049FFFFFFFFFF6B
:10C82000FFDB00000000000000000000000000002E
:10C8300024DBFF490024FFFFFFFFFFFFDB2400B6DE
:10C84000FFDB0000DBFFDB2400B6FF6D0000000013
:10C85000000024FFFF490024240049FFFFFFFFFFE1
:10C86000FFDB6D6D6D6D6D6D6D6D6D6D6D6D6D6DF8
:10C8700092FFFF490024FFFFFFFFFFFFDB2400B60C
:10C88000FFDB0000DBFFDB2400B6FF6D00000000D3
:10C89000000024FFFF490024926D6D92929292DB7A
:10C8A000FFFFFFFFFFFFFFFFFFFFFFFFFFFFFFFF98
:10C8B000FFFFFF4900249292929292926D0000B67F
:10C8C000FFFFFFFFFFFFDB2400B6FF6D000000004D
:10C8D000000024FFFF490024FFFFB600000000B65F
:10C8E000FFFFFFFFFFFFFFFFFFFFFFFFFFFFFFFF58
:10C8F000FFFFFF490000000000000000000000B63C
:10C90000FFFFFFFFFFFFDB2400B6FF6D000000000C
:10C91000000024FFFF490024DBDB9200000000B68A
:10C92000FFFFDBDBFFFFFFFFFFFFFFFFFFFFFFDB83
:10C93000DBDBDB240000242424242400004949B646
:10C94000DBDBDBDBFFFFDB2400B6FF6D000000005C
:10C95000000024FFFF49002449000000000000B649
:10C96000FFDB0000DBFFFFFFFFFFFFFFFFFFB60065
:10C97000000000000024FFFFFFFF920000DBFF49E2
:10C9800000000000DBFFDB2400B6FF6D00000000AC
:10C99000000024FFFF49002449000000000000B609
:10C9A000FFDB0000B6FFFFFFFFFFFFFFFFFFB6004A
:10C9B000000000000024FFFFFFFFB60024DBFF6D36
:10C9C00024242424DBFFDB2400B6FF922424242427
:10C9D00024246DFFFF490024DBDB9200000000B639
:10C9E000FFDB000024246DFFFFFFFFFF6D246DDBE4
:10C9F000DBDBDB2400002424DBFFB60024DBFFFFAD
:10CA0000DBDBDBDBFFFFDB2400B6FFFFFFFFFFFF0D
:10CA1000FFFFFFFFFF490024FFFFB600000000B644
:10CA2000FFDB0000000049FFFFFFFFFF240049FF7C
:10CA3000FFFFFF4900000000DBFFB60000DBFFFF47
:10CA4000FFFFFFFFFFFFDB2400B6FFFFFFFFFFFF3D
:10CA5000FFFFFFFFFF490024B69292B6B6B6B6922A
:10CA6000926D00000000249292FFFFFF240049FF16
:10CA7000FF92922400006D6D92924900004949DBBB
:10CA8000FFFF9292FFFFDB2400242424242424248B
:10CA90002424242424000024240049FFFFFFFF490C
:10CAA000000000000000000000DBFFFF240049FF41
:10CAB000DB2400000024FFFF24000000000000B67B
:10CAC000FFDB0000DBFFDB240000000000000000B3
:10CAD0000000000000000024240049FFFFFFFF4980
:10CAE000000000000000000000DBFFFF240049FF01
:10CAF000DB2400000024FFFF24000000000000B63B
:10CB0000FFDB0000DBFFDB24000000000000000072
:10CB10000000000000000024926D2424242424241A
:10CB200024242424242424242424242424242424C5
:10CB300024242424242424242424242424242424B5
:10CB400024242424242424242424242449496D92A4
:10CB5000DBDBFFFFFFFFFFFF4924000000000000B8
:10CB600000000000000000000000000000000000C5
:10CB700000000000000000000000000000000000B5
:10CB8000000000000000000000000000000024245D
:10CB9000496DB6DBFFFFFFFF49000000244949490A
:10CBA00049494949494949494949494949494949F5
:10CBB00049494949494949494949494949494949E5
:10CBC0004949494949494949494949494924240068
:10CBD00000246D92DBFFFFFF4900002492DBFFFF82
:10CBE000FFFFFFFFFFFFFFFFFFFFFFFFFFFFFFFF55
:10CBF000FFFFFFFFFFFFFFFFFFFFFFFFFFFFFFFF45
:10CC0000FFFFFFFFFFFFFFFFFFFFFFFFDBB66D49E9
:10CC100000000049B6DBFFFF49000024B6FFFFFF1C
:10CC2000FFFFFFFFFFFFFFFFFFFFFFFFFFFFFFFF14
:10CC3000FFFFFFFFFFFFFFFFFFFFFFFFFFFFFFFF04
:10CC4000FFFFFFFFFFFFFFFFFFFFFFFFFFFFDBB661
:10CC5000492400246D92FFFF49000024B6FFFFFF26
:10CC6000FFFFFFFFFFFFDBB6B6B6DBFFFFFFFFFFF7
:10CC7000FFFFFFFFFFFFFFFFFFFFFFFFFFFFFFFFC4
:10CC8000FFFFFFFFFFFFFFFFFFFFFFFFFFFFFFFFB4
:10CC9000B66D0000246DDBFF49000024B6FFFFFFE6
:10CCA000FFFFFFFFFFFF9249242492DBFFFFFFFFFE
:10CCB000FFFFFFFFFFFFFFFFFFFFFFFFFFFFFFFF84
:10CCC000FFFFFFFFFFFFFFFFFFFFFFFFFFFFFFFF74
:10CCD000DBB624000049DBFF49000024B6FFFFFF5C
:10CCE000FFFFFFFFFFFF9249000049B6DBFFFFFF98
:10CCF000FFFFFFFFFFFFFFFFFFFFFFFFFFFFFFFF44
:10CD0000FFFFFFFFFFFFFFFFFFFFFFFFFFFFFFFF33
:10CD1000FFB624000024DBFF49000024B6FFFFFF1C
:10CD2000FFFFFFFFFFFFB66D2400246DB6FFFFFF7E
:10CD3000FFFFFFFFFFFFFFDBB692926D6D6D6D6D24
:10CD40009292DBDBFFFFFFFFFFFFFFFFFFFFFFFF15
:10CD5000FFB624000024DBFF49000024B6FFFFFFDC
:10CD6000FFFFFFFFFFFFDBB64900002492DBFFFF60
:10CD7000FFFFFFFFFFDB9292492424000000000028
:10CD800024496D92B6DBFFFFFFFFFFFFFFFFFFFFB0
:10CD9000FFB624000024DBFF49000024B6FFFFFF9C
:10CDA000FFFFFFFFFFFFFFFF6D2400006DB6FFFFD9
:10CDB000FFFFFFFFB66D2400000000000000000030
:10CDC00000000000246DDBFFFFFFFFFFFFFFFFFF00
:10CDD000FFB624000024DBFF49000024B6FFFFFF5C
:10CDE000FFFFFFFFFFFFFFFF92492400496DDBFFBC
:10CDF000FFFFDB9249240000244992B6B6B6B692F2
:10CE00006D49000000244992FFFFFFFFFFFFFFFF75
:10CE1000FFB624000024DBFF49000024B6FFFFFF1B
:10CE2000FFFFFFFFFFFFFFFFDB9249000024496D7A
:10CE3000929249240000244992B6DBFFFFFFFFFFD6
:10CE4000DBB66D4900000049DBDBFFFFFFFFFFFFA2
:10CE5000FFB624000024DBFF49000024B6FFFFFFDB
:10CE6000FFFFFFFFFFFFFFFFFFDB6D24000000005F
:10CE70000000000000246DB6FFFFFFFFFFFFFFFF73
:10CE8000FFFFDBB6492400246DB6FFFFFFFFFFFF65
:10CE9000FFB624000024DBFF49000024B6FFFFFF9B
:10CEA000FFFFFFFFFFFFFFFFFFFFB66D2400000045
:10CEB00000000000246DB6DBFFFFFFFFFFFFFFFF58
:10CEC000FFFFFFDB924900004992FFFFFFFFFFFFDA
:10CED000FFB624000024DBFF49000024B6FFFFFF5B
:10CEE000FFFFFFFFFFFFFFFFFFFFDBDBB6B6B6B6BE
:10CEF0006D2400004992FFFFFFFFFFFFFFFFFFFFD0
:10CF0000FFFFFFFFDB6D0000006DFFFFFFFFFFFF76
:10CF1000FFB624000024DBFF49000024B6FFFFFF1A
:10CF2000FFFFFFFFFFFFFFFFFFFFFFFFFFFFFFFF11
:10CF3000B649000049B6FFFFFFFFFFFFFFFFFFFFFD
:10CF4000FFFFFFFFFF920000006DFFFFFFFFFFFFED
:10CF5000FFB624000024DBFF49000024B6FFFFFFDA
:10CF6000FFFFFFFFFFFFFFFFFFFFFFFFDBDBDBDB61
:10CF7000924900004992FFFFFFFFFFFFFFFFFFFF05
:10CF8000FFFFFFFFDB920000006DFFFFFFFFFFFFD1
:10CF9000FFB624000024DBFF49000024B6FFFFFF9A
:10CFA000FFFFFFFFFFFFFFFFFFFFB6924949242469
:10CFB00024000000246DDBFFFFFFFFFFFFFFFFFFEA
:10CFC000FFFFFFDBB66D0000246DFFFFFFFFFFFFDB
:10CFD000FFB624000024DBFF49000024B6FFFFFF5A
:10CFE000FFFFFFFFFFFFFFFFFFDB922400000000B9
:10CFF00000000000244992DBFFFFFFFFFFFFFFFF5F
:10D00000FFFFFFB66D2400246D92FFFFFFFFFFFFBF
:10D01000FFB624000024DBFF49000024B6FFFFFF19
:10D02000FFFFFFFFFFFFFFFFDBB6490000002424E6
:10D030002424240000004992DBDBFFFFFFFFFFFFF9
:10D04000FFDBB66D00000049B6DBFFFFFFFFFFFF0F
:10D05000FFB624000024DBFF49000024B6FFFFFFD9
:10D06000FFFFFFFFFFFFFFFFB66D2400246DB6DB5F
:10D07000FFFFB66D24000024496DB6DBFFFFDBDB4C
:10D08000926D24240000246DFFFFFFFFFFFFFFFFD0
:10D09000FFB624000024DBFF49000024B6FFFFFF99
:10D0A000FFFFFFFFFFFFFFFF922400004992DBFF1D
:10D0B000FFFFFFDB6D490000002449494949494908
:10D0C000242400002449B6DBFFFFFFFFFFFFFFFF22
:10D0D000FFB624000024DBFF49000024B6FFFFFF59
:10D0E000FFFFFFFFFFFFDBDB6D0000006DDBFFFFDD
:10D0F000FFFFFFFFDBB66D492424000000000000A5
:10D100000024244992B6FFFFFFFFFFFFFFFFFFFF50
:10D11000FFB624000024DBFF49000024B6FFFFFF18
:10D12000FFFFFFFFFFFFB69224002449B6DBFFFF9D
:10D13000FFFFFFFFFFFFDBB6926D49242424242468
:10D14000496DB6DBFFFFFFFFFFFFFFFFFFFFFFFFA4
:10D15000FFB624000024DBFF49000024B6FFFFFFD8
:10D16000FFFFFFFFFFFF924900004992DBFFFFFF37
:10D17000FFFFFFFFFFFFFFFFFFFFDBDBDBDBDBDB97
:10D18000DBFFFFFFFFFFFFFFFFFFFFFFFFFFFFFFD3
:10D19000FFB624000024DBFF49000024B6FFFFFF98
:10D1A000FFFFFFFFFFFF924924246DB6FFFFFFFF43
:10D1B000FFFFFFFFFFFFFFFFFFFFFFFFFFFFFFFF7F
:10D1C000FFFFFFFFFFFFFFFFFFFFFFFFFFFFFFFF6F
:10D1D000FFB624000024DBFF49000024B6FFFFFF58
:10D1E000FFFFFFFFFFFFB6926D6DB6FFFFFFFFFF72
:10D1F000FFFFFFFFFFFFFFFFFFFFFFFFFFFFFFFF3F
:10D20000FFFFFFFFFFFFFFFFFFFFFFFFFFFFFFFF2E
:10D21000FFB624000024DBFF49000024B6FFFFFF17
:10D22000FFFFFFFFFFFFFFFFFFFFFFFFFFFFFFFF0E
:10D23000FFFFFFFFFFFFFFFFFFFFFFFFFFFFFFFFFE
:10D24000FFFFFFFFFFFFFFFFFFFFFFFFFFFFFFFFEE
:10D25000FFB624000024DBFF49000024B6FFFFFFD7
:10D26000FFFFFFFFFFFFFFFFFFFFFFFFFFFFFFFFCE
:10D27000FFFFFFFFFFFFFFFFFFFFFFFFFFFFFFFFBE
:10D28000FFFFFFFFFFFFFFFFFFFFFFFFFFFFFFFFAE
:10D29000FFB624000024DBFF49000024B6FFFFFF97
:10D2A000FFFFFFFFFFFFFFFFFFFFFFFFFFFFFFFF8E
:10D2B000FFFFFFFFFFFFFFFFFFFFFFFFFFFFFFFF7E
:10D2C000FFFFFFFFFFFFFFFFFFFFFFFFFFFFFFFF6E
:10D2D000FFB624000024DBFF49000024B6FFFFFF57
:10D2E000FFFFFFFFFFFFFFFFFFFFFFFFFFFFFFFF4E
:10D2F000DBDBFFFFFFFFFFFFDBDBFFFFFFFFFFFFCE
:10D30000DBDBDBFFFFFFFFFFFFFFFFFFFFFFFFFF99
:10D31000FFB624000024DBFF49000024B6FFFFFF16
:10D32000FFFFFFFFFFFFFFFFFFFFFFFFFFFFB692C3
:10D33000494992DBFFFFDB92494992B6FFFFFFB6F6
:10D3400049496DB6FFFFFFFFFFFFFFFFFFFFFFFF34
:10D35000FFB624000024DBFF49000024B6FFFFFFD6
:10D36000FFFFFFFFFFFFFFFFFFFFFFFFFFFFB649CC
:10D3700000006DB6FFFFDB6D00004992FFFFDB92FE
:10D3800000002492FFFFFFFFFFFFFFFFFFFFFFFFF3
:10D39000FFB624000024DBFF49000024B6FFFFFF96
:10D3A000FFFFFFFFFFFFFFFFFFFFFFFFFFFF9224D5
:10D3B000000049B6FFFFB64900002492FFFFDB6D75
:10D3C0000000006DFFFFFFFFFFFFFFFFFFFFFFFFFC
:10D3D000FFB624000024DBFF49000024B6FFFFFF56
:10D3E000FFFFFFFFFFFFFFFFFFFFFFFFFFFF922495
:10D3F000000049B6FFFFB64900002492FFFFDB6D35
:10D400000000006DFFFFFFFFFFFFFFFFFFFFFFFFBB
:10D41000FFB624000024DBFF49000024B6FFFFFF15
:10D42000FFFFFFFFFFFFFFFFFFFFFFFFFFFF922454
:10D43000000049B6FFFFB64900002492FFFFDB6DF4
:10D440000000006DFFFFFFFFFFFFFFFFFFFFFFFF7B
:10D45000FFB624000024DBFF49000024B6FFFFFFD5
:10D46000FFFFFFFFFFFFFFFFFFFFFFFFFFFF922414
:10D47000000049B6FFFFB64900002492FFFFDB6DB4
:10D480000000006DFFFFFFFFFFFFFFFFFFFFFFFF3B
:10D49000FFB624000024DBFF49000024B6FFFFFF95
:10D4A000FFFFFFFFFFFFFFFFFFFFFFFFFFFF9224D4
:10D4B000000049B6FFFFB64900002492FFFFDB6D74
:10D4C0000000006DFFFFFFFFFFFFFFFFFFFFFFFFFB
:10D4D000FFB624000024DBFF49000024B6FFFFFF55
:10D4E000FFFFFFFFFFFFFFFFFFFFFFFFFFFF922494
:10D4F000000049B6FFFFB64900002492FFFFDB6D34
:10D500000000006DFFFFFFFFFFFFFFFFFFFFFFFFBA
:10D51000FFB624000024DBFF49000024B6FFFFFF14
:10D52000FFFFFFFFFFFFFFFFFFFFFFFFFFFF922453
:10D53000000049B6FFFFB64900002492FFFFDB6DF3
:10D540000000006DFFFFFFFFFFFFFFFFFFFFFFFF7A
:10D55000FFB624000024DBFF49000024B6FFFFFFD4
:10D56000FFFFFFFFFFFFFFFFFFFFFFFFFFFF922413
:10D57000000049B6FFFFB64900002492FFFFDB928E
:10D580000000246DFFFFFFFFFFFFFFFFFFFFFFFF16
:10D59000FFB624000024DBFF49000024B6FFFFFF94
:10D5A000FFFFFFFFFFFFFFFFFFFFFFFFFFFF9224D3
:10D5B000000049B6FFFFB64900002492FFFFFFB606
:10D5C00049494992FFFFFFFFFFFFFFFFFFFFFFFFFA
:10D5D000FFB624000024DBFF49000024B6FFFFFF54
:10D5E000FFFFFFFFFFFFFFFFFFFFFFFFFFFF922493
:10D5F000000049B6FFFFB64900002492FFFFFFFF7D
:10D60000DBDBDBFFFFFFFFFFFFFFFFFFFFFFFFFF96
:10D61000FFB624000024DBFF49000024B6FFFFFF13
:10D62000FFFFFFFFFFFFFFFFFFFFFFFFFFFF922452
:10D63000000049B6FFFFB64900002492FFFFFFDB60
:10D64000B6B6B6DBFFFFFFFFFFFFFFFFFFFFFFFFE9
:10D65000FFB624000024DBFF49000024B6FFFFFFD3
:10D66000FFFFFFFFFFFFFFFFFFFFFFFFFFFF922412
:10D67000000049B6FFFFB64900002492FFFFFF9269
:10D6800024244992FFFFFFFFFFFFFFFFFFFFFFFF83
:10D69000FFB624000024DBFF49000024B6FFFFFF93
:10D6A000FFFFFFFFFFFFFFFFFFFFFFFFFFFF9249AD
:10D6B000000049B6FFFFB64900002492FFFFDB924D
:10D6C0000000006DFFFFFFFFFFFFFFFFFFFFFFFFF9
:10D6D000FFB624000024DBFF49000024B6FFFFFF53
:10D6E000FFFFFFFFFFFFFFFFFFFFFFFFFFFFB64949
:10D6F00024246DB6FFFFB64900002492FFFFDB6DC6
:10D700000000006DFFFFFFFFFFFFFFFFFFFFFFFFB8
:10D71000FFB624000024DBFF49000024B6FFFFFF12
:10D72000FFFFFFFFFFFFFFFFFFFFFFFFFFFFDB929A
:10D730009292B6DBFFFFB64900002492FFFFDB9216
:10D740000000246DFFFFFFFFFFFFFFFFFFFFFFFF54
:10D75000FFB624000024DBFF49000024B6FFFFFFD2
:10D76000FFFFFFFFFFFFFFFFFFFFFFFFFFFFFFFFC9
:10D77000FFFFFFFFFFFFB64900002492FFFFFFB647
:10D7800049496DB6FFFFFFFFFFFFFFFFFFFFFFFFF0
:10D79000FFB624000024DBFF49000024B6FFFFFF92
:10D7A000FFFFFFFFFFFFFFFFFFFFFFFFFFFFFFFF89
:10D7B000FFFFFFFFFFFFB64900002492FFFFFFFFBE
:10D7C000DBDBDBFFFFFFFFFFFFFFFFFFFFFFFFFFD5
:10D7D000FFB624000024DBFF49000024B6FFFFFF52
:10D7E000FFFFFFFFFFFFFFFFFFFFFFFFFFFFFFFF49
:10D7F000FFFFFFFFFFFFB64900002492FFFFFFFF7E
:10D80000FFFFFFFFFFFFFFFFFFFFFFFFFFFFFFFF28
:10D81000FFB624000024DBFF49000024B6FFFFFF11
:10D82000FFFFFFFFFFFFFFFFFFFFFFFFFFFFFFFF08
:10D83000FFFFFFFFFFFFB64900002492FFFFFFFF3D
:10D84000FFFFFFFFFFFFFFFFFFFFFFFFFFFFFFFFE8
:10D85000FFB624000024DBFF49000024B6FFFFFFD1
:10D86000FFFFFFFFFFFFFFFFFFFFFFFFFFFFFFFFC8
:10D87000FFFFFFFFFFFFB64900002492FFFFFFFFFD
:10D88000FFFFFFFFFFFFFFFFFFFFFFFFFFFFFFFFA8
:10D89000FFB624000024DBFF49000024B6FFFFFF91
:10D8A000FFFFFFFFFFFFFFFFFFFFFFFFFFFFFFFF88
:10D8B000FFFFFFFFFFFFB64900002492FFFFFFFFBD
:10D8C000FFFFFFFFFFFFFFFFFFFFFFFFFFFFFFFF68
:10D8D000FFB624000024DBFF49000024B6FFFFFF51
:10D8E000FFFFFFFFFFFFFFFFFFFFFFFFFFFFFFFF48
:10D8F000FFFFFFFFFFFFB66D00004992FFFFFFFF34
:10D90000FFFFFFFFFFFFFFFFFFFFFFFFFFFFFFFF27
:10D91000FFDB24240049DBFF4924002492DBFFFFC6
:10D92000FFFFFFFFFFFFFFFFFFFFFFFFFFFFFFFF07
:10D93000FFFFFFFFFFFFDB9249496DB6FFFFFFFFCF
:10D94000FFFFFFFFFFFFFFFFFFFFFFFFFFFFFFFFE7
:10D95000FFDB6D49496DDBFF6D4900006D92DBFF18
:10D96000FFFFFFFFFFFFFFFFFFFFFFFFFFFFFFFFC7
:10D97000FFFFFFFFFFFFFFFFDBDBFFFFFFFFFFFFFF
:10D98000FFFFFFFFFFFFFFFFFFFFFFFFFFFFFFFFA7
:10D99000FFFFFFDBDBFFFFFFB66D24002449B6FF6E
:10D9A000FFFFFFFFFFFFFFFFFFFFFFFFFFFFFFFF87
:10D9B000FFFFFFFFFFFFFFFFFFFFFFFFFFFFFFFF77
:10D9C000FFFFFFFFFFFFFFFFFFFFFFFFFFFFFFFF67
:10D9D000FFFFFFFFFFFFFFFFDBB6492400246DB60A
:10D9E000DBFFFFFFFFFFFFFFFFFFFFFFFFFFFFFF6B
:10D9F000FFFFFFFFFFFFFFFFFFFFFFFFFFFFFFFF37
:10DA0000FFFFFFFFFFFFFFFFFFFFFFFFFFFFFFFF26
:10DA1000FFFFFFFFFFFFFFFFFFDB6D490000244911
:10DA200092B6DBFFFFFFFFFFFFFFFFFFFFFFFFFFE0
:10DA3000FFFFFFFFFFFFFFFFFFFFFFFFFFFFFFFFF6
:10DA4000FFFFFFFFFFFFFFFFFFFFFFFFFFFFFFFFE6
:10DA5000FFFFFFFFFFFFFFFFFFFFDBB649240000D2
:10DA60002424494949494949494949494949494970
:10DA70004949494949494949494949494949494916
:10DA80004949494949494949494949494949494906
:10DA90004949494949496D92FFFFFFFFB692492420
:10DAA0000000000000000000000000000000000076
:10DAB0000000000000000000000000000000000066
:10DAC0000000000000000000000000000000000056
:10DAD0000000000000002449FFFFFFFFFFFFB69297
:10DAE0006D49242424242424242424242424242488
:10DAF00024242424242424242424242424242424E6
:10DB000024242424242424242424242424242424D5
:10DB1000242424242424496DFFFFFFFFFFFFFFFF7F
:10DB2000FFFFFFFFFFFFFFFFFFFFFFFFFFFFFFFF05
:10DB3000FFFFFFFFFFFFFFFFFFFFFFDBB6926D4917
:10DB40004924242449496D92B6DBFFFFFFFFFFFF04
:10DB5000FFFFFFFFFFFFFFFFFFFFFFFFFFFFFFFFD5
:10DB6000FFFFFFFFFFFFFFFFFFFFFFFFFFFFFFFFC5
:10DB7000FFFFFFFFFFFFFFFFFFDB926D4924240043
:10DB80000000000000002424496D92B6DBFFFFFF77
:10DB9000FFFFFFFFFFFFFFFFFFFFFFFFFFFFFFFF95
:10DBA000FFFFFFFFFFFFFFFFFFFFFFFFFFFFFFFF85
:10DBB000FFFFFFFFFFFFFFFFB66D24000000000026
:10DBC00000000000000000000000004992DBFFFFA1
:10DBD000FFFFFFFFFFFFFFFFFFFFFFFFFFFFFFFF55
:10DBE000FFFFFFFFFFFFFFFFFFFFFFFFFFFFFFFF45
:10DBF000FFFFFFFFFFFFDB6D2424000024496D922F
:10DC0000B6B6B6B6B692926D240000002449B6FFAF
:10DC1000FFFFFFFFFFFFFFFFFFFFFFFFFFFFFFFF14
:10DC2000FFFFFFFFFFFFFFFFFFFFFFFFFFFFFFFF04
:10DC3000FFFFFFFFFFB66D240000244992B6DBDB37
:10DC4000FFFFFFFFFFFFDBB6926D49240000499202
:10DC5000DBFFFFFFFFFFFFFFFFFFFFFFFFFFFFFFF8
:10DC6000FFFFFFFFFFFFFFFFFFFFFFFFFFFFFFFFC4
:10DC7000FFFFFFFFB6490000244992DBFFFFFFFFD3
:10DC8000FFFFFFFFFFFFFFFFFFDBB66D2400002457
:10DC900092FFFFFFFFFFFFFFFFFFFFFFFFFFFFFF01
:10DCA000FFFFFFFFFFFFFFFFFFFFFFFFFFFFFFFF84
:10DCB000FFFFFFB64900002492B6DBFFFFFFFFFF26
:10DCC000FFFFFFFFFFFFFFFFFFFFFFDB92490000A9
:10DCD0002492DBFFFFFFFFFFFFFFFFFFFFFFFFFFC0
:10DCE000FFFFFFFFFFFFFFFFFFFFFFFFFFFFFFFF44
:10DCF000FFFFB64900004992DBFFFFFFFFFFFFFF78
:10DD0000FFFFFFFFFFFFFFFFFFFFFFFFFFB64924FD
:10DD1000002492FFFFFFFFFFFFFFFFFFFFFFFFFF5A
:10DD2000FFFFFFFFFFFFFFFFFFFFFFFFFFFFFFFF03
:10DD3000FFDB6D000024B6DBFFFFFFFFFFFFFFFFEF
:10DD4000FFFFFFFFFFFFFFFFFFFFFFFFFFFFB66DBE
:10DD5000000049B6FFFFFFFFFFFFFFFFFFFFFFB619
:10DD60009292FFFFFFFFFFFFFFFFFFFFFFFFFFFF9D
:10DD7000DB9224004992DBFFFFFFFFFFFFFFFFFF65
:10DD8000FFFFFFFFFFFFFFFFFFFFFFFFFFFFFFB6EC
:10DD90006D00006DDBFFFFFFFFFFFFFFFFFFFF498F
:10DDA0002449DBFFFFFFFFFFFFFFFFFFFFFFFFFF38
:10DDB000B649000092DBFFFFFFFFFFFFFFFFFFFF01
:10DDC000FFDBDBDBDBDBFFFFFFFFFFFFFFFFFFFF17
:10DDD000B624002492FFFFFFFFFFFFFFFFFFFF4974
:10DDE000002492DBFFFFFFFFFFFFFFFFFFFFFFFFAE
:10DDF0006D00006DDBFFFFFFFFFFFFFFFFFFFFFF79
:10DE0000DB492424496DB6FFFFFFFFFFFFFFFFFF43
:10DE1000FF92240024DBFFFFFFFFFFFFFFFFFF92C5
:10DE2000240049B6FFFFFFFFFFFFFFFFFFFFFFB624
:10DE3000240024B6FFFFFFFFFFFFFFFFFFFFFFFFF0
:10DE4000B62400000024496DB6DBFFFFFFFFFFFF93
:10DE5000FFDB49000092DBFFFFFFFFFFFFFFFFDB5F
:10DE60006D00006DDBFFFFFFFFFFFFFFFFFFDB9299
:10DE700024246DFFFFFFFFFFFFFFFFFFFFFFFFFFFA
:10DE8000DB4924242400000049B6FFFFFFFFFFFF09
:10DE9000FFFF92240049B6FFFFFFFFFFFFFFFFFFD8
:10DEA0009224004992FFFFFFFFFFFFFFFFFFFF9259
:10DEB0002449B6FFFFFFFFFFFFFFFFFFFFFFFFFF4C
:10DEC000FFDBB6B692492400004992FFFFFFFFFF37
:10DED000FFFFDB6D000092FFFFFFFFFFFFFFFFFF73
:10DEE000DB6D00006DDBFFFFFFFFFFFFFFFFFFB6F5
:10DEF00092B6FFFFFFFFFFFFFFFFFFFFFFFFFFFFE8
:10DF0000FFFFFFFFDBB66D49000049B6FFFFFFFFD3
:10DF1000FFFFFF9200006DFFFFFFFFFFFFFFFFFF0E
:10DF2000DBB6240024B6DBFFFFFFFFFFFFFFFFFF90
:10DF3000FFFFFFFFFFFFFFFFFFFFFFFFFFFFFFFFF1
:10DF4000FFFFFFFFFFFFFFB64900006DDBFFFFFF94
:10DF5000FFFFFFB6240049DBFFFFFFFFFFFFFF923B
:10DF60004924000000244949494949494949494946
:10DF70004949494949494949494949494949494911
:10DF8000496D92DBFFFFFFFF9249002492FFFFFFE4
:10DF9000FFFFFFDB6D002492FFFFFFFFFFFFFF6D20
:10DFA0000000000000000000000000000000000071
:10DFB0000000000000000000000000000000000061
:10DFC00000244992DBFFFFFFDB92000049DBFFFFEB
:10DFD000FFFFFFDB92000092FFFFFFFFFFFFFF6DDF
:10DFE000240000000000000000000000000000000D
:10DFF0000000000000000000000000000000000021
:10E000000000002492DBFFFFFFB624002492FFFFF4
:10E01000FFFFFFFFB624006DFFFFFFFFFFFFFFDBE9
:10E02000B692B6B6B6B6B6B6B6B6B6B6B6B6B6B6B4
:10E03000B6B6B6B6B6B6B6B6B6B6B6B6B6B6B692A4
:10E04000926D240024B6FFFFFFDB6D24006DFFFFFF
:10E05000FFFFFFFFDB240049FFFFFFFFFFFFFFFF84
:10E06000FFFFFFFFFFFFFFFFFFFFFFFFFFFFFFFFC0
:10E07000FFFFFFFFFFFFFFFFFFFFFFFFFFFFFFFFB0
:10E08000FFB66D00006DFFFFFFFFB6240049DBFF08
:10E09000FFFFFFFFDB240049FFFFFFFFFFFFFFFF44
:10E0A000FFFFFFFFFFFFFFFFFFFFFFFFFFFFFFFF80
:10E0B000FFFFFFFFFFFFFFFFFFFFFFFFFFFFFFFF70
:10E0C000FFFFB6240049B6FFFFFFDB240024DBFF7F
:10E0D000FFFFFFFFDB240049FFFFFFFFFFFFFFFF04
:10E0E000FFFFFFFFFFFFFFFFFFFFFFFFFFFFFFFF40
:10E0F000FFFFFFFFFFFFFFFFFFFFFFFFFFFFFFFF30
:10E10000FFFFDB490049B6FFFFFFFF490024DBFFAB
:10E11000FFFFFFFFFF240049FFFFFFFFFFFFFFFF9F
:10E12000FFFFFFFFFFFFFFFFFFFFFFFFFFFFFFFFFF
:10E13000FFFFFFFFFFFFFFFFFFFFFFFFFFFFFFFFEF
:10E14000FFFFDB490049B6FFFFFFFF490024DBFF6B
:10E15000FFFFFFFFDB240049FFFFFFFFFFFFFFFF83
:10E16000FFFFFFFFFFFFFFFFFFFFFFFFFFFFFFFFBF
:10E17000FFFFFFFFFFFFFFFFFFFFFFFFFFFFFFFFAF
:10E18000FFFFB6240049B6FFFFFFDB240024DBFFBE
:10E19000FFFFFFFFDB240049FFFFFFFFFFFFFFFF43
:10E1A000FFFFFFFFFFFFFFFFFFFFFFFFFFFFFFFF7F
:10E1B000FFFFFFFFFFFFFFFFFFFFFFFFFFFFFFFF6F
:10E1C000FFDB9200006DDBFFFFFFB6240049DBFFA1
:10E1D000FFFFFFFFDB240049FFDBDBDBDBDBDBDBFF
:10E1E000DBDBDBDBDBDBDBDBDBDBDBDBDBDBDBDB7F
:10E1F000DBDBDBDBDBDBDBDBDBDBDBDBDBDBDBDB6F
:10E20000DB9224000092FFFFFFDB92240049DBFF3A
:10E21000FFFFFFFFB624006D92494949494949492A
:10E22000494949494949494949494949494949495E
:10E23000494949494949494949494949494949494E
:10E24000242400006DDBFFFFFFDB49002492FFFF69
:10E25000FFFFFFDB920024926D0000000000000031
:10E2600000000000000000000000000000000000AE
:10E27000000000000000000000000000000000009E
:10E2800000002449B6FFFFFFFFB6240049B6FFFF98
:10E29000FFFFFFDB490024B66D24000000000000F2
:10E2A000000000000000000000000000000000006E
:10E2B000000000000000000000000000000000005E
:10E2C00024496DDBFFFFFFFFB66D00006DFFFFFF10
:10E2D000FFFFFFB6240049DBDBB6B6B6B6B6B6B66E
:10E2E000B6B6B6B692922400004992B6B6B6B6B6A5
:10E2F000B6B6B6B6B6B6B6B6B6B6B6B6B6B6B6B6BE
:10E30000B6B6DBFFFFFFFFDB6D240049B6FFFFFF62
:10E31000FFFFFF9200006DFFFFFFFFFFFFFFFFFF0A
:10E32000FFFFFFFFFFDB6D240049B6FFFFFFFFFF8C
:10E33000DBB6DBFFFFFFFFFFFFFFFFFFFFFFFFFF7E
:10E34000FFFFFFFFFFDBB66D24002492FFFFFFFFFE
:10E35000FFFFB66D000092FFFFFFFFFFFFFFFFFF13
:10E36000FFFFFFFFFFFFDB6D002492FFFFFFFFFFBA
:10E370006D496DFFFFFFFFFFFFFFFFFFFFFFFFFF87
:10E38000FFFFFFDBB66D240000246DDBFFFFFFFF06
:10E39000FFFF92240049B6FFFFFFFFFFFFFFFFFFD3
:10E3A000FFFFFFFFFFFFFF92000092FFFFFFFFFF55
:10E3B000490024B6FFFFFFFFFFFFFFFFFFFFFFDB6A
:10E3C000926D6D49492400002492DBFFFFFFFFFF9F
:10E3D000FFDB49000092FFFFFFFFFFFFFFFFFFFF92
:10E3E000FFFFFFFFFFFFFF92000092FFFFFFFFFF15
:10E3F0006D000049B6FFFFFFFFFFFFFFFFFFFFDBE0
:10E40000490000000000244992DBFFFFFFFFFFFFEF
:10E41000DB6D240049DBFFFFFFFFFFFFFFFFFFFF76
:10E42000FFFFFFFFFFFFDB6D000092FFFFFFFFFF1D
:10E43000B64900006DDBFFFFFFFFFFFFFFFFFFDBC3
:10E4400049000024244992DBFFFFFFFFFFFFFFFF8D
:10E45000B624002492FFFFFFFFFFFFFFFFFFFFFF37
:10E46000FFFFFFFFFFDB92240049B6FFFFFFFFFF26
:10E47000FF9224002492DBFFFFFFFFFFFFFFFFFF5F
:10E48000B6929292B6B6DBFFFFFFFFFFFFFFFFB62B
:10E490004900246DDBFFFFFFFFFFFFFFDBDBDBDB62
:10E4A000DBDBDBDBDBB64900006DDBFFFFFFFFFFE3
:10E4B000FFDB6D00002492DBFFFFFFFFFFFFFFFF8C
:10E4C000FFFFFFFFFFFFFFFFFFFFFFFFFFFFB6495B
:10E4D000000049B6FFFFFFFFFFFFDB6D4924242446
:10E4E000242424242424000049B6FFFFFFFFFFFF5B
:10E4F000FFFFDB4900002492DBFFFFFFFFFFFFFF70
:10E50000FFFFFFFFFFFFFFFFFFFFFFFFDB92490061
:10E510000024B6FFFFFFFFFFFFFFDB490000000004
:10E52000000000000000000049DBFFFFFFFFFFFFCD
:10E53000FFFFFFB66D2400246DB6DBFFFFFFFFFF7A
:10E54000FFFFFFFFFFFFFFFFFFFFFFB69249000045
:10E550004992DBFFFFFFFFFFFFFFDB6D2424242434
:10E56000242424242400000049DBFFFFFFFFFFFFD9
:10E57000FFFFFFFFB6492400004992DBFFFFFFFFCA
:10E58000FFFFFFFFFFFFFFFFFFDBB649240000494D
:10E5900092FFFFFFFFFFFFFFFFFFFFDBB6B6B6B640
:10E5A000B6B6B6B6B69224002492DBFFFFFFFFFF9B
:10E5B000FFFFFFFFFFB66D24000024496D92B6DB1C
:10E5C000FFFFFFFFFFDBDBB69249240000006DB6C2
:10E5D000DBFFFFFFFFFFFFFFFFFFFFFFFFFFFFFF6F
:10E5E000FFFFFFFFFFDB6D240049B6FFFFFFFFFFCA
:10E5F000FFFFFFFFFFFFDB924924000024496D6D00
:10E600009292929292926D4924000024496DB6FF35
:10E61000FFFFFFFFFFFFFFFFFFFFFFFFFFFFFFFF0A
:10E62000FFFFFFFFFFFFDB6D000092FFFFFFFFFF1B
:10E63000FFFFFFFFFFFFFFFFDB6D24000000000076
:10E6400000000000000000000000246DB6FFFFFF86
:10E65000FFFFFFFFFFFFFFFFFFFFFFFFFFFFFFFFCA
:10E66000FFFFFFFFFFFFFF92000092FFFFFFFFFF92
:10E67000FFFFFFFFFFFFFFFFFFDBB6926D492400A6
:10E6800000000000000024496D92B6DBFFFFFFFF91
:10E69000FFFFFFFFFFFFFFFFFFFFFFFFFFFFFFFF8A
:10E6A000FFFFFFFFFFFFFF92000092FFFFFFFFFF52
:10E6B000FFFFFFFFFFFFFFFFFFFFFFFFDB92926DFA
:10E6C00049494949496D6D92B6DBFFFFFFFFFFFFE6
:10E6D000FFFFFFFFFFFFFFFFFFFFFFFFFFFFFFFF4A
:10E6E000FFFFFFFFFFFFDB6D000092FFFFFFFFFF5B
:10E6F000FFFFFFFFFFFFFFFFFFFFFFFFFFFFFFFF2A
:10E70000FFFFFFFFFFFFFFFFFFFFFFFFFFFFFFFF19
:10E71000FFFFFFFFFFFFFFFFFFFFFFFFFFFFFFFF09
:10E72000FFFFFFFFFFDB92240049B6FFFFFFFFFF63
:10E73000FFFFFFFFFFFFFFFFFFFFFFFFFFFFFFFFE9
:10E74000FFFFFFFFFFFFFFFFFFFFFFFFFFFFFFFFD9
:10E75000FFFFFFFFFFFFFFFFDBDBDBDBDBDBDBDBE9
:10E76000DBDBDBDBB6922400006DDBFFFFFFFFFF8E
:10E77000FFFFFFFFFFFFFFFFFFFFFFFFFFFFFFFFA9
:10E78000FFFFFFFFFFFFFFFFFFFFFFFFFFFFFFFF99
:10E79000FFFFFFFFFFFFFFFF9249242424242424CE
:10E7A000242424242424000049B6FFFFFFFFFFFF98
:10E7B000FFFFFFFFFFFFFFFFFFFFFFFFFFFFFFFF69
:10E7C000FFFFFFFFFFFFFFFFFFFFFFFFFFFFFFFF59
:10E7D000FFFFFFFFFFFFFFFF6D00000000000000D4
:10E7E0000000000000002449B6FFFFFFFFFFFFFF0D
:10E7F000FFFFFFFFFFFFFFFFFFFFFFFFFFFFFFFF29
:10E80000FFFFFFFFFFFFFFFFFFFFFFFFFFFFFFFF18
:10E81000FFFFFFFFFFFFFFFF6D24002424242424BB
:10E8200024000000000049B6FFFFFFFFFFFFFFFFCD
:10E83000FFFFFFFFFFFFFFFFFFFFFFFFFFFFFFFFE8
:10E84000FFFFFFFFFFFFFFFFFFFFFFFFFFFFFFFFD8
:10E85000FFFFFFFFFFFFFFFFDBDBDBDBDBDBDBDBE8
:10E86000DBB69249000049B6FFFFFFFFFFFFFFFF45
:10E87000FFFFFFFFFFFFFFFFFFFFFFFFFFFFFFFFA8
:10E88000FFFFFFFFFFFFFFFFFFFFFFFFFFFFFFFF98
:10E89000FFFFFFFFFFFFFFFFFFFFFFFFFFFFFFFF88
:10E8A000FFFFDB9249002492FFFFFFFFFFFFFFFF06
:10E8B000FFFFFFFFFFFFFFFFFFFFFFFFFFFFFFFF68
:10E8C000FFFFFFFFFFFFFFFFFFFFFFFFFFFFFFFF58
:10E8D000FFFFFFFFFFFFFFFFFFFFFFFFFFFFFFFF48
:10E8E000FFFFFFDB9200006DFFFFFFFFFFFFFFFF59
:10E8F000FFFFFFFFFFFFFFFFFFFFFFFFFFFFFFFF28
:10E90000FFFFFFFFFFFFFFFFFFFFFFFFFFFFFFFF17
:10E91000FFFFFFFFFFFFFFFFFFFFFFFFFFFFFFFF07
:10E92000FFFFFFFFB600006DFFFFFFFFFFFFFFFFD0
:10E93000FFFFFFFFFFFFFFFFFFFFFFFFFFFFFFFFE7
:10E94000FFFFFFFFFFFFFFFFFFFFFFFFFFFFFFFFD7
:10E95000FFFFFFFFFFFFFFFFFFFFFFFFFFFFFFFFC7
:10E96000FFFFFFFFB600006DFFFFFFFFFFFFFFFF90
:10E97000FFFFFFFFFFFFFFFFFFFFFFFFFFFFFFFFA7
:10E98000FFFFFFFFFFFFFFFFFFFFFFFFFFFFFFFF97
:10E99000FFFFFFFFFFFFFFFFFFFFFFFFFFFFFFFF87
:10E9A000FFFFFFDB9200006DFFFFFFFFFFFFFFFF98
:10E9B000FFFFFFFFFFFFFFFFFFFFFFFFFFFFFFFF67
:10E9C000FFFFFFFFFFFFFFFFFFFFFFFFFFFFFFFF57
:10E9D000FFFFFFFFFFFFFFFFFFFFFFFFFFFFFFFF47
:10E9E000FFFFDB9249002492FFFFFFFFFFFFFFFFC5
:10E9F000FFFFFFFFFFFFFFFFFFFFFFFFFFFFFFFF27
:10EA0000FFFFFFFFFFFFFFFFFFFFFFFFFFFFFFFF16
:10EA1000FFFFFFFFFFFFFFFFFFFFFFDBDBB6B6B629
:10EA2000B6B6924900006DDBFFFFFFFFFFFFFFFF5F
:10EA3000FFFFFFFFFFFFFFFFFFFFFFFFFFFFFFFFE6
:10EA4000FFFFFFFFFFFFFFFFFFFFFFFFFFFFFFFFD6
:10EA5000FFFFFFFFFFFFFFFFFFFFDB492400000078
:10EA6000000000000024B6FFFFFFFFFFFFFFFFFFD5
:10EA7000FFFFFFFFFFFFFFFFFFFFFFFFFFFFFFFFA6
:10EA8000FFFFFFFFFFFFFFFFFFFFFFFFFFFFFFFF96
:10EA9000FFFFFFFFFFFFFFFFFFFFDB49000000005C
:10EAA000000000244992FFFFFFFFFFFFFFFFFFFF71
:10EAB000FFFFFFFFFFFFFFFFFFFFFFFFFFFFFFFF66
:10EAC000FFFFFFFFFFFFFFFFFFFFFFFFFFFFFFFF56
:10EAD000FFFFFFFFFFFFFFFFFFFFDB6D4924242443
:10EAE0002424496DB6FFFFFFFFFFFFFFFFFFFFFF7D
:10EAF000FFFFFFFFFFFFFFFFFFFFFFFFFFFFFFFF26
:10EB0000FFFFFFFFFFFFFFFFFFFFFFFFFFFFFFFF15
:10EB1000FFFFFFFFFFFFFFFFFFFFFFFFFFFFFFFF05
:10EB2000FFFFFFFFFFFFFFFFFFFFFFFFFFFFFFFFF5
:10EB3000FFFFFFFFFFFFFFFFFFFFFFFFFFFFFFFFE5
:10EB4000FFFFFFFFFFFFFFFFFFFFFFFFFFFFFFFFD5
:10EB5000FFFFFFFFB66D6DB6FFFFFFFFFFFFFFFF7B
:10EB6000FFFFFFFFFFFFFFFFFFFFFFFFFFFFFFFFB5
:10EB7000FFFFFFFFFFFFFFFFFFFFFFFFFFFFFFFFA5
:10EB8000FFFFFFFFFFFFFFFFFFFFFFFFFFFFFFFF95
:10EB9000FFFFFFDB6D24246DFFFFFFFFFFFFFFFF83
:10EBA000FFFFFFFFFFFFFFFFFFFFFFFFFFFFFFFF75
:10EBB000FFFFFFFFFFFFFFFFFFFFFFFFFFFFFFFF65
:10EBC000FFFFFFFFFFFFFFFFFFFFFFFFFFFFFFFF55
:10EBD000FFFFFFB64900246DFFFFFFFFFFFFFFFFB0
:10EBE000FFFFFFFFFFFFFFFFFFFFFFFFFFFFFFFF35
:10EBF000FFFFFFFFFFFFFFFFFFFFFFFFFFFFFFFF25
:10EC0000FFFFFFFFFFFFFFFFFFFFFFFFFFFFFFFF14
:10EC1000FFFFFF6D24002492FFFFFFFFFFFFFFFFB8
:10EC2000FFFFFFFFFFFFFFFFFFFFFFFFFFFFFFFFF4
:10EC3000FFFFFFFFFFFFFFFFFFFFFFFFFFFFFFFFE4
:10EC4000FFFFFFFFFFFFFFFFFFFFFFFFFFFFFFFFD4
:10EC5000FFFFDB49000049B6FFFFFFFFFFFFFFFF9B
:10EC6000FFFFFFFFFFFFFFFFFFFFFFFFFFFFFFFFB4
:10EC7000FFFFFFFFFFFFFFFFFFFFFFFFFFFFFFFFA4
:10EC8000FFFFFFFFFFFFFFFFFFFFFFFFFFFFFFFF94
:10EC9000FFFFB62400006DFFFFFFFFFFFFFFFFFF38
:10ECA000FFFFFFFFFFFFFFFFFFFFFFFFFFFFFFFF74
:10ECB000FFFFFFFFFFFFFFFFFFFFFFFFFFFFFFFF64
:10ECC000FFFFFFFFFFFFFFFFFFFFFFFFFFFFFFFF54
:10ECD000FFDB9200002492FFFFFFFFFFFFFFFFFF1B
:10ECE000FFFFFFFFDBB6926D6D6D92DBFFFFFFFF55
:10ECF000FFFFFFFFFFFFFFFFFFFFFFFFFFFFFFFF24
:10ED0000FFFFFFFFFFFFFFFFFFFFFFFFFFFFFFFF13
:10ED1000FFB66D002449B6FFFFFFFFFFFFFFFFFFB7
:10ED2000FFFFFFDB924924240024496DB6DBFFFF7F
:10ED3000FFFFFFFFFFFFFFFFFFFFFFFFFFFFFFFFE3
:10ED4000FFFFFFFFFFFFFFFFDBDBDBDBDBDBDBB618
:10ED5000B66D24004992DBFFFFFFFFFFFFFFFFFFBF
:10ED6000FFFFDB6D2400000000000000246DDBFFCE
:10ED7000FFFFFFFFFFFFFFFFFFFFFFFFFFFFFFFFA3
:10ED8000FFDBDBDBDBB6B6929292926D6D494949AF
:10ED9000242400006DDBFFFFFFFFFFFFFFFFFFFFED
:10EDA000FFFF924900246D92926D2400004992DB8E
:10EDB000FFDBDBDBDBB6B6B6B69292926D6D6D49CA
:10EDC00049494949492424242424242424000000B6
:10EDD0000000002492FFFFFFFFFFFFDBB6B6B6B6D0
:10EDE000B6B64900006DB6DBFFDB92240000499205
:10EDF000926D6D6D6D4949494949242424000000F4
:10EE000000000000000000000000002424494949DF
:10EE100049496D92DBFFFFFFFFFFB69249240024B2
:10EE20004949000024DBFFFFFFFFDB6D000000000D
:10EE300000000000000000000000000000000000D2
:10EE4000000000002449492400002492B6B6B6DB35
:10EE5000DBDBFFFFFFFFFFFFFF9224240000000029
:10EE60000000000024DBFFFFFFFFFF6D000000003B
:10EE7000002424244949496D6D6D6D9292B6B69275
:10EE80006D0000246DB69249002449DBFFFFFFFFAF
:10EE9000FFFFFFFFFFFFFFFFB649000024496D4958
:10EEA0002400000024DBFFFFFFFFFF6D0000006D6A
:10EEB00092929292B6B6B6B6B6DBDBDBDBFFFFDB37
:10EEC0006D002449B6FFB64900246DFFFFFFFFFF28
:10EED000FFFFFFFFFFFFFFFF6D2400246DDBDBB6AC
:10EEE0006D49000024DBFFFFFFFFFF6D000024DB06
:10EEF000FFFFFFFFFFFFFFFFFFFFFFFFFFFFFFDB46
:10EF00006D00246DB6FF9249004992FFFFFFFFFF9D
:10EF1000FFFFFFFFFFFFFFFF49000049DBFFFFFF8F
:10EF2000DB92240024DBFFFFFFFFFF6D000024DBEA
:10EF3000FFFFFFFFFFFFFFFFFFFFFFFFFFFFFFB62A
:10EF40004900496DDBDB9224004992FFFFFFFFFF80
:10EF5000FFFFFFFFFFFFFFFF2400006DFFFFFFFF2C
:10EF6000FFB6240024DBFFFFFFFFFF6D000024DB62
:10EF7000FFFFFFFFFFFFFFFFFFFFFFFFFFFFFFB6EA
:10EF800049004992DBDB6D242449B6FFFFFFFFFFF8
:10EF9000FFFFFFFFFFFFFFFF49000049DBFFFFFF0F
:10EFA000DBB6240024DBFFFFFFFFFF6D000024DB46
:10EFB000FFFFFFFFFFFFFFFFFFFFFFFFFFFFFF92CE
:10EFC00024006DB6DBDB6D00246DDBFFFFFFFFFF70
:10EFD000FFFFFFFFFFFFFFFF6D2400246DDBFFDB62
:10EFE0006D49000024DBFFFFFFFFFF6D000024DB05
:10EFF000FFFFFFFFFFFFFFFFFFFFFFFFFFFFFF928E
:10F0000000006DDBFFDB4900246DFFFFFFFFFFFF0A
:10F01000FFFFFFFFFFFFFFFFB649000024496D49D6
:10F020002400000024DBFFFFFFFFFF6D000024DB56
:10F03000FFFFFFFFFFFFFFFFFFFFFFFFFFFFFF924D
:10F04000000092DBFFDB24002492FFFFFFFFFFFFA5
:10F05000FFFFFFFFFFFFFFFFDB92492400000000DE
:10F060000000000024DBFFFFFFFFFF6D000024DB3A
:10F07000FFFFFFFFFFFFFFFFFFFFFFFFFFFFFF6D32
:10F08000000092FFFFB624004992FFFFFFFFFFFF41
:10F09000FFFFFFFFFFFFFFFFFFDBB69249240024C5
:10F0A0004949000024DBFFFFFFFFFF6D000024DB68
:10F0B000FFFFFFFFFFFFFFFFFFFFFFFFFFFFDB6D16
:10F0C000002492FFFFB6240049B6FFFFFFFFFFFFB9
:10F0D000FFFFFFFFFFFFFFFFFFFFFFDBB6B6B6B688
:10F0E000B692240024DBFFFFFFFFFF6D000024DB4E
:10F0F000FFFFFFFFFFFFFFFFFFFFFFFFFFDBB64943
:10F100000024B6FFDB9224246DB6FFFFFFFFFFFF54
:10F11000FFFFFFFFFFFFFFFFFFFFFFFFFFFFFFFFFF
:10F12000FFDB240024DBFFFFFFFFFF6D000024DB7B
:10F13000FFFFFFFFFFFFFFFFFFFFFFFFFFDBB64902
:10F140000049B6FFDB92242492B6FFFFFFFFFFFFCA
:10F15000FFFFFFFFFFFFFFFFFFFFFFFFFFFFFFFFBF
:10F16000FFDB240024DBFFFFFFFFFF6D000024DB3B
:10F17000FFFFFFFFFFFFFFFFFFFFFFFFFFB692490B
:10F18000006DDBFFDB6D242492DBFFFFFFFFFFFF41
:10F19000FFFFFFFFFFFFFFFFFFFFFFFFFFFFFFFF7F
:10F1A000FFDB240024DBFFFFFFFFFF6D000024DBFB
:10F1B000FFFFFFFFFFFFFFFFFFFFFFFFFFB69224F0
:10F1C0000092DBFFB6490049B6DBFFFFFFFFFFFF00
:10F1D000FFFFFFFFFFFFFFFFFFFFFFFFFFFFFFFF3F
:10F1E000FFDB240024DBFFFFFFFFFF6D000024DBBB
:10F1F000FFFFFFFFFFFFFFFFFFFFFFFFFF926D24F9
:10F200000092DBFFB6490049B6DBFFFFFFFFFFFFBF
:10F21000FFFFFFFFFFFFFFFFFFFFFFFFFFFFFFFFFE
:10F22000FFDB240024DBFFFFFFFFFF6D000024DB7A
:10F23000FFFFFFFFFFFFFFFFFFFFFFFFFF92490000
:10F2400024B6FFFFB624006DDBFFFFFFFFFFFFFFCB
:10F25000FFFFFFFFFFFFFFFFFFFFFFFFFFFFFFFFBE
:10F26000FFDB240024DBFFFFFFFFFF6D000024DB3A
:10F27000FFFFFFFFFFFFFFFFFFFFFFFFFF6D4900E5
:10F2800024DBFFFF9224006DFFFFFFFFFFFFFFFF66
:10F29000FFFFFFFFFFFFFFFFFFFFFFFFFFFFFFFF7E
:10F2A000FFDB240024DBFFFFFFFFFF6D000024DBFA
:10F2B000FFFFFFFFFFFFFFFFFFFFFFFFFF6D2400CA
:10F2C00024DBFFFF92000092FFFFFFFFFFFFFFFF25
:10F2D000FFFFFFFFFFFFFFFFFFFFFFFFFFFFFFFF3E
:10F2E000FFDB240024DBFFFFFFFFFF6D000024DBBA
:10F2F000FFFFFFFFFFFFFFFFFFFFFFFFDB6D2400AE
:10F3000049DBFFFF6D000092FFFFFFFFFFFFFFFFE4
:10F31000FFFFFFFFFFFFFFFFFFFFFFFFFFFFFFFFFD
:10F32000FFDB240024DBFFFFFFFFFF6D000024DB79
:10F33000FFFFFFFFFFFFFFFFFFFFFFFFDB49240091
:10F3400049FFFFDB6D002492FFFFFFFFFFFFFFFF80
:10F35000FFFFFFFFFFFFFFFFFFFFFFFFFFFFFFFFBD
:10F36000FFDB240024DBFFFFFFFFFF6D000024DB39
:10F37000FFFFFFFFFFFFFFFFFFFFFFFFB649242452
:10F380006DFFDBB66D0049B6FFFFFFFFFFFFFFFF1C
:10F39000FFFFFFFFFFFFFFFFFFFFFFFFFFFFFFFF7D
:10F3A000FFDB240024DBFFFFFFFFFF6D000024DBF9
:10F3B000FFFFFFFFFFFFFFFFFFFFFFFF922424245B
:10F3C00092FFDBB6490049B6FFFFFFFFFFFFFFFFDB
:10F3D000FFFFFFFFFFFFFFFFFFFFFFFFFFFFFFFF3D
:10F3E000FFDB240024DBFFFFFFFFFF6D000024DBB9
:10F3F000FFFFFFFFFFFFFFFFFFFFFFDB922424491A
:10F4000092FFB69249006DDBFFFFFFFFFFFFFFFF9A
:10F41000FFFFFFFFFFFFFFFFFFFFFFFFFFFFFFFFFC
:10F42000FFDB240024DBFFFFFFFFFF6D000024DB78
:10F43000FFFFFFFFFFFFFFFFFFFFFFDB6D24004922
:10F44000B6FFB66D24246DDBFFFFFFFFFFFFFFFF5C
:10F45000FFFFFFFFFFFFFFFFFFFFFFFFFFFFFFFFBC
:10F46000FFDB240024DBFFFFFFFFFF6D000024DB38
:10F47000FFFFFFFFFFFFFFFFFFFFFFDB490000492A
:10F48000DBFF926D242492DBFFFFFFFFFFFFFFFFF6
:10F49000FFFFFFFFFFFFFFFFFFFFFFFFFFFFFFFF7C
:10F4A000FFDB240024DBFFFFFFFFFF6D000024DBF8
:10F4B000FFFFFFFFFFFFFFFFFFFFFFDB4900006DC6
:10F4C000FFFF92490024B6FFFFFFFFFFFFFFFFFF92
:10F4D000FFFFFFFFFFFFFFFFFFFFFFFFFFFFFFFF3C
:10F4E000FFDB240024DBFFFFFFFFFF6D000024DBB8
:10F4F000FFFFFFFFFFFFFFFFFFFFFFDB2400006DAB
:10F50000FFFF92240024B6FFFFFFFFFFFFFFFFFF76
:10F51000FFFFFFFFFFFFFFFFFFFFFFFFFFFFFFFFFB
:10F52000FFDB240024DBFFFFFFFFFF6D000024DB77
:10F53000FFFFFFFFFFFFFFFFFFFFFFB6240000926A
:10F54000FFFF6D240024DBFFFFFFFFFFFFFFFFFF36
:10F55000FFFFFFFFFFFFFFFFFFFFFFFFFFFFFFFFBB
:10F56000FFDB240024DBFFFFFFFFFF6D000024DB37
:10F57000FFFFFFFFFFFFFFFFFFFFFFB62400249206
:10F58000FFFF6D000049DBFFFFFFFFFFFFFFFFFFF5
:10F59000FFFFFFFFFFFFFFFFFFFFDBB66D4949499C
:10F5A0006D6D000024DBFFFFFFFFFF6D000024DB1B
:10F5B000FFFFFFFFFFFFFFFFFFFFDB9224242492EA
:10F5C000FFDB49000049DBFFFFFFFFFFFFFFFFFFFD
:10F5D000FFFFFFFFFFFFFFFFFFB66D4924000000A4
:10F5E0002424000024DBFFFFFFFFFF6D000024DB6D
:10F5F000FFFFFFFFFFFFFFFFFFFFDB6D242449B686
:10F60000FFB64900246DDBFFFFFFFFFFFFFFFFFF99
:10F61000FFFFFFFFFFFFFFFFDB6D000000000000AA
:10F620000000000024DBFFFFFFFFFF6D000024DB74
:10F63000FFFFFFFFFFFFFFFFFFFFDB6D00496DB620
:10F64000FFB64900246DDBFFFFFFFFFFFFFFFFFF59
:10F65000FFFFFFFFFFFFFFFF9224002449B6B69291
:10F660004924000024DBFFFFFFFFFF6D000024DBC7
:10F67000FFFFFFFFFFFFFFFFFFFFB64900496DDB04
:10F68000FF9224002492FFFFFFFFFFFFFFFFFFFF19
:10F69000FFFFFFFFFFFFFFFF49000049B6FFFFDB51
:10F6A000B692240024DBFFFFFFFFFF6D000024DB88
:10F6B000FFFFFFFFFFFFFFFFFFFFB649006D92DB7B
:10F6C000FF6D240049B6FFFFFFFFFFFFFFFFFFFFB5
:10F6D000FFFFFFFFFFFFFFFF4900006DFFFFFFFF80
:10F6E000FFB6240024DBFFFFFFFFFF6D000024DBDB
:10F6F000FFFFFFFFFFFFFFFFFFFF9224006D92FF60
:10F70000FF6D240049B6FFFFFFFFFFFFFFFFFFFF74
:10F71000FFFFFFFFFFFFFFFF4900006DFFFFFFFF3F
:10F72000DBB6240024DBFFFFFFFFFF6D000024DBBE
:10F73000FFFFFFFFFFFFFFFFFFFF92000092B6FFFA
:10F74000DB49000049DBFFFFFFFFFFFFFFFFFFFF7B
:10F75000FFFFFFFFFFFFFFFF4900004992DBFFDBD8
:10F76000926D000024DBFFFFFFFFFF6D000024DB34
:10F77000FFFFFFFFFFFFFFFFFFFF6D000092B6FFDF
:10F78000DB2400006DDBFFFFFFFFFFFFFFFFFFFF3C
:10F79000FFFFFFFFFFFFFFFF922400004992B69298
:10F7A0004924000024DBFFFFFFFFFF6D000024DB86
:10F7B000FFFFFFFFFFFFFFFFFFFF6D002492DBFF56
:10F7C000DB2400006DFFFFFFFFFFFFFFFFFFFFFFD8
:10F7D000FFFFFFFFFFFFFFFFDB6D000000000000E9
:10F7E0000000000024DBFFFFFFFFFF6D000024DBB3
:10F7F000FFFFFFFFFFFFFFFFFFDB6D0024B6DBFF16
:10F80000B624000092FFFFFFFFFFFFFFFFFFFFFF97
:10F81000FFFFFFFFFFFFFFFFFFB6926D2400000018
:10F820002424000024DBFFFFFFFFFF6D000024DB2A
:10F83000FFFFFFFFFFFFFFFFFFB6490049B6DBFFF9
:10F84000B600002492FFFFFFFFFFFFFFFFFFFFFF57
:10F85000FFFFFFFFFFFFFFFFFFFFFFDB926D6D6DFF
:10F86000926D240024DBFFFFFFFFFF6D000024DB0F
:10F87000FFFFFFFFFFFFFFFFFFB649006DB6DBDBB9
:10F8800092002449B6FFFFFFFFFFFFFFFFFFFFFFCE
:10F89000FFFFFFFFFFFFFFFFFFFFFFFFFFFFFFFF78
:10F8A000FFDB240024DBFFFFFFFFFF6D000024DBF4
:10F8B000FFFFFFFFFFFFFFFFFF9224246DDBDBDB79
:10F8C0006D002449B6FFFFFFFFFFFFFFFFFFFFFFB3
:10F8D000FFFFFFFFFFFFFFFFFFFFFFFFFFFFFFFF38
:10F8E000FFDB240024DBFFFFFFFFFF6D0000006D46
:10F8F00092B6DBFFFFFFFFFFFF6D242492DBFFB614
:10F900006D00496DB6FFFFFFFFFFFFFFFFFFFFFF29
:10F91000FFFFFFFFFFFFFFFFFFFFFFFFFFFFFFFFF7
:10F92000FFDB490049FFFFFFFFFFFF9200000024BB
:10F93000496D6D92B6B6DBDBDB49002492FFFFB662
:10F9400049004992DBFFFFFFFFFFFFFFFFFFFFFFC3
:10F95000FFFFFFFFFFFFFFFFFFFFFFFFFFFFFFFFB7
:10F96000FFFF926D92FFFFFFFFFFFFB649240000EB
:10F970000000000024496D9292240024B6FFFFB6D7
:10F9800024006DB6DBFFFFFFFFFFFFFFFFFFFFFF60
:10F99000FFFFFFFFFFFFFFFFFFFFFFFFFFFFFFFF77
:10F9A000FFFFDBDBDBFFFFFFFFFFFFFFDBB6926D3F
:10F9B0004924240000002424240000006DB6B66D04
:10F9C00024006DB6FFFFFFFFFFFFFFFFFFFFFFFFFC
:10F9D000FFFFFFFFFFFFFFFFFFFFFFFFFFFFFFFF37
:10F9E000FFFFFFFFFFFFFFFFFFFFFFFFFFFFFFDB4B
:10F9F000B692926D4949242400000000244949240C
:10FA000000006D92DBFFFFFFFFFFFFFFFFFFFFFF27
:10FA1000FFFFFFFFFFFFFFFFFFFFFFFFFFFFFFFFF6
:10FA2000FFFFFFFFFFFFFFFFFFFFFFFFFFFFFFFFE6
:10FA3000FFFFFFFFDBB6926D4924240000000000A9
:10FA40000000244992B6DBFFFFFFFFFFFFFFFFFF2F
:10FA5000FFFFFFFFFFFFFFFFFFFFFFFFFFFFFFFFB6
:10FA6000FFFFFFFFFFFFFFFFFFFFFFFFFFFFFFFFA6
:10FA7000FFFFFFFFFFFFFFDBDBDBB6926D494900B5
:10FA800000000000242449B6FFFFFFFFFFFFFFFF37
:10FA9000FFFFFFFFFFFFFFFFFFFFFFFFFFFFFFFF76
:10FAA000FFFFFFFFFFFFFFFFFFFFFFFFFFFFFFFF66
:10FAB000FFFFFFFFFFFFFFFFFFFFFFDBDBB6B6929D
:10FAC0006D494924242449B6FFFFFFFFFFFFFFFFD4
:10FAD000FFFFFFFFFFFFFFFFFFFFFFFFFFFFFFFF36
:10FAE000FFFFFFFFFFFFFFFFFFFFFFFFFFFFFFFF26
:10FAF000FFFFFFFFFFFFFFFFFFFFFFFFFFFFFFFF16
:10FB0000FFDBB6926D6D92DBFFFFFFFFFFFFFFFF94
:10FB1000FFFFFFFFFFFFFFFFFFFFFFFFFFFFFFFFF5
:10FB2000FFFFFFFFFFFFFFFFFFFFFFFFFFFFFFFFE5
:10FB3000FFFFFFFFFFFFFFFFFFFFFFFFFFFFFFFFD5
:10FB4000FFFFFFFFFFFFFFFFFFFFFFFFFFFFFFFFC5
:10FB5000FFFFFFFFB66D6DB6FFFFFFFFFFFFFFFF6B
:10FB6000FFFFFFFFFFFFFFFFFFFFFFFFFFFFFFFFA5
:10FB7000FFFFFFFFFFFFFFFFFFFFFFFFFFFFFFFF95
:10FB8000FFFFFFFFFFFFFFFFFFFFFFFFFFFFFFFF85
:10FB9000FFFFFFDB6D24246DFFFFFFFFFFFFFFFF73
:10FBA000FFFFFFFFFFFFFFFFFFFFFFFFFFFFFFFF65
:10FBB000FFFFFFFFFFFFFFFFFFFFFFFFFFFFFFFF55
:10FBC000FFFFFFFFFFFFFFFFFFFFFFFFFFFFFFFF45
:10FBD000FFFFFFB64900246DFFFFFFFFFFFFFFFFA0
:10FBE000FFFFFFFFFFFFFFFFFFFFFFFFFFFFFFFF25
:10FBF000FFFFFFFFFFFFFFFFFFFFFFFFFFFFFFFF15
:10FC0000FFFFFFFFFFFFFFFFFFFFFFFFFFFFFFFF04
:10FC1000FFFFFF6D24002492FFFFFFFFFFFFFFFFA8
:10FC2000FFFFFFFFFFFFFFFFFFFFFFFFFFFFFFFFE4
:10FC3000FFFFFFFFFFFFFFFFFFFFFFFFFFFFFFFFD4
:10FC4000FFFFFFFFFFFFFFFFFFFFFFFFFFFFFFFFC4
:10FC5000FFFFDB49000049B6FFFFFFFFFFFFFFFF8B
:10FC6000FFFFFFFFFFFFFFFFFFFFFFFFFFFFFFFFA4
:10FC7000FFFFFFFFFFFFFFFFFFFFFFFFFFFFFFFF94
:10FC8000FFFFFFFFFFFFFFFFFFFFFFFFFFFFFFFF84
:10FC9000FFFFB62400006DFFFFFFFFFFFFFFFFFF28
:10FCA000FFFFFFFFFFFFFFFFFFFFFFFFFFFFFFFF64
:10FCB000FFFFFFFFFFFFFFFFFFFFFFFFFFFFFFFF54
:10FCC000FFFFFFFFFFFFFFFFFFFFFFFFFFFFFFFF44
:10FCD000FFDB9200002492FFFFFFFFFFFFFFFFFF0B
:10FCE000FFFFFFFFDBB6926D6D6D92DBFFFFFFFF45
:10FCF000FFFFFFFFFFFFFFFFFFFFFFFFFFFFFFFF14
:10FD0000FFFFFFFFFFFFFFFFFFFFFFFFFFFFFFFF03
:10FD1000FFB66D002449B6FFFFFFFFFFFFFFFFFFA7
:10FD2000FFFFFFDB924924240024496DB6DBFFFF6F
:10FD3000FFFFFFFFFFFFFFFFFFFFFFFFFFFFFFFFD3
:10FD4000FFFFFFFFFFFFFFFFDBDBDBDBDBDBDBB608
:10FD5000B66D24004992DBFFFFFFFFFFFFFFFFFFAF
:10FD6000FFFFDB6D2400000000000000246DDBFFBE
:10FD7000FFFFFFFFFFFFFFFFFFFFFFFFFFFFFFFF93
:10FD8000FFDBDBDBDBB6B6929292926D6D4949499F
:10FD9000242400006DDBFFFFFFFFFFFFFFFFFFFFDD
:10FDA000FFFF924900246D92926D2400004992DB7E
:10FDB000FFDBDBDBDBB6B6B6B69292926D6D6D49BA
:10FDC00049494949492424242424242424000000A6
:10FDD00000000024B6FFFFFFFFFFFFDBB6B6B6B69C
:10FDE000B6B64900006DB6DBFFDB922400004992F5
:10FDF000926D6D6D6D4949494949242424000000E4
:10FE000000000000000000000000002424494949CF
:10FE100049496D92DBFFFFFFFFFFB69249240024A2
:10FE20004949000024DBFFFFFFFFDB6D00000000FD
:10FE300000000000000000000000000000000000C2
:10FE4000002424242449492400002492B6B6B6DBB9
:10FE5000DBDBFFFFFFFFFFFFFF9224240000000019
:10FE60000000000024DBFFFFFFFFFF6D000000002B
:10FE7000002424244949496D6D6D6D9292B6B6B641
:10FE8000B6DBDBDBDBDB9249002449DBFFFFFFFF56
:10FE9000FFFFFFFFFFFFFFFFB649000024496D4948
:10FEA0002400000024DBFFFFFFFFFF6D0000006D5A
:10FEB00092929292B6B6B6B6B6DBDBDBDBFFFFFF03
:10FEC000FFFFFFFFFFFFB64900246DFFFFFFFFFFAD
:10FED000FFFFFFFFFFFFFFFF6D2400246DDBDBB69C
:10FEE0006D49000024DBFFFFFFFFFF6D000024DBF6
:10FEF000FFFFFFFFFFFFFFFFFFFFFFFFFFFFFFFF12
:10FF0000FFFFFFFFFFFF924900246DFFFFFFFFFF90
:10FF1000FFFFFFFFFFFFFFFF49000049DBFFFFFF7F
:10FF2000DB92240024DBFFFFFFFFFF6D000024DBDA
:10FF3000FFFFFFFFFFFFFFFFFFFFFFFFFFFFFFFFD1
:10FF4000FFFFFFFFFFFF9224002449DBFFFFFFFFBD
:10FF5000FFFFFFFFFFFFFFFF2400006DFFFFFFFF1C
:10FF6000FFB6240024DBFFFFFFFFFF6D000024DB52
:10FF7000FFFFFFFFFFFFFFFFFFFFFFFFFFFFFFFF91
:10FF8000FFFFFFFFFFDB6D2400002492DBFFFFFF7C
:10FF9000FFFFFFFFFFFFFFFF49000049DBFFFFFFFF
:10FFA000DBB6240024DBFFFFFFFFFF6D000024DB36
:10FFB000FFFFFFFFFFFFFFFFFFFFFFFFFFFFFFFF51
:10FFC000FFFFFFFFFFDB6D0000000049B6FFFFFFF2
:10FFD000FFFFFFFFFFFFFFFF6D2400246DDBFFDB52
:10FFE0006D49000024DBFFFFFFFFFF6D000024DBF5
:10FFF000FFFFFFFFFFFFFFFFFFFFFFFFFFFFFFFF11
:020000040802F0
:10000000FFFFFFFFFFDB4900000000006DDBFFFF8B
:10001000FFFFFFFFFFFFFFFFB649000024496D49C6
:100020002400000024DBFFFFFFFFFF6D000024DB46
:10003000FFFFFFFFFFFFFFFFFFFFFFFFFFFFFFFFD0
:10004000FFFFFFFFFFDB240000244900246DDBFFDE
:10005000FFFFFFFFFFFFFFFFDB92492400000000CE
:100060000000000024DBFFFFFFFFFF6D000024DB2A
:10007000FFFFFFFFFFFFFFFFFFFFFFFFFFFFFFFF90
:10008000FFFFFFFFFFB62400246D92240024B6DB9F
:10009000FFFFFFFFFFFFFFFFFFDBB69249240024B5
:1000A0004949000024DBFFFFFFFFFF6D000024DB58
:1000B000FFFFFFFFFFFFFFFFFFFFFFFFFFFFFFFF50
:1000C000FFFFFFFFFFB624004992DB6D2400496D5E
:1000D000DBFFFFFFFFFFFFFFFFFFFFDBB6B6B6B69C
:1000E000B692240024DBFFFFFFFFFF6D000024DB3E
:1000F000FFFFFFFFFFFFFFFFFFFFFFFFFFFFFFFF10
:10010000FFFFFFFFDB9224246DB6FFB649002424D5
:1001100092DBFFFFFFFFFFFFFFFFFFFFFFFFFFFF80
:10012000FFDB240024DBFFFFFFFFFF6D000024DB6B
:10013000FFFFFFFFFFFFFFFFFFFFFFFFFFFFFFFFCF
:10014000FFFFFFFFDB92242492B6FFFF92490000DD
:1001500049B6FFFFFFFFFFFFFFFFFFFFFFFFFFFFAE
:10016000FFDB240024DBFFFFFFFFFF6D000024DB2B
:10017000FFFFFFFFFFFFFFFFFFFFFFFFFFFFFFFF8F
:10018000FFFFFFFFDB6D242492DBFFFFDB922400E7
:10019000006DDBFFFFFFFFFFFFFFFFFFFFFFFFFF24
:1001A000FFDB240024DBFFFFFFFFFF6D000024DBEB
:1001B000FFFFFFFFFFFFFFFFFFFFFFFFFFFFFFFF4F
:1001C000FFFFFFFFB6490049B6DBFFFFFFDB6D24F1
:1001D00000246DDBFFFFFFFFFFFFFFFFFFFFFFFFBF
:1001E000FFDB240024DBFFFFFFFFFF6D000024DBAB
:1001F000FFFFFFFFFFFFFFFFFFFFFFFFFFFFFFFF0F
:10020000FFFFFFFFB6490049B6DBFFFFFFFFB692D5
:1002100024002492DBFFFFFFFFFFFFFFFFFFFFFF34
:10022000FFDB240024DBFFFFFFFFFF6D000024DB6A
:10023000FFFFFFFFFFFFFFFFFFFFFFFFFFFFFFFFCE
:10024000FFFFFFFFB624006DDBFFFFFFFFFFFFDBBB
:100250006D240049B6FFFFFFFFFFFFFFFFFFFFFF19
:10026000FFDB240024DBFFFFFFFFFF6D000024DB2A
:10027000FFFFFFFFFFFFFFFFFFFFFFFFFFFFFFFF8E
:10028000FFFFFFFF9224006DFFFFFFFFFFFFFFFF57
:10029000DB6D00006DB6DBFFFFFFFFFFFFFFFFFF21
:1002A000FFDB240024DBFFFFFFFFFF6D000024DBEA
:1002B000FFFFFFFFFFFFFFFFFFFFFFFFFFFFFFFF4E
:1002C000FFFFFFFF92000092FFFFFFFFFFFFFFFF16
:1002D000FFB649002449B6FFFFFFFFFFFFFFFFFF06
:1002E000FFDB240024DBFFFFFFFFFF6D000024DBAA
:1002F000FFFFFFFFFFFFFFFFFFFFFFFFFFFFFFFF0E
:10030000FFFFFFFF6D000092FFFFFFFFFFFFFFFFFA
:10031000FFDB6D0000006DDBFFFFFFFFFFFFFFFF56
:10032000FFDB240024DBFFFFFFFFFF6D000024DB69
:10033000FFFFFFFFFFFFFFFFFFFFFFFFFFFFFFFFCD
:10034000FFFFFFDB6D002492FFFFFFFFFFFFFFFFBA
:10035000FFB66D00000049B6FFFFFFFFFFFFFFFF84
:10036000FFDB240024DBFFFFFFFFFF6D000024DB29
:10037000FFFFFFFFFFFFFFFFFFFFFFFFFFFFFFFF8D
:10038000FFFFDBB66D0049B6FFFFFFFFFFFFFFDB9E
:10039000B66D2400242492DBFFFFFFFFFFFFFFFF69
:1003A000FFDB240024DBFFFFFFFFFF6D000024DBE9
:1003B000FFFFFFFFFFFFFFFFFFFFFFFFFFFFFFFF4D
:1003C000FFFFDBB6490049B6FFFFFFFFFFFFB69214
:1003D000490000246D92DBFFFFFFFFFFFFFFFFFFDF
:1003E000FFDB240024DBFFFFFFFFFF6D000024DBA9
:1003F000FFFFFFFFFFFFFFFFFFFFFFFFFFFFFFFF0D
:10040000FFFFB69249006DDBFFFFFFFFDB9249243F
:1004100000002492DBFFFFFFFFFFFFFFFFFFFFFF56
:10042000FFDB240024DBFFFFFFFFFF6D000024DB68
:10043000FFFFFFFFFFFFFFFFFFFFFFFFFFFFFFFFCC
:10044000FFFFB66D24246DDBFFFFFFB66D240000B7
:100450002449B6DBFFFFFFFFFFFFFFFFFFFFFFFFAA
:10046000FFDB240024DBFFFFFFFFFF6D000024DB28
:10047000FFFFFFFFFFFFFFFFFFFFFFFFFFFFFFFF8C
:10048000FFFF926D242492DBFFDBB66D2400242451
:100490006DB6FFFFFFFFFFFFFFFFFFFFFFFFFFFF47
:1004A000FFDB240024DBFFFFFFFFFF6D000024DBE8
:1004B000FFFFFFFFFFFFFFFFFFFFFFFFFFFFFFFF4C
:1004C000FFFF9249002492DBB692240000246D9233
:1004D000DBFFFFFFFFFFFFFFFFFFFFFFFFFFFFFF50
:1004E000FFDB240024DBFFFFFFFFFF6D000024DBA8
:1004F000FFFFFFFFFFFFFFFFFFFFFFFFFFFFFFFF0C
:10050000FFFF92240024926D492400004992DBFFF2
:10051000FFFFFFFFFFFFFFFFFFFFFFFFFFFFFFFFEB
:10052000FFDB240024DBFFFFFFFFFF6D000024DB67
:10053000FFFFFFFFFFFFFFFFFFFFFFFFFFFFFFFFCB
:10054000FFFF6D24000049240000002492DBFFFF20
:10055000FFFFFFFFFFFFFFFFFFFFFFFFFFFFFFFFAB
:10056000FFDB240024DBFFFFFFFFFF6D000024DB27
:10057000FFFFFFFFFFFFFFFFFFFFFFFFFFFFFFFF8B
:10058000FFFF6D000000000000000024B6FFFFFF29
:10059000FFFFFFFFFFFFFFFFFFFFDBB66D4949498C
:1005A0006D6D000024DBFFFFFFFFFF6D000024DB0B
:1005B000FFFFFFFFFFFFFFFFFFFFFFFFFFFFFFFF4B
:1005C000FFDB4900000000244924000092FFFFFFE8
:1005D000FFFFFFFFFFFFFFFFFFB66D492400000094
:1005E0002424000024DBFFFFFFFFFF6D000024DB5D
:1005F000FFFFFFFFFFFFFFFFFFFFFFFFFFFFFFFF0B
:10060000FFB6490000244992926D00006DDBFFFFA8
:10061000FFFFFFFFFFFFFFFFDB6D0000000000009A
:100620000000000024DBFFFFFFFFFF6D000024DB64
:10063000FFFFFFFFFFFFFFFFFFFFFFFFFFFFFFFFCA
:10064000FFB649000049B6FFDBB649004992FFFFFB
:10065000FFFFFFFFFFFFFFFF9224002449B6B69281
:100660004924000024DBFFFFFFFFFF6D000024DBB7
:10067000FFFFFFFFFFFFFFFFFFFFFFFFFFFFFFFF8A
:10068000FF9224002492DBFFFFDB9200246DDBFF4E
:10069000FFFFFFFFFFFFFFFF49000049B6FFFFDB41
:1006A000B692240024DBFFFFFFFFFF6D000024DB78
:1006B000FFFFFFFFFFFFFFFFFFFFFFFFFFFFFFFF4A
:1006C000FF6D240049B6FFFFFFFFB6240049DBFFA2
:1006D000FFFFFFFFFFFFFFFF4900006DFFFFFFFF70
:1006E000FFB6240024DBFFFFFFFFFF6D000024DBCB
:1006F000FFFFFFFFFFFFFFFFFFFFFFFFFFFFFFFF0A
:10070000FF6D240049B6FFFFFFFFDB49002492DBA9
:10071000FFFFFFFFFFFFFFFF4900006DFFFFFFFF2F
:10072000DBB6240024DBFFFFFFFFFF6D000024DBAE
:10073000FFFFFFFFFFFFFFFFFFFFFFFFFFFFFFFFC9
:10074000DB49000049DBFFFFFFFFFF9224006D92B1
:10075000DBFFFFFFFFFFFFFF4900004992DBFFDBEC
:10076000926D000024DBFFFFFFFFFF6D000024DB24
:10077000FFFFFFFFFFFFFFFFFFFFFFFFFFFFFFFF89
:10078000DB2400006DDBFFFFFFFFFF924900246DBB
:10079000DBFFFFFFFFFFFFFF922400004992B692AC
:1007A0004924000024DBFFFFFFFFFF6D000024DB76
:1007B000FFFFFFFFFFFFFFFFFFFFFFFFFFFFFFFF49
:1007C000DB2400006DFFFFFFDBDBB6922400004955
:1007D000B6FFFFFFFFFFFFFFDB6D00000000000022
:1007E0000000000024DBFFFFFFFFFF6D000024DBA3
:1007F000FFFFFFFFFFFFFFFFFFFFFFFFFFFFFFFF09
:10080000B624000092FFDBB66D49240000000049C9
:10081000B6FFFFFFFFFFFFFFFFB6926D2400000051
:100820002424000024DBFFFFFFFFFF6D000024DB1A
:10083000FFFFFFFFFFFFFFFFFFFFFFFFFFFFFFFFC8
:10084000B6000000496D6D4924000000246D92B689
:10085000FFFFFFFFFFFFFFFFFFFFFFDB926D6D6DEF
:10086000926D240024DBFFFFFFFFFF6D000024DBFF
:10087000FFFFFFFFFFFFFFFFFFFFFFFFFFFFFFDBAC
:1008800092000000242400002424496D92B6FFFF4A
:10089000FFFFFFFFFFFFFFFFFFFFFFFFFFFFFFFF68
:1008A000FFDB240024DBFFFFFFFFFF6D000024DBE4
:1008B000FFFFFFFFFFFFFFFFFFFFFFFFFFFFFFDB6C
:1008C0006D000000000000496D92B6DBFFFFFFFFE6
:1008D000FFFFFFFFFFFFFFFFFFFFFFFFFFFFFFFF28
:1008E000FFDB240024DBFFFFFFFFFF6D0000006D36
:1008F00092B6DBFFFFFFFFFFFFFFFFFFFFFFFFB62B
:100900006D000000496D92B6DBDBFFFFFFFFFFFFCC
:10091000FFFFFFFFFFFFFFFFFFFFFFFFFFFFFFFFE7
:10092000FFDB490049FFFFFFFFFFFF9200000024AB
:10093000496D6D92B6B6DBDBFFFFFFFFFFFFFFB631
:100940004900244992DBFFFFFFFFFFFFFFFFFFFF8E
:10095000FFFFFFFFFFFFFFFFFFFFFFFFFFFFFFFFA7
:10096000FFFF926D92FFFFFFFFFFFFB649240000DB
:100970000000000024496D9292DBDBFFFFFFFFB611
:1009800024004992DBFFFFFFFFFFFFFFFFFFFFFF98
:10099000FFFFFFFFFFFFFFFFFFFFFFFFFFFFFFFF67
:1009A000FFFFDBDBDBFFFFFFFFFFFFFFDBB6926D2F
:1009B00049242400000024242449496D92B6B66DD0
:1009C00024006DB6FFFFFFFFFFFFFFFFFFFFFFFFEC
:1009D000FFFFFFFFFFFFFFFFFFFFFFFFFFFFFFFF27
:1009E000FFFFFFFFFFFFFFFFFFFFFFFFFFFFFFDB3B
:1009F000B692926D494924240000000024494924FC
:100A000000006D92DBFFFFFFFFFFFFFFFFFFFFFF17
:100A1000FFFFFFFFFFFFFFFFFFFFFFFFFFFFFFFFE6
:100A2000FFFFFFFFFFFFFFFFFFFFFFFFFFFFFFFFD6
:100A3000FFFFFFFFDBB6926D492424000000000099
:100A40000000244992B6DBFFFFFFFFFFFFFFFFFF1F
:100A5000FFFFFFFFFFFFFFFFFFFFFFFFFFFFFFFFA6
:100A6000FFFFFFFFFFFFFFFFFFFFFFFFFFFFFFFF96
:100A7000FFFFFFFFFFFFFFDBDBDBB6926D494900A5
:100A80000000000024246DB6FFFFFFFFFFFFFFFF03
:100A9000FFFFFFFFFFFFFFFFFFFFFFFFFFFFFFFF66
:100AA000FFFFFFFFFFFFFFFFFFFFFFFFFFFFFFFF56
:100AB000FFFFFFFFFFFFFFFFFFFFFFDBDBB6B6928D
:100AC0006D494924242449B6FFFFFFFFFFFFFFFFC4
:100AD000FFFFFFFFFFFFFFFFFFFFFFFFFFFFFFFF26
:100AE000FFFFFFFFFFFFFFFFFFFFFFFFFFFFFFFF16
:100AF000FFFFFFFFFFFFFFFFFFFFFFFFFFFFFFFF06
:100B0000FFDBB6926D6D92DBFFFFFFFFFFFFFFFF84
:100B1000FFFFFFFFFFFFFFFFFFFFFFFFFFFFFFFFE5
:100B2000FFFFFFFFFFFFFFFFFFFFFFFFFFFFFFFFD5
:100B3000FFFFFFFFFFFFFFFFFFFFFFFFFFFFFFFFC5
:100B4000FFFFFFFFFFFFFFFFFFFFFFFFFFFFFFFFB5
:100B5000FFB66D6D92FFFFFFFFFFFFFFFFFFFFFF7F
:100B6000FFFFFFFFFFFFFFFFFFFFFFFFFFFFFFFF95
:100B7000FFFFFFFFFFFFFFFFFFFFFFFFFFFFFFFF85
:100B8000FFFFFFFFFFFFFFFFFFFFFFFFFFFFFFFF75
:100B9000FF92242449DBFFFFFFFFFFFFFFFFFFFF62
:100BA000FFFFFFFFFFFFFFFFFFFFFFFFFFFFFFFF55
:100BB000FFFFFFFFFFFFFFFFFFFFFFFFFFFFFFFF45
:100BC000FFFFFFFFFFFFFFFFFFFFFFFFFFFFFFFF35
:100BD000DB6D000049DBFFFFFFFFFFFFFFFFFFFFB3
:100BE000FFFFFFFFFFFFFFFFFFFFFFFFFFFFFFFF15
:100BF000FFFFFFFFFFFFFFFFFFFFFFFFFFFFFFFF05
:100C0000FFFFFFFFFFFFFFFFFFFFFFFFFFFFFFFFF4
:100C1000924900246DDBFFFFFFFFFFFFFFFFFFFF97
:100C2000FFFFFFFFFFFFFFFFFFFFFFFFFFFFFFFFD4
:100C3000FFFFFFFFFFFFFFFFFFFFFFFFFFFFFFFFC4
:100C4000FFFFFFFFFFFFFFFFFFFFFFFFFFFFFFFFB4
:100C50006D240049B6FFFFFFFFFFFFFFFFFFFFFF0F
:100C6000FFFFFFFFFFFFFFFFFFFFFFFFFFFFFFFF94
:100C7000FFFFFFFFFFFFFFFFFFFFFFFFFFFFFFFF84
:100C8000FFFFFFFFFFFFFFFFFFFFFFFFFFFFFFDB98
:100C90004900246DDBFFFFFFFFFFFFFFFFFFFFFFAA
:100CA000FFFFFFFFFFFFFFFFFFFFFFFFFFFFFFFF54
:100CB000FFFFFFFFFFFFFFFFFFFFFFFFFFFFFFFF44
:100CC000FFFFFFFFFFFFFFFFFFFFFFFFFFFFFFB67D
:100CD00024002492FFFFFFFFFFFFFFFFFFFFFFFF46
:100CE000FFFFFFFFB692926D6D92B6FFFFFFFFFF11
:100CF000FFFFFFFFFFFFFFFFFFFFFFFFFFFFFFFF04
:100D0000FFFFFFFFFFFFFFFFFFFFFFFFFFFFDB9284
:100D100024246DB6FFFFFFFFFFFFFFFFFFFFFFFF74
:100D2000FFFFDBB66D24240000246DB6DBFFFFFF60
:100D3000FFFFFFFFFFFFFFFFFFFFFFFFFFFFFFFFC3
:100D4000FFFFFFFFFFFFDBDBDBDBDBDBDBB692491B
:100D5000004992DBFFFFFFFFFFFFFFFFFFFFFFFFE9
:100D6000FFFFB6240000000000000024B6FFFFFFD4
:100D7000FFFFFFFFFFFFFFFFFFFFFFFFFFFFFFDBA7
:100D8000DBDBDBB6B69292926D6D6D49494924006A
:100D90000049DBFFFFFFFFFFFFFFFFFFFFFFFFFF3C
:100DA000FFB6490024496D92924900006DB6FFFFDD
:100DB000DBDBDBB6B6B6B69292926D6D6D494949F2
:100DC0004949492424242424242424000000000028
:100DD0002492FFFFFFFFFFFFFFFFFFDBB6B6B6B6B3
:100DE000B66D240049B6B6FFDBB64900244992929D
:100DF0006D6D6D6D4949494924242424000000008B
:100E00000000000000000000242424494949496DE5
:100E10006DB6FFFFFFFFFFFFFFFFB66D2424002428
:100E20004924000092FFFFFFFFFF92000000000036
:100E300000000000000000000000000000000000B2
:100E400000002449490000006D92B6B6B6DBDBFF16
:100E5000FFFFFFFFFFFFFFFFFF92240000000000E5
:100E600000000000B6FFFFFFFFFF9200000000003F
:100E70002424244949496D6D6D929292B6926D0079
:100E8000002492DBB6240024B6FFFFFFFFFFFFFF24
:100E9000FFFFFFFFFFFFFFFFB649000049496D4913
:100EA00024000000B6FFFFFFFFFFB600002492926F
:100EB000929292B6B6B6B6DBDBDBDBFFFFDB6D00F2
:100EC0002449B6FFB6490049DBFFFFFFFFFFFFFFE4
:100ED000FFFFFFFFFFFFFFFF6D24004992DBDBB642
:100EE0006D240000B6FFFFFFFFFFB600006DFFFF9F
:100EF000FFFFFFFFFFFFFFFFFFFFFFFFFFDB6D00B7
:100F0000246DB6DB9224006DDBFFFFFFFFFFFFFFC8
:100F1000FFFFFFFFFFFFFFFF490024B6DBFFFFFFDE
:100F2000B6490000B6FFFFFFFFFFB600006DFFFFF0
:100F3000FFFFFFFFFFFFFFFFFFFFFFFFFFB64900BF
:100F4000496DDBDB9224246DDBFFFFFFFFFFFFFF1A
:100F5000FFFFFFFFFFFFFFFF240024DBFFFFFFFF7A
:100F6000DB490000B6FFFFFFFFFFB600006DFFFF8B
:100F7000FFFFFFFFFFFFFFFFFFFFFFFFFFB649007F
:100F80006D92DBDB6D242492DBFFFFFFFFFFFFFF91
:100F9000FFFFFFFFFFFFFFFF490024B6FFFFFFFF3A
:100FA000DB490000B6FFFFFFFFFFB600006DFFFF4B
:100FB000FFFFFFFFFFFFFFFFFFFFFFFFFF92240088
:100FC0006DB6DBDB490024B6FFFFFFFFFFFFFFFF2D
:100FD000FFFFFFFFFFFFFFFF6D240049B6DBFFDBD4
:100FE0006D240000B6FFFFFFFFFFB600006DFFFF9E
:100FF000FFFFFFFFFFFFFFFFFFFFFFFFFF92240048
:1010000092DBFFDB490049B6FFFFFFFFFFFFFFFF59
:10101000FFFFFFFFFFFFFFFFB649002449496D496D
:1010200024000000B6FFFFFFFFFFB600006DFFFFCA
:10103000FFFFFFFFFFFFFFFFFFFFFFFFFF6D000050
:1010400092FFFFB6240049DBFFFFFFFFFFFFFFFF1A
:10105000FFFFFFFFFFFFFFFFDB9224000000000007
:1010600000000000B6FFFFFFFFFFB600006DFFFFAE
:10107000FFFFFFFFFFFFFFFFFFFFFFFFFF6D000010
:10108000B6FFFFB6240049FFFFFFFFFFFFFFFFFF92
:10109000FFFFFFFFFFFFFFFFFFDBB6492424002413
:1010A00049240000B6FFFFFFFFFFB600006DFFFF01
:1010B000FFFFFFFFFFFFFFFFFFFFFFFFDB490024F4
:1010C000B6FFFFB600006DFFFFFFFFFFFFFFFFFF52
:1010D000FFFFFFFFFFFFFFFFFFFFFFDBB6B6B6B668
:1010E000B6490000B6FFFFFFFFFFB600006DFFFF2F
:1010F000FFFFFFFFFFFFFFFFFFFFFFFFDB490024B4
:10110000B6FFFF9200006DFFFFFFFFFFFFFFFFFF35
:10111000FFFFFFFFFFFFFFFFFFFFFFFFFFFFFFFFDF
:10112000FF6D0000B6FFFFFFFFFFB600006DFFFF81
:10113000FFFFFFFFFFFFFFFFFFFFFFFFB649004973
:10114000DBFFDB92002492FFFFFFFFFFFFFFFFFFAB
:10115000FFFFFFFFFFFFFFFFFFFFFFFFFFFFFFFF9F
:10116000FF6D0000B6FFFFFFFFFFB600006DFFFF41
:10117000FFFFFFFFFFFFFFFFFFFFFFFF9224006D58
:10118000DBFFDB6D002492FFFFFFFFFFFFFFFFFF90
:10119000FFFFFFFFFFFFFFFFFFFFFFFFFFFFFFFF5F
:1011A000FF6D0000B6FFFFFFFFFFB600006DFFFF01
:1011B000FFFFFFFFFFFFFFFFFFFFFFDB92242492F3
:1011C000DBFFB6490049B6FFFFFFFFFFFFFFFFFF50
:1011D000FFFFFFFFFFFFFFFFFFFFFFFFFFFFFFFF1F
:1011E000FF6D0000B6FFFFFFFFFFB600006DFFFFC1
:1011F000FFFFFFFFFFFFFFFFFFFFFFDB6D242492D8
:10120000DBFFB66D246DDBFFFFFFFFFFFFFFFFFF7E
:10121000FFFFFFFFFFFFFFFFFFFFFFFFFFFFFFFFDE
:10122000FF6D0000B6FFFFFFFFFFB600006DFFFF80
:10123000FFFFFFFFFFFFFFFFFFFFFFDB490024B6BB
:10124000FFFFDB924992DBFFFFFFFFFFFFFFFFFF86
:10125000FFFFFFFFFFFFFFFFFFFFFFFFFFFFFFFF9E
:10126000FF6D0000B6FFFFFFFFFFB600006DFFFF40
:10127000FFFFFFFFFFFFFFFFFFFFFFDB490024DB56
:10128000FFFFFFFFDBFFFFFFB6926D494924496D69
:1012900092DBFFFFFFFFFFFFFFFFFFFFFFFFFFFFEF
:1012A000FF6D0000B6FFFFFFFFFFB600006DFFFF00
:1012B000FFFFFFFFFFFFFFFFFFFFFFDB240049DB16
:1012C000FFFFFFFFFFFFB69249242400000000004B
:1012D000246D92B6DBFFFFFFFFFFFFFFFFFFFFFF65
:1012E000FF6D0000B6FFFFFFFFFFB600006DFFFFC0
:1012F000FFFFFFFFFFFFFFFFFFFFFFB6240049FFD7
:10130000FFFFFFFFFFB66D000000242424242424E7
:101310000000244992DBFFFFFFFFFFFFFFFFFFFFFD
:10132000FF6D0000B6FFFFFFFFFFB600006DFFFF7F
:10133000FFFFFFFFFFFFFFFFFFFFFFB624006DFF72
:10134000FFFFFFFFB6490000246D6DB6DBDBB692F0
:10135000492400002492DBFFFFFFFFFFFFFFFFFF98
:10136000FF6D0000B6FFFFFFFFFFB600006DFFFF3F
:10137000FFFFFFFFFFFFFFFFFFFFDB9224246DFF56
:10138000FFFFFFDB6D24004992DBDBFFFFFFFFDB8C
:10139000B66D24240049B6FFFFFFFFFFFFFFFFFFEC
:1013A000FF6D0000B6FFFFFFFFFFB600006DFFFFFF
:1013B000FFFFFFFFFFFFFFFFFFFFDB6D242492FF16
:1013C000FFFFFF92240049B6FFFFFFFFDBDBFFFFBB
:1013D000FFDB924900006DDBFFFFFFFFFFFFFFFF18
:1013E000FF6D0000B6FFFFFFFFFFB600006DFFFFBF
:1013F000FFFFFFFFFFFFFFFFFFFFB66D004992FFFA
:10140000FFFFB66D002492FFFFFFFFDB494992FF0B
:10141000FFFFDB9249002492FFFFFFFFFFFFFFFF6A
:10142000FF6D0000B6FFFFFFFFFFB600006DFFFF7E
:10143000FFFFFFFFFFFFFFFFFFFFB6490049B6FFB9
:10144000FFFF92240049B6FFFFFFFFB624006DFFA7
:10145000FFFFFFDB9224246DFFFFFFFFFFFFFFFF75
:10146000FF6D0000B6FFFFFFFFFFB600006DFFFF3E
:10147000FFFFFFFFFFFFFFFFFFFFB649006DDBFF30
:10148000FFFF92000092DBFFDBB6B66D000049B6AD
:10149000DBDBFFFFB6240049FFFFFFFFFFFFFFFF7D
:1014A000FF6D0000B6FFFFFFFFFFB600006DFFFFFE
:1014B000FFFFFFFFFFFFFFFFFFFF9224006DDBFF39
:1014C000FFFF6D000092FFFF922424000000002423
:1014D00049B6FFFFDB240049FFFFFFFFFFFFFFFFCF
:1014E000FF6D0000B6FFFFFFFFFFB600006DFFFFBE
:1014F000FFFFFFFFFFFFFFFFFFFF92000092FFFFD4
:10150000FFFF6D000092FFFF6D240000000000004F
:101510002492FFFFFF492449FFFFFFFFFFFFFFFF6A
:10152000FF6D0000B6FFFFFFFFFFB600006DFFFF7D
:10153000FFFFFFFFFFFFFFFFFFFF6D000092FFFFB8
:10154000FFFF6D000092FFFFB66D6D490000246D36
:1015500092B6FFFFFFB69292FFFFFFFFFFFFFFFF74
:10156000DB490000B6FFFFFFFFFFB600006DFFFF85
:10157000FFFFFFFFFFFFFFFFFFFF6D002492FFFF54
:10158000FFFF9224006DDBFFFFFFFFB600006DDB65
:10159000FFFFFFFFFFFFFFFFFFFFDB926D494949A0
:1015A0006D240000B6FFFFFFFFFFB600006DFFFFD8
:1015B000FFFFFFFFFFFFFFFFFFDB6D0024B6FFFF14
:1015C000FFFFB649004992FFFFFFFFB6492492FF93
:1015D000FFFFFFFFFFFFFFFFFFB66D2400000000CD
:1015E00024000000B6FFFFFFFFFFB600006DFFFF05
:1015F000FFFFFFFFFFFFFFFFFFB6490049B6FFFFF8
:10160000FFFFDB92000049DBFFFFFFDB9292B6FF9A
:10161000FFFFFFFFFFFFFFFFDB6D0000000000008A
:1016200000000000B6FFFFFFFFFFB600006DFFFFE8
:10163000FFFFFFFFFFFFFFFFFFB649006DB6FFFF93
:10164000FFFFFFB62400246DDBFFFFFFFFFFFFFF5E
:10165000FFFFFFFFFFFFFFFF9224004992B6B69203
:1016600049000000B6FFFFFFFFFFB600006DFFFF5F
:10167000FFFFFFFFFFFFFFFFFF9224246DDBFFFF53
:10168000FFFFFFDB922400244992B6DBFFFFFFFF40
:10169000FFFFFFFFFFFFFFFF49002492DBFFFFDB9F
:1016A000B6240000B6FFFFFFFFFFB600006DFFFF8E
:1016B000FFFFFFFFFFFFFFFFFF6D242492DBFFDB37
:1016C0009292DBFFDB9224000024496D6D92DBFFD8
:1016D000FFFFFFFFFFFFFFFF240024DBFFFFFFFFF3
:1016E000DB490000B6FFFFFFFFFFB600006DFFFF04
:1016F000FFFFFFFFFFFFFFFFFF6D002492FFDB9264
:1017000024006DDBFFDB924924000000002492FFDF
:10171000FFFFFFFFFFFFFFFF490024DBFFFFFFFF8D
:10172000DB490000B6FFFFFFFFFFB600006DFFFFC3
:10173000FFFFFFFFFFFFFFFFFF490024B6FFDB496C
:1017400000006DDBFFFFFFDB92494924244992FF33
:10175000FFFFFFFFFFFFFFFF49002492B6DBFFDB27
:1017600092240000B6FFFFFFFFFFB600006DFFFFF1
:10177000FFFFFFFFFFFFFFFFDB240024DBFFDB2475
:1017800000006DDBFFFFFFFFDBB6B69292B6DBFF1A
:10179000FFFFFFFFFFFFFFFF922400246D92B69230
:1017A00024000000B6FFFFFFFFFFB600006DFFFF43
:1017B000FFFFFFFFFFFFFFFFDB240049DBFFB62435
:1017C000000092FFFFFFFFFFFFFFFFFFFFFFFFFF94
:1017D000FFFFFFFFFFFFFFFFDB6D000000000000C9
:1017E00000000000B6FFFFFFFFFFB600006DFFFF27
:1017F000FFFFFFFFFFFFFFDBB6240049DBFFB60062
:10180000000092FFFFFFFFFFFFFFFFFFFFFFFFFF53
:10181000FFFFFFFFFFFFFFFFFFB66D492400000041
:1018200024000000B6FFFFFFFFFFB600006DFFFFC2
:10183000FFFFFFFFFFFFFFDBB624246DDBFF9200FD
:10184000002492FFFFFFFFFFFFFFFFFFFFFFFFFFEF
:10185000FFFFFFFFFFFFFFFFFFFFDB926D6D6D6D71
:1018600092240000B6FFFFFFFFFFB600006DFFFFF0
:10187000FFFFFFFFFFFFFFB69200246DDBDB92004E
:101880002424B6FFFFFFFFFFFFFFFFFFFFFFFFFF67
:10189000FFFFFFFFFFFFFFFFFFFFFFFFFFFFFFFF58
:1018A000DB490000B6FFFFFFFFFFB600006DFFFF42
:1018B000FFFFFFFFFFFFFF926D002492FFDB6D0033
:1018C0002449B6FFFFFFFFFFFFFFFFFFFFFFFFFF02
:1018D000FFFFFFFFFFFFFFFFFFFFFFFFFFFFFFFF18
:1018E000FF6D0000B6FFFFFFFFFFB60000249292DD
:1018F000B6DBFFFFFFFFFF6D490049B6FFB66D0085
:10190000496DDBFFFFFFFFFFFFFFFFFFFFFFFFFF53
:10191000FFFFFFFFFFFFFFFFFFFFFFFFFFFFFFFFD7
:10192000FF6D0024B6FFFFFFFFFFB6240000242454
:10193000496D92B6DBDBB649490049B6FFB64900AE
:101940004992DBFFFFFFFFFFFFFFFFFFFFFFFFFFEE
:10195000FFFFFFFFFFFFFFFFFFFFFFFFFFFFFFFF97
:10196000FF926D6DDBFFFFFFFFFFDB6D24000000CA
:1019700000000024496D6D24240049B6FF92240024
:101980006DB6DBFFFFFFFFFFFFFFFFFFFFFFFFFF66
:10199000FFFFFFFFFFFFFFFFFFFFFFFFFFFFFFFF57
:1019A000FFFFDBDBFFFFFFFFFFFFFFDBB6926D6D8D
:1019B000492400000024240000002492B66D240075
:1019C0006DB6FFFFFFFFFFFFFFFFFFFFFFFFFFFF02
:1019D000FFFFFFFFFFFFFFFFFFFFFFFFFFFFFFFF17
:1019E000FFFFFFFFFFFFFFFFFFFFFFFFFFFFDBB674
:1019F000B6926D49492400000000002449240000EB
:101A00006DB6DBFFFFFFFFFFFFFFFFFFFFFFFFFFE5
:101A1000FFFFFFFFFFFFFFFFFFFFFFFFFFFFFFFFD6
:101A2000FFFFFFFFFFFFFFFFFFFFFFFFFFFFFFFFC6
:101A3000FFFFFFDBB69249242400000000000000F5
:101A4000246D92B6DBFFFFFFFFFFFFFFFFFFFFFFED
:101A5000FFFFFFFFFFFFFFFFFFFFFFFFFFFFFFFF96
:101A6000FFFFFFFFFFFFFFFFFFFFFFFFFFFFFFFF86
:101A7000FFFFFFFFFFFFDBDBDBB6926D2400000002
:101A80000000242449DBFFFFFFFFFFFFFFFFFFFFF4
:101A9000FFFFFFFFFFFFFFFFFFFFFFFFFFFFFFFF56
:101AA000FFFFFFFFFFFFFFFFFFFFFFFFFFFFFFFF46
:101AB000FFFFFFFFFFFFFFFFFFFFDBB6B6926D49A1
:101AC0004924242449B6FFFFFFFFFFFFFFFFFFFF6C
:101AD000FFFFFFFFFFFFFFFFFFFFFFFFFFFFFFFF16
:101AE000FFFFFFFFFFFFFFFFFFFFFFFFFFFFFFFF06
:101AF000FFFFFFFFFFFFFFFFFFFFFFFFFFFFFFDB1A
:101B0000B6926D6D92DBFFFFFFFFFFFFFFFFFFFF50
:101B1000FFFFFFFFFFFFFFFFFFFFFFFFFFFFFFFFD5
:101B2000FFFFFFFFFFFFFFFFFFFFFFFFFFFFFFFFC5
:101B3000FFFFFFFFFFFFDB6D24246DFFFFFFFFFFB3
:101B4000FFFFFFFFFFFFFFFFFFFFFFFFFFFFFFFFA5
:101B5000FFFFFFFFFFFFFFFFFFFFFFFFFFFFFFFF95
:101B6000FFFFFFFFFFFFFFFFFFFFFFFFFFFFFFFF85
:101B7000FFFFFFFFFFB624000000006D92FFFFFF94
:101B8000FFFFFFFFFFFFFFFFFFFFFFFFFFFFFFFF65
:101B9000FFFFFFFFFFFFFFFFFFFFFFFFFFFFFFFF55
:101BA000FFFFFFFFFFFFFFFFFFFFFFFFFFFFFFFF45
:101BB000FFFFFFFFFF2400002424000024FFFFFF9D
:101BC000FFFFFFFFFFFFFFFFFFFFFFFFFFFFFFFF25
:101BD000FFFFFFFFFFFFFFFFFFFFFFFFFFFFFFFF15
:101BE000FFFFFFFFFFFFFFFFFFFFFFFFFFFFFFFF05
:101BF000FFFFFFB692000000B6B600000092FFFFA4
:101C0000FFFFFFFFFFFFFFFFFFFFFFFFFFFFFFFFE4
:101C1000FFFFFFFFFFFFFFFFFFFFFFFFFFFFFFFFD4
:101C2000FFFFFFFFFFFFFFFFFFFFFFFFFFFFFFFFC4
:101C3000FFFFFF490000246DFFFF6D000000B6FFAD
:101C4000FFFFFFFFFFFFFFFFFFFFFFFFFFFFFFFFA4
:101C5000FFFFFFFFFFFFFFFFFFFFFFFFFFFFFFFF94
:101C6000FFFFFFFFFFFFFFFFFFFFFFFFFFFFFFFF84
:101C7000FFFF9200000092FFFFFFFF24000024B648
:101C8000FFFFFFFFFFFFFFFFFFFFFFFFFFFFFFFF64
:101C9000FFFFFFFFFFFFFFFFFFFFFFFFFFFFFFFF54
:101CA000FFFFFFFFFFFFFFFFFFFFFFFFFFFFFFFF44
:101CB000FFDB2400006DFFFFFFFFFF9249000024BF
:101CC000FFFFFFFFFFFFFFFFFFFFFFFFFFFFFFFF24
:101CD000FFFFFFFFFFFFFFFFFFFFFFFFFFFFFFFF14
:101CE000FFFFFFFFFFFFFFFFFFFFFFFFFFFFFFFF04
:101CF0009224000024DBFFFFFFFFFFFFDB24000036
:101D00006DFFFFFFFFFFFFFFFFFFFFFFFFFFFFFF75
:101D1000FFFFFFFFFFFFFFFFFFFFFFFFFFFFFFFFD3
:101D2000FFFFFFFFFFFFFFFFFFFFFFFFFFFFFFDBE7
:101D30002400006D92FFFFFFFFFFFFFFFF6D00001B
:101D40002449FFFFFFFFFFFFFFFFFFFFFFFFFFFF34
:101D5000FFFFFFFFFFFFFFFFFFFFFFFFFFFFFFFF93
:101D6000FFFFFFFFFFFFFFFFFFFFFFFFFFFFDB495D
:101D7000000024DBFFFFFFFFFFFFFFFFFFFF492401
:101D8000000092FFFFFFFFFFFFFFFFFFFFFFFFFFCE
:101D9000FFFFFFFFFFFFFFFFFFFFFFFFFFFFFFFF53
:101DA000FFFFFFFFFFFFFFFFFFFFFFFFFFFF2424F9
:101DB000000092FFFFFFFFFFFFFFFFFFFFFFFF6D30
:101DC000000024DBFFFFFFFFFFFFFFFFFFFFFFFF20
:101DD000FFFFFFFFFFFFFFFFFFFFFFFFFFFFFFFF13
:101DE000FFFFFFFFFFFFFFFFFFFFFFFFFF490000B7
:101DF000246DFFFFFFFFFFFFFFFFFFFFFFFFFFFF60
:101E00002400006D92FFFFFFFFFFFFFFFFFFFFFFBA
:101E1000FFFFFFFFFFFFFFFFFFFFFFFFFFFFFFFFD2
:101E2000FFFFFFFFFFFFFFFFFFFFFFFFB6240000E4
:101E300092FFFFFFFFFFFFFFFFFFFFFFFFFFFFFF1F
:101E40009224000024FFFFFFFFFFFFFFFFFFFFFFC3
:101E5000FFFFFFFFFFFFFFFFFFFFFFFFFFFFFFFF92
:101E6000FFFFFFFFFFFFFFFFFFFFFF6D24000049A3
:101E7000FFFFFFFFFFFFFFFFFFFFFFFFFFFFFFFF72
:101E8000FFB600000092FFFFFFFFFFFFFFFFFFFF15
:101E9000FFFFFFFFFFFFFFFFFFFFFFFFFFFFFFFF52
:101EA000FFFFFFFFFFFFFFFFFFFFB624000049DB3E
:101EB000FFFFFFFFFFFFFFFFFFFFFFFFFFFFFFFF32
:101EC000FFFF6D000000B6FFFFFFFFFFFFFFFFFFFA
:101ED000FFFFFFFFFFFFFFFFFFFFFFFFFFFFFFFF12
:101EE000FFFFFFFFFFFFFFFFFFFF24000049FFFF91
:101EF000FFFFFFFFFFFFFFFFFFFFFFFFFFFFFFFFF2
:101F0000FFFFFF24000024B6FFFFFFFFFFFFFFFFDE
:101F1000FFFFFFFFFFFFFFFFFFFFFFFFFFFFFFFFD1
:101F2000FFFFFFFFFFFFFFFFDB49000024DBFFFF98
:101F3000FFFFFFFFFFFFFFFFFFFFFFFFFFFFFFFFB1
:101F4000FFFFFF9249000024FFFFFFFFFFFFFFFF9D
:101F5000FFFFFFFFFFFFFFFFFFFFFFFFFFFFFFFF91
:101F6000FFFFFFFFFFFFFFFF490000246DFFFFFFA2
:101F7000FFFFFFFFFFFFFFFFFFFFFFFFFFFFFFFF71
:101F8000FFFFFFFFDB2400006DFFFFFFFFFFFFFFF0
:101F9000FFFFFFFFFFFFFFFFFFFFFFFFFFFFFFFF51
:101FA000FFFFFFFFFFFFFF92000024B6FFFFFFFFD0
:101FB000FFFFFFFFFFFFFFFFFFFFFFFFFFFFFFFF31
:101FC000FFFFFFFFFF6D00002449FFFFFFFFFFFF42
:101FD000FFFFFFFFFFFFFFFFFFFFFFFFFFFFFFFF11
:101FE000FFFFFFFFFFFF6D2400006DFFFFFFFFFFFE
:101FF000FFFFFFFFFFFFFFFFFFFFFFFFFFFFFFFFF1
:10200000FFFFFFFFFFFF4924000092FFFFFFFFFFDC
:10201000FFFFFFFFFFFFFFFFFFFFFFFFFFFFFFFFD0
:10202000FFFFFFFFFF9200002424FFFFFFFFFFFFE1
:10203000FFFFFFFFFFFFFFFFFFFFFFFFFFFFFFFFB0
:10204000FFFFFFFFFFFFFF6D000024DBFFFFFFFF2F
:10205000FFFFFFFFFFFFFFFFFFFFFFFFFFFFFFFF90
:10206000FFFFFFFFDB24000049DBFFFFFFFFFFFF57
:10207000FFFFFFFFFFFFFFFFFFFFFFFFFFFFFFFF70
:10208000FFFFFFFFFFFFFFFF2400006D92FFFFFF38
:10209000FFFFFFFFFFFFFFFFFFFFFFFFFFFFFFFF50
:1020A000FFFFFF926D000024DBFFFFFFFFFFFFFF3C
:1020B000FFFFFFFFFFFFFFFFFFFFFFFFFFFFFFFF30
:1020C000FFFFFFFFFFFFFFFF9224000024FFFFFF41
:1020D000FFFFFFFFFFFFFFFFFFFFFFFFFFFFFFFF10
:1020E000FFFFDB24000024B6FFFFFFFFFFFFFFFF21
:1020F000FFFFFFFFFFFFFFFFFFFFFFFFFFFFFFFFF0
:10210000FFFFFFFFFFFFFFFFFFB600000092FFFF92
:10211000FFFFFFFFFFFFFFFFFFFFFFFFFFFFFFFFCF
:10212000FFFF6D000024B6FFFFFFFFFFFFFFFFFF73
:10213000FFFFFFFFFFFFFFFFFFFFFFFFFFFFFFFFAF
:10214000FFFFFFFFFFFFFFFFFFFF6D000000B6FF77
:10215000FFFFFFFFFFFFFFFFFFFFFFFFFFFFFFFF8F
:10216000FF9200000092FFFFFFFFFFFFFFFFFFFF56
:10217000FFFFFFFFFFFFFFFFFFFFFFFFFFFFFFFF6F
:10218000FFFFFFFFFFFFFFFFFFFFFF24000024B65C
:10219000FFFFFFFFFFFFFFFFFFFFFFFFFFFFFFFF4F
:1021A0006D00002449FFFFFFFFFFFFFFFFFFFFFF60
:1021B000FFFFFFFFFFFFFFFFFFFFFFFFFFFFFFFF2F
:1021C000FFFFFFFFFFFFFFFFFFFFFF92490000241B
:1021D000FFFFFFFFFFFFFFFFFFFFFFFFFFFFFFB658
:1021E00024000092DBFFFFFFFFFFFFFFFFFFFFFF69
:1021F000FFFFFFFFFFFFFFFFFFFFFFFFFFFFFFFFEF
:10220000FFFFFFFFFFFFFFFFFFFFFFFFDB240000DB
:102210006DFFFFFFFFFFFFFFFFFFFFFFFFFFB6495F
:10222000000049FFFFFFFFFFFFFFFFFFFFFFFFFF72
:10223000FFFFFFFFFFFFFFFFFFFFFFFFFFFFFFFFAE
:10224000FFFFFFFFFFFFFFFFFFFFFFFFFF6D00002E
:102250002449FFFFFFFFFFFFFFFFFFFFFFDB24001D
:102260000000B6FFFFFFFFFFFFFFFFFFFFFFFFFFC5
:10227000FFFFFFFFFFFFFFFFFFFFFFFFFFFFFFFF6E
:10228000FFFFFFFFFFFFFFFFFFFFFFFFFFFF4924EF
:10229000000092FFFFFFFFFFFFFFFFFFFF4900006D
:1022A0002492FFFFFFFFFFFFFFFFFFFFFFFFFFFF86
:1022B000FFFFFFFFFFFFFFFFFFFFFFFFFFFFFFFF2E
:1022C000FFFFFFFFFFFFFFFFFFFFFFFFFFFFFF6DB0
:1022D000000024DBFFFFFFFFFFFFFFDB9200000099
:1022E000B6FFFFFFFFFFFFFFFFFFFFFFFFFFFFFF47
:1022F000FFFFFFFFFFFFFFFFFFFFFFFFFFFFFFFFEE
:10230000FFFFFFFFFFFFFFFFFFFFFFFFFFFFFFFFDD
:102310002400006D92FFFFFFFFFFFF492400006DC6
:10232000FFFFFFFFFFFFFFFFFFFFFFFFFFFFFFFFBD
:10233000FFFFFFFFFFFFFFFFFFFFFFFFFFFFFFFFAD
:10234000FFFFFFFFFFFFFFFFFFFFFFFFFFFFFFFF9D
:102350009224000024FFFFFFFFFFB62400006DDB86
:10236000FFFFFFFFFFFFFFFFFFFFFFFFFFFFFFFF7D
:10237000FFFFFFFFFFFFFFFFFFFFFFFFFFFFFFFF6D
:10238000FFFFFFFFFFFFFFFFFFFFFFFFFFFFFFFF5D
:10239000FFB600000092FFFFFFDB24000049FFFFB3
:1023A000FFFFFFFFFFFFFFFFFFFFFFFFFFFFFFFF3D
:1023B000FFFFFFFFFFFFFFFFFFFFFFFFFFFFFFFF2D
:1023C000FFFFFFFFFFFFFFFFFFFFFFFFFFFFFFFF1D
:1023D000FFFF6D000000B6FFB624000024DBFFFF06
:1023E000FFFFFFFFFFFFFFFFFFFFFFFFFFFFFFFFFD
:1023F000FFFFFFFFFFFFFFFFFFFFFFFFFFFFFFFFED
:10240000FFFFFFFFFFFFFFFFFFFFFFFFFFFFFFFFDC
:10241000FFFFFF24000024B624000000000000009D
:102420000000000000000000000000000024DBFFAE
:10243000FFFFFFFFFFFFFFFFFFFFFFFFFFFFFFFFAC
:10244000FFDB24000000000000000000000000008E
:102450000000000000000024240000000000000034
:10246000000000000000000000000000000092FFDB
:10247000FFFFFFFFFFFFFFFFFFFFFFFFFFFFFFFF6C
:10248000DB920000000000000000000000000000DF
:102490000000000000000024DB92494949494949F5
:1024A0004949494949494949494900000024FFFF30
:1024B000FFFFFFFFFFFFFFFFFFFFFFFFFFFFFFFF2C
:1024C000FFFF240000004949494949494949494910
:1024D00049494949494992DBFFFFFFFFFFFFFFFFE1
:1024E000FFFFFFFFFFFFFFFFDB6D000024B6FFFFD4
:1024F000FFFFFFFFFFFFFFFFFFFFFFFFFFFFFFFFEC
:10250000FFFFB62400006DDBFFFFFFFFFFFFFFFFB3
:10251000FFFFFFFFFFFFFFFFFFFFFFFFFFFFFFFFCB
:10252000FFFFFFFFFFFFFFFF6D00002449FFFFFFDC
:10253000FFFFFFFFFFFFFFFFFFFFFFFFFFFFFFFFAB
:10254000FFFFFF492400006DFFFFFFFFFFFFFFFFBC
:10255000FFFFFFFFFFFFFFFFFFFFFFFFFFFFFFFF8B
:10256000FFFFFFFFFFFFFFB600000092DBFFFFFF52
:10257000FFFFFFFFFFFFFFFFFFFFFFFFFFFFFFFF6B
:10258000FFFFFFDB92000000B6FFFFFFFFFFFFFF32
:10259000FFFFFFFFFFFFFFFFFFFFFFFFFFFFFFFF4B
:1025A000FFFFFFFFFFFFB649000049FFFFFFFFFFEE
:1025B000FFFFFFFFFFFFFFFFFFFFFFFFFFFFFFFF2B
:1025C000FFFFFFFFFF49000049B6FFFFFFFFFFFFCE
:1025D000FFFFFFFFFFFFFFFFFFFFFFFFFFFFFFFF0B
:1025E000FFFFFFFFFFDB24000000B6FFFFFFFFFF40
:1025F000FFFFFFFFFFFFFFFFFFFFFFFFFFFFFFFFEB
:10260000FFFFFFFFFFB600000024DBFFFFFFFFFF1F
:10261000FFFFFFFFFFFFFFFFFFFFFFFFFFFFFFFFCA
:10262000FFFFFFFFFF4900002492FFFFFFFFFFFFB6
:10263000FFFFFFFFFFFFFFFFFFFFFFFFFFFFFFFFAA
:10264000FFFFFFFFFFFF9224000049FFFFFFFFFF96
:10265000FFFFFFFFFFFFFFFFFFFFFFFFFFFFFFFF8A
:10266000FFFFFFFFB624000092FFFFFFFFFFFFFF09
:10267000FFFFFFFFFFFFFFFFFFFFFFFFFFFFFFFF6A
:10268000FFFFFFFFFFFFFF92000024B6FFFFFFFFE9
:10269000FFFFFFFFFFFFFFFFFFFFFFFFFFFFFFFF4A
:1026A000FFFFFF6D24000049FFFFFFFFFFFFFFFF5B
:1026B000FFFFFFFFFFFFFFFFFFFFFFFFFFFFFFFF2A
:1026C000FFFFFFFFFFFFFFFF490000246DFFFFFF3B
:1026D000FFFFFFFFFFFFFFFFFFFFFFFFFFFFFFFF0A
:1026E000FFFFDB24000049DBFFFFFFFFFFFFFFFFD1
:1026F000FFFFFFFFFFFFFFFFFFFFFFFFFFFFFFFFEA
:10270000FFFFFFFFFFFFFFFFDB49000024DBFFFFB0
:10271000FFFFFFFFFFFFFFFFFFFFFFFFFFFFFFFFC9
:10272000FFFF49000024FFFFFFFFFFFFFFFFFFFF48
:10273000FFFFFFFFFFFFFFFFFFFFFFFFFFFFFFFFA9
:10274000FFFFFFFFFFFFFFFFFFFF24000049FFFF28
:10275000FFFFFFFFFFFFFFFFFFFFFFFFFFFFFFFF89
:10276000DB6D000024B6FFFFFFFFFFFFFFFFFFFF51
:10277000FFFFFFFFFFFFFFFFFFFFFFFFFFFFFFFF69
:10278000FFFFFFFFFFFFFFFFFFFFB62400006DDB31
:10279000FFFFFFFFFFFFFFFFFFFFFFFFFFFFFFFF49
:1027A0006D00002449FFFFFFFFFFFFFFFFFFFFFF5A
:1027B000FFFFFFFFFFFFFFFFFFFFFFFFFFFFFFFF29
:1027C000FFFFFFFFFFFFFFFFFFFFFF492400006D3A
:1027D000FFFFFFFFFFFFFFFFFFFFFFFFFFFFFFB652
:1027E00000000092DBFFFFFFFFFFFFFFFFFFFFFF87
:1027F000FFFFFFFFFFFFFFFFFFFFFFFFFFFFFFFFE9
:10280000FFFFFFFFFFFFFFFFFFFFFFDB9200000066
:10281000B6FFFFFFFFFFFFFFFFFFFFFFFFFFB64910
:10282000000049FFFFFFFFFFFFFFFFFFFFFFFFFF6C
:10283000FFFFFFFFFFFFFFFFFFFFFFFFFFFFFFFFA8
:10284000FFFFFFFFFFFFFFFFFFFFFFFFFF4900004C
:1028500049B6FFFFFFFFFFFFFFFFFFFFFFDB240085
:102860000000B6FFFFFFFFFFFFFFFFFFFFFFFFFFBF
:10287000FFFFFFFFFFFFFFFFFFFFFFFFFFFFFFFF68
:10288000FFFFFFFFFFFFFFFFFFFFFFFFFFB600009F
:102890000024DBFFFFFFFFFFFFFFFFFFFF490000FA
:1028A0002492FFFFFFFFFFFFFFFFFFFFFFFFFFFF80
:1028B000FFFFFFFFFFFFFFFFFFFFFFFFFFFFFFFF28
:1028C000FFFFFFFFFFFFFFFFFFFFFFFFFFFF922460
:1028D000000049FFFFFFFFFFFFFFFFFFB6240000DE
:1028E00092FFFFFFFFFFFFFFFFFFFFFFFFFFFFFF65
:1028F000FFFFFFFFFFFFFFFFFFFFFFFFFFFFFFFFE8
:10290000FFFFFFFFFFFFFFFFFFFFFFFFFFFFFF9244
:10291000000024B6FFFFFFFFFFFFFF6D240000490A
:10292000FFFFFFFFFFFFFFFFFFFFFFFFFFFFFFFFB7
:10293000FFFFFFFFFFFFFFFFFFFFFFFFFFFFFFFFA7
:10294000FFFFFFFFFFFFFFFFFFFFFFFFFFFFFFFF97
:10295000490000246DFFFFFFFFFFDB24000049DB7F
:10296000FFFFFFFFFFFFFFFFFFFFFFFFFFFFFFFF77
:10297000FFFFFFFFFFFFFFFFFFFFFFFFFFFFFFFF67
:10298000FFFFFFFFFFFFFFFFFFFFFFFFFFFFFFFF57
:10299000DB49000024DBFFFFFFFF49000024FFFFAD
:1029A000FFFFFFFFFFFFFFFFFFFFFFFFFFFFFFFF37
:1029B000FFFFFFFFFFFFFFFFFFFFFFFFFFFFFFFF27
:1029C000FFFFFFFFFFFFFFFFFFFFFFFFFFFFFFFF17
:1029D000FFFF24000049FFFFDB6D000024B6FFFF6E
:1029E000FFFFFFFFFFFFFFFFFFFFFFFFFFFFFFFFF7
:1029F000FFFFFFFFFFFFFFFFFFFFFFFFFFFFFFFFE7
:102A0000FFFFFFFFFFFFFFFFFFFFFFFFFFFFFFFFD6
:102A1000FFFFB62400006DDB6D00002449FFFFFFBF
:102A2000FFFFFFFFFFFFFFFFFFFFFFFFFFFFFFFFB6
:102A3000FFFFFFFFFFFFFFFFFFFFFFFFFFFFFFFFA6
:102A4000FFFFFFFFFFFFFFFFFFFFFFFFFFFFFFFF96
:102A5000FFFFFF492400006D240000242449494958
:102A600049494949494949494949494949494949D6
:102A700049494949494949494949494949494949C6
:102A800049494949494949494949494949494949B6
:102A900049494924240000244900000000000000A6
:102AA0000000000000000000000000000000000026
:102AB0000000000000000000000000000000000016
:102AC0000000000000000000000000000000000006
:102AD0000000000000000049DB922400000000001C
:102AE00000000000000000000000000000000000E6
:102AF00000000000000000000000000000000000D6
:102B000000000000000000000000000000000000C5
:102B100000000000002492DBDB9224000000000093
:102B200000000000000000000000000000000000A5
:102B30000000000000000000000000000000000095
:102B40000000000000000000000000000000000085
:102B500000000000002492DB49000000000000009B
:102B60000000000000000000000000000000000065
:102B70000000000000000000000000000000000055
:102B80000000000000000000000000000000000045
:102B900000000000000000492400002424494949A5
:102BA0004949494949494949494949494949494995
:102BB0004949494949494949494949494949494985
:102BC0004949494949494949494949494949494975
:102BD00049494924240000246D00002449FFFFFFD7
:102BE000FFFFFFFFFFFFFFFFFFFFFFFFFFFFFFFFF5
:102BF000FFFFFFFFFFFFFFFFFFFFFFFFFFFFFFFFE5
:102C0000FFFFFFFFFFFFFFFFFFFFFFFFFFFFFFFFD4
:102C1000FFFFFF492400006DDB6D000024B6FFFFBD
:102C2000FFFFFFFFFFFFFFFFFFFFFFFFFFFFFFFFB4
:102C3000FFFFFFFFFFFFFFFFFFFFFFFFFFFFFFFFA4
:102C4000FFFFFFFFFFFFFFFFFFFFFFFFFFFFFFFF94
:102C5000FFFFB62400006DDBFFFF49000024FFFFEB
:102C6000FFFFFFFFFFFFFFFFFFFFFFFFFFFFFFFF74
:102C7000FFFFFFFFFFFFFFFFFFFFFFFFFFFFFFFF64
:102C8000FFFFFFFFFFFFFFFFFFFFFFFFFFFFFFFF54
:102C9000FFFF24000049FFFFFFFFDB24000049DBAA
:102CA000FFFFFFFFFFFFFFFFFFFFFFFFFFFFFFFF34
:102CB000FFFFFFFFFFFFFFFFFFFFFFFFFFFFFFFF24
:102CC000FFFFFFFFFFFFFFFFFFFFFFFFFFFFFFFF14
:102CD000DB49000024DBFFFFFFFFFF6D24000049FC
:102CE000FFFFFFFFFFFFFFFFFFFFFFFFFFFFFFFFF4
:102CF000FFFFFFFFFFFFFFFFFFFFFFFFFFFFFFFFE4
:102D0000FFFFFFFFFFFFFFFFFFFFFFFFFFFFFFFFD3
:102D1000490000246DFFFFFFFFFFFFFFB624000006
:102D200092FFFFFFFFFFFFFFFFFFFFFFFFFFFFFF20
:102D3000FFFFFFFFFFFFFFFFFFFFFFFFFFFFFFFFA3
:102D4000FFFFFFFFFFFFFFFFFFFFFFFFFFFFFF9200
:102D5000000024B6FFFFFFFFFFFFFFFFFF49000059
:102D60002492FFFFFFFFFFFFFFFFFFFFFFFFFFFFBB
:102D7000FFFFFFFFFFFFFFFFFFFFFFFFFFFFFFFF63
:102D8000FFFFFFFFFFFFFFFFFFFFFFFFFFFF92249B
:102D9000000049FFFFFFFFFFFFFFFFFFFFDB2400F5
:102DA0000000B6FFFFFFFFFFFFFFFFFFFFFFFFFF7A
:102DB000FFFFFFFFFFFFFFFFFFFFFFFFFFFFFFFF23
:102DC000FFFFFFFFFFFFFFFFFFFFFFFFFFB600005A
:102DD0000024DBFFFFFFFFFFFFFFFFFFFFFFB64900
:102DE000000049FFFFFFFFFFFFFFFFFFFFFFFFFFA7
:102DF000FFFFFFFFFFFFFFFFFFFFFFFFFFFFFFFFE3
:102E0000FFFFFFFFFFFFFFFFFFFFFFFFFF49000086
:102E100049B6FFFFFFFFFFFFFFFFFFFFFFFFFFB60A
:102E200000000092DBFFFFFFFFFFFFFFFFFFFFFF40
:102E3000FFFFFFFFFFFFFFFFFFFFFFFFFFFFFFFFA2
:102E4000FFFFFFFFFFFFFFFFFFFFFFDB9200000020
:102E5000B6FFFFFFFFFFFFFFFFFFFFFFFFFFFFFFCB
:102E60006D00002449FFFFFFFFFFFFFFFFFFFFFF93
:102E7000FFFFFFFFFFFFFFFFFFFFFFFFFFFFFFFF62
:102E8000FFFFFFFFFFFFFFFFFFFFFF492400006D73
:102E9000FFFFFFFFFFFFFFFFFFFFFFFFFFFFFFFF42
:102EA000DB6D000024B6FFFFFFFFFFFFFFFFFFFF0A
:102EB000FFFFFFFFFFFFFFFFFFFFFFFFFFFFFFFF22
:102EC000FFFFFFFFFFFFFFFFFFFFB62400006DDBEA
:102ED000FFFFFFFFFFFFFFFFFFFFFFFFFFFFFFFF02
:102EE000FFFF49000024FFFFFFFFFFFFFFFFFFFF81
:102EF000FFFFFFFFFFFFFFFFFFFFFFFFFFFFFFFFE2
:102F0000FFFFFFFFFFFFFFFFFFFF24000049FFFF60
:102F1000FFFFFFFFFFFFFFFFFFFFFFFFFFFFFFFFC1
:102F2000FFFFDB24000049DBFFFFFFFFFFFFFFFF88
:102F3000FFFFFFFFFFFFFFFFFFFFFFFFFFFFFFFFA1
:102F4000FFFFFFFFFFFFFFFFDB49000024DBFFFF68
:102F5000FFFFFFFFFFFFFFFFFFFFFFFFFFFFFFFF81
:102F6000FFFFFF6D24000049FFFFFFFFFFFFFFFF92
:102F7000FFFFFFFFFFFFFFFFFFFFFFFFFFFFFFFF61
:102F8000FFFFFFFFFFFFFFFF490000246DFFFFFF72
:102F9000FFFFFFFFFFFFFFFFFFFFFFFFFFFFFFFF41
:102FA000FFFFFFFFB624000092FFFFFFFFFFFFFFC0
:102FB000FFFFFFFFFFFFFFFFFFFFFFFFFFFFFFFF21
:102FC000FFFFFFFFFFFFFF92000024B6FFFFFFFFA0
:102FD000FFFFFFFFFFFFFFFFFFFFFFFFFFFFFFFF01
:102FE000FFFFFFFFFF4900002492FFFFFFFFFFFFED
:102FF000FFFFFFFFFFFFFFFFFFFFFFFFFFFFFFFFE1
:10300000FFFFFFFFFFFF9224000049FFFFFFFFFFCC
:10301000FFFFFFFFFFFFFFFFFFFFFFFFFFFFFFFFC0
:10302000FFFFFFFFFFDB24000000B6FFFFFFFFFFF5
:10303000FFFFFFFFFFFFFFFFFFFFFFFFFFFFFFFFA0
:10304000FFFFFFFFFFB600000024DBFFFFFFFFFFD5
:10305000FFFFFFFFFFFFFFFFFFFFFFFFFFFFFFFF80
:10306000FFFFFFFFFFFFB649000049FFFFFFFFFF23
:10307000FFFFFFFFFFFFFFFFFFFFFFFFFFFFFFFF60
:10308000FFFFFFFFFF49000049B6FFFFFFFFFFFF03
:10309000FFFFFFFFFFFFFFFFFFFFFFFFFFFFFFFF40
:1030A000FFFFFFFFFFFFFFB600000092DBFFFFFF07
:1030B000FFFFFFFFFFFFFFFFFFFFFFFFFFFFFFFF20
:1030C000FFFFFFDB92000000B6FFFFFFFFFFFFFFE7
:1030D000FFFFFFFFFFFFFFFFFFFFFFFFFFFFFFFF00
:1030E000FFFFFFFFFFFFFFFF6D00002449FFFFFF11
:1030F000FFFFFFFFFFFFFFFFFFFFFFFFFFFFFFFFE0
:10310000FFFFFF492400006DFFFFFFFFFFFFFFFFF0
:10311000FFFFFFFFFFFFFFFFFFFFFFFFFFFFFFFFBF
:10312000FFFFFFFFFFFFFFFFDB6D000024B6FFFF87
:10313000FFFFFFFFFFFFFFFFFFFFFFFFFFFFFFFF9F
:10314000FFFFB62400006DDBFFFFFFFFFFFFFFFF67
:10315000FFFFFFFFFFFFFFFFDB9249494949494954
:103160004949494949494949494900000024FFFF63
:10317000FFFFFFFFFFFFFFFFFFFFFFFFFFFFFFFF5F
:10318000FFFF240000004949494949494949494943
:1031900049494949494992DB2400000000000000E8
:1031A000000000000000000000000000000092DBB2
:1031B000FFFFFFFFFFFFFFFFFFFFFFFFFFFFFFFF1F
:1031C000FF9200000000000000000000000000006E
:1031D00000000000000000242400000000000000A7
:1031E0000000000000000000000000000024DBFFE1
:1031F000FFFFFFFFFFFFFFFFFFFFFFFFFFFFFFFFDF
:10320000FFDB2400000000000000000000000000C0
:103210000000000000000024B624000024FFFFFF8F
:10322000FFFFFFFFFFFFFFFFFFFFFFFFFFFFFFFFAE
:10323000FFFFFFFFFFFFFFFFFFFFFFFFFFFFFFFF9E
:10324000FFFFFFFFFFFFFFFFFFFFFFFFFFFFFFFF8E
:10325000FFFFDB24000024B6FFB60000006DFFFF77
:10326000FFFFFFFFFFFFFFFFFFFFFFFFFFFFFFFF6E
:10327000FFFFFFFFFFFFFFFFFFFFFFFFFFFFFFFF5E
:10328000FFFFFFFFFFFFFFFFFFFFFFFFFFFFFFFF4E
:10329000FFFF49000024DBFFFFFF92000000B6FFA4
:1032A000FFFFFFFFFFFFFFFFFFFFFFFFFFFFFFFF2E
:1032B000FFFFFFFFFFFFFFFFFFFFFFFFFFFFFFFF1E
:1032C000FFFFFFFFFFFFFFFFFFFFFFFFFFFFFFFF0E
:1032D000DB6D000024B6FFFFFFFFFF2400002492F7
:1032E000FFFFFFFFFFFFFFFFFFFFFFFFFFFFFFFFEE
:1032F000FFFFFFFFFFFFFFFFFFFFFFFFFFFFFFFFDE
:10330000FFFFFFFFFFFFFFFFFFFFFFFFFFFFFFFFCD
:103310006D00002449FFFFFFFFFFFF926D000024B6
:10332000FFFFFFFFFFFFFFFFFFFFFFFFFFFFFFFFAD
:10333000FFFFFFFFFFFFFFFFFFFFFFFFFFFFFFFF9D
:10334000FFFFFFFFFFFFFFFFFFFFFFFFFFFFFFB6D6
:1033500000000092DBFFFFFFFFFFFFFFDB24000008
:103360006DFFFFFFFFFFFFFFFFFFFFFFFFFFFFFFFF
:10337000FFFFFFFFFFFFFFFFFFFFFFFFFFFFFFFF5D
:10338000FFFFFFFFFFFFFFFFFFFFFFFFFFFF922495
:10339000000049FFFFFFFFFFFFFFFFFFFF9200005C
:1033A0002449FFFFFFFFFFFFFFFFFFFFFFFFFFFFBE
:1033B000FFFFFFFFFFFFFFFFFFFFFFFFFFFFFFFF1D
:1033C000FFFFFFFFFFFFFFFFFFFFFFFFFFB6000054
:1033D0000024DBFFFFFFFFFFFFFFFFFFFFFF49248C
:1033E00000006DFFFFFFFFFFFFFFFFFFFFFFFFFF7D
:1033F000FFFFFFFFFFFFFFFFFFFFFFFFFFFFFFFFDD
:10340000FFFFFFFFFFFFFFFFFFFFFFFFFF49000080
:1034100049B6FFFFFFFFFFFFFFFFFFFFFFFFFF6D4D
:10342000000024DBFFFFFFFFFFFFFFFFFFFFFFFFA9
:10343000FFFFFFFFFFFFFFFFFFFFFFFFFFFFFFFF9C
:10344000FFFFFFFFFFFFFFFFFFFFFFDB92000024F6
:10345000B6FFFFFFFFFFFFFFFFFFFFFFFFFFFFFFC5
:103460002400004992FFFFFFFFFFFFFFFFFFFFFF68
:10347000FFFFFFFFFFFFFFFFFFFFFFFFFFFFFFFF5C
:10348000FFFFFFFFFFFFFFFFFFFFFF492400006D6D
:10349000FFFFFFFFFFFFFFFFFFFFFFFFFFFFFFFF3C
:1034A000B624000024FFFFFFFFFFFFFFFFFFFFFF29
:1034B000FFFFFFFFFFFFFFFFFFFFFFFFFFFFFFFF1C
:1034C000FFFFFFFFFFFFFFFFFFFF9200000092FFE3
:1034D000FFFFFFFFFFFFFFFFFFFFFFFFFFFFFFFFFC
:1034E000FFB60000006DFFFFFFFFFFFFFFFFFFFFC4
:1034F000FFFFFFFFFFFFFFFFFFFFFFFFFFFFFFFFDC
:10350000FFFFFFFFFFFFFFFFFFB62400006DFFFF7F
:10351000FFFFFFFFFFFFFFFFFFFFFFFFFFFFFFFFBB
:10352000FFFF92000000B6FFFFFFFFFFFFFFFFFF5E
:10353000FFFFFFFFFFFFFFFFFFFFFFFFFFFFFFFF9B
:10354000FFFFFFFFFFFFFFFFB624000024DBFFFFAC
:10355000FFFFFFFFFFFFFFFFFFFFFFFFFFFFFFFF7B
:10356000FFFFFF2400002492FFFFFFFFFFFFFFFF8C
:10357000FFFFFFFFFFFFFFFFFFFFFFFFFFFFFFFF5B
:10358000FFFFFFFFFFFFFFDB2400006D92FFFFFF47
:10359000FFFFFFFFFFFFFFFFFFFFFFFFFFFFFFFF3B
:1035A000FFFFFF926D000024FFFFFFFFFFFFFFFF03
:1035B000FFFFFFFFFFFFFFFFFFFFFFFFFFFFFFFF1B
:1035C000FFFFFFFFFFFFDB49000024DBFFFFFFFFE2
:1035D000FFFFFFFFFFFFFFFFFFFFFFFFFFFFFFFFFB
:1035E000FFFFFFFFDB2400006DFFFFFFFFFFFFFF7A
:1035F000FFFFFFFFFFFFFFFFFFFFFFFFFFFFFFFFDB
:10360000FFFFFFFFFFFF2424000092FFFFFFFFFFEB
:10361000FFFFFFFFFFFFFFFFFFFFFFFFFFFFFFFFBA
:10362000FFFFFFFFFF9200002449FFFFFFFFFFFFA6
:10363000FFFFFFFFFFFFFFFFFFFFFFFFFFFFFFFF9A
:10364000FFFFFFFFFF490000246DFFFFFFFFFFFFAB
:10365000FFFFFFFFFFFFFFFFFFFFFFFFFFFFFFFF7A
:10366000FFFFFFFFFFFF492400006DFFFFFFFFFF8B
:10367000FFFFFFFFFFFFFFFFFFFFFFFFFFFFFFFF5A
:10368000FFFFFFFFB624000092FFFFFFFFFFFFFFD9
:10369000FFFFFFFFFFFFFFFFFFFFFFFFFFFFFFFF3A
:1036A000FFFFFFFFFFFFFF6D000024DBFFFFFFFFB9
:1036B000FFFFFFFFFFFFFFFFFFFFFFFFFFFFFFFF1A
:1036C000FFFFFF6D24000049FFFFFFFFFFFFFFFF2B
:1036D000FFFFFFFFFFFFFFFFFFFFFFFFFFFFFFFFFA
:1036E000FFFFFFFFFFFFFFFF2400004992FFFFFFE6
:1036F000FFFFFFFFFFFFFFFFFFFFFFFFFFFFFFFFDA
:10370000FFFFDB24000049DBFFFFFFFFFFFFFFFFA0
:10371000FFFFFFFFFFFFFFFFFFFFFFFFFFFFFFFFB9
:10372000FFFFFFFFFFFFFFFFB624000024FFFFFFA6
:10373000FFFFFFFFFFFFFFFFFFFFFFFFFFFFFFFF99
:10374000FFFF49000024FFFFFFFFFFFFFFFFFFFF18
:10375000FFFFFFFFFFFFFFFFFFFFFFFFFFFFFFFF79
:10376000FFFFFFFFFFFFFFFFFFB60000006DFFFF41
:10377000FFFFFFFFFFFFFFFFFFFFFFFFFFFFFFFF59
:10378000DB49000024B6FFFFFFFFFFFFFFFFFFFF45
:10379000FFFFFFFFFFFFFFFFFFFFFFFFFFFFFFFF39
:1037A000FFFFFFFFFFFFFFFFFFFF92000000B6FFDC
:1037B000FFFFFFFFFFFFFFFFFFFFFFFFFFFFFFFF19
:1037C000490000246DFFFFFFFFFFFFFFFFFFFFFF2A
:1037D000FFFFFFFFFFFFFFFFFFFFFFFFFFFFFFFFF9
:1037E000FFFFFFFFFFFFFFFFFFFFFF24000024920A
:1037F000FFFFFFFFFFFFFFFFFFFFFFFFFFFFFF9246
:10380000000024B6FFFFFFFFFFFFFFFFFFFFFFFFEA
:10381000FFFFFFFFFFFFFFFFFFFFFFFFFFFFFFFFB8
:10382000FFFFFFFFFFFFFFFFFFFFFF926D00002480
:10383000FFFFFFFFFFFFFFFFFFFFFFFFFFFF6D2405
:1038400000006DFFFFFFFFFFFFFFFFFFFFFFFFFF18
:10385000FFFFFFFFFFFFFFFFFFFFFFFFFFFFFFFF78
:10386000FFFFFFFFFFFFFFFFFFFFFFFFDB24000065
:103870006DFFFFFFFFFFFFFFFFFFFFFFFF92000055
:103880002424FFFFFFFFFFFFFFFFFFFFFFFFFFFFFE
:10389000FFFFFFFFFFFFFFFFFFFFFFFFFFFFFFFF38
:1038A000FFFFFFFFFFFFFFFFFFFFFFFFFF92000093
:1038B0002449FFFFFFFFFFFFFFFFFFFFDB240000A6
:1038C00049DBFFFFFFFFFFFFFFFFFFFFFFFFFFFFE2
:1038D000FFFFFFFFFFFFFFFFFFFFFFFFFFFFFFFFF8
:1038E000FFFFFFFFFFFFFFFFFFFFFFFFFFFF492479
:1038F00000006DFFFFFFFFFFFFFFFF926D00002440
:10390000DBFFFFFFFFFFFFFFFFFFFFFFFFFFFFFFEB
:10391000FFFFFFFFFFFFFFFFFFFFFFFFFFFFFFFFB7
:10392000FFFFFFFFFFFFFFFFFFFFFFFFFFFFFF6D39
:10393000000024DBFFFFFFFFFFFFDB2400002492D9
:10394000FFFFFFFFFFFFFFFFFFFFFFFFFFFFFFFF87
:10395000FFFFFFFFFFFFFFFFFFFFFFFFFFFFFFFF77
:10396000FFFFFFFFFFFFFFFFFFFFFFFFFFFFFFFF67
:103970002400004992FFFFFFFFFF6D000024DBFFE2
:10398000FFFFFFFFFFFFFFFFFFFFFFFFFFFFFFFF47
:10399000FFFFFFFFFFFFFFFFFFFFFFFFFFFFFFFF37
:1039A000FFFFFFFFFFFFFFFFFFFFFFFFFFFFFFFF27
:1039B000B624000024FFFFFFFF9200000092FFFFEB
:1039C000FFFFFFFFFFFFFFFFFFFFFFFFFFFFFFFF07
:1039D000FFFFFFFFFFFFFFFFFFFFFFFFFFFFFFFFF7
:1039E000FFFFFFFFFFFFFFFFFFFFFFFFFFFFFFFFE7
:1039F000FFB60000006DFFFF6D24000049FFFFFFD0
:103A0000FFFFFFFFFFFFFFFFFFFFFFFFFFFFFFFFC6
:103A1000FFFFFFFFFFFFFFFFFFFFFFFFFFFFFFFFB6
:103A2000FFFFFFFFFFFFFFFFFFFFFFFFFFFFFFFFA6
:103A3000FFFF92000000B6B600000092B6FFFFFF45
:103A4000FFFFFFFFFFFFFFFFFFFFFFFFFFFFFFFF86
:103A5000FFFFFFFFFFFFFFFFFFFFFFFFFFFFFFFF76
:103A6000FFFFFFFFFFFFFFFFFFFFFFFFFFFFFFFF66
:103A7000FFFFFF2400002424000024FFFFFFFFFFBE
:103A8000FFFFFFFFFFFFFFFFFFFFFFFFFFFFFFFF46
:103A9000FFFFFFFFFFFFFFFFFFFFFFFFFFFFFFFF36
:103AA000FFFFFFFFFFFFFFFFFFFFFFFFFFFFFFFF26
:103AB000FFFFFF926D0000000024B6FFFFFFFFFF35
:103AC000FFFFFFFFFFFFFFFFFFFFFFFFFFFFFFFF06
:103AD000FFFFFFFFFFFFFFFFFFFFFFFFFFFFFFFFF6
:103AE000FFFFFFFFFFFFFFFFFFFFFFFFFFFFFFFFE6
:103AF000FFFFFFFFFF6D24246DDBFFFFFFFFFFFFD4
:103B0000FFFFFFFFFFFFFFFFFFFFFFFFFFFFFFFFC5
:103B1000FFFFFFFFFFFFFFFFFFFFFFFFFFFFFFFFB5
:103B2000FFFFFF4949DBFFFFFFFFFFFFFFFFFFFF35
:103B3000FFFFFFFFFFFFFFFFFFFFFFFFFFFFFFFF95
:103B4000FFFFFFFFFFFFFFFFFFFFFFFFFFFFFFFF85
:103B5000FFFFFFFFFFFFFFFFFFFFFFFFFFFFFFFF75
:103B6000FFFFDB0000246DDBFFFFFFFFFFFFFFFF18
:103B7000FFFFFFFFFFFFFFFFFFFFFFFFFFFFFFFF55
:103B8000FFFFFFFFFFFFFFFFFFFFFFFFFFFFFFFF45
:103B9000FFFFFFFFFFFFFFFFFFFFFFFFFFFFFFFF35
:103BA000FFFFDB240000002492FFFFFFFFFFFFFF69
:103BB000FFFFFFFFFFFFFFFFFFFFFFFFFFFFFFFF15
:103BC000FFFFFFFFFFFFFFFFFFFFFFFFFFFFFFFF05
:103BD000FFFFFFFFFFFFFFFFFFFFFFFFFFFFFFFFF5
:103BE000FFFFDB24000000000049B6FFFFFFFFFFDE
:103BF000FFFFFFFFFFFFFFFFFFFFFFFFFFFFFFFFD5
:103C0000FFFFFFFFFFFFFFFFFFFFFFFFFFFFFFFFC4
:103C1000FFFFFFFFFFFFFFFFFFFFFFFFFFFFFFFFB4
:103C2000FFFFFF24006D92240000006DDBFFFFFF0B
:103C3000FFFFFFFFFFFFFFFFFFFFFFFFFFFFFFFF94
:103C4000FFFFFFFFFFFFFFFFFFFFFFFFFFFFFFFF84
:103C5000FFFFFFFFFFFFFFFFFFFFFFFFFFFFFFFF74
:103C6000FFFFFF240049FFFF92240000246DFFFFA7
:103C7000FFFFFFFFFFFFFFFFFFFFFFFFFFFFFFFF54
:103C8000FFFFFFFFFFFFFFFFFFFFFFFFFFFFFFFF44
:103C9000FFFFFFFFFFFFFFFFFFFFFFFFFFFFFFFF34
:103CA000FFFFFF490049FFFFFFDB4924000024B666
:103CB000FFFFFFFFFFFFFFFFFFFFFFFFFFFFFFFF14
:103CC000FFFFFFFFFFFFFFFFFFFFFFFFFFFFFFFF04
:103CD000FFFFFFFFFFFFFFFFFFFFFFFFFFFFFFFFF4
:103CE000FFFFFF490024FFFFFFFFFFB62400002471
:103CF00049DBFFFFFFFFFFFFFFFFFFFFFFFFFFFFAE
:103D0000FFFFFFFFFFFFFFFFFFFFFFFFFFFFFFFFC3
:103D1000FFFFFFFFFFFFFFFFFFFFFFFFFFFFFFFFB3
:103D2000FFFFFF490000FFFFFFFFFFFFFF6D2400C3
:103D300000006DDBFFFFFFFFFFFFFFFFFFFFFFFF47
:103D4000FFFFFFFFFFFFFFFFFFFFFFFFFFFFFFFF83
:103D5000FFFFFFFFFFFFFFFFFFFFFFFFFFFFFFFF73
:103D6000FFFFFF6D0000DBFFFFFFFFFFFFFFDB6DCD
:103D70000000002492FFFFFFFFFFFFFFFFFFFFFF98
:103D8000FFFFFFFFFFFFFFFFFFFFFFFFFFFFFFFF43
:103D9000FFFFFFFFFFFFFFFFFFFFFFFFFFFFFFFF33
:103DA000FFFFFF920000B6FFFFFFFFFFFFFFFFFFD7
:103DB000B64900000049DBFFFFFFFFFFFFFFFFDB0D
:103DC000DBDBDBDBDBDBFFFFFFFFFFFFFFFFFFFFDB
:103DD000FFFFFFFFFFFFFFFFFFFFFFFFFFFFFFFFF3
:103DE000FFFFFFB60000B6FFFFFFFFFFFFFFFFFF73
:103DF000FFFF92240000246DDBFFFFFF924949245E
:103E0000242424242424244992DBFFFFFFFFFFFF06
:103E1000FFFFFFFFFFFFFFFFFFFFFFFFFFFFFFFFB2
:103E2000FFFFFFDB000092FFFFFFFFFFFFFFFFFF31
:103E3000FFFFFFFF6D24000024926D2400000000AE
:103E40000000000000000000000049B6FFFFFFFF77
:103E5000FFFFFFFFFFFFFFFFFFFFFFFFFFFFFFFF72
:103E6000FFFFFFDB00006DFFFFFFFFFFFFFFFFFF16
:103E7000FFFFFFFFFFDB4900000000000000496D6D
:103E800092B6B6B6B66D49240000002449B6FFFFCD
:103E9000FFFFFFFFFFFFFFFFFFFFFFFFFFFFFFFF32
:103EA000FFDB6D24000049FFFFFFFFFFFFFFFFFF67
:103EB000FFFFFFFFFFFF92240000244992FFFFFF56
:103EC000FFFFFFFFFFFFFFFFB649240000006DFF6B
:103ED000FFFFFFFFFFFFFFFFFFFFFFFFFFFFDB6DA8
:103EE000242400000024B6FFFFFFFFFFFFFFFFFFB9
:103EF000FFFFFFFFFF4900000049DBFFFFFFFFFF5F
:103F0000FFFFFFFFFFFFFFFFFFFFDB6D000000244F
:103F1000DBFFFFFFFFFFFFFFFFFFFFDB922400003F
:103F20000000244992FFFFFFFFFFFFFFFFFFFFFF9D
:103F3000FFFFFFFF4900002492FFFFFFFFFFFFFF8D
:103F4000FFFFFFFFFFFFFFFFFFFFFFFFDB49000059
:103F500024B6FFFFFFFFFFFFFF924924000000008F
:103F60002492DBFFFFFFFFFFFFFFFFFFFFFFFFFFCD
:103F7000FFFFFF49000049DBFFFFFFFFFFFFFFFFDF
:103F8000FFFFFFFFFFFFFFFFFFFFFFFFFFFF9200AD
:103F90000024B6FFFFFFFFFF4900000000246DDB97
:103FA000FFFFFFFFFFFFFFFFFFFFFFFFFFFFFFFF21
:103FB000FFFF49000049FFFFFFFFFFFFFFFFFFFF7B
:103FC000FFFFFFFFFFFFFFFFFFFFFFFFFFFFFF926E
:103FD000240024DBFFFFFFFF2400000024DBFFFFA1
:103FE000FFFFFFFFFFFFFFFFFFFFFFFFFFFFFFFFE1
:103FF000FF6D000049FFFFFFFFFFFFFFFFFFFFFF17
:10400000FFFFFFFFFFFFFFFFFFFFFFFFFFFFFFFFC0
:1040100092000049FFFFFFFFDB492400002492FFCC
:10402000FFFFFFFFFFFFFFFFFFFFFFFFFFFFFFFFA0
:10403000DB240024FFFFFFFFFFFFFFFFFFFFFFFF69
:10404000FFFFFFFFFFFFFFFFFFFFFFFFFFFFFFFF80
:10405000FF6D00006DFFFFFFFFFFDB490000002444
:10406000B6FFFFFFFFFFFFFFFFFFFFFFFFFFFFFFA9
:10407000490024B6FFFFFFFFFFFFFFFFFFFFFFFF29
:10408000FFFFFFFFFFFFFFFFFFFFFFFFFFFFFFFF40
:10409000FFFF240024DBFFFFFFFFFFFF922400004F
:1040A0000049DBFFFFFFFFFFFFFFFFFFFFFFFF9266
:1040B00000006DFFFFFFFFFFFFFFFFFFFFFFFFFFA0
:1040C000FFFFFFFFFFFFFFFFFFFFFFFFFFFFFFFF00
:1040D000FFFFB6240049FFFFFFFFFFFFFFFF922411
:1040E0000000246DFFFFFFFFFFFFFFFFFFFFFF4901
:1040F0000024FFFFFFFFFFFFFFFFFFFFFFFFFFFFAA
:10410000FFFFFFFFFFFFFFFFFFFFFFFFFFFFFFFFBF
:10411000FFFFFF490000DBFFFFFFFFFFFFFFFFDBAB
:104120004924000024B6FFFFFFFFFFFFFFFFDB2451
:104130000092FFFFFFFFFFFFFFFFFFFFFFFFFFFFFB
:10414000FFFFFFFFFFFFFFFFFFFFFFFFFFFFFFFF7F
:10415000FFFFFFB600006DFFFFFFFFFFFFFFFFFF48
:10416000FFB64900000049B6FFFFFFFFFFFF6D00EB
:1041700024DBFFFFFFFFFFFFFFFFFFFFFFFFFFFF4E
:10418000FFFFFFFFFFFFFFFFFFFFFFFFFFFFFFFF3F
:10419000FFFFFFFF490024FFFFFFFFFFFFFFFFFFBF
:1041A000FFFFFF922400000049DBFFFFFFFF240018
:1041B00049FFFFFFFFFFFFFFFFFFFFFFFFFFFFFFC5
:1041C000FFFFFFFFFFFFFFFFFFFFFFFFFFFFFFFFFF
:1041D000FFFFFFFF920024DBFFFFFFFFFFFFFFFF5A
:1041E000FFFFFFFFDB6D000000246DFFFFDB000021
:1041F0006DFFFFFFFFFFFFFFFFFFFFFFFFFFFFFF61
:10420000FFFFFFFFFFFFFFFFFFFFFFFFFFFFFFFFBE
:10421000FFFFFFFFDB240092FFFFFFFFFFFFFFFF19
:10422000FFFFFFFFFFFFDB4924000024B6920000E0
:10423000B6FFFFFFFFFFFFFFFFFFFFFFFFFFFFFFD7
:10424000FFFFFFFFFFFFFFFFFFFFFFFFFFFFFFFF7E
:10425000FFFFFFFFFF24006DFFFFFFFFFFFFFFFFDA
:10426000FFFFFFFFFFFFFFFFB62400000024000058
:10427000DBFFFFFFFFFFFFFFFFFFFFFFFFFFFFFF72
:10428000FFFFFFFFFFFFFFFFFFFFFFFFFFFFFFFF3E
:10429000FFFFFFFFFF490049FFFFFFFFFFFFFFFF99
:1042A000FFFFFFFFFFFFFFFFFFFF92240000000062
:1042B000FFFFFFFFFFFFFFFFFFFFFFFFFFFFFFFF0E
:1042C000FFFFFFFFFFFFFFFFFFFFFFFFFFFFFFFFFE
:1042D000FFFFFFFFFF490024FFFFFFFFFFFFFFFF7E
:1042E000FFFFFFFFFFFFFFFFFFFFFFDB6D2400006D
:1042F000FFFFFFFFFFFFFFFFFFFFFFFFFFFFFFFFCE
:10430000FFFFFFFFFFFFFFFFFFFFFFFFFFFFFFFFBD
:10431000FFFFFFFFFF490000FFFFFFFFFFFFFFFF61
:10432000FFFFFFFFFFFFFFFFFFFFFFDB6D2400002C
:10433000FFFFFFFFFFFFFFFFFFFFFFFFFFFFFFFF8D
:10434000FFFFFFFFFFFFFFFFFFFFFFFFFFFFFFFF7D
:10435000FFFFFFFFFF490000FFFFFFFFFFFFFFFF21
:10436000FFFFFFFFFFFFFFFFFFFF922400000000A1
:10437000FFFFFFFFFFFFFFFFFFFFFFFFFFFFFFFF4D
:10438000FFFFFFFFFFFFFFFFFFFFFFFFFFFFFFFF3D
:10439000FFFFFFFFFF490024FFFFFFFFFFFFFFFFBD
:1043A000FFFFFFFFFFFFFFFFB62400000024000017
:1043B000DBFFFFFFFFFFFFFFFFFFFFFFFFFFFFFF31
:1043C000FFFFFFFFFFFFFFFFFFFFFFFFFFFFFFFFFD
:1043D000FFFFFFFFFF490049FFFFFFFFFFFFFFFF58
:1043E000FFFFFFFFFFFFDB4924000024B69200001F
:1043F000B6FFFFFFFFFFFFFFFFFFFFFFFFFFFFFF16
:10440000FFFFFFFFFFFFFFFFFFFFFFFFFFFFFFFFBC
:10441000FFFFFFFFFF24006DFFFFFFFFFFFFFFFF18
:10442000FFFFFFFFDB6D000000246DFFFFDB0000DE
:104430006DFFFFFFFFFFFFFFFFFFFFFFFFFFFFFF1E
:10444000FFFFFFFFFFFFFFFFFFFFFFFFFFFFFFFF7C
:10445000FFFFFFFFDB240092FFFFFFFFFFFFFFFFD7
:10446000FFFFFF92240000006DDBFFFFFFFF240031
:1044700049FFFFFFFFFFFFFFFFFFFFFFFFFFFFFF02
:10448000FFFFFFFFFFFFFFFFFFFFFFFFFFFFFFFF3C
:10449000FFFFFFFF920024DBFFFFFFFFFFFFFFFF97
:1044A000FFB64900000049B6FFFFFFFFFFFF6D00A8
:1044B00024DBFFFFFFFFFFFFFFFFFFFFFFFFFFFF0B
:1044C000FFFFFFFFFFFFFFFFFFFFFFFFFFFFFFFFFC
:1044D000FFFFFFFF490024FFFFFFFFFFFFFFFFDBA0
:1044E0004924000024B6FFFFFFFFFFFFFFFFDB248E
:1044F0000092FFFFFFFFFFFFFFFFFFFFFFFFFFFF38
:10450000FFFFFFFFFFFFFFFFFFFFFFFFFFFFFFFFBB
:10451000FFFFFFB600006DFFFFFFFFFFFFFF9224CC
:104520000000246DFFFFFFFFFFFFFFFFFFFFFF49BC
:104530000024FFFFFFFFFFFFFFFFFFFFFFFFFFFF65
:10454000FFFFFFFFFFFFFFFFFFFFFFFFFFFFFFFF7B
:10455000FFFFFF490000DBFFFFFFFFFF9224000089
:104560000049DBFFFFFFFFFFFFFFFFFFFFFFFF92A1
:1045700000006DFFFFFFFFFFFFFFFFFFFFFFFFFFDB
:10458000FFFFFFFFFFFFFFFFFFFFFFFFFFFFFFFF3B
:10459000FFFFB6240049FFFFFFFFDB490000004991
:1045A000B6FFFFFFFFFFFFFFFFFFFFFFFFFFFFFF64
:1045B000490024B6FFFFFFFFFFFFFFFFFFFFFFFFE4
:1045C000FFFFFFFFFFFFFFFFFFFFFFFFFFFFFFFFFB
:1045D000FFFF240024DBFFFFDB492400002492FFBF
:1045E000FFFFFFFFFFFFFFFFFFFFFFFFFFFFFFFFDB
:1045F000DB240024FFFFFFFFFFFFFFFFFFFFFFFFA4
:10460000FFFFFFFFFFFFFFFFFFFFFFFFFFFFFFFFBA
:10461000FF6D00006DFFFFFF2400000049DBFFFF7E
:10462000FFFFFFFFFFFFFFFFFFFFFFFFFFFFFFFF9A
:10463000FF6D000049FFFFFFFFFFFFFFFFFFFFFFD0
:10464000FFFFFFFFFFFFFFFFFFFFFFFFFFFFFFFF7A
:1046500092000049FFFFFFFF49000000246DDBFFCF
:10466000FFFFFFFFFFFFFFFFFFFFFFFFFFFFFFFF5A
:10467000FFFF49000049FFFFFFFFFFFFFFFFFFFFB4
:10468000FFFFFFFFFFFFFFFFFFFFFFFFFFFFFF92A7
:10469000240024DBFFFFFFFFFF9224000000246DB5
:1046A000DBFFFFFFFFFFFFFFFFFFFFFFFFFFFFFF3E
:1046B000FFFFFF49000049DBFFFFFFFFFFFFFFFF98
:1046C000FFFFFFFFFFFFFFFFFFFFFFFFFFFF920066
:1046D0000024B6FFFFFFFFFFFFFFFFB6240000002E
:1046E0002449DBFFFFFFFFFFFFFFFFFFFFFFFFFF8F
:1046F000FFFFFFFF4900002492FFFFFFFFFFFFFFC6
:10470000FFFFFFFFFFFFFFFFFFFFFFFFDB49000091
:1047100024B6FFFFFFFFFFFFFFFFFFFFFF924924CB
:104720000000006DDBFFFFFFFFFFFFFFFFFFFFFF4C
:10473000FFFFFFFFFF6D00000049DBFFFFFFFFFFF2
:10474000FFFFFFFFFFFFFFFFFFFFDB6D0000002407
:10475000DBFFFFFFFFFFFFFFFFFFFFFFFFFFFFB6D6
:10476000490000002449DBFFFFFFFFFFFFFFFFFFC1
:10477000FFFFFFFFFFFF92240000244992FFFFFF8D
:10478000FFFFFFFFFFFFFFFFB649240000006DFFA2
:10479000FFFFFFFFFFFFFFFFFFFFFFFFFFFFFFFF29
:1047A000FFB6492400006DFFFFFFFFFFFFFFFFFF83
:1047B000FFFFFFFFFFDB4900000000000000496D24
:1047C00092B6B6B6B66D49240000002449B6FFFF84
:1047D000FFFFFFFFFFFFFFFFFFFFFFFFFFFFFFFFE9
:1047E000FFFFFFB600006DFFFFFFFFFFFFFFFFFFB2
:1047F000FFFFFFFF6D24000024926D2400000000E5
:104800000000000000000000000049B6FFFFFFFFAD
:10481000FFFFFFFFFFFFFFFFFFFFFFFFFFFFFFFFA8
:10482000FFFFFFDB000092FFFFFFFFFFFFFFFFFF27
:10483000FFFF92240000246DDBFFFFFFB6494924EF
:10484000242424242424244992DBFFFFFFFFFFFFBC
:10485000FFFFFFFFFFFFFFFFFFFFFFFFFFFFFFFF68
:10486000FFFFFFB60000B6FFFFFFFFFFFFFFFFFFE8
:10487000B64900000049DBFFFFFFFFFFFFFFFFDB42
:10488000DBDBDBDBDBDBFFFFFFFFFFFFFFFFFFFF10
:10489000FFFFFFFFFFFFFFFFFFFFFFFFFFFFFFFF28
:1048A000FFFFFF920000DBFFFFFFFFFFFFFFDB6D5D
:1048B0000000002492FFFFFFFFFFFFFFFFFFFFFF4D
:1048C000FFFFFFFFFFFFFFFFFFFFFFFFFFFFFFFFF8
:1048D000FFFFFFFFFFFFFFFFFFFFFFFFFFFFFFFFE8
:1048E000FFFFFF6D0000DBFFFFFFFFFFFF6D2400F8
:1048F00000006DDBFFFFFFFFFFFFFFFFFFFFFFFF7C
:10490000FFFFFFFFFFFFFFFFFFFFFFFFFFFFFFFFB7
:10491000FFFFFFFFFFFFFFFFFFFFFFFFFFFFFFFFA7
:10492000FFFFFF490000FFFFFFFFFFB62400002448
:1049300049DBFFFFFFFFFFFFFFFFFFFFFFFFFFFF61
:10494000FFFFFFFFFFFFFFFFFFFFFFFFFFFFFFFF77
:10495000FFFFFFFFFFFFFFFFFFFFFFFFFFFFFFFF67
:10496000FFFFFF490024FFFFFFDB4924000024B6BE
:10497000FFFFFFFFFFFFFFFFFFFFFFFFFFFFFFFF47
:10498000FFFFFFFFFFFFFFFFFFFFFFFFFFFFFFFF37
:10499000FFFFFFFFFFFFFFFFFFFFFFFFFFFFFFFF27
:1049A000FFFFFF490049FFFF92240000246DFFFF35
:1049B000FFFFFFFFFFFFFFFFFFFFFFFFFFFFFFFF07
:1049C000FFFFFFFFFFFFFFFFFFFFFFFFFFFFFFFFF7
:1049D000FFFFFFFFFFFFFFFFFFFFFFFFFFFFFFFFE7
:1049E000FFFFFF24006D92240000006DDBFFFFFF3E
:1049F000FFFFFFFFFFFFFFFFFFFFFFFFFFFFFFFFC7
:104A0000FFFFFFFFFFFFFFFFFFFFFFFFFFFFFFFFB6
:104A1000FFFFFFFFFFFFFFFFFFFFFFFFFFFFFFFFA6
:104A2000FFFFDB24000000000049B6FFFFFFFFFF8F
:104A3000FFFFFFFFFFFFFFFFFFFFFFFFFFFFFFFF86
:104A4000FFFFFFFFFFFFFFFFFFFFFFFFFFFFFFFF76
:104A5000FFFFFFFFFFFFFFFFFFFFFFFFFFFFFFFF66
:104A6000FFFFDB240000002492FFFFFFFFFFFFFF9A
:104A7000FFFFFFFFFFFFFFFFFFFFFFFFFFFFFFFF46
:104A8000FFFFFFFFFFFFFFFFFFFFFFFFFFFFFFFF36
:104A9000FFFFFFFFFFFFFFFFFFFFFFFFFFFFFFFF26
:104AA000FFFFDB0000246DDBFFFFFFFFFFFFFFFFC9
:104AB000FFFFFFFFFFFFFFFFFFFFFFFFFFFFFFFF06
:104AC000FFFFFFFFFFFFFFFFFFFFFFFFFFFFFFFFF6
:104AD000FFFFFFFFFFFFFFFFFFFFFFFFFFFFFFFFE6
:104AE000FFFFFF4949DBFFFFFFFFFFFFFFFFFFFF66
:104AF000FFFFFFFFFFFFFFFFFFFFFFFFFFFFFFFFC6
:104B0000FFFFFFFFFFFFFFFFFFFFFFFFFFFFFFFFB5
:104B1000FFFFFFFFFFFFFFFFFFFFFFFFFFFFFFFFA5
:104B2000FFFFFFFFFFFFFFFFFFFFFFFFFFDBDB924A
:104B3000926D49242400002424496D92B6DBFFFFC6
:104B4000FFFFFFFFFFFFFFFFFFFFFFFFFFFFFFFF75
:104B5000FFFFFFFFFFFFFFFFFFFFFFFFFFFFFFFF65
:104B6000FFFFFFFFFFFFFFFFFFFFDB6D492400009A
:104B70000000000000000000000000000024496D5B
:104B80006DDBFFFFFFFFFFFFFFFFFFFFFFFFFFFFEB
:104B9000FFFFFFFFFFFFFFFFFFFFFFFFFFFFFFFF25
:104BA000FFFFFFFFFFFFFFDB922400000000002457
:104BB00024244949492400004949242400000000D4
:104BC000000049B6FFFFFFFFFFFFFFFFFFFFFFFFF2
:104BD000FFFFFFFFFFFFFFFFFFFFFFFFFFFFFFFFE5
:104BE000FFFFFFFFFFDB6D2400000000246DB6DB3C
:104BF000DBFFFFFFFF6D0000FFFFFFDBB692490008
:104C0000000000002492FFFFFFFFFFFFFFFFFFFFF8
:104C1000FFFFFFFFFFFFFFFFFFFFFFFFFFFFFFFFA4
:104C2000FFFFFFDB6D24000000246DB6FFFFFFFFD8
:104C3000FFFFFFFFFF6D0000FFFFFFFFFFFFFFDB38
:104C4000B6492400000024B6FFFFFFFFFFFFFFFF6F
:104C5000FFFFFFFFFFFFFFFFFFFFFFFFFFFFFFFF64
:104C6000FFFF922400000024B6FFFFFFFFFFFFFFBD
:104C7000FFFFFFFFFF6D0000FFFFFFFFFFFFFFFFD4
:104C8000FFFFDB922400000049DBFFFFFFFFFFFF77
:104C9000FFFFFFFFFFFFFFFFFFFFFFFFFFFFFFFF24
:104CA000DB49000000000024FFFFFFFFFFFFFFFFC4
:104CB000FFFFFFFFFFDB496DFFFFFFFFFFFFFFFF70
:104CC000FFFFFFFF490000000024B6FFFFFFFFFFCA
:104CD000FFFFFFFFFFFFFFFFFFFFFFFFFFFFFF499A
:104CE00024000000926D00006DFFFFFFFFFFFFFF3B
:104CF000FFFFFFFFFFFFFFFFFFFFFFFFFFFFFFFFC4
:104D0000FFFFFF920000496D0000246DFFFFFFFFD1
:104D1000FFFFFFFFFFFFFFFFFFFFFFFFFFDB49007C
:104D2000000049DBFFFF49246DFFFFFFFFFFFFFF8E
:104D3000FFFFFFFFFFFFFFFFFFFFFFFFFFFFFFFF83
:104D4000FFFFFF922424FFFF9224000049FFFFFF92
:104D5000FFFFFFFFFFFFFFFFFFFFFFFFDB24000060
:104D6000006DFFFFFFFFFFDBFFFFFFFFFFFFFFFF08
:104D7000FFFFFFFFFFFFFFFFFFFFFFFFFFFFFFFF43
:104D8000FFFFFFFFDBFFFFFFFFDB24000049FFFF0A
:104D9000FFFFFFFFFFFFFFFFFFFFFFDB24000049D6
:104DA00092FFFFFFFFFFFFFFFFFFFFFFFFFFFFFF80
:104DB000FFFFFFFFFFFFFFFFFFFFFFFFFFFFFFFF03
:104DC000FFFFFFFFFFFFFFFFFFFFFF49000049FF5D
:104DD000FFFFFFFFFFFFFFFFFFFFFF4900006DFF29
:104DE000FFFFFFFFFFFFFFFFFFFFFFFFFFFFFFFFD3
:104DF000FFFFFFFFFFFFFFFFFFFFFFFFFFFFFFFFC3
:104E0000FFFFFFFFFFFFFFFFFFFFFFFF490000491C
:104E100092FFFFFFFFFFFFFFFFFF4900006DFFFF55
:104E2000FFFFFFFFFFFFFFFFFFFFFFFFFFFFFFFF92
:104E3000FFFFFFFFFFFFFFFFFFFFFFFFFFFFFFFF82
:104E4000FFFFFFFFFFFFFFFFFFFFFFFFFF49000026
:104E500024DBFFFFFFFFFFFFFF6D000049FFFFFFA7
:104E6000FFFFFFFFFFFFFFFFFFFFFFFFFFFFFFFF52
:104E7000FFFFFFFFFFFFFFFFFFFFFFFFFFFFFFFF42
:104E8000FFFFFFFFFFFFFFFFFFFFFFFFFFDB240030
:104E90000024FFFFFFFFFFFFDB240024DBFFFFFFF9
:104EA000FFFFFFFFFFFFFFFFFFFFFFFFFFFFFFFF12
:104EB000FFFFFFFFFFFFFFFFFFFFFFFFFFFFFFFF02
:104EC000FFFFFFFFFFFFFFFFFFFFFFFFFFFFB62416
:104ED00000006DFFFFFFFFFF490024B6FFFFFFFF4B
:104EE000FFFFFFFFFFFFFFFFFFFFFFFFFFFFFFFFD2
:104EF000FFFFFFFFFFFFFFFFFFFFFFFFFFFFFFFFC2
:104F0000FFFFFFFFFFFFFFFFFFFFFFFFFFFFFF921E
:104F1000490024B6FFFFFFFF92246DFFFFFFFFFF54
:104F2000FFFFFFFFFFFFFFFFFFFFFFFFFFFFFFFF91
:104F3000FFFFFFFFFFFFFFFFFFFFFFFFFFFFFFFF81
:104F4000FFFFFFFFFFFFFFFFFFFFFFFFFFFFFFDB95
:104F5000B6000024FFFFFFFFFFFFFFFFFFFFFFFF83
:104F6000FFFFFFFFFFFFFFFFFFFFFFFFFFFFFFFF51
:104F7000FFFFFFFFFFFFFFFFFFFFFFFFFFFFFFFF41
:104F8000FFFFFFFFFFFFFFFFFFFFFFFFFFFFB62455
:104F90002400000092FFFFFFFFFFFFFFFFFFFFFF66
:104FA000FFFFFFFFFFFFFFFFFFFFFFFFFFFFFFFF11
:104FB000FFFFFFFFFFFFFFFFFFFFFFFFFFFFFFFF01
:104FC000FFFFFFFFFFFFFFFFFFFFFFFFFFFF2400CB
:104FD0000024240024FFFFFFFFFFFFFFFFFFFFFF70
:104FE000FFFFFFFFFFFFFFFFFFFFFFFFFFFFFFFFD1
:104FF000FFFFFFFFFFFFFFFFFFFFFFFFFFFFFFFFC1
:10500000FFFFFFFFFFFFFFFFFFFFFFFFFFFF9224F8
:1050100024B6920000B6FFFFFFFFFFFFFFFFFFFF78
:10502000FFFFFFFFFFFFFFFFFFFFFFFFFFFFFFFF90
:10503000FFFFFFFFFFFFFFFFFFFFFFFFFFFFFFFF80
:10504000FFFFFFFFFFFFFFFFFFFFFFFFFFFFFFFF70
:10505000FFFFDB240049FFFFFFFFFFFFFFFFFFFF14
:10506000FFFFFFFFFFFFFFFFFFFFFFFFFFFFFFFF50
:10507000FFFFFFFFFFFFFFFFFFFFFFFFFFFFFFFF40
:10508000FFFFFFFFFFFFFFFFFFFFFFFFFFFFFFFF30
:10509000FFFFFF490000DBFFFFFFFFFFFFFFFFFFF8
:1050A000FFFFFFFFFFFFFFFFFFFFFFFFFFFFFFFF10
:1050B000FFFFFFFFFFFFFFFFFFFFFFFFFFFFFFFF00
:1050C000FFFFFFFFFFFFFFFFFFFFFFFFFFFFFFFFF0
:1050D000FFFFFFB600006DFFFFFFFFFFFFFFFFFFB9
:1050E000FFFFFFFFFFFFFFFFFFFFFFFFFFFFFFFFD0
:1050F000FFFFFFFFFFFFFFFFFFFFFFFFFFFFFFFFC0
:10510000FFFFFFFFFFFFFFFFFFFFFFFFFFFFFFFFAF
:10511000FFFFFFFF240049FFFFFFFFFFFFFFFFFF2F
:10512000FFFFFFFFFFFFFFFFFFFFFFFFFFFFFFFF8F
:10513000FFFFFFFFFFFFFFFFFFFFFFFFFFFFFFFF7F
:10514000FFFFFFFFFFFFFFFFFFFFFFFFFFFFFFFF6F
:10515000FFFFFFFF6D0024DBFFFFFFFFFFFFFFFFEF
:10516000FFFFFFFFFFFFFFFFFFFFFFFFFFFFFFFF4F
:10517000FFFFFFFFFFFFFFFFFFFFFFFFFFFFFFFF3F
:10518000FFFFFFFFFFFFFFFFFFFFFFFFFFFFFFFF2F
:10519000FFFFFFFFB60000DBFFFFFFFFFFFFFFFF8A
:1051A000FFFFFFFFFFFFFFFFFFFFFFFFFFFFFFFF0F
:1051B000FFFFFFFFFFFFFFFFFFFFFFFFFFFFFFFFFF
:1051C000FFFFFFFFFFFFFFFFFFFFFFFFFFFFFFFFEF
:1051D000FFFFFFFFDB240092FFFFFFFFFFFFFFFF4A
:1051E000FFFFFFFFFFFFFFFFFFFFFFFFFFFFFFFFCF
:1051F000FFFFFFFFFFFFFFFFFFFFFFFFFFFFFFFFBF
:10520000FFFFFFFFFFFFFFFFFFFFFFFFFFFFFFFFAE
:10521000FFFFFFFFFF24006DFFFFFFFFFFFFFFFF0A
:10522000FFFFFFFFFFFFFFFFFFFFFFFFFFFFFFFF8E
:10523000FFFFFFFFFFDBDBFFFFFFFFFFFFFFFFFFC6
:10524000FFFFFFFFFFFFFFFFFFFFFFFFFFFFFFFF6E
:10525000FFFFFFFFFF490049FFFFFFFFFFFFFFFFC9
:10526000FFFFFFFFFFFFFFFFFFFFFFFFFFFFFFFF4E
:10527000FFFFFFDB49240024B6FFFFFFFFFFFFFF16
:10528000FFFFFFFFFFFFFFFFFFFFFFFFFFFFFFFF2E
:10529000FFFFFFFFFF490024FFFFFFFFFFFFFFFFAE
:1052A000FFFFFFFFFFFFFFFFFFFFFFFFFFFFFFFF0E
:1052B000FFFFFF490000000024DBFFFFFFFFFFFFAF
:1052C000FFFFFFFFFFFFFFFFFFFFFFFFFFFFFFFFEE
:1052D000FFFFDBDBDB490024FFFFFFFFFFFFFFFFDA
:1052E000FFFFFFFFFFFFFFFFFFFFFFFFFFFFFFFFCE
:1052F000FFFFDB240000000000B6FFFFFFFFFFFF01
:10530000FFFFFFFFFFFFFFFFFFFFFFFFFFFFFFFFAD
:10531000FF92240000000000FFFFFFFFFFFFFFFFE0
:10532000FFFFFFFFFFFFFFFFFFFFFFFFFFFFFFFF8D
:10533000FFFFDB240000000000B6FFFFFFFFFFFFC0
:10534000FFFFFFFFFFFFFFFFFFFFFFFFFFFFFFFF6D
:10535000FF92240000000000FFFFFFFFFFFFFFFFA0
:10536000FFFFFFFFFFFFFFFFFFFFFFFFFFFFFFFF4D
:10537000FFFFFF490000000024DBFFFFFFFFFFFFEE
:10538000FFFFFFFFFFFFFFFFFFFFFFFFFFFFFFFF2D
:10539000FFFFDBDBDB490024FFFFFFFFFFFFFFFF19
:1053A000FFFFFFFFFFFFFFFFFFFFFFFFFFFFFFFF0D
:1053B000FFFFFFDB4924000024DBFFFFFFFFFFFFAF
:1053C000FFFFFFFFFFFFFFFFFFFFFFFFFFFFFFFFED
:1053D000FFFFFFFFFF490024FFFFFFFFFFFFFFFF6D
:1053E000FFFFFFFFFFFFFFFFFFFFFFFFFFFFFFFFCD
:1053F000FFFFFFFFFFDB9200006DFFFFFFFFFFFFDE
:10540000FFFFFFFFFFFFFFFFFFFFFFFFFFFFFFFFAC
:10541000FFFFFFFFFF490049FFFFFFFFFFFFFFFF07
:10542000FFFFFFFFFFFFFFFFFFFFFFFFFFFFFFFF8C
:10543000FFFFFFFFFFFFFF490000B6FFFFFFFFFF79
:10544000FFFFFFFFFFFFFFFFFFFFFFFFFFFFFFFF6C
:10545000FFFFFFFFFF24006DFFFFFFFFFFFFFFFFC8
:10546000FFFFFFFFFFFFFFFFFFFFFFFFFFFFFFFF4C
:10547000FFFFFFFFFFFFFFDB000049FFFFFFFFFF14
:10548000FFFFFFFFFFFFFFFFFFFFFFFFFFFFFFFF2C
:10549000FFFFFFFFDB240092FFFFFFFFFFFFFFFF87
:1054A000FFFFFFFFFFFFFFFFFFFFFFFFFFFFFFFF0C
:1054B000FFFFFFFFFFFFFFFF6D0000B6FFFFFFFFD5
:1054C000FFFFFFFFFFFFFFFFFFFFFFFFFFFFFFFFEC
:1054D000FFFFFFFFB60000DBFFFFFFFFFFFFFFFF47
:1054E000FFFFFFFFFFFFFFFFFFFFFFFFFFFFFFFFCC
:1054F000FFFFFFFFFFFFFFFFDB240024FFFFFFFF95
:10550000FFFFFFFFFFFFFFFFFFFFFFFFFFFFFFFFAB
:10551000FFFFFFFF6D0024DBFFFFFFFFFFFFFFFF2B
:10552000FFFFFFFFFFFFFFFFFFFFFFFFFFFFFFFF8B
:10553000FFFFFFFFFFFFFFFFFF9200006DFFFFFF78
:10554000FFFFFFFFFFFFFFFFFFFFFFFFFFFFFFFF6B
:10555000FFFFFFFF240049FFFFFFFFFFFFFFFFFFEB
:10556000FFFFFFFFFFFFFFFFFFFFFFFFFFFFFFFF4B
:10557000FFFFFFFFFFFFFFFFFFFF490024DBFFFFEF
:10558000FFFFFFFFFFFFFFFFFFFFFFFFFFFFFFFF2B
:10559000FFFFFFB600006DFFFFFFFFFFFFFFFFFFF4
:1055A000FFFFFFFFFFFFFFFFFFFFFFFFFFFFFFFF0B
:1055B000FFFFFFFFFFFFFFFFFFFFDB240049FFFFAF
:1055C000FFFFFFFFFFFFFFFFFFFFFFFFFFFFFFFFEB
:1055D000FFFFFF490000DBFFFFFFFFFFFFFFFFFFB3
:1055E000FFFFFFFFFFFFFFFFFFFFFFFFFFFFFFFFCB
:1055F000FFFFFFFFFFFFFFFFFFFFFF6D000092FFB8
:10560000FFFFFFFFFFFFFFFFFFFFFFFFFFFFFFFFAA
:10561000FFFFDB240049FFFFFFFFFFFFFFFFFFFF4E
:10562000FFFFFFFFFFFFFFFFFFFFFFFFFFFFFFFF8A
:10563000FFFFFFFFFFFFFFFFFFFFFFDB240024FF53
:10564000FFFFFFFFFFFFFFFFFFFFFFFFFFFF9224B2
:1056500024B6920000B6FFFFFFFFFFFFFFFFFFFF32
:10566000FFFFFFFFFFFFFFFFFFFFFFFFFFFFFFFF4A
:10567000FFFFFFFFFFFFFFFFFFFFFFFF9200006D37
:10568000B6FFFFFFFFFFFFFFFFFFFFFFFFFF24004D
:105690000024240024FFFFFFFFFFFFFFFFFFFFFFA9
:1056A000FFFFFFFFFFFFFFFFFFFFFFFFFFFFFFFF0A
:1056B000FFFFFFFFFFFFFFFFFFFFFFFFFF490000AE
:1056C00049FFFFFFFFFFFFFFFFFFFFFFFFFFB624C4
:1056D0002400000092FFFFFF922492FFFFFFFFFFD4
:1056E000FFFFFFFFFFFFFFFFFFFFFFFFFFFFFFFFCA
:1056F000FFFFFFFFFFFFFFFFFFFFFFFFFFB6246D70
:10570000B6FFFFFFFFFFFFFFFFFFFFFFFFFFFFDB16
:10571000B6000024FFFFFFFF490024DBFFFFFFFF6F
:10572000FFFFFFFFFFFFFFFFFFFFFFFFFFFFFFFF89
:10573000FFFFFFFFFFFFFFFFFFFFFFFFFFFFFFFF79
:10574000FFFFFFFFFFFFFFFFFFFFFFFFFFFFFF92D6
:10575000490024B6FFFFFFFFB6240024FFFFFFFF30
:10576000FFFFFFFFFFFFFFFFFFFFFFFFFFFFFFFF49
:10577000FFFFFFFFFFFFFFFFFFFFFFFFFFFFFFFF39
:10578000FFFFFFFFFFFFFFFFFFFFFFFFFFFFB6244D
:1057900000006DFFFFFFFFFFFF6D000049FFFFFFEF
:1057A000FFFFFFFFFFFFFFFFFFFFFFFFFFFFFFFF09
:1057B000FFFFFFFFFFFFFFFFFFFFFFFFFFFFFFFFF9
:1057C000FFFFFFFFFFFFFFFFFFFFFFFFFFDB2400E7
:1057D0000024FFFFFFFFFFFFFFFF4900006DFFFFF9
:1057E000FFFFFFFFFFFFFFFFFFFFFFFFFFFFFFFFC9
:1057F000FFFFFFFFFFFFFFFFFFFFFFFFFFFFFFFFB9
:10580000FFFFFFFFFFFFFFFFFFFFFFFFFF4900005C
:1058100024DBFFFFFFFFFFFFFFFFFF4900006DFFDD
:10582000FFFFFFFFFFFFFFFFFFFFFFFFFFFFFFFF88
:10583000FFFFFFFFFFFFFFFFFFFFFFFFFFFFFFFF78
:10584000FFFFFFFFFFFFFFFFFFFFFFFF49000049D2
:1058500092FFFFFFFFFFFFFFFFFFFFDB2400004978
:1058600092FFFFFFFFFFFFFFFFFFFFFFFFFFFFFFB5
:10587000FFFFFFFFFFFFFFFFFFFFFFFFFFFFFFFF38
:10588000FFFFFFFFFFFFFFFFFFFFFF49000049FF92
:10589000FFFFFFFFFFFFFFFFFFFFFFFFDB24000015
:1058A000006DFFFFFFFFFFDBFFFFFFFFFFFFFFFFBD
:1058B000FFFFFFFFFFFFFFFFFFFFFFFFFFFFFFFFF8
:1058C000FFFFFFFFDBFFFFFFFFDB24000049FFFFBF
:1058D000FFFFFFFFFFFFFFFFFFFFFFFFFFDB4900B1
:1058E000000049DBFFFF49246DFFFFFFFFFFFFFFC3
:1058F000FFFFFFFFFFFFFFFFFFFFFFFFFFFFFFFFB8
:10590000FFFFFF922424FFFF9224000049FFFFFFC6
:10591000FFFFFFFFFFFFFFFFFFFFFFFFFFFFFF6D29
:1059200049000000926D00006DFFFFFFFFFFFFFFC9
:10593000FFFFFFFFFFFFFFFFFFFFFFFFFFFFFFFF77
:10594000FFFFFF920000496D0000246DFFFFFFFF85
:10595000FFFFFFFFFFFFFFFFFFFFFFFFFFFFFFFF57
:10596000FF6D000000000024FFFFFFFFFFFFFFFFAF
:10597000FFFFFFFFFFDB496DFFFFFFFFFFFFFFFFA3
:10598000FFFFFFFF490000000024B6FFFFFFFFFFFD
:10599000FFFFFFFFFFFFFFFFFFFFFFFFFFFFFFFF17
:1059A000FFFFB62400000024B6FFFFFFFFFFFFFF4C
:1059B000FFFFFFFFFF6D0000FFFFFFFFFFFFFFFF87
:1059C000FFFFDB922400000049DBFFFFFFFFFFFF2A
:1059D000FFFFFFFFFFFFFFFFFFFFFFFFFFFFFFFFD7
:1059E000FFFFFFFF9224000000246DB6FFFFFFFFC2
:1059F000FFFFFFFFFF6D0000FFFFFFFFFFFFFFDB6B
:105A0000B66D2400000024B6FFFFFFFFFFFFFFFF7D
:105A1000FFFFFFFFFFFFFFFFFFFFFFFFFFFFFFFF96
:105A2000FFFFFFFFFFFF6D2400000000246DB6DBC9
:105A3000DBFFFFFFFF6D0000FFFFFFDBB6924900B9
:105A4000000000002492FFFFFFFFFFFFFFFFFFFFAA
:105A5000FFFFFFFFFFFFFFFFFFFFFFFFFFFFFFFF56
:105A6000FFFFFFFFFFFFFFFFB6490000000000241B
:105A70002424494949240000494924240000000005
:105A8000000049B6FFFFFFFFFFFFFFFFFFFFFFFF23
:105A9000FFFFFFFFFFFFFFFFFFFFFFFFFFFFFFFF16
:105AA000FFFFFFFFFFFFFFFFFFFFDB6D4924240027
:105AB0000000000000000000000000000024496D0C
:105AC0006DDBFFFFFFFFFFFFFFFFFFFFFFFFFFFF9C
:105AD000FFFFFFFFFFFFFFFFFFFFFFFFFFFFFFFFD6
:105AE000FFFFFFFFFFFFFFFFFFFFFFFFFFDBDBB657
:105AF000926D49242400002424496D92B6DBFFFFF7
:105B0000FFFFFFFFFFFFFFFFFFFFFFFFFFFFFFFFA5
:105B1000FFFFFFFFFFFFFFFF9249B6FFFFFFFFFF01
:105B2000FFFFFFFFFFFFFFFFFFFFFFFFFFFFFFFF85
:105B3000FFFFFFFFFFFFFFFFFFFFFFFFFFFFFFFF75
:105B4000FFFFFFFFFFFFFFFFFFFFFFFFFFFFFFFF65
:105B5000FFFFFFFFFFB649B6240024B6FFFFFFFF9B
:105B6000FFFFFFFFFFFFFFFFFFFFFFFFFFFFFFFF45
:105B7000FFFFFFFFFFFFFFFFFFFFFFFFFFFFFFFF35
:105B8000FFFFFFFFFFFFFFFFFFFFFFFFFFFFFFFF25
:105B9000FFFFFFFFB624004992240024B6FFFFFF59
:105BA000FFFFFFFFFFFFFFFFFFFFFFFFFFFFFFFF05
:105BB000FFFFFFFFFFFFFFFFFFFFFFFFFFFFFFFFF5
:105BC000FFFFFFFFFFFFFFFFFFFFFFFFFFFFFFFFE5
:105BD000FFFFFFB6000024B6FF92000024B6FFFFCF
:105BE000FFFFFFFFFFFFFFFFFFFFFFFFFFFFFFFFC5
:105BF000FFFFFFFFFFFFFFFFFFFFFFFFFFFFFFFFB5
:105C0000FFFFFFFFFFFFFFFFFFFFFFFFFFFFFFFFA4
:105C1000FFFFB6240000B6FFFFFF92240024B6FF6A
:105C2000FFFFFFFFFFFFFFFFFFFFFFFFFFFFFFFF84
:105C3000FFFFFFFFFFFFFFFFFFFFFFFFFFFFFFFF74
:105C4000FFFFFFFFFFFFFFFFFFFFFFFFFFFFFFFF64
:105C5000FFB6000024B6FFFFFFFFFF92000024B64E
:105C6000FFFFFFFFFFFFFFFFFFFFFFFFFFFFFFFF44
:105C7000FFFFFFFFFFFFFFFFFFFFFFFFFFFFFFFF34
:105C8000FFFFFFFFFFFFFFFFFFFFFFFFFFFFFFFF24
:105C9000B6240000B6FFFFFFFFFFFFFF92240024A1
:105CA000B6FFFFFFFFFFFFFFFFFFFFFFFFFFFFFF4D
:105CB000FFFFFFFFFFFFFFFFFFFFFFFFFFFFFFFFF4
:105CC000FFFFFFFFFFFFFFFFFFFFFFFFFFFFFFB62D
:105CD000000024B6FFFFFFFFFFFFFFFFFF92000061
:105CE00024B6FFFFFFFFFFFFFFFFFFFFFFFFFFFFE8
:105CF000FFFFFFFFFFFFFFFFFFFFFFFFFFFFFFFFB4
:105D0000FFFFFFFFFFFFFFFFFFFFFFFFFFFFB624C7
:105D10000000B6FFFFFFFFFFFFFFFFFFFFFF922422
:105D20000024B6FFFFFFFFFFFFFFFFFFFFB6499212
:105D3000FFFFFFFFFFFFFFFFFFFFFFFFFFFFFFFF73
:105D40009249DBFFFFFFFFFFFFFFFFFFFF92000015
:105D500024B6FFFFFFFFFFFFFFFFFFFFFFFFFF92E4
:105D6000000024B6FFFFFFFFFFFFFFFFFF490024F5
:105D7000FFFFFFFFFFFFFFFFFFFFFFFFFFFFFFFF33
:105D800000006DFFFFFFFFFFFFFFFFFF92240000F9
:105D9000B6FFFFFFFFFFFFFFFFFFFFFFFFFFFFFF5C
:105DA00092240024B6FFFFFFFFFFFFFFFF490024FE
:105DB000FFFFFFFFFFFFFFFFFFFFFFFFFFFFFFFFF3
:105DC00000006DFFFFFFFFFFFFFFFF92000024B602
:105DD000FFFFFFFFFFFFFFFFFFFFFFFFFFFFFFFFD3
:105DE000FF92000024B6FFFFFFFFFFFFFF490024E2
:105DF000FFFFFFFFFFFFFFFFFFFFFFFFFFFFFFFFB3
:105E000000006DFFFFFFFFFFFFFF92240000B6FFC1
:105E1000FFFFFFFFFFFFFFFFFFFFFFFFFFFFFFFF92
:105E2000FFFF92240024B6FFFFFFFFFFFF4900247D
:105E3000FFFFFFFFFFFFFFFFFFFFFFFFFFFFFFFF72
:105E400000006DFFFFFFFFFFFF92000024B6FFFF81
:105E5000FFFFFFFFFFFFFFFFFFFFFFFFFFFFFFFF52
:105E6000FFFFFF92000024B6FFFFFFFFFF49002461
:105E7000FFFFFFFFFFFFFFFFFFFFFFFFFFFFFFFF32
:105E800000006DFFFFFFFFFF92240000B6FFFFFF41
:105E9000FFFFFFFFFFFFFFFFFFFFFFFFFFFFFFFF12
:105EA000FFFFFFFF92240024B6FFFFFFFF490024FD
:105EB000FFFFFFFFFFFFFFFFFFFFFFFFFFFFFFFFF2
:105EC00000006DFFFFFFFF92000024B6FFFFFFFF01
:105ED000FFFFFFFFFFFFFFFFFFFFFFFFFFFFFFFFD2
:105EE000FFFFFFFFFF92000024B6FFFFFF490024E1
:105EF000FFFFFFFFFFFFFFFFFFFFFFFFFFFFFFFFB2
:105F000000006DFFFFFF92240000B6FFFFFFFFFFC0
:105F1000FFFFFFFFFFFFFFFFFFFFFFFFFFFFFFFF91
:105F2000FFFFFFFFFFFF92240024B6FFFF4900247C
:105F3000FFFFFFFFFFFFFFFFFFFFFFFFFFFFFFFF71
:105F400000006DFFFF92000024B6FFFFFFFFFFFF80
:105F5000FFFFFFFFFFFFFFFFFFFFFFFFFFFFFFFF51
:105F6000FFFFFFFFFFFFFF92000024B6FF49002460
:105F7000FFFFFFFFFFFFFFFFFFFFFFFFFFFFFFFF31
:105F800000006DFF92240000B6FFFFFFFFFFFFFF40
:105F9000FFFFFFFFFFFFFFFFFFFFFFFFFFFFFFFF11
:105FA000FFFFFFFFFFFFFFFF92240024B6490024FC
:105FB000FFFFFFFFFFFFFFFFFFFFFFFFFFFFFFFFF1
:105FC00000006D92000024B6FFFFFFFFFFFFFFFF00
:105FD000FFFFFFFFFFFFFFFFFFFFFFFFFFFFFFFFD1
:105FE000FFFFFFFFFFFFFFFFFF92000024240024BC
:105FF000FFFFFFFFFFFFFFFFFFFFFFFFFFFFFFFFB1
:10600000000024240000B6FFFFFFFFFFFFFFFFFF9B
:10601000FFFFFFFFFFFFFFFFFFFFFFFFFFFFFFFF90
:10602000FFFFFFFFFFFFFFFFFFFF922400000024A0
:10603000FFFFFFFFFFFFFFFFFFFFFFFFFFFFFFFF70
:106040000000000024B6FFFFFFFFFFFFFFFFFFFF80
:10605000FFFFFFFFFFFFFFFFFFFFFFFFFFFFFFFF50
:10606000B66D494949494949494949240000002434
:10607000FFFFFFFFFFFFFFFFFFFFFFFFFFFFFFFF30
:1060800000000000244949494949494949496DDB13
:10609000FFFFFFFFFFFFFFFFFFFFFFFFFFFFFFFF10
:1060A00024000000000000000000000000000024A8
:1060B000FFFFFFFFFFFFFFFFFFFFFFFFFFFFFFFFF0
:1060C0000000000000000000000000000000004987
:1060D000FFFFFFFFFFFFFFFFFFFFFFFFFFFFFFFFD0
:1060E0006D000000000000000000000000000092B1
:1060F000FFFFFFFFFFFFFFFFFFFFFFFFFFFFFFFFB0
:106100006D0000000000000000000000000024926C
:10611000FFFFFFFFFFFFFFFFFFFFFFFFFFFFFFFF8F
:10612000FFFFFFFFFFFFFFFFFFFFFFFFFFFFFFFF7F
:10613000FFFFFFFFFFFFFFFFFFFFFFFFFFFFFFFF6F
:10614000FFFFFFFFFFFFFFFFFFFFFFFFFFFFFFFF5F
:10615000FFFFFFFFFFFFFFFFFFFFFFFFFFFFFFFF4F
:10616000FFFFFFFFFFFFFFFFFFFFFFFFFFFFFFFF3F
:10617000FFFFFFFFFFFFFFFFFFFFFFFFFFFFFFFF2F
:10618000FFFFFFFFFFFFFFFFFFFFFFFFFFFFFFFF1F
:10619000FFFFFFFFFFFFFFFFFFFFFFFFFFFFFFFF0F
:1061A000FFFFFFFFFFFFFFFFFFFFFFFFFFFFFFFFFF
:1061B000FFFFFFFFFFFFFFFFFFFFFFFFFFFFFFFFEF
:1061C000FFFFFFFFFFFFFFFFFFFFFFFFFFFFFFFFDF
:1061D000FFFFFFFFFFFFFFFFFFFFFFFFFFFFFFFFCF
:1061E000FFFFFFFFFFFFFFFFFFFFFFFFFFFFFFFFBF
:1061F000FFFFFFFFFFFFFFFFFFFFFFFFFFFFFFFFAF
:10620000FFFFFFFFFFFFFFFFFFFFFFFFFFFFFFFF9E
:10621000FFFFFFFFFFFFFFFFFFFFFFFFFFFFFFFF8E
:10622000FFFFFFFFFFFFFFFFFFFFFFFFFFFFFFFF7E
:10623000FFFFFFFFFFFFFFFFFFFFFFFFFFFFFFFF6E
:10624000FFFFFFFFFFFFFFFFFFFFFFFFFFFFFFFF5E
:10625000FFFFFFFFFFFFFFFFFFFFFFFFFFFFFFFF4E
:10626000FFFFFFFFFFFFFFFFFFFFFFFFFFFFFFFF3E
:10627000FFFFFFFFFFFFFFFFFFFFFFFFFFFFFFFF2E
:10628000FFFFFFFFFFFFFFFFFFFFFFFFFFFFFFFF1E
:10629000FFFFFFFFFFFFFFFFFFFFFFFFFFFFFFFF0E
:1062A000FFFFFFFFFFFFFFFFFFFFFFFFFFFFFFFFFE
:1062B000FFFFFFFFFFFFFFFFFFFFFFFFFFFFFFFFEE
:1062C000FFFFFFFFFFFFFFFFFFFFFFFFFFFFFFFFDE
:1062D000FFFFFFFFFFFFFFFFFFFFFFFFFFFFFFFFCE
:1062E000FFFFFFFFFFFFFFFFFFFFFFFFFFFFFFFFBE
:1062F000FFFFFFFFFFFFFFFFFFFFFFFFFFFFFFFFAE
:10630000FFFFFFFFFFFFFFFFFFFFFFFFFFFFFFFF9D
:10631000FFFFFFFFFFFFFFFFFFFFFFFFFFFFFFFF8D
:10632000FFFFFFFFFFFFFFFFFFFFFFFFFFFFFFFF7D
:10633000FFFFFFFFFFFFFFFFFFFFFFFFFFFFFFFF6D
:10634000FFFFFFFFFFFFFFFFFFFFFFFFFFFFFFFF5D
:10635000FFFFFFFFFFFFFFFFFFFFFFFFFFFFFFFF4D
:10636000FFFFFFFFFFFFFFFFFFFFFFFFFFFFFFFF3D
:10637000FFFFFFFFFFFFFFFFFFFFFFFFFFFFFFFF2D
:10638000FFFFFFFFFFFFFFFFFFFFFFFFFFFFFFFF1D
:10639000FFFFFFFFFFFFFFFFFFFFFFFFFFFFFFFF0D
:1063A000FFFFFFFFFFFFFFFFFFFFFFFFFFFFFFFFFD
:1063B000FFFFFFFFFFFFFFFFFFFFFFFFFFFFFFFFED
:1063C000FFFFFFFFFFFFFFFFFFFFFFFFFFFFFFFFDD
:1063D000FFFFFFFFFFFFFFFFFFFFFFFFFFFFFFFFCD
:1063E000FFFFFFFFFFFFFFFFFFFFFFFFFFFFFFFFBD
:1063F000FFFFFFFFFFFFFFFFFFFFFFFFFFFFFFFFAD
:10640000FFFFFFFFFFFFFFFFFFFFFFFFFFFFFFFF9C
:10641000FFFFFFFFFFFFFFFFFFFFFFFFFFFFFFFF8C
:10642000FFFFFFFFFFFFFFFFFFFFFFFFFFFFFFFF7C
:10643000FFFFFFFFFFFFFFFFFFFFFFFFFFFFFFFF6C
:10644000FFFFFFFFFFFFFFFFFFFFFFFFFFFFFFFF5C
:10645000FFFFFFFFFFFFFFFFFFFFFFFFFFFFFFFF4C
:10646000FFFFFFFFFFFFFFFFFFFFFFFFFFFFFFFF3C
:10647000FFFFFFFFFFFFFFFFFFFFFFFFFFFFFFFF2C
:10648000FFFFFFFFFFFFFFFFFFFFFFFFFFFFFFFF1C
:10649000FFFFFFFFFFFFFFFFFFFFFFFFFFFFFFFF0C
:1064A000FFFFFFFFFFFFFFFFFFFFFFFFFFFFFFFFFC
:1064B000FFFFFFFFFFFFFFFFFFFFFFFFFFFFFFFFEC
:1064C000FFFFFFFFFFFFFFFFFFFFFFFFFFFFFFFFDC
:1064D000FFFFFFFFFFFFFFFFFFFFFFFFFFFFFFFFCC
:1064E000FFFFFFFFFFFFFFFFFFFFFFFFFFFFFFFFBC
:1064F000FFFFFFFFFFFFFFFFFFFFFFFFFFFFFFFFAC
:10650000FFFFFFFFFFFFFFFFFFFFFFFFFFFFFFFF9B
:10651000FFFFFFFFFFFFFFFFFFFFFFFFFFFFFFFF8B
:106520006D0000000000000000000000000000926C
:10653000FFFFFFFFFFFFFFFFFFFFFFFFFFFFFFFF6B
:106540006D0000000000000000000000000000924C
:10655000FFFFFFFFFFFFFFFFFFFFFFFFFFFFFFFF4B
:1065600024000000000000000000000000000024E3
:10657000FFFFFFFFFFFFFFFFFFFFFFFFFFFFFFFF2B
:1065800000000000000000000000000000000049C2
:10659000FFFFFFFFFFFFFFFFFFFFFFFFFFFFFFFF0B
:1065A000B66D4949494949494949492400000024EF
:1065B000FFFFFFFFFFFFFFFFFFFFFFFFFFFFFFFFEB
:1065C00000000000244949494949494949496DDBCE
:1065D000FFFFFFFFFFFFFFFFFFFFFFFFFFFFFFFFCB
:1065E000FFFFFFFFFFFFFFFFFFFF922400000024DB
:1065F000FFFFFFFFFFFFFFFFFFFFFFFFFFFFFFFFAB
:106600000000000024B6FFFFFFFFFFFFFFFFFFFFBA
:10661000FFFFFFFFFFFFFFFFFFFFFFFFFFFFFFFF8A
:10662000FFFFFFFFFFFFFFFFFF9200002424002475
:10663000FFFFFFFFFFFFFFFFFFFFFFFFFFFFFFFF6A
:10664000000024240000B6FFFFFFFFFFFFFFFFFF55
:10665000FFFFFFFFFFFFFFFFFFFFFFFFFFFFFFFF4A
:10666000FFFFFFFFFFFFFFFF92240024B649002435
:10667000FFFFFFFFFFFFFFFFFFFFFFFFFFFFFFFF2A
:1066800000006D92000024B6FFFFFFFFFFFFFFFF39
:10669000FFFFFFFFFFFFFFFFFFFFFFFFFFFFFFFF0A
:1066A000FFFFFFFFFFFFFF92000024B6FF49002419
:1066B000FFFFFFFFFFFFFFFFFFFFFFFFFFFFFFFFEA
:1066C00000006DFF92240000B6FFFFFFFFFFFFFFF9
:1066D000FFFFFFFFFFFFFFFFFFFFFFFFFFFFFFFFCA
:1066E000FFFFFFFFFFFF92240024B6FFFF490024B5
:1066F000FFFFFFFFFFFFFFFFFFFFFFFFFFFFFFFFAA
:1067000000006DFFFFB6000024B6FFFFFFFFFFFF94
:10671000FFFFFFFFFFFFFFFFFFFFFFFFFFFFFFFF89
:10672000FFFFFFFFFF92000024B6FFFFFF49002498
:10673000FFFFFFFFFFFFFFFFFFFFFFFFFFFFFFFF69
:1067400000006DFFFFFFB6240000B6FFFFFFFFFF54
:10675000FFFFFFFFFFFFFFFFFFFFFFFFFFFFFFFF49
:10676000FFFFFFFF92240024B6FFFFFFFF49002434
:10677000FFFFFFFFFFFFFFFFFFFFFFFFFFFFFFFF29
:1067800000006DFFFFFFFFB6000024B6FFFFFFFF14
:10679000FFFFFFFFFFFFFFFFFFFFFFFFFFFFFFFF09
:1067A000FFFFFF92000024B6FFFFFFFFFF49002418
:1067B000FFFFFFFFFFFFFFFFFFFFFFFFFFFFFFFFE9
:1067C00000006DFFFFFFFFFFB6240000B6FFFFFFD4
:1067D000FFFFFFFFFFFFFFFFFFFFFFFFFFFFFFFFC9
:1067E000FFFF92240024B6FFFFFFFFFFFF490024B4
:1067F000FFFFFFFFFFFFFFFFFFFFFFFFFFFFFFFFA9
:1068000000006DFFFFFFFFFFFFB6000024B6FFFF93
:10681000FFFFFFFFFFFFFFFFFFFFFFFFFFFFFFFF88
:10682000FF92000024B6FFFFFFFFFFFFFF49002497
:10683000FFFFFFFFFFFFFFFFFFFFFFFFFFFFFFFF68
:1068400000006DFFFFFFFFFFFFFFB6240000B6FF53
:10685000FFFFFFFFFFFFFFFFFFFFFFFFFFFFFFFF48
:1068600092240024B6FFFFFFFFFFFFFFFF49002433
:10687000FFFFFFFFFFFFFFFFFFFFFFFFFFFFFFFF28
:1068800000006DFFFFFFFFFFFFFFFFB6000024B613
:10689000FFFFFFFFFFFFFFFFFFFFFFFFFFFFFF9275
:1068A000000024B6FFFFFFFFFFFFFFFFFF490024AA
:1068B000FFFFFFFFFFFFFFFFFFFFFFFFFFFFFFFFE8
:1068C00000006DFFFFFFFFFFFFFFFFFFB62400008A
:1068D000B6FFFFFFFFFFFFFFFFFFFFFFFFFF922459
:1068E0000024B6FFFFFFFFFFFFFFFFFFFFB6499247
:1068F000FFFFFFFFFFFFFFFFFFFFFFFFFFFFFFFFA8
:106900009249DBFFFFFFFFFFFFFFFFFFFFB6000025
:1069100024B6FFFFFFFFFFFFFFFFFFFFFF92000016
:1069200024B6FFFFFFFFFFFFFFFFFFFFFFFFFFFF9B
:10693000FFFFFFFFFFFFFFFFFFFFFFFFFFFFFFFF67
:10694000FFFFFFFFFFFFFFFFFFFFFFFFFFFFB6247B
:106950000000B6FFFFFFFFFFFFFFFFFF92240024B0
:10696000B6FFFFFFFFFFFFFFFFFFFFFFFFFFFFFF80
:10697000FFFFFFFFFFFFFFFFFFFFFFFFFFFFFFFF27
:10698000FFFFFFFFFFFFFFFFFFFFFFFFFFFFFFB660
:10699000000024B6FFFFFFFFFFFFFF92000024B6B8
:1069A000FFFFFFFFFFFFFFFFFFFFFFFFFFFFFFFFF7
:1069B000FFFFFFFFFFFFFFFFFFFFFFFFFFFFFFFFE7
:1069C000FFFFFFFFFFFFFFFFFFFFFFFFFFFFFFFFD7
:1069D000B6240000B6FFFFFFFFFF92240024B6FF9D
:1069E000FFFFFFFFFFFFFFFFFFFFFFFFFFFFFFFFB7
:1069F000FFFFFFFFFFFFFFFFFFFFFFFFFFFFFFFFA7
:106A0000FFFFFFFFFFFFFFFFFFFFFFFFFFFFFFFF96
:106A1000FFB6000024B6FFFFFF92000024B6FFFF80
:106A2000FFFFFFFFFFFFFFFFFFFFFFFFFFFFFFFF76
:106A3000FFFFFFFFFFFFFFFFFFFFFFFFFFFFFFFF66
:106A4000FFFFFFFFFFFFFFFFFFFFFFFFFFFFFFFF56
:106A5000FFFFB6240000B6FF92240024B6FFFFFF1C
:106A6000FFFFFFFFFFFFFFFFFFFFFFFFFFFFFFFF36
:106A7000FFFFFFFFFFFFFFFFFFFFFFFFFFFFFFFF26
:106A8000FFFFFFFFFFFFFFFFFFFFFFFFFFFFFFFF16
:106A9000FFFFFFB6000024B6240024B6FFFFFFFF6F
:106AA000FFFFFFFFFFFFFFFFFFFFFFFFFFFFFFFFF6
:106AB000FFFFFFFFFFFFFFFFFFFFFFFFFFFFFFFFE6
:106AC000FFFFFFFFFFFFFFFFFFFFFFFFFFFFFFFFD6
:106AD000FFFFFFFFB62400499249B6FFFFFFFFFF0B
:106AE000FFFFFFFFFFFFFFFFFFFFFFFFFFFFFFFFB6
:106AF000FFFFFFFFFFFFFFFFFFFFFFFFFFFFFFFFA6
:106B0000FFFFFFFFFFFFFFFFFFFFFFFFFFFFFFFF95
:106B1000FFFFFFFFFFB649B6FFFFFFFFFFFFFFFFCD
:106B2000FFFFFFFFFFFFFFFFFFFFFFFFFFFFFFFF75
:106B3000FFFFFFFFFFFFFFFFFF4900000000000015
:106B4000000000000024B6FFFFFFFFFFFFFFFFFF74
:106B5000FFFFFFFFFFFFFFFFFFFFFFFFFFFFFFFF45
:106B6000FFFFFFFFFFFFFFFFFFFFFFFFFFFFFFFF35
:106B7000FFFFFFFFFFFFFFFFDB0000000000000042
:106B80000000000000000092FFFFFFFFFFFFFFFF7B
:106B9000FFFFFFFFFFFFFFFFFFFFFFFFFFFFFFFF05
:106BA000FFFFFFFFFFFFFFFFFFFFFFFFFFFFFFFFF5
:106BB000FFFFFFFFFFFFFFFFDB00002449494949BA
:106BC0004949494949240024DBFFFFFFFFFFFFFF3C
:106BD000FFFFFFFFFFFFFFFFFFFFFFFFFFFFFFFFC5
:106BE000FFFFFFFFFFFFFFFFFFFFFFFFFFFFFFFFB5
:106BF000FFFFFFFFFFFFFFFFDB000092FFFFFFFF34
:106C0000FFFFFFFFFF6D000092FFFFFFFFFFFFFF91
:106C1000FFFFFFFFFFFFFFFFFFFFFFFFFFFFFFFF84
:106C2000FFFFFFFFFFFFFFFFFFFFFFFFFFFFFFFF74
:106C3000FFFFFFFFFFFFFFFFDB000092FFFFFFFFF3
:106C4000FFFFFFFFFF6D000092FFFFFFFFFFFFFF51
:106C5000FFFFFFFFFFFFFFFFFFB66D4949494949AD
:106C60004949494949494949494949494949494994
:106C7000494949494949494949000092FFFFFFFFF5
:106C8000FFFFFFFFFF6D000092FFFFFFFFFFFFFF11
:106C9000FFFFFFFFFFFFFFFFB60000000000000046
:106CA00000000000000000000000000000000000E4
:106CB000000000000000000000000092FFFFFFFF46
:106CC000FFFFFFFFFF6D000092FFFFFFFFFFFFFFD1
:106CD000FFFFFFFFFFFFFFFF240000000000000098
:106CE00000000000000000000000000000000000A4
:106CF000000000000000000000000092FFFFFFFF06
:106D0000FFFFFFFFFF6D000092FFFFFFFFFFFFFF90
:106D1000FFFFFFFFFFFFFFFF000024FFFFFFFFFF5C
:106D2000FFFFFFFFFFFFFFFFFFFFFFFFFFFFFFFF73
:106D3000FFFFFFFFFFFFFFFFDB000092FFFFFFFFF2
:106D4000FFFFFFFFFF6D000092FFFFFFFFFFDBDB98
:106D5000DBDBDBFFFFFFFFFF000024FFFFFFFFFF88
:106D6000FFFFFFFFFFFFFFFFFFFFFFFFFFFFFFFF33
:106D7000FFFFFFFFFFFFFFFFDB000092FFFFFFFFB2
:106D8000FFFFFFFFFF6D000092FFFFFF924924000D
:106D9000000024246DFFFFFF000024FFFFFFFFFF22
:106DA000FFFFFFFFFFFFFFFFFFFFFFFFFFFFFFFFF3
:106DB000FFFFFFFFFFFFFFFFDB000092FFFFFFFF72
:106DC000FFFFFFFFFF6D000092FFDB2400000000CB
:106DD000000000000024DBFF000024FFFFFFFFFF96
:106DE000FFFFFFFFFFFFFFFFFFFFFFFFFFFFFFFFB3
:106DF000FFFFFFFFFFFFFFFFDB000092FFFFFFFF32
:106E0000FFFFFFFFFF6D00009292240000006DB6AF
:106E1000DBDB9224000024FF000024FFFFFFFFFFC4
:106E2000FFFFFFFFFFFFFFFFFFFFFFFFFFFFFFFF72
:106E3000FFFFFFFFFFFFFFFFDB000092FFFFFFFFF1
:106E4000FFFFFFFFFF6D00006D24000049FFFFFF03
:106E5000FFFFFFDB490000B6000024FFFFFFFFFF3C
:106E6000FFFFFFFFFFFFFFFFFFFFFFFFFFFFFFFF32
:106E7000FFFFFFFFFFFFFFFFDB000092FFFFFFFFB1
:106E8000FFFFFFFFFF6D000000000092FFFFFFFF0C
:106E9000FFFFFFFFB600006D000024FFFFFFFFFFB4
:106EA000FFFFFFFFFFFFFFFFFFFFFFFFFFFFFFFFF2
:106EB000FFFFFFFFFFFFFFFFDB000092FFFFFFFF71
:106EC000FFFFFFFFFF6D000000006DFFFFFFFFFFF2
:106ED000FFFFFFFFFF240049000024FFFFFFFFFF2B
:106EE000FFFFFFFFFFFFFFFFFFFFFFFFFFFFFFFFB2
:106EF000FFFFFFFFFFFFFFFFDB000092FFFFFFFF31
:106F0000FFFFFFFFFF6D00000024FFFFFFFFFFFFFB
:106F1000FFFFFFFFFF240024000024FFFFFFFFFF0F
:106F2000FFFFFFFFFFFFFFFFFFFFFFFFFFFFFFFF71
:106F3000FFFFFFFFFFFFFFFFDB000092FFFFFFFFF0
:106F4000FFFFFFFFFF6D00000092FFFFFFFFFFFF4D
:106F5000FFFFFFFFFF240000000024FFFFFFFFFFF3
:106F6000FFFFFFFFFFFFFFFFFFFFFFFFFFFFFFFF31
:106F7000FFFFFFFFFFFFFFFFDB000092FFFFFFFFB0
:106F8000FFFFFFFFFF6D000024DBFFFFFFFFFFFFA0
:106F9000FFFFFFFFDB240024000024FFFFFFFFFFB3
:106FA000FFFFFFFFFFFFFFFFFFFFFFFFFFFFFFFFF1
:106FB000FFFFFFFFFFFFFFFFDB000092FFFFFFFF70
:106FC000FFFFFFFFFF6D00006DFFFFFFFFFFFFFFF3
:106FD000FFFFFFFFB6000092000024FFFFFFFFFF4E
:106FE000FFFFFFFFFFFFFFFFFFFFFFFFFFFFFFFFB1
:106FF000FFFFFFFFFFFFFFFFDB000092FFFFFFFF30
:10700000FFFFFFFFFF6D000092FFFFFFFFFFFFFF8D
:10701000FFFFFFFF490000B6000024FFFFFFFFFF56
:10702000FFFFFFFFFFFFFFFFFFFFFFFFFFFFFFFF70
:10703000FFFFFFFFFFFFFFFFDB000092FFFFFFFFEF
:10704000FFFFFFFFFF6D000092FFFFFFFFFFFFFF4D
:10705000FFFFFFB6000024FF000024FFFFFFFFFF3B
:10706000FFFFFFFFFFFFFFFFFFFFFFFFFFFFFFFF30
:10707000FFFFFFFFFFFFFFFFDB000092FFFFFFFFAF
:10708000FFFFFFFFFF6D000092FFFFFFFFFFFFFF0D
:10709000FFFFFF24000092FF000024FFFFFFFFFF1F
:1070A000FFFFFFFFFFFFFFFFFFFFFFFFFFFFFFFFF0
:1070B000FFFFFFFFFFFFFFFFDB000092FFFFFFFF6F
:1070C000FFFFFFFFFF6D000092FFFFFFFFFFFFFFCD
:1070D000FFFF6D000049FFFF000024FFFFFFFFFFDF
:1070E000FFFFFFFFFFFFFFFFFFFFFFFFFFFFFFFFB0
:1070F000FFFFFFFFFFFFFFFFDB000092FFFFFFFF2F
:10710000FFFFFFFFFF6D000092FFFFFFFFFFFFFF8C
:10711000FF6D000024DBFFFF000024FFFFFFFFFFE7
:10712000FFFFFFFFFFFFFFFFFFFFFFFFFFFFFFFF6F
:10713000FFFFFFFFFFFFFFFFDB000092FFFFFFFFEE
:10714000FFFFFFFFFF6D000092FFFFFFFFFFFFFF4C
:1071500092000024B6FFFFFF000024FFFFFFFFFFA7
:10716000FFFFFFFFFFFFFFFFFFFFFFFFFFFFFFFF2F
:10717000FFFFFFFFFFFFFFFFDB000092FFFFFFFFAE
:10718000FFFFFFFFFF6D000092FFFFFFFFFFFF6D9E
:1071900000000092FFFFFFFF000024FFFFFFFFFF42
:1071A000FFFFFFFFFFFFFFFFFFFFFFFFFFFFFFFFEF
:1071B000FFFFFFFFFFFFFFFFDB000092FFFFFFFF6E
:1071C000FFFFFFFFFF6D000092FFFFFFFFFF6D005D
:1071D000000092FFFFFFFFFF000024FFFFFFFFFF03
:1071E000FFFFFFFFFFFFFFFFFFFFFFFFFFFFFFFFAF
:1071F000FFFFFFFFFFFFFFFFDB000092FFFFFFFF2E
:10720000FFFFFFFFFF6D000092FFFFFFDB24000088
:107210000092FFFFFFFFFFFF000024FFFFFFFFFFC3
:10722000FFFFFFFFFFFFFFFFFFFFFFFFFFFFFFFF6E
:10723000FFFFFFFFFFFFFFFFDB000092FFFFFFFFED
:10724000FFFFFFFFFF6D000092FFFF920000002490
:10725000B6FFFFFFFFFFFFFF000024FFFFFFFFFF60
:10726000FFFFFFFFFFFFFFFFFFFFFFFFFFFFFFFF2E
:10727000FFFFFFFFFFFFFFFFDB000092FFFFFFFFAD
:10728000FFFFFFFFFF6D000092B64900000049DBE1
:10729000FFFFFFFFFFFFFFFF000024B6DBDBDBDBB0
:1072A000DBDBDBDBDBDBDBDBDBDBDBDBDBDBDBDB2E
:1072B000DBDBDBDBDBDBDBDB9200006DDBDBDBDB8B
:1072C000DBDBDBDBDB6D0000240000002492FFFF32
:1072D000FFFFFFFFFFFFFFFF0000000000000000B6
:1072E000000000000000000000000000000000009E
:1072F000000000000000000000000000000000008E
:10730000000000000000000000000049DBFFFFFF5C
:10731000FFFFFFFFFFFFFFFF000000000000000075
:10732000000000000000000000000000000000005D
:10733000000000000000000000000000000000004D
:107340000000000000000000000092FFFFFFFFFFB0
:10735000FFFFFFFFFFFFFFFF000024B6DBDBDBDBEF
:10736000DBDBDBDBDBDBDBDBDBDBDBDBDBDBDBDB6D
:10737000DBDBDBDBDBDBDBDB9200006DDBDBDBDBCA
:10738000DBDBDBDBDB6D000000002492FFFFFFFF97
:10739000FFFFFFFFFFFFFFFF000024FFFFFFFFFFD6
:1073A000FFFFFFFFFFFFFFFFFFFFFFFFFFFFFFFFED
:1073B000FFFFFFFFFFFFFFFFDB000092FFFFFFFF6C
:1073C000FFFFFFFFFF6D00002400000024DBFFFF34
:1073D000FFFFFFFFFFFFFFFF000024FFFFFFFFFF96
:1073E000FFFFFFFFFFFFFFFFFFFFFFFFFFFFFFFFAD
:1073F000FFFFFFFFFFFFFFFFDB000092FFFFFFFF2C
:10740000FFFFFFFFFF6D00009292240000246DFF3C
:10741000FFFFFFFFFFFFFFFF000024FFFFFFFFFF55
:10742000FFFFFFFFFFFFFFFFFFFFFFFFFFFFFFFF6C
:10743000FFFFFFFFFFFFFFFFDB000092FFFFFFFFEB
:10744000FFFFFFFFFF6D000092FFDB4900000049D6
:10745000DBFFFFFFFFFFFFFF000024FFFFFFFFFF39
:10746000FFFFFFFFFFFFFFFFFFFFFFFFFFFFFFFF2C
:10747000FFFFFFFFFFFFFFFFDB000092FFFFFFFFAB
:10748000FFFFFFFFFF6D000092FFFFFFB60000004F
:1074900024B6FFFFFFFFFFFF000024FFFFFFFFFFF9
:1074A000FFFFFFFFFFFFFFFFFFFFFFFFFFFFFFFFEC
:1074B000FFFFFFFFFFFFFFFFDB000092FFFFFFFF6B
:1074C000FFFFFFFFFF6D000092FFFFFFFFDB2400C7
:1074D0000024B6FFFFFFFFFF000024FFFFFFFFFFB8
:1074E000FFFFFFFFFFFFFFFFFFFFFFFFFFFFFFFFAC
:1074F000FFFFFFFFFFFFFFFFDB000092FFFFFFFF2B
:10750000FFFFFFFFFF6D000092FFFFFFFFFFFF493E
:10751000000024B6FFFFFFFF000024FFFFFFFFFF76
:10752000FFFFFFFFFFFFFFFFFFFFFFFFFFFFFFFF6B
:10753000FFFFFFFFFFFFFFFFDB000092FFFFFFFFEA
:10754000FFFFFFFFFF6D000092FFFFFFFFFFFFFF48
:1075500049000024DBFFFFFF000024FFFFFFFFFFC7
:10756000FFFFFFFFFFFFFFFFFFFFFFFFFFFFFFFF2B
:10757000FFFFFFFFFFFFFFFFDB000092FFFFFFFFAA
:10758000FFFFFFFFFF6D000092FFFFFFFFFFFFFF08
:10759000FF6D000049FFFFFF000024FFFFFFFFFF1A
:1075A000FFFFFFFFFFFFFFFFFFFFFFFFFFFFFFFFEB
:1075B000FFFFFFFFFFFFFFFFDB000092FFFFFFFF6A
:1075C000FFFFFFFFFF6D000092FFFFFFFFFFFFFFC8
:1075D000FFDB4900006DFFFF000024FFFFFFFFFFFE
:1075E000FFFFFFFFFFFFFFFFFFFFFFFFFFFFFFFFAB
:1075F000FFFFFFFFFFFFFFFFDB000092FFFFFFFF2A
:10760000FFFFFFFFFF6D000092FFFFFFFFFFFFFF87
:10761000FFFFDB240000B6FF000024FFFFFFFFFF99
:10762000FFFFFFFFFFFFFFFFFFFFFFFFFFFFFFFF6A
:10763000FFFFFFFFFFFFFFFFDB000092FFFFFFFFE9
:10764000FFFFFFFFFF6D000092FFFFFFFFFFFFFF47
:10765000FFFFFF92000049FF000024FFFFFFFFFF34
:10766000FFFFFFFFFFFFFFFFFFFFFFFFFFFFFFFF2A
:10767000FFFFFFFFFFFFFFFFDB000092FFFFFFFFA9
:10768000FFFFFFFFFF6D000092FFFFFFFFFFFFFF07
:10769000FFFFFFDB490000DB000024FFFFFFFFFFCF
:1076A000FFFFFFFFFFFFFFFFFFFFFFFFFFFFFFFFEA
:1076B000FFFFFFFFFFFFFFFFDB000092FFFFFFFF69
:1076C000FFFFFFFFFF6D000092FFFFFFFFFFFFFFC7
:1076D000FFFFFFFF92000092000024FFFFFFFFFF6B
:1076E000FFFFFFFFFFFFFFFFFFFFFFFFFFFFFFFFAA
:1076F000FFFFFFFFFFFFFFFFDB000092FFFFFFFF29
:10770000FFFFFFFFFF6D000024FFFFFFFFFFFFFFF4
:10771000FFFFFFFFDB240049000024FFFFFFFFFF06
:10772000FFFFFFFFFFFFFFFFFFFFFFFFFFFFFFFF69
:10773000FFFFFFFFFFFFFFFFDB000092FFFFFFFFE8
:10774000FFFFFFFFFF6D000024B6FFFFFFFFFFFFFD
:10775000FFFFFFFFFF240024000024FFFFFFFFFFC7
:10776000FFFFFFFFFFFFFFFFFFFFFFFFFFFFFFFF29
:10777000FFFFFFFFFFFFFFFFDB000092FFFFFFFFA8
:10778000FFFFFFFFFF6D00000049FFFFFFFFFFFF4E
:10779000FFFFFFFFFF240024000024FFFFFFFFFF87
:1077A000FFFFFFFFFFFFFFFFFFFFFFFFFFFFFFFFE9
:1077B000FFFFFFFFFFFFFFFFDB000092FFFFFFFF68
:1077C000FFFFFFFFFF6D000000006DFFFFFFFFFFE9
:1077D000FFFFFFFFFF240024000024FFFFFFFFFF47
:1077E000FFFFFFFFFFFFFFFFFFFFFFFFFFFFFFFFA9
:1077F000FFFFFFFFFFFFFFFFDB000092FFFFFFFF28
:10780000FFFFFFFFFF6D0000000024B6FFFFFFFF3A
:10781000FFFFFFFFB624006D000024FFFFFFFFFF06
:10782000FFFFFFFFFFFFFFFFFFFFFFFFFFFFFFFF68
:10783000FFFFFFFFFFFFFFFFDB000092FFFFFFFFE7
:10784000FFFFFFFFFF6D00002424000092FFFFFFF9
:10785000FFFFFFFF6D0000B6000024FFFFFFFFFFEA
:10786000FFFFFFFFFFFFFFFFFFFFFFFFFFFFFFFF28
:10787000FFFFFFFFFFFFFFFFDB000092FFFFFFFFA7
:10788000FFFFFFFFFF6D000092920000004992DBB6
:10789000FFFFB649000024DB000024FFFFFFFFFFCD
:1078A000FFFFFFFFFFFFFFFFFFFFFFFFFFFFFFFFE8
:1078B000FFFFFFFFFFFFFFFFDB000092FFFFFFFF67
:1078C000FFFFFFFFFF6D000092FF92240000000009
:1078D00000000000000092FF000024FFFFFFFFFFF8
:1078E000FFFFFFFFFFFFFFFFFFFFFFFFFFFFFFFFA8
:1078F000FFFFFFFFFFFFFFFFDB000092FFFFFFFF27
:10790000FFFFFFFFFF6D000092FFFFDB6D00000037
:107910000000000024B6FFFF000024FFFFFFFFFF70
:10792000FFFFFFFFFFFFFFFFFFFFFFFFFFFFFFFF67
:10793000FFFFFFFFFFFFFFFFDB000092FFFFFFFFE6
:10794000FFFFFFFFFF6D000092FFFFFFFFFFB66D1F
:107950006D6D92B6FFFFFFFF240024494949494954
:107960004949494949494949494949494949494987
:10797000494949494949494949000092FFFFFFFFE8
:10798000FFFFFFFFFF6D000092FFFFFFFFFFFFFF04
:10799000FFFFFFFFFFFFFFFF92000000000000005D
:1079A00000000000000000000000000000000000D7
:1079B000000000000000000000000092FFFFFFFF39
:1079C000FFFFFFFFFF6D000092FFFFFFFFFFFFFFC4
:1079D000FFFFFFFFFFFFFFFFFF92240000000000FA
:1079E0000000000000000000000000000000000097
:1079F000000000000000000000000092FFFFFFFFF9
:107A0000FFFFFFFFFF6D000092FFFFFFFFFFFFFF83
:107A1000FFFFFFFFFFFFFFFFFFFFFFFFFFFFFFFF76
:107A2000FFFFFFFFFFFFFFFFFFFFFFFFFFFFFFFF66
:107A3000FFFFFFFFFFFFFFFFDB000092FFFFFFFFE5
:107A4000FFFFFFFFFF6D000092FFFFFFFFFFFFFF43
:107A5000FFFFFFFFFFFFFFFFFFFFFFFFFFFFFFFF36
:107A6000FFFFFFFFFFFFFFFFFFFFFFFFFFFFFFFF26
:107A7000FFFFFFFFFFFFFFFFDB00002449494949EB
:107A8000494949494924000092FFFFFFFFFFFFFFDA
:107A9000FFFFFFFFFFFFFFFFFFFFFFFFFFFFFFFFF6
:107AA000FFFFFFFFFFFFFFFFFFFFFFFFFFFFFFFFE6
:107AB000FFFFFFFFFFFFFFFFDB00000000000000F3
:107AC0000000000000000024DBFFFFFFFFFFFFFFBE
:107AD000FFFFFFFFFFFFFFFFFFFFFFFFFFFFFFFFB6
:107AE000FFFFFFFFFFFFFFFFFFFFFFFFFFFFFFFFA6
:107AF000FFFFFFFFFFFFFFFFFF4900000000000046
:107B000000000000002449DBFFFFFFFFFFFFFFFF35
:107B1000FFFFFFFFFFFFFFFFFFFFFFFFFFFFFFFF75
:107B2000FFFFFFFFFFFFFFFFFFFFFFFFFFFFFFFF65
:107B3000FFDBB6926D4924242424496D92DBFFFFBC
:107B4000FFFFFFFFFFFFFFFFFFFFFFFFFFFFFFFF45
:107B5000FFFFFFFFFFFFFFFFFFFFFFFFFFFFFFFF35
:107B6000FFFFFFFFFFFFFFFFFFFFFFFFFFFFDBB692
:107B70006D24242424000000000000242424496DE6
:107B8000B6FFFFFFFFFFFFFFFFFFFFFFFFFFFFFF4E
:107B9000FFFFFFFFFFFFFFFFFFFFFFFFFFFFFFFFF5
:107BA000FFFFFFFFFFFFFFFFFFFFFFFFFF924924E3
:107BB0000000002424242424242424240000000081
:107BC000246DB6FFFFFFFFFFFFFFFFFFFFFFFFFF7B
:107BD000FFFFFFFFFFFFFFFFFFFFFFFFFFFFFFFFB5
:107BE000FFFFFFFFFFFFFFFFFFFFFFDB4924000058
:107BF0000024246D92B6DBDBDBDBB6924924240043
:107C000000002449DBFFFFFFFFFFFFFFFFFFFFFF37
:107C1000FFFFFFFFFFFFFFFFFFFFFFFFFFFFFFFF74
:107C2000FFFFFFFFFFFFFFFFFFFF92240000242460
:107C30006DDBFFFFFFFFFFFFFFFFFFFFFFFFB64909
:107C4000240000002492FFFFFFFFFFFFFFFFFFFF64
:107C5000FFFFFFFFFFFFFFFFFFFFFFFFFFFFFFFF34
:107C6000FFFFFFFFFFFFFFFFFF6D2400004992DBD6
:107C7000FFFFFFFFFFFFFFFFFFFFFFFFFFFFFFFF14
:107C8000B66D240000246DDBFFFFFFFFFFFFFFFF49
:107C9000FFFFFFFFFFFFFFFFFFFFFFFFFFFFFFFFF4
:107CA000FFFFFFFFFFFFFFDB490000246DDBFFFF4D
:107CB000FFFFFFFFFFFFFFFFFFFFFFFFFFFFFFFFD4
:107CC000FFFFB64900000049DBFFFFFFFFFFFFFF9A
:107CD000FFFFFFFFFFFFFFFFFFFFFFFFFFFFFFFFB4
:107CE000FFFFFFFFFFFFDB49000024B6FFFFFFFFA0
:107CF000FFFFFFFFFFFFFFFFFFFFFFFFFFFFFFFF94
:107D0000FFFFFFFF9224000049DBFFFFFFFFFFFFA3
:107D1000FFFFFFFFFFFFFFFFFFFFFFFFFFFFFFFF73
:107D2000FFFFFFFFFFFF49000024B6FFFFFFFFFF3B
:107D3000FFFFFFFFFFFFFFFFFFFFFFFFFFFFFFFF53
:107D4000FFFFFFFFFFB624000049FFFFFFFFFFFF1B
:107D5000FFFFFFFFFFFFFFFFFFFFFFFFFFFFFFFF33
:107D6000FFFFFFFFFF6D000024DBFFFFFFFFFFFFB2
:107D7000FFFFFFFFFFFFFFFFFFFFFFFFFFFFFFFF13
:107D8000FFFFFFFFFFFFB624000049FFFFFFFFFFDB
:107D9000FFFFFFFFFFFFFFFFFFFFFFFFFFFFFFFFF3
:107DA000FFFFFFFFB6000024B6FFFFFFFFFFFFFF4E
:107DB000FFFFFFFFFFFFFFFFFFFFFFFFFFFFFFFFD3
:107DC000FFFFFFFFFFFFFFB62400006DFFFFFFFF77
:107DD000FFFFFFFFFFFFFFFFFFFFFFFFFFFFFFFFB3
:107DE000FFFFFFDB240024B6FFFFFFFFFFFFFFFFC5
:107DF000FFFFFFFFFFFFFFFFFFFFFFFFFFFFFFFF93
:107E0000FFFFFFFFFFFFFFFFB6240024B6FFFFFFC9
:107E1000FFFFFFFFFFFFFFFFFFFFFFFFFFFFFFFF72
:107E2000FFFFFF6D00006DFFFFFFFFFFFFFFFFFF84
:107E3000FFFFFFFFFFFFFFFFFFFFFFFFFFFFFFFF52
:107E4000FFFFFFFFFFFFFFFFFF92000049DBFFFF87
:107E5000FFFFFFFFFFFFFFFFFFFFFFFFFFFFFFFF32
:107E6000FFFFDB240049FFFFFFFFFFFFFFFFFFFFD6
:107E7000FFFFFFFFFFFFFFFFFFFFFFFFFFFFFFFF12
:107E8000FFFFFFFFFFFFFFFFFFFF6D00006DFFFF24
:107E9000FFFFFFFFFFFFFFFFDB92DBFFFFFFFFFFA7
:107EA000FFFF490024B6FFFFFFFFFFFFFFFFFFFFBB
:107EB000FFFFFFFFFFFFFFFFFFFFFFFFFFFFFFFFD2
:107EC000FFFFFFFFFFFFFFFFFFFFDB240000DBFFE3
:107ED000FFFFFFFFFFFFFFFF49006DFFFFFFFFFFF9
:107EE000FFDB000049FFFFFFFFFFFFFFFFFFFFFF7A
:107EF000FFFFFFFFFFFFFFFFFFFFFFFFFFFFFFFF92
:107F0000FFFFFFFFFFFFFFFFFFFFFF92000049FFA2
:107F1000FFFFFFFFFFFFFFFF490024DBFFFFFFFF25
:107F2000FF490024B6FFFFFFFFFFFFFFFFFFFFFF3A
:107F3000FFFFFFFFFFFFFFFFFFFFFFFFFFFFFFFF51
:107F4000FFFFFFFFFFFFFFFFFFFFFFFF490024DBF5
:107F5000FFFFFFFFFFFFFFFFB6000092FFFFFFFFE5
:107F6000DB240049FFFFFFFFFFFFFFFFFFFFFFFFD5
:107F7000FFFFFFFFFFFFFFFFFFFFFFFFFFFFFFFF11
:107F8000FFFFFFFFFFFFFFFFFFFFFFFF92000092D9
:107F9000FFFFFFFFFFFFFFFFFF240024DBFFFFFFCA
:107FA000920000B6FFFFFFFFFFFFFFFFFFFFFFFF95
:107FB000FFFFFFFFFFFFFFFFFFFFFFFFFFFFFFFFD1
:107FC000FFFFFFFFFFFFFFFFFFFFFFFFFF24002476
:107FD000FFFFFFFFFFFFFFFFFF9200006DFFFFFFAE
:107FE000490024DBFFFFFFFF9249DBFFFFFFFFFF9C
:107FF000FFFFFFFFFFFFFFFFFFFFFFFFFFFFFFFF91
:10800000FFFFFFFFFFFFFFFFFFFFFFFFFF6D000010
:10801000B6FFFFFFFFFFFFFFFFDB240024DBFFDBDA
:10802000240049FFFFFFDB6D000092FFFFFFFFFF11
:10803000FFFFFFFFFFFFFFFFFFFFFFFFFFFFFFFF50
:10804000FFFFFFFFFFFFFFFFFFFFFFFFFFDB000062
:108050006DFFFFFFFFFFFFFFFFFF92000092FF9207
:10806000000092FFFFDB49240000B6FFFFFFFFFF87
:10807000FFFFFFFFFFFFFFFFFFFFFFFFFFFFFFFF10
:10808000FFFFFFFFFFFFFFFFFFFFFFFFFFFF2400DA
:1080900024FFFFFFFFFFFFFFFFFFDB240024FF6D36
:1080A0000000FFFFB64900002492FFFFFFFFFFFF23
:1080B000FFFFFFFFFFFFFFFFFFFFFFFFFFFFFFFFD0
:1080C000FFFFFFFFFFFFFFFFFFFFFFFFFFFF92002C
:1080D00024DBFFFFFFFFFFFFFFFFFF4900006D49AB
:1080E0000024FF9224000024B6FFFFFFFFFFFFFFE4
:1080F000FFFFFFFFFFFFFFFFFFFFFFFFFFFFFFFF90
:10810000FFFFFFFFFFFFFFFFFFFFFFFFFFFFDB247E
:1081100049FFFFFFFFFFFFFFFFFFFFDB24002424D9
:1081200000499224000049B6FFFFFFFFFFFFFFFF59
:10813000FFFFFFFFFFFFFFFFFFFFFFFFFFFFFFFF4F
:10814000FFFFFFFFFFFFFFFFFFFFFFFFFFFFFFFF3F
:10815000FFFFFFFFFFFFFFFFFFFFFFFF6D000000BE
:1081600000242400006DDBFFFFFFFFFFFFFFFFFF88
:10817000FFFFFFFFFFFFFFFFFFFFFFFFFFFFFFFF0F
:10818000FFFFFFFFFFFFFFFFFFFFFFFFFFFFFFFFFF
:10819000FFFFFFFFFFFFFFFFFFFFFFFFDB240000EC
:1081A000000000246DFFFFFFFFFFFFFFFFFFFFFF49
:1081B000FFFFFFFFFFFFFFFFFFFFFFFFFFFFFFFFCF
:1081C000FFFFFFFFFFFFFFFFFFFFFFFFFFFFFFFFBF
:1081D000FFFFFFFFFFFFFFFFFFFFFFFFFF6D00003F
:1081E00000002492FFFFFFFFFFFFFFFFFFFFFFFFE5
:1081F000FFFFFFFFFFFFFFFFFFFFFFFFFFFFFFFF8F
:10820000FFFFFFFFFFFFFFFFFFFFFFFFFFFFFFFF7E
:10821000FFFFFFFFFFFFFFFFFFFFFFFFFFDB000090
:108220000024B6FFFFFFFFFFFFFFFFFFFFFFFFFF81
:10823000FFFFFFFFFFFFFFFFFFFFFFFFFFFFFFFF4E
:10824000FFFFFFFFFFFFFFFFFFFFFFFFFFFFFFFF3E
:10825000FFFFFFFFFFFFFFFFFFFFFFFFFFFF6D00BF
:1082600049DBFFFFFFFFFFFFFFFFFFFFFFFFFFFFF8
:10827000FFFFFFFFFFFFFFFFFFFFFFFFFFFFFFFF0E
:10828000FFFFFFFFFFFFFFFFFFFFFFFFFFFFFFFFFE
:10829000FFFFFFFFFFFFFFFFFFFFFFFFFFFFFFB637
:1082A000DBFFFFFFFFFFFFFFFFFFFFFFFFFFFFFF02
:1082B000FFFFFFFFFFFFFFFFFFFFFFFFFFFFFFFFCE
:1082C000FFFFFFFFFFFFFFFFFFFFFFFFFFFFFFFFBE
:1082D000FFFFFFFFFFFFFFFFFFFFFFFFFFFFFFFFAE
:1082E000FFFFFFFFFFFFFFFFFFFFFFFFFFFFFFFF9E
:1082F000FFFFFFFFFFFFFFFFFFFFFFFFFFFFFFFF8E
:10830000FFFFFFFFFFFFFFFFFFFFFFFFFFFFFFFF7D
:10831000FFFFFFFFFFFFFFFFFFFFFFFFFFFFFFFF6D
:10832000FFFFFFFFFFFFFFFFFFFFFFFFFFFFFFFF5D
:10833000FFFFFFFFFFFFFFFFFFFFFFFFFFFFFFFF4D
:10834000FFFFFFFFFFFFFFFFFFFFFFFFFFFFFFFF3D
:10835000FFFFFFFFFFFFFFFFFFFFFFFFFFFFFFFF2D
:10836000FFFFFFFFFFFFFFFFFFFFFFFFFFFFFFFF1D
:10837000FFFFFFFFFFFFFFFFFFFFFFFFFFFFFFFF0D
:10838000FFFFFFFFFFFFFFFFFFFFFFFFFFFFFFDB21
:10839000B6FFFFFFFFFFFFFFFFFFFFFFFFFFFFFF36
:1083A000FFFFFFFFFFFFFFFFFFFFFFFFFFFFFFFFDD
:1083B000FFFFFFFFFFFFFFFFFFFFFFFFFFFFFFFFCD
:1083C000FFFFFFFFFFFFFFFFFFFFFFFFFFFFB649BC
:1083D0000092FFFFFFFFFFFFFFFFFFFFFFFFFFFF19
:1083E000FFFFFFFFFFFFFFFFFFFFFFFFFFFFFFFF9D
:1083F000FFFFFFFFFFFFFFFFFFFFFFFFFFFFFFFF8D
:10840000FFFFFFFFFFFFFFFFFFFFFFFFFF922400C3
:108410000024FFFFFFFFFFFFFFFFFFFFFFFFFFFF46
:10842000FFFFFFFFFFFFFFFFFFFFFFFFFFFFFFFF5C
:10843000FFFFFFFFFFFFFFFFFFFFFFFFFFFFFFFF4C
:10844000FFFFFFFFFFFFFFFFFFFFFFFF9224000082
:10845000000092FFFFFFFFFFFFFFFFFFFFFFFFFF97
:10846000FFFFFFFFFFFFFFFFFFFFFFFFFFFFFFFF1C
:10847000FFFFFFFFFFFFFFFFFFFFFFFFFFFFFFFF0C
:10848000FFFFFFFFFFFFFFFFFFFFDB6D240000008A
:10849000000049DBFFFFFFFFFFFFFFFFFFFFFFFFC4
:1084A000FFFFFFFFFFFFFFFFFFFFFFFFFFFFFFFFDC
:1084B000FFFFFFFFFFFFFFFFFFFFFFFFFFFFFFFFCC
:1084C000FFFFFFFFFFFFFFFFFFB64900002424006E
:1084D00000000092FFFFFFFFFFFFFFFFFFFFFFFF16
:1084E000FFFFFFFFFFFFFFFFFFFFFFFFFFFFFFFF9C
:1084F000FFFFFFFFFFFFFFFFFFFFFFFFFFFFFFFF8C
:10850000FFFFFFFFFFFFFFFFB624000024B624009B
:1085100024240024FFFFFFFFFFFFFFFFFFFFDB24FA
:1085200049FFFFFFFFFFFFFFFFFFFFFFFFFFFFFF11
:10853000FFFFFFFFFFFFFFFFFFFFFFFFFFFFFFFF4B
:10854000FFFFFFFFFFFFFF9224000024B6FF0000A3
:108550006D49000092FFFFFFFFFFFFFFFFFFDB0001
:1085600000B6FFFFFFFFFFFFFFFFFFFFFFFFFFFF63
:10857000FFFFFFFFFFFFFFFFFFFFFFFFFFFFFFFF0B
:10858000FFFFFFFFFFDB6D24000049DBFFB60000AB
:1085900092DB240024FFFFFFFFFFFFFFFFFFDB2430
:1085A000006DFFFFFFFFFFFFFFFFFFFFFFFFFFFF6C
:1085B000FFFFFFFFFFFFFFFFFFFFFFFFFFFFFFFFCB
:1085C000FFFFFFFFFF6D0000246DDBFFFF6D002448
:1085D000DBFF6D0000B6FFFFFFFFFFFFFFFFFF495E
:1085E0000000FFFFFFFFFFFFFFFFFFFFFFFFFFFF99
:1085F000FFFFFFFFFFFFFFFFFFFFFFFFFFFFFFFF8B
:10860000FFFFFFFFFF49002492FFFFFFFF2400242C
:10861000FFFFDB240049FFFFFFFFFFFFFFFFFF6DB0
:108620000000B6FFFFFFFFFFFFFFFFFFFFFFFFFFA1
:10863000FFFFFFFFFFFFFFFFFFFFFFFFFFFFFFFF4A
:10864000FFFFFFFFFFB649B6FFFFFFFFDB24006D12
:10865000FFFFFF490000B6FFFFFFFFFFFFFFFFDB4B
:10866000240049FFFFFFFFFFFFFFFFFFFFFFFFFFAA
:10867000FFFFFFFFFFFFFFFFFFFFFFFFFFFFFFFF0A
:10868000FFFFFFFFFFFFFFFFFFFFFFFF6D0024B6AF
:10869000FFFFFFB6000049FFFFFFFFFFFFFFFFFFE7
:1086A000490024B6FFFFFFFFFFFFFFFFFFFFFFFFB3
:1086B000FFFFFFFFFFFFFFFFFFFFFFFFFFFFFFFFCA
:1086C000FFFFFFFFFFFFFFFFFFFFFFDB240024FF93
:1086D000FFFFFFFF490024DBFFFFFFFFFFFFFFFF5E
:1086E000B600006DFFFFFFFFFFFFFFFFFFFFFFFF73
:1086F000FFFFFFFFFFFFFFFFFFFFFFFFFFFFFFFF8A
:10870000FFFFFFFFFFFFFFFFFFFFFF92000092FF51
:10871000FFFFFFFFB600006DFFFFFFFFFFFFFFFF42
:10872000FF490024B6FFFFFFFFFFFFFFFFFFFFFF32
:10873000FFFFFFFFFFFFFFFFFFFFFFFFFFFFFFFF49
:10874000FFFFFFFFFFFFFFFFFFFFFF240000FFFF12
:10875000FFFFFFFFFF49006DFFFFFFFFFFFFFFFF70
:10876000FFB6000049FFFFFFFFFFFFFFFFFFFFFF16
:10877000FFFFFFFFFFFFFFFFFFFFFFFFFFFFFFFF09
:10878000FFFFFFFFFFFFFFFFFFFF9200006DFFFFF6
:10879000FFFFFFFFFFDB92DBFFFFFFFFFFFFFFFF9E
:1087A000FFFF49000092FFFFFFFFFFFFFFFFFFFFFA
:1087B000FFFFFFFFFFFFFFFFFFFFFFFFFFFFFFFFC9
:1087C000FFFFFFFFFFFFFFFFFFDB240024DBFFFFB6
:1087D000FFFFFFFFFFFFFFFFFFFFFFFFFFFFFFFFA9
:1087E000FFFFDB240000B6FFFFFFFFFFFFFFFFFFDF
:1087F000FFFFFFFFFFFFFFFFFFFFFFFFFFFFFFFF89
:10880000FFFFFFFFFFFFFFFFFF49000092FFFFFF99
:10881000FFFFFFFFFFFFFFFFFFFFFFFFFFFFFFFF68
:10882000FFFFFF92000024DBFFFFFFFFFFFFFFFFC2
:10883000FFFFFFFFFFFFFFFFFFFFFFFFFFFFFFFF48
:10884000FFFFFFFFFFFFFFFF92000049FFFFFFFF59
:10885000FFFFFFFFFFFFFFFFFFFFFFFFFFFFFFFF28
:10886000FFFFFFFF6D000049DBFFFFFFFFFFFFFF82
:10887000FFFFFFFFFFFFFFFFFFFFFFFFFFFFFFFF08
:10888000FFFFFFFFFFFFFF92240024DBFFFFFFFF3E
:10889000FFFFFFFFFFFFFFFFFFFFFFFFFFFFFFFFE8
:1088A000FFFFFFFFDB24000049DBFFFFFFFFFFFFAF
:1088B000FFFFFFFFFFFFFFFFFFFFFFFFFFFFFFFFC8
:1088C000FFFFFFFFFFFFB624002492FFFFFFFFFF23
:1088D000FFFFFFFFFFFFFFFFFFFFFFFFFFFFFFFFA8
:1088E000FFFFFFFFFFDB24000049DBFFFFFFFFFF6F
:1088F000FFFFFFFFFFFFFFFFFFFFFFFFFFFFFFFF88
:10890000FFFFFFFFFF922400006DFFFFFFFFFFFF4F
:10891000FFFFFFFFFFFFFFFFFFFFFFFFFFFFFFFF67
:10892000FFFFFFFFFFFFB624000024B6FFFFFFFF9D
:10893000FFFFFFFFFFFFFFFFFFFFFFFFFFFFFFFF47
:10894000FFFFFFFF922400006DFFFFFFFFFFFFFF0F
:10895000FFFFFFFFFFFFFFFFFFFFFFFFFFFFFFFF27
:10896000FFFFFFFFFFFFFFB6490000246DDBFFFFA5
:10897000FFFFFFFFFFFFFFFFFFFFFFFFFFFFFFFF07
:10898000FFFFB66D0000006DFFFFFFFFFFFFFFFF61
:10899000FFFFFFFFFFFFFFFFFFFFFFFFFFFFFFFFE7
:1089A000FFFFFFFFFFFFFFFFDB492400004992DBD1
:1089B000FFFFFFFFFFFFFFFFFFFFFFFFFFFFFFFFC7
:1089C000DB92240000246DFFFFFFFFFFFFFFFFFF8E
:1089D000FFFFFFFFFFFFFFFFFFFFFFFFFFFFFFFFA7
:1089E000FFFFFFFFFFFFFFFFFFFF6D2400002424B8
:1089F0006DB6FFFFFFFFFFFFFFFFFFFFFFFFB66D3D
:108A00002400000024B6FFFFFFFFFFFFFFFFFFFF72
:108A1000FFFFFFFFFFFFFFFFFFFFFFFFFFFFFFFF66
:108A2000FFFFFFFFFFFFFFFFFFFFFFB6492400002E
:108A30000024246D92B6DBDBDBDBB6926D242400D0
:108A400000002449DBFFFFFFFFFFFFFFFFFFFFFFE9
:108A5000FFFFFFFFFFFFFFFFFFFFFFFFFFFFFFFF26
:108A6000FFFFFFFFFFFFFFFFFFFFFFFFFF92492414
:108A7000000000242424242424242424240000008E
:108A8000246DB6FFFFFFFFFFFFFFFFFFFFFFFFFFAC
:108A9000FFFFFFFFFFFFFFFFFFFFFFFFFFFFFFFFE6
:108AA000FFFFFFFFFFFFFFFFFFFFFFFFFFFFDBB643
:108AB0006D24242424000000000000242424496D97
:108AC000B6FFFFFFFFFFFFFFFFFFFFFFFFFFFFFFFF
:108AD000FFFFFFFFFFFFFFFFFFFFFFFFFFFFFFFFA6
:108AE000FFFFFFFFFFFFFFFFFFFFFFFFFFFFFFFF96
:108AF000FFDBDB926D4924242424496D92DBDBFFEC
:108B0000FFFFFFFFFFFFFFFFFFFFFFFFFFFFFFFF75
:108B1000FFFFFFFFFFFFFFFFFFDB6D242424242462
:108B20002424242424242424242424242424242405
:108B300024242424242424242424242424242449D0
:108B400092FFFFFFFFFFFFFFFFFFFFFFFFFFFFFFA2
:108B5000FFFFFFFFFFFFFFFFFF49000000000000D5
:108B60000000000000000000000000000000000005
:108B700000000000000000000000000000000000F5
:108B80002492FFFFFFFFFFFFFFFFFFFFFFFFFFFF3D
:108B9000FFFFFFFFFFFFFFFFB60000242424242473
:108BA0002424242424242424242424242424242485
:108BB0002424242424242424242424242424242475
:108BC0000024DBFFFFFFFFFFFFFFFFFFFFFFFFFFB3
:108BD000FFFFFFFFFFFFFFFF490024B6DBDBDBDB0E
:108BE000DBDBDBDBDBDBDBDBDBDBDBDBDBDBDBDBD5
:108BF000DBDBDBDBDBDBDBDBDBDBDBDBDBDBDB6D33
:108C0000000092FFFFFFFFFFFFFFFFFFFFFFFFFFDF
:108C1000FFFFFFFFFFFFFFFF240049FFFFFFFFFFF4
:108C2000FFFFFFFFFFFFFFFFFFFFFFFFFFFFFFFF54
:108C3000FFFFFFFFFFFFFFFFFFFFFFFFFFFFFFFF44
:108C400000006DFFFFFFFFFFFFFFFFFFFFFFFFFFC4
:108C5000FFFFFFFFFFFFFFFF240049FFFFFFFFFFB4
:108C6000FFFFFFFFFFFFFFFFFFFFFFFFFFFFFFFF14
:108C7000FFFFFFFFFFFFFFFFFFFFFFFFFFFFFFFF04
:108C800000006DFFFFFFFFFFFFFFFFFFFFFFFFFF84
:108C9000FFFFFFFFFFFFFFFF240049FFFFFFFFFF74
:108CA000FFFFFFFFFFFFFFFFFFFFFFFFFFFFFFFFD4
:108CB000FFFFFFFFFFFFFFFFFFFFFFFFFFFFFFFFC4
:108CC00000006DFFFFFFFFFFFFFFFFFFFFFFFFFF44
:108CD000FFFFFFFFFFFFFFFF240049FFFFFFFFFF34
:108CE000FFFFFFFFFFFFFFFFFFFFFFFFFFFFFFFF94
:108CF000FFFFFFFFFFFFFFFFFFFFFFFFFFFFFFFF84
:108D000000006DFFFFFFFFFFFFFFFFFFFFFFFFFF03
:108D1000FFFFFFFFFFFFFFFF240049FFFFFFFFFFF3
:108D2000FFFFFFFFFFFFFFFFFFFFFFFFFFFFFFFF53
:108D3000FFFFFFFFFFFFFFFFFFFFFFFFFFFFFFFF43
:108D400000006DFFFFFFFFFFFFFFFFFFFFFFFFFFC3
:108D5000FFFFFFFFFFFFFFFF240049FFFFFFFFFFB3
:108D6000FFFFFFFFFFFFFFFFFFFFFFFFFFFFFFFF13
:108D7000FFFFFFFFFFFFFFFFFFFFFFFFFFFFFFFF03
:108D800000006DFFFFFFFFFFFFFFFFFFFFFFFFFF83
:108D9000FFFFFFFFFFFFFFFF240049FFFFFFFFFF73
:108DA000FFFFFFFFFFFFFFFFFFFFFFFFFFFFFFFFD3
:108DB000FFFFFFFFFFFFFFFFFFFFFFFFFFFFFFFFC3
:108DC00000006DFFFFFFFFFFFFFFFFFFFFFFFFFF43
:108DD000FFFFFFFFFFFFFFFF240049FFFFFFFFFF33
:108DE000FFFFFFFFFFFFFFFFFFFFFFFFFFFFFFFF93
:108DF000FFFFFFFFFFFFFFFFFFFFFFFFFFFFFFFF83
:108E000000006DFFFFFFFFFFFFFFFFFFFFFFFFFF02
:108E1000FFFFFFFFFFFFFFFF240049FFFFFFFFFFF2
:108E2000FFFFFFFFFFFFFFFFFFFFFFFFFFFFFFFF52
:108E3000FFFFFFFFFFFFFFFFFFFFFFFFFFFFFFFF42
:108E4000000049DBDBDBDBDBDBDBFFFFFFFFFFFFE2
:108E5000FFFFFFFFFFFFFFFF240049FFFFFFFFFFB2
:108E6000FFFFFFFFFFFFFFFFFFFFFFFFFFFFFFFF12
:108E7000FFFFFFFFFFFFFFFFFFFFFFFFFFFFFFFF02
:108E800000000024242424242424496D92DBFFFFC5
:108E9000FFFFFFFFFFFFFFFF240049FFFFFFFFFF72
:108EA000FFFFFFFFFFFFFFFFFFFFFFFFFFFFFFFFD2
:108EB000FFFFFFFFFFFFFFFFFFFFFFFFFFFFFFFFC2
:108EC000000000000000000000000000244992DBC8
:108ED000FFFFFFFFFFFFFFFF240049FFFFFFFFFF32
:108EE000FFFFFFFFFFFFFFFFFFFFFFFFFFFFFFFF92
:108EF000FFFFFFFFFFFFFFFFFFFFFFFFFFFFFFFF82
:108F000000000024242424242424240000000049F8
:108F1000B6FFFFFFFFFFFFFF240049FFFFFFFFFF3A
:108F2000FFFFFFFFFFFFFFFFFFFFFFFFFFFFFFFF51
:108F3000FFFFFFFFFFFFFFFFFFFFFFFFFFFFFFFF41
:108F4000000049FFFFFFFFFFFFDBB66D2424000098
:108F500024B6FFFFFFFFFFFF240049FFFFFFFFFFD5
:108F6000FFFFFFFFFFFFFFFFFFFFFFFFFFFFFFFF11
:108F7000FFFFFFFFFFFFFFFFFFFFFFFFFFFFFFFF01
:108F800000006DFFFFFFFFFFFFFFFFFFDB924900C7
:108F9000002492FFFFFFFFFF240049FFFFFFFFFFB8
:108FA000FFFFFFFFFFFFFFFFFFFFFFFFFFFFFFFFD1
:108FB000FFFFFFFFFFFFFFFFFFFFFFFFFFFFFFFFC1
:108FC00000006DFFFFFFFFFFFFFFFFFFFFFFDB6DF7
:108FD000240024B6FFFFFFFF240049FFFFFFFFFF2F
:108FE000FFFFFFFFFFFFFFFFFFFFFFFFFFFFFFFF91
:108FF000FFFFFFFFFFFFFFFFFFFFFFFFFFFFFFFF81
:1090000000006DFFFFFFFFFFFFFFFFFFFFFFFFFF00
:109010006D000024DBFFFFFF240049FFFFFFFFFF7F
:10902000FFFFFFFFFFFFFFFFFFFFFFFFFFFFFFFF50
:10903000FFFFFFFFFFFFFFFFFFFFFFFFFFFFFFFF40
:1090400000006DFFFFFFFFFFFFFFFFFFFFFFFFFFC0
:10905000FF49000049FFFFFF240049FFFFFFFFFF1A
:10906000FFFFFFFFFFFFFFFFFFFFFFFFFFFFFFFF10
:10907000FFFFFFFFFFFFFFFFFFFFFFFFFFFFFFFF00
:1090800000006DFFFFFFFFFFFFFFFFFFFFFFFFFF80
:10909000FFDB490000B6FFFF240049FFFFFFFFFF91
:1090A000FFFFFFFFFFFFFFFFFFFFFFFFFFFFFFFFD0
:1090B000FFFFFFFFFFFFFFFFFFFFFFFFFFFFFFFFC0
:1090C00000006DFFFFFFFFFFFFFFFFFFFFFFFFFF40
:1090D000FFFFB6240049FFFF240049FFFFFFFFFF09
:1090E000FFFFFFFFFFFFFFFFFFFFFFFFFFFFFFFF90
:1090F000FFFFFFFFFFFFFFFFFFFFFFFFFFFFFFFF80
:1091000000006DFFFFFFFFFFFFFFFFFFFFFFFFFFFF
:10911000FFFFFF490000B6FF240049FFFFFFFFFFEC
:10912000FFFFFFFFFFFFFFFFFFFFFFFFFFFFFFFF4F
:10913000FFFFFFFFFFFFFFFFFFFFFFFFFFFFFFFF3F
:1091400000006DFFFFFFFFFFFFFFFFFFFFFFFFFFBF
:10915000FFFFFFB600006DFF240049FFFFFFFFFF88
:10916000FFFFFFFFFFFFFFFFFFFFFFFFFFFFFFFF0F
:10917000FFFFFFFFFFFFFFFFFFFFFFFFFFFFFFFFFF
:1091800000006DFFFFFFFFFFFFFFFFFFFFFFFFFF7F
:10919000FFFFFFFF490024DB240049FFFFFFFFFF23
:1091A000FFFFFFFFFFFFFFFFFFFFFFFFFFFFFFFFCF
:1091B000FFFFFFFFFFFFFFFFFFFFFFFFFFFFFFFFBF
:1091C00000006DFFFFFFFFFFFFFFFFFFFFFFFFFF3F
:1091D000FFFFFFFFB60000DB240049FFFFFFFFFF9A
:1091E000FFFFFFFFFFFFFFFFFFFFFFFFFFFFFFB6D8
:1091F00049496DFFFFFFFFFFFFFFFFFFFFFFFFFF7D
:1092000000006DFFFFFFFFFFFFFFFFFFFFFFFFFFFE
:10921000FFFFFFFFDB000092240049FFFFFFFFFF7D
:10922000FFFFFFFFFFFFFFFFFFFFFFFFFFFFB62472
:1092300000000049DBFFFFFFFFFFFFFFFFFFFFFF15
:1092400000006DFFFFFFFFFFFFFFFFFFFFFFFFFFBE
:10925000FFFFFFFFDB24006D240049FFFFFFFFFF3E
:10926000FFFFFFFFFFFFFFFFFFFFFFFFFFDB24000C
:10927000000000006DFFFFFFFFFFFFFFFFFFFFFF8C
:1092800000006DFFFFFFFFFFFFFFFFFFFFFFFFFF7E
:10929000FFFFFFFFFF490049240049FFFFFFFFFFD9
:1092A000FFFFFFFFFFDB926D6D6D6D6D924900005A
:1092B0004992240024DBFFFFFFFFFFFFFFFFFFFFBA
:1092C00000006DFFFFFFFFFFFFFFFFFFFFFFFFFF3E
:1092D000FFFFFFFFFF490024240049FFFFFFFFFFBE
:1092E000FFFFFFFFFF6D0000000000000000000016
:1092F000FFFFB60000DBFFFFFFFFFFFFFFFFFFFFE9
:1093000000006DFFFFFFFFFFFFFFFFFFFFFFFFFFFD
:10931000FFFFFFFFFF490024240049FFFFFFFFFF7D
:10932000FFFFFFFFFF6D00000000000000000000D5
:10933000DBFFB60000DBFFFFFFFFFFFFFFFFFFFFCC
:1093400000006DFFFFFFFFFFFFFFFFFFFFFFFFFFBD
:10935000FFFFFFFFFF490024240049FFFFFFFFFF3D
:10936000FFFFFFFFFFDB926D6D6D6D6D6D490000BE
:109370004992240024DBFFFFFFFFFFFFFFFFFFFFF9
:1093800000006DFFFFFFFFFFFFFFFFFFFFFFFFFF7D
:10939000FFFFFFFFFF490024240049FFFFFFFFFFFD
:1093A000FFFFFFFFFFFFFFFFFFFFFFFFFFDB2400CB
:1093B000000000006DFFFFFFFFFFFFFFFFFFFFFF4B
:1093C00000006DFFFFFFFFFFFFFFFFFFFFFFFFFF3D
:1093D000FFFFFFFFFF490049240049FFFFFFFFFF98
:1093E000FFFFFFFFFFFFFFFFFFFFFFFFFFFFB624B1
:1093F00000000049DBFFFFFFFFFFFFFFFFFFFFFF54
:1094000000006DFFFFFFFFFFFFFFFFFFFFFFFFFFFC
:10941000FFFFFFFFDB24006D240049FFFFFFFFFF7C
:10942000FFFFFFFFFFFFFFFFFFFFFFFFFFFFFFB695
:1094300049496DDBFFFFFFFFFFFFFFFFFFFFFFFF5E
:1094400000006DFFFFFFFFFFFFFFFFFFFFFFFFFFBC
:10945000FFFFFFFFDB000092240049FFFFFFFFFF3B
:10946000FFFFFFFFFFFFFFFFFFFFFFFFFFFFFFFF0C
:10947000FFFFFFFFFFFFFFFFFFFFFFFFFFFFFFFFFC
:1094800000006DFFFFFFFFFFFFFFFFFFFFFFFFFF7C
:10949000FFFFFFFFB60000DB240049FFFFFFFFFFD7
:1094A000FFFFFFFFFFFFFFFFFFFFFFFFFFFFFFFFCC
:1094B000FFFFFFFFFFFFFFFFFFFFFFFFFFFFFFFFBC
:1094C00000006DFFFFFFFFFFFFFFFFFFFFFFFFFF3C
:1094D000FFFFFFFF490024DB240049FFFFFFFFFFE0
:1094E000FFFFFFFFFFFFFFFFFFFFFFFFFFFFFFFF8C
:1094F000FFFFFFFFFFFFFFFFFFFFFFFFFFFFFFFF7C
:1095000000006DFFFFFFFFFFFFFFFFFFFFFFFFFFFB
:10951000FFFFFFB600006DFF240049FFFFFFFFFFC4
:10952000FFFFFFFFFFFFFFFFFFFFFFFFFFFFFFFF4B
:10953000FFFFFFFFFFFFFFFFFFFFFFFFFFFFFFFF3B
:1095400000006DFFFFFFFFFFFFFFFFFFFFFFFFFFBB
:10955000FFFFFF490000B6FF240049FFFFFFFFFFA8
:10956000FFFFFFFFFFFFFFFFFFFFFFFFFFFFFFFF0B
:10957000FFFFFFFFFFFFFFFFFFFFFFFFFFFFFFFFFB
:1095800000006DFFFFFFFFFFFFFFFFFFFFFFFFFF7B
:10959000FFFFB6240049FFFF240049FFFFFFFFFF44
:1095A000FFFFFFFFFFFFFFFFFFFFFFFFFFFFFFFFCB
:1095B000FFFFFFFFFFFFFFFFFFFFFFFFFFFFFFFFBB
:1095C00000006DFFFFFFFFFFFFFFFFFFFFFFFFFF3B
:1095D000FFDB490000B6FFFF240049FFFFFFFFFF4C
:1095E000FFFFFFFFFFFFFFFFFFFFFFFFFFFFFFFF8B
:1095F000FFFFFFFFFFFFFFFFFFFFFFFFFFFFFFFF7B
:1096000000006DFFFFFFFFFFFFFFFFFFFFFFFFFFFA
:10961000FF49000049FFFFFF240049FFFFFFFFFF54
:10962000FFFFFFFFFFFFFFFFFFFFFFFFFFFFFFFF4A
:10963000FFFFFFFFFFFFFFFFFFFFFFFFFFFFFFFF3A
:1096400000006DFFFFFFFFFFFFFFFFFFFFFFFFFFBA
:109650006D000024DBFFFFFF240049FFFFFFFFFF39
:10966000FFFFFFFFFFFFFFFFFFFFFFFFFFFFFFFF0A
:10967000FFFFFFFFFFFFFFFFFFFFFFFFFFFFFFFFFA
:1096800000006DFFFFFFFFFFFFFFFFFFFFFFDB6D30
:10969000240024B6FFFFFFFF240049FFFFFFFFFF68
:1096A000FFFFFFFFFFFFFFFFFFFFFFFFFFFFFFFFCA
:1096B000FFFFFFFFFFFFFFFFFFFFFFFFFFFFFFFFBA
:1096C00000006DFFFFFFFFFFFFFFFFFFDB92490080
:1096D000002492FFFFFFFFFF240049FFFFFFFFFF71
:1096E000FFFFFFFFFFFFFFFFFFFFFFFFFFFFFFFF8A
:1096F000FFFFFFFFFFFFFFFFFFFFFFFFFFFFFFFF7A
:10970000000049FFFFFFFFFFFFDBB66D24240000D0
:1097100024B6FFFFFFFFFFFF240049FFFFFFFFFF0D
:10972000FFFFFFFFFFFFFFFFFFFFFFFFFFFFFFFF49
:10973000FFFFFFFFFFFFFFFFFFFFFFFFFFFFFFFF39
:1097400000000024242424242424240000000049B0
:10975000B6FFFFFFFFFFFFFF240049FFFFFFFFFFF2
:10976000FFFFFFFFFFFFFFFFFFFFFFFFFFFFFFFF09
:10977000FFFFFFFFFFFFFFFFFFFFFFFFFFFFFFFFF9
:10978000000000000000000000000000244992DBFF
:10979000FFFFFFFFFFFFFFFF240049FFFFFFFFFF69
:1097A000FFFFFFFFFFFFFFFFFFFFFFFFFFFFFFFFC9
:1097B000FFFFFFFFFFFFFFFFFFFFFFFFFFFFFFFFB9
:1097C00000000024242424242424496D92DBFFFF7C
:1097D000FFFFFFFFFFFFFFFF240049FFFFFFFFFF29
:1097E000FFFFFFFFFFFFFFFFFFFFFFFFFFFFFFFF89
:1097F000FFFFFFFFFFFFFFFFFFFFFFFFFFFFFFFF79
:10980000000049DBDBDBDBDBDBDBFFFFFFFFFFFF18
:10981000FFFFFFFFFFFFFFFF240049FFFFFFFFFFE8
:10982000FFFFFFFFFFFFFFFFFFFFFFFFFFFFFFFF48
:10983000FFFFFFFFFFFFFFFFFFFFFFFFFFFFFFFF38
:1098400000006DFFFFFFFFFFFFFFFFFFFFFFFFFFB8
:10985000FFFFFFFFFFFFFFFF240049FFFFFFFFFFA8
:10986000FFFFFFFFFFFFFFFFFFFFFFFFFFFFFFFF08
:10987000FFFFFFFFFFFFFFFFFFFFFFFFFFFFFFFFF8
:1098800000006DFFFFFFFFFFFFFFFFFFFFFFFFFF78
:10989000FFFFFFFFFFFFFFFF240049FFFFFFFFFF68
:1098A000FFFFFFFFFFFFFFFFFFFFFFFFFFFFFFFFC8
:1098B000FFFFFFFFFFFFFFFFFFFFFFFFFFFFFFFFB8
:1098C00000006DFFFFFFFFFFFFFFFFFFFFFFFFFF38
:1098D000FFFFFFFFFFFFFFFF240049FFFFFFFFFF28
:1098E000FFFFFFFFFFFFFFFFFFFFFFFFFFFFFFFF88
:1098F000FFFFFFFFFFFFFFFFFFFFFFFFFFFFFFFF78
:1099000000006DFFFFFFFFFFFFFFFFFFFFFFFFFFF7
:10991000FFFFFFFFFFFFFFFF240049FFFFFFFFFFE7
:10992000FFFFFFFFFFFFFFFFFFFFFFFFFFFFFFFF47
:10993000FFFFFFFFFFFFFFFFFFFFFFFFFFFFFFFF37
:1099400000006DFFFFFFFFFFFFFFFFFFFFFFFFFFB7
:10995000FFFFFFFFFFFFFFFF240049FFFFFFFFFFA7
:10996000FFFFFFFFFFFFFFFFFFFFFFFFFFFFFFFF07
:10997000FFFFFFFFFFFFFFFFFFFFFFFFFFFFFFFFF7
:1099800000006DFFFFFFFFFFFFFFFFFFFFFFFFFF77
:10999000FFFFFFFFFFFFFFFF240049FFFFFFFFFF67
:1099A000FFFFFFFFFFFFFFFFFFFFFFFFFFFFFFFFC7
:1099B000FFFFFFFFFFFFFFFFFFFFFFFFFFFFFFFFB7
:1099C00000006DFFFFFFFFFFFFFFFFFFFFFFFFFF37
:1099D000FFFFFFFFFFFFFFFF240049FFFFFFFFFF27
:1099E000FFFFFFFFFFFFFFFFFFFFFFFFFFFFFFFF87
:1099F000FFFFFFFFFFFFFFFFFFFFFFFFFFFFFFFF77
:109A000000006DFFFFFFFFFFFFFFFFFFFFFFFFFFF6
:109A1000FFFFFFFFFFFFFFFF490024B6DBDBDBDBBF
:109A2000DBDBDBDBDBDBDBDBDBDBDBDBDBDBDBDB86
:109A3000DBDBDBDBDBDBDBDBDBDBDBDBDBDBDB6DE4
:109A4000000092FFFFFFFFFFFFFFFFFFFFFFFFFF91
:109A5000FFFFFFFFFFFFFFFFB600002424242424A4
:109A600024242424242424242424242424242424B6
:109A700024242424242424242424242424242424A6
:109A80000024DBFFFFFFFFFFFFFFFFFFFFFFFFFFE4
:109A9000FFFFFFFFFFFFFFFFFF4900000000000086
:109AA00000000000000000000000000000000000B6
:109AB00000000000000000000000000000000000A6
:109AC0002492FFFFFFFFFFFFFFFFFFFFFFFFFFFFEE
:109AD000FFFFFFFFFFFFFFFFFFDB6D242424242493
:109AE0002424242424242424242424242424242436
:109AF0002424242424242424242424242424244901
:109B000092FFFFFFFFFFFFFFFFFFFFFFFFFFFFFFD2
:109B1000FFFFFFFFFFFFFFFFFFFF92242424242409
:109B200024242424242424242424242424242424F5
:109B300024242424242424242424242424242449C0
:109B4000B6FFFFFFFFFFFFFFFFFFFFFFFFFFFFFF6E
:109B5000FFFFFFFFFFFFFFFFFF49000000000000C5
:109B600000000000000000000000000000000000F5
:109B700000000000000000000000000000000000E5
:109B80002492FFFFFFFFFFFFFFFFFFFFFFFFFFFF2D
:109B9000FFFFFFFFFFFFFFFFB60000242424242463
:109BA0002424242424242424242424242424242475
:109BB0002424242424242424242424242424242465
:109BC0000024DBFFFFFFFFFFFFFFFFFFFFFFFFFFA3
:109BD000FFFFFFFFFFFFFFFF6D0024B6DBDBDBDBDA
:109BE000DBDBDBDBDBDBDBDBDBDBDBDBDBDBDBDBC5
:109BF000DBDBDBDBDBDBDBDBDBDBDBDBDBDBDB6D23
:109C0000000092FFFFFFFFFFFFFFFFFFFFFFFFFFCF
:109C1000FFFFFFFFFFFFFFFF240049FFFFFFFFFFE4
:109C2000FFFFFFFFFFFFFFFFFFFFFFFFFFFFFFFF44
:109C3000FFFFFFFFFFFFFFFFFFFFFFFFFFFFFFFF34
:109C400000006DFFFFFFFFFFFFFFFFFFFFFFFFFFB4
:109C5000FFFFFFFFFFFFFFFF240049FFFFFFFFFFA4
:109C6000FFFFFFFFFFFFFFFFFFFFFFFFFFFFFFFF04
:109C7000FFFFFFFFFFFFFFFFFFFFFFFFFFFFFFFFF4
:109C800000006DFFFFFFFFFFFFFFFFFFFFFFFFFF74
:109C9000FFFFFFFFFFFFFFFF240049FFFFFFFFFF64
:109CA000FFFFFFFFFFFFFFFFFFFFFFFFFFFFFFFFC4
:109CB000FFFFFFFFFFFFFFFFFFFFFFFFFFFFFFFFB4
:109CC00000006DFFFFFFFFFFFFFFFFFFFFFFFFFF34
:109CD000FFFFFFFFFFFFFFFF240049FFFFFFFFFF24
:109CE000FFFFFFFFFFFFFFFFFFFFFFFFFFFFFFFF84
:109CF000FFFFFFFFFFFFFFFFFFFFFFFFFFFFFFFF74
:109D000000006DFFFFFFFFFFFFFFFFFFFFFFFFFFF3
:109D1000FFFFFFFFFFFFFFFF240049FFFFFFFFFFE3
:109D2000FFFFFFFFFFFFFFFFFFFFFFFFFFFFFFFF43
:109D3000FFFFFFFFFFFFFFFFFFFFFFFFFFFFFFFF33
:109D400000006DFFFFFFFFFFFFFFFFFFFFFFFFFFB3
:109D5000FFFFFFFFFFFFFFFF240049FFFFFFFFFFA3
:109D6000FFFFFFFFFFFFFFFFFFFFFFFFFFFFFFFF03
:109D7000FFFFFFFFFFFFFFFFFFFFFFFFFFFFFFFFF3
:109D800000006DFFFFFFFFFFFFFFFFFFFFFFFFFF73
:109D9000FFFFFFFFFFFFFFFF240049FFFFFFFFFF63
:109DA000FFFFFFFFFFFFFFFFFFFFFFFFFFFFFFFFC3
:109DB000FFFFFFFFFFFFFFFFFFFFFFFFFFFFFFFFB3
:109DC00000006DFFFFFFFFFFFFFFFFFFFFFFFFFF33
:109DD000FFFFFFFFFFFFFFFF240049FFFFFFFFFF23
:109DE000FFFFFFFFFFFFFFFFFFFFFFFFFFFFFFFF83
:109DF000FFFFFFFFFFFFFFFFFFFFFFFFFFFFFFFF73
:109E000000006DFFFFFFFFFFFFFFFFFFFFFFFFFFF2
:109E1000FFFFFFFFFFFFFFFF240049FFFFFFFFFFE2
:109E2000FFFFFFFFFFFFFFFFFFFFFFFFFFFFFFFF42
:109E3000FFFFFFFFFFFFFFFFFFFFFFFFFFFFFFFF32
:109E400000006DFFFFDBDBDBDBDBFFFFFFFFFFFF66
:109E5000FFFFFFFFFFFFFFFF240049FFFFFFFFFFA2
:109E6000FFFFFFFFFFFFFFFFFFFFFFFFFFFFFFFF02
:109E7000FFFFFFFFFFFFFFFFFFFFFFFFFFFFFFFFF2
:109E8000000049926D4924242424496DB6FFFFFF48
:109E9000FFFFFFFFFFFFFFFF240049FFFFFFFFFF62
:109EA000FFFFFFFFFFFFFFFFFFFFFFFFFFFFFFFFC2
:109EB000FFFFFFFFFFFFFFFFFFFFFFFFFFFFFFFFB2
:109EC0000000000000000000000000002449B6FF70
:109ED000FFFFFFFFFFFFFFFF240049FFFFFFFFFF22
:109EE000FFFFFFFFFFFFFFFFFFFFFFFFFFFFFFFF82
:109EF000FFFFFFFFFFFFFFFFFFFFFFFFFFFFFFFF72
:109F00000000000024242424242424000000246DC4
:109F1000DBFFFFFFFFFFFFFF240049FFFFFFFFFF05
:109F2000FFFFFFFFFFFFFFFFFFFFFFFFFFFFFFFF41
:109F3000FFFFFFFFFFFFFFFFFFFFFFFFFFFFFFDB55
:109F40000000244992B6DBFFFFDB924924000000A9
:109F500049DBFFFFFFFFFFFF240049FFFFFFFFFF7B
:109F6000FFFFFFFFFFFFFFFFFFFFFFFFFFFFFFFF01
:109F7000FFFFFFFFFFFFFFFFFFFFFFFFFFFFFFFFF1
:109F8000000049FFFFFFFFFFFFFFFFFFDB6D240025
:109F90000049DBFFFFFFFFFF240049FFFFFFFFFF3A
:109FA000FFFFFFFFFFFFFFFFFFFFFFFFFFFFFFFFC1
:109FB000FFFFFFFFFFFFFFFFFFFFFFFFFFFFFFFFB1
:109FC00000006DFFFFFFFFFFFFFFFFFFFFFFB64930
:109FD000000049DBFFFFFFFF240049FFFFFFFFFFF9
:109FE000FFFFFFFFFFFFFFFFFFFFFFFFFFFFFFFF81
:109FF000FFFFFFFFFFFFFFFFFFFFFFFFFFFFFFFF71
:10A0000000006DFFFFFFFFFFFFFFFFFFFFFFFFDB14
:10A010002400006DFFFFFFFF240049FFFFFFFFFF4B
:10A02000FFFFFFFFFFFFFFFFFFFFFFFFFFFFFFFF40
:10A03000FFFFFFFFFFFFFFFFFFFFFFFFFFFFFFFF30
:10A0400000006DFFFFFFFFFFFFFFFFFFFFFFFFFFB0
:10A05000DB24000092FFFFFF240049FFFFFFFFFF0A
:10A06000FFFFFFFFFFFFFFFFFFFFFFFFFFFFFFFF00
:10A07000FFFFFFFFFFFFFFFFFFFFFFFFFFFFFFFFF0
:10A0800000006DFFFFFFFFFFFFFFFFFFFFFFFFFF70
:10A09000FFB6240024FFFFFF240049FFFFFFFFFF5E
:10A0A000FFFFFFFFFFFFFFFFFFFFFFFFFFFFFFFFC0
:10A0B000FFFFFFFFFFFFFFFFFFFFFFFFFFFFFFFFB0
:10A0C00000006DFFFFFFFFFFFFFFFFFFFFFFFFFF30
:10A0D000FFFF6D000092FFFF240049FFFFFFFFFF1D
:10A0E000FFFFFFFFFFFFFFFFFFFFFFFFFFFFFFFF80
:10A0F000FFFFFFFFFFFFFFFFFFFFFFFFFFFFFFFF70
:10A1000000006DFFFFFFFFFFFFFFFFFFFFFFFFFFEF
:10A11000FFFFDB240049FFFF240049FFFFFFFFFF93
:10A12000FFFFFFFFFFFFFFFFFFFFFFFFFFFFFFFF3F
:10A13000FFFFFFFFFFFFFFFFFFFFFFFFFFFFFFFF2F
:10A1400000006DFFFFFFFFFFFFFFFFFFFFFFFFFFAF
:10A15000FFFFFF6D0000B6FF240049FFFFFFFFFF78
:10A16000FFFFFFFFFFFFFFFFFFFFFFFFFFFFFFFFFF
:10A17000FFFFFFFFFFFFFFFFFFFFFFFFFFFFFFFFEF
:10A1800000006DFFFFFFFFFFFFFFFFFFFFFFFFFF6F
:10A19000FFFFFFB600006DFF240049FFFFFFFFFF38
:10A1A000FFFFFFFFFFFFFFFFFFFFFFFFFFFFFFFFBF
:10A1B000FFFFFFFFFFFFFFFFFFFFFFFFFFFFFFFFAF
:10A1C00000006DFFFFFFFFFFFFFFFFFFFFFFFFFF2F
:10A1D000FFFFFFFF240049FF240049FFFFFFFFFFAF
:10A1E000FFFFFFFFFFFFFFFFFFFFFFFFFFFFFFB6C8
:10A1F000494992FFFFFFFFFFFFFFFFFFFFFFFFFF48
:10A2000000006DFFFFFFFFFFFFFFFFFFFFFFFFFFEE
:10A21000FFFFFFFF920024DB240049FFFFFFFFFF49
:10A22000FFFFFFFFFFFFFFFFFFFFFFFFFFFF922486
:10A2300000000049FFFFFFFFFFFFFFFFFFFFFFFFE1
:10A2400000006DFFFFFFFFFFFFFFFFFFFFFFFFFFAE
:10A25000FFFFFFFFB60000DB240049FFFFFFFFFF09
:10A26000FFFFFFFFFFFFFFFFFFFFFFFFFFDB2400FC
:10A270000000000092FFFFFFFFFFFFFFFFFFFFFF57
:10A2800000006DFFFFFFFFFFFFFFFFFFFFFFFFFF6E
:10A29000FFFFFFFFDB0000B6240049FFFFFFFFFFC9
:10A2A000FFFFFFFFFFDB926D6D6D6D6D924900004A
:10A2B0006D92240049FFFFFFFFFFFFFFFFFFFFFF3D
:10A2C00000006DFFFFFFFFFFFFFFFFFFFFFFFFFF2E
:10A2D000FFFFFFFFDB240092240049FFFFFFFFFF89
:10A2E000FFFFFFFFFF6D0000000000000000000006
:10A2F000FFFF920024DBFFFFFFFFFFFFFFFFFFFFD9
:10A3000000006DFFFFFFFFFFFFFFFFFFFFFFFFFFED
:10A31000FFFFFFFFDB240092240049FFFFFFFFFF48
:10A32000FFFFFFFFFF6D00000000000000000000C5
:10A33000FFFF920024DBFFFFFFFFFFFFFFFFFFFF98
:10A3400000006DFFFFFFFFFFFFFFFFFFFFFFFFFFAD
:10A35000FFFFFFFFDB240092240049FFFFFFFFFF08
:10A36000FFFFFFFFFFDB926D6D6D6D6D6D490000AE
:10A370006D92240049FFFFFFFFFFFFFFFFFFFFFF7C
:10A3800000006DFFFFFFFFFFFFFFFFFFFFFFFFFF6D
:10A39000FFFFFFFFDB240092240049FFFFFFFFFFC8
:10A3A000FFFFFFFFFFFFFFFFFFFFFFFFFFDB2400BB
:10A3B0000000000092FFFFFFFFFFFFFFFFFFFFFF16
:10A3C00000006DFFFFFFFFFFFFFFFFFFFFFFFFFF2D
:10A3D000FFFFFFFFDB0000B6240049FFFFFFFFFF88
:10A3E000FFFFFFFFFFFFFFFFFFFFFFFFFFFF9224C5
:10A3F00000000049FFFFFFFFFFFFFFFFFFFFFFFF20
:10A4000000006DFFFFFFFFFFFFFFFFFFFFFFFFFFEC
:10A41000FFFFFFFFB60000DB240049FFFFFFFFFF47
:10A42000FFFFFFFFFFFFFFFFFFFFFFFFFFFFFFB685
:10A43000494992FFFFFFFFFFFFFFFFFFFFFFFFFF05
:10A4400000006DFFFFFFFFFFFFFFFFFFFFFFFFFFAC
:10A45000FFFFFFFF920024DB240049FFFFFFFFFF07
:10A46000FFFFFFFFFFFFFFFFFFFFFFFFFFFFFFFFFC
:10A47000FFFFFFFFFFFFFFFFFFFFFFFFFFFFFFFFEC
:10A4800000006DFFFFFFFFFFFFFFFFFFFFFFFFFF6C
:10A49000FFFFFFFF240049FF240049FFFFFFFFFFEC
:10A4A000FFFFFFFFFFFFFFFFFFFFFFFFFFFFFFFFBC
:10A4B000FFFFFFFFFFFFFFFFFFFFFFFFFFFFFFFFAC
:10A4C00000006DFFFFFFFFFFFFFFFFFFFFFFFFFF2C
:10A4D000FFFFFFDB00006DFF240049FFFFFFFFFFD0
:10A4E000FFFFFFFFFFFFFFFFFFFFFFFFFFFFFFFF7C
:10A4F000FFFFFFFFFFFFFFFFFFFFFFFFFFFFFFFF6C
:10A5000000006DFFFFFFFFFFFFFFFFFFFFFFFFFFEB
:10A51000FFFFFF6D0000B6FF240049FFFFFFFFFFB4
:10A52000FFFFFFFFFFFFFFFFFFFFFFFFFFFFFFFF3B
:10A53000FFFFFFFFFFFFFFFFFFFFFFFFFFFFFFFF2B
:10A5400000006DFFFFFFFFFFFFFFFFFFFFFFFFFFAB
:10A55000FFFFDB240049FFFF240049FFFFFFFFFF4F
:10A56000FFFFFFFFFFFFFFFFFFFFFFFFFFFFFFFFFB
:10A57000FFFFFFFFFFFFFFFFFFFFFFFFFFFFFFFFEB
:10A5800000006DFFFFFFFFFFFFFFFFFFFFFFFFFF6B
:10A59000FFFF6D000092FFFF240049FFFFFFFFFF58
:10A5A000FFFFFFFFFFFFFFFFFFFFFFFFFFFFFFFFBB
:10A5B000FFFFFFFFFFFFFFFFFFFFFFFFFFFFFFFFAB
:10A5C00000006DFFFFFFFFFFFFFFFFFFFFFFFFFF2B
:10A5D000FFB6240024FFFFFF240049FFFFFFFFFF19
:10A5E000FFFFFFFFFFFFFFFFFFFFFFFFFFFFFFFF7B
:10A5F000FFFFFFFFFFFFFFFFFFFFFFFFFFFFFFFF6B
:10A6000000006DFFFFFFFFFFFFFFFFFFFFFFFFFFEA
:10A61000DB24000092FFFFFF240049FFFFFFFFFF44
:10A62000FFFFFFFFFFFFFFFFFFFFFFFFFFFFFFFF3A
:10A63000FFFFFFFFFFFFFFFFFFFFFFFFFFFFFFFF2A
:10A6400000006DFFFFFFFFFFFFFFFFFFFFFFFFDBCE
:10A6500049000049FFFFFFFF240049FFFFFFFFFF04
:10A66000FFFFFFFFFFFFFFFFFFFFFFFFFFFFFFFFFA
:10A67000FFFFFFFFFFFFFFFFFFFFFFFFFFFFFFFFEA
:10A6800000006DFFFFFFFFFFFFFFFFFFFFFFB64969
:10A69000000049DBFFFFFFFF240049FFFFFFFFFF32
:10A6A000FFFFFFFFFFFFFFFFFFFFFFFFFFFFFFFFBA
:10A6B000FFFFFFFFFFFFFFFFFFFFFFFFFFFFFFFFAA
:10A6C00000006DFFFFFFFFFFFFFFFFFFDB6D2400BA
:10A6D0000049DBFFFFFFFFFF240049FFFFFFFFFFF3
:10A6E000FFFFFFFFFFFFFFFFFFFFFFFFFFFFFFFF7A
:10A6F000FFFFFFFFFFFFFFFFFFFFFFFFFFFFFFFF6A
:10A7000000006DFFFFFFFFFFFFFFDB6D2400000077
:10A7100024DBFFFFFFFFFFFF240049FFFFFFFFFFD8
:10A72000FFFFFFFFFFFFFFFFFFFFFFFFFFFFFFFF39
:10A73000FFFFFFFFFFFFFFFFFFFFFFFFFFFFFFFF29
:10A7400000006DFFFFFFFFFFFF9224000000246D5B
:10A75000DBFFFFFFFFFFFFFF240049FFFFFFFFFFBD
:10A76000FFFFFFFFFFFFFFFFFFFFFFFFFFFFFFFFF9
:10A77000FFFFFFFFFFFFFFFFFFFFFFFFFFFFFFFFE9
:10A7800000006DFFFFFFFFFFFF4900002449B6FFF7
:10A79000FFFFFFFFFFFFFFFF240049FFFFFFFFFF59
:10A7A000FFFFFFFFFFFFFFFFFFFFFFFFFFFFFFFFB9
:10A7B000FFFFFFFFFFFFFFFFFFFFFFFFFFFFFFFFA9
:10A7C00000006DFFFFFFFFFFFF6D246DB6DBFFFF95
:10A7D000FFFFFFFFFFFFFFFF240049FFFFFFFFFF19
:10A7E000FFFFFFFFFFFFFFFFFFFFFFFFFFFFFFFF79
:10A7F000FFFFFFFFFFFFFFFFFFFFFFFFFFFFFFFF69
:10A8000000006DFFFFFFFFFFFFFFDBFFFFFFFFFF0C
:10A81000FFFFFFFFFFFFFFFF240049FFFFFFFFFFD8
:10A82000FFFFFFFFFFFFFFFFFFFFFFFFFFFFFFFF38
:10A83000FFFFFFFFFFFFFFFFFFFFFFFFFFFFFFFF28
:10A8400000006DFFFFFFFFFFFFFFFFFFFFFFFFFFA8
:10A85000FFFFFFFFFFFFFFFF240049FFFFFFFFFF98
:10A86000FFFFFFFFFFFFFFFFFFFFFFFFFFFFFFFFF8
:10A87000FFFFFFFFFFFFFFFFFFFFFFFFFFFFFFFFE8
:10A8800000006DFFFFFFFFFFFFFFFFFFFFFFFFFF68
:10A89000FFFFFFFFFFFFFFFF240049FFFFFFFFFF58
:10A8A000FFFFFFFFFFFFFFFFFFFFFFFFFFFFFFFFB8
:10A8B000FFFFFFFFFFFFFFFFFFFFFFFFFFFFFFFFA8
:10A8C00000006DFFFFFFFFFFFFFFFFFFFFFFFFFF28
:10A8D000FFFFFFFFFFFFFFFF240049FFFFFFFFFF18
:10A8E000FFFFFFFFFFFFFFFFFFFFFFFFFFFFFFFF78
:10A8F000FFFFFFFFFFFFFFFFFFFFFFFFFFFFFFFF68
:10A9000000006DFFFFFFFFFFFFFFFFFFFFFFFFFFE7
:10A91000FFFFFFFFFFFFFFFF240049FFFFFFFFFFD7
:10A92000FFFFFFFFFFFFFFFFFFFFFFFFFFFFFFFF37
:10A93000FFFFFFFFFFFFFFFFFFFFFFFFFFFFFFFF27
:10A9400000006DFFFFFFFFFFFFFFFFFFFFFFFFFFA7
:10A95000FFFFFFFFFFFFFFFF240049FFFFFFFFFF97
:10A96000FFFFFFFFFFFFFFFFFFFFFFFFFFFFFFFFF7
:10A97000FFFFFFFFFFFFFFFFFFFFFFFFFFFFFFFFE7
:10A9800000006DFFFFFFFFFFFFFFFFFFFFFFFFFF67
:10A99000FFFFFFFFFFFFFFFF240049FFFFFFFFFF57
:10A9A000FFFFFFFFFFFFFFFFFFFFFFFFFFFFFFFFB7
:10A9B000FFFFFFFFFFFFFFFFFFFFFFFFFFFFFFFFA7
:10A9C00000006DFFFFFFFFFFFFFFFFFFFFFFFFFF27
:10A9D000FFFFFFFFFFFFFFFF240049FFFFFFFFFF17
:10A9E000FFFFFFFFFFFFFFFFFFFFFFFFFFFFFFFF77
:10A9F000FFFFFFFFFFFFFFFFFFFFFFFFFFFFFFFF67
:10AA000000006DFFFFFFFFFFFFFFFFFFFFFFFFFFE6
:10AA1000FFFFFFFFFFFFFFFF6D0024B6DBDBDBDB8B
:10AA2000DBDBDBDBDBDBDBDBDBDBDBDBDBDBDBDB76
:10AA3000DBDBDBDBDBDBDBDBDBDBDBDBDBDBDB6DD4
:10AA4000000092FFFFFFFFFFFFFFFFFFFFFFFFFF81
:10AA5000FFFFFFFFFFFFFFFFB60000242424242494
:10AA600024242424242424242424242424242424A6
:10AA70002424242424242424242424242424242496
:10AA80000024DBFFFFFFFFFFFFFFFFFFFFFFFFFFD4
:10AA9000FFFFFFFFFFFFFFFFFF4900000000000076
:10AAA00000000000000000000000000000000000A6
:10AAB0000000000000000000000000000000000096
:10AAC0002492FFFFFFFFFFFFFFFFFFFFFFFFFFFFDE
:10AAD000FFFFFFFFFFFFFFFFFFFF9224242424243A
:10AAE0002424242424242424242424242424242426
:10AAF00024242424242424242424242424242449F1
:10AB0000B6FFFFFFFFFFFFFFFFFFFFFFFFFFFFFF9E
:10AB1000FFFFFFFFFFFFFFFFFFFFFFFFFFFFFFFF45
:10AB2000FFFFFF9224000000000000000000000072
:10AB30000000000000000000002424496D92DBDBCF
:10AB4000FFFFFFFFFFFFFFFFFFFFFFFFFFFFFFFF15
:10AB5000FFFFFFFFFFFFFFFFFFFFFFFFFFFFFFFF05
:10AB6000FFDB2400000000000000000000000000E7
:10AB700000000000000000000000000000000024B1
:10AB8000496DDBFFFFFFFFFFFFFFFFFFFFFFFFFF41
:10AB9000FFFFFFFFFFFFFFFFFFFFFFFFFFFFFFFFC5
:10ABA000FF2400002449494949494949494949493B
:10ABB00049494924000000494949494924240000E1
:10ABC00000000049B6FFFFFFFFFFFFFFFFFFFFFF91
:10ABD000FFFFFFFFFFFFFFFFFFFFFFFFFFFFFFFF85
:10ABE00092000092FFFFFFFFFFFFFFFFFFFFFFFF4D
:10ABF000FFFFFFFF92000092FFFFFFFFFFDBB66D3C
:10AC00002400000000246DFFFFFFFFFFFFFFFFFF98
:10AC1000FFFFFFFFFFFFFFFFFFFFFFFFFFFFFFFF44
:10AC2000490024FFFFFFFFFFFFFFFFFFFFFFFFFFC4
:10AC3000FFFFFFFFFF240049FFFFFFFFFFFFFFFFB4
:10AC4000FFB66D2400000024B6FFFFFFFFFFFFFFEB
:10AC5000FFFFFFFFFFFFFFFFFFFFFFFFFFFFFFFF04
:10AC6000240049FFFFFFFFFFFFFFFFFFFFFFFFFF84
:10AC7000FFFFFFFFFF490000FFFFFFFFFFFFFFFF98
:10AC8000FFFFFFFF922400002449DBFFFFFFFFFFCF
:10AC9000FFFFFFFFFFFFFFFFFFFFFFFFFFFFFFFFC4
:10ACA000000049FFFFFFFFFFFFFFFFFFFFFFFFFF68
:10ACB000FFFFFFFFFF490000FFFFFFFFFFFFFFFF58
:10ACC000FFFFFFFFFFFF9224000024B6FFFFFFFFFE
:10ACD000FFFFFFFFFFFFFFFFFFFFFFFFFFFFFFFF84
:10ACE000000049FFFFFFFFFFFFFFFFFFFFFFFFFF28
:10ACF000FFFFFFFFFF490000FFFFFFFFFFFFFFFF18
:10AD0000FFFFFFFFFFFFFFDB490000246DFFFFFF98
:10AD1000FFFFFFFFFFFFFFFFFFFFFFFFFFFFFFFF43
:10AD2000000049FFFFFFFFFFFFFFFFFFFFFFFFFFE7
:10AD3000FFFFFFFFFF490000FFFFFFFFFFFFFFFFD7
:10AD4000FFFFFFFFFFFFFFFFFF922400006DFFFFEB
:10AD5000FFFFFFFFFFFFFFFFFFFFFFFFFFFFFFFF03
:10AD6000000049FFFFFFFFFFFFFFFFFFFFFFFFFFA7
:10AD7000FFFFFFFFFF490000FFFFFFFFFFFFFFFF97
:10AD8000FFFFFFFFFFFFFFFFFFFFB62400006DFF87
:10AD9000FFFFFFFFFFFFFFFFFFFFFFFFFFFFFFFFC3
:10ADA000240049FFFFFFFFFFFFFFFFFFFFFFFFFF43
:10ADB000FFFFFFFFFF490000FFFFFFFFFFFFFFFF57
:10ADC000FFFFFFFFFFFFFFFFFFFFFFDB2400006D22
:10ADD000FFFFFFFFFFFFFFFFFFFFFFFFFFFFFFFF83
:10ADE000490024FFFFFFFFFFFFFFFFFFFFFFFFFF03
:10ADF000FFFFFFFFFF240049FFFFFFFFFFFFFFFFF3
:10AE0000FFFFFFFFFFFFFFFFFFFFFFFFDB2400004F
:10AE10006DFFFFFFFFFFFFFFFFFFFFFFFFFFFFFFD4
:10AE200092000092FFFFFFFFFFFFFFFFFFFFFFFF0A
:10AE3000FFFFFFFF92000092FFFFFFFFFFFFFFFFFA
:10AE4000FFFFFFFFFFFFFFFFFFFFFFFFFFDB240010
:10AE500024B6FFFFFFFFFFFFFFFFFFFFFFFFFFFF26
:10AE6000FF24000024494949494949494949494978
:10AE700049494924000024FFFFFFFFFFFFFFFFFFB8
:10AE8000FFFFFFFFFFFFFFFFFFFFFFFFFFFFB624F6
:10AE90000024DBFFFFFFFFFFFFFFFFFFFFFFFFFFC0
:10AEA000FFDB2400000000000000000000000000A4
:10AEB000000000000024DBFFFFFFFFFFFFFFFFFF9C
:10AEC000FFFFFFFFFFFFFFFFFFFFFFFFFFFFFF92FF
:10AED000000049FFFFFFFFFFFFFFFFFFFFFFFFFF36
:10AEE000FFFFFF922424000000000000000000008B
:10AEF0000000242492FFFFFFFFFFFFFFFFFFFFFF83
:10AF0000FFFFFFFFFFFFFFFFFFFFFFFFFFFFFFFF51
:10AF1000490024B6FFFFFFFFFFFFFFFFFFFFFFFF1A
:10AF2000FFFFFFFFFFFFFFFFFFFFFFFFFFFFFFFF31
:10AF3000FFFFFFFFFFFFFFFFFFFFFFFFFFFFFFFF21
:10AF4000FFFFFFFFFFFFFFFFFFFFFFFFFFFFFFFF11
:10AF5000DB240024FFFFFFFFFFFFFFFFFFFFFFFFDA
:10AF6000FFFFFFFFFFFFFFFFFFFFFFFFFFFFFFFFF1
:10AF7000FFFFFFFFFFFFFFFFFFFFFFFFFFFFFFFFE1
:10AF8000FFFFFFFFFFFFFFFFFFFFFFFFFFFFFFFFD1
:10AF9000FF6D00006DFFFFFFFFFFFFFFFFFFFFFFE3
:10AFA000FFFFFFFFFFFFFFFFFFFFFFFFFFFFFFFFB1
:10AFB000FFFFFFFFFFFFFFFFFFFFFFFFFFFFFFFFA1
:10AFC000FFFFFFFFFFFFFFFFFFFFFFFFFFFFFFFF91
:10AFD000FFFF240024FFFFFFFFFFFFFFFFFFFFFF36
:10AFE000FFFFFFFFFFFFFFFFFFFFFFFFFFFFFFFF71
:10AFF000FFFFFFFFFFFFFFFFFFFFFFFFFFFFFFFF61
:10B00000FFFFFFFFFFFFFFFFFFFFFFFFFFFFFFFF50
:10B01000FFFF920000B6FFFFFFFFFFFFFFFFFFFFF4
:10B02000FFFFFFFFFFFFFFFFFFFFFFFFFFFFFFFF30
:10B03000FFFFFFFFFFFFFFFFFFFFFFFFFFFFFFFF20
:10B04000FFFFFFFFFFFFFFFFFFFFFFFFFFFFFFFF10
:10B05000FFFFDB240049FFFFFFFFFFFFFFFFFFFFB4
:10B06000FFFFFFFFFFFFFFFFFFFFFFFFFFFFFFFFF0
:10B07000FFFFFFFFFFFFFFFFFFFFFFFFFFFFFFFFE0
:10B08000FFFFFFFFFFFFFFFFFFFFFFFFFFFFFFFFD0
:10B09000FFFFFF6D0000DBFFFFFFFFFFFFFFFFFF74
:10B0A000FFFFFFFFFFFFFFFFFFFFFFFFFFFFFFFFB0
:10B0B000FFFFFFFFFFFFFFFFFFFFFFFFFFFFFFFFA0
:10B0C000FFFFFFFFFFFFFFFFFFFFFFFFFFFFFFFF90
:10B0D000FFFFFFB600006DFFFFFFFFFFFFFFFFFF59
:10B0E000FFFFFFFFFFFFFFFFFFFFFFFFFFFFFFFF70
:10B0F000FFFFFFFFFFFFFFFFFFFFFFFFFFFFFFFF60
:10B10000FFFFFFFFFFFFFFFFFFFFFFFFFFFFFFFF4F
:10B11000FFFFFFFF240049FFFFFFFFFFFFFFFFFFCF
:10B12000FFFFFFFFFFFFFFFFFFFFFFFFFFFFFFFF2F
:10B13000FFFFFFFFFFFFFFFFFFFFFFFFFFFFFFFF1F
:10B14000FFFFFFFFFFFFFFFFFFFFFFFFFFFFFFFF0F
:10B15000FFFFFFFF6D0024DBFFFFFFFFFFFFFFFF8F
:10B16000FFFFFFFFFFFFFFFFFFFFFFFFFFFFFFFFEF
:10B17000FFFFFFFFFFFFFFFFFFFFFFFFFFFFFFFFDF
:10B18000FFFFFFFFFFFFFFFFFFFFFFFFFFFFFFFFCF
:10B19000FFFFFFFFB60000DBFFFFFFFFFFFFFFFF2A
:10B1A000FFFFFFFFFFFFFFFFFFFFFFFFFFFFFFFFAF
:10B1B000FFFFFFFFFFFFFFFFFFFFFFFFFFFFFFFF9F
:10B1C000FFFFFFFFFFFFFFFFFFFFFFFFFFFFFFFF8F
:10B1D000FFFFFFFFDB240092FFFFFFFFFFFFFFFFEA
:10B1E000FFFFFFFFFFFFFFFFFFFFFFFFFFFFFFFF6F
:10B1F000FFFFFFFFFFFFFFFFFFFFFFFFFFFFFFFF5F
:10B20000FFFFFFFFFFFFFFFFFFFFFFFFFFFFFFFF4E
:10B21000FFFFFFFFFF24006D6D00000049FFFFFFEF
:10B22000FFFFFFFFFFFFFFFFFFFFFFFFFFFFFFFF2E
:10B23000FFFFFFFFFFFFFFFFFFFFFFFFFFFFFFFF1E
:10B24000FFFFFFFFFFFFFFFFFFFFFFFFFFFFFFFF0E
:10B25000FFFFFFFFFF4900490000000000DBFFFF88
:10B26000FFFFFFFFFFFFFFFFFFFFFFFFFFFFFFFFEE
:10B27000FFFFFFFFFFFFFFFFFFFFFFFFFFFFFFFFDE
:10B28000FFFFFFFFFFFFFFFFFFFFFFFFFFFFFFFFCE
:10B29000FFFFFFFFFF4900240000000000DBFFFF6D
:10B2A000FFFFFFFFFFFFFFFFFFFFFFFFFFFFFFFFAE
:10B2B000FFFFFFFFFFFFFFFFFFFFFFFFFFFFFFFF9E
:10B2C000FFFFFFFFFFFFFFFFFFFFFFFFFFFFFFFF8E
:10B2D000FFFFFFFFFF4900240000000000DBFFFF2D
:10B2E000FFFFFFFFFFFFFFFFFFFFFFFFFFFFFFFF6E
:10B2F000FFFFFFFFFFFFFFFFFFFFFFFFFFFFFFFF5E
:10B30000FFFFFFFFFFFFFFFFFFFFFFFFFFFFFFFF4D
:10B31000FFFFFFFFFF4900000000000000DBFFFF10
:10B32000FFFFFFFFFFFFFFFFFFFFFFFFFFFFFFFF2D
:10B33000FFFFFFFFFFFFFFFFFFFFFFFFFFFFFFFF1D
:10B34000FFFFFFFFFFFFFFFFFFFFFFFFFFFFFFFF0D
:10B35000FFFFFFFFFF4900240000000000DBFFFFAC
:10B36000FFFFFFFFFFFFFFFFFFFFFFFFFFFFFFFFED
:10B37000FFFFFFFFFFFFFFFFFFFFFFFFFFFFFFFFDD
:10B38000FFFFFFFFFFFFFFFFFFFFFFFFFFFFFFFFCD
:10B39000FFFFFFFFFF4900240000000000DBFFFF6C
:10B3A000FFFFFFFFFFFFFFFFFFFFFFFFFFFFFFFFAD
:10B3B000FFFFFFFFFFFFFFFFFFFFFFFFFFFFFFFF9D
:10B3C000FFFFFFFFFFFFFFFFFFFFFFFFFFFFFFFF8D
:10B3D000FFFFFFFFFF4900240000000049FFFFFFBF
:10B3E000FFFFFFFFFFFFFFFFFFFFFFFFFFFFFFFF6D
:10B3F000FFFFFFFFFFFFFFFFFFFFFFFFFFFFFFFF5D
:10B40000FFFFFFFFFFFFFFFFFFFFFFFFFFFFFFFF4C
:10B41000FFFFFFFFFF490049000049FFFFFFFFFF5B
:10B42000FFFFFFFFFFFFFFFFFFFFFFFFFFFFFFFF2C
:10B43000FFFFFFFFFFFFFFFFFFFFFFFFFFFFFFFF1C
:10B44000FFFFFFFFFFFFFFFFFFFFFFFFFFFFFFFF0C
:10B45000FFFFFFFFFF24006D000049FFFFFFFFFF1C
:10B46000FFFFFFFFFFFFFFFFFFFFFFFFFFFFFFFFEC
:10B47000FFFFFFFFFFFFFFFFFFFFFFFFFFFFFFFFDC
:10B48000FFFFFFFFFFFFFFFFFFFFFFFFFFFFFFFFCC
:10B49000FFFFFFFFDB240092000049FFFFFFFFFFDB
:10B4A000FFFFFFFFFFFFFFFFFFFFFFFFFFFFFFFFAC
:10B4B000FFFFFFFFFFFFFFFFFFFFFFFFFFFFFFFF9C
:10B4C000FFFFFFFFFFFFFFFFFFFFFFFFFFFFFFFF8C
:10B4D000FFFFFFFFB60000DB000049FFFFFFFFFF9B
:10B4E000FFFFFFFFFFFFFFFFFFFFFFFFFFFFFFFF6C
:10B4F000FFFFFFFFFFFFFFFFFFFFFFFFFFFFFFFF5C
:10B50000FFFFFFFFFFFFFFFFFFFFFFFFFFFFFFFF4B
:10B51000FFFFFFFF6D0024DB000049FFFFFFFFFF7F
:10B52000FFFFFFFFFFFFFFFFFFFFFFFFFFFFFFFF2B
:10B53000FFFFFFFFFFFFFFFFFFFFFFFFFFFFFFFF1B
:10B54000FFFFFFFFFFFFFFFFFFFFFFFFFFFFFFFF0B
:10B55000FFFFFFFF240049FF000049FFFFFFFFFF3F
:10B56000FFFFFFFFFFFFFFFFFFFFFFFFFFFFFFFFEB
:10B57000FFFFFFFFFFFFFFFFFFFFFFFFFFFFFFFFDB
:10B58000FFFFFFFFFFFFFFFFFFFFFFFFFFFFFFFFCB
:10B59000FFFFFFB600006DFF240049FFFFFFFFFF24
:10B5A000FFFFFFFFFFFFFFFFFFFFFFFFFFFFFFFFAB
:10B5B000FFFFFFFFFFFFFFFFFFFFFFFFFFFFFFFF9B
:10B5C000FFFFFFFFFFFFFFFFFFFFFFFFFFFFFFFF8B
:10B5D000FFFFFF6D0000DBFF920024DBFFFFFFFF9A
:10B5E000FFFFFFFFFFFFFFFFFFFFFFFFFFFFFFFF6B
:10B5F000FFFFFFFFFFFFFFFFFFFFFFFFFFFFFFFF5B
:10B60000FFFFFFFFFFFFFFFFFFFFFFFFFFFFFFFF4A
:10B61000FFFFFF240049FFFFDB24006DFFFFFFFF5A
:10B62000FFFFFFFFFFFFFFFFFFFFFFFFFFFFFFFF2A
:10B63000FFFFFFFFFFFFFFFFFFFFFFFFFFFFFFFF1A
:10B64000FFFFFFFFFFFFFFFFFFFFFFFFFFFFFFFF0A
:10B65000FFFF920000B6FFFFFF490024FFFFFFFF3E
:10B66000FFFFFFFFFFFFFFFFFFFFFFFFFFFFFFFFEA
:10B67000FFFFFFFFFFFFFFFFFFFFFFFFFFFFFFFFDA
:10B68000FFFFFFFFFFFFFFFFFFFFFFFFFFFFFFFFCA
:10B69000FFFF240024FFFFFFFF92000092FFFFFF47
:10B6A000FFFFFFFFFFFFFFFFFFFFFFFFFFFFFFFFAA
:10B6B000FFFFFFFFFFFFFFFFFFFFFFFFFFFFFFFF9A
:10B6C000FFFFFFFFFFFFFFFFFFFFFFFFFFFFFFFF8A
:10B6D000FF6D00006DFFFFFFFFFF240049FFFFFF2C
:10B6E000FFFFFFFFFFFFFFFFFFFFFFFFFFFFFFFF6A
:10B6F000FFFFFFFFFFFFFFFFFFFFFFFFFFFFFFFF5A
:10B70000FFFFFFFFFFFFFFFFFFFFFFFFFFFFFFFF49
:10B71000DB240024FFFFFFFFFFFF920024DBFFFF7D
:10B72000FFFFFF9224000000000000000000000066
:10B730000000002492FFFFFFFFFFFFFFFFFFFFFF5E
:10B74000FFFFFFFFFFFFFFFFFFFFFFFFFFFFFFFF09
:10B75000490024B6FFFFFFFFFFFFDB24006DFFFF62
:10B76000FFDB2400000000000000000000000000DB
:10B77000000000000024DBFFFFFFFFFFFFFFFFFFD3
:10B78000FFFFFFFFFFFFFFFFFFFFFFFFFFFFFF9236
:10B79000000049FFFFFFFFFFFFFFFF490024FFFFFD
:10B7A000FF2400002449494949494949494949492F
:10B7B00049494924000024FFFFFFFFFFFFFFFFFF6F
:10B7C000FFFFFFFFFFFFFFFFFFFFFFFFFFFFB624AD
:10B7D0000024DBFFFFFFFFFFFFFFFF92000092FF4F
:10B7E00092000092FFFFFFFFFFFFFFFFFFFFFFFF41
:10B7F000FFFFFFFF92000092FFFFFFFFFFFFFFFF31
:10B80000FFFFFFFFFFFFFFFFFFFFFFFFFFDB240046
:10B8100024B6FFFFFFFFFFFFFFFFFFFF240049FFEC
:10B82000490024FFFFFFFFFFFFFFFFFFFFFFFFFFB8
:10B83000FFFFFFFFFF240049FFFFFFFFFFFFFFFFA8
:10B84000FFFFFFFFFFFFFFFFFFFFFFFFDB24000005
:10B850006DFFFFFFFFFFFFFFFFFFFFFF920024DBF5
:10B86000240049FFFFFFFFFFFFFFFFFFFFFFFFFF78
:10B87000FFFFFFFFFF490000FFFFFFFFFFFFFFFF8C
:10B88000FFFFFFFFFFFFFFFFFFFFFFDB2400006D57
:10B89000FFFFFFFFFFFFFFFFFFFFFFFFDB24006D48
:10B8A000000049FFFFFFFFFFFFFFFFFFFFFFFFFF5C
:10B8B000FFFFFFFFFF490000FFFFFFFFFFFFFFFF4C
:10B8C000FFFFFFFFFFFFFFFFFFFFB62400006DFF3C
:10B8D000FFFFFFFFFFFFFFFFFFFFFFFFFF49002408
:10B8E000000049FFFFFFFFFFFFFFFFFFFFFFFFFF1C
:10B8F000FFFFFFFFFF490000FFFFFFFFFFFFFFFF0C
:10B90000FFFFFFFFFFFFFFFFFF922400006DFFFF1F
:10B91000FFFFFFFFFFFFFFFFFFFFFFFFFF920000A2
:10B92000000049FFFFFFFFFFFFFFFFFFFFFFFFFFDB
:10B93000FFFFFFFFFF490000FFFFFFFFFFFFFFFFCB
:10B94000FFFFFFFFFFFFFFDB490000246DFFFFFF4C
:10B95000FFFFFFFFFFFFFFFFFFFFFFFFFFFF2400D1
:10B96000000049FFFFFFFFFFFFFFFFFFFFFFFFFF9B
:10B97000FFFFFFFFFF490000FFFFFFFFFFFFFFFF8B
:10B98000FFFFFFFFFFFF9224000024B6FFFFFFFF31
:10B99000FFFFFFFFFFFFFFFFFFFFFFFFFFFF920023
:10B9A000000049FFFFFFFFFFFFFFFFFFFFFFFFFF5B
:10B9B000FFFFFFFFFF490000FFFFFFFFFFFFFFFF4B
:10B9C000FFFFFFFF922400002449DBFFFFFFFFFF82
:10B9D000FFFFFFFFFFFFFFFFFFFFFFFFFFFFDB2476
:10B9E000000024FFFFFFFFFFFFFFFFFFFFFFFFFF40
:10B9F000FFFFFFFFFF240049FFFFFFFFFFFFFFFFE7
:10BA0000FFB66D2400000024B6FFFFFFFFFFFFFF1D
:10BA1000FFFFFFFFFFFFFFFFFFFFFFFFFFFFFF49EC
:10BA200000000092FFFFFFFFFFFFFFFFFFFFFFFF90
:10BA3000FFFFFFFF92000092FFFFFFFFFFDBB66DED
:10BA40002400000000246DFFFFFFFFFFFFFFFFFF4A
:10BA5000FFFFFFFFFFFFFFFFFFFFFFFFFFFFFF9263
:10BA6000000000002449494949494949494949498F
:10BA70004949492400000049494949492424000012
:10BA800000000049B6FFFFFFFFFFFFFFFFFFFFFFC2
:10BA9000FFFFFFFFFFFFFFFFFFFFFFFFFFFFFFFFB6
:10BAA0002400000000000000000000000000000072
:10BAB0000000000000000000000000000000002462
:10BAC000496DDBFFFFFFFFFFFFFFFFFFFFFFFFFFF2
:10BAD000FFFFFFFFFFFFFFFFFFFFFFFFFFFFFFFF76
:10BAE000B62400000000000000000000000000007C
:10BAF0000000000000000000002424496D92DBDB00
:10BB0000FFFFFFFFFFFFFFFFFFFFFFFFFFFFFFFF45
:10BB1000FFFFFFFFFFFFFFFFFFFFFFFFFFFFFFFF35
:10BB2000FFFFFFFFFFFFFFFFFFFFFFFFFFDB6D24B6
:10BB30000000000000000000000000000000000005
:10BB4000246DDBFFFFFFFFFFFFFFFFFFFFFFFFFF96
:10BB5000FFFFFFFFFFFFFFFFFFFFFFFFFFFFFFFFF5
:10BB6000FFFFFFFFFFFFFFFFFFFFFFFF6D00000074
:10BB700000000000000000000000000000000000C5
:10BB80000000246DFFFFFFFFFFFFFFFFFFFFFFFF30
:10BB9000FFFFFFFFFFFFFFFFFFFFFFFFFFFFFFFFB5
:10BBA000FFFFFFFFFFFFFFFFFFFFFF6D00002449C6
:10BBB00049494949494949494949494949494949F5
:10BBC000492400006DFFFFFFFFFFFFFFFFFFFFFFA6
:10BBD000FFFFFFFFFFFFFFFFFFFFFFFFFFFFFFFF75
:10BBE000FFFFFFFFFFFFFFFFFFFFB6240000B6FFD0
:10BBF000FFFFFFFFFFFFFFFFFFFFFFFFFFFFFFFF55
:10BC0000FFB6000024B6FFFFFFFFFFFFFFFFFFFFAF
:10BC1000FFFFFFFFFFFFFFFFFFFFFFFFFFFFFFFF34
:10BC2000FFFFFFFFFFFFFFFFFFFF49000092FFFF45
:10BC3000FFFFFFFFFFFFFFFFFFFFFFFFFFFFFFFF14
:10BC4000FFFF9200006DFFFFFFFFFFFFFFFFFFFF01
:10BC5000FFFFFFFFFFFFFFFFFFFFFFFFFFFFFFFFF4
:10BC6000FFFFFFFFFFFFFFFFFFFF490000B6FFFFE1
:10BC7000FFFFFFFFFFFFFFFFFFFFFFFFFFFFFFFFD4
:10BC8000FFFFB6000049FFFFFFFFFFFFFFFFFFFFC1
:10BC9000FFFFFFFFFFFFFFFFFFFFFFFFFFFFFFFFB4
:10BCA000FFFFFFFFFFFFFFFFFFFF490000B6FFFFA1
:10BCB000FFFFFFFFFFFFFFFFFFFFFFFFFFFFFFFF94
:10BCC000FFFFB6000049FFFFFFFFFFFFFFFFFFFF81
:10BCD000FFFFFFFFFFFFFFFFFFFFFFFFFFFFFFFF74
:10BCE000FFFFFFFFFFFFFFFFFFFF490000B6FFFF61
:10BCF000FFFFFFFFFFFFFFFFFFFFFFFFFFFFFFFF54
:10BD0000FFFFB6000049FFFFFFFFFFFFFFFFFFFF40
:10BD1000FFFFFFFFFFFFFFFFFFFFFFFFFFFFFFFF33
:10BD2000FFFFFFFFFFFFFFFFFFFF490000B6FFFF20
:10BD3000FFFFFFFFFFFFFFFFFFFFFFFFFFFFFFFF13
:10BD4000FFFFB6000049FFFFFFFFFFFFFFFFFFFF00
:10BD5000FFFFFFFFFFFFFFFFFFFFFFFFFFFFFFFFF3
:10BD6000FFFFFFFFFFFFFFFFFFFF490000B6FFFFE0
:10BD7000FFFFFFFFFFFFFFFFFFFFFFFFFFFFFFFFD3
:10BD8000FFFFB6000049FFFFFFFFFFFFFFFFFFFFC0
:10BD9000FFFFFFFFFFFFFFFFFFFFFFFFFFFFFFFFB3
:10BDA000FFFFFFFFFFFFFFFFFFFF490000B6FFFFA0
:10BDB000FFFFFFFFFFFFFFFFFFFFFFFFFFFFFFFF93
:10BDC000FFFFB6000049FFFFFFFFFFFFFFFFFFFF80
:10BDD000FFFFFFFFFFFFFFFFFFFFFFFFFFFFFFFF73
:10BDE000FFFFFFFFFFFFFFFFFFFF490000B6FFFF60
:10BDF000FFFFFFFFFFFFFFFFFFFFFFFFFFFFFFFF53
:10BE0000FFFFB6000049FFFFFFFFFFFFFFFFFFFF3F
:10BE1000FFFFFFFFFFFFFFFFFFFFFFFFFFFFFFFF32
:10BE2000FFFFFFFFFFFFFFFFFFFF490000B6FFFF1F
:10BE3000FFFFFFFFFFFFFFFFFFFFFFFFFFFFFFFF12
:10BE4000FFFFB6000049FFFFFFFFFFFFFFFFFFFFFF
:10BE5000FFFFFFFFFFFFFFFFFFFFFFFFFFFFFFFFF2
:10BE6000FFFFFFFFFFFFFFFFFFFF490000B6FFFFDF
:10BE7000FFFFFFFFFFFFFFFFFFFFFFFFFFFFFFFFD2
:10BE8000FFFFB6000049FFFFFFFFFFFFFFFFFFFFBF
:10BE9000FFFFFFFFFFFFFFFFFFFFFFFFFFFFFFFFB2
:10BEA000FFFFFFFFFFFFFFFFFFFF490000B6FFFF9F
:10BEB000FFFFFFFFFFFFFFFFFFFFFFFFFFFFFFFF92
:10BEC000FFFFB6000049FFFFFFFFFFFFFFFFFFFF7F
:10BED000FFFFFFFFFFFFFFFFFFFFFFFFFFFFFFFF72
:10BEE000FFFFFFFFFFFFFFFFFFFF490000B6FFFF5F
:10BEF000FFFFFFFFFFFFFFFFFFFFFFFFFFFFFFFF52
:10BF0000FFFFB6000049FFFFFFFFFFFFFFFFFFFF3E
:10BF1000FFFFFFFFFFFFFFFFFFFFFFFFFFFFFFFF31
:10BF2000FFFFFFFFFFFFFFFFFF6D000024DBFFFFB0
:10BF3000FFFFFFFFFFFFFFFFFFFFFFFFFFFFFFFF11
:10BF4000FFFFDB0000006DFFFFFFFFFFFFFFFFFFB4
:10BF5000FFFFFFFFFFFFFFFFFFFFFFFFFFFFFFFFF1
:10BF6000FFFFFFFFFFFFFFFF6D00002492FFFFFFB9
:10BF7000FFFFFFFFFFFFFFFFFFFFFFFFFFFFFFFFD1
:10BF8000FFFFFF6D00000092FFFFFFFFFFFFFFFFBD
:10BF9000FFFFFFFFFFFFFFFFFFFFFFFFFFFFFFFFB1
:10BFA000FFFFFFFFFFFFFF9200000092FFFFFFFF78
:10BFB000FFFFFFFFFFFFFFFFFFFFFFFFFFFFFFFF91
:10BFC000FFFFFFFF6D000000B6FFFFFFFFFFFFFF59
:10BFD000FFFFFFFFFFFFFFFFFFFFFFFFFFFFFFFF71
:10BFE000FFFFFFFFFFFFB600000092FFFFFFFFFF14
:10BFF000FFFFFFFFFFFFFFFFFFFFFFFFFFFFFFFF51
:10C00000FFFFFFFFFF6D000024B6FFFFFFFFFFFFF4
:10C01000FFFFFFFFFFFFFFFFFFFFFFFFFFFFFFFF30
:10C02000FFFFFFFFFFB624000092FFFFFFFFFFFFAF
:10C03000FFFFFFFFFFFFFFFFFFFFFFFFFFFFFFFF10
:10C04000FFFFFFFFFFFF6D000024B6FFFFFFFFFFB4
:10C05000FFFFFFFFFFFFFFFFFFFFFFFFFFFFFFFFF0
:10C06000FFFFFFFFB624000049FFFFFFFFFFFFFFB8
:10C07000FFFFFFFFFFFFFFFFFFFFFFFFFFFFFFFFD0
:10C08000FFFFFFFFFFFFFF49000024DBFFFFFFFF73
:10C09000FFFFFFFFFFFFFFFFFFFFFFFFFFFFFFFFB0
:10C0A000FFFFFFDB24000049FFFFFFFFFFFFFFFF53
:10C0B000FFFFFFFFFFFFFFFFFFFFFFFFFFFFFFFF90
:10C0C000FFFFFFFFFFFFFFFF24000024DBFFFFFF58
:10C0D000FFFFFFFFFFFFFFFFFFFFFFFFFFFFFFFF70
:10C0E000FFFFDB24000049FFFFFFFFFFFFFFFFFF13
:10C0F000FFFFFFFFFFFFFFFFFFFFFFFFFFFFFFFF50
:10C10000FFFFFFFFFFFFFFFFDB49000024DBFFFF16
:10C11000FFFFFFFFFFFFFFFFFFFFFFFFFFFFFFFF2F
:10C12000FFDB49000049DBFFFFFFFFFFFFFFFFFFD1
:10C13000FFFFFFFFFFFFFFFFFFFFFFFFFFFFFFFF0F
:10C14000FFFFFFFFFFFFFFFFFFB624000049FFFFD7
:10C15000FFFFFFFFFFFFFFFFFFFFFFFFFFFFFFFFEF
:10C16000FF49000024DBFFFFFFFFFFFFFFFFFFFF92
:10C17000FFFFFFFFFFFFFFFFFFFFFFFFFFFFFFFFCF
:10C18000FFFFFFFFFFFFFFFFFFFFDB24000049FF72
:10C19000FFFFFFFFFFFFFFFFFFFFFFFFFFFFFFFFAF
:10C1A0006D000024DBFFFFFFFFFFFFFFFFFFFFFF2E
:10C1B000FFFFFFFFFFFFFFFFFFFFFFFFFFFFFFFF8F
:10C1C000FFFFFFFFFFFFFFFFFFFFFFB62400006D33
:10C1D000FFFFFFFFFFFFFFFFFFFFFFFFFFFFFF6D01
:10C1E000000024B6FFFFFFFFFFFFFFFFFFFFFFFF81
:10C1F000FFFFFFFFFFFFFFFFFFFFFFFFFFFFFFFF4F
:10C20000FFFFFFFFFFFFFFFFFFFFFFFFB600000084
:10C210006DFFFFFFFFFFFFFFFFFFFFFFFFFF6D0051
:10C22000000092FFFFFFFFFFFFFFFFFFFFFFFFFF89
:10C23000FFFFFFFFFFFFFFFFFFFFFFFFFFFFFFFF0E
:10C24000FFFFFFFFFFFFFFFFFFFFFFFFFF92000069
:10C250000092FFFFFFFFFFFFFFFFFFFFFF6D0000EA
:10C2600000B6FFFFFFFFFFFFFFFFFFFFFFFFFFFF26
:10C27000FFFFFFFFFFFFFFFFFFFFFFFFFFFFFFFFCE
:10C28000FFFFFFFFFFFFFFFFFFFFFFFFFFFF92002A
:10C29000000092FFFFFFFFFFFFFFFFFF9200000083
:10C2A00092FFFFFFFFFFFFFFFFFFFFFFFFFFFFFF0B
:10C2B000FFFFFFFFFFFFFFFFFFFFFFFFFFFFFFFF8E
:10C2C000FFFFFFFFFFFFFFFFFFFFFFFFFFFFFF6D10
:10C2D000000000B6FFFFFFFFFFFFFFB60000006D8C
:10C2E000FFFFFFFFFFFFFFFFFFFFFFFFFFFFFFFF5E
:10C2F000FFFFFFFFFFFFFFFFFFFFFFFFFFFFFFFF4E
:10C30000FFFFFFFFFFFFFFFFFFFFFFFFFFFFFFFF3D
:10C310006D000024B6FFFFFFFFFFB62400006DFF95
:10C32000FFFFFFFFFFFFFFFFFFFFFFFFFFFFFFFF1D
:10C33000FFFFFFFFFFFFFFFFFFFFFFFFFFFFFFFF0D
:10C34000FFFFFFFFFFFFFFFFFFFFFFFFFFFFFFFFFD
:10C35000FF49000024DBFFFFFFB62400006DFFFF54
:10C36000FFFFFFFFFFFFFFFFFFFFFFFFFFFFFFFFDD
:10C37000FFFFFFFFFFFFFFFFFFFFFFFFFFFFFFFFCD
:10C38000FFFFFFFFFFFFFFFFFFFFFFFFFFFFFFFFBD
:10C39000FFFF49000024B6FFDB24000024B6DBDBEE
:10C3A000DBDBDBDBDBDBDBDBDBDBDBDBDBDBDBDBDD
:10C3B000DBDBDBDBDBDBDBDBDBDBDBDBDBDBDBDBCD
:10C3C000DBDBDBDBDBDBDBDBDBDBDBDBDBDBDBDBBD
:10C3D000DBDBB624000049DB490000000000000060
:10C3E000000000000000000000000000000000004D
:10C3F000000000000000000000000000000000003D
:10C40000000000000000000000000000000000002C
:10C41000000000000000006D490000000000000066
:10C42000000000000000000000000000000000000C
:10C4300000000000000000000000000000000000FC
:10C4400000000000000000000000000000000000EC
:10C45000000000000000006DFFDBDBDBDBDBDBDB73
:10C46000DBDBDBDBDBDBDBDBDBDBDBDBDBDBDBDB1C
:10C47000DBDBDBDBDBDBDBDBDBDBDBDBDBDBDBDB0C
:10C48000DBDBDBDBDBDBDBDBDBDBDBDBDBDBDBDBFC
:10C49000DBDBDBDBDBDBDBFFFFFFFFFFFFFFFFFFA8
:10C4A000FFFFFFFFFFFFFFFFFFFFFFFFFFFFFFFF9C
:10C4B000FFFFFFFFFFFFFFFFFFFFFFFFFFFFFFFF8C
:10C4C000FFFFFFFFFFFFFFFFFFFFFFFFFFFFFFFF7C
:10C4D000FFFFFFFFFFFFFFFFFFFFFFFFFFFFFFFF6C
:10C4E000FFFFFFFFFFFFFFFFFFFFFFFFFFFFFFFF5C
:10C4F000FFFFFFFFFFFFFFFFFFFFFFFFFFFFFFFF4C
:10C50000FFFFFFFFFFFFFFFFFFFFFFFFFFFFFFFF3B
:10C51000FFFFFFFFFFFFFFFFFFFFFFFFFFFFFFFF2B
:10C52000FFFFFFFFFFFFFFFFFFFFFFFFFFFFFFFF1B
:10C53000FFFFFFFFFFFFFFFFFFFFFFFFFFFFFFFF0B
:10C54000FFFFFFFFFFFFFFFFFFFFFFFFFFFFFFFFFB
:10C55000FFFFFFFFFFFFFFFFFFFFFFFFFFFFFFFFEB
:10C56000FFFFFFFFFFFFFFFFFFFFFFFFFFFFFFFFDB
:10C57000FFFFFFFFFFFFFFFFFFFFFFFFFFFFFFFFCB
:10C58000FFFFFFFFFFFFFFFFFFFFFFFFFFFFFFFFBB
:10C59000FFFFFFFFFFFFFFFFFFFFFFFFFFFFFFFFAB
:10C5A000FFFFFFFFFFFFFFFFFFFFFFFFFFFFDBDBE3
:10C5B000FFFFFFFFFFFFFFFFFFFFFFFFFFFFFFFF8B
:10C5C000DBDBFFFFFFFFFFFFFFFFFFFFFFFFFFFFC3
:10C5D000FFFFFFFFFFFFFFFFFFFFFFFFFFFFFFFF6B
:10C5E000FFFFFFFFFFFFFFFFFFFFFFFFFF6D0024C7
:10C5F000B6FFFFFFFFFFFFFFFFFFFFFFFFFFFFB6DD
:10C60000240092FFFFFFFFFFFFFFFFFFFFFFFFFF81
:10C61000FFFFFFFFFFFFFFFFFFFFFFFFFFFFFFFF2A
:10C62000FFFFFFFFFFFFFFFFFFFFFFFFFF490000CE
:10C6300092FFFFFFFFFFFFFFFFFFFFFFFFFFFF92E4
:10C64000000049FFFFFFFFFFFFFFFFFFFFFFFFFFAE
:10C65000FFFFFFFFFFFFFFFFFFFFFFFFFFFFFFFFEA
:10C66000FFFFFFFFFFFFFFFFFFFFFFFFFF4900008E
:10C6700092FFFFFFFFFFFFFFFFFFFFFFFFFFFF6DC9
:10C6800000006DFFFFFFFFFFFFFFFFFFFFFFFFFF4A
:10C69000FFFFFFFFFFFFFFFFFFFFFFFFFFFFFFFFAA
:10C6A000FFFFFFFFFFFFFFFFFFFFFFFFFFB60000E1
:10C6B00049DBFFFFFFFFFFFFFFFFFFFFFFFFDB2463
:10C6C0000000DBFFFFFFFFFFFFFFFFFFFFFFFFFF9C
:10C6D000FFFFFFFFFFFFFFFFFFFFFFFFFFFFFFFF6A
:10C6E000FFFFFFFFFFFFFFFFFFFFFFFFFFFF240034
:10C6F0000092FFFFFFFFFFFFFFFFFFFFFFFF6D0047
:10C700000024FFFFFFFFFFFFFFFFFFFFFFFFFFFF13
:10C71000FFFFFFFFFFFFFFFFFFFFFFFFFFFFFFDB4D
:10C720004924B6FFFFFFFFFFFFFFFFFFFFFFB6003B
:10C73000000092FFFFFFFFFFFFFFFFFFFF920000DF
:10C7400024B6FFFFFFFFFFFFFFFFFFFFFFB62449F7
:10C75000DBFFFFFFFFFFFFFFFFFFFFFFFFFFFF927A
:10C76000000024FFFFFFFFFFFFFFFFFFFFFFFF6D44
:10C770000000006DFFFFFFFFFFFFFFDB490000002F
:10C780006DFFFFFFFFFFFFFFFFFFFFFFFF24000024
:10C79000B6FFFFFFFFFFFFFFFFFFFFFFFFFFFFDB16
:10C7A000490000B6FFFFFFFFFFFFFFFFFFFFFFFF96
:10C7B0006D000000246DB6DBDBB64900000000927E
:10C7C000FFFFFFFFFFFFFFFFFFFFFFFF920000499A
:10C7D000DBFFFFFFFFFFFFFFFFFFFFFFFFFFFFFF8D
:10C7E00092000049DBFFFFFFFFFFFFFFFFFFFFFF9E
:10C7F000FFB6240000000000000000000024B6FF87
:10C80000FFFFFFFFFFFFFFFFFFFFFFDB24000092A2
:10C81000FFFFFFFFFFFFFFFFFFFFFFFFFFFFFFFF28
:10C82000FF24000092FFFFFFFFFFFFFFFFFFFFFF5E
:10C83000FFFFFF6D492424000024244992FFFFFFDD
:10C84000FFFFFFFFFFFFFFFFFFFFFF6D000049FF3E
:10C85000FFFFFFFFFFFFFFFFFFFFFFFFFFFFFFFFE8
:10C86000FFB600002492FFFFFFFFFFFFFFFFFFFF67
:10C87000FFFFFFFFFFDBDBDBDBDBDBFFFFFFFFFFA0
:10C88000FFFFFFFFFFFFFFFFFFFF92000000DBFF46
:10C89000FFFFFFFFFFFFFFFFFFFFFFFFFFFFFFFFA8
:10C8A000FFFF92000024B6FFFFFFFFFFFFFFFFFF27
:10C8B000FFFFFFFFFFFFFFFFFFFFFFFFFFFFFFFF88
:10C8C000FFFFFFFFFFFFFFFFFF9224000092FFFF2B
:10C8D000FFFFFFFFFFFFFFFFFFFFFFFFFFFFFFFF68
:10C8E000FFFFFF49000024B6FFFFFFFFFFFFFFFF30
:10C8F000FFFFFFFFFFFFFFFFFFFFFFFFFFFFFFFF48
:10C90000FFFFFFFFFFFFFFFF9224000049FFFFFF33
:10C91000FFFFFFFFFFFFFFFFFFFFFFFFFFFFFFFF27
:10C92000FFFFFFFF4900000092FFFFFFFFFFFFFF37
:10C93000FFFFFFFFFFFFFFFFFFFFFFFFFFFFFFFF07
:10C94000FFFFFFFFFFFFFF6D0000006DFFFFFFFF18
:10C95000FFFFFFFFFFFFFFFFFFFFFFFFFFFFFFFFE7
:10C96000FFFFFFFFFF6D00000049DBFFFFFFFFFF40
:10C97000FFFFFFFFFFFFFFFFFFFFFFFFFFFFFFFFC7
:10C98000FFFFFFFFFFB64900000092FFFFFFFFFF20
:10C99000FFFFFFFFFFFFFFFFFFFFFFFFFFFFFFFFA7
:10C9A000FFFFFFFFFFFF92240000006DDBFFFFFF92
:10C9B000FFFFFFFFFFFFFFFFFFFFFFFFFFFFFFFF87
:10C9C000FFFFFFDB6D0000002492FFFFFFFFFFFF72
:10C9D000FFFFFFFFFFFFFFFFFFFFFFFFFFFFFFFF67
:10C9E000FFFFFFFFFFFFFFDB490000002449B6FF08
:10C9F000FFFFFFFFFFFFFFFFFFFFFFFFFFFFFFFF47
:10CA0000FFB6492400000049DBFFFFFFFFFFFFFFE7
:10CA1000FFFFFFFFFFFFFFFFFFFFFFFFFFFFFFFF26
:10CA2000FFFFFFFFFFFFFFFFFF9224000000002435
:10CA30006DB6DBFFFFFFFFFFFFFFFFFFFFDBB66D04
:10CA400024000000002492FFFFFFFFFFFFFFFFFF15
:10CA5000FFFFFFFFFFFFFFFFFFFFFFFFFFFFFFFFE6
:10CA6000FFFFFFFFFFFFFFFFFFFFFFB649000000D2
:10CA700000002424494949494949494924240000DE
:10CA800000000049B6FFFFFFFFFFFFFFFFFFFFFFB2
:10CA9000FFFFFFFFFFFFFFFFFFFFFFFFFFFFFFFFA6
:10CAA000FFFFFFFFFFFFFFFFFFFFFFFFFFDB6D4902
:10CAB000240000000000000000000000000000242E
:10CAC000496DDBFFFFFFFFFFFFFFFFFFFFFFFFFFE2
:10CAD000FFFFFFFFFFFFFFFFFFFFFFFFFFFFFFFF66
:10CAE000FFFFFFFFFFFFFFFFFFFFFFFFFFFFFFFF56
:10CAF000DBDB926D49242400002424496D92DBDBAA
:10CB0000FFFFFFFFFFFFFFFFFFFFFFFFFFFFFFFF35
:10CB1000FFFFFFFFFFFFFFFFFFFFFFFFFFFFFFFF25
:10CB2000FFFFFFFFFFFFFFFFFFFFFFFFFFDB6D24A6
:10CB300024000000000000000000000000000024AD
:10CB40004992DBFFFFFFFFFFFFFFFFFFFFFFFFFF3C
:10CB5000FFFFFFFFFFFFFFFFFFFFFFFFFFFFFFFFE5
:10CB6000FFFFFFFFFFFFFFFFFFFFFFDB4924000088
:10CB700000000000000000000000000000000000B5
:10CB80000000246DDBFFFFFFFFFFFFFFFFFFFFFF44
:10CB9000FFFFFFFFFFFFFFFFFFFFFFFFFFFFFFFFA5
:10CBA000FFFFFFFFFFFFFFFFFFFFFF4900002424FF
:10CBB00049494949494949494949494949494949E5
:10CBC0002424000049FFFFFFFFFFFFFFFFFFFFFFDF
:10CBD000FFFFFFFFFFFFFFFFFFFFFFFFFFFFFFFF65
:10CBE000FFFFFFFFFFFFFFFFFFFF9224002492FFE4
:10CBF000FFFFFFFFFFFFFFFFFFFFFFFFFFFFFFFF45
:10CC0000FF92240024B6FFFFFFFFFFFFFFFFFFFF9F
:10CC1000FFFFFFFFFFFFFFFFFFFFFFFFFFFFFFFF24
:10CC2000FFFFFFFFFFFFFFFFFFFF6D00006DFFFF36
:10CC3000FFFFFFFFFFFFFFFFFFFFFFFFFFFFFFFF04
:10CC4000FFFF6D00246DFFFFFFFFFFFFFFFFFFFFF2
:10CC5000FFFFFFFFFFFFFFFFFFFFFFFFFFFFFFFFE4
:10CC6000FFFFFFFFFFFFFFFFFFFF49002492FFFFD1
:10CC7000FFFFFFFFFFFFFFFFFFFFFFFFFFFFFFFFC4
:10CC8000FFFF92000049FFFFFFFFFFFFFFFFFFFFD5
:10CC9000FFFFFFFFFFFFFFFFFFFFFFFFFFFFFFFFA4
:10CCA000FFFFFFFFFFFFFFFFFFFF49002492FFFF91
:10CCB000FFFFFFFFFFFFFFFFFFFFFFFFFFFFFFFF84
:10CCC000FFFF92000049FFFFFFFFFFFFFFFFFFFF95
:10CCD000FFFFFFFFFFFFFFFFFFFFFFFFFFFFFFFF64
:10CCE000FFFFFFFFFFFFFFFFFFFF49002492FFFF51
:10CCF000FFFFFFFFFFFFFFFFFFFFFFFFFFFFFFFF44
:10CD0000FFFF92000049FFFFFFFFFFFFFFFFFFFF54
:10CD1000FFFFFFFFFFFFFFFFFFFFFFFFFFFFFFFF23
:10CD2000FFFFFFFFFFFFFFFFFFFF49002492FFFF10
:10CD3000FFFFFFFFFFFFFFFFFFFFFFFFFFFFFFFF03
:10CD4000FFFF92000049FFFFFFFFFFFFFFFFFFFF14
:10CD5000FFFFFFFFFFFFFFFFFFFFFFFFFFFFFFFFE3
:10CD6000FFFFFFFFFFFFFFFFFFFF49002492FFFFD0
:10CD7000FFFFFFFFFFFFFFFFFFFFFFFFFFFFFFFFC3
:10CD8000FFFF92000049FFFFFFFFFFFFFFFFFFFFD4
:10CD9000FFFFFFFFFFFFFFFFFFFFFFFFFFFFFFFFA3
:10CDA000FFFFFFFFFFFFFFFFFFFF49002492FFFF90
:10CDB000FFFFFFFFFFFFFFFFFFFFFFFFFFFFFFFF83
:10CDC000FFFF92000049FFFFFFFFFFFFFFFFFFFF94
:10CDD000FFFFFFFFFFFFFFFFFFFFFFFFFFFFFFFF63
:10CDE000FFFFFFFFFFFFFFFFFFFF49002492FFFF50
:10CDF000FFFFFFFFFFFFFFFFFFFFFFFFFFFFFFFF43
:10CE0000FFFF92000049FFFFFFFFFFFFFFFFFFFF53
:10CE1000FFFFFFFFFFFFFFFFFFFFFFFFFFFFFFFF22
:10CE2000FFFFFFFFFFFFFFFFFFFF49002492FFFF0F
:10CE3000FFFFFFFFFFFFFFFFFFFFFFFFFFFFFFFF02
:10CE4000FFFF92000049FFFFFFFFFFFFFFFFFFFF13
:10CE5000FFFFFFFFFFFFFFFFFFFFFFFFFFFFFFFFE2
:10CE6000FFFFFFFFFFFFFFFFFFFF49002492FFFFCF
:10CE7000FFFFFFFFFFFFFFFFFFFFFFFFFFFFFFFFC2
:10CE8000FFFF92000049FFFFFFFFFFFFFFFFFFFFD3
:10CE9000FFFFFFFFFFFFFFFFFFFFFFFFFFFFFFFFA2
:10CEA000FFFFFFFFFFFFFFFFFFFF49002492FFFF8F
:10CEB000FFFFFFFFFFFFFFFFFFFFFFFFFFFFFFFF82
:10CEC000FFFF92000049FFFFFFFFFFFFFFFFFFFF93
:10CED000FFFFFFFFFFFFFFFFFFFFFFFFFFFFFFFF62
:10CEE000FFFFFFFFFFFFFFFFFFFF49002492FFFF4F
:10CEF000FFFFFFFFFFFFFFFFFFFFFFFFFFFFFFFF42
:10CF0000FFFF92000049FFFFFFFFFFFFFFFFFFFF52
:10CF1000FFFFFFFFFFFFFFFFFFFFFFFFFFFFFFFF21
:10CF2000FFFFFFFFFFFFFFFFFF92240024B6FFFF7C
:10CF3000FFFFFFFFFFFFFFFFFFFFFFFFFFFFFFFF01
:10CF4000FFFF92240024B6FFFFFFFFFFFFFFFFFF5C
:10CF5000FFFFFFFFFFFFFFFFFFFFFFFFFFFFFFFFE1
:10CF6000FFFFFFFFFFFFFFFFB624002492DBFFFF60
:10CF7000FFFFFFFFFFFFFFFFFFFFFFFFFFFFFFFFC1
:10CF8000FFFFDB92240049DBFFFFFFFFFFFFFFFFF6
:10CF9000FFFFFFFFFFFFFFFFFFFFFFFFFFFFFFFFA1
:10CFA000FFFFFFFFFFFFFFDB49002492FFFFFFFFB2
:10CFB000FFFFFFFFFFFFFFFFFFFFFFFFFFFFFFFF81
:10CFC000FFFFFFFF92240049DBFFFFFFFFFFFFFF92
:10CFD000FFFFFFFFFFFFFFFFFFFFFFFFFFFFFFFF61
:10CFE000FFFFFFFFFFFFB66D00006DFFFFFFFFFFBC
:10CFF000FFFFFFFFFFFFFFFFFFFFFFFFFFFFFFFF41
:10D00000FFFFFFFFFF6D00246DDBFFFFFFFFFFFF52
:10D01000FFFFFFFFFFFFFFFFFFFFFFFFFFFFFFFF20
:10D02000FFFFFFFFFFB624240049DBFFFFFFFFFFE8
:10D03000FFFFFFFFFFFFFFFFFFFFFFFFFFFFFFFF00
:10D04000FFFFFFFFFFDB49002449DBFFFFFFFFFF7E
:10D05000FFFFFFFFFFFFFFFFFFFFFFFFFFFFFFFFE0
:10D06000FFFFFFFFDB49000024DBFFFFFFFFFFFFA7
:10D07000FFFFFFFFFFFFFFFFFFFFFFFFFFFFFFFFC0
:10D08000FFFFFFFFFFFFB624000049DBFFFFFFFFAC
:10D09000FFFFFFFFFFFFFFFFFFFFFFFFFFFFFFFFA0
:10D0A000FFFFFFFF6D000024B6FFFFFFFFFFFFFF44
:10D0B000FFFFFFFFFFFFFFFFFFFFFFFFFFFFFFFF80
:10D0C000FFFFFFFFFFFFFF922400006DFFFFFFFF48
:10D0D000FFFFFFFFFFFFFFFFFFFFFFFFFFFFFFFF60
:10D0E000FFFFFF6D24002492FFFFFFFFFFFFFFFF04
:10D0F000FFFFFFFFFFFFFFFFFFFFFFFFFFFFFFFF40
:10D10000FFFFFFFFFFFFFFFF9224002492FFFFFFBE
:10D11000FFFFFFFFFFFFFFFFFFFFFFFFFFFFFFFF1F
:10D12000FFFFB6240049B6FFFFFFFFFFFFFFFFFF31
:10D13000FFFFFFFFFFFFFFFFFFFFFFFFFFFFFFFFFF
:10D14000FFFFFFFFFFFFFFFFFFB6240024B6FFFF36
:10D15000FFFFFFFFFFFFFFFFFFFFFFFFFFFFFFFFDF
:10D16000FFB6240024B6FFFFFFFFFFFFFFFFFFFF16
:10D17000FFFFFFFFFFFFFFFFFFFFFFFFFFFFFFFFBF
:10D18000FFFFFFFFFFFFFFFFFFFFB6240024DBFFD1
:10D19000FFFFFFFFFFFFFFFFFFFFFFFFFFFFFFFF9F
:10D1A0009249002492FFFFFFFFFFFFFFFFFFFFFFF9
:10D1B000FFFFFFFFFFFFFFFFFFFFFFFFFFFFFFFF7F
:10D1C000FFFFFFFFFFFFFFFFFFFFFF92240049B6B5
:10D1D000FFFFFFFFFFFFFFFFFFFFFFFFFFFFFF92CC
:10D1E0002400006DFFFFFFFFFFFFFFFFFFFFFFFFBA
:10D1F000FFFFFFFFFFFFFFFFFFFFFFFFFFFFFFFF3F
:10D20000FFFFFFFFFFFFFFFFFFFFFFFF6D00242475
:10D21000B6FFFFFFFFFFFFFFFFFFFFFFFFFFB6248B
:10D22000000049FFFFFFFFFFFFFFFFFFFFFFFFFFC2
:10D23000FFFFFFFFFFFFFFFFFFFFFFFFFFFFFFFFFE
:10D24000FFFFFFFFFFFFFFFFFFFFFFFFDB490000C6
:10D2500024DBFFFFFFFFFFFFFFFFFFFFFFDB2400DB
:10D260000024DBFFFFFFFFFFFFFFFFFFFFFFFFFFCC
:10D27000FFFFFFFFFFFFFFFFFFFFFFFFFFFFFFFFBE
:10D28000FFFFFFFFFFFFFFFFFFFFFFFFFFDB2400AC
:10D290000049FFFFFFFFFFFFFFFFFFFFFF49000007
:10D2A00049B6FFFFFFFFFFFFFFFFFFFFFFFFFFFF8D
:10D2B000FFFFFFFFFFFFFFFFFFFFFFFFFFFFFFFF7E
:10D2C000FFFFFFFFFFFFFFFFFFFFFFFFFFFFB6496D
:10D2D00000006DFFFFFFFFFFFFFFFFFF6D24004910
:10D2E000FFFFFFFFFFFFFFFFFFFFFFFFFFFFFFFF4E
:10D2F000FFFFFFFFFFFFFFFFFFFFFFFFFFFFFFFF3E
:10D30000FFFFFFFFFFFFFFFFFFFFFFFFFFFFFFFF2D
:10D3100049002492FFFFFFFFFFFFFF92240024DB60
:10D32000FFFFFFFFFFFFFFFFFFFFFFFFFFFFFFFF0D
:10D33000FFFFFFFFFFFFFFFFFFFFFFFFFFFFFFFFFD
:10D34000FFFFFFFFFFFFFFFFFFFFFFFFFFFFFFFFED
:10D35000DB240024B6FFFFFFFFFF49240024B6FFB3
:10D36000FFFFFFFFFFFFFFFFFFFFFFFFFFFFFFFFCD
:10D37000FFFFFFFFFFFFFFFFFFFFFFFFFFFFFFFFBD
:10D38000FFFFFFFFFFFFFFFFFFFFFFFFFFFFFFFFAD
:10D39000FFB62400246DFFFFFF6D000024B6FFFFE1
:10D3A000FFFFFFFFFFFFFFFFFFFFFFFFFFFFFFFF8D
:10D3B000FFFFFFFFFFFFFFFFFFFFFFFFFFFFFFFF7D
:10D3C000FFFFFFFFFFFFFFFFFFFFFFFFFFFFFFFF6D
:10D3D000FFFF922400006DFF9224000024496D6D30
:10D3E0006D6D6D6D6D6D6D6D6D6D6D6D6D6D6D6D6D
:10D3F0006D6D6D6D6D6D6D6D6D6D6D6D6D6D6D6D5D
:10D400006D6D6D6D6D6D6D6D6D6D6D6D6D6D6D6D4C
:10D410006D6D4924000024B62400000000000000C7
:10D4200000000000000000000000000000000000FC
:10D4300000000000000000000000000000000000EC
:10D4400000000000000000000000000000000000DC
:10D4500000000000000000496D242424242424241A
:10D46000242424242424242424242424242424247C
:10D47000242424242424242424242424242424246C
:10D48000242424242424242424242424242424245C
:10D490002424242424242492FFFFFFFFFFFFFFFF06
:10D4A000FFFFFFFFFFFFFFFFFFFFFFFFFFFFFFFF8C
:10D4B000FFFFFFFFFFFFFFFFFFFFFFFFFFFFFFFF7C
:10D4C000FFFFFFFFFFFFFFFFFFFFFFFFFFFFFFFF6C
:10D4D000FFFFFFFFFFFFFFFFFFFFFFFFFFFFFFFF5C
:10D4E000FFFFFFFFFFFFFFFFFFFFFFFFFFFFFFFF4C
:10D4F000FFFFFFFFFFFFFFFFFFFFFFFFFFFFFFFF3C
:10D50000FFFFFFFFFFFFFFFFFFFFFFFFFFFFFFFF2B
:10D51000FFFFFFFFFFFFFFFFFFFFFFFFFFFFFFFF1B
:10D52000FFFFFFFFFFFFFFFFFFFFFFFFFFFFFFFF0B
:10D53000FFFFFFFFFFFFFFFFFFFFFFFFFFFFFFFFFB
:10D54000FFFFFFFFFFFFFFFFFFFFFFFFFFFFFFFFEB
:10D55000FFFFFFFFFFFFFFFFFFFFFFFFFFFFFFFFDB
:10D56000FFFFFFFFFFFFFFFFFFFFFFFFFFFFFFFFCB
:10D57000FFFFFFFFFFFFFFFFFFFFFFFFFFFFFFFFBB
:10D58000FFFFFFFFFFFFFFFFFFFFFFFFFFFFFFFFAB
:10D59000FFFFFFFFFFFFFFFFFFFFFFFFFFFFFFFF9B
:10D5A000FFFFFFFFFFFFFFFFFFFFFFFFFFFFFFFF8B
:10D5B000FFFFFFFFFFFFFFFFFFFFFFFFFFFFFFFF7B
:10D5C000FFFFFFFFFFFFFFFFFFFFFFFFFFFFFFFF6B
:10D5D000FFFFFFFFFFFFFFFFFFFFFFFFFFFFFFFF5B
:10D5E000FFFFFFFFFFFFFFFFFFFFFFFFFFFFFFFF4B
:10D5F000FFFFFFFFFFFFFFFFFFFFFFFFFFFFFFFF3B
:10D60000FFFFFFFFFFFFFFFFFFFFFFFFFFFFFFFF2A
:10D61000FFFFFFFFFFFFFFFFFFFFFFFFFFFFFFFF1A
:10D62000FFFFFFFFFFFFFFFFFFFFFFFFFFFFDBFF2E
:10D63000FFFFFFFFFFFFFFFFFFFFFFFFFFFFFFFFFA
:10D64000FFFFFFFFFFFFFFFFFFFFFFFFFFFFFFFFEA
:10D65000FFFFFFFFFFFFFFFFFFFFFFFFFFFFFFFFDA
:10D66000FFFFFFFFFFFFFFFFFFFFFFFFFFB649497F
:10D67000B6FFFFFFFFFFFFFFFFFFFFFFFFFFFFB64C
:10D680004949DBFFFFFFFFFFFFFFFFFFFFFFFFFF3A
:10D69000FFFFFFFFFFFFFFFFFFFFFFFFFFFFFFFF9A
:10D6A000FFFFFFFFFFFFFFFFFFFFFFFFFFB62400AD
:10D6B00049DBDBFFFFFFFFFFFFFFFFFFFFDBB6499B
:10D6C0000024B6FFFFFFFFFFFFFFFFFFFFFFFFFF8D
:10D6D000FFFFFFFFFFFFFFFFFFFFFFFFFFFFFFFF5A
:10D6E000FFFFFFFFFFFFFFFFFFFFFFFFFFFF6D24B7
:10D6F00000496DFFFFFFFFFFFFFFFFFFDB6D4900EC
:10D70000246DFFFFFFFFFFFFFFFFFFFFFFFFFFFF96
:10D71000FFFFFFFFFFFFFFFFFFFFFFFFFFFFFFFF19
:10D72000FFFFFFFFFFFFFFFFFFFFFFFFFFFFFF6D9B
:10D730002400246DFFFFFFFFFFFFFFDB6D240024AB
:10D740006DFFFFFFFFFFFFFFFFFFFFFFFFFFFFFF7B
:10D75000FFFFFFFFFFFFFFFFFFFFFFFFFFFFFFFFD9
:10D76000FFFFFFFFFFFFFFFFFFFFFFFFFFFFFFDBED
:10D770006D2400246DFFFFFFFFFFDB6D2400246D8F
:10D78000FFFFFFFFFFFFFFFFFFFFFFFFFFFFFFFFA9
:10D79000FFFFFFFFFFFFFFFFFFFFFFFFFFFFFFFF99
:10D7A000FFFFFFFFFFFFFFFFFFFFFFFFFFFFFFFF89
:10D7B000DB6D4900246DFFFFFFDB6D2400496DFF29
:10D7C000FFFFFFFFFFFFFFFFFFFFFFFFFFFFFFFF69
:10D7D000FFFFFFFFFFFFFFFFFFFFFFFFFFFFFFFF59
:10D7E000FFFFFFFFFFFFFFFFFFFFFFFFFFFFFFFF49
:10D7F000FFDBB64900246DDBDB6D240049DBFFFF56
:10D80000FFFFFFFFFFFFFFFFFFFFFFFFFFFFFFFF28
:10D81000FFFFFFFFFFFFFFFFFFFFFFFFFFFFFFFF18
:10D82000FFFFFFFFFFFFFFFFFFFFFFFFFFFFFFFF08
:10D83000FFFFFFB64900244949240049DBFFFFFFF1
:10D84000FFFFFFFFFFFFFFFFFFFFFFFFFFFFFFFFE8
:10D85000FFFFFFFFFFFFFFFFFFFFFFFFFFFFFFFFD8
:10D86000FFFFFFFFFFFFFFFFFFFFFFFFFFFFFFFFC8
:10D87000FFFFFFFFB6490000000049DBFFFFFFFF8D
:10D88000FFFFFFFFFFFFFFFFFFFFFFFFFFFFFFFFA8
:10D89000FFFFFFFFFFFFFFFFFFFFFFFFFFFFFFFF98
:10D8A000FFFFFFFFFFFFFFFFFFFFFFFFFFFFFFFF88
:10D8B000FFFFFFFFFF6D0000000092FFFFFFFFFF73
:10D8C000FFFFFFFFFFFFFFFFFFFFFFFFFFFFFFFF68
:10D8D000FFFFFFFFFFFFFFFFFFFFFFFFFFFFFFFF58
:10D8E000FFFFFFFFFFFFFFFFFFFFFFFFFFFFFFFF48
:10D8F000FFFFFFFF92240000000024B6FFFFFFFFA0
:10D90000FFFFFFFFFFFFFFFFFFFFFFFFFFFFFFFF27
:10D91000FFFFFFFFFFFFFFFFFFFFFFFFFFFFFFFF17
:10D92000FFFFFFFFFFFFFFFFFFFFFFFFFFFFFFFF07
:10D93000FFFFFF922400246D6D240024B6FFFFFF3B
:10D94000FFFFFFFFFFFFFFFFFFFFFFFFFFFFFFFFE7
:10D95000FFFFFFFFFFFFFFFFFFFFFFFFFFFFFFFFD7
:10D96000FFFFFFFFFFFFFFFFFFFFFFFFFFFFFFFFC7
:10D97000FFDB9224002492FFFF92240024B6DBFFF9
:10D98000FFFFFFFFFFFFFFFFFFFFFFFFFFFFFFFFA7
:10D99000FFFFFFFFFFFFFFFFFFFFFFFFFFFFFFFF97
:10D9A000FFFFFFFFFFFFFFFFFFFFFFFFFFFFFFFF87
:10D9B000DB4924002492FFFFFFFF9224002449DB6F
:10D9C000FFFFFFFFFFFFFFFFFFFFFFFFFFFFFFFF67
:10D9D000FFFFFFFFFFFFFFFFFFFFFFFFFFFFFFFF57
:10D9E000FFFFFFFFFFFFFFFFFFFFFFFFFFFFFFDB6B
:10D9F0004900002492FFFFFFFFFFFF92240000492F
:10DA0000DBFFFFFFFFFFFFFFFFFFFFFFFFFFFFFF4A
:10DA1000FFFFFFFFFFFFFFFFFFFFFFFFFFFFFFFF16
:10DA2000FFFFFFFFFFFFFFFFFFFFFFFFFFFFDB49E0
:10DA300000242492FFFFFFFFFFFFFFFF922400005E
:10DA400049DBFFFFFFFFFFFFFFFFFFFFFFFFFFFFC0
:10DA5000FFFFFFFFFFFFFFFFFFFFFFFFFFFFFFFFD6
:10DA6000FFFFFFFFFFFFFFFFFFFFFFFFFFDB49009F
:10DA7000006D92FFFFFFFFFFFFFFFFFFFF924900D6
:10DA80000049DBFFFFFFFFFFFFFFFFFFFFFFFFFF7F
:10DA9000FFFFFFFFFFFFFFFFFFFFFFFFFFFFFFFF96
:10DAA000FFFFFFFFFFFFFFFFFFFFFFFFFF920000F1
:10DAB0006DFFFFFFFFFFFFFFFFFFFFFFFFFFDB49E2
:10DAC0000024B6FFFFFFFFFFFFFFFFFFFFFFFFFF89
:10DAD000FFFFFFFFFFFFFFFFFFFFFFFFFFFFFFFF56
:10DAE000FFFFFFFFFFFFFFFFFFFFFFFFFFDB6D6D8E
:10DAF000FFFFFFFFFFFFFFFFFFFFFFFFFFFFFFDB5A
:10DB00006D6DDBFFFFFFFFFFFFFFFFFFFFFFFFFF6D
:10DB1000FFFFFFFFFFFFFFFFFFFFFFFFFFFFFFFF15
:10DB2000FFFFFFFFFFFFFFFFFFFFFFFFFFFFFFFF05
:10DB3000FFFFFFFFFFFFFF4949FFFFFFFFFFFFFF61
:10DB4000FFFFFFFFFFFFFFFFFFFFFFFFFFFFFFFFE5
:10DB5000FFFFFFFFFFFFFFFFFFFFFFFFFFFFFFFFD5
:10DB6000FFFFFFFFFFFFFFFFFFFFFFFFFFFFFFFFC5
:10DB7000FFFFFFFFFFFFDB0000DBFFFFFFFFFFFFFB
:10DB8000FFFFFFFFFFFFFFFFFFFFFFFFFFFFFFFFA5
:10DB9000FFFFFFFFFFFFFFFFFFFFFFFFFFFFFFFF95
:10DBA000FFFFFFFFFFFFFFFFFFFFFFFFFFFFFFFF85
:10DBB000FFFFFFFFFFFFDB0000DBFFFFFFFFFFFFBB
:10DBC000FFFFFFFFFFFFFFFFFFFFFFFFFFFFFFFF65
:10DBD000FFFFFFFFFFFFFFFFFFFFFFFFFFFFFFFF55
:10DBE000FFFFFFFFFFFFFFFFFFFFFFFFFFFFFFFF45
:10DBF000FFFFFFFFFFFFDB0000DBFFFFFFFFFFFF7B
:10DC0000FFFFFFFFFFFFFFFFFFFFFFFFFFFFFFFF24
:10DC1000FFFFFFFFFFFFFFFFFFFFFFFFFFFFFFFF14
:10DC2000FFFFFFFFFFFFFFFFFFFFFFFFFFFFFFFF04
:10DC3000FFFFFFFFFFFFDB0000DBFFFFFFFFFFFF3A
:10DC4000FFFFFFFFFFFFFFFFFFFFFFFFFFFFFFFFE4
:10DC5000FFFFFFFFFFFFFFFFFFFFFFFFFFFFFFFFD4
:10DC6000FFFFFFFFFFFFFFFFFFFFFFFFFFFFFFFFC4
:10DC7000FFFFFFFFFFFFDB0000DBFFFFFFFFFFFFFA
:10DC8000FFFFFFFFFFFFFFFFFFFFFFFFFFFFFFFFA4
:10DC9000FFFFFFFFFFFFFFFFFFFFFFFFFFFFFFFF94
:10DCA000FFFFFFFFFFFFFFFFFFFFFFFFFFFFFFFF84
:10DCB000FFFFFFFFFFFFDB0000DBFFFFFFFFFFFFBA
:10DCC000FFFFFFFFFFFFFFFFFFFFFFFFFFFFFFFF64
:10DCD000FFFFFFFFFFFFFFFFFFFFFFFFFFFFFFFF54
:10DCE000FFFFFFFFFFFFFFFFFFFFFFFFFFFFFFFF44
:10DCF000FFFFFFFFFFFFDB0000DBFFFFFFFFFFFF7A
:10DD0000FFFFFFFFFFFFFFFFFFFFFFFFFFFFFFFF23
:10DD1000FFFFFFFFFFFFFFFFFFFFFFFFFFFFFFFF13
:10DD2000FFFFFFFFFFFFFFFFFFFFFFFFFFFFFFFF03
:10DD3000FFFFFFFFFFFFDB0000DBFFFFFFFFFFFF39
:10DD4000FFFFFFFFFFFFFFFFFFFFFFFFFFFFFFFFE3
:10DD5000FFFFFFFFFFFFFFFFFFFFFFFFFFFFFFFFD3
:10DD6000FFFFFFFFFFFFFFFFFFFFFFFFFFFFFFFFC3
:10DD7000FFFFFFFFFFFFDB0000DBFFFFFFFFFFFFF9
:10DD8000FFFFFFFFFFFFFFFFFFFFFFFFFFFFFFFFA3
:10DD9000FFFFFFFFFFFFFFFFFFFFFFFFFFFFFFFF93
:10DDA000FFFFFFFFFFFFFFFFFFFFFFFFFFFFFFFF83
:10DDB000FFFFFFFFFFFFDB0000DBFFFFFFFFFFFFB9
:10DDC000FFFFFFFFFFFFFFFFFFFFFFFFFFFFFFFF63
:10DDD000FFFFFFFFFFFFFFFFFFFFFFFFFFFFFFFF53
:10DDE000FFFFFFFFFFFFFFFFFFFFFFFFFFFFFFFF43
:10DDF000FFFFFFFFFFFFDB0000DBFFFFFFFFFFFF79
:10DE0000FFFFFFFFFFFFFFFFFFFFFFFFFFFFFFFF22
:10DE1000FFFFFFFFFFFFFFFFFFFFFFFFFFFFFFFF12
:10DE2000FFFFFFFFFFFFFFFFFFFFFFFFFFFFFFFF02
:10DE3000FFFFFFFFFFFFDB0000DBFFFFFFFFFFFF38
:10DE4000FFFFFFFFFFFFFFFFFFFFFFFFFFFFFFFFE2
:10DE5000FFFFFFFFFFFFFFFFFFFFFFFFFFFFFFFFD2
:10DE6000FFFFFFFFFFFFFFFFFFFFFFFFFFFFFFFFC2
:10DE7000FFFFFFFFFFFFDB0000DBFFFFFFFFFFFFF8
:10DE8000FFFFFFFFFFFFFFFFFFFFFFFFFFFFFFFFA2
:10DE9000FFFFFFFFFFFFFFFFFFFFFFFFFFFFFFFF92
:10DEA000FFFFFFFFFFFFFFFFFFFFFFFFFFFFFFFF82
:10DEB000FFFFFFFFFFFFDB0000DBFFFFFFFFFFFFB8
:10DEC000FFFFFFFFFFFFFFFFFFFFFFFFFFFFFFFF62
:10DED000FFFFFFFFFFFFFFFFFFFFFFFFFFFFFFFF52
:10DEE000FFFFFFFFFFFFFFFFFFFFFFFFFFFFFFFF42
:10DEF000FFFFFFFFFFFFDB0000DBFFFFFFFFFFFF78
:10DF0000FFFFFFFFFFFFFFFFFFFFFFFFFFFFFFFF21
:10DF1000FFFFFFFFFFFFFFFFFFFFFFFFFFFFFFFF11
:10DF2000FFFFFFFFFFFFFFFFFFFFFFFFFFFFFFFF01
:10DF3000FFFFFFFFFFFFDB0000DBFFFFFFFFFFFF37
:10DF4000FFFFFFFFFFFFFFFFFFFFFFFFFFFFFFFFE1
:10DF5000FFFFFFFFFFFFFFFFFFFFFFFFFFFFFFFFD1
:10DF6000FFFFFFFFFFFFFFFFFFFFFFFFFFFFFFFFC1
:10DF7000FFFFFFFFFFFFDB0000DBFFFFFFFFFFFFF7
:10DF8000FFFFFFFFFFFFFFFFFFFFFFFFFFFFFFFFA1
:10DF9000FFFFFFFFFFFFFFFFFFFFFFFFFFFFFFFF91
:10DFA000FFFFFFFFFFFFFFFFFFFFFFFFFFFFFFFF81
:10DFB000FFFFFFFFFFFFDB0000DBFFFFFFFFFFFFB7
:10DFC000FFFFFFFFFFFFFFFFFFFFFFFFFFFFFFFF61
:10DFD000FFFFFFFFFFFFFFFFFFFFFFFFFFFFFFFF51
:10DFE000FFFFFFFFFFFFFFFFFFFFFFFFFFFFFFFF41
:10DFF000FFFFFFFFFFFFDB0000DBFFFFFFFFFFFF77
:10E00000FFFFFFFFFFFFFFFFFFFFFFFFFFFFFFFF20
:10E01000FFFFFFFFFFFFFFFFFFFFFFFFFFFFFFFF10
:10E02000FFFFFFFFFFFFFFFFFFFFFFFFFFFFFFFF00
:10E03000FFFFFFFFFFFFDB0000DBFFFFFFFFFFFF36
:10E04000FFFFFFFFFFFFFFFFFFFFFFFFFFFFFFFFE0
:10E05000FFFFFFFFFFFFFFFFFFB64949494949495D
:10E06000494949494949494949494949496DDBFFB4
:10E07000FFFFFFFFFFFFDB0000DBFFFFFFFFFFFFF6
:10E08000FFDB6D4949494949494949494949494994
:10E09000494949494949B6FF920000000000000083
:10E0A00000000000000000000000000000006DFF04
:10E0B000FFFFFFFFFFFFDB0000DBFFFFFFFFFFFFB6
:10E0C000FF6D0000000000000000000000000000E4
:10E0D000000000000000009224000000000000008A
:10E0E0000000000000000000000000000024B6FF57
:10E0F000FFFFFFFFFFFFDB0000DBFFFFFFFFFFFF76
:10E10000FFB6240000000000000000000000000036
:10E110000000000000000024000049FFFFFFFFFF97
:10E12000FFFFFFFFFFFFFFFFFFFFFFFFFFFFFFFFFF
:10E13000FFFFFFFFFFFFDB0000DBFFFFFFFFFFFF35
:10E14000FFFFFFFFFFFFFFFFFFFFFFFFFFFFFFFFDF
:10E15000FFFFFFFFFF490000000049FFFFFFFFFF37
:10E16000FFFFFFFFFFFFFFFFFFFFFFFFFFFFFFFFBF
:10E17000FFFFFFFFFFFFDB0000DBFFFFFFFFFFFFF5
:10E18000FFFFFFFFFFFFFFFFFFFFFFFFFFFFFFFF9F
:10E19000FFFFFFFFFF490000000049FFFFFFFFFFF7
:10E1A000FFFFFFFFFFFFFFFFFFFFFFFFFFFFFFFF7F
:10E1B000FFFFFFFFFFFFDB0000DBFFFFFFFFFFFFB5
:10E1C000FFFFFFFFFFFFFFFFFFFFFFFFFFFFFFFF5F
:10E1D000FFFFFFFFFF490000000049FFFFFFFFFFB7
:10E1E000FFFFFFFFFFFFFFFFFFFFFFFFFFFFFFFF3F
:10E1F000FFFFFFFFFFFFDB0000DBFFFFFFFFFFFF75
:10E20000FFFFFFFFFFFFFFFFFFFFFFFFFFFFFFFF1E
:10E21000FFFFFFFFFF490000000049FFFFFFFFFF76
:10E22000FFFFFFFFFFFFFFFFFFFFFFFFFFFFFFFFFE
:10E23000FFFFFFFFFFFFDB0000DBFFFFFFFFFFFF34
:10E24000FFFFFFFFFFFFFFFFFFFFFFFFFFFFFFFFDE
:10E25000FFFFFFFFFF490000000049FFFFFFFFFF36
:10E26000FFFFFFFFFFFFFFFFFFFFFFFFFFFFFFFFBE
:10E27000FFFFFFFFFFFFDB0000DBFFFFFFFFFFFFF4
:10E28000FFFFFFFFFFFFFFFFFFFFFFFFFFFFFFFF9E
:10E29000FFFFFFFFFF490000000049FFFFFFFFFFF6
:10E2A000FFFFFFFFFFFFFFFFFFFFFFFFFFFFFFFF7E
:10E2B000FFFFFFFFFFFFDB0000DBFFFFFFFFFFFFB4
:10E2C000FFFFFFFFFFFFFFFFFFFFFFFFFFFFFFFF5E
:10E2D000FFFFFFFFFF490000000049FFFFFFFFFFB6
:10E2E000FFFFFFFFFFFFFFFFFFFFFFFFFFFFFFFF3E
:10E2F000FFFFFFFFFFFFDB0000DBFFFFFFFFFFFF74
:10E30000FFFFFFFFFFFFFFFFFFFFFFFFFFFFFFFF1D
:10E31000FFFFFFFFFF490000000049FFFFFFFFFF75
:10E32000FFFFFFFFFFFFFFFFFFFFFF4949DBFFFF8D
:10E33000FFFFFFFFFFFFDB0000DBFFFFFFFFFFFF33
:10E34000FFFFDB4949FFFFFFFFFFFFFFFFFFFFFF6D
:10E35000FFFFFFFFFF490000000049FFFFFFFFFF35
:10E36000FFFFFFFFFFFFFFFFFFFFDB240049FFFF71
:10E37000FFFFFFFFFFFFDB0000DBFFFFFFFFFFFFF3
:10E38000FFFF490024DBFFFFFFFFFFFFFFFFFFFF51
:10E39000FFFFFFFFFF490000000049FFFFFFFFFFF5
:10E3A000FFFFFFFFFFFFFFFFFFFFFF49000049FFE7
:10E3B000FFFFFFFFFFFFDB0000DBFFFFFFFFFFFFB3
:10E3C000FF49000049FFFFFFFFFFFFFFFFFFFFFFC7
:10E3D000FFFFFFFFFF490000000049FFFFFFFFFFB5
:10E3E000FFFFFFFFFFFFFFFFFFFFFFFF49000049A7
:10E3F000FFFFFFFFFFFFDB0000DBFFFFFFFFFFFF73
:10E4000049000049FFFFFFFFFFFFFFFFFFFFFFFF86
:10E41000FFFFFFFFFF490000000049FFFFFFFFFF74
:10E42000FFFFFFFFFFFFFFFFFFFFFFFFFF490000B0
:10E430006DFFFFFFFFFFDB0000DBFFFFFFFFFF6D56
:10E44000000049FFFFFFFFFFFFFFFFFFFFFFFFFF90
:10E45000FFFFFFFFFF490000000049FFFFFFFFFF34
:10E46000FFFFFFFFFFFFFFFFFFFFFFFFFFDB2400BA
:10E470002492FFFFFFFFDB0000DBFFFFFFFF922482
:10E480000024DBFFFFFFFFFFFFFFFFFFFFFFFFFF9A
:10E49000FFFFFFFFFF490000000049FFFFFFFFFFF4
:10E4A000FFFFFFFFFFFFFFFFFFFFFFFFFFFFDB247B
:10E4B000000092FFFFFFDB0000DBFFFFFF92000088
:10E4C00024DBFFFFFFFFFFFFFFFFFFFFFFFFFFFF5B
:10E4D000FFFFFFFFFF490000000049FFFFFFFFFFB4
:10E4E000FFFFFFFFFFFFFFFFFFFFFFFFFFFFFFB685
:10E4F000240024B6FFFFDB0000DBFFFFB62400246E
:10E50000B6FFFFFFFFFFFFFFFFFFFFFFFFFFFFFF64
:10E51000FFFFFFFFFF490000000049FFFFFFFFFF73
:10E52000FFFFFFFFFFFFFFFFFFFFFFFFFFFFFFFFFB
:10E53000B6240024B6FFDB0000DBFFB6240024B6BF
:10E54000FFFFFFFFFFFFFFFFFFFFFFFFFFFFFFFFDB
:10E55000FFFFFFFFFF490000000049FFFFFFFFFF33
:10E56000FFFFFFFFFFFFFFFFFFFFFFFFFFFFFFFFBB
:10E57000FF92000024DBDB0000DBDB24000092FFC5
:10E58000FFFFFFFFFFFFFFFFFFFFFFFFFFFFFFFF9B
:10E59000FFFFFFFFFF490000000049FFFFFFFFFFF3
:10E5A000FFFFFFFFFFFFFFFFFFFFFFFFFFFFFFFF7B
:10E5B000FFFF92240024B60000B624002492FFFF3F
:10E5C000FFFFFFFFFFFFFFFFFFFFFFFFFFFFFFFF5B
:10E5D000FFFFFFFFFF490000000049FFFFFFFFFFB3
:10E5E000FFFFFFFFFFFFFFFFFFFFFFFFFFFFFFFF3B
:10E5F000FFFFFF6D00002400002400006DFFFFFFFF
:10E60000FFFFFFFFFFFFFFFFFFFFFFFFFFFFFFFF1A
:10E61000FFFFFFFFFF490000000049FFFFFFFFFF72
:10E62000FFFFFFFFFFFFFFFFFFFFFFFFFFFFFFFFFA
:10E63000FFFFFFFF4900000000000049FFFFFFFF50
:10E64000FFFFFFFFFFFFFFFFFFFFFFFFFFFFFFFFDA
:10E65000FFFFFFFFFF490000000049FFFFFFFFFF32
:10E66000FFFFFFFFFFFFFFFFFFFFFFFFFFFFFFFFBA
:10E67000FFFFFFFFFF490000000049FFFFFFFFFF12
:10E68000FFFFFFFFFFFFFFFFFFFFFFFFFFFFFFFF9A
:10E69000FFFFFFFFFF490000000049FFFFFFFFFFF2
:10E6A000FFFFFFFFFFFFFFFFFFFFFFFFFFFFFFFF7A
:10E6B000FFFFFFFFFFFF49000049FFFFFFFFFFFFD4
:10E6C000FFFFFFFFFFFFFFFFFFFFFFFFFFFFFFFF5A
:10E6D000FFFFFFFFFF490000000049FFFFFFFFFFB2
:10E6E000FFFFFFFFFFFFFFFFFFFFFFFFFFFFFFFF3A
:10E6F000FFFFFFFFFFFFDB4949DBFFFFFFFFFFFFDE
:10E70000FFFFFFFFFFFFFFFFFFFFFFFFFFFFFFFF19
:10E71000FFFFFFFFFF490000000049FFFFFFFFFF71
:10E72000FFFFFFFFFFFFFFFFFFFFFFFFFFFFFFFFF9
:10E73000FFFFFFFFFFFFFFFFFFFFFFFFFFFFFFFFE9
:10E74000FFFFFFFFFFFFFFFFFFFFFFFFFFFFFFFFD9
:10E75000FFFFFFFFFF490000000049FFFFFFFFFF31
:10E76000FFFFFFFFFFFFFFFFFFFFFFFFFFFFFFFFB9
:10E77000FFFFFFFFFFFFFFFFFFFFFFFFFFFFFFFFA9
:10E78000FFFFFFFFFFFFFFFFFFFFFFFFFFFFFFFF99
:10E79000FFFFFFFFFF490000000049FFFFFFFFFFF1
:10E7A000FFFFFFFFFFFFFFFFFFFFFFFFFFFFFFFF79
:10E7B000FFFFFFFFFFFFFFFFFFFFFFFFFFFFFFFF69
:10E7C000FFFFFFFFFFFFFFFFFFFFFFFFFFFFFFFF59
:10E7D000FFFFFFFFFF490000000049FFFFFFFFFFB1
:10E7E000FFFFFFFFFFFFFFFFFFFFFFFFFFFFFFFF39
:10E7F000FFFFFFFFFFFFFFFFFFFFFFFFFFFFFFFF29
:10E80000FFFFFFFFFFFFFFFFFFFFFFFFFFFFFFFF18
:10E81000FFFFFFFFFF490000000049FFFFFFFFFF70
:10E82000FFFFFFFFFFFFFFFFFFFFFFFFFFFFFFFFF8
:10E83000FFFFFFFFFFFFFFFFFFFFFFFFFFFFFFFFE8
:10E84000FFFFFFFFFFFFFFFFFFFFFFFFFFFFFFFFD8
:10E85000FFFFFFFFFF490000000049FFFFFFFFFF30
:10E86000FFFFFFFFFFFFFFFFFFFFFFFFFFFFFFFFB8
:10E87000FFFFFFFFFFFFFFFFFFFFFFFFFFFFFFFFA8
:10E88000FFFFFFFFFFFFFFFFFFFFFFFFFFFFFFFF98
:10E89000FFFFFFFFFF490000000049FFFFFFFFFFF0
:10E8A000FFFFFFFFFFFFFFFFFFFFFFFFFFFFFFFF78
:10E8B000FFFFFFFFFFFFFFFFFFFFFFFFFFFFFFFF68
:10E8C000FFFFFFFFFFFFFFFFFFFFFFFFFFFFFFFF58
:10E8D000FFFFFFFFFF490000000049FFFFFFFFFFB0
:10E8E000FFFFFFFFFFFFFFFFFFFFFFFFFFFFFFFF38
:10E8F000FFFFFFFFFFFFFFFFFFFFFFFFFFFFFFFF28
:10E90000FFFFFFFFFFFFFFFFFFFFFFFFFFFFFFFF17
:10E91000FFFFFFFFFF490000000049FFFFFFFFFF6F
:10E92000FFFFFFFFFFFFFFFFFFFFFFFFFFFFFFFFF7
:10E93000FFFFFFFFFFFFFFFFFFFFFFFFFFFFFFFFE7
:10E94000FFFFFFFFFFFFFFFFFFFFFFFFFFFFFFFFD7
:10E95000FFFFFFFFFF490000000049FFFFFFFFFF2F
:10E96000FFFFFFFFFFFFFFFFFFFFFFFFFFFFFFFFB7
:10E97000FFFFFFFFFFFFFFFFFFFFFFFFFFFFFFFFA7
:10E98000FFFFFFFFFFFFFFFFFFFFFFFFFFFFFFFF97
:10E99000FFFFFFFFFF490000000049FFFFFFFFFFEF
:10E9A000FFFFFFFFFFFFFFFFFFFFFFFFFFFFFFFF77
:10E9B000FFFFFFFFFFFFFFFFFFFFFFFFFFFFFFFF67
:10E9C000FFFFFFFFFFFFFFFFFFFFFFFFFFFFFFFF57
:10E9D000FFFFFFFFFF490000000049FFFFFFFFFFAF
:10E9E000FFFFFFFFFFFFFFFFFFFFFFFFFFFFFFFF37
:10E9F000FFFFFFFFFFFFFFFFFFFFFFFFFFFFFFFF27
:10EA0000FFFFFFFFFFFFFFFFFFFFFFFFFFFFFFFF16
:10EA1000FFFFFFFFFF490000000049FFFFFFFFFF6E
:10EA2000FFFFFFFFFFFFFFFFFFFFFFFFFFFFFFFFF6
:10EA3000FFFFFFFFFFFFFFFFFFFFFFFFFFFFFFFFE6
:10EA4000FFFFFFFFFFFFFFFFFFFFFFFFFFFFFFFFD6
:10EA5000FFFFFFFFFF4900002400244949494949BD
:10EA60004949494949494949494949494949494916
:10EA70004949494949494949494949494949494906
:10EA800049494949494949494949494949494949F6
:10EA900049494949492400246D0000000000000054
:10EAA0000000000000000000000000000000000066
:10EAB0000000000000000000000000000000000056
:10EAC0000000000000000000000000000000000046
:10EAD000000000000000006DFF6D24000000000039
:10EAE0000000000000000000000000000000000026
:10EAF0000000000000000000000000000000000016
:10EB00000000000000000000000000000000000005
:10EB10000000000000246DFFFFFFFFFFFFFFFFFF6D
:10EB2000FFFFFFFFFFFFFFFFFFFFFFFFFFFFFFFFF5
:10EB3000FFFFFFFFFFFFDB4949DBFFFFFFFFFFFF99
:10EB4000FFFFFFFFFFFFFFFFFFFFFFFFFFFFFFFFD5
:10EB5000FFFFFFFFFFFFFFFFFFFFFFFFFFFFFFFFC5
:10EB6000FFFFFFFFFFFFFFFFFFFFFFFFFFFFFFFFB5
:10EB7000FFFFFFFFFFFF49000049FFFFFFFFFFFF0F
:10EB8000FFFFFFFFFFFFFFFFFFFFFFFFFFFFFFFF95
:10EB9000FFFFFFFFFFFFFFFFFFFFFFFFFFFFFFFF85
:10EBA000FFFFFFFFFFFFFFFFFFFFFFFFFFFFFFFF75
:10EBB000FFFFFFFFFF490000000049FFFFFFFFFFCD
:10EBC000FFFFFFFFFFFFFFFFFFFFFFFFFFFFFFFF55
:10EBD000FFFFFFFFFFFFFFFFFFFFFFFFFFFFFFFF45
:10EBE000FFFFFFFFFFFFFFFFFFFFFFFFFFFFFFFF35
:10EBF000FFFFFFFF4900000000000049FFFFFFFF8B
:10EC0000FFFFFFFFFFFFFFFFFFFFFFFFFFFFFFFF14
:10EC1000FFFFFFFFFFFFFFFFFFFFFFFFFFFFFFFF04
:10EC2000FFFFFFFFFFFFFFFFFFFFFFFFFFFFFFFFF4
:10EC3000FFFFFF6D00002400002400006DFFFFFFB8
:10EC4000FFFFFFFFFFFFFFFFFFFFFFFFFFFFFFFFD4
:10EC5000FFFFFFFFFFFFFFFFFFFFFFFFFFFFFFFFC4
:10EC6000FFFFFFFFFFFFFFFFFFFFFFFFFFFFFFFFB4
:10EC7000FFFF92240024B60000B624002492FFFF78
:10EC8000FFFFFFFFFFFFFFFFFFFFFFFFFFFFFFFF94
:10EC9000FFFFFFFFFFFFFFFFFFFFFFFFFFFFFFFF84
:10ECA000FFFFFFFFFFFFFFFFFFFFFFFFFFFFFFFF74
:10ECB000FF92000024DBDB0000DBDB24000092FF7E
:10ECC000FFFFFFFFFFFFFFFFFFFFFFFFFFFFFFFF54
:10ECD000FFFFFFFFFFFFFFFFFFFFFFFFFFFFFFFF44
:10ECE000FFFFFFFFFFFFFFFFFFFFFFFFFFFFFFFF34
:10ECF000B6240024B6FFDB0000DBFFB6240024B6F8
:10ED0000FFFFFFFFFFFFFFFFFFFFFFFFFFFFFFFF13
:10ED1000FFFFFFFFFFFFFFFFFFFFFFFFFFFFFFFF03
:10ED2000FFFFFFFFFFFFFFFFFFFFFFFFFFFFFFB63C
:10ED3000240024B6FFFFDB0000DBFFFFB624002425
:10ED4000B6FFFFFFFFFFFFFFFFFFFFFFFFFFFFFF1C
:10ED5000FFFFFFFFFFFFFFFFFFFFFFFFFFFFFFFFC3
:10ED6000FFFFFFFFFFFFFFFFFFFFFFFFFFFFDB24B2
:10ED7000000092FFFFFFDB0000DBFFFFFF920000BF
:10ED800024DBFFFFFFFFFFFFFFFFFFFFFFFFFFFF92
:10ED9000FFFFFFFFFFFFFFFFFFFFFFFFFFFFFFFF83
:10EDA000FFFFFFFFFFFFFFFFFFFFFFFFFFDB240071
:10EDB0002492FFFFFFFFDB0000DBFFFFFFFF922439
:10EDC0000024DBFFFFFFFFFFFFFFFFFFFFFFFFFF51
:10EDD000FFFFFFFFFFFFFFFFFFFFFFFFFFFFFFFF43
:10EDE000FFFFFFFFFFFFFFFFFFFFFFFFFF490000E7
:10EDF0006DFFFFFFFFFFDB0000DBFFFFFFFFFF6D8D
:10EE0000000049FFFFFFFFFFFFFFFFFFFFFFFFFFC6
:10EE1000FFFFFFFFFFFFFFFFFFFFFFFFFFFFFFFF02
:10EE2000FFFFFFFFFFFFFFFFFFFFFFFF490000495C
:10EE3000FFFFFFFFFFFFDB0000DBFFFFFFFFFFFF28
:10EE400049000049FFFFFFFFFFFFFFFFFFFFFFFF3C
:10EE5000FFFFFFFFFFFFFFFFFFFFFFFFFFFFFFFFC2
:10EE6000FFFFFFFFFFFFFFFFFFFFFF49000049FF1C
:10EE7000FFFFFFFFFFFFDB0000DBFFFFFFFFFFFFE8
:10EE8000FF49000049FFFFFFFFFFFFFFFFFFFFFFFC
:10EE9000FFFFFFFFFFFFFFFFFFFFFFFFFFFFFFFF82
:10EEA000FFFFFFFFFFFFFFFFFFFFDB240049FFFF26
:10EEB000FFFFFFFFFFFFDB0000DBFFFFFFFFFFFFA8
:10EEC000FFFF490024DBFFFFFFFFFFFFFFFFFFFF06
:10EED000FFFFFFFFFFFFFFFFFFFFFFFFFFFFFFFF42
:10EEE000FFFFFFFFFFFFFFFFFFFFFF4949DBFFFFC2
:10EEF000FFFFFFFFFFFFDB0000DBFFFFFFFFFFFF68
:10EF0000FFFFDB4949FFFFFFFFFFFFFFFFFFFFFFA1
:10EF1000FFFFFFFFFFFFFFFFFFFFFFFFFFFFFFFF01
:10EF2000FFFFFFFFFFFFFFFFFFFFFFFFFFFFFFFFF1
:10EF3000FFFFFFFFFFFFDB0000DBFFFFFFFFFFFF27
:10EF4000FFFFFFFFFFFFFFFFFFFFFFFFFFFFFFFFD1
:10EF5000FFFFFFFFFFFFFFFFFFFFFFFFFFFFFFFFC1
:10EF6000FFFFFFFFFFFFFFFFFFFFFFFFFFFFFFFFB1
:10EF7000FFFFFFFFFFFFDB0000DBFFFFFFFFFFFFE7
:10EF8000FFFFFFFFFFFFFFFFFFFFFFFFFFFFFFFF91
:10EF9000FFFFFFFFFFFFFFFFFFFFFFFFFFFFFFFF81
:10EFA000FFFFFFFFFFFFFFFFFFFFFFFFFFFFFFFF71
:10EFB000FFFFFFFFFFFFDB0000DBFFFFFFFFFFFFA7
:10EFC000FFFFFFFFFFFFFFFFFFFFFFFFFFFFFFFF51
:10EFD000FFFFFFFFFFFFFFFFFFFFFFFFFFFFFFFF41
:10EFE000FFFFFFFFFFFFFFFFFFFFFFFFFFFFFFFF31
:10EFF000FFFFFFFFFFFFDB0000DBFFFFFFFFFFFF67
:10F00000FFFFFFFFFFFFFFFFFFFFFFFFFFFFFFFF10
:10F01000FFFFFFFFFFFFFFFFFFFFFFFFFFFFFFFF00
:10F02000FFFFFFFFFFFFFFFFFFFFFFFFFFFFFFFFF0
:10F03000FFFFFFFFFFFFDB0000DBFFFFFFFFFFFF26
:10F04000FFFFFFFFFFFFFFFFFFFFFFFFFFFFFFFFD0
:10F05000FFFFFFFFFFFFFFFFFFB64949494949494D
:10F06000494949494949494949494949496DDBFFA4
:10F07000FFFFFFFFFFFFDB0000DBFFFFFFFFFFFFE6
:10F08000FFDB6D4949494949494949494949494984
:10F09000494949494949B6FF920000000000000073
:10F0A00000000000000000000000000000006DFFF4
:10F0B000FFFFFFFFFFFFDB0000DBFFFFFFFFFFFFA6
:10F0C000FF6D0000000000000000000000000000D4
:10F0D000000000000000009224000000000000007A
:10F0E0000000000000000000000000000024B6FF47
:10F0F000FFFFFFFFFFFFDB0000DBFFFFFFFFFFFF66
:10F10000FFB6240000000000000000000000000026
:10F110000000000000000024000049FFFFFFFFFF87
:10F12000FFFFFFFFFFFFFFFFFFFFFFFFFFFFFFFFEF
:10F13000FFFFFFFFFFFFDB0000DBFFFFFFFFFFFF25
:10F14000FFFFFFFFFFFFFFFFFFFFFFFFFFFFFFFFCF
:10F15000FFFFFFFFFF490000000049FFFFFFFFFF27
:10F16000FFFFFFFFFFFFFFFFFFFFFFFFFFFFFFFFAF
:10F17000FFFFFFFFFFFFDB0000DBFFFFFFFFFFFFE5
:10F18000FFFFFFFFFFFFFFFFFFFFFFFFFFFFFFFF8F
:10F19000FFFFFFFFFF490000000049FFFFFFFFFFE7
:10F1A000FFFFFFFFFFFFFFFFFFFFFFFFFFFFFFFF6F
:10F1B000FFFFFFFFFFFFDB0000DBFFFFFFFFFFFFA5
:10F1C000FFFFFFFFFFFFFFFFFFFFFFFFFFFFFFFF4F
:10F1D000FFFFFFFFFF490000000049FFFFFFFFFFA7
:10F1E000FFFFFFFFFFFFFFFFFFFFFFFFFFFFFFFF2F
:10F1F000FFFFFFFFFFFFDB0000DBFFFFFFFFFFFF65
:10F20000FFFFFFFFFFFFFFFFFFFFFFFFFFFFFFFF0E
:10F21000FFFFFFFFFF490000000049FFFFFFFFFF66
:10F22000FFFFFFFFFFFFFFFFFFFFFFFFFFFFFFFFEE
:10F23000FFFFFFFFFFFFDB0000DBFFFFFFFFFFFF24
:10F24000FFFFFFFFFFFFFFFFFFFFFFFFFFFFFFFFCE
:10F25000FFFFFFFFFF490000000049FFFFFFFFFF26
:10F26000FFFFFFFFFFFFFFFFFFFFFFFFFFFFFFFFAE
:10F27000FFFFFFFFFFFFDB0000DBFFFFFFFFFFFFE4
:10F28000FFFFFFFFFFFFFFFFFFFFFFFFFFFFFFFF8E
:10F29000FFFFFFFFFF490000000049FFFFFFFFFFE6
:10F2A000FFFFFFFFFFFFFFFFFFFFFFFFFFFFFFFF6E
:10F2B000FFFFFFFFFFFFDB0000DBFFFFFFFFFFFFA4
:10F2C000FFFFFFFFFFFFFFFFFFFFFFFFFFFFFFFF4E
:10F2D000FFFFFFFFFF490000000049FFFFFFFFFFA6
:10F2E000FFFFFFFFFFFFFFFFFFFFFFFFFFFFFFFF2E
:10F2F000FFFFFFFFFFFFDB0000DBFFFFFFFFFFFF64
:10F30000FFFFFFFFFFFFFFFFFFFFFFFFFFFFFFFF0D
:10F31000FFFFFFFFFF490000000049FFFFFFFFFF65
:10F32000FFFFFFFFFFFFFFFFFFFFFFFFFFFFFFFFED
:10F33000FFFFFFFFFFFFDB0000DBFFFFFFFFFFFF23
:10F34000FFFFFFFFFFFFFFFFFFFFFFFFFFFFFFFFCD
:10F35000FFFFFFFFFF490000000049FFFFFFFFFF25
:10F36000FFFFFFFFFFFFFFFFFFFFFFFFFFFFFFFFAD
:10F37000FFFFFFFFFFFFDB0000DBFFFFFFFFFFFFE3
:10F38000FFFFFFFFFFFFFFFFFFFFFFFFFFFFFFFF8D
:10F39000FFFFFFFFFF490000000049FFFFFFFFFFE5
:10F3A000FFFFFFFFFFFFFFFFFFFFFFFFFFFFFFFF6D
:10F3B000FFFFFFFFFFFFDB0000DBFFFFFFFFFFFFA3
:10F3C000FFFFFFFFFFFFFFFFFFFFFFFFFFFFFFFF4D
:10F3D000FFFFFFFFFF490000000049FFFFFFFFFFA5
:10F3E000FFFFFFFFFFFFFFFFFFFFFFFFFFFFFFFF2D
:10F3F000FFFFFFFFFFFFDB0000DBFFFFFFFFFFFF63
:10F40000FFFFFFFFFFFFFFFFFFFFFFFFFFFFFFFF0C
:10F41000FFFFFFFFFF490000000049FFFFFFFFFF64
:10F42000FFFFFFFFFFFFFFFFFFFFFFFFFFFFFFFFEC
:10F43000FFFFFFFFFFFFDB0000DBFFFFFFFFFFFF22
:10F44000FFFFFFFFFFFFFFFFFFFFFFFFFFFFFFFFCC
:10F45000FFFFFFFFFF490000000049FFFFFFFFFF24
:10F46000FFFFFFFFFFFFFFFFFFFFFFFFFFFFFFFFAC
:10F47000FFFFFFFFFFFFDB0000DBFFFFFFFFFFFFE2
:10F48000FFFFFFFFFFFFFFFFFFFFFFFFFFFFFFFF8C
:10F49000FFFFFFFFFF490000000049FFFFFFFFFFE4
:10F4A000FFFFFFFFFFFFFFFFFFFFFFFFFFFFFFFF6C
:10F4B000FFFFFFFFFFFFDB0000DBFFFFFFFFFFFFA2
:10F4C000FFFFFFFFFFFFFFFFFFFFFFFFFFFFFFFF4C
:10F4D000FFFFFFFFFF490000000049FFFFFFFFFFA4
:10F4E000FFFFFFFFFFFFFFFFFFFFFFFFFFFFFFFF2C
:10F4F000FFFFFFFFFFFFDB0000DBFFFFFFFFFFFF62
:10F50000FFFFFFFFFFFFFFFFFFFFFFFFFFFFFFFF0B
:10F51000FFFFFFFFFF490000000049FFFFFFFFFF63
:10F52000FFFFFFFFFFFFFFFFFFFFFFFFFFFFFFFFEB
:10F53000FFFFFFFFFFFFDB0000DBFFFFFFFFFFFF21
:10F54000FFFFFFFFFFFFFFFFFFFFFFFFFFFFFFFFCB
:10F55000FFFFFFFFFF490000000049FFFFFFFFFF23
:10F56000FFFFFFFFFFFFFFFFFFFFFFFFFFFFFFFFAB
:10F57000FFFFFFFFFFFFDB0000DBFFFFFFFFFFFFE1
:10F58000FFFFFFFFFFFFFFFFFFFFFFFFFFFFFFFF8B
:10F59000FFFFFFFFFF490000000049FFFFFFFFFFE3
:10F5A000FFFFFFFFFFFFFFFFFFFFFFFFFFFFFFFF6B
:10F5B000FFFFFFFFFFFFDB0000DBFFFFFFFFFFFFA1
:10F5C000FFFFFFFFFFFFFFFFFFFFFFFFFFFFFFFF4B
:10F5D000FFFFFFFFFF490000000049FFFFFFFFFFA3
:10F5E000FFFFFFFFFFFFFFFFFFFFFFFFFFFFFFFF2B
:10F5F000FFFFFFFFFFFFDB0000DBFFFFFFFFFFFF61
:10F60000FFFFFFFFFFFFFFFFFFFFFFFFFFFFFFFF0A
:10F61000FFFFFFFFFF490000000049FFFFFFFFFF62
:10F62000FFFFFFFFFFFFFFFFFFFFFFFFFFFFFFFFEA
:10F63000FFFFFFFFFFFFDB0000DBFFFFFFFFFFFF20
:10F64000FFFFFFFFFFFFFFFFFFFFFFFFFFFFFFFFCA
:10F65000FFFFFFFFFF490000000049FFFFFFFFFF22
:10F66000FFFFFFFFFFFFFFFFFFFFFFFFFFFFFFFFAA
:10F67000FFFFFFFFFFFFDB0000DBFFFFFFFFFFFFE0
:10F68000FFFFFFFFFFFFFFFFFFFFFFFFFFFFFFFF8A
:10F69000FFFFFFFFFF490000000049FFFFFFFFFFE2
:10F6A000FFFFFFFFFFFFFFFFFFFFFFFFFFFFFFFF6A
:10F6B000FFFFFFFFFFFFDB0000DBFFFFFFFFFFFFA0
:10F6C000FFFFFFFFFFFFFFFFFFFFFFFFFFFFFFFF4A
:10F6D000FFFFFFFFFF490000000049FFFFFFFFFFA2
:10F6E000FFFFFFFFFFFFFFFFFFFFFFFFFFFFFFFF2A
:10F6F000FFFFFFFFFFFFFF4949FFFFFFFFFFFFFF86
:10F70000FFFFFFFFFFFFFFFFFFFFFFFFFFFFFFFF09
:10F71000FFFFFFFFFF490000000049FFFFFFFFFF61
:10F72000FFFFFFFFFFFFFFFFFFFFFFFFFFFFFFFFE9
:10F73000FFFFFFFFFFFFFFFFFFFFFFFFFFFFFFFFD9
:10F74000FFFFFFFFFFFFFFFFFFFFFFFFFFFFFFFFC9
:10F75000FFFFFFFFFF490000000049FFFFFFFFFF21
:10F76000FFFFFFFFFFFFFFFFFFFFFFFFFFFFFFFFA9
:10F77000FFFFFFFFFFFFFFFFFFFFFFFFFFFFFFFF99
:10F78000FFFFFFFFFFFFFFFFFFFFFFFFFFFFFFFF89
:10F79000FFFFFFFFFF490000000049FFFFFFFFFFE1
:10F7A000FFFFFFFFFFFFFFFFFFFFFFFFFFFFFFFF69
:10F7B000FFFFFFFFFFFFFFFFFFFFFFFFFFFFFFFF59
:10F7C000FFFFFFFFFFFFFFFFFFFFFFFFFFFFFFFF49
:10F7D000FFFFFFFFFF490000000049FFFFFFFFFFA1
:10F7E000FFFFFFFFFFFFFFFFFFFFFFFFFFFFFFFF29
:10F7F000FFFFFFFFFFFFFFFFFFFFFFFFFFFFFFFF19
:10F80000FFFFFFFFFFFFFFFFFFFFFFFFFFFFFFFF08
:10F81000FFFFFFFFFF490000000049FFFFFFFFFF60
:10F82000FFFFFFFFFFFFFFFFFFFFFFFFFFFFFFFFE8
:10F83000FFFFFFFFFFFFFFFFFFFFFFFFFFFFFFFFD8
:10F84000FFFFFFFFFFFFFFFFFFFFFFFFFFFFFFFFC8
:10F85000FFFFFFFFFF490000000049FFFFFFFFFF20
:10F86000FFFFFFFFFFFFFFFFFFFFFFFFFFFFFFFFA8
:10F87000FFFFFFFFFFFFFFFFFFFFFFFFFFFFFFFF98
:10F88000FFFFFFFFFFFFFFFFFFFFFFFFFFFFFFFF88
:10F89000FFFFFFFFFF490000000049FFFFFFFFFFE0
:10F8A000FFFFFFFFFFFFFFFFFFFFFFFFFFFFFFFF68
:10F8B000FFFFFFFFFFFFFFFFFFFFFFFFFFFFFFFF58
:10F8C000FFFFFFFFFFFFFFFFFFFFFFFFFFFFFFFF48
:10F8D000FFFFFFFFFF490000000049FFFFFFFFFFA0
:10F8E000FFFFFFFFFFFFFFFFFFFFFFFFFFFFFFFF28
:10F8F000FFFFFFFFFFFFFFFFFFFFFFFFFFFFFFFF18
:10F90000FFFFFFFFFFFFFFFFFFFFFFFFFFFFFFFF07
:10F91000FFFFFFFFFF490000000049FFFFFFFFFF5F
:10F92000FFFFFFFFFFFFFFFFFFFFFFFFFFFFFFFFE7
:10F93000FFFFFFFFFFFFFFFFFFFFFFFFFFFFFFFFD7
:10F94000FFFFFFFFFFFFFFFFFFFFFFFFFFFFFFFFC7
:10F95000FFFFFFFFFF490000000049FFFFFFFFFF1F
:10F96000FFFFFFFFFFFFFFFFFFFFFFFFFFFFFFFFA7
:10F97000FFFFFFFFFFFFFFFFFFFFFFFFFFFFFFFF97
:10F98000FFFFFFFFFFFFFFFFFFFFFFFFFFFFFFFF87
:10F99000FFFFFFFFFF490000000049FFFFFFFFFFDF
:10F9A000FFFFFFFFFFFFFFFFFFFFFFFFFFFFFFFF67
:10F9B000FFFFFFFFFFFFFFFFFFFFFFFFFFFFFFFF57
:10F9C000FFFFFFFFFFFFFFFFFFFFFFFFFFFFFFFF47
:10F9D000FFFFFFFFFF490000000049FFFFFFFFFF9F
:10F9E000FFFFFFFFFFFFFFFFFFFFFFFFFFFFFFFF27
:10F9F000FFFFFFFFFFFFFFFFFFFFFFFFFFFFFFFF17
:10FA0000FFFFFFFFFFFFFFFFFFFFFFFFFFFFFFFF06
:10FA1000FFFFFFFFFF490000000049FFFFFFFFFF5E
:10FA2000FFFFFFFFFFFFFFFFFFFFFFFFFFFFFFFFE6
:10FA3000FFFFFFFFFFFFFFFFFFFFFFFFFFFFFFFFD6
:10FA4000FFFFFFFFFFFFFFFFFFFFFFFFFFFFFFFFC6
:10FA5000FFFFFFFFFF4900002400244949494949AD
:10FA60004949494949494949494949494949494906
:10FA700049494949494949494949494949494949F6
:10FA800049494949494949494949494949494949E6
:10FA900049494949492400246D0000000000000044
:10FAA0000000000000000000000000000000000056
:10FAB0000000000000000000000000000000000046
:10FAC0000000000000000000000000000000000036
:10FAD000000000000000006DFF6D24000000000029
:10FAE0000000000000000000000000000000000016
:10FAF0000000000000000000000000000000000006
:10FB000000000000000000000000000000000000F5
:10FB10000000000000246DFFFFFFFFFFFFFFFFFF5D
:10FB2000FF6D49242424242424242424242424244C
:10FB30002424242424242424242424242424242485
:10FB40002424242424242424242424242424242475
:10FB50002424242424244992FFFFFFFFFFFFFFFFFA
:10FB6000DB24000000000000000000000000000096
:10FB70000000000000000000000000000000000085
:10FB80000000000000000000000000000000000075
:10FB90000000000000000049FFFFFFFFFFFFFFFF24
:10FBA000DB24000000000000000000000000000056
:10FBB0000000000000000000000000000000000045
:10FBC0000000000000000000000000000000000035
:10FBD0000000000000000049FFFFFFFFFFFFFFFFE4
:10FBE000DB0000006D929292929292929292240087
:10FBF000004992929292929292929249000024929B
:10FC000092929292929292926D0000006D929292D4
:10FC1000929292926D000049FFFFFFFFFFFFFFFFEE
:10FC2000DB000024DBFFFFFFFFFFFFFFFFFF4900BA
:10FC300000B6FFFFFFFFFFFFFFFFFFB6000049FF19
:10FC4000FFFFFFFFFFFFFFFFFF240024DBFFFFFF9D
:10FC5000FFFFFFFFDB240049FFFFFFFFFFFFFFFF68
:10FC6000DB000024DBFFFFFFFFFFFFFFFFFF49007A
:10FC700000B6FFFFFFFFFFFFFFFFFFB6000049FFD9
:10FC8000FFFFFFFFFFFFFFFFFF240024DBFFFFFF5D
:10FC9000FFFFFFFFDB240049FFFFFFFFFFFFFFFF28
:10FCA000DB000024DBFFFFFFFFFFFFFFFFFF49003A
:10FCB00000B6FFFFFFFFFFFFFFFFFFB6000049FF99
:10FCC000FFFFFFFFFFFFFFFFFF240024DBFFFFFF1D
:10FCD000FFFFFFFFDB240049FFFFFFFFFFFFFFFFE8
:10FCE000DB000024DBFFFFFFFFFFFFFFFFFF4900FA
:10FCF00000B6FFFFFFFFFFFFFFFFFFB6000049FF59
:10FD0000FFFFFFFFFFFFFFFFFF240024DBFFFFFFDC
:10FD1000FFFFFFFFDB240049FFFFFFFFFFFFFFFFA7
:10FD2000DB000024DBFFFFFFFFFFFFFFFFFF4900B9
:10FD300000B6FFFFFFFFFFFFFFFFFFB6000049FF18
:10FD4000FFFFFFFFFFFFFFFFFF240024DBFFFFFF9C
:10FD5000FFFFFFFFDB240049FFFFFFFFFFFFFFFF67
:10FD6000DB000024DBFFFFFFFFFFFFFFFFFF490079
:10FD70000092FFFFFFFFFFFFFFFFFF92000049FF20
:10FD8000FFFFFFFFFFFFFFFFDB240024B6FFFFFFA5
:10FD9000FFFFFFFFDB240049FFFFFFFFFFFFFFFF27
:10FDA000DB000000496D6D6D6D6D6D6D6D6D240036
:10FDB00000496D6D6D6D6D6D6D6D6D490000246D4B
:10FDC0006D6D6D6D6D6D6D6D6D000000496D6D6DCE
:10FDD0006D6D6D6D6D000049FFFFFFFFFFFFFFFFC1
:10FDE000DB00000000000000000000000000000038
:10FDF0000000000000000000000000000000000003
:10FE000000000000000000000000000000000000F2
:10FE10000000000000000049FFFFFFFFFFFFFFFFA1
:10FE2000DB000000000000000000000000000000F7
:10FE300000000000000000000000000000000000C2
:10FE400000000000000000000000000000000000B2
:10FE50000000000000000049FFFFFFFFFFFFFFFF61
:10FE6000DB000000494949494949494949490000DD
:10FE70000024494949494949494949240000004960
:10FE800049494949494949494900000024494949E2
:10FE90004949494949000049FFFFFFFFFFFFFFFFB4
:10FEA000DB000024B6DBDBDBDBDBDBDBDBDB4900A1
:10FEB0000092DBDBDBDBDBDBDBDBDB92000049DB47
:10FEC000DBDBDBDBDBDBDBDBB6240000B6DBDBDB39
:10FED000DBDBDBDBB6240049FFFFFFFFFFFFFFFF9B
:10FEE000DB000024DBFFFFFFFFFFFFFFFFFF4900F8
:10FEF00000B6FFFFFFFFFFFFFFFFFFB6000049FF57
:10FF0000FFFFFFFFFFFFFFFFFF240024DBFFFFFFDA
:10FF1000FFFFFFFFDB240049FFFFFFFFFFFFFFFFA5
:10FF2000DB000024DBFFFFFFFFFFFFFFFFFF4900B7
:10FF300000B6FFFFFFFFFFFFFFFFFFB6000049FF16
:10FF4000FFFFFFFFFFFFFFFFFF240024DBFFFFFF9A
:10FF5000FFFFFFFFDB240049FFFFFFFFFFFFFFFF65
:10FF6000DB000024DBFFFFFFFFFFFFFFFFFF490077
:10FF700000B6FFFFFFFFFFFFFFFFFFB6000049FFD6
:10FF8000FFFFFFFFFFFFFFFFFF240024DBFFFFFF5A
:10FF9000FFFFFFFFDB240049FFFFFFFFFFFFFFFF25
:10FFA000DB000024DBFFFFFFFFFFFFFFFFFF490037
:10FFB00000B6FFFFFFFFFFFFFFFFFFB6000049FF96
:10FFC000FFFFFFFFFFFFFFFFFF240024DBFFFFFF1A
:10FFD000FFFFFFFFDB240049FFFFFFFFFFFFFFFFE5
:10FFE000DB000024DBFFFFFFFFFFFFFFFFFF4900F7
:10FFF00000B6FFFFFFFFFFFFFFFFFFB6000049FF56
:020000040803EF
:10000000FFFFFFFFFFFFFFFFFF240024DBFFFFFFD9
:10001000FFFFFFFFDB240049FFFFFFFFFFFFFFFFA4
:10002000DB000024DBFFFFFFFFFFFFFFFFFF4900B6
:1000300000B6FFFFFFFFFFFFFFFFFFB6000049FF15
:10004000FFFFFFFFFFFFFFFFFF240024DBFFFFFF99
:10005000FFFFFFFFDB240049FFFFFFFFFFFFFFFF64
:10006000DB000024DBFFFFFFFFFFFFFFFFFF490076
:1000700000B6FFFFFFFFFFFFFFFFFFB6000049FFD5
:10008000FFFFFFFFFFFFFFFFFF240024DBFFFFFF59
:10009000FFFFFFFFDB240049FFFFFFFFFFFFFFFF24
:1000A000DB000024DBFFFFFFFFFFFFFFFFFF490036
:1000B00000B6FFFFFFFFFFFFFFFFFFB6000049FF95
:1000C000FFFFFFFFFFFFFFFFFF240024DBFFFFFF19
:1000D000FFFFFFFFDB240049FFFFFFFFFFFFFFFFE4
:1000E000DB000024DBFFFFFFFFFFFFFFFFFF4900F6
:1000F00000B6FFFFFFFFFFFFFFFFFFB6000049FF55
:10010000FFFFFFFFFFFFFFFFFF240024DBFFFFFFD8
:10011000FFFFFFFFDB240049FFFFFFFFFFFFFFFFA3
:10012000DB000024DBFFFFFFFFFFFFFFFFFF4900B5
:1001300000B6FFFFFFFFFFFFFFFFFFB6000049FF14
:10014000FFFFFFFFFFFFFFFFFF240024DBFFFFFF98
:10015000FFFFFFFFDB240049FFFFFFFFFFFFFFFF63
:10016000DB000024DBFFFFFFFFFFFFFFFFFF490075
:1001700000B6FFFFFFFFFFFFFFFFFFB6000049FFD4
:10018000FFFFFFFFFFFFFFFFFF240024DBFFFFFF58
:10019000FFFFFFFFDB240049FFFFFFFFFFFFFFFF23
:1001A000DB000024DBFFFFFFFFFFFFFFFFFF490035
:1001B00000B6FFFFFFFFFFFFFFFFFFB6000049FF94
:1001C000FFFFFFFFFFFFFFFFFF240024DBFFFFFF18
:1001D000FFFFFFFFDB240049FFFFFFFFFFFFFFFFE3
:1001E000DB000024DBFFFFFFFFFFFFFFFFFF4900F5
:1001F00000B6FFFFFFFFFFFFFFFFFFB6000049FF54
:10020000FFFFFFFFFFFFFFFFFF240024DBFFFFFFD7
:10021000FFFFFFFFDB240049FFFFFFFFFFFFFFFFA2
:10022000DB000024DBFFFFFFFFFFFFFFFFFF4900B4
:1002300000B6FFFFFFFFFFFFFFFFFFB6000049FF13
:10024000FFFFFFFFFFFFFFFFFF240024DBFFFFFF97
:10025000FFFFFFFFDB240049FFFFFFFFFFFFFFFF62
:10026000DB000024DBFFFFFFFFFFFFFFFFFF490074
:1002700000B6FFFFFFFFFFFFFFFFFFB6000049FFD3
:10028000FFFFFFFFFFFFFFFFFF240024DBFFFFFF57
:10029000FFFFFFFFDB240049FFFFFFFFFFFFFFFF22
:1002A000DB000024DBFFFFFFFFFFFFFFFFFF490034
:1002B00000B6FFFFFFFFFFFFFFFFFFB6000049FF93
:1002C000FFFFFFFFFFFFFFFFFF240024DBFFFFFF17
:1002D000FFFFFFFFDB240049FFFFFFFFFFFFFFFFE2
:1002E000DB000024DBFFFFFFFFFFFFFFFFFF4900F4
:1002F00000B6FFFFFFFFFFFFFFFFFFB6000049FF53
:10030000FFFFFFFFFFFFFFFFFF240024DBFFFFFFD6
:10031000FFFFFFFFDB240049FFFFFFFFFFFFFFFFA1
:10032000DB000024DBFFFFFFFFFFFFFFFFFF4900B3
:1003300000B6FFFFFFFFFFFFFFFFFFB6000049FF12
:10034000FFFFFFFFFFFFFFFFFF240024DBFFFFFF96
:10035000FFFFFFFFDB240049FFFFFFFFFFFFFFFF61
:10036000DB000024DBFFFFFFFFFFFFFFFFFF490073
:1003700000B6FFFFFFFFFFFFFFFFFFB6000049FFD2
:10038000FFFFFFFFFFFFFFFFFF240024DBFFFFFF56
:10039000FFFFFFFFDB240049FFFFFFFFFFFFFFFF21
:1003A000DB000024DBFFFFFFFFFFFFFFFFFF490033
:1003B00000B6FFFFFFFFFFFFFFFFFFB6000049FF92
:1003C000FFFFFFFFFFFFFFFFFF240024DBFFFFFF16
:1003D000FFFFFFFFDB240049FFFFFFFFFFFFFFFFE1
:1003E000DB000024DBFFFFFFFFFFFFFFFFFF4900F3
:1003F00000B6FFFFFFFFFFFFFFFFFFB6000049FF52
:10040000FFFFFFFFFFFFFFFFFF240024DBFFFFFFD5
:10041000FFFFFFFFDB240049FFFFFFFFFFFFFFFFA0
:10042000DB000024DBFFFFFFFFFFFFFFFFFF4900B2
:1004300000B6FFFFFFFFFFFFFFFFFFB6000049FF11
:10044000FFFFFFFFFFFFFFFFFF240024DBFFFFFF95
:10045000FFFFFFFFDB240049FFFFFFFFFFFFFFFF60
:10046000DB240024DBFFFFFFFFFFFFFFFFFF49004E
:1004700000B6FFFFFFFFFFFFFFFFFFB6000049FFD1
:10048000FFFFFFFFFFFFFFFFFF240024DBFFFFFF55
:10049000FFFFFFFFDB240049FFFFFFFFFFFFFFFF20
:1004A000DB492449FFFFFFFFFFFFFFFFFFFF49007C
:1004B00000B6FFFFFFFFFFFFFFFFFFB6000049FF91
:1004C000FFFFFFFFFFFFFFFFFF240024DBFFFFFF15
:1004D000FFFFFFFFDB240049FFFFFFFFFFFFDBDB28
:1004E000B6242449B6DBDBFFFFFFFFFFFFFF490017
:1004F00000B6FFFFFFFFFFFFFFFFFFB6000049FF51
:10050000FFFFFFFFFFFFFFFFFF240024DBFFFFFFD4
:10051000FFFFFFFFDB240049FFFFFFFFFFDB926DC2
:1005200024000000496D92DBFFFFFFFFFFFF490041
:1005300000B6FFFFFFFFFFFFFFFFFFB6000049FF10
:10054000FFFFFFFFFFFFFFFFFF240024DBFFFFFF94
:10055000FFFFFFFFDB240049FFFFFFFFB66D4924CB
:10056000000000000024496DB6FFFFFFFFFF4900B7
:1005700000B6FFFFFFFFFFFFFFFFFFB6000049FFD0
:10058000FFFFFFFFFFFFFFFFFF240024DBFFFFFF54
:10059000FFFFFFFFDB240049FFFFFFB6490000001B
:1005A00000000000000000006DB6FFFFFFFF4900E3
:1005B00000B6FFFFFFFFFFFFFFFFFFB6000049FF90
:1005C000FFFFFFFFFFFFFFFFFF240024DBFFFFFF14
:1005D000FFFFFFFFDB240049FFFFB649000024496D
:1005E000929292926D492400246DB6FFFFFF49005C
:1005F00000B6FFFFFFFFFFFFFFFFFFB6000049FF50
:10060000FFFFFFFFFFFFFFFFFF240024DBFFFFFFD3
:10061000FFFFFFFFDB240049FFDB6D0000246DB608
:10062000DBDBDBDBDB924924002492DBFFFF4900AC
:1006300000B6FFFFFFFFFFFFFFFFFFB6000049FF0F
:10064000FFFFFFFFFFFFFFFFFF240024DBFFFFFF93
:10065000FFFFFFFFDB240049FF9224002492DBFF11
:10066000DB6D496DDBFFDB6D240024B6FFFF490025
:1006700000B6FFFFFFFFFFFFFFFFFFB6000049FFCF
:10068000FFFFFFFFFFFFFFFFFF240024DBFFFFFF53
:10069000FFFFFFFFDB240049DB4900006DDBFFFFAC
:1006A000B624246DFFFFFFB64900006DDBFF6D002F
:1006B00000B6FFFFFFFFFFFFFFFFFFB624006DFF47
:1006C000FFFFFFFFFFFFFFFFFF490024DBFFFFFFEE
:1006D000FFFFFFFFFF24004992240024B6FFFFB66E
:1006E0006D000049FFFFFFFF92240049B6FF9224EE
:1006F00049B6FFFFFFFFFFFFFFFFFFB6492492FF50
:10070000FFFFFFFFFFFFFFFFFF6D2449DBFFFFFF40
:10071000FFFFFFFFFF6D246D6D00006DDBFFFF929B
:1007200024004992FFFFFFFFB66D00246DFFDBB68A
:10073000B6DBFFFFFFFFFFFFFFFFFFDBB692DBFF34
:10074000FFFFFFFFFFFFFFFFFFB6B6B6FFFFFFFF94
:10075000FFFFFFFFFFB6B6B6490024B6FFFFB6495C
:1007600000006DDBFFFFFFFFDB92000049FFFFFF92
:10077000FFFFFFFFFFFFFFFFFFFFFFFFFFFFFFFF89
:10078000FFFFFFFFFFFFFFFFFFFFFFFFFFFFFFFF79
:10079000FFFFFFFFFFFFFFFF490024DBFFDB6D24AE
:1007A000002492FFFFFFFFFFFFB6000049FFFFFF9D
:1007B000FFFFFFFFFFFFFFFFFFFFFFFFFFFFFFFF49
:1007C000FFFFFFFFFFFFFFFFFFFFFFFFFFFFFFFF39
:1007D000FFFFFFFFFFFFFFFF490024DBFFDB4900B6
:1007E000002492DBFFFFFFFFFFB6000049FFFFFF81
:1007F000FFFFFFFFFFFFFFFFFFFFFFFFFFFFFFFF09
:10080000FFFFFFFFFFFFFFFFFFFFFFFFFFFFFFFFF8
:10081000FFFFFFFFFFFFFFFF490024DBFFDB490075
:100820000000246DB6DBFFFFFFB6000049FFFFFFAD
:10083000FFFFFFFFFFFFFFFFFFFFFFFFFFFFFFFFC8
:10084000FFFFFFFFFFFFFFFFFFFFFFFFFFFFFFFFB8
:10085000FFFFFFFFFFFFFFFF490024DBFFFF926D5B
:10086000240000244992B6FFFFB6000049FFFFFFB5
:10087000FFFFFFFFFFFFFFFFFFFFFFFFFFFFFFFF88
:10088000FFFFFFFFFFFFFFFFFFFFFFFFFFFFFFFF78
:10089000FFFFFFFFFFFFFFFF49002492FFFFFFDB89
:1008A0009224000000246DFFDB9200006DFFFFFF2B
:1008B000FFFFFFFFFFFFFFFFFFFFFFFFFFFFFFFF48
:1008C000FFFFFFFFFFFFFFFFFFFFFFFFFFFFFFFF38
:1008D000FFFFFFFFFFFFFFFF6D24006DDBFFFFFF4A
:1008E000DBB66D4900246DFFB649002492FFFFFF7F
:1008F000FFFFFFFFFFFFFFFFFFFFFFFFFFFFFFFF08
:10090000FFFFFFFFFFFFFFFFFFFFFFFFFFFFFFFFF7
:10091000FFFFFFFFFFFFFFFFB649002492FFFFFF2D
:10092000FFFFDB9249496DDB92240049B6FFFFFFD0
:10093000FFFFFFFFFFFFFFFFFFFFFFFFFFFFFFFFC7
:10094000FFFFFFFFFFFFFFFFFFFFFFFFFFFFFFFFB7
:10095000FFFFFFFFFFFFFFFFDB6D000049B6FFFF5A
:10096000FFFFFFFFDBDBDBB649000092DBFFFFFF91
:10097000FFFFFFFFFFFFFFFFFFFFFFFFFFFFFFFF87
:10098000FFFFFFFFFFFFFFFFFFFFFFFFFFFFFFFF77
:10099000FFFFFFFFFFFFFFFFFF922400246DB6DB88
:1009A000FFFFFFFFFFDBB66D240049B6FFFFFFFF2F
:1009B000FFFFFFFFFFFFFFFFFFFFFFFFFFFFFFFF47
:1009C000FFFFFFFFFFFFFFFFFFFFFFFFFFFFFFFF37
:1009D000FFFFFFFFFFFFFFFFFFDB6D0000004992FD
:1009E000DBFFFFFFDB924900002492DBFFFFFFFFEC
:1009F000FFFFFFFFFFFFFFFFFFFFFFFFFFFFFFFF07
:100A0000FFFFFFFFFFFFFFFFFFFFFFFFFFFFFFFFF6
:100A1000FFFFFFFFFFFFFFFFFFFFB66D240024492C
:100A20006D6D6D6D6D490000246DDBFFFFFFFFFFF5
:100A3000FFFFFFFFFFFFFFFFFFFFFFFFFFFFFFFFC6
:100A4000FFFFFFFFFFFFFFFFFFFFFFFFFFFFFFFFB6
:100A5000FFFFFFFFFFFFFFFFFFFFFFB66D2400005A
:100A600000000000000000246DDBFFFFFFFFFFFF20
:100A7000FFFFFFFFFFFFFFFFFFFFFFFFFFFFFFFF86
:100A8000FFFFFFFFFFFFFFFFFFFFFFFFFFFFFFFF76
:100A9000FFFFFFFFFFFFFFFFFFFFFFFFB6924924AD
:100AA0000000000000244992DBFFFFFFFFFFFFFF73
:100AB000FFFFFFFFFFFFFFFFFFFFFFFFFFFFFFFF46
:100AC000FFFFFFFFFFFFFFFFFFFFFFFFFFFFFFFF36
:100AD000FFFFFFFFFFFFFFFFFFFFFFFFFFDBB66D25
:100AE00049492449496DB6FFFFFFFFFFFFFFFFFFA4
:100AF000FFFFFFFFFFFFFFFFFFFFFFFFFFFFFFFF06
:100B0000FFFFFFFFFFFFFFFFFFFFFFFFFFFFFFFFF5
:100B1000FFFFFFFFFFFFFFFFFFFFFFFFFFFFFFFFE5
:100B2000FFB69249B6FFFFFFFFFFFFFFFFFFFFFF8A
:100B3000FFB692240000000000000000000000004A
:100B400000000000000000000000000000000000A5
:100B500000242449B6FFFFFFFFFFFFFFFFFFFFFF59
:100B6000B624000024B6FFFFFFFFFFFFFFFFFFFFDB
:100B7000FF6D2400000000000000000000000000E5
:100B80000000000000000000000000000000000065
:100B900000000000246DB6FFFFFFFFFFFFFFFFB660
:100BA00024000000002449FFFFFFFFFFFFFFFFFFBD
:100BB000FFDBB649494949494949494949494949F0
:100BC0004949494949494949494949494949494995
:100BD00049494924000024DBFFFFFFFFFFFFB62443
:100BE0000000000000000049FFFFFFFFFFFFFFFFC4
:100BF000FFFFFFFFFFFFFFFFFFFFFFFFFFFFFFFF05
:100C0000FFFFFFFFFFFFFFFFFFFFFFFFFFFFFFFFF4
:100C1000FFFFFFDB24000092FFFFFFFFFF492400DE
:100C2000242400002424000049FFFFFFFFFFFFFFF2
:100C3000FFFFFFFFFFFFFFFFFFFFFFFFFFFFFFFFC4
:100C4000FFFFFFFFFFFFFFFFFFFFFFFFFFFFFFFFB4
:100C5000FFFFFFFF92000024FFFFFFFF490000009D
:100C6000924900004992490000496DFFFFFFFFFFD4
:100C7000FFFFFFFFFFFFFFFFFFFFFFFFFFFFFFFF84
:100C8000FFFFFFFFFFFFFFFFFFFFFFFFFFFFFFFF74
:100C9000FFFFFFFFDB000000FFFFDB4900002492A5
:100CA000FF49000049FFFF4900000092FFFFFFFFDE
:100CB000FFFFFFFFFFFFFFFFFFFFFFFFFFFFFFFF44
:100CC000FFFFFFFFFFFFFFFFFFFFFFFFFFFFFFFF34
:100CD000FFFFFFFFDB000000FF6D4900004992FFAE
:100CE000FF49000049FFFFFF490000006DFFFFFFC3
:100CF000FFFFFFFFFFFFFFFFFFFFFFFFFFFFFFFF04
:100D0000FFFFFFFFFFFFFFFFFFFFFFFFFFFFFFFFF3
:100D1000FFFFFFFFDB0000009200000049FFFFFF24
:100D2000FF49000049FFFFFFFF4924000092DBFF5D
:100D3000FFFFFFFFFFFFFFFFFFFFFFFFFFFFFFFFC3
:100D4000FFFFFFFFFFFFFFFFFFFFFFFFFFFFFFFFB3
:100D5000FFFFFFFFDB00000024000049FFFFFFFF53
:100D6000FF49000049FFFFFFFFFFDB2400246DFF68
:100D7000FFFFFFFFFFFFFFFFFFFFFFFFFFFFFFFF83
:100D8000FFFFFFFFFFFFFFFFFFFFFFFFFFFFFFFF73
:100D9000FFFFFFFFDB00000092496DFFFFFFFFFF39
:100DA000FF49000049FFFFFFFFFFFFDB4992DBFF28
:100DB000FFFFFFFFFFFFFFFFFFFFFFFFFFFFFFFF43
:100DC000FFFFFFFFFFFFFFFFFFFFFFFFFFFFFFFF33
:100DD000FFFFFFFFDB000000FFFFFFFFFFFFFFFF44
:100DE000FF49000049FFFFFFFFFFFFFFFFFFFFFF7D
:100DF000FFFFFFFFFFFFFFFFFFFFFFFFFFFFFFFF03
:100E0000FFFFFFFFFFFFFFFFFFFFFFFFFFFFFFFFF2
:100E1000FFFFFFFFDB000000FFFFFFFFFFFFFFFF03
:100E2000FF49000049FFFFFFFFFFFFFFFFFFFFFF3C
:100E3000FFFFFFFFFFFFFFFFFFFFFFFFFFFFFFFFC2
:100E4000FFFFFFFFFFFFFFFFFFFFFFFFFFFFFFFFB2
:100E5000FFFFFFFFDB000000FFFFFFFFFFFFFFFFC3
:100E6000FF49000049FFFFFFFFFFFFFFFFFFFFFFFC
:100E7000FFFFFFFFFFFFFFFFFFFFFFFFFFFFFFFF82
:100E8000FFFFFFFFFFFFFFFFFFFFFFFFFFFFFFFF72
:100E9000FFFFFFFFDB000000FFFFFFFFFFFFFFFF83
:100EA000FF49000049FFFFFFFFFFFFFFFFFFFFFFBC
:100EB000FFFFFFFFFFFFFFFFFFFFFFFFFFFFFFFF42
:100EC000FFFFFFFFFFFFFFFFFFFFFFFFFFFFFFFF32
:100ED000FFFFFFFFDB000000FFFFFFFFFFFFFFFF43
:100EE000FF49000049FFFFFFFFFFFFFFFFFFFFFF7C
:100EF000FFFFFFFFFFFFFFFFFFFFFFFFFFFFFFFF02
:100F0000FFFFFFFFFFFFFFFFFFFFFFFFFFFFFFFFF1
:100F1000FFFFFFFFDB000000FFFFFFFFFFFFFFFF02
:100F2000FF49000049FFFFFFFFFFFFFFFFFFFFFF3B
:100F3000FFFFFFFFFFFFFFFFFFFFFFFFFFFFFFFFC1
:100F4000FFFFFFFFFFFFFFFFFFFFFFFFFFFFFFFFB1
:100F5000FFFFFFFFDB000000FFFFFFFFFFFFFFFFC2
:100F6000FF49000049FFFFFFFFFFFFFFFFFFFFFFFB
:100F7000FFFFFFFFFFFFFFFFFFFFFFFFFFFFFFFF81
:100F8000FFFFFFFFFFFFFFFFFFFFFFFFFFFFFFFF71
:100F9000FFFFFFFFDB000000FFFFFFFFFFFFFFFF82
:100FA000FF49000049FFFFFFFFFFFFFFFFFFFFFFBB
:100FB000FFFFFFFFFFFFFFFFFFFFFFFFFFFFFFFF41
:100FC000FFFFFFFFFFFFFFFFFFFFFFFFFFFFFFFF31
:100FD000FFFFFFFFDB000000FFFFFFFFFFFFFFFF42
:100FE000FF49000049FFFFFFFFFFFFFFFFFFFFFF7B
:100FF000FFFFFFFFFFFFFFFFFFFFFFFFFFFFFFFF01
:10100000FFFFFFFFFFFFFFFFFFFFFFFFFFFFFFFFF0
:10101000FFFFFFFFDB000000FFFFFFFFFFFFFFFF01
:10102000FF49000049FFFFFFFFFFFFFFFFFFFFFF3A
:10103000FFFFFFFFFFFFFFFFFFFFFFFFFFFFFFFFC0
:10104000FFFFFFFFFFFFFFFFFFFFFFFFFFFFFFFFB0
:10105000FFFFFFFFDB000000FFFFFFFFFFFFFFFFC1
:10106000FF49000049FFFFFFFFFFFFFFFFFFFFFFFA
:10107000FFFFFFFFFFFFFFFFFFFFFFFFFFFFFFFF80
:10108000FFFFFFFFFFFFFFFFFFFFFFFFFFFFFFFF70
:10109000FFFFFFFFDB000000FFFFFFFFFFFFFFFF81
:1010A000FF49000049FFFFFFFFFFFFFFFFFFFFFFBA
:1010B000FFFFFFFFFFFFFFFFFFFFFFFFFFFFFFFF40
:1010C000FFFFFFFFFFFFFFFFFFFFFFFFFFFFFFFF30
:1010D000FFFFFFFFDB000000FFFFFFFFFFFFFFFF41
:1010E000FF49000049FFFFFFFFFFFFFFFFFFFFFF7A
:1010F000FFFFFFFFFFFFFFFFFFFFFFFFFFFFFFFF00
:10110000FFFFFFFFFFFFFFFFFFFFFFFFFFFFFFFFEF
:10111000FFFFFFFFDB000000FFFFFFFFFFFFFFFF00
:10112000FF49000049FFFFFFFFFFFFFFFFFFFFFF39
:10113000FFFFFFFFFFFFFFFFFFFFFFFFFFFFFFFFBF
:10114000FFFFFFFFFFFFFFFFFFFFFFFFFFFFFFFFAF
:10115000FFFFFFFFDB000000FFFFFFFFFFFFFFFFC0
:10116000FF49000049FFFFFFFFFFFFFFFFFFFFFFF9
:10117000FFFFFFFFFFFFFFFFFFFFFFFFFFFFFFFF7F
:10118000FFFFFFFFFFFFFFFFFFFFFFFFFFFFFFFF6F
:10119000FFFFFFFFDB000000FFFFFFFFFFFFFFFF80
:1011A000FF49000049FFFFFFFFFFFFFFFFFFFFFFB9
:1011B000FFFFFFFFFFFFFFFFFFFFFFFFFFFFFFFF3F
:1011C000FFFFFFFFFFFFFFFFFFFFFFFFFFFFFFFF2F
:1011D000FFFFFFFFDB000000FFFFFFFFFFFFFFFF40
:1011E000FF49000049FFFFFFFFFFFFFFFFFFFFFF79
:1011F000FFFFFFFFFFFFFFFFFFFFFFFFFFFFFFFFFF
:10120000FFFFFFFFFFFFFFFFFFFFFFFFFFFFFFFFEE
:10121000FFFFFFFFDB000000FFFFFFFFFFFFFFFFFF
:10122000FF49000049FFFFFFFFFFFFFFFFFFFFFF38
:10123000FFFFFFFFFFFFFFFFFFFFFFFFFFFFFFFFBE
:10124000FFFFFFFFFFFFFFFFFFFFFFFFFFFFFFFFAE
:10125000FFFFFFFFDB000000FFFFFFFFFFFFFFFFBF
:10126000FF49000049FFFFFFFFFFFFFFFFFFFFFFF8
:10127000FFFFFFFFFFFFFFFFFFFFFFFFFFFFFFFF7E
:10128000FFFFFFFFFFFFFFFFFFFFFFFFFFFFFFFF6E
:10129000FFFFFFFFDB000000FFFFFFFFFFFFFFFF7F
:1012A000FF49000049FFFFFFFFFFFFFFFFFFFFFFB8
:1012B000FFFFFFFFFFFFFFFFFFFFFFFFFFFFFFFF3E
:1012C000FFFFFFFFFFFFFFFFFFFFFFFFFFFFFFFF2E
:1012D000FFFFFFFFDB000000FFFFFFFFFFFFFFFF3F
:1012E000FF49000049FFFFFFFFFFFFFFFFFFFFFF78
:1012F000FFFFFFFFFFFFFFFFFFFFFFFFFFFFFFFFFE
:10130000FFFFFFFFFFFFFFFFFFFFFFFFFFFFFFFFED
:10131000FFFFFFFFDB000000FFFFFFFFFFFFFFFFFE
:10132000FF49000049FFFFFFFFFFFFFFFFFFFFFF37
:10133000FFFFFFFFFFFFFFFFFFFFFFFFFFFFFFFFBD
:10134000FFFFFFFFFFFFFFFFFFFFFFFFFFFFFFFFAD
:10135000FFFFFFFFDB000000FFFFFFFFFFFFFFFFBE
:10136000FF49000049FFFFFFFFFFFFFFFFFFFFFFF7
:10137000FFFFFFFFFFFFFFFFFFFFFFFFFFFFFFFF7D
:10138000FFFFFFFFFFFFFFFFFFFFFFFFFFFFFFFF6D
:10139000FFFFFFFFDB000000FFFFFFFFFFFFFFFF7E
:1013A000FF49000049FFFFFFFFFFFFFFFFFFFFFFB7
:1013B000FFFFFFFFFFFFFFFFFFFFFFFFFFFFFFFF3D
:1013C000FFFFFFFFFFFFFFFFFFFFFFFFFFFFFFFF2D
:1013D000FFFFFFFFDB000000FFFFFFFFFFFFFFFF3E
:1013E000FF49000049FFFFFFFFFFFFFFFFFFFFFF77
:1013F000FFFFFFFFFFFFFFFFFFFFFFFFFFFFFFFFFD
:10140000FFFFFFFFFFFFFFFFFFFFFFFFFFFFFFFFEC
:10141000FFFFFFFFDB000000FFFFFFFFFFFFFFFFFD
:10142000FF49000049FFFFFFFFFFFFFFFFFFFFFF36
:10143000FFFFFFFFFFFFFFFFFFFFFFFFFFFFFFFFBC
:10144000FFFFFFFFFFFFFFFFFFFFFFFFFFFFFFFFAC
:10145000FFFFFFFFDB000000FFFFFFFFFFFFFFFFBD
:10146000FF49000049FFFFFFFFFFFFFFFFFFFFFFF6
:10147000FFFFFFFFFFFFFFFFFFFFFFFFFFFFFFFF7C
:10148000FFFFFFFFFFFFFFFFFFFFFFFFFFFFFFFF6C
:10149000FFFFFFFFDB000000FFFFFFFFFFFFFFFF7D
:1014A000FF49000049FFFFFFFFFFFFFFFFFFFFFFB6
:1014B000FFFFFFFFFFFFFFFFFFFFFFFFFFFFFFFF3C
:1014C000FFFFFFFFFFFFFFFFFFFFFFFFFFFFFFFF2C
:1014D000FFFFFFFFDB000000FFFFFFFFFFFFFFFF3D
:1014E000FF49000049FFFFFFFFFFFFFFFFFFFFFF76
:1014F000FFFFFFFFFFFFFFFFFFFFFFFFFFFFFFFFFC
:10150000FFFFFFFFFFFFFFFFFFFFFFFFFFFFFFFFEB
:10151000FFFFFFFFDB000000FFFFFFFFFFFFFFFFFC
:10152000FF49000049FFFFFFFFFFFFFFFFFFFFFF35
:10153000FFFFFFFFFFFFFFFFFFFFFFFFFFFFFFFFBB
:10154000FFFFFFFFFFFFFFFFFFFFFFFFFFFFFFFFAB
:10155000FFFFFFFFDB000000FFFFFFFFFFFFFFFFBC
:10156000FF49000049FFFFFFFFFFFFFFFFFFFFFFF5
:10157000FFFFFFFFFFFFFFFFFFFFFFFFFFFFFFFF7B
:10158000FFFFFFFFFFFFFFFFFFFFFFFFFFFFFFFF6B
:10159000FFFFFFFFDB000000FFFFFFFFFFFFFFFF7C
:1015A000FF49000049FFFFFFFFFFFFFFFFFFFFFFB5
:1015B000FFFFFFFFFFFFFFFFFFFFFFFFFFFFFFFF3B
:1015C000FFFFFFFFFFFFFFFFFFFFFFFFFFFFFFFF2B
:1015D000FFFFFFFFDB000000FFFFFFFFFFFFFFFF3C
:1015E000FF49000049FFFFFFFFFFFFFFFFFFFFFF75
:1015F000FFFFFFFFFFFFFFFFFFFFFFFFFFFFFFFFFB
:10160000FFFFFFFFFFFFFFFFFFFFFFFFFFFFFFFFEA
:10161000FFFFFFFFDB000000FFFFFFFFFFFFFFFFFB
:10162000FF49000049FFFFFFFFFFFFFFFFFFFFFF34
:10163000FFFFFFFFFFFFFFFFFFFFFFFFFFFFFFFFBA
:10164000FFFFFFFFFFFFFFFFFFFFFFFFFFFFFFFFAA
:10165000FFFFFFFFDB000000FFFFFFFFFFFFFFFFBB
:10166000FF49000049FFFFFFFFFFFFFFFFFFFFFFF4
:10167000FFFFFFFFFFFFFFFFFFFFFFFFFFFFFFFF7A
:10168000FFFFFFFFFFFFFFFFFFFFFFFFFFFFFFFF6A
:10169000FFFFFFFFDB000000FFFFFFFFFFFFFFFF7B
:1016A000FF49000049FFFFFFFFFFFFFFFFFFFFFFB4
:1016B000FFFFFFFFFFFFFFFFFFFFFFFFFFFFFFFF3A
:1016C000FFFFFFFFFFFFFFFFFFFFFFFFFFFFFFFF2A
:1016D000FFFFFFFFDB000000FFFFFFFFFFFFFFFF3B
:1016E000FF49000049FFFFFFFFFFFFFFFFFFFFFF74
:1016F000FFFFFFFFFFFFFFFFFFFFFFFFFFFFFFFFFA
:10170000FFFFFFFFFFFFFFFFFFFFFFFFFFFFFFFFE9
:10171000FFFFFFFFDB000000FFFFFFFFFFFFFFFFFA
:10172000FF49000049FFFFFFFFFFFFFFFFFFFFFF33
:10173000FFFFFFFFFFFFFFFFFFFFFFFFFFFFFFFFB9
:10174000FFFFFFFFFFFFFFFFFFFFFFFFFFFFFFFFA9
:10175000FFFFFFFFDB000000FFFFFFFFFFFFFFFFBA
:10176000FF49000049FFFFFFFFFFFFFFFFFFFFFFF3
:10177000FFFFFFFFFFFFFFFFFFFFFFFFFFFFFFFF79
:10178000FFFFFFFFFFFFFFFFFFFFFFFFFFFFFFFF69
:10179000FFFFFFFFDB000000FFFFFFFFFFFFFFFF7A
:1017A000FF49000049FFFFFFFFFFFFFFFFFFFFFFB3
:1017B000FFFFFFFFFFFFFFFFFFFFFFFFFFFFFFFF39
:1017C000FFFFFFFFFFFFFFFFFFFFFFFFFFFFFFFF29
:1017D000FFFFFFFFDB000000FFFFFFFFFFFFFFFF3A
:1017E000FF49000049FFFFFFFFFFFFFFFFFFFFFF73
:1017F000FFFFFFFFFFFFFFFFFFFFFFFFFFFFFFFFF9
:10180000FFFFFFFFFFFFFFFFFFFFFFFFFFFFFFFFE8
:10181000FFFFFFFFDB000000FFFFFFFFFFFFFFFFF9
:10182000FF49000049FFFFFFFFFFFFFFFFFFFFFF32
:10183000FFFFFFFFFFFFFFFFFFFFFFFFFFFFFFFFB8
:10184000FFFFFFFFFFFFFFFFFFFFFFFFFFFFFFFFA8
:10185000FFFFFFFFDB000000FFFFFFFFFFFFFFFFB9
:10186000FF49000049FFFFFFFFFFFFFFFFFFFFFFF2
:10187000FFFFFFFFFFFFFFFFFFFFFFFFFFFFFFFF78
:10188000FFFFFFFFFFFFFFFFFFFFFFFFFFFFFFFF68
:10189000FFFFFFFFDB000000FFFFFFFFFFFFFFFF79
:1018A000FF49000049FFFFFFFFFFFFFFFFFFFFFFB2
:1018B000FFFFFFFFFFFFFFFFFFFFFFFFFFFFFFFF38
:1018C000FFFFFFFFFFFFFFFFFFFFFFFFFFFFFFFF28
:1018D000FFFFFFFFDB000000FFFFFFFFFFFFFFFF39
:1018E000FF49000049FFFFFFFFFFFFFFFFFFFFFF72
:1018F000FFFFFFFFFFFFFFFFFFFFFFFFFFFFFFFFF8
:10190000FFFFFFFFFFFFFFFFFFFFFFFFFFFFFFFFE7
:10191000FFFFFFFFDB000000FFFFFFFFFFFFFFFFF8
:10192000FF49000049FFFFFFFFFFFFFFFFFFFFFF31
:10193000FFFFFFFFFFFFFFFFFFFFFFFFFFFFFFFFB7
:10194000FFFFFFFFFFFFFFFFFFFFFFFFFFFFFFFFA7
:10195000FFFFFFFFDB000000FFFFFFFFFFFFFFFFB8
:10196000FF49000049FFFFFFFFFFFFFFFFFFFFFFF1
:10197000FFFFFFFFFFFFFFFFFFFFFFFFFFFFFFFF77
:10198000FFFFFFFFFFFFFFFFFFFFFFFFFFFFFFFF67
:10199000FFFFFFFFDB000000FFFFFFFFFFFFFFFF78
:1019A000FF49000049FFFFFFFFFFFFFFFFFFFFFFB1
:1019B000FFFFFFFFFFFFFFFFFFFFFFFFFFFFFFFF37
:1019C000FFFFFFFFFFFFFFFFFFFFFFFFFFFFFFFF27
:1019D000FFFFFFFFDB000000FFFFFFFFFFFFFFFF38
:1019E000FF6D240049FFFFFFFFFFFFFFFFFFFFFF29
:1019F000FFFFFFFFFFFFFFFFFFFFFFFFFFFFFFFFF7
:101A0000FFFFFFFFFFFFFFFFFFFFFFFFFFFFFFFFE6
:101A1000FFFFFFFF92000024FFFFFFFFFFFFFFFF1C
:101A2000FFB66D002492DBFFFFFFFFFFFFFFFFFF0C
:101A3000FFFFFFFFFFFFFFFFFFFFFFFFFFFFFFFFB6
:101A4000FFFFFFFFFFFFFFFFFFFFFFFFFFFFFFFFA6
:101A5000FFFFFFDB2400006DFFFFFFFFFFFFFFFF25
:101A6000FFFFDB24002424494949494949494949A0
:101A700049494949494949494949494949494949D6
:101A800049494949494949494949494949494949C6
:101A900049494924000024DBFFFFFFFFFFFFFFFF50
:101AA000FFFFFFB62400000000000000000000005F
:101AB0000000000000000000000000000000000026
:101AC0000000000000000000000000000000000016
:101AD00000000000246DB6FFFFFFFFFFFFFFFFFFC8
:101AE000FFFFFFFFDB6D4924000000000000000045
:101AF00000000000000000000000000000000000E6
:101B000000000000000000000000000000000000D5
:101B100000002449B6FFFFFF040506070302020286
:101B200000C1814001C0804101C0804100C18140AD
:101B300001C0804100C1814000C1814001C080419D
:101B400001C0804100C1814000C1814001C080418D
:101B500000C1814001C0804101C0804100C181407D
:101B600001C0804100C1814000C1814001C080416D
:101B700000C1814001C0804101C0804100C181405D
:101B800000C1814001C0804101C0804100C181404D
:101B900001C0804100C1814000C1814001C080413D
:101BA00001C0804100C1814000C1814001C080412D
:101BB00000C1814001C0804101C0804100C181401D
:101BC00000C1814001C0804101C0804100C181400D
:101BD00001C0804100C1814000C1814001C08041FD
:101BE00000C1814001C0804101C0804100C18140ED
:101BF00001C0804100C1814000C1814001C08041DD
:101C000001C0804100C1814000C1814001C08041CC
:101C100000C1814001C0804101C0804100C18140BC
:101C200000C0C101C30302C2C60607C705C5C4047C
:101C3000CC0C0DCD0FCFCE0E0ACACB0BC90908C8EC
:101C4000D81819D91BDBDA1A1EDEDF1FDD1D1CDCDC
:101C500014D4D515D71716D6D21213D311D1D0104C
:101C6000F03031F133F3F23236F6F737F53534F43C
:101C70003CFCFD3DFF3F3EFEFA3A3BFB39F9F838AC
:101C800028E8E929EB2B2AEAEE2E2FEF2DEDEC2C9C
:101C9000E42425E527E7E62622E2E323E12120E00C
:101CA000A06061A163A3A26266A6A767A56564A4FC
:101CB0006CACAD6DAF6F6EAEAA6A6BAB69A9A8686C
:101CC00078B8B979BB7B7ABABE7E7FBF7DBDBC7C5C
:101CD000B47475B577B7B67672B2B373B17170B0CC
:101CE00050909151935352929656579755959454BC
:101CF0009C5C5D9D5F9F9E5E5A9A9B5B995958982C
:101D0000884849894B8B8A4A4E8E8F4F8D4D4C8C1B
:101D1000448485458747468682424383418180408B
:101D2000F763131301030000010203040607080907
:101D300002040608020C0810581D030800000020C9
:101D40006C010000A0010008B01D03086C01002018
:101D5000F4520000B24D00089112A0230314200891
:101D6000C314A010040C63400BDBDE20FD45A19FD3
:101D70009919FE4BDBDE026BFFFF0AC9020A1DFF49
:101D8000010B1C1084020B1CE00740110A1C0440CC
:101D9000110A1DF8400A1D8040013D2A0101011071
:101DA0007CC2EB0B200008000203040607080900B0
:0400000508000141AD
:00000001FF
