:020000040800F2
:100000006054002059010008DD1E00080315000897
:10001000D91E0008FD040008214D00080000000062
:10002000000000000000000000000000692E000831
:100030008109000800000000FD240008B933000811
:1000400073010008730100087301000873010008C0
:100050007301000873010008D90B00087301000840
:1000600073010008730100087301000873010008A0
:100070007301000873010008730100087301000890
:100080007301000873010008730100087301000880
:100090007301000873010008730100087301000870
:1000A0007301000873010008730100087301000860
:1000B00073010008F1430008730100087301000890
:1000C0007301000873010008730100087301000840
:1000D0007301000825490008730100087301000836
:1000E0007301000873010008730100087301000820
:1000F0007301000873010008730100087301000810
:1001000073010008730100087301000873010008FF
:1001100073010008730100087301000873010008EF
:1001200073010008730100087301000873010008DF
:1001300073010008730100087301000873010008CF
:10014000DFF810D000F01AF800480047E952000824
:10015000AFF30080605400200648804706480047FF
:10016000FEE7FEE7FEE7FEE7FEE7FEE7FEE7FEE767
:10017000FEE7FEE7D533000841010008064C074DB5
:1001800006E0E06840F0010394E807009847103467
:10019000AC42F6D3FFF7D8FF9C1E0308BC1E030831
:1001A00070B58C1810F8015B15F0070301D110F839
:1001B000013B2A1106D110F8012B03E010F8016B66
:1001C00001F8016B5B1EF9D12B0705D40023521EE9
:1001D0000DD401F8013BFAE710F8013BCB1A921C51
:1001E00003E013F8015B01F8015B521EF9D5A1424F
:1001F000D8D3002070BD000070B50E4805780E48B9
:10020000057003200C4948700020887003210A48BB
:1002100000F076F904460849CC70201208710520D8
:1002200081F83200084690F83220002004F016FDD4
:1002300070BD0000CE0F0020E20F00202DE9F05F1E
:100240002C4807782C4890ED010AF2EE040A20EEC3
:10025000200ABCEEC00A10EE100A84B22046E11754
:1002600004EB1161C1F30728E11704EB11610912D6
:10027000A4EB012101F0FF091F4890ED000AF2EE06
:10028000040A20EE200ABCEEC00A10EE100A85B265
:100290002846E91705EB1161C1F3072AE91705EBB9
:1002A00011610912A5EB012101F0FF0B1348077042
:1002B00003201249487004208870084680F80380A3
:1002C00080F8049080F805A080F806B0072100F0BF
:1002D00017F906460949CE7130120872092081F8D3
:1002E0003200084690F83220002004F0B7FCBDE848
:1002F000F09F0000CE0F002078110020E20F0020B8
:1003000010B5044890F8332000F13401002004F0C7
:10031000A5FC10BDE20F00202DE9F0418046B8F1A8
:10032000000F05D14FF6FF7542F2041637460DE077
:10033000B8F1010F05D142F204154FF6FF762F46B2
:1003400004E042F204152E464FF6FF774FF49B73FC
:10035000E0223C21084603F0EFFE002404E028469A
:1003600003F074FF601CC4B2552CF8DBE0231A467E
:1003700094213C2003F0E0FE002404E0284603F032
:1003800065FF601CC4B2582CF8DB4FF49B73E0226D
:100390009421084603F0D0FE002404E0284603F030
:1003A00055FF601CC4B2552CF8DB4FF49B731A4602
:1003B00094213C2003F0C0FE002404E0284603F012
:1003C00045FF601CC4B2582CF8DBCC2375223C21BD
:1003D000084603F0B1FE002404E0304603F036FF87
:1003E000601CC4B2572CF8DB75231A4694213C20BC
:1003F00003F0A2FE002404E0304603F027FF601C57
:10040000C4B2582CF8DBCC2375229421084603F0A3
:1004100093FE002404E0304603F018FF601CC4B2D1
:10042000572CF8DBCC231A4694213C2003F084FEA1
:10043000002404E0304603F009FF601CC4B2582CCD
:10044000F8DB61230A223C21084603F075FE0024F4
:1004500004E0384603F0FAFE601CC4B2572CF8DB07
:100460000A231A4694213C2003F066FE002404E08F
:10047000384603F0EBFE601CC4B2582CF8DB612355
:100480000A229421084603F057FE002404E038466F
:1004900003F0DCFE601CC4B2572CF8DB61231A4663
:1004A00094213C2003F048FE002404E0384603F089
:1004B000CDFE601CC4B2582CF8DBBDE8F08170475B
:1004C00010B502F0EDF803F0DBFE01F04DFCFFF794
:1004D000F6FF01F067FA04F0B8FC02F071FC02F0DC
:1004E00013FA04F019FA03F045FF01F0F8FC00F0EC
:1004F0004BFB01F0D9F901F0D1FC10BD00BFFEE7C4
:1005000070B502460C46FF25FF2309E012F8010BE7
:1005100080EA03010648405C80EA05030548455C23
:10052000201EA4F10106B4B2F0D143EA052070BD4B
:10053000821C0308821D030810B501460F4BD878B2
:100540001A7941B1431CDBB218460D4CA45CA3429E
:100550000ADB002008E0031EA0F10104E0B203D191
:10056000074B9B5C5B1ED8B2044BD8700A23034C2C
:10057000E3710123034C637010BD0000681100207B
:100580007D1C03085C11002070B505460D480479F8
:10059000601CC0B20446052800DB002401200A4983
:1005A0000870084804710A200649C8710749085DA7
:1005B00002F0ECFC01200649887000200549887093
:1005C00070BD0000681100201B010020781C03088A
:1005D0005C110020250100202DE9F14F86B0AC48C8
:1005E0000079AC4911F80090A9F10400052878D2EF
:1005F000DFE800F0035678A0C9000925A648007876
:1006000006460290642096FBF0F0C0B28DF806001A
:10061000642096FBF0F100FB1160C0B20646039027
:100620000A2096FBF0F0C0B28DF805000A2096FB78
:10063000F0F100FB1160C0B2064604908DF8046032
:100640009348C078022802DD02209149C870904882
:10065000C078022804D102250398C830029013E024
:100660009DF8060002280FDB8948C078012804D1D4
:1006700004250498F030029006E09DF80500042857
:1006800002DB0725F72002904FF0000B0298F728B5
:1006900001DD681EC5B27E48C07801A947188FE009
:1006A00009257D484478A04644460A2098FBF0F18D
:1006B00000FB1140C0B28DF804000A2098FBF0F056
:1006C000C0B28DF805007248C078012802DD012013
:1006D0006F49C8704FF0000B6D48C07801A94718EA
:1006E0006EE06CE009256C488478A04644460A20F8
:1006F00098FBF0F100FB1140C0B28DF804000A2015
:1007000098FBF0F0C0B28DF805006148C078012870
:1007100002DD01205E49C8705D48C078012800D123
:1007200001254FF0000B5A48C07801A9471804F082
:10073000D7FB45E009255848C47805940A20059C54
:1007400094FBF0F100FB1140C0B28DF804000A20C8
:10075000059C94FBF0F0C0B28DF805004C48C078C1
:10076000012802DD01204A49C8704948C0780128A3
:1007700000D101254FF0000B4548C07801A947186A
:1007800004F0AEFB1CE001254348447A0594407A0E
:100790008DF804003E48C078012802DD01203C4964
:1007A000C8703B48C078012800D101254FF0000BEC
:1007B0003748C07801A9471804F092FB00E000BF59
:1007C00000BF97F800A0069820B10AF1010000F0E0
:1007D000FF0A03E0AAF1010000F0FF0AAA4505DDC7
:1007E000069810B14FF0000A00E0AA4687F800A072
:1007F000B9F1040F13D19DF80600642110FB01F03C
:100800009DF8051001EB810100EB41009DF80410FB
:100810000844C6B2F72E00DDF7261F480670B9F16E
:10082000050F09D19DF804009DF8051001EB810129
:1008300000EB410018494870B9F1060F09D19DF845
:1008400004009DF8051001EB810100EB4100124905
:100850008870B9F1070F09D19DF804009DF80510C3
:1008600001EB810100EB41000B49C870B9F1080FA1
:1008700003D19DF80400084948720020044988709B
:100880000A20C87101200549487007B0BDE8F08F03
:1008900068110020781C0308D80F00205C1100208C
:1008A000002019E01649095C164A125C914203DDEA
:1008B0001549095C124A11541149095C124A125C2B
:1008C000914203DA1049095C0D4A11540C49095C44
:1008D0000E4A1154411CC8B20528E3DB08490979C6
:1008E00001F00F01072905DD0549097901F0F00143
:1008F000034A117102490979044A117170470000D5
:10090000CE0F0020821E0308871E0308D80F002088
:1009100070B5002413E04FF6FF7000EA44260A4940
:10092000701800F0DFFA054642F22830854203DBFA
:100930004FF6FF70854200D103E0601C84B20A2CA0
:10094000E9DB00BF304670BD00F8030810B5094868
:100950000078012803D00848C07A012800D110BDD2
:10096000064890F83300062800DAF8E700F022F88D
:1009700000BFF4E71B0100201A110020E20F002045
:10098000704700B5034603E04FF47A7000F005F8B5
:10099000181EA3F10103F7D100BD07E0002101E01B
:1009A0004A1C91B21529FBDB421E90B20028F5DCEF
:1009B0007047000070B54B4804784B4890F83300FE
:1009C000801E81B248483430FFF79AFD06464648FB
:1009D00090F83300801E444934310D5C424890F851
:1009E0003300401E085C05EB002085B23E4890F8BD
:1009F000340050BB3C4890F83500062825D13A48D1
:100A000090F83300082820D1374890F8370010B903
:100A100001F06CFF65E0344890F83700012860D1A0
:100A20003248007A02285CD00120304908722E48F2
:100A300090F839002E49087001202C4988722D4900
:100A40000871042002F0A2FA4BE0274890F8340025
:100A5000A04246D1F4B3244890F83500032802D0D0
:100A600006283ED112E0204890F8380030B91E48E0
:100A700090F83900012801D1FFF7BEFB1A4890F821
:100A800039000E2801D1FFF7D9FB00BF164890F8B6
:100A90003700C12825D1FFF733FC134890F83910EF
:100AA00090F8380001EB002000EE100AB8EEC00A02
:100AB000F2EE040A80EE201ABCEEC10A10EE100A13
:100AC0000B4948700846407863280ADA084640789F
:100AD000044900E005E0487002F0C8F9052002F082
:100AE00055FA70BDCE0F0020E20F0020C20F00208B
:100AF000D80F00202501002070B506460D488089DA
:100B000000F23F1083B20B488289EF21002003F0EE
:100B100013FB00240AE0002504E0304603F096FBB6
:100B2000681C85B2F02DF8DB601C84B2B4F5A07FA0
:100B3000F1DB70BD424C002010B500200849C8729E
:100B400008490870C870487088700549C8710872F3
:100B50000449087102F01AFA01F04CF910BD0000C6
:100B60001A1100201B01002008B506208DF8000096
:100B700000208DF801008DF8020001208DF803009F
:100B8000684601F0B9F908BD0EB50120ADF80800BE
:100B900002208DF80A0028208DF80B0002A90D48CC
:100BA00000F01EFA0121084601F06AFD0021084606
:100BB00000F0F6F90120009000208DF804001020CC
:100BC0008DF8050001208DF80600684600F02EF82B
:100BD0000EBD00000008014010B5012000F012F821
:100BE00030B1012000F008F804F0F2FA0149087071
:100BF00010BD00001A010020014908607047000084
:100C000014040140014600200022074B1B6803EA40
:100C10000102054B14331B680B4013B10AB10120CC
:100C200000E000207047000000040140002123493B
:100C30008279002A3AD00A46126803689A430B4622
:100C40001A600A1D126803689A430B1D1A60027924
:100C500011440A6803681A430A60184A0832126885
:100C600003689A43154B08331A601A1D126803680B
:100C70009A43124B0C331A604279102A0ED11A1F74
:100C8000126803681A430D4B08331A601A1D126864
:100C900003681A43094B0C331A600DE00749427987
:100CA00011440A6803681A430A6005E00279114496
:100CB0000A6803689A430A60704700000004014014
:100CC00010B501200D498870C87000200871FFF729
:100CD00033FF00200A4988720A48C07900B910BD64
:100CE000002405E00848005D08490855601CC4B2AE
:100CF000052CF7DB02F0BAF800BFF0E72501002071
:100D0000C20F002068110020D80F0020CE0F002055
:100D100030B504460425B4F1046F24D3681F00F0F5
:100D200004F90546042D1CD12448006840F0020057
:100D300022499039C1F890000846C0F89440D0F894
:100D4000900040F040001D490860681F00F0EDF879
:100D500005461A489038D0F8900020F00200174954
:100D60000860284630BD164800684FF0006101EB6E
:100D70008020401EA0421FD3480000F0C3F8054663
:100D8000042D19D10D489038006940F002000B493C
:100D90009039086108464461006940F040000861EC
:100DA000C80300F0AFF8054604489038006920F009
:100DB00002000249903908612846D3E7902002409A
:100DC000E0F7FF1F04200B49C96801F0010109B1D8
:100DD00001200EE00749C96801F0040109B10220B1
:100DE00007E00449C96801F0100109B1032000E0DF
:100DF000042070470020024004200B49096801F0DC
:100E0000010109B101200EE00749096801F0040160
:100E100009B1022007E00449096801F0100109B195
:100E2000032000E0042070478C2002400348006942
:100E300040F0800001490861704700000020024036
:100E400070B504460D460426B4F1046F1ED34FF46A
:100E5000704000F06AF80646042E15D11F4800685D
:100E600040F001001D49086025804FF4704000F0FB
:100E70005CF8064619489038D0F8900020F0010040
:100E800016499039C1F89000304670BD144800688A
:100E90004FF0006101EB8020401EA0421CD34FF4B4
:100EA000704000F02FF80646042E15D10B489038FC
:100EB000006940F0010009499039086125804FF42C
:100EC000704000F01FF8064604489038006920F092
:100ED00001000249903908613046D6E7902002406F
:100EE000E0F7FF1F014608887047000002480349E9
:100EF000486003484860704723016745002002406E
:100F0000AB89EFCD00B502460423FFF75BFF034634
:100F100003E0FFF757FF0346521E012B01D1002AC1
:100F2000F7D102B90523184600BD00B502460423D7
:100F3000FFF762FF034603E0FFF75EFF0346521E22
:100F4000012B01D1002AF7D102B90523184600BDB3
:100F500030B50346A12921DBA12B0DDBA92B0BDC2E
:100F6000A1F1A100A3F1A104C4EB041505EB441405
:100F700000EB4400504330BDB02B0FDBF72B0DDCF2
:100F8000A1F1A100A3F1B004C4EB041505EB4414D6
:100F900000EB440000F24E305043ECE70020EAE75B
:100FA00030B500228B071C0F0F2303FA04F20B4B02
:100FB0008C1053F824309343084C8D1044F825309E
:100FC00023468C1053F824308C07240F00FA04F4C5
:100FD0002343024C8D1044F8253030BD08000140F9
:100FE0002DE9F041024600250026002000230024C0
:100FF000002791F803C00CF00F0591F803C00CF026
:10100000100CBCF1000F03D091F802C04CEA0505AA
:1010100091F800C0BCF1000F31D0146800202BE023
:101020004FF0010C0CFA00F3B1F800C00CEA030613
:101030009E4220D183004FF00F0C0CFA03F7BC4303
:1010400005FA03FC4CEA040491F803C0BCF1280F34
:1010500006D14FF0010C0CFA00FCC2F814C00AE0F3
:1010600091F803C0BCF1480F05D14FF0010C0CFA08
:1010700000FCC2F810C0401C0828D1D31460B1F89D
:1010800000C0BCF1FF0F34DD546800202EE000F1F9
:10109000080C4FF0010808FA0CF3B1F800C00CEA94
:1010A00003069E4221D183004FF00F0C0CFA03F788
:1010B000BC4305FA03FC4CEA040491F803C0BCF1FC
:1010C000280F05D100F1080C08FA0CF8C2F81480BA
:1010D00091F803C0BCF1480F07D100F1080C4FF0A4
:1010E000010808FA0CF8C2F81080401C0828CED37A
:1010F0005460BDE8F081000010B5B0F5003F7AD033
:1011000037DCB0F5807F77D015DC082875D009DC96
:10111000B0F1004F72D0012871D0022875D0042898
:101120006FD173E010286DD030286CD040286BD080
:10113000C028F5D1D5E0B0F5805F6DD00CDCB0F5FE
:10114000007F77D0B0F5407F75D0B0F5006F73D0D9
:10115000B0F5406FE4D10AE1B0F5804F6DD0B0F545
:10116000C04F6BD0B0F5004F51D0B0F5803FD7D114
:101170004EE0D44BC21A98426FD01DDCB0F1007F14
:101180006CD00CDCB0F5802F44D0B0F5002F44D0EB
:10119000B0F5801F42D0B0F1807FC1D111E1B0F134
:1011A000806F78D06FF080420244002A74D01F2AEA
:1011B00073D03F2AB4D12FE1C34C131BA2426DD090
:1011C0000CDC802A6BD0B2F5C07F69D0B2F5607FAD
:1011D00067D0BE4B1A44002AA2D133E1B3F5802F69
:1011E0007CD0B3F5402F7AD0B3F5A01F78D0B3F5FB
:1011F000E01F95D128E10CE081E00CE02FE01EE03B
:1012000003E05CE139E04DE05AE000BF00BF00BF01
:1012100000BF00BF00BF00BF00BF00BFAC4A5268A4
:101220008243AB4B5A60012903D11A4652680243EC
:101230005A6045E171E07EE08BE0A6E0B3E0A44AAD
:101240005268A44B1A40A24B5A60012904D11A4695
:10125000526842F001025A6032E1DEE0BFE09C4A8F
:1012600052689C4B1A409A4B5A60012904D11A4685
:10127000526842F000425A6022E1954A526822F0D8
:101280003002934B5A60012904D11A46526842F049
:1012900010025A6014E1B0E0BDE0D1E0D3E0BDE05F
:1012A000BDE0CEE08A4A526822F03002884B5A6094
:1012B000012904D11A46526842F030025A60FFE018
:1012C000834A526822F0C002814B5A60012904D13E
:1012D0001A46526842F040025A60F1E0C5E0D2E09E
:1012E000DFE07B4A526822F0C002794B5A60012944
:1012F00004D11A46526842F0C0025A60E0E0744AD3
:10130000526822F44072724B5A60012904D11A4685
:10131000526842F480725A60D2E06D4A526822F4F8
:1013200040726B4B5A60012904D11A46526842F44C
:1013300000725A60C4E0664A526822F44072644BFC
:101340005A60012904D11A46526842F440725A6028
:10135000B6E05F4A526822F440625D4B5A60012950
:1013600004D11A46526842F400625A60A8E0584A12
:10137000526822F44062564B5A60012904D11A4641
:10138000526842F440625A609AE0514A526822F42C
:10139000C0424F4B5A60012904D11A46526842F4A8
:1013A00080425A608CE04A4A526822F4C042484B5C
:1013B0005A60012904D11A46526842F4C0425A6068
:1013C0007EE0434A526822F0E062414B5A600129B4
:1013D00004D11A46526842F080725A6070E03C4A6A
:1013E000526822F0E0623A4B5A60012904D11A4651
:1013F000526842F000725A6062E0354A526822F048
:10140000E062334B5A60012904D11A46526842F017
:1014100080625A6054E000BF00BF00BF00BF2C4A8A
:10142000D269C0F315039A43294BDA61012906D129
:101430001A46D269C0F315031A43254BDA613FE01F
:1014400000BF00BF00BF00BF214AD269C0F315032F
:101450009A431F4BDA61012906D11A46D269C0F3BB
:1014600015031A431A4BDA612AE0194AD26922F4A9
:10147000C012174BDA61012904D11A46D26942F42D
:101480000022DA611CE0124AD26922F4C012104B29
:10149000DA61012904D11A46D26942F48012DA6174
:1014A0000EE00B4AD26922F4C012094BDA6101291D
:1014B00004D11A46D26942F4C012DA6100E000BFDA
:1014C00000BF10BD8000004080FF03008000FEFFD1
:1014D00000000140FEFFFF7F0246002093680B40A2
:1014E0000BB1012000E000207047416170470161AD
:1014F00070474FF6FF710180022181700421C17095
:10150000704700BFFEE700002DE9F04104460E469B
:1015100017464FF00008002020704FF480712748D4
:10152000FFF7E5FF80251FE04FF400712348FFF728
:10153000DEFF0120FFF731FA3846FFF72EFA0320CD
:10154000FFF72BFA4FF480711C48FFF7C5FF10B16D
:101550002078284320704FF400711848FFF7C5FF2A
:101560000120FFF71AFA6D10002DDDDC2EB94FF4C3
:1015700080711248FFF7B9FF04E04FF480710F4803
:10158000FFF7B5FF0120FFF708FA4FF400710B4891
:10159000FFF7ADFF0520FFF700FA4FF40071074891
:1015A000FFF7A3FF4FF480710448FFF7A0FF14205A
:1015B000FFF7F3F94046BDE8F0810000000C014060
:1015C00010B54FF480710F48FFF791FF0120FFF72E
:1015D000E4F94FF400710B48FFF789FF0120FFF792
:1015E000DCF94FF480710748FFF77FFF0A20FFF70F
:1015F000D4F94FF400710348FFF777FF0A20FFF793
:10160000CCF910BD000C014010B54FF400710F482B
:10161000FFF76BFF0120FFF7C0F94FF480710B4813
:10162000FFF763FF0120FFF7B8F94FF40071074897
:10163000FFF75DFF0A20FFF7B0F94FF48071034810
:10164000FFF755FF0A20FFF7A8F910BD000C014075
:1016500070B505460026802421E004EA050028B97B
:101660004FF480711E48FFF740FF04E04FF4807193
:101670001B48FFF73CFF0120FFF78FF94FF4007183
:101680001748FFF734FF0520FFF787F94FF4007183
:101690001348FFF72AFF0120FFF77FF96410002CA1
:1016A000DBDC4FF480710E48FFF721FF4FF400712F
:1016B0000B48FFF71CFF0120FFF76FF94FF4807113
:1016C0000748FFF709FF00B101264FF400710448F5
:1016D000FFF70BFF1420FFF760F9304670BD0000E4
:1016E000000C01402DE9F04104460E4617464FF02C
:1016F00000080020207002212248FFF7F8FE802514
:101700001CE004211F48FFF7F2FE0120FFF745F916
:101710003846FFF742F90320FFF73FF90221194845
:10172000FFF7DAFE10B12078284320700421154815
:10173000FFF7DBFE0120FFF730F96D10002DE0DC34
:1017400026B902210F48FFF7D0FE03E002210D4821
:10175000FFF7CDFE0120FFF720F904210948FFF72C
:10176000C6FE0520FFF719F904210648FFF7BDFE64
:1017700002210448FFF7BBFE1420FFF70EF9404694
:10178000BDE8F0810008014010B502210D48FFF7C7
:10179000AEFE0120FFF701F904210A48FFF7A7FE7A
:1017A0000120FFF7FAF802210648FFF79EFE0A2003
:1017B000FFF7F3F804210348FFF797FE0A20FFF72D
:1017C000ECF810BD0008014070B5054600268024E5
:1017D0001DE004EA050020B902211B48FFF785FE41
:1017E00003E002211848FFF782FE0120FFF7D5F839
:1017F00004211548FFF77BFE0520FFF7CEF80421F2
:101800001148FFF772FE0120FFF7C7F86410002CA3
:10181000DFDC02210C48FFF76AFE04210A48FFF7CB
:1018200066FE0120FFF7B9F802210748FFF754FED2
:1018300000B1012604210448FFF757FE1420FFF7EA
:10184000ACF8304670BD00000008014030B50246DB
:101850000B46FF20002113E0555C684008240BE094
:1018600000F0800525B1312585EA4005E8B201E0A8
:101870004506280E651EECB2002CF1DC4D1CE9B2C9
:101880009942E9DB30BD2DE9F04105460E4614468C
:1018900031462846FFF7DAFF0746A74202D002206A
:1018A000BDE8F0810020FBE708B50620ADF8000098
:1018B00001208DF8020014208DF8030069460248CB
:1018C000FFF78EFB08BD0000000801402DE9FC4138
:1018D00005460E4617463A46002101A8FFF702FFCB
:1018E000044634B9002211460DF10500FFF7FAFE57
:1018F00004462CB9002231466846FFF7F3FE044641
:1019000034B99DF80020022101A8FFF7BCFF04466E
:101910009DF805009DF8041040EA0120288020462B
:10192000BDE8FC8101490870704700004C010020AF
:1019300010B5FFF729FF05490978012202EB4101A3
:10194000C8B2FFF741FF0446204610BD4C010020FD
:1019500010B50446202C10D006DC012C19D0042C24
:101960001AD0102C1BD104E0402C0ED0802C16D1A4
:1019700007E00120FEF708FE12E00020FEF72CFE33
:101980000EE00120FEF728FE0AE00120FEF7D4FD5C
:1019900006E0FFF795F903E000F03AFE00BF00BF54
:1019A00000BF10BD7047000010B504460848007A1B
:1019B000012808D1074800780749087001F056FA55
:1019C0000220034908722046FFF7C2FF10BD000045
:1019D000C20F0020D80F0020CE0F002070B53C4869
:1019E000407A012800D170BD3A48007900B9FAE781
:1019F00000203849087101F093FA04462046E117A7
:101A000004EB1161C1F30725E6B23148407A0228A0
:101A100037D030488079012833D12E48407CA84205
:101A20002DD125BB2B48407801281AD12948007CAC
:101A300018B92848007C012813D02648007C1028BB
:101A400007D10120244908712249087CFFF7ACFF27
:101A500007E021480079012803D11E49087CFFF7DF
:101A6000A3FF00201B4948700846057407E0194889
:101A7000407820B901201749487008460574154878
:101A800045741348407A03281BD012484079012836
:101A900017D11048C07BB04211D11EB900200D49AA
:101AA00008700CE00B48007848B90B480079012811
:101AB00005D13046FFF778FF012006490870054838
:101AC000C673002003494871887100BF8BE700008E
:101AD000C20F00201A1100202501002000B54B483C
:101AE000C379052B00DB05234948408949F226319B
:101AF000884205D04648408947F2937188423DD1DB
:101B0000C3EBC300434901EB40021078424908701F
:101B1000507848705088488090888880D088C880E5
:101B2000108908815089488190898881032002F0BA
:101B300089FB3949488802F089FB4FF4047002F0B0
:101B400081FB3549888802F081FB40F2112002F0C8
:101B500079FB3149C88802F079FB40F2122002F08B
:101B600071FB2D49088902F071FB40F2132002F04D
:101B700069FB2949488902F069FB46E0C3EBC300D1
:101B8000264901EB400210782349087050784870CC
:101B90005088488090888880D088C88010890881C3
:101BA0005089488190898881362002F04BFB1A4980
:101BB000488802F04BFB2A2002F044FB1649898832
:101BC000081202F043FB1449087902F03FFB124966
:101BD000C988081202F03AFB0F49887902F036FBF7
:101BE0002B2002F02FFB0C490989081202F02EFB72
:101BF0000949087A02F02AFB07494989081202F0CC
:101C000025FB0549887A02F021FB00BDCE0F00209C
:101C10005C11002030540008424C0020845400081D
:101C200010B549484078C0B94848C07928B94848F3
:101C30000078012801D1FFF743F84448407860B1AB
:101C40004248808948B9002040494870414840785E
:101C500040490870012001F099F93B48407800B9EB
:101C600010BD002201213C4802F0D8FD0220364977
:101C7000487008460079487101221146364802F042
:101C8000CDFD3148007920B14FF400513348FFF7C2
:101C90002CFC334804682C4840790A281BD2DFE822
:101CA00000F01A081A1A0B0E1114170500F074FB35
:101CB00014E000F0E1F911E000F060F90EE001F04D
:101CC000B9FA0BE001F054FA08E001F013FB05E06B
:101CD00001F010FA02E000F0CFF900BF00BF204889
:101CE0000068001B1849088108464078022812D174
:101CF000002048708870C8701A484078062802DBB7
:101D00000020184948701048018916484278083068
:101D100020F8121016E01348407818B9062011492F
:101D2000487006E00F484078062802DB01200D4984
:101D30004870054802890B484078401E094908311F
:101D400021F8102000BF8BE75C11002068110020F3
:101D50001B0100201201002000040040000C014083
:101D6000504C00203011002008B58020ADF8000054
:101D700002208DF8020010208DF8030069461A48F1
:101D8000FFF72EF92020ADF8000069461748FFF74D
:101D900027F91020ADF8000069461448FFF720F934
:101DA0002020ADF8000069461148FFF719F9082016
:101DB000ADF8000069460C48FFF712F980210A4887
:101DC000FFF793FB20210948FFF78FFB10210748FD
:101DD000FFF78BFB20210648FFF789FB082102480B
:101DE000FFF783FB08BD0000000801400010014020
:101DF0000018014010B500200249087003F0FCF9FA
:101E000010BD00001201002010B500F029FD0948A6
:101E1000007858B9002405E00748005D05490855D9
:101E2000601CC4B2052CF7DB01F020F8FEF738FD8A
:101E300010BD0000CE0F0020871E030838B50446F1
:101E4000102C00DD00241048807801281AD10F489A
:101E5000007868B90C48047000780D4901EBC005A2
:101E60000C4800680090D5E9001201F045FB09E03C
:101E700006480478102C00DD0024074931F81400CE
:101E8000FEF73AFE38BD00005C1100200200002081
:101E900054550008945600080600002008B570202C
:101EA000ADF8000001208DF8020010208DF803002D
:101EB00069460848FFF794F840210648FFF717FBEA
:101EC00020210448FFF713FB10210248FFF70FFB06
:101ED00008BD00000008014000BFFEE7704710B5D4
:101EE0004FF4A06000F040F802F070FAFEF73CFEFC
:101EF00002F05AFD10BD000070B5002100230F2232
:101F0000C47804B3154C246804F4E064C4F5E064B8
:101F1000210AC1F10403CA40447804FA03F1847829
:101F20001440214309010E4C0678A155047804F0B1
:101F30001F050124AC4005786D11AD0005F1E025C9
:101F4000C5F8004109E0047804F01F050124AC4005
:101F5000044D0678761145F8264070BD0CED00E082
:101F600000E400E080E100E002490143024A116020
:101F7000704700000000FA050CED00E03EB538485F
:101F800004780020029000250A2094FBF0F100FB69
:101F900011403030C0B28DF80800642094FBF0F19D
:101FA00000FB11400A2190FBF1F03030C0B28DF8F7
:101FB0000900642094FBF0F03030C0B28DF80A00C4
:101FC0002748407A08B9022500E00A25254800780C
:101FD000A84204D0E8B2FFF731FF22490D70224930
:101FE000C878FEF799F921482149097830F811009D
:101FF00020491F4A127831F81210CDE900109DF8DF
:1020000008200523F321482001F046FE174818490F
:10201000097830F811001749154A127831F8121072
:10202000CDE900109DF8092005238921482001F001
:1020300033FE0E480E49097830F811000D490C4A5C
:10204000127831F81210CDE900109DF80A2005230E
:102050001E21482001F020FE0220024948703EBDAA
:10206000D80F002025010020681100200600002064
:10207000020000202600002070B52DED028B86B0F6
:102080006A4890ED010AB0EE408AB2EE040A28EEEA
:10209000000ABCEEC00A10EE104A90ED000AF2EE03
:1020A000040A20EE200ABCEEC00A10EE105ABCEE64
:1020B000C80A10EE100A86B2002003905C484078EF
:1020C0000A2190FBF1F03030C0B28DF80C00584876
:1020D000407890FBF1F201FB12003030C0B28DF875
:1020E0000D0000F0B1F804A9204602F0F6FB05A9A6
:1020F000284602F0F2FB9DF81000302819D14D4817
:102100004D49097830F811004C494B4A127831F8A2
:102110001210CDE900109DF81120052384215C20C8
:1021200001F0BAFD84235C22AC21104601F05AFA7A
:1021300016E09DF8100098B13E483F49097830F804
:1021400011003E493C4A127831F812100522022350
:10215000CDE90021029004AA5C21084601F0B0FFFD
:1021600034483549097830F811003449324A127838
:1021700031F81210CDE900109DF813200523B62187
:102180005C2001F089FD4FF6FF70032306226821D1
:102190000090A82002F0AEFF26482749097830F8C1
:1021A00011002649244A127831F812100022042323
:1021B000CDE90021029005AA0A21B42001F080FF98
:1021C0001C481D49097830F811004FF44071CDE9E1
:1021D00000109DF80C2003230E21762001F05CFDF9
:1021E00014481549097830F811004FF44071CDE9D1
:1021F00000109DF80D2003231E21762001F04CFDD8
:102200000F48C089012803D00E48C078012809D1A1
:102210000C48C178304602F09FFE00200849C88172
:102220000849C87006B0BDEC028B70BD7811002063
:10223000CE0F002006000020020000202600002013
:10224000504C00202501002038B500244A48D0ED2C
:10225000010A4A484078401C00EE100AB8EEC00A55
:10226000F4EEC00AF1EE10FA03D8012044490870D8
:1022700011E04148D0ED010A40484078401C00EE92
:10228000100AB8EEC00AF4EEC00AF1EE10FA02DD50
:1022900000203B4908703B48007898B138480078E6
:1022A00080B93948407A08B9002400E00824E0B237
:1022B000FFF7C4FD0121002002F04EFE002031494D
:1022C000087022E02F48007801281ED02C480078A2
:1022D00001281AD12848807A012806D120212B48CC
:1022E000FFF705F90020244988722748407A08B989
:1022F000012400E00924E0B2FFF7A0FD0121002045
:1023000002F02AFE01201F4908701D48407801286C
:1023100017D11C484078012813D01B48407A08B9CF
:10232000052400E00D241A4800EBC4031948406856
:102330000090D3E9001201F0DFF801201149487044
:1023400018E00F484078A8B90E48407890B10E4880
:10235000407A08B9042400E00C240D4800EBC403C3
:102360000C4840680090D3E9001201F0C5F8002045
:102370000449487038BD000078110020CE0F0020BD
:102380001001002025010020D80F0020001001407E
:1023900054550008945600082DE9FE414A4800882B
:1023A000FEF7AAFB494890F80080012047490870D1
:1023B0004748408947F29371884228D145480078C0
:1023C00020B191245A25C4261E2703E07824AA258B
:1023D00055266E273C4800884FF6FF7101220623E0
:1023E000CDE9002102903CA22946204601F068FE7A
:1023F000354800884DF6DB6100221E23CDE900211F
:10240000029039A23946304601F05AFE56E0304873
:10241000408949F22631884228D12E48007820B1DF
:1024200091245A25C4261E2703E07824AA25552680
:102430006E27254800884FF6FF7101220623CDE95B
:102440000021029024A22946204601F039FE1E48B0
:1024500000884DF6DB6100221E23CDE900210290A9
:1024600021A23946304601F02BFE27E019480078BA
:1024700020B1EB245A25C8261E2703E07824AA257C
:1024800055266E27104800884FF6FF71012206235B
:10249000CDE90021029010A22946204601F010FE4D
:1024A000094800884DF6DB6100221E23CDE900219A
:1024B00002900DA23946304601F002FE034880F832
:1024C0000080BDE8FE810000040000200200002022
:1024D0005C110020424C002048535F436162696EEA
:1024E000657420202020200056312E3030202020FE
:1024F00020323032332D30352D3038007047F0B572
:10250000074627B94FF6FF7542F2041603E042F280
:1025100004154FF6FF7640F22B13B4222C21084607
:1025200001F00AFE002404E0284601F08FFE601C42
:10253000C4B2782CF8DBB4231A46A4212D2001F074
:10254000FBFD002404E0284601F080FE601CC4B2BC
:10255000762CF8DB40F22B13B422A421084601F0BC
:10256000EBFD002404E0284601F070FE601CC4B2BC
:10257000782CF8DB40F22B131A46A4212D2001F011
:10258000DBFD002404E0284601F060FE601CC4B2BC
:10259000762CF8DB8B2314222C21084601F0CCFD8D
:1025A000002404E0304601F051FE601CC4B2782CD7
:1025B000F8DB14231A46A4212D2001F0BDFD0024D0
:1025C00004E0304601F042FE601CC4B2762CF8DB19
:1025D0008B231422A421084601F0AEFD002404E060
:1025E000304601F033FE601CC4B2782CF8DB8B233C
:1025F0001A46A4212D2001F09FFD002404E030465E
:1026000001F024FE601CC4B2762CF8DBF0BD0000A3
:1026100010B5012007498870C87000200871FEF7C6
:102620008BFA0020044988720448C07900B910BDB3
:1026300000BFFCE725010020C20F00206811002028
:1026400029B1064A52690243044B5A6104E0034A25
:1026500052698243014B5A617047000000100240EA
:1026600029B1064AD2690243044BDA6104E0034A05
:10267000D2698243014BDA617047000000100240CA
:1026800029B1064A92690243044B9A6104E0034A65
:1026900092698243014B9A6170470000001002402A
:1026A00010B54FF4803000F0B5F801210802FFF7B3
:1026B000C7FF01210448FFF7D3FF012144F67D0045
:1026C000FFF7DEFF10BD000003000018F0B5002288
:1026D000002100240023484D6D6805F00C0222B152
:1026E000042A05D0082A3ED105E0444D05603DE0AE
:1026F000424D05603AE0404D6D6805F480343E4D32
:102700006D683F4E05EA060101F0C04535B901F498
:102710007015B5F5701F01D0022500E0012501F00C
:10272000C046C1F3834747EA5666A9191CB9354D1F
:102730004D4305600BE0304D6D6805F400351DB16B
:10274000304D4D43056002E02C4D4D4305602A4D50
:102750006D6805F000452DB92B4E0568B54201D9CD
:102760003546056002E0254D056000BF00BF224DE3
:102770006D68C5F30212204D6D6805F0800515B136
:10278000224DAD5C00E000252B460568DD4045602C
:10279000194D6D68C5F30122174D6D6805F480650C
:1027A00015B11A4DAD5C00E000252B464568DD40B3
:1027B0008560114D6D68C5F3C1220F4D6D6805F43C
:1027C000005515B1114DAD5C00E000252B46456864
:1027D000DD40C560084D6D68C5F38132064D6D68FA
:1027E00005F080550DB142F00402094DAB5CC5689F
:1027F000B5FBF3F50561F0BD0010024000127A0050
:1028000000003C6000093D0000A24A048C1E030841
:10281000941E03081149096821F480310F4A1160A0
:102820001146096821F480211160B0F5803F03D082
:10283000B0F5802F0ED106E00849096841F48031D7
:10284000064A116007E00549096841F4A021034ADE
:10285000116000E000BF00BF7047000000100240A0
:102860002DE9F04700250026A846FEF73FFBFEF7BE
:102870004FF88146484602F067FCFEF7D7FA00247D
:1028800011E01849A01C31F81000454004F1220065
:1028900031F81000464004F1420031F8100080EA9F
:1028A0000808601C84B2062CEBDB002415E025B977
:1028B0000C49A01C31F810700BE02EB9094904F145
:1028C000220031F8107004E0064904F1420031F8AA
:1028D000107005490F55601C84B2062CE7DBBDE87B
:1028E000F0870000604C0020CE0F002010B5FEF7EE
:1028F00023F902F031FD00200249087000F0B6FA19
:1029000010BD0000CE0F002008B54FF44070ADF8A8
:10291000000001208DF8020014208DF803006946A4
:102920000148FEF75DFB08BD000C014038B50446C8
:10293000204600F077F9684600F03AFA0546012192
:10294000002000F075F938BD10B54420FFF7EEFF08
:1029500010BD30B502460B46FF20002113E0555C48
:10296000684008240BE000F0800525B1312585EA98
:102970004005E8B201E04506280E651EECB2002CC9
:10298000F1DC4D1CE9B29942E9DB30BD2B49897875
:102990000A2918DB00EE100AB8EE400ADFED280A1B
:1029A00020EE200A9FED271AC0EE010A23498978FC
:1029B00000EE101AB8EE400A30EE800AF2EE040A79
:1029C00030EE600A70471D498978002934DB1B49C5
:1029D00089780A2930DA00EE100AB8EE400ADFEDF5
:1029E000180A20EE200A9FED171AC0EE010A1349BB
:1029F000897800EE101AB8EE400A30EEC00AB5EE43
:102A0000C00AF1EE10FA02D89FED0F0ADAE700EEE5
:102A1000100AB8EE400ADFED0A0A20EE200A9FED08
:102A2000091AC0EE010A0549897800EE101AB8EEBD
:102A3000400A30EEC00AC5E700BFC3E7D80F002048
:102A40000000C84200FF7F47000000003149C978FC
:102A50000A291CDB00EE100AB8EE400ADFED2E0A50
:102A600020EE200A9FED2D1AC0EE010A9FED2C0AE0
:102A700070EEC00A2749C97800EE101AB8EE400A75
:102A800030EE800AF2EE040A30EE600A7047214907
:102A9000C97800293CDB1F49C9780A2938DA00EED9
:102AA000100AB8EE400ADFED1C0A20EE200ADFED26
:102AB0001B0A80EE201A9FED1A0A71EE400A154992
:102AC000C97800EE101AB8EE400A30EEC00AB5EE32
:102AD000C00AF1EE10FA02D89FED120AD6E700EE16
:102AE000100AB8EE400ADFED0C0A20EE200ADFEDF6
:102AF0000B0A80EE201A9FED0A0A71EE400A054982
:102B0000C97800EE101AB8EE400A30EEC00ABDE7F0
:102B100000BFBBE7D80F002000002F4300FF7F4716
:102B200000003442000000002DE9F04105460E4649
:102B3000144631462846FFF70CFF0746A74202D04D
:102B40000220BDE8F0810020FBE72DE9FC410546AD
:102B50000E4617463A46002101A8FEF7D5FC04466A
:102B600034B9002211460DF10500FEF7CDFC0446F4
:102B70002CB9002231466846FEF7C6FC044634B93B
:102B80009DF80020022101A8FFF7CEFF04469DF822
:102B900005009DF8041040EA012028802046BDE889
:102BA000FC8100007CB505460E4600F0E7F80446BF
:102BB00024B94FF4604000F0EFF8044614B900F077
:102BC000CDF804462CB90022114601A8FFF7BDFF3D
:102BD00004462CB9002201216846FFF7B6FF0446DF
:102BE0009CB9BDF80400FFF731FF85ED000A95EDB3
:102BF000000AF2EE040A30EE600A85ED000ABDF824
:102C00000000FFF7C3FE86ED000AFEF7FDFC044856
:102C1000807A012802D0012000F0B8F920467CBD5E
:102C2000C20F0020014908707047000049010020D0
:102C300070B506460D4600F0A1F80446002C72D18E
:102C4000002E57D0012E2BD0022E7FD1052D22D25F
:102C5000DFE805F003090F151B0042F22F0000F01A
:102C60009BF804431AE042F22D1000F095F804435B
:102C700014E042F22B2000F08FF804430EE042F201
:102C8000293000F089F8044308E042F22A7000F08D
:102C900083F8044302E044F0800400BF00BF58E022
:102CA000052D22D2DFE805F003090F151B0042F2C3
:102CB000240000F071F804431AE042F2261000F0FC
:102CC0006BF8044314E042F2202000F065F804435E
:102CD0000EE042F2223000F05FF8044308E042F2D6
:102CE000217000F059F8044302E044F0800400BF72
:102CF00000BF2EE0052D24D2DFE805F003090F17F1
:102D00001D0042F2320000F047F804431CE042F29A
:102D1000301000F041F8044316E042F2362000F093
:102D20003BF8044310E015E010E042F2343000F0CC
:102D300033F8044308E042F2377000F02DF8044302
:102D400002E044F0800400BF00BF02E044F08004D1
:102D500000BF00BFFEF758FC204670BD10B5FEF75F
:102D60002FFC05490978012202EB4101C8B2FEF7A8
:102D70006FFC0446204610BD4901002010B5FEF747
:102D80001FFC044909784906080EFEF761FC044659
:102D9000204610BD4901002070B504462012FEF700
:102DA00057FC0546E0B2FEF753FC0543284670BDCC
:102DB00070B50546FFF7E2FF0446204670BD0000EF
:102DC00008B501210D20FFF75BFC6846FEF791FB7B
:102DD0004FF4C850ADF8000002208DF80200182012
:102DE0008DF8030069461948FEF7FAF8C220ADF8DD
:102DF000000069461648FEF7F3F801211548FEF772
:102E00007BF901211448FEF777F902201349086085
:102E100000BF1248001D006800F001000028F8D132
:102E20000F480E49091F08600E480C498839C1F83F
:102E3000840000BF09480830006800F080000028C6
:102E4000F8D106491031086008BD000000080140B3
:102E5000000C014000002040000400408820024097
:102E600023016745AB89EFCD704700002DE9F041A4
:102E70000026FDF715FD00240EE02648055D6E4096
:102E80002549A01C21F81050203021F81050203086
:102E900021F81050601C84B2052CEEDB1E48C68160
:102EA000A0F84E60A0F88E60FDF732FD0746384668
:102EB00002F04AF900241DE01749A01C31F8101057
:102EC000164A32F81000814211D1134904F1220050
:102ED00031F8101032F81000814208D10E4904F187
:102EE000420031F8101032F81000814200D003E0A7
:102EF000601C84B2062CDFDB00BF062C07DA074813
:102F00000088401C04490880384602F033F9BDE8C7
:102F1000F0810000CE0F0020604E0020604C0020A9
:102F20001848C27B417C4079012805D1002216480F
:102F30000078082800D101221248807901281DD18B
:102F4000002111480078102801D1102116E00E4808
:102F50000078022801D1202110E00B4800780128D8
:102F600001D180210AE008480078202801D14021C1
:102F700004E005480078042800D1042102EB012078
:102F800080B270471A1100201A01002017494978B1
:102F9000022903D10321154A517002E00121134A8D
:102FA00051700121114A91700021114A5170117024
:102FB000D17091700F494A784978491C0D4B59706E
:102FC000052A02DB00211A46517000F07F01074AF2
:102FD000117108494A78891C885407490A680549CB
:102FE0004B78143141F82320704700005C11002019
:102FF0008411002030110020504C002010B500F04A
:1030000001F810BD1CB50020019000903648006802
:1030100040F480303449086000BF3348006800F451
:10302000003000900198401C0190009818B9019858
:10303000B0F5405FF1D141F2883001F073FE2A48CB
:10304000006800F4003010B10120009001E0002081
:1030500000900098012845D12348406822494860E3
:103060000846406820F4605048600846406840F4D4
:10307000005048600846406820F4E0604860084618
:10308000406840F48060486008464068174908403E
:103090001549486008464068154908431249486088
:1030A0000846006840F08070086000BF0E48006865
:1030B00000F000700028F9D00B48406820F00300B1
:1030C000094948600846406840F00200486000BF77
:1030D0000548406800F00C000828F9D14FF4FA7058
:1030E00001F020FE1CBD000000100240FFFFC01FC9
:1030F000000021A03EB51848457A00200290102417
:103100000A2095FBF0F100FB11503030C0B2029064
:1031100012480078A04204D0E0B2FEF78FFE0F49BB
:103120000C700F49C878FFF7EAF90E480E49097884
:1031300030F811000D490C4A127831F81210CDE91F
:1031400000109DF808200523DC21482000F0A4FD94
:103150000220024948703EBDD80F00202501002002
:103160006811002006000020020000202600002038
:103170003EB52A488578002002900A2D03DA2D20DA
:103180008DF8090002E02B208DF809000A2095FB3C
:10319000F0F100FB11503030C0B28DF8080000246F
:1031A0001E48407A08B9062400E00E241C48007826
:1031B000A04204D0E0B2FEF741FE19490C70194953
:1031C000C878FFF79CF918481849097830F81100B9
:1031D0001749164A127831F81210CDE900109DF8FF
:1031E00008200523DC21482000F056FD0E480F4939
:1031F000097830F811000E490C4A127831F8121093
:10320000CDE900109DF8092005233C21482000F05D
:1032100043FD0220024948703EBD0000D80F002047
:103220002501002068110020060000200200002077
:10323000260000203EB529484578002002900A204B
:1032400095FBF0F03030C0B28DF809000A2095FBF4
:10325000F0F100FB11503030C0B28DF808000024AE
:103260001E48407A08B9032400E00B241C4800786B
:10327000A04204D0E0B2FEF7E1FD19490C701949F3
:10328000C878FFF73CF918481849097830F8110058
:103290001749164A127831F81210CDE900109DF83E
:1032A00008200523DC21482000F0F6FC0E480F49D9
:1032B000097830F811000E490C4A127831F81210D2
:1032C000CDE900109DF8092005233C21482000F09D
:1032D000E3FC0220024948703EBD0000D80F0020E8
:1032E00025010020681100200600002002000020B7
:1032F000260000203EB52A48C578002002900A2DFD
:1033000003DA2D208DF8090002E02B208DF809004A
:103310000A2095FBF0F100FB11503030C0B28DF85F
:10332000080000241E48407A08B9072400E00F2452
:103330001C480078A04204D0E0B2FEF77FFD194996
:103340000C701949C878FFF7DAF818481849097855
:1033500030F811001749164A127831F81210CDE9E9
:1033600000109DF808200523DC21482000F094FC83
:103370000E480F49097830F811000E490C4A1278AE
:1033800031F81210CDE900109DF8092005233C21E9
:10339000482000F081FC0220024948703EBD000038
:1033A000D80F002025010020681100200600002011
:1033B000020000202600002005480079012803D1E2
:1033C00000200349087102E001200149087170479B
:1033D0002001002010B51A48006840F47000184918
:1033E00008601848006840F0010016490860084667
:1033F0004068154908401349486008460068134969
:103400000840104908600846006820F480200860E1
:10341000084640680E4908400A4948600846006B63
:103420000C490840074908634FF41F008860FFF704
:10343000E5FD4FF0006002498039086010BD0000D2
:1034400088ED00E0001002400C00FFE8FFFFF6FEF0
:10345000FFFF001700FFFEFE10B501202149487252
:10346000FEF7D2FC00F0F8FE80211F48FEF73FF87F
:103470004FF47A70FDF785FA80211B48FEF735F886
:1034800020211A48FEF733F84FF47A70FDF779FAE5
:1034900020211648FEF729F810211448FEF727F8D6
:1034A0004FF47A70FDF76DFA10211048FEF71DF801
:1034B00008210D48FEF71BF84FF47A70FDF761FA0A
:1034C00008210948FEF711F800200649C871487222
:1034D000074908704FF47A7006498880FDF72CFB85
:1034E00010BD0000C20F0020000801400010014084
:1034F000020D0020504C00202DE9F74F82B03848D3
:10350000007818B3BDF80A0035498989084485B2A6
:10351000BDF80A00324989890844BDF80E100844F4
:1035200086B2BDF80870BDF80800BDF80C1008445C
:103530001FFA80F8BDF80CA0701E83B2A8F101003C
:1035400081B22A46384600F0F7FD1BE0BDF808506E
:10355000BDF80800BDF80C10084486B2BDF80A702A
:10356000BDF80A00BDF80E1008441FFA80F8BDF837
:103570000CA0A8F1010083B2701E81B23A46284621
:1035800000F0DAFD049800F1036000904FF00009AC
:103590001FE009FB0AF00190002413E0204604EB31
:1035A000D0714910A4EB410121B901982044009940
:1035B00051F810B01FFA8BF000F048FE4FEA1B4B99
:1035C000601C84B2701BA042E8DC09F101001FFA04
:1035D00080F9A8EB07004845DBDC05B0BDE8F08FBB
:1035E000424C00202DE9F84F05460E4690461F46F6
:1035F0002A4800782A4901EBC000406800F10360C6
:103600000090B54201DAB84501DBBDE8F88F2548E6
:10361000007840B1701E83B2781E81B22A464046BF
:1036200000F08AFD07E0781E83B2701E81B2424628
:10363000284600F081FDC1462CE000BFC9EB09100F
:1036400005EB001B00241EE01748007890B92046C7
:1036500004EBD0714910A4EB410121B90BEB04003C
:10366000009951F810A01FFA8AF000F0EFFD4FEA20
:103670001A4A06E00D490C4A127831F8120000F09F
:10368000E5FD601C84B2701BA042DDDC09F1010085
:103690001FFA80F9B945D0DB00BFB6E75C11002006
:1036A00054550008424C0020020000200600002073
:1036B00010B54FF48051FE48FDF719FF0A20FDF7C1
:1036C00060F94FF48051FA48FDF70FFF6420FDF7D1
:1036D00058F94FF48051F648FDF709FF4FF4FA709E
:1036E000FDF74FF9F348408947F2937188427CD146
:1036F000012000F0A7FD4FF4807000F0A7FDFEF759
:10370000EDF9902000F09EFD4FF4004000F09EFD8A
:103710004FF4806000F096FD4FF4C44000F096FD39
:1037200040F2014000F08EFD002000F08FFD40F2DD
:10373000044000F087FD002000F088FDFF2000F02D
:1037400081FD012000F082FD4FF4817000F07AFDD0
:103750004FF4D87000F07AFD4FF4E26000F072FD93
:10376000102000F073FD40F2127000F06BFD0F208E
:1037700000F06CFD40F2527000F064FD2F2000F06C
:1037800065FD0220FDF7FDF84FF4607000F05AFD72
:1037900040F2031000F05AFD40F2813000F052FD7B
:1037A00045F61B4000F052FD40F2823000F04AFD29
:1037B00040F6013000F04AFD40F2833000F042FD57
:1037C00040F2156000F042FD4FF4617000F03AFDE8
:1037D00040F2111000F03AFD40F2853000F032FD69
:1037E00040F2031000F032FD00E045E040F2863088
:1037F00000F028FD49F6174000F028FD40F2873020
:1038000000F020FD40F2076000F020FD4FF46270F0
:1038100000F018FD40F2146000F018FD40F289300D
:1038200000F010FD40F2111000F010FD40F20270A7
:1038300000F008FD572000F009FDFF2000F002FD18
:10384000002000F003FD072000F0FCFC4FF4807026
:1038500000F0FCFC0620FDF794F84FF4007000F037
:10386000F1FC002000F0F2FC40F2012000F0EAFC44
:10387000002000F0EBFC0DE28E48408949F2263131
:1038800088427CD140F2027000F0DCFC43F2080078
:1038900000F0DCFC40F2057000F0D4FC362000F0B3
:1038A000D5FC40F20B7000F0CDFC41F2132000F08B
:1038B000CDFC012000F0C6FC4FF4807000F0C6FC87
:1038C000022000F0BFFC4FF4807000F0BFFCFEF758
:1038D00005F9902000F0B6FC4FF4004000F0B6FC73
:1038E000082000F0AFFC40F2022000F0AFFC0920FD
:1038F00000F0A8FC002000F0A9FC0C2000F0A2FCC5
:10390000002000F0A3FC0F2000F09CFC002000F041
:103910009DFC4FF4807000F095FC002000F096FCB8
:103920004FF4817000F08EFC002000F08FFC40F21C
:10393000031000F087FC002000F088FC1420FDF745
:1039400020F84FF4807000F07DFC41F2901000F000
:103950007DFC40F2011000F075FC40F2272000F0E1
:1039600075FC0520FDF70DF84FF4817000F06AFC3E
:103970009F2000F06BFC0520FDF703F800E0C9E094
:1039800040F2031000F05EFC4FF4345000F05EFC97
:1039900040F2812000F056FC0E2000F057FC05207C
:1039A000FCF7EFFF4FF4007000F04CFC002000F03B
:1039B0004DFC40F2012000F045FC002000F046FCE8
:1039C0004FF4407000F03EFC002000F03FFC40F25D
:1039D000013000F037FC40F2077000F037FC40F295
:1039E000023000F02FFC40F2066000F02FFC40F2A5
:1039F000053000F027FC002000F028FC40F20630E3
:103A000000F020FC4FF4506000F020FC40F2073042
:103A100000F018FC40F2067000F018FC4FF4427001
:103A200000F010FC052000F011FC40F2093000F01D
:103A300009FC072000F00AFC4FF4437000F002FC80
:103A4000002000F003FC40F20D3000F0FBFB0A20E8
:103A500000F0FCFB4FF4806000F0F4FB4FF44450A6
:103A600000F0F4FB40F2014000F0ECFB012000F01C
:103A7000EDFB40F2044000F0E5FB002000F0E6FB27
:103A80004FF4A06000F0DEFB002000F0DFFB40F20E
:103A9000015000F0D7FB002000F0D8FB40F20250AC
:103AA00000F0D0FB002000F0D1FB40F2035003E017
:103AB000000C01405C11002000F0C4FB002000F06D
:103AC000C5FB40F2045000F0BDFB002000F0BEFB3F
:103AD00040F2055000F0B6FB002000F0B7FB1020CC
:103AE00000F0B0FB102000F0B1FB112000F0AAFBA9
:103AF0004FF4C06000F0AAFB202000F0A3FB0220DE
:103B000000F0A4FB072000F09DFB40F2731000F0D2
:103B10009DFBBFE0112000F095FB7820FCF731FF02
:103B2000362000F08FFBC02000F090FB3A2000F020
:103B300089FB552000F08AFBB22000F083FB0C20AB
:103B400000F084FB0C2000F081FB002000F07EFBE5
:103B5000332000F07BFB332000F078FBB72000F02F
:103B600071FB462000F072FBBB2000F06BFB1B20BA
:103B700000F06CFBC02000F065FB2C2000F066FB21
:103B8000C22000F05FFB012000F060FBC32000F0CA
:103B900059FB0F2000F05AFBC42000F053FB2020FB
:103BA00000F054FBC62000F04DFB0F2000F04EFB50
:103BB000D02000F047FBA42000F048FBA12000F03B
:103BC00045FBD62000F03EFBA12000F03FFBE020AB
:103BD00000F038FBF02000F039FB002000F036FB4D
:103BE000062000F033FB042000F030FB052000F03D
:103BF0002DFB052000F02AFB312000F027FB44209C
:103C000000F024FB482000F021FB362000F01EFBD2
:103C1000122000F01BFB122000F018FB2B2000F0FC
:103C200015FB342000F012FBE12000F00BFBF0202C
:103C300000F00CFB0B2000F009FB0F2000F006FB4E
:103C40000F2000F003FB0D2000F000FB262000F009
:103C5000FDFA312000F0FAFA432000F0F7FA47208D
:103C600000F0F4FA382000F0F1FA142000F0EEFA37
:103C7000142000F0EBFA2C2000F0E8FA322000F0DB
:103C8000E5FA212000F0DEFA292000F0DBFA2C20F2
:103C900000F0D8FA10BD00002DE9FF4F89B0894629
:103CA00014469B460020029084480078844901EB2A
:103CB000C000406800F103600090824800EBCB0038
:103CC000407806907F4800EBCB0040680490202CA1
:103CD00000DA2024A4F12000C4B2BBF1080F37D2CF
:103CE000DFE80BF0050C131A0421282F00BF7648DB
:103CF00010F8345000EBC400466830E0734810F808
:103D0000345000EBC400466829E0714810F8345084
:103D100000EBC400466822E06E4810F8345000EB17
:103D2000C40046681BE06C4810F8345000EBC40037
:103D3000466814E0694810F8345000EBC400466847
:103D40000DE0674810F8345000EBC400466806E008
:103D50005D4810F8345000EBC400466800BF00BF57
:103D60000698C11700EB5171C1F3CF0805FB08F0AD
:103D700080B20790049806FB08000490002712E028
:103D800097FBF5F005FB107000FB088197FBF5F041
:103D9000401C081A80B203900498C15D514A0398F0
:103DA0001154781C87B207988742E9DB0699099875
:103DB000084480B2059009EB05001FFA80FA4A48D2
:103DC0000078E0B14848808900F5A07005998842E4
:103DD00005DC4548808900F5A07080B20590BAF1F5
:103DE000F00F01DB4FF0F00A0598401E83B2AAF1F4
:103DF000010081B24846099A00F09EF913E0059847
:103E0000F02801DBF0200590BAF5A07F01DB4FF42C
:103E1000A07AAAF1010083B20598401E81B24A46F9
:103E2000099800F089F9002008903EE0089800FB0E
:103E300008F080B2039008984844C0EB001109983C
:103E400000EB011600272AE0039838442549085C56
:103E50000290002007901DE007990298084100F0A9
:103E6000010018B1169800F0F1F90EE01F48007833
:103E700018B1179800F0EAF907E0009850F816100A
:103E80000191019988B200F0E1F9761C0798401C75
:103E900080B2079007980828DEDB781C87B2474578
:103EA000D2DB0898401C80B20890AAEB0901089860
:103EB0008142BBDC28460DB0BDE8F08F5C110020CC
:103EC00054550008384C010808030108E827010888
:103ED0005830010840490108C8CB0008DCF300084D
:103EE0004C5500086C010020424C002002000020CC
:103EF0002DE9FF4F87B00E466B4800786B4901EB08
:103F0000C000406800F10360009069490A9831F8E8
:103F100030900A9801EBC000408804900A9801EBA9
:103F2000C000406803900498C11700EB51714FEA3C
:103F3000E10A09FB0AF085B2099A517810782A46FD
:103F4000FDF706F8039908440390039800F1036015
:103F5000039000241FE0E11704EB91718910A4EB9A
:103F6000810111B903980059019094FBF9F009FB04
:103F7000104000FB0AA194FBF9F0401C081A80B223
:103F800006900198C1B24B4A069811540198000A54
:103F90000190601C84B2AC42DDDB049907980844B0
:103FA0001FFA80FB06EB090087B243480078C0B1D6
:103FB0004148808900F5A070584505DC3E4880895D
:103FC00000F5A0701FFA80FBF02F00DBF027ABF1AB
:103FD000010083B2781E81B23046079A00F0ACF837
:103FE00012E0BBF1F00F01DB4FF0F00BB7F5A07F53
:103FF00001DB4FF4A077781E83B2ABF1010081B2F0
:104000003246079800F098F84FF0000845E008FBAA
:104010000AF080B2069006EB0800C0EB001107988A
:1040200000EB01100290002431E006982044214961
:10403000085C0590002526E00598284100F0010065
:1040400018B1149800F002F915E01C48007818B176
:10405000159800F0FBF80EE00099029851F8100056
:10406000019005F0010010B10198000C0190019938
:1040700088B200F0EBF805F0010010B10298401C86
:104080000290681C85B2082DD6DB601C84B25445B2
:10409000CBDB08F101001FFA80F8B81B4045B6DC05
:1040A00048460BB0BDE8F08F5C1100205455000865
:1040B000B85600086C010020424C0020020000208D
:1040C0002DE9FE4F06460F4614469846DDE90D9A47
:1040D0003D4602964FF0000B27E0207800B926E01D
:1040E000207880280DDACDE9009A227829460C9BA9
:1040F0000298FFF7D1FD284485B2B5F5A07F0FDB0C
:1041000015E0CDE9009A224629460C9B0298FFF75C
:10411000EFFE284485B2B5F5A07F00DB07E0641C04
:10412000641C0BF101001FFA80FBC345D5DB00BF07
:104130002846BDE8FE8F000030B505460C463F48D6
:10414000408949F22631884205D03C48408947F2EF
:10415000937188422ED14FF4047000F073F8284612
:1041600000F074F840F2112000F06CF8204600F0E6
:104170006DF840F2122000F065F8104600F066F885
:1041800040F2132000F05EF8184600F05FF84FF49C
:10419000007000F057F8002000F058F840F20120BD
:1041A00000F050F8002000F051F840F2022000F03A
:1041B00049F842E022480078F0B12A2000F042F8A5
:1041C000101200F043F8D0B200F040F8181200F0DE
:1041D0003DF8D8B200F03AF82B2000F033F828125E
:1041E00000F034F8E8B200F031F8201200F02EF8B8
:1041F000E0B200F02BF81DE02A2000F023F828128E
:1042000000F024F8E8B200F021F8201200F01EF8C7
:10421000E0B200F01BF82B2000F014F8101200F0B0
:1042200015F8D0B200F012F8181200F00FF8D8B25A
:1042300000F00CF82C2000F005F830BD5C110020D7
:10424000424C00204FF0C04108807047014908806F
:10425000704700000000026010B53220FCF791FBAF
:10426000FFF726FA0020FCF747FCA020FCF789FBAB
:104270004FF400510148FDF738F910BD000C014022
:1042800008B54FF40050ADF8000010208DF8030081
:1042900002208DF8020069463348FCF7A1FE4FF674
:1042A0008070ADF8000018208DF8030002208DF812
:1042B000020069462D48FCF793FE4CF20370ADF8FE
:1042C000000018208DF8030002208DF802006946D6
:1042D0002748FCF785FE4FF48050ADF80000102011
:1042E0008DF8030002208DF8020069461E48FCF795
:1042F00077FE4FF40060ADF8000018208DF8030041
:1043000002208DF8020069461948FCF769FE8020FA
:10431000ADF8000018208DF8030002208DF802008F
:1043200069461348FCF75CFE2020ADF80000182019
:104330008DF8030002208DF8020069460C48FCF756
:104340004FFE1020ADF8000018208DF80300022069
:104350008DF8020069460648FCF742FE4FF4005112
:104360000148FDF7C4F808BD000C014000180140E9
:10437000001401401FB5124800681249B0FBF1F06B
:10438000401E84B2684600F09FFA4FF47A700290A3
:10439000ADF800400020ADF80C00019069460A48D5
:1043A00000F046FA0121084800F018FA01221146EF
:1043B000054800F033FA0121034800F012FA1FBD4E
:1043C0005801002040420F000004004008B51D20A5
:1043D0008DF8000001208DF8010000208DF802000A
:1043E00001208DF803006846FDF786FD08BD00003A
:1043F00010B50121DF4800F000FA00287ED0DE4829
:104400000068401CDC4908600121DA4800F0E6F948
:10441000DA480068401CD949086008468068401C9A
:10442000886008468068B0F57A7F0ED3D4488078DB
:10443000012803D1D349081FFEF7B4FB0020CF4960
:10444000886008468089401C8881CC4880893C2847
:1044500004DB0020C94988810120C881CA4890F83E
:104460003300A8B1C84890F8341190F83401401EC8
:10447000C54A82F8340159B90120114681F8350145
:10448000FCF764FA0020C04981F8350181F8330057
:10449000BE48407BA8B1BD48407B401EBB49487325
:1044A000BB484078022816D00846407B052190FB87
:1044B000F1F201FB120070B90120B4490871487192
:1044C00009E0B3484078022805D01F20AF4948735F
:1044D000012008718871FDF781FAAE48C08820B1CB
:1044E000AC48C088401EAB49C880AB48408920B169
:1044F000A9484089401EA849488100E0B4E0A74887
:10450000C08820B1A548C088401EA449C8809B49E6
:104510008888411E994A918018BB4FF47A701146E1
:10452000888020219E48FCF7E0FF80219D48FCF711
:10453000DCFF08219B48FCF7D8FF10219848FCF7C6
:10454000D4FF9548C07920B19348C079401E924964
:10455000C8719148808920B18F488089401E8E495A
:1045600088819148007800287ED08648001F90ED11
:10457000010AB5EEC00AF1EE10FAF5D08B480078CA
:1045800020B101282BD0022828D185E07D48001FCA
:10459000D0ED010A86484078C01C00EE100AB8EE43
:1045A000C00AF4EEC00AF1EE10FA14DB012000F0AC
:1045B000FFFD714800687F4988420FD3002000F05A
:1045C000F7FD012000F0B8FE0220784908700020B5
:1045D0006949086002E0012074490870C8E0764823
:1045E000007801280BD16748001F90ED010ABDEE4D
:1045F000C00A724880ED000A00206F4908706148C7
:10460000001FD0ED010A6A48407800EE100AB8EEAB
:10461000400AF4EEC00AF1EE10FA06D2002000F0D3
:10462000C7FD00205449086035E05648001F90ED52
:10463000010ABDEEC00A10EE100A604909688842FE
:104640001DDB5F480068401C5D4908600846006843
:104650005C4988421FD900205949086000F0A8FD34
:10466000012000F069FE00E083E00020424908607C
:1046700002204E49087001204F4908700BE0414864
:10468000001F90ED010ABDEEC00A4C4880ED000A03
:1046900000204B4908606BE020214248FCF71CFFDA
:1046A00010B9002000F084FD01203649091F8872EE
:1046B000314800684EF6602188420BD342480078AA
:1046C000012807D100F028FE00203F4908702A4940
:1046D00008604CE0284800683C4988420CD33C48BC
:1046E0000078012808D1002000F016FE002038498B
:1046F0000870214908603AE01F4800684EF66021C2
:10470000884212D310212748FCF7E6FE01280CD17D
:1047100030480078012808D1002000F00DFE00206C
:104720002C4908701449086021E0134800682749A3
:1047300088421CD320211B48FCF7CEFE012816D14D
:104740002448007898B92248007880B91E4800783B
:1047500068B90020084908600120144908701A4906
:1047600008701B4908701B4908701B49087000BF7E
:1047700000BF10BD0004004034010020504C002058
:10478000250100207C110020E20F00201A110020DA
:104790005C1100201201002068110020841100200B
:1047A00000100140000801402C0100204F010020B2
:1047B000CE0F002020BF0200440100204001002055
:1047C0003C010020E093040045010020C0270900BF
:1047D000460100204701002048010020CA43028210
:1047E000704721B1028842F00102028004E0028891
:1047F0004FF6FE731A400280704730B50246002023
:1048000000230024158A05EA0103958905EA0104BD
:1048100013B10CB1012000E0002030BD1AB1838932
:104820000B43838102E083898B43838170470000BF
:10483000002202881C4B984211D0B0F1804F0ED05C
:104840001A4B98420BD01A4B984208D0194B9842F9
:1048500005D0194B984202D0184B984205D14FF61B
:104860008F731A408B8813439AB2154B984207D026
:10487000144B984204D04FF6FF431A408B891A43D9
:1048800002808B68C3620B880385074B984205D072
:10489000064B984202D0064B984201D18B7B03868F
:1048A0000123838270470000002C01400034014046
:1048B000004001400004004000080040000C00409F
:1048C00000100040001400404FF6FF71816000218D
:1048D000018081814160817370474FF47A72B0FB2F
:1048E000F2F302FB13026423B2FBF3F230320A70DC
:1048F0006422B0FBF2F302FB13020A23B2FBF3F2D1
:1049000030324A700A22B0FBF2F302FB130230325B
:10491000CA702E228A70704710B500F0FBF800F0C4
:1049200069F810BD10B540F225511D4800F0A3F8FC
:1049300018B31B4800F08CF9C4B240F22551184856
:1049400000F042F8174890F83300FF281CDC1548A7
:1049500090F83501012817D0124890F8331090F8DC
:104960003300401C0F4A82F8330002F134004454F3
:104970000420114681F8340106E00A48B0F83601F7
:10498000401C0849A1F8360140F22771044800F0A4
:1049900072F820B140F22771014800F015F810BDFF
:1049A00000380140E20F002008B525208DF80000F6
:1049B00000208DF801008DF8020001208DF8030021
:1049C0006846FDF799FA08BD01F40072B2F5007F60
:1049D00000D100BFCA430280704721B1828942F4EE
:1049E0000052828104E082894DF6FF731A40828171
:1049F000704700001FB501210420FDF741FE012191
:104A00008803FDF73DFE684600F07EF94FF416403E
:104A100000904FF48050ADF804000020ADF806007F
:104A2000ADF80800ADF80C000C20ADF80A0069469E
:104A3000094800F0A1F8012240F22551064800F093
:104A400044F8002240F22771034800F03EF80121AB
:104A50000148FFF7C2FF1FBD003801400246002099
:104A6000B1F5007F00D100BF13880B400BB10120CE
:104A700000E00020704770B50246002400230025A6
:104A8000002040F66A16B14200D100BFC1F34215C2
:104A900001F01F03012606FA03F3012D02D19689C6
:104AA000334006E0022D02D1168A334001E0968A97
:104AB00033400C12012606FA04F41688344013B170
:104AC0000CB1012000E0002070BDF0B503460024C9
:104AD00000260025002040F66A17B94200D100BF29
:104AE0001846C1F3421401F01F06012707FA06F524
:104AF000012C01D10C3004E0022C01D1103000E077
:104B000014301AB107682F43076002E00768AF430B
:104B10000760F0BD08B54FF40070ADF8000002204A
:104B20008DF8020010208DF8030069461048FCF74C
:104B300057FA4FF40070ADF8000002208DF8020023
:104B400018208DF8030069460A48FCF749FA4FF42B
:104B50008060ADF8000004208DF803006946054828
:104B6000FCF73EFA4FF400710148FCF7BEFC08BDAB
:104B700000100140000801402DE9F04786B00546CD
:104B80000E460024A24600BFA1460027B08900B10E
:104B900000BF2F462C8A4CF6FF700440F088044377
:104BA0002C82AC894EF6F3100440B088318908435A
:104BB000718908430443AC81AC8A4FF6FF4004403E
:104BC000B0890443AC8201A8FDF780FD1F488742ED
:104BD00002D1DDF810A001E0DDF80CA0A88900F4F6
:104BE000004040B10AEBCA0000EB0A1031684900EE
:104BF000B0FBF1F807E00AEBCA0000EB0A103168DD
:104C00008900B0FBF1F86420B8FBF0F00401200942
:104C1000642101FB1089A88900F4004040B13220D2
:104C200000EBC900B0FBF1F000F00700044308E01E
:104C3000322000EB09106421B0FBF1F000F00F000E
:104C400004432C8106B0BDE8F08700000038014025
:104C500001468888C0F30800704700002DE9F04144
:104C600005460E46174625B94FF400710A48FCF771
:104C70003EFC002405E0315D284600F00FF8601C82
:104C8000C4B2BC42F7DB25B94FF400710248FCF70F
:104C90002CFCBDE8F08100000010014070B5044616
:104CA0000D465CB92946134800F02AF800BF4021A0
:104CB0001048FFF7D3FE0028F9D01AE0012C0BD1E1
:104CC00029460D4800F01CF800BF40210A48FFF7B4
:104CD000C5FE0028F9D00CE0022C0AD1294607486D
:104CE00000F00EF800BF40210448FFF7B7FE00288F
:104CF000F9D070BD00380140004400400048004039
:104D0000C1F30802828070474FF416510160002100
:104D10008180C18001810C21418100218181704706
:104D200000BFFEE7002100E0491C8142FCD3704730
:104D300051B18200A2F1C042126842F00103820028
:104D4000A2F1C042136009E08200A2F1C0421268E1
:104D5000034B1A408300A3F1C0431A607047000060
:104D6000FEFF0F00D0E901121143C268114302692E
:104D700011434269114382691143C2691143026AB6
:104D80001143426A1143826A1143C26A1143026BA2
:104D9000114302689200A2F1C042116081680829A3
:104DA0000BD101688900A1F1C041096841F04002BE
:104DB00001688900A1F1C0410A60416B0968426B3A
:104DC000526841EA0211426B926841EA0221426B49
:104DD000928941EA0241426B128A41EA0251426BD6
:104DE000127D41EA0261426B926911430268521CD2
:104DF0009200A2F1C0421160C16AB1F5804F1BD18F
:104E0000816B0968826B526841EA0211826B926879
:104E100041EA0221826B128A41EA0251826B127DC1
:104E200041EA0261826B9269114302689200A2F129
:104E3000C042C2F8041107E06FF0704201688900B7
:104E4000A1F1C041C1F80421704700B59DB0012116
:104E50000802FDF7F5FB02200090002001901E20C3
:104E60000290002003900490059006900220079085
:104E7000002008900320099000200A900B900C90CD
:104E80000D900E901020119000200F901090139014
:104E90001290159018904FF4805017908000199040
:104EA0000020169014901A9007A81C90CDF86CD092
:104EB0000EA8FFF757FF01210020FFF739FF1DB0B3
:104EC00000BD02E008C8121F08C1002AFAD17047CD
:104ED0007047002001E001C1121F002AFBD170477A
:104EE00010B519480078012816D11848D0ED010AEC
:104EF00017484078C01C00EE100AB8EEC00AF4EE65
:104F0000C00AF1EE10FA07DD80211248FCF7EFFA33
:104F100000200D49087015E00C48D0ED010A0C483E
:104F20004078401C00EE100AB8EEC00AF4EEC00A49
:104F3000F1EE10FA06D280210648FCF7D6FA0120DD
:104F40000149087010BD00005201002078110020B6
:104F5000CE0F0020000801402DE9F843074688469F
:104F600000260F25B8F1000F17D1354835490988BB
:104F700020F8117033480088401C1E2190FBF1F28C
:104F800001FB12002F4908802F4800681E2804DA10
:104F90002D480068401C2C4908602A4806880024D7
:104FA00047E0294800681E2816DA254830F8140022
:104FB00026494978884202DC4FF4FC6901E04FF64B
:104FC000E0791F48CDF8009030F814300522172101
:104FD000284600F08FF824E0194830F816001B49E5
:104FE0004978884202DC4FF4FC6901E04FF6E07931
:104FF000A81D83B22A4654211720FEF7F3FA104861
:10500000CDF8009030F8163005221721284600F020
:1050100071F8701C86B21E2096FBF0F100FB116047
:1050200086B2B5F5967F02DA05F1090085B2601CFB
:10503000C4B2054800688442B3DBBDE8F8830000D1
:10504000860900200C01002008010020CE0F00205E
:1050500010B52348007820B1012806D002283DD1A0
:1050600023E001201F49487038E001201D494870A5
:105070001D48D0ED010A1D484078401C00EE100A82
:10508000B8EEC00AF4EEC00AF1EE10FA0ADB012015
:1050900000F08EF820211648FCF71EFA10B9002007
:1050A00000F086F8FFF71CFF18E000200D4948705B
:1050B0000D48D0ED010A0D484078401C00EE100A62
:1050C000B8EEC00AF4EEC00AF1EE10FA05D80020DE
:1050D00000F032F901200249087000BF00BF10BD86
:1050E0004F0100201001002078110020CE0F002079
:1050F000000801402DE9F04305460E4617461C46C0
:10510000DDF81C904FF000081E2C00DD1E24E8196D
:1051100083B206EB440081B22A463046FFF70CF812
:105120004FF0000806E04846FFF790F808F101004C
:105130001FFA80F8012000EB4400791C48434045E9
:10514000F1DCBDE8F083000070B5054607482E1875
:10515000002408E03046FBF7C5FE054921F814009D
:10516000B61C601C84B2FF2CF4DD70BD00F803088F
:10517000604C002070B505460B482E18FBF7B6FEB4
:105180003046FBF7C5FD002408E0084830F814104D
:105190003046FBF755FEB61C601C84B2FF2CF4DDD4
:1051A000FBF744FE70BD000000F80308604E0020CD
:1051B00010B50446012C04D140210448FCF795F9B0
:1051C00003E040210148FCF792F910BD00080140BE
:1051D00038B500245020FCF7A5FB14B9FCF7A8FB58
:1051E00004462CB9002201216846FCF76FFB0446F7
:1051F000BDF80000001238BD10B50446082C60D27E
:10520000DFE804F05F04111E2B384552202134489A
:10521000FCF76BF910213248FCF767F9802131481F
:10522000FCF765F95AE080212E48FCF75EF9102161
:105230002B48FCF75AF920212948FCF758F94DE092
:1052400080212848FCF751F920212548FCF74DF929
:1052500010212348FCF74BF940E010212048FCF7CF
:1052600044F980211F48FCF742F920211C48FCF733
:105270003EF933E020211A48FCF737F9802119481C
:10528000FCF735F910211648FCF731F926E08021AA
:105290001448FCF72AF920211148FCF728F91021BD
:1052A0000F48FCF724F919E080210E48FCF71FF99C
:1052B00020210B48FCF71BF910210948FCF717F9CE
:1052C0000CE080210748FCF710F920210448FCF786
:1052D0000CF910210248FCF708F900BF00BF10BD0F
:1052E0000010014000080140FBF7EAF8FEF7B4F8AF
:1052F000FDF72AFB0120064988700020C8700120B4
:105300000449087003E0FCF78BFCFFF7A1FEFAE705
:10531000250100202C01002010B50446012C04D1E9
:1053200010210448FCF7E1F803E010210148FCF7E4
:10533000DEF810BD0008014010B50446012C04D170
:1053400020210448FCF7D1F803E020210148FCF7B4
:10535000CEF810BD000801400021234A1170D17021
:10536000224A1170204A51709170214A1172917134
:105370001D4A117100202FE00022C0EBC00101EB9B
:1053800081031949891D01EB83018A71C0EBC001BA
:1053900001EB81031449891D01EB83018A80C0EB75
:1053A000C00101EB81031149891D01EB83018A7161
:1053B000C0EBC00101EB81030C49891D01EB8301A6
:1053C0008A80C0EBC00101EB81030849891D01EB14
:1053D0008301CA71411CC8B20228CDDB0021054AF5
:1053E0005170034AD1717047E20A0020C4090020BD
:1053F000C20F002068110020C50098006B003E001D
:10540000110072012C01E600A0005A00C5009800AE
:105410006B003E0011004F010901C3007D00370001
:105420000C000C00E1000C004001F000E100F00075
:105430000000B0100000EF0000008F01000001002C
:1054400098100000EF0000008F0100000001B01074
:105450000000EF0000008F01000001019810000023
:10546000EF0000008F0100000002B0100000EF000C
:1054700000008F010000010298100000EF00000002
:105480008F010000000048000000EF0000008F01C5
:1054900000000100E8002000AF010000EF00200044
:1054A000000148000000EF0000008F010000010132
:1054B000E8002000AF010000EF00200000024800DB
:1054C0000000EF0000008F0100000102E800200052
:1054D000AF010000EF002000FFFFDBDEB6B59294C5
:1054E0006D6B494A242100000204080102040810DF
:1054F0008601C3008601C300A60089006C00A600D7
:1055000089006C0097007A005D0097007A005D00CA
:1055100023010601E90023010601E90064014701B6
:105520002A01A10084006700650048002B00BF002D
:10553000A200850000000000000000000000000044
:10554000000000000000000000000000000000005B
:1055500000000000F000400100001000F0004001D9
:1055600000001300F000400100001600F0004001B0
:10557000000019002D00250000001C002D00250052
:1055800000101C00F000400100001D00F000400170
:1055900000002000F000400100002300F000400166
:1055A00000002600F000400100002900F00040014A
:1055B00000002C002D00250000002F002D002500EC
:1055C00000102F00F000400100003000F00040010A
:1055D00000003300F0004001000036002F002400DE
:1055E000006251002F002400008451002F0024008D
:1055F00000A651002F00240000C851002F002400F5
:1056000000EA51002F002400000C52002F0024005B
:10561000002E52002F002400005052002F002400C2
:10562000007252002F002400009452002F0024002A
:1056300000B652002F00240000D852002F00240092
:1056400000FA52002F002400001C53002F002400F9
:10565000003E53002F002400006053002F00240060
:10566000008253002F00240000A453002F002400C8
:1056700000C653002F00240000E853002F00240030
:10568000000A54002F002400002C54002F00240096
:10569000004E540000000000B4000E01B200620091
:1056A0008A006200620062003A0062001C00620030
:1056B00096001800180027011800180000001F00AD
:1056C00028002800006027001000100000A03E0005
:1056D000200020000060420018001800003B550028
:1056E00000000000000000000000000000000000BA
:1056F00000000000000000000000000000000000AA
:105700000000000000000000000000000000000099
:105710000000000000000000000000000000000089
:105720000000000000000000000000000000000079
:105730000000000000000000000000000000000069
:105740000000000000000000000000000000000059
:105750000000000000000000000000000000000049
:105760000000000000000000000000000000000039
:105770000000000000000000000000000000000029
:105780000000000000000000000000000000000019
:105790000000000000000000000000000000000009
:1057A00000000000000000000000000000000000F9
:1057B00000000000000000000000000000000000E9
:1057C00000000000000000000000000000000000D9
:1057D00000000000000000000000000000000000C9
:1057E00000000000000000000000000000000000B9
:1057F00000000000000000000000000000000000A9
:105800000000000000000000000000000000000098
:105810000000000000000000000000000000000088
:105820000000000000000000000000000000000078
:105830000000000000000000000000000000000068
:10584000000000030303000000000000000000004F
:105850000000000000000000000000000000000048
:105860000000000000FFFFFFFFFF0000000000003D
:105870000000000000000000000000000000000028
:105880000000000000000000FFFFFFFFFF0000001D
:105890000000000000000000000000000000000008
:1058A0000000000000000000000000E0FFFFFF809B
:1058B00000000000000000000000000000000000E8
:1058C000000000000000000000000000000000F0E8
:1058D000F8F00000000000000000000000000000E0
:1058E00000000000000000000000000000000000B8
:1058F000000F3F3F3F0F00000000000000000000CD
:105900000000000000000000000000000000000097
:105910000000000080E0E0E08000000000000000E7
:105920000000000000000000000000000000000077
:105930000000000000000000000000000000000067
:105940000000000000000000000000000000000057
:105950000000000000000000000000000000000047
:105960000000000000000000000000000000000037
:105970000000000000000000000000010101010122
:105980000100000101010101010000000000000010
:105990000000000000000000000000000000FFFF09
:1059A000FFFFFFFF0000FFFFFFFFFFFF0000000001
:1059B00000000000000000000000000000000000E7
:1059C00000C0FCFCFCFCC00000C0FCFCFCFCC000F7
:1059D00000000000000000000000000000000000C7
:1059E00000000000000000000000000000000000B7
:1059F00000000000000000000000000000000000A7
:105A00000000000000000000000000000000000096
:105A10000000000000000000000000000000000086
:105A20000000000000000000000000000000000076
:105A30000000000000000000000000000000000066
:105A40000000000000000000000000000000000056
:105A50000000000000000000000000000000000046
:105A60000000000000000000000000000000000036
:105A70000000000000000000000000000000000026
:105A80000000000000000000000000000000000016
:105A90000000000000000000000000000000000006
:105AA00000000000000000000000000000000000F6
:105AB00000000000000000000000000103030100DE
:105AC00000000003030300000000000000000000CD
:105AD0000000000000000000000000000007FFFFC1
:105AE000FFF00000001FFFFFFF00000000000000AB
:105AF00000000000000000000000001E3F3F3F3F8C
:105B0000FFFFFFFF3F3F3F3FFFFFFFFF3F1E000044
:105B10000000000000000000000000000000000085
:105B20000001FFFFFFF80000000FFFFFFFE0000093
:105B30000000000000000000000000000000000065
:105B4000001E3F3FFFFFFFFF3F3F3F3FFFFFFFFFC5
:105B50003F3F3F1E0000000000000000000000006A
:105B6000000000000000FFFFFFFC00000007FFFF37
:105B7000FFF0000000000000000000000000000036
:105B8000000000000000000080E0E0E000000000F5
:105B9000C0E0E0C0000000000000000000000000C5
:105BA00000000000000000000000000000000000F5
:105BB00000000000000000000000000000000000E5
:105BC00000000000000000000000000000000000D5
:105BD00000000000000000000000000000000000C5
:105BE00000000000000000000000000000000000B5
:105BF000000000000001030303FFFF030301010095
:105C00000000000000000000000000000000000094
:105C100000000000071F7FFFFEFCF8F0FFFFF0F818
:105C2000FEFFFF3F0F00000000000000000000002A
:105C300000000000000000FEFFFFFF07030100FF5F
:105C4000FF000000E0F0F0E00000000000000000B5
:105C50000000000000000000000000C0E0F0F8FCC0
:105C6000FCFEFFFF7F7F3F1F1F0F030000000000AF
:105C7000000000000000000000000000071F1F1FC0
:105C80000300000000FFFF80C0E0F0FFFFFF7F0087
:105C90000000000000000000000000000000008084
:105CA000F8FEFFFF7F1F0F07FFFF03070F3FFFFFF8
:105CB000FCE0000000000000000000000000000008
:105CC000000000000080C0C0E0E0F0FFFFF0F0E066
:105CD000C080000000000000000000000000000084
:105CE0000000000000000000000000000000FEFEB8
:105CF00000000000000000000000000000000000A4
:105D00000000000000000000000000000000000093
:105D10000000000000000000000000000000000083
:105D20000000000000000000000000000000000172
:105D30000101010000000000000000000000000060
:105D40000001010000000000000000000000073F0B
:105D5000FFFFF8E0E0F8FFFF3F0700000000000051
:105D600000031F7FF8E000000000000000000000BA
:105D700000FFFFFFFF00000000FFFFFFFF0000002B
:105D800000031F7FF8E0000000000000000000009A
:105D90000000000000E0F0F8F83C38F8F8F0C0002F
:105DA00000031F7FF8E000010307070F0707070341
:105DB00001000000000000000000000000000000E2
:105DC00000031F7FFCE00000003FFFFFFFC000005A
:105DD000C0FFFFFF3F0000000000000000000000C7
:105DE00000031F7FFCE0000000000000F8FFFFFF41
:105DF00007010107FFFFFFF800000000000000009E
:105E000000000070F0E00000000000000000000052
:105E10000080C0E0E0E0E0C0800000000000000082
:105E20000000000000000000000000000000000072
:105E30000000000000000000000000000000000062
:105E40000000000000000000000000000000000052
:105E50000000000000000000000000000000000042
:105E60000000000000000000000000000000010130
:105E70000303030303010100000000000000000011
:105E800000000000000000000000000000001F7F74
:105E9000FFFFFCF8F0F0F0FCFFFFFF3F0F000000F9
:105EA00000000000000000000000000000000000F2
:105EB00000FCFFFFFF3F0701070F1FFFFFFEFCF085
:105EC00000000000000000000000000000000000D2
:105ED000000003071F1FFFFFFEFFFFFFFFCFC301EF
:105EE000000000030F0F0F0300000000000000007F
:105EF0000000003FFFFFFFFFE080000000C0F0FC5B
:105F0000FEFFFF7F3F3FFFFFFFF880000000000023
:105F1000000000000000E0F8FEFFFF7F1F0F0707F2
:105F200007070F1FFFFFFFFEFCFEFFFF7F1F0F0392
:105F30000000000000000000000000000080C0C061
:105F4000E0E0E0E0E0E0C0C0800000000000C0E071
:105F5000E0E0800000000000000000000000000001
:105F60000000000000000000000000000000000031
:105F70000000000000000000000000000000000021
:105F80000000000000000000000000000000000011
:105F90000000000000000000000000000000000001
:105FA00000010101010101000000000000000000EB
:105FB00000000000000000000000000000000000E1
:105FC00000000000FFFFFFFFFFFF000000000000D7
:105FD00000000000000000000000000000000000C1
:105FE00000000000000000C0FCFCFCFCC000000041
:105FF00000000000000000000000000000000000A1
:106000000000000000000000000000000000000090
:106010000000000000000000000000000000000080
:106020000000000000000000000000000000000070
:106030000000000000000000000000000000000060
:106040000000000000000000000000000000000050
:106050000000000000000000000000000000000040
:106060000000000000000000000000000000000030
:106070000000000000000000000000000000000020
:106080000000000000000000000000000000000010
:106090000000000000000000000000000000000000
:1060A00000000000000000000000000000000000F0
:1060B00000000000000000000000000000000000E0
:1060C00000000000000000000000000000000000D0
:1060D00000000000000000000000000000000000C0
:1060E00000000001030300000000000000000000A9
:1060F00000000000000000000000000000000000A0
:10610000000000031F7FFFFCC00000000000000033
:10611000000000000000000000000000000000007F
:1061200000000000077FFFFFFFE00000000000000C
:10613000000000000000000000000000000000005F
:106140000000000000001FFFFFFFFFC00000000074
:10615000000000000000000000000000000000003F
:10616000000000000000000000FFFFFFFFFF000034
:10617000000000000000000000000000000000001F
:10618000000000000000000000000000E0FFFFFF32
:10619000FF0F0000000000000000000000000000F1
:1061A00000000000000000000000000000000000EF
:1061B00080F8FFFFFF1F000000000000000000004B
:1061C00000000000000000000000000000000000CF
:1061D000000000000000E0F8FEFF0F0000000000DB
:1061E00000000000000000000000000000000000AF
:1061F000000000000000000000000000000000009F
:10620000000000000000000000000000000000008E
:106210000000000000000000030301000000000077
:10622000000000000000000000000000000000006E
:106230000000000000000000000000C0FCFF7F1F05
:10624000030000000000000000000000000000004B
:10625000000000000000000000000000000000003E
:10626000E0FFFFFF7F0700000000000000000000CB
:10627000000000000000000000000000000000001E
:1062800000000000C0FFFFFFFF1F00000000000033
:1062900000000000000000000000000000000000FE
:1062A0000000000000000000FFFFFFFFFF000000F3
:1062B00000000000000000000000000000000000DE
:1062C0000000000000000000000007FFFFFFFFE0EB
:1062D00000000000000000000000000000000000BE
:1062E0000000000000000000000000001FFFFFFF92
:1062F000F880000000000000000000000000000026
:10630000000000000000000000000000000FFFFE81
:10631000F8E00000000000000000000000000000A5
:10632000000000000000000000000000000000006D
:10633000000000000000000000000000000000005D
:10634000000000000000000000000000000000004D
:106350000000000000000000070F07000000000020
:10636000000000000000000000000000000000002D
:1063700000000000001E3E1F0F0F07FFFFFF070F6A
:106380000F1F3E1E00000000000000000000000083
:106390000000000000000000000001079FBFFCE0BB
:1063A000FCBF9F070100000000000000000000008B
:1063B00000000000000000000000000000C0E0E05D
:1063C0008000000080E0E0C000000000000000004D
:1063D00000000000000000000000000000000000BD
:1063E00000000000000000000000000000000000AD
:1063F000000000000000000000000000000000009D
:10640000000000000000000000000000000000008C
:10641000000000000000000000000000000000007C
:10642000000000000000000000000000000000006C
:10643000000000000000000000000000000000005C
:10644000000000000000000000000000000000004C
:10645000000000000000000000000000000000003C
:10646000000000000000000000000000000000002C
:10647000000000000000000000000000000000001C
:10648000000000000000000000000000000000000C
:1064900000000000000000000000000000000000FC
:1064A00000000000000000000000000000000000EC
:1064B00000000000000000030303030300000000CD
:1064C00000000000000000000000000000000000CC
:1064D00000000000000000000000FFFFFFFFFF00C1
:1064E00000000000000000000000000000000000AC
:1064F0000000000000007F7F7F7F7F7F7FFFFFFF26
:10650000FFFF7F7F7F7F7F7F7F0000000000000014
:1065100000000000000000000080808080808080FB
:10652000FFFFFFFFFF8080808080808000000000F0
:10653000000000000000000000000000000000005B
:10654000000000F8F8F8F8F8000000000000000073
:10655000000000000000000000000000000000003B
:10656000000000000000000000000000000000002B
:10657000000000000000000000000000000000001B
:10658000000000000000000000000000000000000B
:1065900000000000000000000000000000000000FB
:1065A00000000000000000000000000000000000EB
:1065B00000000000000000000000000000000000DB
:1065C00000000000000000000000000000000000CB
:1065D00000000000000000000000000000000000BB
:1065E00000000000000000000000000000000000AB
:1065F000000000000000000000000000000000009B
:10660000000000000000000000000000000000008A
:10661000000000000000000000000000000000007A
:10662000000000000000000000000000000000006A
:10663000000000000000000000000000000000005A
:10664000000000000000000000000000000000004A
:10665000000000000000000000000000000000003A
:10666000000000000000000000000000000000002A
:10667000000000000000000000071F1F0F070000BF
:10668000000000000000000000000000000000000A
:10669000000000000000000000000000C0F0FFFF4C
:1066A000FE000000000000000000000000000000EC
:1066B0000000000000000000000000000000007862
:1066C000F8F0C00000000000000000000000000022
:1066D00000000000000000000000000000000000BA
:1066E00000000000000000000000000000000000AA
:1066F000000000000000000000000000000000009A
:106700000000000000000000000000000000000089
:106710000000000000000000000000000000000079
:106720000000000000000000000000000000000069
:106730000000000000000000000000000000000059
:106740000000000000000000000000000000000049
:106750000000000000000000000000000000000039
:1067600000000000000000000000000000000E1FFC
:106770001F3F3F3F3F3F3F3F3F3F3F3F3F3F3F3F49
:106780003F3F3F3F3F3F1F1F0E0000000000000043
:1067900000000000808080808080808080808080F9
:1067A0008080808080808080800000000000000069
:1067B00000000000000000000000000000000000D9
:1067C00000000000000000000000000000000000C9
:1067D00000000000000000000000000000000000B9
:1067E00000000000000000000000000000000000A9
:1067F0000000000000000000000000000000000099
:106800000000000000000000000000000000000088
:106810000000000000000000000000000000000078
:106820000000000000000000000000000000000068
:106830000000000000000000000000000000000058
:106840000000000000000000000000000000000048
:106850000000000000000000000000000000000038
:106860000000000000000000000000000000000028
:106870000000000000000000000000000000000018
:106880000000000000000000000000000000000008
:1068900000000000000000000000000000000000F8
:1068A00000000000000000000000000000000000E8
:1068B00000000000000000000000000000000000D8
:1068C00000000000000000000000000000000000C8
:1068D00000000000000000000000000000000000B8
:1068E0000000000000000000000000000000000F99
:1068F0003F3F3F0F000000000000000000000000CC
:106900000000000000000000000000000000000087
:10691000000080E0E0E080000000000000000000D7
:106920000000000000000000000000000000000067
:106930000000000000000000000000000000000057
:106940000000000000000000000000000000000047
:106950000000000000000000000000000000000037
:106960000000000000000000000000000000000027
:106970000000000000000000000000000000000314
:106980000301000000000000000000000000000003
:1069900000000000000000000000000000000000F7
:1069A000017FFFFFF8000000000000000000000071
:1069B00000000000000000000000000000000000D7
:1069C000000001FFFFFFF0000000000000000000D9
:1069D00000000000000000000000000000000000B7
:1069E0000000000003FFFFFFE000000000000000C7
:1069F0000000000000000000000000000000000097
:106A000000000000000007FFFFFFC00000000000C2
:106A10000000000000000000000000000000000076
:106A200000000000000000000FFFFFFF80000000DA
:106A30000000000000000000000000000000000056
:106A40000000000000000000000000C0E0E00000C6
:106A50000000000000000000000000000000000036
:106A60000000000000000000000000000000000026
:106A70000000000000000000000000000000000016
:106A80000000000000000000000000000000000006
:106A900000000000000000000000000000000000F6
:106AA00000000000000000000000000000000000E6
:106AB00000000000000000000000000000000000D6
:106AC00001010101010101000000000000000000BF
:106AD0000000000000000000000000030F1F3F7FC7
:106AE000FFFFFEFCF8F8F8F8F8FCFEFF7F7F3F1F81
:106AF00007030000000000000000000007FFFFFF88
:106B0000FFFFFFF88000000000000000000080F0A0
:106B1000FFFFFFFFFF7F070000000000000000FFF5
:106B2000FFFFFFFFFFFF000000000000000000006B
:106B3000000000FFFFFFFFFFFFFF0000000000005C
:106B40000000F8FFFFFFFFFFFF070000000000004C
:106B5000000000000007FFFFFFFFFFFFF80000003C
:106B600000000000000080F0F8FEFFFFFF7F1F0F15
:106B700007070707070F1F7FFFFFFFFEFCF0C0009E
:106B80000000000000000000000000000000808005
:106B9000C0C0E0E0E0E0E0E0E0C0C08080000000D5
:106BA00000000000000000000000000000000000E5
:106BB00000000000000000000000000000000000D5
:106BC00000000000000000000000000000000000C5
:106BD00000000000000000000000000000000000B5
:106BE00000000000000000000000000000000000A5
:106BF0000000000000000000000000000000000095
:106C00000101010100000000000000000000000080
:106C10000000000000000000000000000001030769
:106C20000F3F7FFFFFFFFF7F00000000000000001C
:106C300000000000000000000F1F3F3F7F7FFEFEAE
:106C4000FCF8F0E0FFFFFFFFFFFFFF000000000087
:106C500000000000000000000000000080808000B4
:106C600000000000000000FFFFFFFFFFFFFF00002B
:106C70000000000000000000000000000000000014
:106C800000000000000000000000FFFFFFFFFFFF0A
:106C9000FF000000000000000000000000000000F5
:106CA00000000000000000000000000000FFFFFFE7
:106CB000FFFFFFFF000000000000000000000000D8
:106CC00000000000000000000000000000000000C4
:106CD00080C0E0E0E0C08000000000000000000094
:106CE00000000000000000000000000000000000A4
:106CF0000000000000000000000000000000000094
:106D00000000000000000000000000000000000083
:106D10000000000000000000000000000000000073
:106D20000000000000000000000000000000000063
:106D3000000000000000010101010101010100004B
:106D40000000000000000000000000000000000043
:106D5000030F1F3F7F7FFFFFFEFCF8F8F8F8F8FCF9
:106D6000FCFEFFFF7F7F3F0F0700000000000000D8
:106D7000000078FCFEFEFEFCF8C0000000000000F1
:106D8000000000000083FFFFFFFFFFFFFE00000088
:106D900000000000000000000000000000000000F3
:106DA000000103070F1F3F7FFFFFFEFCF8F0C0004C
:106DB0000000000000000000000000000103070FB9
:106DC0001F3F7FFFFFFEFCF8F0E0C08000000000E6
:106DD0000000000000000000000000071F7FFFFF10
:106DE000FFFFFFFFEFCF8F0F0F0F0F0F0F0F0F0FD3
:106DF0000F0F0F0F0F07030000000000000080C0FE
:106E0000E0E0E0E0E0E0E0E0E0E0E0E0E0E0E0E082
:106E1000E0E0E0E0E0E0E0E0C08000000000000032
:106E20000000000000000000000000000000000062
:106E30000000000000000000000000000000000052
:106E40000000000000000000000000000000000042
:106E50000000000000000000000000000000000032
:106E60000000000000000000000000000000000022
:106E70000101010101010101010000000000000009
:106E80000000000000000000000000070F1F3F7F0F
:106E90007FFFFEFCF8F8F8F8F8FCFCFEFFFF7F7FB0
:106EA0003F0F030000000000000000000000E0F0C1
:106EB000F0F0F0C00000000000000000010307FF38
:106EC000FFFFFFFFFEFC00000000000000000000CC
:106ED00000000000000000387CFCFCFCFCFCFCFC1A
:106EE000FEFEFFFFFFDF8F07030100000000000030
:106EF000000001070F1F1F0F070000000000000027
:106F0000000000000000C0FFFFFFFFFFFF7F000048
:106F1000000000000000E0F8FCFEFFFFFF3F1F0F35
:106F20000707070707070F1F3FFFFFFFFFFEF8F0E8
:106F300080000000000000000000000000008080D1
:106F4000C0C0E0E0E0E0E0E0E0E0C0C0C080000001
:106F50000000000000000000000000000000000031
:106F60000000000000000000000000000000000021
:106F70000000000000000000000000000000000011
:106F80000000000000000000000000000000000001
:106F900000000000000000000000000000000000F1
:106FA00000000000000000000000000000000000E1
:106FB00000000001030303030100000000000000C3
:106FC00000000000000000000000000000000000C1
:106FD0000003071F3FFFFFFFFFFFFFFFFF00000051
:106FE000000000000000000000000000000001039D
:106FF0000F1F7FFFFFFCF8E0C0FFFFFFFFFFFFFF59
:1070000000000000000000000000000001070F3F2A
:107010007FFFFFFCF0E0800000000000FFFFFFFFAB
:10702000FFFFFF0000000000000000001E3FFFFF08
:10703000FFFFFFFF9F1F1F1F1F1F1F1F1F1F1FFF80
:10704000FFFFFFFFFFFF1F1F1F1F0F0700000000B4
:107050008080C0C0C0C0C0C0C0C0C0C0C0C0C0C0B0
:10706000C0C0FFFFFFFFFFFFFFC0C0C0C080000027
:107070000000000000000000000000000000000010
:10708000000000000080C0E0E0E0C08000000000E0
:1070900000000000000000000000000000000000F0
:1070A00000000000000000000000000000000000E0
:1070B00000000000000000000000000000000000D0
:1070C00000000000000000000000000000000000C0
:1070D00000000000000000000000000000000000B0
:1070E0000000000101010101010101010101010193
:1070F000010101010101000000000000000000008A
:10710000000000033FFFFFFFFFFFFCFCFCFCFCFC5A
:10711000FCFCFCFCFCFCFCFCFCF87000000000002B
:10712000000000000007FFFFFFFFFFFFC00101019B
:10713000030303030303010101000000000000003A
:10714000000000000000001CFFFFFFFFFFFEFCFC32
:10715000F8F0F0F0F0F0F0F8FCFEFFFFFF7F3F1FCB
:1071600007000000000000000001030707070301FB
:107170000000000000000000000000000080FFFF91
:10718000FFFFFFFFFF00000000000000C0F0FCFE5A
:10719000FFFFFF7F3F1F0F0707070707070F1F3F6F
:1071A000FFFFFFFEFCF8E000000000000000000010
:1071B000000000008080C0C0E0E0E0E0E0E0E0E04F
:1071C000E0C0C0C08000000000000000000000001F
:1071D00000000000000000000000000000000000AF
:1071E000000000000000000000000000000000009F
:1071F000000000000000000000000000000000008F
:10720000000000000000000000000000000000007E
:10721000000000000000000000000000000000006E
:107220000000000101010101010101000000000056
:107230000000000000000000000000000000030F3C
:107240001F3F7F7FFFFEFCFCF8F8F8F8FCFCFEFF18
:107250007F7F3F1F07000000000000000000013F8B
:10726000FFFFFFFFFFFFE0800001010303030303B3
:10727000030181C1E0E0E0C0000000000000000068
:1072800000FFFFFFFFFFFFFF9F3F7EFCF8F0F0F0E5
:10729000F0F0F8F8FEFFFFFF7F3F1F07000000003F
:1072A00000000000F8FFFFFFFFFFFFFF800000006D
:1072B000000000000000000080FFFFFFFFFFFFFF55
:1072C000000000000000000080E0F8FCFFFFFFFF6E
:1072D0003F1F0F07070707070F1F3FFFFFFFFFFCB9
:1072E000F8E00000000000000000000000000000C6
:1072F0000080C0C0C0E0E0E0E0E0E0E0C0C0C080EE
:10730000000000000000000000000000000000007D
:10731000000000000000000000000000000000006D
:10732000000000000000000000000000000000005D
:10733000000000000000000000000000000000004D
:10734000000000000000000000000000000000003D
:107350000000000000000101010101010101010123
:10736000010101010101010101010101010100000F
:107370000000000000000000F0F8FCFCFCFCFCFC3D
:10738000FCFCFCFCFCFCFCFCFCFCFFFFFFFFFFFF2B
:10739000FFFC78000000000000000000000000007A
:1073A000000000000000000003071F7FFFFFFFFC3C
:1073B000F0E080000000000000000000000000007D
:1073C0000000000000000001073FFFFFFFFFFEF08C
:1073D000C0000000000000000000000000000000ED
:1073E0000000000000000000073FFFFFFFFFFFFF5D
:1073F000E0000000000000000000000000000000AD
:10740000000000000000000000007FFFFFFFFFFF02
:10741000FFFC000000000000000000000000000071
:107420000000000000000000000000000080C0E03C
:10743000E0E0C0800000000000000000000000004C
:10744000000000000000000000000000000000003C
:10745000000000000000000000000000000000002C
:10746000000000000000000000000000000000001C
:10747000000000000000000000000000000000000C
:1074800000000000000000000000000000000000FC
:1074900000000000000000000101010101010101E4
:1074A00000000000000000000000000000000000DC
:1074B000000000071F3F3F7FFFFFFEFCF8F8F8F8D1
:1074C000F8F8FCFEFFFF7F3F3F0F070000000000C1
:1074D0000000000000F0FEFFFFFFFFFF07030100B8
:1074E0000000000000010307FFFFFFFFFFFEF000A8
:1074F00000000000000000000103078FDFFFFFFF16
:10750000FEFEFCFCFCFCFCFCFEFFFFFFFFDF8F0728
:10751000030100000000000000003FFFFFFFFFFF2D
:10752000FFC0000000000000000000000080C0FF5D
:10753000FFFFFFFFFF3F00000000000000C0F0FC65
:10754000FEFFFFFFFF3F1F0F0707070707070F1F7C
:107550003FFFFFFFFFFEFCF0C00000000000000046
:1075600000000000008080C0C0C0E0E0E0E0E0E09B
:10757000E0E0C0C0C080800000000000000000000B
:1075800000000000000000000000000000000000FB
:1075900000000000000000000000000000000000EB
:1075A00000000000000000000000000000000000DB
:1075B00000000000000000000000000000000000CB
:1075C00000000000000000000000000000000000BB
:1075D00000000101010101010100000000000000A4
:1075E00000000000000000000000000001070F3F45
:1075F0003F7FFFFFFEFCF8F8F8F8F8FCFEFFFF7F86
:107600003F3F0F07010000000000000000003FFFA7
:10761000FFFFFFFFFFC000000000000000000000AF
:1076200000C0FFFFFFFFFFFF7F070000000000001A
:1076300000C0F8FEFFFFFFFF7F1F0F0703030303D8
:1076400003070F1F7FFEFFFFFFFFFFFFFF0000008C
:10765000000000000000000181C1E0E0E0F0F0F077
:10766000F0F0F0E0E0C080017FFFFFFFFFFFFFE0F0
:10767000000000000000000020FCFEFFFFFF7F1F55
:107680000F0F070707070F0F1F3FFFFFFFFEFCF05D
:10769000C0000000000000000000000000000080AA
:1076A00080C0C0E0E0E0E0E0E0E0E0C0C08080005A
:1076B00000000000000000000000000000000000CA
:1076C00000000000000000000000000000000000BA
:1076D00000000000000000000000000000000000AA
:1076E000000000000000000000000000000000009A
:1076F000000000000000000000000000000000008A
:107700000000000000000000000000000000000079
:107710000000000000000000000000000000000069
:107720000000000000000000000000000000000059
:107730000000000000000000000000000000000049
:10774000000000000000000000000F3F3F3F0F005E
:107750000000000000000000000000000000000029
:107760000000000000000000000000000080E0E0D9
:10777000E0800000000000000000000000000000A9
:1077800000000000000000000000000000000000F9
:1077900000000000000000000000000000000000E9
:1077A00000000000000000000000000000000000D9
:1077B0000000000F3F3F3F0F0000000000000000EE
:1077C00000000000000000000000000000000000B9
:1077D00000000000000080E0E0E080000000000009
:1077E0000000000000000000000000000000000099
:1077F0000000000000000000000000000000000089
:107800000000000000000000000000000000000078
:107810000000000000000000000000000000000068
:107820000000000000000000000000000000000058
:107830000000000000000000000000000000000048
:107840000000000000000000000000000000000038
:107850000000000000000000000000000000000028
:107860000000000000000000000000000000000018
:107870000000000000000000000000000000000008
:1078800000000000000F3F3F3F0F0000000000001D
:1078900000000000000000000000000000000000E8
:1078A000000000000000000080E0E0E08000000038
:1078B00000000000000000000000000000000000C8
:1078C00000000000000000000000000000000000B8
:1078D00000000000000000000000000000000000A8
:1078E00000000000000000000000000000000F1F6A
:1078F0001F0F070000000000000000000000000053
:107900000000000000000000000000000000000077
:1079100000E0F1FFFFFE000000000000000000009A
:107920000000000000000000000000000000000057
:107930000000000078F8F0C0000000000000000027
:107940000000000000000000000000000000000037
:107950000000000000000000000000000000000027
:107960000000000000000000000000000000000017
:107970000000000000000000000000000000000007
:1079800000000000000000000000000000000000F7
:1079900000000000000000000000000000000000E7
:1079A000000000000000000000010103070F0000BC
:1079B00000000000000000000000000000000000C7
:1079C0000001010307070F1F3F3F7FFFFFFEFCFC85
:1079D000F8000000000000000000000000000000AF
:1079E00000007FFFFFFFFFFFF3F3E1C0C080000056
:1079F0000000000000000000000000000000000087
:107A0000000000000080C0E0E0F0F8F8FCFEFFFF9E
:107A10007F3F3F1F0F0F0700000000000000000025
:107A20000000000000000000000000000000000056
:107A300000000080C0E0E0F0F8FC00000000000062
:107A40000000000000000000000000000000000036
:107A50000000000000000000000000000000000026
:107A60000000000000000000000000000000000016
:107A70000000000000000000000000000000000006
:107A800000000000000000000000000000000000F6
:107A900000000000000000000000000000000000E6
:107AA00000000000000000000000000000000000D6
:107AB00000000000000000000000000000000000C6
:107AC00000000000000000000000000000000000B6
:107AD00000000000000000000000000000000000A6
:107AE0000000000000000000000000000000000096
:107AF000000000000000000000001F1F1F1F1F1FCC
:107B00001F1F1F1F1F1F1F1F1F1F1F1F0000000001
:107B100000000000000000000000000000E0E0E0C5
:107B2000E0E0E0E0E0E0E0E0E0E0E0E0E0E0E00035
:107B30000000000000000000000000000000000045
:107B4000FFFFFFFFFFFFFFFFFFFFFFFFFFFFFFFF45
:107B5000FFFF000000000000000000000000000027
:107B60000000000000000000000000000000000015
:107B70000000000000000000000000000000000005
:107B800000000000000000000000000000000000F5
:107B900000000000000000000000000000000000E5
:107BA00000000000000000000000000000000000D5
:107BB00000000000000000000000000000000000C5
:107BC00000000000000000000000000000000000B5
:107BD00000000000000000000000000000000000A5
:107BE0000000000000000000000000000000000095
:107BF0000000000000000000000000000000000085
:107C00000000000000000000000000000000000074
:107C100000000F0703010100000000000000000049
:107C20000000000000000000000000000000000054
:107C30000000000000F8FCFCFEFFFF7F3F3F1F0F2D
:107C40000F07030101000000000000000000000019
:107C5000000000000000000000000000000080C0E4
:107C6000C0E1F3F3FFFFFFFFFF7F00000000000013
:107C70000000000000000000000000070F0F1F3F81
:107C80003F7FFFFFFEFCF8F8F0E0C0C0800000007E
:107C90000000000000000000000000000000FCF8F0
:107CA000F0E0E0C0800000000000000000000000E4
:107CB00000000000000000000000000000000000C4
:107CC00000000000000000000000000000000000B4
:107CD00000000000000000000000000000000000A4
:107CE0000000000000000000000000000000000094
:107CF0000000000000000000000000000000000084
:107D00000000000000000000000000000000000073
:107D10000000000000000000000000000000000063
:107D20000000000000000000000000000000000152
:107D30000103030303030101000000000000000031
:107D400000000000000000000000000000010F3FE4
:107D50007FFFFFF8F0F0F0F0F8FEFFFF7F1F030059
:107D60000000000000000000000000000000000013
:107D7000F8FCFCF8F0000000000000030FFFFFFF1C
:107D8000FFFC0000000000000000000000000000F8
:107D900000000000000000000000071F7FFFFFFC44
:107DA000F8E0C0000000000000000000000000003B
:107DB000000000000000000000000000F8FEFEFED1
:107DC000E0000000000000000000000000000000D3
:107DD0000000000000000000000000000000000F94
:107DE0003F3F3F0F000000000000000000000000C7
:107DF0000000000000000000000000000000000083
:107E0000000080E0E0E080000000000000000000D2
:107E10000000000000000000000000000000000062
:107E20000000000000000000000000000000000052
:107E30000000000000000000000000000000000042
:107E40000000000000000000000000000000000032
:107E50000000000000000000000000000000000022
:107E60000000000000000000000000000000000012
:107E700001010103030303030303010101000000E7
:107E8000000000000000000000000000030F1F3F82
:107E90007F7EFCFCF8F8F0F0F0F0F0F0F8F8F8FC79
:107EA000FE7F3F1F0F030000000000000F3FFFFF99
:107EB000F8E0800001070F1F3F3F3F3F3F1F0707CC
:107EC0001F1F1F1F00C0F0FFFFFF3F010007FFFF44
:107ED000FFF80000001F7FFFFFFFF0C080000000E0
:107EE000C0FFFFFFFFFF8000000000FFFFFFFF005B
:107EF000FFFFFFFF000000FFFFFFFFFF000000008B
:107F000000000001FFFFFFFF80000000031FFFFFD4
:107F1000FFE000F0FFFFFF1F0100E0FEFFFFFF1F7B
:107F2000070303070F3FFFFFFFFFCF070F1F7FFF71
:107F3000FCF8E00000000080F0FCFFFF3F0F0703AB
:107F4000C1C0E0E0E0E0C08000C0E0E0E0E0E0C010
:107F50008081030F3F3F3F3C00000000000080C0D5
:107F6000F0F0F8FCFC7E7E3E3F3F3F3F3F3F3F3F0F
:107F70007E7EFEFCFCF8F0E0C00000000000000087
:107F800000000000000000000000000000000000F1
:107F900000000000000000000000000000000000E1
:107FA00000000000000000000000000001030303C7
:107FB00003030100000000000000000000000000BA
:107FC000000000000000000000000000073FFFFF6D
:107FD000FFFFFFFFFFFFFF1F030000000000000086
:107FE000000000000000000000000000031FFFFF71
:107FF000FFFFFFFCC000E0FEFFFFFFFF7F0F01005F
:1080000000000000000000000000000000073FFF2B
:10801000FFFFFFFFF8800000000000C0FCFFFFFF33
:10802000FFFF3F07000000000000000000031FFFEB
:10803000FFFFFFFFFFFF3F3F3F3F3F3F3F3F3F3FD0
:10804000BFFFFFFFFFFFFFFF1F03000000000F7FC8
:10805000FFFFFFFFFFF8C00000000000000000006D
:10806000000000000000E0FCFFFFFFFFFF7F0F00AB
:108070000080C0E0E0E0C000000000000000000060
:10808000000000000000000000000080C0E0E0E010
:10809000C0800000000000000000000000000000A0
:1080A00000000000000000000000000000000000D0
:1080B00000000000000000000000000000000000C0
:1080C00000000000000000000000000000000000B0
:1080D000000000000000000000000000000000019F
:1080E0000101010101010101010101010101010180
:1080F000010100000000000000000000000000007E
:108100007FFFFFFFFFFFFFF8F8F8F8F8F8F8F8F83E
:10811000F8FCFCFEFFFFFF7F3F1F07000000000090
:10812000000000FFFFFFFFFFFFFF00000000000056
:1081300000000000000001CFFFFFFFFFFFFE000076
:10814000000000000000FFFFFFFFFFFFFF7E7E7EBC
:108150007E7E7E7E7E7E7EFEFFFFFFFFEFEFC78787
:10816000030000000000000000FFFFFFFFFFFFFF13
:108170000000000000000000000000000080E0FFA0
:10818000FFFFFFFFFF3F000000000000FFFFFFFFB9
:10819000FFFFFF07070707070707070707070F0F77
:1081A0001F7FFFFFFFFFFEF8E000000000000080DF
:1081B000C0E0E0E0E0E0E0E0E0E0E0E0E0E0E0E0DF
:1081C000E0E0E0E0C0C0C08000000000000000006F
:1081D000000000000000000000000000000000009F
:1081E000000000000000000000000000000000008F
:1081F000000000000000000000000000000000007F
:10820000000000000000000000000000000000006E
:10821000000000000000000000000000000000005E
:108220000101010303030303030301010100000033
:10823000000000000000000000000000030F1F3FCE
:108240007FFFFFFFFEFCFCF8F8F8F8F8FCFCFEFFEF
:10825000FF7F7F3F1F07010000000000033FFFFF7B
:10826000FFFFFFFEE08000000000000000000000B3
:10827000000000C0F0FCFEFEFEFC0000000000FF5D
:10828000FFFFFFFFFFFF00000000000000000000F4
:1082900000000000000000000000000000000000DE
:1082A0000000E0FEFFFFFFFFFF1F030000000000D3
:1082B000000000000000000000010F3F7F7F7F3FB3
:1082C0000C000000000000C0F0F8FCFEFFFFFF3FC4
:1082D0003F1F0F0F0F0F0F0F1F1F3F7FFFFFFFFEEF
:1082E000F8F0C000000000000000000000000000E6
:1082F00080C0C0C0E0E0E0E0E0E0E0E0C0C0C080FE
:10830000000000000000000000000000000000006D
:10831000000000000000000000000000000000005D
:10832000000000000000000000000000000000004D
:10833000000000000000000000000000000000003D
:10834000000000000000000000000000000000002D
:108350000000000000010101010101010101010112
:108360000101010101010000000000000000000007
:108370000000000000007FFFFFFFFFFFFFFCFCFC90
:10838000FCFCFCFCFCFCFEFEFEFFFFFF7F3F1F0F22
:10839000070100000000000000FFFFFFFFFFFFFFDC
:1083A0000000000000000000000000000080E0FE6F
:1083B000FFFFFFFFFF3F030000000000FFFFFFFF84
:1083C000FFFFFF00000000000000000000000000B0
:1083D000000000FFFFFFFFFFFFFF0000000000FFA5
:1083E000FFFFFFFFFFFF0000000000000000000093
:1083F00000000000031FFFFFFFFFFFFFF000000071
:108400000000FFFFFFFFFFFFFF0F0F0F0F0F0F0F0A
:108410000F0F0F1F1F3FFFFFFFFFFEFCF8E00000E4
:10842000000000000080C0E0E0E0E0E0E0E0E0E02C
:10843000E0E0E0E0E0E0E0E0C0C0808000000000BC
:10844000000000000000000000000000000000002C
:10845000000000000000000000000000000000001C
:10846000000000000000000000000000000000000C
:1084700000000000000000000000000000000000FC
:1084800000000000000000000000000000000000EC
:1084900001010101010101010101010101010101CC
:1084A00001010101010101000000000000000000C5
:1084B000007FFFFFFFFFFFFFFCFCFCFCFCFCFCFC63
:1084C000FCFCFCFCFCFCFCFCFCFCF870000000006C
:1084D00000000000FFFFFFFFFFFFFF0000000000A3
:1084E000000000000000000000000000000000008C
:1084F00000000000000000FFFFFFFFFFFFFFFEFE87
:10850000FEFEFEFEFEFEFEFEFEFEFEFEFEFEFE7C0D
:1085100000000000000000000000FFFFFFFFFFFF61
:10852000FF0000000000000000000000000000004C
:1085300000000000000000000000000000FFFFFF3E
:10854000FFFFFFFF0F0F0F0F0F0F0F0F0F0F0F0F7B
:108550000F0F0F0F0F0F0F070000000000000000AB
:1085600080C0E0E0E0E0E0E0E0E0E0E0E0E0E0E08B
:10857000E0E0E0E0E0E0E0E0E0E0C000000000007B
:1085800000000000000000000000000000000000EB
:1085900000000000000000000000000000000000DB
:1085A00000000000000000000000000000000000CB
:1085B00000000000000000000000000000000000BB
:1085C00000000000000000000000000101010101A6
:1085D000010101010101010101010101010101018B
:1085E0000000000000000000000000007FFFFFFF0F
:1085F000FFFFFFFCFCFCFCFCFCFCFCFCFCFCFCFCB2
:10860000FCFCFCF87000000000000000000000FF0F
:10861000FFFFFFFFFFFF0000000000000000000060
:10862000000000000000000000000000000000004A
:108630000000FFFFFFFFFFFFFF7E7E7E7E7E7E7ECF
:108640007E7E7E7E7E7E7E3C00000000000000007C
:108650000000000000FFFFFFFFFFFFFF0000000021
:10866000000000000000000000000000000000000A
:108670000000000000000000FFFFFFFFFFFFFF0001
:1086800000000000000000000000000000000000EA
:10869000000000000000000000000080C0E0E0E0FA
:1086A000C08000000000000000000000000000008A
:1086B00000000000000000000000000000000000BA
:1086C00000000000000000000000000000000000AA
:1086D000000000000000000000000000000000009A
:1086E000000000000000000000000000000000008A
:1086F000000000000000000000000000000000007A
:108700000000000000000000000000000101010363
:10871000030303030303030301010000000000003F
:108720000000000000000000030F1F3F7FFFFFFF5D
:10873000FEFCFCF8F8F8F8F8F8FCFCFEFFFFFF7F01
:108740003F1F070100000000033FFFFFFFFFFFFE88
:10875000E080000000000000000000000000008039
:10876000C0F0F8FCFCF8F000000000FFFFFFFFFF86
:10877000FFFF00000000000000000000070F0F0FC7
:108780000F0F0F0F0F0F0F0F0F0703000000E0FE7A
:10879000FFFFFFFFFF3F030000000000000000801C
:1087A000C0C0C0C0C0C0C0C0FFFFFFFFFFFF0000CF
:1087B00000000080E0F8FCFEFFFFFF7F3F1F1F0F5F
:1087C0000F0F0F0F0F0F1F1F3F3F7FFFFFFEFEFC1E
:1087D000F000000000000000000000008080C0C029
:1087E000C0E0E0E0E0E0E0E0E0E0C0C0C0808000A9
:1087F0000000000000000000000000000000000079
:108800000000000000000000000000000000000068
:108810000000000000000000000000000000000058
:108820000000000000000000000000000000000048
:108830000000000000000000000000000000000038
:10884000030303010000000000000000000000001E
:108850000000000000010303010000000000000010
:108860000000FFFFFFFFFFFF00000000000000000E
:1088700000000000000000FFFFFFFFFFFF000000FE
:108880000000000000FFFFFFFFFFFF0000000000EE
:1088900000000000000000000000FFFFFFFFFFFFDE
:1088A0000000000000000000FFFFFFFFFFFFFEFED2
:1088B000FEFEFEFEFEFEFEFEFEFEFEFEFEFFFFFFD5
:1088C000FFFFFF0000000000000000FFFFFFFFFFB0
:1088D000FF00000000000000000000000000000099
:1088E000FFFFFFFFFFFF0000000000000000FFFF90
:1088F000FFFFFFFF0000000000000000000000007C
:10890000000000FFFFFFFFFFFF000000000000006D
:108910000080C0E0E0C08000000000000000000017
:1089200000000000000080C0E0E0C0800000000007
:108930000000000000000000000000000000000037
:108940000000000000000000000000000000000027
:108950000000000000000000000000000000000017
:108960000000000000000000000000000000000007
:1089700000000000000000000000000103030100EF
:1089800000000000000000000000000000000000E7
:1089900000000000000000000000000000FFFFFFDA
:1089A000FFFFFF00000000000000000000000000CA
:1089B00000000000000000000000000000000000B7
:1089C000FFFFFFFFFFFF00000000000000000000AD
:1089D0000000000000000000000000000000000097
:1089E000000000FFFFFFFFFFFF000000000000008D
:1089F0000000000000000000000000000000000077
:108A0000000000000000FFFFFFFFFFFF000000006C
:108A10000000000000000000000000000000000056
:108A2000000000000000000000FFFFFFFFFFFF004C
:108A30000000000000000000000000000000000036
:108A400000000000000000000000000080C0E0E026
:108A5000C0800000000000000000000000000000D6
:108A60000000000000000000000000000000000006
:108A700000000000000000000000000000000000F6
:108A800000000000000000000000000000000000E6
:108A900000000000000000000000000000000000D6
:108AA00000000000000000000000000000000000C6
:108AB00000000000000000000000000000000000B6
:108AC000000003030301000000000000000000009C
:108AD0000000000000000000000000000000000096
:108AE00000000000FFFFFFFFFFFF0000000000008C
:108AF0000000000000000000000000000000000076
:108B000000000000000000FFFFFFFFFFFF0000006B
:108B10000000000000000000000000000000000055
:108B200000000000000000000000FFFFFFFFFFFF4B
:108B300000000000000000000000000000003F7F77
:108B40007F7F3F1F000000000000000000FFFFFFCC
:108B5000FFFFFF0000000000000000000000000018
:108B600000C0F8FEFFFFFFFF3F1F0F0F0F1F1FFF8B
:108B7000FFFFFFFEF8C00000000000000000000042
:108B8000000000000000000080C0C0E0E0E0E0E085
:108B9000E0E0C0C080000000000000000000000015
:108BA00000000000000000000000000000000000C5
:108BB00000000000000000000000000000000000B5
:108BC00000000000000000000000000000000000A5
:108BD0000000000000000000000000000000000095
:108BE0000000000000000000000000000000000085
:108BF000000303030100000000000000000000006B
:108C00000000000001030303010000000000000059
:108C1000000000FFFFFFFFFFFF000000000000005A
:108C20000001030F1F7FFFFFFFFFFCF8E0000000C3
:108C3000000000000000FFFFFFFFFFFF0000010336
:108C4000071F3FFFFFFFFEFCF8F0C08000000000A0
:108C5000000000000000000000FFFFFFFFFFFF3FDB
:108C60007FFFFFFEFCFFFFFFFF7F1F0F03000000E1
:108C7000000000000000000000000000FFFFFFFFF8
:108C8000FFFFF0E0C000000000C0F0FCFFFFFFFFAE
:108C9000FF3F0F030000000000000000000000FF85
:108CA000FFFFFFFFFF0000000000000000000000C9
:108CB000C0F0FCFFFFFFFFFF3F0F000000000000BF
:108CC000000080C0E0E0C080000000000000000064
:108CD00000000000000000C0E0E0E0E0C000000094
:108CE0000000000000000000000000000000000084
:108CF0000000000000000000000000000000000074
:108D00000000000000000000000000000000000063
:108D10000000000000000000000000000000000053
:108D2000000000000000000000000000010303013B
:108D30000000000000000000000000000000000033
:108D40000000000000000000000000000000FFFF25
:108D5000FFFFFFFF00000000000000000000000017
:108D60000000000000000000000000000000000003
:108D700000FFFFFFFFFFFF000000000000000000F9
:108D800000000000000000000000000000000000E3
:108D900000000000FFFFFFFFFFFF000000000000D9
:108DA00000000000000000000000000000000000C3
:108DB00000000000000000FFFFFFFFFFFF000000B9
:108DC00000000000000000000000000000000000A3
:108DD00000000000000000000000FFFFFFFFFFFF99
:108DE0000F0F0F0F0F0F0F0F0F0F0F0F0F0F0F079B
:108DF0000300000000000000000000000080C0E050
:108E0000E0E0E0E0E0E0E0E0E0E0E0E0E0E0E0E062
:108E1000E0E0C08000000000000000000000000052
:108E20000000000000000000000000000000000042
:108E30000000000000000000000000000000000032
:108E40000000000000000000000000000000000022
:108E50000000000000000000000000000000000012
:108E600000000000000000010101010101010000FB
:108E700000000000000000000000000001010101EE
:108E800001010100000000007FFFFFFFFFFFFFFF67
:108E9000FFFF3F010000000000000000013FFFFF56
:108EA000FFFFFFFFFFFFFF7F000000FFFFFFFFFF4F
:108EB000FFE0FFFFFFFFFF0F0000000000000FFFBB
:108EC000FFFFFFFFE0FFFFFFFFFFFF000000FFFFCE
:108ED000FFFFFFFF0000F8FFFFFFFF7F030000031D
:108EE0007FFFFFFFFFF80000FFFFFFFFFFFF000015
:108EF00000FFFFFFFFFFFF000000C0FEFFFFFFFFBE
:108F00001F1FFFFFFFFFFEC0000000FFFFFFFFFF6E
:108F1000FF000000FFFFFFFFFFFF0000000000F068
:108F2000FFFFFFFFFFFFFFFFF00000000000FFFF5B
:108F3000FFFFFFFF00000080C0E0E0E080000000D5
:108F400000000000C0E0E0E0E0C000000000000021
:108F50000080C0E0E0E080000000000000000000B1
:108F60000000000000000000000000000000000001
:108F700000000000000000000000000000000000F1
:108F800000000000000000000000000000000000E1
:108F900000000000000000000000000000000000D1
:108FA00000000103030301000000000000000000B6
:108FB00000000000000000030303030000000000A5
:108FC000000000007FFFFFFFFFFFFF7F0F03000097
:108FD000000000000000000000FFFFFFFFFFFF0097
:108FE00000000000000000FFFFFFFFFFFFFCFFFF8D
:108FF000FFFF3F0F0300000000000000FFFFFFFF26
:10900000FFFF0000000000000000FFFFFFFFFFFF68
:109010000000C0F0FCFFFFFFFF3F0F03000000FF58
:10902000FFFFFFFFFF0000000000000000FFFFFF48
:10903000FFFFFF000000000000C0F0FCFFFFFFFF8B
:109040003F0FFFFFFFFFFFFF0000000000000000D8
:10905000FFFFFFFFFFFF0000000000000000000016
:10906000C0F0FCFFFFFFFFFFFFFFFF00000000005C
:1090700000000080C0E0E0C08000000000000000B0
:1090800000000000000000C0C0E0E0E0C080000080
:1090900000000000000000000000000000000000D0
:1090A00000000000000000000000000000000000C0
:1090B00000000000000000000000000000000000B0
:1090C00000000000000000000000000000000000A0
:1090D0000000000000000000000000000000000090
:1090E0000000000101010303030303030303010163
:1090F000010000000000000000000000000000016E
:10910000070F3F7F7FFFFFFFFEFCF8F8F8F8F8F845
:10911000FCFEFFFFFF7F7F3F0F0701000000000004
:10912000033FFFFFFFFFFFFEE080000000000000A4
:1091300000000000000080E0FEFFFFFFFFFF3F0394
:10914000000000FFFFFFFFFFFFFF00000000000026
:10915000000000000000000000000000FFFFFFFF13
:10916000FFFFFF000000E0FEFFFFFFFFFF3F0300E7
:1091700000000000000000000000000000033FFFAE
:10918000FFFFFFFFFEE00000000000C0F0F8FCFE63
:10919000FFFFFF7F3F1F0F0F0F0F0F0F1F3F7FFFBF
:1091A000FFFFFFFEF8F0C00000000000000000001C
:1091B0000000000080C0C0C0E0E0E0E0E0E0E0E0EF
:1091C000C0C0C080000000000000000000000000DF
:1091D000000000000000000000000000000000008F
:1091E000000000000000000000000000000000007F
:1091F000000000000000000000000000000000006F
:10920000000000000000000000000000000000005E
:109210000000000000000000000101010101010147
:109220000101010101010101010000000000000035
:10923000000000000000000000007FFFFFFFFFFFB4
:10924000F8F8F8F8F8F8F8F8FCFCFEFFFFFF7F3FAD
:109250001F070000000000000000000000FFFFFFEB
:10926000FFFFFF000000000000000000000081FF81
:10927000FFFFFFFFFFFF00000000000000000000F4
:10928000FFFFFFFFFFFF1F1F1F1F1F1F1F1F3F3F6E
:109290007FFFFFFFFFFEFCF08000000000000000E9
:1092A000000000FFFFFFFFFFFFC0C0C0C0C0C0C084
:1092B000C0C0C0C0808000000000000000000000AE
:1092C000000000000000FFFFFFFFFFFF00000000A4
:1092D000000000000000000000000000000000008E
:1092E00000000000000000000080C0E0E0C080003E
:1092F000000000000000000000000000000000006E
:10930000000000000000000000000000000000005D
:10931000000000000000000000000000000000004D
:10932000000000000000000000000000000000003D
:10933000000000000000000000000000000000002D
:10934000000000000000000000000000000000001D
:1093500000000000000000000001010103030303FE
:1093600003030303010101000000000000000000EE
:10937000000000000001070F3F7F7FFFFFFFFEFCA2
:10938000F8F8F8F8F8F8FCFEFFFFFF7F7F3F0F07C3
:10939000010000000000033FFFFFFFFFFFFEE08031
:1093A00000000000000000000000000080E0FEFF60
:1093B000FFFFFFFF3F03000000FFFFFFFFFFFFFF76
:1093C000000000000000000000000000000000009D
:1093D0000000FFFFFFFFFFFFFF000000E0FEFFFFB8
:1093E000FFFFFF3F0300000000000E0F0F0F0707F5
:1093F000030100033FFFFFFFFFFFFEE0000000004E
:1094000000C0F0F8FEFFFFFFFF7F3F1F0F0F0F8F21
:10941000CFDFFFFFFFFFFFFFFFFFFFF3C3010000F0
:109420000000000000000000000080C0C0C0E0E0BC
:10943000E0E0E0E0E0E0C0C0C080C0C0E0F0F8FCE8
:10944000FCFC7C00000000000000000000000000A8
:10945000000000000000000000000000000000000C
:1094600000000000000000000000000000000000FC
:1094700000000000000000000000000000000000EC
:1094800000000000000000000000000000000001DB
:1094900001010101010101010101010101010101BC
:1094A00000000000000000000000000000000000BC
:1094B0007FFFFFFFFFFFF8F8F8F8F8F8F8F8F8F882
:1094C000FCFEFFFFFF7F3F1F0F01000000000000B8
:1094D000000000FFFFFFFFFFFF0000000000000092
:1094E000000000000001FFFFFFFFFFFFFE00000083
:1094F000000000000000FFFFFFFFFFFF3F3F3F3F76
:109500003F3F3F3F3F7F7FFFFEFCFCF8F0E0C000A5
:10951000000000000000000000FFFFFFFFFFFF0051
:109520000000000080C0E0F8FEFFFFFF7F3F0F0754
:10953000010000000000000000000000FFFFFFFF2E
:10954000FFFF0000000000000000000080E0F8FEC7
:10955000FFFFFFFF7F0F0100000000000000008000
:10956000C0E0E0C08000000000000000000000003B
:1095700000000080C0E0E0E0C0000000000000004B
:1095800000000000000000000000000000000000DB
:1095900000000000000000000000000000000000CB
:1095A00000000000000000000000000000000000BB
:1095B00000000000000000000000000000000000AB
:1095C0000000000000000000000000000001010396
:1095D0000303030303030301010000000000000074
:1095E00000000000000000000000030F3F7FFFFFAD
:1095F000FEFCF8F0F0F0F0F0F0F8FCFFFFFF7F3F2A
:109600000F010000000000000000000000FCFFFF50
:10961000FFFFFF1F0707030301010000000000E038
:10962000F0F8F8F0C00000000000000000000000AA
:109630000080C0E0F0F8F8FCFCFEFEFEFFFFFFFF3C
:109640007F7F3F3F1F0F0703000000000000000066
:109650000000071F1F1F1F0F010000000000000077
:1096600000008080C0F0FFFFFFFFFF7F00000000D0
:10967000000000000000F0FCFEFFFFFF7F1F0F074F
:1096800007070707070F0F1F7FFFFFFEFCF0C00053
:109690000000000000000000000000000080C0C0CA
:1096A000C0E0E0E0E0E0E0E0E0C0C0C0800000003A
:1096B00000000000000000000000000000000000AA
:1096C000000000000000000000000000000000009A
:1096D000000000000000000000000000000000008A
:1096E000000000000000000000000000000000007A
:1096F000000000000000000000000000000000006A
:10970000000101010101010101010101010101014A
:109710000101010101010101010000000000000040
:10972000000070F8FCFCFCFCFCFCFCFCFCFFFFFFF8
:10973000FFFFFFFCFCFCFCFCFCFCFCFCF8700000E8
:109740000000000000000000000000000000000019
:10975000FFFFFFFFFFFF000000000000000000000F
:1097600000000000000000000000000000000000F9
:10977000000000FFFFFFFFFFFF00000000000000EF
:1097800000000000000000000000000000000000D9
:10979000000000000000FFFFFFFFFFFF00000000CF
:1097A00000000000000000000000000000000000B9
:1097B000000000000000000000FFFFFFFFFFFF00AF
:1097C0000000000000000000000000000000000099
:1097D00000000000000000000000000080C0E0E089
:1097E000C080000000000000000000000000000039
:1097F0000000000000000000000000000000000069
:109800000000000000000000000000000000000058
:109810000000000000000000000000000000000048
:109820000000000000000000000000000000000038
:109830000000000000000000000000000000000127
:109840000303010000000000000000000000000011
:109850000000000001030301000000000000000000
:1098600000FFFFFFFFFFFF000000000000000000FE
:10987000000000000000FFFFFFFFFFFF00000000EE
:1098800000000000FFFFFFFFFFFF000000000000DE
:10989000000000000000000000FFFFFFFFFFFF00CE
:1098A00000000000000000FFFFFFFFFFFF000000BE
:1098B000000000000000000000000000FFFFFFFFAC
:1098C000FFFF0000000000000000FEFFFFFFFFFFA1
:1098D000030000000000000000000000000003FF83
:1098E000FFFFFFFFFF000000000000000000E0F8A5
:1098F000FEFFFFFF7F3F1F0F0F0F0F0F0F0F1F3FC9
:109900007FFFFFFFFEFCF0000000000000000000F1
:1099100000000000008080C0C0C0E0E0E0E0E0E0C7
:10992000E0E0C0C0C08000000000000000000000B7
:109930000000000000000000000000000000000027
:109940000000000000000000000000000000000017
:109950000000000000000000000000000000000007
:1099600000000000000000000000000000000000F7
:1099700000000000000000000103030301000000DC
:1099800000000000000000000000000000000303D1
:1099900003010000000000000000F8FFFFFFFFFFD0
:1099A0003F03000000000000000000000000011F55
:1099B000FFFFFFFFFFF8000000000000000080F83C
:1099C000FFFFFFFFFF1F010000000000000000007C
:1099D0000FFFFFFFFFFFF08000000000000000000D
:1099E00000000000F0FFFFFFFFFF1F01000000006C
:1099F000000FFFFFFFFFFEF000000000000000006E
:109A0000000000000000000000E0FEFFFFFFFF1F5D
:109A100001000FFFFFFFFFFEE0000000000000005C
:109A20000000000000000000000000000000E0FC5A
:109A3000FFFFFFFFFFFFFFFFFCC000000000000072
:109A40000000000000000000000000000000000016
:109A500000000080C0E0E0E0E0C080000000000006
:109A600000000000000000000000000000000000F6
:109A700000000000000000000000000000000000E6
:109A800000000000000000000000000000000000D6
:109A900000000000000000000000000000000000C6
:109AA00000000000000000000000000000000000B6
:109AB000000003030300000000000000000000019C
:109AC0000303030100000000000000000000030386
:109AD00003000000FEFFFFFFFF0300000000000086
:109AE000037FFFFFFFFFFF7F030000000000000374
:109AF000FFFFFFFFFE000000F8FFFFFFFF07000071
:109B0000000007FFFFFFFE80FEFFFFFF07000000D1
:109B10000007FFFFFFFFF80000000000F0FFFFFF5D
:109B2000FF0700001FFFFFFFF8000000F8FFFFFF26
:109B30001F000007FFFFFFFFF00000000000000013
:109B4000E0FFFFFFFF0F7FFFFFFFF00000000000BE
:109B5000F0FFFFFF7F0FFFFFFFFFE00000000000AE
:109B600000000000C0FFFFFFFFFFFFFEC00000007D
:109B700000000000C0FEFFFFFFFFFFFFC00000006D
:109B8000000000000000000000C0E0E0E0C00000B5
:109B9000000000000000000000C0E0E0E0C00000A5
:109BA00000000000000000000000000000000000B5
:109BB00000000000000000000000000000000000A5
:109BC0000000000000000000000000000000000095
:109BD0000000000000000000000000000000000085
:109BE0000000000000000000000000000000010371
:109BF000030301000000000000000000000000005E
:109C00000000010303030100000000000000000049
:109C1000F0FCFFFFFFFF7F3F0F010000000000008E
:109C200000030F3FFFFFFFFFFEF8000000000000F1
:109C3000000000000000C0F0FCFFFFFFFF7F1F07D7
:109C4000071F3FFFFFFFFFFEF8E08000000000005D
:109C500000000000000000000000000000C3FFFF43
:109C6000FFFFFFFFFFFFFFFFC30000000000000039
:109C7000000000000000000000000001071F3FFF7F
:109C8000FFFFFFFFFCF0F0FCFEFFFFFFFF3F1F07A1
:109C90000100000000000000000000071F7FFFFF20
:109CA000FFFFFEF8E08000000000000080E0F8FE0A
:109CB000FFFFFFFF7F1F0700000000000000C0E063
:109CC000E0E0E0C0800000000000000000000000B4
:109CD00000000080C0E0E0E0C08000000000000064
:109CE0000000000000000000000000000000000074
:109CF0000000000000000000000000000000000064
:109D00000000000000000000000000000000000053
:109D10000000000000000000000000000000000043
:109D20000000000000000000010303030100000028
:109D3000000000000000000000000000000001031F
:109D400003030100000000000000E0FCFFFFFFFF34
:109D5000FF3F0F0300000000000000000001071F8C
:109D60007FFFFFFFFFFCF00000000000000000008C
:109D7000C0F0F8FEFFFFFFFF3F07010001071F7F54
:109D8000FFFFFFFEFCF0C00000000000000000002C
:109D90000000000000000080E0F8FEFFFFFF7FFFF2
:109DA000FFFFFEF8E080000000000000000000005F
:109DB0000000000000000000000000000000FFFFA5
:109DC000FFFFFFFFFF000000000000000000000098
:109DD0000000000000000000000000000000000083
:109DE00000FFFFFFFFFFFFFF00000000000000007A
:109DF0000000000000000000000000000000000063
:109E00000000000080C0E0E0E0C080000000000032
:109E10000000000000000000000000000000000042
:109E20000000000000000000000000000000000032
:109E30000000000000000000000000000000000022
:109E40000000000000000000000000000000000012
:109E50000000000000000000000000000000000002
:109E600000000000010101010101010101010101E6
:109E700001010101010101010101010101000000D5
:109E8000000000000000F0F8F8F8F8F8F8F8F8F82A
:109E9000F8F8F8F8F8F8F8F9FFFFFFFFFFFFFFFF09
:109EA000FE000000000000000000000000000000B4
:109EB000000000000001070F3F7FFFFFFFFFFEF8DB
:109EC000F0C0800000000000000000000000000062
:109ED00000000001071F3FFFFFFFFFFFFCF8E0C08D
:109EE0000000000000000000000000000000000072
:109EF0000003071F3FFFFFFFFFFFFCF8E0800000AB
:109F00000000000000000000000000000000000051
:109F10000F1F7FFFFFFFFFFFFFF7E7870707070719
:109F200007070707070707070707070707070300CC
:109F300000000080C0E0E0E0E0E0E0E0E0E0E0E041
:109F4000E0E0E0E0E0E0E0E0E0E0E0E0E0E0E0E011
:109F5000E0C0000000000000000000000000000061
:109F600000000000000000000000000000000000F1
:109F700000000000000000000000000000000000E1
:109F800000000000000000000000000000000000D1
:109F900000000000000000000000000000000001C0
:109FA0000303030303030303000000000000000099
:109FB00000000000000000000000000000000000A1
:109FC00000FFFFFFFFFFF0F0F0F0F00000000000E6
:109FD0000000000000000000000000000000000081
:109FE00000000000FFFFFFFFFF0000000000000076
:109FF0000000000000000000000000000000000061
:10A0000000000000000000FFFFFFFFFF0000000055
:10A010000000000000000000000000000000000040
:10A0200000000000000000000000FFFFFFFFFF0035
:10A030000000000000000000000000000000000020
:10A0400000000000000000000000000000FFFFFF13
:10A05000FFFF000000000000000000000000000002
:10A0600000000000000000000000000000000000F0
:10A07000FFFFFFFFFF0000000000000000000000E5
:10A0800000000000000000000000000000000000D0
:10A09000000000F0F8FCFCFCFCFCFCFCFC000000F8
:10A0A00000000000000000000000000000000000B0
:10A0B00000000000000000000000000000000000A0
:10A0C0000000000000000000000000000000000090
:10A0D0000000000000000000030301000000000079
:10A0E0000000000000000000000000000000000070
:10A0F0000000000000000000000080FFFFFF1F00C4
:10A10000000000000000000000000000000000004F
:10A11000000000000000000000000000000000FE41
:10A12000FFFF3F00000000000000000000000000F2
:10A13000000000000000000000000000000000001F
:10A14000000000FCFFFFFF01000000000000000015
:10A1500000000000000000000000000000000000FF
:10A1600000000000000000F8FFFFFF0300000000F7
:10A1700000000000000000000000000000000000DF
:10A180000000000000000000000000F0FFFFFF07DB
:10A1900000000000000000000000000000000000BF
:10A1A000000000000000000000000000000000C0EF
:10A1B000E0E0C0000000000000000000000000001F
:10A1C000000000000000000000000000000000008F
:10A1D000000000000000000000000000000000007F
:10A1E000000000000000000000000000000000006F
:10A1F000000000000000000000000000000000005F
:10A20000000000000000000000000000000000004E
:10A210000000000103030303030303010000000027
:10A22000000000000000000000000000000000002E
:10A23000000000000000E0F0F0F0F0FFFFFFFFFF83
:10A24000000000000000000000000000000000000E
:10A250000000000000000000000000000000FFFF00
:10A26000FFFFFF00000000000000000000000000F1
:10A2700000000000000000000000000000000000DE
:10A2800000FFFFFFFFFF00000000000000000000D3
:10A2900000000000000000000000000000000000BE
:10A2A00000000000FFFFFFFFFF00000000000000B3
:10A2B000000000000000000000000000000000009E
:10A2C00000000000000000FFFFFFFFFF0000000093
:10A2D000000000000000000000000000000000007E
:10A2E00000000000000000000000FFFFFFFFFF0073
:10A2F000000000000000000000000000000000005E
:10A30000000000000000000078FCFCFCFCFCFCFCF1
:10A31000F8F0000000000000000000000000000055
:10A32000000000000000000000000000000000002D
:10A33000000000000000000000000000000000001D
:10A34000000000000000000000000000000000000D
:10A3500000000000000103030303000000000000F0
:10A3600000000000000000000000000000000000ED
:10A37000000000000000031FFFFFFFFFFFFF0F00B2
:10A3800000000000000000000000000000000000CD
:10A3900000000000000000073FFFFFFFF880C0FC46
:10A3A000FFFFFF1F01000000000000000000000090
:10A3B0000000000000000000047CFCFCFCF88000B1
:10A3C000000000C0FCFCFCFC3C040000000000009D
:10A3D000000000000000000000000000000000007D
:10A3E000000000000000000000000000000000006D
:10A3F000000000000000000000000000000000005D
:10A40000000000000000000000000000000000004C
:10A41000000000000000000000000000000000003C
:10A42000000000000000000000000000000000002C
:10A43000000000000000000000000000000000001C
:10A44000000000000000000000000000000000000C
:10A4500000000000000000000000000000000000FC
:10A4600000000000000000000000000000000000EC
:10A4700000000000000000000000000000000000DC
:10A4800000000000000000000000000000000000CC
:10A4900000000000000000000000000000000000BC
:10A4A00000000000000000000000000000000000AC
:10A4B000000000000000000000000000000000009C
:10A4C000000000000000000000000000000000008C
:10A4D000000000000000000000000000000000007C
:10A4E000000000000000000000000000000000006C
:10A4F000000000000000000000000000000000005C
:10A50000000000000000000000000000000000004B
:10A51000000000000000000000000000000000003B
:10A52000000000000000000000000000000000002B
:10A53000000000000000000000000000000000001B
:10A54000000000000000000000000000000000000B
:10A5500000000000000000000000000000000000FB
:10A5600000000000000000000000000000000000EB
:10A5700000000000000000000000000000E0E0E03B
:10A58000E0E0E0E0E0E0E0E0E0E0E0E0E0E0E0E0CB
:10A5900000000000000000000000000000000000BB
:10A5A00000000000000000000000000000000000AB
:10A5B000000000000000000000000000000000009B
:10A5C0000000000001010101010000000000000086
:10A5D000000000000000000000000000000000007B
:10A5E000000000000000000080E0F0FCFE3E0600DD
:10A5F000000000000000000000000000000000005B
:10A60000000000000000000000000000000000004A
:10A61000000000000000000000000000000000003A
:10A62000000000000000000000000000000000002A
:10A63000000000000000000000000000000000001A
:10A64000000000000000000000000000000000000A
:10A6500000000000000000000000000000000000FA
:10A6600000000000000000000000000000000000EA
:10A6700000000000000000000000000000000000DA
:10A6800000000000000000000000000000000000CA
:10A6900000000000000000000000000000000000BA
:10A6A00000000000000000000000000000000000AA
:10A6B000000000000000000000000000000000009A
:10A6C000000000000000000000000000000000008A
:10A6D000000000000000000000000000000000007A
:10A6E000000000000000000000000000000000006A
:10A6F000000000000000000000000000000000005A
:10A700000000000000000000000000000000000049
:10A710000000000000000000000000000000000039
:10A720000000000000000000000000000000000029
:10A730000000000000000000000000000000000019
:10A7400000000000000000030F0F1F1F3F3F3F3FAE
:10A750003F3F3F1F1F0F07000000000000000000E8
:10A76000000000000000000000F8FCFCF8E0808021
:10A770000000010181C3FFFFFFFFFF000000000098
:10A780000000000000000000000000030F1F3F7FDA
:10A790007E7CF8F8F8F0F0F0E0FFFFFFFFFF00002C
:10A7A0000000000000000000000000000000FCFFAE
:10A7B000FFFFFF1F0F070707070F1F7EFCFFFFFFAD
:10A7C000FF07000000000000000000000000000083
:10A7D00000000080C0E0E0E0E0E0C0C080000000D9
:10A7E00080C0E0E0800000000000000000000000E9
:10A7F0000000000000000000000000000000000059
:10A800000000000000000000000000000000000048
:10A810000000000000000000000000000000000038
:10A820000000000000000000000000000000000028
:10A83000000000000000000000000000030303000F
:10A840000000000000000000000000000000000008
:10A850000000000000000000000000000000FFFFFA
:10A86000FFFFFF00000000000000000000000000EB
:10A8700000000000000000000000000000000000D8
:10A8800000FFFFFFFFFF03070F1F3F3F3F3F3F1F3B
:10A890001F0F030000000000000000000000000087
:10A8A00000000000FFFFFFFFFFFEE0C0800000008F
:10A8B00080C0F8FFFFFFFF0F000000000000000055
:10A8C00000000000000000FFFFFFFFFF010000008C
:10A8D000000000000000FFFFFFFFFF00000000007D
:10A8E00000000000000000000000FFFFFFFFFFFE6F
:10A8F0003F0F070707070F1FFFFFFFFEF0000000D5
:10A900000000000000000000000000000080E0E007
:10A91000E080000080C0E0E0E0E0E0C080000000F7
:10A920000000000000000000000000000000000027
:10A930000000000000000000000000000000000017
:10A940000000000000000000000000000000000007
:10A9500000000000000000000000000000000000F7
:10A9600000000000000000000000000000000000E7
:10A9700000000000000000000000000000000000D7
:10A9800000000000000000000000000000000000C7
:10A9900000000000000000000000000000000000B7
:10A9A00000000000000000000000000000000000A7
:10A9B000000000000000000000000000000001078F
:10A9C0000F1F1F3F3F3F3F3F3F1F0F070301000087
:10A9D0000000000000000000000000000000000770
:10A9E0007FFFFFFFF8E0800000000080E0F8FEFE3F
:10A9F000FC0000000000000000000000000000005B
:10AA00000000FFFFFFFFFF0000000000000000004B
:10AA10000003070300000000000000000000000029
:10AA2000000000000080F0FCFFFFFF1F0F0707077A
:10AA3000070F3FFFFFFEFCE00000000000000000E9
:10AA400000000000000000000000000080C0C0E026
:10AA5000E0E0E0E0E0C080800000000000000000D6
:10AA600000000000000000000000000000000000E6
:10AA700000000000000000000000000000000000D6
:10AA800000000000000000000000000000000000C6
:10AA900000000000000000000000000000000000B6
:10AAA00000000000000000000000000000000000A6
:10AAB0000000000000000000000000000000000096
:10AAC000030303010000000000000000000000007C
:10AAD0000000000000000000000000000000000076
:10AAE0000000FFFFFFFFFF0000000000000000006B
:10AAF0000000000000000000030F1F1F3F3F3F3F0A
:10AB00003F1F0F0703FFFFFFFFFF000000000000D3
:10AB10000000000000000000000FFFFFFFFFF8E052
:10AB20008000000080C0E0FEFFFFFFFFFF0000008C
:10AB3000000000000000000000000000FFFFFFFF19
:10AB4000FF00000000000000000003FFFFFFFFFF08
:10AB500000000000000000000000000000000000F5
:10AB6000F0FEFFFFFF1F0F070707070F3FFEFFFF66
:10AB7000FFFFFF00000000000000000000000000D8
:10AB800000000000000080C0E0E0E0E0E0C08000E5
:10AB90000080E0E0E0800000000000000000000015
:10ABA00000000000000000000000000000000000A5
:10ABB0000000000000000000000000000000000095
:10ABC0000000000000000000000000000000000085
:10ABD0000000000000000000000000000000000075
:10ABE0000000000000000000000000000000000065
:10ABF0000000000000000000000000000000000055
:10AC00000000000000000000000000000000000044
:10AC10000000000000000000000000000000000034
:10AC20000000000000000000000000000000000024
:10AC30000000000001070F1F1F3F3F3F3F3F1F1F46
:10AC40000F070100000000000000000000000000ED
:10AC50000000000000077FFFFFFFF0C08000000041
:10AC600080C0F0FFFFFF7F07000000000000000031
:10AC70000000000000000000FFFFFFFFFFF8F8F8F1
:10AC8000F8F8F8F8F8F8F8F8F8F0C000000000005C
:10AC9000000000000000000000000080F0FCFFFF4A
:10ACA0007F1F0F070707070F1F3F7FFFFC000000F4
:10ACB0000000000000000000000000000000000094
:10ACC000000080C0C0E0E0E0E0E0E0C0C080000044
:10ACD0000000000000000000000000000000000074
:10ACE0000000000000000000000000000000000064
:10ACF0000000000000000000000000000000000054
:10AD00000000000000000000000000000000000043
:10AD10000000000000000000000000000000000033
:10AD20000000000000000000000001010303030315
:10AD3000030100000000000000000000000000000F
:10AD400000000000000000000000001FFFFFFFFFE8
:10AD5000F8F0F0F0F0E0000000000000000000005B
:10AD600000000000000000000000001F1F1FFFFF88
:10AD7000FFFFFF1F1F1F0F0000000000000000006A
:10AD800000000000000000000000000000008080C3
:10AD900080FFFFFFFFFF80808000000000000000B8
:10ADA00000000000000000000000000000000000A3
:10ADB00000000000FFFFFFFFFF0000000000000098
:10ADC0000000000000000000000000000000000083
:10ADD00000000000000000FFFFFFFFFF0000000078
:10ADE0000000000000000000000000000000000063
:10ADF0000000000000000000000080E0E0E08000B3
:10AE00000000000000000000000000000000000042
:10AE10000000000000000000000000000000000032
:10AE20000000000000000000000000000000000022
:10AE30000000000000000000000000000000000012
:10AE40000000000000000000000000000000000002
:10AE500000000000000000000000000000000000F2
:10AE600000000000000000000000000000000000E2
:10AE700000000000000000000000000000000000D2
:10AE800000000000000000000000000000000000C2
:10AE900000000000000000000000000000000000B2
:10AEA00000000000000000000003070F1F3F3F3FAD
:10AEB0003F3F1F0F07030F3F3F3F1F0000000000F1
:10AEC000000000000000000000000FFFFFFFFFF87F
:10AED000C0800000000080E0FCFFFFFFFFFF0000DB
:10AEE00000000000000000000000000000FFFFFF65
:10AEF000FFFF00000000000000000000FFFFFFFF58
:10AF0000FF00000000000000000000000000000042
:10AF100000F0FEFFFFFF1F0F070707070F3FFEFFB1
:10AF2000FFFFFFFF00000000000000000000000025
:10AF300000000000070F0F83C1E0E0E0E0E0C08008
:10AF40000003FFFFFFFFFE00000000000000000004
:10AF500000000000000000E0F8FCFCFE7E3F3F3FE8
:10AF60003F3F7FFEFEFEFCF0E0000000000000001E
:10AF700000000000000000000000000000000000D1
:10AF800000000000000000000000000000000000C1
:10AF900000000000000000000000000000000303AB
:10AFA000030000000000000000000000000000009E
:10AFB0000000000000000000000000000000000091
:10AFC000FFFFFFFFFF000000000000000000000086
:10AFD0000000000000000000000000000000000071
:10AFE000000000FFFFFFFFFF030F1F1F3F3F3F3F1A
:10AFF0003F1F0F03000000000000000000000000E1
:10B00000000000000000FFFFFFFFFFF0C080000015
:10B010000080E0FFFFFFFFFF0000000000000000D5
:10B02000000000000000000000FFFFFFFFFF000025
:10B03000000000000000FFFFFFFFFF000000000015
:10B04000000000000000000000000000FFFFFFFF04
:10B05000FF0000000000000000FFFFFFFFFF0000F6
:10B06000000000000000000000000000000000C020
:10B07000E0E0E080000000000000000080E0E0E090
:10B080008000000000000000000000000000000040
:10B0900000000000000000000000000000000000B0
:10B0A00000000000000000000000000000000000A0
:10B0B0000000000000000000000000000000000090
:10B0C0000000000000000000000000000000000080
:10B0D0000000000000000000000003030301000066
:10B0E0000000000000000000000000000000000060
:10B0F000000000000000000000000000F8FCFCFC64
:10B10000F800000000000000000000000000000047
:10B110000000000000000000000000000000000F20
:10B120003F3F3F0F00000000000000000000000053
:10B13000000000000000000000000000000000000F
:10B140000000FFFFFFFFFF00000000000000000004
:10B1500000000000000000000000000000000000EF
:10B160000000000000FFFFFFFFFF000000000000E4
:10B1700000000000000000000000000000000000CF
:10B180000000000000000000FFFFFFFFFF000000C4
:10B1900000000000000000000000000000000000AF
:10B1A000000000000000000000000080E0E0E080FF
:10B1B000000000000000000000000000000000008F
:10B1C000000000000000000000000000000000007F
:10B1D000000000000000000000000000000000006F
:10B1E000000000000000000000000000000000005F
:10B1F000000000000000000000000000000000004F
:10B20000000000000000000000000000000000003E
:10B210000000000000030303010000000000000024
:10B22000000000000000000000000000000000001E
:10B2300000000000000000F8FCFCFCF8000000002A
:10B2400000000000000000000000000000000000FE
:10B25000000000000000000000000F3F3F3F0F0013
:10B2600000000000000000000000000000000000DE
:10B2700000000000000000000000000000FFFFFFD1
:10B28000FFFF0000000000000000000000000000C0
:10B2900000000000000000000000000000000000AE
:10B2A000FFFFFFFFFF0000000000000000000000A3
:10B2B000000000000000000000000000000000008E
:10B2C000000000FFFFFFFFFF000000000000000083
:10B2D000000000000000000000000000000000006E
:10B2E000000000000000FFFFFFFFFF000000000063
:10B2F000000000000000000000000000000000004E
:10B300000000000000007F7FFFFFFFFEFCE0000068
:10B31000000000000000000000000000000000002D
:10B32000000000000000000000000000000000001D
:10B33000000000000000000000000000000000000D
:10B3400000000000000000000000000000000000FD
:10B3500003030300000000000000000000000000E4
:10B3600000000000000000000000000000000000DD
:10B370000000FFFFFFFFFF000000000000000000D2
:10B3800000000000000000000000000000000000BD
:10B390000000000000FFFFFFFFFF000000000107AA
:10B3A0000F3F3F3F0C0000000000000000000000C5
:10B3B0000000000000000000FFFFFFFFFF030F1F61
:10B3C0007FFFFFF8F0C080000000000000000000D8
:10B3D0000000000000000000000000FFFFFFFFFF72
:10B3E000FEFCF0FCFFFFFF3F070100000000000033
:10B3F0000000000000000000000000000000FFFF4F
:10B40000FFFFFF0000000080E0FCFFFFFF3F0F0098
:10B41000000000000000000000000000000000002C
:10B420000080E0E0E0800000000000000080C0E05C
:10B43000E0C000000000000000000000000000006C
:10B4400000000000000000000000000000000000FC
:10B4500000000000000000000000000000000000EC
:10B4600000000000000000000000000000000000DC
:10B4700000000000000000000000000000000000CC
:10B4800000000000000000000000000303030000B3
:10B4900000000000000000000000000000000000AC
:10B4A00000000000000000000000000000FFFFFF9F
:10B4B000FFFF00000000000000000000000000008E
:10B4C000000000000000000000000000000000007C
:10B4D000FFFFFFFFFF000000000000000000000071
:10B4E000000000000000000000000000000000005C
:10B4F000000000FFFFFFFFFF000000000000000051
:10B50000000000000000000000000000000000003B
:10B51000000000000000FFFFFFFFFF000000000030
:10B52000000000000000000000000000000000001B
:10B53000000000000000000000FFFFFFFFFF000010
:10B5400000000000000000000000000000000000FB
:10B5500000000000000000000000000080E0E0E0CB
:10B56000800000000000000000000000000000005B
:10B5700000000000000000000000000000000000CB
:10B5800000000000000000000000000000000000BB
:10B5900000000000000000000000000000000000AB
:10B5A000000000000000000000000000000000009B
:10B5B000000000000000000000000000000000008B
:10B5C000000000000000000000000000000000007B
:10B5D000000000000000000000000000000000006B
:10B5E000000000000000000000000000000000005B
:10B5F000000000000000000000000000000000004B
:10B60000000000000000000000001F3F3F3F0F0748
:10B610000F1F1F3F3F3F3F1F1F0701070F1F3F3FE8
:10B620003F3F1F1F070100000000000000FFFFFF59
:10B63000FFFFF08000000000C0FFFFFFFFFFF08071
:10B64000000000C0FFFFFFFFFF000000000000003F
:10B65000FFFFFFFFFF00000000000000FFFFFFFFF3
:10B66000FF000000000000FFFFFFFFFF00000000E0
:10B67000000000FFFFFFFFFF00000000000000FFD0
:10B68000FFFFFFFF000000000000FFFFFFFFFF00C3
:10B6900000000000000080E0E0E08000000000000A
:10B6A000000080E0E0E08000000000000080E0E0BA
:10B6B000E08000000000000000000000000000002A
:10B6C000000000000000000000000000000000007A
:10B6D000000000000000000000000000000000006A
:10B6E000000000000000000000000000000000005A
:10B6F000000000000000000000000000000000004A
:10B700000000000000000000000000000000000039
:10B710000000000000000000000000000000000029
:10B720000000000000000000000000000000000019
:10B730000000000000000000000000000000000009
:10B7400000000000001F3F3F3F0F030F1F1F3F3F40
:10B750003F3F3F1F0F0700000000000000000000F7
:10B760000000000000000000FFFFFFFFFFF0C080AE
:10B7700000000080E0FFFFFFFFFF0000000000006E
:10B780000000000000000000000000FFFFFFFFFFBE
:10B790000000000000000000FFFFFFFFFF000000AE
:10B7A0000000000000000000000000000000FFFF9B
:10B7B000FFFFFF0000000000000000FFFFFFFFFF91
:10B7C0000000000000000000000000000000000079
:10B7D0000080E0E0E080000000000000000080E069
:10B7E000E0E0800000000000000000000000000019
:10B7F0000000000000000000000000000000000049
:10B800000000000000000000000000000000000038
:10B810000000000000000000000000000000000028
:10B820000000000000000000000000000000000018
:10B830000000000000000000000000000000000008
:10B8400000000000000000000000000000000000F8
:10B8500000000000000000000000000000000000E8
:10B8600000000000000000000000000000000000D8
:10B8700000000000000000000000000000000000C8
:10B880000001070F1F1F3F3F3F3F3F3F1F1F0F0795
:10B8900001000000000000000000000000000000A7
:10B8A0000000077FFFFFFFF8C0800000000080C09D
:10B8B000F8FFFFFF7F07000000000000000000000D
:10B8C0000000000000FFFFFFFFFF0000000000007D
:10B8D00000000000FFFFFFFFFF000000000000006D
:10B8E000000000000000000000F0FCFFFFFF1F0F41
:10B8F000070707070F3FFFFFFFFCF00000000000F5
:10B9000000000000000000000000000000000080B7
:10B91000C0C0E0E0E0E0E0E0C0C080000000000067
:10B920000000000000000000000000000000000017
:10B930000000000000000000000000000000000007
:10B9400000000000000000000000000000000000F7
:10B9500000000000000000000000000000000000E7
:10B9600000000000000000000000000000000000D7
:10B9700000000000000000000000000000000000C7
:10B9800000000000000000000000000000000000B7
:10B9900000000000000000000000000000000000A7
:10B9A0000000000000000000000000000000000097
:10B9B00000000000000000000000001F3F3F3F0F9C
:10B9C00001070F1F3F3F3F3F3F1F0F0703000000CE
:10B9D0000000000000000000000000000000FFFF69
:10B9E000FFFFFFFEE0808000000080C0F8FFFFFF47
:10B9F0007F0F0000000000000000000000000000B9
:10BA000000FFFFFFFFFF0300000000000000000038
:10BA1000FFFFFFFFFF00000000000000000000002B
:10BA200000000000FFFFFFFFFFFE3F0F0F070707AB
:10BA30000F3FFFFFFFFEF0000000000000000000CD
:10BA400000000000000000FFFFFFFFFF000080C0BB
:10BA5000E0E0E0E0E0C08000000000000000000046
:10BA600000000000000000000000FEFFFFFFFC00DF
:10BA700000000000000000000000000000000000C6
:10BA800000000000000000000000000000000000B6
:10BA900000000000000000000000000000000000A6
:10BAA0000000000000000000000000000000000096
:10BAB0000000000000000000000000000000000086
:10BAC0000000000000000000000000000000000076
:10BAD0000000000000000000000000000000000066
:10BAE0000000000000000000000000000000000056
:10BAF0000000000000000003070F1F3F3F3F3F3FD3
:10BB00001F0F07031F3F3F3F1F0000000000000002
:10BB100000000000000000000FFFFFFFFFF8E080C2
:10BB20000000008080E0FEFFFFFFFFFF000000003C
:10BB30000000000000000000000000FFFFFFFFFF0A
:10BB400000000000000000000003FFFFFFFFFF00F7
:10BB5000000000000000000000000000000080F075
:10BB6000FEFFFFFF3F0F0707070F0F3FFEFFFFFF1F
:10BB7000FFFF0000000000000000000000000000C7
:10BB8000000000000080C0E0E0E0E0E0C0800000D5
:10BB9000FFFFFFFFFF0000000000000000000000AA
:10BBA0000000000000000000000000000000000095
:10BBB000000000FEFFFFFFFC00000000000000008E
:10BBC0000000000000000000000000000000000075
:10BBD0000000000000000000000000000000000065
:10BBE0000000000000000000000000000000000055
:10BBF0000000000000000000000000000000000045
:10BC00000000000000000000000000000000000034
:10BC10000000000000000000000000000000000024
:10BC20000000000000000000000000000000000014
:10BC3000000F3F3F3F0F070F3F3F3F3F1F0F0300E6
:10BC400000000000000000000000000000000000F4
:10BC500000000000FFFFFFFFFFFCC0808080C0C02D
:10BC6000C000000000000000000000000000000014
:10BC700000000000000000FFFFFFFFFF00000000C9
:10BC800000000000000000000000000000000000B4
:10BC900000000000000000000000FFFFFFFFFF00A9
:10BCA0000000000000000000000000000000000094
:10BCB0000000000000000000000000000080E0E044
:10BCC000E080000000000000000000000000000014
:10BCD0000000000000000000000000000000000064
:10BCE0000000000000000000000000000000000054
:10BCF0000000000000000000000000000000000044
:10BD00000000000000000000000000000000000033
:10BD10000000000000000000000000000000000023
:10BD20000000000000000000000000000000000013
:10BD30000000000000000000000000000000000003
:10BD400000000000000000000000000000000000F3
:10BD500000000000000000000000000000000000E3
:10BD600000000000000000000000000000070F1F9E
:10BD70001F3F3E3E3E3E3F1F1F0F070100000000D9
:10BD8000000000000000000000000000000000FCB7
:10BD9000FFFFFFFF0F0703030101C1F0F8F0F00000
:10BDA0000000000000000000000000000000000093
:10BDB00000000103C1C1E0F0F0F0F8F8FCFEFF7FE5
:10BDC0007F1F0700000000000000000000000000CE
:10BDD0000000000000FCFFFFFF3F1F0F0707070FD9
:10BDE0001FFFFFFFFEF00000000000000000000049
:10BDF0000000000000000000000080C0C0E0E0E0A3
:10BE0000E0E0E0C0C0800000000000000000000092
:10BE10000000000000000000000000000000000022
:10BE20000000000000000000000000000000000012
:10BE30000000000000000000000000000000000002
:10BE400000000000000000000000000000000000F2
:10BE500000000000000000000000000000000000E2
:10BE600000000001010100000000000000000000CF
:10BE700000000000000000000000000000000000C2
:10BE800000000000007FFFFFFF7F000000000000B7
:10BE900000000000000000000000000000000000A2
:10BEA00000000000000F1F1FFFFFFFFFFF1F1F1FED
:10BEB0000F00000000000000000000000000000073
:10BEC0000000000000000000008080FFFFFFFFFF77
:10BED00080808000000000000000000000000000E2
:10BEE0000000000000000000000000000000FFFF54
:10BEF000FFFFFF0000000000000000000000000045
:10BF00000000000000000000000000000000000031
:10BF100000FEFFFFFFFF0F07070F070300000000F1
:10BF20000000000000000000000000000000000011
:10BF3000000000000080C0E0E0E0E0E0C0C00000E1
:10BF400000000000000000000000000000000000F1
:10BF500000000000000000000000000000000000E1
:10BF600000000000000000000000000000000000D1
:10BF700000000000000000000000000000000000C1
:10BF800000000000000000000000000000000000B1
:10BF900000000000000000000000000000000000A1
:10BFA0000000000000000000000000000000000091
:10BFB0000000000000000000000000000000000081
:10BFC0000000000000000000000000000000000071
:10BFD0000000000000000000000000000000000061
:10BFE00000000F3F3F3F0F00000000000000000F67
:10BFF0003F3F3F0F00000000000000000000000075
:10C000000000000000FFFFFFFFFF00000000000035
:10C010000000FFFFFFFFFF00000000000000000025
:10C020000000000000000000FFFFFFFFFF00000015
:10C030000000000000FFFFFFFFFF00000000000005
:10C040000000000000000000000000F8FFFFFFFFFC
:10C050003F0F0707070F1F7EFFFFFFFFFF000000D6
:10C0600000000000000000000000000000000000D0
:10C0700080C0E0E0E0E0E0C0C0800080E0E0E0C040
:10C0800000000000000000000000000000000000B0
:10C0900000000000000000000000000000000000A0
:10C0A0000000000000000000000000000000000090
:10C0B0000000000000000000000000000000000080
:10C0C0000000000000000000000000000000000070
:10C0D0000000000000000000000000000000000060
:10C0E0000000000000000000000000000000000050
:10C0F0000000000000000000000000000000000040
:10C10000000000000000000000000000000000002F
:10C110000000000000000000000000001F3F3F1F63
:10C120000300000000000000011F3F3F1F0000004F
:10C13000000000000000000000000000000000807F
:10C14000F8FFFFFF1F00000000001FFFFFFFF88047
:10C1500000000000000000000000000000000000DF
:10C160000000000080FCFFFFFF070007FFFFFFFC4F
:10C17000800000000000000000000000000000003F
:10C18000000000000000000000C0FCFFFF3FFFFFB8
:10C19000FCC00000000000000000000000000000E3
:10C1A0000000000000000000000000000000C0E0EF
:10C1B000E0E0C000000000000000000000000000FF
:10C1C000000000000000000000000000000000006F
:10C1D000000000000000000000000000000000005F
:10C1E000000000000000000000000000000000004F
:10C1F000000000000000000000000000000000003F
:10C20000000000000000000000000000000000002E
:10C21000000000000000000000000000000000001E
:10C22000000000000000000000000000000000000E
:10C2300000000000000000000000000000000000FE
:10C2400000000000000000000000000000000000EE
:10C25000000000000000001F3F3F1F03000000001F
:10C260000000071F3F3F1F07000000000000031FE2
:10C270003F3F1F0000000000000080FCFFFFFF0F99
:10C28000000000003FFFFFFFFFFFFF3F0000000036
:10C290000FFFFFFFFC80000000000000000000E036
:10C2A000FFFFFF3F0003FFFFFFF80000FCFFFFFF61
:10C2B00003003FFFFFFFE00000000000000000005F
:10C2C00000000000F0FFFFFFFFFFFFE000000000A4
:10C2D000E0FFFFFFFFFFFFF0000000000000000094
:10C2E000000000000000000080C0E0E0C00000008E
:10C2F0000000000000C0E0E0C0800000000000007E
:10C30000000000000000000000000000000000002D
:10C31000000000000000000000000000000000001D
:10C32000000000000000000000000000000000000D
:10C3300000000000000000000000000000000000FD
:10C3400000000000000000000000000000000000ED
:10C3500000000000000000000000000000000000DD
:10C3600000000000000000000000000000000000CD
:10C3700000000000000000000000000000000000BD
:10C3800000000000000000000000000000000000AD
:10C390000000043F3F3F0F030000000000031F3F69
:10C3A0003F3F04000000000000000000000000000B
:10C3B00000000000000080F0FCFFFFFF1F071FFFD0
:10C3C000FFFFFCE080000000000000000000000013
:10C3D0000000000000000000000000010FFFFFFF50
:10C3E000FFFFFFFF0F010000000000000000000041
:10C3F0000000000000000000000000031F7FFFFF9E
:10C40000FEF0C000C0F0FEFFFF7F1F030000000031
:10C410000000000000000000000000000000C0E07C
:10C42000E0C0800000000000000080C0E0E0C0002C
:10C4300000000000000000000000000000000000FC
:10C4400000000000000000000000000000000000EC
:10C4500000000000000000000000000000000000DC
:10C4600000000000000000000000000000000000CC
:10C4700000000000000000000000000000000000BC
:10C4800000000000000000000000000000000000AC
:10C49000000000000000000000000000000000009C
:10C4A000000000000000000000000000000000008C
:10C4B000000000000000000000000000000000007C
:10C4C000000000000000000000000000000F3F3FDF
:10C4D0003F070000000000000000031F3F3F1F0057
:10C4E000000000000000000000000000000000004C
:10C4F00080F8FFFFFF7F0300000000013FFFFFFF08
:10C50000F8800000000000000000000000000000B3
:10C510000000000000C0FCFFFFFF1F00000FFFFF36
:10C52000FFFCC00000000000000000000000000050
:10C5300000000000000000000000C0FCFFFFFF7FC3
:10C54000FFFFFEE00000000000000000000000000F
:10C55000000000000000000000000000000001EFEB
:10C56000FFFFFFFFE00000000000000000000000EF
:10C570000000000000000000000000083E3F3F3FB8
:10C580007FFFFEFEF8E00000000000000000000059
:10C59000000000000000000000000000000000009B
:10C5A000000000000000000000000000000000008B
:10C5B000000000000000000000000000000000007B
:10C5C000000000000000000000000000000000006B
:10C5D000000000000000000000000000000000005B
:10C5E000000000000000000000000000000000004B
:10C5F000000000000000000000000000000000003B
:10C600000000000000000000001F1F1F1F1F1F1F51
:10C610001F1F1F1F1F1F1F1F0F0000000000000013
:10C62000000000000000000000000000808080800A
:10C63000808080838FFFFFFFFEF8E0800000000015
:10C6400000000000000000000000000000000000EA
:10C650000001070F3FFFFFFEF8E080000000000030
:10C6600000000000000000000000000000000000CA
:10C6700000071F7FFFFFFFFFE78707070707070781
:10C680000707030000000000000000000000000099
:10C6900000000000C0E0E0E0E0E0E0E0E0E0E0E03A
:10C6A000E0E0E0E0E0C0000000000000000000006A
:10C6B000000000000000000000000000000000007A
:10C6C000000000000000000000000000000000006A
:10C6D000000000000000000000000000000000005A
:10C6E000000000000000000000000000000000004A
:10C6F000000000000000000000000000000000003A
:10C70000000000000103030303000000000000001C
:10C710000000000000000000000000000000000019
:10C72000000000001F7FFFFFFFFCF8F8F000000092
:10C7300000000000000000000000000000000000F9
:10C7400000000000000000FFFFFFFFFF00000000EE
:10C7500000000000000000000000000000000000D9
:10C760000000000000000001030FFFFFFFFFF800C2
:10C7700000000000000000000000000000000000B9
:10C78000000000000000000000FCFEFFFFFFFFCFE4
:10C790000300000000000000000000000000000096
:10C7A000000000000000000000000000000000C0C9
:10C7B000FFFFFFFF7F0000000000000000000000FE
:10C7C0000000000000000000000000000000000069
:10C7D000000000FFFFFFFFFF00000000000000005E
:10C7E0000000000000000000000000000000000049
:10C7F000000000000000E0F8FCFEFFFFFF7F3C00AF
:10C800000000000000000000000000000000000028
:10C810000000000000000000000000000000000018
:10C820000000000000000000000000000000000008
:10C8300000000000000000000000010303010000F0
:10C8400000000000000000000000000000000000E8
:10C8500000000000000000000000000000FFFFFFDB
:10C86000FF000000000000000000000000000000C9
:10C8700000000000000000000000000000000000B8
:10C88000FFFFFFFF000000000000000000000000AC
:10C890000000000000000000000000000000000098
:10C8A000000000FFFFFFFF0000000000000000008C
:10C8B0000000000000000000000000000000000078
:10C8C000000000000000FFFFFFFF0000000000006C
:10C8D0000000000000000000000000000000000058
:10C8E000000000000000000000FFFFFFFF0000004C
:10C8F0000000000000000000000000000000000038
:10C90000000000000000000000000000FFFFFFFF2B
:10C910000000000000000000000000000000000017
:10C92000000000000000000000000000000000FE09
:10C93000FFFFFE00000000000000000000000000FB
:10C9400000000000000000000000000000000000E7
:10C9500000000000000000000000000000000000D7
:10C9600000000000000000000000000000000000C7
:10C9700000000003030303010000000000000000AA
:10C9800000000000000000000000000000000000A7
:10C990000000000000F0F8F8FCFFFFFF7F1F000020
:10C9A0000000000000000000000000000000000087
:10C9B000000000000000000000000000FFFFFFFF7B
:10C9C000FF00000000000000000000000000000068
:10C9D000000000000000000000000000000000F85F
:10C9E000FFFFFFFF1F030100000000000000000028
:10C9F0000000000000000000000000000000000037
:10CA000000000003CFFFFFFFFFFEFC00000000005E
:10CA10000000000000000000000000000000000016
:10CA200000000000007FFFFFFFFFC00000000000CB
:10CA300000000000000000000000000000000000F6
:10CA40000000000000000000FFFFFFFFFF000000EB
:10CA500000000000000000000000000000000000D6
:10CA6000000000000000003C7F7FFFFFFEFCF8E0BC
:10CA700000000000000000000000000000000000B6
:10CA800000000000000000000000000000000000A6
:10CA90000000000000000000000000000000000096
:10CAA0000000000000000000000000000000000086
:10CAB0000000000000000000000000000000000076
:10CAC0000000000000000000000000000000000066
:10CAD0000000000000000000000000000000000056
:10CAE0000000000000000000000000000000000046
:10CAF0000000000000000001010101010000000031
:10CB00000000000000000100000000000000000024
:10CB1000000000000000003F7FFFFEFEFEFEFFFF62
:10CB20007F7F3F1F1F1F1F3F7FFF0000000000008F
:10CB300000000000000000000000E0800000000095
:10CB400000000080C0C0E0E0E0E0C0800000000025
:10CB500000000000000000000000000000000000D5
:10CB600000000000000000000000000000000000C5
:10CB700000000000000000000000000000000000B5
:10CB800000000000000000000000000000000000A5
:10CB90000000000000000000000000000000000095
:10CBA0000000000000000000000000000000000085
:10CBB0000000000000000000000000000000000075
:10CBC0000000000000000000230000000000000042
:10CBD00023000000230000002300000046000000A6
:10CBE0002300000069000000230000008C0000000A
:10CBF00023000000AF00000023000000D20000006E
:10CC000023000000F50000002300000018010000D0
:10CC1000230000003B010000230000005E01000033
:10CC2000230000008101000023000000A401000097
:10CC300023000000C701000023000000EA010000FB
:10CC4000230000000D02000023000000300200005D
:10CC500023000000530200002300000076020000C1
:10CC6000230000009902000023000000BC02000025
:10CC700023000000DF020000230000000203000088
:10CC800023000000250300002300000048030000EB
:10CC9000230000006B030000230000008E0300004F
:10CCA00023000000B103000023000000D4030000B3
:10CCB00023000000F7030000230000001A04000016
:10CCC000230000003D040000230000006004000079
:10CCD000230000008304000023000000A6040000DD
:10CCE00023000000C904000023000000EC04000041
:10CCF000230000000F0500002300000032050000A3
:10CD00002300000055050000230000007805000006
:10CD1000230000009B05000023000000BE0500006A
:10CD200023000000E10500002300000004060000CD
:10CD30002300000027060000230000004A06000030
:10CD4000230000006D060000230000009006000094
:10CD500023000000B306000023000000D6060000F8
:10CD600023000000F9060000230000001C0700005B
:10CD7000230000003F0700002300000062070000BE
:10CD8000230000008507000023000000A807000022
:10CD900023000000CB07000023000000EE07000086
:10CDA00023000000110800002300000034080000E8
:10CDB0002300000057080000230000007A0800004C
:10CDC000230000009D08000023000000C0080000B0
:10CDD00023000000E3080000230000000609000013
:10CDE0002300000029090000230000004C09000076
:10CDF000230000006F0900002300000092090000DA
:10CE000023000000B509000023000000D80900003D
:10CE100023000000FB090000230000001E0A0000A0
:10CE200023000000410A000023000000640A000003
:10CE300023000000870A000023000000AA0A000067
:10CE400023000000CD0A000023000000F00A0000CB
:10CE500023000000130B000023000000360B00002D
:10CE600023000000590B0000230000007C0B000091
:10CE7000230000009F0B000023000000C20B0000F5
:10CE800023000000E50B000023000000080C000058
:10CE9000230000002B0C0000230000004E0C0000BB
:10CEA00023000000710C000023000000940C00001F
:10CEB00023000000B70C000023000000DA0C000083
:10CEC0000000000000000000000000000000000062
:10CED0000000000000000000000000000000000052
:10CEE0000000000000000000000000000000000042
:10CEF0000000000000000000000000000000000032
:10CF00000000000000000000000000000000000021
:10CF10000000000000000000000000000000000011
:10CF20000000000000000000000000000000000001
:10CF3000000000000000000000007FFFFF00000074
:10CF40000000000000000000000000000000FEFFE4
:10CF5000FC000000000000000000000000000000D5
:10CF60000000078F07000000000000000000000024
:10CF70000000000000000080000000000000000031
:10CF800000000000000000000000000000000000A1
:10CF900000000000000000000000000000FFFFFF94
:10CFA0000000FFFFFF000000000000000000000084
:10CFB0000080808000008080800000000000000071
:10CFC0000000000000000000000000000000000061
:10CFD0000000000000000000000000000000000051
:10CFE0000000000000000000000000000000000041
:10CFF0000000000000000000000000000000000031
:10D000000303037FFF630307FFFF0300000000002B
:10D0100000000000C1C1FFFFE1C1C7FFFFC1C100A7
:10D020000000000000000000E0FFFFF0E0E3FFFF71
:10D03000E0E0E00000000000000000000080800050
:10D040000000800000000000000000000000000060
:10D0500000000000010F0F000000000000000000B1
:10D0600000000000001F7FFFF0FFFFE0FC7F3F009B
:10D07000000000000000000000C0F0F8FCFFFF3ED0
:10D080001F0F0701000000000000000000FCFF7FF0
:10D0900007FFFF0307FFFEF800000000000000008C
:10D0A00000000080C0FFFFC0808000000000000082
:10D0B0000000000000000000000000000000000070
:10D0C00000000000000000003F7FE0C0E07F1F0084
:10D0D0000000010F78E0000000000000C0F03818E8
:10D0E00038F0C0030F78E003070C0C0703000000C2
:10D0F00000000000030F7CE0000000FEFF0101FFC4
:10D10000FE00000000000000C00000000000000061
:10D11000008080000000000000000000000000000F
:10D120000000000000000000000000000000001FE0
:10D130007F7FE0E0F1FF7F1F0000000000000000A3
:10D140000001070FFFFCFE7FFFE7C100070F07008C
:10D150000000000000F8FEFF0F030303C7FFFFFEFF
:10D16000FEFF0703000000000000000080808080B8
:10D1700080000000000080000000000000000000AF
:10D18000000000000000000000000000000000009F
:10D1900000FFFFFF00000000000000000000000092
:10D1A00000000000008080800000000000000000FF
:10D1B000000000000000000000000000000000006F
:10D1C000000000000000000000000000000000005F
:10D1D000000000000000000000000000000000004F
:10D1E000000000000000000000000000000000003F
:10D1F000000000000000031F7FF00000000000009E
:10D200000000000000000000003FFFFF8000000061
:10D2100000000000000000000000000000FCFFFF14
:10D2200001000000000000000000000000000000FD
:10D230000000C0F8FE0F0000000000000000000029
:10D2400000000000000000000000000000000000DE
:10D25000000000000000000000F07F1F030000003D
:10D26000000000000000000000000000000080FF3F
:10D27000FF3F000000000000000000000000000070
:10D28000000001FFFFFC00000000000000000000A3
:10D2900000000000000FFEF8C000000000000000C9
:10D2A0000000000000000000000000000303000078
:10D2B0000000000000000000000000000038181D01
:10D2C000FFFF1D18380000000000000000000000F3
:10D2D000000070E00080E07000000000000000002E
:10D2E000000000000000000000000000000000003E
:10D2F000000000000000000000000000000000002E
:10D30000000000000000000000000000000000001D
:10D31000000000000000000000000000000000000D
:10D3200000000000000F0F0F0000000000000000D0
:10D3300000000000001E1E1E1EFFFFFF1E1E1E1E00
:10D3400000000000000000000000000000F8F8F8F5
:10D3500000000000000000000000000000000000CD
:10D3600000000000000000000000000000000000BD
:10D3700000000000000000000000000000000000AD
:10D38000000000000000000000000000000000009D
:10D39000000000000000000000000000000000008D
:10D3A00000000000000000000000000000070F0F58
:10D3B0000700000000000000000000000000000066
:10D3C000000C9CF8E00000000000000000000000DD
:10D3D000000000000000000000000000000000004D
:10D3E000000000000000000000000000000000003D
:10D3F00000000000000000000000000000003C3CB5
:10D400003C3C3C3C3C3C3C3C3C3C3C3C3C3C0000D4
:10D41000000000000000000000000000000000000C
:10D4200000000000000000000000000000000000FC
:10D4300000000000000000000000000000000000EC
:10D4400000000000000000000000000000000000DC
:10D4500000000000000000000000000000000000CC
:10D4600000000000000000000000000000000000BC
:10D47000000000000000070F07000000000000008F
:10D48000000000000000000000000080000000001C
:10D49000000000000000000000000000000000008C
:10D4A000000000000000000000000000000000007C
:10D4B000000007FFF800000000000000000000006E
:10D4C00000000000000FFFF8000000000000000056
:10D4D00000000000000000001FFFF000000000003E
:10D4E000000000000000000000000000808000003C
:10D4F000000000000000000000000000000000002C
:10D50000000000000000000000000000000000001B
:10D51000000000000000031F3F7F7CF0E0E0E0F02F
:10D520007C7F3F0F010000000000FFFFFFFF0000B5
:10D530000000000000FFFFFFFF0000000000C0F837
:10D54000FEFF1F07030303071FFFFEF8E0000000B4
:10D55000000000000000008080808080000000004B
:10D5600000000000000000000000000000000000BB
:10D570000000000000000000000001030307070F87
:10D580001E7FFFFF7F00000000000000000080C041
:10D59000C080800000FFFFFFFF00000000000000CF
:10D5A000000000000000000000FFFFFFFF0000007F
:10D5B000000000000000000000000000000080806B
:10D5C000000000000000000000000000000000005B
:10D5D00000000000000000000000000000000F1F1D
:10D5E0003F7F78F0E0E0E0F0F87F7F3F0F00000041
:10D5F000000000808000000103070F1F7EFCF8F090
:10D60000C00000000000071F3F7FFFF7E7C7870744
:10D610000707070707000000000000808080808067
:10D62000808080808080808080000000000000007A
:10D6300000000000000000000000000000000000EA
:10D640000000061F3F7E70E0E0E0E0F07F7F3F0FCC
:10D65000000000000000000000003838383878FC76
:10D66000FEFFCF87010000000000F8FCFE1F07034B
:10D67000030303070FFFFEFCF000000000000000A2
:10D68000000080808080808000000000000000009A
:10D69000000000000000000000000000000000008A
:10D6A0000000000000000000000001030F1F7EFFCB
:10D6B000FFFF7F00000000000001030F1F7CF8E067
:10D6C000C00000FFFFFFFF000000000000E0F0F0DE
:10D6D000F0F0F0F0F0F0F0FFFFFFFFF0F0F00000EE
:10D6E000000000000000000000000000808000003A
:10D6F000000000000000000000000000000000002A
:10D7000000000000000000000000001FFFFFFFF00D
:10D71000F0F0F0F0F0F0F0F00000000000003CFE4F
:10D72000FCFC3830707070787C3F1F0F03000000E5
:10D7300000003C7E3F0F0703030303070FFFFEFCBF
:10D74000F0000000000000000000808080808080E9
:10D7500000000000000000000000000000000000C9
:10D7600000000000000000000000000000000007B2
:10D770001F3F7CF0E0E0E0F0F87E3E1E000000007D
:10D780000000FFFFFFFF1C38707070787C3F1F0F98
:10D79000030000000000C0F8FEFF1F07030303079B
:10D7A0000FFFFEFCF0000000000000000000008001
:10D7B0008080808000000000000000000000000069
:10D7C0000000000000000000000000000000000059
:10D7D0000000E0F0F0F0F0F0F0F0F1F7FFFFFEF8FD
:10D7E0007000000000000000000000071F7FFFF82D
:10D7F000C00000000000000000000000000FFFFF5C
:10D80000FFFC00000000000000000000000000001D
:10D810000000808080000000000000000000000088
:10D8200000000000000000000000000000000000F8
:10D830000000000000000F3F7F7FF0E0E0E0E0F03C
:10D840007F7F3F1F000000000001C7EFFFFE7C3814
:10D850003838387CFEFFEF870100000000F0FCFE46
:10D86000FF0F0703030303070FFFFEFCF000000098
:10D8700000000000000080808080808000000000A8
:10D880000000000000000000000000000000000098
:10D89000000000000000000000071F3F7F78F0E05C
:10D8A000E0E0E0F07C3F1F0F0100000000E0F8FC2A
:10D8B000FE1F0F070707070E1CFFFFFFFF000000FA
:10D8C00000003C3E3F1F0703030307071FFEFCF059
:10D8D0008000000000000000000080808080800048
:10D8E0000000000000000000000000000000000038
:10D8F0000000000000000000000000000000000127
:10D900000000000000000000000000000000000017
:10D910000000E0F0E0000000000000000000000057
:10D92000000000000000070F0700000000000000DA
:10D930000000000000000000000000800000000067
:10D9400000000000000000000000000000000000D7
:10D9500000000000000000000000000000000000C7
:10D9600000000001000000000000000000000000B6
:10D97000000000000000E0F0E000000000000000F7
:10D98000000000000000000000000F0F0700000072
:10D9900000000000000000000000000000009CF8F3
:10D9A000E000000000000000000000000000000097
:10D9B0000000000000000000000000000000000067
:10D9C000000000000000000000010303070F1F001B
:10D9D0000000000000000000003E7F7FF7E7E3C189
:10D9E000C1800000000000000000000000000000F6
:10D9F00080C0E0E0F0F87C000000000000000000C3
:10DA00000000000000000000000000000000000016
:10DA10000000000000000000000000000000000006
:10DA200000000000000000000001010101010101EF
:10DA300001010101000000000000000000E3E3E339
:10DA4000E3E3E3E3E3E3E3E30000000000000000BE
:10DA500000C0C0C0C0C0C0C0C0C0C0C00000000086
:10DA600000000000000000000000000000000000B6
:10DA700000000000000000000000000000000000A6
:10DA8000000000000000000000000000001F0F0761
:10DA9000030301000000000000000000000000007F
:10DAA00000008081C1E3E7F77F7F3E0000000000B7
:10DAB00000000000007CF8F0E0E0C0800000000002
:10DAC0000000000000000000000000000000000056
:10DAD0000000000000000000000000000000000046
:10DAE0000000000000000000000000000000000036
:10DAF000001F3F7CF0E0E0F07F3F0F0000000000DF
:10DB00000000000000800000071F3FFCF0E08000E4
:10DB1000000000000000000000000000C7CF8700E8
:10DB200000000000000000000000000000000000F5
:10DB30000080000000000000000000000000000065
:10DB400000000000000000000000000000000000D5
:10DB500000000000000000070E1C387061E1E1E0E9
:10DB6000E0F171793C1F0700001FFFC0031F7FFC1D
:10DB7000E0C0C0E07FFFFF000080FFFF00FCFF036C
:10DB8000FCFFFF070303071FFFFF03070E7CF08066
:10DB9000000080E0783C9E8E8787070787878F0E7E
:10DBA0001E3C786000000000000000000000000043
:10DBB00000000000000000000000000000031F7FC4
:10DBC000FEFE7F1F030000000000000000000007B1
:10DBD0003FFFFDE10101E1FFFF3F07000000000002
:10DBE000000F7FFFFCE0E0E0E0E0E0E0E0FEFF7F30
:10DBF0000F00000000008080000000000000000016
:10DC00000000808000000000000000000000000014
:10DC100000000000000000000000000000007FFF86
:10DC2000FFFFF0F0F0F0F0F8FF7F3F0F0000000082
:10DC30000000FFFFFFFF1C1C1C1C1C3CFEFFE7C379
:10DC4000010000000000FFFFFFFF070707070707AD
:10DC50000FFFFFFEF8000000000000808080808041
:10DC60008080808080000000000000000000000034
:10DC700000000000000000000000000000000000A4
:10DC80000000070F3F7F7CF8F0F0F0F0787E3F1F38
:10DC90000F00000000FFFFFFFF0000000000000079
:10DCA00000008081810000000080F0FCFE7F1F0FDB
:10DCB000070707070F3FFEFCF00000000000000010
:10DCC0000000008080808080800000000000000054
:10DCD0000000000000000000000000000000000044
:10DCE0000000000000007FFFFFFFF0F0F0F0F0F810
:10DCF0007E3F1F07010000000000FFFFFFFF000044
:10DD00000000000000FFFFFFFF0000000000FFFF19
:10DD1000FFFF07070707070F7FFEFCF0C0000000AA
:10DD20000000008080808080808080800000000073
:10DD300000000000000000000000000000000000E3
:10DD4000000000000000000000007FFFFFFFF0F077
:10DD5000F0F0F0F0F0F0F060000000000000FFFFD5
:10DD6000FFFF3C3C3C3C3C3C3C3C3C000000000099
:10DD70000000FFFFFFFF0707070707070707070761
:10DD80000000000000000080808080808080808013
:10DD90008080808000000000000000000000000083
:10DDA00000000000000000000000000000007FFFF5
:10DDB000FFFFF0F0F0F0F0F0F0F060000000000085
:10DDC0000000FFFFFFFF3C3C3C3C3C3C3C1800009B
:10DDD000000000000000FFFFFFFF00000000000047
:10DDE0000000000000000000000000808000000033
:10DDF0000000000000000000000000000000000023
:10DE00000000000000000000000000000000000012
:10DE10000000071F3F3F7C78F0F0F0F0F8FC7E7FB9
:10DE20003F0F000000FFFFFFFF0000000000060F93
:10DE30000F0F0F0F8F0F07000080F0FCFE7F1F0FEA
:10DE400007070707070F0FFFFEFCF80000000000A0
:10DE50000000008080808080808000000000000042
:10DE600000000000000000000000000000000000B2
:10DE70000000000000007FFFFF7F000000000000A6
:10DE8000007FFFFF7F0000000000FFFFFFFF3C3C22
:10DE90003C3C3C3C3CFFFFFFFF0000000000FFFF5C
:10DEA000FFFF00000000000000FFFFFFFF00000078
:10DEB0000000008080000000000000000000808062
:10DEC0000000000000000000000000000000000052
:10DED000000000000000000000007FFFFF7F000046
:10DEE0000000000000000000000000000000FFFF34
:10DEF000FFFF000000000000000000000000000024
:10DF00000000FFFFFFFF0000000000000000000015
:10DF10000000000000000080800000000000000001
:10DF200000000000000000000000000000000000F1
:10DF300000000000000000000000000000000000E1
:10DF400000000000007FFFFF7F00000000000000D5
:10DF5000000101000000000000FFFFFFFF000000C3
:10DF60000000000000F8FEFF1F0707070FFFFFFE7D
:10DF7000F0000000000000000000000080808080B1
:10DF80008000000000000000000000000000000011
:10DF90000000000000000000000000000000000081
:10DFA00000007FFFFF7F00000003070F3F7EFCF8AB
:10DFB000600000000000FFFFFFFF3F7EFCFCFFFF52
:10DFC0008F030000000000000000FFFFFFFF0000C3
:10DFD000000000C0F0FEFF3F0F03000000000080C3
:10DFE00080000000000000000000008080000000B1
:10DFF0000000000000000000000000000000000021
:10E000000000000000007FFFFF7F00000000000014
:10E0100000000000000000000000FFFFFFFF000004
:10E020000000000000000000000000000000FFFFF2
:10E03000FFFF0707070707070707070000000000A3
:10E0400000000080808080808080808080808000D0
:10E0500000000000000000000000000000000000C0
:10E060000000000000000000007FFFFFFFFFFF1F17
:10E07000000000000F7FFFFFFFFF7F0000FFFFFF9A
:10E08000FF00FCFF7F03037FFFFC00FFFFFFFF009B
:10E0900000FFFFFFFF0000F0FFFFFFFFF00000FFA9
:10E0A000FFFFFF0000008080000000000080800073
:10E0B0000000000080800000000000000000000060
:10E0C00000000000000000000000000000007FFFD2
:10E0D000FFFF3F0F03000000007FFFFF7F000000F5
:10E0E0000000FFFFFFFF80F0FC7F1F0700FFFFFF26
:10E0F000FF0000000000FFFFFFFF00000080E0F8CD
:10E10000FEFFFFFFFF000000000000808000000015
:10E11000000000000080808000000000000000007F
:10E1200000000000000000000000000000000000EF
:10E130000000071F3F7F7CF8F0F0F0F0F87C7F3F95
:10E140001F07000000FFFFFFFF00000000000000AD
:10E15000000000FFFFFFFF000080F0FCFE7F1F0FAC
:10E16000070707070F1F7FFEFCF08000000000007C
:10E17000000000808080808080000000000000009F
:10E18000000000000000000000000000000000008F
:10E190000000000000007FFFFFFFF0F0F0F0F0F85B
:10E1A0007F7F3F0F000000000000FFFFFFFF1E1EEB
:10E1B0001E1E1E3EFCFCF8E0000000000000FFFFF9
:10E1C000FFFF000000000000000000000000000051
:10E1D000000000808000000000000000000000003F
:10E1E000000000000000000000000000000000002F
:10E1F00000000000000000000000071F3F7F7CF8C7
:10E20000F0F0F0F0F87C7F3F1F07000000FFFFFFF9
:10E21000FF00000000000000000000FFFFFFFF0003
:10E220000080F0FCFE7F1F0F07E7E7773F1F7FFFAF
:10E23000FFF38100000000000000008080808080EB
:10E2400080000080C0C0E0C00000000000000000AE
:10E2500000000000000000000000000000007FFF40
:10E26000FFFFF0F0F0F0F0F0F87F7F3F0F000000CC
:10E270000000FFFFFFFF1C1C1C1E1F1F3BF9F0F0DE
:10E28000C00000000000FFFFFFFF0000000080E072
:10E29000F8FEFF3F0F00000000000080800000003B
:10E2A00000000000000080808000000000000000EE
:10E2B000000000000000000000000000000000005E
:10E2C000000F3F7F7FF0E0E0E0E0F07C7F3F1E004A
:10E2D0000000000000C0E0F0F8F87C7C7C3E3E1FAF
:10E2E0001F0F07030000000000F8FEFF3F070303B5
:10E2F0000303070FFFFEFCF8000000000000000011
:10E30000008080808080808000000000000000008D
:10E3100000000000000000000000000000000000FD
:10E320000000000060F0F0F0F0F0FFFFFFFFF0F001
:10E33000F0F0F06000000000000000000000FFFFAF
:10E34000FFFF0000000000000000000000000000CF
:10E350000000FFFFFFFF00000000000000000000C1
:10E3600000000000000000808000000000000000AD
:10E37000000000000000000000000000000000009D
:10E38000000000000000000000007FFFFF7F000091
:10E3900000000000007FFFFF7F0000000000FFFF83
:10E3A000FFFF00000000000000FFFFFFFF00000073
:10E3B0000000F0FCFEFF1F0F0707070F1FFFFEFC0A
:10E3C000E00000000000000000008080808080806D
:10E3D000000000000000000000000000000000003D
:10E3E0000000000000000000000000000078FFFFB7
:10E3F0003F03000000000000033FFFFF7800000023
:10E40000000000F0FFFF3F030000033FFFFEF000AD
:10E41000000000000000000000E0FEFF3F3FFFFEA4
:10E42000E00000000000000000000000000000000C
:10E4300080800000000000000000000000000000DC
:10E4400000000000000000000000000000000000CC
:10E450007CFF7F010000001FFFFCFF1F0000000188
:10E460007FFFFC0000F8FFFF03017FFFF000F0FFDB
:10E470007F0103FFFFF800000000E0FFFFFFFEC088
:10E48000000000C0FEFFFFFFE000000000000000F1
:10E49000808000000000000000808000000000007C
:10E4A000000000000000000000000000000000006C
:10E4B0000000000000F8FE7F1F070000030F3FFF71
:10E4C000FC6000000000000000000081F7FFFFFF7B
:10E4D000FFF7C1000000000000000000071F7FFEE2
:10E4E000F8E08080E0F8FE7F1F07000000000000D9
:10E4F000808080000000000000000080800000009C
:10E50000000000000000000000000000000000000B
:10E51000000000000000000000F8FE7F1F0701005F
:10E520000001071F7FFEF8200000000000000080AF
:10E53000E0F8FF7F7FFFF8E08000000000000000AF
:10E54000000000000000FFFFFFFF000000000000CF
:10E5500000000000000000000000008080000000BB
:10E5600000000000000000000000000000000000AB
:10E5700000000000000000000000000000F0F0F0CB
:10E58000F0F0F0F0F0F3FFFFFFFE78000000000075
:10E5900000000000030F1F7FFEF8F0C00000000025
:10E5A000000000000F1F7FFFFFF7C70707070707DF
:10E5B00007070707000000000080808080808080BF
:10E5C000808080808080808000000000000000004B
:10E5D000000000000000000000000000000000003B
:10E5E000007FFFFFE0E0E00000000000000000000E
:10E5F0000000000000FFFFFF00000000000000001E
:10E60000000000000000000000FFFFFF000000000D
:10E6100000000000000000000000000000FCFEFE02
:10E620000E0E0E00000000000000000000000000C0
:10E6300000000000000000000000000000000000DA
:10E6400000000000E0FF3F000000000000000000AC
:10E65000000000000000000000C0FF7F000000007C
:10E66000000000000000000000000000000080FE2C
:10E67000FF03000000000000000000000000000098
:10E68000000000008000000000000000000000000A
:10E69000000000000000000000000000000000007A
:10E6A0000000000000000000E0E0E0FFFF7F00004D
:10E6B000000000000000000000000000000000FF5B
:10E6C000FFFF00000000000000000000000000004C
:10E6D000000000FFFFFF000000000000000000003D
:10E6E000000000000E0E0EFEFEFC00000000000008
:10E6F000000000000000000000000000000000001A
:10E700000000000000000000000000000000000702
:10E710003FFFFC7F0F000000000000000000000031
:10E72000000878F8E00000C0F8F8180000000000C9
:10E7300000000000000000000000000000000000D9
:10E7400000000000000000000000000000000000C9
:10E7500000000000000000000000000000000000B9
:10E7600000000000000000000000000000000000A9
:10E770000000000000000000000000000000000099
:10E780000000000000000000000000000000000089
:10E790000000000000000000000000000000000079
:10E7A0000000000000000000000000000C0C0C0C39
:10E7B0000C0C0C0C0C0C0C00000000000000000005
:10E7C0000000000000000000000000000000000049
:10E7D0000000000000C0E0F8180000000000000089
:10E7E0000000000000000000000000000000000029
:10E7F0000000000000000000000000000000000019
:10E800000000000000000000000000000000000008
:10E8100000000000000000000000000000000000F8
:10E8200000000000000000000000000000000000E8
:10E8300000000000000000000000000000010101D5
:10E84000010101000000000000000000000078F855
:10E85000F1E1C3C3C3E7FFFFFF3F0000000000007A
:10E86000003CFFFFFFC78383870EFEFFFFFF03000F
:10E870000000000000000080808080800000000018
:10E880008080000000000000000000000000000088
:10E89000000000000000000000000000007FFFFFFB
:10E8A0007F000001010101010000000000000000E4
:10E8B00000FFFFFFFF78E0C0C0E0F0FFFF7F0F0028
:10E8C0000000000000FFFFFFFF1E070303070FFF0C
:10E8D000FFFCF000000000000000808000000080CD
:10E8E00080808000000000000000000000000000A8
:10E8F0000000000000000000000000000000000018
:10E900000000000000000101010101000000000002
:10E910000000000000073F7FFFF8E0C0C0C0E0F843
:10E920007C3800000000000000F0FCFEFF1F070321
:10E930000303071F3E3C0000000000000000000031
:10E940000000808080808000000000000000000047
:10E9500000000000000000000000000000000000B7
:10E9600000000000000000000101010100007FFF25
:10E97000FF7F000000000000001F7FFFFFF0C0C00D
:10E98000E078FFFFFFFF00000000000000F0FEFF46
:10E99000FF0F0303071EFFFFFFFF00000000000042
:10E9A0000000000080808080000000808000000067
:10E9B0000000000000000000000000000000000057
:10E9C0000000000000000000000000000000010145
:10E9D000010101000000000000000000000F3F7F67
:10E9E000FFF3C3C3C3C3F3FF7F1F00000000000099
:10E9F00000F0FCFEFF8F87838383878F9E9C00003F
:10EA00000000000000000000000080808080800086
:10EA100000000000000000000000000000000000F6
:10EA200000000000000000000000000001013F7F26
:10EA3000FFFFE1E1E06000000000000000000000D6
:10EA4000C0C0FFFFFFFFC0C080000000000000004A
:10EA5000000000000000FFFFFFFF000000000000BA
:10EA600000000000000000000000008080000000A6
:10EA70000000000000000000000000000000000096
:10EA80000000000000000000000000000000000086
:10EA90000000000001010101000000010100000070
:10EAA00000000000000F7FFFFFF0C0C0C070FFFF3C
:10EAB000FFFF00000000000000F0FEFFFF0F030357
:10EAC000030EFFFFFFFF00000000000000003C3EBF
:10EAD000BE8F8787070FFEFEFCF0000000000000DD
:10EAE0000000000000000000000000000000000026
:10EAF00000000000007FFFFF7F0000010101010016
:10EB0000000000000000000000FFFFFFFF70C0C019
:10EB1000C0E0FFFFFF3F00000000000000FFFFFF1C
:10EB2000FF0000000000FFFFFFFF000000000000EA
:10EB300000008080000000000000008080000000D5
:10EB400000000000000000000000000000000000C5
:10EB500000000000000000000060F1F16000000013
:10EB600000000000000000000000000000FFFFFFA8
:10EB7000FF00000000000000000000000000000096
:10EB800000FFFFFFFF000000000000000000000089
:10EB90000000000000008080000000000000000075
:10EBA0000000000000000000000000000000000065
:10EBB0000000000000000000000000000060F1F113
:10EBC00060000000000000000000000000000000E5
:10EBD00000FFFFFFFF000000000000000000000039
:10EBE0000000000000FFFFFFFF0000000000000029
:10EBF00000000000000000000FFFFFFEF800000012
:10EC00000000000000000000000000000000000004
:10EC100000000000000000000000000000000000F4
:10EC200000007FFFFF7F00000000000101000000E6
:10EC3000000000000000FFFFFFFF070F3F7FF9F01B
:10EC4000E0000000000000000000FFFFFFFFE08088
:10EC5000C0F8FE7F1F0700000000000000000080D9
:10EC60008000000000000000808000000000000024
:10EC70000000000000000000000000000000000094
:10EC800000000000007FFFFF7F0000000000000088
:10EC9000000000000000000000FFFFFFFF00000078
:10ECA00000000000000000000000000000FFFFFF67
:10ECB000FF00000000000000000000000000000055
:10ECC0000000808000000000000000000000000044
:10ECD0000000000000000000000000000000000034
:10ECE0000000000000000000000001010000000121
:10ECF00001010100000000010101010000FFFFFF10
:10ED0000FFE0C0C0E0FFFFFF7FF0C0C0E0FFFFFFFB
:10ED100000FFFFFFFF00000000FFFFFFFF000000FB
:10ED200000FFFFFF000080800000000000008080E6
:10ED300000000000000080800000000000000000D3
:10ED400000000000000000000000000000000101C1
:10ED500000000001010101000000000000000000AF
:10ED600000FFFFFFFF70E0C0C0E0FFFFFF3F0000BB
:10ED70000000000000FFFFFFFF0000000000FFFF99
:10ED8000FFFF000000000000000080800000000085
:10ED90000000008080000000000000000000000073
:10EDA0000000000000000000000000000000000063
:10EDB000000000000001010101010100000000004D
:10EDC00000000000000F3F7FFFF0E0C0C0E0F0FF58
:10EDD0007F3F0F000000000000F0FCFEFF0F070364
:10EDE00003070FFFFEFCF000000000000000000021
:10EDF0000080808080808000000000000000000013
:10EE00000000000000000000000000000000000002
:10EE100000000000000001010000000101010100EC
:10EE2000000000000000000000FFFFFFFF78E0C0CE
:10EE3000C0E0F0FFFF3F0F000000000000FFFFFFF9
:10EE4000FF1E070303070FFFFFFCF0000000000098
:10EE500000FEFFFFFE0000808080800000000000B8
:10EE600000000000000000000000000000000000A2
:10EE7000000000000000000000000000010101018E
:10EE8000000000010100000000000000000F7FFFF3
:10EE9000FFF0C0C0E078FFFFFFFF000000000000AF
:10EEA00000F0FEFFFF0F0303071EFFFFFFFF000040
:10EEB0000000000000000000808080800000FEFF55
:10EEC000FFFE000000000000000000000000000045
:10EED0000000000000000000000000000000010130
:10EEE000000001010100000000000000000000001F
:10EEF00000FFFFFFFF78E0E0E0F0E000000000002E
:10EF00000000000000FFFFFFFF0000000000000005
:10EF100000000000000000000000808000000000F1
:10EF200000000000000000000000000000000000E1
:10EF300000000000000000000000000000000000D1
:10EF400000000000010101010100000000000000BC
:10EF500000000000003CFFFFFFC7C3C3E3F9F978DE
:10EF60000000000000000000001C3F1F8F8383C3CF
:10EF7000C7FFFFFE7C000000000000000000000052
:10EF80008080808080800000000000000000000081
:10EF90000000000000000000000000000000000071
:10EFA0000000000001017FFFFF7F01010000000061
:10EFB0000000000000000000C0C0FFFFFFFFC0C055
:10EFC0008000000000000000000000000000FEFFC4
:10EFD000FFFF030303030000000000000000000027
:10EFE00000000000808080808000000000000000A1
:10EFF0000000000000000000000000000000000011
:10F0000000000000000000000000010100000000FE
:10F0100000000001010000000000000000FFFFFFF1
:10F02000FF0000000000FFFFFFFF000000000000E5
:10F0300000FCFFFFFF070303070EFFFFFFFF0000B9
:10F0400000000000000000808080808000000080C0
:10F050008000000000000000000000000000000030
:10F06000000000000000000000000000000001019E
:10F07000000000000000000101000000000000008E
:10F0800000E0FEFF3F030000031FFFFCE000000064
:10F0900000000000000000C0F8FF3F3FFFF8C00084
:10F0A0000000000000000000000000000000808060
:10F0B0000000000000000000000000000000000050
:10F0C0000000000000000000000000000000000040
:10F0D000000101010000000000010101000000002A
:10F0E0000000010100E0FEFF1F0000033FFFF0FFF2
:10F0F0003F0300001FFFFEE0000000E0FEFF1FFFD7
:10F10000FC800080FCFF1FFFFEE00000000000000C
:10F1100000808080000000000080808000000000EF
:10F1200000000000000000000000000000000000DF
:10F1300000000000000001010000000000010100CB
:10F14000000000000000000000C0F0FC7F1F071F4F
:10F150007FFCF0C0000000000000000000030F3F33
:10F16000FEF8E0F8FE3F0F03000000000000000082
:10F17000008080000000000000008080000000008F
:10F18000000000000000000000000000000000007F
:10F19000000000000000000000000101000000006D
:10F1A00000000001010000000000000000E0FEFF80
:10F1B0003F030000011FFFFEE00000000000000010
:10F1C000000000E0FCFF3F3FFFFCE000000000000B
:10F1D00000000000000707070FFFFEF8C000000056
:10F1E000000000000000000000000000000000001F
:10F1F000000000000000000000000000000101010C
:10F2000001010101010101010000000000000000F6
:10F2100080C0C0C0C1C3CFFFFFFCF0E00000000011
:10F2200000000000030F1F7FFFF3E38303030303CA
:10F23000030000000000000000808080808080804B
:10F24000808080808000000000000000000000003E
:10F2500000000000000000000000000000000000AE
:10F260000000003F7FFFF0F0000000000000000001
:10F2700000000000000307FFFEF80000000000008F
:10F28000000000000000000000C0E0FF7F3F000021
:10F29000000000000000000000000000000000FC72
:10F2A000FEFF0F0F00000000000000000000000043
:10F2B000000000000000000000000000000000004E
:10F2C0000000000000FFFFFF000000000000000041
:10F2D000000000000000000000FFFFFF0000000031
:10F2E00000000000000000000000000000FFFFFF21
:10F2F000000000000000000000000000000000000E
:10F3000000FEFFFF00000000000000000000000001
:10F3100000000000000000000000000000000000ED
:10F320000000000000000000F0F0FF7F3F00000040
:10F330000000000000000000000000000000F8FED7
:10F34000FF070300000000000000000000000000B4
:10F3500000001F7FFFE0C000000000000000000070
:10F36000000000000F0FFFFEFC0000000000000086
:10F37000000000000000000000000000000000008D
:10F38000000000000000000000000000000000007D
:10F39000000000000000000000000000000000006D
:10F3A000001F3C3C3C3C1E1F0F0F0E3E00000000A7
:10F3B000000000000000000000000000000000004D
:10F3C000000000000000000000000000000000003D
:10F3D0000000000000000000000000001400000019
:10F3E00000000000140000001400000014000000E1
:10F3F00028000000140000003C0000001400000081
:10F400005000000014000000640000001400000020
:10F4100078000000140000008C00000014000000C0
:10F42000A000000014000000B40000001400000060
:10F43000C800000014000000DC0000001400000000
:10F44000F00000001400000004010000140000009F
:10F4500018010000140000002C010000140000003E
:10F4600040010000140000005401000014000000DE
:10F4700068010000140000007C010000140000007E
:10F480009001000014000000A4010000140000001E
:10F49000B801000014000000CC01000014000000BE
:10F4A000E001000014000000F4010000140000005E
:10F4B00008020000140000001C02000014000000FC
:10F4C000300200001400000044020000140000009C
:10F4D00058020000140000006C020000140000003C
:10F4E00080020000140000009402000014000000DC
:10F4F000A802000014000000BC020000140000007C
:10F50000D002000014000000E4020000140000001B
:10F51000F8020000140000000C03000014000000BA
:10F520002003000014000000340300001400000059
:10F5300048030000140000005C03000014000000F9
:10F540007003000014000000840300001400000099
:10F550009803000014000000AC0300001400000039
:10F56000C003000014000000D403000014000000D9
:10F57000E803000014000000FC0300001400000079
:10F580001004000014000000240400001400000017
:10F5900038040000140000004C04000014000000B7
:10F5A0006004000014000000740400001400000057
:10F5B00088040000140000009C04000014000000F7
:10F5C000B004000014000000C40400001400000097
:10F5D000D804000014000000EC0400001400000037
:10F5E00000050000140000001405000014000000D5
:10F5F00028050000140000003C0500001400000075
:10F600005005000014000000640500001400000014
:10F6100078050000140000008C05000014000000B4
:10F62000A005000014000000B40500001400000054
:10F63000C805000014000000DC05000014000000F4
:10F64000F005000014000000040600001400000093
:10F6500018060000140000002C0600001400000032
:10F6600040060000140000005406000014000000D2
:10F6700068060000140000007C0600001400000072
:10F680009006000014000000A40600001400000012
:10F69000B806000014000000CC06000014000000B2
:10F6A000E006000014000000F40600001400000052
:10F6B00008070000140000001C07000014000000F0
:10F6C0003007000014000000440700001400000090
:10F6D00058070000000000000000000000000000CB
:10F6E00000000000000000000F0F00000000FEFE00
:10F6F0000000000060600000000F0F00000F0F000E
:10F7000080800000808000000000000000000000F9
:10F71000010F0E0000030F0E00C6C6DFFFE6C6C6CF
:10F72000DFFFE6C6C600E0E0800000E0E000000089
:10F73000000003070E0C1F0C0E0703000000C1E1C0
:10F740006030FF30181F0F00000080C0E060F860DC
:10F75000E0C08000000003070C080C070300000055
:10F7600001070E080000000000C0E0301030E0C3C8
:10F770000F3C70C78F1810180F0700000000000022
:10F7800060E08000000080C0602060C08000000059
:10F790000003070C0C0C0C070300000000070F9877
:10F7A000F070387CCE87030E0C000080C0E06060F3
:10F7B0006060C0C080C06000000F0F00008080004B
:10F7C0000000000000000003060800003FFFC0002A
:10F7D00000000080E0780C02000008060300000032
:10F7E000000000C0FF3F0000020C78E08000020231
:10F7F000020F0F0202020040C08080C040000000E3
:10F8000000000000000000000000000101000000F6
:10F8100000000018181818FFFF181818180000002A
:10F8200000000080800000000000000000000000D8
:10F8300000000000000000006478000000000000EC
:10F840000000000C0C0C0C0C0C0000000000000070
:10F850000000000000000000000000000000006048
:10F86000600000000000030F0C00073FF8C00060BC
:10F87000E0800000000001070E0C0C0C0C060701D4
:10F880000000FFFF000000000000FFFF000000C0BC
:10F89000C060606060E0C000000000000103030F72
:10F8A0000F00000000000080800000FFFF0000004B
:10F8B00000000000000000E0E0000000000003077E
:10F8C0000E0C0C0C0C0E07030000000001030606D2
:10F8D0000C38F0C0000060E0E06060606060606074
:10F8E000000003070E0C0C0C0E07030000000101C2
:10F8F0000000303070D89F0F000080C0E060606072
:10F9000060C0C0000000000000000103070F0000FD
:10F9100000000E1E36E6C606FFFF060600000000C9
:10F9200000000000E0E00000000000030F0C0C0CE1
:10F930000C0C0C00000031F1E020606060703F1F93
:10F94000000080C0E060606060C0C0000000000394
:10F95000070C0C0C0C0E07030000FFFF302060604A
:10F9600060703F1F00000080C060606060C0C00029
:10F9700000000C0C0C0C0C0C0D0F0E0C0000000009
:10F9800000071F78E080000000000000E0E00000B9
:10F990000000000000000003070C0C0C0C07030023
:10F9A000000007CFF830303030F8CF07000080C0BB
:10F9B000E060606060E0C08000000107060C0C0C95
:10F9C0000C0603010000E1F91C0C0C0C0819FFFEE9
:10F9D000000080C0E060606060C080000000000047
:10F9E0000000000000C0C0000000006060000000D7
:10F9F00000000000000000C0C000000000647800AB
:10FA000000000000000000000001010300001038A9
:10FA1000286C44C6C683830100000000000000007B
:10FA20000000008000000000000000000000000056
:10FA30000000C6C6C6C6C6C6C6C6C6C6000000000A
:10FA400000000000000000000000030101000000B1
:10FA5000000000000000018383C6C6446C283810F3
:10FA6000000080000000000000000000000003070C
:10FA70000E0C0C0C0C0E07030000000000000E1E04
:10FA80003870E080000000000000606000000000AE
:10FA90000000000001030706060C0C0C0C0C0C0EF9
:10FAA000060703010000001F7FE0800F3F7060C069
:10FAB000C0C0613FFCC000C3FF7E000080E0703822
:10FAC0009CCCEE666666C6E6E6666CCC9830200096
:10FAD00000000000030F0C0F030000000000030FE4
:10FAE0007CFC8C0C8CFC7C0F030060E08000000030
:10FAF0000000000080E06000000F0F0C0C0C0C0CEC
:10FB00000E070300000000FFFF303030303070F887
:10FB1000CF07000000E0E0606060606060E0C080EF
:10FB20000000000107060E0C0C0C0C0E0703010070
:10FB300000FEFF830000000000000001838200003F
:10FB40000080C0C0E060606060E0C0800000000035
:10FB50000F0F0C0C0C0C0C0C06070300000000FF30
:10FB6000FF0000000000000001FFFE000000E0E0D8
:10FB7000606060606060C0C080000000000F0F0C1B
:10FB80000C0C0C0C0C0C0C0C000000FFFF30303087
:10FB9000303030303000000000E0E06060606060D5
:10FBA000606060600000000F0F0C0C0C0C0C0C0C63
:10FBB0000C000000FFFF30303030303030000000EB
:10FBC00000E0E00000000000000000000000010371
:10FBD000060E0C0C0C0C0C0E07030100007CFF83BE
:10FBE0000000000018181818189F1F00000000805F
:10FBF000C0C06060606060E0C0C08000000F0F00A7
:10FC0000000000000000000F0F0000FFFF30303048
:10FC10003030303030FFFF0000E0E0000000000036
:10FC2000000000E0E00000000F0F00000000FFFFF8
:10FC300000000000E0E00000000000000000000FF5
:10FC40000F000000030300000000FFFF0000008021
:10FC5000C0E06060E0C080000000000F0F00000006
:10FC60000103070E0C08000000FFFF1870F8FC8E5F
:10FC700007030000000000E0E0000000000080C07A
:10FC8000E0602000000F0F000000000000000000F6
:10FC900000FFFF00000000000000000000E0E06046
:10FCA00060606060606000000F0F0E0700000000E1
:10FCB000000000070E0F0F0000FFFF00C0F81F0339
:10FCC00000031FF8C000FFFF0000E0E0000000009C
:10FCD000E060E000000000E0E000000F0F0703001C
:10FCE00000000000000F0F0000FFFF0080E0701C0C
:10FCF0000E0301FFFF0000E0E000000000000080B4
:10FD0000C0E0E00000000103060E0C0C0C0C0E0617
:10FD10000301000000FEFF8300000000000000005F
:10FD200083FFFE0000000080C0E060606060E0C013
:10FD30008000000000000F0F0C0C0C0C0C0C0E07C8
:10FD400003000000FFFF18181818181838F0E0001A
:10FD50000000E0E0000000000000000000000000E3
:10FD60000103060E0C0C0C0C0E060703000000FE2F
:10FD7000FF83000000000101010083FFFC00000080
:10FD80000080C0E060606060E0C0E06030000000C3
:10FD90000F0F0C0C0C0C0C0C0E070300000000FFE6
:10FDA000FF303030303C3F77E1C000000000E0E041
:10FDB00000000000000080E0E020000000030706D3
:10FDC0000C0C0C0C0C060703000003C3E160303080
:10FDD000303018180F0700000080C0E060606060DD
:10FDE00060C0C080000C0C0C0C0C0F0F0C0C0C0C29
:10FDF0000C0000000000FFFF0000000000000000F9
:10FE00000000E0E00000000000000F0F0000000014
:10FE1000000000000F0F0000FFFF010000000000C5
:10FE20000001FFFF00000080C0E060606060E0C093
:10FE30008000000C0F0700000000000000070F0CFE
:10FE40000080F0FE1F0300031FFEF0800000000092
:10FE500000C0E060E0C0000000000C0F03000000E4
:10FE60000000030F0C0F030000000000030F0C0044
:10FE7000C0F87F0700073FF8C00080F83F07000781
:10FE80007FF8C00000000080E060E080000000001B
:10FE90000080E060E08000000000080C0E07010018
:10FEA0000001070E0C08000000000387DE787CDEEE
:10FEB00087030000002060E0C0000000000000C0D8
:10FEC000E06020080C0F03010000000001030F0C8C
:10FED0000800000080C0F03F3FF0C080000000003C
:10FEE0000000000000E0E0000000000000000C0C3A
:10FEF0000C0C0C0C0C0D0F0E0C00000001070E1862
:10FF000030E0C00000000060E0E0606060606060C1
:10FF100060606000000F0F0C0C0000FFFF0000008D
:10FF200000FEFE0606000C0F0300000000C0F83FB4
:10FF3000070000000080E060000C0C0F0F000000C4
:10FF400000FFFF00000606FEFE000000070F0F077F
:10FF5000000010F0E00000E0F010000000000000E1
:10FF60000000000000000000000000000000000091
:10FF7000000000000000000000000606060606065D
:10FF800006060606060600080C0600000000000033
:10FF90000000000000000000000000000000000061
:10FFA00000000000000000006367C6C6CCCCCCFF98
:10FFB0007F000000C0E060606060C0C0E020000022
:10FFC0000F0F000000000000000000FFFF60C0C035
:10FFD000C0E07F1F0000E0E0C0606060E0C00000A3
:10FFE0000000000000000000000000001F7F60C053
:10FFF000C0C0E07131000000C0E0606060E0C0801F
:020000040801F1
:100000000000000000000000000F0F00001F7FE054
:10001000C0C0C060FFFF000000C0E0606060C0E0E2
:10002000E000000000000000000000000000001FD1
:100030007F6CCCCCCCCC6C7C1C000000C0C0606061
:100040006060E0C080000000070F0C0CC0C0FFFF24
:10005000C0C00000E0E00000000000000000000060
:10006000000000001F7FE0C0C0C060FFFF00000C68
:10007000CCE6666666CEFCF800000F0F00000000BC
:100080000000000000FFFF60C0C0C0E07F3F000034
:10009000E0E00000000000E0E000000C0C000000C8
:1000A000FFFF000000E0E00000000C0C0000FFFF7C
:1000B0000006FEFC00000F0F000000000000000022
:1000C000FFFF0C1C3E77E1C08000E0E000000080F4
:1000D000E0E020000F0F0000FFFF0000E0E0000064
:1000E0000000000000000000000000000000000010
:1000F000FFFF60C0C0C0FF3F60C0C0C0FF7F000006
:10010000E0E000000000E0E000000000E0E00000AF
:100110000000000000000000000000FFFF60C0C001
:10012000C0E07F3F0000E0E00000000000E0E000F1
:10013000000000000000000000000000001F7F60C1
:10014000C0C0C0C0607F1F000000C0C060606060B1
:10015000C0C000000000000000000000000000001F
:10016000FFFF60C0C0C0E07F1F0000FEFEC06060F7
:1001700060E0C0000000000000000000000000007F
:10018000001F7FE0C0C0C060FFFF000000C0E06053
:100190006060C0FEFE000000000000000000FFFFE5
:1001A00060C0C0C000E0E0000000000000000000EF
:1001B00000000000000000387CCCCCCCC6C6672311
:1001C000000080C06060606060C0800000070F00B9
:1001D0000000C0FFFFC0C00000C0E0606000000081
:1001E00000000000000000000000FFFF0000000011
:1001F00000FFFF000080C0E0606060C0E0E0000041
:1002000000000000000000000000C0F03C0F0300F0
:10021000030F3CF0C000000000C0E0C00000000080
:10022000000000000000000000000000000000C00E
:10023000F81E07000F7EE07E0F00071EF8C00000CA
:1002400000C0E0E0000000E0E0C0000000000000AE
:100250000000000000000080C0F13B0E0E3BF1C02A
:10026000802060E080000080E0602000000000004E
:1002700000000000000000C0F83E0F01033FFCC07A
:1002800000000606068EFCF0800000000000000062
:10029000000000000000C1C3C7CEDCF8F0E0E0E0E1
:1002A000E06060606060600000070F0C0C000C1ED6
:1002B000FFF10000000000FCFE06060000000F0F2A
:1002C00000000000FFFF00000000FFFF0000000C26
:1002D0000C0F070000000000F3FF1E0C000606FED6
:1002E000FC00000000000000000000000000000012
:1002F0001830303018180C0C0C18000000000000EA
:1003000000000000000000000600000000000000E7
:100310000600000006000000070000000C000000BE
:100320000C000000130000000C0000001F00000083
:10033000130000002B0000000E0000003E00000033
:10034000040000004C000000070000005000000006
:100350000700000057000000080000005E000000D9
:100360000C000000660000000600000072000000A3
:100370000700000078000000060000007F00000079
:1003800006000000850000000C0000008B0000004B
:100390000C000000970000000C000000A30000000B
:1003A0000C000000AF0000000C000000BB000000CB
:1003B0000C000000C70000000C000000D30000008B
:1003C0000C000000DF0000000C000000EB0000004B
:1003D0000C000000F7000000060000000301000010
:1003E00006000000090100000C0000000F010000E1
:1003F0000C0000001B0100000C00000027010000A1
:100400000C00000033010000150000003F01000057
:100410000D000000540100000E000000610100000A
:100420000F0000006F0100000F0000007E010000BF
:100430000E0000008D0100000D0000009B01000077
:1004400010000000A80100000E000000B80100002C
:1004500006000000C60100000B000000CC010000F7
:100460000E000000D70100000C000000E5010000B4
:1004700011000000F10100000E0000000202000067
:1004800010000000100200000E000000200200001A
:10049000100000002E0200000F0000003E020000CD
:1004A0000E0000004D0200000C0000005B02000086
:1004B0000E000000670200000D0000007502000041
:1004C00015000000820200000E00000097020000EC
:1004D0000E000000A50200000D000000B3020000A5
:1004E00006000000C002000006000000C602000076
:1004F00006000000CC02000008000000D20200004C
:100500000C000000DA02000007000000E602000014
:100510000C000000ED0200000B000000F9020000DA
:100520000B000000040300000B0000000F0300009C
:100530000C0000001A030000060000002603000063
:100540000B0000002C0300000B000000370300002C
:100550000500000042030000040000004703000003
:100560000A0000004B0300000400000055030000D7
:1005700010000000590300000B0000006903000098
:100580000C000000740300000B000000800300005A
:100590000B0000008B030000070000009603000022
:1005A0000B0000009D03000006000000A8030000EF
:1005B0000B000000AE0300000B000000B9030000B8
:1005C0000F000000C40300000A000000D303000075
:1005D0000B000000DD03000009000000E80300003C
:1005E00007000000F103000006000000F80300000F
:1005F00007000000FE0300000C00000005040000DE
:1006000000000000000000000000000000000000EA
:1006100000000000000000000000000000000000DA
:1006200000000000000000000000000000000000CA
:1006300000000000000001010100000000000000B7
:1006400000FFFFFF0000000000000000E0FFE000EE
:100650000000000000000007C707000000000000C5
:100660000000000000000000000001010100000087
:10067000010101000000FEFFFE000000FEFFFE0081
:10068000000000000000000000000000000000006A
:10069000000000000000000000000000000000005A
:1006A0000000000000000000000000000101010047
:1006B00000000001010100000003030303037FFFAA
:1006C000FFC30303037FFFFF830300008383839F34
:1006D000FFFFF38383839FFFFFF383838300008007
:1006E00083FFFFFC80808087FFFFFC80808080800C
:1006F00000000000000000000000000000000000FA
:1007000000000000000000000000010103030101DF
:100710000000000000000000001F7FFFE1C0C0FFDC
:10072000FFC0C0E0F87818000000000000C0C0E082
:10073000E070FFFF3838381C1F0F0300000060789E
:100740007C1E0E0707FFFF07070E1EFCF8E00000E7
:100750000000000000000000E0E0000000000000D9
:100760000000000000000000010101010100000084
:100770000000000000000000010101000000000076
:10078000000000001F7FFFE0808080E0FF7F1F00EF
:10079000000000030F3FFCF0C0000000000000005C
:1007A00000000080E0F07818181838F0E081071F8A
:1007B0007EF8E0830F1F3C3030303C1F0F030000F9
:1007C0000000000000000000030F1F7CF0E080002C
:1007D0000000F0FCFE0F03030307FEFCF000000026
:1007E0000000000000000000000000000000000009
:1007F00000000000000000000000000000000000F9
:1008000000000000000001010101010000000000E3
:10081000000000000000000000003E7FFFE3C0C0B9
:10082000C1E3FF7F3E00000000000000000003075E
:100830000F1E38F8F0F0F8FEDF8703010103070709
:100840000600000000E0F8FC3E0E07070707070F50
:100850008EDEFCF8FCFE0F06040000000000000025
:100860000000000000000000000000000000000088
:1008700000000001010100000000FEFFFE0000007A
:100880000000000000000000000000000000000068
:100890000000000000000000000000000101000056
:1008A00000000001071F7CF0C000000000003FFFB7
:1008B000FFC00000000000000000F0FEFF0F00007D
:1008C000000000000000000080E0F83C0E02000084
:1008D000000001010000000000000000000000C056
:1008E000F07C1F0701000000000000000000C0FFB6
:1008F000FF3F00000000000000000FFFFEF00000BE
:100900000000020E3CF8E080000000000000000043
:1009100000000101010000000000001030393B1F01
:10092000FFFCFF1F3B39301000000080C08000003A
:100930000080C080000000000000000000000000F7
:1009400000000000000000000000000000000000A7
:100950000000000000000000000000000000000097
:100960000000000000000000000000000000001F68
:100970001F1F000000000000000000003838383859
:10098000383838FFFFFF383838383838380000003A
:1009900000000000000000F0F0F000000000000087
:1009A0000000000000000000000000000000000047
:1009B0000000000000000000000000000000000037
:1009C0000000000000000000000000000000000027
:1009D0000000000000000007070700000000000002
:1009E0000008F8E000000000000000000000000027
:1009F00000000000000000000000000000000000F7
:100A000000070707070707070707070000000000A0
:100A100000000000000000000000000000000000D6
:100A200000000000000000000000000000000000C6
:100A300000000000000000000000000000000000B6
:100A40000000000000070707000000000000000091
:100A50000000000000000000000000000001010193
:100A600000000000000F7FFFF0800000011FFFFE6C
:100A7000F0000000031FFFFCE00000000000000089
:100A80000000000000000000000000000000010164
:100A9000010101010100000000000000031F7FFCB4
:100AA000F0E0C0C0C0C0C0E0F0FC7F1F030000FF4A
:100AB000FFFF0000000000000000000000FFFFFF3B
:100AC000000080F0FC7E1E0F07070707070F1E7E41
:100AD000FCF08000000000000000000000000000AA
:100AE0000000000000000000000000000000000006
:100AF00000010100000000000000000000070F0ED0
:100B00001C3C78FFFFFF0000000000000000000018
:100B1000000000000000FFFFFF00000000000000D8
:100B2000000000000000000000FFFFFF00000000C8
:100B300000000000000000000000000000000000B5
:100B400000000000000000000000000001010101A1
:100B5000010101000000000000000C3C7CF0E0E01E
:100B6000C0C0C0C0C0E0E0F07F3F1F000000000038
:100B7000000000010103070F1E3CF8F0C0800000D8
:100B8000030F1F3F77F7E7C7870707070707070721
:100B9000070000000000000000000000000000004E
:100BA0000000000000000000000000010101010140
:100BB0000100000000000000000C3C7CF8E0E0C0F8
:100BC000C0C0C0C0E0F17F7F1E0000000000000038
:100BD000000030707070F0F0F8FC9F0F07000060AC
:100BE000787C3E0E0707070707070F0E3EFCF8E06C
:100BF00000000000000000000000000000000000F5
:100C000000000000000000000000000000000000E4
:100C100000010100000000000000000000000307C8
:100C20000F3E7CFFFFFF000000000003070F3F7D29
:100C3000F1E1C1010101FFFFFF0101010000C0C09E
:100C4000C0C0C0C0C0C0C0C0C0FFFFFFC0C0C000A7
:100C50000000000000000000000000000000000094
:100C6000000000000000000101010101010101017B
:100C70000101010100000000077FFFF8C0C1C1C1F0
:100C8000C1C1C1C0C0C0C000000030F0F0E0E0C091
:100C9000C0C0C0C0C0E0E0F87F3F0F000060787CBB
:100CA0001E0E0707070707070E0E3CFCF0C00000EA
:100CB0000000000000000000000000000000000034
:100CC000000000000000000000010101010101001E
:100CD000000000000000010F3F7EF8E0E0C0C0C04F
:100CE000C0C0E0F87C3C0C0000FFFFFF1C307060CF
:100CF000E0E0E0E0F070783F1F07000080F0F83C93
:100D00001E0E07070707070F0E3EFCF8E000000065
:100D100000000000000000000000000000000000D3
:100D200000000101010101010101010101010101B5
:100D30000101010000C0C0C0C0C0C0C0C0C0C0C36D
:100D4000C7CEDCF0E0C00000000000000000071F7C
:100D50007FF8E08000000000000000000000000FAD
:100D6000FFFFF00000000000000000000000000095
:100D70000000000000000000000000000000000073
:100D8000000000000000010101010101010000005C
:100D900000000000001F7FFFF1E0C0C0C0C0C0E045
:100DA000F17F7F1F000000030F9FDCF8F070707070
:100DB0007070F8F8DC9F0F030000E0F8FC1E0E0FC7
:100DC0000707070707070E1EFCF8E00000000000F9
:100DD0000000000000000000000000000000000013
:100DE00000000000000101010101010100000000FC
:100DF0000000000F3F7FF8E0E0C0C0C0C0C0E0E0EE
:100E0000F87F1F030000C0F0F83C1C1E0E0E0E0EF3
:100E10000C1C1870FFFFFF000060787C1E0E070797
:100E20000707070F0E1EFCF8E0000000000000009E
:100E300000000000000000000000000000000000B2
:100E40000000000000000000000000030303000099
:100E5000000000000080808000000000000000070B
:100E60000707000000000000000000000000000074
:100E70000000000000000000000000000003030369
:100E800000000000000000808080000000000000E2
:100E9000000707070000000000000008F8E000005D
:100EA0000000000000000000000000000000000042
:100EB0000000000000000000000000000000010130
:100EC00003030707060E0E1C00000000387C7CEEB2
:100ED000EEC6C7C7838301010000000000000000C8
:100EE00000000000000000008080C0C0C0E0E07092
:100EF00000000000000000000000000000000000F2
:100F000000000000000000000000000000000000E1
:100F100000000000000000000000000003030303C5
:100F2000030303030303030303030303000000009D
:100F30008383838383838383838383838383838381
:100F400000000000808080808080808080808080A1
:100F50008080808000000000000000000000000091
:100F60000000000000000000000000000000000081
:100F70000000000000000000000000000000000071
:100F80001C0E0E060707030301010000000000000D
:100F9000000000000000000001018383C7C7C6EE07
:100FA000EE7C7C380000000070E0E0C0C0C08080B3
:100FB0000000000000000000000000000000000031
:100FC0000000000000000000000000000000000021
:100FD000000000000101010101010100000000000A
:100FE0000000000C3C7CF0E0C0C0C0C0C0E0F17F5D
:100FF0007F1F000000000000000000030F1F3E786C
:10100000F0E0C08000000000000000000000C7C742
:10101000C700000000000000000000000000000009
:1010200000000000000000000000000000000000C0
:1010300000000000000000000000000101010101AB
:10104000010101010000000000000000000000009C
:10105000000000000001070F1E3C7870F0E0E1E3A3
:10106000C3C3C3C3C1C1C0E0E3E3F3787C3E1F0F39
:10107000030000000000000F7FFFF08000071F3F0B
:10108000FCF0E0C080808080C0E0FFFFFFF800003F
:10109000000081FFFFFF0000000000F0FEFF0F03D3
:1010A00001E0F8FE1E0F070707070E1E3CFEFFFFBC
:1010B00087070F0E1E7CF8F0C10101000000000040
:1010C0000080C0E0F07078383C1C1C1E0E0E0E0E26
:1010D0000E0E0E0E0E1C1C1C387870E0C080000036
:1010E00000000000000000000000010101010100FB
:1010F0000000000000000000000000000000010FE0
:101100003FFEF8C0F8FE3F0F0100000000000000A5
:101110000000010F7FFFF7C70707070707C7F7FFA3
:101120007F0F01000000030F7FFEF0C000000000F1
:1011300000000000000000C0F0FE7F0F0300000070
:10114000000000000000000000000000000000009F
:101150000000000000000001010101010101010186
:101160000101010100000000000000000000FFFF7D
:10117000FFC0C0C0C0C0C0C0C0C0E0F1FF7F1E0043
:101180000000000000FFFFFF7070707070707070E2
:1011900070F0F8FC9F0F030000000000FFFFFF0746
:1011A0000707070707070707070E1EFCF8E0000000
:1011B000000000000000000000000000000000002F
:1011C000000000000000000000000000000000001F
:1011D0000101010101010100000000000000000008
:1011E0000000010F1F3F78F0E0E0C0C0C0C0C0E0C9
:1011F000E0F07C3E1E040000000000FEFFFF010046
:1012000000000000000000000000000000010100DC
:101210000000000000C0F0F83C1E0E0F0707070793
:1012200007070F1E3E7CF8F0800000000000000061
:1012300000000000000000000000000000000000AE
:101240000000000000000001010101010101010195
:10125000010101010000000000000000000000008A
:10126000FFFFFFC0C0C0C0C0C0C0C0C0C0E0F078B9
:101270007E1F0F010000000000FFFFFF00000000C4
:1012800000000000000000000000FFFFFF00000061
:101290000000FFFFFF0707070707070707070F0EF5
:1012A0001E3CFCF0E0000000000000000000000018
:1012B000000000000000000000000000000000002E
:1012C0000000000001010101010101010101010112
:1012D0000101010101000000000000FFFFFFC0C08C
:1012E000C0C0C0C0C0C0C0C0C0C0C0C000000000FE
:1012F0000000FFFFFF383838383838383838383889
:10130000383800000000000000FFFFFF0707070754
:101310000707070707070707070707000000000080
:1013200000000000000000000000000000000000BD
:1013300000000000000000010101010101010101A4
:10134000010101010101010000000000FFFFFFC0D9
:10135000C0C0C0C0C0C0C0C0C0C0C0C0000000008D
:1013600000FFFFFF38383838383838383838380018
:10137000000000000000FFFFFF0000000000000070
:10138000000000000000000000000000000000005D
:10139000000000000000000000000000000000004D
:1013A0000000000000000001010101010101010035
:1013B0000000000000000000000000071F3F7C70DC
:1013C000F0E0E0C0C0C0C0C0C0C0E0E0F07C3E1EA5
:1013D0000000000000FEFFFF010000000000000010
:1013E000001C1C1C1C1C1C1C1C1F1F1F00000000C0
:1013F00000C0F0F87C1C1E0E0E0707070707070742
:101400000F0E1E1CFCF8F800000000000000000099
:1014100000000000000000000000000000000000CC
:1014200000000000000000010101000000000000B9
:1014300000000000000000010101000000000000A9
:10144000FFFFFF000000000000000000000000009F
:10145000FFFFFF000000000000FFFFFF70707070D2
:10146000707070707070707070FFFFFF000000008F
:101470000000FFFFFF00000000000000000000006F
:101480000000FFFFFF00000000000000000000005F
:10149000000000000000000000000000000000004C
:1014A00000000000010101000000000000FFFFFF3C
:1014B000000000000000FFFFFF000000000000FF30
:1014C000FFFF00000000000000000000000000001E
:1014D0000000000000000000000001010100000009
:1014E000000000000000000000000000FFFFFF00FF
:1014F0000000000000000000000000000000FFFFEE
:10150000FF00000000F0FCFE1E0F070707070F1E7C
:10151000FEFCF000000000000000000000000000E1
:1015200000000000000000000000000101010000B8
:1015300000000000000000000000010101010000A7
:101540000000FFFFFF000000000103070F1E3C78B2
:10155000F0E0C0800000000000FFFFFF1E3C78F0BC
:10156000E0F8FC1E0F070300000000000000000070
:10157000FFFFFF000000000000000000C0E0F07C62
:101580003E0F070300000000000000000000000004
:101590000000000000000000000000000000010149
:1015A000010000000000000000000000000000003A
:1015B00000FFFFFF0000000000000000000000002E
:1015C00000000000FFFFFF0000000000000000001E
:1015D00000000000000000FFFFFF070707070707E4
:1015E00007070707070700000000000000000000D1
:1015F00000000000000000000000000000010101E8
:1016000001010000000000000000000000000001D7
:1016100001010101000000000000FFFFFFF0FEFFDC
:101620000F0100000000000000010F7FFEF0FFFF2F
:10163000FF000000000000FFFFFF0000C0F8FF3FB8
:1016400003000000031FFFF8C00000FFFFFF0000C1
:1016500000000000FFFFFF0000000080F0FE7F0F91
:101660007FFEF00000000000FFFFFF000000000010
:10167000000000000000000000000000000000006A
:101680000000000000000000000000000000010158
:101690000101000000000000000000000000010146
:1016A00001000000000000FFFFFFF87C1F0F030196
:1016B00000000000000000FFFFFF0000000000002D
:1016C000FFFFFF00000080E0F87C3F0F03010000F7
:1016D000FFFFFF000000000000FFFFFF0000000010
:1016E0000000000080E0F07C3FFFFFFF00000000F2
:1016F00000000000000000000000000000000000EA
:1017000000000000000000000000000000000000D9
:1017100000000101010101010100000000000000C2
:10172000000000000001071F3F7870E0E0C0C0C06B
:10173000C0C0C0C0E0F0707C3F1F07010000000087
:10174000FFFFFF010000000000000000000000009B
:1017500000000001FFFFFF0000000000C0F0F87C67
:101760001C1E0E070707070707070E1E1C7CF8F054
:10177000C0000000000000000000000000000000A9
:101780000000000000000000000000000000000059
:10179000000001010101010101010101010101013B
:1017A000000000000000000000FFFFFFC0C0C0C03C
:1017B000C0C0C0C0C0C0E0F07F3F1F0000000000FC
:1017C000FFFFFF1C1C1C1C1C1C1C1C1C1C3878F064
:1017D000E0800000000000FFFFFF000000000000AC
:1017E00000000000000000000000000000000000F9
:1017F00000000000000000000000000000000000E9
:1018000000000000000000000000000001010101D4
:1018100001010000000000000000000000000001C5
:10182000071F3F78F0E0E0C0C0C0C0C0C0E0E0F0FB
:10183000783F1F07010000000000FFFFFF010000CC
:1018400000000000000000000000000001FFFFFF9A
:10185000000000000000C0F0F83C1E0E0E07070755
:101860002777773F3E1E3EFFF7C3010100000000CF
:101870000000000000000000000000000000000068
:101880000000008080C00000000000000101010194
:10189000010101010101010101010100000000003D
:1018A0000000000000FFFFFFC0C0C0C0C0C0C0C03B
:1018B000C0C0C0E0F0FF7F1F000000000000FFFF7D
:1018C000FF3838383838383C3E3F3F7B71F0E0C055
:1018D00080000000000000FFFFFF0000000000008B
:1018E000000000C0E0F8FC3F1F07010000000000FE
:1018F00000000000000000000000000000000000E8
:1019000000000000000000000000000000000101D5
:1019100001010101010000000000000000000000C2
:101920001F3F7FF1E0C0C0C0C0C0C0E0E0F07C3C21
:101930000C00000000000101C1C0E0E07070707890
:101940003838383C1C1E0F070300000000C0F0F8B8
:101950007C1E0E0F0707070707070F0E1EFCF8E097
:101960000000000000000000000000000000000077
:101970000000000000000000000001010101010161
:10198000010101010101010101010101010000C08A
:10199000C0C0C0C0C0C0C0FFFFFFC0C0C0C0C0C08A
:1019A000C0C000000000000000000000FFFFFF00BA
:1019B0000000000000000000000000000000000027
:1019C00000FFFFFF0000000000000000000000001A
:1019D0000000000000000000000000000000000007
:1019E00000000000000101010000000000000000F4
:1019F0000000000000010101000000000000FFFFE6
:101A0000FF00000000000000000000000000FFFFD9
:101A1000FF000000000000FFFFFF000000000000CA
:101A200000000000000000FFFFFF000000000000B9
:101A3000C0F0FC3E1E0E070707070707070E1E7CB7
:101A4000FCF0C000000000000000000000000000EA
:101A50000000000000000000000000000000000185
:101A60000101000000000000000000000000000074
:101A700000000001010180E0FCFF1F0700000000E2
:101A800000000000000000071FFFFCE080000000D5
:101A900080E0FCFF1F070000000000071FFFFCE0C4
:101AA0008000000000000000000080E0FCFF3F0715
:101AB0003FFFFCE08000000000000000000000008C
:101AC0000000000000000000000000000000000016
:101AD0000000010101000000000000000000000003
:101AE00000010101010100000000000000000000F1
:101AF00000000101010080F8FF7F070000000000E6
:101B0000000000073FFFF8C0F8FF3F07000000009B
:101B100000000000077FFFF88000000080F8FF7FD2
:101B200007000000031FFFFCE00000000000E0FCD5
:101B3000FF1F03000000077FFFF880000000000087
:101B4000000080F8FF7F0F7FFFF8C000000000005A
:101B50000000000080F8FF7F0F7FFFF8800000008A
:101B60000000000000000000000000000000000075
:101B70000000000000000000000000000000000065
:101B80000000000000000001010101000000000051
:101B900000000000000000000101010100000080C1
:101BA000C0F0F83C1F0F03010001030F1F3CF8F0C9
:101BB000C0800000000000000000010387DFFEF885
:101BC000FEFF8703010000000000000103071F3E25
:101BD00078F0E080000000000080E0F0783E1F0711
:101BE00003010000000000000000000000000000F1
:101BF00000000000000000000001010101000000E1
:101C000000000000000000000000000001010101D0
:101C10000080E0F0783E1F0703000000000003078B
:101C20001F3E78F0E0800000000000000000C0E0EF
:101C3000F87F1F7FF8E0C0000000000000000000F7
:101C40000000000000000000FFFFFF000000000097
:101C50000000000000000000000000000000000084
:101C60000000000000000000000000000000000173
:101C70000101010101010101010101010101010055
:101C800000000000C0C0C0C0C0C0C0C0C1C3CFDF22
:101C9000FEF8F0E00000000000000001030F1F3C10
:101CA000F8F0E08000000000000000000F1F3FFF80
:101CB000F7C787070707070707070707070707008B
:101CC0000000000000000000000000000000000014
:101CD00000000000000000010101010101010000FD
:101CE00000FFFFFFC0C0C0C0000000FFFFFF0000FA
:101CF0000000000000FFFFFF00000000000000FEE9
:101D0000FEFE0E0E0E0E000101010000000000009C
:101D10000080F0FF7F0F0000000000000000F0FED8
:101D2000FF1F0100000000000000E0FCFF1F030097
:101D3000000000000000000000000101010101019D
:101D400001000000C0C0C0C0FFFFFF000000000095
:101D50000000FFFFFF00000000000000FFFFFF0089
:101D600000000E0E0E0EFEFEFE0000000000000041
:101D7000000001010100000000000000000000015F
:101D8000073FFEF0C0F0FE3F0701000000000878AA
:101D9000F8F080000000000080F0F87808000000F3
:101DA0000000000000000000000000000000000033
:101DB0000000000000000000000000000000000023
:101DC0000000000000000000000000000000000013
:101DD0000000000000000000000000000000000003
:101DE00000000000000000000000000000000000F3
:101DF00000000000000000000000000000000000E3
:101E00000000000000000000000000000E0E0E0E9A
:101E10000E0E0E0E0E0E0E0E0E0E0E0E0E0E0E00F0
:101E20000101010100000000000000000080C0E08E
:101E3000F0100000000000000000000000000000A2
:101E40000000000000000000000000000000000092
:101E50000000000000000000000000000000000082
:101E60000000000000000000000000000000000072
:101E70000101010303030303030301000000000049
:101E800030F0F1E1C38383838387C7C7FFFF7F00FF
:101E9000000078FEFECF87878787878E0E1CFEFFA7
:101EA000FF01000000000000000000000000000032
:101EB000000000000000000101010000000000001F
:101EC00000000000000000000000FFFFFF00010113
:101ED00003030303030101000000000000FFFFFFF4
:101EE000F0E0C080808080C0C0F0FF7F1F00000055
:101EF000FFFFFF3C0E0E070707070F1E3EFCF8C052
:101F000000000000000000000000000000000000D1
:101F100000000000000000000000000000000000C1
:101F200000000000000000000000010103030303A3
:101F30000303010100000000001F7FFFF0C0C0800C
:101F400080808080C0E0F070300000E0F8FC3E0E41
:101F50000F07070707070E1E7C78600000000000CF
:101F60000000000000000000000000000000000071
:101F7000000000000000000000000000010101005E
:101F8000000000000001010303030303010100FF3F
:101F9000FFFF0000000F7FFFF0C0C080808080C086
:101FA000C0F0FFFFFF000000C0F8FC3E1E0F070757
:101FB00007070E0E3CFFFFFF0000000000000000BE
:101FC0000000000000000000000000000000000011
:101FD0000000000000000000000000000000000001
:101FE00000000001010303030303030101000000DB
:101FF00000001F7FFFE7C7C78787878787C7E7FF7F
:102000007F1F0000E0F8FC3E0E0F07070707070ED2
:102010001E3C38200000000000000000000000000E
:1020200000000000000000000000000001010101AC
:10203000010303037FFFFFE3C3C3C3808080FFFF6F
:10204000FF80808080000000FFFFFF000000000094
:102050000000000000000000000000000000000080
:102060000000000000000000000000000000000070
:102070000101030303030301010003030300000044
:102080000F7FFFF0C0C080808080C0C0F0FFFFFFE6
:10209000000000C0F8FC3E0E0F070707070F0E3CBC
:1020A000FFFFFF00000070787C3C1E0E0E0E0E0E2F
:1020B0000E1C3CF8F0C0000000000101010000000F
:1020C00000000000000000000000000000FFFFFF13
:1020D00000010103030303030301000000000000EB
:1020E000FFFFFFF0C0C080808080C0E0FFFF7F0066
:1020F000000000FFFFFF000000000000000000FFE4
:10210000FFFF0000000000000000000000000000D1
:1021100000000000000000000001010100000000BC
:10212000C3C3C300000000FFFFFF00000000FFFF6B
:10213000FF0000000000000000000000000101019D
:10214000000000000000C3C3C3000000000000FF47
:10215000FFFF000000000000FFFFFF0000000E0E68
:102160001EFEFCF000000000000001010100000064
:10217000000000000000000000000000FFFFFF0062
:102180000000000000010303030200000000FFFF45
:10219000FF0F1E1F3F7BF1E0C08000000000000029
:1021A000FFFFFF000000C0E0F07C3E1F07030100BE
:1021B000000000000000000000000000000000001F
:1021C00000000001010100000000FFFFFF0000000F
:1021D00000FFFFFF00000000FFFFFF000000000005
:1021E00000000000000000000000000000000000EF
:1021F00000000000000000000000000000000000DF
:1022000000000003030300010103030303030100B3
:1022100000000101030303030301010000000000AB
:10222000FFFFFF70C08080808080C0FFFF7FE0C024
:102230008080808080C0FFFF7F00000000FFFFFFE4
:102240000000000000000000FFFFFF000000000091
:10225000000000FFFFFF0000000000000000000081
:10226000000000000000000000000000000000006E
:10227000000000000000000000000000000000005E
:102280000000000000000000000003030300010143
:1022900003030303030301000000000000FFFFFF2E
:1022A000F0C0C080808080C0E0FFFF7F00000000A1
:1022B000FFFFFF000000000000000000FFFFFF0024
:1022C000000000000000000000000000000000000E
:1022D00000000000000000000000000000000000FE
:1022E00000000000000000000000010103030303E0
:1022F0000303010100000000001F7FFFF0C0C08049
:10230000808080C0C0F0FF7F1F0000E0F8FC3E0E20
:102310000F070707070F0E3EFCF8E0000000000063
:1023200000000000000000000000000000000000AD
:10233000000000000000000000000000000000009D
:102340000000000303030001010303030303010171
:10235000000000000000FFFFFF70E0C08080808070
:10236000C0C0F0FF7F1F000000FFFFFF3C0E0E0704
:102370000707070F0E3EFCF0C0000000FEFEFE0047
:10238000000000000000000000000000000000004D
:10239000000000000000000000000000000000003D
:1023A0000000000001010303030303010100030314
:1023B000030000001F7FFFF0C0C080808080C0E06D
:1023C00070FFFFFF000000C0F0FC3E1E0F07070774
:1023D000070E0E3CFFFFFF000000000000000000A1
:1023E00000000000000000FEFEFE000000000000F3
:1023F00000000000000000000000030303000103D0
:10240000030303030000FFFFFFE0C0808080800023
:102410000000FFFFFF0000000000000000000000BF
:1024200000000000000000000000000000000000AC
:102430000000000000000000000000000001010397
:102440000303030303030101000000000078FCFE06
:10245000CE8F8F8787878783C3E3E36100000030D7
:10246000383C1E0E0707878787878FCEFEFCF0005B
:10247000000000000000000000000000000000005C
:102480000000000000000000000000000303037FC4
:102490007FFF03030303808080FFFFFF8080808035
:1024A000000000FCFEFF0707070700000000000017
:1024B000000000000000000000000000000000001C
:1024C0000000000000000000000303030000000003
:1024D000000000000003030300000000FFFFFF00F6
:1024E0000000000000000000FFFFFF00000000F8F7
:1024F000FCFE1F0F070707070E0C38FFFFFF000049
:1025000000000000000000000000000000000000CB
:1025100000000000000000000000000000000000BB
:1025200000000000020303010000000000000000A2
:10253000000103030200C0F0FE7F0F010000000154
:102540000F3FFEF0C0000000000080F0FC7F0F7F16
:10255000FCF080000000000000000000000000000F
:10256000000000000000000000000000000000006B
:10257000000000000000000000000000000000005B
:102580000003030300000000000000000303030039
:102590000000000000000003030380E0FCFF1F03B5
:1025A0000000000FFFFCC0F8FF0F000000031FFF3A
:1025B000FCE08000000000E0FC7F0FFFFCC000009A
:1025C0000080FCFF0F7FFCE0000000000000000026
:1025D00000000000000000000000000000000000FB
:1025E00000000000000000000000000000000000EB
:1025F00000000000000203030301000000000000CF
:1026000000010303020000C0E0F07C3F0F0F1F7CBD
:10261000F8F0C080000103071F3EF8F0C0C0F0F8DA
:102620003E1F0F030100000000000000000000003A
:10263000000000000000000000000000000000009A
:102640000000000000000002030301000000000081
:10265000000001030303000000C0F8FF3F07000073
:1026600000073FFFFCE000000000000000E0FCFF6E
:102670001FFFFEF0800000000000000E0E0E1E7C0A
:10268000F8F0C000000000000000000000000000A2
:102690000000000000000000000000000003030331
:1026A0000303030303030303030303000000808009
:1026B00080808183878FBEF8F0E0C0800000071F14
:1026C0003F7FF7E7C78707070707070707000000EF
:1026D00000000000000000000000000000000000FA
:1026E00000000000000000010101010000000000E6
:1026F0007FFFFFE0C0C0C00007070F1DFDF8E0002E
:1027000000000000000080C0FFFF3F00000000004C
:1027100000000000F0FCFC1E0E0E0E000000010187
:1027200001000000000000FFFFFF000000000000AB
:10273000FFFFFF000000000000FFFFFF000000009F
:102740000000FFFFFF000000010101010000000088
:1027500000000000C0C0C0E0FFFF3F00000000001C
:1027600000000000E0F8FD1D0F070700000000005A
:102770007FFFFFC0800000000E0E0E1EFCFCF0006C
:102780000000000000000000000000000000000049
:102790000000000000000000000000000000000039
:1027A000000000000000000000000000001C38785D
:1027B00070707078383C1C1E0E0E0E1C1C38000009
:1027C0000000000000000000000000000000000009
:1027D00000000000000000000000000000000000F9
:1027E00000000000000000000A00000000000000DF
:1027F0000B0000000A0000000C00000015000000A3
:10280000130000002100000013000000340000004D
:102810001F000000470000001700000066000000D5
:10282000070000007D0000000C0000008400000094
:102830000C000000900000000E0000009C00000052
:1028400014000000AA0000000A000000BE00000002
:102850000C000000C80000000A000000D4000000C6
:102860000A000000DE00000013000000E800000085
:1028700013000000FB000000130000000E01000028
:1028800013000000210100001300000034010000CB
:102890001300000047010000130000005A0100006F
:1028A000130000006D010000130000008001000013
:1028B00013000000930100000A000000A6010000C0
:1028C0000A000000B001000014000000BA0100007E
:1028D00014000000CE01000014000000E20100001E
:1028E00013000000F60100002400000009020000AF
:1028F000170000002D020000170000004402000035
:10290000190000005B0200001900000074020000C2
:10291000170000008D02000015000000A402000056
:102920001B000000B902000019000000D4020000E2
:1029300009000000ED02000012000000F602000095
:102940001700000008030000130000001F03000030
:102950001D00000032030000190000004F030000BA
:102960001B00000068030000170000008303000044
:102970001B0000009A03000019000000B5030000CE
:1029800017000000CE03000015000000E503000062
:1029900019000000FA0300001700000013040000F3
:1029A000240000002A040000170000004E0400006C
:1029B0001700000065040000150000007C04000002
:1029C0000A000000910400000A0000009B040000BF
:1029D0000A000000A504000011000000AF04000080
:1029E00013000000C00400000C000000D30400002D
:1029F00012000000DF04000013000000F1040000DA
:102A0000120000000405000013000000160500007D
:102A100012000000290500000A0000003B0500002C
:102A200013000000450500001300000058050000D9
:102A3000070000006B05000009000000720500009F
:102A4000120000007B050000070000008D0500005B
:102A50001D0000009405000013000000B1050000F7
:102A600012000000C405000013000000D60500009D
:102A700013000000E90500000C000000FC05000048
:102A800012000000080600000A0000001A060000FC
:102A900013000000240600001100000037060000AB
:102AA0001900000048060000100000006106000048
:102AB00011000000710600001100000082060000F5
:102AC0000C00000093060000090000009F060000B3
:102AD0000C000000A806000014000000B40600006E
:102AE0000000000000000000001F0000E800001CC3
:102AF000001C0000000000000202071A02031E0270
:102B0000004078C04078C0404000000F111F1008FE
:102B100000003008FC88F000000E11110E00030CBC
:102B2000100000000000000830C0007088887000AD
:102B300000000E11110E000000000070888848305F
:102B400010680800001C0000000000030C100000CA
:102B5000F806010000100C0300000106F800080A46
:102B60001C0A080000000000000000000000070030
:102B700000000000808080F0808080000000000065
:102B800000000E0000000000000040404000000077
:102B90000000000800000000000718000018E00016
:102BA0000000000F101010100F0000F008080808B7
:102BB000F0000004081F000000000000F800000002
:102BC0000008101010100F0000081828488808008E
:102BD0000008101111110E00001008080808F0007C
:102BE000000000030C1F00000020E02020F820005F
:102BF00000031D1111111000009008080808F000D2
:102C0000000F10111111080000F088080808F000EA
:102C100000101010131C1000000038C0000000004D
:102C2000000E111111110E0000F008080808F00044
:102C3000000F101010110F00001088888810E0009D
:102C4000000200000008000000020000000E00006A
:102C5000000001010202040000804040202010001A
:102C600000020202020202020000404040404040D6
:102C7000400000040202010100000010202040403A
:102C80008000000C1010110E000000688000000091
:102C9000000106080912121211130804030000F8BB
:102CA00004F20909091179890A32C40000000001FF
:102CB0000E100E01000000001860C0404040C060CF
:102CC0001800001F11111111110E0000F80808085A
:102CD0000808F00000070810101008040000E010B9
:102CE000080808102000001F10101010080700002E
:102CF000F80808080810E000001F11111111111147
:102D00000000F808080808080800001F1111111138
:102D1000100000F80000000000000007081010106C
:102D20001008040000E0100808888890E000001FE8
:102D300001010101011F0000F80000000000F8007F
:102D4000001F0000F80000000000001F0000300815
:102D50000808F000001F000001020408100000F83D
:102D60004080804020100800001F0000000000008C
:102D700000F8080808080800001F0C030000000302
:102D80000C1F0000F80000E018E00000F800001F31
:102D900008060100001F0000F80000806010F80025
:102DA0000007081010101008070000E010080808BD
:102DB0000810E000001F10101010100F0000F88025
:102DC00080808080000000070810101010080700A5
:102DD00000E0100808282810E800001F101010104C
:102DE000100F0000F8808080C0B00800000E1111A4
:102DF0001110100C000030080808888870000010BE
:102E000010101F1010100000000000F8000000005B
:102E1000001F00000000001F0000E010080808105C
:102E2000E000001806010000000106180000000084
:102E300080601860800000000018070000000F107C
:102E40000F000000071800000000E018E00000007C
:102E5000E018E000000000100C0201020C1000005D
:102E6000083040804030080000100C0300030C10B4
:102E70000000000000F80000000000001010111613
:102E8000181000000818688808080800001F1000C3
:102E900000FF0100001807000000000000E018001B
:102EA00000101F000001FF000000070807000000DD
:102EB0008000000080000000000000000000000012
:102EC00001010101010101000010080000000000E3
:102ED000000102020201000030484850F800001FC3
:102EE000010202010000F8080808F00000010202D7
:102EF00002010000F0080808100000010202011F92
:102F00000000F0080808F8000001020202010000B9
:102F1000F0484848D00000020F12000000F80000FE
:102F20000001020201030000F2090911FE00001F66
:102F3000010202010000F8000000F8000013000088
:102F4000F800000013000001FE00001F0000010255
:102F50000000F840C0300800001F0000F800000327
:102F600001020201010202010000F8000000F80065
:102F70000000F8000003010202010000F800000058
:102F8000F8000001020202010000F0080808F00049
:102F90000003010202010000FF100808F000000118
:102FA000020201030000F0080810FF000003010204
:102FB0000000F80000000001020202010000904839
:102FC0004848300000020F02000000F8080000032B
:102FD000000000030000F0080808F80000030000EB
:102FE0000003000000E018E0000000030000000300
:102FF00000000003000000E018E000E018E000001E
:10300000000201000102000008B040B00800000307
:1030100000000003000001E11EE0000000020202C7
:103020000302000008384888080000000F10000064
:1030300040BE0100001F0000FE0000100F00000055
:1030400001BE4000000001010100000100008000FD
:10305000008080808000000004000000000000006C
:10306000030000000400000005000000070000004D
:10307000090000000C00000007000000150000001F
:103080000C0000001C0000000A00000028000000E6
:1030900003000000320000000500000035000000C1
:1030A000050000003A000000060000003F0000009C
:1030B0000900000045000000040000004E00000070
:1030C000050000005200000004000000570000004E
:1030D000060000005B000000080000006100000026
:1030E00007000000690000000800000070000000F8
:1030F00008000000780000000800000080000000C8
:103100000800000088000000080000009000000097
:10311000080000009800000008000000A000000067
:1031200008000000A800000004000000B00000003B
:1031300004000000B400000008000000B800000017
:1031400009000000C000000008000000C9000000E5
:1031500007000000D10000000E000000D8000000B1
:103160000B000000E600000009000000F100000074
:1031700009000000FA00000009000000030100003F
:10318000090000000C01000008000000150100000B
:103190000A0000001D0100000900000027010000D6
:1031A00003000000300100000700000033010000B0
:1031B0000A0000003A01000008000000440100007D
:1031C0000B0000004C010000090000005701000046
:1031D0000A00000060010000090000006A01000010
:1031E0000A00000073010000090000007D010000DA
:1031F0000900000086010000090000008F010000A6
:1032000009000000980100000B000000A10100006F
:103210000F000000AC01000009000000BB0100002D
:1032200009000000C401000009000000CD010000F9
:1032300004000000D601000006000000DA010000D2
:1032400004000000E001000007000000E4010000AD
:1032500009000000EB01000004000000F401000080
:1032600007000000F801000007000000FF01000057
:103270000700000006020000070000000D02000029
:103280000700000014020000050000001B020000FF
:1032900007000000200200000700000027020000D5
:1032A000030000002E0200000400000031020000B4
:1032B0000700000035020000030000003C0200008F
:1032C0000B0000003F020000070000004A0200005F
:1032D0000700000051020000070000005802000033
:1032E000070000005F020000050000006602000009
:1032F000070000006B0200000500000072020000E1
:103300000700000077020000070000007E020000B6
:103310000B00000085020000070000009002000082
:103320000700000097020000070000009E02000056
:1033300005000000A502000003000000AA02000032
:1033400005000000AD02000009000000B20200000C
:10335000000000000000000000000000000000006D
:10336000000000000000000000000000000000005D
:103370000000000303000000000000FFFF00000049
:10338000000000FCFC000000000000C0C0000000C5
:103390000003030000000003030000F8F800000031
:1033A00000F8F8000000000000000000000000002D
:1033B0000000000000000000000000000003030007
:1033C00000000000030300000C0C0C0FFFFC8C0C31
:1033D0000C0C0FFFFC0C0C0018191FFFF818181824
:1033E000191FFFF81818180000C0C00000000000E6
:1033F000C0C000000000000000000001030303073C
:1034000003030100000000000078FEC6830303FFF1
:103410000181C1E060000000000C0F03010000FF0B
:10342000808081C37F3E00000000008080C0C0F02B
:10343000C0C08080000000000000000103030303FF
:103440000100000000000000010302000000000075
:103450000000007CFF83010183FF7C000003071E46
:1034600078E0810101010000000000000000808080
:103470008081030F3CF0C000003EFFC18080C1FF8F
:103480003E000000000000000040C080000000007E
:1034900000000080C0C0C0C080000000000000002C
:1034A000010103030303030100000000000000000A
:1034B0000000F0F98D070307068CFCF00000000007
:1034C0000000003E7FE3C1800000C0E1713B0F1FA0
:1034D0003F7B6100000000008080C0C0C0C0C08091
:1034E00080000080C0C08000000303000000F8F8E6
:1034F00000000000000000000000000000000000CC
:1035000000010302000000031F7CE08000000000B7
:10351000FFFF0000000000000000E0F81E070100AF
:10352000000203010000000000000080E07C1F0397
:1035300000000000000000FFFF00000001071EF86F
:10354000E000000000000000000303000000000095
:1035500040C46E7CF8F87C6EC4400000000000009F
:10356000000000000000000000000000000000005B
:10357000000000000000000000000000000000004B
:10358000000000000000003F3F00000000000000BD
:1035900000C0C0C0C0C0C0FFFFC0C0C0C0C0C0002D
:1035A000000000000000000000000000000000001B
:1035B000000000000000000000000000000000000B
:1035C00000000000000000000000C6FC0000000039
:1035D00000000000000000000000000000000000EB
:1035E000000000303030303030300000000000008B
:1035F00000000000000000000000000000000000CB
:103600000000000000000000000000000000C0C03A
:1036100000000000000000000000030300000003A1
:103620001FFEE00000073FF8C0000000C0C080009F
:103630000000000000000001010303030303010177
:1036400000000000001FFFE080000000000080E09C
:10365000FF1F000000F8FF07010000000000010745
:10366000FFF800000000008080C0C0C0C0C08080A3
:103670000000000000000000000000000303000044
:1036800000000000000018383070E0E0FFFF00008C
:10369000000000000000000000000000FFFF00002C
:1036A000000000000000000000000000C0C000009A
:1036B00000000000000000010103030303030301F5
:1036C000000000000030F0C080000000000081C356
:1036D000FF7C000000000103060C0C183060C08065
:1036E0000000000000C0C0C0C0C0C0C0C0C0C0C09A
:1036F000C0C0000000000001030303030303010036
:10370000000000000060E0C080000303038787FD25
:1037100078000000000C0F0301000000000081C3CE
:10372000FF7C00000000008080C0C0C0C0C080805E
:103730000000000000000000000000000000010385
:10374000030000000000000003070E1C70E0C0FF33
:10375000FF000000003878F898181818181818FF9B
:10376000FF1818000000000000000000000000C06A
:10377000C00000000000000303030303030303036E
:10378000030000000007FFF6060C0C0C0C0C0607EB
:1037900003000000000C0F03010000000000010303
:1037A000FEFC00000000008080C0C0C0C0C080805F
:1037B00000000000000000000101030303030301F7
:1037C00000000000000F7FF1C3820606060683C3D7
:1037D000E160000000F8FE870100000000000183A6
:1037E000FF7C00000000000080C0C0C0C0C080801E
:1037F00000000000000303030303030303030303A8
:10380000030300000000000000000003071C3060FC
:103810008000000000000000031FFCE0000000002A
:103820000000000000000000C0C000000000000018
:103830000000000000000001010303030303010175
:1038400000000000000078FD87030303030387FDE9
:1038500078000000003CFFC381000000000081C32D
:10386000FF3C00000000008080C0C0C0C0C080805D
:103870000000000000000001010303030303010135
:1038800000000000003EFFC180000000000080C179
:10389000FF1F0000000687C3C16060606041C18FE8
:1038A000FEF0000000000080C0C0C0C0C0808000EA
:1038B00000000000000000000000000000000018F0
:1038C000180000000000000000000000000000C020
:1038D000C000000000000000000000000000001810
:1038E000180000000000000000000000000000C6FA
:1038F000FC000000000000000000000000000000CC
:103900000000000000000103030306060C0C1C1855
:10391000183000000000C0E06060303018181C0C47
:103920000C06000000000000000000000000000085
:103930000000000000000000000000000000000087
:1039400000000000000C0C0C0C0C0C0C0C0C0C0CF3
:103950000C0C00000030303030303030303030303F
:1039600030300000000000000000000000000000F7
:103970000000000000000000000000000000000047
:103980000000000000003018181C0C0C0606030391
:10399000030100000000060C0C1C18183030606099
:1039A000E0C0000000000000000000000000000077
:1039B00000000000000000010103030303030301F2
:1039C000010000000030F0C0808000000000018392
:1039D000C7FE7C00000000000000003C7CE0C080CE
:1039E0000000000000000000000000C0C000000057
:1039F00000000000000000000000000000010103C2
:103A0000030303030303030101010000000000009E
:103A1000000000071F3C70E0C1878E8C1818181832
:103A20000C0E079F9CC0E0703C1F07000000FFFFCA
:103A30000100007CFF83010000000101030FFFF083
:103A4000000101071EFCF000000000C0E078180C27
:103A50000E86C6C7C3C3C3830383C3C3C6C6860C4F
:103A60000C183020000000000000000003030300D9
:103A7000000000000000000000000000073FFCE024
:103A800000E0FC3F0700000000000000071FFCF002
:103A900030303030303030F0FC1F07000000C0C044
:103AA00000000000000000000000000000C0C00096
:103AB00000000303030303030303030303030100E1
:103AC0000000000000FFFF010101010101010101EF
:103AD00083C7FE7C00000000FFFF80808080808024
:103AE00080808080C1E37F3E000000C0C0C0C0C0B5
:103AF000C0C0C0C0C0C0C080800000000000000086
:103B0000000101030303030303030101000000009C
:103B1000000F3F78E0C0808000000000000080C0FF
:103B2000E070300000E0FC1E070301000000000010
:103B3000000101030F1E180000000000008080C07B
:103B4000C0C0C0C0C0C080800000000000000303EF
:103B50000303030303030303030301000000000046
:103B60000000FFFF0000000000000000008080C097
:103B7000F03F0F000000FFFF000000000000000009
:103B8000000101030FFCF0000000C0C0C0C0C0C0B5
:103B9000C0C0C0C0C080800000000000000003035F
:103BA00003030303030303030303030303000000EE
:103BB00000FFFF01010101010101010101010100FB
:103BC00000000000FFFF80808080808080808080F7
:103BD00080800000000000C0C0C0C0C0C0C0C0C025
:103BE000C0C0C0C0C0C00000000003030303030343
:103BF0000303030303030303000000FFFF010101AC
:103C0000010101010101010000000000FFFF8080AF
:103C100080808080808080800000000000C0C00024
:103C20000000000000000000000000000000000094
:103C3000000101010303030303030301010000006A
:103C4000000000073F78E0C0808000000000000016
:103C50008080C0E07010000000E0FC1E070301013E
:103C600000000000C0C0C0C1C1C3FFFE00000000D2
:103C7000000000808080C0C0C0C0C0C0C080808004
:103C8000000000000000030300000000000000002E
:103C900000000000030300000000FFFF010101011C
:103CA0000101010101010101FFFF00000000FFFF10
:103CB000808080808080808080808080FFFF000006
:103CC0000000C0C000000000000000000000000074
:103CD000C0C000000000000303000000000000FF5F
:103CE000FF000000000000FFFF000000000000C017
:103CF000C0000000000000000000000000000303FE
:103D0000000000000000000000000000FFFF0000B5
:103D1000000E0F03000000000001FFFE0000000085
:103D20008080C0C0C0C0C0808000000000000303CD
:103D3000000000000000000000010303020000007A
:103D400000FFFF000103070F1F3970E0C080000073
:103D500000000000FFFFE0C0800080C0E0783C1F52
:103D600007030000000000C0C000000000000000C9
:103D700000000080C0C040000000030300000000FD
:103D800000000000000000000000FFFF0000000035
:103D900000000000000000000000FFFF0000000025
:103DA00000000000000000000000C0C0C0C0C0C093
:103DB000C0C0C0C0C0C0C0000000000303030100B9
:103DC00000000000000000000103030300000000E9
:103DD0000000FFFFC0F83F070000000000073FF8A9
:103DE000C0FFFF000000000000FFFF000080F07E29
:103DF0000F010F7EF0800000FFFF000000000000B8
:103E0000C0C00000000000C0C0C00000000000C032
:103E1000C0000000000003030300000000000000D9
:103E200000000000030300000000FFFFC0E0701C62
:103E30000E03010000000000FFFF00000000FFFF74
:103E4000000000000080C070380E0703FFFF000074
:103E50000000C0C00000000000000000000000C022
:103E6000C0C00000000000000001010103030303C3
:103E70000303010101000000000000073F78E0C0DB
:103E800080800000000000008080C0E0783F0700D4
:103E900000E0FC1E0703010100000000000001011A
:103EA00003071EFCE0000000000000808080C0C00E
:103EB000C0C0C0C08080800000000000000003037C
:103EC00003030303030303030303010100000000D2
:103ED00000FFFF0000000000000000000081C3FFA1
:103EE0007C000000FFFFC0C0C0C0C0C0C0C0C0C0D8
:103EF00080800000000000C0C00000000000000042
:103F000000000000000000000000000000010101AE
:103F10000303030303030101010000000000000785
:103F20003F78E0C080800000000000008080C0E09A
:103F3000783F070000E0FC1E0703010100000004B9
:103F40000606070303071FFCF00000000000000046
:103F50008080C0C0C0C0C0C0C0808080C0E06000A1
:103F60000000030303030303030303030303030129
:103F7000000000000000FFFF01010101010101013B
:103F8000010183C7FE7C00000000FFFF808080806D
:103F90008080C0E0F89C0E07010000000000C0C057
:103FA000000000000000000000000080C0C0000011
:103FB00000000000010103030303030303010100E8
:103FC000000000000078FECF870703030303018190
:103FD00081C0F0300000001C1E070301000080803B
:103FE0008080C0C1E3FF3C0000000000008080C072
:103FF000C0C0C0C0C0C08080000000000303030335
:10400000030303030303030303030303000000008C
:10401000000000FFFF0000000000000000000000A2
:10402000000000FFFF000000000000000000000092
:10403000000000C0C00000000000000000000303FA
:10404000000000000000000000000000030300006A
:104050000000FFFF00000000000000000000000062
:10406000FFFF00000000FCFF07010100000000004E
:1040700000010107FEFC0000000000000080C0C03D
:10408000C0C0C0C0C0C08000000000000003030129
:104090000000000000000000000000010303000019
:1040A00000C0F83F0701000000000001073FF8C012
:1040B00000000000000000C0F83F07010F3FF8C0FB
:1040C00000000000000000000000000000C0C0C0B0
:1040D00000000000000000000303000000000000DA
:1040E00000000000030303000000000000000000C7
:1040F0000003030000F0FF0F0100000000031FFE9B
:10410000E000E0FC1F0300000000010FFFF00000D2
:10411000000000F0FE1F010F7FF8C000000000004B
:10412000C0F87F0F011FFEE000000000000000004B
:1041300000C0C0C00000000000000000000000C07F
:10414000C0C00000000000000002030301000000E6
:10415000000000000000010303020000000080C016
:10416000F0381C0F030F1C38F0C080000000000066
:1041700001030F1C3870C080C0F0381C0F03010011
:104180000040C0C0800000000000000000000000EF
:1041900080C0C040020301000000000000000000D9
:1041A0000000010303020000C0E0703C0E070101A3
:1041B000071E3C70E0C0000000000000000000800E
:1041C000FFFF800000000000000000000000000071
:1041D0000000C0C000000000000000000003030356
:1041E00003030303030303030303030000000000AE
:1041F0000000000003070E3870E08000000000019E
:10420000070E1C70E0C0000000000000000000C0AD
:10421000C0C0C0C0C0C0C0C0C0C0C0C0C0C0C0005E
:1042200000000303030303000000FFFF0000000081
:104230000000FFFF000000000000FFFF0303030079
:10424000030300000000000000E0FE1F0300000068
:10425000000000C0F83F0700000000000080C0C060
:10426000000303030303000000000000FFFF000041
:1042700000000000FFFF000000030303FFFF000039
:104280000000000000010303010000000000000026
:10429000031F7CE08080E07C1F0300000080800022
:1042A000000000000000008080000000000000000E
:1042B00000000000000000000000000000000000FE
:1042C00000000000000000000000000000000000EE
:1042D00000000000000000000000000000000000DE
:1042E00000000000000000000303030303030303B6
:1042F000030303030303030300020303010000009D
:104300000000000080C0400000000000000000002D
:10431000000000000000000000000000000000009D
:10432000000000000000000000000000020E0C1C55
:1043300018181818181C0F070000000F3F31606094
:104340006060E1C1C3FFFF0000000080C0C0C0C0CA
:10435000C0C0800080C040000000030300000000D7
:1043600000000000000000000000FFFF060C18180D
:104370001818180C0F0701000000FFFF03010000D0
:104380000000010107FEFC000000C0C00080C0C0AA
:10439000C0C0C0800000000000000000000000005D
:1043A0000000000000000001070E0C181818181C6F
:1043B0000E07030000FCFF03010000000001030FD3
:1043C0000C000000008080C0C0C0C0C080000000A1
:1043D00000000000000000000000000003030000D7
:1043E0000001070F0C18181818180C06FFFF000022
:1043F00000FCFE070101000000000103FFFF0000B8
:104400000000008080C0C0C0C0C08000C0C00000EC
:10441000000000000000000000000000000000009C
:1044200001070E0C18181818180C0E07010000FCD4
:10443000FF676161606060606161E3E2000000004D
:104440008080C0C0C0C0C0C0800000000000010368
:104450000303031818FFFF1818180000FFFF0000DF
:10446000000000C0C00000000000000000000000CC
:1044700000000000000000000001070F0C181818D1
:1044800018180C0E1F1F000000FCFE0701000000A2
:1044900000000103FFFF000000181E8687C3C3C38E
:1044A000C3C3868EFCF00000000003030000000080
:1044B00000000000000000000000FFFF0E0C1818B4
:1044C0001818180C0F0300000000FFFF0000000088
:1044D00000000000FFFF00000000C0C0000000005E
:1044E00000000000C0C00000000003030000000046
:1044F0001F1F00000000FFFF00000000C0C0000000
:1045000000000303000000001F1F00000000FFFF69
:1045100000000303FEFC0000000003030000000095
:104520000000000000000000FFFF00000001030782
:104530000E1C18100000FFFF7060E0F0FC1E0F035F
:1045400000000000C0C000000000000080C0C040AB
:104550000000030300000000FFFF00000000FFFF59
:1045600000000000C0C000000000000000000000CB
:10457000000000000000000000000000000000003B
:1045800000001F1F060C181818181C0F070E0C1817
:104590001818181C0F0700000000FFFF00000000A3
:1045A000000000FFFF00000000000000FFFF00000F
:1045B0000000C0C000000000000000C0C0000000FB
:1045C00000000000C0C0000000000000000000006B
:1045D000000000000000000000001F1F060C18185B
:1045E0001818180C0F0700000000FFFF0000000063
:1045F00000000000FFFF00000000C0C0000000003D
:1046000000000000C0C0000000000000000000002A
:10461000000000000000000001070F0C1818181817
:10462000180C0F07010000FCFF070100000000004C
:104630000107FFFC000000008080C0C0C0C0C08037
:1046400080000000000000000000000000000000EA
:104650000000000000001F1F060C18181818180C86
:104660000F0701000000FFFF030100000000000130
:1046700007FEF8000000FFFF0080C0C0C0C0C0807F
:10468000000000000000000000000000000000002A
:10469000000000000001070F0C18181818180C066D
:1046A0001F1F000000FCFE070101000000000103C5
:1046B000FFFF00000000000080C0C0C0C0C080003C
:1046C000FFFF000000000000000000000000001FCD
:1046D0001F0E181818180000FFFF0000000000004F
:1046E00000C0C0000000000000000000000000004A
:1046F00000000000000000070F0C18181818180C14
:104700000E0600000086C7E3E16070707030393F2C
:104710000E0000000080C0C0C0C0C0C0808000008B
:1047200000000103000000001818FFFF181818000F
:104730000000FFFF00000000000080C0C0C0C000FB
:104740000000000000000000000000000000000069
:1047500000001F1F00000000000000001F1F0000DD
:104760000000FEFF0100000000000103FFFF000049
:104770000000008080C0C0C0C0C08000C0C0000079
:1047800000000000000000000000000000181F07EB
:1047900001000000000001071F180000C0F87E0F94
:1047A000010F3EF0C00000000000000080C080004B
:1047B00000000000000000000000000000000000F9
:1047C000000000000000001C1F0300000000010F9B
:1047D0001C0F0100000000031F1C0080F07C1F0163
:1047E0001FFCC000C0FC1F011FFCF0800000000087
:1047F0000080C080000000000080C0800000000039
:104800000000000000000000000000000010181E62
:10481000070300000003070E1C1000000307DEFC66
:1048200070F8DE0703000040C0C000000000000078
:1048300000C0C040000000000000000000000000B8
:1048400000181F07000000000000010F1E100000EC
:10485000E0FC1F03030F7EF0800000000003038FC5
:10486000FEF08000000000000000000000000000DA
:104870000000000000000018181818181818191B5C
:104880001F1E18000003070E1C3870E0C0800000D7
:104890000000C0C0C0C0C0C0C0C0C0C0C0C0C00058
:1048A00000000000000103030300000000FFFF8080
:1048B000000000303078CF8700000000000000FCCE
:1048C000FE0303030000030300000000FFFF0000DD
:1048D0000000FFFF00000000FFFF000003030301D2
:1048E0000000000000000000FFFF000000000000CA
:1048F0000087CF78303000030307FEFC0000000083
:1049000000000000000000000000000000000000A7
:104910000001010303030301010100000001010084
:1049200000C080000000008080C0C0C0C080800047
:104930000000000000000000000000000000000077
:10494000080000000000000008000000080000004F
:104950000A00000010000000100000001A00000013
:10496000100000002A000000190000003A000000BA
:104970001300000053000000050000006600000066
:10498000090000006B000000090000007400000036
:104990000B0000007D0000001000000088000000F7
:1049A000080000009800000009000000A0000000BE
:1049B00008000000A900000008000000B10000008D
:1049C00010000000B900000010000000C900000045
:1049D00010000000D900000010000000E9000000F5
:1049E00010000000F90000001000000009010000A4
:1049F0001000000019010000100000002901000053
:104A00001000000039010000100000004901000002
:104A100008000000590100000800000061010000CA
:104A20001000000069010000100000007901000082
:104A30001000000089010000100000009901000032
:104A40001C000000A901000013000000C5010000C7
:104A500013000000D801000014000000EB0100006A
:104A600014000000FF01000013000000130200000A
:104A700011000000260200001600000037020000AE
:104A8000140000004D020000080000006102000058
:104A90000E00000069020000130000007702000011
:104AA000100000008A020000170000009A020000B7
:104AB00014000000B102000016000000C502000052
:104AC00013000000DB02000016000000EE020000F0
:104AD000140000000403000013000000180300008D
:104AE000100000002B030000140000003B03000036
:104AF000130000004F0300001C00000062030000D0
:104B0000130000007E03000012000000910300006B
:104B100011000000A303000008000000B40300001F
:104B200008000000BC03000008000000C4030000EF
:104B30000E000000CC03000010000000DA030000AB
:104B400009000000EA0300000F000000F30300006A
:104B500010000000020400000E000000120400001B
:104B600010000000200400000F00000030040000CE
:104B7000070000003F040000100000004604000091
:104B8000100000005604000006000000660400004B
:104B9000060000006C0400000E000000720400001B
:104BA00006000000800400001800000086040000D9
:104BB000100000009E0400000F000000AE04000082
:104BC00010000000BD04000010000000CD04000033
:104BD00009000000DD0400000E000000E6040000F3
:104BE00008000000F404000010000000FC040000B5
:104BF0000D0000000C050000130000001905000066
:104C00000D0000002C0500000D000000390500001B
:104C10000E000000460500000900000054050000D9
:104C2000060000005D0500000900000063050000AB
:104C3000100000006C0500000C180000D4F60008FD
:104C400013280000000601080A100000E02A0108ED
:104C500010200000503301080C180000D4F60008A2
:104C600023480000E056000814280000C0CE0008C9
:104C70002040000048550008FFFFFFFFFFFFFFFF37
:104C8000FFFFFFFFFFFFFFFFFFFFFFFFFFFFFFFF34
:104C9000FFFFDBDBB6B692929292B6B6DBDBFFFF8C
:104CA000FFFFFFFFFFFFFFFFFFFFFFFFFFFFFFFF14
:104CB000FFFFFFFFFFFFFFFFFFFFFFFFFFFFFFFF04
:104CC000FFFFFFFFFFFFFFFFFFFFFFFFFFFFDB9285
:104CD000492424240000000000000000242424496A
:104CE00092DBFFFFFFFFFFFFFFFFFFFFFFFFFFFF65
:104CF000FFFFFFFFFFFFFFFFFFFFFFFFFFFFFFFFC4
:104D0000FFFFFFFFFFFFFFFFFFFFFFDBB6490000D4
:104D10000000000024242424242424240000000073
:104D2000000049B6DBFFFFFFFFFFFFFFFFFFFFFFB4
:104D3000FFFFFFFFFFFFFFFFFFFFFFFFFFFFFFFF83
:104D4000FFFFFFFFFFFFFFFFFFDB6D240000000000
:104D5000244992B6DBDBDBDBDBDBDBDBB692492411
:104D600000000000246DDBFFFFFFFFFFFFFFFFFFE0
:104D7000FFFFFFFFFFFFFFFFFFFFFFFFFFFFFFFF43
:104D8000FFFFFFFFFFFFFFDB6D240000002449B69B
:104D9000FFFFFFFFFFFFFFFFFFFFFFFFFFFFFFFF23
:104DA000B66D24000000246DDBFFFFFFFFFFFFFF57
:104DB000FFFFFFFFFFFFFFFFFFFFFFFFFFFFFFFF03
:104DC000FFFFFFFFFFFF922400000049B6FFFFFF37
:104DD000FFFFFFFFFFFFFFFFFFFFFFFFFFFFFFFFE3
:104DE000FFFFFFB6490000002492FFFFFFFFFFFF17
:104DF000FFFFFFFFFFFFFFFFFFFFFFFFFFFFFFFFC3
:104E0000FFFFFFFFDB4900000049B6FFFFFFFFFF88
:104E1000FFFFFFFFFFFFFFFFFFFFFFFFFFFFFFFFA2
:104E2000FFFFFFFFFFB64900000049DBFFFFFFFF68
:104E3000FFFFFFFFFFFFFFFFFFFFFFFFFFFFFFFF82
:104E4000FFFFFFB62400002492FFFFFFFFFFFFFFDC
:104E5000FFFFFFFFFFFFFFFFFFFFFFFFFFFFFFFF62
:104E6000FFFFFFFFFFFFFF9224000024B6FFFFFFBC
:104E7000FFFFFFFFFFFFFFFFFFFFFFFFFFFFFFFF42
:104E8000FFFFB624000049DBFFFFFFFFFFFFFFFF2E
:104E9000FFFFFFFFFFFFFFFFFFFFFFFFFFFFFFFF22
:104EA000FFFFFFFFFFFFFFFFDB49000024B6FFFF0E
:104EB000FFFFFFFFFFFFFFFFFFFFFFFFFFFFFFFF02
:104EC000FF9224002492FFFFFFFFFFFFFFFFFFFF81
:104ED000FFFFFFFFFFFFFFFFFFFFFFFFFFFFFFFFE2
:104EE000FFFFFFFFFFFFFFFFFFFF9224002492FF61
:104EF000FFFFFFFFFFFFFFFFFFFFFFFFFFFFFFFFC2
:104F0000B624002492FFFFFFFFFFFFFFFFFFFFFF1C
:104F1000FFFFFFFFFFFFFFFFFFFFFFFFFFFFFFFFA1
:104F2000FFFFFFFFFFFFFFFFFFFFFF92240024B6FC
:104F3000FFFFFFFFFFFFFFFFFFFFFFFFFFFFFFB6CA
:104F4000240024B6FFFFFFFFFFFFFFFFFFFFFFFF6F
:104F5000FFFFFFFFFFFFFFFFFFFFFFFFFFFFFFFF61
:104F6000FFFFFFFFFFFFFFFFFFFFFFFFB62400244F
:104F7000B6FFFFFFFFFFFFFFFFFFFFFFFFFFDB2489
:104F8000002492FFFFFFFFFFFFFFFFFFFFFFFFFF78
:104F9000FFFFFFFFFFFFFFFFFFFFFFFFFFFFFFFF21
:104FA000FFFFFFFFFFFFFFFFFFFFFFFFFF92240058
:104FB00024DBFFFFFFFFFFFFFFFFFFFFFFFF4900B5
:104FC0000092FFFFFFFFFFFFFFFFFFFFFFFFFFFF5D
:104FD000FFFFFFFFFFFFFFFFFFFFFFFFFFFFFFFFE1
:104FE000FFFFFFFFFFFFFFFFFFFFFFFFFFFF92003D
:104FF0000049FFFFFFFFFFFFFFFFFFFFFF6D000006
:105000006DFFFFFFFFFFFFFFFFFFFFFFFFFFFFFF42
:10501000FFFFFFFFFFFFFFFFFFFFFFFFFFFFFFFFA0
:10502000FFFFFFFFFFFFFFFFFFFFFFFFFFFFFF6D22
:1050300000006DFFFFFFFFFFFFFFFFFFDB240024E9
:10504000FFFFFFFFFFFFFFFFFFFFFFFFFFFFFFFF70
:10505000FFFFFFFFFFFFFFFFFFFFFFFFFFFFFFFF60
:10506000FFFFFFFFFFFFFFFFFFFFFFFFFFFFFFFF50
:10507000240024DBFFFFFFFFFFFFFFFF490024DBCD
:10508000FFFFFFFFFFFFFFFFFFFFFFFFFFFFFFFF30
:10509000FFFFFFFFFFFFFFFFFFFFFFFFFFFFFFFF20
:1050A000FFFFFFFFFFFFFFFFFFFFFFFFFFFFFFFF10
:1050B000B6240049FFFFFFFFFFFFFF9200006DFFD6
:1050C000FFFFFFFFFFFFFFFFFFFFFFFFFFFFFFFFF0
:1050D000FFFFFFFFFFFFFFFFFFFFFFFFFFFFFFFFE0
:1050E000FFFFFFFFFFFFFFFFFFFFFFFFFFFFFFFFD0
:1050F000FF6D000092FFFFFFFFFFFF490024DBFF71
:10510000FFFFFFFFFFFFFFFFFFFFFFFFFFFFFFFFAF
:10511000FFFFFFFFFFFFFFFFFFFFFFFFFFFFFFFF9F
:10512000FFFFFFFFFFFFFFFFFFFFFFFFFFFFFFFF8F
:10513000FFDB240049FFFFFFFFFFB624006DFFFFE8
:10514000FFFFFFFFFFFFFFFFFFFFFFFFFFFFFFFF6F
:10515000FFFFFFFFFFFFFFFFFFFFFFFFFFFFFFFF5F
:10516000FFFFFFFFFFFFFFFFFFFFFFFFFFFFFFFF4F
:10517000FFFF6D0024B6FFFFFFFF490024DBFFFFA8
:10518000FFFFFFFFFFFFFFFFFFFFFFFFFFFFFFFF2F
:10519000FFFFFFFFFFFFFFFFFFFFFFFFFFFFFFFF1F
:1051A000FFFFFFFFFFFFFFFFFFFFFFFFFFFFFFFF0F
:1051B000FFFFDB240049FFFFFFDB000049FFFFFF8B
:1051C000FFFFFFFFFFFFFFFFFFFFFFFFFFFFFFFFEF
:1051D000FFFFFFFFFFFFFFFFFFFFFFFFFFFFFFFFDF
:1051E000FFFFFFFFFFFFFFFFFFFFFFFFFFFFFFFFCF
:1051F000FFFFFF490000DBFFFF920000B6FFFFFF4B
:10520000FFFFFFFFFFFFFFFFFFFFFFFFFFFFFFFFAE
:10521000FFFFFFFFFFFFFFFFFFFFFFFFFFFFFFFF9E
:10522000FFFFFFFFFFFFFFFFFFFFFFFFFFFFFFFF8E
:10523000FFFFFFB6000092FFFF490024FFFFFFFFC2
:10524000FFFFFFFFFFFFFFFFFFFFFFFFFFFFFFFF6E
:10525000FFFFFFFFFFFFFFFFFFFFFFFFFFFFFFFF5E
:10526000FFFFFFFFFFFFFFFFFFFFFFFFFFFFFFFF4E
:10527000FFFFFFFF240049FFFF24006DFFFFFFFF3A
:10528000FFFFFFFFFFFFFFFFFFFFFFFFFFFFFFFF2E
:10529000FFFFFFFFFFFFFFFFFFFFFFFFFFFFFFFF1E
:1052A000FFFFFFFFFFFFFFFFFFFFFFFFFFFFFFFF0E
:1052B000FFFFFFFF6D0024FFDB2400B6FFFFFFFFB1
:1052C000FFFFFFFFFFFFFFFFFFFFFFFFFFFFFFFFEE
:1052D000FFFFFFFFFFFFFFFFFFFFFFFFFFFFFFFFDE
:1052E000FFFFFFFFFFFFFFFFFFFFFFFFFFFFFFFFCE
:1052F000FFFFFFFFB60024DB920024DBFFFFFFFF70
:10530000FFFFFFFFFFFFDBFFFFFFFFFFFFFFFFFFD1
:10531000FFFFFFFFFFFFFFFFFFFFFFFFFFFFFFFF9D
:10532000FFFFFFFFFFFFFFFFFFFFFFFFFFFFFFFF8D
:10533000FFFFFFFFDB2400B66D0024DBFFFFFFFF54
:10534000FFFFFFFFFF92246DFFFFFFFFFFFFFFFF47
:10535000FFFFFFFFFFFFFFFFFFFFDB4949DBFFFF11
:10536000FFFFFFFFFFFFFFFFFFFFFFFFFFFFFFFF4D
:10537000FFFFFFFFDB24006D490024FFFFFFFFFF5D
:10538000FFFFFFFFFF490000FFFFFFFFFFFFFFFFE1
:10539000FFFFFFFFFFFFFFFFFFFFDB0000DBFFFF63
:1053A000FFFFFFFFB649002492FFFFFFFFFFFFFF53
:1053B000FFFFFFFFFF240049240049FFFFFFFFFF1D
:1053C000FFFFFFFFFF490000FFFFFFFFFFFFFFFFA1
:1053D000FFFFFFFFFFFFFFFFFFFFDB0000DBFFFF23
:1053E000FFFFFF92240000000049FFFFFFFFFFFFC7
:1053F000FFFFFFFFFF490024240049FFFFFFFFFFDD
:10540000FFFFFFFFFF490000DBDBDBDBDBDBDBDB80
:10541000DBDBDBDBDBDBDBDBDBDB920000DBFFFF93
:10542000FFFFFF24002449240000B6FFFFFFFFFF19
:10543000FFFFFFFFFF490024000049FFFFFFFFFFC0
:10544000FFFFFFFFFF490000000000000000000018
:1054500000000000000000000000000000DBFFFF73
:10546000FFFFDB240092FFDB00006DFFFFFFFFFF6B
:10547000FFFFFFFFFF490024000049FFFFFFFFFF80
:10548000FFFFFFFFFF4900000000000000000000D8
:1054900000000000000000000000000024DBFFFF0F
:1054A000FFFFDB240092FFDB00006DFFFFFFFFFF2B
:1054B000FFFFFFFFFF490000240049FFFFFFFFFF40
:1054C000FFFFFFFFFF490000DBDBDBDBDBDBDBDBC0
:1054D000DBDBDBDBDBDBDBDBDBDBDBB6B6FFFFFFFA
:1054E000FFFFFF24002449240000B6FFFFFFFFFF59
:1054F000FFFFFFFFFF490024240049FFFFFFFFFFDC
:10550000FFFFFFFFFF490000FFFFFFFFFFFFFFFF5F
:10551000FFFFFFFFFFFFFFFFFFFFFFFFFFFFFFFF9B
:10552000FFFFFF9224000000006DFFFFFFFFFFFF61
:10553000FFFFFFFFFF490024490049FFFFFFFFFF76
:10554000FFFFFFFFFF490000FFFFFFFFFFFFFFFF1F
:10555000FFFFFFFFFFFFFFFFFFFFFFFFFFFFFFFF5B
:10556000FFFFFFFFDB6D2449B6FFFFFFFFFFFFFFDB
:10557000FFFFFFFFFF4900496D0024FFFFFFFFFF12
:10558000FFFFFFFFFF6D0024FFFFFFFFFFFFFFFF97
:10559000FFFFFFFFFFFFFFFFFFFFFFFFFFFFFFFF1B
:1055A000FFFFFFFFFFFFFFFFFFFFFFFFFFFFFFFF0B
:1055B000FFFFFFFFFF24006D920024DBFFFFFFFFD2
:1055C000FFFFFFFFFFFFB6DBFFFFFFFFFFFFFFFF58
:1055D000FFFFFFFFFFFFFFFFFFFFFFFFFFFFFFFFDB
:1055E000FFFFFFFFFFFFFFFFFFFFFFFFFFFFFFFFCB
:1055F000FFFFFFFFDB240092B60000B6FFFFFFFFB6
:10560000FFFFFFFFFFFFFFFFFFFFFFFFFFFFFFFFAA
:10561000FFFFFFFFFFFFFFFFFFFFFFFFFFFFFFFF9A
:10562000FFFFFFFFFFFFFFFFFFFFFFFFFFFFFFFF8A
:10563000FFFFFFFFB60000B6DB240092FFFFFFFF75
:10564000FFFFFFFFFFFFFFFFFFFFFFFFFFFFFFFF6A
:10565000FFFFFFFFFFFFFFFFFFFFFFFFFFFFFFFF5A
:10566000FFFFFFFFFFFFFFFFFFFFFFFFFFFFFFFF4A
:10567000FFFFFFFF920024DBFF490024FFFFFFFF35
:10568000FFFFFFFFFFFFFFFFFFFFFFFFFFFFFFFF2A
:10569000FFFFFFFFFFFFFFFFFFFFFFFFFFFFFFFF1A
:1056A000FFFFFFFFFFFFFFFFFFFFFFFFFFFFFFFF0A
:1056B000FFFFFFFF240049FFFF6D0000DBFFFFFF3E
:1056C000FFFFFFFFFFFFFFFFFFFFFFFFFFFFFFFFEA
:1056D000FFFFFFFFFFFFFFFFFFFFFFFFFFFFFFFFDA
:1056E000FFFFFFFFFFFFFFFFFFFFFFFFFFFFFFFFCA
:1056F000FFFFFFDB00006DFFFFB600006DFFFFFF47
:10570000FFFFFFFFFFFFFFFFFFFFFFFFFFFFFFFFA9
:10571000FFFFFFFFFFFFFFFFFFFFFFFFFFFFFFFF99
:10572000FFFFFFFFFFFFFFFFFFFFFFFFFFFFFFFF89
:10573000FFFFFF6D0000B6FFFFFF240024FFFFFF07
:10574000FFFFFFFFFFFFFFFFFFFFFFFFFFFFFFFF69
:10575000FFFFFFFFFFFFFFFFFFFFFFFFFFFFFFFF59
:10576000FFFFFFFFFFFFFFFFFFFFFFFFFFFFFFFF49
:10577000FFFFFF240024FFFFFFFF920000B6FFFFA2
:10578000FFFFFFFFFFFFFFFFFFFFFFFFFFFFFFFF29
:10579000FFFFFFFFFFFFFFFFFFFFFFFFFFFFFFFF19
:1057A000FFFFFFFFFFFFFFFFFFFFFFFFFFFFFFFF09
:1057B000FFFFB6000092FFFFFFFFDB240024FFFF86
:1057C000FFFFFFFFFFFFFFFFFFFFFFFFFFFFFFFFE9
:1057D000FFFFFFFFFFFFFFFFFFFFFFFFFFFFFFFFD9
:1057E000FFFFFFFFFFFFFFFFFFFFFFFFFFFFFFFFC9
:1057F000FFFF240024DBFFFFFFFFFF6D000092FF8F
:10580000FFFFFFFFFFFFFFFFFFFFFFFFFFFFFFFFA8
:10581000FFFFFFFFFFFFFFFFFFFFFFFFFFFFFFFF98
:10582000FFFFFFFFFFFFFFFFFFFFFFFFFFFFFFFF88
:10583000FF9200006DFFFFFFFFFFFFFF240024DB4E
:10584000FFFFFFFFFFFFFFFFFFFFFFFFFFFFFFFF68
:10585000FFFFFFFFFFFFFFFFFFFFFFFFFFFFFFFF58
:10586000FFFFFFFFFFFFFFFFFFFFFFFFFFFFFFFF48
:10587000DB240024FFFFFFFFFFFFFFFF9200006D0E
:10588000FFFFFFFFFFFFFFFFFFFFFFFFFFFFFFFF28
:10589000FFFFFFFFFFFFFFFFFFFFFFFFFFFFFFFF18
:1058A000FFFFFFFFFFFFFFFFFFFFFFFFFFFFFFFF08
:1058B0006D000092FFFFFFFFFFFFFFFFFF490000A9
:1058C00092FFFFFFFFFFFFFFFFFFFFFFFFFFFFFF55
:1058D000FFFFFFFFFFFFFFFFFFFFFFFFFFFFFFFFD8
:1058E000FFFFFFFFFFFFFFFFFFFFFFFFFFFFFF9235
:1058F000000049FFFFFFFFFFFFFFFFFFFFDB24006A
:1059000024DBFFFFFFFFFFFFFFFFFFFFFFFFFFFFA6
:10591000FFFFFFFFFFFFFFFFFFFFFFFFFFFFFFFF97
:10592000FFFFFFFFFFFFFFFFFFFFFFFFFFFFDB2486
:105930000024DBFFFFFFFFFFFFFFFFFFFFFFB62499
:105940000024DBFFFFFFFFFFFFFFFFFFFFFFFFFF65
:10595000FFFFFFFFFFFFFFFFFFFFFFFFFFFFFFFF57
:10596000FFFFFFFFFFFFFFFFFFFFFFFFFFDB240045
:1059700024B6FFFFFFFFFFFFFFFFFFFFFFFFFF6DED
:10598000000049DBFFFFFFFFFFFFFFFFFFFFFFFFFF
:10599000FFFFFFFFFFFFFFFFFFFFFFFFFFFFFFFF17
:1059A000FFFFFFFFFFFFFFFFFFFFFFFFDB490000DF
:1059B0006DFFFFFFFFFFFFFFFFFFFFFFFFFFFFFF89
:1059C0006D000049DBFFFFFFFFFFFFFFFFFFFFFF51
:1059D000FFFFFFFFFFFFFFFFFFFFFFFFFFFFFFFFD7
:1059E000FFFFFFFFFFFFFFFFFFFFFFDB4900006D31
:1059F000FFFFFFFFFFFFFFFFFFFFFFFFFFFFFFFFB7
:105A0000FF49000024DBFFFFFFFFFFFFFFFFFFFF59
:105A1000FFFFFFFFFFFFFFFFFFFFFFFFFFFFFFFF96
:105A2000FFFFFFFFFFFFFFFFFFFFDB24000049FF39
:105A3000FFFFFFFFFFFFFFFFFFFFFFFFFFFFFFFF76
:105A4000FFFF6D00002492FFFFFFFFFFFFFFFFFF3E
:105A5000FFFFFFFFFFFFFFFFFFFFFFFFFFFFFFFF56
:105A6000FFFFFFFFFFFFFFFFFF922400006DFFFF1E
:105A7000FFFFFFFFFFFFFFFFFFFFFFFFFFFFFFFF36
:105A8000FFFFFF6D2400006DDBFFFFFFFFFFFFFF47
:105A9000FFFFFFFFFFFFFFFFFFFFFFFFFFFFFFFF16
:105AA000FFFFFFFFFFFFFFDB6D0000246DFFFFFF27
:105AB000FFFFFFFFFFFFFFFFFFFFFFFFFFFFFFFFF6
:105AC000FFFFFFFFB62400002492FFFFFFFFFFFF50
:105AD000FFFFFFFFFFFFFFFFFFFFFFFFFFFFFFFFD6
:105AE000FFFFFFFFFFFF9224000024B6FFFFFFFF30
:105AF000FFFFFFFFFFFFFFFFFFFFFFFFFFFFFFFFB6
:105B0000FFFFFFFFFFDB4924000024B6FFFFFFFF7C
:105B1000FFFFFFFFFFFFFFFFFFFFFFFFFFFFFFFF95
:105B2000FFFFFFFFB62400000049DBFFFFFFFFFF80
:105B3000FFFFFFFFFFFFFFFFFFFFFFFFFFFFFFFF75
:105B4000FFFFFFFFFFFFFFB624000000246DDBFF17
:105B5000FFFFFFFFFFFFFFFFFFFFFFFFFFFFFFFF55
:105B6000FFDB6D2400000024B6FFFFFFFFFFFFFFF7
:105B7000FFFFFFFFFFFFFFFFFFFFFFFFFFFFFFFF35
:105B8000FFFFFFFFFFFFFFFFFF6D24000000002469
:105B90006DB6DBFFFFFFFFFFFFFFFFFFFFDBB66D13
:105BA0002400000000246DFFFFFFFFFFFFFFFFFF49
:105BB000FFFFFFFFFFFFFFFFFFFFFFFFFFFFFFFFF5
:105BC000FFFFFFFFFFFFFFFFFFFFDB92240000004E
:105BD00000002424494949494949494924240000ED
:105BE0000000002492DBFFFFFFFFFFFFFFFFFFFF2E
:105BF000FFFFFFFFFFFFFFFFFFFFFFFFFFFFFFFFB5
:105C0000FFFFFFFFFFFFFFFFFFFFFFFFFFDB6D4910
:105C1000240000000000000000000000000000243C
:105C2000496DDBFFFFFFFFFFFFFFFFFFFFFFFFFFF0
:105C3000FFFFFFFFFFFFFFFFFFFFFFFFFFFFFFFF74
:105C4000FFFFFFFFFFFFFFFFFFFFFFFFFFFFFFFF64
:105C5000DBDB926D49242400002424496D92DBDBB8
:105C6000FFFFFFFFFFFFFFFFFFFFFFFFFFFFFFFF44
:105C7000FFFFFFFFFFFFFFFFFFFFFFFFFFFFFFFF34
:105C8000B692242400000000000000000000000084
:105C90000000000000000000000000000000000004
:105CA00000000024DBFFFFFFFFFFFFFFFFFFFFFF00
:105CB000FFFFFFFFFFFFFFFFFFFFFFFFFFFF926DF3
:105CC000242400000000000000000000000000008C
:105CD00000000000000000000000000000000000C4
:105CE000000000006DDBFFFFFFFFFFFFFFFFFFFF76
:105CF000FFFFFFFFFFFFFFFFFFFFFFFFB6490000B1
:105D00000000494949494949494949494949494995
:105D100049494949494949494949494949494949F3
:105D2000494949240092FFFFFFFFFFFFFFFFFFFFEC
:105D3000FFFFFFFFFFFFFFFFFFFFFFDB4924000026
:105D40009292DBDBDBDBDBDBDBDBDBDBDBDBDBDB35
:105D5000DBDBDBDBDBDBDBDBDBDBDBDBDBDBDBDB93
:105D6000DBDBB6490092FFFFFFFFFFFFFFFFFFFFF6
:105D7000FFFFFFFFFFFFFFFFFFFFB649000092FF9D
:105D8000FFFFFFFFFFFFFFFFFFFFFFFFFFFFFFFF23
:105D9000FFFFFFFFFFFFFFFFFFFFFFFFFFFFFFFF13
:105DA000FFFFDB490092FFFFFFFFFFFFFFFFFFFF49
:105DB000FFFFFFFFFFFFFFFFFFFF49240049FFFF39
:105DC000FFFFFFFFFFFFFFFFFFFFFFFFFFFFFFFFE3
:105DD000FFFFFFFFFFFFFFFFFFFFFFFFFFFFFFFFD3
:105DE000FFFFDB490092FFFFFFFFFFFFFFFFFFFF09
:105DF000FFFFFFFFFFFFFFFFFF92000092FFFFFF8B
:105E0000FFFFFFFFFFFFFFFFFFFFFFFFFFFFFFFFA2
:105E1000FFFFFFFFFFFFFFFFFFFFFFFFFFFFFFFF92
:105E2000FFFFDB490092FFFFFFFFFFFFFFFFFFFFC8
:105E3000FFFFFFFFFFFFFFFFFF6D0000FFFFFFFF02
:105E4000FFFFFFFFFFFFFFFFFFFFFFFFFFFFFFFF62
:105E5000FFFFFFFFFFFFFFFFFFFFFFFFFFFFFFFF52
:105E6000FFFFDB490092FFFFFFFFFFFFFFFFFFFF88
:105E7000FFFFFFFFFFFFFFFFB6240092FFFFFFFFC2
:105E8000FFFFFFFFFFFFFFFFFFFFFFFFFFFFFFFF22
:105E9000FFFFFFFFFFFFFFFFFFFFFFFFFFFFFFFF12
:105EA000FFFFDB490092FFFFFFFFFFFFFFFFFFFF48
:105EB000FFFFFFFFFFFFFFFF92240092FFFFFFFFA6
:105EC000FFFFFFFFFFFFFFFFFFFFFFFFFFFFFFFFE2
:105ED000FFFFFFFFFFFFFFFFFFFFFFFFFFFFFFFFD2
:105EE000FFFFDB490092FFFFFFFFFFFFFFFFFFFF08
:105EF000FFFFFFFFFFFFFFFF240049DBFFFFFFFF66
:105F0000FFFFFFFFFFFFFFFFFFFFFFFFFFFFFFFFA1
:105F1000FFFFFFFFFFFFFFFFFFFFFFFFFFFFFFFF91
:105F2000FFFFDB490092FFFFFFFFFFFFDBDBDBDB57
:105F3000DBDBDBDBDBDBDBFF240049DBFFFFFFFF21
:105F4000FFFFFFFFFFFFFFFFFFFFFFFFFFFFFFFF61
:105F5000FFFFFFFFFFFFFFFFFFFFFFFFFFFFFFFF51
:105F6000FFFFDB490092FFFFFFFFFF9249494949CC
:105F7000494949494949496D000049DBFFFFFFFF95
:105F8000FFFFFFFFFFFFFFFFFFFFFFFFFFFFFFFF21
:105F9000FFFFFFFFFFFFFFFFFFFFFFFFFFFFFFFF11
:105FA000FFFFDB490092FFFFFFFFDB49000000001D
:105FB0000000000000000024000049DBFFFFFFFF9D
:105FC000FFFFFFFFFFFFFFFFFFFFFFFFFFFFFFFFE1
:105FD000FFFFFFFFFFFFFFFFFFFFFFFFFFFFFFFFD1
:105FE000FFFFDB490092FFFFFFFFFFB69292929204
:105FF00092929292929292B6000049DBFFFFFFFFCD
:10600000FFFFFFFFFFFFFFFFFFFFFFFFFFFFFFFFA0
:10601000FFFFFFFFFFFFFFFFFFFFFFFFFFFFFFFF90
:10602000FFFFDB490092FFFFFFFFFFFFFFFFFFFFC6
:10603000FFFFFFFFFFFFFFFF000049DBFFFFFFFF48
:10604000FFFFFFFFFFFFFFFFFFFFFFFFFFFFFFFF60
:10605000FFFFFFFFFFFFFFFFFFFFFFFFFFFFFFFF50
:10606000FFFFDB490092FFFFFFFFFFFFFFFFFFFF86
:10607000FFFFFFFFFFFFFFFF000049DBFFFFFFFF08
:10608000FFFFFFFFFFFFFFFFFFFFFFFFFFFFFFFF20
:10609000FFFFFFFFFFFFFFFFFFFFFFFFFFFFFFFF10
:1060A000FFFFDB490092FFFFFFFFFFFFFFFFFFFF46
:1060B000FFFFFFFFFFFFFFFF000049DBFFFFFFFFC8
:1060C000FFFFFFFFFFFFFFFFFFFFFFFFFFFFFFFFE0
:1060D000FFFFFFFFFFFFFFFFFFFFFFFFFFFFFFFFD0
:1060E000FFFFDB490092FFFFFFFFFFFFFFFFFFFF06
:1060F000FFFFFFFFFFFFFFFF000049DBFFFFFFFF88
:10610000FFFFFFFFFFFFFFFFFFFFFFFFFFFFFFFF9F
:10611000FFFFFFFFFFFFFFFFFFFFFFFFFFFFFFFF8F
:10612000FFFFDB490092FFFFFFFFFFFFFFFFFFFFC5
:10613000FFFFFFFFFFFFFFFF000049DBFFFFFFFF47
:10614000FFFFFFFFFFFFFFFFFFFFFFFFFFFFFFFF5F
:10615000FFFFFFFFFFFFFFFFFFFFFFFFFFFFFFFF4F
:10616000FFFFDB490092FFFFFFFFFFFFFFFFFFFF85
:10617000FFFFFFFFFFFFFFFF000049DBFFFFFFFF07
:10618000FFFFFFFFFFFFFFFFFFFFFFFFFFFFFFFF1F
:10619000FFFFFFFFFFFFFFFFFFFFFFFFFFFFFFFF0F
:1061A000FFFFDB490092FFFFFFFFFFFFFFFFFFFF45
:1061B000FFFFFFFFFFFFFFFF000049DBFFFFFFFFC7
:1061C000FFFFFFFFFFFFFFFFFFFFFFFFFFFFFFFFDF
:1061D000FFFFFFFFFFFFFFFFFFFFFFFFFFFFFFFFCF
:1061E000FFFFDB490092FFFFFFFFFFFFFFFFFFFF05
:1061F000FFFFFFFFFFFFFFFF000049DBFFFFFFFF87
:10620000FFFFFFFFFFFFFFFFFFFFFFFFFFFFFFFF9E
:10621000FFFFFFFFFFFFFFFFFFFFFFFFFFFFFFFF8E
:10622000FFFFDB490092FFFFFFFFFFFFDBDBDBDB54
:10623000DBDBDBDBDBDBDBFF000049DBFFFFFFFF42
:10624000FFFFFFFFFFFFFFFFFFFFFFFFFFFFFFFF5E
:10625000FFFFFFFFFFFFFFFFFFFFFFFFFFFFFFFF4E
:10626000FFFFDB490092FFFFFFFFFF9249494949C9
:10627000494949494949496D000049DBFFFFFFFF92
:10628000FFFFFFFFFFFFFFFFFFFFFFFFFFFFFFFF1E
:10629000FFFFFFFFFFFFFFFFFFFFFFFFFFFFFFFF0E
:1062A000FFFFDB490092FFFFFFFFDB49000000001A
:1062B0000000000000000024000049DBFFFFFFFF9A
:1062C000FFFFFFFFFFFFFFFFFFFFFFFFFFFFFFFFDE
:1062D000FFFFFFFFFFFFFFFFFFFFFFFFFFFFFFFFCE
:1062E000FFFFDB490092FFFFFFFFFFB69292929201
:1062F00092929292929292B6000049DBFFFFFFFFCA
:10630000FFFFFFFFFFFFFFFFFFFFFFFFFFFFFFFF9D
:10631000FFFFFFFFFFFFFFFFFFFFFFFFFFFFFFFF8D
:10632000FFFFDB490092FFFFFFFFFFFFFFFFFFFFC3
:10633000FFFFFFFFFFFFFFFF000049DBFFFFFFFF45
:10634000FFFFFFFFFFFFFFFFFFFFFFFFFFFFFFFF5D
:10635000FFFFFFFFFFFFFFFFFFFFFFFFFFFFFFFF4D
:10636000FFFFDB490092FFFFFFFFFFFFFFFFFFFF83
:10637000FFFFFFFFFFFFFFFF000049DBFFFFFFFF05
:10638000FFFFFFFFFFFFFFFFFFFFFFFFFFFFFFFF1D
:10639000FFFFFFFFFFFFFFFFFFFFFFFFFFFFFFFF0D
:1063A000FFFFDB490092FFFFFFFFFFFFFFFFFFFF43
:1063B000FFFFFFFFFFFFFFFF000049DBFFFFFFFFC5
:1063C000FFFFFFFFFFFFFFFFFFFFFFFFFFFFFFFFDD
:1063D000FFFFFFFFFFFFFFFFFFFFFFFFFFFFFFFFCD
:1063E000FFFFDB490092FFFFFFFFFFFFFFFFFFFF03
:1063F000FFFFFFFFFFFFFFFF000049DBFFFFFFFF85
:10640000FFFFFFFFFFFFFFFFFFFFFFFFFFFFFFFF9C
:10641000FFFFFFFFFFFFFFFFFFFFFFFFFFFFFFFF8C
:10642000FFFFDB490092FFFFFFFFFFFFFFFFFFFFC2
:10643000FFFFFFFFFFFFFFFF000049DBFFFFFFFF44
:10644000FFFFFFFFFFFFFFFFFFFFFFFFFFFFFFFF5C
:10645000FFFFFFFFFFFFFFFFFFFFFFFFFFFFFFFF4C
:10646000FFFFDB490092FFFFFFFFFFFFFFFFFFFF82
:10647000FFFFFFFFFFFFFFFF000049DBFFFFFFFF04
:10648000FFFFFFFFFFFFFFFFFFFFFFFFFFFFFFFF1C
:10649000FFFFFFFFFFFFFFFFFFFFFFFFFFFFFFFF0C
:1064A000FFFFDB490092FFFFFFFFFFFFFFFFFFFF42
:1064B000FFFFFFFFFFFFFFFF000049DBFFFFFFFFC4
:1064C000FFFFFFFFFFFFFFFFFFFFFFFFFFFFFFFFDC
:1064D000FFFFFFFFFFFFFFFFFFFFFFFFFFFFFFFFCC
:1064E000FFFFDB490092FFFFFFFFFFFFFFFFFFFF02
:1064F000FFFFFFFFFFFFFFFF000049DBFFFFFFFF84
:10650000FFFFFFFFFFFFFFFFFFFFFFFFFFFFFFFF9B
:10651000FFFFFFFFFFFFFFFFFFFFFFFFFFFFFFFF8B
:10652000FFFFDB490092FFFFFFFFFFFFDBDBDBDB51
:10653000DBDBDBDBDBDBDBFF000049DBFFFFFFFF3F
:10654000FFFFFFFFFFFFFFFFFFFFFFFFFFFFFFFF5B
:10655000FFFFFFFFFFFFFFFFFFFFFFFFFFFFFFFF4B
:10656000FFFFDB490092FFFFFFFFFF9249494949C6
:10657000494949494949496D000049DBFFFFFFFF8F
:10658000FFFFFFFFFFFFFFFFFFFFFFFFFFFFFFFF1B
:10659000FFFFFFFFFFFFFFFFFFFFFFFFFFFFFFFF0B
:1065A000FFFFDB490092FFFFFFFFDB490000000017
:1065B0000000000000000024240049DBFFFFFFFF73
:1065C000FFFFFFFFFFFFFFFFFFFFFFFFFFFFFFFFDB
:1065D000FFFFFFFFFFFFFFFFFFFFFFFFFFFFFFFFCB
:1065E000FFFFDB490092FFFFFFFFFFB692929292FE
:1065F00092929292929292B66D2424B6FFFFFFFF80
:10660000FFFFFFFFFFFFFFFFFFFFFFFFFFFFFFFF9A
:10661000FFFFFFFFFFFFFFFFFFFFFFFFFFFFFFFF8A
:10662000FFFFDB490092FFFFFFFFFFFFFFFFFFFFC0
:10663000FFFFFFFFFFFFFFFF92240092FFFFFFFF1E
:10664000FFFFFFFFFFFFFFFFFFFFFFFFFFFFFFFF5A
:10665000FFFFFFFFFFFFFFFFFFFFFFFFFFFFFFFF4A
:10666000FFFFDB490092FFFFFFFFFFFFFFFFFFFF80
:10667000FFFFFFFFFFFFFFFFFF6D0024FFFFFFFF96
:10668000FFFFFFFFFFFFFFFFFFFFFFFFFFFFFFFF1A
:10669000FFFFFFFFFFFFFFFFFFFFFFFFFFFFFFFF0A
:1066A000FFFFDB490092FFFFFFFFFFFFFFFFFFFF40
:1066B000FFFFFFFFFFFFFFFFFF6D0000B6FFFFFFC3
:1066C000FFFFFFFFFFFFFFFFFFFFFFFFFFFFFFFFDA
:1066D000FFFFFFFFFFFFFFFFFFFFFFFFFFFFFFFFCA
:1066E000FFFFDB490092FFFFFFFFFFFFFFFFFFFF00
:1066F000FFFFFFFFFFFFFFFFFFFF0000006DFFFF39
:10670000FFFFFFFFFFFFFFFFFFFFFFFFFFFFFFFF99
:10671000FFFFFFFFFFFFFFFFFFFFFFFFFFFFFFFF89
:10672000FFFFDB490092FFFFFFFFFFFFFFFFFFFFBF
:10673000FFFFFFFFFFFFFFFFFFFF6D240024B6FFF9
:10674000FFFFFFFFFFFFFFFFFFFFFFFFFFFFFFFF59
:10675000FFFFFFFFFFFFFFFFFFFFFFFFFFFFFFFF49
:10676000FFFFDB490092FFFFFFFFFFFFFFFFFFFF7F
:10677000FFFFFFFFFFFFFFFFFFFFFFDB0000000049
:10678000DBDBFFFFFFFFFFFFFFFFFFFFFFFFFFFF61
:10679000FFFFFFFFFFFFFFFFFFFFFFFFFFFFFFFF09
:1067A000FFFFDB490092FFFFFFFFFFFFFFFFFFFF3F
:1067B000FFFFFFFFFFFFFFFFFFFFFFFF6D24000054
:1067C000494992929292929292929292929292923B
:1067D0009292929292929292929292929292929299
:1067E00092926D240092FFFFFFFFFFFFFFFFFFFF6C
:1067F000FFFFFFFFFFFFFFFFFFFFFFFFFFFF49243A
:106800000000000000000000000000000000000088
:106810000000000000000000000000000000000078
:106820000000000024B6FFFFFFFFFFFFFFFFFFFF98
:10683000FFFFFFFFFFFFFFFFFFFFFFFFFFFFDBB6D5
:106840006D49000000000000000000000000000092
:106850000000000000000000000000000000000038
:106860000000000092DBFFFFFFFFFFFFFFFFFFFFC5
:10687000FFFFFFFFFFFFFFFFFFFFFFFFFFFFFFFF28
:10688000FFFFFFFF000049FFFFFFFFFFFFFFFFFFCC
:10689000FFFFFFFFFFFFFFFFFF920000FFFFFFFF73
:1068A000FFFFFFFFFFFFFFFFFFFFFFFFFFFFFFFFF8
:1068B000FFFFFFFFFFFFFFFFFFFFFFFFFFFFFFFFE8
:1068C000FFFFFFFF000049DBFFFFFFFFFFFFFFFFB0
:1068D000FFFFFFFFFFFFFFFFFF920000FFFFFFFF33
:1068E000FFFFFFFFFFFFFFFFFFFFFFFFFFFFFFFFB8
:1068F000FFFFFFFFFFFFFFFFFFFFFFFFFFFFFFFFA8
:10690000FFFFFFFF000049DBFFFFFFFFFFFFFFFF6F
:10691000FFFFFFFFFFFFFFFFFF920000FFFFFFFFF2
:10692000FFFFFFFFFFFFFFFFFFFFFFFFFFFFFFFF77
:10693000FFFFFFFFFFFFFFFFFFFFFFFFFFFFFFFF67
:10694000FFFFFFFF000049DBFFFFFFFFFFFFFFFF2F
:10695000FFFFFFFFFFFFFFFFFF920000FFFFFFFFB2
:10696000FFFFFFFFFFFFFFFFFFFFFFFFFFFFFFFF37
:10697000FFFFFFFFFFFFFFFFFFFFFFFFFFFFFFFF27
:10698000FFFFFFFF000049DBFFFFFFFFFFFFFFFFEF
:10699000FFFFFFFFFFFFFFFFFF920000FFFFFFFF72
:1069A000FFFFFFFFFFFFFFFFFFFFFFFFFFFFFFFFF7
:1069B000FFFFFFFFFFFFFFFFFFFFFFFFFFFFFFFFE7
:1069C000FFFFFFFF000049DBFFFFFFFFFFFFFFFFAF
:1069D000FFFFFFFFFFFFFFFFFF920000FFFFFFFF32
:1069E000FFFFFFFFFFFFFFFFFFFFFFFFFFFFFFFFB7
:1069F000FFFFFFFFFFFFFFFFFFFFFFFFFFFFFFFFA7
:106A0000FFFFFFFF492424B6FFFFFFFFFFFFFFFF4B
:106A1000FFFFFFFFFFFFFFFFFF6D0024FFFFFFFFF2
:106A2000FFFFFFFFFFFFFFFFFFFFFFFFFFFFFFFF76
:106A3000FFFFFFFFFFFFFFFFFFFFFFFFFFFFFFFF66
:106A4000FFFFFFFF92240092FFFFFFFFFFFFFFFF0A
:106A5000FFFFFFFFFFFFFFFFDB490049FFFFFFFFD5
:106A6000FFFFFFFFFFFFFFFFFFFFFFFFFFFFFFFF36
:106A7000FFFFFFFFFFFFFFFFFFFFFFFFFFFFFFFF26
:106A8000FFFFFFFFFF6D0024FFFFFFFFFFFFFFFF82
:106A9000FFFFFFFFFFFFFFFF242400B6FFFFFFFF04
:106AA000FFFFFFFFFFFFFFFFFFFFFFFFFFFFFFFFF6
:106AB000FFFFFFFFFFFFFFFFFFFFFFFFFFFFFFFFE6
:106AC000FFFFFFFFFF6D0000B6FFFFFFFFFFFFFFAF
:106AD000FFFFFFFFFFFFFFDB000024B6FFFFFFFF0C
:106AE000FFFFFFFFFFFFFFFFFFFFFFFFFFFFFFFFB6
:106AF000FFFFFFFFFFFFFFFFFFFFFFFFFFFFFFFFA6
:106B0000FFFFFFFFFFFF0000006DFFFFFFFFFFFF24
:106B1000FFFFFFFFFFFFB6490000FFFFFFFFFFFF82
:106B2000FFFFFFFFFFFFFFFFFFFFFFFFFFFFFFFF75
:106B3000FFFFFFFFFFFFFFFFFFFFFFFFFFFFFFFF65
:106B4000FFFFFFFFFFFF6D240024B6FFFFFFFFFFE5
:106B5000FFFFFFFFFFDB49240049FFFFFFFFFFFFAF
:106B6000FFFFFFFFFFFFFFFFFFFFFFFFFFFFFFFF35
:106B7000FFFFFFFFFFFFFFFFFFFFFFFFFFFFFFFF25
:106B8000FFFFFFFFFFFFFFDB00000000DBDBFFFF7D
:106B9000FFFFFFDB2400000092FFFFFFFFFFFFFF6E
:106BA000FFFFFFFFFFFFFFFFFFFFFFFFFFFFFFFFF5
:106BB000FFFFFFFFFFFFFFFFFFFFFFFFFFFFFFFFE5
:106BC000FFFFFFFFFFFFFFFF6D2400004949929286
:106BD00092926D4924000049FFFFFFFFFFFFFFFF76
:106BE000FFFFFFFFFFFFFFFFFFFFFFFFFFFFFFFFB5
:106BF000FFFFFFFFFFFFFFFFFFFFFFFFFFFFFFFFA5
:106C0000FFFFFFFFFFFFFFFFFFFF49240000000021
:106C1000000000000024FFFFFFFFFFFFFFFFFFFF5A
:106C2000FFFFFFFFFFFFFFFFFFFFFFFFFFFFFFFF74
:106C3000FFFFFFFFFFFFFFFFFFFFFFFFFFFFFFFF64
:106C4000FFFFFFFFFFFFFFFFFFFFDBB66D6D24249B
:106C50000024496DB6DBFFFFFFFFFFFFFFFFFFFFD3
:106C6000FFFFFFFFFFFFFFFFFFFFFFFFFFFFFFFF34
:106C7000FFFFFFFFFFFFFFFFFF6D2400000000008C
:106C80000000000000000000000000000000000004
:106C900000000000000000000000000000000000F4
:106CA00000000000000000000000000000246DFF54
:106CB000FFFFFFFFFFFFFFFF6D000000000000006F
:106CC00000000000000000000000000000000000C4
:106CD00000000000000000000000000000000000B4
:106CE0000000000000000000000000000000006D37
:106CF000FFFFFFFFFFFFFFFF2400244949494949E7
:106D000049494949494949494949494949494949F3
:106D100049494949494949494949494949494949E3
:106D20004949494949494949494949494924002466
:106D3000FFFFFFFFFFFFFFFF000049FFFFFFFFFF17
:106D4000FFFFFFFFFFFFFFFFFFFFFFFFFFFFFFFF53
:106D5000FFFFFFFFFFFFFFFFFFFFFFFFFFFFFFFF43
:106D6000FFFFFFFFFFFFFFFFFFFFFFFFFF490024C3
:106D7000FFFFFFFFFFFFFFFF000049FFFFFFFFFFD7
:106D8000FFFFFFFFFFFFFFFFFFFFFFFFFFFFFFFF13
:106D9000FFFFFFFFFFFFFFFFFFFFFFFFFFFFFFFF03
:106DA000FFFFFFFFFFFFFFFFFFFFFFFFFF49002483
:106DB000FFFFFFFFFFFFFFFF000049FFFFFFFFFF97
:106DC000FFFFFFFFFFFFFFFFFFFFFFFFFFFFFFFFD3
:106DD000FFFFFFFFFFFFFFFFFFFFFFFFFFFFFFFFC3
:106DE000FFFFFFFFFFFFFFFFFFFFFFFFFF49002443
:106DF000FFFFFFFFFFFFFFFF000049FFFFFFFFFF57
:106E0000FFFFFFFFFFFFFFFFFFFFFFFFFFFFFFFF92
:106E1000FFFFFFFFFFFFFFFFFFFFFFFFFFFFFFFF82
:106E2000FFFFFFFFFFFFFFFFFFFFFFFFFF49002402
:106E3000FFFFFFFFFFFFFFFF000049FFFFFFFFFF16
:106E4000FFFFFFFFFFFFFFFFFFFFFFFFFFFFFFFF52
:106E5000FFFFFFFFFFFFFFFFFFFFFFFFFFFFFFFF42
:106E6000FFFFFFFFFFFFFFFFFFFFFFFFFF490024C2
:106E7000FFFFFFFFFFFFFFFF000049FFFFFFFFFFD6
:106E8000FFFFFFFFFFFFFFFFFFFFFFFFFFFFFFFF12
:106E9000FFFFFFFFFFFFFFFFFFFFFFFFFFFFFFFF02
:106EA000FFFFFFFFFFFFFFFFFFFFFFFFFF49002482
:106EB000FFFFFFFFFFFFFFFF000049FFFFFFFFFF96
:106EC000FFFFFFFFFFFFFFFFFFFFFFFFFFFFFFFFD2
:106ED000FFFFFFFFFFFFFFFFFFFFFFFFFFFFFFFFC2
:106EE000FFFFFFFFFFFFFFFFFFFFFFFFFF49002442
:106EF000FFFFFFFFFFFFFFFF000049FFFFFFFFFF56
:106F0000FFFFFFFFFFFFFFFFFFFFFFFFFFFFFFFF91
:106F1000FFFFFFFFFFFFFFFFFFFFFFFFFFFFFFFF81
:106F2000FFFFFFFFFFFFFFFFFFFFFFFFFF49002401
:106F3000FFFFFFFFFFFFFFFF000049FFFFFFFFFF15
:106F4000FFFFFFFFFFFFFFFFFFFFFFFFFFFFFFFF51
:106F5000FFFFFFFFFFFFFFFFFFFFFFFFFFFFFFFF41
:106F6000FFFFFFFFFFFFFFFFFFFFFFFFFF490024C1
:106F7000FFFFFFFFFFFFFFFF000049FFFFFFFFFFD5
:106F8000FFFFFFFFFFFFFFFFFFFFFFFFFFFFFFFF11
:106F9000FFFFFFFFFFFFFFFFFFFFFFFFFFFFFFFF01
:106FA000FFFFFFFFFFFFFFFFFFFFFFFFFF49002481
:106FB000FFFFFFFFFFFFFFFF000049FFFFFFFFFF95
:106FC000FFFFFFFFFFFFFFFFFFFFFFFFFFFFFFFFD1
:106FD000FFFFFFFFFFFFFFFFFFFFFFFFFFFFFFFFC1
:106FE000FFFFFFFFFFFFFFFFFFFFFFFFFF49002441
:106FF000FFFFFFFFFFFFFFFF000049FFFFFFFFFF55
:10700000FFFFFFFFFFFFFFFFFFFFFFFFFFFFFFFF90
:10701000FFFFFFFFFFFFFFFFFFFFFFFFFFFFFFFF80
:10702000FFFFFFFFFFFFFFFFFFFFFFFFFF49002400
:10703000FFFFFFFFFFFFFFFF000049FFFFFFFFFF14
:10704000FFFFFFFFFFFFFFFFFFFFFFFFFFFFFFFF50
:10705000FFFFFFFFFFFFFFFFFFFFFFFFFFFFFFFF40
:10706000FFFFFFFFFFFFFFFFFFFFFFFFFF490024C0
:10707000FFFFFFFFFFFFFFFF000049FFFFFFFFFFD4
:10708000FFFFFFFFFFFFFFFFFFFFFFFFFFFFFFFF10
:10709000FFFFFFFFFFFFFFFFFFFFFFFFFFFFFFFF00
:1070A000FFFFFFFFFFFFFFFFFFFFFFFFFF49002480
:1070B000FFFFFFFFFFFFFFFF000049FFFFFFFFFF94
:1070C000FFFFFFFFFFFFFFFFFFFFFFFFFFFFFFFFD0
:1070D000FFFFFFFFFFFFFFFFFFFFFFFFFFFFFFFFC0
:1070E000FFFFFFFFFFFFFFFFFFFFFFFFFF49002440
:1070F000FFFFFFFFFFFFFFFF000049FFFFFFFFFF54
:10710000FFFFFFFFFFFFFFFFFFFFFFFFFFFFFFFF8F
:10711000FFFFFFFFFFFFFFFFFFFFFFFFFFFFFFFF7F
:10712000FFFFFFFFFFFFFFFFFFFFFFFFFF490024FF
:10713000FFFFFFFFFFFFFFFF000049FFFFFFFFFF13
:10714000FFFFFFFFFFFFFFFFFFFFFFFFFFFFFFFF4F
:10715000FFFFFFFFFFFFFFFFFFFFFFFFFFFFFFFF3F
:10716000FFFFFFFFFFFFFFFFFFFFFFFFFF490024BF
:10717000FFFFFFFFFFFFFFFF000049FFFFFFFFFFD3
:10718000FFFFFFFFFFFFFFFFFFFFFFFFFFFFFFFF0F
:10719000FFFFFFFFFFFFFFFFFFFFFFFFFFFFFFFFFF
:1071A000FFFFFFFFFFFFFFFFFFFFFFFFFF4900247F
:1071B000FFFFFFFFFFFFFFFF000049FFFFFFFFFF93
:1071C000FFFFFFFFFFFFFFFFFFFFFFFFFFFFFFFFCF
:1071D000FFFFFFFFFFFFFFFFFFFFFFFFFFFFFFFFBF
:1071E000FFFFFFFFFFFFFFFFFFFFFFFFFF4900243F
:1071F000FFFFFFFFB6496DFF000049FFFFFFFFFFE4
:10720000FFFFFFFFFFFFFFFFFFFFFFFFFFFFFFFF8E
:10721000FFFFFFFFFFFFFFFFFFFFFFFFFFFFFFFF7E
:10722000FFFFFFFFFFFFFFFFFFFFFFFFFF490024FE
:10723000FFFFFFFF00000092000049FFFFFFFFFF7C
:10724000FFFFFFFFFFFFFFFFFFFFFFFFFFFFFFFF4E
:10725000FFFFFFFFFFFFFFFFFFFFFFFFFFFFFFFF3E
:10726000FFFFFFFFFFFFFFFFFFFFFFFFFF490024BE
:10727000FFFFFFFF6D000024000049FFFFFFFFFF3D
:10728000FFFFFFFFFFFFFFFFFFFFFFFFFFFFFFFF0E
:10729000FFFFFFFFFFFFFFFFFFFFFFFFFFB6240021
:1072A00000000000000000000000000000000024BA
:1072B000FFFFFFFFFF490000000049FFFFFFFFFF46
:1072C000FFFFFFFFFFFFFFFFFFFFFFFFFFFFFFFFCE
:1072D000FFFFFFFFFFFFFFFFFFFFFFFFFF49000072
:1072E000000000000000000000000000000000247A
:1072F000FFFFFFFFFF490000000049FFFFFFFFFF06
:10730000FFFFFFFFFFFFFFFFFFFFFFFFFFFFFFFF8D
:10731000FFFFFFFFFFFFFFFFFFFFFFFFFF49000031
:10732000494949494949494949494924000024B63C
:10733000FFFFFFFFFF490000000049FFFFFFFFFFC5
:10734000FFFFFFFFFFFFFFFFFFFFFFFFFFFFFFFF4D
:10735000FFFFFFFFFFFFFFFFFFFFFFFFFF490024CD
:10736000FFFFFFFFFFFFFFFFFFFF92240024B6FF98
:10737000FFFFFFFFFF490000000049FFFFFFFFFF85
:10738000FFFFFFFFFFFFFFFFFFFFFFFFFFFFFFFF0D
:10739000FFFFFFFFFFFFFFFFFFFFFFFFFF4900248D
:1073A000FFFFFFFFFFFFFFFFFF92000024B6FFFF7C
:1073B000FFFFFFFFFF490000000049FFFFFFFFFF45
:1073C000FFFFFFFFFFFFFFFFFFFFFFFFFFFFFFFFCD
:1073D000FFFFFFFFFFFFFFFFFFFFFFFFFF4900244D
:1073E000FFFFFFFFFFFFFFFF92240024B6FFFFFF18
:1073F000FFFFFFFFFF490000000049FFFFFFFFFF05
:10740000FFFFFFFFFFFFFFFFFFFFFFFFFFFFFFFF8C
:10741000FFFFFFFFFFFFFFFFFFFFFFFFFF4900240C
:10742000FFFFFFFFFFFFFF92000024B6FFFFFFFFFB
:10743000FFFFFFFFFF490000000049FFFFFFFFFFC4
:10744000FFFFFFFFFFFFFFFFFFFFFFFFFFFFFFFF4C
:10745000FFFFFFFFFFFFFFFFFFFFFFFFFF490024CC
:10746000FFFFFFFFFFFF92240024B6FFFFFFFFFF97
:10747000FFFFFFFFFF490000000049FFFFFFFFFF84
:10748000FFFFFFFFFFFFFFFFFFFFFFFFFFFFFFFF0C
:10749000FFFFFFFFFFFFFFFFFFFFFFFFFF4900248C
:1074A000FFFFFFFFFF92000024B6FFFFFFFFFFFF7B
:1074B000FFFFFFFFFF490000000049FFFFFFFFFF44
:1074C000FFFFFFFFFFFFFFFFFFFFFFFFFFFFFFFFCC
:1074D000FFFFFFFFFFFFFFFFFFFFFFFFFF4900244C
:1074E000FFFFFFFF92240024B6FFFFFFFFFFFFFF17
:1074F000FFFFFFFFFF490000000049FFFFFFFFFF04
:10750000FFFFFFFFFFFFFFFFFFFFFFFFFFFFFFFF8B
:10751000FFFFFFFFFFFFFFFFFFFFFFFFFF4900240B
:10752000FFFFFF92000024B6FFFFFFFFFFFFFFFFFA
:10753000FFFFFFFFFF490000000049FFFFFFFFFFC3
:10754000FFFFFFFFFFFFFFFFFFFFFFFFFFFFFFFF4B
:10755000FFFFFFFFFFFFFFFFFFFFFFFFFF490024CB
:10756000FFFF92240024B6FFFFFFFFFFFFFFFFFF96
:10757000FFFFFFFFFF490000000049FFFFFFFFFF83
:10758000FFFFFFFFFFFFFFFFFFFFFFFFFFFFFFFF0B
:10759000FFFFFFFFFFFFFFFFFFFFFFFFFF4900248B
:1075A000FF92000024B6FFFFFFFFFFFFFFFFFFFF7A
:1075B000FFFFFFFFFF490000000049FFFFFFFFFF43
:1075C000FFFFFFFFFFFFFFFFFFFFFFFFFFFFFFFFCB
:1075D000FFFFFFFFFFFFFFFFFFFFFFFFFF4900244B
:1075E00092240024B6FFFFFFFFFFFFFFFFFFFFFF16
:1075F000FFFFFFFFFF490000000049FFFFFFFFFF03
:10760000FFFFFFFFFFFFFFFFFFFFFFFFFFFFFFFF8A
:10761000FFFFFFFFFFFFFFFFFFFFFFFFFF4900002E
:10762000000024B6FFFFFFFFFFFFFFFFFFFFFFFF8C
:10763000FFFFFFFFFF490000000049FFFFFFFFFFC2
:10764000FFFFFFFFFFFFFFFFFFFFFFFFFFFFFFFF4A
:10765000FFFFFFFFFFFFFFFFFFFFFFFFFF490000EE
:107660000024B6FFFFFFFFFFFFFFFFFFFFFFFFFF4D
:10767000FFFFFFFFFF4900002400000000000000A2
:1076800000000000000000000000000000000000FA
:1076900000000000000000000000000000000000EA
:1076A00024B6FFFFFFFFFFFFFFFFFFFFFFFFFFFF0E
:1076B000FFFFFFFFFF4900009200000000000000F4
:1076C00000000000000000000000000000000000BA
:1076D0000000000000000000000000000000002486
:1076E000B6FFFFFFFFFFFFFFFFFFFFFFFFFFFFFFF3
:1076F000FFFFFFFFFF490000FFB6494949494949DB
:1077000049494949494949494949494949494949E9
:10771000494949494949494949494949494949B66C
:10772000FFFFFFFFFFFFFFFFFFFFFFFFFFFFFFFF69
:10773000FFFFFFFFFF490000FFFFFFFFFFFFFFFF0D
:10774000FFFFFFFFFFFFFFFFFFFFFFFFFFFFFFFF49
:10775000FFFFFFFFFFFFFFFFFFFFFFFFFFFFFFFF39
:10776000FFFFFFFFFFFFFFFFFFFFFFFFFFFFFFFF29
:10777000FFFFFFFFFF490000FFFFFFFFFFFFFFFFCD
:10778000FFFFFFFFFFFFFFFFFFFFFFFFFFFFFFFF09
:10779000FFFFFFFFFFFFFFFFFFFFFFFFFFFFFFFFF9
:1077A000FFFFFFFFFFFFFFFFFFFFFFFFFFFFFFFFE9
:1077B000FFFFFFFFFF490000FFFFFFFFFFFFFFFF8D
:1077C000FFFFFFFFFFFFFFFFFFFFFFFFFFFFFFFFC9
:1077D000FFFFFFFFFFFFFFFFFFFFFFFFFFFFFFFFB9
:1077E000FFFFFFFFFFDB49494949494949494949E9
:1077F0004949494949240000FFFFFFFFFFFFFFFF00
:10780000FFDBFFFFFFFFFFFFFFFFFFFFFFFFFFFFAC
:10781000FFFFFFFFFFFFFFFFFFFFFFFFFFFFFFFF78
:10782000FFFFFFFFFF490000000000000000000014
:107830000000000000000024FFFFFFFFFFFFFFFF2C
:10784000492492FFFFFFFFFFFFFFFFFFFFFFFFFF46
:10785000FFFFFFFFFFFFFFFFFFFFFFFFFFFFFFFF38
:10786000FFFFFFFFFF4900000000000000000000D4
:107870000000000000000092FFFFFFFFFFFFFFFF7E
:10788000000049FFFFFFFFFFFFFFFFFFFFFFFFFFBC
:10789000FFFFFFFFFFFFFFFFFFFFFFFFFFFFFFFFF8
:1078A000FFFFFFFFFF490024FFFFFFFFFFFFFFFF78
:1078B000FFFFDB2400006DFFFFFFFFFFFFFFFFFF67
:1078C000000049FFFFFFFFFFFFFFFFFFFFFFFFFF7C
:1078D000FFFFFFFFFFFFFFFFFFFFFFFFFFFFFFFFB8
:1078E000FFFFFFFFFF490024FFFFFFFFFFFFFFFF38
:1078F000FFB624000092FFFFFFFFFFFFFFFFFFFF27
:10790000000049FFFFFFFFFFFFFFFFFFFFFFFFFF3B
:10791000FFFFFFFFFFFFFFFFFFFFFFFFFFFFFFFF77
:10792000FFFFFFFFFF490024FFFFFFFFFFFFFFFFF7
:10793000DB2400006DFFFFFFFFFFFFFFFFFFFFFFE6
:10794000000049FFFFFFFFFFFFFFFFFFFFFFFFFFFB
:10795000FFFFFFFFFFFFFFFFFFFFFFFFFFFFFFFF37
:10796000FFFFFFFFFF490024FFFFFFFFFFFFFFDBDB
:1079700024000092FFFFFFFFFFFFFFFFFFFFFFFF5D
:10798000000049FFFFFFFFFFFFFFFFFFFFFFFFFFBB
:10799000FFFFFFFFFFFFFFFFFFFFFFFFFFFFFFFFF7
:1079A000FFFFFFFFFF490024FFFFFFFFFFFFDB2476
:1079B00000006DFFFFFFFFFFFFFFFFFFFFFFFFFF67
:1079C000000049FFFFFFFFFFFFFFFFFFFFFFFFFF7B
:1079D000FFFFFFFFFFFFFFFFFFFFFFFFFFFFFFFFB7
:1079E000FFFFFFFFFF490024FFFFFFFFFFDB240035
:1079F0000092FFFFFFFFFFFFFFFFFFFFFFFFFFFF03
:107A0000000049FFFFFFFFFFFFFFFFFFFFFFFFFF3A
:107A1000FFFFFFFFFFFFFFFFFFFFFFFFFFFFFFFF76
:107A2000FFFFFFFFFF490024FFFFFFFFDB240000F3
:107A30006DFFFFFFFFFFFFFFFFFFFFFFFFFFFFFFE8
:107A4000000049FFFFFFFFFFFFFFFFFFFFFFFFFFFA
:107A5000FFFFFFFFFFFFFFFFFFFFFFFFFFFFFFFF36
:107A6000FFFFFFFFFF490024FFFFFFDB2400009220
:107A7000FFFFFFFFFFFFFFFFFFFFFFFFFFFFFFFF16
:107A8000000049FFFFFFFFFFFFFFFFFFFFFFFFFFBA
:107A9000FFFFFFFFFFFFFFFFFFFFFFFFFFFFFFFFF6
:107AA000FFFFFFFFFF490024FFFFDB2400006DFF05
:107AB000FFFFFFFFFFFFFFFFFFFFFFFFFFFFFFFFD6
:107AC000000049FFFFFFFFFFFFFFFFFFFFFFFFFF7A
:107AD000FFFFFFFFFFFFFFFFFFFFFFFFFFFFFFFFB6
:107AE000FFFFFFFFFF490024FFDB24000092FFFFA0
:107AF000FFFFFFFFFFFFFFFFFFFFFFFFFFFFFFFF96
:107B0000000049FFFFFFFFFFFFFFFFFFFFFFFFFF39
:107B1000FFFFFFFFFFFFFFFFFFFFFFFFFFFFFFFF75
:107B2000FFFFFFFFFF490024DB2400006DFFFFFF84
:107B3000FFFFFFFFFFFFFFFFFFFFFFFFFFFFFFFF55
:107B4000000049FFFFFFFFFFFFFFFFFFFFFFFFFFF9
:107B5000FFFFFFFFFFFFFFFFFFFFFFFFFFFFFFFF35
:107B6000FFFFFFFFFF49002424000092FFFFFFFFFB
:107B7000FFFFFFFFFFFFFFFFFFFFFFFFFFFFFFFF15
:107B8000000049FFFFFFFFFFFFFFFFFFFFFFFFFFB9
:107B9000FFFFFFFFFFFFFFFFFFFFFFFFFFFFFFFFF5
:107BA000FFFFFFFFFF49000000006DFFFFFFFFFF29
:107BB000FFFFFFFFFFFFFFFFFFFFFFFFFFFFFFFFD5
:107BC00024002449494949494949494949494949B8
:107BD0004949494949494949494949494949494915
:107BE00049494949492400000092FFFFFFFFFFFF78
:107BF000FFFFFFFFFFFFFFFFFFFFFFFFFFFFFFFF95
:107C00006D00000000000000000000000000000007
:107C10000000000000000000000000000000000064
:107C200000000000000000006DFFFFFFFFFFFFFFEE
:107C3000FFFFFFFFFFFFFFFFFFFFFFFFFFFFFFFF54
:107C4000FF6D2424242424242424242424242424D0
:107C500024242424242424242424242424242424E4
:107C60002424242424242492FFFFFFFFFFFFFFFF8E
:107C7000FFFFFFFFFFFFFFFFFFB64900000000000E
:107C800092FFFFFFFFFFFFFFFFFFFFFFFFFFFFFF71
:107C9000FFFFFFFFFFFFFFFFFFFFFFFFFFFFFFFFF4
:107CA000FFFFFFFFFFFFFFFFFFFFFFFFFFFFFFFFE4
:107CB000FFFFFFFFFFFFFFFFB624000000000000F2
:107CC00024DBFFFFFFFFFFFFFFFFFFFFFFFFFFFFC3
:107CD000FFFFFFFFFFFFFFFFFFFFFFFFFFFFFFFFB4
:107CE000FFFFFFFFFFFFFFFFFFFFFFFFFFFFFFFFA4
:107CF000FFFFFFFFFFFFFFFF4900244949494924D7
:107D0000006DFFFFFFFFFFFFFFFFFFFFFFFFFFFF14
:107D1000FFFFFFFFFFFFFFFFFFFFFFFFFFFFFFFF73
:107D2000FFFFFFFFFFFFFFFFFFFFFFFFFFFFFFFF63
:107D3000FFFFFFFFFFFFFFFF000049FFFFFFFF49BD
:107D40000000B6FFFFFFFFFFFFFFFFFFFFFFFFFF8A
:107D5000FFFFFFFFFFFFFFFFFFFFFFFFFFFFFFFF33
:107D6000FFFFFFFFFFFFFFFFFFFFFFFFFFFFFFFF23
:107D7000FFFFFFFFFFFFFFFF000049FFFFFFFFDBEB
:107D8000000049FFFFFFFFFFFFFFFFFFFFFFFFFFB7
:107D9000FFFFFFFFFFFFFFFFFFFFFFFFFFFFFFFFF3
:107DA000FFFFFFFFFFFFFFFFFFFFFFFFFFFFFFFFE3
:107DB000FFFFFFFFFFFFFFFF000049FFFFFFFFFF87
:107DC0006D0024B6FFFFFFFFFFFFFFFFFFFFFFFF78
:107DD000FFFFFFFFFFFFFFFFFFFFFFFFFFFFFFFFB3
:107DE000FFFFFFFFFFFFFFFFFFFFFFFFFFFFFFFFA3
:107DF000FFFFFFFFFFFFFFFF000049FFFFFFFFFF47
:107E0000DB240024FFFFFFFFFFFFFFFFFFFFFFFF5B
:107E1000FFFFFFFFFFFFFFFFFFFFFFFFFFFFFFFF72
:107E2000FFFFFFFFFFFFFFFFFFFFFFFFFFFFFFFF62
:107E3000FFFFFFFFFFFFFFFF000049FFFFFFFFFF06
:107E4000FF6D000092FFFFFFFFFFFFFFFFFFFFFF3F
:107E5000FFFFFFFFFFFFFFFFFFFFFFFFFFFFFFFF32
:107E6000FFFFFFFFFFFFFFFFFFFFFFFFFFFFFFFF22
:107E7000FFFFFFFFFFFFFFFF000049FFFFFFFFFFC6
:107E8000FFFF240024FFFFFFFFFFFFFFFFFFFFFFB7
:107E9000FFFFFFFFFFFFFFFFFFFFFFFFFFFFFFFFF2
:107EA000FFFFFFFFFFFFFFFFFFFFFFFFFFFFFFFFE2
:107EB000FFFFFFFFFFFFFFFF000049FFFFFFFFFF86
:107EC000FFFF92000092FFFFFFFFFFFFFFFFFFFF9A
:107ED000FFFFFFFFFFFFFFFFFFFFFFFFFFFFFFFFB2
:107EE000FFFFFFFFFFFFFFFFFFFFFFFFFFFFFFFFA2
:107EF000FFFFFFFFFFFFFFFF000049FFFFFFFFFF46
:107F0000FFFFFF240024DBFFFFFFFFFFFFFFFFFF5A
:107F1000FFFFFFFFFFFFFFFFFFFFFFFFFFFFFFFF71
:107F2000FFFFFFFFFFFFFFFFFFFFFFFFFFFFFFFF61
:107F3000FFFFFFFFFFFFFFFF000049FFFFFFFFFF05
:107F4000FFFFFF9200006DFFFFFFFFFFFFFFFFFF3E
:107F5000FFFFFFFFFFFFFFFFFFFFFFFFFFFFFFFF31
:107F6000FFFFFFFFFFFFFFFFFFFFFFFFFFFFFFFF21
:107F7000FFFFFFFFFFFFFFFF000049FFFFFFFFFFC5
:107F8000FFFFFFFF490024DBFFFFFFFFFFFFFFFFB5
:107F9000FFFFFFFFFFFFFFFFFFFFFFFFFFFFFFFFF1
:107FA000FFFFFFFFFFFFFFFFFFFFFFFFFFFFFFFFE1
:107FB000FFFFFFFFFFFFFFFF000049FFFFFFFFFF85
:107FC000FFFFFFFFDB240049FFFFFFFFFFFFFFFF75
:107FD000FFFFFFFFFFFFFFFFFFFFFFFFFFFFFFFFB1
:107FE000FFFFFFFFFFFFFFFFFFFFFFFFFFFFFFFFA1
:107FF000FFFFFFFFFFFFFFFF000049FFFFFFFFFF45
:10800000FFFFFFFFFF490000B6FFFFFFFFFFFFFF7D
:10801000FFFFFFFFFFFFFFFFFFFFFFDBDBDBDBDB24
:10802000DBDBDBDBDBDBDBDBDBDBDBDBFFFFFFFF10
:10803000FFFFFFFFFFFFFFFF000049FFFFFFFFFF04
:10804000FFFFFFFFFFDB000049FFFFFFFFFFFFFF18
:10805000FFFFFFFFFFFFFFB66D492424240000004F
:108060000000000000000000000000244992FFFF13
:10807000FFFFFFFFFFFFFFFF000049FFFFFFFFFFC4
:10808000FFFFFFFFFFFF6D0000B6FFFFFFFFFFFFD9
:10809000FFFFFFFFB64900000000000000000000E5
:1080A000000000000000000000000000000024B6F6
:1080B000FFFFFFFFFFFFFFFF000049FFFFFFFFFF84
:1080C000FFFFFFFFFFFFDB240024FFFFFFFFFFFF99
:1080D000FFFF6D240000000000244992B6B6DBDBF0
:1080E000DBDBDBDBDBDBDBDBDBDBB66D24000000BB
:1080F00049FFFFFFFFFFFFFF000049FFFFFFFFFFFA
:10810000FFFFFFFFFFFFFF6D000092FFFFFFFFFF7C
:108110009224000000244992DBFFFFFFFFFFFFFFD6
:10812000FFFFFFFFFFFFFFFFFFFFFFFFFF922400A6
:108130000024DBFFFFFFFFFF000049FFFFFFFFFF01
:10814000FFFFFFFFFFFFFFFF240024DBFFFFDB49F2
:108150000000002492DBFFFFFFFFFFFFFFFFFFFF98
:10816000FFFFFFFFFFFFFFFFFFFFFFFFFFFFDB49F9
:10817000000024DBFFFFFFFF000049FFFFFFFFFFC0
:10818000FFFFFFFFFFFFFFFFB6000092FFB62400D6
:10819000002492FFFFFFFFFFFFFFFFFFFFFFFFFF36
:1081A000FFFFFFFFFFFFFFFFFFFFFFFFFFFFFFFFDF
:1081B0006D000049FFFFFFFF000049FFFFFFFFFFC9
:1081C000FFFFFFFFFFFFFFFFFF4900246D240000BA
:1081D0006DDBFFFFFFFFFFFFFFFFFFFFFFFFFFFF65
:1081E000FFFFFFFFFFFFFFFFFFFFFFFFFFFFFFFF9F
:1081F000FF4900006DFFFFFF000049FFFFFFFFFF89
:10820000FFFFFFFFFFFFFFFFFFB60000000024920B
:10821000FFFFFFFFFFFFFFFFFFFFFFFFFFFFFFFF6E
:10822000FFFFFFFFFFFFFFFFFFFFFFFFFFFFFFFF5E
:10823000FFFF240024DBFFFF000049FFFFFFFFFFDB
:10824000FFFFFFFFFFFFFFFFFFFF49000024B6FF16
:10825000FFFFFFFFFFFFFFFFFFFFFFFFFFFFFFFF2E
:10826000FFFFFFFFFFFFFFFFFFFFFFFFFFFFFFFF1E
:10827000FFFFB6240049FFFF000049FFFFFFFFFF9B
:10828000FFFFFFFFFFFFFFFFFFFFDB2424B6FFFF21
:10829000FFFFFFFFFFFFFFFFFFFFFFFFFFFFFFFFEE
:1082A000FFFFFFFFFFFFFFFFFFFFFFFFFFFFFFFFDE
:1082B000FFFFFF490000B6FF000049FFFFFFFFFF7F
:1082C000FFFFFFFFFFFFFFFFFFFFFFDBDBFFFFFF06
:1082D000FFFFFFFFFFFFFFFFFFFFFFFFFFFFFFFFAE
:1082E000FFFFFFFFFFFFFFFFFFFFFFFFFFFFFFFF9E
:1082F000FFFFFFDB000049FF000049FFFFFFFFFF1A
:10830000FFFFFFFFFFFFFFFFFFFFFFFFFFFFFFFF7D
:10831000FFFFFFFFFFFFFFFFFFFFFFFFFFFFFFFF6D
:10832000FFFFFFFFFFFFFFFFFFFFFFFFFFFFFFFF5D
:10833000FFFFFFFF490024DB000049FFFFFFFFFFB5
:10834000FFFFFFFFFFFFFFFFFFFFFFFFFFFFFFFF3D
:10835000FFFFFFFFFFFFFFFFFFFFFFFFFFFFFFFF2D
:10836000FFFFFFFFFFFFFFFFFFFFFFFFFFFFFFFF1D
:10837000FFFFFFFFB60000B6000049FFFFFFFFFF51
:10838000FFFFFFFFFFFFFFFFFFFFFFFFFFFFFFFFFD
:10839000FFFFFFFFFFFFFFFFFFFFFFFFFFFFFFFFED
:1083A000FFFFFFFFFFFFFFFFFFFFFFFFFFFFFFFFDD
:1083B000FFFFFFFFDB240092000049FFFFFFFFFFEC
:1083C000FFFFFFFFFFFFFFFFFFFFFFFFFFFFFFFFBD
:1083D000FFFFFFFFFFFFFFFFFFFFFFFFFFFFFFFFAD
:1083E000FFFFFFFFFFFFFFFFFFFFFFFFFFFFFFFF9D
:1083F000FFFFFFFFFF240049000049FFFFFFFFFFD1
:10840000FFFFFFFFFFFFFFFFFFFFFFFFFFFFFFFF7C
:10841000FFFFFFFFFFFFFFFFFFFFFFFFFFFFFFFF6C
:10842000FFFFFFFFFFFFFFFFFFFFFFFFFFFFFFFF5C
:10843000FFFFFFFFFF490024000049FFFFFFFFFF90
:10844000FFFFFFFFFFFFFFFFFFFFFFFFFFFFFFFF3C
:10845000FFFFFFFFFFFFFFFFFFFFFFFFFFFFFFFF2C
:10846000FFFFFFFFFFFFFFFFFFFFFFFFFFFFFFFF1C
:10847000FFFFFFFFFF490024000049FFFFFFFFFF50
:10848000FFFFFFFFFFFFFFFFFFFFFFFFFFFFFFFFFC
:10849000FFFFFFFFFFFFFFFFFFFFFFFFFFFFFFFFEC
:1084A000FFFFFFFFFFFFFFFFFFFFFFFFFFFFFFFFDC
:1084B000FFFFFFFFFF490024000049FFFFFFFFFF10
:1084C000FFFFFFFFFFFFFFFFFFFFFFFFFFFFFFFFBC
:1084D000FFFFFFFFFFFFFFFFFFFFFFFFFFFFFFFFAC
:1084E000FFFFFFFFFFFFFFFFFFFFFFFFFFFFFFFF9C
:1084F000FFFFFFFFFF490024000049FFFFFFFFFFD0
:10850000FFFFFFFFFFFFFFFFFFFFFFFFFFFFFFFF7B
:10851000FFFFFFFFFFFFFFFFFFFFFFFFFFFFFFFF6B
:10852000FFFFFFFFFFFFFFFFFFFFFFFFFFFFFFFF5B
:10853000FFFFFFFFFF240049000049FFFFFFFFFF8F
:10854000FFFFFFFFFFFFFFFFFFFFFFFFFFFFFFFF3B
:10855000FFFFFFFFFFFFFFFFFFFFFFFFFFFFFFFF2B
:10856000FFFFFFFFFFFFFFFFFFFFFFFFFFFFFFFF1B
:10857000FFFFFFFFDB240092000049FFFFFFFFFF2A
:10858000FFFFFFFFFFFFFFFFFFFFFFFFFFFFFFFFFB
:10859000FFFFFFFFFFFFFFFFFFFFFFFFFFFFFFFFEB
:1085A000FFFFFFFFFFFFFFFFFFFFFFFFFFFFFFFFDB
:1085B000FFFFFFFFB60000B6000049FFFFFFFFFF0F
:1085C000FFFFFFFFFFFFFFFFFFFFFFFFFFFFFFFFBB
:1085D000FFFFFFFFFFFFFFFFFFFFFFFFFFFFFFFFAB
:1085E000FFFFFFFFFFFFFFFFFFFFFFFFFFFFFFFF9B
:1085F000FFFFFFFF490024DB000049FFFFFFFFFFF3
:10860000FFFFFFFFFFFFFFFFFFFFFFDBDBFFFFFFC2
:10861000FFFFFFFFFFFFFFFFFFFFFFFFFFFFFFFF6A
:10862000FFFFFFFFFFFFFFFFFFFFFFFFFFFFFFFF5A
:10863000FFFFFFDB000049FF000049FFFFFFFFFFD6
:10864000FFFFFFFFFFFFFFFFFFFFDB2424B6FFFF5D
:10865000FFFFFFFFFFFFFFFFFFFFFFFFFFFFFFFF2A
:10866000FFFFFFFFFFFFFFFFFFFFFFFFFFFFFFFF1A
:10867000FFFFFF490000B6FF000049FFFFFFFFFFBB
:10868000FFFFFFFFFFFFFFFFFFFF49000024B6FFD2
:10869000FFFFFFFFFFFFFFFFFFFFFFFFFFFFFFFFEA
:1086A000FFFFFFFFFFFFFFFFFFFFFFFFFFFFFFFFDA
:1086B000FFFFB6240049FFFF000049FFFFFFFFFF57
:1086C000FFFFFFFFFFFFFFFFFFB600000000249247
:1086D000FFFFFFFFFFFFFFFFFFFFFFFFFFFFFFFFAA
:1086E000FFFFFFFFFFFFFFFFFFFFFFFFFFFFFFFF9A
:1086F000FFFF240024DBFFFF000049FFFFFFFFFF17
:10870000FFFFFFFFFFFFFFFFFF4900246D24000074
:108710006DDBFFFFFFFFFFFFFFFFFFFFFFFFFFFF1F
:10872000FFFFFFFFFFFFFFFFFFFFFFFFFFFFFFFF59
:10873000FF4900006DFFFFFF000049FFFFFFFFFF43
:10874000FFFFFFFFFFFFFFFFB6000092FFB6240010
:10875000002492FFFFFFFFFFFFFFFFFFFFFFFFFF70
:10876000FFFFFFFFFFFFFFFFFFFFFFFFFFFFFFFF19
:108770006D000049FFFFFFFF000049FFFFFFFFFF03
:10878000FFFFFFFFFFFFFFFF240024DBFFFFDB49AC
:108790000000002492DBFFFFFFFFFFFFFFFFFFFF52
:1087A000FFFFFFFFFFFFFFFFFFFFFFFFFFFFDB49B3
:1087B000000024DBFFFFFFFF000049FFFFFFFFFF7A
:1087C000FFFFFFFFFFFFFF6D000092FFFFFFFFFFB6
:1087D0009224000000244992DBFFFFFFFFFFFFFF10
:1087E000FFFFFFFFFFFFFFFFFFFFFFFFFF922400E0
:1087F0000024DBFFFFFFFFFF000049FFFFFFFFFF3B
:10880000FFFFFFFFFFFFDB240024FFFFFFFFFFFF51
:10881000FFFF6D240000000000244992B6B6DBDBA8
:10882000DBDBDBDBDBDBDBDBDBDBB66D2400000073
:1088300049FFFFFFFFFFFFFF000049FFFFFFFFFFB2
:10884000FFFFFFFFFFFF6D0000B6FFFFFFFFFFFF11
:10885000FFFFFFFFB649000000000000000000001D
:10886000000000000000000000000000000024B62E
:10887000FFFFFFFFFFFFFFFF000049FFFFFFFFFFBC
:10888000FFFFFFFFFFDB000049FFFFFFFFFFFFFFD0
:10889000FFFFFFFFFFFFFFB66D4924242400000007
:1088A0000000000000000000000000244992FFFFCB
:1088B000FFFFFFFFFFFFFFFF000049FFFFFFFFFF7C
:1088C000FFFFFFFFFF490000B6FFFFFFFFFFFFFFB5
:1088D000FFFFFFFFFFFFFFFFFFFFFFDBDBDBDBDB5C
:1088E000DBDBDBDBDBDBDBDBDBDBDBDBFFFFFFFF48
:1088F000FFFFFFFFFFFFFFFF000049FFFFFFFFFF3C
:10890000FFFFFFFFDB240049FFFFFFFFFFFFFFFF2B
:10891000FFFFFFFFFFFFFFFFFFFFFFFFFFFFFFFF67
:10892000FFFFFFFFFFFFFFFFFFFFFFFFFFFFFFFF57
:10893000FFFFFFFFFFFFFFFF000049FFFFFFFFFFFB
:10894000FFFFFFFF490024DBFFFFFFFFFFFFFFFFEB
:10895000FFFFFFFFFFFFFFFFFFFFFFFFFFFFFFFF27
:10896000FFFFFFFFFFFFFFFFFFFFFFFFFFFFFFFF17
:10897000FFFFFFFFFFFFFFFF000049FFFFFFFFFFBB
:10898000FFFFFF9200006DFFFFFFFFFFFFFFFFFFF4
:10899000FFFFFFFFFFFFFFFFFFFFFFFFFFFFFFFFE7
:1089A000FFFFFFFFFFFFFFFFFFFFFFFFFFFFFFFFD7
:1089B000FFFFFFFFFFFFFFFF000049FFFFFFFFFF7B
:1089C000FFFFFF240024DBFFFFFFFFFFFFFFFFFF90
:1089D000FFFFFFFFFFFFFFFFFFFFFFFFFFFFFFFFA7
:1089E000FFFFFFFFFFFFFFFFFFFFFFFFFFFFFFFF97
:1089F000FFFFFFFFFFFFFFFF000049FFFFFFFFFF3B
:108A0000FFFF92000092FFFFFFFFFFFFFFFFFFFF4E
:108A1000FFFFFFFFFFFFFFFFFFFFFFFFFFFFFFFF66
:108A2000FFFFFFFFFFFFFFFFFFFFFFFFFFFFFFFF56
:108A3000FFFFFFFFFFFFFFFF000049FFFFFFFFFFFA
:108A4000FFFF240024FFFFFFFFFFFFFFFFFFFFFFEB
:108A5000FFFFFFFFFFFFFFFFFFFFFFFFFFFFFFFF26
:108A6000FFFFFFFFFFFFFFFFFFFFFFFFFFFFFFFF16
:108A7000FFFFFFFFFFFFFFFF000049FFFFFFFFFFBA
:108A8000FF6D000092FFFFFFFFFFFFFFFFFFFFFFF3
:108A9000FFFFFFFFFFFFFFFFFFFFFFFFFFFFFFFFE6
:108AA000FFFFFFFFFFFFFFFFFFFFFFFFFFFFFFFFD6
:108AB000FFFFFFFFFFFFFFFF000049FFFFFFFFFF7A
:108AC000DB240024FFFFFFFFFFFFFFFFFFFFFFFF8F
:108AD000FFFFFFFFFFFFFFFFFFFFFFFFFFFFFFFFA6
:108AE000FFFFFFFFFFFFFFFFFFFFFFFFFFFFFFFF96
:108AF000FFFFFFFFFFFFFFFF000049FFFFFFFFFF3A
:108B00006D0024B6FFFFFFFFFFFFFFFFFFFFFFFF2A
:108B1000FFFFFFFFFFFFFFFFFFFFFFFFFFFFFFFF65
:108B2000FFFFFFFFFFFFFFFFFFFFFFFFFFFFFFFF55
:108B3000FFFFFFFFFFFFFFFF000049FFFFFFFFDB1D
:108B4000240049FFFFFFFFFFFFFFFFFFFFFFFFFFC5
:108B5000FFFFFFFFFFFFFFFFFFFFFFFFFFFFFFFF25
:108B6000FFFFFFFFFFFFFFFFFFFFFFFFFFFFFFFF15
:108B7000FFFFFFFFFFFFFFFF000049FFFFFFFF496F
:108B80000000B6FFFFFFFFFFFFFFFFFFFFFFFFFF3C
:108B9000FFFFFFFFFFFFFFFFFFFFFFFFFFFFFFFFE5
:108BA000FFFFFFFFFFFFFFFFFFFFFFFFFFFFFFFFD5
:108BB000FFFFFFFFFFFFFFFF490024494949492408
:108BC000006DFFFFFFFFFFFFFFFFFFFFFFFFFFFF46
:108BD000FFFFFFFFFFFFFFFFFFFFFFFFFFFFFFFFA5
:108BE000FFFFFFFFFFFFFFFFFFFFFFFFFFFFFFFF95
:108BF000FFFFFFFFFFFFFFFFB624000000000000A3
:108C000024DBFFFFFFFFFFFFFFFFFFFFFFFFFFFF73
:108C1000FFFFFFFFFFFFFFFFFFFFFFFFFFFFFFFF64
:108C2000FFFFFFFFFFFFFFFFFFFFFFFFFFFFFFFF54
:108C3000FFFFFFFFFFFFFFFFFFB64900000000003E
:108C400092FFFFFFFFFFFFFFFFFFFFFFFFFFFFFFA1
:108C5000FFFFFFFFFFFFFFFFFFFFFFFFFFFFFFFF24
:108C6000FFFFFFFFFFFFFFFFFFFFFFFFFFFFFFFF14
:108C7000FFFFFFFFFFFFFFFFFFB6490000000000FE
:108C800092FFFFFFFFFFFFFFFFFFFFFFFFFFFFFF61
:108C9000FFFFFFFFFFFFFFFFFFFFFFFFFFFFFFFFE4
:108CA000FFFFFFFFFFFFFFFFFFFFFFFFFFFFFFFFD4
:108CB000FFFFFFFFFFFFFFFFB624000000000000E2
:108CC00024DBFFFFFFFFFFFFFFFFFFFFFFFFFFFFB3
:108CD000FFFFFFFFFFFFFFFFFFFFFFFFFFFFFFFFA4
:108CE000FFFFFFFFFFFFFFFFFFFFFFFFFFFFFFFF94
:108CF000FFFFFFFFFFFFFFFF4900244949494924C7
:108D0000006DFFFFFFFFFFFFFFFFFFFFFFFFFFFF04
:108D1000FFFFFFFFFFFFFFFFFFFFFFFFFFFFFFFF63
:108D2000FFFFFFFFFFFFFFFFFFFFFFFFFFFFFFFF53
:108D3000FFFFFFFFFFFFFFFF000049FFFFFFFF49AD
:108D40000000B6FFFFFFFFFFFFFFFFFFFFFFFFFF7A
:108D5000FFFFFFFFFFFFFFFFFFFFFFFFFFFFFFFF23
:108D6000FFFFFFFFFFFFFFFFFFFFFFFFFFFFFFFF13
:108D7000FFFFFFFFFFFFFFFF000049FFFFFFFFDBDB
:108D8000240049FFFFFFFFFFFFFFFFFFFFFFFFFF83
:108D9000FFFFFFFFFFFFFFFFFFFFFFFFFFFFFFFFE3
:108DA000FFFFFFFFFFFFFFFFFFFFFFFFFFFFFFFFD3
:108DB000FFFFFFFFFFFFFFFF000049FFFFFFFFFF77
:108DC0006D0024B6FFFFFFFFFFFFFFFFFFFFFFFF68
:108DD000FFFFFFFFFFFFFFFFFFFFFFFFFFFFFFFFA3
:108DE000FFFFFFFFFFFFFFFFFFFFFFFFFFFFFFFF93
:108DF000FFFFFFFFFFFFFFFF000049FFFFFFFFFF37
:108E0000DB240024FFFFFFFFFFFFFFFFFFFFFFFF4B
:108E1000FFFFFFFFFFFFFFFFFFFFFFFFFFFFFFFF62
:108E2000FFFFFFFFFFFFFFFFFFFFFFFFFFFFFFFF52
:108E3000FFFFFFFFFFFFFFFF000049FFFFFFFFFFF6
:108E4000FF6D000092FFFFFFFFFFFFFFFFFFFFFF2F
:108E5000FFFFFFFFFFFFFFFFFFFFFFFFFFFFFFFF22
:108E6000FFFFFFFFFFFFFFFFFFFFFFFFFFFFFFFF12
:108E7000FFFFFFFFFFFFFFFF000049FFFFFFFFFFB6
:108E8000FFFF240024DBFFFFFFFFFFFFFFFFFFFFCB
:108E9000FFFFFFFFFFFFFFFFFFFFFFFFFFFFFFFFE2
:108EA000FFFFFFFFFFFFFFFFFFFFFFFFFFFFFFFFD2
:108EB000FFFFFFFFFFFFFFFF000049FFFFFFFFFF76
:108EC000FFFFB600006DFFFFFFFFFFFFFFFFFFFF8B
:108ED000FFFFFFFFFFFFFFFFFFFFFFFFFFFFFFFFA2
:108EE000FFFFFFFFFFFFFFFFFFFFFFFFFFFFFFFF92
:108EF000FFFFFFFFFFFFFFFF000049FFFFFFFFFF36
:108F0000FFFFFF490000DBFFFFFFFFFFFFFFFFFF49
:108F1000FFFFFFFFFFFFFFFFFFFFFFFFFFFFFFFF61
:108F2000FFFFFFFFFFFFFFFFFFFFFFFFFFFFFFFF51
:108F3000FFFFFFFFFFFFFFFF000049FFFFFFFFFFF5
:108F4000FFFFFFB6000049FFFFFFFFFFFFFFFFFF2E
:108F5000FFFFFFFFFFFFFFFFFFFFFFFFFFFFFFFF21
:108F6000FFFFFFFFFFFFFFFFFFFFFFFFFFFFFFFF11
:108F7000FFFFFFFFFFFFFFFF000049FFFFFFFFFFB5
:108F8000FFFFFFFF490024DBFFFFFFFFFFFFFFFFA5
:108F9000FFFFFFFFFFFFFFFFFFFFFFFFFFFFFFFFE1
:108FA000FFFFFFFFFFFFFFFFFFFFFFFFFFFFFFFFD1
:108FB000FFFFFFFFFFFFFFFF000049FFFFFFFFFF75
:108FC000FFFFFFFFDB240049FFFFFFFFFFFFFFFF65
:108FD000FFFFFFFFFFFFFFFFFFFFFFFFFFFFFFFFA1
:108FE000FFFFFFFFFFFFFFFFFFFFFFFFFFFFFFFF91
:108FF000FFFFFFFFFFFFFFFF000049FFFFFFFFFF35
:10900000FFFFFFFFFF490000B6FFFFFFFFFFFFFF6D
:10901000FFFFFFFFFFFFFFFFFFFFFFDBDBDBDBDB14
:10902000DBDBDBDBDBDBDBDBDBDBDBDBFFFFFFFF00
:10903000FFFFFFFFFFFFFFFF000049FFFFFFFFFFF4
:10904000FFFFFFFFFFDB240049FFFFFFFFFFFFFFE4
:10905000FFFFFFFFFFFFDB926D4924242400000087
:109060000000000000000000000000002449DBFFB9
:10907000FFFFFFFFFFFFFFFF000049FFFFFFFFFFB4
:10908000FFFFFFFFFFFF920000B6FFFFFFFFFFFFA4
:10909000FFFFFFDBB64900000000000000000000F9
:1090A0000000000000000000000000000000246D2F
:1090B000FFFFFFFFFFFFFFFF000049FFFFFFFFFF74
:1090C000FFFFFFFFFFFFDB240024FFFFFFFFFFFF89
:1090D000FFDB49240000000000246D92B6B6DBDB04
:1090E000DBDBDBDBDBDBDBDBDBDBDB92490000003C
:1090F00024DBFFFFFFFFFFFF000049FFFFFFFFFF33
:10910000FFFFFFFFFFFFFF9200006DFFFFFFFFFF6C
:109110006D24000000244992DBFFFFFFFFFFFFFFEB
:10912000FFFFFFFFFFFFFFFFFFFFFFFFFFB649004D
:109130000024B6FFFFFFFFFF000049FFFFFFFFFF16
:10914000FFFFFFFFFFFFFFFF240024DBFFFFB6242C
:1091500000000049B6FFFFFFFFFFFFFFFFFFFFFF1B
:10916000FFFFFFFFFFFFFFFFFFFFFFFFFFFFFF6DA1
:10917000000024DBFFFFFFFF000049FFFFFFFFFFB0
:10918000FFFFFFFFFFFFFFFFB624006DFF9200000F
:109190000049B6FFFFFFFFFFFFFFFFFFFFFFFFFFDD
:1091A000FFFFFFFFFFFFFFFFFFFFFFFFFFFFFFFFCF
:1091B00092240024FFFFFFFF000049FFFFFFFFFF95
:1091C000FFFFFFFFFFFFFFFFFF4900004900000016
:1091D00092FFFFFFFFFFFFFFFFFFFFFFFFFFFFFF0C
:1091E000FFFFFFFFFFFFFFFFFFFFFFFFFFFFFFFF8F
:1091F000FF92000049FFFFFF000049FFFFFFFFFF54
:10920000FFFFFFFFFFFFFFFFFFB60000000024B6D7
:10921000FFFFFFFFFFFFFFFFFFFFFFFFFFFFFFFF5E
:10922000FFFFFFFFFFFFFFFFFFFFFFFFFFFFFFFF4E
:10923000FFFF490024B6FFFF000049FFFFFFFFFFCB
:10924000FFFFFFFFFFFFFFFFFFFF6D000024DBFFBD
:10925000FFFFFFFFFFFFFFFFFFFFFFFFFFFFFFFF1E
:10926000FFFFFFFFFFFFFFFFFFFFFFFFFFFFFFFF0E
:10927000FFFFDB240024FFFF000049FFFFFFFFFF8B
:10928000FFFFFFFFFFFFFFFFFFFFDB2424DBFFFFEC
:10929000FFFFFFFFFFFFFFFFFFFFFFFFFFFFFFFFDE
:1092A000FFFFFFFFFFFFFFFFFFFFFFFFFFFFFFFFCE
:1092B000FFFFFF6D0000B6FF000049FFFFFFFFFF4B
:1092C000FFFFFFFFFFFFFFFFFFFFFFFFFFFFFFFFAE
:1092D000FFFFFFFFFFFFFFFFFFFFFFFFFFFFFFFF9E
:1092E000FFFFFFFFFFFFFFFFFFFFFFFFFFFFFFFF8E
:1092F000FFFFFFFF240049FF000049FFFFFFFFFFC2
:10930000FFFFFFFFFFFFFFFFFFFFFFFFFFFFFFFF6D
:10931000FFFFFFFFFFFFFFFFFFFFFFFFFFFFFFFF5D
:10932000FFFFFFFFFFFFFFFFFFFFFFFFFFFFFFFF4D
:10933000FFFFFFFF6D0024DB000049FFFFFFFFFF81
:10934000FFFFFFFFFFFFFFFFFFFFFFFFFFFFFFFF2D
:10935000FFFFFFFFFFFFFFFFFFFFFFFFFFFFFFFF1D
:10936000FFFFFFFFFFFFFFFFFFFFFFFFFFFFFFFF0D
:10937000FFFFFFFFB60000B6000049FFFFFFFFFF41
:10938000FFFFFFFFFFFFFFFFFFFFFFFFFFFFFFFFED
:10939000FFFFFFFFFFFFFFFFFFFFFFFFFFFFFFFFDD
:1093A000FFFFFFFFFFFFFFFFFFFFFFFFFFFFFFFFCD
:1093B000FFFFFFFFDB24006D000049FFFFFFFFFF01
:1093C000FFFFFFFFFFFFFFFFFFFFFFFFFFFFFFFFAD
:1093D000FFFFFFFFFFFFFFFFFFFFFFFFFFFFFFFF9D
:1093E000FFFFFFFFFFFFFFFFFFFFFFFFFFFFFFFF8D
:1093F000FFFFFFFFFF490049000049FFFFFFFFFF9C
:10940000FFFFFFFFFFFFFFFFFFFFFFFFFFFFFFFF6C
:10941000FFFFFFFFFFFFFFFFFFFFFFFFFFFFFFFF5C
:10942000FFFFFFFFFFFFFFFFFFFFFFFFFFFFFFFF4C
:10943000FFFFFFFFFF490024000049FFFFFFFFFF80
:10944000FFFFFFFFFFFFFFFFFFFFFFFFFFFFFFFF2C
:10945000FFFFFFFFFFFFFFFFFFFFFFFFFFFFFFFF1C
:10946000FFFFFFFFFFFFFFFFFFFFFFFFFFFFFFFF0C
:10947000FFFFFFFFFF490000000049FFFFFFFFFF64
:10948000FFFFFFFFFFFFFFFFFFFFFFFFFFFFFFFFEC
:10949000FFFFFFFFFFFFFFFFFFFFFFFFFFFFFFFFDC
:1094A000FFFFFFFFFFFFFFFFFFFFFFFFFFFFFFFFCC
:1094B000FFFFFFFFFF490024000049FFFFFFFFFF00
:1094C000FFFFFFFFFFFFFFFFFFFFFFFFFFFFFFFFAC
:1094D000FFFFFFFFFFFFFFFFFFFFFFFFFFFFFFFF9C
:1094E000FFFFFFFFFFFFFFFFFFFFFFFFFFFFFFFF8C
:1094F000FFFFFFFFFF490024000049FFFFFFFFFFC0
:10950000FFFFFFFFFFFFFFFFFFFFFFFFFFFFFFFF6B
:10951000FFFFFFFFFFFFFFFFFFFFFFFFFFFFFFFF5B
:10952000FFFFFFFFFFFFFFFFFFFFFFFFFFFFFFFF4B
:10953000FFFFFFFFFF240049000049FFFFFFFFFF7F
:10954000FFFFFFFFFFFFFFFFFFFFFFFFFFFFFFFF2B
:10955000FFFFFFFFFFFFFFFFFFFFFFFFFFFFFFFF1B
:10956000FFFFFFFFFFFFFFFFFFFFFFFFFFFFFFFF0B
:10957000FFFFFFFFDB240092000049FFFFFFFFFF1A
:10958000FFFFFFFFFFFFFFFFFFFFFFFFFFFFFFFFEB
:10959000FFFFFFFFFFFFFFFFFFFFFFFFFFFFFFFFDB
:1095A000FFFFFFFFFFFFFFFFFFFFFFFFFFFFFFFFCB
:1095B000FFFFFFFFB60000DB000049FFFFFFFFFFDA
:1095C000FFFFFFFFFFFFFFFFFFFFFFFFFFFFFFFFAB
:1095D000FFFFFFFFFFFFFFFFFFFFFFFFFFFFFFFF9B
:1095E000FFFFFFFFFFFFFFFFFFFFFFFFFFFFFFFF8B
:1095F000FFFFFFFF490024FF000049FFFFFFFFFFBF
:10960000FFFFFFFFFFFFFFFFFFFFFFB6B6FFFFFFFC
:10961000FFFFFFFFFFFFFFFFFFFFFFFFFFFFFFFF5A
:10962000FFFFFFFFFFFFFFFFFFFFFFFFFFFFFFFF4A
:10963000FFFFFFDB00006DFF000049FFFFFFFFFFA2
:10964000FFFFFFFFFFFFFFFFFFFFB6242492FFFF96
:10965000FFFFFFFFFFFFFFFFFFFFFFFFFFFFFFFF1A
:10966000FFFFFFFFFFFFFFFFFFFFFFFFFFFFFFFF0A
:10967000FFFFFF6D0000DBFF492492FFFFFFFFFFAC
:10968000FFFFFFFFFFFFFFFFFFFF4900000092FF0A
:10969000FFFFFFFFFFFFFFFFFFFFFFFFFFFFFFFFDA
:1096A000FFFFFFFFFFFFFFFFFFFFFFFFFFFFFFFFCA
:1096B000FFFFDB24006DFFFFFFDBFFFFFFFFFFFF6E
:1096C000FFFFFFFFFFFFFFFFFFB600000000246D5C
:1096D000FFFFFFFFFFFFFFFFFFFFFFFFFFFFFFFF9A
:1096E000FFFFFFFFFFFFFFFFFFFFFFFFFFFFFFFF8A
:1096F000FFFF490024DBFFFFFFFFFFFFFFFFFFFF2E
:10970000DBB6FFFFFFFFFFFFFF49002492240000AC
:1097100049DBFFFFFFFFFFFFFFFFFFFFFFFFFFFF33
:10972000FFFFFFFFFFFFFFFFFFFFFFFFFFFFFFFF49
:10973000FF6D000092FFFFFFFFFFFFFFFFFFFFB67F
:1097400024006DFFFFFFFFFFB624006DFFDB240048
:1097500000246DDBFFFFFFFFFFFFFFFFFFFFFFFFA9
:10976000FFFFFFFFFFFFFFFFFFFFFFFFFFFFFFFF09
:109770006D24006DFFFFFFFFFFFFFFFFFFFFB6241B
:10978000000092FFFFFFFFFF490024DBFFFFFF6D9A
:10979000240000006DDBFFFFFFFFFFFFFFFFFFFF67
:1097A000FFFFFFFFFFFFFFFFFFFFFFFFFFFFFF6D5B
:1097B000000049FFFFFFFFFFFFFFFFFFFFB6240090
:1097C0000092FFFFFFFFFFB600006DFFFFFFFFFFEE
:1097D000B64900000024496DB6FFFFFFFFFFFFFF01
:1097E000FFFFFFFFFFFFFFFFFFFFFFFFFFB6490087
:1097F0000049FFFFFFFFFFFFFFFFFFFFB624000050
:109800006DFFFFFFFFFFFF490024DBFFFFFFFFFFAE
:10981000FFFF9249240000000000496D92B6DBDB97
:10982000DBDBDBDBDBDBDBDBDBDBDB9249000024D0
:109830006DFFFFFFFFFFFFFFFFFFFFB62400009259
:10984000FFFFFFFFFFFFDB24006DFFFFFFFFFFFFB8
:10985000FFFFFFFFDB92240000000000000000007B
:10986000000000000000000000000000000049B6F9
:10987000FFFFFFFFFFFFFFFFFFFFB62400006DFFAC
:10988000FFFFFFFFFFFFDB2424DBFFFFFFFFFFFFE6
:10989000FFFFFFFFFFFFFFDB924949242424000064
:1098A00000000000000000000000242449B6FFFF73
:1098B000FFFFFFFFFFFFFFFFFFB624000092FFFF47
:1098C000FFFFFFFFFFFFFFFFFFFFFFFFFFFFFFFFA8
:1098D000FFFFFFFFFFFFFFFFFFFFFFFFDBDBDBDB28
:1098E000DBDBDBDBDBDBDBDBDBDBDBFFFFFFFFFF14
:1098F000FFFFFFFFFFFFFFFFDB2400006DFFFFFF07
:10990000FFFFFFFFFFFFFFFFFFFFFFFFFFFFFFFF67
:10991000FFFFFFFFFFFFFFFFFFFFFFFFFFFFFFFF57
:10992000FFFFFFFFFFFFFFFFFFFFFFFFFFFFFFFF47
:10993000FFFFFFFFFFFFFFFF2400006DFFFFFFFFA2
:10994000FFFFFFFFFFFFFFFFFFFFFFFFFFFFFFFF27
:10995000FFFFFFFFFFFFFFFFFFFFFFFFFFFFFFFF17
:10996000FFFFFFFFFFFFFFFFFFFFFFFFFFFFFFFF07
:10997000FFFFFFFFFFFFFFFF4900000092FFFFFF17
:10998000FFFFFFFFFFFFFFFFFFFFFFFFFFFFFFFFE7
:10999000FFFFFFFFFFFFFFFFFFFFFFFFFFFFFFFFD7
:1099A000FFFFFFFFFFFFFFFFFFFFFFFFFFFFFFFFC7
:1099B000FFFFFFFFFFFFFFFFFF6D00000049DBFF20
:1099C000FFFFFFFFFFFFFFFFFFFFFFFFFFFFFFFFA7
:1099D000FFFFFFFFFFFFFFFFFFFFFFFFFFFFFFFF97
:1099E000FFFFFFFFFFFFFFFFFFFFFFFFFFFFFFFF87
:1099F000FFFFFFFFFFFFFFFFFFFFB624000024B6BD
:109A0000FFFFFFFFFFFFFFFFFFFFFFFFFFFFFFFF66
:109A1000FFFFFFFFFFFFFFFFFFFFFFFFFFFFFFFF56
:109A2000FFFFFFFFFFFFFFFFFFFFFFFFFFFFFFFF46
:109A3000FFFFFFFFFFFFFFFFFFFFFFDB49000024E9
:109A40006DFFFFFFFFFFFFFFFFFFFFFFFFFFFFFFB8
:109A5000FFFFFFFFFFFFFFFFFFFFFFFFFFFFFFFF16
:109A6000FFFFFFFFFFFFFFFFFFFFFFFFFFFFFFFF06
:109A7000FFFFFFFFFFFFFFFFFFFFFFFFFF9224003D
:109A80000049DBFFFFFFFFFFFFFFFFFFFFFFFFFFBF
:109A9000FFFFFFFFFFFFFFFFFFFFFFFFFFFFFFFFD6
:109AA000FFFFFFFFFFFFFFFFFFFFFFFFFFFFFFFFC6
:109AB000FFFFFFFFFFFFFFFFFFFFFFFFFFFFDB24B5
:109AC00000002492FFFFFFFFFFFFFFFFFFFFFFFFEC
:109AD000FFFFFFFFFFFFFFFFFFFFFFFFFFFFFFFF96
:109AE000FFFFFFFFFFFFFFFFFFFFFFFFFFFFFFFF86
:109AF000FFFFFFFFFFFFFFFFFFFFFFFFFFFFFFFF76
:109B00006D2400006DFFFFFFFFFFFFFFFFFFFFFF62
:109B1000FFFFFFFFFFFFFFFFFFFFFFFFFFFFFFFF55
:109B2000FFFFFFFFFFFFFFFFFFFFFFFFFFFFFFFF45
:109B3000FFFFFFFFFFFFFFFFFFFFFFFFFFFFFFFF35
:109B4000FFB624000024B6FFFFFFFFFFFFFFFFFF6B
:109B5000FFFFFFFFFFFFFFFFFFFFFFFFFFFFFFFF15
:109B6000FFFFFFFFFFFFFFFFFFFFFFFFFFFFFFFF05
:109B7000FFFFFFFFFFFFFFFFFFFFFFFFFFFFFFFFF5
:109B8000FFFFDB4900002492FFFFFFFFFFFFFFFF05
:109B9000FFFFFFFFFFFFFFFFFFFFFFFFFFFFFFFFD5
:109BA000FFFFFFFFFFFFFFFFFFFFFFFFFFFFFFFFC5
:109BB000FFFFFFFFFFFFFFFFFFFFFFFFFFFFFFFFB5
:109BC000FFFFFFFF9224000049FFFFFFFFFFFFFFA1
:109BD000FFFFFFFFFFFFFFFFFFFFFFFFFFFFFFFF95
:109BE000FFFFFFFFFFFFFFFFFFFFFFFFFFFFFFFF85
:109BF000FFFFFFFFFFFFFFFFFFFFFFFFFFFFFFFF75
:109C0000FFFFFFFFFFB6240024DBFFFFFFFFFFFF86
:109C1000FFFFFFFFFFFFFFFFFFFFFFFFFFFFFFFF54
:109C2000FFFFFFFFFFFFFFFFFFFFFFFFFFFFFFFF44
:109C3000FFFFFFFFFFFFFFFFFFFFFFFFFFFFFFFF34
:109C4000FFFFFFFFFFFFDB6D6DFFFFFFFFFFFFFF6C
:109C5000FFFFFFFFFFFFFFFFFFFFFFFFFFFFFFFF14
:109C6000FFFFFFFFFFFFFFFFFFFFFFFFFFFFFFFF04
:109C7000FFFFFFFFFFFFFFFFFFB6490000000000EE
:109C800092FFFFFFFFFFFFFFFFFFFFFFFFFFFFFF51
:109C9000FFFFFFFFFFFFFFFFFFFFFFFFFFFFFFFFD4
:109CA000FFFFFFFFFFFFFFFFFFFFFFFFFFFFFFFFC4
:109CB000FFFFFFFFFFFFFFFFB624000000000000D2
:109CC00024DBFFFFFFFFFFFFFFFFFFFFFFFFFFFFA3
:109CD000FFFFFFFFFFFFFFFFFFFFFFFFFFFFFFFF94
:109CE000FFFFFFFFFFFFFFFFFFFFFFFFFFFFFFFF84
:109CF000FFFFFFFFFFFFFFFF4900244949494924B7
:109D0000006DFFFFFFFFFFFFFFFFFFFFFFFFFFFFF4
:109D1000FFFFFFFFFFFFFFFFFFFFFFFFFFFFFFFF53
:109D2000FFFFFFFFFFFFFFFFFFFFFFFFFFFFFFFF43
:109D3000FFFFFFFFFFFFFFFF000049FFFFFFFF499D
:109D40000000B6FFFFFFFFFFFFFFFFFFFFFFFFFF6A
:109D5000FFFFFFFFFFFFFFFFFFFFFFFFFFFFFFFF13
:109D6000FFFFFFFFFFFFFFFFFFFFFFFFFFFFFFFF03
:109D7000FFFFFFFFFFFFFFFF000049FFFFFFFFDBCB
:109D8000240049FFFFFFFFFFFFFFFFFFFFFFFFFF73
:109D9000FFFFFFFFFFFFFFFFFFFFFFFFFFFFFFFFD3
:109DA000FFFFFFFFFFFFFFFFFFFFFFFFFFFFFFFFC3
:109DB000FFFFFFFFFFFFFFFF000049FFFFFFFFFF67
:109DC0006D0024B6FFFFFFFFFFFFFFFFFFFFFFFF58
:109DD000FFFFFFFFFFFFFFFFFFFFFFFFFFFFFFFF93
:109DE000FFFFFFFFFFFFFFFFFFFFFFFFFFFFFFFF83
:109DF000FFFFFFFFFFFFFFFF000049FFFFFFFFFF27
:109E0000DB240024FFFFFFFFFFFFFFFFFFFFFFFF3B
:109E1000FFFFFFFFFFFFFFFFFFFFFFFFFFFFFFFF52
:109E2000FFFFFFFFFFFFFFFFFFFFFFFFFFFFFFFF42
:109E3000FFFFFFFFFFFFFFFF000049FFFFFFFFFFE6
:109E4000FF6D000092FFFFFFFFFFFFFFFFFFFFFF1F
:109E5000FFFFFFFFFFFFFFFFFFFFFFFFFFFFFFFF12
:109E6000FFFFFFFFFFFFFFFFFFFFFFFFFFFFFFFF02
:109E7000FFFFFFFFFFFFFFFF000049FFFFFFFFFFA6
:109E8000FFFF240024DBFFFFFFFFFFFFFFFFFFFFBB
:109E9000FFFFFFFFFFFFFFFFFFFFFFFFFFFFFFFFD2
:109EA000FFFFFFFFFFFFFFFFFFFFFFFFFFFFFFFFC2
:109EB000FFFFFFFFFFFFFFFF000049FFFFFFFFFF66
:109EC000FFFFB6000092FFFFFFFFFFFFFFFFFFFF56
:109ED000FFFFFFFFFFFFFFFFFFFFFFFFFFFFFFFF92
:109EE000FFFFFFFFFFFFFFFFFFFFFFFFFFFFFFFF82
:109EF000FFFFFFFFFFFFFFFF000049FFFFFFFFFF26
:109F0000FFFFFF490024DBFFFFFFFFFFFFFFFFFF15
:109F1000FFFFFFFFFFFFFFFFFFFFFFFFFFFFFFFF51
:109F2000FFFFFFFFFFFFFFFFFFFFFFFFFFFFFFFF41
:109F3000FFFFFFFFFFFFFFFF000049FFFFFFFFFFE5
:109F4000FFFFFFB600006DFFFFFFFFFFFFFFFFFFFA
:109F5000FFFFFFFFFFFFFFFFFFFFFFFFFFFFFFFF11
:109F6000FFFFFFFFFFFFFFFFFFFFFFFFFFFFFFFF01
:109F7000FFFFFFFFFFFFFFFF000049FFFFFFFFFFA5
:109F8000FFFFFFFF490024DBFFFFFFFFFFFFFFFF95
:109F9000FFFFFFFFFFFFFFFFFFFFFFFFFFFFFFFFD1
:109FA000FFFFFFFFFFFFFFFFFFFFFFFFFFFFFFFFC1
:109FB000FFFFFFFFFFFFFFFF000049FFFFFFFFFF65
:109FC000FFFFFFFFDB240049FFFFFFFFFFFFFFFF55
:109FD000FFFFFFFFFFFFFFFFFFFFFFFFFFFFFFFF91
:109FE000FFFFFFFFFFFFFFFFFFFFFFFFFFFFFFFF81
:109FF000FFFFFFFFFFFFFFFF000049FFFFFFFFFF25
:10A00000FFFFFFFFFF490000B6FFFFFFFFFFFFFF5D
:10A01000FFFFFFFFFFFFFFFFFFFFFFDBDBDBB6B64E
:10A02000B6B6B6B6B6B6B6B6B6B6DBDBFFFFFFFF62
:10A03000FFFFFFFFFFFFFFFF000049FFFFFFFFFFE4
:10A04000FFFFFFFFFFDB000049FFFFFFFFFFFFFFF8
:10A05000FFFFFFFFFFFFFF926D4924242400000053
:10A06000000000000000000000000024496DFFFF18
:10A07000FFFFFFFFFFFFFFFF000049FFFFFFFFFFA4
:10A08000FFFFFFFFFFFF6D0000B6FFFFFFFFFFFFB9
:10A09000FFFFFFDBB64900000000000000000000E9
:10A0A00000000000000000000000000000002492FA
:10A0B000FFFFFFFFFFFFFFFF000049FFFFFFFFFF64
:10A0C000FFFFFFFFFFFFDB240024FFFFFFFFFFFF79
:10A0D000FFDB6D240000000000246D92B6DBDBDBAB
:10A0E000DBDBDBDBDBDBDBDBDBDBB6922400000076
:10A0F00049DBFFFFFFFFFFFF000049FFFFFFFFFFFE
:10A10000FFFFFFFFFFFFFF6D00006DFFFFFFFFFF81
:10A110009224000000244992DBFFFFFFFFFFFFFFB6
:10A12000FFFFFFFFFFFFFFFFFFFFFFFFFF92240086
:10A130000024DBFFFFFFFFFF000049FFFFFFFFFFE1
:10A14000FFFFFFFFFFFFFFFF240024DBFFFFDB49D2
:10A1500000000049B6DBFFFFFFFFFFFFFFFFFFFF2F
:10A16000FFFFFFFFFFFFFFFFFFFFFFFFFFFFDB49D9
:10A17000000024DBFFFFFFFF000049FFFFFFFFFFA0
:10A18000FFFFFFFFFFFFFFFFB600006DFF922400FF
:10A19000002492FFFFFFFFFFFFFFFFFFFFFFFFFF16
:10A1A000FFFFFFFFFFFFFFFFFFFFFFFFFFFFFFFFBF
:10A1B0006D000049FFFFFFFF000049FFFFFFFFFFA9
:10A1C000FFFFFFFFFFFFFFFFFF4900246D2400009A
:10A1D0006DFFFFFFFFFFFFFFFFFFFFFFFFFFFFFF21
:10A1E000FFFFFFFFFFFFFFFFFFFFFFFFFFFFFFFF7F
:10A1F000FF4900006DFFFFFF000049FFFFFFFFFF69
:10A20000FFFFFFFFFFFFFFFFFFB60000000024B6C7
:10A21000FFFFFFFFFFFFFFFFFFFFFFFFFFFFFFFF4E
:10A22000FFFFFFFFFFFFFFFFFFFFFFFFFFFFFFFF3E
:10A23000FFFF240024DBFFFF000049FFFFFFFFFFBB
:10A24000FFFFFFFFFFFFFFFFFFFF49000024B6FFF6
:10A25000FFFFFFFFFFFFFFFFFFFFFFFFFFFFFFFF0E
:10A26000FFFFFFFFFFFFFFFFFFFFFFFFFFFFFFFFFE
:10A27000FFFFB6240049FFFF000049FFFFFFFFFF7B
:10A28000FFFFFFFFFFFFFFFFFFFFDB2424B6FFFF01
:10A29000FFFFFFFFFFFFFFFFFFFFFFFFFFFFFFFFCE
:10A2A000FFFFFFFFFFFFFFFFFFFFFFFFFFFFFFFFBE
:10A2B000FFFFFF490000B6FF000049FFFFFFFFFF5F
:10A2C000FFFFFFFFFFFFFFFFFFFFFFDBDBFFFFFFE6
:10A2D000FFFFFFFFFFFFFFFFFFFFFFFFFFFFFFFF8E
:10A2E000FFFFFFFFFFFFFFFFFFFFFFFFFFFFFFFF7E
:10A2F000FFFFFFDB000049FF000049FFFFFFFFFFFA
:10A30000FFFFFFFFFFFFFFFFFFFFFFFFFFFFFFFF5D
:10A31000FFFFFFFFFFFFFFFFFFFFFFFFFFFFFFFF4D
:10A32000FFFFFFFFFFFFFFFFFFFFFFFFFFFFFFFF3D
:10A33000FFFFFFFF490024DB000049FFFFFFFFFF95
:10A34000FFFFFFFFFFFFFFFFFFFFFFFFFFFFFFFF1D
:10A35000FFFFFFFFFFFFFFFFFFFFFFFFFFFFFFFF0D
:10A36000FFFFFFFFFFFFFFFFFFFFFFFFFFFFFFFFFD
:10A37000FFFFFFFFB60000B6000049FFFFFFFFFF31
:10A38000FFFFFFFFFFFFFFFFFFFFFFFFFFFFFFFFDD
:10A39000FFFFFFFFFFFFFFFFFFFFFFFFFFFFFFFFCD
:10A3A000FFFFFFFFFFFFFFFFFFFFFFFFFFFFFFFFBD
:10A3B000FFFFFFFFDB24006D000049FFFFFFFFFFF1
:10A3C000FFFFFFFFFFFFFFFFFFFFFFFFFFFFFFFF9D
:10A3D000FFFFFFFFFFFFFFFFFFFFFFFFFFFFFFFF8D
:10A3E000FFFFFFFFFFFFFFFFFFFFFFFFFFFFFFFF7D
:10A3F000FFFFFFFFFF240049000049FFFFFFFFFFB1
:10A40000FFFFFFFFFFFFFFFFFFFFFFFFFFFFFFFF5C
:10A41000FFFFFFFFFFFFFFFFFFFFFFFFFFFFFFFF4C
:10A42000FFFFFFFFFFFFFFFFFFFFFFFFFFFFFFFF3C
:10A43000FFFFFFFFFF490024000049FFFFFFFFFF70
:10A44000FFFFFFFFFFFFFFFFFFFFFFFFFFFFFFFF1C
:10A45000FFFFFFFFFFFFFFFFFFFFFFFFFFFFFFFF0C
:10A46000FFFFFFFFFFFFFFFFFFFFFFFFFFFFFFFFFC
:10A47000FFFFFFFFFF490024000049FFFFFFFFFF30
:10A48000FFFFFFFFFFFFFFFFFFFFFFFFFFFFFFFFDC
:10A49000FFFFFFFFFFFFFFFFFFFFFFFFFFFFFFFFCC
:10A4A000FFFFFFFFFFFFFFFFFFFFFFFFFFFFFFFFBC
:10A4B000FFFFFFFFFF490024000049FFFFFFFFFFF0
:10A4C000FFFFFFFFFFFFFFFFFFFFFFFFFFFFFFFF9C
:10A4D000FFFFFFFFFFFFFFFFFFFFFFFFFFFFFFFF8C
:10A4E000FFFFFFFFFFFFFFFFFFFFFFFFFFFFFFFF7C
:10A4F000FFFFFFFFFF490024000049FFFFFFFFFFB0
:10A50000FFFFFFFFFFFFFFFFFFFFFFFFFFFFFFFF5B
:10A51000FFFFFFFFFFFFFFFFFFFFFFFFFFFFFFFF4B
:10A52000FFFFFFFFFFFFFFFFFFFFFFFFFFFFFFFF3B
:10A53000FFFFFFFFFF240049000049FFFFFFFFFF6F
:10A54000FFFFFFFFFFFFFFFFFFFFFFFFFFFFFFFF1B
:10A55000FFFFFFFFFFFFFFFFFFFFFFFFFFFFFFFF0B
:10A56000FFFFFFFFFFFFFFFFFFFFFFFFFFFFFFFFFB
:10A57000FFFFFFFFDB240092000049FFFFFFFFFF0A
:10A58000FFFFFFFFFFFFFFFFFFFFFFFFFFFFFFFFDB
:10A59000FFFFFFFFFFFFFFFFFFFFFFFFFFFFFFFFCB
:10A5A000FFFFFFFFFFFFFFFFFFFFFFFFFFFFFFFFBB
:10A5B000FFFFFFFFB60000B6000049FFFFFFFFFFEF
:10A5C000FFFFFFFFFFFFFFFFFFFFFFFFFFFFFFFF9B
:10A5D000FFFFFFFFFFFFFFFFFFFFFFFFFFFFFFFF8B
:10A5E000FFFFFFFFFFFFFFFFFFFFFFFFFFFFFFFF7B
:10A5F000FFFFFFFF490024FF000049FFFFFFFFFFAF
:10A60000FFFFFFFFFFFFFFFFFFFFFFDBDBFFFFFFA2
:10A61000FFFFFFFFFFFFFFFFFFFFFFFFFFFFFFFF4A
:10A62000FFFFFFFFFFFFFFFFFFFFFFFFFFFFFFFF3A
:10A63000FFFFFFDB000049FF000049FFFFFFFFFFB6
:10A64000FFFFFFFFFFFFFFFFFFFF922424B6FFFF86
:10A65000FFFFFFFFFFFFFFFFFFFFFFFFFFFFFFFF0A
:10A66000FFFFFFFFFFFFFFFFFFFFFFFFFFFFFFFFFA
:10A67000FFFFFF6D0000DBFF000049FFFFFFFFFF52
:10A68000FFFFFFFFFFFFFFFFFF9200000000B6FF8C
:10A69000FFFFFFFFFFFFFFFFFFFFFFFFFFFFFFFFCA
:10A6A000FFFFFFFFFFFFFFFFFFFFFFFFFFFFFFFFBA
:10A6B000FFFFDB240049FFFF000049FFFFFFFFFF12
:10A6C000FFFFFFFFFFFFFFFF922400240000249202
:10A6D000FFFFFFFFFFFFFFFFFFFFFFFFFFFFFFFF8A
:10A6E000FFFFFFFFFFFFFFFFFFFFFFFFFFFFFFFF7A
:10A6F000FFFF490024DBFFFF240049FFFFFFFFFFAE
:10A70000FFFFFFFFFFFFFFFF240024B6B624000079
:10A7100049DBFFFFFFFFFFFFFFFFFFFFFFFFFFFF23
:10A72000FFFFFFFFFFFFFFFFFFFFFFFFFFFFFFFF39
:10A73000FF6D00006DFFFFFF9249DBFFFFFFFFFF92
:10A74000FFFFFFFFFFFFFFFF9249B6FFFFB62400A8
:10A7500000246DFFFFFFFFFFFFFFFFFFFFFFFFFF75
:10A76000FFFFFFFFFFFFFFFFFFFFFFFFFFFFFFFFF9
:10A7700092240049FFFFFFFFFFFFFFFFFFFFFFFFE6
:10A78000FFFFFFFFFFFFFFFFFFFFFFFFFFFFDB49B3
:10A790000000002492DBFFFFFFFFFFFFFFFFFFFF32
:10A7A000FFFFFFFFFFFFFFFFFFFFFFFFFFFFFF6D4B
:10A7B000000049FFFFFFFFFFFFFFFFFFFFFFFFFF5D
:10A7C000FFFFFFFFFFFFFFFFFFFFFFFFFFFFFFFF99
:10A7D000B62400000024496DB6FFFFFFFFFFFFFF16
:10A7E000FFFFFFFFFFFFFFFFFFFFFFFFFFB6490077
:10A7F0000049FFFFFFFFFFFFFFFFFFFFFFFFFFFF1E
:10A80000FFFFFFFFFFFFFFFFFFFFFFFFFFFFFFFF58
:10A81000FFFF9249240000000024496D92B6DBDB63
:10A82000DBDBDBDBDBDBDBDBDBDBDB9249000024C0
:10A830006DFFFFFFFFFFFFFFFFFFFFFFFFFFFFFFBA
:10A84000FFFFFFFFFFFFFFFFFFFFFFFFFFFFFFFF18
:10A85000FFFFFFFFDB6D2400000000000000000090
:10A86000000000000000000000000000000024B60E
:10A87000FFFFFFFFFFFFFFFF6D0092FFFFFFFFFFE6
:10A88000FFFFFFFFFF92006DFFFFFFFFFFFFFFFFD6
:10A89000FFFFFFFFFFFFFFB6924949242424242431
:10A8A0002424242424242424242424244992FFFF1F
:10A8B000FFFFFFFFFFFFFFFF24002492FFFFFFFFCA
:10A8C000FFFFFFFF92240024FFFFFFFFFFFFFFFFBA
:10A8D000FFFFFFFFFFFFFFFFFFFFFFFFDBDBDBDB18
:10A8E000DBDBDBDBDBDBDBDBDBDBDBFFFFFFFFFF04
:10A8F000FFFFFFFFFFFFFFFFB624000092FFFFFFF7
:10A90000FFFFFF92000024B6FFFFFFFFFFFFFFFFE6
:10A91000FFFFFFFFFFFFFFFFFFFFFFFFFFFFFFFF47
:10A92000FFFFFFFFFFFFFFFFFFFFFFFFFFFFFFFF37
:10A93000FFFFFFFFFFFFFFFFFFB624002492FFFF92
:10A94000FFFF92240024B6FFFFFFFFFFFFFFFFFF82
:10A95000FFFFFFFFFFFFFFFFFFFFFFFFFFFFFFFF07
:10A96000FFFFFFFFFFFFFFFFFFFFFFFFFFFFFFFFF7
:10A97000FFFFFFFFFFFFFFFFFFFFB624000092FF76
:10A98000FF92000024B6FFFFFFFFFFFFFFFFFFFF66
:10A99000FFFFFFFFFFFFFFFFFFFFFFFFFFFFFFFFC7
:10A9A000FFFFFFFFFFFFFFFFFFFFFFFFFFFFFFFFB7
:10A9B000FFFFFFFFFFFFFFFFFFFFFFB62400249212
:10A9C00092240024B6FFFFFFFFFFFFFFFFFFFFFF02
:10A9D000FFFFFFFFFFFFFFFFFFFFFFFFFFFFFFFF87
:10A9E000FFFFFFFFFFFFFFFFFFFFFFFFFFFFFFFF77
:10A9F000FFFFFFFFFFFFFFFFFFFFFFFFB624000089
:10AA0000000024B6FFFFFFFFFFFFFFFFFFFFFFFF78
:10AA1000FFFFFFFFFFFFFFFFFFFFFFFFFFFFFFFF46
:10AA2000FFFFFFFFFFFFFFFFFFFFFFFFFFFFFFFF36
:10AA3000FFFFFFFFFFFFFFFFFFFFFFFFFFB600006D
:10AA40000000B6FFFFFFFFFFFFFFFFFFFFFFFFFF5D
:10AA5000FFFFFFFFFFFFFFFFFFFFFFFFFFFFFFFF06
:10AA6000FFFFFFFFFFFFFFFFFFFFFFFFFFFFFFFFF6
:10AA7000FFFFFFFFFFFFFFFFFFFFFFFFFF92000051
:10AA8000000092FFFFFFFFFFFFFFFFFFFFFFFFFF41
:10AA9000FFFFFFFFFFFFFFFFFFFFFFFFFFFFFFFFC6
:10AAA000FFFFFFFFFFFFFFFFFFFFFFFFFFFFFFFFB6
:10AAB000FFFFFFFFFFFFFFFFFFFFFFFF92240024C8
:10AAC00024002492FFFFFFFFFFFFFFFFFFFFFFFFB8
:10AAD000FFFFFFFFFFFFFFFFFFFFFFFFFFFFFFFF86
:10AAE000FFFFFFFFFFFFFFFFFFFFFFFFFFFFFFFF76
:10AAF000FFFFFFFFFFFFFFFFFFFFFF92000024B6F5
:10AB0000B624000092FFFFFFFFFFFFFFFFFFFFFFE4
:10AB1000FFFFFFFFFFFFFFFFFFFFFFFFFFFFFFFF45
:10AB2000FFFFFFFFFFFFFFFFFFFFFFFFFFFFFFFF35
:10AB3000FFFFFFFFFFFFFFFFFFFF92240024B6FF90
:10AB4000FFB624002492FFFFFFFFFFFFFFFFFFFF80
:10AB5000FFFFFFFFFFFFFFFFFFFFFFFFFFFFFFFF05
:10AB6000FFFFFFFFFFFFFFFFFFFFFFFFFFFFFFFFF5
:10AB7000FFFFFFFFFFFFFFFFFF92000024B6FFFF74
:10AB8000FFFFB624000092FFFFFFFFFFFFFFFFFF64
:10AB9000FFFFFFFFFFFFFFFFFFFFFFFFFFFFFFFFC5
:10ABA000FFFFFFFFFFFFFFFFFFFFFFFFFFFFFFFFB5
:10ABB000FFFFFFFFFFFFFFFF92240024B6FFFFFF10
:10ABC000FFFFFFB624002492FFFFFFFFFFFFFFFF00
:10ABD000FFFFFFFFFFFFFFFFFFFFFFFFFFFFFFFF85
:10ABE000FFFFFFFFFFFFFFFFFFFFFFFFFFFFFFFF75
:10ABF000FFFFFFFFFFFFFFFF240024B6FFFFFFFF63
:10AC0000FFFFFFFFB6240024FFFFFFFFFFFFFFFF52
:10AC1000FFFFFFFFFFFFFFFFFFFFFFFFFFFFFFFF44
:10AC2000FFFFFFFFFFFFFFFFFFFFFFFFFFFFFFFF34
:10AC3000FFFFFFFFFFFFFFFF9249B6FFFFFFFFFF90
:10AC4000FFFFFFFFFFB64992FFFFFFFFFFFFFFFF80
:10AC5000FFFFFFFFFFFFFFFFFFFFFFFFFFFFFFFF04
:10AC6000FFFFFFFFFFFFFFFFFFFFFFFFFFFFFFFFF4
:10AC7000FFFFFFFFFFFFFFFFFFFFFFFFFFFFFFFFE4
:10AC8000FFDB6D2400000000000000000000000059
:10AC900000000000000000000000000000000000B4
:10ACA000000000000000000000000000246DDBFF39
:10ACB000FFFFFFFFFFFFFFFFFFFFFFFFFFFFFFFFA4
:10ACC000DB24000000000000000000000000000085
:10ACD0000000000000000000000000000000000074
:10ACE000000000000000000000000000000024DB65
:10ACF000FFFFFFFFFFFFFFFFFFFFFFFFFFFFFFFF64
:10AD00006D000000000000000000000000000000D6
:10AD10000000000000000000000000000000000033
:10AD20000000000000000000000000000000006DB6
:10AD3000FFFFFFFFFFFFFFFFFFFFFFFFFFFFFFFF23
:10AD40000000000000000000000000000000000003
:10AD500000000000000000000000000000000000F3
:10AD600000000000000000000000000000000024BF
:10AD7000FFFFFFFFFFFFFFFFFFFFFFFFFFFFFFFFE3
:10AD800000000000FFFFFFFFFFFFFFFFFFFFFFFFCF
:10AD9000FFFFFFFFFFFFFFFFFFFFFFFFFFFFFFFFC3
:10ADA000FFFFFFFFFFFFFFFFFFFFFFFF00000000AF
:10ADB000FFFFFFFFFFFFFFFFFFFFFFFFFFFFFFFFA3
:10ADC00000000000FFFFFFFFFFFFFFFFFFFFFFFF8F
:10ADD000FFFFFFFFFFFFFFFFFFFFFFFFFFFFFFFF83
:10ADE000FFFFFFFFFFFFFFFFFFFFFFFF000000006F
:10ADF000FFFFFFFFFFFFFFFFFFFFFFFFFFFFFFFF63
:10AE000000000000FFFFFFFFFFFFFFFFFFFFFFFF4E
:10AE1000FFFFFFFFFFFFFFFFFFFFFFFFFFFFFFFF42
:10AE2000FFFFFFFFFFFFFFFFFFFFFFFF000000002E
:10AE3000FFFFFFFFFFFFFFFFFFFFFFFFFFFFFFFF22
:10AE400000000000FFFFFFFFFFFFFFFFFFFFFFFF0E
:10AE5000FFFFFFFFFFFFFFFFFFFFFFFFFFFFFFFF02
:10AE6000FFFFFFFFFFFFFFFFFFFFFFFF00000000EE
:10AE7000FFFFFFFFFFFFFFFFFFFFFFFFFFFFFFFFE2
:10AE800000000000FFFF00000000000000000000C4
:10AE900000000000000000000000000000000000B2
:10AEA00000000000000000000000FFFF00000000A4
:10AEB000FFFFFFFFFFFFFFFFFFFFFFFFFFFFFFFFA2
:10AEC00000000000FFFF0000000000000000000084
:10AED0000000000000000000000000000000000072
:10AEE00000000000000000000000FFFF0000000064
:10AEF000FFFFFFFFFFFFFFFFFFFFFFFFFFFFFFFF62
:10AF000000000000FFFF0000000000000000000043
:10AF10000000000000000000000000000000000031
:10AF200000000000000000000000FFFF0000000023
:10AF3000FFFFFFFFFFFFFFFFFFFFFFFFFFFFFFFF21
:10AF400000000000FFFF0000000000000000000003
:10AF500000000000000000000000000000000000F1
:10AF600000000000000000000000FFFF00000000E3
:10AF7000FFFFFFFFFFFFFFFFFFFFFFFFFFFFFFFFE1
:10AF800000000000FFFFFFFFFFFFFFFFFFFFFFFFCD
:10AF9000FFFFFFFFFFFFFFFFFFFFFFFFFFFFFFFFC1
:10AFA000FFFFFFFFFFFFFFFFFFFFFFFF00000000AD
:10AFB000FFFFFFFFFFFFFFFFFFFFFFFFFFFFFFFFA1
:10AFC00000000000FFFFFFFFFFFFFFFFFFFFFFFF8D
:10AFD000FFFFFFFFFFFFFFFFFFFFFFFFFFFFFFFF81
:10AFE000FFFFFFFFFFFFFFFFFFFFFFFF000000006D
:10AFF000FFFFFFFFFFFFFFFFFFFFFFFFFFFFFFFF61
:10B0000000000000FFFF0000000000000000000042
:10B010000000000000000000000000000000000030
:10B0200000000000000000000000FFFF0000000022
:10B03000FFFFFFFFFFFFFFFFFFFFFFFFFFFFFFFF20
:10B0400000000000FFFF0000000000000000000002
:10B0500000000000000000000000000000000000F0
:10B0600000000000000000000000FFFF00000000E2
:10B07000FFFFFFFFFFFFFFFFFFFFFFFFFFFFFFFFE0
:10B0800000000000FFFF00000000000000000000C2
:10B0900000000000000000000000000000000000B0
:10B0A00000000000000000000000FFFF00000000A2
:10B0B000FFFFFFFFFFFFFFFFFFFFFFFFFFFFFFFFA0
:10B0C00000000000FFFF0000000000000000000082
:10B0D0000000000000000000000000000000000070
:10B0E00000000000000000000000FFFF0000000062
:10B0F000FFFFFFFFFFFFFFFFFFFFFFFFFFFFFFFF60
:10B1000000000000FFFFFFFFFFFFFFFFFFFFFFFF4B
:10B11000FFFFFFFFFFFFFFFFFFFFFFFFFFFFFFFF3F
:10B12000FFFFFFFFFFFFFFFFFFFFFFFF000000002B
:10B13000FFFFFFFFFFFFFFFFFFFFFFFFFFFFFFFF1F
:10B1400000000000FFFFFFFFFFFFFFFFFFFFFFFF0B
:10B15000FFFFFFFFFFFFFFFFFFFFFFFFFFFFFFFFFF
:10B16000FFFFFFFFFFFFFFFFFFFFFFFF00000000EB
:10B17000FFFFFFFFFFFFFFFFFFFFFFFFFFFFFFFFDF
:10B1800000000000FFFFFFFFFFFFFFFFFFFFFFFFCB
:10B19000FFFFFFFFFFFFFFFFFFFFFFFFFFFFFFFFBF
:10B1A000FFFFFFFFFFFFFFFFFFFFFFFF00000000AB
:10B1B000FFFFFFFFFFFFFFFFFFFFFFFFFFFFFFFF9F
:10B1C00000000000FFFFFFFFFFFFFFFFFFFFFFFF8B
:10B1D000FFFFFFFFFFFFFFFFFFFFFFFFFFFFFFFF7F
:10B1E000FFFFFFFFFFFFFFFFFFFFFFFF000000006B
:10B1F000FFFFFFFFFFFFFFFFFFFFFFFFFFFFFFFF5F
:10B2000000000000FFFF0000000000000000000040
:10B21000000000000000000000000000000000002E
:10B2200000000000000000000000FFFF0000000020
:10B23000FFFFFFFFFFFFFFFFFFFFFFFFFFFFFFFF1E
:10B2400000000000FFFF0000000000000000000000
:10B2500000000000000000000000000000000000EE
:10B2600000000000000000000000FFFF00000000E0
:10B27000FFFFFFFFFFFFFFFFFFFFFFFFFFFFFFFFDE
:10B2800000000000FFFF00000000000000000000C0
:10B2900000000000000000000000000000000000AE
:10B2A00000000000000000000000FFFF00000000A0
:10B2B000FFFFFFFFFFFFFFFFFFFFFFFFFFFFFFFF9E
:10B2C00000000000FFFF0000000000000000000080
:10B2D000000000000000000000000000000000006E
:10B2E00000000000000000000000FFFF0000000060
:10B2F000FFFFFFFFFFFFFFFFFFFFFFFFFFFFFFFF5E
:10B3000000000000FFFFFFFFFFFFFFFFFFFFFFFF49
:10B31000FFFFFFFFFFFFFFFFFFFFFFFFFFFFFFFF3D
:10B32000FFFFFFFFFFFFFFFFFFFFFFFF0000000029
:10B33000FFFFFFFFFFFFFFFFFFFFFFFFFFFFFFFF1D
:10B3400000000000FFFFFFFFFFFFFFFFFFFFFFFF09
:10B35000FFFFFFFFFFFFFFFFFFFFFFFFFFFFFFFFFD
:10B36000FFFFFFFFFFFFFFFFFFFFFFFF00000000E9
:10B37000FFFFFFFFFFFFFFFFFFFFFFFFFFFFFFFFDD
:10B3800000000000FFFFFFFFFFFFFFFFFFFFFFFFC9
:10B39000FFFFFFFFFFFFFFFFFFFFFFFFFFFFFFFFBD
:10B3A000FFFFFFFFFFFFFFFFFFFFFFFF00000000A9
:10B3B000FFFFFFFFFFFFFFFFFFFFFFFFFFFFFFFF9D
:10B3C00000000000FFFFFFFFFFFFFFFFFFFFFFFF89
:10B3D000FFFFFFFFFFFFFFFFFFFFFFFFFFFFFFFF7D
:10B3E000FFFFFFFFFFFFFFFFFFFFFFFF0000000069
:10B3F000FFFFFFFFFFFFFFFFFFFFFFFFFFFFFFFF5D
:10B4000000000000FFFFFFFFFFFFFFFFFFFFFFFF48
:10B41000FFFFFFFFFFFFFFFFFFFFFFFFFFFFFFFF3C
:10B42000FFFFFFFFFFFFFFFFFFFFFFFF0000000028
:10B43000FFFFFFFFFFFFFFFFFFFFFFFFFFFFFFFF1C
:10B4400000000000FFFFFFFFFFFFFFFFFFFFFFFF08
:10B45000FFFFFFFFFFFFFFFFFFFFFFFFFFFFFFFFFC
:10B46000FFFFFFFFFFFFFFFFFFFFFFFF00000000E8
:10B47000FFFFFFFFFFFFFFFFFFFFFFFFFFFFFFFFDC
:10B4800000000000FFFF00000000000000000000BE
:10B4900000000000000000000000000000000000AC
:10B4A00000000000000000000000FFFF000000009E
:10B4B000FFFFFFFFFFFFFFFFFFFFFFFFFFFFFFFF9C
:10B4C00000000000FFFF000000000000000000007E
:10B4D000000000000000000000000000000000006C
:10B4E00000000000000000000000FFFF000000005E
:10B4F000FFFFFFFFFFFFFFFFFFFFFFFFFFFFFFFF5C
:10B5000000000000FFFF000000000000000000003D
:10B51000000000000000000000000000000000002B
:10B5200000000000000000000000FFFF000000001D
:10B53000FFFFFFFFFFFFFFFFFFFFFFFFFFFFFFFF1B
:10B5400000000000FFFF00000000000000000000FD
:10B5500000000000000000000000000000000000EB
:10B5600000000000000000000000FFFF00000000DD
:10B57000FFFFFFFFFFFFFFFFFFFFFFFFFFFFFFFFDB
:10B5800000000000FFFFFFFFFFFFFFFFFFFFFFFFC7
:10B59000FFFFFFFFFFFFFFFFFFFFFFFFFFFFFFFFBB
:10B5A000FFFFFFFFFFFFFFFFFFFFFFFF00000000A7
:10B5B000FFFFFFFFFFFFFFFFFFFFFFFFFFFFFFFF9B
:10B5C00000000000FFFFFFFFFFFFFFFFFFFFFFFF87
:10B5D000FFFFFFFFFFFFFFFFFFFFFFFFFFFFFFFF7B
:10B5E000FFFFFFFFFFFFFFFFFFFFFFFF0000000067
:10B5F000FFFFFFFFFFFFFFFFFFFFFFFFFFFFFFFF5B
:10B6000000000000FFFF000000000000000000003C
:10B61000000000000000000000000000000000002A
:10B6200000000000000000000000FFFF000000001C
:10B63000FFFFFFFFFFFFFFFFFFFFFFFFFFFFFFFF1A
:10B6400000000000FFFF00000000000000000000FC
:10B6500000000000000000000000000000000000EA
:10B6600000000000000000000000FFFF00000000DC
:10B67000FFFFFFFFFFFFFFFFFFFFFFFFFFFFFFFFDA
:10B6800000000000FFFF00000000000000000000BC
:10B6900000000000000000000000000000000000AA
:10B6A00000000000000000000000FFFF000000009C
:10B6B000FFFFFFFFFFFFFFFFFFFFFFFFFFFFFFFF9A
:10B6C00000000000FFFF000000000000000000007C
:10B6D000000000000000000000000000000000006A
:10B6E00000000000000000000000FFFF000000005C
:10B6F000FFFFFFFFFFFFFFFFFFFFFFFFFFFFFFFF5A
:10B7000000000000FFFFFFFFFFFFFFFFFFFFFFFF45
:10B71000FFFFFFFFFFFFFFFFFFFFFFFFFFFFFFFF39
:10B72000FFFFFFFFFFFFFFFFFFFFFFFF0000000025
:10B73000FFFFFFFFFFFFFFFFFFFFFFFFFFFFFFFF19
:10B7400000000000FFFFFFFFFFFFFFFFFFFFFFFF05
:10B75000FFFFFFFFFFFFFFFFFFFFFFFFFFFFFFFFF9
:10B76000FFFFFFFFFFFFFFFFFFFFFFFF00000000E5
:10B77000FFFFFFFFFFFFFFFFFFFFFFFFFFFFFFFFD9
:10B7800000000000FFFFFFFFFFFFFFFFFFFFFFFFC5
:10B79000FFFFFFFFFFFFFFFFFFFFFFFFFFFFFFFFB9
:10B7A000FFFFFFFFFFFFFFFFFFFFFFFF00000000A5
:10B7B000FFFFFFFFFFFFFFFFFFFFFFFFFFFFFFFF99
:10B7C00000000000FFFFFFFFFFFFFFFFFFFFFFFF85
:10B7D000FFFFFFFFFFFFFFFFFFFFFFFFFFFFFFFF79
:10B7E000FFFFFFFFFFFFFFFFFFFFFFFF0000000065
:10B7F000FFFFFFFFFFFFFFFFFFFFFFFFFFFFFFFF59
:10B8000000000000FFFF000000000000000000003A
:10B810000000000000000000000000000000000028
:10B8200000000000000000000000FFFF000000001A
:10B83000FFFFFFFFFFFFFFFFFFFFFFFFFFFFFFFF18
:10B8400000000000FFFF00000000000000000000FA
:10B8500000000000000000000000000000000000E8
:10B8600000000000000000000000FFFF00000000DA
:10B87000FFFFFFFFFFFFFFFFFFFFFFFFFFFFFFFFD8
:10B8800000000000FFFF00000000000000000000BA
:10B8900000000000000000000000000000000000A8
:10B8A00000000000000000000000FFFF000000009A
:10B8B000FFFFFFFFFFFFFFFFFFFFFFFFFFFFFFFF98
:10B8C00000000000FFFF000000000000000000007A
:10B8D0000000000000000000000000000000000068
:10B8E00000000000000000000000FFFF000000005A
:10B8F000FFFFFFFFFFFFFFFFFFFFFFFFFFFFFFFF58
:10B9000000000000FFFFFFFFFFFFFFFFFFFFFFFF43
:10B91000FFFFFFFFFFFFFFFFFFFFFFFFFFFFFFFF37
:10B92000FFFFFFFFFFFFFFFFFFFFFFFF0000000023
:10B93000FFFFFFFFFFFFFFFFFFFFFFFFFFFFFFFF17
:10B9400000000000FFFFFFFFFFFFFFFFFFFFFFFF03
:10B95000FFFFFFFFFFFFFFFFFFFFFFFFFFFFFFFFF7
:10B96000FFFFFFFFFFFFFFFFFFFFFFFF00000000E3
:10B97000FFFFFFFFFFFFFFFFFFFFFFFFFFFFFFFFD7
:10B9800000000000FFFF00000000000000000000B9
:10B9900000000000000000000000000000000000A7
:10B9A00000000000000000000000FFFF0000000099
:10B9B000FFFFFFFFFFFFFFFFFFFFFFFFFFFFFFFF97
:10B9C00000000000FFFF0000000000000000000079
:10B9D0000000000000000000000000000000000067
:10B9E00000000000000000000000FFFF0000000059
:10B9F000FFFFFFFFFFFFFFFFFFFFFFFFFFFFFFFF57
:10BA000000000000FFFF0000000000000000000038
:10BA10000000000000000000000000000000000026
:10BA200000000000000000000000FFFF0000000018
:10BA3000FFFFFFFFFFFFFFFFFFFFFFFFFFFFFFFF16
:10BA400000000000FFFF00000000000000000000F8
:10BA500000000000000000000000000000000000E6
:10BA600000000000000000000000FFFF00000000D8
:10BA7000FFFFFFFFFFFFFFFFFFFFFFFFFFFFFFFFD6
:10BA800000000000FFFFFFFFFFFFFFFFFFFFFFFFC2
:10BA9000FFFFFFFFFFFFFFFFFFFFFFFFFFFFFFFFB6
:10BAA000FFFFFFFFFFFFFFFFFFFFFFFF00000000A2
:10BAB000FFFFFFFFFFFFFFFFFFFFFFFFFFFFFFFF96
:10BAC00000000000FFFFFFFFFFFFFFFFFFFFFFFF82
:10BAD000FFFFFFFFFFFFFFFFFFFFFFFFFFFFFFFF76
:10BAE000FFFFFFFFFFFFFFFFFFFFFFFF0000000062
:10BAF000FFFFFFFFFFFFFFFFFFFFFFFFFFFFFFFF56
:10BB000000000000FFFFFFFFFFFFFFFFFFFFFFFF41
:10BB1000FFFFFFFFFFFFFFFFFFFFFFFFFFFFFFFF35
:10BB2000FFFFFFFFFFFFFFFFFFFFFFFF0000000021
:10BB3000FFFFFFFFFFFFFFFFFFFFFFFFFFFFFFFF15
:10BB400000000000FFFFFFFFFFFFFFFFFFFFFFFF01
:10BB5000FFFFFFFFFFFFFFFFFFFFFFFFFFFFFFFFF5
:10BB6000FFFFFFFFFFFFFFFFFFFFFFFF00000000E1
:10BB7000FFFFFFFFFFFFFFFFFFFFFFFFFFFFFFFFD5
:10BB800000000000000000000000000000000000B5
:10BB900000000000000000000000000000000000A5
:10BBA0000000000000000000000000000000002471
:10BBB000FFFFFFFFFFFFFFFFFFFFFFFFFFFFFFFF95
:10BBC0006D00000000000000000000000000000008
:10BBD0000000000000000000000000000000000065
:10BBE0000000000000000000000000000000006DE8
:10BBF000FFFFFFFFFFFFFFFFFFFFFFFFFFFFFFFF55
:10BC0000DB24000000000000000000000000000035
:10BC10000000000000000000000000000000000024
:10BC2000000000000000000000000000000024DB15
:10BC3000FFFFFFFFFFFFFFFFFFFFFFFFFFFFFFFF14
:10BC4000FFDB6D00000000000000000000000000AD
:10BC500000000000000000000000000000000000E4
:10BC6000000000000000000000000000006DDBFF8D
:10BC7000FFFFFFFFFFFFFFFF2400000000000000A8
:10BC8000000000000000000000DBFFFFFFFF2400B9
:10BC900049FFDB2400B6FFFF000092FFDB24000019
:10BCA0000024FFFFFFFFDB24000000000000000075
:10BCB000000000000000002424000000000000003C
:10BCC000000000000000000000DBFFFFFFFF240079
:10BCD00049FFDB2400B6FFFF000092FFDB240000D9
:10BCE0000024FFFFFFFFDB24000000000000000035
:10BCF00000000000000000242400246D6D6D6D6DB7
:10BD00006D6D6D6D6D6D490000DBFFFFFFFF240061
:10BD100049FFFF926DDBFFFF000092FFFF926D2451
:10BD200000249292FFFFDB2400496D6D6D6D6D6DF7
:10BD30006D6D6D6D6D240024240049FFFFFFFFFF32
:10BD4000FFFFFFFFFFFFB60000DBFFFFFFFF240048
:10BD500049FFFFFFFFFFFFFF000092FFFFFFFF49CA
:10BD600000000000DBFFDB2400B6FFFFFFFFFFFF4A
:10BD7000FFFFFFFFFF490024240049FFFFFFDBDB3B
:10BD8000DBDBDBDBFFFFB60000DBFFFFDBDB2400E0
:10BD900049FFFFFFFFFFFFFF000092FFFFFFDB49AE
:10BDA00000002424DBFFDB2400B6FFFFDBDBDBDB52
:10BDB000DBDBFFFFFF490024240049FFFF2424248C
:10BDC00024242424DBFFB60000DBFFDB2424000056
:10BDD00049FFFFFFFFFFFFFF000092FFFF2400006D
:10BDE0000024FFFFFFFFDB2400B6FF92242424245D
:10BDF000242449FFFF490024240049FFDB240000DC
:10BE000000000000DBFFB60000DBFFDB00000000ED
:10BE10006DFFFFFFFFFFFFFF000092FFFF24000008
:10BE20000049FFFFFFFFDB2400B6FF6D00000000AC
:10BE3000000024FFFF490024240049FFDB24000008
:10BE400000000000DBFFB60000DBFFDB000092DB40
:10BE5000DBFFFFFFFFFFFFFFDBDBFFFFFFDBDBDBCA
:10BE6000DBB64949DBFFDB2400B6FF6D00000000B4
:10BE7000000024FFFF490024240049FFDB240000C8
:10BE800000000000DBFFB60000DBFFDB0000DBFF93
:10BE9000FFFFFFFFFFFFFFFFFFFFFFFFFFFFFFFFB2
:10BEA000FFDB0000DBFFDB2400B6FF6D00000000BD
:10BEB000000024FFFF490024240049FFDB24000088
:10BEC00000000000DBFFB60000DBFFDB6D6DDBFF79
:10BED000FFDBDBDBDBDBDBDBDBDBFFFFFFDBDBFFFE
:10BEE000FFDB2424DBFFDB2400B6FF6D0000000035
:10BEF000000024FFFF490024240049FFDB24000048
:10BF000000000000DBFFB60000DBFFFFFFFFFFFFCC
:10BF1000DB00000000000000000092FFDB0000DBFF
:10BF2000FFFFFFFFFFFFDB2400B6FF6D00000000F6
:10BF3000000024FFFF490024240049FFDB24000007
:10BF400000000000DBFFB60000DBFFFFFFFFFFFF8C
:10BF5000DB00000000000000000092FFDB0000DBBF
:10BF6000FFFFFFFFFFFFDB2400B6FF6D00000000B6
:10BF7000000024FFFF490024240049FFFFDBDBDB36
:10BF8000DBDBDBDBFFFFB60000DBFFFFFFFFB69272
:10BF9000926D6D6D6D240000DBDBFFFFFFDBB69261
:10BFA00092B6FFFFFFFFDB2400B6FFDBDBDBDBDB52
:10BFB000DBDBDBFFFF490024240049FFFFFFFFFF1D
:10BFC000FFFFFFFFFFFFB60000DBFFFFFFFF2400C6
:10BFD00049FFFFFFFF6D0000FFFFFFFFFFFFB600FF
:10BFE0000024FFFFFFFFDB2400B6FFFFFFFFFFFF82
:10BFF000FFFFFFFFFF4900242400249292929292B7
:10C00000929292929292490000DBFFFFDBDB2400C8
:10C0100049DBDBFFFF924924DBDBDBDBDBDB920070
:10C020000024DBDBFFFFDB24006D92929292929260
:10C0300092929292922400242400000000000000BA
:10C04000000000000000000000DBFFDB000000003B
:10C05000000024FFFFFFFF49000000000000000077
:10C0600000000000DBFFDB240000000000000000F7
:10C0700000000000000000246D2424242424242433
:10C08000242424242424242449DBFFDB0000000092
:10C09000000024FFFFFFFF49000000000000000037
:10C0A00000000000DBFFFF4924242424242424244E
:10C0B000242424242424246DFFFFFFFFFFFFFFFF1F
:10C0C000FFFFFFFFFFFFFFFFFFFFFFFFDBDB2400A2
:10C0D00049DBDBFFFFFFFFDBDB92000000B6DB2468
:10C0E0000024DBDBFFFFFFFFFFFFFFFFFFFFFFFF82
:10C0F000FFFFFFFFFFFFFFFFFFFFFFFFFFFFFFFF50
:10C10000FFFFFFFFFFFFFFFFFFFFFFFFFFFF240019
:10C1100049FFFFFFFFFFFFFFFFDB000024DBFF49BC
:10C120000024FFFFFFFFFFFFFFFFFFFFFFFFFFFFF9
:10C13000FFFFFFFFFFFFFFFFFFFFFFFFFF9292DB0D
:10C14000FFFF9292FFFFFF92929292DBFFFF926DB0
:10C15000B6FFFFB692929292FFDB000024DBFFB69F
:10C160006D6D92929292B6FFFFFFFFFFFFFF9292DA
:10C170009292B6FFFFFFFFFFFFFFFFFFDB2400B639
:10C18000FFDB0000DBFFDB0000000092FFFFFFFF92
:10C19000FFFFFF2400000000FFDB000024DBFFFFA7
:10C1A000FFDB0000000049FFFFFFFFFFFFFF000073
:10C1B000000024FFFFFFFFFFFFFFFFFFDB2400B6AF
:10C1C000FFDB0000DBFFDB0000000092FFFFFFFF52
:10C1D000FFFFFF2400000000FFDB000024DBFFFF67
:10C1E000FFDB0000000049FFFFFFFFFFFFFF000033
:10C1F000000024FFFFFFFFFFB692929292FFFFFF25
:10C20000FFDB0000DBFFFFFFFFFFFFFFFFFF6D24F1
:10C210006DFFFFFFFFFFFFFFFFDB000024DBFFFFE1
:10C22000FFFFDBDB240049FFFF6D24B6FFFF0000AA
:10C2300092FFDB00000000242400000024DBFFFF4D
:10C24000FFDB0000DBFFFFFFFFFFFFFFFFFF24001E
:10C2500049FFFFFFFFFFFFFFFFDB000024DBFFFFC5
:10C26000FFFFFFFF240049FFFF240092FFFF0000B3
:10C2700092FFDB00000000246D24242449B6DBDBA0
:10C28000DBB624246D92929292FFFFFFFFFF240001
:10C2900049FFFFDBDBDBDBFFFFDB000024DBFFFF15
:10C2A000FFFFB6B624002492926D4992B6B6000004
:10C2B00049926D0000000024FFFFFFFFDB24000017
:10C2C0000049FFFF2400000024DBFFFFFFFF2400E4
:10C2D00049FFB600000000B6FFDB000024DBFFFFD3
:10C2E000FFDB00000000000000DBFFDB00000000BF
:10C2F0000000000000000024FFFFFFFFDB00000043
:10C300000024FFFF2400002449FFFFFFDBDB49245A
:10C3100049FF9200000000B6FFB6000000B6DBDB6C
:10C32000DBB624242424242424FFFFDB2424242417
:10C3300024242424242424496D24242424000000BB
:10C3400000002424000049FFFFFFFF922424FFDBAC
:10C3500049242400000000242424000000000000E0
:10C360000049DBDBDBDBDBDBFFFFFFFFDBDBDBDBFA
:10C37000DBDBDBDBDBDBDBFF24000000000000009D
:10C380000000000000006DFFFFFFFF6D0000FFFFD9
:10C390002400000000000000000000000000000079
:10C3A0000049FFFFFFFFFFFFFFFFFFFFFFFFFFFF52
:10C3B000FFFFFFFFFFFFFFFF926D6D6D6D6D6D6DF8
:10C3C0006D49000092DBB69292FFFFDBB6B6FFFF2D
:10C3D0002400006D6D240000496D490000B6DBDBD0
:10C3E000DBDBFFFFFFFFFF9292FFFFB69292FFFFA2
:10C3F000FFFFFF92929292B6FFFFFFFFFFFFFFFF4A
:10C40000FFDB0000DBFFB60024DBFFFFFFFFFFFFC9
:10C41000240024DBFF490000DBFFB60024DBFFFF24
:10C42000FFFFFFFFFFFFDB0024DBFF6D0000FFFFCE
:10C43000FFFFDB0000000024FFFFFFFFFFFFFFFF07
:10C44000FFDB0000DBFFB60024DBFFFFFFFFFFFF89
:10C45000240024DBFF490000DBFFB60024DBFFFFE4
:10C46000FFFFFFFFFFFFDB0024DBFF6D0000FFFF8E
:10C47000FFFFDB000000002424000000000000009B
:10C48000000000000000000000000092FFDB000040
:10C4900049FFDB2400000000DBFFB60024DBFFFFC8
:10C4A000FFDB0000DBFFDB00000000000000FFFFFF
:10C4B0006D000000000000242400000000000000C7
:10C4C000000000000000000000000092FFDB000000
:10C4D00049FFDB2400000000DBFFB60024DBFFFF88
:10C4E000FFDB0000DBFFDB00000000000000FFFFBF
:10C4F0006D0000000000002424000000006D6D6D40
:10C500006D6D6D6D6D6D6D6D6D6D6DDBFFDB0000C7
:10C5100049FFFF926D240000DBFFB600006D929290
:10C5200092926D6DDBFFFF6D6D6D6D6D6D6DFFFF3B
:10C530006D00000000496D922400000024DBFFFF25
:10C54000FFFFFFFFFFFFFFFFFFFFFFFFFFDB00001D
:10C5500049FFFFFFFF490000DBFFB60000000000BD
:10C560000024FFFFFFFFFFFFFFFFFFFFFFFFFFFFB5
:10C570006D00000000B6FFFF6D24242449FFFFFF7B
:10C58000DBDBDBDBDBDBFFFFFFFFFFDBDB92002422
:10C590006DDBDBDBDB240000DBFFB624242424245A
:10C5A000246DFFFFFFDBDBDBDBDBDBFFFFFFDBDB28
:10C5B0006D24240000B6FFFFFFFFFFFFFFFFFF6DAC
:10C5C00024242424242449FFFFFFFF49000049FFBD
:10C5D000DB24000000000000DBFFFFFFFFFFFFFF88
:10C5E000FFFFFFFF4924242424242492FFFF00009E
:10C5F00092FFB60000B6FFFFFFFFFFFFFFFFFF49FE
:10C6000000000000000024FFFFFFFF49000049FF79
:10C61000FF24000000000000DBFFFFFFFFFFFFFF23
:10C62000FFFFFFFF2400000000000092FFFF00005A
:10C630006DFFB60000B6FFFF6D4992FFFF6D499296
:10C64000B6B6B6B6B6B6B6FFFFFFFF49000049FF63
:10C65000FFDBDBDBDBDBDBDB4949B6FFDB6D6DDB07
:10C66000FFDB494900002492B6B6B6B62424000088
:10C67000002424000024246D240049FFDB2400B69C
:10C68000FFFFFFFFFFFFFFFFFFFFFF49000049FF24
:10C69000FFFFFFFFFFFFFFFF000092FFDB0000DB5B
:10C6A000FFDB0000000024FFFFFFFFDB00000000B5
:10C6B0000000000000000024240049DBB64949DBEB
:10C6C000FFFF92929292929292929224000049FFDE
:10C6D000FFDBDBFFFFDBDBDB00006DDB920000DB61
:10C6E000FFDB0000242449B6DBFFFFDB0000496DBF
:10C6F0006D6D6D6D6D6D6D922400000024DBFFFF8C
:10C70000FFDB00000000000000000000000049FF07
:10C71000B60024DBFF6D000000000000000000DB1D
:10C72000FFDB0000DBFFB60024DBFFDB0000DBFFEC
:10C73000FFFFFFFFFFFFFFFF2400000024DBFFFFE0
:10C74000FFDB00000000000000000000000049FFC7
:10C75000B60024DBFF6D000000000000000000DBDD
:10C76000FFDB0000DBFFB60024DBFFDB0000DBFFAC
:10C77000FFFFFFFFFFFFFFFFDBDB920024DBFFFF7C
:10C78000FFDB0000246D6D6D6D6D6D24000049FFB1
:10C79000FFDBDB490024DBDBDBDBDBDBDBDBDBFFC5
:10C7A000FFDB0000DBFFFFDBDBFFFFFFFFFFFFFF27
:10C7B000FFFFFFFFFFFFFFFFFFFFB60024DBFFFFD0
:10C7C000FFDB000092FFFFFFFFFFFF6D000049FF4E
:10C7D000FFFFFF490024FFFFFFFFFFFFFFFFFFFFF9
:10C7E000FFDB0000DBFFFFFFFFFFFFFFFFFFFFFF9F
:10C7F000FFFFFFFFFFFFFFFFDBB692496DFFFFFF6B
:10C80000FFDB000092FFFFDBDBFFFF6D00002492E7
:10C810009292926D6D92FFFFFFFFFFFFFFFFFFDB24
:10C82000DBB64949DBFFFFFFFFFFFFFFFFFFFFFF15
:10C83000FFFFFFFFFFFFFFFF490049FFFFFFFFFF73
:10C84000FFDB000092FFDB2424DBFF6D0000000013
:10C85000000000B6FFFFFFFFFFFFB62449FFFF49BE
:10C860000049FFFFFFFFFF4924242424242424241B
:10C87000242424242424246D49246DFFFFDBDBDBE6
:10C88000DB92000092FFDB2424DBFF6D000000241C
:10C89000242424DBFFFFFFFFFFFFB60024DBFF495A
:10C8A0000024FFFFFFFFDB24000000000000000069
:10C8B0000000000000000024FFDBFFFFFF24000059
:10C8C0000000000092FFFFDBDBFFFF6D000049FF6F
:10C8D000FFFFFFFFFFFF92929292926D92FFFF493E
:10C8E00000002424DBFFDB240092DBDBDBDBDBDB73
:10C8F000DBDBDBDBDB240024FFFFFFFFFF2400008A
:10C900000000000092FFFFFFFFFFFF6D000049FFE6
:10C91000FFFFFFFFFFDB0000000049FFFFFFFF49B3
:10C9200000000000DBFFDB2400B6FFFFFFFFFFFF7E
:10C93000FFFFFFFFFF490024FFFFFFFFFFDBDBDB03
:10C94000DB9200004992929292929224000000247D
:10C9500049FFFFFFFFDB0000000049FFFFFFFFB6BC
:10C960006D490000DBFFDB2400B6FFB69292929285
:10C970009292B6FFFF490024240049FFFFFFFFFF0A
:10C98000FFDB0000000000000000000000000000CD
:10C9900024DBFF490024FFFFFFFFFFFFDB2400B67D
:10C9A000FFDB0000DBFFDB2400B6FF6D00000000B2
:10C9B000000024FFFF490024240049FFFFFFFFFF80
:10C9C000FFDB6D6D6D6D6D6D6D6D6D6D6D6D6D6D97
:10C9D00092FFFF490024FFFFFFFFFFFFDB2400B6AB
:10C9E000FFDB0000DBFFDB2400B6FF6D0000000072
:10C9F000000024FFFF490024926D6D92929292DB19
:10CA0000FFFFFFFFFFFFFFFFFFFFFFFFFFFFFFFF36
:10CA1000FFFFFF4900249292929292926D0000B61D
:10CA2000FFFFFFFFFFFFDB2400B6FF6D00000000EB
:10CA3000000024FFFF490024FFFFB600000000B6FD
:10CA4000FFFFFFFFFFFFFFFFFFFFFFFFFFFFFFFFF6
:10CA5000FFFFFF490000000000000000000000B6DA
:10CA6000FFFFFFFFFFFFDB2400B6FF6D00000000AB
:10CA7000000024FFFF490024DBDB9200000000B629
:10CA8000FFFFDBDBFFFFFFFFFFFFFFFFFFFFFFDB22
:10CA9000DBDBDB240000242424242400004949B6E5
:10CAA000DBDBDBDBFFFFDB2400B6FF6D00000000FB
:10CAB000000024FFFF49002449000000000000B6E8
:10CAC000FFDB0000DBFFFFFFFFFFFFFFFFFFB60004
:10CAD000000000000024FFFFFFFF920000DBFF4981
:10CAE00000000000DBFFDB2400B6FF6D000000004B
:10CAF000000024FFFF49002449000000000000B6A8
:10CB0000FFDB0000B6FFFFFFFFFFFFFFFFFFB600E8
:10CB1000000000000024FFFFFFFFB60024DBFF6DD4
:10CB200024242424DBFFDB2400B6FF9224242424C5
:10CB300024246DFFFF490024DBDB9200000000B6D7
:10CB4000FFDB000024246DFFFFFFFFFF6D246DDB82
:10CB5000DBDBDB2400002424DBFFB60024DBFFFF4B
:10CB6000DBDBDBDBFFFFDB2400B6FFFFFFFFFFFFAC
:10CB7000FFFFFFFFFF490024FFFFB600000000B6E3
:10CB8000FFDB0000000049FFFFFFFFFF240049FF1B
:10CB9000FFFFFF4900000000DBFFB60000DBFFFFE6
:10CBA000FFFFFFFFFFFFDB2400B6FFFFFFFFFFFFDC
:10CBB000FFFFFFFFFF490024B69292B6B6B6B692C9
:10CBC000926D00000000249292FFFFFF240049FFB5
:10CBD000FF92922400006D6D92924900004949DB5A
:10CBE000FFFF9292FFFFDB2400242424242424242A
:10CBF0002424242424000024240049FFFFFFFF49AB
:10CC0000000000000000000000DBFFFF240049FFDF
:10CC1000DB2400000024FFFF24000000000000B619
:10CC2000FFDB0000DBFFDB24000000000000000051
:10CC30000000000000000024240049FFFFFFFF491E
:10CC4000000000000000000000DBFFFF240049FF9F
:10CC5000DB2400000024FFFF24000000000000B6D9
:10CC6000FFDB0000DBFFDB24000000000000000011
:10CC70000000000000000024926D242424242424B9
:10CC80002424242424242424242424242424242464
:10CC90002424242424242424242424242424242454
:10CCA00024242424242424242424242449496D9243
:10CCB000DBDBFFFFFFFFFFFF492400000000000057
:10CCC0000000000000000000000000000000000064
:10CCD0000000000000000000000000000000000054
:10CCE00000000000000000000000000000002424FC
:10CCF000496DB6DBFFFFFFFF4900000024494949A9
:10CD00004949494949494949494949494949494993
:10CD10004949494949494949494949494949494983
:10CD20004949494949494949494949494924240006
:10CD300000246D92DBFFFFFF4900002492DBFFFF20
:10CD4000FFFFFFFFFFFFFFFFFFFFFFFFFFFFFFFFF3
:10CD5000FFFFFFFFFFFFFFFFFFFFFFFFFFFFFFFFE3
:10CD6000FFFFFFFFFFFFFFFFFFFFFFFFDBB66D4988
:10CD700000000049B6DBFFFF49000024B6FFFFFFBB
:10CD8000FFFFFFFFFFFFFFFFFFFFFFFFFFFFFFFFB3
:10CD9000FFFFFFFFFFFFFFFFFFFFFFFFFFFFFFFFA3
:10CDA000FFFFFFFFFFFFFFFFFFFFFFFFFFFFDBB600
:10CDB000492400246D92FFFF49000024B6FFFFFFC5
:10CDC000FFFFFFFFFFFFDBB6B6B6DBFFFFFFFFFF96
:10CDD000FFFFFFFFFFFFFFFFFFFFFFFFFFFFFFFF63
:10CDE000FFFFFFFFFFFFFFFFFFFFFFFFFFFFFFFF53
:10CDF000B66D0000246DDBFF49000024B6FFFFFF85
:10CE0000FFFFFFFFFFFF9249242492DBFFFFFFFF9C
:10CE1000FFFFFFFFFFFFFFFFFFFFFFFFFFFFFFFF22
:10CE2000FFFFFFFFFFFFFFFFFFFFFFFFFFFFFFFF12
:10CE3000DBB624000049DBFF49000024B6FFFFFFFA
:10CE4000FFFFFFFFFFFF9249000049B6DBFFFFFF36
:10CE5000FFFFFFFFFFFFFFFFFFFFFFFFFFFFFFFFE2
:10CE6000FFFFFFFFFFFFFFFFFFFFFFFFFFFFFFFFD2
:10CE7000FFB624000024DBFF49000024B6FFFFFFBB
:10CE8000FFFFFFFFFFFFB66D2400246DB6FFFFFF1D
:10CE9000FFFFFFFFFFFFFFDBB692926D6D6D6D6DC3
:10CEA0009292DBDBFFFFFFFFFFFFFFFFFFFFFFFFB4
:10CEB000FFB624000024DBFF49000024B6FFFFFF7B
:10CEC000FFFFFFFFFFFFDBB64900002492DBFFFFFF
:10CED000FFFFFFFFFFDB92924924240000000000C7
:10CEE00024496D92B6DBFFFFFFFFFFFFFFFFFFFF4F
:10CEF000FFB624000024DBFF49000024B6FFFFFF3B
:10CF0000FFFFFFFFFFFFFFFF6D2400006DB6FFFF77
:10CF1000FFFFFFFFB66D24000000000000000000CE
:10CF200000000000246DDBFFFFFFFFFFFFFFFFFF9E
:10CF3000FFB624000024DBFF49000024B6FFFFFFFA
:10CF4000FFFFFFFFFFFFFFFF92492400496DDBFF5A
:10CF5000FFFFDB9249240000244992B6B6B6B69290
:10CF60006D49000000244992FFFFFFFFFFFFFFFF14
:10CF7000FFB624000024DBFF49000024B6FFFFFFBA
:10CF8000FFFFFFFFFFFFFFFFDB9249000024496D19
:10CF9000929249240000244992B6DBFFFFFFFFFF75
:10CFA000DBB66D4900000049DBDBFFFFFFFFFFFF41
:10CFB000FFB624000024DBFF49000024B6FFFFFF7A
:10CFC000FFFFFFFFFFFFFFFFFFDB6D2400000000FE
:10CFD0000000000000246DB6FFFFFFFFFFFFFFFF12
:10CFE000FFFFDBB6492400246DB6FFFFFFFFFFFF04
:10CFF000FFB624000024DBFF49000024B6FFFFFF3A
:10D00000FFFFFFFFFFFFFFFFFFFFB66D24000000E3
:10D0100000000000246DB6DBFFFFFFFFFFFFFFFFF6
:10D02000FFFFFFDB924900004992FFFFFFFFFFFF78
:10D03000FFB624000024DBFF49000024B6FFFFFFF9
:10D04000FFFFFFFFFFFFFFFFFFFFDBDBB6B6B6B65C
:10D050006D2400004992FFFFFFFFFFFFFFFFFFFF6E
:10D06000FFFFFFFFDB6D0000006DFFFFFFFFFFFF15
:10D07000FFB624000024DBFF49000024B6FFFFFFB9
:10D08000FFFFFFFFFFFFFFFFFFFFFFFFFFFFFFFFB0
:10D09000B649000049B6FFFFFFFFFFFFFFFFFFFF9C
:10D0A000FFFFFFFFFF920000006DFFFFFFFFFFFF8C
:10D0B000FFB624000024DBFF49000024B6FFFFFF79
:10D0C000FFFFFFFFFFFFFFFFFFFFFFFFDBDBDBDB00
:10D0D000924900004992FFFFFFFFFFFFFFFFFFFFA4
:10D0E000FFFFFFFFDB920000006DFFFFFFFFFFFF70
:10D0F000FFB624000024DBFF49000024B6FFFFFF39
:10D10000FFFFFFFFFFFFFFFFFFFFB6924949242407
:10D1100024000000246DDBFFFFFFFFFFFFFFFFFF88
:10D12000FFFFFFDBB66D0000246DFFFFFFFFFFFF79
:10D13000FFB624000024DBFF49000024B6FFFFFFF8
:10D14000FFFFFFFFFFFFFFFFFFDB92240000000057
:10D1500000000000244992DBFFFFFFFFFFFFFFFFFD
:10D16000FFFFFFB66D2400246D92FFFFFFFFFFFF5E
:10D17000FFB624000024DBFF49000024B6FFFFFFB8
:10D18000FFFFFFFFFFFFFFFFDBB649000000242485
:10D190002424240000004992DBDBFFFFFFFFFFFF98
:10D1A000FFDBB66D00000049B6DBFFFFFFFFFFFFAE
:10D1B000FFB624000024DBFF49000024B6FFFFFF78
:10D1C000FFFFFFFFFFFFFFFFB66D2400246DB6DBFE
:10D1D000FFFFB66D24000024496DB6DBFFFFDBDBEB
:10D1E000926D24240000246DFFFFFFFFFFFFFFFF6F
:10D1F000FFB624000024DBFF49000024B6FFFFFF38
:10D20000FFFFFFFFFFFFFFFF922400004992DBFFBB
:10D21000FFFFFFDB6D4900000024494949494949A6
:10D22000242400002449B6DBFFFFFFFFFFFFFFFFC0
:10D23000FFB624000024DBFF49000024B6FFFFFFF7
:10D24000FFFFFFFFFFFFDBDB6D0000006DDBFFFF7B
:10D25000FFFFFFFFDBB66D49242400000000000043
:10D260000024244992B6FFFFFFFFFFFFFFFFFFFFEF
:10D27000FFB624000024DBFF49000024B6FFFFFFB7
:10D28000FFFFFFFFFFFFB69224002449B6DBFFFF3C
:10D29000FFFFFFFFFFFFDBB6926D49242424242407
:10D2A000496DB6DBFFFFFFFFFFFFFFFFFFFFFFFF43
:10D2B000FFB624000024DBFF49000024B6FFFFFF77
:10D2C000FFFFFFFFFFFF924900004992DBFFFFFFD6
:10D2D000FFFFFFFFFFFFFFFFFFFFDBDBDBDBDBDB36
:10D2E000DBFFFFFFFFFFFFFFFFFFFFFFFFFFFFFF72
:10D2F000FFB624000024DBFF49000024B6FFFFFF37
:10D30000FFFFFFFFFFFF924924246DB6FFFFFFFFE1
:10D31000FFFFFFFFFFFFFFFFFFFFFFFFFFFFFFFF1D
:10D32000FFFFFFFFFFFFFFFFFFFFFFFFFFFFFFFF0D
:10D33000FFB624000024DBFF49000024B6FFFFFFF6
:10D34000FFFFFFFFFFFFB6926D6DB6FFFFFFFFFF10
:10D35000FFFFFFFFFFFFFFFFFFFFFFFFFFFFFFFFDD
:10D36000FFFFFFFFFFFFFFFFFFFFFFFFFFFFFFFFCD
:10D37000FFB624000024DBFF49000024B6FFFFFFB6
:10D38000FFFFFFFFFFFFFFFFFFFFFFFFFFFFFFFFAD
:10D39000FFFFFFFFFFFFFFFFFFFFFFFFFFFFFFFF9D
:10D3A000FFFFFFFFFFFFFFFFFFFFFFFFFFFFFFFF8D
:10D3B000FFB624000024DBFF49000024B6FFFFFF76
:10D3C000FFFFFFFFFFFFFFFFFFFFFFFFFFFFFFFF6D
:10D3D000FFFFFFFFFFFFFFFFFFFFFFFFFFFFFFFF5D
:10D3E000FFFFFFFFFFFFFFFFFFFFFFFFFFFFFFFF4D
:10D3F000FFB624000024DBFF49000024B6FFFFFF36
:10D40000FFFFFFFFFFFFFFFFFFFFFFFFFFFFFFFF2C
:10D41000FFFFFFFFFFFFFFFFFFFFFFFFFFFFFFFF1C
:10D42000FFFFFFFFFFFFFFFFFFFFFFFFFFFFFFFF0C
:10D43000FFB624000024DBFF49000024B6FFFFFFF5
:10D44000FFFFFFFFFFFFFFFFFFFFFFFFFFFFFFFFEC
:10D45000DBDBFFFFFFFFFFFFDBDBFFFFFFFFFFFF6C
:10D46000DBDBDBFFFFFFFFFFFFFFFFFFFFFFFFFF38
:10D47000FFB624000024DBFF49000024B6FFFFFFB5
:10D48000FFFFFFFFFFFFFFFFFFFFFFFFFFFFB69262
:10D49000494992DBFFFFDB92494992B6FFFFFFB695
:10D4A00049496DB6FFFFFFFFFFFFFFFFFFFFFFFFD3
:10D4B000FFB624000024DBFF49000024B6FFFFFF75
:10D4C000FFFFFFFFFFFFFFFFFFFFFFFFFFFFB6496B
:10D4D00000006DB6FFFFDB6D00004992FFFFDB929D
:10D4E00000002492FFFFFFFFFFFFFFFFFFFFFFFF92
:10D4F000FFB624000024DBFF49000024B6FFFFFF35
:10D50000FFFFFFFFFFFFFFFFFFFFFFFFFFFF922473
:10D51000000049B6FFFFB64900002492FFFFDB6D13
:10D520000000006DFFFFFFFFFFFFFFFFFFFFFFFF9A
:10D53000FFB624000024DBFF49000024B6FFFFFFF4
:10D54000FFFFFFFFFFFFFFFFFFFFFFFFFFFF922433
:10D55000000049B6FFFFB64900002492FFFFDB6DD3
:10D560000000006DFFFFFFFFFFFFFFFFFFFFFFFF5A
:10D57000FFB624000024DBFF49000024B6FFFFFFB4
:10D58000FFFFFFFFFFFFFFFFFFFFFFFFFFFF9224F3
:10D59000000049B6FFFFB64900002492FFFFDB6D93
:10D5A0000000006DFFFFFFFFFFFFFFFFFFFFFFFF1A
:10D5B000FFB624000024DBFF49000024B6FFFFFF74
:10D5C000FFFFFFFFFFFFFFFFFFFFFFFFFFFF9224B3
:10D5D000000049B6FFFFB64900002492FFFFDB6D53
:10D5E0000000006DFFFFFFFFFFFFFFFFFFFFFFFFDA
:10D5F000FFB624000024DBFF49000024B6FFFFFF34
:10D60000FFFFFFFFFFFFFFFFFFFFFFFFFFFF922472
:10D61000000049B6FFFFB64900002492FFFFDB6D12
:10D620000000006DFFFFFFFFFFFFFFFFFFFFFFFF99
:10D63000FFB624000024DBFF49000024B6FFFFFFF3
:10D64000FFFFFFFFFFFFFFFFFFFFFFFFFFFF922432
:10D65000000049B6FFFFB64900002492FFFFDB6DD2
:10D660000000006DFFFFFFFFFFFFFFFFFFFFFFFF59
:10D67000FFB624000024DBFF49000024B6FFFFFFB3
:10D68000FFFFFFFFFFFFFFFFFFFFFFFFFFFF9224F2
:10D69000000049B6FFFFB64900002492FFFFDB6D92
:10D6A0000000006DFFFFFFFFFFFFFFFFFFFFFFFF19
:10D6B000FFB624000024DBFF49000024B6FFFFFF73
:10D6C000FFFFFFFFFFFFFFFFFFFFFFFFFFFF9224B2
:10D6D000000049B6FFFFB64900002492FFFFDB922D
:10D6E0000000246DFFFFFFFFFFFFFFFFFFFFFFFFB5
:10D6F000FFB624000024DBFF49000024B6FFFFFF33
:10D70000FFFFFFFFFFFFFFFFFFFFFFFFFFFF922471
:10D71000000049B6FFFFB64900002492FFFFFFB6A4
:10D7200049494992FFFFFFFFFFFFFFFFFFFFFFFF98
:10D73000FFB624000024DBFF49000024B6FFFFFFF2
:10D74000FFFFFFFFFFFFFFFFFFFFFFFFFFFF922431
:10D75000000049B6FFFFB64900002492FFFFFFFF1B
:10D76000DBDBDBFFFFFFFFFFFFFFFFFFFFFFFFFF35
:10D77000FFB624000024DBFF49000024B6FFFFFFB2
:10D78000FFFFFFFFFFFFFFFFFFFFFFFFFFFF9224F1
:10D79000000049B6FFFFB64900002492FFFFFFDBFF
:10D7A000B6B6B6DBFFFFFFFFFFFFFFFFFFFFFFFF88
:10D7B000FFB624000024DBFF49000024B6FFFFFF72
:10D7C000FFFFFFFFFFFFFFFFFFFFFFFFFFFF9224B1
:10D7D000000049B6FFFFB64900002492FFFFFF9208
:10D7E00024244992FFFFFFFFFFFFFFFFFFFFFFFF22
:10D7F000FFB624000024DBFF49000024B6FFFFFF32
:10D80000FFFFFFFFFFFFFFFFFFFFFFFFFFFF92494B
:10D81000000049B6FFFFB64900002492FFFFDB92EB
:10D820000000006DFFFFFFFFFFFFFFFFFFFFFFFF97
:10D83000FFB624000024DBFF49000024B6FFFFFFF1
:10D84000FFFFFFFFFFFFFFFFFFFFFFFFFFFFB649E7
:10D8500024246DB6FFFFB64900002492FFFFDB6D64
:10D860000000006DFFFFFFFFFFFFFFFFFFFFFFFF57
:10D87000FFB624000024DBFF49000024B6FFFFFFB1
:10D88000FFFFFFFFFFFFFFFFFFFFFFFFFFFFDB9239
:10D890009292B6DBFFFFB64900002492FFFFDB92B5
:10D8A0000000246DFFFFFFFFFFFFFFFFFFFFFFFFF3
:10D8B000FFB624000024DBFF49000024B6FFFFFF71
:10D8C000FFFFFFFFFFFFFFFFFFFFFFFFFFFFFFFF68
:10D8D000FFFFFFFFFFFFB64900002492FFFFFFB6E6
:10D8E00049496DB6FFFFFFFFFFFFFFFFFFFFFFFF8F
:10D8F000FFB624000024DBFF49000024B6FFFFFF31
:10D90000FFFFFFFFFFFFFFFFFFFFFFFFFFFFFFFF27
:10D91000FFFFFFFFFFFFB64900002492FFFFFFFF5C
:10D92000DBDBDBFFFFFFFFFFFFFFFFFFFFFFFFFF73
:10D93000FFB624000024DBFF49000024B6FFFFFFF0
:10D94000FFFFFFFFFFFFFFFFFFFFFFFFFFFFFFFFE7
:10D95000FFFFFFFFFFFFB64900002492FFFFFFFF1C
:10D96000FFFFFFFFFFFFFFFFFFFFFFFFFFFFFFFFC7
:10D97000FFB624000024DBFF49000024B6FFFFFFB0
:10D98000FFFFFFFFFFFFFFFFFFFFFFFFFFFFFFFFA7
:10D99000FFFFFFFFFFFFB64900002492FFFFFFFFDC
:10D9A000FFFFFFFFFFFFFFFFFFFFFFFFFFFFFFFF87
:10D9B000FFB624000024DBFF49000024B6FFFFFF70
:10D9C000FFFFFFFFFFFFFFFFFFFFFFFFFFFFFFFF67
:10D9D000FFFFFFFFFFFFB64900002492FFFFFFFF9C
:10D9E000FFFFFFFFFFFFFFFFFFFFFFFFFFFFFFFF47
:10D9F000FFB624000024DBFF49000024B6FFFFFF30
:10DA0000FFFFFFFFFFFFFFFFFFFFFFFFFFFFFFFF26
:10DA1000FFFFFFFFFFFFB64900002492FFFFFFFF5B
:10DA2000FFFFFFFFFFFFFFFFFFFFFFFFFFFFFFFF06
:10DA3000FFB624000024DBFF49000024B6FFFFFFEF
:10DA4000FFFFFFFFFFFFFFFFFFFFFFFFFFFFFFFFE6
:10DA5000FFFFFFFFFFFFB66D00004992FFFFFFFFD2
:10DA6000FFFFFFFFFFFFFFFFFFFFFFFFFFFFFFFFC6
:10DA7000FFDB24240049DBFF4924002492DBFFFF65
:10DA8000FFFFFFFFFFFFFFFFFFFFFFFFFFFFFFFFA6
:10DA9000FFFFFFFFFFFFDB9249496DB6FFFFFFFF6E
:10DAA000FFFFFFFFFFFFFFFFFFFFFFFFFFFFFFFF86
:10DAB000FFDB6D49496DDBFF6D4900006D92DBFFB7
:10DAC000FFFFFFFFFFFFFFFFFFFFFFFFFFFFFFFF66
:10DAD000FFFFFFFFFFFFFFFFDBDBFFFFFFFFFFFF9E
:10DAE000FFFFFFFFFFFFFFFFFFFFFFFFFFFFFFFF46
:10DAF000FFFFFFDBDBFFFFFFB66D24002449B6FF0D
:10DB0000FFFFFFFFFFFFFFFFFFFFFFFFFFFFFFFF25
:10DB1000FFFFFFFFFFFFFFFFFFFFFFFFFFFFFFFF15
:10DB2000FFFFFFFFFFFFFFFFFFFFFFFFFFFFFFFF05
:10DB3000FFFFFFFFFFFFFFFFDBB6492400246DB6A8
:10DB4000DBFFFFFFFFFFFFFFFFFFFFFFFFFFFFFF09
:10DB5000FFFFFFFFFFFFFFFFFFFFFFFFFFFFFFFFD5
:10DB6000FFFFFFFFFFFFFFFFFFFFFFFFFFFFFFFFC5
:10DB7000FFFFFFFFFFFFFFFFFFDB6D4900002449B0
:10DB800092B6DBFFFFFFFFFFFFFFFFFFFFFFFFFF7F
:10DB9000FFFFFFFFFFFFFFFFFFFFFFFFFFFFFFFF95
:10DBA000FFFFFFFFFFFFFFFFFFFFFFFFFFFFFFFF85
:10DBB000FFFFFFFFFFFFFFFFFFFFDBB64924000071
:10DBC000242449494949494949494949494949490F
:10DBD00049494949494949494949494949494949B5
:10DBE00049494949494949494949494949494949A5
:10DBF0004949494949496D92FFFFFFFFB6924924BF
:10DC00000000000000000000000000000000000014
:10DC10000000000000000000000000000000000004
:10DC200000000000000000000000000000000000F4
:10DC30000000000000002449FFFFFFFFFFFFB69235
:10DC40006D49242424242424242424242424242426
:10DC50002424242424242424242424242424242484
:10DC60002424242424242424242424242424242474
:10DC7000242424242424496DFFFFFFFFFFFFFFFF1E
:10DC8000FFFFFFFFFFFFFFFFFFFFFFFFFFFFFFFFA4
:10DC9000FFFFFFFFFFFFFFFFFFFFFFDBB6926D49B6
:10DCA0004924242449496D92B6DBFFFFFFFFFFFFA3
:10DCB000FFFFFFFFFFFFFFFFFFFFFFFFFFFFFFFF74
:10DCC000FFFFFFFFFFFFFFFFFFFFFFFFFFFFFFFF64
:10DCD000FFFFFFFFFFFFFFFFFFDB926D49242400E2
:10DCE0000000000000002424496D92B6DBFFFFFF16
:10DCF000FFFFFFFFFFFFFFFFFFFFFFFFFFFFFFFF34
:10DD0000FFFFFFFFFFFFFFFFFFFFFFFFFFFFFFFF23
:10DD1000FFFFFFFFFFFFFFFFB66D240000000000C4
:10DD200000000000000000000000004992DBFFFF3F
:10DD3000FFFFFFFFFFFFFFFFFFFFFFFFFFFFFFFFF3
:10DD4000FFFFFFFFFFFFFFFFFFFFFFFFFFFFFFFFE3
:10DD5000FFFFFFFFFFFFDB6D2424000024496D92CD
:10DD6000B6B6B6B6B692926D240000002449B6FF4E
:10DD7000FFFFFFFFFFFFFFFFFFFFFFFFFFFFFFFFB3
:10DD8000FFFFFFFFFFFFFFFFFFFFFFFFFFFFFFFFA3
:10DD9000FFFFFFFFFFB66D240000244992B6DBDBD6
:10DDA000FFFFFFFFFFFFDBB6926D492400004992A1
:10DDB000DBFFFFFFFFFFFFFFFFFFFFFFFFFFFFFF97
:10DDC000FFFFFFFFFFFFFFFFFFFFFFFFFFFFFFFF63
:10DDD000FFFFFFFFB6490000244992DBFFFFFFFF72
:10DDE000FFFFFFFFFFFFFFFFFFDBB66D24000024F6
:10DDF00092FFFFFFFFFFFFFFFFFFFFFFFFFFFFFFA0
:10DE0000FFFFFFFFFFFFFFFFFFFFFFFFFFFFFFFF22
:10DE1000FFFFFFB64900002492B6DBFFFFFFFFFFC4
:10DE2000FFFFFFFFFFFFFFFFFFFFFFDB9249000047
:10DE30002492DBFFFFFFFFFFFFFFFFFFFFFFFFFF5E
:10DE4000FFFFFFFFFFFFFFFFFFFFFFFFFFFFFFFFE2
:10DE5000FFFFB64900004992DBFFFFFFFFFFFFFF16
:10DE6000FFFFFFFFFFFFFFFFFFFFFFFFFFB649249C
:10DE7000002492FFFFFFFFFFFFFFFFFFFFFFFFFFF9
:10DE8000FFFFFFFFFFFFFFFFFFFFFFFFFFFFFFFFA2
:10DE9000FFDB6D000024B6DBFFFFFFFFFFFFFFFF8E
:10DEA000FFFFFFFFFFFFFFFFFFFFFFFFFFFFB66D5D
:10DEB000000049B6FFFFFFFFFFFFFFFFFFFFFFB6B8
:10DEC0009292FFFFFFFFFFFFFFFFFFFFFFFFFFFF3C
:10DED000DB9224004992DBFFFFFFFFFFFFFFFFFF04
:10DEE000FFFFFFFFFFFFFFFFFFFFFFFFFFFFFFB68B
:10DEF0006D00006DDBFFFFFFFFFFFFFFFFFFFF492E
:10DF00002449DBFFFFFFFFFFFFFFFFFFFFFFFFFFD6
:10DF1000B649000092DBFFFFFFFFFFFFFFFFFFFF9F
:10DF2000FFDBDBDBDBDBFFFFFFFFFFFFFFFFFFFFB5
:10DF3000B624002492FFFFFFFFFFFFFFFFFFFF4912
:10DF4000002492DBFFFFFFFFFFFFFFFFFFFFFFFF4C
:10DF50006D00006DDBFFFFFFFFFFFFFFFFFFFFFF17
:10DF6000DB492424496DB6FFFFFFFFFFFFFFFFFFE2
:10DF7000FF92240024DBFFFFFFFFFFFFFFFFFF9264
:10DF8000240049B6FFFFFFFFFFFFFFFFFFFFFFB6C3
:10DF9000240024B6FFFFFFFFFFFFFFFFFFFFFFFF8F
:10DFA000B62400000024496DB6DBFFFFFFFFFFFF32
:10DFB000FFDB49000092DBFFFFFFFFFFFFFFFFDBFE
:10DFC0006D00006DDBFFFFFFFFFFFFFFFFFFDB9238
:10DFD00024246DFFFFFFFFFFFFFFFFFFFFFFFFFF99
:10DFE000DB4924242400000049B6FFFFFFFFFFFFA8
:10DFF000FFFF92240049B6FFFFFFFFFFFFFFFFFF77
:10E000009224004992FFFFFFFFFFFFFFFFFFFF92F7
:10E010002449B6FFFFFFFFFFFFFFFFFFFFFFFFFFEA
:10E02000FFDBB6B692492400004992FFFFFFFFFFD5
:10E03000FFFFDB6D000092FFFFFFFFFFFFFFFFFF11
:10E04000DB6D00006DDBFFFFFFFFFFFFFFFFFFB693
:10E0500092B6FFFFFFFFFFFFFFFFFFFFFFFFFFFF86
:10E06000FFFFFFFFDBB66D49000049B6FFFFFFFF72
:10E07000FFFFFF9200006DFFFFFFFFFFFFFFFFFFAD
:10E08000DBB6240024B6DBFFFFFFFFFFFFFFFFFF2F
:10E09000FFFFFFFFFFFFFFFFFFFFFFFFFFFFFFFF90
:10E0A000FFFFFFFFFFFFFFB64900006DDBFFFFFF33
:10E0B000FFFFFFB6240049DBFFFFFFFFFFFFFF92DA
:10E0C00049240000002449494949494949494949E5
:10E0D00049494949494949494949494949494949B0
:10E0E000496D92DBFFFFFFFF9249002492FFFFFF83
:10E0F000FFFFFFDB6D002492FFFFFFFFFFFFFF6DBF
:10E10000000000000000000000000000000000000F
:10E1100000000000000000000000000000000000FF
:10E1200000244992DBFFFFFFDB92000049DBFFFF89
:10E13000FFFFFFDB92000092FFFFFFFFFFFFFF6D7D
:10E1400024000000000000000000000000000000AB
:10E1500000000000000000000000000000000000BF
:10E160000000002492DBFFFFFFB624002492FFFF93
:10E17000FFFFFFFFB624006DFFFFFFFFFFFFFFDB88
:10E18000B692B6B6B6B6B6B6B6B6B6B6B6B6B6B653
:10E19000B6B6B6B6B6B6B6B6B6B6B6B6B6B6B69243
:10E1A000926D240024B6FFFFFFDB6D24006DFFFF9E
:10E1B000FFFFFFFFDB240049FFFFFFFFFFFFFFFF23
:10E1C000FFFFFFFFFFFFFFFFFFFFFFFFFFFFFFFF5F
:10E1D000FFFFFFFFFFFFFFFFFFFFFFFFFFFFFFFF4F
:10E1E000FFB66D00006DFFFFFFFFB6240049DBFFA7
:10E1F000FFFFFFFFDB240049FFFFFFFFFFFFFFFFE3
:10E20000FFFFFFFFFFFFFFFFFFFFFFFFFFFFFFFF1E
:10E21000FFFFFFFFFFFFFFFFFFFFFFFFFFFFFFFF0E
:10E22000FFFFB6240049B6FFFFFFDB240024DBFF1D
:10E23000FFFFFFFFDB240049FFFFFFFFFFFFFFFFA2
:10E24000FFFFFFFFFFFFFFFFFFFFFFFFFFFFFFFFDE
:10E25000FFFFFFFFFFFFFFFFFFFFFFFFFFFFFFFFCE
:10E26000FFFFDB490049B6FFFFFFFF490024DBFF4A
:10E27000FFFFFFFFFF240049FFFFFFFFFFFFFFFF3E
:10E28000FFFFFFFFFFFFFFFFFFFFFFFFFFFFFFFF9E
:10E29000FFFFFFFFFFFFFFFFFFFFFFFFFFFFFFFF8E
:10E2A000FFFFDB490049B6FFFFFFFF490024DBFF0A
:10E2B000FFFFFFFFDB240049FFFFFFFFFFFFFFFF22
:10E2C000FFFFFFFFFFFFFFFFFFFFFFFFFFFFFFFF5E
:10E2D000FFFFFFFFFFFFFFFFFFFFFFFFFFFFFFFF4E
:10E2E000FFFFB6240049B6FFFFFFDB240024DBFF5D
:10E2F000FFFFFFFFDB240049FFFFFFFFFFFFFFFFE2
:10E30000FFFFFFFFFFFFFFFFFFFFFFFFFFFFFFFF1D
:10E31000FFFFFFFFFFFFFFFFFFFFFFFFFFFFFFFF0D
:10E32000FFDB9200006DDBFFFFFFB6240049DBFF3F
:10E33000FFFFFFFFDB240049FFDBDBDBDBDBDBDB9D
:10E34000DBDBDBDBDBDBDBDBDBDBDBDBDBDBDBDB1D
:10E35000DBDBDBDBDBDBDBDBDBDBDBDBDBDBDBDB0D
:10E36000DB9224000092FFFFFFDB92240049DBFFD9
:10E37000FFFFFFFFB624006D9249494949494949C9
:10E3800049494949494949494949494949494949FD
:10E3900049494949494949494949494949494949ED
:10E3A000242400006DDBFFFFFFDB49002492FFFF08
:10E3B000FFFFFFDB920024926D00000000000000D0
:10E3C000000000000000000000000000000000004D
:10E3D000000000000000000000000000000000003D
:10E3E00000002449B6FFFFFFFFB6240049B6FFFF37
:10E3F000FFFFFFDB490024B66D2400000000000091
:10E40000000000000000000000000000000000000C
:10E4100000000000000000000000000000000000FC
:10E4200024496DDBFFFFFFFFB66D00006DFFFFFFAE
:10E43000FFFFFFB6240049DBDBB6B6B6B6B6B6B60C
:10E44000B6B6B6B692922400004992B6B6B6B6B643
:10E45000B6B6B6B6B6B6B6B6B6B6B6B6B6B6B6B65C
:10E46000B6B6DBFFFFFFFFDB6D240049B6FFFFFF01
:10E47000FFFFFF9200006DFFFFFFFFFFFFFFFFFFA9
:10E48000FFFFFFFFFFDB6D240049B6FFFFFFFFFF2B
:10E49000DBB6DBFFFFFFFFFFFFFFFFFFFFFFFFFF1D
:10E4A000FFFFFFFFFFDBB66D24002492FFFFFFFF9D
:10E4B000FFFFB66D000092FFFFFFFFFFFFFFFFFFB2
:10E4C000FFFFFFFFFFFFDB6D002492FFFFFFFFFF59
:10E4D0006D496DFFFFFFFFFFFFFFFFFFFFFFFFFF26
:10E4E000FFFFFFDBB66D240000246DDBFFFFFFFFA5
:10E4F000FFFF92240049B6FFFFFFFFFFFFFFFFFF72
:10E50000FFFFFFFFFFFFFF92000092FFFFFFFFFFF3
:10E51000490024B6FFFFFFFFFFFFFFFFFFFFFFDB08
:10E52000926D6D49492400002492DBFFFFFFFFFF3D
:10E53000FFDB49000092FFFFFFFFFFFFFFFFFFFF30
:10E54000FFFFFFFFFFFFFF92000092FFFFFFFFFFB3
:10E550006D000049B6FFFFFFFFFFFFFFFFFFFFDB7E
:10E56000490000000000244992DBFFFFFFFFFFFF8E
:10E57000DB6D240049DBFFFFFFFFFFFFFFFFFFFF15
:10E58000FFFFFFFFFFFFDB6D000092FFFFFFFFFFBC
:10E59000B64900006DDBFFFFFFFFFFFFFFFFFFDB62
:10E5A00049000024244992DBFFFFFFFFFFFFFFFF2C
:10E5B000B624002492FFFFFFFFFFFFFFFFFFFFFFD6
:10E5C000FFFFFFFFFFDB92240049B6FFFFFFFFFFC5
:10E5D000FF9224002492DBFFFFFFFFFFFFFFFFFFFE
:10E5E000B6929292B6B6DBFFFFFFFFFFFFFFFFB6CA
:10E5F0004900246DDBFFFFFFFFFFFFFFDBDBDBDB01
:10E60000DBDBDBDBDBB64900006DDBFFFFFFFFFF81
:10E61000FFDB6D00002492DBFFFFFFFFFFFFFFFF2A
:10E62000FFFFFFFFFFFFFFFFFFFFFFFFFFFFB649F9
:10E63000000049B6FFFFFFFFFFFFDB6D49242424E4
:10E64000242424242424000049B6FFFFFFFFFFFFF9
:10E65000FFFFDB4900002492DBFFFFFFFFFFFFFF0E
:10E66000FFFFFFFFFFFFFFFFFFFFFFFFDB92490000
:10E670000024B6FFFFFFFFFFFFFFDB4900000000A3
:10E68000000000000000000049DBFFFFFFFFFFFF6C
:10E69000FFFFFFB66D2400246DB6DBFFFFFFFFFF19
:10E6A000FFFFFFFFFFFFFFFFFFFFFFB692490000E4
:10E6B0004992DBFFFFFFFFFFFFFFDB6D24242424D3
:10E6C000242424242400000049DBFFFFFFFFFFFF78
:10E6D000FFFFFFFFB6492400004992DBFFFFFFFF69
:10E6E000FFFFFFFFFFFFFFFFFFDBB64924000049EC
:10E6F00092FFFFFFFFFFFFFFFFFFFFDBB6B6B6B6DF
:10E70000B6B6B6B6B69224002492DBFFFFFFFFFF39
:10E71000FFFFFFFFFFB66D24000024496D92B6DBBA
:10E72000FFFFFFFFFFDBDBB69249240000006DB660
:10E73000DBFFFFFFFFFFFFFFFFFFFFFFFFFFFFFF0D
:10E74000FFFFFFFFFFDB6D240049B6FFFFFFFFFF68
:10E75000FFFFFFFFFFFFDB924924000024496D6D9E
:10E760009292929292926D4924000024496DB6FFD4
:10E77000FFFFFFFFFFFFFFFFFFFFFFFFFFFFFFFFA9
:10E78000FFFFFFFFFFFFDB6D000092FFFFFFFFFFBA
:10E79000FFFFFFFFFFFFFFFFDB6D24000000000015
:10E7A00000000000000000000000246DB6FFFFFF25
:10E7B000FFFFFFFFFFFFFFFFFFFFFFFFFFFFFFFF69
:10E7C000FFFFFFFFFFFFFF92000092FFFFFFFFFF31
:10E7D000FFFFFFFFFFFFFFFFFFDBB6926D49240045
:10E7E00000000000000024496D92B6DBFFFFFFFF30
:10E7F000FFFFFFFFFFFFFFFFFFFFFFFFFFFFFFFF29
:10E80000FFFFFFFFFFFFFF92000092FFFFFFFFFFF0
:10E81000FFFFFFFFFFFFFFFFFFFFFFFFDB92926D98
:10E8200049494949496D6D92B6DBFFFFFFFFFFFF84
:10E83000FFFFFFFFFFFFFFFFFFFFFFFFFFFFFFFFE8
:10E84000FFFFFFFFFFFFDB6D000092FFFFFFFFFFF9
:10E85000FFFFFFFFFFFFFFFFFFFFFFFFFFFFFFFFC8
:10E86000FFFFFFFFFFFFFFFFFFFFFFFFFFFFFFFFB8
:10E87000FFFFFFFFFFFFFFFFFFFFFFFFFFFFFFFFA8
:10E88000FFFFFFFFFFDB92240049B6FFFFFFFFFF02
:10E89000FFFFFFFFFFFFFFFFFFFFFFFFFFFFFFFF88
:10E8A000FFFFFFFFFFFFFFFFFFFFFFFFFFFFFFFF78
:10E8B000FFFFFFFFFFFFFFFFDBDBDBDBDBDBDBDB88
:10E8C000DBDBDBDBB6922400006DDBFFFFFFFFFF2D
:10E8D000FFFFFFFFFFFFFFFFFFFFFFFFFFFFFFFF48
:10E8E000FFFFFFFFFFFFFFFFFFFFFFFFFFFFFFFF38
:10E8F000FFFFFFFFFFFFFFFF92492424242424246D
:10E90000242424242424000049B6FFFFFFFFFFFF36
:10E91000FFFFFFFFFFFFFFFFFFFFFFFFFFFFFFFF07
:10E92000FFFFFFFFFFFFFFFFFFFFFFFFFFFFFFFFF7
:10E93000FFFFFFFFFFFFFFFF6D0000000000000072
:10E940000000000000002449B6FFFFFFFFFFFFFFAB
:10E95000FFFFFFFFFFFFFFFFFFFFFFFFFFFFFFFFC7
:10E96000FFFFFFFFFFFFFFFFFFFFFFFFFFFFFFFFB7
:10E97000FFFFFFFFFFFFFFFF6D240024242424245A
:10E9800024000000000049B6FFFFFFFFFFFFFFFF6C
:10E99000FFFFFFFFFFFFFFFFFFFFFFFFFFFFFFFF87
:10E9A000FFFFFFFFFFFFFFFFFFFFFFFFFFFFFFFF77
:10E9B000FFFFFFFFFFFFFFFFDBDBDBDBDBDBDBDB87
:10E9C000DBB69249000049B6FFFFFFFFFFFFFFFFE4
:10E9D000FFFFFFFFFFFFFFFFFFFFFFFFFFFFFFFF47
:10E9E000FFFFFFFFFFFFFFFFFFFFFFFFFFFFFFFF37
:10E9F000FFFFFFFFFFFFFFFFFFFFFFFFFFFFFFFF27
:10EA0000FFFFDB9249002492FFFFFFFFFFFFFFFFA4
:10EA1000FFFFFFFFFFFFFFFFFFFFFFFFFFFFFFFF06
:10EA2000FFFFFFFFFFFFFFFFFFFFFFFFFFFFFFFFF6
:10EA3000FFFFFFFFFFFFFFFFFFFFFFFFFFFFFFFFE6
:10EA4000FFFFFFDB9200006DFFFFFFFFFFFFFFFFF7
:10EA5000FFFFFFFFFFFFFFFFFFFFFFFFFFFFFFFFC6
:10EA6000FFFFFFFFFFFFFFFFFFFFFFFFFFFFFFFFB6
:10EA7000FFFFFFFFFFFFFFFFFFFFFFFFFFFFFFFFA6
:10EA8000FFFFFFFFB600006DFFFFFFFFFFFFFFFF6F
:10EA9000FFFFFFFFFFFFFFFFFFFFFFFFFFFFFFFF86
:10EAA000FFFFFFFFFFFFFFFFFFFFFFFFFFFFFFFF76
:10EAB000FFFFFFFFFFFFFFFFFFFFFFFFFFFFFFFF66
:10EAC000FFFFFFFFB600006DFFFFFFFFFFFFFFFF2F
:10EAD000FFFFFFFFFFFFFFFFFFFFFFFFFFFFFFFF46
:10EAE000FFFFFFFFFFFFFFFFFFFFFFFFFFFFFFFF36
:10EAF000FFFFFFFFFFFFFFFFFFFFFFFFFFFFFFFF26
:10EB0000FFFFFFDB9200006DFFFFFFFFFFFFFFFF36
:10EB1000FFFFFFFFFFFFFFFFFFFFFFFFFFFFFFFF05
:10EB2000FFFFFFFFFFFFFFFFFFFFFFFFFFFFFFFFF5
:10EB3000FFFFFFFFFFFFFFFFFFFFFFFFFFFFFFFFE5
:10EB4000FFFFDB9249002492FFFFFFFFFFFFFFFF63
:10EB5000FFFFFFFFFFFFFFFFFFFFFFFFFFFFFFFFC5
:10EB6000FFFFFFFFFFFFFFFFFFFFFFFFFFFFFFFFB5
:10EB7000FFFFFFFFFFFFFFFFFFFFFFDBDBB6B6B6C8
:10EB8000B6B6924900006DDBFFFFFFFFFFFFFFFFFE
:10EB9000FFFFFFFFFFFFFFFFFFFFFFFFFFFFFFFF85
:10EBA000FFFFFFFFFFFFFFFFFFFFFFFFFFFFFFFF75
:10EBB000FFFFFFFFFFFFFFFFFFFFDB492400000017
:10EBC000000000000024B6FFFFFFFFFFFFFFFFFF74
:10EBD000FFFFFFFFFFFFFFFFFFFFFFFFFFFFFFFF45
:10EBE000FFFFFFFFFFFFFFFFFFFFFFFFFFFFFFFF35
:10EBF000FFFFFFFFFFFFFFFFFFFFDB4900000000FB
:10EC0000000000244992FFFFFFFFFFFFFFFFFFFF0F
:10EC1000FFFFFFFFFFFFFFFFFFFFFFFFFFFFFFFF04
:10EC2000FFFFFFFFFFFFFFFFFFFFFFFFFFFFFFFFF4
:10EC3000FFFFFFFFFFFFFFFFFFFFDB6D49242424E1
:10EC40002424496DB6FFFFFFFFFFFFFFFFFFFFFF1B
:10EC5000FFFFFFFFFFFFFFFFFFFFFFFFFFFFFFFFC4
:10EC6000FFFFFFFFFFFFFFFFFFFFFFFFFFFFFFFFB4
:10EC7000FFFFFFFFFFFFFFFFFFFFFFFFFFFFFFFFA4
:10EC8000FFFFFFFFFFFFFFFFFFFFFFFFFFFFFFFF94
:10EC9000FFFFFFFFFFFFFFFFFFFFFFFFFFFFFFFF84
:10ECA000FFFFFFFFFFFFFFFFFFFFFFFFFFFFFFFF74
:10ECB000FFFFFFFFB66D6DB6FFFFFFFFFFFFFFFF1A
:10ECC000FFFFFFFFFFFFFFFFFFFFFFFFFFFFFFFF54
:10ECD000FFFFFFFFFFFFFFFFFFFFFFFFFFFFFFFF44
:10ECE000FFFFFFFFFFFFFFFFFFFFFFFFFFFFFFFF34
:10ECF000FFFFFFDB6D24246DFFFFFFFFFFFFFFFF22
:10ED0000FFFFFFFFFFFFFFFFFFFFFFFFFFFFFFFF13
:10ED1000FFFFFFFFFFFFFFFFFFFFFFFFFFFFFFFF03
:10ED2000FFFFFFFFFFFFFFFFFFFFFFFFFFFFFFFFF3
:10ED3000FFFFFFB64900246DFFFFFFFFFFFFFFFF4E
:10ED4000FFFFFFFFFFFFFFFFFFFFFFFFFFFFFFFFD3
:10ED5000FFFFFFFFFFFFFFFFFFFFFFFFFFFFFFFFC3
:10ED6000FFFFFFFFFFFFFFFFFFFFFFFFFFFFFFFFB3
:10ED7000FFFFFF6D24002492FFFFFFFFFFFFFFFF57
:10ED8000FFFFFFFFFFFFFFFFFFFFFFFFFFFFFFFF93
:10ED9000FFFFFFFFFFFFFFFFFFFFFFFFFFFFFFFF83
:10EDA000FFFFFFFFFFFFFFFFFFFFFFFFFFFFFFFF73
:10EDB000FFFFDB49000049B6FFFFFFFFFFFFFFFF3A
:10EDC000FFFFFFFFFFFFFFFFFFFFFFFFFFFFFFFF53
:10EDD000FFFFFFFFFFFFFFFFFFFFFFFFFFFFFFFF43
:10EDE000FFFFFFFFFFFFFFFFFFFFFFFFFFFFFFFF33
:10EDF000FFFFB62400006DFFFFFFFFFFFFFFFFFFD7
:10EE0000FFFFFFFFFFFFFFFFFFFFFFFFFFFFFFFF12
:10EE1000FFFFFFFFFFFFFFFFFFFFFFFFFFFFFFFF02
:10EE2000FFFFFFFFFFFFFFFFFFFFFFFFFFFFFFFFF2
:10EE3000FFDB9200002492FFFFFFFFFFFFFFFFFFB9
:10EE4000FFFFFFFFDBB6926D6D6D92DBFFFFFFFFF3
:10EE5000FFFFFFFFFFFFFFFFFFFFFFFFFFFFFFFFC2
:10EE6000FFFFFFFFFFFFFFFFFFFFFFFFFFFFFFFFB2
:10EE7000FFB66D002449B6FFFFFFFFFFFFFFFFFF56
:10EE8000FFFFFFDB924924240024496DB6DBFFFF1E
:10EE9000FFFFFFFFFFFFFFFFFFFFFFFFFFFFFFFF82
:10EEA000FFFFFFFFFFFFFFFFDBDBDBDBDBDBDBB6B7
:10EEB000B66D24004992DBFFFFFFFFFFFFFFFFFF5E
:10EEC000FFFFDB6D2400000000000000246DDBFF6D
:10EED000FFFFFFFFFFFFFFFFFFFFFFFFFFFFFFFF42
:10EEE000FFDBDBDBDBB6B6929292926D6D4949494E
:10EEF000242400006DDBFFFFFFFFFFFFFFFFFFFF8C
:10EF0000FFFF924900246D92926D2400004992DB2C
:10EF1000FFDBDBDBDBB6B6B6B69292926D6D6D4968
:10EF20004949494949242424242424242400000054
:10EF30000000002492FFFFFFFFFFFFDBB6B6B6B66E
:10EF4000B6B64900006DB6DBFFDB922400004992A3
:10EF5000926D6D6D6D494949494924242400000092
:10EF6000000000000000000000000024244949497E
:10EF700049496D92DBFFFFFFFFFFB6924924002451
:10EF80004949000024DBFFFFFFFFDB6D00000000AC
:10EF90000000000000000000000000000000000071
:10EFA000000000002449492400002492B6B6B6DBD4
:10EFB000DBDBFFFFFFFFFFFFFF92242400000000C8
:10EFC0000000000024DBFFFFFFFFFF6D00000000DA
:10EFD000002424244949496D6D6D6D9292B6B69214
:10EFE0006D0000246DB69249002449DBFFFFFFFF4E
:10EFF000FFFFFFFFFFFFFFFFB649000024496D49F7
:10F000002400000024DBFFFFFFFFFF6D0000006D08
:10F0100092929292B6B6B6B6B6DBDBDBDBFFFFDBD5
:10F020006D002449B6FFB64900246DFFFFFFFFFFC6
:10F03000FFFFFFFFFFFFFFFF6D2400246DDBDBB64A
:10F040006D49000024DBFFFFFFFFFF6D000024DBA4
:10F05000FFFFFFFFFFFFFFFFFFFFFFFFFFFFFFDBE4
:10F060006D00246DB6FF9249004992FFFFFFFFFF3C
:10F07000FFFFFFFFFFFFFFFF49000049DBFFFFFF2E
:10F08000DB92240024DBFFFFFFFFFF6D000024DB89
:10F09000FFFFFFFFFFFFFFFFFFFFFFFFFFFFFFB6C9
:10F0A0004900496DDBDB9224004992FFFFFFFFFF1F
:10F0B000FFFFFFFFFFFFFFFF2400006DFFFFFFFFCB
:10F0C000FFB6240024DBFFFFFFFFFF6D000024DB01
:10F0D000FFFFFFFFFFFFFFFFFFFFFFFFFFFFFFB689
:10F0E00049004992DBDB6D242449B6FFFFFFFFFF97
:10F0F000FFFFFFFFFFFFFFFF49000049DBFFFFFFAE
:10F10000DBB6240024DBFFFFFFFFFF6D000024DBE4
:10F11000FFFFFFFFFFFFFFFFFFFFFFFFFFFFFF926C
:10F1200024006DB6DBDB6D00246DDBFFFFFFFFFF0E
:10F13000FFFFFFFFFFFFFFFF6D2400246DDBFFDB00
:10F140006D49000024DBFFFFFFFFFF6D000024DBA3
:10F15000FFFFFFFFFFFFFFFFFFFFFFFFFFFFFF922C
:10F1600000006DDBFFDB4900246DFFFFFFFFFFFFA9
:10F17000FFFFFFFFFFFFFFFFB649000024496D4975
:10F180002400000024DBFFFFFFFFFF6D000024DBF5
:10F19000FFFFFFFFFFFFFFFFFFFFFFFFFFFFFF92EC
:10F1A000000092DBFFDB24002492FFFFFFFFFFFF44
:10F1B000FFFFFFFFFFFFFFFFDB924924000000007D
:10F1C0000000000024DBFFFFFFFFFF6D000024DBD9
:10F1D000FFFFFFFFFFFFFFFFFFFFFFFFFFFFFF6DD1
:10F1E000000092FFFFB624004992FFFFFFFFFFFFE0
:10F1F000FFFFFFFFFFFFFFFFFFDBB6924924002464
:10F200004949000024DBFFFFFFFFFF6D000024DB06
:10F21000FFFFFFFFFFFFFFFFFFFFFFFFFFFFDB6DB4
:10F22000002492FFFFB6240049B6FFFFFFFFFFFF57
:10F23000FFFFFFFFFFFFFFFFFFFFFFDBB6B6B6B626
:10F24000B692240024DBFFFFFFFFFF6D000024DBEC
:10F25000FFFFFFFFFFFFFFFFFFFFFFFFFFDBB649E1
:10F260000024B6FFDB9224246DB6FFFFFFFFFFFFF3
:10F27000FFFFFFFFFFFFFFFFFFFFFFFFFFFFFFFF9E
:10F28000FFDB240024DBFFFFFFFFFF6D000024DB1A
:10F29000FFFFFFFFFFFFFFFFFFFFFFFFFFDBB649A1
:10F2A0000049B6FFDB92242492B6FFFFFFFFFFFF69
:10F2B000FFFFFFFFFFFFFFFFFFFFFFFFFFFFFFFF5E
:10F2C000FFDB240024DBFFFFFFFFFF6D000024DBDA
:10F2D000FFFFFFFFFFFFFFFFFFFFFFFFFFB69249AA
:10F2E000006DDBFFDB6D242492DBFFFFFFFFFFFFE0
:10F2F000FFFFFFFFFFFFFFFFFFFFFFFFFFFFFFFF1E
:10F30000FFDB240024DBFFFFFFFFFF6D000024DB99
:10F31000FFFFFFFFFFFFFFFFFFFFFFFFFFB692248E
:10F320000092DBFFB6490049B6DBFFFFFFFFFFFF9E
:10F33000FFFFFFFFFFFFFFFFFFFFFFFFFFFFFFFFDD
:10F34000FFDB240024DBFFFFFFFFFF6D000024DB59
:10F35000FFFFFFFFFFFFFFFFFFFFFFFFFF926D2497
:10F360000092DBFFB6490049B6DBFFFFFFFFFFFF5E
:10F37000FFFFFFFFFFFFFFFFFFFFFFFFFFFFFFFF9D
:10F38000FFDB240024DBFFFFFFFFFF6D000024DB19
:10F39000FFFFFFFFFFFFFFFFFFFFFFFFFF9249009F
:10F3A00024B6FFFFB624006DDBFFFFFFFFFFFFFF6A
:10F3B000FFFFFFFFFFFFFFFFFFFFFFFFFFFFFFFF5D
:10F3C000FFDB240024DBFFFFFFFFFF6D000024DBD9
:10F3D000FFFFFFFFFFFFFFFFFFFFFFFFFF6D490084
:10F3E00024DBFFFF9224006DFFFFFFFFFFFFFFFF05
:10F3F000FFFFFFFFFFFFFFFFFFFFFFFFFFFFFFFF1D
:10F40000FFDB240024DBFFFFFFFFFF6D000024DB98
:10F41000FFFFFFFFFFFFFFFFFFFFFFFFFF6D240068
:10F4200024DBFFFF92000092FFFFFFFFFFFFFFFFC3
:10F43000FFFFFFFFFFFFFFFFFFFFFFFFFFFFFFFFDC
:10F44000FFDB240024DBFFFFFFFFFF6D000024DB58
:10F45000FFFFFFFFFFFFFFFFFFFFFFFFDB6D24004C
:10F4600049DBFFFF6D000092FFFFFFFFFFFFFFFF83
:10F47000FFFFFFFFFFFFFFFFFFFFFFFFFFFFFFFF9C
:10F48000FFDB240024DBFFFFFFFFFF6D000024DB18
:10F49000FFFFFFFFFFFFFFFFFFFFFFFFDB49240030
:10F4A00049FFFFDB6D002492FFFFFFFFFFFFFFFF1F
:10F4B000FFFFFFFFFFFFFFFFFFFFFFFFFFFFFFFF5C
:10F4C000FFDB240024DBFFFFFFFFFF6D000024DBD8
:10F4D000FFFFFFFFFFFFFFFFFFFFFFFFB6492424F1
:10F4E0006DFFDBB66D0049B6FFFFFFFFFFFFFFFFBB
:10F4F000FFFFFFFFFFFFFFFFFFFFFFFFFFFFFFFF1C
:10F50000FFDB240024DBFFFFFFFFFF6D000024DB97
:10F51000FFFFFFFFFFFFFFFFFFFFFFFF92242424F9
:10F5200092FFDBB6490049B6FFFFFFFFFFFFFFFF79
:10F53000FFFFFFFFFFFFFFFFFFFFFFFFFFFFFFFFDB
:10F54000FFDB240024DBFFFFFFFFFF6D000024DB57
:10F55000FFFFFFFFFFFFFFFFFFFFFFDB92242449B8
:10F5600092FFB69249006DDBFFFFFFFFFFFFFFFF39
:10F57000FFFFFFFFFFFFFFFFFFFFFFFFFFFFFFFF9B
:10F58000FFDB240024DBFFFFFFFFFF6D000024DB17
:10F59000FFFFFFFFFFFFFFFFFFFFFFDB6D240049C1
:10F5A000B6FFB66D24246DDBFFFFFFFFFFFFFFFFFB
:10F5B000FFFFFFFFFFFFFFFFFFFFFFFFFFFFFFFF5B
:10F5C000FFDB240024DBFFFFFFFFFF6D000024DBD7
:10F5D000FFFFFFFFFFFFFFFFFFFFFFDB49000049C9
:10F5E000DBFF926D242492DBFFFFFFFFFFFFFFFF95
:10F5F000FFFFFFFFFFFFFFFFFFFFFFFFFFFFFFFF1B
:10F60000FFDB240024DBFFFFFFFFFF6D000024DB96
:10F61000FFFFFFFFFFFFFFFFFFFFFFDB4900006D64
:10F62000FFFF92490024B6FFFFFFFFFFFFFFFFFF30
:10F63000FFFFFFFFFFFFFFFFFFFFFFFFFFFFFFFFDA
:10F64000FFDB240024DBFFFFFFFFFF6D000024DB56
:10F65000FFFFFFFFFFFFFFFFFFFFFFDB2400006D49
:10F66000FFFF92240024B6FFFFFFFFFFFFFFFFFF15
:10F67000FFFFFFFFFFFFFFFFFFFFFFFFFFFFFFFF9A
:10F68000FFDB240024DBFFFFFFFFFF6D000024DB16
:10F69000FFFFFFFFFFFFFFFFFFFFFFB62400009209
:10F6A000FFFF6D240024DBFFFFFFFFFFFFFFFFFFD5
:10F6B000FFFFFFFFFFFFFFFFFFFFFFFFFFFFFFFF5A
:10F6C000FFDB240024DBFFFFFFFFFF6D000024DBD6
:10F6D000FFFFFFFFFFFFFFFFFFFFFFB624002492A5
:10F6E000FFFF6D000049DBFFFFFFFFFFFFFFFFFF94
:10F6F000FFFFFFFFFFFFFFFFFFFFDBB66D4949493B
:10F700006D6D000024DBFFFFFFFFFF6D000024DBB9
:10F71000FFFFFFFFFFFFFFFFFFFFDB922424249288
:10F72000FFDB49000049DBFFFFFFFFFFFFFFFFFF9B
:10F73000FFFFFFFFFFFFFFFFFFB66D492400000042
:10F740002424000024DBFFFFFFFFFF6D000024DB0B
:10F75000FFFFFFFFFFFFFFFFFFFFDB6D242449B624
:10F76000FFB64900246DDBFFFFFFFFFFFFFFFFFF38
:10F77000FFFFFFFFFFFFFFFFDB6D00000000000049
:10F780000000000024DBFFFFFFFFFF6D000024DB13
:10F79000FFFFFFFFFFFFFFFFFFFFDB6D00496DB6BF
:10F7A000FFB64900246DDBFFFFFFFFFFFFFFFFFFF8
:10F7B000FFFFFFFFFFFFFFFF9224002449B6B69230
:10F7C0004924000024DBFFFFFFFFFF6D000024DB66
:10F7D000FFFFFFFFFFFFFFFFFFFFB64900496DDBA3
:10F7E000FF9224002492FFFFFFFFFFFFFFFFFFFFB8
:10F7F000FFFFFFFFFFFFFFFF49000049B6FFFFDBF0
:10F80000B692240024DBFFFFFFFFFF6D000024DB26
:10F81000FFFFFFFFFFFFFFFFFFFFB649006D92DB19
:10F82000FF6D240049B6FFFFFFFFFFFFFFFFFFFF53
:10F83000FFFFFFFFFFFFFFFF4900006DFFFFFFFF1E
:10F84000FFB6240024DBFFFFFFFFFF6D000024DB79
:10F85000FFFFFFFFFFFFFFFFFFFF9224006D92FFFE
:10F86000FF6D240049B6FFFFFFFFFFFFFFFFFFFF13
:10F87000FFFFFFFFFFFFFFFF4900006DFFFFFFFFDE
:10F88000DBB6240024DBFFFFFFFFFF6D000024DB5D
:10F89000FFFFFFFFFFFFFFFFFFFF92000092B6FF99
:10F8A000DB49000049DBFFFFFFFFFFFFFFFFFFFF1A
:10F8B000FFFFFFFFFFFFFFFF4900004992DBFFDB77
:10F8C000926D000024DBFFFFFFFFFF6D000024DBD3
:10F8D000FFFFFFFFFFFFFFFFFFFF6D000092B6FF7E
:10F8E000DB2400006DDBFFFFFFFFFFFFFFFFFFFFDB
:10F8F000FFFFFFFFFFFFFFFF922400004992B69237
:10F900004924000024DBFFFFFFFFFF6D000024DB24
:10F91000FFFFFFFFFFFFFFFFFFFF6D002492DBFFF4
:10F92000DB2400006DFFFFFFFFFFFFFFFFFFFFFF76
:10F93000FFFFFFFFFFFFFFFFDB6D00000000000087
:10F940000000000024DBFFFFFFFFFF6D000024DB51
:10F95000FFFFFFFFFFFFFFFFFFDB6D0024B6DBFFB4
:10F96000B624000092FFFFFFFFFFFFFFFFFFFFFF36
:10F97000FFFFFFFFFFFFFFFFFFB6926D24000000B7
:10F980002424000024DBFFFFFFFFFF6D000024DBC9
:10F99000FFFFFFFFFFFFFFFFFFB6490049B6DBFF98
:10F9A000B600002492FFFFFFFFFFFFFFFFFFFFFFF6
:10F9B000FFFFFFFFFFFFFFFFFFFFFFDB926D6D6D9E
:10F9C000926D240024DBFFFFFFFFFF6D000024DBAE
:10F9D000FFFFFFFFFFFFFFFFFFB649006DB6DBDB58
:10F9E00092002449B6FFFFFFFFFFFFFFFFFFFFFF6D
:10F9F000FFFFFFFFFFFFFFFFFFFFFFFFFFFFFFFF17
:10FA0000FFDB240024DBFFFFFFFFFF6D000024DB92
:10FA1000FFFFFFFFFFFFFFFFFF9224246DDBDBDB17
:10FA20006D002449B6FFFFFFFFFFFFFFFFFFFFFF51
:10FA3000FFFFFFFFFFFFFFFFFFFFFFFFFFFFFFFFD6
:10FA4000FFDB240024DBFFFFFFFFFF6D0000006DE4
:10FA500092B6DBFFFFFFFFFFFF6D242492DBFFB6B2
:10FA60006D00496DB6FFFFFFFFFFFFFFFFFFFFFFC8
:10FA7000FFFFFFFFFFFFFFFFFFFFFFFFFFFFFFFF96
:10FA8000FFDB490049FFFFFFFFFFFF92000000245A
:10FA9000496D6D92B6B6DBDBDB49002492FFFFB601
:10FAA00049004992DBFFFFFFFFFFFFFFFFFFFFFF62
:10FAB000FFFFFFFFFFFFFFFFFFFFFFFFFFFFFFFF56
:10FAC000FFFF926D92FFFFFFFFFFFFB6492400008A
:10FAD0000000000024496D9292240024B6FFFFB676
:10FAE00024006DB6DBFFFFFFFFFFFFFFFFFFFFFFFF
:10FAF000FFFFFFFFFFFFFFFFFFFFFFFFFFFFFFFF16
:10FB0000FFFFDBDBDBFFFFFFFFFFFFFFDBB6926DDD
:10FB10004924240000002424240000006DB6B66DA2
:10FB200024006DB6FFFFFFFFFFFFFFFFFFFFFFFF9A
:10FB3000FFFFFFFFFFFFFFFFFFFFFFFFFFFFFFFFD5
:10FB4000FFFFFFFFFFFFFFFFFFFFFFFFFFFFFFDBE9
:10FB5000B692926D494924240000000024494924AA
:10FB600000006D92DBFFFFFFFFFFFFFFFFFFFFFFC6
:10FB7000FFFFFFFFFFFFFFFFFFFFFFFFFFFFFFFF95
:10FB8000FFFFFFFFFFFFFFFFFFFFFFFFFFFFFFFF85
:10FB9000FFFFFFFFDBB6926D492424000000000048
:10FBA0000000244992B6DBFFFFFFFFFFFFFFFFFFCE
:10FBB000FFFFFFFFFFFFFFFFFFFFFFFFFFFFFFFF55
:10FBC000FFFFFFFFFFFFFFFFFFFFFFFFFFFFFFFF45
:10FBD000FFFFFFFFFFFFFFDBDBDBB6926D49490054
:10FBE00000000000242449B6FFFFFFFFFFFFFFFFD6
:10FBF000FFFFFFFFFFFFFFFFFFFFFFFFFFFFFFFF15
:10FC0000FFFFFFFFFFFFFFFFFFFFFFFFFFFFFFFF04
:10FC1000FFFFFFFFFFFFFFFFFFFFFFDBDBB6B6923B
:10FC20006D494924242449B6FFFFFFFFFFFFFFFF72
:10FC3000FFFFFFFFFFFFFFFFFFFFFFFFFFFFFFFFD4
:10FC4000FFFFFFFFFFFFFFFFFFFFFFFFFFFFFFFFC4
:10FC5000FFFFFFFFFFFFFFFFFFFFFFFFFFFFFFFFB4
:10FC6000FFDBB6926D6D92DBFFFFFFFFFFFFFFFF33
:10FC7000FFFFFFFFFFFFFFFFFFFFFFFFFFFFFFFF94
:10FC8000FFFFFFFFFFFFFFFFFFFFFFFFFFFFFFFF84
:10FC9000FFFFFFFFFFFFFFFFFFFFFFFFFFFFFFFF74
:10FCA000FFFFFFFFFFFFFFFFFFFFFFFFFFFFFFFF64
:10FCB000FFFFFFFFB66D6DB6FFFFFFFFFFFFFFFF0A
:10FCC000FFFFFFFFFFFFFFFFFFFFFFFFFFFFFFFF44
:10FCD000FFFFFFFFFFFFFFFFFFFFFFFFFFFFFFFF34
:10FCE000FFFFFFFFFFFFFFFFFFFFFFFFFFFFFFFF24
:10FCF000FFFFFFDB6D24246DFFFFFFFFFFFFFFFF12
:10FD0000FFFFFFFFFFFFFFFFFFFFFFFFFFFFFFFF03
:10FD1000FFFFFFFFFFFFFFFFFFFFFFFFFFFFFFFFF3
:10FD2000FFFFFFFFFFFFFFFFFFFFFFFFFFFFFFFFE3
:10FD3000FFFFFFB64900246DFFFFFFFFFFFFFFFF3E
:10FD4000FFFFFFFFFFFFFFFFFFFFFFFFFFFFFFFFC3
:10FD5000FFFFFFFFFFFFFFFFFFFFFFFFFFFFFFFFB3
:10FD6000FFFFFFFFFFFFFFFFFFFFFFFFFFFFFFFFA3
:10FD7000FFFFFF6D24002492FFFFFFFFFFFFFFFF47
:10FD8000FFFFFFFFFFFFFFFFFFFFFFFFFFFFFFFF83
:10FD9000FFFFFFFFFFFFFFFFFFFFFFFFFFFFFFFF73
:10FDA000FFFFFFFFFFFFFFFFFFFFFFFFFFFFFFFF63
:10FDB000FFFFDB49000049B6FFFFFFFFFFFFFFFF2A
:10FDC000FFFFFFFFFFFFFFFFFFFFFFFFFFFFFFFF43
:10FDD000FFFFFFFFFFFFFFFFFFFFFFFFFFFFFFFF33
:10FDE000FFFFFFFFFFFFFFFFFFFFFFFFFFFFFFFF23
:10FDF000FFFFB62400006DFFFFFFFFFFFFFFFFFFC7
:10FE0000FFFFFFFFFFFFFFFFFFFFFFFFFFFFFFFF02
:10FE1000FFFFFFFFFFFFFFFFFFFFFFFFFFFFFFFFF2
:10FE2000FFFFFFFFFFFFFFFFFFFFFFFFFFFFFFFFE2
:10FE3000FFDB9200002492FFFFFFFFFFFFFFFFFFA9
:10FE4000FFFFFFFFDBB6926D6D6D92DBFFFFFFFFE3
:10FE5000FFFFFFFFFFFFFFFFFFFFFFFFFFFFFFFFB2
:10FE6000FFFFFFFFFFFFFFFFFFFFFFFFFFFFFFFFA2
:10FE7000FFB66D002449B6FFFFFFFFFFFFFFFFFF46
:10FE8000FFFFFFDB924924240024496DB6DBFFFF0E
:10FE9000FFFFFFFFFFFFFFFFFFFFFFFFFFFFFFFF72
:10FEA000FFFFFFFFFFFFFFFFDBDBDBDBDBDBDBB6A7
:10FEB000B66D24004992DBFFFFFFFFFFFFFFFFFF4E
:10FEC000FFFFDB6D2400000000000000246DDBFF5D
:10FED000FFFFFFFFFFFFFFFFFFFFFFFFFFFFFFFF32
:10FEE000FFDBDBDBDBB6B6929292926D6D4949493E
:10FEF000242400006DDBFFFFFFFFFFFFFFFFFFFF7C
:10FF0000FFFF924900246D92926D2400004992DB1C
:10FF1000FFDBDBDBDBB6B6B6B69292926D6D6D4958
:10FF20004949494949242424242424242400000044
:10FF300000000024B6FFFFFFFFFFFFDBB6B6B6B63A
:10FF4000B6B64900006DB6DBFFDB92240000499293
:10FF5000926D6D6D6D494949494924242400000082
:10FF6000000000000000000000000024244949496E
:10FF700049496D92DBFFFFFFFFFFB6924924002441
:10FF80004949000024DBFFFFFFFFDB6D000000009C
:10FF90000000000000000000000000000000000061
:10FFA000002424242449492400002492B6B6B6DB58
:10FFB000DBDBFFFFFFFFFFFFFF92242400000000B8
:10FFC0000000000024DBFFFFFFFFFF6D00000000CA
:10FFD000002424244949496D6D6D6D9292B6B6B6E0
:10FFE000B6DBDBDBDBDB9249002449DBFFFFFFFFF5
:10FFF000FFFFFFFFFFFFFFFFB649000024496D49E7
:020000040802F0
:100000002400000024DBFFFFFFFFFF6D0000006DF8
:1000100092929292B6B6B6B6B6DBDBDBDBFFFFFFA1
:10002000FFFFFFFFFFFFB64900246DFFFFFFFFFF4B
:10003000FFFFFFFFFFFFFFFF6D2400246DDBDBB63A
:100040006D49000024DBFFFFFFFFFF6D000024DB94
:10005000FFFFFFFFFFFFFFFFFFFFFFFFFFFFFFFFB0
:10006000FFFFFFFFFFFF924900246DFFFFFFFFFF2F
:10007000FFFFFFFFFFFFFFFF49000049DBFFFFFF1E
:10008000DB92240024DBFFFFFFFFFF6D000024DB79
:10009000FFFFFFFFFFFFFFFFFFFFFFFFFFFFFFFF70
:1000A000FFFFFFFFFFFF9224002449DBFFFFFFFF5C
:1000B000FFFFFFFFFFFFFFFF2400006DFFFFFFFFBB
:1000C000FFB6240024DBFFFFFFFFFF6D000024DBF1
:1000D000FFFFFFFFFFFFFFFFFFFFFFFFFFFFFFFF30
:1000E000FFFFFFFFFFDB6D2400002492DBFFFFFF1B
:1000F000FFFFFFFFFFFFFFFF49000049DBFFFFFF9E
:10010000DBB6240024DBFFFFFFFFFF6D000024DBD4
:10011000FFFFFFFFFFFFFFFFFFFFFFFFFFFFFFFFEF
:10012000FFFFFFFFFFDB6D0000000049B6FFFFFF90
:10013000FFFFFFFFFFFFFFFF6D2400246DDBFFDBF0
:100140006D49000024DBFFFFFFFFFF6D000024DB93
:10015000FFFFFFFFFFFFFFFFFFFFFFFFFFFFFFFFAF
:10016000FFFFFFFFFFDB4900000000006DDBFFFF2A
:10017000FFFFFFFFFFFFFFFFB649000024496D4965
:100180002400000024DBFFFFFFFFFF6D000024DBE5
:10019000FFFFFFFFFFFFFFFFFFFFFFFFFFFFFFFF6F
:1001A000FFFFFFFFFFDB240000244900246DDBFF7D
:1001B000FFFFFFFFFFFFFFFFDB924924000000006D
:1001C0000000000024DBFFFFFFFFFF6D000024DBC9
:1001D000FFFFFFFFFFFFFFFFFFFFFFFFFFFFFFFF2F
:1001E000FFFFFFFFFFB62400246D92240024B6DB3E
:1001F000FFFFFFFFFFFFFFFFFFDBB6924924002454
:100200004949000024DBFFFFFFFFFF6D000024DBF6
:10021000FFFFFFFFFFFFFFFFFFFFFFFFFFFFFFFFEE
:10022000FFFFFFFFFFB624004992DB6D2400496DFC
:10023000DBFFFFFFFFFFFFFFFFFFFFDBB6B6B6B63A
:10024000B692240024DBFFFFFFFFFF6D000024DBDC
:10025000FFFFFFFFFFFFFFFFFFFFFFFFFFFFFFFFAE
:10026000FFFFFFFFDB9224246DB6FFB64900242474
:1002700092DBFFFFFFFFFFFFFFFFFFFFFFFFFFFF1F
:10028000FFDB240024DBFFFFFFFFFF6D000024DB0A
:10029000FFFFFFFFFFFFFFFFFFFFFFFFFFFFFFFF6E
:1002A000FFFFFFFFDB92242492B6FFFF924900007C
:1002B00049B6FFFFFFFFFFFFFFFFFFFFFFFFFFFF4D
:1002C000FFDB240024DBFFFFFFFFFF6D000024DBCA
:1002D000FFFFFFFFFFFFFFFFFFFFFFFFFFFFFFFF2E
:1002E000FFFFFFFFDB6D242492DBFFFFDB92240086
:1002F000006DDBFFFFFFFFFFFFFFFFFFFFFFFFFFC3
:10030000FFDB240024DBFFFFFFFFFF6D000024DB89
:10031000FFFFFFFFFFFFFFFFFFFFFFFFFFFFFFFFED
:10032000FFFFFFFFB6490049B6DBFFFFFFDB6D248F
:1003300000246DDBFFFFFFFFFFFFFFFFFFFFFFFF5D
:10034000FFDB240024DBFFFFFFFFFF6D000024DB49
:10035000FFFFFFFFFFFFFFFFFFFFFFFFFFFFFFFFAD
:10036000FFFFFFFFB6490049B6DBFFFFFFFFB69274
:1003700024002492DBFFFFFFFFFFFFFFFFFFFFFFD3
:10038000FFDB240024DBFFFFFFFFFF6D000024DB09
:10039000FFFFFFFFFFFFFFFFFFFFFFFFFFFFFFFF6D
:1003A000FFFFFFFFB624006DDBFFFFFFFFFFFFDB5A
:1003B0006D240049B6FFFFFFFFFFFFFFFFFFFFFFB8
:1003C000FFDB240024DBFFFFFFFFFF6D000024DBC9
:1003D000FFFFFFFFFFFFFFFFFFFFFFFFFFFFFFFF2D
:1003E000FFFFFFFF9224006DFFFFFFFFFFFFFFFFF6
:1003F000DB6D00006DB6DBFFFFFFFFFFFFFFFFFFC0
:10040000FFDB240024DBFFFFFFFFFF6D000024DB88
:10041000FFFFFFFFFFFFFFFFFFFFFFFFFFFFFFFFEC
:10042000FFFFFFFF92000092FFFFFFFFFFFFFFFFB4
:10043000FFB649002449B6FFFFFFFFFFFFFFFFFFA4
:10044000FFDB240024DBFFFFFFFFFF6D000024DB48
:10045000FFFFFFFFFFFFFFFFFFFFFFFFFFFFFFFFAC
:10046000FFFFFFFF6D000092FFFFFFFFFFFFFFFF99
:10047000FFDB6D0000006DDBFFFFFFFFFFFFFFFFF5
:10048000FFDB240024DBFFFFFFFFFF6D000024DB08
:10049000FFFFFFFFFFFFFFFFFFFFFFFFFFFFFFFF6C
:1004A000FFFFFFDB6D002492FFFFFFFFFFFFFFFF59
:1004B000FFB66D00000049B6FFFFFFFFFFFFFFFF23
:1004C000FFDB240024DBFFFFFFFFFF6D000024DBC8
:1004D000FFFFFFFFFFFFFFFFFFFFFFFFFFFFFFFF2C
:1004E000FFFFDBB66D0049B6FFFFFFFFFFFFFFDB3D
:1004F000B66D2400242492DBFFFFFFFFFFFFFFFF08
:10050000FFDB240024DBFFFFFFFFFF6D000024DB87
:10051000FFFFFFFFFFFFFFFFFFFFFFFFFFFFFFFFEB
:10052000FFFFDBB6490049B6FFFFFFFFFFFFB692B2
:10053000490000246D92DBFFFFFFFFFFFFFFFFFF7D
:10054000FFDB240024DBFFFFFFFFFF6D000024DB47
:10055000FFFFFFFFFFFFFFFFFFFFFFFFFFFFFFFFAB
:10056000FFFFB69249006DDBFFFFFFFFDB924924DE
:1005700000002492DBFFFFFFFFFFFFFFFFFFFFFFF5
:10058000FFDB240024DBFFFFFFFFFF6D000024DB07
:10059000FFFFFFFFFFFFFFFFFFFFFFFFFFFFFFFF6B
:1005A000FFFFB66D24246DDBFFFFFFB66D24000056
:1005B0002449B6DBFFFFFFFFFFFFFFFFFFFFFFFF49
:1005C000FFDB240024DBFFFFFFFFFF6D000024DBC7
:1005D000FFFFFFFFFFFFFFFFFFFFFFFFFFFFFFFF2B
:1005E000FFFF926D242492DBFFDBB66D24002424F0
:1005F0006DB6FFFFFFFFFFFFFFFFFFFFFFFFFFFFE6
:10060000FFDB240024DBFFFFFFFFFF6D000024DB86
:10061000FFFFFFFFFFFFFFFFFFFFFFFFFFFFFFFFEA
:10062000FFFF9249002492DBB692240000246D92D1
:10063000DBFFFFFFFFFFFFFFFFFFFFFFFFFFFFFFEE
:10064000FFDB240024DBFFFFFFFFFF6D000024DB46
:10065000FFFFFFFFFFFFFFFFFFFFFFFFFFFFFFFFAA
:10066000FFFF92240024926D492400004992DBFF91
:10067000FFFFFFFFFFFFFFFFFFFFFFFFFFFFFFFF8A
:10068000FFDB240024DBFFFFFFFFFF6D000024DB06
:10069000FFFFFFFFFFFFFFFFFFFFFFFFFFFFFFFF6A
:1006A000FFFF6D24000049240000002492DBFFFFBF
:1006B000FFFFFFFFFFFFFFFFFFFFFFFFFFFFFFFF4A
:1006C000FFDB240024DBFFFFFFFFFF6D000024DBC6
:1006D000FFFFFFFFFFFFFFFFFFFFFFFFFFFFFFFF2A
:1006E000FFFF6D000000000000000024B6FFFFFFC8
:1006F000FFFFFFFFFFFFFFFFFFFFDBB66D4949492B
:100700006D6D000024DBFFFFFFFFFF6D000024DBA9
:10071000FFFFFFFFFFFFFFFFFFFFFFFFFFFFFFFFE9
:10072000FFDB4900000000244924000092FFFFFF86
:10073000FFFFFFFFFFFFFFFFFFB66D492400000032
:100740002424000024DBFFFFFFFFFF6D000024DBFB
:10075000FFFFFFFFFFFFFFFFFFFFFFFFFFFFFFFFA9
:10076000FFB6490000244992926D00006DDBFFFF47
:10077000FFFFFFFFFFFFFFFFDB6D00000000000039
:100780000000000024DBFFFFFFFFFF6D000024DB03
:10079000FFFFFFFFFFFFFFFFFFFFFFFFFFFFFFFF69
:1007A000FFB649000049B6FFDBB649004992FFFF9A
:1007B000FFFFFFFFFFFFFFFF9224002449B6B69220
:1007C0004924000024DBFFFFFFFFFF6D000024DB56
:1007D000FFFFFFFFFFFFFFFFFFFFFFFFFFFFFFFF29
:1007E000FF9224002492DBFFFFDB9200246DDBFFED
:1007F000FFFFFFFFFFFFFFFF49000049B6FFFFDBE0
:10080000B692240024DBFFFFFFFFFF6D000024DB16
:10081000FFFFFFFFFFFFFFFFFFFFFFFFFFFFFFFFE8
:10082000FF6D240049B6FFFFFFFFB6240049DBFF40
:10083000FFFFFFFFFFFFFFFF4900006DFFFFFFFF0E
:10084000FFB6240024DBFFFFFFFFFF6D000024DB69
:10085000FFFFFFFFFFFFFFFFFFFFFFFFFFFFFFFFA8
:10086000FF6D240049B6FFFFFFFFDB49002492DB48
:10087000FFFFFFFFFFFFFFFF4900006DFFFFFFFFCE
:10088000DBB6240024DBFFFFFFFFFF6D000024DB4D
:10089000FFFFFFFFFFFFFFFFFFFFFFFFFFFFFFFF68
:1008A000DB49000049DBFFFFFFFFFF9224006D9250
:1008B000DBFFFFFFFFFFFFFF4900004992DBFFDB8B
:1008C000926D000024DBFFFFFFFFFF6D000024DBC3
:1008D000FFFFFFFFFFFFFFFFFFFFFFFFFFFFFFFF28
:1008E000DB2400006DDBFFFFFFFFFF924900246D5A
:1008F000DBFFFFFFFFFFFFFF922400004992B6924B
:100900004924000024DBFFFFFFFFFF6D000024DB14
:10091000FFFFFFFFFFFFFFFFFFFFFFFFFFFFFFFFE7
:10092000DB2400006DFFFFFFDBDBB69224000049F3
:10093000B6FFFFFFFFFFFFFFDB6D000000000000C0
:100940000000000024DBFFFFFFFFFF6D000024DB41
:10095000FFFFFFFFFFFFFFFFFFFFFFFFFFFFFFFFA7
:10096000B624000092FFDBB66D4924000000004968
:10097000B6FFFFFFFFFFFFFFFFB6926D24000000F0
:100980002424000024DBFFFFFFFFFF6D000024DBB9
:10099000FFFFFFFFFFFFFFFFFFFFFFFFFFFFFFFF67
:1009A000B6000000496D6D4924000000246D92B628
:1009B000FFFFFFFFFFFFFFFFFFFFFFDB926D6D6D8E
:1009C000926D240024DBFFFFFFFFFF6D000024DB9E
:1009D000FFFFFFFFFFFFFFFFFFFFFFFFFFFFFFDB4B
:1009E00092000000242400002424496D92B6FFFFE9
:1009F000FFFFFFFFFFFFFFFFFFFFFFFFFFFFFFFF07
:100A0000FFDB240024DBFFFFFFFFFF6D000024DB82
:100A1000FFFFFFFFFFFFFFFFFFFFFFFFFFFFFFDB0A
:100A20006D000000000000496D92B6DBFFFFFFFF84
:100A3000FFFFFFFFFFFFFFFFFFFFFFFFFFFFFFFFC6
:100A4000FFDB240024DBFFFFFFFFFF6D0000006DD4
:100A500092B6DBFFFFFFFFFFFFFFFFFFFFFFFFB6C9
:100A60006D000000496D92B6DBDBFFFFFFFFFFFF6B
:100A7000FFFFFFFFFFFFFFFFFFFFFFFFFFFFFFFF86
:100A8000FFDB490049FFFFFFFFFFFF92000000244A
:100A9000496D6D92B6B6DBDBFFFFFFFFFFFFFFB6D0
:100AA0004900244992DBFFFFFFFFFFFFFFFFFFFF2D
:100AB000FFFFFFFFFFFFFFFFFFFFFFFFFFFFFFFF46
:100AC000FFFF926D92FFFFFFFFFFFFB6492400007A
:100AD0000000000024496D9292DBDBFFFFFFFFB6B0
:100AE00024004992DBFFFFFFFFFFFFFFFFFFFFFF37
:100AF000FFFFFFFFFFFFFFFFFFFFFFFFFFFFFFFF06
:100B0000FFFFDBDBDBFFFFFFFFFFFFFFDBB6926DCD
:100B100049242400000024242449496D92B6B66D6E
:100B200024006DB6FFFFFFFFFFFFFFFFFFFFFFFF8A
:100B3000FFFFFFFFFFFFFFFFFFFFFFFFFFFFFFFFC5
:100B4000FFFFFFFFFFFFFFFFFFFFFFFFFFFFFFDBD9
:100B5000B692926D4949242400000000244949249A
:100B600000006D92DBFFFFFFFFFFFFFFFFFFFFFFB6
:100B7000FFFFFFFFFFFFFFFFFFFFFFFFFFFFFFFF85
:100B8000FFFFFFFFFFFFFFFFFFFFFFFFFFFFFFFF75
:100B9000FFFFFFFFDBB6926D492424000000000038
:100BA0000000244992B6DBFFFFFFFFFFFFFFFFFFBE
:100BB000FFFFFFFFFFFFFFFFFFFFFFFFFFFFFFFF45
:100BC000FFFFFFFFFFFFFFFFFFFFFFFFFFFFFFFF35
:100BD000FFFFFFFFFFFFFFDBDBDBB6926D49490044
:100BE0000000000024246DB6FFFFFFFFFFFFFFFFA2
:100BF000FFFFFFFFFFFFFFFFFFFFFFFFFFFFFFFF05
:100C0000FFFFFFFFFFFFFFFFFFFFFFFFFFFFFFFFF4
:100C1000FFFFFFFFFFFFFFFFFFFFFFDBDBB6B6922B
:100C20006D494924242449B6FFFFFFFFFFFFFFFF62
:100C3000FFFFFFFFFFFFFFFFFFFFFFFFFFFFFFFFC4
:100C4000FFFFFFFFFFFFFFFFFFFFFFFFFFFFFFFFB4
:100C5000FFFFFFFFFFFFFFFFFFFFFFFFFFFFFFFFA4
:100C6000FFDBB6926D6D92DBFFFFFFFFFFFFFFFF23
:100C7000FFFFFFFFFFFFFFFFFFFFFFFFFFFFFFFF84
:100C8000FFFFFFFFFFFFFFFFFFFFFFFFFFFFFFFF74
:100C9000FFFFFFFFFFFFFFFFFFFFFFFFFFFFFFFF64
:100CA000FFFFFFFFFFFFFFFFFFFFFFFFFFFFFFFF54
:100CB000FFB66D6D92FFFFFFFFFFFFFFFFFFFFFF1E
:100CC000FFFFFFFFFFFFFFFFFFFFFFFFFFFFFFFF34
:100CD000FFFFFFFFFFFFFFFFFFFFFFFFFFFFFFFF24
:100CE000FFFFFFFFFFFFFFFFFFFFFFFFFFFFFFFF14
:100CF000FF92242449DBFFFFFFFFFFFFFFFFFFFF01
:100D0000FFFFFFFFFFFFFFFFFFFFFFFFFFFFFFFFF3
:100D1000FFFFFFFFFFFFFFFFFFFFFFFFFFFFFFFFE3
:100D2000FFFFFFFFFFFFFFFFFFFFFFFFFFFFFFFFD3
:100D3000DB6D000049DBFFFFFFFFFFFFFFFFFFFF51
:100D4000FFFFFFFFFFFFFFFFFFFFFFFFFFFFFFFFB3
:100D5000FFFFFFFFFFFFFFFFFFFFFFFFFFFFFFFFA3
:100D6000FFFFFFFFFFFFFFFFFFFFFFFFFFFFFFFF93
:100D7000924900246DDBFFFFFFFFFFFFFFFFFFFF36
:100D8000FFFFFFFFFFFFFFFFFFFFFFFFFFFFFFFF73
:100D9000FFFFFFFFFFFFFFFFFFFFFFFFFFFFFFFF63
:100DA000FFFFFFFFFFFFFFFFFFFFFFFFFFFFFFFF53
:100DB0006D240049B6FFFFFFFFFFFFFFFFFFFFFFAE
:100DC000FFFFFFFFFFFFFFFFFFFFFFFFFFFFFFFF33
:100DD000FFFFFFFFFFFFFFFFFFFFFFFFFFFFFFFF23
:100DE000FFFFFFFFFFFFFFFFFFFFFFFFFFFFFFDB37
:100DF0004900246DDBFFFFFFFFFFFFFFFFFFFFFF49
:100E0000FFFFFFFFFFFFFFFFFFFFFFFFFFFFFFFFF2
:100E1000FFFFFFFFFFFFFFFFFFFFFFFFFFFFFFFFE2
:100E2000FFFFFFFFFFFFFFFFFFFFFFFFFFFFFFB61B
:100E300024002492FFFFFFFFFFFFFFFFFFFFFFFFE4
:100E4000FFFFFFFFB692926D6D92B6FFFFFFFFFFAF
:100E5000FFFFFFFFFFFFFFFFFFFFFFFFFFFFFFFFA2
:100E6000FFFFFFFFFFFFFFFFFFFFFFFFFFFFDB9223
:100E700024246DB6FFFFFFFFFFFFFFFFFFFFFFFF13
:100E8000FFFFDBB66D24240000246DB6DBFFFFFFFF
:100E9000FFFFFFFFFFFFFFFFFFFFFFFFFFFFFFFF62
:100EA000FFFFFFFFFFFFDBDBDBDBDBDBDBB69249BA
:100EB000004992DBFFFFFFFFFFFFFFFFFFFFFFFF88
:100EC000FFFFB6240000000000000024B6FFFFFF73
:100ED000FFFFFFFFFFFFFFFFFFFFFFFFFFFFFFDB46
:100EE000DBDBDBB6B69292926D6D6D494949240009
:100EF0000049DBFFFFFFFFFFFFFFFFFFFFFFFFFFDB
:100F0000FFB6490024496D92924900006DB6FFFF7B
:100F1000DBDBDBB6B6B6B69292926D6D6D49494990
:100F200049494924242424242424240000000000C6
:100F30002492FFFFFFFFFFFFFFFFFFDBB6B6B6B651
:100F4000B66D240049B6B6FFDBB64900244992923B
:100F50006D6D6D6D49494949242424240000000029
:100F60000000000000000000242424494949496D84
:100F70006DB6FFFFFFFFFFFFFFFFB66D24240024C7
:100F80004924000092FFFFFFFFFF920000000000D5
:100F90000000000000000000000000000000000051
:100FA00000002449490000006D92B6B6B6DBDBFFB5
:100FB000FFFFFFFFFFFFFFFFFF9224000000000084
:100FC00000000000B6FFFFFFFFFF920000000000DE
:100FD0002424244949496D6D6D929292B6926D0018
:100FE000002492DBB6240024B6FFFFFFFFFFFFFFC3
:100FF000FFFFFFFFFFFFFFFFB649000049496D49B2
:1010000024000000B6FFFFFFFFFFB600002492920D
:10101000929292B6B6B6B6DBDBDBDBFFFFDB6D0090
:101020002449B6FFB6490049DBFFFFFFFFFFFFFF82
:10103000FFFFFFFFFFFFFFFF6D24004992DBDBB6E0
:101040006D240000B6FFFFFFFFFFB600006DFFFF3D
:10105000FFFFFFFFFFFFFFFFFFFFFFFFFFDB6D0055
:10106000246DB6DB9224006DDBFFFFFFFFFFFFFF67
:10107000FFFFFFFFFFFFFFFF490024B6DBFFFFFF7D
:10108000B6490000B6FFFFFFFFFFB600006DFFFF8F
:10109000FFFFFFFFFFFFFFFFFFFFFFFFFFB649005E
:1010A000496DDBDB9224246DDBFFFFFFFFFFFFFFB9
:1010B000FFFFFFFFFFFFFFFF240024DBFFFFFFFF19
:1010C000DB490000B6FFFFFFFFFFB600006DFFFF2A
:1010D000FFFFFFFFFFFFFFFFFFFFFFFFFFB649001E
:1010E0006D92DBDB6D242492DBFFFFFFFFFFFFFF30
:1010F000FFFFFFFFFFFFFFFF490024B6FFFFFFFFD9
:10110000DB490000B6FFFFFFFFFFB600006DFFFFE9
:10111000FFFFFFFFFFFFFFFFFFFFFFFFFF92240026
:101120006DB6DBDB490024B6FFFFFFFFFFFFFFFFCB
:10113000FFFFFFFFFFFFFFFF6D240049B6DBFFDB72
:101140006D240000B6FFFFFFFFFFB600006DFFFF3C
:10115000FFFFFFFFFFFFFFFFFFFFFFFFFF922400E6
:1011600092DBFFDB490049B6FFFFFFFFFFFFFFFFF8
:10117000FFFFFFFFFFFFFFFFB649002449496D490C
:1011800024000000B6FFFFFFFFFFB600006DFFFF69
:10119000FFFFFFFFFFFFFFFFFFFFFFFFFF6D0000EF
:1011A00092FFFFB6240049DBFFFFFFFFFFFFFFFFB9
:1011B000FFFFFFFFFFFFFFFFDB92240000000000A6
:1011C00000000000B6FFFFFFFFFFB600006DFFFF4D
:1011D000FFFFFFFFFFFFFFFFFFFFFFFFFF6D0000AF
:1011E000B6FFFFB6240049FFFFFFFFFFFFFFFFFF31
:1011F000FFFFFFFFFFFFFFFFFFDBB64924240024B2
:1012000049240000B6FFFFFFFFFFB600006DFFFF9F
:10121000FFFFFFFFFFFFFFFFFFFFFFFFDB49002492
:10122000B6FFFFB600006DFFFFFFFFFFFFFFFFFFF0
:10123000FFFFFFFFFFFFFFFFFFFFFFDBB6B6B6B606
:10124000B6490000B6FFFFFFFFFFB600006DFFFFCD
:10125000FFFFFFFFFFFFFFFFFFFFFFFFDB49002452
:10126000B6FFFF9200006DFFFFFFFFFFFFFFFFFFD4
:10127000FFFFFFFFFFFFFFFFFFFFFFFFFFFFFFFF7E
:10128000FF6D0000B6FFFFFFFFFFB600006DFFFF20
:10129000FFFFFFFFFFFFFFFFFFFFFFFFB649004912
:1012A000DBFFDB92002492FFFFFFFFFFFFFFFFFF4A
:1012B000FFFFFFFFFFFFFFFFFFFFFFFFFFFFFFFF3E
:1012C000FF6D0000B6FFFFFFFFFFB600006DFFFFE0
:1012D000FFFFFFFFFFFFFFFFFFFFFFFF9224006DF7
:1012E000DBFFDB6D002492FFFFFFFFFFFFFFFFFF2F
:1012F000FFFFFFFFFFFFFFFFFFFFFFFFFFFFFFFFFE
:10130000FF6D0000B6FFFFFFFFFFB600006DFFFF9F
:10131000FFFFFFFFFFFFFFFFFFFFFFDB9224249291
:10132000DBFFB6490049B6FFFFFFFFFFFFFFFFFFEE
:10133000FFFFFFFFFFFFFFFFFFFFFFFFFFFFFFFFBD
:10134000FF6D0000B6FFFFFFFFFFB600006DFFFF5F
:10135000FFFFFFFFFFFFFFFFFFFFFFDB6D24249276
:10136000DBFFB66D246DDBFFFFFFFFFFFFFFFFFF1D
:10137000FFFFFFFFFFFFFFFFFFFFFFFFFFFFFFFF7D
:10138000FF6D0000B6FFFFFFFFFFB600006DFFFF1F
:10139000FFFFFFFFFFFFFFFFFFFFFFDB490024B65A
:1013A000FFFFDB924992DBFFFFFFFFFFFFFFFFFF25
:1013B000FFFFFFFFFFFFFFFFFFFFFFFFFFFFFFFF3D
:1013C000FF6D0000B6FFFFFFFFFFB600006DFFFFDF
:1013D000FFFFFFFFFFFFFFFFFFFFFFDB490024DBF5
:1013E000FFFFFFFFDBFFFFFFB6926D494924496D08
:1013F00092DBFFFFFFFFFFFFFFFFFFFFFFFFFFFF8E
:10140000FF6D0000B6FFFFFFFFFFB600006DFFFF9E
:10141000FFFFFFFFFFFFFFFFFFFFFFDB240049DBB4
:10142000FFFFFFFFFFFFB6924924240000000000E9
:10143000246D92B6DBFFFFFFFFFFFFFFFFFFFFFF03
:10144000FF6D0000B6FFFFFFFFFFB600006DFFFF5E
:10145000FFFFFFFFFFFFFFFFFFFFFFB6240049FF75
:10146000FFFFFFFFFFB66D00000024242424242486
:101470000000244992DBFFFFFFFFFFFFFFFFFFFF9C
:10148000FF6D0000B6FFFFFFFFFFB600006DFFFF1E
:10149000FFFFFFFFFFFFFFFFFFFFFFB624006DFF11
:1014A000FFFFFFFFB6490000246D6DB6DBDBB6928F
:1014B000492400002492DBFFFFFFFFFFFFFFFFFF37
:1014C000FF6D0000B6FFFFFFFFFFB600006DFFFFDE
:1014D000FFFFFFFFFFFFFFFFFFFFDB9224246DFFF5
:1014E000FFFFFFDB6D24004992DBDBFFFFFFFFDB2B
:1014F000B66D24240049B6FFFFFFFFFFFFFFFFFF8B
:10150000FF6D0000B6FFFFFFFFFFB600006DFFFF9D
:10151000FFFFFFFFFFFFFFFFFFFFDB6D242492FFB4
:10152000FFFFFF92240049B6FFFFFFFFDBDBFFFF59
:10153000FFDB924900006DDBFFFFFFFFFFFFFFFFB6
:10154000FF6D0000B6FFFFFFFFFFB600006DFFFF5D
:10155000FFFFFFFFFFFFFFFFFFFFB66D004992FF98
:10156000FFFFB66D002492FFFFFFFFDB494992FFAA
:10157000FFFFDB9249002492FFFFFFFFFFFFFFFF09
:10158000FF6D0000B6FFFFFFFFFFB600006DFFFF1D
:10159000FFFFFFFFFFFFFFFFFFFFB6490049B6FF58
:1015A000FFFF92240049B6FFFFFFFFB624006DFF46
:1015B000FFFFFFDB9224246DFFFFFFFFFFFFFFFF14
:1015C000FF6D0000B6FFFFFFFFFFB600006DFFFFDD
:1015D000FFFFFFFFFFFFFFFFFFFFB649006DDBFFCF
:1015E000FFFF92000092DBFFDBB6B66D000049B64C
:1015F000DBDBFFFFB6240049FFFFFFFFFFFFFFFF1C
:10160000FF6D0000B6FFFFFFFFFFB600006DFFFF9C
:10161000FFFFFFFFFFFFFFFFFFFF9224006DDBFFD7
:10162000FFFF6D000092FFFF9224240000000024C1
:1016300049B6FFFFDB240049FFFFFFFFFFFFFFFF6D
:10164000FF6D0000B6FFFFFFFFFFB600006DFFFF5C
:10165000FFFFFFFFFFFFFFFFFFFF92000092FFFF72
:10166000FFFF6D000092FFFF6D24000000000000EE
:101670002492FFFFFF492449FFFFFFFFFFFFFFFF09
:10168000FF6D0000B6FFFFFFFFFFB600006DFFFF1C
:10169000FFFFFFFFFFFFFFFFFFFF6D000092FFFF57
:1016A000FFFF6D000092FFFFB66D6D490000246DD5
:1016B00092B6FFFFFFB69292FFFFFFFFFFFFFFFF13
:1016C000DB490000B6FFFFFFFFFFB600006DFFFF24
:1016D000FFFFFFFFFFFFFFFFFFFF6D002492FFFFF3
:1016E000FFFF9224006DDBFFFFFFFFB600006DDB04
:1016F000FFFFFFFFFFFFFFFFFFFFDB926D4949493F
:101700006D240000B6FFFFFFFFFFB600006DFFFF76
:10171000FFFFFFFFFFFFFFFFFFDB6D0024B6FFFFB2
:10172000FFFFB649004992FFFFFFFFB6492492FF31
:10173000FFFFFFFFFFFFFFFFFFB66D24000000006B
:1017400024000000B6FFFFFFFFFFB600006DFFFFA3
:10175000FFFFFFFFFFFFFFFFFFB6490049B6FFFF96
:10176000FFFFDB92000049DBFFFFFFDB9292B6FF39
:10177000FFFFFFFFFFFFFFFFDB6D00000000000029
:1017800000000000B6FFFFFFFFFFB600006DFFFF87
:10179000FFFFFFFFFFFFFFFFFFB649006DB6FFFF32
:1017A000FFFFFFB62400246DDBFFFFFFFFFFFFFFFD
:1017B000FFFFFFFFFFFFFFFF9224004992B6B692A2
:1017C00049000000B6FFFFFFFFFFB600006DFFFFFE
:1017D000FFFFFFFFFFFFFFFFFF9224246DDBFFFFF2
:1017E000FFFFFFDB922400244992B6DBFFFFFFFFDF
:1017F000FFFFFFFFFFFFFFFF49002492DBFFFFDB3E
:10180000B6240000B6FFFFFFFFFFB600006DFFFF2C
:10181000FFFFFFFFFFFFFFFFFF6D242492DBFFDBD5
:101820009292DBFFDB9224000024496D6D92DBFF76
:10183000FFFFFFFFFFFFFFFF240024DBFFFFFFFF91
:10184000DB490000B6FFFFFFFFFFB600006DFFFFA2
:10185000FFFFFFFFFFFFFFFFFF6D002492FFDB9202
:1018600024006DDBFFDB924924000000002492FF7E
:10187000FFFFFFFFFFFFFFFF490024DBFFFFFFFF2C
:10188000DB490000B6FFFFFFFFFFB600006DFFFF62
:10189000FFFFFFFFFFFFFFFFFF490024B6FFDB490B
:1018A00000006DDBFFFFFFDB92494924244992FFD2
:1018B000FFFFFFFFFFFFFFFF49002492B6DBFFDBC6
:1018C00092240000B6FFFFFFFFFFB600006DFFFF90
:1018D000FFFFFFFFFFFFFFFFDB240024DBFFDB2414
:1018E00000006DDBFFFFFFFFDBB6B69292B6DBFFB9
:1018F000FFFFFFFFFFFFFFFF922400246D92B692CF
:1019000024000000B6FFFFFFFFFFB600006DFFFFE1
:10191000FFFFFFFFFFFFFFFFDB240049DBFFB624D3
:10192000000092FFFFFFFFFFFFFFFFFFFFFFFFFF32
:10193000FFFFFFFFFFFFFFFFDB6D00000000000067
:1019400000000000B6FFFFFFFFFFB600006DFFFFC5
:10195000FFFFFFFFFFFFFFDBB6240049DBFFB60000
:10196000000092FFFFFFFFFFFFFFFFFFFFFFFFFFF2
:10197000FFFFFFFFFFFFFFFFFFB66D4924000000E0
:1019800024000000B6FFFFFFFFFFB600006DFFFF61
:10199000FFFFFFFFFFFFFFDBB624246DDBFF92009C
:1019A000002492FFFFFFFFFFFFFFFFFFFFFFFFFF8E
:1019B000FFFFFFFFFFFFFFFFFFFFDB926D6D6D6D10
:1019C00092240000B6FFFFFFFFFFB600006DFFFF8F
:1019D000FFFFFFFFFFFFFFB69200246DDBDB9200ED
:1019E0002424B6FFFFFFFFFFFFFFFFFFFFFFFFFF06
:1019F000FFFFFFFFFFFFFFFFFFFFFFFFFFFFFFFFF7
:101A0000DB490000B6FFFFFFFFFFB600006DFFFFE0
:101A1000FFFFFFFFFFFFFF926D002492FFDB6D00D1
:101A20002449B6FFFFFFFFFFFFFFFFFFFFFFFFFFA0
:101A3000FFFFFFFFFFFFFFFFFFFFFFFFFFFFFFFFB6
:101A4000FF6D0000B6FFFFFFFFFFB600002492927B
:101A5000B6DBFFFFFFFFFF6D490049B6FFB66D0023
:101A6000496DDBFFFFFFFFFFFFFFFFFFFFFFFFFFF2
:101A7000FFFFFFFFFFFFFFFFFFFFFFFFFFFFFFFF76
:101A8000FF6D0024B6FFFFFFFFFFB62400002424F3
:101A9000496D92B6DBDBB649490049B6FFB649004D
:101AA0004992DBFFFFFFFFFFFFFFFFFFFFFFFFFF8D
:101AB000FFFFFFFFFFFFFFFFFFFFFFFFFFFFFFFF36
:101AC000FF926D6DDBFFFFFFFFFFDB6D2400000069
:101AD00000000024496D6D24240049B6FF922400C3
:101AE0006DB6DBFFFFFFFFFFFFFFFFFFFFFFFFFF05
:101AF000FFFFFFFFFFFFFFFFFFFFFFFFFFFFFFFFF6
:101B0000FFFFDBDBFFFFFFFFFFFFFFDBB6926D6D2B
:101B1000492400000024240000002492B66D240013
:101B20006DB6FFFFFFFFFFFFFFFFFFFFFFFFFFFFA0
:101B3000FFFFFFFFFFFFFFFFFFFFFFFFFFFFFFFFB5
:101B4000FFFFFFFFFFFFFFFFFFFFFFFFFFFFDBB612
:101B5000B6926D4949240000000000244924000089
:101B60006DB6DBFFFFFFFFFFFFFFFFFFFFFFFFFF84
:101B7000FFFFFFFFFFFFFFFFFFFFFFFFFFFFFFFF75
:101B8000FFFFFFFFFFFFFFFFFFFFFFFFFFFFFFFF65
:101B9000FFFFFFDBB6924924240000000000000094
:101BA000246D92B6DBFFFFFFFFFFFFFFFFFFFFFF8C
:101BB000FFFFFFFFFFFFFFFFFFFFFFFFFFFFFFFF35
:101BC000FFFFFFFFFFFFFFFFFFFFFFFFFFFFFFFF25
:101BD000FFFFFFFFFFFFDBDBDBB6926D24000000A1
:101BE0000000242449DBFFFFFFFFFFFFFFFFFFFF93
:101BF000FFFFFFFFFFFFFFFFFFFFFFFFFFFFFFFFF5
:101C0000FFFFFFFFFFFFFFFFFFFFFFFFFFFFFFFFE4
:101C1000FFFFFFFFFFFFFFFFFFFFDBB6B6926D493F
:101C20004924242449B6FFFFFFFFFFFFFFFFFFFF0A
:101C3000FFFFFFFFFFFFFFFFFFFFFFFFFFFFFFFFB4
:101C4000FFFFFFFFFFFFFFFFFFFFFFFFFFFFFFFFA4
:101C5000FFFFFFFFFFFFFFFFFFFFFFFFFFFFFFDBB8
:101C6000B6926D6D92DBFFFFFFFFFFFFFFFFFFFFEF
:101C7000FFFFFFFFFFFFFFFFFFFFFFFFFFFFFFFF74
:101C8000FFFFFFFFFFFFFFFFFFFFFFFFFFFFFFFF64
:101C9000FFFFFFFFFFFFDB6D24246DFFFFFFFFFF52
:101CA000FFFFFFFFFFFFFFFFFFFFFFFFFFFFFFFF44
:101CB000FFFFFFFFFFFFFFFFFFFFFFFFFFFFFFFF34
:101CC000FFFFFFFFFFFFFFFFFFFFFFFFFFFFFFFF24
:101CD000FFFFFFFFFFB624000000006D92FFFFFF33
:101CE000FFFFFFFFFFFFFFFFFFFFFFFFFFFFFFFF04
:101CF000FFFFFFFFFFFFFFFFFFFFFFFFFFFFFFFFF4
:101D0000FFFFFFFFFFFFFFFFFFFFFFFFFFFFFFFFE3
:101D1000FFFFFFFFFF2400002424000024FFFFFF3B
:101D2000FFFFFFFFFFFFFFFFFFFFFFFFFFFFFFFFC3
:101D3000FFFFFFFFFFFFFFFFFFFFFFFFFFFFFFFFB3
:101D4000FFFFFFFFFFFFFFFFFFFFFFFFFFFFFFFFA3
:101D5000FFFFFFB692000000B6B600000092FFFF42
:101D6000FFFFFFFFFFFFFFFFFFFFFFFFFFFFFFFF83
:101D7000FFFFFFFFFFFFFFFFFFFFFFFFFFFFFFFF73
:101D8000FFFFFFFFFFFFFFFFFFFFFFFFFFFFFFFF63
:101D9000FFFFFF490000246DFFFF6D000000B6FF4C
:101DA000FFFFFFFFFFFFFFFFFFFFFFFFFFFFFFFF43
:101DB000FFFFFFFFFFFFFFFFFFFFFFFFFFFFFFFF33
:101DC000FFFFFFFFFFFFFFFFFFFFFFFFFFFFFFFF23
:101DD000FFFF9200000092FFFFFFFF24000024B6E7
:101DE000FFFFFFFFFFFFFFFFFFFFFFFFFFFFFFFF03
:101DF000FFFFFFFFFFFFFFFFFFFFFFFFFFFFFFFFF3
:101E0000FFFFFFFFFFFFFFFFFFFFFFFFFFFFFFFFE2
:101E1000FFDB2400006DFFFFFFFFFF92490000245D
:101E2000FFFFFFFFFFFFFFFFFFFFFFFFFFFFFFFFC2
:101E3000FFFFFFFFFFFFFFFFFFFFFFFFFFFFFFFFB2
:101E4000FFFFFFFFFFFFFFFFFFFFFFFFFFFFFFFFA2
:101E50009224000024DBFFFFFFFFFFFFDB240000D4
:101E60006DFFFFFFFFFFFFFFFFFFFFFFFFFFFFFF14
:101E7000FFFFFFFFFFFFFFFFFFFFFFFFFFFFFFFF72
:101E8000FFFFFFFFFFFFFFFFFFFFFFFFFFFFFFDB86
:101E90002400006D92FFFFFFFFFFFFFFFF6D0000BA
:101EA0002449FFFFFFFFFFFFFFFFFFFFFFFFFFFFD3
:101EB000FFFFFFFFFFFFFFFFFFFFFFFFFFFFFFFF32
:101EC000FFFFFFFFFFFFFFFFFFFFFFFFFFFFDB49FC
:101ED000000024DBFFFFFFFFFFFFFFFFFFFF4924A0
:101EE000000092FFFFFFFFFFFFFFFFFFFFFFFFFF6D
:101EF000FFFFFFFFFFFFFFFFFFFFFFFFFFFFFFFFF2
:101F0000FFFFFFFFFFFFFFFFFFFFFFFFFFFF242497
:101F1000000092FFFFFFFFFFFFFFFFFFFFFFFF6DCE
:101F2000000024DBFFFFFFFFFFFFFFFFFFFFFFFFBE
:101F3000FFFFFFFFFFFFFFFFFFFFFFFFFFFFFFFFB1
:101F4000FFFFFFFFFFFFFFFFFFFFFFFFFF49000055
:101F5000246DFFFFFFFFFFFFFFFFFFFFFFFFFFFFFE
:101F60002400006D92FFFFFFFFFFFFFFFFFFFFFF59
:101F7000FFFFFFFFFFFFFFFFFFFFFFFFFFFFFFFF71
:101F8000FFFFFFFFFFFFFFFFFFFFFFFFB624000083
:101F900092FFFFFFFFFFFFFFFFFFFFFFFFFFFFFFBE
:101FA0009224000024FFFFFFFFFFFFFFFFFFFFFF62
:101FB000FFFFFFFFFFFFFFFFFFFFFFFFFFFFFFFF31
:101FC000FFFFFFFFFFFFFFFFFFFFFF6D2400004942
:101FD000FFFFFFFFFFFFFFFFFFFFFFFFFFFFFFFF11
:101FE000FFB600000092FFFFFFFFFFFFFFFFFFFFB4
:101FF000FFFFFFFFFFFFFFFFFFFFFFFFFFFFFFFFF1
:10200000FFFFFFFFFFFFFFFFFFFFB624000049DBDC
:10201000FFFFFFFFFFFFFFFFFFFFFFFFFFFFFFFFD0
:10202000FFFF6D000000B6FFFFFFFFFFFFFFFFFF98
:10203000FFFFFFFFFFFFFFFFFFFFFFFFFFFFFFFFB0
:10204000FFFFFFFFFFFFFFFFFFFF24000049FFFF2F
:10205000FFFFFFFFFFFFFFFFFFFFFFFFFFFFFFFF90
:10206000FFFFFF24000024B6FFFFFFFFFFFFFFFF7D
:10207000FFFFFFFFFFFFFFFFFFFFFFFFFFFFFFFF70
:10208000FFFFFFFFFFFFFFFFDB49000024DBFFFF37
:10209000FFFFFFFFFFFFFFFFFFFFFFFFFFFFFFFF50
:1020A000FFFFFF9249000024FFFFFFFFFFFFFFFF3C
:1020B000FFFFFFFFFFFFFFFFFFFFFFFFFFFFFFFF30
:1020C000FFFFFFFFFFFFFFFF490000246DFFFFFF41
:1020D000FFFFFFFFFFFFFFFFFFFFFFFFFFFFFFFF10
:1020E000FFFFFFFFDB2400006DFFFFFFFFFFFFFF8F
:1020F000FFFFFFFFFFFFFFFFFFFFFFFFFFFFFFFFF0
:10210000FFFFFFFFFFFFFF92000024B6FFFFFFFF6E
:10211000FFFFFFFFFFFFFFFFFFFFFFFFFFFFFFFFCF
:10212000FFFFFFFFFF6D00002449FFFFFFFFFFFFE0
:10213000FFFFFFFFFFFFFFFFFFFFFFFFFFFFFFFFAF
:10214000FFFFFFFFFFFF6D2400006DFFFFFFFFFF9C
:10215000FFFFFFFFFFFFFFFFFFFFFFFFFFFFFFFF8F
:10216000FFFFFFFFFFFF4924000092FFFFFFFFFF7B
:10217000FFFFFFFFFFFFFFFFFFFFFFFFFFFFFFFF6F
:10218000FFFFFFFFFF9200002424FFFFFFFFFFFF80
:10219000FFFFFFFFFFFFFFFFFFFFFFFFFFFFFFFF4F
:1021A000FFFFFFFFFFFFFF6D000024DBFFFFFFFFCE
:1021B000FFFFFFFFFFFFFFFFFFFFFFFFFFFFFFFF2F
:1021C000FFFFFFFFDB24000049DBFFFFFFFFFFFFF6
:1021D000FFFFFFFFFFFFFFFFFFFFFFFFFFFFFFFF0F
:1021E000FFFFFFFFFFFFFFFF2400006D92FFFFFFD7
:1021F000FFFFFFFFFFFFFFFFFFFFFFFFFFFFFFFFEF
:10220000FFFFFF926D000024DBFFFFFFFFFFFFFFDA
:10221000FFFFFFFFFFFFFFFFFFFFFFFFFFFFFFFFCE
:10222000FFFFFFFFFFFFFFFF9224000024FFFFFFDF
:10223000FFFFFFFFFFFFFFFFFFFFFFFFFFFFFFFFAE
:10224000FFFFDB24000024B6FFFFFFFFFFFFFFFFBF
:10225000FFFFFFFFFFFFFFFFFFFFFFFFFFFFFFFF8E
:10226000FFFFFFFFFFFFFFFFFFB600000092FFFF31
:10227000FFFFFFFFFFFFFFFFFFFFFFFFFFFFFFFF6E
:10228000FFFF6D000024B6FFFFFFFFFFFFFFFFFF12
:10229000FFFFFFFFFFFFFFFFFFFFFFFFFFFFFFFF4E
:1022A000FFFFFFFFFFFFFFFFFFFF6D000000B6FF16
:1022B000FFFFFFFFFFFFFFFFFFFFFFFFFFFFFFFF2E
:1022C000FF9200000092FFFFFFFFFFFFFFFFFFFFF5
:1022D000FFFFFFFFFFFFFFFFFFFFFFFFFFFFFFFF0E
:1022E000FFFFFFFFFFFFFFFFFFFFFF24000024B6FB
:1022F000FFFFFFFFFFFFFFFFFFFFFFFFFFFFFFFFEE
:102300006D00002449FFFFFFFFFFFFFFFFFFFFFFFE
:10231000FFFFFFFFFFFFFFFFFFFFFFFFFFFFFFFFCD
:10232000FFFFFFFFFFFFFFFFFFFFFF9249000024B9
:10233000FFFFFFFFFFFFFFFFFFFFFFFFFFFFFFB6F6
:1023400024000092DBFFFFFFFFFFFFFFFFFFFFFF07
:10235000FFFFFFFFFFFFFFFFFFFFFFFFFFFFFFFF8D
:10236000FFFFFFFFFFFFFFFFFFFFFFFFDB2400007A
:102370006DFFFFFFFFFFFFFFFFFFFFFFFFFFB649FE
:10238000000049FFFFFFFFFFFFFFFFFFFFFFFFFF11
:10239000FFFFFFFFFFFFFFFFFFFFFFFFFFFFFFFF4D
:1023A000FFFFFFFFFFFFFFFFFFFFFFFFFF6D0000CD
:1023B0002449FFFFFFFFFFFFFFFFFFFFFFDB2400BC
:1023C0000000B6FFFFFFFFFFFFFFFFFFFFFFFFFF64
:1023D000FFFFFFFFFFFFFFFFFFFFFFFFFFFFFFFF0D
:1023E000FFFFFFFFFFFFFFFFFFFFFFFFFFFF49248E
:1023F000000092FFFFFFFFFFFFFFFFFFFF4900000C
:102400002492FFFFFFFFFFFFFFFFFFFFFFFFFFFF24
:10241000FFFFFFFFFFFFFFFFFFFFFFFFFFFFFFFFCC
:10242000FFFFFFFFFFFFFFFFFFFFFFFFFFFFFF6D4E
:10243000000024DBFFFFFFFFFFFFFFDB9200000037
:10244000B6FFFFFFFFFFFFFFFFFFFFFFFFFFFFFFE5
:10245000FFFFFFFFFFFFFFFFFFFFFFFFFFFFFFFF8C
:10246000FFFFFFFFFFFFFFFFFFFFFFFFFFFFFFFF7C
:102470002400006D92FFFFFFFFFFFF492400006D65
:10248000FFFFFFFFFFFFFFFFFFFFFFFFFFFFFFFF5C
:10249000FFFFFFFFFFFFFFFFFFFFFFFFFFFFFFFF4C
:1024A000FFFFFFFFFFFFFFFFFFFFFFFFFFFFFFFF3C
:1024B0009224000024FFFFFFFFFFB62400006DDB25
:1024C000FFFFFFFFFFFFFFFFFFFFFFFFFFFFFFFF1C
:1024D000FFFFFFFFFFFFFFFFFFFFFFFFFFFFFFFF0C
:1024E000FFFFFFFFFFFFFFFFFFFFFFFFFFFFFFFFFC
:1024F000FFB600000092FFFFFFDB24000049FFFF52
:10250000FFFFFFFFFFFFFFFFFFFFFFFFFFFFFFFFDB
:10251000FFFFFFFFFFFFFFFFFFFFFFFFFFFFFFFFCB
:10252000FFFFFFFFFFFFFFFFFFFFFFFFFFFFFFFFBB
:10253000FFFF6D000000B6FFB624000024DBFFFFA4
:10254000FFFFFFFFFFFFFFFFFFFFFFFFFFFFFFFF9B
:10255000FFFFFFFFFFFFFFFFFFFFFFFFFFFFFFFF8B
:10256000FFFFFFFFFFFFFFFFFFFFFFFFFFFFFFFF7B
:10257000FFFFFF24000024B624000000000000003C
:102580000000000000000000000000000024DBFF4D
:10259000FFFFFFFFFFFFFFFFFFFFFFFFFFFFFFFF4B
:1025A000FFDB24000000000000000000000000002D
:1025B00000000000000000242400000000000000D3
:1025C000000000000000000000000000000092FF7A
:1025D000FFFFFFFFFFFFFFFFFFFFFFFFFFFFFFFF0B
:1025E000DB9200000000000000000000000000007E
:1025F0000000000000000024DB9249494949494994
:102600004949494949494949494900000024FFFFCE
:10261000FFFFFFFFFFFFFFFFFFFFFFFFFFFFFFFFCA
:10262000FFFF2400000049494949494949494949AE
:1026300049494949494992DBFFFFFFFFFFFFFFFF7F
:10264000FFFFFFFFFFFFFFFFDB6D000024B6FFFF72
:10265000FFFFFFFFFFFFFFFFFFFFFFFFFFFFFFFF8A
:10266000FFFFB62400006DDBFFFFFFFFFFFFFFFF52
:10267000FFFFFFFFFFFFFFFFFFFFFFFFFFFFFFFF6A
:10268000FFFFFFFFFFFFFFFF6D00002449FFFFFF7B
:10269000FFFFFFFFFFFFFFFFFFFFFFFFFFFFFFFF4A
:1026A000FFFFFF492400006DFFFFFFFFFFFFFFFF5B
:1026B000FFFFFFFFFFFFFFFFFFFFFFFFFFFFFFFF2A
:1026C000FFFFFFFFFFFFFFB600000092DBFFFFFFF1
:1026D000FFFFFFFFFFFFFFFFFFFFFFFFFFFFFFFF0A
:1026E000FFFFFFDB92000000B6FFFFFFFFFFFFFFD1
:1026F000FFFFFFFFFFFFFFFFFFFFFFFFFFFFFFFFEA
:10270000FFFFFFFFFFFFB649000049FFFFFFFFFF8C
:10271000FFFFFFFFFFFFFFFFFFFFFFFFFFFFFFFFC9
:10272000FFFFFFFFFF49000049B6FFFFFFFFFFFF6C
:10273000FFFFFFFFFFFFFFFFFFFFFFFFFFFFFFFFA9
:10274000FFFFFFFFFFDB24000000B6FFFFFFFFFFDE
:10275000FFFFFFFFFFFFFFFFFFFFFFFFFFFFFFFF89
:10276000FFFFFFFFFFB600000024DBFFFFFFFFFFBE
:10277000FFFFFFFFFFFFFFFFFFFFFFFFFFFFFFFF69
:10278000FFFFFFFFFF4900002492FFFFFFFFFFFF55
:10279000FFFFFFFFFFFFFFFFFFFFFFFFFFFFFFFF49
:1027A000FFFFFFFFFFFF9224000049FFFFFFFFFF35
:1027B000FFFFFFFFFFFFFFFFFFFFFFFFFFFFFFFF29
:1027C000FFFFFFFFB624000092FFFFFFFFFFFFFFA8
:1027D000FFFFFFFFFFFFFFFFFFFFFFFFFFFFFFFF09
:1027E000FFFFFFFFFFFFFF92000024B6FFFFFFFF88
:1027F000FFFFFFFFFFFFFFFFFFFFFFFFFFFFFFFFE9
:10280000FFFFFF6D24000049FFFFFFFFFFFFFFFFF9
:10281000FFFFFFFFFFFFFFFFFFFFFFFFFFFFFFFFC8
:10282000FFFFFFFFFFFFFFFF490000246DFFFFFFD9
:10283000FFFFFFFFFFFFFFFFFFFFFFFFFFFFFFFFA8
:10284000FFFFDB24000049DBFFFFFFFFFFFFFFFF6F
:10285000FFFFFFFFFFFFFFFFFFFFFFFFFFFFFFFF88
:10286000FFFFFFFFFFFFFFFFDB49000024DBFFFF4F
:10287000FFFFFFFFFFFFFFFFFFFFFFFFFFFFFFFF68
:10288000FFFF49000024FFFFFFFFFFFFFFFFFFFFE7
:10289000FFFFFFFFFFFFFFFFFFFFFFFFFFFFFFFF48
:1028A000FFFFFFFFFFFFFFFFFFFF24000049FFFFC7
:1028B000FFFFFFFFFFFFFFFFFFFFFFFFFFFFFFFF28
:1028C000DB6D000024B6FFFFFFFFFFFFFFFFFFFFF0
:1028D000FFFFFFFFFFFFFFFFFFFFFFFFFFFFFFFF08
:1028E000FFFFFFFFFFFFFFFFFFFFB62400006DDBD0
:1028F000FFFFFFFFFFFFFFFFFFFFFFFFFFFFFFFFE8
:102900006D00002449FFFFFFFFFFFFFFFFFFFFFFF8
:10291000FFFFFFFFFFFFFFFFFFFFFFFFFFFFFFFFC7
:10292000FFFFFFFFFFFFFFFFFFFFFF492400006DD8
:10293000FFFFFFFFFFFFFFFFFFFFFFFFFFFFFFB6F0
:1029400000000092DBFFFFFFFFFFFFFFFFFFFFFF25
:10295000FFFFFFFFFFFFFFFFFFFFFFFFFFFFFFFF87
:10296000FFFFFFFFFFFFFFFFFFFFFFDB9200000005
:10297000B6FFFFFFFFFFFFFFFFFFFFFFFFFFB649AF
:10298000000049FFFFFFFFFFFFFFFFFFFFFFFFFF0B
:10299000FFFFFFFFFFFFFFFFFFFFFFFFFFFFFFFF47
:1029A000FFFFFFFFFFFFFFFFFFFFFFFFFF490000EB
:1029B00049B6FFFFFFFFFFFFFFFFFFFFFFDB240024
:1029C0000000B6FFFFFFFFFFFFFFFFFFFFFFFFFF5E
:1029D000FFFFFFFFFFFFFFFFFFFFFFFFFFFFFFFF07
:1029E000FFFFFFFFFFFFFFFFFFFFFFFFFFB600003E
:1029F0000024DBFFFFFFFFFFFFFFFFFFFF49000099
:102A00002492FFFFFFFFFFFFFFFFFFFFFFFFFFFF1E
:102A1000FFFFFFFFFFFFFFFFFFFFFFFFFFFFFFFFC6
:102A2000FFFFFFFFFFFFFFFFFFFFFFFFFFFF9224FE
:102A3000000049FFFFFFFFFFFFFFFFFFB62400007C
:102A400092FFFFFFFFFFFFFFFFFFFFFFFFFFFFFF03
:102A5000FFFFFFFFFFFFFFFFFFFFFFFFFFFFFFFF86
:102A6000FFFFFFFFFFFFFFFFFFFFFFFFFFFFFF92E3
:102A7000000024B6FFFFFFFFFFFFFF6D24000049A9
:102A8000FFFFFFFFFFFFFFFFFFFFFFFFFFFFFFFF56
:102A9000FFFFFFFFFFFFFFFFFFFFFFFFFFFFFFFF46
:102AA000FFFFFFFFFFFFFFFFFFFFFFFFFFFFFFFF36
:102AB000490000246DFFFFFFFFFFDB24000049DB1E
:102AC000FFFFFFFFFFFFFFFFFFFFFFFFFFFFFFFF16
:102AD000FFFFFFFFFFFFFFFFFFFFFFFFFFFFFFFF06
:102AE000FFFFFFFFFFFFFFFFFFFFFFFFFFFFFFFFF6
:102AF000DB49000024DBFFFFFFFF49000024FFFF4C
:102B0000FFFFFFFFFFFFFFFFFFFFFFFFFFFFFFFFD5
:102B1000FFFFFFFFFFFFFFFFFFFFFFFFFFFFFFFFC5
:102B2000FFFFFFFFFFFFFFFFFFFFFFFFFFFFFFFFB5
:102B3000FFFF24000049FFFFDB6D000024B6FFFF0C
:102B4000FFFFFFFFFFFFFFFFFFFFFFFFFFFFFFFF95
:102B5000FFFFFFFFFFFFFFFFFFFFFFFFFFFFFFFF85
:102B6000FFFFFFFFFFFFFFFFFFFFFFFFFFFFFFFF75
:102B7000FFFFB62400006DDB6D00002449FFFFFF5E
:102B8000FFFFFFFFFFFFFFFFFFFFFFFFFFFFFFFF55
:102B9000FFFFFFFFFFFFFFFFFFFFFFFFFFFFFFFF45
:102BA000FFFFFFFFFFFFFFFFFFFFFFFFFFFFFFFF35
:102BB000FFFFFF492400006D2400002424494949F7
:102BC0004949494949494949494949494949494975
:102BD0004949494949494949494949494949494965
:102BE0004949494949494949494949494949494955
:102BF0004949492424000024490000000000000045
:102C000000000000000000000000000000000000C4
:102C100000000000000000000000000000000000B4
:102C200000000000000000000000000000000000A4
:102C30000000000000000049DB92240000000000BA
:102C40000000000000000000000000000000000084
:102C50000000000000000000000000000000000074
:102C60000000000000000000000000000000000064
:102C700000000000002492DBDB9224000000000032
:102C80000000000000000000000000000000000044
:102C90000000000000000000000000000000000034
:102CA0000000000000000000000000000000000024
:102CB00000000000002492DB49000000000000003A
:102CC0000000000000000000000000000000000004
:102CD00000000000000000000000000000000000F4
:102CE00000000000000000000000000000000000E4
:102CF0000000000000000049240000242449494944
:102D00004949494949494949494949494949494933
:102D10004949494949494949494949494949494923
:102D20004949494949494949494949494949494913
:102D300049494924240000246D00002449FFFFFF75
:102D4000FFFFFFFFFFFFFFFFFFFFFFFFFFFFFFFF93
:102D5000FFFFFFFFFFFFFFFFFFFFFFFFFFFFFFFF83
:102D6000FFFFFFFFFFFFFFFFFFFFFFFFFFFFFFFF73
:102D7000FFFFFF492400006DDB6D000024B6FFFF5C
:102D8000FFFFFFFFFFFFFFFFFFFFFFFFFFFFFFFF53
:102D9000FFFFFFFFFFFFFFFFFFFFFFFFFFFFFFFF43
:102DA000FFFFFFFFFFFFFFFFFFFFFFFFFFFFFFFF33
:102DB000FFFFB62400006DDBFFFF49000024FFFF8A
:102DC000FFFFFFFFFFFFFFFFFFFFFFFFFFFFFFFF13
:102DD000FFFFFFFFFFFFFFFFFFFFFFFFFFFFFFFF03
:102DE000FFFFFFFFFFFFFFFFFFFFFFFFFFFFFFFFF3
:102DF000FFFF24000049FFFFFFFFDB24000049DB49
:102E0000FFFFFFFFFFFFFFFFFFFFFFFFFFFFFFFFD2
:102E1000FFFFFFFFFFFFFFFFFFFFFFFFFFFFFFFFC2
:102E2000FFFFFFFFFFFFFFFFFFFFFFFFFFFFFFFFB2
:102E3000DB49000024DBFFFFFFFFFF6D240000499A
:102E4000FFFFFFFFFFFFFFFFFFFFFFFFFFFFFFFF92
:102E5000FFFFFFFFFFFFFFFFFFFFFFFFFFFFFFFF82
:102E6000FFFFFFFFFFFFFFFFFFFFFFFFFFFFFFFF72
:102E7000490000246DFFFFFFFFFFFFFFB6240000A5
:102E800092FFFFFFFFFFFFFFFFFFFFFFFFFFFFFFBF
:102E9000FFFFFFFFFFFFFFFFFFFFFFFFFFFFFFFF42
:102EA000FFFFFFFFFFFFFFFFFFFFFFFFFFFFFF929F
:102EB000000024B6FFFFFFFFFFFFFFFFFF490000F8
:102EC0002492FFFFFFFFFFFFFFFFFFFFFFFFFFFF5A
:102ED000FFFFFFFFFFFFFFFFFFFFFFFFFFFFFFFF02
:102EE000FFFFFFFFFFFFFFFFFFFFFFFFFFFF92243A
:102EF000000049FFFFFFFFFFFFFFFFFFFFDB240094
:102F00000000B6FFFFFFFFFFFFFFFFFFFFFFFFFF18
:102F1000FFFFFFFFFFFFFFFFFFFFFFFFFFFFFFFFC1
:102F2000FFFFFFFFFFFFFFFFFFFFFFFFFFB60000F8
:102F30000024DBFFFFFFFFFFFFFFFFFFFFFFB6499E
:102F4000000049FFFFFFFFFFFFFFFFFFFFFFFFFF45
:102F5000FFFFFFFFFFFFFFFFFFFFFFFFFFFFFFFF81
:102F6000FFFFFFFFFFFFFFFFFFFFFFFFFF49000025
:102F700049B6FFFFFFFFFFFFFFFFFFFFFFFFFFB6A9
:102F800000000092DBFFFFFFFFFFFFFFFFFFFFFFDF
:102F9000FFFFFFFFFFFFFFFFFFFFFFFFFFFFFFFF41
:102FA000FFFFFFFFFFFFFFFFFFFFFFDB92000000BF
:102FB000B6FFFFFFFFFFFFFFFFFFFFFFFFFFFFFF6A
:102FC0006D00002449FFFFFFFFFFFFFFFFFFFFFF32
:102FD000FFFFFFFFFFFFFFFFFFFFFFFFFFFFFFFF01
:102FE000FFFFFFFFFFFFFFFFFFFFFF492400006D12
:102FF000FFFFFFFFFFFFFFFFFFFFFFFFFFFFFFFFE1
:10300000DB6D000024B6FFFFFFFFFFFFFFFFFFFFA8
:10301000FFFFFFFFFFFFFFFFFFFFFFFFFFFFFFFFC0
:10302000FFFFFFFFFFFFFFFFFFFFB62400006DDB88
:10303000FFFFFFFFFFFFFFFFFFFFFFFFFFFFFFFFA0
:10304000FFFF49000024FFFFFFFFFFFFFFFFFFFF1F
:10305000FFFFFFFFFFFFFFFFFFFFFFFFFFFFFFFF80
:10306000FFFFFFFFFFFFFFFFFFFF24000049FFFFFF
:10307000FFFFFFFFFFFFFFFFFFFFFFFFFFFFFFFF60
:10308000FFFFDB24000049DBFFFFFFFFFFFFFFFF27
:10309000FFFFFFFFFFFFFFFFFFFFFFFFFFFFFFFF40
:1030A000FFFFFFFFFFFFFFFFDB49000024DBFFFF07
:1030B000FFFFFFFFFFFFFFFFFFFFFFFFFFFFFFFF20
:1030C000FFFFFF6D24000049FFFFFFFFFFFFFFFF31
:1030D000FFFFFFFFFFFFFFFFFFFFFFFFFFFFFFFF00
:1030E000FFFFFFFFFFFFFFFF490000246DFFFFFF11
:1030F000FFFFFFFFFFFFFFFFFFFFFFFFFFFFFFFFE0
:10310000FFFFFFFFB624000092FFFFFFFFFFFFFF5E
:10311000FFFFFFFFFFFFFFFFFFFFFFFFFFFFFFFFBF
:10312000FFFFFFFFFFFFFF92000024B6FFFFFFFF3E
:10313000FFFFFFFFFFFFFFFFFFFFFFFFFFFFFFFF9F
:10314000FFFFFFFFFF4900002492FFFFFFFFFFFF8B
:10315000FFFFFFFFFFFFFFFFFFFFFFFFFFFFFFFF7F
:10316000FFFFFFFFFFFF9224000049FFFFFFFFFF6B
:10317000FFFFFFFFFFFFFFFFFFFFFFFFFFFFFFFF5F
:10318000FFFFFFFFFFDB24000000B6FFFFFFFFFF94
:10319000FFFFFFFFFFFFFFFFFFFFFFFFFFFFFFFF3F
:1031A000FFFFFFFFFFB600000024DBFFFFFFFFFF74
:1031B000FFFFFFFFFFFFFFFFFFFFFFFFFFFFFFFF1F
:1031C000FFFFFFFFFFFFB649000049FFFFFFFFFFC2
:1031D000FFFFFFFFFFFFFFFFFFFFFFFFFFFFFFFFFF
:1031E000FFFFFFFFFF49000049B6FFFFFFFFFFFFA2
:1031F000FFFFFFFFFFFFFFFFFFFFFFFFFFFFFFFFDF
:10320000FFFFFFFFFFFFFFB600000092DBFFFFFFA5
:10321000FFFFFFFFFFFFFFFFFFFFFFFFFFFFFFFFBE
:10322000FFFFFFDB92000000B6FFFFFFFFFFFFFF85
:10323000FFFFFFFFFFFFFFFFFFFFFFFFFFFFFFFF9E
:10324000FFFFFFFFFFFFFFFF6D00002449FFFFFFAF
:10325000FFFFFFFFFFFFFFFFFFFFFFFFFFFFFFFF7E
:10326000FFFFFF492400006DFFFFFFFFFFFFFFFF8F
:10327000FFFFFFFFFFFFFFFFFFFFFFFFFFFFFFFF5E
:10328000FFFFFFFFFFFFFFFFDB6D000024B6FFFF26
:10329000FFFFFFFFFFFFFFFFFFFFFFFFFFFFFFFF3E
:1032A000FFFFB62400006DDBFFFFFFFFFFFFFFFF06
:1032B000FFFFFFFFFFFFFFFFDB92494949494949F3
:1032C0004949494949494949494900000024FFFF02
:1032D000FFFFFFFFFFFFFFFFFFFFFFFFFFFFFFFFFE
:1032E000FFFF2400000049494949494949494949E2
:1032F00049494949494992DB240000000000000087
:10330000000000000000000000000000000092DB50
:10331000FFFFFFFFFFFFFFFFFFFFFFFFFFFFFFFFBD
:10332000FF9200000000000000000000000000000C
:103330000000000000000024240000000000000045
:103340000000000000000000000000000024DBFF7F
:10335000FFFFFFFFFFFFFFFFFFFFFFFFFFFFFFFF7D
:10336000FFDB24000000000000000000000000005F
:103370000000000000000024B624000024FFFFFF2E
:10338000FFFFFFFFFFFFFFFFFFFFFFFFFFFFFFFF4D
:10339000FFFFFFFFFFFFFFFFFFFFFFFFFFFFFFFF3D
:1033A000FFFFFFFFFFFFFFFFFFFFFFFFFFFFFFFF2D
:1033B000FFFFDB24000024B6FFB60000006DFFFF16
:1033C000FFFFFFFFFFFFFFFFFFFFFFFFFFFFFFFF0D
:1033D000FFFFFFFFFFFFFFFFFFFFFFFFFFFFFFFFFD
:1033E000FFFFFFFFFFFFFFFFFFFFFFFFFFFFFFFFED
:1033F000FFFF49000024DBFFFFFF92000000B6FF43
:10340000FFFFFFFFFFFFFFFFFFFFFFFFFFFFFFFFCC
:10341000FFFFFFFFFFFFFFFFFFFFFFFFFFFFFFFFBC
:10342000FFFFFFFFFFFFFFFFFFFFFFFFFFFFFFFFAC
:10343000DB6D000024B6FFFFFFFFFF240000249295
:10344000FFFFFFFFFFFFFFFFFFFFFFFFFFFFFFFF8C
:10345000FFFFFFFFFFFFFFFFFFFFFFFFFFFFFFFF7C
:10346000FFFFFFFFFFFFFFFFFFFFFFFFFFFFFFFF6C
:103470006D00002449FFFFFFFFFFFF926D00002455
:10348000FFFFFFFFFFFFFFFFFFFFFFFFFFFFFFFF4C
:10349000FFFFFFFFFFFFFFFFFFFFFFFFFFFFFFFF3C
:1034A000FFFFFFFFFFFFFFFFFFFFFFFFFFFFFFB675
:1034B00000000092DBFFFFFFFFFFFFFFDB240000A7
:1034C0006DFFFFFFFFFFFFFFFFFFFFFFFFFFFFFF9E
:1034D000FFFFFFFFFFFFFFFFFFFFFFFFFFFFFFFFFC
:1034E000FFFFFFFFFFFFFFFFFFFFFFFFFFFF922434
:1034F000000049FFFFFFFFFFFFFFFFFFFF920000FB
:103500002449FFFFFFFFFFFFFFFFFFFFFFFFFFFF5C
:10351000FFFFFFFFFFFFFFFFFFFFFFFFFFFFFFFFBB
:10352000FFFFFFFFFFFFFFFFFFFFFFFFFFB60000F2
:103530000024DBFFFFFFFFFFFFFFFFFFFFFF49242A
:1035400000006DFFFFFFFFFFFFFFFFFFFFFFFFFF1B
:10355000FFFFFFFFFFFFFFFFFFFFFFFFFFFFFFFF7B
:10356000FFFFFFFFFFFFFFFFFFFFFFFFFF4900001F
:1035700049B6FFFFFFFFFFFFFFFFFFFFFFFFFF6DEC
:10358000000024DBFFFFFFFFFFFFFFFFFFFFFFFF48
:10359000FFFFFFFFFFFFFFFFFFFFFFFFFFFFFFFF3B
:1035A000FFFFFFFFFFFFFFFFFFFFFFDB9200002495
:1035B000B6FFFFFFFFFFFFFFFFFFFFFFFFFFFFFF64
:1035C0002400004992FFFFFFFFFFFFFFFFFFFFFF07
:1035D000FFFFFFFFFFFFFFFFFFFFFFFFFFFFFFFFFB
:1035E000FFFFFFFFFFFFFFFFFFFFFF492400006D0C
:1035F000FFFFFFFFFFFFFFFFFFFFFFFFFFFFFFFFDB
:10360000B624000024FFFFFFFFFFFFFFFFFFFFFFC7
:10361000FFFFFFFFFFFFFFFFFFFFFFFFFFFFFFFFBA
:10362000FFFFFFFFFFFFFFFFFFFF9200000092FF81
:10363000FFFFFFFFFFFFFFFFFFFFFFFFFFFFFFFF9A
:10364000FFB60000006DFFFFFFFFFFFFFFFFFFFF62
:10365000FFFFFFFFFFFFFFFFFFFFFFFFFFFFFFFF7A
:10366000FFFFFFFFFFFFFFFFFFB62400006DFFFF1E
:10367000FFFFFFFFFFFFFFFFFFFFFFFFFFFFFFFF5A
:10368000FFFF92000000B6FFFFFFFFFFFFFFFFFFFD
:10369000FFFFFFFFFFFFFFFFFFFFFFFFFFFFFFFF3A
:1036A000FFFFFFFFFFFFFFFFB624000024DBFFFF4B
:1036B000FFFFFFFFFFFFFFFFFFFFFFFFFFFFFFFF1A
:1036C000FFFFFF2400002492FFFFFFFFFFFFFFFF2B
:1036D000FFFFFFFFFFFFFFFFFFFFFFFFFFFFFFFFFA
:1036E000FFFFFFFFFFFFFFDB2400006D92FFFFFFE6
:1036F000FFFFFFFFFFFFFFFFFFFFFFFFFFFFFFFFDA
:10370000FFFFFF926D000024FFFFFFFFFFFFFFFFA1
:10371000FFFFFFFFFFFFFFFFFFFFFFFFFFFFFFFFB9
:10372000FFFFFFFFFFFFDB49000024DBFFFFFFFF80
:10373000FFFFFFFFFFFFFFFFFFFFFFFFFFFFFFFF99
:10374000FFFFFFFFDB2400006DFFFFFFFFFFFFFF18
:10375000FFFFFFFFFFFFFFFFFFFFFFFFFFFFFFFF79
:10376000FFFFFFFFFFFF2424000092FFFFFFFFFF8A
:10377000FFFFFFFFFFFFFFFFFFFFFFFFFFFFFFFF59
:10378000FFFFFFFFFF9200002449FFFFFFFFFFFF45
:10379000FFFFFFFFFFFFFFFFFFFFFFFFFFFFFFFF39
:1037A000FFFFFFFFFF490000246DFFFFFFFFFFFF4A
:1037B000FFFFFFFFFFFFFFFFFFFFFFFFFFFFFFFF19
:1037C000FFFFFFFFFFFF492400006DFFFFFFFFFF2A
:1037D000FFFFFFFFFFFFFFFFFFFFFFFFFFFFFFFFF9
:1037E000FFFFFFFFB624000092FFFFFFFFFFFFFF78
:1037F000FFFFFFFFFFFFFFFFFFFFFFFFFFFFFFFFD9
:10380000FFFFFFFFFFFFFF6D000024DBFFFFFFFF57
:10381000FFFFFFFFFFFFFFFFFFFFFFFFFFFFFFFFB8
:10382000FFFFFF6D24000049FFFFFFFFFFFFFFFFC9
:10383000FFFFFFFFFFFFFFFFFFFFFFFFFFFFFFFF98
:10384000FFFFFFFFFFFFFFFF2400004992FFFFFF84
:10385000FFFFFFFFFFFFFFFFFFFFFFFFFFFFFFFF78
:10386000FFFFDB24000049DBFFFFFFFFFFFFFFFF3F
:10387000FFFFFFFFFFFFFFFFFFFFFFFFFFFFFFFF58
:10388000FFFFFFFFFFFFFFFFB624000024FFFFFF45
:10389000FFFFFFFFFFFFFFFFFFFFFFFFFFFFFFFF38
:1038A000FFFF49000024FFFFFFFFFFFFFFFFFFFFB7
:1038B000FFFFFFFFFFFFFFFFFFFFFFFFFFFFFFFF18
:1038C000FFFFFFFFFFFFFFFFFFB60000006DFFFFE0
:1038D000FFFFFFFFFFFFFFFFFFFFFFFFFFFFFFFFF8
:1038E000DB49000024B6FFFFFFFFFFFFFFFFFFFFE4
:1038F000FFFFFFFFFFFFFFFFFFFFFFFFFFFFFFFFD8
:10390000FFFFFFFFFFFFFFFFFFFF92000000B6FF7A
:10391000FFFFFFFFFFFFFFFFFFFFFFFFFFFFFFFFB7
:10392000490000246DFFFFFFFFFFFFFFFFFFFFFFC8
:10393000FFFFFFFFFFFFFFFFFFFFFFFFFFFFFFFF97
:10394000FFFFFFFFFFFFFFFFFFFFFF2400002492A8
:10395000FFFFFFFFFFFFFFFFFFFFFFFFFFFFFF92E4
:10396000000024B6FFFFFFFFFFFFFFFFFFFFFFFF89
:10397000FFFFFFFFFFFFFFFFFFFFFFFFFFFFFFFF57
:10398000FFFFFFFFFFFFFFFFFFFFFF926D0000241F
:10399000FFFFFFFFFFFFFFFFFFFFFFFFFFFF6D24A4
:1039A00000006DFFFFFFFFFFFFFFFFFFFFFFFFFFB7
:1039B000FFFFFFFFFFFFFFFFFFFFFFFFFFFFFFFF17
:1039C000FFFFFFFFFFFFFFFFFFFFFFFFDB24000004
:1039D0006DFFFFFFFFFFFFFFFFFFFFFFFF920000F4
:1039E0002424FFFFFFFFFFFFFFFFFFFFFFFFFFFF9D
:1039F000FFFFFFFFFFFFFFFFFFFFFFFFFFFFFFFFD7
:103A0000FFFFFFFFFFFFFFFFFFFFFFFFFF92000031
:103A10002449FFFFFFFFFFFFFFFFFFFFDB24000044
:103A200049DBFFFFFFFFFFFFFFFFFFFFFFFFFFFF80
:103A3000FFFFFFFFFFFFFFFFFFFFFFFFFFFFFFFF96
:103A4000FFFFFFFFFFFFFFFFFFFFFFFFFFFF492417
:103A500000006DFFFFFFFFFFFFFFFF926D000024DE
:103A6000DBFFFFFFFFFFFFFFFFFFFFFFFFFFFFFF8A
:103A7000FFFFFFFFFFFFFFFFFFFFFFFFFFFFFFFF56
:103A8000FFFFFFFFFFFFFFFFFFFFFFFFFFFFFF6DD8
:103A9000000024DBFFFFFFFFFFFFDB240000249278
:103AA000FFFFFFFFFFFFFFFFFFFFFFFFFFFFFFFF26
:103AB000FFFFFFFFFFFFFFFFFFFFFFFFFFFFFFFF16
:103AC000FFFFFFFFFFFFFFFFFFFFFFFFFFFFFFFF06
:103AD0002400004992FFFFFFFFFF6D000024DBFF81
:103AE000FFFFFFFFFFFFFFFFFFFFFFFFFFFFFFFFE6
:103AF000FFFFFFFFFFFFFFFFFFFFFFFFFFFFFFFFD6
:103B0000FFFFFFFFFFFFFFFFFFFFFFFFFFFFFFFFC5
:103B1000B624000024FFFFFFFF9200000092FFFF89
:103B2000FFFFFFFFFFFFFFFFFFFFFFFFFFFFFFFFA5
:103B3000FFFFFFFFFFFFFFFFFFFFFFFFFFFFFFFF95
:103B4000FFFFFFFFFFFFFFFFFFFFFFFFFFFFFFFF85
:103B5000FFB60000006DFFFF6D24000049FFFFFF6E
:103B6000FFFFFFFFFFFFFFFFFFFFFFFFFFFFFFFF65
:103B7000FFFFFFFFFFFFFFFFFFFFFFFFFFFFFFFF55
:103B8000FFFFFFFFFFFFFFFFFFFFFFFFFFFFFFFF45
:103B9000FFFF92000000B6B600000092B6FFFFFFE4
:103BA000FFFFFFFFFFFFFFFFFFFFFFFFFFFFFFFF25
:103BB000FFFFFFFFFFFFFFFFFFFFFFFFFFFFFFFF15
:103BC000FFFFFFFFFFFFFFFFFFFFFFFFFFFFFFFF05
:103BD000FFFFFF2400002424000024FFFFFFFFFF5D
:103BE000FFFFFFFFFFFFFFFFFFFFFFFFFFFFFFFFE5
:103BF000FFFFFFFFFFFFFFFFFFFFFFFFFFFFFFFFD5
:103C0000FFFFFFFFFFFFFFFFFFFFFFFFFFFFFFFFC4
:103C1000FFFFFF926D0000000024B6FFFFFFFFFFD3
:103C2000FFFFFFFFFFFFFFFFFFFFFFFFFFFFFFFFA4
:103C3000FFFFFFFFFFFFFFFFFFFFFFFFFFFFFFFF94
:103C4000FFFFFFFFFFFFFFFFFFFFFFFFFFFFFFFF84
:103C5000FFFFFFFFFF6D24246DDBFFFFFFFFFFFF72
:103C6000FFFFFFFFFFFFFFFFFFFFFFFFFFFFFFFF64
:103C7000FFFFFFFFFFFFFFFFFFFFFFFFFFFFFFFF54
:103C8000FFFFFF4949DBFFFFFFFFFFFFFFFFFFFFD4
:103C9000FFFFFFFFFFFFFFFFFFFFFFFFFFFFFFFF34
:103CA000FFFFFFFFFFFFFFFFFFFFFFFFFFFFFFFF24
:103CB000FFFFFFFFFFFFFFFFFFFFFFFFFFFFFFFF14
:103CC000FFFFDB0000246DDBFFFFFFFFFFFFFFFFB7
:103CD000FFFFFFFFFFFFFFFFFFFFFFFFFFFFFFFFF4
:103CE000FFFFFFFFFFFFFFFFFFFFFFFFFFFFFFFFE4
:103CF000FFFFFFFFFFFFFFFFFFFFFFFFFFFFFFFFD4
:103D0000FFFFDB240000002492FFFFFFFFFFFFFF07
:103D1000FFFFFFFFFFFFFFFFFFFFFFFFFFFFFFFFB3
:103D2000FFFFFFFFFFFFFFFFFFFFFFFFFFFFFFFFA3
:103D3000FFFFFFFFFFFFFFFFFFFFFFFFFFFFFFFF93
:103D4000FFFFDB24000000000049B6FFFFFFFFFF7C
:103D5000FFFFFFFFFFFFFFFFFFFFFFFFFFFFFFFF73
:103D6000FFFFFFFFFFFFFFFFFFFFFFFFFFFFFFFF63
:103D7000FFFFFFFFFFFFFFFFFFFFFFFFFFFFFFFF53
:103D8000FFFFFF24006D92240000006DDBFFFFFFAA
:103D9000FFFFFFFFFFFFFFFFFFFFFFFFFFFFFFFF33
:103DA000FFFFFFFFFFFFFFFFFFFFFFFFFFFFFFFF23
:103DB000FFFFFFFFFFFFFFFFFFFFFFFFFFFFFFFF13
:103DC000FFFFFF240049FFFF92240000246DFFFF46
:103DD000FFFFFFFFFFFFFFFFFFFFFFFFFFFFFFFFF3
:103DE000FFFFFFFFFFFFFFFFFFFFFFFFFFFFFFFFE3
:103DF000FFFFFFFFFFFFFFFFFFFFFFFFFFFFFFFFD3
:103E0000FFFFFF490049FFFFFFDB4924000024B604
:103E1000FFFFFFFFFFFFFFFFFFFFFFFFFFFFFFFFB2
:103E2000FFFFFFFFFFFFFFFFFFFFFFFFFFFFFFFFA2
:103E3000FFFFFFFFFFFFFFFFFFFFFFFFFFFFFFFF92
:103E4000FFFFFF490024FFFFFFFFFFB6240000240F
:103E500049DBFFFFFFFFFFFFFFFFFFFFFFFFFFFF4C
:103E6000FFFFFFFFFFFFFFFFFFFFFFFFFFFFFFFF62
:103E7000FFFFFFFFFFFFFFFFFFFFFFFFFFFFFFFF52
:103E8000FFFFFF490000FFFFFFFFFFFFFF6D240062
:103E900000006DDBFFFFFFFFFFFFFFFFFFFFFFFFE6
:103EA000FFFFFFFFFFFFFFFFFFFFFFFFFFFFFFFF22
:103EB000FFFFFFFFFFFFFFFFFFFFFFFFFFFFFFFF12
:103EC000FFFFFF6D0000DBFFFFFFFFFFFFFFDB6D6C
:103ED0000000002492FFFFFFFFFFFFFFFFFFFFFF37
:103EE000FFFFFFFFFFFFFFFFFFFFFFFFFFFFFFFFE2
:103EF000FFFFFFFFFFFFFFFFFFFFFFFFFFFFFFFFD2
:103F0000FFFFFF920000B6FFFFFFFFFFFFFFFFFF75
:103F1000B64900000049DBFFFFFFFFFFFFFFFFDBAB
:103F2000DBDBDBDBDBDBFFFFFFFFFFFFFFFFFFFF79
:103F3000FFFFFFFFFFFFFFFFFFFFFFFFFFFFFFFF91
:103F4000FFFFFFB60000B6FFFFFFFFFFFFFFFFFF11
:103F5000FFFF92240000246DDBFFFFFF92494924FC
:103F6000242424242424244992DBFFFFFFFFFFFFA5
:103F7000FFFFFFFFFFFFFFFFFFFFFFFFFFFFFFFF51
:103F8000FFFFFFDB000092FFFFFFFFFFFFFFFFFFD0
:103F9000FFFFFFFF6D24000024926D24000000004D
:103FA0000000000000000000000049B6FFFFFFFF16
:103FB000FFFFFFFFFFFFFFFFFFFFFFFFFFFFFFFF11
:103FC000FFFFFFDB00006DFFFFFFFFFFFFFFFFFFB5
:103FD000FFFFFFFFFFDB4900000000000000496D0C
:103FE00092B6B6B6B66D49240000002449B6FFFF6C
:103FF000FFFFFFFFFFFFFFFFFFFFFFFFFFFFFFFFD1
:10400000FFDB6D24000049FFFFFFFFFFFFFFFFFF05
:10401000FFFFFFFFFFFF92240000244992FFFFFFF4
:10402000FFFFFFFFFFFFFFFFB649240000006DFF09
:10403000FFFFFFFFFFFFFFFFFFFFFFFFFFFFDB6D46
:10404000242400000024B6FFFFFFFFFFFFFFFFFF57
:10405000FFFFFFFFFF4900000049DBFFFFFFFFFFFD
:10406000FFFFFFFFFFFFFFFFFFFFDB6D00000024EE
:10407000DBFFFFFFFFFFFFFFFFFFFFDB92240000DE
:104080000000244992FFFFFFFFFFFFFFFFFFFFFF3C
:10409000FFFFFFFF4900002492FFFFFFFFFFFFFF2C
:1040A000FFFFFFFFFFFFFFFFFFFFFFFFDB490000F8
:1040B00024B6FFFFFFFFFFFFFF924924000000002E
:1040C0002492DBFFFFFFFFFFFFFFFFFFFFFFFFFF6C
:1040D000FFFFFF49000049DBFFFFFFFFFFFFFFFF7E
:1040E000FFFFFFFFFFFFFFFFFFFFFFFFFFFF92004C
:1040F0000024B6FFFFFFFFFF4900000000246DDB36
:10410000FFFFFFFFFFFFFFFFFFFFFFFFFFFFFFFFBF
:10411000FFFF49000049FFFFFFFFFFFFFFFFFFFF19
:10412000FFFFFFFFFFFFFFFFFFFFFFFFFFFFFF920C
:10413000240024DBFFFFFFFF2400000024DBFFFF3F
:10414000FFFFFFFFFFFFFFFFFFFFFFFFFFFFFFFF7F
:10415000FF6D000049FFFFFFFFFFFFFFFFFFFFFFB5
:10416000FFFFFFFFFFFFFFFFFFFFFFFFFFFFFFFF5F
:1041700092000049FFFFFFFFDB492400002492FF6B
:10418000FFFFFFFFFFFFFFFFFFFFFFFFFFFFFFFF3F
:10419000DB240024FFFFFFFFFFFFFFFFFFFFFFFF08
:1041A000FFFFFFFFFFFFFFFFFFFFFFFFFFFFFFFF1F
:1041B000FF6D00006DFFFFFFFFFFDB4900000024E3
:1041C000B6FFFFFFFFFFFFFFFFFFFFFFFFFFFFFF48
:1041D000490024B6FFFFFFFFFFFFFFFFFFFFFFFFC8
:1041E000FFFFFFFFFFFFFFFFFFFFFFFFFFFFFFFFDF
:1041F000FFFF240024DBFFFFFFFFFFFF92240000EE
:104200000049DBFFFFFFFFFFFFFFFFFFFFFFFF9204
:1042100000006DFFFFFFFFFFFFFFFFFFFFFFFFFF3E
:10422000FFFFFFFFFFFFFFFFFFFFFFFFFFFFFFFF9E
:10423000FFFFB6240049FFFFFFFFFFFFFFFF9224AF
:104240000000246DFFFFFFFFFFFFFFFFFFFFFF499F
:104250000024FFFFFFFFFFFFFFFFFFFFFFFFFFFF48
:10426000FFFFFFFFFFFFFFFFFFFFFFFFFFFFFFFF5E
:10427000FFFFFF490000DBFFFFFFFFFFFFFFFFDB4A
:104280004924000024B6FFFFFFFFFFFFFFFFDB24F0
:104290000092FFFFFFFFFFFFFFFFFFFFFFFFFFFF9A
:1042A000FFFFFFFFFFFFFFFFFFFFFFFFFFFFFFFF1E
:1042B000FFFFFFB600006DFFFFFFFFFFFFFFFFFFE7
:1042C000FFB64900000049B6FFFFFFFFFFFF6D008A
:1042D00024DBFFFFFFFFFFFFFFFFFFFFFFFFFFFFED
:1042E000FFFFFFFFFFFFFFFFFFFFFFFFFFFFFFFFDE
:1042F000FFFFFFFF490024FFFFFFFFFFFFFFFFFF5E
:10430000FFFFFF922400000049DBFFFFFFFF2400B6
:1043100049FFFFFFFFFFFFFFFFFFFFFFFFFFFFFF63
:10432000FFFFFFFFFFFFFFFFFFFFFFFFFFFFFFFF9D
:10433000FFFFFFFF920024DBFFFFFFFFFFFFFFFFF8
:10434000FFFFFFFFDB6D000000246DFFFFDB0000BF
:104350006DFFFFFFFFFFFFFFFFFFFFFFFFFFFFFFFF
:10436000FFFFFFFFFFFFFFFFFFFFFFFFFFFFFFFF5D
:10437000FFFFFFFFDB240092FFFFFFFFFFFFFFFFB8
:10438000FFFFFFFFFFFFDB4924000024B69200007F
:10439000B6FFFFFFFFFFFFFFFFFFFFFFFFFFFFFF76
:1043A000FFFFFFFFFFFFFFFFFFFFFFFFFFFFFFFF1D
:1043B000FFFFFFFFFF24006DFFFFFFFFFFFFFFFF79
:1043C000FFFFFFFFFFFFFFFFB624000000240000F7
:1043D000DBFFFFFFFFFFFFFFFFFFFFFFFFFFFFFF11
:1043E000FFFFFFFFFFFFFFFFFFFFFFFFFFFFFFFFDD
:1043F000FFFFFFFFFF490049FFFFFFFFFFFFFFFF38
:10440000FFFFFFFFFFFFFFFFFFFF92240000000000
:10441000FFFFFFFFFFFFFFFFFFFFFFFFFFFFFFFFAC
:10442000FFFFFFFFFFFFFFFFFFFFFFFFFFFFFFFF9C
:10443000FFFFFFFFFF490024FFFFFFFFFFFFFFFF1C
:10444000FFFFFFFFFFFFFFFFFFFFFFDB6D2400000B
:10445000FFFFFFFFFFFFFFFFFFFFFFFFFFFFFFFF6C
:10446000FFFFFFFFFFFFFFFFFFFFFFFFFFFFFFFF5C
:10447000FFFFFFFFFF490000FFFFFFFFFFFFFFFF00
:10448000FFFFFFFFFFFFFFFFFFFFFFDB6D240000CB
:10449000FFFFFFFFFFFFFFFFFFFFFFFFFFFFFFFF2C
:1044A000FFFFFFFFFFFFFFFFFFFFFFFFFFFFFFFF1C
:1044B000FFFFFFFFFF490000FFFFFFFFFFFFFFFFC0
:1044C000FFFFFFFFFFFFFFFFFFFF92240000000040
:1044D000FFFFFFFFFFFFFFFFFFFFFFFFFFFFFFFFEC
:1044E000FFFFFFFFFFFFFFFFFFFFFFFFFFFFFFFFDC
:1044F000FFFFFFFFFF490024FFFFFFFFFFFFFFFF5C
:10450000FFFFFFFFFFFFFFFFB624000000240000B5
:10451000DBFFFFFFFFFFFFFFFFFFFFFFFFFFFFFFCF
:10452000FFFFFFFFFFFFFFFFFFFFFFFFFFFFFFFF9B
:10453000FFFFFFFFFF490049FFFFFFFFFFFFFFFFF6
:10454000FFFFFFFFFFFFDB4924000024B6920000BD
:10455000B6FFFFFFFFFFFFFFFFFFFFFFFFFFFFFFB4
:10456000FFFFFFFFFFFFFFFFFFFFFFFFFFFFFFFF5B
:10457000FFFFFFFFFF24006DFFFFFFFFFFFFFFFFB7
:10458000FFFFFFFFDB6D000000246DFFFFDB00007D
:104590006DFFFFFFFFFFFFFFFFFFFFFFFFFFFFFFBD
:1045A000FFFFFFFFFFFFFFFFFFFFFFFFFFFFFFFF1B
:1045B000FFFFFFFFDB240092FFFFFFFFFFFFFFFF76
:1045C000FFFFFF92240000006DDBFFFFFFFF2400D0
:1045D00049FFFFFFFFFFFFFFFFFFFFFFFFFFFFFFA1
:1045E000FFFFFFFFFFFFFFFFFFFFFFFFFFFFFFFFDB
:1045F000FFFFFFFF920024DBFFFFFFFFFFFFFFFF36
:10460000FFB64900000049B6FFFFFFFFFFFF6D0046
:1046100024DBFFFFFFFFFFFFFFFFFFFFFFFFFFFFA9
:10462000FFFFFFFFFFFFFFFFFFFFFFFFFFFFFFFF9A
:10463000FFFFFFFF490024FFFFFFFFFFFFFFFFDB3E
:104640004924000024B6FFFFFFFFFFFFFFFFDB242C
:104650000092FFFFFFFFFFFFFFFFFFFFFFFFFFFFD6
:10466000FFFFFFFFFFFFFFFFFFFFFFFFFFFFFFFF5A
:10467000FFFFFFB600006DFFFFFFFFFFFFFF92246B
:104680000000246DFFFFFFFFFFFFFFFFFFFFFF495B
:104690000024FFFFFFFFFFFFFFFFFFFFFFFFFFFF04
:1046A000FFFFFFFFFFFFFFFFFFFFFFFFFFFFFFFF1A
:1046B000FFFFFF490000DBFFFFFFFFFF9224000028
:1046C0000049DBFFFFFFFFFFFFFFFFFFFFFFFF9240
:1046D00000006DFFFFFFFFFFFFFFFFFFFFFFFFFF7A
:1046E000FFFFFFFFFFFFFFFFFFFFFFFFFFFFFFFFDA
:1046F000FFFFB6240049FFFFFFFFDB490000004930
:10470000B6FFFFFFFFFFFFFFFFFFFFFFFFFFFFFF02
:10471000490024B6FFFFFFFFFFFFFFFFFFFFFFFF82
:10472000FFFFFFFFFFFFFFFFFFFFFFFFFFFFFFFF99
:10473000FFFF240024DBFFFFDB492400002492FF5D
:10474000FFFFFFFFFFFFFFFFFFFFFFFFFFFFFFFF79
:10475000DB240024FFFFFFFFFFFFFFFFFFFFFFFF42
:10476000FFFFFFFFFFFFFFFFFFFFFFFFFFFFFFFF59
:10477000FF6D00006DFFFFFF2400000049DBFFFF1D
:10478000FFFFFFFFFFFFFFFFFFFFFFFFFFFFFFFF39
:10479000FF6D000049FFFFFFFFFFFFFFFFFFFFFF6F
:1047A000FFFFFFFFFFFFFFFFFFFFFFFFFFFFFFFF19
:1047B00092000049FFFFFFFF49000000246DDBFF6E
:1047C000FFFFFFFFFFFFFFFFFFFFFFFFFFFFFFFFF9
:1047D000FFFF49000049FFFFFFFFFFFFFFFFFFFF53
:1047E000FFFFFFFFFFFFFFFFFFFFFFFFFFFFFF9246
:1047F000240024DBFFFFFFFFFF9224000000246D54
:10480000DBFFFFFFFFFFFFFFFFFFFFFFFFFFFFFFDC
:10481000FFFFFF49000049DBFFFFFFFFFFFFFFFF36
:10482000FFFFFFFFFFFFFFFFFFFFFFFFFFFF920004
:104830000024B6FFFFFFFFFFFFFFFFB624000000CC
:104840002449DBFFFFFFFFFFFFFFFFFFFFFFFFFF2D
:10485000FFFFFFFF4900002492FFFFFFFFFFFFFF64
:10486000FFFFFFFFFFFFFFFFFFFFFFFFDB49000030
:1048700024B6FFFFFFFFFFFFFFFFFFFFFF9249246A
:104880000000006DDBFFFFFFFFFFFFFFFFFFFFFFEB
:10489000FFFFFFFFFF6D00000049DBFFFFFFFFFF91
:1048A000FFFFFFFFFFFFFFFFFFFFDB6D00000024A6
:1048B000DBFFFFFFFFFFFFFFFFFFFFFFFFFFFFB675
:1048C000490000002449DBFFFFFFFFFFFFFFFFFF60
:1048D000FFFFFFFFFFFF92240000244992FFFFFF2C
:1048E000FFFFFFFFFFFFFFFFB649240000006DFF41
:1048F000FFFFFFFFFFFFFFFFFFFFFFFFFFFFFFFFC8
:10490000FFB6492400006DFFFFFFFFFFFFFFFFFF21
:10491000FFFFFFFFFFDB4900000000000000496DC2
:1049200092B6B6B6B66D49240000002449B6FFFF22
:10493000FFFFFFFFFFFFFFFFFFFFFFFFFFFFFFFF87
:10494000FFFFFFB600006DFFFFFFFFFFFFFFFFFF50
:10495000FFFFFFFF6D24000024926D240000000083
:104960000000000000000000000049B6FFFFFFFF4C
:10497000FFFFFFFFFFFFFFFFFFFFFFFFFFFFFFFF47
:10498000FFFFFFDB000092FFFFFFFFFFFFFFFFFFC6
:10499000FFFF92240000246DDBFFFFFFB64949248E
:1049A000242424242424244992DBFFFFFFFFFFFF5B
:1049B000FFFFFFFFFFFFFFFFFFFFFFFFFFFFFFFF07
:1049C000FFFFFFB60000B6FFFFFFFFFFFFFFFFFF87
:1049D000B64900000049DBFFFFFFFFFFFFFFFFDBE1
:1049E000DBDBDBDBDBDBFFFFFFFFFFFFFFFFFFFFAF
:1049F000FFFFFFFFFFFFFFFFFFFFFFFFFFFFFFFFC7
:104A0000FFFFFF920000DBFFFFFFFFFFFFFFDB6DFB
:104A10000000002492FFFFFFFFFFFFFFFFFFFFFFEB
:104A2000FFFFFFFFFFFFFFFFFFFFFFFFFFFFFFFF96
:104A3000FFFFFFFFFFFFFFFFFFFFFFFFFFFFFFFF86
:104A4000FFFFFF6D0000DBFFFFFFFFFFFF6D240096
:104A500000006DDBFFFFFFFFFFFFFFFFFFFFFFFF1A
:104A6000FFFFFFFFFFFFFFFFFFFFFFFFFFFFFFFF56
:104A7000FFFFFFFFFFFFFFFFFFFFFFFFFFFFFFFF46
:104A8000FFFFFF490000FFFFFFFFFFB624000024E7
:104A900049DBFFFFFFFFFFFFFFFFFFFFFFFFFFFF00
:104AA000FFFFFFFFFFFFFFFFFFFFFFFFFFFFFFFF16
:104AB000FFFFFFFFFFFFFFFFFFFFFFFFFFFFFFFF06
:104AC000FFFFFF490024FFFFFFDB4924000024B65D
:104AD000FFFFFFFFFFFFFFFFFFFFFFFFFFFFFFFFE6
:104AE000FFFFFFFFFFFFFFFFFFFFFFFFFFFFFFFFD6
:104AF000FFFFFFFFFFFFFFFFFFFFFFFFFFFFFFFFC6
:104B0000FFFFFF490049FFFF92240000246DFFFFD3
:104B1000FFFFFFFFFFFFFFFFFFFFFFFFFFFFFFFFA5
:104B2000FFFFFFFFFFFFFFFFFFFFFFFFFFFFFFFF95
:104B3000FFFFFFFFFFFFFFFFFFFFFFFFFFFFFFFF85
:104B4000FFFFFF24006D92240000006DDBFFFFFFDC
:104B5000FFFFFFFFFFFFFFFFFFFFFFFFFFFFFFFF65
:104B6000FFFFFFFFFFFFFFFFFFFFFFFFFFFFFFFF55
:104B7000FFFFFFFFFFFFFFFFFFFFFFFFFFFFFFFF45
:104B8000FFFFDB24000000000049B6FFFFFFFFFF2E
:104B9000FFFFFFFFFFFFFFFFFFFFFFFFFFFFFFFF25
:104BA000FFFFFFFFFFFFFFFFFFFFFFFFFFFFFFFF15
:104BB000FFFFFFFFFFFFFFFFFFFFFFFFFFFFFFFF05
:104BC000FFFFDB240000002492FFFFFFFFFFFFFF39
:104BD000FFFFFFFFFFFFFFFFFFFFFFFFFFFFFFFFE5
:104BE000FFFFFFFFFFFFFFFFFFFFFFFFFFFFFFFFD5
:104BF000FFFFFFFFFFFFFFFFFFFFFFFFFFFFFFFFC5
:104C0000FFFFDB0000246DDBFFFFFFFFFFFFFFFF67
:104C1000FFFFFFFFFFFFFFFFFFFFFFFFFFFFFFFFA4
:104C2000FFFFFFFFFFFFFFFFFFFFFFFFFFFFFFFF94
:104C3000FFFFFFFFFFFFFFFFFFFFFFFFFFFFFFFF84
:104C4000FFFFFF4949DBFFFFFFFFFFFFFFFFFFFF04
:104C5000FFFFFFFFFFFFFFFFFFFFFFFFFFFFFFFF64
:104C6000FFFFFFFFFFFFFFFFFFFFFFFFFFFFFFFF54
:104C7000FFFFFFFFFFFFFFFFFFFFFFFFFFFFFFFF44
:104C8000FFFFFFFFFFFFFFFFFFFFFFFFFFDBDB92E9
:104C9000926D49242400002424496D92B6DBFFFF65
:104CA000FFFFFFFFFFFFFFFFFFFFFFFFFFFFFFFF14
:104CB000FFFFFFFFFFFFFFFFFFFFFFFFFFFFFFFF04
:104CC000FFFFFFFFFFFFFFFFFFFFDB6D4924000039
:104CD0000000000000000000000000000024496DFA
:104CE0006DDBFFFFFFFFFFFFFFFFFFFFFFFFFFFF8A
:104CF000FFFFFFFFFFFFFFFFFFFFFFFFFFFFFFFFC4
:104D0000FFFFFFFFFFFFFFDB9224000000000024F5
:104D10002424494949240000494924240000000072
:104D2000000049B6FFFFFFFFFFFFFFFFFFFFFFFF90
:104D3000FFFFFFFFFFFFFFFFFFFFFFFFFFFFFFFF83
:104D4000FFFFFFFFFFDB6D2400000000246DB6DBDA
:104D5000DBFFFFFFFF6D0000FFFFFFDBB6924900A6
:104D6000000000002492FFFFFFFFFFFFFFFFFFFF97
:104D7000FFFFFFFFFFFFFFFFFFFFFFFFFFFFFFFF43
:104D8000FFFFFFDB6D24000000246DB6FFFFFFFF77
:104D9000FFFFFFFFFF6D0000FFFFFFFFFFFFFFDBD7
:104DA000B6492400000024B6FFFFFFFFFFFFFFFF0E
:104DB000FFFFFFFFFFFFFFFFFFFFFFFFFFFFFFFF03
:104DC000FFFF922400000024B6FFFFFFFFFFFFFF5C
:104DD000FFFFFFFFFF6D0000FFFFFFFFFFFFFFFF73
:104DE000FFFFDB922400000049DBFFFFFFFFFFFF16
:104DF000FFFFFFFFFFFFFFFFFFFFFFFFFFFFFFFFC3
:104E0000DB49000000000024FFFFFFFFFFFFFFFF62
:104E1000FFFFFFFFFFDB496DFFFFFFFFFFFFFFFF0E
:104E2000FFFFFFFF490000000024B6FFFFFFFFFF68
:104E3000FFFFFFFFFFFFFFFFFFFFFFFFFFFFFF4938
:104E400024000000926D00006DFFFFFFFFFFFFFFD9
:104E5000FFFFFFFFFFFFFFFFFFFFFFFFFFFFFFFF62
:104E6000FFFFFF920000496D0000246DFFFFFFFF70
:104E7000FFFFFFFFFFFFFFFFFFFFFFFFFFDB49001B
:104E8000000049DBFFFF49246DFFFFFFFFFFFFFF2D
:104E9000FFFFFFFFFFFFFFFFFFFFFFFFFFFFFFFF22
:104EA000FFFFFF922424FFFF9224000049FFFFFF31
:104EB000FFFFFFFFFFFFFFFFFFFFFFFFDB240000FF
:104EC000006DFFFFFFFFFFDBFFFFFFFFFFFFFFFFA7
:104ED000FFFFFFFFFFFFFFFFFFFFFFFFFFFFFFFFE2
:104EE000FFFFFFFFDBFFFFFFFFDB24000049FFFFA9
:104EF000FFFFFFFFFFFFFFFFFFFFFFDB2400004975
:104F000092FFFFFFFFFFFFFFFFFFFFFFFFFFFFFF1E
:104F1000FFFFFFFFFFFFFFFFFFFFFFFFFFFFFFFFA1
:104F2000FFFFFFFFFFFFFFFFFFFFFF49000049FFFB
:104F3000FFFFFFFFFFFFFFFFFFFFFF4900006DFFC7
:104F4000FFFFFFFFFFFFFFFFFFFFFFFFFFFFFFFF71
:104F5000FFFFFFFFFFFFFFFFFFFFFFFFFFFFFFFF61
:104F6000FFFFFFFFFFFFFFFFFFFFFFFF49000049BB
:104F700092FFFFFFFFFFFFFFFFFF4900006DFFFFF4
:104F8000FFFFFFFFFFFFFFFFFFFFFFFFFFFFFFFF31
:104F9000FFFFFFFFFFFFFFFFFFFFFFFFFFFFFFFF21
:104FA000FFFFFFFFFFFFFFFFFFFFFFFFFF490000C5
:104FB00024DBFFFFFFFFFFFFFF6D000049FFFFFF46
:104FC000FFFFFFFFFFFFFFFFFFFFFFFFFFFFFFFFF1
:104FD000FFFFFFFFFFFFFFFFFFFFFFFFFFFFFFFFE1
:104FE000FFFFFFFFFFFFFFFFFFFFFFFFFFDB2400CF
:104FF0000024FFFFFFFFFFFFDB240024DBFFFFFF98
:10500000FFFFFFFFFFFFFFFFFFFFFFFFFFFFFFFFB0
:10501000FFFFFFFFFFFFFFFFFFFFFFFFFFFFFFFFA0
:10502000FFFFFFFFFFFFFFFFFFFFFFFFFFFFB624B4
:1050300000006DFFFFFFFFFF490024B6FFFFFFFFE9
:10504000FFFFFFFFFFFFFFFFFFFFFFFFFFFFFFFF70
:10505000FFFFFFFFFFFFFFFFFFFFFFFFFFFFFFFF60
:10506000FFFFFFFFFFFFFFFFFFFFFFFFFFFFFF92BD
:10507000490024B6FFFFFFFF92246DFFFFFFFFFFF3
:10508000FFFFFFFFFFFFFFFFFFFFFFFFFFFFFFFF30
:10509000FFFFFFFFFFFFFFFFFFFFFFFFFFFFFFFF20
:1050A000FFFFFFFFFFFFFFFFFFFFFFFFFFFFFFDB34
:1050B000B6000024FFFFFFFFFFFFFFFFFFFFFFFF22
:1050C000FFFFFFFFFFFFFFFFFFFFFFFFFFFFFFFFF0
:1050D000FFFFFFFFFFFFFFFFFFFFFFFFFFFFFFFFE0
:1050E000FFFFFFFFFFFFFFFFFFFFFFFFFFFFB624F4
:1050F0002400000092FFFFFFFFFFFFFFFFFFFFFF05
:10510000FFFFFFFFFFFFFFFFFFFFFFFFFFFFFFFFAF
:10511000FFFFFFFFFFFFFFFFFFFFFFFFFFFFFFFF9F
:10512000FFFFFFFFFFFFFFFFFFFFFFFFFFFF240069
:105130000024240024FFFFFFFFFFFFFFFFFFFFFF0E
:10514000FFFFFFFFFFFFFFFFFFFFFFFFFFFFFFFF6F
:10515000FFFFFFFFFFFFFFFFFFFFFFFFFFFFFFFF5F
:10516000FFFFFFFFFFFFFFFFFFFFFFFFFFFF922497
:1051700024B6920000B6FFFFFFFFFFFFFFFFFFFF17
:10518000FFFFFFFFFFFFFFFFFFFFFFFFFFFFFFFF2F
:10519000FFFFFFFFFFFFFFFFFFFFFFFFFFFFFFFF1F
:1051A000FFFFFFFFFFFFFFFFFFFFFFFFFFFFFFFF0F
:1051B000FFFFDB240049FFFFFFFFFFFFFFFFFFFFB3
:1051C000FFFFFFFFFFFFFFFFFFFFFFFFFFFFFFFFEF
:1051D000FFFFFFFFFFFFFFFFFFFFFFFFFFFFFFFFDF
:1051E000FFFFFFFFFFFFFFFFFFFFFFFFFFFFFFFFCF
:1051F000FFFFFF490000DBFFFFFFFFFFFFFFFFFF97
:10520000FFFFFFFFFFFFFFFFFFFFFFFFFFFFFFFFAE
:10521000FFFFFFFFFFFFFFFFFFFFFFFFFFFFFFFF9E
:10522000FFFFFFFFFFFFFFFFFFFFFFFFFFFFFFFF8E
:10523000FFFFFFB600006DFFFFFFFFFFFFFFFFFF57
:10524000FFFFFFFFFFFFFFFFFFFFFFFFFFFFFFFF6E
:10525000FFFFFFFFFFFFFFFFFFFFFFFFFFFFFFFF5E
:10526000FFFFFFFFFFFFFFFFFFFFFFFFFFFFFFFF4E
:10527000FFFFFFFF240049FFFFFFFFFFFFFFFFFFCE
:10528000FFFFFFFFFFFFFFFFFFFFFFFFFFFFFFFF2E
:10529000FFFFFFFFFFFFFFFFFFFFFFFFFFFFFFFF1E
:1052A000FFFFFFFFFFFFFFFFFFFFFFFFFFFFFFFF0E
:1052B000FFFFFFFF6D0024DBFFFFFFFFFFFFFFFF8E
:1052C000FFFFFFFFFFFFFFFFFFFFFFFFFFFFFFFFEE
:1052D000FFFFFFFFFFFFFFFFFFFFFFFFFFFFFFFFDE
:1052E000FFFFFFFFFFFFFFFFFFFFFFFFFFFFFFFFCE
:1052F000FFFFFFFFB60000DBFFFFFFFFFFFFFFFF29
:10530000FFFFFFFFFFFFFFFFFFFFFFFFFFFFFFFFAD
:10531000FFFFFFFFFFFFFFFFFFFFFFFFFFFFFFFF9D
:10532000FFFFFFFFFFFFFFFFFFFFFFFFFFFFFFFF8D
:10533000FFFFFFFFDB240092FFFFFFFFFFFFFFFFE8
:10534000FFFFFFFFFFFFFFFFFFFFFFFFFFFFFFFF6D
:10535000FFFFFFFFFFFFFFFFFFFFFFFFFFFFFFFF5D
:10536000FFFFFFFFFFFFFFFFFFFFFFFFFFFFFFFF4D
:10537000FFFFFFFFFF24006DFFFFFFFFFFFFFFFFA9
:10538000FFFFFFFFFFFFFFFFFFFFFFFFFFFFFFFF2D
:10539000FFFFFFFFFFDBDBFFFFFFFFFFFFFFFFFF65
:1053A000FFFFFFFFFFFFFFFFFFFFFFFFFFFFFFFF0D
:1053B000FFFFFFFFFF490049FFFFFFFFFFFFFFFF68
:1053C000FFFFFFFFFFFFFFFFFFFFFFFFFFFFFFFFED
:1053D000FFFFFFDB49240024B6FFFFFFFFFFFFFFB5
:1053E000FFFFFFFFFFFFFFFFFFFFFFFFFFFFFFFFCD
:1053F000FFFFFFFFFF490024FFFFFFFFFFFFFFFF4D
:10540000FFFFFFFFFFFFFFFFFFFFFFFFFFFFFFFFAC
:10541000FFFFFF490000000024DBFFFFFFFFFFFF4D
:10542000FFFFFFFFFFFFFFFFFFFFFFFFFFFFFFFF8C
:10543000FFFFDBDBDB490024FFFFFFFFFFFFFFFF78
:10544000FFFFFFFFFFFFFFFFFFFFFFFFFFFFFFFF6C
:10545000FFFFDB240000000000B6FFFFFFFFFFFF9F
:10546000FFFFFFFFFFFFFFFFFFFFFFFFFFFFFFFF4C
:10547000FF92240000000000FFFFFFFFFFFFFFFF7F
:10548000FFFFFFFFFFFFFFFFFFFFFFFFFFFFFFFF2C
:10549000FFFFDB240000000000B6FFFFFFFFFFFF5F
:1054A000FFFFFFFFFFFFFFFFFFFFFFFFFFFFFFFF0C
:1054B000FF92240000000000FFFFFFFFFFFFFFFF3F
:1054C000FFFFFFFFFFFFFFFFFFFFFFFFFFFFFFFFEC
:1054D000FFFFFF490000000024DBFFFFFFFFFFFF8D
:1054E000FFFFFFFFFFFFFFFFFFFFFFFFFFFFFFFFCC
:1054F000FFFFDBDBDB490024FFFFFFFFFFFFFFFFB8
:10550000FFFFFFFFFFFFFFFFFFFFFFFFFFFFFFFFAB
:10551000FFFFFFDB4924000024DBFFFFFFFFFFFF4D
:10552000FFFFFFFFFFFFFFFFFFFFFFFFFFFFFFFF8B
:10553000FFFFFFFFFF490024FFFFFFFFFFFFFFFF0B
:10554000FFFFFFFFFFFFFFFFFFFFFFFFFFFFFFFF6B
:10555000FFFFFFFFFFDB9200006DFFFFFFFFFFFF7C
:10556000FFFFFFFFFFFFFFFFFFFFFFFFFFFFFFFF4B
:10557000FFFFFFFFFF490049FFFFFFFFFFFFFFFFA6
:10558000FFFFFFFFFFFFFFFFFFFFFFFFFFFFFFFF2B
:10559000FFFFFFFFFFFFFF490000B6FFFFFFFFFF18
:1055A000FFFFFFFFFFFFFFFFFFFFFFFFFFFFFFFF0B
:1055B000FFFFFFFFFF24006DFFFFFFFFFFFFFFFF67
:1055C000FFFFFFFFFFFFFFFFFFFFFFFFFFFFFFFFEB
:1055D000FFFFFFFFFFFFFFDB000049FFFFFFFFFFB3
:1055E000FFFFFFFFFFFFFFFFFFFFFFFFFFFFFFFFCB
:1055F000FFFFFFFFDB240092FFFFFFFFFFFFFFFF26
:10560000FFFFFFFFFFFFFFFFFFFFFFFFFFFFFFFFAA
:10561000FFFFFFFFFFFFFFFF6D0000B6FFFFFFFF73
:10562000FFFFFFFFFFFFFFFFFFFFFFFFFFFFFFFF8A
:10563000FFFFFFFFB60000DBFFFFFFFFFFFFFFFFE5
:10564000FFFFFFFFFFFFFFFFFFFFFFFFFFFFFFFF6A
:10565000FFFFFFFFFFFFFFFFDB240024FFFFFFFF33
:10566000FFFFFFFFFFFFFFFFFFFFFFFFFFFFFFFF4A
:10567000FFFFFFFF6D0024DBFFFFFFFFFFFFFFFFCA
:10568000FFFFFFFFFFFFFFFFFFFFFFFFFFFFFFFF2A
:10569000FFFFFFFFFFFFFFFFFF9200006DFFFFFF17
:1056A000FFFFFFFFFFFFFFFFFFFFFFFFFFFFFFFF0A
:1056B000FFFFFFFF240049FFFFFFFFFFFFFFFFFF8A
:1056C000FFFFFFFFFFFFFFFFFFFFFFFFFFFFFFFFEA
:1056D000FFFFFFFFFFFFFFFFFFFF490024DBFFFF8E
:1056E000FFFFFFFFFFFFFFFFFFFFFFFFFFFFFFFFCA
:1056F000FFFFFFB600006DFFFFFFFFFFFFFFFFFF93
:10570000FFFFFFFFFFFFFFFFFFFFFFFFFFFFFFFFA9
:10571000FFFFFFFFFFFFFFFFFFFFDB240049FFFF4D
:10572000FFFFFFFFFFFFFFFFFFFFFFFFFFFFFFFF89
:10573000FFFFFF490000DBFFFFFFFFFFFFFFFFFF51
:10574000FFFFFFFFFFFFFFFFFFFFFFFFFFFFFFFF69
:10575000FFFFFFFFFFFFFFFFFFFFFF6D000092FF56
:10576000FFFFFFFFFFFFFFFFFFFFFFFFFFFFFFFF49
:10577000FFFFDB240049FFFFFFFFFFFFFFFFFFFFED
:10578000FFFFFFFFFFFFFFFFFFFFFFFFFFFFFFFF29
:10579000FFFFFFFFFFFFFFFFFFFFFFDB240024FFF2
:1057A000FFFFFFFFFFFFFFFFFFFFFFFFFFFF922451
:1057B00024B6920000B6FFFFFFFFFFFFFFFFFFFFD1
:1057C000FFFFFFFFFFFFFFFFFFFFFFFFFFFFFFFFE9
:1057D000FFFFFFFFFFFFFFFFFFFFFFFF9200006DD6
:1057E000B6FFFFFFFFFFFFFFFFFFFFFFFFFF2400EC
:1057F0000024240024FFFFFFFFFFFFFFFFFFFFFF48
:10580000FFFFFFFFFFFFFFFFFFFFFFFFFFFFFFFFA8
:10581000FFFFFFFFFFFFFFFFFFFFFFFFFF4900004C
:1058200049FFFFFFFFFFFFFFFFFFFFFFFFFFB62462
:105830002400000092FFFFFF922492FFFFFFFFFF72
:10584000FFFFFFFFFFFFFFFFFFFFFFFFFFFFFFFF68
:10585000FFFFFFFFFFFFFFFFFFFFFFFFFFB6246D0E
:10586000B6FFFFFFFFFFFFFFFFFFFFFFFFFFFFDBB5
:10587000B6000024FFFFFFFF490024DBFFFFFFFF0E
:10588000FFFFFFFFFFFFFFFFFFFFFFFFFFFFFFFF28
:10589000FFFFFFFFFFFFFFFFFFFFFFFFFFFFFFFF18
:1058A000FFFFFFFFFFFFFFFFFFFFFFFFFFFFFF9275
:1058B000490024B6FFFFFFFFB6240024FFFFFFFFCF
:1058C000FFFFFFFFFFFFFFFFFFFFFFFFFFFFFFFFE8
:1058D000FFFFFFFFFFFFFFFFFFFFFFFFFFFFFFFFD8
:1058E000FFFFFFFFFFFFFFFFFFFFFFFFFFFFB624EC
:1058F00000006DFFFFFFFFFFFF6D000049FFFFFF8E
:10590000FFFFFFFFFFFFFFFFFFFFFFFFFFFFFFFFA7
:10591000FFFFFFFFFFFFFFFFFFFFFFFFFFFFFFFF97
:10592000FFFFFFFFFFFFFFFFFFFFFFFFFFDB240085
:105930000024FFFFFFFFFFFFFFFF4900006DFFFF97
:10594000FFFFFFFFFFFFFFFFFFFFFFFFFFFFFFFF67
:10595000FFFFFFFFFFFFFFFFFFFFFFFFFFFFFFFF57
:10596000FFFFFFFFFFFFFFFFFFFFFFFFFF490000FB
:1059700024DBFFFFFFFFFFFFFFFFFF4900006DFF7C
:10598000FFFFFFFFFFFFFFFFFFFFFFFFFFFFFFFF27
:10599000FFFFFFFFFFFFFFFFFFFFFFFFFFFFFFFF17
:1059A000FFFFFFFFFFFFFFFFFFFFFFFF4900004971
:1059B00092FFFFFFFFFFFFFFFFFFFFDB2400004917
:1059C00092FFFFFFFFFFFFFFFFFFFFFFFFFFFFFF54
:1059D000FFFFFFFFFFFFFFFFFFFFFFFFFFFFFFFFD7
:1059E000FFFFFFFFFFFFFFFFFFFFFF49000049FF31
:1059F000FFFFFFFFFFFFFFFFFFFFFFFFDB240000B4
:105A0000006DFFFFFFFFFFDBFFFFFFFFFFFFFFFF5B
:105A1000FFFFFFFFFFFFFFFFFFFFFFFFFFFFFFFF96
:105A2000FFFFFFFFDBFFFFFFFFDB24000049FFFF5D
:105A3000FFFFFFFFFFFFFFFFFFFFFFFFFFDB49004F
:105A4000000049DBFFFF49246DFFFFFFFFFFFFFF61
:105A5000FFFFFFFFFFFFFFFFFFFFFFFFFFFFFFFF56
:105A6000FFFFFF922424FFFF9224000049FFFFFF65
:105A7000FFFFFFFFFFFFFFFFFFFFFFFFFFFFFF6DC8
:105A800049000000926D00006DFFFFFFFFFFFFFF68
:105A9000FFFFFFFFFFFFFFFFFFFFFFFFFFFFFFFF16
:105AA000FFFFFF920000496D0000246DFFFFFFFF24
:105AB000FFFFFFFFFFFFFFFFFFFFFFFFFFFFFFFFF6
:105AC000FF6D000000000024FFFFFFFFFFFFFFFF4E
:105AD000FFFFFFFFFFDB496DFFFFFFFFFFFFFFFF42
:105AE000FFFFFFFF490000000024B6FFFFFFFFFF9C
:105AF000FFFFFFFFFFFFFFFFFFFFFFFFFFFFFFFFB6
:105B0000FFFFB62400000024B6FFFFFFFFFFFFFFEA
:105B1000FFFFFFFFFF6D0000FFFFFFFFFFFFFFFF25
:105B2000FFFFDB922400000049DBFFFFFFFFFFFFC8
:105B3000FFFFFFFFFFFFFFFFFFFFFFFFFFFFFFFF75
:105B4000FFFFFFFF9224000000246DB6FFFFFFFF60
:105B5000FFFFFFFFFF6D0000FFFFFFFFFFFFFFDB09
:105B6000B66D2400000024B6FFFFFFFFFFFFFFFF1C
:105B7000FFFFFFFFFFFFFFFFFFFFFFFFFFFFFFFF35
:105B8000FFFFFFFFFFFF6D2400000000246DB6DB68
:105B9000DBFFFFFFFF6D0000FFFFFFDBB692490058
:105BA000000000002492FFFFFFFFFFFFFFFFFFFF49
:105BB000FFFFFFFFFFFFFFFFFFFFFFFFFFFFFFFFF5
:105BC000FFFFFFFFFFFFFFFFB649000000000024BA
:105BD00024244949492400004949242400000000A4
:105BE000000049B6FFFFFFFFFFFFFFFFFFFFFFFFC2
:105BF000FFFFFFFFFFFFFFFFFFFFFFFFFFFFFFFFB5
:105C0000FFFFFFFFFFFFFFFFFFFFDB6D49242400C5
:105C10000000000000000000000000000024496DAA
:105C20006DDBFFFFFFFFFFFFFFFFFFFFFFFFFFFF3A
:105C3000FFFFFFFFFFFFFFFFFFFFFFFFFFFFFFFF74
:105C4000FFFFFFFFFFFFFFFFFFFFFFFFFFDBDBB6F5
:105C5000926D49242400002424496D92B6DBFFFF95
:105C6000FFFFFFFFFFFFFFFFFFFFFFFFFFFFFFFF44
:105C7000FFFFFFFFFFFFFFFF9249B6FFFFFFFFFFA0
:105C8000FFFFFFFFFFFFFFFFFFFFFFFFFFFFFFFF24
:105C9000FFFFFFFFFFFFFFFFFFFFFFFFFFFFFFFF14
:105CA000FFFFFFFFFFFFFFFFFFFFFFFFFFFFFFFF04
:105CB000FFFFFFFFFFB649B6240024B6FFFFFFFF3A
:105CC000FFFFFFFFFFFFFFFFFFFFFFFFFFFFFFFFE4
:105CD000FFFFFFFFFFFFFFFFFFFFFFFFFFFFFFFFD4
:105CE000FFFFFFFFFFFFFFFFFFFFFFFFFFFFFFFFC4
:105CF000FFFFFFFFB624004992240024B6FFFFFFF8
:105D0000FFFFFFFFFFFFFFFFFFFFFFFFFFFFFFFFA3
:105D1000FFFFFFFFFFFFFFFFFFFFFFFFFFFFFFFF93
:105D2000FFFFFFFFFFFFFFFFFFFFFFFFFFFFFFFF83
:105D3000FFFFFFB6000024B6FF92000024B6FFFF6D
:105D4000FFFFFFFFFFFFFFFFFFFFFFFFFFFFFFFF63
:105D5000FFFFFFFFFFFFFFFFFFFFFFFFFFFFFFFF53
:105D6000FFFFFFFFFFFFFFFFFFFFFFFFFFFFFFFF43
:105D7000FFFFB6240000B6FFFFFF92240024B6FF09
:105D8000FFFFFFFFFFFFFFFFFFFFFFFFFFFFFFFF23
:105D9000FFFFFFFFFFFFFFFFFFFFFFFFFFFFFFFF13
:105DA000FFFFFFFFFFFFFFFFFFFFFFFFFFFFFFFF03
:105DB000FFB6000024B6FFFFFFFFFF92000024B6ED
:105DC000FFFFFFFFFFFFFFFFFFFFFFFFFFFFFFFFE3
:105DD000FFFFFFFFFFFFFFFFFFFFFFFFFFFFFFFFD3
:105DE000FFFFFFFFFFFFFFFFFFFFFFFFFFFFFFFFC3
:105DF000B6240000B6FFFFFFFFFFFFFF9224002440
:105E0000B6FFFFFFFFFFFFFFFFFFFFFFFFFFFFFFEB
:105E1000FFFFFFFFFFFFFFFFFFFFFFFFFFFFFFFF92
:105E2000FFFFFFFFFFFFFFFFFFFFFFFFFFFFFFB6CB
:105E3000000024B6FFFFFFFFFFFFFFFFFF920000FF
:105E400024B6FFFFFFFFFFFFFFFFFFFFFFFFFFFF86
:105E5000FFFFFFFFFFFFFFFFFFFFFFFFFFFFFFFF52
:105E6000FFFFFFFFFFFFFFFFFFFFFFFFFFFFB62466
:105E70000000B6FFFFFFFFFFFFFFFFFFFFFF9224C1
:105E80000024B6FFFFFFFFFFFFFFFFFFFFB64992B1
:105E9000FFFFFFFFFFFFFFFFFFFFFFFFFFFFFFFF12
:105EA0009249DBFFFFFFFFFFFFFFFFFFFF920000B4
:105EB00024B6FFFFFFFFFFFFFFFFFFFFFFFFFF9283
:105EC000000024B6FFFFFFFFFFFFFFFFFF49002494
:105ED000FFFFFFFFFFFFFFFFFFFFFFFFFFFFFFFFD2
:105EE00000006DFFFFFFFFFFFFFFFFFF9224000098
:105EF000B6FFFFFFFFFFFFFFFFFFFFFFFFFFFFFFFB
:105F000092240024B6FFFFFFFFFFFFFFFF4900249C
:105F1000FFFFFFFFFFFFFFFFFFFFFFFFFFFFFFFF91
:105F200000006DFFFFFFFFFFFFFFFF92000024B6A0
:105F3000FFFFFFFFFFFFFFFFFFFFFFFFFFFFFFFF71
:105F4000FF92000024B6FFFFFFFFFFFFFF49002480
:105F5000FFFFFFFFFFFFFFFFFFFFFFFFFFFFFFFF51
:105F600000006DFFFFFFFFFFFFFF92240000B6FF60
:105F7000FFFFFFFFFFFFFFFFFFFFFFFFFFFFFFFF31
:105F8000FFFF92240024B6FFFFFFFFFFFF4900241C
:105F9000FFFFFFFFFFFFFFFFFFFFFFFFFFFFFFFF11
:105FA00000006DFFFFFFFFFFFF92000024B6FFFF20
:105FB000FFFFFFFFFFFFFFFFFFFFFFFFFFFFFFFFF1
:105FC000FFFFFF92000024B6FFFFFFFFFF49002400
:105FD000FFFFFFFFFFFFFFFFFFFFFFFFFFFFFFFFD1
:105FE00000006DFFFFFFFFFF92240000B6FFFFFFE0
:105FF000FFFFFFFFFFFFFFFFFFFFFFFFFFFFFFFFB1
:10600000FFFFFFFF92240024B6FFFFFFFF4900249B
:10601000FFFFFFFFFFFFFFFFFFFFFFFFFFFFFFFF90
:1060200000006DFFFFFFFF92000024B6FFFFFFFF9F
:10603000FFFFFFFFFFFFFFFFFFFFFFFFFFFFFFFF70
:10604000FFFFFFFFFF92000024B6FFFFFF4900247F
:10605000FFFFFFFFFFFFFFFFFFFFFFFFFFFFFFFF50
:1060600000006DFFFFFF92240000B6FFFFFFFFFF5F
:10607000FFFFFFFFFFFFFFFFFFFFFFFFFFFFFFFF30
:10608000FFFFFFFFFFFF92240024B6FFFF4900241B
:10609000FFFFFFFFFFFFFFFFFFFFFFFFFFFFFFFF10
:1060A00000006DFFFF92000024B6FFFFFFFFFFFF1F
:1060B000FFFFFFFFFFFFFFFFFFFFFFFFFFFFFFFFF0
:1060C000FFFFFFFFFFFFFF92000024B6FF490024FF
:1060D000FFFFFFFFFFFFFFFFFFFFFFFFFFFFFFFFD0
:1060E00000006DFF92240000B6FFFFFFFFFFFFFFDF
:1060F000FFFFFFFFFFFFFFFFFFFFFFFFFFFFFFFFB0
:10610000FFFFFFFFFFFFFFFF92240024B64900249A
:10611000FFFFFFFFFFFFFFFFFFFFFFFFFFFFFFFF8F
:1061200000006D92000024B6FFFFFFFFFFFFFFFF9E
:10613000FFFFFFFFFFFFFFFFFFFFFFFFFFFFFFFF6F
:10614000FFFFFFFFFFFFFFFFFF920000242400245A
:10615000FFFFFFFFFFFFFFFFFFFFFFFFFFFFFFFF4F
:10616000000024240000B6FFFFFFFFFFFFFFFFFF3A
:10617000FFFFFFFFFFFFFFFFFFFFFFFFFFFFFFFF2F
:10618000FFFFFFFFFFFFFFFFFFFF9224000000243F
:10619000FFFFFFFFFFFFFFFFFFFFFFFFFFFFFFFF0F
:1061A0000000000024B6FFFFFFFFFFFFFFFFFFFF1F
:1061B000FFFFFFFFFFFFFFFFFFFFFFFFFFFFFFFFEF
:1061C000B66D4949494949494949492400000024D3
:1061D000FFFFFFFFFFFFFFFFFFFFFFFFFFFFFFFFCF
:1061E00000000000244949494949494949496DDBB2
:1061F000FFFFFFFFFFFFFFFFFFFFFFFFFFFFFFFFAF
:106200002400000000000000000000000000002446
:10621000FFFFFFFFFFFFFFFFFFFFFFFFFFFFFFFF8E
:106220000000000000000000000000000000004925
:10623000FFFFFFFFFFFFFFFFFFFFFFFFFFFFFFFF6E
:106240006D0000000000000000000000000000924F
:10625000FFFFFFFFFFFFFFFFFFFFFFFFFFFFFFFF4E
:106260006D0000000000000000000000000024920B
:10627000FFFFFFFFFFFFFFFFFFFFFFFFFFFFFFFF2E
:10628000FFFFFFFFFFFFFFFFFFFFFFFFFFFFFFFF1E
:10629000FFFFFFFFFFFFFFFFFFFFFFFFFFFFFFFF0E
:1062A000FFFFFFFFFFFFFFFFFFFFFFFFFFFFFFFFFE
:1062B000FFFFFFFFFFFFFFFFFFFFFFFFFFFFFFFFEE
:1062C000FFFFFFFFFFFFFFFFFFFFFFFFFFFFFFFFDE
:1062D000FFFFFFFFFFFFFFFFFFFFFFFFFFFFFFFFCE
:1062E000FFFFFFFFFFFFFFFFFFFFFFFFFFFFFFFFBE
:1062F000FFFFFFFFFFFFFFFFFFFFFFFFFFFFFFFFAE
:10630000FFFFFFFFFFFFFFFFFFFFFFFFFFFFFFFF9D
:10631000FFFFFFFFFFFFFFFFFFFFFFFFFFFFFFFF8D
:10632000FFFFFFFFFFFFFFFFFFFFFFFFFFFFFFFF7D
:10633000FFFFFFFFFFFFFFFFFFFFFFFFFFFFFFFF6D
:10634000FFFFFFFFFFFFFFFFFFFFFFFFFFFFFFFF5D
:10635000FFFFFFFFFFFFFFFFFFFFFFFFFFFFFFFF4D
:10636000FFFFFFFFFFFFFFFFFFFFFFFFFFFFFFFF3D
:10637000FFFFFFFFFFFFFFFFFFFFFFFFFFFFFFFF2D
:10638000FFFFFFFFFFFFFFFFFFFFFFFFFFFFFFFF1D
:10639000FFFFFFFFFFFFFFFFFFFFFFFFFFFFFFFF0D
:1063A000FFFFFFFFFFFFFFFFFFFFFFFFFFFFFFFFFD
:1063B000FFFFFFFFFFFFFFFFFFFFFFFFFFFFFFFFED
:1063C000FFFFFFFFFFFFFFFFFFFFFFFFFFFFFFFFDD
:1063D000FFFFFFFFFFFFFFFFFFFFFFFFFFFFFFFFCD
:1063E000FFFFFFFFFFFFFFFFFFFFFFFFFFFFFFFFBD
:1063F000FFFFFFFFFFFFFFFFFFFFFFFFFFFFFFFFAD
:10640000FFFFFFFFFFFFFFFFFFFFFFFFFFFFFFFF9C
:10641000FFFFFFFFFFFFFFFFFFFFFFFFFFFFFFFF8C
:10642000FFFFFFFFFFFFFFFFFFFFFFFFFFFFFFFF7C
:10643000FFFFFFFFFFFFFFFFFFFFFFFFFFFFFFFF6C
:10644000FFFFFFFFFFFFFFFFFFFFFFFFFFFFFFFF5C
:10645000FFFFFFFFFFFFFFFFFFFFFFFFFFFFFFFF4C
:10646000FFFFFFFFFFFFFFFFFFFFFFFFFFFFFFFF3C
:10647000FFFFFFFFFFFFFFFFFFFFFFFFFFFFFFFF2C
:10648000FFFFFFFFFFFFFFFFFFFFFFFFFFFFFFFF1C
:10649000FFFFFFFFFFFFFFFFFFFFFFFFFFFFFFFF0C
:1064A000FFFFFFFFFFFFFFFFFFFFFFFFFFFFFFFFFC
:1064B000FFFFFFFFFFFFFFFFFFFFFFFFFFFFFFFFEC
:1064C000FFFFFFFFFFFFFFFFFFFFFFFFFFFFFFFFDC
:1064D000FFFFFFFFFFFFFFFFFFFFFFFFFFFFFFFFCC
:1064E000FFFFFFFFFFFFFFFFFFFFFFFFFFFFFFFFBC
:1064F000FFFFFFFFFFFFFFFFFFFFFFFFFFFFFFFFAC
:10650000FFFFFFFFFFFFFFFFFFFFFFFFFFFFFFFF9B
:10651000FFFFFFFFFFFFFFFFFFFFFFFFFFFFFFFF8B
:10652000FFFFFFFFFFFFFFFFFFFFFFFFFFFFFFFF7B
:10653000FFFFFFFFFFFFFFFFFFFFFFFFFFFFFFFF6B
:10654000FFFFFFFFFFFFFFFFFFFFFFFFFFFFFFFF5B
:10655000FFFFFFFFFFFFFFFFFFFFFFFFFFFFFFFF4B
:10656000FFFFFFFFFFFFFFFFFFFFFFFFFFFFFFFF3B
:10657000FFFFFFFFFFFFFFFFFFFFFFFFFFFFFFFF2B
:10658000FFFFFFFFFFFFFFFFFFFFFFFFFFFFFFFF1B
:10659000FFFFFFFFFFFFFFFFFFFFFFFFFFFFFFFF0B
:1065A000FFFFFFFFFFFFFFFFFFFFFFFFFFFFFFFFFB
:1065B000FFFFFFFFFFFFFFFFFFFFFFFFFFFFFFFFEB
:1065C000FFFFFFFFFFFFFFFFFFFFFFFFFFFFFFFFDB
:1065D000FFFFFFFFFFFFFFFFFFFFFFFFFFFFFFFFCB
:1065E000FFFFFFFFFFFFFFFFFFFFFFFFFFFFFFFFBB
:1065F000FFFFFFFFFFFFFFFFFFFFFFFFFFFFFFFFAB
:10660000FFFFFFFFFFFFFFFFFFFFFFFFFFFFFFFF9A
:10661000FFFFFFFFFFFFFFFFFFFFFFFFFFFFFFFF8A
:10662000FFFFFFFFFFFFFFFFFFFFFFFFFFFFFFFF7A
:10663000FFFFFFFFFFFFFFFFFFFFFFFFFFFFFFFF6A
:10664000FFFFFFFFFFFFFFFFFFFFFFFFFFFFFFFF5A
:10665000FFFFFFFFFFFFFFFFFFFFFFFFFFFFFFFF4A
:10666000FFFFFFFFFFFFFFFFFFFFFFFFFFFFFFFF3A
:10667000FFFFFFFFFFFFFFFFFFFFFFFFFFFFFFFF2A
:106680006D0000000000000000000000000000920B
:10669000FFFFFFFFFFFFFFFFFFFFFFFFFFFFFFFF0A
:1066A0006D000000000000000000000000000092EB
:1066B000FFFFFFFFFFFFFFFFFFFFFFFFFFFFFFFFEA
:1066C0002400000000000000000000000000002482
:1066D000FFFFFFFFFFFFFFFFFFFFFFFFFFFFFFFFCA
:1066E0000000000000000000000000000000004961
:1066F000FFFFFFFFFFFFFFFFFFFFFFFFFFFFFFFFAA
:10670000B66D49494949494949494924000000248D
:10671000FFFFFFFFFFFFFFFFFFFFFFFFFFFFFFFF89
:1067200000000000244949494949494949496DDB6C
:10673000FFFFFFFFFFFFFFFFFFFFFFFFFFFFFFFF69
:10674000FFFFFFFFFFFFFFFFFFFF92240000002479
:10675000FFFFFFFFFFFFFFFFFFFFFFFFFFFFFFFF49
:106760000000000024B6FFFFFFFFFFFFFFFFFFFF59
:10677000FFFFFFFFFFFFFFFFFFFFFFFFFFFFFFFF29
:10678000FFFFFFFFFFFFFFFFFF9200002424002414
:10679000FFFFFFFFFFFFFFFFFFFFFFFFFFFFFFFF09
:1067A000000024240000B6FFFFFFFFFFFFFFFFFFF4
:1067B000FFFFFFFFFFFFFFFFFFFFFFFFFFFFFFFFE9
:1067C000FFFFFFFFFFFFFFFF92240024B6490024D4
:1067D000FFFFFFFFFFFFFFFFFFFFFFFFFFFFFFFFC9
:1067E00000006D92000024B6FFFFFFFFFFFFFFFFD8
:1067F000FFFFFFFFFFFFFFFFFFFFFFFFFFFFFFFFA9
:10680000FFFFFFFFFFFFFF92000024B6FF490024B7
:10681000FFFFFFFFFFFFFFFFFFFFFFFFFFFFFFFF88
:1068200000006DFF92240000B6FFFFFFFFFFFFFF97
:10683000FFFFFFFFFFFFFFFFFFFFFFFFFFFFFFFF68
:10684000FFFFFFFFFFFF92240024B6FFFF49002453
:10685000FFFFFFFFFFFFFFFFFFFFFFFFFFFFFFFF48
:1068600000006DFFFFB6000024B6FFFFFFFFFFFF33
:10687000FFFFFFFFFFFFFFFFFFFFFFFFFFFFFFFF28
:10688000FFFFFFFFFF92000024B6FFFFFF49002437
:10689000FFFFFFFFFFFFFFFFFFFFFFFFFFFFFFFF08
:1068A00000006DFFFFFFB6240000B6FFFFFFFFFFF3
:1068B000FFFFFFFFFFFFFFFFFFFFFFFFFFFFFFFFE8
:1068C000FFFFFFFF92240024B6FFFFFFFF490024D3
:1068D000FFFFFFFFFFFFFFFFFFFFFFFFFFFFFFFFC8
:1068E00000006DFFFFFFFFB6000024B6FFFFFFFFB3
:1068F000FFFFFFFFFFFFFFFFFFFFFFFFFFFFFFFFA8
:10690000FFFFFF92000024B6FFFFFFFFFF490024B6
:10691000FFFFFFFFFFFFFFFFFFFFFFFFFFFFFFFF87
:1069200000006DFFFFFFFFFFB6240000B6FFFFFF72
:10693000FFFFFFFFFFFFFFFFFFFFFFFFFFFFFFFF67
:10694000FFFF92240024B6FFFFFFFFFFFF49002452
:10695000FFFFFFFFFFFFFFFFFFFFFFFFFFFFFFFF47
:1069600000006DFFFFFFFFFFFFB6000024B6FFFF32
:10697000FFFFFFFFFFFFFFFFFFFFFFFFFFFFFFFF27
:10698000FF92000024B6FFFFFFFFFFFFFF49002436
:10699000FFFFFFFFFFFFFFFFFFFFFFFFFFFFFFFF07
:1069A00000006DFFFFFFFFFFFFFFB6240000B6FFF2
:1069B000FFFFFFFFFFFFFFFFFFFFFFFFFFFFFFFFE7
:1069C00092240024B6FFFFFFFFFFFFFFFF490024D2
:1069D000FFFFFFFFFFFFFFFFFFFFFFFFFFFFFFFFC7
:1069E00000006DFFFFFFFFFFFFFFFFB6000024B6B2
:1069F000FFFFFFFFFFFFFFFFFFFFFFFFFFFFFF9214
:106A0000000024B6FFFFFFFFFFFFFFFFFF49002448
:106A1000FFFFFFFFFFFFFFFFFFFFFFFFFFFFFFFF86
:106A200000006DFFFFFFFFFFFFFFFFFFB624000028
:106A3000B6FFFFFFFFFFFFFFFFFFFFFFFFFF9224F7
:106A40000024B6FFFFFFFFFFFFFFFFFFFFB64992E5
:106A5000FFFFFFFFFFFFFFFFFFFFFFFFFFFFFFFF46
:106A60009249DBFFFFFFFFFFFFFFFFFFFFB60000C4
:106A700024B6FFFFFFFFFFFFFFFFFFFFFF920000B5
:106A800024B6FFFFFFFFFFFFFFFFFFFFFFFFFFFF3A
:106A9000FFFFFFFFFFFFFFFFFFFFFFFFFFFFFFFF06
:106AA000FFFFFFFFFFFFFFFFFFFFFFFFFFFFB6241A
:106AB0000000B6FFFFFFFFFFFFFFFFFF922400244F
:106AC000B6FFFFFFFFFFFFFFFFFFFFFFFFFFFFFF1F
:106AD000FFFFFFFFFFFFFFFFFFFFFFFFFFFFFFFFC6
:106AE000FFFFFFFFFFFFFFFFFFFFFFFFFFFFFFB6FF
:106AF000000024B6FFFFFFFFFFFFFF92000024B657
:106B0000FFFFFFFFFFFFFFFFFFFFFFFFFFFFFFFF95
:106B1000FFFFFFFFFFFFFFFFFFFFFFFFFFFFFFFF85
:106B2000FFFFFFFFFFFFFFFFFFFFFFFFFFFFFFFF75
:106B3000B6240000B6FFFFFFFFFF92240024B6FF3B
:106B4000FFFFFFFFFFFFFFFFFFFFFFFFFFFFFFFF55
:106B5000FFFFFFFFFFFFFFFFFFFFFFFFFFFFFFFF45
:106B6000FFFFFFFFFFFFFFFFFFFFFFFFFFFFFFFF35
:106B7000FFB6000024B6FFFFFF92000024B6FFFF1F
:106B8000FFFFFFFFFFFFFFFFFFFFFFFFFFFFFFFF15
:106B9000FFFFFFFFFFFFFFFFFFFFFFFFFFFFFFFF05
:106BA000FFFFFFFFFFFFFFFFFFFFFFFFFFFFFFFFF5
:106BB000FFFFB6240000B6FF92240024B6FFFFFFBB
:106BC000FFFFFFFFFFFFFFFFFFFFFFFFFFFFFFFFD5
:106BD000FFFFFFFFFFFFFFFFFFFFFFFFFFFFFFFFC5
:106BE000FFFFFFFFFFFFFFFFFFFFFFFFFFFFFFFFB5
:106BF000FFFFFFB6000024B6240024B6FFFFFFFF0E
:106C0000FFFFFFFFFFFFFFFFFFFFFFFFFFFFFFFF94
:106C1000FFFFFFFFFFFFFFFFFFFFFFFFFFFFFFFF84
:106C2000FFFFFFFFFFFFFFFFFFFFFFFFFFFFFFFF74
:106C3000FFFFFFFFB62400499249B6FFFFFFFFFFA9
:106C4000FFFFFFFFFFFFFFFFFFFFFFFFFFFFFFFF54
:106C5000FFFFFFFFFFFFFFFFFFFFFFFFFFFFFFFF44
:106C6000FFFFFFFFFFFFFFFFFFFFFFFFFFFFFFFF34
:106C7000FFFFFFFFFFB649B6FFFFFFFFFFFFFFFF6C
:106C8000FFFFFFFFFFFFFFFFFFFFFFFFFFFFFFFF14
:106C9000FFFFFFFFFFFFFFFFFF49000000000000B4
:106CA000000000000024B6FFFFFFFFFFFFFFFFFF13
:106CB000FFFFFFFFFFFFFFFFFFFFFFFFFFFFFFFFE4
:106CC000FFFFFFFFFFFFFFFFFFFFFFFFFFFFFFFFD4
:106CD000FFFFFFFFFFFFFFFFDB00000000000000E1
:106CE0000000000000000092FFFFFFFFFFFFFFFF1A
:106CF000FFFFFFFFFFFFFFFFFFFFFFFFFFFFFFFFA4
:106D0000FFFFFFFFFFFFFFFFFFFFFFFFFFFFFFFF93
:106D1000FFFFFFFFFFFFFFFFDB0000244949494958
:106D20004949494949240024DBFFFFFFFFFFFFFFDA
:106D3000FFFFFFFFFFFFFFFFFFFFFFFFFFFFFFFF63
:106D4000FFFFFFFFFFFFFFFFFFFFFFFFFFFFFFFF53
:106D5000FFFFFFFFFFFFFFFFDB000092FFFFFFFFD2
:106D6000FFFFFFFFFF6D000092FFFFFFFFFFFFFF30
:106D7000FFFFFFFFFFFFFFFFFFFFFFFFFFFFFFFF23
:106D8000FFFFFFFFFFFFFFFFFFFFFFFFFFFFFFFF13
:106D9000FFFFFFFFFFFFFFFFDB000092FFFFFFFF92
:106DA000FFFFFFFFFF6D000092FFFFFFFFFFFFFFF0
:106DB000FFFFFFFFFFFFFFFFFFB66D49494949494C
:106DC0004949494949494949494949494949494933
:106DD000494949494949494949000092FFFFFFFF94
:106DE000FFFFFFFFFF6D000092FFFFFFFFFFFFFFB0
:106DF000FFFFFFFFFFFFFFFFB600000000000000E5
:106E00000000000000000000000000000000000082
:106E1000000000000000000000000092FFFFFFFFE4
:106E2000FFFFFFFFFF6D000092FFFFFFFFFFFFFF6F
:106E3000FFFFFFFFFFFFFFFF240000000000000036
:106E40000000000000000000000000000000000042
:106E5000000000000000000000000092FFFFFFFFA4
:106E6000FFFFFFFFFF6D000092FFFFFFFFFFFFFF2F
:106E7000FFFFFFFFFFFFFFFF000024FFFFFFFFFFFB
:106E8000FFFFFFFFFFFFFFFFFFFFFFFFFFFFFFFF12
:106E9000FFFFFFFFFFFFFFFFDB000092FFFFFFFF91
:106EA000FFFFFFFFFF6D000092FFFFFFFFFFDBDB37
:106EB000DBDBDBFFFFFFFFFF000024FFFFFFFFFF27
:106EC000FFFFFFFFFFFFFFFFFFFFFFFFFFFFFFFFD2
:106ED000FFFFFFFFFFFFFFFFDB000092FFFFFFFF51
:106EE000FFFFFFFFFF6D000092FFFFFF92492400AC
:106EF000000024246DFFFFFF000024FFFFFFFFFFC1
:106F0000FFFFFFFFFFFFFFFFFFFFFFFFFFFFFFFF91
:106F1000FFFFFFFFFFFFFFFFDB000092FFFFFFFF10
:106F2000FFFFFFFFFF6D000092FFDB240000000069
:106F3000000000000024DBFF000024FFFFFFFFFF34
:106F4000FFFFFFFFFFFFFFFFFFFFFFFFFFFFFFFF51
:106F5000FFFFFFFFFFFFFFFFDB000092FFFFFFFFD0
:106F6000FFFFFFFFFF6D00009292240000006DB64E
:106F7000DBDB9224000024FF000024FFFFFFFFFF63
:106F8000FFFFFFFFFFFFFFFFFFFFFFFFFFFFFFFF11
:106F9000FFFFFFFFFFFFFFFFDB000092FFFFFFFF90
:106FA000FFFFFFFFFF6D00006D24000049FFFFFFA2
:106FB000FFFFFFDB490000B6000024FFFFFFFFFFDB
:106FC000FFFFFFFFFFFFFFFFFFFFFFFFFFFFFFFFD1
:106FD000FFFFFFFFFFFFFFFFDB000092FFFFFFFF50
:106FE000FFFFFFFFFF6D000000000092FFFFFFFFAB
:106FF000FFFFFFFFB600006D000024FFFFFFFFFF53
:10700000FFFFFFFFFFFFFFFFFFFFFFFFFFFFFFFF90
:10701000FFFFFFFFFFFFFFFFDB000092FFFFFFFF0F
:10702000FFFFFFFFFF6D000000006DFFFFFFFFFF90
:10703000FFFFFFFFFF240049000024FFFFFFFFFFC9
:10704000FFFFFFFFFFFFFFFFFFFFFFFFFFFFFFFF50
:10705000FFFFFFFFFFFFFFFFDB000092FFFFFFFFCF
:10706000FFFFFFFFFF6D00000024FFFFFFFFFFFF9A
:10707000FFFFFFFFFF240024000024FFFFFFFFFFAE
:10708000FFFFFFFFFFFFFFFFFFFFFFFFFFFFFFFF10
:10709000FFFFFFFFFFFFFFFFDB000092FFFFFFFF8F
:1070A000FFFFFFFFFF6D00000092FFFFFFFFFFFFEC
:1070B000FFFFFFFFFF240000000024FFFFFFFFFF92
:1070C000FFFFFFFFFFFFFFFFFFFFFFFFFFFFFFFFD0
:1070D000FFFFFFFFFFFFFFFFDB000092FFFFFFFF4F
:1070E000FFFFFFFFFF6D000024DBFFFFFFFFFFFF3F
:1070F000FFFFFFFFDB240024000024FFFFFFFFFF52
:10710000FFFFFFFFFFFFFFFFFFFFFFFFFFFFFFFF8F
:10711000FFFFFFFFFFFFFFFFDB000092FFFFFFFF0E
:10712000FFFFFFFFFF6D00006DFFFFFFFFFFFFFF91
:10713000FFFFFFFFB6000092000024FFFFFFFFFFEC
:10714000FFFFFFFFFFFFFFFFFFFFFFFFFFFFFFFF4F
:10715000FFFFFFFFFFFFFFFFDB000092FFFFFFFFCE
:10716000FFFFFFFFFF6D000092FFFFFFFFFFFFFF2C
:10717000FFFFFFFF490000B6000024FFFFFFFFFFF5
:10718000FFFFFFFFFFFFFFFFFFFFFFFFFFFFFFFF0F
:10719000FFFFFFFFFFFFFFFFDB000092FFFFFFFF8E
:1071A000FFFFFFFFFF6D000092FFFFFFFFFFFFFFEC
:1071B000FFFFFFB6000024FF000024FFFFFFFFFFDA
:1071C000FFFFFFFFFFFFFFFFFFFFFFFFFFFFFFFFCF
:1071D000FFFFFFFFFFFFFFFFDB000092FFFFFFFF4E
:1071E000FFFFFFFFFF6D000092FFFFFFFFFFFFFFAC
:1071F000FFFFFF24000092FF000024FFFFFFFFFFBE
:10720000FFFFFFFFFFFFFFFFFFFFFFFFFFFFFFFF8E
:10721000FFFFFFFFFFFFFFFFDB000092FFFFFFFF0D
:10722000FFFFFFFFFF6D000092FFFFFFFFFFFFFF6B
:10723000FFFF6D000049FFFF000024FFFFFFFFFF7D
:10724000FFFFFFFFFFFFFFFFFFFFFFFFFFFFFFFF4E
:10725000FFFFFFFFFFFFFFFFDB000092FFFFFFFFCD
:10726000FFFFFFFFFF6D000092FFFFFFFFFFFFFF2B
:10727000FF6D000024DBFFFF000024FFFFFFFFFF86
:10728000FFFFFFFFFFFFFFFFFFFFFFFFFFFFFFFF0E
:10729000FFFFFFFFFFFFFFFFDB000092FFFFFFFF8D
:1072A000FFFFFFFFFF6D000092FFFFFFFFFFFFFFEB
:1072B00092000024B6FFFFFF000024FFFFFFFFFF46
:1072C000FFFFFFFFFFFFFFFFFFFFFFFFFFFFFFFFCE
:1072D000FFFFFFFFFFFFFFFFDB000092FFFFFFFF4D
:1072E000FFFFFFFFFF6D000092FFFFFFFFFFFF6D3D
:1072F00000000092FFFFFFFF000024FFFFFFFFFFE1
:10730000FFFFFFFFFFFFFFFFFFFFFFFFFFFFFFFF8D
:10731000FFFFFFFFFFFFFFFFDB000092FFFFFFFF0C
:10732000FFFFFFFFFF6D000092FFFFFFFFFF6D00FB
:10733000000092FFFFFFFFFF000024FFFFFFFFFFA1
:10734000FFFFFFFFFFFFFFFFFFFFFFFFFFFFFFFF4D
:10735000FFFFFFFFFFFFFFFFDB000092FFFFFFFFCC
:10736000FFFFFFFFFF6D000092FFFFFFDB24000027
:107370000092FFFFFFFFFFFF000024FFFFFFFFFF62
:10738000FFFFFFFFFFFFFFFFFFFFFFFFFFFFFFFF0D
:10739000FFFFFFFFFFFFFFFFDB000092FFFFFFFF8C
:1073A000FFFFFFFFFF6D000092FFFF92000000242F
:1073B000B6FFFFFFFFFFFFFF000024FFFFFFFFFFFF
:1073C000FFFFFFFFFFFFFFFFFFFFFFFFFFFFFFFFCD
:1073D000FFFFFFFFFFFFFFFFDB000092FFFFFFFF4C
:1073E000FFFFFFFFFF6D000092B64900000049DB80
:1073F000FFFFFFFFFFFFFFFF000024B6DBDBDBDB4F
:10740000DBDBDBDBDBDBDBDBDBDBDBDBDBDBDBDBCC
:10741000DBDBDBDBDBDBDBDB9200006DDBDBDBDB29
:10742000DBDBDBDBDB6D0000240000002492FFFFD0
:10743000FFFFFFFFFFFFFFFF000000000000000054
:10744000000000000000000000000000000000003C
:10745000000000000000000000000000000000002C
:10746000000000000000000000000049DBFFFFFFFB
:10747000FFFFFFFFFFFFFFFF000000000000000014
:1074800000000000000000000000000000000000FC
:1074900000000000000000000000000000000000EC
:1074A0000000000000000000000092FFFFFFFFFF4F
:1074B000FFFFFFFFFFFFFFFF000024B6DBDBDBDB8E
:1074C000DBDBDBDBDBDBDBDBDBDBDBDBDBDBDBDB0C
:1074D000DBDBDBDBDBDBDBDB9200006DDBDBDBDB69
:1074E000DBDBDBDBDB6D000000002492FFFFFFFF36
:1074F000FFFFFFFFFFFFFFFF000024FFFFFFFFFF75
:10750000FFFFFFFFFFFFFFFFFFFFFFFFFFFFFFFF8B
:10751000FFFFFFFFFFFFFFFFDB000092FFFFFFFF0A
:10752000FFFFFFFFFF6D00002400000024DBFFFFD2
:10753000FFFFFFFFFFFFFFFF000024FFFFFFFFFF34
:10754000FFFFFFFFFFFFFFFFFFFFFFFFFFFFFFFF4B
:10755000FFFFFFFFFFFFFFFFDB000092FFFFFFFFCA
:10756000FFFFFFFFFF6D00009292240000246DFFDB
:10757000FFFFFFFFFFFFFFFF000024FFFFFFFFFFF4
:10758000FFFFFFFFFFFFFFFFFFFFFFFFFFFFFFFF0B
:10759000FFFFFFFFFFFFFFFFDB000092FFFFFFFF8A
:1075A000FFFFFFFFFF6D000092FFDB490000004975
:1075B000DBFFFFFFFFFFFFFF000024FFFFFFFFFFD8
:1075C000FFFFFFFFFFFFFFFFFFFFFFFFFFFFFFFFCB
:1075D000FFFFFFFFFFFFFFFFDB000092FFFFFFFF4A
:1075E000FFFFFFFFFF6D000092FFFFFFB6000000EE
:1075F00024B6FFFFFFFFFFFF000024FFFFFFFFFF98
:10760000FFFFFFFFFFFFFFFFFFFFFFFFFFFFFFFF8A
:10761000FFFFFFFFFFFFFFFFDB000092FFFFFFFF09
:10762000FFFFFFFFFF6D000092FFFFFFFFDB240065
:107630000024B6FFFFFFFFFF000024FFFFFFFFFF56
:10764000FFFFFFFFFFFFFFFFFFFFFFFFFFFFFFFF4A
:10765000FFFFFFFFFFFFFFFFDB000092FFFFFFFFC9
:10766000FFFFFFFFFF6D000092FFFFFFFFFFFF49DD
:10767000000024B6FFFFFFFF000024FFFFFFFFFF15
:10768000FFFFFFFFFFFFFFFFFFFFFFFFFFFFFFFF0A
:10769000FFFFFFFFFFFFFFFFDB000092FFFFFFFF89
:1076A000FFFFFFFFFF6D000092FFFFFFFFFFFFFFE7
:1076B00049000024DBFFFFFF000024FFFFFFFFFF66
:1076C000FFFFFFFFFFFFFFFFFFFFFFFFFFFFFFFFCA
:1076D000FFFFFFFFFFFFFFFFDB000092FFFFFFFF49
:1076E000FFFFFFFFFF6D000092FFFFFFFFFFFFFFA7
:1076F000FF6D000049FFFFFF000024FFFFFFFFFFB9
:10770000FFFFFFFFFFFFFFFFFFFFFFFFFFFFFFFF89
:10771000FFFFFFFFFFFFFFFFDB000092FFFFFFFF08
:10772000FFFFFFFFFF6D000092FFFFFFFFFFFFFF66
:10773000FFDB4900006DFFFF000024FFFFFFFFFF9C
:10774000FFFFFFFFFFFFFFFFFFFFFFFFFFFFFFFF49
:10775000FFFFFFFFFFFFFFFFDB000092FFFFFFFFC8
:10776000FFFFFFFFFF6D000092FFFFFFFFFFFFFF26
:10777000FFFFDB240000B6FF000024FFFFFFFFFF38
:10778000FFFFFFFFFFFFFFFFFFFFFFFFFFFFFFFF09
:10779000FFFFFFFFFFFFFFFFDB000092FFFFFFFF88
:1077A000FFFFFFFFFF6D000092FFFFFFFFFFFFFFE6
:1077B000FFFFFF92000049FF000024FFFFFFFFFFD3
:1077C000FFFFFFFFFFFFFFFFFFFFFFFFFFFFFFFFC9
:1077D000FFFFFFFFFFFFFFFFDB000092FFFFFFFF48
:1077E000FFFFFFFFFF6D000092FFFFFFFFFFFFFFA6
:1077F000FFFFFFDB490000DB000024FFFFFFFFFF6E
:10780000FFFFFFFFFFFFFFFFFFFFFFFFFFFFFFFF88
:10781000FFFFFFFFFFFFFFFFDB000092FFFFFFFF07
:10782000FFFFFFFFFF6D000092FFFFFFFFFFFFFF65
:10783000FFFFFFFF92000092000024FFFFFFFFFF09
:10784000FFFFFFFFFFFFFFFFFFFFFFFFFFFFFFFF48
:10785000FFFFFFFFFFFFFFFFDB000092FFFFFFFFC7
:10786000FFFFFFFFFF6D000024FFFFFFFFFFFFFF93
:10787000FFFFFFFFDB240049000024FFFFFFFFFFA5
:10788000FFFFFFFFFFFFFFFFFFFFFFFFFFFFFFFF08
:10789000FFFFFFFFFFFFFFFFDB000092FFFFFFFF87
:1078A000FFFFFFFFFF6D000024B6FFFFFFFFFFFF9C
:1078B000FFFFFFFFFF240024000024FFFFFFFFFF66
:1078C000FFFFFFFFFFFFFFFFFFFFFFFFFFFFFFFFC8
:1078D000FFFFFFFFFFFFFFFFDB000092FFFFFFFF47
:1078E000FFFFFFFFFF6D00000049FFFFFFFFFFFFED
:1078F000FFFFFFFFFF240024000024FFFFFFFFFF26
:10790000FFFFFFFFFFFFFFFFFFFFFFFFFFFFFFFF87
:10791000FFFFFFFFFFFFFFFFDB000092FFFFFFFF06
:10792000FFFFFFFFFF6D000000006DFFFFFFFFFF87
:10793000FFFFFFFFFF240024000024FFFFFFFFFFE5
:10794000FFFFFFFFFFFFFFFFFFFFFFFFFFFFFFFF47
:10795000FFFFFFFFFFFFFFFFDB000092FFFFFFFFC6
:10796000FFFFFFFFFF6D0000000024B6FFFFFFFFD9
:10797000FFFFFFFFB624006D000024FFFFFFFFFFA5
:10798000FFFFFFFFFFFFFFFFFFFFFFFFFFFFFFFF07
:10799000FFFFFFFFFFFFFFFFDB000092FFFFFFFF86
:1079A000FFFFFFFFFF6D00002424000092FFFFFF98
:1079B000FFFFFFFF6D0000B6000024FFFFFFFFFF89
:1079C000FFFFFFFFFFFFFFFFFFFFFFFFFFFFFFFFC7
:1079D000FFFFFFFFFFFFFFFFDB000092FFFFFFFF46
:1079E000FFFFFFFFFF6D000092920000004992DB55
:1079F000FFFFB649000024DB000024FFFFFFFFFF6C
:107A0000FFFFFFFFFFFFFFFFFFFFFFFFFFFFFFFF86
:107A1000FFFFFFFFFFFFFFFFDB000092FFFFFFFF05
:107A2000FFFFFFFFFF6D000092FF922400000000A7
:107A300000000000000092FF000024FFFFFFFFFF96
:107A4000FFFFFFFFFFFFFFFFFFFFFFFFFFFFFFFF46
:107A5000FFFFFFFFFFFFFFFFDB000092FFFFFFFFC5
:107A6000FFFFFFFFFF6D000092FFFFDB6D000000D6
:107A70000000000024B6FFFF000024FFFFFFFFFF0F
:107A8000FFFFFFFFFFFFFFFFFFFFFFFFFFFFFFFF06
:107A9000FFFFFFFFFFFFFFFFDB000092FFFFFFFF85
:107AA000FFFFFFFFFF6D000092FFFFFFFFFFB66DBE
:107AB0006D6D92B6FFFFFFFF2400244949494949F3
:107AC0004949494949494949494949494949494926
:107AD000494949494949494949000092FFFFFFFF87
:107AE000FFFFFFFFFF6D000092FFFFFFFFFFFFFFA3
:107AF000FFFFFFFFFFFFFFFF9200000000000000FC
:107B00000000000000000000000000000000000075
:107B1000000000000000000000000092FFFFFFFFD7
:107B2000FFFFFFFFFF6D000092FFFFFFFFFFFFFF62
:107B3000FFFFFFFFFFFFFFFFFF9224000000000098
:107B40000000000000000000000000000000000035
:107B5000000000000000000000000092FFFFFFFF97
:107B6000FFFFFFFFFF6D000092FFFFFFFFFFFFFF22
:107B7000FFFFFFFFFFFFFFFFFFFFFFFFFFFFFFFF15
:107B8000FFFFFFFFFFFFFFFFFFFFFFFFFFFFFFFF05
:107B9000FFFFFFFFFFFFFFFFDB000092FFFFFFFF84
:107BA000FFFFFFFFFF6D000092FFFFFFFFFFFFFFE2
:107BB000FFFFFFFFFFFFFFFFFFFFFFFFFFFFFFFFD5
:107BC000FFFFFFFFFFFFFFFFFFFFFFFFFFFFFFFFC5
:107BD000FFFFFFFFFFFFFFFFDB000024494949498A
:107BE000494949494924000092FFFFFFFFFFFFFF79
:107BF000FFFFFFFFFFFFFFFFFFFFFFFFFFFFFFFF95
:107C0000FFFFFFFFFFFFFFFFFFFFFFFFFFFFFFFF84
:107C1000FFFFFFFFFFFFFFFFDB0000000000000091
:107C20000000000000000024DBFFFFFFFFFFFFFF5C
:107C3000FFFFFFFFFFFFFFFFFFFFFFFFFFFFFFFF54
:107C4000FFFFFFFFFFFFFFFFFFFFFFFFFFFFFFFF44
:107C5000FFFFFFFFFFFFFFFFFF49000000000000E4
:107C600000000000002449DBFFFFFFFFFFFFFFFFD4
:107C7000FFFFFFFFFFFFFFFFFFFFFFFFFFFFFFFF14
:107C8000FFFFFFFFFFFFFFFFFFFFFFFFFFFFFFFF04
:107C9000FFDBB6926D4924242424496D92DBFFFF5B
:107CA000FFFFFFFFFFFFFFFFFFFFFFFFFFFFFFFFE4
:107CB000FFFFFFFFFFFFFFFFFFFFFFFFFFFFFFFFD4
:107CC000FFFFFFFFFFFFFFFFFFFFFFFFFFFFDBB631
:107CD0006D24242424000000000000242424496D85
:107CE000B6FFFFFFFFFFFFFFFFFFFFFFFFFFFFFFED
:107CF000FFFFFFFFFFFFFFFFFFFFFFFFFFFFFFFF94
:107D0000FFFFFFFFFFFFFFFFFFFFFFFFFF92492481
:107D1000000000242424242424242424000000001F
:107D2000246DB6FFFFFFFFFFFFFFFFFFFFFFFFFF19
:107D3000FFFFFFFFFFFFFFFFFFFFFFFFFFFFFFFF53
:107D4000FFFFFFFFFFFFFFFFFFFFFFDB49240000F6
:107D50000024246D92B6DBDBDBDBB69249242400E1
:107D600000002449DBFFFFFFFFFFFFFFFFFFFFFFD6
:107D7000FFFFFFFFFFFFFFFFFFFFFFFFFFFFFFFF13
:107D8000FFFFFFFFFFFFFFFFFFFF922400002424FF
:107D90006DDBFFFFFFFFFFFFFFFFFFFFFFFFB649A8
:107DA000240000002492FFFFFFFFFFFFFFFFFFFF03
:107DB000FFFFFFFFFFFFFFFFFFFFFFFFFFFFFFFFD3
:107DC000FFFFFFFFFFFFFFFFFF6D2400004992DB75
:107DD000FFFFFFFFFFFFFFFFFFFFFFFFFFFFFFFFB3
:107DE000B66D240000246DDBFFFFFFFFFFFFFFFFE8
:107DF000FFFFFFFFFFFFFFFFFFFFFFFFFFFFFFFF93
:107E0000FFFFFFFFFFFFFFDB490000246DDBFFFFEB
:107E1000FFFFFFFFFFFFFFFFFFFFFFFFFFFFFFFF72
:107E2000FFFFB64900000049DBFFFFFFFFFFFFFF38
:107E3000FFFFFFFFFFFFFFFFFFFFFFFFFFFFFFFF52
:107E4000FFFFFFFFFFFFDB49000024B6FFFFFFFF3E
:107E5000FFFFFFFFFFFFFFFFFFFFFFFFFFFFFFFF32
:107E6000FFFFFFFF9224000049DBFFFFFFFFFFFF42
:107E7000FFFFFFFFFFFFFFFFFFFFFFFFFFFFFFFF12
:107E8000FFFFFFFFFFFF49000024B6FFFFFFFFFFDA
:107E9000FFFFFFFFFFFFFFFFFFFFFFFFFFFFFFFFF2
:107EA000FFFFFFFFFFB624000049FFFFFFFFFFFFBA
:107EB000FFFFFFFFFFFFFFFFFFFFFFFFFFFFFFFFD2
:107EC000FFFFFFFFFF6D000024DBFFFFFFFFFFFF51
:107ED000FFFFFFFFFFFFFFFFFFFFFFFFFFFFFFFFB2
:107EE000FFFFFFFFFFFFB624000049FFFFFFFFFF7A
:107EF000FFFFFFFFFFFFFFFFFFFFFFFFFFFFFFFF92
:107F0000FFFFFFFFB6000024B6FFFFFFFFFFFFFFEC
:107F1000FFFFFFFFFFFFFFFFFFFFFFFFFFFFFFFF71
:107F2000FFFFFFFFFFFFFFB62400006DFFFFFFFF15
:107F3000FFFFFFFFFFFFFFFFFFFFFFFFFFFFFFFF51
:107F4000FFFFFFDB240024B6FFFFFFFFFFFFFFFF63
:107F5000FFFFFFFFFFFFFFFFFFFFFFFFFFFFFFFF31
:107F6000FFFFFFFFFFFFFFFFB6240024B6FFFFFF68
:107F7000FFFFFFFFFFFFFFFFFFFFFFFFFFFFFFFF11
:107F8000FFFFFF6D00006DFFFFFFFFFFFFFFFFFF23
:107F9000FFFFFFFFFFFFFFFFFFFFFFFFFFFFFFFFF1
:107FA000FFFFFFFFFFFFFFFFFF92000049DBFFFF26
:107FB000FFFFFFFFFFFFFFFFFFFFFFFFFFFFFFFFD1
:107FC000FFFFDB240049FFFFFFFFFFFFFFFFFFFF75
:107FD000FFFFFFFFFFFFFFFFFFFFFFFFFFFFFFFFB1
:107FE000FFFFFFFFFFFFFFFFFFFF6D00006DFFFFC3
:107FF000FFFFFFFFFFFFFFFFDB92DBFFFFFFFFFF46
:10800000FFFF490024B6FFFFFFFFFFFFFFFFFFFF59
:10801000FFFFFFFFFFFFFFFFFFFFFFFFFFFFFFFF70
:10802000FFFFFFFFFFFFFFFFFFFFDB240000DBFF81
:10803000FFFFFFFFFFFFFFFF49006DFFFFFFFFFF97
:10804000FFDB000049FFFFFFFFFFFFFFFFFFFFFF18
:10805000FFFFFFFFFFFFFFFFFFFFFFFFFFFFFFFF30
:10806000FFFFFFFFFFFFFFFFFFFFFF92000049FF41
:10807000FFFFFFFFFFFFFFFF490024DBFFFFFFFFC4
:10808000FF490024B6FFFFFFFFFFFFFFFFFFFFFFD9
:10809000FFFFFFFFFFFFFFFFFFFFFFFFFFFFFFFFF0
:1080A000FFFFFFFFFFFFFFFFFFFFFFFF490024DB94
:1080B000FFFFFFFFFFFFFFFFB6000092FFFFFFFF84
:1080C000DB240049FFFFFFFFFFFFFFFFFFFFFFFF74
:1080D000FFFFFFFFFFFFFFFFFFFFFFFFFFFFFFFFB0
:1080E000FFFFFFFFFFFFFFFFFFFFFFFF9200009278
:1080F000FFFFFFFFFFFFFFFFFF240024DBFFFFFF69
:10810000920000B6FFFFFFFFFFFFFFFFFFFFFFFF33
:10811000FFFFFFFFFFFFFFFFFFFFFFFFFFFFFFFF6F
:10812000FFFFFFFFFFFFFFFFFFFFFFFFFF24002414
:10813000FFFFFFFFFFFFFFFFFF9200006DFFFFFF4C
:10814000490024DBFFFFFFFF9249DBFFFFFFFFFF3A
:10815000FFFFFFFFFFFFFFFFFFFFFFFFFFFFFFFF2F
:10816000FFFFFFFFFFFFFFFFFFFFFFFFFF6D0000AF
:10817000B6FFFFFFFFFFFFFFFFDB240024DBFFDB79
:10818000240049FFFFFFDB6D000092FFFFFFFFFFB0
:10819000FFFFFFFFFFFFFFFFFFFFFFFFFFFFFFFFEF
:1081A000FFFFFFFFFFFFFFFFFFFFFFFFFFDB000001
:1081B0006DFFFFFFFFFFFFFFFFFF92000092FF92A6
:1081C000000092FFFFDB49240000B6FFFFFFFFFF26
:1081D000FFFFFFFFFFFFFFFFFFFFFFFFFFFFFFFFAF
:1081E000FFFFFFFFFFFFFFFFFFFFFFFFFFFF240079
:1081F00024FFFFFFFFFFFFFFFFFFDB240024FF6DD5
:108200000000FFFFB64900002492FFFFFFFFFFFFC1
:10821000FFFFFFFFFFFFFFFFFFFFFFFFFFFFFFFF6E
:10822000FFFFFFFFFFFFFFFFFFFFFFFFFFFF9200CA
:1082300024DBFFFFFFFFFFFFFFFFFF4900006D4949
:108240000024FF9224000024B6FFFFFFFFFFFFFF82
:10825000FFFFFFFFFFFFFFFFFFFFFFFFFFFFFFFF2E
:10826000FFFFFFFFFFFFFFFFFFFFFFFFFFFFDB241D
:1082700049FFFFFFFFFFFFFFFFFFFFDB2400242478
:1082800000499224000049B6FFFFFFFFFFFFFFFFF8
:10829000FFFFFFFFFFFFFFFFFFFFFFFFFFFFFFFFEE
:1082A000FFFFFFFFFFFFFFFFFFFFFFFFFFFFFFFFDE
:1082B000FFFFFFFFFFFFFFFFFFFFFFFF6D0000005D
:1082C00000242400006DDBFFFFFFFFFFFFFFFFFF27
:1082D000FFFFFFFFFFFFFFFFFFFFFFFFFFFFFFFFAE
:1082E000FFFFFFFFFFFFFFFFFFFFFFFFFFFFFFFF9E
:1082F000FFFFFFFFFFFFFFFFFFFFFFFFDB2400008B
:10830000000000246DFFFFFFFFFFFFFFFFFFFFFFE7
:10831000FFFFFFFFFFFFFFFFFFFFFFFFFFFFFFFF6D
:10832000FFFFFFFFFFFFFFFFFFFFFFFFFFFFFFFF5D
:10833000FFFFFFFFFFFFFFFFFFFFFFFFFF6D0000DD
:1083400000002492FFFFFFFFFFFFFFFFFFFFFFFF83
:10835000FFFFFFFFFFFFFFFFFFFFFFFFFFFFFFFF2D
:10836000FFFFFFFFFFFFFFFFFFFFFFFFFFFFFFFF1D
:10837000FFFFFFFFFFFFFFFFFFFFFFFFFFDB00002F
:108380000024B6FFFFFFFFFFFFFFFFFFFFFFFFFF20
:10839000FFFFFFFFFFFFFFFFFFFFFFFFFFFFFFFFED
:1083A000FFFFFFFFFFFFFFFFFFFFFFFFFFFFFFFFDD
:1083B000FFFFFFFFFFFFFFFFFFFFFFFFFFFF6D005E
:1083C00049DBFFFFFFFFFFFFFFFFFFFFFFFFFFFF97
:1083D000FFFFFFFFFFFFFFFFFFFFFFFFFFFFFFFFAD
:1083E000FFFFFFFFFFFFFFFFFFFFFFFFFFFFFFFF9D
:1083F000FFFFFFFFFFFFFFFFFFFFFFFFFFFFFFB6D6
:10840000DBFFFFFFFFFFFFFFFFFFFFFFFFFFFFFFA0
:10841000FFFFFFFFFFFFFFFFFFFFFFFFFFFFFFFF6C
:10842000FFFFFFFFFFFFFFFFFFFFFFFFFFFFFFFF5C
:10843000FFFFFFFFFFFFFFFFFFFFFFFFFFFFFFFF4C
:10844000FFFFFFFFFFFFFFFFFFFFFFFFFFFFFFFF3C
:10845000FFFFFFFFFFFFFFFFFFFFFFFFFFFFFFFF2C
:10846000FFFFFFFFFFFFFFFFFFFFFFFFFFFFFFFF1C
:10847000FFFFFFFFFFFFFFFFFFFFFFFFFFFFFFFF0C
:10848000FFFFFFFFFFFFFFFFFFFFFFFFFFFFFFFFFC
:10849000FFFFFFFFFFFFFFFFFFFFFFFFFFFFFFFFEC
:1084A000FFFFFFFFFFFFFFFFFFFFFFFFFFFFFFFFDC
:1084B000FFFFFFFFFFFFFFFFFFFFFFFFFFFFFFFFCC
:1084C000FFFFFFFFFFFFFFFFFFFFFFFFFFFFFFFFBC
:1084D000FFFFFFFFFFFFFFFFFFFFFFFFFFFFFFFFAC
:1084E000FFFFFFFFFFFFFFFFFFFFFFFFFFFFFFDBC0
:1084F000B6FFFFFFFFFFFFFFFFFFFFFFFFFFFFFFD5
:10850000FFFFFFFFFFFFFFFFFFFFFFFFFFFFFFFF7B
:10851000FFFFFFFFFFFFFFFFFFFFFFFFFFFFFFFF6B
:10852000FFFFFFFFFFFFFFFFFFFFFFFFFFFFB6495A
:108530000092FFFFFFFFFFFFFFFFFFFFFFFFFFFFB7
:10854000FFFFFFFFFFFFFFFFFFFFFFFFFFFFFFFF3B
:10855000FFFFFFFFFFFFFFFFFFFFFFFFFFFFFFFF2B
:10856000FFFFFFFFFFFFFFFFFFFFFFFFFF92240062
:108570000024FFFFFFFFFFFFFFFFFFFFFFFFFFFFE5
:10858000FFFFFFFFFFFFFFFFFFFFFFFFFFFFFFFFFB
:10859000FFFFFFFFFFFFFFFFFFFFFFFFFFFFFFFFEB
:1085A000FFFFFFFFFFFFFFFFFFFFFFFF9224000021
:1085B000000092FFFFFFFFFFFFFFFFFFFFFFFFFF36
:1085C000FFFFFFFFFFFFFFFFFFFFFFFFFFFFFFFFBB
:1085D000FFFFFFFFFFFFFFFFFFFFFFFFFFFFFFFFAB
:1085E000FFFFFFFFFFFFFFFFFFFFDB6D2400000029
:1085F000000049DBFFFFFFFFFFFFFFFFFFFFFFFF63
:10860000FFFFFFFFFFFFFFFFFFFFFFFFFFFFFFFF7A
:10861000FFFFFFFFFFFFFFFFFFFFFFFFFFFFFFFF6A
:10862000FFFFFFFFFFFFFFFFFFB64900002424000C
:1086300000000092FFFFFFFFFFFFFFFFFFFFFFFFB4
:10864000FFFFFFFFFFFFFFFFFFFFFFFFFFFFFFFF3A
:10865000FFFFFFFFFFFFFFFFFFFFFFFFFFFFFFFF2A
:10866000FFFFFFFFFFFFFFFFB624000024B624003A
:1086700024240024FFFFFFFFFFFFFFFFFFFFDB2499
:1086800049FFFFFFFFFFFFFFFFFFFFFFFFFFFFFFB0
:10869000FFFFFFFFFFFFFFFFFFFFFFFFFFFFFFFFEA
:1086A000FFFFFFFFFFFFFF9224000024B6FF000042
:1086B0006D49000092FFFFFFFFFFFFFFFFFFDB00A0
:1086C00000B6FFFFFFFFFFFFFFFFFFFFFFFFFFFF02
:1086D000FFFFFFFFFFFFFFFFFFFFFFFFFFFFFFFFAA
:1086E000FFFFFFFFFFDB6D24000049DBFFB600004A
:1086F00092DB240024FFFFFFFFFFFFFFFFFFDB24CF
:10870000006DFFFFFFFFFFFFFFFFFFFFFFFFFFFF0A
:10871000FFFFFFFFFFFFFFFFFFFFFFFFFFFFFFFF69
:10872000FFFFFFFFFF6D0000246DDBFFFF6D0024E6
:10873000DBFF6D0000B6FFFFFFFFFFFFFFFFFF49FC
:108740000000FFFFFFFFFFFFFFFFFFFFFFFFFFFF37
:10875000FFFFFFFFFFFFFFFFFFFFFFFFFFFFFFFF29
:10876000FFFFFFFFFF49002492FFFFFFFF240024CB
:10877000FFFFDB240049FFFFFFFFFFFFFFFFFF6D4F
:108780000000B6FFFFFFFFFFFFFFFFFFFFFFFFFF40
:10879000FFFFFFFFFFFFFFFFFFFFFFFFFFFFFFFFE9
:1087A000FFFFFFFFFFB649B6FFFFFFFFDB24006DB1
:1087B000FFFFFF490000B6FFFFFFFFFFFFFFFFDBEA
:1087C000240049FFFFFFFFFFFFFFFFFFFFFFFFFF49
:1087D000FFFFFFFFFFFFFFFFFFFFFFFFFFFFFFFFA9
:1087E000FFFFFFFFFFFFFFFFFFFFFFFF6D0024B64E
:1087F000FFFFFFB6000049FFFFFFFFFFFFFFFFFF86
:10880000490024B6FFFFFFFFFFFFFFFFFFFFFFFF51
:10881000FFFFFFFFFFFFFFFFFFFFFFFFFFFFFFFF68
:10882000FFFFFFFFFFFFFFFFFFFFFFDB240024FF31
:10883000FFFFFFFF490024DBFFFFFFFFFFFFFFFFFC
:10884000B600006DFFFFFFFFFFFFFFFFFFFFFFFF11
:10885000FFFFFFFFFFFFFFFFFFFFFFFFFFFFFFFF28
:10886000FFFFFFFFFFFFFFFFFFFFFF92000092FFF0
:10887000FFFFFFFFB600006DFFFFFFFFFFFFFFFFE1
:10888000FF490024B6FFFFFFFFFFFFFFFFFFFFFFD1
:10889000FFFFFFFFFFFFFFFFFFFFFFFFFFFFFFFFE8
:1088A000FFFFFFFFFFFFFFFFFFFFFF240000FFFFB1
:1088B000FFFFFFFFFF49006DFFFFFFFFFFFFFFFF0F
:1088C000FFB6000049FFFFFFFFFFFFFFFFFFFFFFB5
:1088D000FFFFFFFFFFFFFFFFFFFFFFFFFFFFFFFFA8
:1088E000FFFFFFFFFFFFFFFFFFFF9200006DFFFF95
:1088F000FFFFFFFFFFDB92DBFFFFFFFFFFFFFFFF3D
:10890000FFFF49000092FFFFFFFFFFFFFFFFFFFF98
:10891000FFFFFFFFFFFFFFFFFFFFFFFFFFFFFFFF67
:10892000FFFFFFFFFFFFFFFFFFDB240024DBFFFF54
:10893000FFFFFFFFFFFFFFFFFFFFFFFFFFFFFFFF47
:10894000FFFFDB240000B6FFFFFFFFFFFFFFFFFF7D
:10895000FFFFFFFFFFFFFFFFFFFFFFFFFFFFFFFF27
:10896000FFFFFFFFFFFFFFFFFF49000092FFFFFF38
:10897000FFFFFFFFFFFFFFFFFFFFFFFFFFFFFFFF07
:10898000FFFFFF92000024DBFFFFFFFFFFFFFFFF61
:10899000FFFFFFFFFFFFFFFFFFFFFFFFFFFFFFFFE7
:1089A000FFFFFFFFFFFFFFFF92000049FFFFFFFFF8
:1089B000FFFFFFFFFFFFFFFFFFFFFFFFFFFFFFFFC7
:1089C000FFFFFFFF6D000049DBFFFFFFFFFFFFFF21
:1089D000FFFFFFFFFFFFFFFFFFFFFFFFFFFFFFFFA7
:1089E000FFFFFFFFFFFFFF92240024DBFFFFFFFFDD
:1089F000FFFFFFFFFFFFFFFFFFFFFFFFFFFFFFFF87
:108A0000FFFFFFFFDB24000049DBFFFFFFFFFFFF4D
:108A1000FFFFFFFFFFFFFFFFFFFFFFFFFFFFFFFF66
:108A2000FFFFFFFFFFFFB624002492FFFFFFFFFFC1
:108A3000FFFFFFFFFFFFFFFFFFFFFFFFFFFFFFFF46
:108A4000FFFFFFFFFFDB24000049DBFFFFFFFFFF0D
:108A5000FFFFFFFFFFFFFFFFFFFFFFFFFFFFFFFF26
:108A6000FFFFFFFFFF922400006DFFFFFFFFFFFFEE
:108A7000FFFFFFFFFFFFFFFFFFFFFFFFFFFFFFFF06
:108A8000FFFFFFFFFFFFB624000024B6FFFFFFFF3C
:108A9000FFFFFFFFFFFFFFFFFFFFFFFFFFFFFFFFE6
:108AA000FFFFFFFF922400006DFFFFFFFFFFFFFFAE
:108AB000FFFFFFFFFFFFFFFFFFFFFFFFFFFFFFFFC6
:108AC000FFFFFFFFFFFFFFB6490000246DDBFFFF44
:108AD000FFFFFFFFFFFFFFFFFFFFFFFFFFFFFFFFA6
:108AE000FFFFB66D0000006DFFFFFFFFFFFFFFFF00
:108AF000FFFFFFFFFFFFFFFFFFFFFFFFFFFFFFFF86
:108B0000FFFFFFFFFFFFFFFFDB492400004992DB6F
:108B1000FFFFFFFFFFFFFFFFFFFFFFFFFFFFFFFF65
:108B2000DB92240000246DFFFFFFFFFFFFFFFFFF2C
:108B3000FFFFFFFFFFFFFFFFFFFFFFFFFFFFFFFF45
:108B4000FFFFFFFFFFFFFFFFFFFF6D240000242456
:108B50006DB6FFFFFFFFFFFFFFFFFFFFFFFFB66DDB
:108B60002400000024B6FFFFFFFFFFFFFFFFFFFF11
:108B7000FFFFFFFFFFFFFFFFFFFFFFFFFFFFFFFF05
:108B8000FFFFFFFFFFFFFFFFFFFFFFB649240000CD
:108B90000024246D92B6DBDBDBDBB6926D2424006F
:108BA00000002449DBFFFFFFFFFFFFFFFFFFFFFF88
:108BB000FFFFFFFFFFFFFFFFFFFFFFFFFFFFFFFFC5
:108BC000FFFFFFFFFFFFFFFFFFFFFFFFFF924924B3
:108BD000000000242424242424242424240000002D
:108BE000246DB6FFFFFFFFFFFFFFFFFFFFFFFFFF4B
:108BF000FFFFFFFFFFFFFFFFFFFFFFFFFFFFFFFF85
:108C0000FFFFFFFFFFFFFFFFFFFFFFFFFFFFDBB6E1
:108C10006D24242424000000000000242424496D35
:108C2000B6FFFFFFFFFFFFFFFFFFFFFFFFFFFFFF9D
:108C3000FFFFFFFFFFFFFFFFFFFFFFFFFFFFFFFF44
:108C4000FFFFFFFFFFFFFFFFFFFFFFFFFFFFFFFF34
:108C5000FFDBDB926D4924242424496D92DBDBFF8A
:108C6000FFFFFFFFFFFFFFFFFFFFFFFFFFFFFFFF14
:108C7000FFFFFFFFFFFFFFFFFFDB6D242424242401
:108C800024242424242424242424242424242424A4
:108C9000242424242424242424242424242424496F
:108CA00092FFFFFFFFFFFFFFFFFFFFFFFFFFFFFF41
:108CB000FFFFFFFFFFFFFFFFFF4900000000000074
:108CC00000000000000000000000000000000000A4
:108CD0000000000000000000000000000000000094
:108CE0002492FFFFFFFFFFFFFFFFFFFFFFFFFFFFDC
:108CF000FFFFFFFFFFFFFFFFB60000242424242412
:108D00002424242424242424242424242424242423
:108D10002424242424242424242424242424242413
:108D20000024DBFFFFFFFFFFFFFFFFFFFFFFFFFF51
:108D3000FFFFFFFFFFFFFFFF490024B6DBDBDBDBAC
:108D4000DBDBDBDBDBDBDBDBDBDBDBDBDBDBDBDB73
:108D5000DBDBDBDBDBDBDBDBDBDBDBDBDBDBDB6DD1
:108D6000000092FFFFFFFFFFFFFFFFFFFFFFFFFF7E
:108D7000FFFFFFFFFFFFFFFF240049FFFFFFFFFF93
:108D8000FFFFFFFFFFFFFFFFFFFFFFFFFFFFFFFFF3
:108D9000FFFFFFFFFFFFFFFFFFFFFFFFFFFFFFFFE3
:108DA00000006DFFFFFFFFFFFFFFFFFFFFFFFFFF63
:108DB000FFFFFFFFFFFFFFFF240049FFFFFFFFFF53
:108DC000FFFFFFFFFFFFFFFFFFFFFFFFFFFFFFFFB3
:108DD000FFFFFFFFFFFFFFFFFFFFFFFFFFFFFFFFA3
:108DE00000006DFFFFFFFFFFFFFFFFFFFFFFFFFF23
:108DF000FFFFFFFFFFFFFFFF240049FFFFFFFFFF13
:108E0000FFFFFFFFFFFFFFFFFFFFFFFFFFFFFFFF72
:108E1000FFFFFFFFFFFFFFFFFFFFFFFFFFFFFFFF62
:108E200000006DFFFFFFFFFFFFFFFFFFFFFFFFFFE2
:108E3000FFFFFFFFFFFFFFFF240049FFFFFFFFFFD2
:108E4000FFFFFFFFFFFFFFFFFFFFFFFFFFFFFFFF32
:108E5000FFFFFFFFFFFFFFFFFFFFFFFFFFFFFFFF22
:108E600000006DFFFFFFFFFFFFFFFFFFFFFFFFFFA2
:108E7000FFFFFFFFFFFFFFFF240049FFFFFFFFFF92
:108E8000FFFFFFFFFFFFFFFFFFFFFFFFFFFFFFFFF2
:108E9000FFFFFFFFFFFFFFFFFFFFFFFFFFFFFFFFE2
:108EA00000006DFFFFFFFFFFFFFFFFFFFFFFFFFF62
:108EB000FFFFFFFFFFFFFFFF240049FFFFFFFFFF52
:108EC000FFFFFFFFFFFFFFFFFFFFFFFFFFFFFFFFB2
:108ED000FFFFFFFFFFFFFFFFFFFFFFFFFFFFFFFFA2
:108EE00000006DFFFFFFFFFFFFFFFFFFFFFFFFFF22
:108EF000FFFFFFFFFFFFFFFF240049FFFFFFFFFF12
:108F0000FFFFFFFFFFFFFFFFFFFFFFFFFFFFFFFF71
:108F1000FFFFFFFFFFFFFFFFFFFFFFFFFFFFFFFF61
:108F200000006DFFFFFFFFFFFFFFFFFFFFFFFFFFE1
:108F3000FFFFFFFFFFFFFFFF240049FFFFFFFFFFD1
:108F4000FFFFFFFFFFFFFFFFFFFFFFFFFFFFFFFF31
:108F5000FFFFFFFFFFFFFFFFFFFFFFFFFFFFFFFF21
:108F600000006DFFFFFFFFFFFFFFFFFFFFFFFFFFA1
:108F7000FFFFFFFFFFFFFFFF240049FFFFFFFFFF91
:108F8000FFFFFFFFFFFFFFFFFFFFFFFFFFFFFFFFF1
:108F9000FFFFFFFFFFFFFFFFFFFFFFFFFFFFFFFFE1
:108FA000000049DBDBDBDBDBDBDBFFFFFFFFFFFF81
:108FB000FFFFFFFFFFFFFFFF240049FFFFFFFFFF51
:108FC000FFFFFFFFFFFFFFFFFFFFFFFFFFFFFFFFB1
:108FD000FFFFFFFFFFFFFFFFFFFFFFFFFFFFFFFFA1
:108FE00000000024242424242424496D92DBFFFF64
:108FF000FFFFFFFFFFFFFFFF240049FFFFFFFFFF11
:10900000FFFFFFFFFFFFFFFFFFFFFFFFFFFFFFFF70
:10901000FFFFFFFFFFFFFFFFFFFFFFFFFFFFFFFF60
:10902000000000000000000000000000244992DB66
:10903000FFFFFFFFFFFFFFFF240049FFFFFFFFFFD0
:10904000FFFFFFFFFFFFFFFFFFFFFFFFFFFFFFFF30
:10905000FFFFFFFFFFFFFFFFFFFFFFFFFFFFFFFF20
:109060000000002424242424242424000000004997
:10907000B6FFFFFFFFFFFFFF240049FFFFFFFFFFD9
:10908000FFFFFFFFFFFFFFFFFFFFFFFFFFFFFFFFF0
:10909000FFFFFFFFFFFFFFFFFFFFFFFFFFFFFFFFE0
:1090A000000049FFFFFFFFFFFFDBB66D2424000037
:1090B00024B6FFFFFFFFFFFF240049FFFFFFFFFF74
:1090C000FFFFFFFFFFFFFFFFFFFFFFFFFFFFFFFFB0
:1090D000FFFFFFFFFFFFFFFFFFFFFFFFFFFFFFFFA0
:1090E00000006DFFFFFFFFFFFFFFFFFFDB92490066
:1090F000002492FFFFFFFFFF240049FFFFFFFFFF57
:10910000FFFFFFFFFFFFFFFFFFFFFFFFFFFFFFFF6F
:10911000FFFFFFFFFFFFFFFFFFFFFFFFFFFFFFFF5F
:1091200000006DFFFFFFFFFFFFFFFFFFFFFFDB6D95
:10913000240024B6FFFFFFFF240049FFFFFFFFFFCD
:10914000FFFFFFFFFFFFFFFFFFFFFFFFFFFFFFFF2F
:10915000FFFFFFFFFFFFFFFFFFFFFFFFFFFFFFFF1F
:1091600000006DFFFFFFFFFFFFFFFFFFFFFFFFFF9F
:109170006D000024DBFFFFFF240049FFFFFFFFFF1E
:10918000FFFFFFFFFFFFFFFFFFFFFFFFFFFFFFFFEF
:10919000FFFFFFFFFFFFFFFFFFFFFFFFFFFFFFFFDF
:1091A00000006DFFFFFFFFFFFFFFFFFFFFFFFFFF5F
:1091B000FF49000049FFFFFF240049FFFFFFFFFFB9
:1091C000FFFFFFFFFFFFFFFFFFFFFFFFFFFFFFFFAF
:1091D000FFFFFFFFFFFFFFFFFFFFFFFFFFFFFFFF9F
:1091E00000006DFFFFFFFFFFFFFFFFFFFFFFFFFF1F
:1091F000FFDB490000B6FFFF240049FFFFFFFFFF30
:10920000FFFFFFFFFFFFFFFFFFFFFFFFFFFFFFFF6E
:10921000FFFFFFFFFFFFFFFFFFFFFFFFFFFFFFFF5E
:1092200000006DFFFFFFFFFFFFFFFFFFFFFFFFFFDE
:10923000FFFFB6240049FFFF240049FFFFFFFFFFA7
:10924000FFFFFFFFFFFFFFFFFFFFFFFFFFFFFFFF2E
:10925000FFFFFFFFFFFFFFFFFFFFFFFFFFFFFFFF1E
:1092600000006DFFFFFFFFFFFFFFFFFFFFFFFFFF9E
:10927000FFFFFF490000B6FF240049FFFFFFFFFF8B
:10928000FFFFFFFFFFFFFFFFFFFFFFFFFFFFFFFFEE
:10929000FFFFFFFFFFFFFFFFFFFFFFFFFFFFFFFFDE
:1092A00000006DFFFFFFFFFFFFFFFFFFFFFFFFFF5E
:1092B000FFFFFFB600006DFF240049FFFFFFFFFF27
:1092C000FFFFFFFFFFFFFFFFFFFFFFFFFFFFFFFFAE
:1092D000FFFFFFFFFFFFFFFFFFFFFFFFFFFFFFFF9E
:1092E00000006DFFFFFFFFFFFFFFFFFFFFFFFFFF1E
:1092F000FFFFFFFF490024DB240049FFFFFFFFFFC2
:10930000FFFFFFFFFFFFFFFFFFFFFFFFFFFFFFFF6D
:10931000FFFFFFFFFFFFFFFFFFFFFFFFFFFFFFFF5D
:1093200000006DFFFFFFFFFFFFFFFFFFFFFFFFFFDD
:10933000FFFFFFFFB60000DB240049FFFFFFFFFF38
:10934000FFFFFFFFFFFFFFFFFFFFFFFFFFFFFFB676
:1093500049496DFFFFFFFFFFFFFFFFFFFFFFFFFF1B
:1093600000006DFFFFFFFFFFFFFFFFFFFFFFFFFF9D
:10937000FFFFFFFFDB000092240049FFFFFFFFFF1C
:10938000FFFFFFFFFFFFFFFFFFFFFFFFFFFFB62411
:1093900000000049DBFFFFFFFFFFFFFFFFFFFFFFB4
:1093A00000006DFFFFFFFFFFFFFFFFFFFFFFFFFF5D
:1093B000FFFFFFFFDB24006D240049FFFFFFFFFFDD
:1093C000FFFFFFFFFFFFFFFFFFFFFFFFFFDB2400AB
:1093D000000000006DFFFFFFFFFFFFFFFFFFFFFF2B
:1093E00000006DFFFFFFFFFFFFFFFFFFFFFFFFFF1D
:1093F000FFFFFFFFFF490049240049FFFFFFFFFF78
:10940000FFFFFFFFFFDB926D6D6D6D6D92490000F8
:109410004992240024DBFFFFFFFFFFFFFFFFFFFF58
:1094200000006DFFFFFFFFFFFFFFFFFFFFFFFFFFDC
:10943000FFFFFFFFFF490024240049FFFFFFFFFF5C
:10944000FFFFFFFFFF6D00000000000000000000B4
:10945000FFFFB60000DBFFFFFFFFFFFFFFFFFFFF87
:1094600000006DFFFFFFFFFFFFFFFFFFFFFFFFFF9C
:10947000FFFFFFFFFF490024240049FFFFFFFFFF1C
:10948000FFFFFFFFFF6D0000000000000000000074
:10949000DBFFB60000DBFFFFFFFFFFFFFFFFFFFF6B
:1094A00000006DFFFFFFFFFFFFFFFFFFFFFFFFFF5C
:1094B000FFFFFFFFFF490024240049FFFFFFFFFFDC
:1094C000FFFFFFFFFFDB926D6D6D6D6D6D4900005D
:1094D0004992240024DBFFFFFFFFFFFFFFFFFFFF98
:1094E00000006DFFFFFFFFFFFFFFFFFFFFFFFFFF1C
:1094F000FFFFFFFFFF490024240049FFFFFFFFFF9C
:10950000FFFFFFFFFFFFFFFFFFFFFFFFFFDB240069
:10951000000000006DFFFFFFFFFFFFFFFFFFFFFFE9
:1095200000006DFFFFFFFFFFFFFFFFFFFFFFFFFFDB
:10953000FFFFFFFFFF490049240049FFFFFFFFFF36
:10954000FFFFFFFFFFFFFFFFFFFFFFFFFFFFB6244F
:1095500000000049DBFFFFFFFFFFFFFFFFFFFFFFF2
:1095600000006DFFFFFFFFFFFFFFFFFFFFFFFFFF9B
:10957000FFFFFFFFDB24006D240049FFFFFFFFFF1B
:10958000FFFFFFFFFFFFFFFFFFFFFFFFFFFFFFB634
:1095900049496DDBFFFFFFFFFFFFFFFFFFFFFFFFFD
:1095A00000006DFFFFFFFFFFFFFFFFFFFFFFFFFF5B
:1095B000FFFFFFFFDB000092240049FFFFFFFFFFDA
:1095C000FFFFFFFFFFFFFFFFFFFFFFFFFFFFFFFFAB
:1095D000FFFFFFFFFFFFFFFFFFFFFFFFFFFFFFFF9B
:1095E00000006DFFFFFFFFFFFFFFFFFFFFFFFFFF1B
:1095F000FFFFFFFFB60000DB240049FFFFFFFFFF76
:10960000FFFFFFFFFFFFFFFFFFFFFFFFFFFFFFFF6A
:10961000FFFFFFFFFFFFFFFFFFFFFFFFFFFFFFFF5A
:1096200000006DFFFFFFFFFFFFFFFFFFFFFFFFFFDA
:10963000FFFFFFFF490024DB240049FFFFFFFFFF7E
:10964000FFFFFFFFFFFFFFFFFFFFFFFFFFFFFFFF2A
:10965000FFFFFFFFFFFFFFFFFFFFFFFFFFFFFFFF1A
:1096600000006DFFFFFFFFFFFFFFFFFFFFFFFFFF9A
:10967000FFFFFFB600006DFF240049FFFFFFFFFF63
:10968000FFFFFFFFFFFFFFFFFFFFFFFFFFFFFFFFEA
:10969000FFFFFFFFFFFFFFFFFFFFFFFFFFFFFFFFDA
:1096A00000006DFFFFFFFFFFFFFFFFFFFFFFFFFF5A
:1096B000FFFFFF490000B6FF240049FFFFFFFFFF47
:1096C000FFFFFFFFFFFFFFFFFFFFFFFFFFFFFFFFAA
:1096D000FFFFFFFFFFFFFFFFFFFFFFFFFFFFFFFF9A
:1096E00000006DFFFFFFFFFFFFFFFFFFFFFFFFFF1A
:1096F000FFFFB6240049FFFF240049FFFFFFFFFFE3
:10970000FFFFFFFFFFFFFFFFFFFFFFFFFFFFFFFF69
:10971000FFFFFFFFFFFFFFFFFFFFFFFFFFFFFFFF59
:1097200000006DFFFFFFFFFFFFFFFFFFFFFFFFFFD9
:10973000FFDB490000B6FFFF240049FFFFFFFFFFEA
:10974000FFFFFFFFFFFFFFFFFFFFFFFFFFFFFFFF29
:10975000FFFFFFFFFFFFFFFFFFFFFFFFFFFFFFFF19
:1097600000006DFFFFFFFFFFFFFFFFFFFFFFFFFF99
:10977000FF49000049FFFFFF240049FFFFFFFFFFF3
:10978000FFFFFFFFFFFFFFFFFFFFFFFFFFFFFFFFE9
:10979000FFFFFFFFFFFFFFFFFFFFFFFFFFFFFFFFD9
:1097A00000006DFFFFFFFFFFFFFFFFFFFFFFFFFF59
:1097B0006D000024DBFFFFFF240049FFFFFFFFFFD8
:1097C000FFFFFFFFFFFFFFFFFFFFFFFFFFFFFFFFA9
:1097D000FFFFFFFFFFFFFFFFFFFFFFFFFFFFFFFF99
:1097E00000006DFFFFFFFFFFFFFFFFFFFFFFDB6DCF
:1097F000240024B6FFFFFFFF240049FFFFFFFFFF07
:10980000FFFFFFFFFFFFFFFFFFFFFFFFFFFFFFFF68
:10981000FFFFFFFFFFFFFFFFFFFFFFFFFFFFFFFF58
:1098200000006DFFFFFFFFFFFFFFFFFFDB9249001E
:10983000002492FFFFFFFFFF240049FFFFFFFFFF0F
:10984000FFFFFFFFFFFFFFFFFFFFFFFFFFFFFFFF28
:10985000FFFFFFFFFFFFFFFFFFFFFFFFFFFFFFFF18
:10986000000049FFFFFFFFFFFFDBB66D242400006F
:1098700024B6FFFFFFFFFFFF240049FFFFFFFFFFAC
:10988000FFFFFFFFFFFFFFFFFFFFFFFFFFFFFFFFE8
:10989000FFFFFFFFFFFFFFFFFFFFFFFFFFFFFFFFD8
:1098A000000000242424242424242400000000494F
:1098B000B6FFFFFFFFFFFFFF240049FFFFFFFFFF91
:1098C000FFFFFFFFFFFFFFFFFFFFFFFFFFFFFFFFA8
:1098D000FFFFFFFFFFFFFFFFFFFFFFFFFFFFFFFF98
:1098E000000000000000000000000000244992DB9E
:1098F000FFFFFFFFFFFFFFFF240049FFFFFFFFFF08
:10990000FFFFFFFFFFFFFFFFFFFFFFFFFFFFFFFF67
:10991000FFFFFFFFFFFFFFFFFFFFFFFFFFFFFFFF57
:1099200000000024242424242424496D92DBFFFF1A
:10993000FFFFFFFFFFFFFFFF240049FFFFFFFFFFC7
:10994000FFFFFFFFFFFFFFFFFFFFFFFFFFFFFFFF27
:10995000FFFFFFFFFFFFFFFFFFFFFFFFFFFFFFFF17
:10996000000049DBDBDBDBDBDBDBFFFFFFFFFFFFB7
:10997000FFFFFFFFFFFFFFFF240049FFFFFFFFFF87
:10998000FFFFFFFFFFFFFFFFFFFFFFFFFFFFFFFFE7
:10999000FFFFFFFFFFFFFFFFFFFFFFFFFFFFFFFFD7
:1099A00000006DFFFFFFFFFFFFFFFFFFFFFFFFFF57
:1099B000FFFFFFFFFFFFFFFF240049FFFFFFFFFF47
:1099C000FFFFFFFFFFFFFFFFFFFFFFFFFFFFFFFFA7
:1099D000FFFFFFFFFFFFFFFFFFFFFFFFFFFFFFFF97
:1099E00000006DFFFFFFFFFFFFFFFFFFFFFFFFFF17
:1099F000FFFFFFFFFFFFFFFF240049FFFFFFFFFF07
:109A0000FFFFFFFFFFFFFFFFFFFFFFFFFFFFFFFF66
:109A1000FFFFFFFFFFFFFFFFFFFFFFFFFFFFFFFF56
:109A200000006DFFFFFFFFFFFFFFFFFFFFFFFFFFD6
:109A3000FFFFFFFFFFFFFFFF240049FFFFFFFFFFC6
:109A4000FFFFFFFFFFFFFFFFFFFFFFFFFFFFFFFF26
:109A5000FFFFFFFFFFFFFFFFFFFFFFFFFFFFFFFF16
:109A600000006DFFFFFFFFFFFFFFFFFFFFFFFFFF96
:109A7000FFFFFFFFFFFFFFFF240049FFFFFFFFFF86
:109A8000FFFFFFFFFFFFFFFFFFFFFFFFFFFFFFFFE6
:109A9000FFFFFFFFFFFFFFFFFFFFFFFFFFFFFFFFD6
:109AA00000006DFFFFFFFFFFFFFFFFFFFFFFFFFF56
:109AB000FFFFFFFFFFFFFFFF240049FFFFFFFFFF46
:109AC000FFFFFFFFFFFFFFFFFFFFFFFFFFFFFFFFA6
:109AD000FFFFFFFFFFFFFFFFFFFFFFFFFFFFFFFF96
:109AE00000006DFFFFFFFFFFFFFFFFFFFFFFFFFF16
:109AF000FFFFFFFFFFFFFFFF240049FFFFFFFFFF06
:109B0000FFFFFFFFFFFFFFFFFFFFFFFFFFFFFFFF65
:109B1000FFFFFFFFFFFFFFFFFFFFFFFFFFFFFFFF55
:109B200000006DFFFFFFFFFFFFFFFFFFFFFFFFFFD5
:109B3000FFFFFFFFFFFFFFFF240049FFFFFFFFFFC5
:109B4000FFFFFFFFFFFFFFFFFFFFFFFFFFFFFFFF25
:109B5000FFFFFFFFFFFFFFFFFFFFFFFFFFFFFFFF15
:109B600000006DFFFFFFFFFFFFFFFFFFFFFFFFFF95
:109B7000FFFFFFFFFFFFFFFF490024B6DBDBDBDB5E
:109B8000DBDBDBDBDBDBDBDBDBDBDBDBDBDBDBDB25
:109B9000DBDBDBDBDBDBDBDBDBDBDBDBDBDBDB6D83
:109BA000000092FFFFFFFFFFFFFFFFFFFFFFFFFF30
:109BB000FFFFFFFFFFFFFFFFB60000242424242443
:109BC0002424242424242424242424242424242455
:109BD0002424242424242424242424242424242445
:109BE0000024DBFFFFFFFFFFFFFFFFFFFFFFFFFF83
:109BF000FFFFFFFFFFFFFFFFFF4900000000000025
:109C00000000000000000000000000000000000054
:109C10000000000000000000000000000000000044
:109C20002492FFFFFFFFFFFFFFFFFFFFFFFFFFFF8C
:109C3000FFFFFFFFFFFFFFFFFFDB6D242424242431
:109C400024242424242424242424242424242424D4
:109C5000242424242424242424242424242424499F
:109C600092FFFFFFFFFFFFFFFFFFFFFFFFFFFFFF71
:109C7000FFFFFFFFFFFFFFFFFFFF922424242424A8
:109C80002424242424242424242424242424242494
:109C9000242424242424242424242424242424495F
:109CA000B6FFFFFFFFFFFFFFFFFFFFFFFFFFFFFF0D
:109CB000FFFFFFFFFFFFFFFFFF4900000000000064
:109CC0000000000000000000000000000000000094
:109CD0000000000000000000000000000000000084
:109CE0002492FFFFFFFFFFFFFFFFFFFFFFFFFFFFCC
:109CF000FFFFFFFFFFFFFFFFB60000242424242402
:109D00002424242424242424242424242424242413
:109D10002424242424242424242424242424242403
:109D20000024DBFFFFFFFFFFFFFFFFFFFFFFFFFF41
:109D3000FFFFFFFFFFFFFFFF6D0024B6DBDBDBDB78
:109D4000DBDBDBDBDBDBDBDBDBDBDBDBDBDBDBDB63
:109D5000DBDBDBDBDBDBDBDBDBDBDBDBDBDBDB6DC1
:109D6000000092FFFFFFFFFFFFFFFFFFFFFFFFFF6E
:109D7000FFFFFFFFFFFFFFFF240049FFFFFFFFFF83
:109D8000FFFFFFFFFFFFFFFFFFFFFFFFFFFFFFFFE3
:109D9000FFFFFFFFFFFFFFFFFFFFFFFFFFFFFFFFD3
:109DA00000006DFFFFFFFFFFFFFFFFFFFFFFFFFF53
:109DB000FFFFFFFFFFFFFFFF240049FFFFFFFFFF43
:109DC000FFFFFFFFFFFFFFFFFFFFFFFFFFFFFFFFA3
:109DD000FFFFFFFFFFFFFFFFFFFFFFFFFFFFFFFF93
:109DE00000006DFFFFFFFFFFFFFFFFFFFFFFFFFF13
:109DF000FFFFFFFFFFFFFFFF240049FFFFFFFFFF03
:109E0000FFFFFFFFFFFFFFFFFFFFFFFFFFFFFFFF62
:109E1000FFFFFFFFFFFFFFFFFFFFFFFFFFFFFFFF52
:109E200000006DFFFFFFFFFFFFFFFFFFFFFFFFFFD2
:109E3000FFFFFFFFFFFFFFFF240049FFFFFFFFFFC2
:109E4000FFFFFFFFFFFFFFFFFFFFFFFFFFFFFFFF22
:109E5000FFFFFFFFFFFFFFFFFFFFFFFFFFFFFFFF12
:109E600000006DFFFFFFFFFFFFFFFFFFFFFFFFFF92
:109E7000FFFFFFFFFFFFFFFF240049FFFFFFFFFF82
:109E8000FFFFFFFFFFFFFFFFFFFFFFFFFFFFFFFFE2
:109E9000FFFFFFFFFFFFFFFFFFFFFFFFFFFFFFFFD2
:109EA00000006DFFFFFFFFFFFFFFFFFFFFFFFFFF52
:109EB000FFFFFFFFFFFFFFFF240049FFFFFFFFFF42
:109EC000FFFFFFFFFFFFFFFFFFFFFFFFFFFFFFFFA2
:109ED000FFFFFFFFFFFFFFFFFFFFFFFFFFFFFFFF92
:109EE00000006DFFFFFFFFFFFFFFFFFFFFFFFFFF12
:109EF000FFFFFFFFFFFFFFFF240049FFFFFFFFFF02
:109F0000FFFFFFFFFFFFFFFFFFFFFFFFFFFFFFFF61
:109F1000FFFFFFFFFFFFFFFFFFFFFFFFFFFFFFFF51
:109F200000006DFFFFFFFFFFFFFFFFFFFFFFFFFFD1
:109F3000FFFFFFFFFFFFFFFF240049FFFFFFFFFFC1
:109F4000FFFFFFFFFFFFFFFFFFFFFFFFFFFFFFFF21
:109F5000FFFFFFFFFFFFFFFFFFFFFFFFFFFFFFFF11
:109F600000006DFFFFFFFFFFFFFFFFFFFFFFFFFF91
:109F7000FFFFFFFFFFFFFFFF240049FFFFFFFFFF81
:109F8000FFFFFFFFFFFFFFFFFFFFFFFFFFFFFFFFE1
:109F9000FFFFFFFFFFFFFFFFFFFFFFFFFFFFFFFFD1
:109FA00000006DFFFFDBDBDBDBDBFFFFFFFFFFFF05
:109FB000FFFFFFFFFFFFFFFF240049FFFFFFFFFF41
:109FC000FFFFFFFFFFFFFFFFFFFFFFFFFFFFFFFFA1
:109FD000FFFFFFFFFFFFFFFFFFFFFFFFFFFFFFFF91
:109FE000000049926D4924242424496DB6FFFFFFE7
:109FF000FFFFFFFFFFFFFFFF240049FFFFFFFFFF01
:10A00000FFFFFFFFFFFFFFFFFFFFFFFFFFFFFFFF60
:10A01000FFFFFFFFFFFFFFFFFFFFFFFFFFFFFFFF50
:10A020000000000000000000000000002449B6FF0E
:10A03000FFFFFFFFFFFFFFFF240049FFFFFFFFFFC0
:10A04000FFFFFFFFFFFFFFFFFFFFFFFFFFFFFFFF20
:10A05000FFFFFFFFFFFFFFFFFFFFFFFFFFFFFFFF10
:10A060000000000024242424242424000000246D63
:10A07000DBFFFFFFFFFFFFFF240049FFFFFFFFFFA4
:10A08000FFFFFFFFFFFFFFFFFFFFFFFFFFFFFFFFE0
:10A09000FFFFFFFFFFFFFFFFFFFFFFFFFFFFFFDBF4
:10A0A0000000244992B6DBFFFFDB92492400000048
:10A0B00049DBFFFFFFFFFFFF240049FFFFFFFFFF1A
:10A0C000FFFFFFFFFFFFFFFFFFFFFFFFFFFFFFFFA0
:10A0D000FFFFFFFFFFFFFFFFFFFFFFFFFFFFFFFF90
:10A0E000000049FFFFFFFFFFFFFFFFFFDB6D2400C4
:10A0F0000049DBFFFFFFFFFF240049FFFFFFFFFFD9
:10A10000FFFFFFFFFFFFFFFFFFFFFFFFFFFFFFFF5F
:10A11000FFFFFFFFFFFFFFFFFFFFFFFFFFFFFFFF4F
:10A1200000006DFFFFFFFFFFFFFFFFFFFFFFB649CE
:10A13000000049DBFFFFFFFF240049FFFFFFFFFF97
:10A14000FFFFFFFFFFFFFFFFFFFFFFFFFFFFFFFF1F
:10A15000FFFFFFFFFFFFFFFFFFFFFFFFFFFFFFFF0F
:10A1600000006DFFFFFFFFFFFFFFFFFFFFFFFFDBB3
:10A170002400006DFFFFFFFF240049FFFFFFFFFFEA
:10A18000FFFFFFFFFFFFFFFFFFFFFFFFFFFFFFFFDF
:10A19000FFFFFFFFFFFFFFFFFFFFFFFFFFFFFFFFCF
:10A1A00000006DFFFFFFFFFFFFFFFFFFFFFFFFFF4F
:10A1B000DB24000092FFFFFF240049FFFFFFFFFFA9
:10A1C000FFFFFFFFFFFFFFFFFFFFFFFFFFFFFFFF9F
:10A1D000FFFFFFFFFFFFFFFFFFFFFFFFFFFFFFFF8F
:10A1E00000006DFFFFFFFFFFFFFFFFFFFFFFFFFF0F
:10A1F000FFB6240024FFFFFF240049FFFFFFFFFFFD
:10A20000FFFFFFFFFFFFFFFFFFFFFFFFFFFFFFFF5E
:10A21000FFFFFFFFFFFFFFFFFFFFFFFFFFFFFFFF4E
:10A2200000006DFFFFFFFFFFFFFFFFFFFFFFFFFFCE
:10A23000FFFF6D000092FFFF240049FFFFFFFFFFBB
:10A24000FFFFFFFFFFFFFFFFFFFFFFFFFFFFFFFF1E
:10A25000FFFFFFFFFFFFFFFFFFFFFFFFFFFFFFFF0E
:10A2600000006DFFFFFFFFFFFFFFFFFFFFFFFFFF8E
:10A27000FFFFDB240049FFFF240049FFFFFFFFFF32
:10A28000FFFFFFFFFFFFFFFFFFFFFFFFFFFFFFFFDE
:10A29000FFFFFFFFFFFFFFFFFFFFFFFFFFFFFFFFCE
:10A2A00000006DFFFFFFFFFFFFFFFFFFFFFFFFFF4E
:10A2B000FFFFFF6D0000B6FF240049FFFFFFFFFF17
:10A2C000FFFFFFFFFFFFFFFFFFFFFFFFFFFFFFFF9E
:10A2D000FFFFFFFFFFFFFFFFFFFFFFFFFFFFFFFF8E
:10A2E00000006DFFFFFFFFFFFFFFFFFFFFFFFFFF0E
:10A2F000FFFFFFB600006DFF240049FFFFFFFFFFD7
:10A30000FFFFFFFFFFFFFFFFFFFFFFFFFFFFFFFF5D
:10A31000FFFFFFFFFFFFFFFFFFFFFFFFFFFFFFFF4D
:10A3200000006DFFFFFFFFFFFFFFFFFFFFFFFFFFCD
:10A33000FFFFFFFF240049FF240049FFFFFFFFFF4D
:10A34000FFFFFFFFFFFFFFFFFFFFFFFFFFFFFFB666
:10A35000494992FFFFFFFFFFFFFFFFFFFFFFFFFFE6
:10A3600000006DFFFFFFFFFFFFFFFFFFFFFFFFFF8D
:10A37000FFFFFFFF920024DB240049FFFFFFFFFFE8
:10A38000FFFFFFFFFFFFFFFFFFFFFFFFFFFF922425
:10A3900000000049FFFFFFFFFFFFFFFFFFFFFFFF80
:10A3A00000006DFFFFFFFFFFFFFFFFFFFFFFFFFF4D
:10A3B000FFFFFFFFB60000DB240049FFFFFFFFFFA8
:10A3C000FFFFFFFFFFFFFFFFFFFFFFFFFFDB24009B
:10A3D0000000000092FFFFFFFFFFFFFFFFFFFFFFF6
:10A3E00000006DFFFFFFFFFFFFFFFFFFFFFFFFFF0D
:10A3F000FFFFFFFFDB0000B6240049FFFFFFFFFF68
:10A40000FFFFFFFFFFDB926D6D6D6D6D92490000E8
:10A410006D92240049FFFFFFFFFFFFFFFFFFFFFFDB
:10A4200000006DFFFFFFFFFFFFFFFFFFFFFFFFFFCC
:10A43000FFFFFFFFDB240092240049FFFFFFFFFF27
:10A44000FFFFFFFFFF6D00000000000000000000A4
:10A45000FFFF920024DBFFFFFFFFFFFFFFFFFFFF77
:10A4600000006DFFFFFFFFFFFFFFFFFFFFFFFFFF8C
:10A47000FFFFFFFFDB240092240049FFFFFFFFFFE7
:10A48000FFFFFFFFFF6D0000000000000000000064
:10A49000FFFF920024DBFFFFFFFFFFFFFFFFFFFF37
:10A4A00000006DFFFFFFFFFFFFFFFFFFFFFFFFFF4C
:10A4B000FFFFFFFFDB240092240049FFFFFFFFFFA7
:10A4C000FFFFFFFFFFDB926D6D6D6D6D6D4900004D
:10A4D0006D92240049FFFFFFFFFFFFFFFFFFFFFF1B
:10A4E00000006DFFFFFFFFFFFFFFFFFFFFFFFFFF0C
:10A4F000FFFFFFFFDB240092240049FFFFFFFFFF67
:10A50000FFFFFFFFFFFFFFFFFFFFFFFFFFDB240059
:10A510000000000092FFFFFFFFFFFFFFFFFFFFFFB4
:10A5200000006DFFFFFFFFFFFFFFFFFFFFFFFFFFCB
:10A53000FFFFFFFFDB0000B6240049FFFFFFFFFF26
:10A54000FFFFFFFFFFFFFFFFFFFFFFFFFFFF922463
:10A5500000000049FFFFFFFFFFFFFFFFFFFFFFFFBE
:10A5600000006DFFFFFFFFFFFFFFFFFFFFFFFFFF8B
:10A57000FFFFFFFFB60000DB240049FFFFFFFFFFE6
:10A58000FFFFFFFFFFFFFFFFFFFFFFFFFFFFFFB624
:10A59000494992FFFFFFFFFFFFFFFFFFFFFFFFFFA4
:10A5A00000006DFFFFFFFFFFFFFFFFFFFFFFFFFF4B
:10A5B000FFFFFFFF920024DB240049FFFFFFFFFFA6
:10A5C000FFFFFFFFFFFFFFFFFFFFFFFFFFFFFFFF9B
:10A5D000FFFFFFFFFFFFFFFFFFFFFFFFFFFFFFFF8B
:10A5E00000006DFFFFFFFFFFFFFFFFFFFFFFFFFF0B
:10A5F000FFFFFFFF240049FF240049FFFFFFFFFF8B
:10A60000FFFFFFFFFFFFFFFFFFFFFFFFFFFFFFFF5A
:10A61000FFFFFFFFFFFFFFFFFFFFFFFFFFFFFFFF4A
:10A6200000006DFFFFFFFFFFFFFFFFFFFFFFFFFFCA
:10A63000FFFFFFDB00006DFF240049FFFFFFFFFF6E
:10A64000FFFFFFFFFFFFFFFFFFFFFFFFFFFFFFFF1A
:10A65000FFFFFFFFFFFFFFFFFFFFFFFFFFFFFFFF0A
:10A6600000006DFFFFFFFFFFFFFFFFFFFFFFFFFF8A
:10A67000FFFFFF6D0000B6FF240049FFFFFFFFFF53
:10A68000FFFFFFFFFFFFFFFFFFFFFFFFFFFFFFFFDA
:10A69000FFFFFFFFFFFFFFFFFFFFFFFFFFFFFFFFCA
:10A6A00000006DFFFFFFFFFFFFFFFFFFFFFFFFFF4A
:10A6B000FFFFDB240049FFFF240049FFFFFFFFFFEE
:10A6C000FFFFFFFFFFFFFFFFFFFFFFFFFFFFFFFF9A
:10A6D000FFFFFFFFFFFFFFFFFFFFFFFFFFFFFFFF8A
:10A6E00000006DFFFFFFFFFFFFFFFFFFFFFFFFFF0A
:10A6F000FFFF6D000092FFFF240049FFFFFFFFFFF7
:10A70000FFFFFFFFFFFFFFFFFFFFFFFFFFFFFFFF59
:10A71000FFFFFFFFFFFFFFFFFFFFFFFFFFFFFFFF49
:10A7200000006DFFFFFFFFFFFFFFFFFFFFFFFFFFC9
:10A73000FFB6240024FFFFFF240049FFFFFFFFFFB7
:10A74000FFFFFFFFFFFFFFFFFFFFFFFFFFFFFFFF19
:10A75000FFFFFFFFFFFFFFFFFFFFFFFFFFFFFFFF09
:10A7600000006DFFFFFFFFFFFFFFFFFFFFFFFFFF89
:10A77000DB24000092FFFFFF240049FFFFFFFFFFE3
:10A78000FFFFFFFFFFFFFFFFFFFFFFFFFFFFFFFFD9
:10A79000FFFFFFFFFFFFFFFFFFFFFFFFFFFFFFFFC9
:10A7A00000006DFFFFFFFFFFFFFFFFFFFFFFFFDB6D
:10A7B00049000049FFFFFFFF240049FFFFFFFFFFA3
:10A7C000FFFFFFFFFFFFFFFFFFFFFFFFFFFFFFFF99
:10A7D000FFFFFFFFFFFFFFFFFFFFFFFFFFFFFFFF89
:10A7E00000006DFFFFFFFFFFFFFFFFFFFFFFB64908
:10A7F000000049DBFFFFFFFF240049FFFFFFFFFFD1
:10A80000FFFFFFFFFFFFFFFFFFFFFFFFFFFFFFFF58
:10A81000FFFFFFFFFFFFFFFFFFFFFFFFFFFFFFFF48
:10A8200000006DFFFFFFFFFFFFFFFFFFDB6D240058
:10A830000049DBFFFFFFFFFF240049FFFFFFFFFF91
:10A84000FFFFFFFFFFFFFFFFFFFFFFFFFFFFFFFF18
:10A85000FFFFFFFFFFFFFFFFFFFFFFFFFFFFFFFF08
:10A8600000006DFFFFFFFFFFFFFFDB6D2400000016
:10A8700024DBFFFFFFFFFFFF240049FFFFFFFFFF77
:10A88000FFFFFFFFFFFFFFFFFFFFFFFFFFFFFFFFD8
:10A89000FFFFFFFFFFFFFFFFFFFFFFFFFFFFFFFFC8
:10A8A00000006DFFFFFFFFFFFF9224000000246DFA
:10A8B000DBFFFFFFFFFFFFFF240049FFFFFFFFFF5C
:10A8C000FFFFFFFFFFFFFFFFFFFFFFFFFFFFFFFF98
:10A8D000FFFFFFFFFFFFFFFFFFFFFFFFFFFFFFFF88
:10A8E00000006DFFFFFFFFFFFF4900002449B6FF96
:10A8F000FFFFFFFFFFFFFFFF240049FFFFFFFFFFF8
:10A90000FFFFFFFFFFFFFFFFFFFFFFFFFFFFFFFF57
:10A91000FFFFFFFFFFFFFFFFFFFFFFFFFFFFFFFF47
:10A9200000006DFFFFFFFFFFFF6D246DB6DBFFFF33
:10A93000FFFFFFFFFFFFFFFF240049FFFFFFFFFFB7
:10A94000FFFFFFFFFFFFFFFFFFFFFFFFFFFFFFFF17
:10A95000FFFFFFFFFFFFFFFFFFFFFFFFFFFFFFFF07
:10A9600000006DFFFFFFFFFFFFFFDBFFFFFFFFFFAB
:10A97000FFFFFFFFFFFFFFFF240049FFFFFFFFFF77
:10A98000FFFFFFFFFFFFFFFFFFFFFFFFFFFFFFFFD7
:10A99000FFFFFFFFFFFFFFFFFFFFFFFFFFFFFFFFC7
:10A9A00000006DFFFFFFFFFFFFFFFFFFFFFFFFFF47
:10A9B000FFFFFFFFFFFFFFFF240049FFFFFFFFFF37
:10A9C000FFFFFFFFFFFFFFFFFFFFFFFFFFFFFFFF97
:10A9D000FFFFFFFFFFFFFFFFFFFFFFFFFFFFFFFF87
:10A9E00000006DFFFFFFFFFFFFFFFFFFFFFFFFFF07
:10A9F000FFFFFFFFFFFFFFFF240049FFFFFFFFFFF7
:10AA0000FFFFFFFFFFFFFFFFFFFFFFFFFFFFFFFF56
:10AA1000FFFFFFFFFFFFFFFFFFFFFFFFFFFFFFFF46
:10AA200000006DFFFFFFFFFFFFFFFFFFFFFFFFFFC6
:10AA3000FFFFFFFFFFFFFFFF240049FFFFFFFFFFB6
:10AA4000FFFFFFFFFFFFFFFFFFFFFFFFFFFFFFFF16
:10AA5000FFFFFFFFFFFFFFFFFFFFFFFFFFFFFFFF06
:10AA600000006DFFFFFFFFFFFFFFFFFFFFFFFFFF86
:10AA7000FFFFFFFFFFFFFFFF240049FFFFFFFFFF76
:10AA8000FFFFFFFFFFFFFFFFFFFFFFFFFFFFFFFFD6
:10AA9000FFFFFFFFFFFFFFFFFFFFFFFFFFFFFFFFC6
:10AAA00000006DFFFFFFFFFFFFFFFFFFFFFFFFFF46
:10AAB000FFFFFFFFFFFFFFFF240049FFFFFFFFFF36
:10AAC000FFFFFFFFFFFFFFFFFFFFFFFFFFFFFFFF96
:10AAD000FFFFFFFFFFFFFFFFFFFFFFFFFFFFFFFF86
:10AAE00000006DFFFFFFFFFFFFFFFFFFFFFFFFFF06
:10AAF000FFFFFFFFFFFFFFFF240049FFFFFFFFFFF6
:10AB0000FFFFFFFFFFFFFFFFFFFFFFFFFFFFFFFF55
:10AB1000FFFFFFFFFFFFFFFFFFFFFFFFFFFFFFFF45
:10AB200000006DFFFFFFFFFFFFFFFFFFFFFFFFFFC5
:10AB3000FFFFFFFFFFFFFFFF240049FFFFFFFFFFB5
:10AB4000FFFFFFFFFFFFFFFFFFFFFFFFFFFFFFFF15
:10AB5000FFFFFFFFFFFFFFFFFFFFFFFFFFFFFFFF05
:10AB600000006DFFFFFFFFFFFFFFFFFFFFFFFFFF85
:10AB7000FFFFFFFFFFFFFFFF6D0024B6DBDBDBDB2A
:10AB8000DBDBDBDBDBDBDBDBDBDBDBDBDBDBDBDB15
:10AB9000DBDBDBDBDBDBDBDBDBDBDBDBDBDBDB6D73
:10ABA000000092FFFFFFFFFFFFFFFFFFFFFFFFFF20
:10ABB000FFFFFFFFFFFFFFFFB60000242424242433
:10ABC0002424242424242424242424242424242445
:10ABD0002424242424242424242424242424242435
:10ABE0000024DBFFFFFFFFFFFFFFFFFFFFFFFFFF73
:10ABF000FFFFFFFFFFFFFFFFFF4900000000000015
:10AC00000000000000000000000000000000000044
:10AC10000000000000000000000000000000000034
:10AC20002492FFFFFFFFFFFFFFFFFFFFFFFFFFFF7C
:10AC3000FFFFFFFFFFFFFFFFFFFF922424242424D8
:10AC400024242424242424242424242424242424C4
:10AC5000242424242424242424242424242424498F
:10AC6000B6FFFFFFFFFFFFFFFFFFFFFFFFFFFFFF3D
:10AC7000FFFFFFFFFFFFFFFFFFFFFFFFFFFFFFFFE4
:10AC8000FFFFFF9224000000000000000000000011
:10AC90000000000000000000002424496D92DBDB6E
:10ACA000FFFFFFFFFFFFFFFFFFFFFFFFFFFFFFFFB4
:10ACB000FFFFFFFFFFFFFFFFFFFFFFFFFFFFFFFFA4
:10ACC000FFDB240000000000000000000000000086
:10ACD0000000000000000000000000000000002450
:10ACE000496DDBFFFFFFFFFFFFFFFFFFFFFFFFFFE0
:10ACF000FFFFFFFFFFFFFFFFFFFFFFFFFFFFFFFF64
:10AD0000FF240000244949494949494949494949D9
:10AD1000494949240000004949494949242400007F
:10AD200000000049B6FFFFFFFFFFFFFFFFFFFFFF2F
:10AD3000FFFFFFFFFFFFFFFFFFFFFFFFFFFFFFFF23
:10AD400092000092FFFFFFFFFFFFFFFFFFFFFFFFEB
:10AD5000FFFFFFFF92000092FFFFFFFFFFDBB66DDA
:10AD60002400000000246DFFFFFFFFFFFFFFFFFF37
:10AD7000FFFFFFFFFFFFFFFFFFFFFFFFFFFFFFFFE3
:10AD8000490024FFFFFFFFFFFFFFFFFFFFFFFFFF63
:10AD9000FFFFFFFFFF240049FFFFFFFFFFFFFFFF53
:10ADA000FFB66D2400000024B6FFFFFFFFFFFFFF8A
:10ADB000FFFFFFFFFFFFFFFFFFFFFFFFFFFFFFFFA3
:10ADC000240049FFFFFFFFFFFFFFFFFFFFFFFFFF23
:10ADD000FFFFFFFFFF490000FFFFFFFFFFFFFFFF37
:10ADE000FFFFFFFF922400002449DBFFFFFFFFFF6E
:10ADF000FFFFFFFFFFFFFFFFFFFFFFFFFFFFFFFF63
:10AE0000000049FFFFFFFFFFFFFFFFFFFFFFFFFF06
:10AE1000FFFFFFFFFF490000FFFFFFFFFFFFFFFFF6
:10AE2000FFFFFFFFFFFF9224000024B6FFFFFFFF9C
:10AE3000FFFFFFFFFFFFFFFFFFFFFFFFFFFFFFFF22
:10AE4000000049FFFFFFFFFFFFFFFFFFFFFFFFFFC6
:10AE5000FFFFFFFFFF490000FFFFFFFFFFFFFFFFB6
:10AE6000FFFFFFFFFFFFFFDB490000246DFFFFFF37
:10AE7000FFFFFFFFFFFFFFFFFFFFFFFFFFFFFFFFE2
:10AE8000000049FFFFFFFFFFFFFFFFFFFFFFFFFF86
:10AE9000FFFFFFFFFF490000FFFFFFFFFFFFFFFF76
:10AEA000FFFFFFFFFFFFFFFFFF922400006DFFFF8A
:10AEB000FFFFFFFFFFFFFFFFFFFFFFFFFFFFFFFFA2
:10AEC000000049FFFFFFFFFFFFFFFFFFFFFFFFFF46
:10AED000FFFFFFFFFF490000FFFFFFFFFFFFFFFF36
:10AEE000FFFFFFFFFFFFFFFFFFFFB62400006DFF26
:10AEF000FFFFFFFFFFFFFFFFFFFFFFFFFFFFFFFF62
:10AF0000240049FFFFFFFFFFFFFFFFFFFFFFFFFFE1
:10AF1000FFFFFFFFFF490000FFFFFFFFFFFFFFFFF5
:10AF2000FFFFFFFFFFFFFFFFFFFFFFDB2400006DC0
:10AF3000FFFFFFFFFFFFFFFFFFFFFFFFFFFFFFFF21
:10AF4000490024FFFFFFFFFFFFFFFFFFFFFFFFFFA1
:10AF5000FFFFFFFFFF240049FFFFFFFFFFFFFFFF91
:10AF6000FFFFFFFFFFFFFFFFFFFFFFFFDB240000EE
:10AF70006DFFFFFFFFFFFFFFFFFFFFFFFFFFFFFF73
:10AF800092000092FFFFFFFFFFFFFFFFFFFFFFFFA9
:10AF9000FFFFFFFF92000092FFFFFFFFFFFFFFFF99
:10AFA000FFFFFFFFFFFFFFFFFFFFFFFFFFDB2400AF
:10AFB00024B6FFFFFFFFFFFFFFFFFFFFFFFFFFFFC5
:10AFC000FF24000024494949494949494949494917
:10AFD00049494924000024FFFFFFFFFFFFFFFFFF57
:10AFE000FFFFFFFFFFFFFFFFFFFFFFFFFFFFB62495
:10AFF0000024DBFFFFFFFFFFFFFFFFFFFFFFFFFF5F
:10B00000FFDB240000000000000000000000000042
:10B01000000000000024DBFFFFFFFFFFFFFFFFFF3A
:10B02000FFFFFFFFFFFFFFFFFFFFFFFFFFFFFF929D
:10B03000000049FFFFFFFFFFFFFFFFFFFFFFFFFFD4
:10B04000FFFFFF9224240000000000000000000029
:10B050000000242492FFFFFFFFFFFFFFFFFFFFFF21
:10B06000FFFFFFFFFFFFFFFFFFFFFFFFFFFFFFFFF0
:10B07000490024B6FFFFFFFFFFFFFFFFFFFFFFFFB9
:10B08000FFFFFFFFFFFFFFFFFFFFFFFFFFFFFFFFD0
:10B09000FFFFFFFFFFFFFFFFFFFFFFFFFFFFFFFFC0
:10B0A000FFFFFFFFFFFFFFFFFFFFFFFFFFFFFFFFB0
:10B0B000DB240024FFFFFFFFFFFFFFFFFFFFFFFF79
:10B0C000FFFFFFFFFFFFFFFFFFFFFFFFFFFFFFFF90
:10B0D000FFFFFFFFFFFFFFFFFFFFFFFFFFFFFFFF80
:10B0E000FFFFFFFFFFFFFFFFFFFFFFFFFFFFFFFF70
:10B0F000FF6D00006DFFFFFFFFFFFFFFFFFFFFFF82
:10B10000FFFFFFFFFFFFFFFFFFFFFFFFFFFFFFFF4F
:10B11000FFFFFFFFFFFFFFFFFFFFFFFFFFFFFFFF3F
:10B12000FFFFFFFFFFFFFFFFFFFFFFFFFFFFFFFF2F
:10B13000FFFF240024FFFFFFFFFFFFFFFFFFFFFFD4
:10B14000FFFFFFFFFFFFFFFFFFFFFFFFFFFFFFFF0F
:10B15000FFFFFFFFFFFFFFFFFFFFFFFFFFFFFFFFFF
:10B16000FFFFFFFFFFFFFFFFFFFFFFFFFFFFFFFFEF
:10B17000FFFF920000B6FFFFFFFFFFFFFFFFFFFF93
:10B18000FFFFFFFFFFFFFFFFFFFFFFFFFFFFFFFFCF
:10B19000FFFFFFFFFFFFFFFFFFFFFFFFFFFFFFFFBF
:10B1A000FFFFFFFFFFFFFFFFFFFFFFFFFFFFFFFFAF
:10B1B000FFFFDB240049FFFFFFFFFFFFFFFFFFFF53
:10B1C000FFFFFFFFFFFFFFFFFFFFFFFFFFFFFFFF8F
:10B1D000FFFFFFFFFFFFFFFFFFFFFFFFFFFFFFFF7F
:10B1E000FFFFFFFFFFFFFFFFFFFFFFFFFFFFFFFF6F
:10B1F000FFFFFF6D0000DBFFFFFFFFFFFFFFFFFF13
:10B20000FFFFFFFFFFFFFFFFFFFFFFFFFFFFFFFF4E
:10B21000FFFFFFFFFFFFFFFFFFFFFFFFFFFFFFFF3E
:10B22000FFFFFFFFFFFFFFFFFFFFFFFFFFFFFFFF2E
:10B23000FFFFFFB600006DFFFFFFFFFFFFFFFFFFF7
:10B24000FFFFFFFFFFFFFFFFFFFFFFFFFFFFFFFF0E
:10B25000FFFFFFFFFFFFFFFFFFFFFFFFFFFFFFFFFE
:10B26000FFFFFFFFFFFFFFFFFFFFFFFFFFFFFFFFEE
:10B27000FFFFFFFF240049FFFFFFFFFFFFFFFFFF6E
:10B28000FFFFFFFFFFFFFFFFFFFFFFFFFFFFFFFFCE
:10B29000FFFFFFFFFFFFFFFFFFFFFFFFFFFFFFFFBE
:10B2A000FFFFFFFFFFFFFFFFFFFFFFFFFFFFFFFFAE
:10B2B000FFFFFFFF6D0024DBFFFFFFFFFFFFFFFF2E
:10B2C000FFFFFFFFFFFFFFFFFFFFFFFFFFFFFFFF8E
:10B2D000FFFFFFFFFFFFFFFFFFFFFFFFFFFFFFFF7E
:10B2E000FFFFFFFFFFFFFFFFFFFFFFFFFFFFFFFF6E
:10B2F000FFFFFFFFB60000DBFFFFFFFFFFFFFFFFC9
:10B30000FFFFFFFFFFFFFFFFFFFFFFFFFFFFFFFF4D
:10B31000FFFFFFFFFFFFFFFFFFFFFFFFFFFFFFFF3D
:10B32000FFFFFFFFFFFFFFFFFFFFFFFFFFFFFFFF2D
:10B33000FFFFFFFFDB240092FFFFFFFFFFFFFFFF88
:10B34000FFFFFFFFFFFFFFFFFFFFFFFFFFFFFFFF0D
:10B35000FFFFFFFFFFFFFFFFFFFFFFFFFFFFFFFFFD
:10B36000FFFFFFFFFFFFFFFFFFFFFFFFFFFFFFFFED
:10B37000FFFFFFFFFF24006D6D00000049FFFFFF8E
:10B38000FFFFFFFFFFFFFFFFFFFFFFFFFFFFFFFFCD
:10B39000FFFFFFFFFFFFFFFFFFFFFFFFFFFFFFFFBD
:10B3A000FFFFFFFFFFFFFFFFFFFFFFFFFFFFFFFFAD
:10B3B000FFFFFFFFFF4900490000000000DBFFFF27
:10B3C000FFFFFFFFFFFFFFFFFFFFFFFFFFFFFFFF8D
:10B3D000FFFFFFFFFFFFFFFFFFFFFFFFFFFFFFFF7D
:10B3E000FFFFFFFFFFFFFFFFFFFFFFFFFFFFFFFF6D
:10B3F000FFFFFFFFFF4900240000000000DBFFFF0C
:10B40000FFFFFFFFFFFFFFFFFFFFFFFFFFFFFFFF4C
:10B41000FFFFFFFFFFFFFFFFFFFFFFFFFFFFFFFF3C
:10B42000FFFFFFFFFFFFFFFFFFFFFFFFFFFFFFFF2C
:10B43000FFFFFFFFFF4900240000000000DBFFFFCB
:10B44000FFFFFFFFFFFFFFFFFFFFFFFFFFFFFFFF0C
:10B45000FFFFFFFFFFFFFFFFFFFFFFFFFFFFFFFFFC
:10B46000FFFFFFFFFFFFFFFFFFFFFFFFFFFFFFFFEC
:10B47000FFFFFFFFFF4900000000000000DBFFFFAF
:10B48000FFFFFFFFFFFFFFFFFFFFFFFFFFFFFFFFCC
:10B49000FFFFFFFFFFFFFFFFFFFFFFFFFFFFFFFFBC
:10B4A000FFFFFFFFFFFFFFFFFFFFFFFFFFFFFFFFAC
:10B4B000FFFFFFFFFF4900240000000000DBFFFF4B
:10B4C000FFFFFFFFFFFFFFFFFFFFFFFFFFFFFFFF8C
:10B4D000FFFFFFFFFFFFFFFFFFFFFFFFFFFFFFFF7C
:10B4E000FFFFFFFFFFFFFFFFFFFFFFFFFFFFFFFF6C
:10B4F000FFFFFFFFFF4900240000000000DBFFFF0B
:10B50000FFFFFFFFFFFFFFFFFFFFFFFFFFFFFFFF4B
:10B51000FFFFFFFFFFFFFFFFFFFFFFFFFFFFFFFF3B
:10B52000FFFFFFFFFFFFFFFFFFFFFFFFFFFFFFFF2B
:10B53000FFFFFFFFFF4900240000000049FFFFFF5D
:10B54000FFFFFFFFFFFFFFFFFFFFFFFFFFFFFFFF0B
:10B55000FFFFFFFFFFFFFFFFFFFFFFFFFFFFFFFFFB
:10B56000FFFFFFFFFFFFFFFFFFFFFFFFFFFFFFFFEB
:10B57000FFFFFFFFFF490049000049FFFFFFFFFFFA
:10B58000FFFFFFFFFFFFFFFFFFFFFFFFFFFFFFFFCB
:10B59000FFFFFFFFFFFFFFFFFFFFFFFFFFFFFFFFBB
:10B5A000FFFFFFFFFFFFFFFFFFFFFFFFFFFFFFFFAB
:10B5B000FFFFFFFFFF24006D000049FFFFFFFFFFBB
:10B5C000FFFFFFFFFFFFFFFFFFFFFFFFFFFFFFFF8B
:10B5D000FFFFFFFFFFFFFFFFFFFFFFFFFFFFFFFF7B
:10B5E000FFFFFFFFFFFFFFFFFFFFFFFFFFFFFFFF6B
:10B5F000FFFFFFFFDB240092000049FFFFFFFFFF7A
:10B60000FFFFFFFFFFFFFFFFFFFFFFFFFFFFFFFF4A
:10B61000FFFFFFFFFFFFFFFFFFFFFFFFFFFFFFFF3A
:10B62000FFFFFFFFFFFFFFFFFFFFFFFFFFFFFFFF2A
:10B63000FFFFFFFFB60000DB000049FFFFFFFFFF39
:10B64000FFFFFFFFFFFFFFFFFFFFFFFFFFFFFFFF0A
:10B65000FFFFFFFFFFFFFFFFFFFFFFFFFFFFFFFFFA
:10B66000FFFFFFFFFFFFFFFFFFFFFFFFFFFFFFFFEA
:10B67000FFFFFFFF6D0024DB000049FFFFFFFFFF1E
:10B68000FFFFFFFFFFFFFFFFFFFFFFFFFFFFFFFFCA
:10B69000FFFFFFFFFFFFFFFFFFFFFFFFFFFFFFFFBA
:10B6A000FFFFFFFFFFFFFFFFFFFFFFFFFFFFFFFFAA
:10B6B000FFFFFFFF240049FF000049FFFFFFFFFFDE
:10B6C000FFFFFFFFFFFFFFFFFFFFFFFFFFFFFFFF8A
:10B6D000FFFFFFFFFFFFFFFFFFFFFFFFFFFFFFFF7A
:10B6E000FFFFFFFFFFFFFFFFFFFFFFFFFFFFFFFF6A
:10B6F000FFFFFFB600006DFF240049FFFFFFFFFFC3
:10B70000FFFFFFFFFFFFFFFFFFFFFFFFFFFFFFFF49
:10B71000FFFFFFFFFFFFFFFFFFFFFFFFFFFFFFFF39
:10B72000FFFFFFFFFFFFFFFFFFFFFFFFFFFFFFFF29
:10B73000FFFFFF6D0000DBFF920024DBFFFFFFFF38
:10B74000FFFFFFFFFFFFFFFFFFFFFFFFFFFFFFFF09
:10B75000FFFFFFFFFFFFFFFFFFFFFFFFFFFFFFFFF9
:10B76000FFFFFFFFFFFFFFFFFFFFFFFFFFFFFFFFE9
:10B77000FFFFFF240049FFFFDB24006DFFFFFFFFF9
:10B78000FFFFFFFFFFFFFFFFFFFFFFFFFFFFFFFFC9
:10B79000FFFFFFFFFFFFFFFFFFFFFFFFFFFFFFFFB9
:10B7A000FFFFFFFFFFFFFFFFFFFFFFFFFFFFFFFFA9
:10B7B000FFFF920000B6FFFFFF490024FFFFFFFFDD
:10B7C000FFFFFFFFFFFFFFFFFFFFFFFFFFFFFFFF89
:10B7D000FFFFFFFFFFFFFFFFFFFFFFFFFFFFFFFF79
:10B7E000FFFFFFFFFFFFFFFFFFFFFFFFFFFFFFFF69
:10B7F000FFFF240024FFFFFFFF92000092FFFFFFE6
:10B80000FFFFFFFFFFFFFFFFFFFFFFFFFFFFFFFF48
:10B81000FFFFFFFFFFFFFFFFFFFFFFFFFFFFFFFF38
:10B82000FFFFFFFFFFFFFFFFFFFFFFFFFFFFFFFF28
:10B83000FF6D00006DFFFFFFFFFF240049FFFFFFCA
:10B84000FFFFFFFFFFFFFFFFFFFFFFFFFFFFFFFF08
:10B85000FFFFFFFFFFFFFFFFFFFFFFFFFFFFFFFFF8
:10B86000FFFFFFFFFFFFFFFFFFFFFFFFFFFFFFFFE8
:10B87000DB240024FFFFFFFFFFFF920024DBFFFF1C
:10B88000FFFFFF9224000000000000000000000005
:10B890000000002492FFFFFFFFFFFFFFFFFFFFFFFD
:10B8A000FFFFFFFFFFFFFFFFFFFFFFFFFFFFFFFFA8
:10B8B000490024B6FFFFFFFFFFFFDB24006DFFFF01
:10B8C000FFDB24000000000000000000000000007A
:10B8D000000000000024DBFFFFFFFFFFFFFFFFFF72
:10B8E000FFFFFFFFFFFFFFFFFFFFFFFFFFFFFF92D5
:10B8F000000049FFFFFFFFFFFFFFFF490024FFFF9C
:10B90000FF240000244949494949494949494949CD
:10B9100049494924000024FFFFFFFFFFFFFFFFFF0D
:10B92000FFFFFFFFFFFFFFFFFFFFFFFFFFFFB6244B
:10B930000024DBFFFFFFFFFFFFFFFF92000092FFED
:10B9400092000092FFFFFFFFFFFFFFFFFFFFFFFFDF
:10B95000FFFFFFFF92000092FFFFFFFFFFFFFFFFCF
:10B96000FFFFFFFFFFFFFFFFFFFFFFFFFFDB2400E5
:10B9700024B6FFFFFFFFFFFFFFFFFFFF240049FF8B
:10B98000490024FFFFFFFFFFFFFFFFFFFFFFFFFF57
:10B99000FFFFFFFFFF240049FFFFFFFFFFFFFFFF47
:10B9A000FFFFFFFFFFFFFFFFFFFFFFFFDB240000A4
:10B9B0006DFFFFFFFFFFFFFFFFFFFFFF920024DB94
:10B9C000240049FFFFFFFFFFFFFFFFFFFFFFFFFF17
:10B9D000FFFFFFFFFF490000FFFFFFFFFFFFFFFF2B
:10B9E000FFFFFFFFFFFFFFFFFFFFFFDB2400006DF6
:10B9F000FFFFFFFFFFFFFFFFFFFFFFFFDB24006DE7
:10BA0000000049FFFFFFFFFFFFFFFFFFFFFFFFFFFA
:10BA1000FFFFFFFFFF490000FFFFFFFFFFFFFFFFEA
:10BA2000FFFFFFFFFFFFFFFFFFFFB62400006DFFDA
:10BA3000FFFFFFFFFFFFFFFFFFFFFFFFFF490024A6
:10BA4000000049FFFFFFFFFFFFFFFFFFFFFFFFFFBA
:10BA5000FFFFFFFFFF490000FFFFFFFFFFFFFFFFAA
:10BA6000FFFFFFFFFFFFFFFFFF922400006DFFFFBE
:10BA7000FFFFFFFFFFFFFFFFFFFFFFFFFF92000041
:10BA8000000049FFFFFFFFFFFFFFFFFFFFFFFFFF7A
:10BA9000FFFFFFFFFF490000FFFFFFFFFFFFFFFF6A
:10BAA000FFFFFFFFFFFFFFDB490000246DFFFFFFEB
:10BAB000FFFFFFFFFFFFFFFFFFFFFFFFFFFF240070
:10BAC000000049FFFFFFFFFFFFFFFFFFFFFFFFFF3A
:10BAD000FFFFFFFFFF490000FFFFFFFFFFFFFFFF2A
:10BAE000FFFFFFFFFFFF9224000024B6FFFFFFFFD0
:10BAF000FFFFFFFFFFFFFFFFFFFFFFFFFFFF9200C2
:10BB0000000049FFFFFFFFFFFFFFFFFFFFFFFFFFF9
:10BB1000FFFFFFFFFF490000FFFFFFFFFFFFFFFFE9
:10BB2000FFFFFFFF922400002449DBFFFFFFFFFF20
:10BB3000FFFFFFFFFFFFFFFFFFFFFFFFFFFFDB2414
:10BB4000000024FFFFFFFFFFFFFFFFFFFFFFFFFFDE
:10BB5000FFFFFFFFFF240049FFFFFFFFFFFFFFFF85
:10BB6000FFB66D2400000024B6FFFFFFFFFFFFFFBC
:10BB7000FFFFFFFFFFFFFFFFFFFFFFFFFFFFFF498B
:10BB800000000092FFFFFFFFFFFFFFFFFFFFFFFF2F
:10BB9000FFFFFFFF92000092FFFFFFFFFFDBB66D8C
:10BBA0002400000000246DFFFFFFFFFFFFFFFFFFE9
:10BBB000FFFFFFFFFFFFFFFFFFFFFFFFFFFFFF9202
:10BBC000000000002449494949494949494949492E
:10BBD00049494924000000494949494924240000B1
:10BBE00000000049B6FFFFFFFFFFFFFFFFFFFFFF61
:10BBF000FFFFFFFFFFFFFFFFFFFFFFFFFFFFFFFF55
:10BC00002400000000000000000000000000000010
:10BC10000000000000000000000000000000002400
:10BC2000496DDBFFFFFFFFFFFFFFFFFFFFFFFFFF90
:10BC3000FFFFFFFFFFFFFFFFFFFFFFFFFFFFFFFF14
:10BC4000B62400000000000000000000000000001A
:10BC50000000000000000000002424496D92DBDB9E
:10BC6000FFFFFFFFFFFFFFFFFFFFFFFFFFFFFFFFE4
:10BC7000FFFFFFFFFFFFFFFFFFFFFFFFFFFFFFFFD4
:10BC8000FFFFFFFFFFFFFFFFFFFFFFFFFFDB6D2455
:10BC900000000000000000000000000000000000A4
:10BCA000246DDBFFFFFFFFFFFFFFFFFFFFFFFFFF35
:10BCB000FFFFFFFFFFFFFFFFFFFFFFFFFFFFFFFF94
:10BCC000FFFFFFFFFFFFFFFFFFFFFFFF6D00000013
:10BCD0000000000000000000000000000000000064
:10BCE0000000246DFFFFFFFFFFFFFFFFFFFFFFFFCF
:10BCF000FFFFFFFFFFFFFFFFFFFFFFFFFFFFFFFF54
:10BD0000FFFFFFFFFFFFFFFFFFFFFF6D0000244964
:10BD10004949494949494949494949494949494993
:10BD2000492400006DFFFFFFFFFFFFFFFFFFFFFF44
:10BD3000FFFFFFFFFFFFFFFFFFFFFFFFFFFFFFFF13
:10BD4000FFFFFFFFFFFFFFFFFFFFB6240000B6FF6E
:10BD5000FFFFFFFFFFFFFFFFFFFFFFFFFFFFFFFFF3
:10BD6000FFB6000024B6FFFFFFFFFFFFFFFFFFFF4E
:10BD7000FFFFFFFFFFFFFFFFFFFFFFFFFFFFFFFFD3
:10BD8000FFFFFFFFFFFFFFFFFFFF49000092FFFFE4
:10BD9000FFFFFFFFFFFFFFFFFFFFFFFFFFFFFFFFB3
:10BDA000FFFF9200006DFFFFFFFFFFFFFFFFFFFFA0
:10BDB000FFFFFFFFFFFFFFFFFFFFFFFFFFFFFFFF93
:10BDC000FFFFFFFFFFFFFFFFFFFF490000B6FFFF80
:10BDD000FFFFFFFFFFFFFFFFFFFFFFFFFFFFFFFF73
:10BDE000FFFFB6000049FFFFFFFFFFFFFFFFFFFF60
:10BDF000FFFFFFFFFFFFFFFFFFFFFFFFFFFFFFFF53
:10BE0000FFFFFFFFFFFFFFFFFFFF490000B6FFFF3F
:10BE1000FFFFFFFFFFFFFFFFFFFFFFFFFFFFFFFF32
:10BE2000FFFFB6000049FFFFFFFFFFFFFFFFFFFF1F
:10BE3000FFFFFFFFFFFFFFFFFFFFFFFFFFFFFFFF12
:10BE4000FFFFFFFFFFFFFFFFFFFF490000B6FFFFFF
:10BE5000FFFFFFFFFFFFFFFFFFFFFFFFFFFFFFFFF2
:10BE6000FFFFB6000049FFFFFFFFFFFFFFFFFFFFDF
:10BE7000FFFFFFFFFFFFFFFFFFFFFFFFFFFFFFFFD2
:10BE8000FFFFFFFFFFFFFFFFFFFF490000B6FFFFBF
:10BE9000FFFFFFFFFFFFFFFFFFFFFFFFFFFFFFFFB2
:10BEA000FFFFB6000049FFFFFFFFFFFFFFFFFFFF9F
:10BEB000FFFFFFFFFFFFFFFFFFFFFFFFFFFFFFFF92
:10BEC000FFFFFFFFFFFFFFFFFFFF490000B6FFFF7F
:10BED000FFFFFFFFFFFFFFFFFFFFFFFFFFFFFFFF72
:10BEE000FFFFB6000049FFFFFFFFFFFFFFFFFFFF5F
:10BEF000FFFFFFFFFFFFFFFFFFFFFFFFFFFFFFFF52
:10BF0000FFFFFFFFFFFFFFFFFFFF490000B6FFFF3E
:10BF1000FFFFFFFFFFFFFFFFFFFFFFFFFFFFFFFF31
:10BF2000FFFFB6000049FFFFFFFFFFFFFFFFFFFF1E
:10BF3000FFFFFFFFFFFFFFFFFFFFFFFFFFFFFFFF11
:10BF4000FFFFFFFFFFFFFFFFFFFF490000B6FFFFFE
:10BF5000FFFFFFFFFFFFFFFFFFFFFFFFFFFFFFFFF1
:10BF6000FFFFB6000049FFFFFFFFFFFFFFFFFFFFDE
:10BF7000FFFFFFFFFFFFFFFFFFFFFFFFFFFFFFFFD1
:10BF8000FFFFFFFFFFFFFFFFFFFF490000B6FFFFBE
:10BF9000FFFFFFFFFFFFFFFFFFFFFFFFFFFFFFFFB1
:10BFA000FFFFB6000049FFFFFFFFFFFFFFFFFFFF9E
:10BFB000FFFFFFFFFFFFFFFFFFFFFFFFFFFFFFFF91
:10BFC000FFFFFFFFFFFFFFFFFFFF490000B6FFFF7E
:10BFD000FFFFFFFFFFFFFFFFFFFFFFFFFFFFFFFF71
:10BFE000FFFFB6000049FFFFFFFFFFFFFFFFFFFF5E
:10BFF000FFFFFFFFFFFFFFFFFFFFFFFFFFFFFFFF51
:10C00000FFFFFFFFFFFFFFFFFFFF490000B6FFFF3D
:10C01000FFFFFFFFFFFFFFFFFFFFFFFFFFFFFFFF30
:10C02000FFFFB6000049FFFFFFFFFFFFFFFFFFFF1D
:10C03000FFFFFFFFFFFFFFFFFFFFFFFFFFFFFFFF10
:10C04000FFFFFFFFFFFFFFFFFFFF490000B6FFFFFD
:10C05000FFFFFFFFFFFFFFFFFFFFFFFFFFFFFFFFF0
:10C06000FFFFB6000049FFFFFFFFFFFFFFFFFFFFDD
:10C07000FFFFFFFFFFFFFFFFFFFFFFFFFFFFFFFFD0
:10C08000FFFFFFFFFFFFFFFFFF6D000024DBFFFF4F
:10C09000FFFFFFFFFFFFFFFFFFFFFFFFFFFFFFFFB0
:10C0A000FFFFDB0000006DFFFFFFFFFFFFFFFFFF53
:10C0B000FFFFFFFFFFFFFFFFFFFFFFFFFFFFFFFF90
:10C0C000FFFFFFFFFFFFFFFF6D00002492FFFFFF58
:10C0D000FFFFFFFFFFFFFFFFFFFFFFFFFFFFFFFF70
:10C0E000FFFFFF6D00000092FFFFFFFFFFFFFFFF5C
:10C0F000FFFFFFFFFFFFFFFFFFFFFFFFFFFFFFFF50
:10C10000FFFFFFFFFFFFFF9200000092FFFFFFFF16
:10C11000FFFFFFFFFFFFFFFFFFFFFFFFFFFFFFFF2F
:10C12000FFFFFFFF6D000000B6FFFFFFFFFFFFFFF7
:10C13000FFFFFFFFFFFFFFFFFFFFFFFFFFFFFFFF0F
:10C14000FFFFFFFFFFFFB600000092FFFFFFFFFFB2
:10C15000FFFFFFFFFFFFFFFFFFFFFFFFFFFFFFFFEF
:10C16000FFFFFFFFFF6D000024B6FFFFFFFFFFFF93
:10C17000FFFFFFFFFFFFFFFFFFFFFFFFFFFFFFFFCF
:10C18000FFFFFFFFFFB624000092FFFFFFFFFFFF4E
:10C19000FFFFFFFFFFFFFFFFFFFFFFFFFFFFFFFFAF
:10C1A000FFFFFFFFFFFF6D000024B6FFFFFFFFFF53
:10C1B000FFFFFFFFFFFFFFFFFFFFFFFFFFFFFFFF8F
:10C1C000FFFFFFFFB624000049FFFFFFFFFFFFFF57
:10C1D000FFFFFFFFFFFFFFFFFFFFFFFFFFFFFFFF6F
:10C1E000FFFFFFFFFFFFFF49000024DBFFFFFFFF12
:10C1F000FFFFFFFFFFFFFFFFFFFFFFFFFFFFFFFF4F
:10C20000FFFFFFDB24000049FFFFFFFFFFFFFFFFF1
:10C21000FFFFFFFFFFFFFFFFFFFFFFFFFFFFFFFF2E
:10C22000FFFFFFFFFFFFFFFF24000024DBFFFFFFF6
:10C23000FFFFFFFFFFFFFFFFFFFFFFFFFFFFFFFF0E
:10C24000FFFFDB24000049FFFFFFFFFFFFFFFFFFB1
:10C25000FFFFFFFFFFFFFFFFFFFFFFFFFFFFFFFFEE
:10C26000FFFFFFFFFFFFFFFFDB49000024DBFFFFB5
:10C27000FFFFFFFFFFFFFFFFFFFFFFFFFFFFFFFFCE
:10C28000FFDB49000049DBFFFFFFFFFFFFFFFFFF70
:10C29000FFFFFFFFFFFFFFFFFFFFFFFFFFFFFFFFAE
:10C2A000FFFFFFFFFFFFFFFFFFB624000049FFFF76
:10C2B000FFFFFFFFFFFFFFFFFFFFFFFFFFFFFFFF8E
:10C2C000FF49000024DBFFFFFFFFFFFFFFFFFFFF31
:10C2D000FFFFFFFFFFFFFFFFFFFFFFFFFFFFFFFF6E
:10C2E000FFFFFFFFFFFFFFFFFFFFDB24000049FF11
:10C2F000FFFFFFFFFFFFFFFFFFFFFFFFFFFFFFFF4E
:10C300006D000024DBFFFFFFFFFFFFFFFFFFFFFFCC
:10C31000FFFFFFFFFFFFFFFFFFFFFFFFFFFFFFFF2D
:10C32000FFFFFFFFFFFFFFFFFFFFFFB62400006DD1
:10C33000FFFFFFFFFFFFFFFFFFFFFFFFFFFFFF6D9F
:10C34000000024B6FFFFFFFFFFFFFFFFFFFFFFFF1F
:10C35000FFFFFFFFFFFFFFFFFFFFFFFFFFFFFFFFED
:10C36000FFFFFFFFFFFFFFFFFFFFFFFFB600000023
:10C370006DFFFFFFFFFFFFFFFFFFFFFFFFFF6D00F0
:10C38000000092FFFFFFFFFFFFFFFFFFFFFFFFFF28
:10C39000FFFFFFFFFFFFFFFFFFFFFFFFFFFFFFFFAD
:10C3A000FFFFFFFFFFFFFFFFFFFFFFFFFF92000008
:10C3B0000092FFFFFFFFFFFFFFFFFFFFFF6D000089
:10C3C00000B6FFFFFFFFFFFFFFFFFFFFFFFFFFFFC5
:10C3D000FFFFFFFFFFFFFFFFFFFFFFFFFFFFFFFF6D
:10C3E000FFFFFFFFFFFFFFFFFFFFFFFFFFFF9200C9
:10C3F000000092FFFFFFFFFFFFFFFFFF9200000022
:10C4000092FFFFFFFFFFFFFFFFFFFFFFFFFFFFFFA9
:10C41000FFFFFFFFFFFFFFFFFFFFFFFFFFFFFFFF2C
:10C42000FFFFFFFFFFFFFFFFFFFFFFFFFFFFFF6DAE
:10C43000000000B6FFFFFFFFFFFFFFB60000006D2A
:10C44000FFFFFFFFFFFFFFFFFFFFFFFFFFFFFFFFFC
:10C45000FFFFFFFFFFFFFFFFFFFFFFFFFFFFFFFFEC
:10C46000FFFFFFFFFFFFFFFFFFFFFFFFFFFFFFFFDC
:10C470006D000024B6FFFFFFFFFFB62400006DFF34
:10C48000FFFFFFFFFFFFFFFFFFFFFFFFFFFFFFFFBC
:10C49000FFFFFFFFFFFFFFFFFFFFFFFFFFFFFFFFAC
:10C4A000FFFFFFFFFFFFFFFFFFFFFFFFFFFFFFFF9C
:10C4B000FF49000024DBFFFFFFB62400006DFFFFF3
:10C4C000FFFFFFFFFFFFFFFFFFFFFFFFFFFFFFFF7C
:10C4D000FFFFFFFFFFFFFFFFFFFFFFFFFFFFFFFF6C
:10C4E000FFFFFFFFFFFFFFFFFFFFFFFFFFFFFFFF5C
:10C4F000FFFF49000024B6FFDB24000024B6DBDB8D
:10C50000DBDBDBDBDBDBDBDBDBDBDBDBDBDBDBDB7B
:10C51000DBDBDBDBDBDBDBDBDBDBDBDBDBDBDBDB6B
:10C52000DBDBDBDBDBDBDBDBDBDBDBDBDBDBDBDB5B
:10C53000DBDBB624000049DB4900000000000000FE
:10C5400000000000000000000000000000000000EB
:10C5500000000000000000000000000000000000DB
:10C5600000000000000000000000000000000000CB
:10C57000000000000000006D490000000000000005
:10C5800000000000000000000000000000000000AB
:10C59000000000000000000000000000000000009B
:10C5A000000000000000000000000000000000008B
:10C5B000000000000000006DFFDBDBDBDBDBDBDB12
:10C5C000DBDBDBDBDBDBDBDBDBDBDBDBDBDBDBDBBB
:10C5D000DBDBDBDBDBDBDBDBDBDBDBDBDBDBDBDBAB
:10C5E000DBDBDBDBDBDBDBDBDBDBDBDBDBDBDBDB9B
:10C5F000DBDBDBDBDBDBDBFFFFFFFFFFFFFFFFFF47
:10C60000FFFFFFFFFFFFFFFFFFFFFFFFFFFFFFFF3A
:10C61000FFFFFFFFFFFFFFFFFFFFFFFFFFFFFFFF2A
:10C62000FFFFFFFFFFFFFFFFFFFFFFFFFFFFFFFF1A
:10C63000FFFFFFFFFFFFFFFFFFFFFFFFFFFFFFFF0A
:10C64000FFFFFFFFFFFFFFFFFFFFFFFFFFFFFFFFFA
:10C65000FFFFFFFFFFFFFFFFFFFFFFFFFFFFFFFFEA
:10C66000FFFFFFFFFFFFFFFFFFFFFFFFFFFFFFFFDA
:10C67000FFFFFFFFFFFFFFFFFFFFFFFFFFFFFFFFCA
:10C68000FFFFFFFFFFFFFFFFFFFFFFFFFFFFFFFFBA
:10C69000FFFFFFFFFFFFFFFFFFFFFFFFFFFFFFFFAA
:10C6A000FFFFFFFFFFFFFFFFFFFFFFFFFFFFFFFF9A
:10C6B000FFFFFFFFFFFFFFFFFFFFFFFFFFFFFFFF8A
:10C6C000FFFFFFFFFFFFFFFFFFFFFFFFFFFFFFFF7A
:10C6D000FFFFFFFFFFFFFFFFFFFFFFFFFFFFFFFF6A
:10C6E000FFFFFFFFFFFFFFFFFFFFFFFFFFFFFFFF5A
:10C6F000FFFFFFFFFFFFFFFFFFFFFFFFFFFFFFFF4A
:10C70000FFFFFFFFFFFFFFFFFFFFFFFFFFFFDBDB81
:10C71000FFFFFFFFFFFFFFFFFFFFFFFFFFFFFFFF29
:10C72000DBDBFFFFFFFFFFFFFFFFFFFFFFFFFFFF61
:10C73000FFFFFFFFFFFFFFFFFFFFFFFFFFFFFFFF09
:10C74000FFFFFFFFFFFFFFFFFFFFFFFFFF6D002465
:10C75000B6FFFFFFFFFFFFFFFFFFFFFFFFFFFFB67B
:10C76000240092FFFFFFFFFFFFFFFFFFFFFFFFFF20
:10C77000FFFFFFFFFFFFFFFFFFFFFFFFFFFFFFFFC9
:10C78000FFFFFFFFFFFFFFFFFFFFFFFFFF4900006D
:10C7900092FFFFFFFFFFFFFFFFFFFFFFFFFFFF9283
:10C7A000000049FFFFFFFFFFFFFFFFFFFFFFFFFF4D
:10C7B000FFFFFFFFFFFFFFFFFFFFFFFFFFFFFFFF89
:10C7C000FFFFFFFFFFFFFFFFFFFFFFFFFF4900002D
:10C7D00092FFFFFFFFFFFFFFFFFFFFFFFFFFFF6D68
:10C7E00000006DFFFFFFFFFFFFFFFFFFFFFFFFFFE9
:10C7F000FFFFFFFFFFFFFFFFFFFFFFFFFFFFFFFF49
:10C80000FFFFFFFFFFFFFFFFFFFFFFFFFFB600007F
:10C8100049DBFFFFFFFFFFFFFFFFFFFFFFFFDB2401
:10C820000000DBFFFFFFFFFFFFFFFFFFFFFFFFFF3A
:10C83000FFFFFFFFFFFFFFFFFFFFFFFFFFFFFFFF08
:10C84000FFFFFFFFFFFFFFFFFFFFFFFFFFFF2400D2
:10C850000092FFFFFFFFFFFFFFFFFFFFFFFF6D00E5
:10C860000024FFFFFFFFFFFFFFFFFFFFFFFFFFFFB2
:10C87000FFFFFFFFFFFFFFFFFFFFFFFFFFFFFFDBEC
:10C880004924B6FFFFFFFFFFFFFFFFFFFFFFB600DA
:10C89000000092FFFFFFFFFFFFFFFFFFFF9200007E
:10C8A00024B6FFFFFFFFFFFFFFFFFFFFFFB6244996
:10C8B000DBFFFFFFFFFFFFFFFFFFFFFFFFFFFF9219
:10C8C000000024FFFFFFFFFFFFFFFFFFFFFFFF6DE3
:10C8D0000000006DFFFFFFFFFFFFFFDB49000000CE
:10C8E0006DFFFFFFFFFFFFFFFFFFFFFFFF240000C3
:10C8F000B6FFFFFFFFFFFFFFFFFFFFFFFFFFFFDBB5
:10C90000490000B6FFFFFFFFFFFFFFFFFFFFFFFF34
:10C910006D000000246DB6DBDBB64900000000921C
:10C92000FFFFFFFFFFFFFFFFFFFFFFFF9200004938
:10C93000DBFFFFFFFFFFFFFFFFFFFFFFFFFFFFFF2B
:10C9400092000049DBFFFFFFFFFFFFFFFFFFFFFF3C
:10C95000FFB6240000000000000000000024B6FF25
:10C96000FFFFFFFFFFFFFFFFFFFFFFDB2400009241
:10C97000FFFFFFFFFFFFFFFFFFFFFFFFFFFFFFFFC7
:10C98000FF24000092FFFFFFFFFFFFFFFFFFFFFFFD
:10C99000FFFFFF6D492424000024244992FFFFFF7C
:10C9A000FFFFFFFFFFFFFFFFFFFFFF6D000049FFDD
:10C9B000FFFFFFFFFFFFFFFFFFFFFFFFFFFFFFFF87
:10C9C000FFB600002492FFFFFFFFFFFFFFFFFFFF06
:10C9D000FFFFFFFFFFDBDBDBDBDBDBFFFFFFFFFF3F
:10C9E000FFFFFFFFFFFFFFFFFFFF92000000DBFFE5
:10C9F000FFFFFFFFFFFFFFFFFFFFFFFFFFFFFFFF47
:10CA0000FFFF92000024B6FFFFFFFFFFFFFFFFFFC5
:10CA1000FFFFFFFFFFFFFFFFFFFFFFFFFFFFFFFF26
:10CA2000FFFFFFFFFFFFFFFFFF9224000092FFFFC9
:10CA3000FFFFFFFFFFFFFFFFFFFFFFFFFFFFFFFF06
:10CA4000FFFFFF49000024B6FFFFFFFFFFFFFFFFCE
:10CA5000FFFFFFFFFFFFFFFFFFFFFFFFFFFFFFFFE6
:10CA6000FFFFFFFFFFFFFFFF9224000049FFFFFFD2
:10CA7000FFFFFFFFFFFFFFFFFFFFFFFFFFFFFFFFC6
:10CA8000FFFFFFFF4900000092FFFFFFFFFFFFFFD6
:10CA9000FFFFFFFFFFFFFFFFFFFFFFFFFFFFFFFFA6
:10CAA000FFFFFFFFFFFFFF6D0000006DFFFFFFFFB7
:10CAB000FFFFFFFFFFFFFFFFFFFFFFFFFFFFFFFF86
:10CAC000FFFFFFFFFF6D00000049DBFFFFFFFFFFDF
:10CAD000FFFFFFFFFFFFFFFFFFFFFFFFFFFFFFFF66
:10CAE000FFFFFFFFFFB64900000092FFFFFFFFFFBF
:10CAF000FFFFFFFFFFFFFFFFFFFFFFFFFFFFFFFF46
:10CB0000FFFFFFFFFFFF92240000006DDBFFFFFF30
:10CB1000FFFFFFFFFFFFFFFFFFFFFFFFFFFFFFFF25
:10CB2000FFFFFFDB6D0000002492FFFFFFFFFFFF10
:10CB3000FFFFFFFFFFFFFFFFFFFFFFFFFFFFFFFF05
:10CB4000FFFFFFFFFFFFFFDB490000002449B6FFA6
:10CB5000FFFFFFFFFFFFFFFFFFFFFFFFFFFFFFFFE5
:10CB6000FFB6492400000049DBFFFFFFFFFFFFFF86
:10CB7000FFFFFFFFFFFFFFFFFFFFFFFFFFFFFFFFC5
:10CB8000FFFFFFFFFFFFFFFFFF92240000000024D4
:10CB90006DB6DBFFFFFFFFFFFFFFFFFFFFDBB66DA3
:10CBA00024000000002492FFFFFFFFFFFFFFFFFFB4
:10CBB000FFFFFFFFFFFFFFFFFFFFFFFFFFFFFFFF85
:10CBC000FFFFFFFFFFFFFFFFFFFFFFB64900000071
:10CBD000000024244949494949494949242400007D
:10CBE00000000049B6FFFFFFFFFFFFFFFFFFFFFF51
:10CBF000FFFFFFFFFFFFFFFFFFFFFFFFFFFFFFFF45
:10CC0000FFFFFFFFFFFFFFFFFFFFFFFFFFDB6D49A0
:10CC100024000000000000000000000000000024CC
:10CC2000496DDBFFFFFFFFFFFFFFFFFFFFFFFFFF80
:10CC3000FFFFFFFFFFFFFFFFFFFFFFFFFFFFFFFF04
:10CC4000FFFFFFFFFFFFFFFFFFFFFFFFFFFFFFFFF4
:10CC5000DBDB926D49242400002424496D92DBDB48
:10CC6000FFFFFFFFFFFFFFFFFFFFFFFFFFFFFFFFD4
:10CC7000FFFFFFFFFFFFFFFFFFFFFFFFFFFFFFFFC4
:10CC8000FFFFFFFFFFFFFFFFFFFFFFFFFFDB6D2445
:10CC9000240000000000000000000000000000244C
:10CCA0004992DBFFFFFFFFFFFFFFFFFFFFFFFFFFDB
:10CCB000FFFFFFFFFFFFFFFFFFFFFFFFFFFFFFFF84
:10CCC000FFFFFFFFFFFFFFFFFFFFFFDB4924000027
:10CCD0000000000000000000000000000000000054
:10CCE0000000246DDBFFFFFFFFFFFFFFFFFFFFFFE3
:10CCF000FFFFFFFFFFFFFFFFFFFFFFFFFFFFFFFF44
:10CD0000FFFFFFFFFFFFFFFFFFFFFF49000024249D
:10CD10004949494949494949494949494949494983
:10CD20002424000049FFFFFFFFFFFFFFFFFFFFFF7D
:10CD3000FFFFFFFFFFFFFFFFFFFFFFFFFFFFFFFF03
:10CD4000FFFFFFFFFFFFFFFFFFFF9224002492FF82
:10CD5000FFFFFFFFFFFFFFFFFFFFFFFFFFFFFFFFE3
:10CD6000FF92240024B6FFFFFFFFFFFFFFFFFFFF3E
:10CD7000FFFFFFFFFFFFFFFFFFFFFFFFFFFFFFFFC3
:10CD8000FFFFFFFFFFFFFFFFFFFF6D00006DFFFFD5
:10CD9000FFFFFFFFFFFFFFFFFFFFFFFFFFFFFFFFA3
:10CDA000FFFF6D00246DFFFFFFFFFFFFFFFFFFFF91
:10CDB000FFFFFFFFFFFFFFFFFFFFFFFFFFFFFFFF83
:10CDC000FFFFFFFFFFFFFFFFFFFF49002492FFFF70
:10CDD000FFFFFFFFFFFFFFFFFFFFFFFFFFFFFFFF63
:10CDE000FFFF92000049FFFFFFFFFFFFFFFFFFFF74
:10CDF000FFFFFFFFFFFFFFFFFFFFFFFFFFFFFFFF43
:10CE0000FFFFFFFFFFFFFFFFFFFF49002492FFFF2F
:10CE1000FFFFFFFFFFFFFFFFFFFFFFFFFFFFFFFF22
:10CE2000FFFF92000049FFFFFFFFFFFFFFFFFFFF33
:10CE3000FFFFFFFFFFFFFFFFFFFFFFFFFFFFFFFF02
:10CE4000FFFFFFFFFFFFFFFFFFFF49002492FFFFEF
:10CE5000FFFFFFFFFFFFFFFFFFFFFFFFFFFFFFFFE2
:10CE6000FFFF92000049FFFFFFFFFFFFFFFFFFFFF3
:10CE7000FFFFFFFFFFFFFFFFFFFFFFFFFFFFFFFFC2
:10CE8000FFFFFFFFFFFFFFFFFFFF49002492FFFFAF
:10CE9000FFFFFFFFFFFFFFFFFFFFFFFFFFFFFFFFA2
:10CEA000FFFF92000049FFFFFFFFFFFFFFFFFFFFB3
:10CEB000FFFFFFFFFFFFFFFFFFFFFFFFFFFFFFFF82
:10CEC000FFFFFFFFFFFFFFFFFFFF49002492FFFF6F
:10CED000FFFFFFFFFFFFFFFFFFFFFFFFFFFFFFFF62
:10CEE000FFFF92000049FFFFFFFFFFFFFFFFFFFF73
:10CEF000FFFFFFFFFFFFFFFFFFFFFFFFFFFFFFFF42
:10CF0000FFFFFFFFFFFFFFFFFFFF49002492FFFF2E
:10CF1000FFFFFFFFFFFFFFFFFFFFFFFFFFFFFFFF21
:10CF2000FFFF92000049FFFFFFFFFFFFFFFFFFFF32
:10CF3000FFFFFFFFFFFFFFFFFFFFFFFFFFFFFFFF01
:10CF4000FFFFFFFFFFFFFFFFFFFF49002492FFFFEE
:10CF5000FFFFFFFFFFFFFFFFFFFFFFFFFFFFFFFFE1
:10CF6000FFFF92000049FFFFFFFFFFFFFFFFFFFFF2
:10CF7000FFFFFFFFFFFFFFFFFFFFFFFFFFFFFFFFC1
:10CF8000FFFFFFFFFFFFFFFFFFFF49002492FFFFAE
:10CF9000FFFFFFFFFFFFFFFFFFFFFFFFFFFFFFFFA1
:10CFA000FFFF92000049FFFFFFFFFFFFFFFFFFFFB2
:10CFB000FFFFFFFFFFFFFFFFFFFFFFFFFFFFFFFF81
:10CFC000FFFFFFFFFFFFFFFFFFFF49002492FFFF6E
:10CFD000FFFFFFFFFFFFFFFFFFFFFFFFFFFFFFFF61
:10CFE000FFFF92000049FFFFFFFFFFFFFFFFFFFF72
:10CFF000FFFFFFFFFFFFFFFFFFFFFFFFFFFFFFFF41
:10D00000FFFFFFFFFFFFFFFFFFFF49002492FFFF2D
:10D01000FFFFFFFFFFFFFFFFFFFFFFFFFFFFFFFF20
:10D02000FFFF92000049FFFFFFFFFFFFFFFFFFFF31
:10D03000FFFFFFFFFFFFFFFFFFFFFFFFFFFFFFFF00
:10D04000FFFFFFFFFFFFFFFFFFFF49002492FFFFED
:10D05000FFFFFFFFFFFFFFFFFFFFFFFFFFFFFFFFE0
:10D06000FFFF92000049FFFFFFFFFFFFFFFFFFFFF1
:10D07000FFFFFFFFFFFFFFFFFFFFFFFFFFFFFFFFC0
:10D08000FFFFFFFFFFFFFFFFFF92240024B6FFFF1B
:10D09000FFFFFFFFFFFFFFFFFFFFFFFFFFFFFFFFA0
:10D0A000FFFF92240024B6FFFFFFFFFFFFFFFFFFFB
:10D0B000FFFFFFFFFFFFFFFFFFFFFFFFFFFFFFFF80
:10D0C000FFFFFFFFFFFFFFFFB624002492DBFFFFFF
:10D0D000FFFFFFFFFFFFFFFFFFFFFFFFFFFFFFFF60
:10D0E000FFFFDB92240049DBFFFFFFFFFFFFFFFF95
:10D0F000FFFFFFFFFFFFFFFFFFFFFFFFFFFFFFFF40
:10D10000FFFFFFFFFFFFFFDB49002492FFFFFFFF50
:10D11000FFFFFFFFFFFFFFFFFFFFFFFFFFFFFFFF1F
:10D12000FFFFFFFF92240049DBFFFFFFFFFFFFFF30
:10D13000FFFFFFFFFFFFFFFFFFFFFFFFFFFFFFFFFF
:10D14000FFFFFFFFFFFFB66D00006DFFFFFFFFFF5A
:10D15000FFFFFFFFFFFFFFFFFFFFFFFFFFFFFFFFDF
:10D16000FFFFFFFFFF6D00246DDBFFFFFFFFFFFFF1
:10D17000FFFFFFFFFFFFFFFFFFFFFFFFFFFFFFFFBF
:10D18000FFFFFFFFFFB624240049DBFFFFFFFFFF87
:10D19000FFFFFFFFFFFFFFFFFFFFFFFFFFFFFFFF9F
:10D1A000FFFFFFFFFFDB49002449DBFFFFFFFFFF1D
:10D1B000FFFFFFFFFFFFFFFFFFFFFFFFFFFFFFFF7F
:10D1C000FFFFFFFFDB49000024DBFFFFFFFFFFFF46
:10D1D000FFFFFFFFFFFFFFFFFFFFFFFFFFFFFFFF5F
:10D1E000FFFFFFFFFFFFB624000049DBFFFFFFFF4B
:10D1F000FFFFFFFFFFFFFFFFFFFFFFFFFFFFFFFF3F
:10D20000FFFFFFFF6D000024B6FFFFFFFFFFFFFFE2
:10D21000FFFFFFFFFFFFFFFFFFFFFFFFFFFFFFFF1E
:10D22000FFFFFFFFFFFFFF922400006DFFFFFFFFE6
:10D23000FFFFFFFFFFFFFFFFFFFFFFFFFFFFFFFFFE
:10D24000FFFFFF6D24002492FFFFFFFFFFFFFFFFA2
:10D25000FFFFFFFFFFFFFFFFFFFFFFFFFFFFFFFFDE
:10D26000FFFFFFFFFFFFFFFF9224002492FFFFFF5D
:10D27000FFFFFFFFFFFFFFFFFFFFFFFFFFFFFFFFBE
:10D28000FFFFB6240049B6FFFFFFFFFFFFFFFFFFD0
:10D29000FFFFFFFFFFFFFFFFFFFFFFFFFFFFFFFF9E
:10D2A000FFFFFFFFFFFFFFFFFFB6240024B6FFFFD5
:10D2B000FFFFFFFFFFFFFFFFFFFFFFFFFFFFFFFF7E
:10D2C000FFB6240024B6FFFFFFFFFFFFFFFFFFFFB5
:10D2D000FFFFFFFFFFFFFFFFFFFFFFFFFFFFFFFF5E
:10D2E000FFFFFFFFFFFFFFFFFFFFB6240024DBFF70
:10D2F000FFFFFFFFFFFFFFFFFFFFFFFFFFFFFFFF3E
:10D300009249002492FFFFFFFFFFFFFFFFFFFFFF97
:10D31000FFFFFFFFFFFFFFFFFFFFFFFFFFFFFFFF1D
:10D32000FFFFFFFFFFFFFFFFFFFFFF92240049B653
:10D33000FFFFFFFFFFFFFFFFFFFFFFFFFFFFFF926A
:10D340002400006DFFFFFFFFFFFFFFFFFFFFFFFF58
:10D35000FFFFFFFFFFFFFFFFFFFFFFFFFFFFFFFFDD
:10D36000FFFFFFFFFFFFFFFFFFFFFFFF6D00242414
:10D37000B6FFFFFFFFFFFFFFFFFFFFFFFFFFB6242A
:10D38000000049FFFFFFFFFFFFFFFFFFFFFFFFFF61
:10D39000FFFFFFFFFFFFFFFFFFFFFFFFFFFFFFFF9D
:10D3A000FFFFFFFFFFFFFFFFFFFFFFFFDB49000065
:10D3B00024DBFFFFFFFFFFFFFFFFFFFFFFDB24007A
:10D3C0000024DBFFFFFFFFFFFFFFFFFFFFFFFFFF6B
:10D3D000FFFFFFFFFFFFFFFFFFFFFFFFFFFFFFFF5D
:10D3E000FFFFFFFFFFFFFFFFFFFFFFFFFFDB24004B
:10D3F0000049FFFFFFFFFFFFFFFFFFFFFF490000A6
:10D4000049B6FFFFFFFFFFFFFFFFFFFFFFFFFFFF2B
:10D41000FFFFFFFFFFFFFFFFFFFFFFFFFFFFFFFF1C
:10D42000FFFFFFFFFFFFFFFFFFFFFFFFFFFFB6490B
:10D4300000006DFFFFFFFFFFFFFFFFFF6D240049AE
:10D44000FFFFFFFFFFFFFFFFFFFFFFFFFFFFFFFFEC
:10D45000FFFFFFFFFFFFFFFFFFFFFFFFFFFFFFFFDC
:10D46000FFFFFFFFFFFFFFFFFFFFFFFFFFFFFFFFCC
:10D4700049002492FFFFFFFFFFFFFF92240024DBFF
:10D48000FFFFFFFFFFFFFFFFFFFFFFFFFFFFFFFFAC
:10D49000FFFFFFFFFFFFFFFFFFFFFFFFFFFFFFFF9C
:10D4A000FFFFFFFFFFFFFFFFFFFFFFFFFFFFFFFF8C
:10D4B000DB240024B6FFFFFFFFFF49240024B6FF52
:10D4C000FFFFFFFFFFFFFFFFFFFFFFFFFFFFFFFF6C
:10D4D000FFFFFFFFFFFFFFFFFFFFFFFFFFFFFFFF5C
:10D4E000FFFFFFFFFFFFFFFFFFFFFFFFFFFFFFFF4C
:10D4F000FFB62400246DFFFFFF6D000024B6FFFF80
:10D50000FFFFFFFFFFFFFFFFFFFFFFFFFFFFFFFF2B
:10D51000FFFFFFFFFFFFFFFFFFFFFFFFFFFFFFFF1B
:10D52000FFFFFFFFFFFFFFFFFFFFFFFFFFFFFFFF0B
:10D53000FFFF922400006DFF9224000024496D6DCE
:10D540006D6D6D6D6D6D6D6D6D6D6D6D6D6D6D6D0B
:10D550006D6D6D6D6D6D6D6D6D6D6D6D6D6D6D6DFB
:10D560006D6D6D6D6D6D6D6D6D6D6D6D6D6D6D6DEB
:10D570006D6D4924000024B6240000000000000066
:10D58000000000000000000000000000000000009B
:10D59000000000000000000000000000000000008B
:10D5A000000000000000000000000000000000007B
:10D5B00000000000000000496D24242424242424B9
:10D5C000242424242424242424242424242424241B
:10D5D000242424242424242424242424242424240B
:10D5E00024242424242424242424242424242424FB
:10D5F0002424242424242492FFFFFFFFFFFFFFFFA5
:10D60000FFFFFFFFFFFFFFFFFFFFFFFFFFFFFFFF2A
:10D61000FFFFFFFFFFFFFFFFFFFFFFFFFFFFFFFF1A
:10D62000FFFFFFFFFFFFFFFFFFFFFFFFFFFFFFFF0A
:10D63000FFFFFFFFFFFFFFFFFFFFFFFFFFFFFFFFFA
:10D64000FFFFFFFFFFFFFFFFFFFFFFFFFFFFFFFFEA
:10D65000FFFFFFFFFFFFFFFFFFFFFFFFFFFFFFFFDA
:10D66000FFFFFFFFFFFFFFFFFFFFFFFFFFFFFFFFCA
:10D67000FFFFFFFFFFFFFFFFFFFFFFFFFFFFFFFFBA
:10D68000FFFFFFFFFFFFFFFFFFFFFFFFFFFFFFFFAA
:10D69000FFFFFFFFFFFFFFFFFFFFFFFFFFFFFFFF9A
:10D6A000FFFFFFFFFFFFFFFFFFFFFFFFFFFFFFFF8A
:10D6B000FFFFFFFFFFFFFFFFFFFFFFFFFFFFFFFF7A
:10D6C000FFFFFFFFFFFFFFFFFFFFFFFFFFFFFFFF6A
:10D6D000FFFFFFFFFFFFFFFFFFFFFFFFFFFFFFFF5A
:10D6E000FFFFFFFFFFFFFFFFFFFFFFFFFFFFFFFF4A
:10D6F000FFFFFFFFFFFFFFFFFFFFFFFFFFFFFFFF3A
:10D70000FFFFFFFFFFFFFFFFFFFFFFFFFFFFFFFF29
:10D71000FFFFFFFFFFFFFFFFFFFFFFFFFFFFFFFF19
:10D72000FFFFFFFFFFFFFFFFFFFFFFFFFFFFFFFF09
:10D73000FFFFFFFFFFFFFFFFFFFFFFFFFFFFFFFFF9
:10D74000FFFFFFFFFFFFFFFFFFFFFFFFFFFFFFFFE9
:10D75000FFFFFFFFFFFFFFFFFFFFFFFFFFFFFFFFD9
:10D76000FFFFFFFFFFFFFFFFFFFFFFFFFFFFFFFFC9
:10D77000FFFFFFFFFFFFFFFFFFFFFFFFFFFFFFFFB9
:10D78000FFFFFFFFFFFFFFFFFFFFFFFFFFFFDBFFCD
:10D79000FFFFFFFFFFFFFFFFFFFFFFFFFFFFFFFF99
:10D7A000FFFFFFFFFFFFFFFFFFFFFFFFFFFFFFFF89
:10D7B000FFFFFFFFFFFFFFFFFFFFFFFFFFFFFFFF79
:10D7C000FFFFFFFFFFFFFFFFFFFFFFFFFFB649491E
:10D7D000B6FFFFFFFFFFFFFFFFFFFFFFFFFFFFB6EB
:10D7E0004949DBFFFFFFFFFFFFFFFFFFFFFFFFFFD9
:10D7F000FFFFFFFFFFFFFFFFFFFFFFFFFFFFFFFF39
:10D80000FFFFFFFFFFFFFFFFFFFFFFFFFFB624004B
:10D8100049DBDBFFFFFFFFFFFFFFFFFFFFDBB64939
:10D820000024B6FFFFFFFFFFFFFFFFFFFFFFFFFF2B
:10D83000FFFFFFFFFFFFFFFFFFFFFFFFFFFFFFFFF8
:10D84000FFFFFFFFFFFFFFFFFFFFFFFFFFFF6D2455
:10D8500000496DFFFFFFFFFFFFFFFFFFDB6D49008A
:10D86000246DFFFFFFFFFFFFFFFFFFFFFFFFFFFF35
:10D87000FFFFFFFFFFFFFFFFFFFFFFFFFFFFFFFFB8
:10D88000FFFFFFFFFFFFFFFFFFFFFFFFFFFFFF6D3A
:10D890002400246DFFFFFFFFFFFFFFDB6D2400244A
:10D8A0006DFFFFFFFFFFFFFFFFFFFFFFFFFFFFFF1A
:10D8B000FFFFFFFFFFFFFFFFFFFFFFFFFFFFFFFF78
:10D8C000FFFFFFFFFFFFFFFFFFFFFFFFFFFFFFDB8C
:10D8D0006D2400246DFFFFFFFFFFDB6D2400246D2E
:10D8E000FFFFFFFFFFFFFFFFFFFFFFFFFFFFFFFF48
:10D8F000FFFFFFFFFFFFFFFFFFFFFFFFFFFFFFFF38
:10D90000FFFFFFFFFFFFFFFFFFFFFFFFFFFFFFFF27
:10D91000DB6D4900246DFFFFFFDB6D2400496DFFC7
:10D92000FFFFFFFFFFFFFFFFFFFFFFFFFFFFFFFF07
:10D93000FFFFFFFFFFFFFFFFFFFFFFFFFFFFFFFFF7
:10D94000FFFFFFFFFFFFFFFFFFFFFFFFFFFFFFFFE7
:10D95000FFDBB64900246DDBDB6D240049DBFFFFF4
:10D96000FFFFFFFFFFFFFFFFFFFFFFFFFFFFFFFFC7
:10D97000FFFFFFFFFFFFFFFFFFFFFFFFFFFFFFFFB7
:10D98000FFFFFFFFFFFFFFFFFFFFFFFFFFFFFFFFA7
:10D99000FFFFFFB64900244949240049DBFFFFFF90
:10D9A000FFFFFFFFFFFFFFFFFFFFFFFFFFFFFFFF87
:10D9B000FFFFFFFFFFFFFFFFFFFFFFFFFFFFFFFF77
:10D9C000FFFFFFFFFFFFFFFFFFFFFFFFFFFFFFFF67
:10D9D000FFFFFFFFB6490000000049DBFFFFFFFF2C
:10D9E000FFFFFFFFFFFFFFFFFFFFFFFFFFFFFFFF47
:10D9F000FFFFFFFFFFFFFFFFFFFFFFFFFFFFFFFF37
:10DA0000FFFFFFFFFFFFFFFFFFFFFFFFFFFFFFFF26
:10DA1000FFFFFFFFFF6D0000000092FFFFFFFFFF11
:10DA2000FFFFFFFFFFFFFFFFFFFFFFFFFFFFFFFF06
:10DA3000FFFFFFFFFFFFFFFFFFFFFFFFFFFFFFFFF6
:10DA4000FFFFFFFFFFFFFFFFFFFFFFFFFFFFFFFFE6
:10DA5000FFFFFFFF92240000000024B6FFFFFFFF3E
:10DA6000FFFFFFFFFFFFFFFFFFFFFFFFFFFFFFFFC6
:10DA7000FFFFFFFFFFFFFFFFFFFFFFFFFFFFFFFFB6
:10DA8000FFFFFFFFFFFFFFFFFFFFFFFFFFFFFFFFA6
:10DA9000FFFFFF922400246D6D240024B6FFFFFFDA
:10DAA000FFFFFFFFFFFFFFFFFFFFFFFFFFFFFFFF86
:10DAB000FFFFFFFFFFFFFFFFFFFFFFFFFFFFFFFF76
:10DAC000FFFFFFFFFFFFFFFFFFFFFFFFFFFFFFFF66
:10DAD000FFDB9224002492FFFF92240024B6DBFF98
:10DAE000FFFFFFFFFFFFFFFFFFFFFFFFFFFFFFFF46
:10DAF000FFFFFFFFFFFFFFFFFFFFFFFFFFFFFFFF36
:10DB0000FFFFFFFFFFFFFFFFFFFFFFFFFFFFFFFF25
:10DB1000DB4924002492FFFFFFFF9224002449DB0D
:10DB2000FFFFFFFFFFFFFFFFFFFFFFFFFFFFFFFF05
:10DB3000FFFFFFFFFFFFFFFFFFFFFFFFFFFFFFFFF5
:10DB4000FFFFFFFFFFFFFFFFFFFFFFFFFFFFFFDB09
:10DB50004900002492FFFFFFFFFFFF9224000049CD
:10DB6000DBFFFFFFFFFFFFFFFFFFFFFFFFFFFFFFE9
:10DB7000FFFFFFFFFFFFFFFFFFFFFFFFFFFFFFFFB5
:10DB8000FFFFFFFFFFFFFFFFFFFFFFFFFFFFDB497F
:10DB900000242492FFFFFFFFFFFFFFFF92240000FD
:10DBA00049DBFFFFFFFFFFFFFFFFFFFFFFFFFFFF5F
:10DBB000FFFFFFFFFFFFFFFFFFFFFFFFFFFFFFFF75
:10DBC000FFFFFFFFFFFFFFFFFFFFFFFFFFDB49003E
:10DBD000006D92FFFFFFFFFFFFFFFFFFFF92490075
:10DBE0000049DBFFFFFFFFFFFFFFFFFFFFFFFFFF1E
:10DBF000FFFFFFFFFFFFFFFFFFFFFFFFFFFFFFFF35
:10DC0000FFFFFFFFFFFFFFFFFFFFFFFFFF9200008F
:10DC10006DFFFFFFFFFFFFFFFFFFFFFFFFFFDB4980
:10DC20000024B6FFFFFFFFFFFFFFFFFFFFFFFFFF27
:10DC3000FFFFFFFFFFFFFFFFFFFFFFFFFFFFFFFFF4
:10DC4000FFFFFFFFFFFFFFFFFFFFFFFFFFDB6D6D2C
:10DC5000FFFFFFFFFFFFFFFFFFFFFFFFFFFFFFDBF8
:10DC60006D6DDBFFFFFFFFFFFFFFFFFFFFFFFFFF0C
:10DC7000FFFFFFFFFFFFFFFFFFFFFFFFFFFFFFFFB4
:10DC8000FFFFFFFFFFFFFFFFFFFFFFFFFFFFFFFFA4
:10DC9000FFFFFFFFFFFFFF4949FFFFFFFFFFFFFF00
:10DCA000FFFFFFFFFFFFFFFFFFFFFFFFFFFFFFFF84
:10DCB000FFFFFFFFFFFFFFFFFFFFFFFFFFFFFFFF74
:10DCC000FFFFFFFFFFFFFFFFFFFFFFFFFFFFFFFF64
:10DCD000FFFFFFFFFFFFDB0000DBFFFFFFFFFFFF9A
:10DCE000FFFFFFFFFFFFFFFFFFFFFFFFFFFFFFFF44
:10DCF000FFFFFFFFFFFFFFFFFFFFFFFFFFFFFFFF34
:10DD0000FFFFFFFFFFFFFFFFFFFFFFFFFFFFFFFF23
:10DD1000FFFFFFFFFFFFDB0000DBFFFFFFFFFFFF59
:10DD2000FFFFFFFFFFFFFFFFFFFFFFFFFFFFFFFF03
:10DD3000FFFFFFFFFFFFFFFFFFFFFFFFFFFFFFFFF3
:10DD4000FFFFFFFFFFFFFFFFFFFFFFFFFFFFFFFFE3
:10DD5000FFFFFFFFFFFFDB0000DBFFFFFFFFFFFF19
:10DD6000FFFFFFFFFFFFFFFFFFFFFFFFFFFFFFFFC3
:10DD7000FFFFFFFFFFFFFFFFFFFFFFFFFFFFFFFFB3
:10DD8000FFFFFFFFFFFFFFFFFFFFFFFFFFFFFFFFA3
:10DD9000FFFFFFFFFFFFDB0000DBFFFFFFFFFFFFD9
:10DDA000FFFFFFFFFFFFFFFFFFFFFFFFFFFFFFFF83
:10DDB000FFFFFFFFFFFFFFFFFFFFFFFFFFFFFFFF73
:10DDC000FFFFFFFFFFFFFFFFFFFFFFFFFFFFFFFF63
:10DDD000FFFFFFFFFFFFDB0000DBFFFFFFFFFFFF99
:10DDE000FFFFFFFFFFFFFFFFFFFFFFFFFFFFFFFF43
:10DDF000FFFFFFFFFFFFFFFFFFFFFFFFFFFFFFFF33
:10DE0000FFFFFFFFFFFFFFFFFFFFFFFFFFFFFFFF22
:10DE1000FFFFFFFFFFFFDB0000DBFFFFFFFFFFFF58
:10DE2000FFFFFFFFFFFFFFFFFFFFFFFFFFFFFFFF02
:10DE3000FFFFFFFFFFFFFFFFFFFFFFFFFFFFFFFFF2
:10DE4000FFFFFFFFFFFFFFFFFFFFFFFFFFFFFFFFE2
:10DE5000FFFFFFFFFFFFDB0000DBFFFFFFFFFFFF18
:10DE6000FFFFFFFFFFFFFFFFFFFFFFFFFFFFFFFFC2
:10DE7000FFFFFFFFFFFFFFFFFFFFFFFFFFFFFFFFB2
:10DE8000FFFFFFFFFFFFFFFFFFFFFFFFFFFFFFFFA2
:10DE9000FFFFFFFFFFFFDB0000DBFFFFFFFFFFFFD8
:10DEA000FFFFFFFFFFFFFFFFFFFFFFFFFFFFFFFF82
:10DEB000FFFFFFFFFFFFFFFFFFFFFFFFFFFFFFFF72
:10DEC000FFFFFFFFFFFFFFFFFFFFFFFFFFFFFFFF62
:10DED000FFFFFFFFFFFFDB0000DBFFFFFFFFFFFF98
:10DEE000FFFFFFFFFFFFFFFFFFFFFFFFFFFFFFFF42
:10DEF000FFFFFFFFFFFFFFFFFFFFFFFFFFFFFFFF32
:10DF0000FFFFFFFFFFFFFFFFFFFFFFFFFFFFFFFF21
:10DF1000FFFFFFFFFFFFDB0000DBFFFFFFFFFFFF57
:10DF2000FFFFFFFFFFFFFFFFFFFFFFFFFFFFFFFF01
:10DF3000FFFFFFFFFFFFFFFFFFFFFFFFFFFFFFFFF1
:10DF4000FFFFFFFFFFFFFFFFFFFFFFFFFFFFFFFFE1
:10DF5000FFFFFFFFFFFFDB0000DBFFFFFFFFFFFF17
:10DF6000FFFFFFFFFFFFFFFFFFFFFFFFFFFFFFFFC1
:10DF7000FFFFFFFFFFFFFFFFFFFFFFFFFFFFFFFFB1
:10DF8000FFFFFFFFFFFFFFFFFFFFFFFFFFFFFFFFA1
:10DF9000FFFFFFFFFFFFDB0000DBFFFFFFFFFFFFD7
:10DFA000FFFFFFFFFFFFFFFFFFFFFFFFFFFFFFFF81
:10DFB000FFFFFFFFFFFFFFFFFFFFFFFFFFFFFFFF71
:10DFC000FFFFFFFFFFFFFFFFFFFFFFFFFFFFFFFF61
:10DFD000FFFFFFFFFFFFDB0000DBFFFFFFFFFFFF97
:10DFE000FFFFFFFFFFFFFFFFFFFFFFFFFFFFFFFF41
:10DFF000FFFFFFFFFFFFFFFFFFFFFFFFFFFFFFFF31
:10E00000FFFFFFFFFFFFFFFFFFFFFFFFFFFFFFFF20
:10E01000FFFFFFFFFFFFDB0000DBFFFFFFFFFFFF56
:10E02000FFFFFFFFFFFFFFFFFFFFFFFFFFFFFFFF00
:10E03000FFFFFFFFFFFFFFFFFFFFFFFFFFFFFFFFF0
:10E04000FFFFFFFFFFFFFFFFFFFFFFFFFFFFFFFFE0
:10E05000FFFFFFFFFFFFDB0000DBFFFFFFFFFFFF16
:10E06000FFFFFFFFFFFFFFFFFFFFFFFFFFFFFFFFC0
:10E07000FFFFFFFFFFFFFFFFFFFFFFFFFFFFFFFFB0
:10E08000FFFFFFFFFFFFFFFFFFFFFFFFFFFFFFFFA0
:10E09000FFFFFFFFFFFFDB0000DBFFFFFFFFFFFFD6
:10E0A000FFFFFFFFFFFFFFFFFFFFFFFFFFFFFFFF80
:10E0B000FFFFFFFFFFFFFFFFFFFFFFFFFFFFFFFF70
:10E0C000FFFFFFFFFFFFFFFFFFFFFFFFFFFFFFFF60
:10E0D000FFFFFFFFFFFFDB0000DBFFFFFFFFFFFF96
:10E0E000FFFFFFFFFFFFFFFFFFFFFFFFFFFFFFFF40
:10E0F000FFFFFFFFFFFFFFFFFFFFFFFFFFFFFFFF30
:10E10000FFFFFFFFFFFFFFFFFFFFFFFFFFFFFFFF1F
:10E11000FFFFFFFFFFFFDB0000DBFFFFFFFFFFFF55
:10E12000FFFFFFFFFFFFFFFFFFFFFFFFFFFFFFFFFF
:10E13000FFFFFFFFFFFFFFFFFFFFFFFFFFFFFFFFEF
:10E14000FFFFFFFFFFFFFFFFFFFFFFFFFFFFFFFFDF
:10E15000FFFFFFFFFFFFDB0000DBFFFFFFFFFFFF15
:10E16000FFFFFFFFFFFFFFFFFFFFFFFFFFFFFFFFBF
:10E17000FFFFFFFFFFFFFFFFFFFFFFFFFFFFFFFFAF
:10E18000FFFFFFFFFFFFFFFFFFFFFFFFFFFFFFFF9F
:10E19000FFFFFFFFFFFFDB0000DBFFFFFFFFFFFFD5
:10E1A000FFFFFFFFFFFFFFFFFFFFFFFFFFFFFFFF7F
:10E1B000FFFFFFFFFFFFFFFFFFB6494949494949FC
:10E1C000494949494949494949494949496DDBFF53
:10E1D000FFFFFFFFFFFFDB0000DBFFFFFFFFFFFF95
:10E1E000FFDB6D4949494949494949494949494933
:10E1F000494949494949B6FF920000000000000022
:10E2000000000000000000000000000000006DFFA2
:10E21000FFFFFFFFFFFFDB0000DBFFFFFFFFFFFF54
:10E22000FF6D000000000000000000000000000082
:10E230000000000000000092240000000000000028
:10E240000000000000000000000000000024B6FFF5
:10E25000FFFFFFFFFFFFDB0000DBFFFFFFFFFFFF14
:10E26000FFB62400000000000000000000000000D5
:10E270000000000000000024000049FFFFFFFFFF36
:10E28000FFFFFFFFFFFFFFFFFFFFFFFFFFFFFFFF9E
:10E29000FFFFFFFFFFFFDB0000DBFFFFFFFFFFFFD4
:10E2A000FFFFFFFFFFFFFFFFFFFFFFFFFFFFFFFF7E
:10E2B000FFFFFFFFFF490000000049FFFFFFFFFFD6
:10E2C000FFFFFFFFFFFFFFFFFFFFFFFFFFFFFFFF5E
:10E2D000FFFFFFFFFFFFDB0000DBFFFFFFFFFFFF94
:10E2E000FFFFFFFFFFFFFFFFFFFFFFFFFFFFFFFF3E
:10E2F000FFFFFFFFFF490000000049FFFFFFFFFF96
:10E30000FFFFFFFFFFFFFFFFFFFFFFFFFFFFFFFF1D
:10E31000FFFFFFFFFFFFDB0000DBFFFFFFFFFFFF53
:10E32000FFFFFFFFFFFFFFFFFFFFFFFFFFFFFFFFFD
:10E33000FFFFFFFFFF490000000049FFFFFFFFFF55
:10E34000FFFFFFFFFFFFFFFFFFFFFFFFFFFFFFFFDD
:10E35000FFFFFFFFFFFFDB0000DBFFFFFFFFFFFF13
:10E36000FFFFFFFFFFFFFFFFFFFFFFFFFFFFFFFFBD
:10E37000FFFFFFFFFF490000000049FFFFFFFFFF15
:10E38000FFFFFFFFFFFFFFFFFFFFFFFFFFFFFFFF9D
:10E39000FFFFFFFFFFFFDB0000DBFFFFFFFFFFFFD3
:10E3A000FFFFFFFFFFFFFFFFFFFFFFFFFFFFFFFF7D
:10E3B000FFFFFFFFFF490000000049FFFFFFFFFFD5
:10E3C000FFFFFFFFFFFFFFFFFFFFFFFFFFFFFFFF5D
:10E3D000FFFFFFFFFFFFDB0000DBFFFFFFFFFFFF93
:10E3E000FFFFFFFFFFFFFFFFFFFFFFFFFFFFFFFF3D
:10E3F000FFFFFFFFFF490000000049FFFFFFFFFF95
:10E40000FFFFFFFFFFFFFFFFFFFFFFFFFFFFFFFF1C
:10E41000FFFFFFFFFFFFDB0000DBFFFFFFFFFFFF52
:10E42000FFFFFFFFFFFFFFFFFFFFFFFFFFFFFFFFFC
:10E43000FFFFFFFFFF490000000049FFFFFFFFFF54
:10E44000FFFFFFFFFFFFFFFFFFFFFFFFFFFFFFFFDC
:10E45000FFFFFFFFFFFFDB0000DBFFFFFFFFFFFF12
:10E46000FFFFFFFFFFFFFFFFFFFFFFFFFFFFFFFFBC
:10E47000FFFFFFFFFF490000000049FFFFFFFFFF14
:10E48000FFFFFFFFFFFFFFFFFFFFFF4949DBFFFF2C
:10E49000FFFFFFFFFFFFDB0000DBFFFFFFFFFFFFD2
:10E4A000FFFFDB4949FFFFFFFFFFFFFFFFFFFFFF0C
:10E4B000FFFFFFFFFF490000000049FFFFFFFFFFD4
:10E4C000FFFFFFFFFFFFFFFFFFFFDB240049FFFF10
:10E4D000FFFFFFFFFFFFDB0000DBFFFFFFFFFFFF92
:10E4E000FFFF490024DBFFFFFFFFFFFFFFFFFFFFF0
:10E4F000FFFFFFFFFF490000000049FFFFFFFFFF94
:10E50000FFFFFFFFFFFFFFFFFFFFFF49000049FF85
:10E51000FFFFFFFFFFFFDB0000DBFFFFFFFFFFFF51
:10E52000FF49000049FFFFFFFFFFFFFFFFFFFFFF65
:10E53000FFFFFFFFFF490000000049FFFFFFFFFF53
:10E54000FFFFFFFFFFFFFFFFFFFFFFFF4900004945
:10E55000FFFFFFFFFFFFDB0000DBFFFFFFFFFFFF11
:10E5600049000049FFFFFFFFFFFFFFFFFFFFFFFF25
:10E57000FFFFFFFFFF490000000049FFFFFFFFFF13
:10E58000FFFFFFFFFFFFFFFFFFFFFFFFFF4900004F
:10E590006DFFFFFFFFFFDB0000DBFFFFFFFFFF6DF5
:10E5A000000049FFFFFFFFFFFFFFFFFFFFFFFFFF2F
:10E5B000FFFFFFFFFF490000000049FFFFFFFFFFD3
:10E5C000FFFFFFFFFFFFFFFFFFFFFFFFFFDB240059
:10E5D0002492FFFFFFFFDB0000DBFFFFFFFF922421
:10E5E0000024DBFFFFFFFFFFFFFFFFFFFFFFFFFF39
:10E5F000FFFFFFFFFF490000000049FFFFFFFFFF93
:10E60000FFFFFFFFFFFFFFFFFFFFFFFFFFFFDB2419
:10E61000000092FFFFFFDB0000DBFFFFFF92000026
:10E6200024DBFFFFFFFFFFFFFFFFFFFFFFFFFFFFF9
:10E63000FFFFFFFFFF490000000049FFFFFFFFFF52
:10E64000FFFFFFFFFFFFFFFFFFFFFFFFFFFFFFB623
:10E65000240024B6FFFFDB0000DBFFFFB62400240C
:10E66000B6FFFFFFFFFFFFFFFFFFFFFFFFFFFFFF03
:10E67000FFFFFFFFFF490000000049FFFFFFFFFF12
:10E68000FFFFFFFFFFFFFFFFFFFFFFFFFFFFFFFF9A
:10E69000B6240024B6FFDB0000DBFFB6240024B65E
:10E6A000FFFFFFFFFFFFFFFFFFFFFFFFFFFFFFFF7A
:10E6B000FFFFFFFFFF490000000049FFFFFFFFFFD2
:10E6C000FFFFFFFFFFFFFFFFFFFFFFFFFFFFFFFF5A
:10E6D000FF92000024DBDB0000DBDB24000092FF64
:10E6E000FFFFFFFFFFFFFFFFFFFFFFFFFFFFFFFF3A
:10E6F000FFFFFFFFFF490000000049FFFFFFFFFF92
:10E70000FFFFFFFFFFFFFFFFFFFFFFFFFFFFFFFF19
:10E71000FFFF92240024B60000B624002492FFFFDD
:10E72000FFFFFFFFFFFFFFFFFFFFFFFFFFFFFFFFF9
:10E73000FFFFFFFFFF490000000049FFFFFFFFFF51
:10E74000FFFFFFFFFFFFFFFFFFFFFFFFFFFFFFFFD9
:10E75000FFFFFF6D00002400002400006DFFFFFF9D
:10E76000FFFFFFFFFFFFFFFFFFFFFFFFFFFFFFFFB9
:10E77000FFFFFFFFFF490000000049FFFFFFFFFF11
:10E78000FFFFFFFFFFFFFFFFFFFFFFFFFFFFFFFF99
:10E79000FFFFFFFF4900000000000049FFFFFFFFEF
:10E7A000FFFFFFFFFFFFFFFFFFFFFFFFFFFFFFFF79
:10E7B000FFFFFFFFFF490000000049FFFFFFFFFFD1
:10E7C000FFFFFFFFFFFFFFFFFFFFFFFFFFFFFFFF59
:10E7D000FFFFFFFFFF490000000049FFFFFFFFFFB1
:10E7E000FFFFFFFFFFFFFFFFFFFFFFFFFFFFFFFF39
:10E7F000FFFFFFFFFF490000000049FFFFFFFFFF91
:10E80000FFFFFFFFFFFFFFFFFFFFFFFFFFFFFFFF18
:10E81000FFFFFFFFFFFF49000049FFFFFFFFFFFF72
:10E82000FFFFFFFFFFFFFFFFFFFFFFFFFFFFFFFFF8
:10E83000FFFFFFFFFF490000000049FFFFFFFFFF50
:10E84000FFFFFFFFFFFFFFFFFFFFFFFFFFFFFFFFD8
:10E85000FFFFFFFFFFFFDB4949DBFFFFFFFFFFFF7C
:10E86000FFFFFFFFFFFFFFFFFFFFFFFFFFFFFFFFB8
:10E87000FFFFFFFFFF490000000049FFFFFFFFFF10
:10E88000FFFFFFFFFFFFFFFFFFFFFFFFFFFFFFFF98
:10E89000FFFFFFFFFFFFFFFFFFFFFFFFFFFFFFFF88
:10E8A000FFFFFFFFFFFFFFFFFFFFFFFFFFFFFFFF78
:10E8B000FFFFFFFFFF490000000049FFFFFFFFFFD0
:10E8C000FFFFFFFFFFFFFFFFFFFFFFFFFFFFFFFF58
:10E8D000FFFFFFFFFFFFFFFFFFFFFFFFFFFFFFFF48
:10E8E000FFFFFFFFFFFFFFFFFFFFFFFFFFFFFFFF38
:10E8F000FFFFFFFFFF490000000049FFFFFFFFFF90
:10E90000FFFFFFFFFFFFFFFFFFFFFFFFFFFFFFFF17
:10E91000FFFFFFFFFFFFFFFFFFFFFFFFFFFFFFFF07
:10E92000FFFFFFFFFFFFFFFFFFFFFFFFFFFFFFFFF7
:10E93000FFFFFFFFFF490000000049FFFFFFFFFF4F
:10E94000FFFFFFFFFFFFFFFFFFFFFFFFFFFFFFFFD7
:10E95000FFFFFFFFFFFFFFFFFFFFFFFFFFFFFFFFC7
:10E96000FFFFFFFFFFFFFFFFFFFFFFFFFFFFFFFFB7
:10E97000FFFFFFFFFF490000000049FFFFFFFFFF0F
:10E98000FFFFFFFFFFFFFFFFFFFFFFFFFFFFFFFF97
:10E99000FFFFFFFFFFFFFFFFFFFFFFFFFFFFFFFF87
:10E9A000FFFFFFFFFFFFFFFFFFFFFFFFFFFFFFFF77
:10E9B000FFFFFFFFFF490000000049FFFFFFFFFFCF
:10E9C000FFFFFFFFFFFFFFFFFFFFFFFFFFFFFFFF57
:10E9D000FFFFFFFFFFFFFFFFFFFFFFFFFFFFFFFF47
:10E9E000FFFFFFFFFFFFFFFFFFFFFFFFFFFFFFFF37
:10E9F000FFFFFFFFFF490000000049FFFFFFFFFF8F
:10EA0000FFFFFFFFFFFFFFFFFFFFFFFFFFFFFFFF16
:10EA1000FFFFFFFFFFFFFFFFFFFFFFFFFFFFFFFF06
:10EA2000FFFFFFFFFFFFFFFFFFFFFFFFFFFFFFFFF6
:10EA3000FFFFFFFFFF490000000049FFFFFFFFFF4E
:10EA4000FFFFFFFFFFFFFFFFFFFFFFFFFFFFFFFFD6
:10EA5000FFFFFFFFFFFFFFFFFFFFFFFFFFFFFFFFC6
:10EA6000FFFFFFFFFFFFFFFFFFFFFFFFFFFFFFFFB6
:10EA7000FFFFFFFFFF490000000049FFFFFFFFFF0E
:10EA8000FFFFFFFFFFFFFFFFFFFFFFFFFFFFFFFF96
:10EA9000FFFFFFFFFFFFFFFFFFFFFFFFFFFFFFFF86
:10EAA000FFFFFFFFFFFFFFFFFFFFFFFFFFFFFFFF76
:10EAB000FFFFFFFFFF490000000049FFFFFFFFFFCE
:10EAC000FFFFFFFFFFFFFFFFFFFFFFFFFFFFFFFF56
:10EAD000FFFFFFFFFFFFFFFFFFFFFFFFFFFFFFFF46
:10EAE000FFFFFFFFFFFFFFFFFFFFFFFFFFFFFFFF36
:10EAF000FFFFFFFFFF490000000049FFFFFFFFFF8E
:10EB0000FFFFFFFFFFFFFFFFFFFFFFFFFFFFFFFF15
:10EB1000FFFFFFFFFFFFFFFFFFFFFFFFFFFFFFFF05
:10EB2000FFFFFFFFFFFFFFFFFFFFFFFFFFFFFFFFF5
:10EB3000FFFFFFFFFF490000000049FFFFFFFFFF4D
:10EB4000FFFFFFFFFFFFFFFFFFFFFFFFFFFFFFFFD5
:10EB5000FFFFFFFFFFFFFFFFFFFFFFFFFFFFFFFFC5
:10EB6000FFFFFFFFFFFFFFFFFFFFFFFFFFFFFFFFB5
:10EB7000FFFFFFFFFF490000000049FFFFFFFFFF0D
:10EB8000FFFFFFFFFFFFFFFFFFFFFFFFFFFFFFFF95
:10EB9000FFFFFFFFFFFFFFFFFFFFFFFFFFFFFFFF85
:10EBA000FFFFFFFFFFFFFFFFFFFFFFFFFFFFFFFF75
:10EBB000FFFFFFFFFF49000024002449494949495C
:10EBC00049494949494949494949494949494949B5
:10EBD00049494949494949494949494949494949A5
:10EBE0004949494949494949494949494949494995
:10EBF00049494949492400246D00000000000000F3
:10EC00000000000000000000000000000000000004
:10EC100000000000000000000000000000000000F4
:10EC200000000000000000000000000000000000E4
:10EC3000000000000000006DFF6D240000000000D7
:10EC400000000000000000000000000000000000C4
:10EC500000000000000000000000000000000000B4
:10EC600000000000000000000000000000000000A4
:10EC70000000000000246DFFFFFFFFFFFFFFFFFF0C
:10EC8000FFFFFFFFFFFFFFFFFFFFFFFFFFFFFFFF94
:10EC9000FFFFFFFFFFFFDB4949DBFFFFFFFFFFFF38
:10ECA000FFFFFFFFFFFFFFFFFFFFFFFFFFFFFFFF74
:10ECB000FFFFFFFFFFFFFFFFFFFFFFFFFFFFFFFF64
:10ECC000FFFFFFFFFFFFFFFFFFFFFFFFFFFFFFFF54
:10ECD000FFFFFFFFFFFF49000049FFFFFFFFFFFFAE
:10ECE000FFFFFFFFFFFFFFFFFFFFFFFFFFFFFFFF34
:10ECF000FFFFFFFFFFFFFFFFFFFFFFFFFFFFFFFF24
:10ED0000FFFFFFFFFFFFFFFFFFFFFFFFFFFFFFFF13
:10ED1000FFFFFFFFFF490000000049FFFFFFFFFF6B
:10ED2000FFFFFFFFFFFFFFFFFFFFFFFFFFFFFFFFF3
:10ED3000FFFFFFFFFFFFFFFFFFFFFFFFFFFFFFFFE3
:10ED4000FFFFFFFFFFFFFFFFFFFFFFFFFFFFFFFFD3
:10ED5000FFFFFFFF4900000000000049FFFFFFFF29
:10ED6000FFFFFFFFFFFFFFFFFFFFFFFFFFFFFFFFB3
:10ED7000FFFFFFFFFFFFFFFFFFFFFFFFFFFFFFFFA3
:10ED8000FFFFFFFFFFFFFFFFFFFFFFFFFFFFFFFF93
:10ED9000FFFFFF6D00002400002400006DFFFFFF57
:10EDA000FFFFFFFFFFFFFFFFFFFFFFFFFFFFFFFF73
:10EDB000FFFFFFFFFFFFFFFFFFFFFFFFFFFFFFFF63
:10EDC000FFFFFFFFFFFFFFFFFFFFFFFFFFFFFFFF53
:10EDD000FFFF92240024B60000B624002492FFFF17
:10EDE000FFFFFFFFFFFFFFFFFFFFFFFFFFFFFFFF33
:10EDF000FFFFFFFFFFFFFFFFFFFFFFFFFFFFFFFF23
:10EE0000FFFFFFFFFFFFFFFFFFFFFFFFFFFFFFFF12
:10EE1000FF92000024DBDB0000DBDB24000092FF1C
:10EE2000FFFFFFFFFFFFFFFFFFFFFFFFFFFFFFFFF2
:10EE3000FFFFFFFFFFFFFFFFFFFFFFFFFFFFFFFFE2
:10EE4000FFFFFFFFFFFFFFFFFFFFFFFFFFFFFFFFD2
:10EE5000B6240024B6FFDB0000DBFFB6240024B696
:10EE6000FFFFFFFFFFFFFFFFFFFFFFFFFFFFFFFFB2
:10EE7000FFFFFFFFFFFFFFFFFFFFFFFFFFFFFFFFA2
:10EE8000FFFFFFFFFFFFFFFFFFFFFFFFFFFFFFB6DB
:10EE9000240024B6FFFFDB0000DBFFFFB6240024C4
:10EEA000B6FFFFFFFFFFFFFFFFFFFFFFFFFFFFFFBB
:10EEB000FFFFFFFFFFFFFFFFFFFFFFFFFFFFFFFF62
:10EEC000FFFFFFFFFFFFFFFFFFFFFFFFFFFFDB2451
:10EED000000092FFFFFFDB0000DBFFFFFF9200005E
:10EEE00024DBFFFFFFFFFFFFFFFFFFFFFFFFFFFF31
:10EEF000FFFFFFFFFFFFFFFFFFFFFFFFFFFFFFFF22
:10EF0000FFFFFFFFFFFFFFFFFFFFFFFFFFDB24000F
:10EF10002492FFFFFFFFDB0000DBFFFFFFFF9224D7
:10EF20000024DBFFFFFFFFFFFFFFFFFFFFFFFFFFEF
:10EF3000FFFFFFFFFFFFFFFFFFFFFFFFFFFFFFFFE1
:10EF4000FFFFFFFFFFFFFFFFFFFFFFFFFF49000085
:10EF50006DFFFFFFFFFFDB0000DBFFFFFFFFFF6D2B
:10EF6000000049FFFFFFFFFFFFFFFFFFFFFFFFFF65
:10EF7000FFFFFFFFFFFFFFFFFFFFFFFFFFFFFFFFA1
:10EF8000FFFFFFFFFFFFFFFFFFFFFFFF49000049FB
:10EF9000FFFFFFFFFFFFDB0000DBFFFFFFFFFFFFC7
:10EFA00049000049FFFFFFFFFFFFFFFFFFFFFFFFDB
:10EFB000FFFFFFFFFFFFFFFFFFFFFFFFFFFFFFFF61
:10EFC000FFFFFFFFFFFFFFFFFFFFFF49000049FFBB
:10EFD000FFFFFFFFFFFFDB0000DBFFFFFFFFFFFF87
:10EFE000FF49000049FFFFFFFFFFFFFFFFFFFFFF9B
:10EFF000FFFFFFFFFFFFFFFFFFFFFFFFFFFFFFFF21
:10F00000FFFFFFFFFFFFFFFFFFFFDB240049FFFFC4
:10F01000FFFFFFFFFFFFDB0000DBFFFFFFFFFFFF46
:10F02000FFFF490024DBFFFFFFFFFFFFFFFFFFFFA4
:10F03000FFFFFFFFFFFFFFFFFFFFFFFFFFFFFFFFE0
:10F04000FFFFFFFFFFFFFFFFFFFFFF4949DBFFFF60
:10F05000FFFFFFFFFFFFDB0000DBFFFFFFFFFFFF06
:10F06000FFFFDB4949FFFFFFFFFFFFFFFFFFFFFF40
:10F07000FFFFFFFFFFFFFFFFFFFFFFFFFFFFFFFFA0
:10F08000FFFFFFFFFFFFFFFFFFFFFFFFFFFFFFFF90
:10F09000FFFFFFFFFFFFDB0000DBFFFFFFFFFFFFC6
:10F0A000FFFFFFFFFFFFFFFFFFFFFFFFFFFFFFFF70
:10F0B000FFFFFFFFFFFFFFFFFFFFFFFFFFFFFFFF60
:10F0C000FFFFFFFFFFFFFFFFFFFFFFFFFFFFFFFF50
:10F0D000FFFFFFFFFFFFDB0000DBFFFFFFFFFFFF86
:10F0E000FFFFFFFFFFFFFFFFFFFFFFFFFFFFFFFF30
:10F0F000FFFFFFFFFFFFFFFFFFFFFFFFFFFFFFFF20
:10F10000FFFFFFFFFFFFFFFFFFFFFFFFFFFFFFFF0F
:10F11000FFFFFFFFFFFFDB0000DBFFFFFFFFFFFF45
:10F12000FFFFFFFFFFFFFFFFFFFFFFFFFFFFFFFFEF
:10F13000FFFFFFFFFFFFFFFFFFFFFFFFFFFFFFFFDF
:10F14000FFFFFFFFFFFFFFFFFFFFFFFFFFFFFFFFCF
:10F15000FFFFFFFFFFFFDB0000DBFFFFFFFFFFFF05
:10F16000FFFFFFFFFFFFFFFFFFFFFFFFFFFFFFFFAF
:10F17000FFFFFFFFFFFFFFFFFFFFFFFFFFFFFFFF9F
:10F18000FFFFFFFFFFFFFFFFFFFFFFFFFFFFFFFF8F
:10F19000FFFFFFFFFFFFDB0000DBFFFFFFFFFFFFC5
:10F1A000FFFFFFFFFFFFFFFFFFFFFFFFFFFFFFFF6F
:10F1B000FFFFFFFFFFFFFFFFFFB6494949494949EC
:10F1C000494949494949494949494949496DDBFF43
:10F1D000FFFFFFFFFFFFDB0000DBFFFFFFFFFFFF85
:10F1E000FFDB6D4949494949494949494949494923
:10F1F000494949494949B6FF920000000000000012
:10F2000000000000000000000000000000006DFF92
:10F21000FFFFFFFFFFFFDB0000DBFFFFFFFFFFFF44
:10F22000FF6D000000000000000000000000000072
:10F230000000000000000092240000000000000018
:10F240000000000000000000000000000024B6FFE5
:10F25000FFFFFFFFFFFFDB0000DBFFFFFFFFFFFF04
:10F26000FFB62400000000000000000000000000C5
:10F270000000000000000024000049FFFFFFFFFF26
:10F28000FFFFFFFFFFFFFFFFFFFFFFFFFFFFFFFF8E
:10F29000FFFFFFFFFFFFDB0000DBFFFFFFFFFFFFC4
:10F2A000FFFFFFFFFFFFFFFFFFFFFFFFFFFFFFFF6E
:10F2B000FFFFFFFFFF490000000049FFFFFFFFFFC6
:10F2C000FFFFFFFFFFFFFFFFFFFFFFFFFFFFFFFF4E
:10F2D000FFFFFFFFFFFFDB0000DBFFFFFFFFFFFF84
:10F2E000FFFFFFFFFFFFFFFFFFFFFFFFFFFFFFFF2E
:10F2F000FFFFFFFFFF490000000049FFFFFFFFFF86
:10F30000FFFFFFFFFFFFFFFFFFFFFFFFFFFFFFFF0D
:10F31000FFFFFFFFFFFFDB0000DBFFFFFFFFFFFF43
:10F32000FFFFFFFFFFFFFFFFFFFFFFFFFFFFFFFFED
:10F33000FFFFFFFFFF490000000049FFFFFFFFFF45
:10F34000FFFFFFFFFFFFFFFFFFFFFFFFFFFFFFFFCD
:10F35000FFFFFFFFFFFFDB0000DBFFFFFFFFFFFF03
:10F36000FFFFFFFFFFFFFFFFFFFFFFFFFFFFFFFFAD
:10F37000FFFFFFFFFF490000000049FFFFFFFFFF05
:10F38000FFFFFFFFFFFFFFFFFFFFFFFFFFFFFFFF8D
:10F39000FFFFFFFFFFFFDB0000DBFFFFFFFFFFFFC3
:10F3A000FFFFFFFFFFFFFFFFFFFFFFFFFFFFFFFF6D
:10F3B000FFFFFFFFFF490000000049FFFFFFFFFFC5
:10F3C000FFFFFFFFFFFFFFFFFFFFFFFFFFFFFFFF4D
:10F3D000FFFFFFFFFFFFDB0000DBFFFFFFFFFFFF83
:10F3E000FFFFFFFFFFFFFFFFFFFFFFFFFFFFFFFF2D
:10F3F000FFFFFFFFFF490000000049FFFFFFFFFF85
:10F40000FFFFFFFFFFFFFFFFFFFFFFFFFFFFFFFF0C
:10F41000FFFFFFFFFFFFDB0000DBFFFFFFFFFFFF42
:10F42000FFFFFFFFFFFFFFFFFFFFFFFFFFFFFFFFEC
:10F43000FFFFFFFFFF490000000049FFFFFFFFFF44
:10F44000FFFFFFFFFFFFFFFFFFFFFFFFFFFFFFFFCC
:10F45000FFFFFFFFFFFFDB0000DBFFFFFFFFFFFF02
:10F46000FFFFFFFFFFFFFFFFFFFFFFFFFFFFFFFFAC
:10F47000FFFFFFFFFF490000000049FFFFFFFFFF04
:10F48000FFFFFFFFFFFFFFFFFFFFFFFFFFFFFFFF8C
:10F49000FFFFFFFFFFFFDB0000DBFFFFFFFFFFFFC2
:10F4A000FFFFFFFFFFFFFFFFFFFFFFFFFFFFFFFF6C
:10F4B000FFFFFFFFFF490000000049FFFFFFFFFFC4
:10F4C000FFFFFFFFFFFFFFFFFFFFFFFFFFFFFFFF4C
:10F4D000FFFFFFFFFFFFDB0000DBFFFFFFFFFFFF82
:10F4E000FFFFFFFFFFFFFFFFFFFFFFFFFFFFFFFF2C
:10F4F000FFFFFFFFFF490000000049FFFFFFFFFF84
:10F50000FFFFFFFFFFFFFFFFFFFFFFFFFFFFFFFF0B
:10F51000FFFFFFFFFFFFDB0000DBFFFFFFFFFFFF41
:10F52000FFFFFFFFFFFFFFFFFFFFFFFFFFFFFFFFEB
:10F53000FFFFFFFFFF490000000049FFFFFFFFFF43
:10F54000FFFFFFFFFFFFFFFFFFFFFFFFFFFFFFFFCB
:10F55000FFFFFFFFFFFFDB0000DBFFFFFFFFFFFF01
:10F56000FFFFFFFFFFFFFFFFFFFFFFFFFFFFFFFFAB
:10F57000FFFFFFFFFF490000000049FFFFFFFFFF03
:10F58000FFFFFFFFFFFFFFFFFFFFFFFFFFFFFFFF8B
:10F59000FFFFFFFFFFFFDB0000DBFFFFFFFFFFFFC1
:10F5A000FFFFFFFFFFFFFFFFFFFFFFFFFFFFFFFF6B
:10F5B000FFFFFFFFFF490000000049FFFFFFFFFFC3
:10F5C000FFFFFFFFFFFFFFFFFFFFFFFFFFFFFFFF4B
:10F5D000FFFFFFFFFFFFDB0000DBFFFFFFFFFFFF81
:10F5E000FFFFFFFFFFFFFFFFFFFFFFFFFFFFFFFF2B
:10F5F000FFFFFFFFFF490000000049FFFFFFFFFF83
:10F60000FFFFFFFFFFFFFFFFFFFFFFFFFFFFFFFF0A
:10F61000FFFFFFFFFFFFDB0000DBFFFFFFFFFFFF40
:10F62000FFFFFFFFFFFFFFFFFFFFFFFFFFFFFFFFEA
:10F63000FFFFFFFFFF490000000049FFFFFFFFFF42
:10F64000FFFFFFFFFFFFFFFFFFFFFFFFFFFFFFFFCA
:10F65000FFFFFFFFFFFFDB0000DBFFFFFFFFFFFF00
:10F66000FFFFFFFFFFFFFFFFFFFFFFFFFFFFFFFFAA
:10F67000FFFFFFFFFF490000000049FFFFFFFFFF02
:10F68000FFFFFFFFFFFFFFFFFFFFFFFFFFFFFFFF8A
:10F69000FFFFFFFFFFFFDB0000DBFFFFFFFFFFFFC0
:10F6A000FFFFFFFFFFFFFFFFFFFFFFFFFFFFFFFF6A
:10F6B000FFFFFFFFFF490000000049FFFFFFFFFFC2
:10F6C000FFFFFFFFFFFFFFFFFFFFFFFFFFFFFFFF4A
:10F6D000FFFFFFFFFFFFDB0000DBFFFFFFFFFFFF80
:10F6E000FFFFFFFFFFFFFFFFFFFFFFFFFFFFFFFF2A
:10F6F000FFFFFFFFFF490000000049FFFFFFFFFF82
:10F70000FFFFFFFFFFFFFFFFFFFFFFFFFFFFFFFF09
:10F71000FFFFFFFFFFFFDB0000DBFFFFFFFFFFFF3F
:10F72000FFFFFFFFFFFFFFFFFFFFFFFFFFFFFFFFE9
:10F73000FFFFFFFFFF490000000049FFFFFFFFFF41
:10F74000FFFFFFFFFFFFFFFFFFFFFFFFFFFFFFFFC9
:10F75000FFFFFFFFFFFFDB0000DBFFFFFFFFFFFFFF
:10F76000FFFFFFFFFFFFFFFFFFFFFFFFFFFFFFFFA9
:10F77000FFFFFFFFFF490000000049FFFFFFFFFF01
:10F78000FFFFFFFFFFFFFFFFFFFFFFFFFFFFFFFF89
:10F79000FFFFFFFFFFFFDB0000DBFFFFFFFFFFFFBF
:10F7A000FFFFFFFFFFFFFFFFFFFFFFFFFFFFFFFF69
:10F7B000FFFFFFFFFF490000000049FFFFFFFFFFC1
:10F7C000FFFFFFFFFFFFFFFFFFFFFFFFFFFFFFFF49
:10F7D000FFFFFFFFFFFFDB0000DBFFFFFFFFFFFF7F
:10F7E000FFFFFFFFFFFFFFFFFFFFFFFFFFFFFFFF29
:10F7F000FFFFFFFFFF490000000049FFFFFFFFFF81
:10F80000FFFFFFFFFFFFFFFFFFFFFFFFFFFFFFFF08
:10F81000FFFFFFFFFFFFDB0000DBFFFFFFFFFFFF3E
:10F82000FFFFFFFFFFFFFFFFFFFFFFFFFFFFFFFFE8
:10F83000FFFFFFFFFF490000000049FFFFFFFFFF40
:10F84000FFFFFFFFFFFFFFFFFFFFFFFFFFFFFFFFC8
:10F85000FFFFFFFFFFFFFF4949FFFFFFFFFFFFFF24
:10F86000FFFFFFFFFFFFFFFFFFFFFFFFFFFFFFFFA8
:10F87000FFFFFFFFFF490000000049FFFFFFFFFF00
:10F88000FFFFFFFFFFFFFFFFFFFFFFFFFFFFFFFF88
:10F89000FFFFFFFFFFFFFFFFFFFFFFFFFFFFFFFF78
:10F8A000FFFFFFFFFFFFFFFFFFFFFFFFFFFFFFFF68
:10F8B000FFFFFFFFFF490000000049FFFFFFFFFFC0
:10F8C000FFFFFFFFFFFFFFFFFFFFFFFFFFFFFFFF48
:10F8D000FFFFFFFFFFFFFFFFFFFFFFFFFFFFFFFF38
:10F8E000FFFFFFFFFFFFFFFFFFFFFFFFFFFFFFFF28
:10F8F000FFFFFFFFFF490000000049FFFFFFFFFF80
:10F90000FFFFFFFFFFFFFFFFFFFFFFFFFFFFFFFF07
:10F91000FFFFFFFFFFFFFFFFFFFFFFFFFFFFFFFFF7
:10F92000FFFFFFFFFFFFFFFFFFFFFFFFFFFFFFFFE7
:10F93000FFFFFFFFFF490000000049FFFFFFFFFF3F
:10F94000FFFFFFFFFFFFFFFFFFFFFFFFFFFFFFFFC7
:10F95000FFFFFFFFFFFFFFFFFFFFFFFFFFFFFFFFB7
:10F96000FFFFFFFFFFFFFFFFFFFFFFFFFFFFFFFFA7
:10F97000FFFFFFFFFF490000000049FFFFFFFFFFFF
:10F98000FFFFFFFFFFFFFFFFFFFFFFFFFFFFFFFF87
:10F99000FFFFFFFFFFFFFFFFFFFFFFFFFFFFFFFF77
:10F9A000FFFFFFFFFFFFFFFFFFFFFFFFFFFFFFFF67
:10F9B000FFFFFFFFFF490000000049FFFFFFFFFFBF
:10F9C000FFFFFFFFFFFFFFFFFFFFFFFFFFFFFFFF47
:10F9D000FFFFFFFFFFFFFFFFFFFFFFFFFFFFFFFF37
:10F9E000FFFFFFFFFFFFFFFFFFFFFFFFFFFFFFFF27
:10F9F000FFFFFFFFFF490000000049FFFFFFFFFF7F
:10FA0000FFFFFFFFFFFFFFFFFFFFFFFFFFFFFFFF06
:10FA1000FFFFFFFFFFFFFFFFFFFFFFFFFFFFFFFFF6
:10FA2000FFFFFFFFFFFFFFFFFFFFFFFFFFFFFFFFE6
:10FA3000FFFFFFFFFF490000000049FFFFFFFFFF3E
:10FA4000FFFFFFFFFFFFFFFFFFFFFFFFFFFFFFFFC6
:10FA5000FFFFFFFFFFFFFFFFFFFFFFFFFFFFFFFFB6
:10FA6000FFFFFFFFFFFFFFFFFFFFFFFFFFFFFFFFA6
:10FA7000FFFFFFFFFF490000000049FFFFFFFFFFFE
:10FA8000FFFFFFFFFFFFFFFFFFFFFFFFFFFFFFFF86
:10FA9000FFFFFFFFFFFFFFFFFFFFFFFFFFFFFFFF76
:10FAA000FFFFFFFFFFFFFFFFFFFFFFFFFFFFFFFF66
:10FAB000FFFFFFFFFF490000000049FFFFFFFFFFBE
:10FAC000FFFFFFFFFFFFFFFFFFFFFFFFFFFFFFFF46
:10FAD000FFFFFFFFFFFFFFFFFFFFFFFFFFFFFFFF36
:10FAE000FFFFFFFFFFFFFFFFFFFFFFFFFFFFFFFF26
:10FAF000FFFFFFFFFF490000000049FFFFFFFFFF7E
:10FB0000FFFFFFFFFFFFFFFFFFFFFFFFFFFFFFFF05
:10FB1000FFFFFFFFFFFFFFFFFFFFFFFFFFFFFFFFF5
:10FB2000FFFFFFFFFFFFFFFFFFFFFFFFFFFFFFFFE5
:10FB3000FFFFFFFFFF490000000049FFFFFFFFFF3D
:10FB4000FFFFFFFFFFFFFFFFFFFFFFFFFFFFFFFFC5
:10FB5000FFFFFFFFFFFFFFFFFFFFFFFFFFFFFFFFB5
:10FB6000FFFFFFFFFFFFFFFFFFFFFFFFFFFFFFFFA5
:10FB7000FFFFFFFFFF490000000049FFFFFFFFFFFD
:10FB8000FFFFFFFFFFFFFFFFFFFFFFFFFFFFFFFF85
:10FB9000FFFFFFFFFFFFFFFFFFFFFFFFFFFFFFFF75
:10FBA000FFFFFFFFFFFFFFFFFFFFFFFFFFFFFFFF65
:10FBB000FFFFFFFFFF49000024002449494949494C
:10FBC00049494949494949494949494949494949A5
:10FBD0004949494949494949494949494949494995
:10FBE0004949494949494949494949494949494985
:10FBF00049494949492400246D00000000000000E3
:10FC000000000000000000000000000000000000F4
:10FC100000000000000000000000000000000000E4
:10FC200000000000000000000000000000000000D4
:10FC3000000000000000006DFF6D240000000000C7
:10FC400000000000000000000000000000000000B4
:10FC500000000000000000000000000000000000A4
:10FC60000000000000000000000000000000000094
:10FC70000000000000246DFFFFFFFFFFFFFFFFFFFC
:10FC8000FF6D4924242424242424242424242424EB
:10FC90002424242424242424242424242424242424
:10FCA0002424242424242424242424242424242414
:10FCB0002424242424244992FFFFFFFFFFFFFFFF99
:10FCC000DB24000000000000000000000000000035
:10FCD0000000000000000000000000000000000024
:10FCE0000000000000000000000000000000000014
:10FCF0000000000000000049FFFFFFFFFFFFFFFFC3
:10FD0000DB240000000000000000000000000000F4
:10FD100000000000000000000000000000000000E3
:10FD200000000000000000000000000000000000D3
:10FD30000000000000000049FFFFFFFFFFFFFFFF82
:10FD4000DB0000006D929292929292929292240025
:10FD50000049929292929292929292490000249239
:10FD600092929292929292926D0000006D92929273
:10FD7000929292926D000049FFFFFFFFFFFFFFFF8D
:10FD8000DB000024DBFFFFFFFFFFFFFFFFFF490059
:10FD900000B6FFFFFFFFFFFFFFFFFFB6000049FFB8
:10FDA000FFFFFFFFFFFFFFFFFF240024DBFFFFFF3C
:10FDB000FFFFFFFFDB240049FFFFFFFFFFFFFFFF07
:10FDC000DB000024DBFFFFFFFFFFFFFFFFFF490019
:10FDD00000B6FFFFFFFFFFFFFFFFFFB6000049FF78
:10FDE000FFFFFFFFFFFFFFFFFF240024DBFFFFFFFC
:10FDF000FFFFFFFFDB240049FFFFFFFFFFFFFFFFC7
:10FE0000DB000024DBFFFFFFFFFFFFFFFFFF4900D8
:10FE100000B6FFFFFFFFFFFFFFFFFFB6000049FF37
:10FE2000FFFFFFFFFFFFFFFFFF240024DBFFFFFFBB
:10FE3000FFFFFFFFDB240049FFFFFFFFFFFFFFFF86
:10FE4000DB000024DBFFFFFFFFFFFFFFFFFF490098
:10FE500000B6FFFFFFFFFFFFFFFFFFB6000049FFF7
:10FE6000FFFFFFFFFFFFFFFFFF240024DBFFFFFF7B
:10FE7000FFFFFFFFDB240049FFFFFFFFFFFFFFFF46
:10FE8000DB000024DBFFFFFFFFFFFFFFFFFF490058
:10FE900000B6FFFFFFFFFFFFFFFFFFB6000049FFB7
:10FEA000FFFFFFFFFFFFFFFFFF240024DBFFFFFF3B
:10FEB000FFFFFFFFDB240049FFFFFFFFFFFFFFFF06
:10FEC000DB000024DBFFFFFFFFFFFFFFFFFF490018
:10FED0000092FFFFFFFFFFFFFFFFFF92000049FFBF
:10FEE000FFFFFFFFFFFFFFFFDB240024B6FFFFFF44
:10FEF000FFFFFFFFDB240049FFFFFFFFFFFFFFFFC6
:10FF0000DB000000496D6D6D6D6D6D6D6D6D2400D4
:10FF100000496D6D6D6D6D6D6D6D6D490000246DE9
:10FF20006D6D6D6D6D6D6D6D6D000000496D6D6D6C
:10FF30006D6D6D6D6D000049FFFFFFFFFFFFFFFF5F
:10FF4000DB000000000000000000000000000000D6
:10FF500000000000000000000000000000000000A1
:10FF60000000000000000000000000000000000091
:10FF70000000000000000049FFFFFFFFFFFFFFFF40
:10FF8000DB00000000000000000000000000000096
:10FF90000000000000000000000000000000000061
:10FFA0000000000000000000000000000000000051
:10FFB0000000000000000049FFFFFFFFFFFFFFFF00
:10FFC000DB0000004949494949494949494900007C
:10FFD00000244949494949494949492400000049FF
:10FFE0004949494949494949490000002449494981
:10FFF0004949494949000049FFFFFFFFFFFFFFFF53
:020000040803EF
:10000000DB000024B6DBDBDBDBDBDBDBDBDB49003F
:100010000092DBDBDBDBDBDBDBDBDB92000049DBE5
:10002000DBDBDBDBDBDBDBDBB6240000B6DBDBDBD7
:10003000DBDBDBDBB6240049FFFFFFFFFFFFFFFF39
:10004000DB000024DBFFFFFFFFFFFFFFFFFF490096
:1000500000B6FFFFFFFFFFFFFFFFFFB6000049FFF5
:10006000FFFFFFFFFFFFFFFFFF240024DBFFFFFF79
:10007000FFFFFFFFDB240049FFFFFFFFFFFFFFFF44
:10008000DB000024DBFFFFFFFFFFFFFFFFFF490056
:1000900000B6FFFFFFFFFFFFFFFFFFB6000049FFB5
:1000A000FFFFFFFFFFFFFFFFFF240024DBFFFFFF39
:1000B000FFFFFFFFDB240049FFFFFFFFFFFFFFFF04
:1000C000DB000024DBFFFFFFFFFFFFFFFFFF490016
:1000D00000B6FFFFFFFFFFFFFFFFFFB6000049FF75
:1000E000FFFFFFFFFFFFFFFFFF240024DBFFFFFFF9
:1000F000FFFFFFFFDB240049FFFFFFFFFFFFFFFFC4
:10010000DB000024DBFFFFFFFFFFFFFFFFFF4900D5
:1001100000B6FFFFFFFFFFFFFFFFFFB6000049FF34
:10012000FFFFFFFFFFFFFFFFFF240024DBFFFFFFB8
:10013000FFFFFFFFDB240049FFFFFFFFFFFFFFFF83
:10014000DB000024DBFFFFFFFFFFFFFFFFFF490095
:1001500000B6FFFFFFFFFFFFFFFFFFB6000049FFF4
:10016000FFFFFFFFFFFFFFFFFF240024DBFFFFFF78
:10017000FFFFFFFFDB240049FFFFFFFFFFFFFFFF43
:10018000DB000024DBFFFFFFFFFFFFFFFFFF490055
:1001900000B6FFFFFFFFFFFFFFFFFFB6000049FFB4
:1001A000FFFFFFFFFFFFFFFFFF240024DBFFFFFF38
:1001B000FFFFFFFFDB240049FFFFFFFFFFFFFFFF03
:1001C000DB000024DBFFFFFFFFFFFFFFFFFF490015
:1001D00000B6FFFFFFFFFFFFFFFFFFB6000049FF74
:1001E000FFFFFFFFFFFFFFFFFF240024DBFFFFFFF8
:1001F000FFFFFFFFDB240049FFFFFFFFFFFFFFFFC3
:10020000DB000024DBFFFFFFFFFFFFFFFFFF4900D4
:1002100000B6FFFFFFFFFFFFFFFFFFB6000049FF33
:10022000FFFFFFFFFFFFFFFFFF240024DBFFFFFFB7
:10023000FFFFFFFFDB240049FFFFFFFFFFFFFFFF82
:10024000DB000024DBFFFFFFFFFFFFFFFFFF490094
:1002500000B6FFFFFFFFFFFFFFFFFFB6000049FFF3
:10026000FFFFFFFFFFFFFFFFFF240024DBFFFFFF77
:10027000FFFFFFFFDB240049FFFFFFFFFFFFFFFF42
:10028000DB000024DBFFFFFFFFFFFFFFFFFF490054
:1002900000B6FFFFFFFFFFFFFFFFFFB6000049FFB3
:1002A000FFFFFFFFFFFFFFFFFF240024DBFFFFFF37
:1002B000FFFFFFFFDB240049FFFFFFFFFFFFFFFF02
:1002C000DB000024DBFFFFFFFFFFFFFFFFFF490014
:1002D00000B6FFFFFFFFFFFFFFFFFFB6000049FF73
:1002E000FFFFFFFFFFFFFFFFFF240024DBFFFFFFF7
:1002F000FFFFFFFFDB240049FFFFFFFFFFFFFFFFC2
:10030000DB000024DBFFFFFFFFFFFFFFFFFF4900D3
:1003100000B6FFFFFFFFFFFFFFFFFFB6000049FF32
:10032000FFFFFFFFFFFFFFFFFF240024DBFFFFFFB6
:10033000FFFFFFFFDB240049FFFFFFFFFFFFFFFF81
:10034000DB000024DBFFFFFFFFFFFFFFFFFF490093
:1003500000B6FFFFFFFFFFFFFFFFFFB6000049FFF2
:10036000FFFFFFFFFFFFFFFFFF240024DBFFFFFF76
:10037000FFFFFFFFDB240049FFFFFFFFFFFFFFFF41
:10038000DB000024DBFFFFFFFFFFFFFFFFFF490053
:1003900000B6FFFFFFFFFFFFFFFFFFB6000049FFB2
:1003A000FFFFFFFFFFFFFFFFFF240024DBFFFFFF36
:1003B000FFFFFFFFDB240049FFFFFFFFFFFFFFFF01
:1003C000DB000024DBFFFFFFFFFFFFFFFFFF490013
:1003D00000B6FFFFFFFFFFFFFFFFFFB6000049FF72
:1003E000FFFFFFFFFFFFFFFFFF240024DBFFFFFFF6
:1003F000FFFFFFFFDB240049FFFFFFFFFFFFFFFFC1
:10040000DB000024DBFFFFFFFFFFFFFFFFFF4900D2
:1004100000B6FFFFFFFFFFFFFFFFFFB6000049FF31
:10042000FFFFFFFFFFFFFFFFFF240024DBFFFFFFB5
:10043000FFFFFFFFDB240049FFFFFFFFFFFFFFFF80
:10044000DB000024DBFFFFFFFFFFFFFFFFFF490092
:1004500000B6FFFFFFFFFFFFFFFFFFB6000049FFF1
:10046000FFFFFFFFFFFFFFFFFF240024DBFFFFFF75
:10047000FFFFFFFFDB240049FFFFFFFFFFFFFFFF40
:10048000DB000024DBFFFFFFFFFFFFFFFFFF490052
:1004900000B6FFFFFFFFFFFFFFFFFFB6000049FFB1
:1004A000FFFFFFFFFFFFFFFFFF240024DBFFFFFF35
:1004B000FFFFFFFFDB240049FFFFFFFFFFFFFFFF00
:1004C000DB000024DBFFFFFFFFFFFFFFFFFF490012
:1004D00000B6FFFFFFFFFFFFFFFFFFB6000049FF71
:1004E000FFFFFFFFFFFFFFFFFF240024DBFFFFFFF5
:1004F000FFFFFFFFDB240049FFFFFFFFFFFFFFFFC0
:10050000DB000024DBFFFFFFFFFFFFFFFFFF4900D1
:1005100000B6FFFFFFFFFFFFFFFFFFB6000049FF30
:10052000FFFFFFFFFFFFFFFFFF240024DBFFFFFFB4
:10053000FFFFFFFFDB240049FFFFFFFFFFFFFFFF7F
:10054000DB000024DBFFFFFFFFFFFFFFFFFF490091
:1005500000B6FFFFFFFFFFFFFFFFFFB6000049FFF0
:10056000FFFFFFFFFFFFFFFFFF240024DBFFFFFF74
:10057000FFFFFFFFDB240049FFFFFFFFFFFFFFFF3F
:10058000DB000024DBFFFFFFFFFFFFFFFFFF490051
:1005900000B6FFFFFFFFFFFFFFFFFFB6000049FFB0
:1005A000FFFFFFFFFFFFFFFFFF240024DBFFFFFF34
:1005B000FFFFFFFFDB240049FFFFFFFFFFFFFFFFFF
:1005C000DB240024DBFFFFFFFFFFFFFFFFFF4900ED
:1005D00000B6FFFFFFFFFFFFFFFFFFB6000049FF70
:1005E000FFFFFFFFFFFFFFFFFF240024DBFFFFFFF4
:1005F000FFFFFFFFDB240049FFFFFFFFFFFFFFFFBF
:10060000DB492449FFFFFFFFFFFFFFFFFFFF49001A
:1006100000B6FFFFFFFFFFFFFFFFFFB6000049FF2F
:10062000FFFFFFFFFFFFFFFFFF240024DBFFFFFFB3
:10063000FFFFFFFFDB240049FFFFFFFFFFFFDBDBC6
:10064000B6242449B6DBDBFFFFFFFFFFFFFF4900B5
:1006500000B6FFFFFFFFFFFFFFFFFFB6000049FFEF
:10066000FFFFFFFFFFFFFFFFFF240024DBFFFFFF73
:10067000FFFFFFFFDB240049FFFFFFFFFFDB926D61
:1006800024000000496D92DBFFFFFFFFFFFF4900E0
:1006900000B6FFFFFFFFFFFFFFFFFFB6000049FFAF
:1006A000FFFFFFFFFFFFFFFFFF240024DBFFFFFF33
:1006B000FFFFFFFFDB240049FFFFFFFFB66D49246A
:1006C000000000000024496DB6FFFFFFFFFF490056
:1006D00000B6FFFFFFFFFFFFFFFFFFB6000049FF6F
:1006E000FFFFFFFFFFFFFFFFFF240024DBFFFFFFF3
:1006F000FFFFFFFFDB240049FFFFFFB649000000BA
:1007000000000000000000006DB6FFFFFFFF490081
:1007100000B6FFFFFFFFFFFFFFFFFFB6000049FF2E
:10072000FFFFFFFFFFFFFFFFFF240024DBFFFFFFB2
:10073000FFFFFFFFDB240049FFFFB649000024490B
:10074000929292926D492400246DB6FFFFFF4900FA
:1007500000B6FFFFFFFFFFFFFFFFFFB6000049FFEE
:10076000FFFFFFFFFFFFFFFFFF240024DBFFFFFF72
:10077000FFFFFFFFDB240049FFDB6D0000246DB6A7
:10078000DBDBDBDBDB924924002492DBFFFF49004B
:1007900000B6FFFFFFFFFFFFFFFFFFB6000049FFAE
:1007A000FFFFFFFFFFFFFFFFFF240024DBFFFFFF32
:1007B000FFFFFFFFDB240049FF9224002492DBFFB0
:1007C000DB6D496DDBFFDB6D240024B6FFFF4900C4
:1007D00000B6FFFFFFFFFFFFFFFFFFB6000049FF6E
:1007E000FFFFFFFFFFFFFFFFFF240024DBFFFFFFF2
:1007F000FFFFFFFFDB240049DB4900006DDBFFFF4B
:10080000B624246DFFFFFFB64900006DDBFF6D00CD
:1008100000B6FFFFFFFFFFFFFFFFFFB624006DFFE5
:10082000FFFFFFFFFFFFFFFFFF490024DBFFFFFF8C
:10083000FFFFFFFFFF24004992240024B6FFFFB60C
:100840006D000049FFFFFFFF92240049B6FF92248C
:1008500049B6FFFFFFFFFFFFFFFFFFB6492492FFEE
:10086000FFFFFFFFFFFFFFFFFF6D2449DBFFFFFFDF
:10087000FFFFFFFFFF6D246D6D00006DDBFFFF923A
:1008800024004992FFFFFFFFB66D00246DFFDBB629
:10089000B6DBFFFFFFFFFFFFFFFFFFDBB692DBFFD3
:1008A000FFFFFFFFFFFFFFFFFFB6B6B6FFFFFFFF33
:1008B000FFFFFFFFFFB6B6B6490024B6FFFFB649FB
:1008C00000006DDBFFFFFFFFDB92000049FFFFFF31
:1008D000FFFFFFFFFFFFFFFFFFFFFFFFFFFFFFFF28
:1008E000FFFFFFFFFFFFFFFFFFFFFFFFFFFFFFFF18
:1008F000FFFFFFFFFFFFFFFF490024DBFFDB6D244D
:10090000002492FFFFFFFFFFFFB6000049FFFFFF3B
:10091000FFFFFFFFFFFFFFFFFFFFFFFFFFFFFFFFE7
:10092000FFFFFFFFFFFFFFFFFFFFFFFFFFFFFFFFD7
:10093000FFFFFFFFFFFFFFFF490024DBFFDB490054
:10094000002492DBFFFFFFFFFFB6000049FFFFFF1F
:10095000FFFFFFFFFFFFFFFFFFFFFFFFFFFFFFFFA7
:10096000FFFFFFFFFFFFFFFFFFFFFFFFFFFFFFFF97
:10097000FFFFFFFFFFFFFFFF490024DBFFDB490014
:100980000000246DB6DBFFFFFFB6000049FFFFFF4C
:10099000FFFFFFFFFFFFFFFFFFFFFFFFFFFFFFFF67
:1009A000FFFFFFFFFFFFFFFFFFFFFFFFFFFFFFFF57
:1009B000FFFFFFFFFFFFFFFF490024DBFFFF926DFA
:1009C000240000244992B6FFFFB6000049FFFFFF54
:1009D000FFFFFFFFFFFFFFFFFFFFFFFFFFFFFFFF27
:1009E000FFFFFFFFFFFFFFFFFFFFFFFFFFFFFFFF17
:1009F000FFFFFFFFFFFFFFFF49002492FFFFFFDB28
:100A00009224000000246DFFDB9200006DFFFFFFC9
:100A1000FFFFFFFFFFFFFFFFFFFFFFFFFFFFFFFFE6
:100A2000FFFFFFFFFFFFFFFFFFFFFFFFFFFFFFFFD6
:100A3000FFFFFFFFFFFFFFFF6D24006DDBFFFFFFE8
:100A4000DBB66D4900246DFFB649002492FFFFFF1D
:100A5000FFFFFFFFFFFFFFFFFFFFFFFFFFFFFFFFA6
:100A6000FFFFFFFFFFFFFFFFFFFFFFFFFFFFFFFF96
:100A7000FFFFFFFFFFFFFFFFB649002492FFFFFFCC
:100A8000FFFFDB9249496DDB92240049B6FFFFFF6F
:100A9000FFFFFFFFFFFFFFFFFFFFFFFFFFFFFFFF66
:100AA000FFFFFFFFFFFFFFFFFFFFFFFFFFFFFFFF56
:100AB000FFFFFFFFFFFFFFFFDB6D000049B6FFFFF9
:100AC000FFFFFFFFDBDBDBB649000092DBFFFFFF30
:100AD000FFFFFFFFFFFFFFFFFFFFFFFFFFFFFFFF26
:100AE000FFFFFFFFFFFFFFFFFFFFFFFFFFFFFFFF16
:100AF000FFFFFFFFFFFFFFFFFF922400246DB6DB27
:100B0000FFFFFFFFFFDBB66D240049B6FFFFFFFFCD
:100B1000FFFFFFFFFFFFFFFFFFFFFFFFFFFFFFFFE5
:100B2000FFFFFFFFFFFFFFFFFFFFFFFFFFFFFFFFD5
:100B3000FFFFFFFFFFFFFFFFFFDB6D00000049929B
:100B4000DBFFFFFFDB924900002492DBFFFFFFFF8A
:100B5000FFFFFFFFFFFFFFFFFFFFFFFFFFFFFFFFA5
:100B6000FFFFFFFFFFFFFFFFFFFFFFFFFFFFFFFF95
:100B7000FFFFFFFFFFFFFFFFFFFFB66D24002449CB
:100B80006D6D6D6D6D490000246DDBFFFFFFFFFF94
:100B9000FFFFFFFFFFFFFFFFFFFFFFFFFFFFFFFF65
:100BA000FFFFFFFFFFFFFFFFFFFFFFFFFFFFFFFF55
:100BB000FFFFFFFFFFFFFFFFFFFFFFB66D240000F9
:100BC00000000000000000246DDBFFFFFFFFFFFFBF
:100BD000FFFFFFFFFFFFFFFFFFFFFFFFFFFFFFFF25
:100BE000FFFFFFFFFFFFFFFFFFFFFFFFFFFFFFFF15
:100BF000FFFFFFFFFFFFFFFFFFFFFFFFB69249244C
:100C00000000000000244992DBFFFFFFFFFFFFFF11
:100C1000FFFFFFFFFFFFFFFFFFFFFFFFFFFFFFFFE4
:100C2000FFFFFFFFFFFFFFFFFFFFFFFFFFFFFFFFD4
:100C3000FFFFFFFFFFFFFFFFFFFFFFFFFFDBB66DC3
:100C400049492449496DB6FFFFFFFFFFFFFFFFFF42
:100C5000FFFFFFFFFFFFFFFFFFFFFFFFFFFFFFFFA4
:100C6000FFFFFFFFFFFFFFFFFFFFFFFFFFFFFFFF94
:100C7000FFFFFFFFFFFFFFFFFFFFFFFFFFFFFFFF84
:100C8000FFB69249B6FFFFFFFFFFFFFFFFFFFFFF29
:100C9000FFB69224000000000000000000000000E9
:100CA0000000000000000000000000000000000044
:100CB00000242449B6FFFFFFFFFFFFFFFFFFFFFFF8
:100CC000B624000024B6FFFFFFFFFFFFFFFFFFFF7A
:100CD000FF6D240000000000000000000000000084
:100CE0000000000000000000000000000000000004
:100CF00000000000246DB6FFFFFFFFFFFFFFFFB6FF
:100D000024000000002449FFFFFFFFFFFFFFFFFF5B
:100D1000FFDBB6494949494949494949494949498E
:100D20004949494949494949494949494949494933
:100D300049494924000024DBFFFFFFFFFFFFB624E1
:100D40000000000000000049FFFFFFFFFFFFFFFF62
:100D5000FFFFFFFFFFFFFFFFFFFFFFFFFFFFFFFFA3
:100D6000FFFFFFFFFFFFFFFFFFFFFFFFFFFFFFFF93
:100D7000FFFFFFDB24000092FFFFFFFFFF4924007D
:100D8000242400002424000049FFFFFFFFFFFFFF91
:100D9000FFFFFFFFFFFFFFFFFFFFFFFFFFFFFFFF63
:100DA000FFFFFFFFFFFFFFFFFFFFFFFFFFFFFFFF53
:100DB000FFFFFFFF92000024FFFFFFFF490000003C
:100DC000924900004992490000496DFFFFFFFFFF73
:100DD000FFFFFFFFFFFFFFFFFFFFFFFFFFFFFFFF23
:100DE000FFFFFFFFFFFFFFFFFFFFFFFFFFFFFFFF13
:100DF000FFFFFFFFDB000000FFFFDB490000249244
:100E0000FF49000049FFFF4900000092FFFFFFFF7C
:100E1000FFFFFFFFFFFFFFFFFFFFFFFFFFFFFFFFE2
:100E2000FFFFFFFFFFFFFFFFFFFFFFFFFFFFFFFFD2
:100E3000FFFFFFFFDB000000FF6D4900004992FF4C
:100E4000FF49000049FFFFFF490000006DFFFFFF61
:100E5000FFFFFFFFFFFFFFFFFFFFFFFFFFFFFFFFA2
:100E6000FFFFFFFFFFFFFFFFFFFFFFFFFFFFFFFF92
:100E7000FFFFFFFFDB0000009200000049FFFFFFC3
:100E8000FF49000049FFFFFFFF4924000092DBFFFC
:100E9000FFFFFFFFFFFFFFFFFFFFFFFFFFFFFFFF62
:100EA000FFFFFFFFFFFFFFFFFFFFFFFFFFFFFFFF52
:100EB000FFFFFFFFDB00000024000049FFFFFFFFF2
:100EC000FF49000049FFFFFFFFFFDB2400246DFF07
:100ED000FFFFFFFFFFFFFFFFFFFFFFFFFFFFFFFF22
:100EE000FFFFFFFFFFFFFFFFFFFFFFFFFFFFFFFF12
:100EF000FFFFFFFFDB00000092496DFFFFFFFFFFD8
:100F0000FF49000049FFFFFFFFFFFFDB4992DBFFC6
:100F1000FFFFFFFFFFFFFFFFFFFFFFFFFFFFFFFFE1
:100F2000FFFFFFFFFFFFFFFFFFFFFFFFFFFFFFFFD1
:100F3000FFFFFFFFDB000000FFFFFFFFFFFFFFFFE2
:100F4000FF49000049FFFFFFFFFFFFFFFFFFFFFF1B
:100F5000FFFFFFFFFFFFFFFFFFFFFFFFFFFFFFFFA1
:100F6000FFFFFFFFFFFFFFFFFFFFFFFFFFFFFFFF91
:100F7000FFFFFFFFDB000000FFFFFFFFFFFFFFFFA2
:100F8000FF49000049FFFFFFFFFFFFFFFFFFFFFFDB
:100F9000FFFFFFFFFFFFFFFFFFFFFFFFFFFFFFFF61
:100FA000FFFFFFFFFFFFFFFFFFFFFFFFFFFFFFFF51
:100FB000FFFFFFFFDB000000FFFFFFFFFFFFFFFF62
:100FC000FF49000049FFFFFFFFFFFFFFFFFFFFFF9B
:100FD000FFFFFFFFFFFFFFFFFFFFFFFFFFFFFFFF21
:100FE000FFFFFFFFFFFFFFFFFFFFFFFFFFFFFFFF11
:100FF000FFFFFFFFDB000000FFFFFFFFFFFFFFFF22
:10100000FF49000049FFFFFFFFFFFFFFFFFFFFFF5A
:10101000FFFFFFFFFFFFFFFFFFFFFFFFFFFFFFFFE0
:10102000FFFFFFFFFFFFFFFFFFFFFFFFFFFFFFFFD0
:10103000FFFFFFFFDB000000FFFFFFFFFFFFFFFFE1
:10104000FF49000049FFFFFFFFFFFFFFFFFFFFFF1A
:10105000FFFFFFFFFFFFFFFFFFFFFFFFFFFFFFFFA0
:10106000FFFFFFFFFFFFFFFFFFFFFFFFFFFFFFFF90
:10107000FFFFFFFFDB000000FFFFFFFFFFFFFFFFA1
:10108000FF49000049FFFFFFFFFFFFFFFFFFFFFFDA
:10109000FFFFFFFFFFFFFFFFFFFFFFFFFFFFFFFF60
:1010A000FFFFFFFFFFFFFFFFFFFFFFFFFFFFFFFF50
:1010B000FFFFFFFFDB000000FFFFFFFFFFFFFFFF61
:1010C000FF49000049FFFFFFFFFFFFFFFFFFFFFF9A
:1010D000FFFFFFFFFFFFFFFFFFFFFFFFFFFFFFFF20
:1010E000FFFFFFFFFFFFFFFFFFFFFFFFFFFFFFFF10
:1010F000FFFFFFFFDB000000FFFFFFFFFFFFFFFF21
:10110000FF49000049FFFFFFFFFFFFFFFFFFFFFF59
:10111000FFFFFFFFFFFFFFFFFFFFFFFFFFFFFFFFDF
:10112000FFFFFFFFFFFFFFFFFFFFFFFFFFFFFFFFCF
:10113000FFFFFFFFDB000000FFFFFFFFFFFFFFFFE0
:10114000FF49000049FFFFFFFFFFFFFFFFFFFFFF19
:10115000FFFFFFFFFFFFFFFFFFFFFFFFFFFFFFFF9F
:10116000FFFFFFFFFFFFFFFFFFFFFFFFFFFFFFFF8F
:10117000FFFFFFFFDB000000FFFFFFFFFFFFFFFFA0
:10118000FF49000049FFFFFFFFFFFFFFFFFFFFFFD9
:10119000FFFFFFFFFFFFFFFFFFFFFFFFFFFFFFFF5F
:1011A000FFFFFFFFFFFFFFFFFFFFFFFFFFFFFFFF4F
:1011B000FFFFFFFFDB000000FFFFFFFFFFFFFFFF60
:1011C000FF49000049FFFFFFFFFFFFFFFFFFFFFF99
:1011D000FFFFFFFFFFFFFFFFFFFFFFFFFFFFFFFF1F
:1011E000FFFFFFFFFFFFFFFFFFFFFFFFFFFFFFFF0F
:1011F000FFFFFFFFDB000000FFFFFFFFFFFFFFFF20
:10120000FF49000049FFFFFFFFFFFFFFFFFFFFFF58
:10121000FFFFFFFFFFFFFFFFFFFFFFFFFFFFFFFFDE
:10122000FFFFFFFFFFFFFFFFFFFFFFFFFFFFFFFFCE
:10123000FFFFFFFFDB000000FFFFFFFFFFFFFFFFDF
:10124000FF49000049FFFFFFFFFFFFFFFFFFFFFF18
:10125000FFFFFFFFFFFFFFFFFFFFFFFFFFFFFFFF9E
:10126000FFFFFFFFFFFFFFFFFFFFFFFFFFFFFFFF8E
:10127000FFFFFFFFDB000000FFFFFFFFFFFFFFFF9F
:10128000FF49000049FFFFFFFFFFFFFFFFFFFFFFD8
:10129000FFFFFFFFFFFFFFFFFFFFFFFFFFFFFFFF5E
:1012A000FFFFFFFFFFFFFFFFFFFFFFFFFFFFFFFF4E
:1012B000FFFFFFFFDB000000FFFFFFFFFFFFFFFF5F
:1012C000FF49000049FFFFFFFFFFFFFFFFFFFFFF98
:1012D000FFFFFFFFFFFFFFFFFFFFFFFFFFFFFFFF1E
:1012E000FFFFFFFFFFFFFFFFFFFFFFFFFFFFFFFF0E
:1012F000FFFFFFFFDB000000FFFFFFFFFFFFFFFF1F
:10130000FF49000049FFFFFFFFFFFFFFFFFFFFFF57
:10131000FFFFFFFFFFFFFFFFFFFFFFFFFFFFFFFFDD
:10132000FFFFFFFFFFFFFFFFFFFFFFFFFFFFFFFFCD
:10133000FFFFFFFFDB000000FFFFFFFFFFFFFFFFDE
:10134000FF49000049FFFFFFFFFFFFFFFFFFFFFF17
:10135000FFFFFFFFFFFFFFFFFFFFFFFFFFFFFFFF9D
:10136000FFFFFFFFFFFFFFFFFFFFFFFFFFFFFFFF8D
:10137000FFFFFFFFDB000000FFFFFFFFFFFFFFFF9E
:10138000FF49000049FFFFFFFFFFFFFFFFFFFFFFD7
:10139000FFFFFFFFFFFFFFFFFFFFFFFFFFFFFFFF5D
:1013A000FFFFFFFFFFFFFFFFFFFFFFFFFFFFFFFF4D
:1013B000FFFFFFFFDB000000FFFFFFFFFFFFFFFF5E
:1013C000FF49000049FFFFFFFFFFFFFFFFFFFFFF97
:1013D000FFFFFFFFFFFFFFFFFFFFFFFFFFFFFFFF1D
:1013E000FFFFFFFFFFFFFFFFFFFFFFFFFFFFFFFF0D
:1013F000FFFFFFFFDB000000FFFFFFFFFFFFFFFF1E
:10140000FF49000049FFFFFFFFFFFFFFFFFFFFFF56
:10141000FFFFFFFFFFFFFFFFFFFFFFFFFFFFFFFFDC
:10142000FFFFFFFFFFFFFFFFFFFFFFFFFFFFFFFFCC
:10143000FFFFFFFFDB000000FFFFFFFFFFFFFFFFDD
:10144000FF49000049FFFFFFFFFFFFFFFFFFFFFF16
:10145000FFFFFFFFFFFFFFFFFFFFFFFFFFFFFFFF9C
:10146000FFFFFFFFFFFFFFFFFFFFFFFFFFFFFFFF8C
:10147000FFFFFFFFDB000000FFFFFFFFFFFFFFFF9D
:10148000FF49000049FFFFFFFFFFFFFFFFFFFFFFD6
:10149000FFFFFFFFFFFFFFFFFFFFFFFFFFFFFFFF5C
:1014A000FFFFFFFFFFFFFFFFFFFFFFFFFFFFFFFF4C
:1014B000FFFFFFFFDB000000FFFFFFFFFFFFFFFF5D
:1014C000FF49000049FFFFFFFFFFFFFFFFFFFFFF96
:1014D000FFFFFFFFFFFFFFFFFFFFFFFFFFFFFFFF1C
:1014E000FFFFFFFFFFFFFFFFFFFFFFFFFFFFFFFF0C
:1014F000FFFFFFFFDB000000FFFFFFFFFFFFFFFF1D
:10150000FF49000049FFFFFFFFFFFFFFFFFFFFFF55
:10151000FFFFFFFFFFFFFFFFFFFFFFFFFFFFFFFFDB
:10152000FFFFFFFFFFFFFFFFFFFFFFFFFFFFFFFFCB
:10153000FFFFFFFFDB000000FFFFFFFFFFFFFFFFDC
:10154000FF49000049FFFFFFFFFFFFFFFFFFFFFF15
:10155000FFFFFFFFFFFFFFFFFFFFFFFFFFFFFFFF9B
:10156000FFFFFFFFFFFFFFFFFFFFFFFFFFFFFFFF8B
:10157000FFFFFFFFDB000000FFFFFFFFFFFFFFFF9C
:10158000FF49000049FFFFFFFFFFFFFFFFFFFFFFD5
:10159000FFFFFFFFFFFFFFFFFFFFFFFFFFFFFFFF5B
:1015A000FFFFFFFFFFFFFFFFFFFFFFFFFFFFFFFF4B
:1015B000FFFFFFFFDB000000FFFFFFFFFFFFFFFF5C
:1015C000FF49000049FFFFFFFFFFFFFFFFFFFFFF95
:1015D000FFFFFFFFFFFFFFFFFFFFFFFFFFFFFFFF1B
:1015E000FFFFFFFFFFFFFFFFFFFFFFFFFFFFFFFF0B
:1015F000FFFFFFFFDB000000FFFFFFFFFFFFFFFF1C
:10160000FF49000049FFFFFFFFFFFFFFFFFFFFFF54
:10161000FFFFFFFFFFFFFFFFFFFFFFFFFFFFFFFFDA
:10162000FFFFFFFFFFFFFFFFFFFFFFFFFFFFFFFFCA
:10163000FFFFFFFFDB000000FFFFFFFFFFFFFFFFDB
:10164000FF49000049FFFFFFFFFFFFFFFFFFFFFF14
:10165000FFFFFFFFFFFFFFFFFFFFFFFFFFFFFFFF9A
:10166000FFFFFFFFFFFFFFFFFFFFFFFFFFFFFFFF8A
:10167000FFFFFFFFDB000000FFFFFFFFFFFFFFFF9B
:10168000FF49000049FFFFFFFFFFFFFFFFFFFFFFD4
:10169000FFFFFFFFFFFFFFFFFFFFFFFFFFFFFFFF5A
:1016A000FFFFFFFFFFFFFFFFFFFFFFFFFFFFFFFF4A
:1016B000FFFFFFFFDB000000FFFFFFFFFFFFFFFF5B
:1016C000FF49000049FFFFFFFFFFFFFFFFFFFFFF94
:1016D000FFFFFFFFFFFFFFFFFFFFFFFFFFFFFFFF1A
:1016E000FFFFFFFFFFFFFFFFFFFFFFFFFFFFFFFF0A
:1016F000FFFFFFFFDB000000FFFFFFFFFFFFFFFF1B
:10170000FF49000049FFFFFFFFFFFFFFFFFFFFFF53
:10171000FFFFFFFFFFFFFFFFFFFFFFFFFFFFFFFFD9
:10172000FFFFFFFFFFFFFFFFFFFFFFFFFFFFFFFFC9
:10173000FFFFFFFFDB000000FFFFFFFFFFFFFFFFDA
:10174000FF49000049FFFFFFFFFFFFFFFFFFFFFF13
:10175000FFFFFFFFFFFFFFFFFFFFFFFFFFFFFFFF99
:10176000FFFFFFFFFFFFFFFFFFFFFFFFFFFFFFFF89
:10177000FFFFFFFFDB000000FFFFFFFFFFFFFFFF9A
:10178000FF49000049FFFFFFFFFFFFFFFFFFFFFFD3
:10179000FFFFFFFFFFFFFFFFFFFFFFFFFFFFFFFF59
:1017A000FFFFFFFFFFFFFFFFFFFFFFFFFFFFFFFF49
:1017B000FFFFFFFFDB000000FFFFFFFFFFFFFFFF5A
:1017C000FF49000049FFFFFFFFFFFFFFFFFFFFFF93
:1017D000FFFFFFFFFFFFFFFFFFFFFFFFFFFFFFFF19
:1017E000FFFFFFFFFFFFFFFFFFFFFFFFFFFFFFFF09
:1017F000FFFFFFFFDB000000FFFFFFFFFFFFFFFF1A
:10180000FF49000049FFFFFFFFFFFFFFFFFFFFFF52
:10181000FFFFFFFFFFFFFFFFFFFFFFFFFFFFFFFFD8
:10182000FFFFFFFFFFFFFFFFFFFFFFFFFFFFFFFFC8
:10183000FFFFFFFFDB000000FFFFFFFFFFFFFFFFD9
:10184000FF49000049FFFFFFFFFFFFFFFFFFFFFF12
:10185000FFFFFFFFFFFFFFFFFFFFFFFFFFFFFFFF98
:10186000FFFFFFFFFFFFFFFFFFFFFFFFFFFFFFFF88
:10187000FFFFFFFFDB000000FFFFFFFFFFFFFFFF99
:10188000FF49000049FFFFFFFFFFFFFFFFFFFFFFD2
:10189000FFFFFFFFFFFFFFFFFFFFFFFFFFFFFFFF58
:1018A000FFFFFFFFFFFFFFFFFFFFFFFFFFFFFFFF48
:1018B000FFFFFFFFDB000000FFFFFFFFFFFFFFFF59
:1018C000FF49000049FFFFFFFFFFFFFFFFFFFFFF92
:1018D000FFFFFFFFFFFFFFFFFFFFFFFFFFFFFFFF18
:1018E000FFFFFFFFFFFFFFFFFFFFFFFFFFFFFFFF08
:1018F000FFFFFFFFDB000000FFFFFFFFFFFFFFFF19
:10190000FF49000049FFFFFFFFFFFFFFFFFFFFFF51
:10191000FFFFFFFFFFFFFFFFFFFFFFFFFFFFFFFFD7
:10192000FFFFFFFFFFFFFFFFFFFFFFFFFFFFFFFFC7
:10193000FFFFFFFFDB000000FFFFFFFFFFFFFFFFD8
:10194000FF49000049FFFFFFFFFFFFFFFFFFFFFF11
:10195000FFFFFFFFFFFFFFFFFFFFFFFFFFFFFFFF97
:10196000FFFFFFFFFFFFFFFFFFFFFFFFFFFFFFFF87
:10197000FFFFFFFFDB000000FFFFFFFFFFFFFFFF98
:10198000FF49000049FFFFFFFFFFFFFFFFFFFFFFD1
:10199000FFFFFFFFFFFFFFFFFFFFFFFFFFFFFFFF57
:1019A000FFFFFFFFFFFFFFFFFFFFFFFFFFFFFFFF47
:1019B000FFFFFFFFDB000000FFFFFFFFFFFFFFFF58
:1019C000FF49000049FFFFFFFFFFFFFFFFFFFFFF91
:1019D000FFFFFFFFFFFFFFFFFFFFFFFFFFFFFFFF17
:1019E000FFFFFFFFFFFFFFFFFFFFFFFFFFFFFFFF07
:1019F000FFFFFFFFDB000000FFFFFFFFFFFFFFFF18
:101A0000FF49000049FFFFFFFFFFFFFFFFFFFFFF50
:101A1000FFFFFFFFFFFFFFFFFFFFFFFFFFFFFFFFD6
:101A2000FFFFFFFFFFFFFFFFFFFFFFFFFFFFFFFFC6
:101A3000FFFFFFFFDB000000FFFFFFFFFFFFFFFFD7
:101A4000FF49000049FFFFFFFFFFFFFFFFFFFFFF10
:101A5000FFFFFFFFFFFFFFFFFFFFFFFFFFFFFFFF96
:101A6000FFFFFFFFFFFFFFFFFFFFFFFFFFFFFFFF86
:101A7000FFFFFFFFDB000000FFFFFFFFFFFFFFFF97
:101A8000FF49000049FFFFFFFFFFFFFFFFFFFFFFD0
:101A9000FFFFFFFFFFFFFFFFFFFFFFFFFFFFFFFF56
:101AA000FFFFFFFFFFFFFFFFFFFFFFFFFFFFFFFF46
:101AB000FFFFFFFFDB000000FFFFFFFFFFFFFFFF57
:101AC000FF49000049FFFFFFFFFFFFFFFFFFFFFF90
:101AD000FFFFFFFFFFFFFFFFFFFFFFFFFFFFFFFF16
:101AE000FFFFFFFFFFFFFFFFFFFFFFFFFFFFFFFF06
:101AF000FFFFFFFFDB000000FFFFFFFFFFFFFFFF17
:101B0000FF49000049FFFFFFFFFFFFFFFFFFFFFF4F
:101B1000FFFFFFFFFFFFFFFFFFFFFFFFFFFFFFFFD5
:101B2000FFFFFFFFFFFFFFFFFFFFFFFFFFFFFFFFC5
:101B3000FFFFFFFFDB000000FFFFFFFFFFFFFFFFD6
:101B4000FF6D240049FFFFFFFFFFFFFFFFFFFFFFC7
:101B5000FFFFFFFFFFFFFFFFFFFFFFFFFFFFFFFF95
:101B6000FFFFFFFFFFFFFFFFFFFFFFFFFFFFFFFF85
:101B7000FFFFFFFF92000024FFFFFFFFFFFFFFFFBB
:101B8000FFB66D002492DBFFFFFFFFFFFFFFFFFFAB
:101B9000FFFFFFFFFFFFFFFFFFFFFFFFFFFFFFFF55
:101BA000FFFFFFFFFFFFFFFFFFFFFFFFFFFFFFFF45
:101BB000FFFFFFDB2400006DFFFFFFFFFFFFFFFFC4
:101BC000FFFFDB240024244949494949494949493F
:101BD0004949494949494949494949494949494975
:101BE0004949494949494949494949494949494965
:101BF00049494924000024DBFFFFFFFFFFFFFFFFEF
:101C0000FFFFFFB6240000000000000000000000FD
:101C100000000000000000000000000000000000C4
:101C200000000000000000000000000000000000B4
:101C300000000000246DB6FFFFFFFFFFFFFFFFFF66
:101C4000FFFFFFFFDB6D49240000000000000000E3
:101C50000000000000000000000000000000000084
:101C60000000000000000000000000000000000074
:101C700000002449B6FFFFFF04050607080302021F
:101C8000020100C1814001C0804101C0804100C10A
:101C9000814001C0804100C1814000C1814001C03C
:101CA000804101C0804100C1814000C1814001C02C
:101CB000804100C1814001C0804101C0804100C11C
:101CC000814001C0804100C1814000C1814001C00C
:101CD000804100C1814001C0804101C0804100C1FC
:101CE000814000C1814001C0804101C0804100C1EC
:101CF000814001C0804100C1814000C1814001C0DC
:101D0000804101C0804100C1814000C1814001C0CB
:101D1000804100C1814001C0804101C0804100C1BB
:101D2000814000C1814001C0804101C0804100C1AB
:101D3000814001C0804100C1814000C1814001C09B
:101D4000804100C1814001C0804101C0804100C18B
:101D5000814001C0804100C1814000C1814001C07B
:101D6000804101C0804100C1814000C1814001C06B
:101D7000804100C1814001C0804101C0804100C15B
:101D8000814000C0C101C30302C2C60607C705C522
:101D9000C404CC0C0DCD0FCFCE0E0ACACB0BC90993
:101DA00008C8D81819D91BDBDA1A1EDEDF1FDD1DA3
:101DB0001CDC14D4D515D71716D6D21213D311D1D3
:101DC000D010F03031F133F3F23236F6F737F53523
:101DD00034F43CFCFD3DFF3F3EFEFA3A3BFB39F953
:101DE000F83828E8E929EB2B2AEAEE2E2FEF2DED23
:101DF000EC2CE42425E527E7E62622E2E323E12193
:101E000020E0A06061A163A3A26266A6A767A565A2
:101E100064A46CACAD6DAF6F6EAEAA6A6BAB69A912
:101E2000A86878B8B979BB7B7ABABE7E7FBF7DBD22
:101E3000BC7CB47475B577B7B67672B2B373B17152
:101E400070B0509091519353529296565797559522
:101E500094549C5C5D9D5F9F9E5E5A9A9B5B9959D2
:101E60005898884849894B8B8A4A4E8E8F4F8D4DA2
:101E70004C8C448485458747468682424383418112
:101E80008040F76313130101030000000102030403
:101E90000607080902040608020C0810BC1E030805
:101EA000000000206C010000A0010008141F0308BE
:101EB0006C010020F4520000D24E00089112A023C1
:101EC00003142008C314A010040C63400BDBDE20B5
:101ED000FD45A19F9919FE4BDBDE026BFFFF0AC98E
:101EE000020A1DFF010B1C1084020B1CE0074011AD
:101EF0000A1C0440110A1DF8400A1D8040013D2AB9
:101F0000010101107CC2EB0B200008000203040653
:041F100007080900B5
:0400000508000141AD
:00000001FF
